game_id,end,shot_num,team,remaining,has_hammer,phase_shot,phase_r,n_stones,n_stones_bin,n_my,n_op,n_my_house,n_op_house,n_house,house_diff,n_my_guard,n_op_guard,n_guard,n_center_guard,center_lane_blocked,n_front_house,n_back_house,n_within_0.61,n_within_1.22,d_no1,no1_mine,d_no2,no1_no2_gap,counting_my,counting_op,score_now,min_pair_dist,mean_nn_dist,x_spread,y_spread,house_mean_nn_dist,house_density,n_cand,q_star,q_2nd,q_gap12,q_median,q_mean,q_min,q_range,q_iqr,q_star_minus_median,n_near_best_025,n_near_best_050,frac_near_best_050,q_sd_mean,q_sd_median,q_sd_best,best_type,n_types,frac_hit,frac_draw,frac_guard,best_type_margin,n_types_near_best_050,best_type_is_hit,best_hist_entropy,best_p_negative,best_p_ge2,qadj_star_l0.5,qadj_best_same_as_q_best_l0.5,qadj_best_type_l0.5,lookahead_gain_best,lookahead_gain_mean,n_cand_ct,K_clusters,n_reps,largest_frac,n_singleton,singleton_frac,size_entropy_norm,mean_cluster_size,type_purity,eta2_q,within_sd_q,between_range_q,best_is_rep,best_cluster_selected,best_cluster_size,rep_q_max,screen_loss,true_top_cluster_selected,rho_cand,rho_cluster,rho_gain,cluster_sd_mean,best_cluster_rank,rho_cluster_risk_l0.5,rho_cand_risk_l0.5,topk_overlap_l0.5,n_seeds_ct,rho_gain_sd,regret_A1,regret_A1_sd,n_seeds_A1,regret_adj_A1,regret_adj_A1_sd,regret_A9P5,regret_A9P5_sd,n_seeds_A9P5,regret_adj_A9P5,regret_adj_A9P5_sd,regret_A9P5N,regret_A9P5N_sd,n_seeds_A9P5N,regret_adj_A9P5N,regret_adj_A9P5N_sd,d_A9P5_A1,d_A9P5N_A1,d_A9P5N_A9P5,dadj_A9P5_A1,dadj_A9P5N_A1,dadj_A9P5N_A9P5
7977,6,14,0,2,0,late,late_r2-4,14,13-16,7,7,7,7,14,0,0,0,0,0,1,7,7,6,12,0.01418547287785671,0,0.29505560837916645,0.28087013550130974,0,4,-4,0.3036838640352964,0.44159459370705456,0.43508556669292114,0.7336336828849028,0.44159459370705456,1.143625594371477,145,-1.635,-1.79,0.15500000000000003,-3.26,-3.15203448275862,-3.92,2.285,0.625,1.6249999999999998,2,6,0.041379310344827586,1.278533144827586,1.27858,1.47369,Hit,6,0.38620689655172413,0.27586206896551724,0.3310344827586207,0.615,1,1,2.2468739688063124,0.855,0.005,-2.371845,1,Hit,,,145.0,29.0,4.0,0.3724137931034483,12.0,0.4137931034482759,0.6514810822890371,5.0,0.6344827586206897,0.7527032998271416,0.22978535432956898,2.2075,0.4,0.8,2.0,-1.784,0.14899999999999997,0.8,0.5421673147615527,0.6988634397593035,0.1566961249977509,1.3085316128817552,3.2,0.7266240704430922,0.5241491586883912,0.85,5,0.10582415243036469,1.6,0.0,5,1.57375,0.0,1.495,0.44770246816384657,5,1.4620999999999997,0.43519496205723684,0.337,0.37182993424413807,5,0.37142200000000003,0.42932611678944016,-0.10499999999999998,-1.2630000000000001,-1.1580000000000001,-0.11165000000000025,-1.202328,-1.0906779999999996
3926,6,11,1,5,1,mid,mid_r5-8,11,9-12,5,6,5,6,11,-1,0,0,0,0,1,7,4,4,11,0.009360052610127588,0,0.301312957505979,0.2919529048958514,0,1,-1,0.3062448411572414,0.4286427965624183,0.4315171582871523,0.5183962706158578,0.4286427965624183,0.8985629670061606,123,0.425,0.38,0.044999999999999984,-0.955,-0.8897560975609756,-1.81,2.235,0.25250000000000006,1.38,6,8,0.06504065040650407,1.647981300813008,1.60487,2.03823,Hit,6,0.3902439024390244,0.3089430894308943,0.2926829268292683,1.1,1,1,2.6481851518305324,0.465,0.3,-0.594115,1,Hit,,,123.0,25.0,4.0,0.2601626016260163,9.0,0.36,0.7230757566067733,4.92,0.6666666666666666,0.8572865123976193,0.13826217107010844,2.2125,0.4,0.6,2.0,0.312,0.11299999999999999,0.6,0.2576855893377452,0.5188361305934004,0.2611505412556552,1.761218748484009,4.2,0.5321538461538461,0.2941813145132242,0.85,5,0.08669828587567104,1.9289999999999998,0.10132867313845577,5,1.924475,0.09333192379888024,1.875,0.18664806454930094,5,1.848444,0.22487795624515985,0.22199999999999998,0.1353513945255091,5,0.15452700000000003,0.14585244459727092,-0.053999999999999826,-1.7069999999999999,-1.653,-0.07603099999999996,-1.7699479999999999,-1.693917
3883,1,14,0,2,0,late,late_r2-4,1,0-1,0,1,0,0,0,0,0,1,1,0,0,0,0,0,0,,-1,,,0,0,0,,,,,,0.0,37,-0.075,-0.29,0.21499999999999997,-0.74,-0.6963513513513513,-0.965,0.89,0.16000000000000003,0.665,2,6,0.16216216216216217,0.6193887837837838,0.626418,0.953612,Draw,4,0.10810810810810811,0.7027027027027027,0.16216216216216217,0.645,1,0,1.3301170037619596,0.495,0.0,-0.551806,1,Draw,,,37.0,8.0,4.0,0.21621621621621623,1.0,0.125,0.9389229686062194,4.625,1.0,0.637192193412843,0.0886536661096447,0.61,0.4,1.0,8.0,-0.22200000000000003,0.147,1.0,0.4674674500536378,0.8644170346045126,0.39694958455087476,0.5588088465055762,2.0,0.5241527272385031,0.42843430600111676,0.7,5,0.13088887325947354,0.2149999999999999,0.0,5,0.2007684999999999,0.0,0.26799999999999996,0.010954451150103258,5,0.23707849999999997,0.01190611909376854,0.26399999999999996,0.008944271909999111,5,0.23273099999999997,0.00972130553218033,0.05300000000000005,0.049000000000000044,-0.0040000000000000036,0.036310000000000064,0.03196250000000006,-0.004347500000000004
9222,7,5,1,11,1,early,early_r9+,1,0-1,0,1,0,0,0,0,0,0,0,0,0,0,0,0,0,,-1,,,0,0,0,,,,,,0.0,37,1.315,1.29,0.02499999999999991,0.85,0.8502702702702702,0.485,0.83,0.4,0.46499999999999997,8,21,0.5675675675675675,1.9320159459459463,1.94673,2.00394,Draw,4,0.10810810810810811,0.7027027027027027,0.16216216216216217,0.31000000000000005,2,0,2.7324933184373914,0.28,0.475,0.33006500000000005,0,Draw,,,37.0,8.0,4.0,0.3783783783783784,1.0,0.125,0.8418631136888711,4.625,1.0,0.4550572198803226,0.1610423608293979,0.5325,0.2,1.0,14.0,1.172,0.14299999999999996,0.2,0.15638174933148824,0.2704602885851688,0.11407853925368054,1.7748907857582783,3.0,0.25238095238095243,0.15070496359350483,0.95,5,0.26708393885149706,0.1779999999999999,0.11432410069622237,5,0.19851400000000002,0.1141282058366817,0.23699999999999993,0.17824140933015536,5,0.242557,0.19807962867241044,0.3969999999999999,0.14902181048423754,5,0.41030500000000003,0.16716699517249217,0.059000000000000025,0.219,0.15999999999999998,0.04404299999999997,0.211791,0.16774800000000004
7881,2,15,1,1,1,late,r1,12,9-12,6,6,6,6,12,0,0,0,0,0,1,8,4,2,10,0.014822125959525131,0,0.4882572316156722,0.47343510565614705,0,1,-1,0.37762290525867287,0.5234538528574366,0.5080996970342488,0.7532608307201571,0.5234538528574366,0.980250509461266,129,1.72,1.48,0.24,-1.0,-0.8709689922480619,-1.755,3.4749999999999996,0.0,2.7199999999999998,2,2,0.015503875968992248,0.2855194891472868,0.0,2.06678,Hit,6,0.37209302325581395,0.29457364341085274,0.32558139534883723,2.7199999999999998,1,1,2.108873391677536,0.325,0.62,0.6866099999999999,1,Hit,,,129.0,26.0,4.0,0.8062015503875969,25.0,0.9615384615384615,0.3423769823423499,4.961538461538462,0.5658914728682171,0.01511942008393787,0.5686562666599977,0.160048076923077,0.0,1.0,104.0,0.285,1.435,1.0,0.5667678395997436,1.0,0.43323216040025636,0.0314131494461271,1.0,1.0,0.40123504281621336,0.75,5,0.0,1.435,0.0,5,1.116415,0.0,1.435,0.0,5,1.116415,0.0,1.435,0.0,5,1.116415,0.0,0.0,0.0,0.0,0.0,0.0,0.0
6406,1,10,0,6,0,mid,mid_r5-8,3,2-4,1,2,1,2,3,-1,0,0,0,0,0,1,2,2,2,0.0022233709268578363,0,0.4384417636357202,0.43621839270886237,0,2,-2,0.4365568471719112,0.6001684149769125,0.5203338332536309,0.14628069668354318,0.6001684149769125,0.2450626273653165,59,-0.385,-0.435,0.04999999999999999,-1.17,-1.073813559322034,-1.655,1.27,0.4724999999999999,0.7849999999999999,5,19,0.3220338983050847,1.7285954237288137,1.7085,1.70786,Draw,6,0.2711864406779661,0.5084745762711864,0.2033898305084746,0.15500000000000003,3,0,2.380744465258137,0.575,0.125,-1.2389299999999999,1,Draw,,,59.0,12.0,4.0,0.13559322033898305,3.0,0.25,0.9304178119030612,4.916666666666667,0.7966101694915254,0.7852713003680415,0.13800716777469144,0.6591666666666668,0.2,0.6,5.0,-0.5359999999999999,0.15100000000000002,0.8,0.32665981550849327,0.603727329039943,0.27706751353144976,1.6995525384288008,3.2,0.5776223776223778,0.3512944747279119,0.9,5,0.12977246136118925,0.3529999999999999,0.08497058314499206,5,0.39251400000000014,0.039486724414668814,0.316,0.22333830840229804,5,0.3178010000000001,0.20868859657992822,0.205,0.19410048943781674,5,0.2307130000000001,0.20031869903356503,-0.03699999999999992,-0.14799999999999994,-0.11100000000000002,-0.07471300000000003,-0.16180100000000003,-0.087088
8452,5,15,1,1,1,late,r1,15,13-16,8,7,8,6,14,2,0,1,1,1,1,11,3,6,13,0.15058174883099099,1,0.3529086573038427,0.2023269084728517,1,0,1,0.29942263131566765,0.36087435508020693,0.4365047461459077,0.6140298865690494,0.33942703497560994,1.143625594371477,153,1.935,1.93,0.0050000000000001155,1.0,0.866732026143791,-1.51,3.4450000000000003,0.0,0.935,2,7,0.0457516339869281,0.26027919215686274,0.0,0.246526,Hit,8,0.35294117647058826,0.2875816993464052,0.35294117647058826,0.49,2,1,0.34698128810061335,0.0,0.935,1.8117370000000002,1,Hit,,,153.0,31.0,4.0,0.803921568627451,30.0,0.967741935483871,0.3383294860212367,4.935483870967742,0.5359477124183006,0.020344098803349194,0.6481282328570886,0.5308536585365855,0.0,1.0,123.0,1.32,0.615,0.0,0.5709861418675929,0.5966984201371583,0.02571227826956546,0.023271849516369278,31.0,0.5966984201371583,0.5161190316579237,1.0,5,0.0,0.615,0.0,5,0.7948870000000001,0.0,0.615,0.0,5,0.7948870000000001,0.0,0.615,0.0,5,0.7948870000000001,0.0,0.0,0.0,0.0,0.0,0.0,0.0
1028,6,15,1,1,1,late,r1,15,13-16,8,7,8,7,15,1,0,0,0,0,1,11,4,4,12,0.2320554152977253,1,0.23580853301778537,0.0037531177200600674,1,0,1,0.30138272144235656,0.4219444519719928,0.45618251718167874,0.6454421614159812,0.4219444519719928,1.2253131368265826,151,1.0,1.0,0.0,1.0,-0.1473841059602649,-4.71,5.71,2.2125,0.0,94,100,0.6622516556291391,0.5775171390728477,0.0,0.0,Draw,6,0.3708609271523179,0.26490066225165565,0.3576158940397351,0.0,6,0,-0.0,0.0,0.0,1.0,1,Draw,,,151.0,31.0,4.0,0.8013245033112583,30.0,0.967741935483871,0.3419626486511174,4.870967741935484,0.5695364238410596,0.1074060435462103,1.83986166972737,1.4318595041322313,0.0,1.0,121.0,1.0,0.0,0.0,0.8022782419823502,1.0,0.1977217580176498,0.06525222821159131,31.0,1.0,0.7968310701941422,1.0,5,0.0,0.2299999999999999,0.0,5,0.5643275,0.0,0.2299999999999999,0.0,5,0.5643275,0.0,0.0,0.0,5,0.0,0.0,0.0,-0.2299999999999999,-0.2299999999999999,0.0,-0.5643275,-0.5643275
2596,1,14,0,2,0,late,late_r2-4,14,13-16,7,7,7,7,14,0,0,0,0,0,1,9,5,6,12,0.2050375341272904,1,0.3137797109836782,0.10874217685638779,2,0,2,0.2949209172486073,0.4086926556264054,0.511515288034565,0.6949194110154953,0.4086926556264054,1.143625594371477,145,1.97,1.965,0.004999999999999893,1.51,1.464551724137931,0.65,1.3199999999999998,0.20500000000000007,0.45999999999999996,22,87,0.6,0.9029097379310345,0.779679,0.457275,PostGuard,6,0.38620689655172413,0.27586206896551724,0.3310344827586207,0.07000000000000006,6,0,0.7846218756660164,0.005,0.915,1.7626545,0,PostGuard,,,145.0,29.0,4.0,0.2482758620689655,10.0,0.3448275862068966,0.7718287674208493,5.0,0.6827586206896552,0.6227440306606409,0.15550286473115024,1.1925000000000001,0.0,0.2,36.0,1.7600000000000002,0.2099999999999999,0.4,0.45766435177431414,0.4431495465879454,-0.01451480518636874,1.05218797169412,5.4,0.5210190651719708,0.5311774621590131,0.75,5,0.07319326643769446,1.3199999999999998,0.0,5,1.9754244999999997,0.0,1.178,0.17286555469497092,5,1.7962825000000002,0.19708427596462366,0.23499999999999988,0.15012494796002426,5,0.5943005,0.15676620663427426,-0.1419999999999999,-1.085,-0.9430000000000001,-0.17914199999999947,-1.3811239999999998,-1.201982
4748,1,3,1,13,1,early,early_r9+,2,2-4,1,1,1,1,2,0,0,0,0,0,0,2,0,1,2,0.34483096172037614,0,0.6299526034901355,0.28512164176975935,0,1,-1,0.9473629474288089,0.9473629474288089,0.4706845,0.05320000000000036,0.9473629474288089,0.16337508491021102,49,0.985,0.935,0.04999999999999993,0.655,0.6210204081632654,0.21,0.775,0.335,0.32999999999999996,17,34,0.6938775510204082,2.0008346938775508,1.99974,1.8721,Hit,6,0.16326530612244897,0.5714285714285714,0.24489795918367346,0.07499999999999996,5,1,2.5908791844822927,0.315,0.4,0.04894999999999994,1,Hit,,,49.0,10.0,4.0,0.24489795918367346,2.0,0.2,0.9172644747925618,4.9,0.7959183673469388,0.5016459200167448,0.13649265337866348,0.39583333333333337,0.0,0.8,6.0,0.869,0.11599999999999999,0.2,0.051919303251540885,0.1750177585760359,0.12309845532449504,1.962360394924658,4.2,0.07393939393939393,0.016395529781834246,0.85,5,0.24093740031049052,0.22199999999999998,0.06676451153120194,5,0.3371839999999999,0.12169267589916824,0.3169999999999999,0.2574538793648292,5,0.39087199999999983,0.2888063787730458,0.2119999999999999,0.14558502670261114,5,0.3311819999999999,0.1407405316797546,0.09499999999999992,-0.010000000000000064,-0.10499999999999998,0.05368799999999996,-0.006001999999999952,-0.05968999999999991
9206,3,13,1,3,1,late,late_r2-4,2,2-4,1,1,1,1,2,0,0,0,0,0,1,2,0,1,2,0.28898727765076676,0,1.0431921163505806,0.7542048386998139,0,1,-1,0.7719536419785841,0.7719536419785841,0.347279,0.16845,0.7719536419785841,0.16337508491021102,49,1.73,1.66,0.07000000000000006,-0.315,-0.016734693877551027,-0.855,2.585,0.71,2.045,3,7,0.14285714285714285,1.4927455102040816,1.50652,1.43774,Hit,6,0.16326530612244897,0.5714285714285714,0.24489795918367346,0.07000000000000006,2,1,1.8896205850892915,0.175,0.67,1.01113,1,Hit,,,49.0,10.0,4.0,0.22448979591836732,3.0,0.3,0.8966247171057129,4.9,0.7551020408163265,0.9076958550348696,0.1944804596004394,2.36625,0.0,1.0,6.0,1.6599999999999997,0.07000000000000006,1.0,0.5940758959707779,0.9047068237603515,0.31063092778957346,1.3919815060535432,1.2,0.806060606060606,0.5746544160576874,0.95,5,0.022531265520867608,0.0,0.0,5,0.0,0.0,0.42400000000000004,0.323156308928048,5,0.4257020000000001,0.29867037199477947,0.07499999999999998,0.011180339887498907,5,0.10141500000000017,0.006462236454974303,0.42400000000000004,0.07499999999999998,-0.3490000000000001,0.4257020000000001,0.10141500000000017,-0.3242869999999999
5859,1,6,0,10,0,mid,early_r9+,4,2-4,2,2,2,2,4,0,0,0,0,0,1,2,2,4,4,0.21957962268671255,1,0.23572835600413383,0.016148733317421282,1,0,1,0.3852683735972122,0.387977138465162,0.14052261605667565,0.3788128660697798,0.387977138465162,0.32675016982042204,65,-0.015,-0.22,0.20500000000000002,-0.625,-0.6077692307692308,-1.0,0.985,0.20999999999999996,0.61,3,18,0.27692307692307694,1.9285818461538464,1.93285,1.98363,Draw,6,0.24615384615384617,0.46153846153846156,0.27692307692307694,0.245,4,0,2.640499767533917,0.515,0.25,-1.006815,1,Draw,,,65.0,13.0,4.0,0.36923076923076925,5.0,0.38461538461538464,0.7637573284708598,5.0,0.6615384615384615,0.5417497958483847,0.1290219288708927,0.6625,0.4,0.4,4.0,-0.22399999999999998,0.209,0.4,0.06386305108681514,0.058717781984088856,-0.005145269102726291,1.7477114446573232,5.8,0.055468035049449194,0.0729408069645217,0.9,5,0.22295945572030004,0.19999999999999998,0.3066145789097446,5,0.17621399999999998,0.29061831270585825,0.418,0.33336541512280493,5,0.36203899999999994,0.3244154902166356,0.392,0.4203956469803178,5,0.396298,0.402983735676764,0.218,0.19200000000000003,-0.025999999999999968,0.18582499999999996,0.220084,0.03425900000000004
6871,4,5,1,11,1,early,early_r9+,5,5-8,3,2,3,2,5,1,0,0,0,0,1,3,2,3,5,0.35795637714226186,1,0.4822865077119577,0.12433013056969583,2,0,2,0.39475779758227636,0.48462785532219643,0.30216578722224924,0.49410742394746626,0.48462785532219643,0.40843771227552755,71,1.32,1.18,0.14000000000000012,0.71,0.6915492957746479,0.3,1.02,0.26749999999999985,0.6100000000000001,2,17,0.23943661971830985,2.044839154929577,2.04499,2.0634,Draw,6,0.22535211267605634,0.4225352112676056,0.3380281690140845,0.14000000000000012,4,0,2.7365142754446796,0.24,0.44,0.2883,1,Draw,,,71.0,15.0,4.0,0.2535211267605634,6.0,0.4,0.8149106051292072,4.733333333333333,0.7323943661971831,0.4060608158512465,0.14750811099378638,0.47666666666666657,0.0,0.4,18.0,0.842,0.47800000000000004,0.4,0.010347150253150776,0.057211297378880956,0.04686414712573019,1.8598750113889833,5.6,0.012454977958948866,-0.010665151975520598,0.75,5,0.10083398441759156,0.475,0.1849324200890693,5,0.47161,0.1756719761373452,0.6060000000000001,0.1387173384981128,5,0.627049,0.07337528095346546,0.5830000000000001,0.15821662365251002,5,0.5894159999999999,0.14259090023560408,0.13100000000000012,0.1080000000000001,-0.02300000000000002,0.155439,0.11780599999999997,-0.03763300000000003
7163,3,13,1,3,1,late,late_r2-4,6,5-8,2,4,2,4,6,-2,0,0,0,0,0,3,3,2,3,0.11160692688825569,0,0.44124018370497436,0.3296332568167187,0,1,-1,0.3741416695796391,0.6963795788748359,1.1808856106690717,0.44364115754364714,0.6963795788748359,0.490125254730633,85,2.465,2.285,0.17999999999999972,0.55,0.6668235294117646,-0.48,2.945,0.39,1.9149999999999998,2,2,0.023529411764705882,1.8312270588235295,1.84529,1.4418,Hit,6,0.3764705882352941,0.4,0.21176470588235294,0.6749999999999998,1,1,2.235501134919471,0.07,0.765,1.7441,1,Hit,,,85.0,17.0,4.0,0.18823529411764706,6.0,0.35294117647058826,0.886177120017239,5.0,0.7176470588235294,0.7951962103135277,0.2455480313311996,1.8558333333333334,0.6,1.0,6.0,2.393,0.07199999999999988,1.0,0.4830592379852618,0.6068049783370961,0.12374574035183432,1.7540705557764387,1.8,0.5800056821354069,0.4820926335555777,0.95,5,0.12202827315821171,0.6249999999999998,0.0,5,0.597715,0.0,0.5769999999999997,0.3985693164306556,5,0.6390819999999999,0.38586606362506165,0.20699999999999985,0.2766676706809091,5,0.23060399999999986,0.264622826453048,-0.04800000000000004,-0.4179999999999999,-0.3699999999999999,0.04136699999999993,-0.36711100000000013,-0.40847800000000006
5807,0,8,0,8,0,mid,mid_r5-8,6,5-8,3,3,3,3,6,0,0,0,0,0,1,3,3,3,6,0.22126171786949797,1,0.32838561208585276,0.10712389421635479,2,0,2,0.38897009830006246,0.5298505136282948,0.5561160692019926,0.35717060077161505,0.5298505136282948,0.490125254730633,81,0.03,-0.015,0.045,-0.38,-0.3920370370370371,-1.265,1.295,0.24,0.41000000000000003,14,57,0.7037037037037037,2.0142104938271608,2.0267,2.10454,Hit,6,0.2962962962962963,0.3950617283950617,0.2962962962962963,0.045,5,1,2.7537374863723514,0.52,0.24,-1.02227,1,Hit,,,81.0,17.0,4.0,0.24691358024691357,6.0,0.35294117647058826,0.8212070844630969,4.764705882352941,0.7037037037037037,0.6669240258357457,0.1263290889716596,0.796875,0.0,0.2,6.0,-0.28500000000000003,0.315,0.2,0.06577792038262616,0.2973778065593567,0.23159988617673055,1.8455705105960132,6.0,0.2843137254901961,0.08433069151879177,0.75,5,0.14551627472751494,0.323,0.24089935657863434,5,0.28753899999999993,0.20168278268112044,0.671,0.26798787285994863,5,0.6470739999999999,0.22338271414771563,0.31499999999999995,0.11163556780883051,5,0.28557599999999994,0.15436405355522378,0.34800000000000003,-0.008000000000000063,-0.3560000000000001,0.359535,-0.0019629999999999925,-0.361498
5567,2,15,1,1,1,late,r1,12,9-12,6,6,6,6,12,0,0,0,0,0,1,9,3,6,10,0.14966462332829378,0,0.1927494832574151,0.04308485992912131,0,1,-1,0.29411596195378176,0.41448157103171074,0.5577148116449688,0.5575132212557833,0.41448157103171074,0.980250509461266,129,1.93,1.885,0.04499999999999993,-0.98,-0.13213178294573644,-2.26,4.1899999999999995,2.04,2.91,12,16,0.12403100775193798,0.44366627906976747,0.253722,0.308383,Hit,6,0.37209302325581395,0.29457364341085274,0.32558139534883723,0.05499999999999994,2,1,0.35227393017269426,0.005,0.94,1.7758085,1,Hit,,,129.0,26.0,4.0,0.8062015503875969,25.0,0.9615384615384615,0.3423769823423499,4.961538461538462,0.5658914728682171,0.14782095256156252,1.1368045200998185,1.076298076923077,0.0,1.0,104.0,1.535,0.395,1.0,0.8319099917993773,0.7211102550927979,-0.11079973670657939,0.05070615581906057,1.0,0.7211102550927979,0.8313921477344147,1.0,5,0.0,0.395,0.0,5,0.740502,0.0,0.395,0.0,5,0.740502,0.0,0.395,0.0,5,0.740502,0.0,0.0,0.0,0.0,0.0,0.0,0.0
2507,3,11,1,5,1,mid,mid_r5-8,10,9-12,5,5,5,4,9,1,0,0,0,0,1,5,4,2,6,0.11571993156997264,0,0.5292780057483966,0.41355807417842394,0,1,-1,0.2927845965893745,0.615557193065499,0.806156484553792,0.9415142559196855,0.5064971014727425,0.7351878820959495,107,1.715,1.665,0.050000000000000044,0.215,0.30014018691588773,-0.31,2.025,0.4175,1.5,3,6,0.056074766355140186,2.118046261682243,2.12441,2.18261,Hit,6,0.3364485981308411,0.3177570093457944,0.3364485981308411,0.9900000000000001,1,1,2.765906397488888,0.275,0.57,0.6236950000000001,1,Hit,,,107.0,22.0,4.0,0.2803738317757009,8.0,0.36363636363636365,0.7498826311346027,4.863636363636363,0.7009345794392523,0.8243629713652316,0.17823271278451233,1.775,0.8,0.8,2.0,1.7040000000000002,0.011000000000000032,0.8,0.33035587543747624,0.5851920337811058,0.25483615834362966,1.983645218504287,3.2,0.6117447769621683,0.3341069080201033,0.9,5,0.1014093693041716,0.704,0.5684232577929934,5,0.629793,0.4849028478288203,0.4050000000000001,0.5333385416412356,5,0.3845720000000001,0.5015170610582457,0.10600000000000007,0.11685461052093753,5,0.14576700000000012,0.12725967593860993,-0.2989999999999999,-0.5979999999999999,-0.29900000000000004,-0.24522099999999997,-0.48402599999999996,-0.23880499999999996
7006,3,15,1,1,1,late,r1,14,13-16,7,7,7,7,14,0,0,0,0,0,1,12,2,6,12,0.07914776878750233,0,0.2963113287220048,0.21716355993450243,0,1,-1,0.29027673864614373,0.34740970615113703,0.43869286430681353,0.5694621806169943,0.34740970615113703,1.143625594371477,145,-0.97,-0.97,0.0,-1.0,-0.999758620689655,-1.01,0.040000000000000036,0.0,0.030000000000000027,145,145,1.0,0.008146686206896554,0.0,0.314802,Hit,6,0.38620689655172413,0.27586206896551724,0.3310344827586207,0.030000000000000027,6,1,0.09079313589591118,0.99,0.005,-1.0,0,Draw,,,145.0,29.0,4.0,0.8068965517241379,28.0,0.9655172413793103,0.33681389250740446,5.0,0.5793103448275863,0.0009331924022359857,0.004301192355585001,0.0002991452991453203,0.0,1.0,117.0,-1.0,0.030000000000000027,1.0,,,,0.0,1.0,,,1.0,5,,0.03,0.0,5,0.0,0.0,0.03,0.0,5,0.0,0.0,0.03,0.0,5,0.0,0.0,0.0,0.0,0.0,0.0,0.0,0.0
1984,6,4,0,12,0,early,early_r9+,3,2-4,1,2,1,2,3,-1,0,0,0,0,1,2,1,3,3,0.4659920091256923,1,0.4762142346529466,0.010222225527254325,1,0,1,0.7752851440960289,0.7877738227350942,0.29910147653771657,0.39344495873699487,0.7877738227350942,0.2450626273653165,59,-0.31,-0.41,0.09999999999999998,-0.75,-0.7399152542372881,-1.09,0.78,0.23749999999999993,0.44,9,36,0.6101694915254238,2.034315593220339,2.02731,1.94008,PostGuard,6,0.2711864406779661,0.5084745762711864,0.2033898305084746,0.09999999999999998,5,0,2.6077736656896047,0.55,0.16,-1.28004,1,PostGuard,,,59.0,12.0,4.0,0.3389830508474576,4.0,0.3333333333333333,0.7790966612337228,4.916666666666667,0.7627118644067796,0.3338512398881408,0.13750026851786692,0.3425,0.0,0.4,12.0,-0.528,0.21800000000000003,0.4,0.15724669597633248,0.1238053888574124,-0.033441307118920106,1.8013642010682396,5.6,0.14125874125874124,0.1634240435728456,0.9,5,0.23172134602959824,0.342,0.16783920876839242,5,0.386549,0.23233971190909228,0.24499999999999997,0.05678908345800276,5,0.23918699999999987,0.05390535926510453,0.262,0.04438468204234428,5,0.26114099999999985,0.08475834342411367,-0.09700000000000006,-0.08000000000000002,0.017000000000000043,-0.1473620000000001,-0.12540800000000013,0.021953999999999974
1845,7,14,0,2,0,late,late_r2-4,3,2-4,2,1,2,1,3,1,0,0,0,0,0,1,2,1,2,0.06426342403607241,1,0.774913088516966,0.7106496644808936,2,0,2,0.7142861975101845,0.9397579341519767,0.3115253058181122,0.7982388155600244,0.9397579341519767,0.2450626273653165,55,1.44,1.255,0.18500000000000005,0.08,0.1587272727272727,-0.6,2.04,1.0875,1.3599999999999999,3,9,0.16363636363636364,1.3914945454545453,1.34235,1.54803,PostGuard,6,0.14545454545454545,0.509090909090909,0.32727272727272727,0.18500000000000005,2,0,2.1232952816879,0.185,0.63,0.6659849999999999,1,PostGuard,,,55.0,11.0,4.0,0.2545454545454545,2.0,0.18181818181818182,0.8888635157830519,5.0,0.7454545454545455,0.4868412831636076,0.38765766759231596,1.1738888888888888,0.4,1.0,9.0,1.2719999999999998,0.168,1.0,0.6847482753633687,0.718219273268774,0.03347099790540531,1.26926940348512,1.2,0.7502964656073667,0.686686242636951,0.9,5,0.14392689159791336,0.43499999999999994,0.0,5,0.550505,0.0,0.354,0.20403431084011336,5,0.433378,0.23724622369492002,0.16799999999999998,0.1577022510936353,5,0.18096099999999998,0.18859935658691948,-0.08099999999999996,-0.26699999999999996,-0.186,-0.11712700000000004,-0.36954400000000004,-0.252417
5780,2,6,0,10,0,mid,early_r9+,2,2-4,1,1,1,1,2,0,0,0,0,0,0,1,1,1,2,0.5942243752733481,1,0.871516726423538,0.2772923511501898,1,0,1,1.1165099888711258,1.1165099888711258,0.2115965,0.5166000000000004,1.1165099888711258,0.16337508491021102,49,-0.375,-0.485,0.10999999999999999,-0.86,-0.8423469387755101,-1.19,0.815,0.30500000000000005,0.485,8,25,0.5102040816326531,1.9552791836734695,1.96632,1.8315,Hit,6,0.16326530612244897,0.5714285714285714,0.24489795918367346,0.135,4,1,2.4484871580882523,0.615,0.13,-1.29075,1,Hit,,,49.0,10.0,4.0,0.20408163265306123,2.0,0.2,0.9270973315923852,4.9,0.7551020408163265,0.33941558395747295,0.16090823216864633,0.42833333333333334,0.4,0.8,6.0,-0.534,0.159,0.8,0.09840866290421824,0.3956164394316187,0.2972077765274005,1.939497825542297,3.2,0.3527272727272727,0.12899181275422555,0.9,5,0.22791982850595444,0.327,0.3147141560209836,5,0.3727229999999999,0.3279690525720376,0.31099999999999994,0.10206615501722405,5,0.2736909999999999,0.18973928218742683,0.283,0.26496697907475186,5,0.2988699999999999,0.2880680674120267,-0.01600000000000007,-0.04400000000000004,-0.02799999999999997,-0.09903200000000001,-0.073853,0.025179000000000007
8645,7,5,1,11,1,early,early_r9+,5,5-8,3,2,3,2,5,1,0,0,0,0,1,2,3,4,5,0.17290126144421308,0,0.2849665692954158,0.11206530785120272,0,1,-1,0.4110911396685798,0.47239452410947597,0.13639162107302044,0.5006172885548416,0.47239452410947597,0.40843771227552755,71,0.92,0.835,0.08500000000000008,0.615,0.5590845070422535,0.14,0.78,0.33999999999999997,0.30500000000000005,26,50,0.704225352112676,1.9847581690140845,1.99539,1.96306,Hit,6,0.22535211267605634,0.4225352112676056,0.3380281690140845,0.08500000000000008,5,1,2.627995868630726,0.355,0.4,-0.061529999999999974,1,Hit,,,71.0,15.0,4.0,0.2535211267605634,5.0,0.3333333333333333,0.8208649290372108,4.733333333333333,0.7323943661971831,0.5599977007242687,0.12711378667266152,0.4450000000000001,0.2,0.8,2.0,0.8109999999999999,0.10900000000000003,0.4,0.15371946545290888,0.31631216580462784,0.16259270035171894,1.7702575861144987,3.2,0.29185244908415175,0.16933672034943764,0.95,5,0.1815122980788179,0.14100000000000001,0.08919080670113934,5,0.12675599999999998,0.09150621518509001,0.279,0.20308249555291563,5,0.24758799999999997,0.23302154161686428,0.14400000000000002,0.10766847263707235,5,0.137427,0.11865310402597987,0.138,0.0030000000000000027,-0.135,0.120832,0.010671000000000014,-0.11016099999999998
6132,0,13,1,3,1,late,late_r2-4,7,5-8,4,3,4,3,7,1,0,0,0,0,1,4,3,5,6,0.06325034617486476,1,0.3061811460965566,0.24293079992169186,3,0,3,0.29758690487990336,0.5458766033556187,0.3969943315187402,0.6004004259063885,0.5458766033556187,0.5718127971857385,87,2.62,2.485,0.13500000000000023,2.175,2.109425287356322,1.445,1.175,0.4025000000000001,0.4450000000000003,9,52,0.5977011494252874,1.2564643678160918,1.16859,1.16859,Draw,6,0.27586206896551724,0.367816091954023,0.3448275862068966,0.13500000000000023,6,0,2.130222588187827,0.025,0.85,2.035705,1,Draw,,,87.0,18.0,4.0,0.27586206896551724,6.0,0.3333333333333333,0.7935042088277037,4.833333333333333,0.735632183908046,0.6939751927743896,0.12047301259283347,0.8410416666666667,0.2,0.2,19.0,2.4170000000000003,0.20300000000000012,0.6,0.3340485358531452,0.5325797742855316,0.19853123843238635,1.317753222137458,7.6,0.5944732885234996,0.40795465097314276,0.8,5,0.14449644429675815,0.7050000000000001,0.0,5,0.7873700000000001,0.0,0.49300000000000016,0.34479341641046457,5,0.5654240000000001,0.456953176668573,0.28700000000000003,0.28856541719339834,5,0.2922480000000001,0.3522129276020402,-0.2119999999999999,-0.41800000000000004,-0.20600000000000013,-0.22194599999999998,-0.495122,-0.27317600000000003
3339,4,10,0,6,0,mid,mid_r5-8,5,5-8,3,2,3,2,5,1,0,0,0,0,1,2,3,1,2,0.1904200005146532,0,0.9896158927200006,0.7991958922053475,0,2,-2,0.3519618986481325,0.7397810485470547,0.7001852360608298,0.6214209986796387,0.7397810485470547,0.40843771227552755,71,-0.305,-0.36,0.05499999999999999,-0.945,-0.91,-1.465,1.1600000000000001,0.28500000000000003,0.6399999999999999,4,21,0.29577464788732394,1.8555540845070426,1.85331,1.77256,Freeze,6,0.22535211267605634,0.4225352112676056,0.3380281690140845,0.15500000000000003,5,0,2.4107779917943883,0.55,0.115,-1.19128,1,Freeze,,,71.0,15.0,4.0,0.2535211267605634,4.0,0.26666666666666666,0.840821621612472,4.733333333333333,0.7183098591549296,0.6274223193375711,0.12486322562462022,0.866,0.2,0.2,3.0,-0.493,0.188,0.6,0.20170405708282355,0.23914429817039357,0.03744024108757003,1.7025086888480032,8.8,0.26714285714285707,0.2116424395359185,0.9,5,0.11114962298444249,0.3509999999999999,0.10956733089748966,5,0.4472299999999999,0.09433970797071609,0.22999999999999998,0.16941074346097415,5,0.25469300000000006,0.16153591410271587,0.18799999999999997,0.18491890114317683,5,0.214902,0.171695483873339,-0.12099999999999994,-0.16299999999999995,-0.04200000000000001,-0.19253699999999985,-0.2323279999999999,-0.03979100000000005
3566,6,14,0,2,0,late,late_r2-4,12,9-12,6,6,6,6,12,0,0,0,0,0,1,7,5,8,11,0.11112070014178263,1,0.2941935852301334,0.18307288508835076,1,0,1,0.293653475867388,0.34859873212220066,0.319321270510811,0.49808821591494584,0.34859873212220066,0.980250509461266,129,1.01,1.005,0.0050000000000001155,0.905,0.6829457364341085,-1.26,2.27,0.255,0.10499999999999998,91,108,0.8372093023255814,0.6540406333333333,0.491833,0.264386,Draw,6,0.37209302325581395,0.29457364341085274,0.32558139534883723,0.0050000000000001155,6,0,0.2747433140607801,0.01,0.03,1.0,0,PostGuard,,,129.0,26.0,4.0,0.2713178294573643,6.0,0.23076923076923078,0.7435424473809369,4.961538461538462,0.6976744186046512,0.9529093466524075,0.08633801264203707,2.2075,0.0,0.0,35.0,1.0,0.010000000000000009,1.0,0.5200112908290242,0.7912768702133558,0.2712655793843316,0.9152159678838606,9.0,0.8140342532493292,0.5889851840235489,0.65,5,0.09354931982186272,0.6699999999999999,0.0,5,1.26918,0.0,0.388,0.2906157256584716,5,0.8296148999999999,0.4667348667568666,0.23700000000000002,0.22058445094793064,5,0.7947110000000001,0.4287496250348215,-0.2819999999999999,-0.43299999999999994,-0.151,-0.43956510000000004,-0.4744689999999999,-0.03490389999999988
5523,3,9,1,7,1,mid,mid_r5-8,9,9-12,5,4,5,4,9,1,0,0,0,0,1,5,4,6,9,0.16114699267749127,0,0.30062899078432276,0.13948199810683148,0,3,-3,0.32238576542534886,0.4271299593096109,0.32137624596208947,0.5647353403952661,0.4271299593096109,0.7351878820959495,103,0.74,0.68,0.05999999999999994,-0.195,-0.24616504854368929,-1.075,1.815,0.505,0.935,4,10,0.0970873786407767,1.9581179611650485,1.93845,1.9602,Hit,6,0.3106796116504854,0.3300970873786408,0.34951456310679613,0.655,1,1,2.6795569301034257,0.35,0.37,-0.24009999999999998,1,Hit,,,103.0,21.0,4.0,0.45631067961165056,11.0,0.5238095238095238,0.618517744018145,4.904761904761905,0.6699029126213593,0.6648862315452172,0.2223888020406907,1.3596153846153847,0.6,0.6,1.0,0.701,0.03899999999999999,0.6,0.3686294249139378,0.539088881660658,0.1704594567467203,1.795814373384927,5.6,0.5275852002486017,0.36123376128948437,0.9,5,0.1623481824024304,0.04599999999999998,0.10285912696499028,5,0.047966999999999996,0.10725747267673241,0.027000000000000003,0.06037383539249433,5,0.020953,0.04685233233255309,0.050999999999999955,0.05572252686302012,5,0.06267299999999995,0.057212674688393965,-0.018999999999999975,0.004999999999999977,0.023999999999999952,-0.027013999999999996,0.014705999999999955,0.04171999999999995
7015,5,14,0,2,0,late,late_r2-4,14,13-16,7,7,7,7,14,0,0,0,0,0,1,9,5,5,14,0.20450949402441743,0,0.2609537093988129,0.05644421537439548,0,3,-3,0.30612015185054137,0.40353114676231117,0.43699906801440813,0.6169548953182415,0.40353114676231117,1.143625594371477,145,-1.135,-1.88,0.7449999999999999,-3.145,-3.050724137931035,-3.735,2.5999999999999996,0.29499999999999993,2.01,1,1,0.006896551724137931,0.9134988758620689,0.803103,1.92789,Draw,6,0.38620689655172413,0.27586206896551724,0.3310344827586207,0.7449999999999999,1,0,2.1862866282116338,0.62,0.0,-2.098945,1,Draw,,,145.0,29.0,4.0,0.2620689655172414,8.0,0.27586206896551724,0.7499909572142948,5.0,0.7310344827586207,0.8432676040522654,0.13446376219688783,2.4400000000000004,0.6,0.6,1.0,-1.4329999999999998,0.29799999999999993,0.6,0.5902610011533954,0.8251865506039259,0.23492554945053046,0.9609889814127911,3.2,0.8153593170333249,0.5773555714803352,0.7,5,0.06114765373377669,2.1500000000000004,0.0,5,1.5964740000000002,0.0,2.164,0.01917028951268064,5,1.6304368,0.04650547919009082,0.372,0.5259111141628403,5,0.27597499999999997,0.45924888236118766,0.01399999999999979,-1.7780000000000005,-1.7920000000000003,0.03396279999999985,-1.3204990000000003,-1.3544618000000002
743,7,3,1,13,1,early,early_r9+,3,2-4,2,1,2,1,3,1,0,0,0,0,1,2,1,3,3,0.13922010521472836,0,0.39759931451454966,0.2583792092998213,0,1,-1,0.4130406358275671,0.4257335723557047,0.06763700154769002,0.33665912862848374,0.4257335723557047,0.2450626273653165,55,0.98,0.97,0.010000000000000009,0.585,0.5993636363636364,0.18,0.8,0.21499999999999997,0.395,12,43,0.7818181818181819,2.038584909090909,2.0342,2.15861,Draw,6,0.14545454545454545,0.509090909090909,0.32727272727272727,0.16999999999999993,5,0,2.8517002391257953,0.325,0.41,-0.07272499999999993,0,Draw,,,55.0,11.0,4.0,0.2545454545454545,2.0,0.18181818181818182,0.8621320287650471,5.0,0.7272727272727273,0.5714110355334403,0.10543978975843596,0.4016666666666667,0.2,0.2,6.0,0.8169999999999998,0.16299999999999998,0.2,0.11107861014911054,0.21997797085043258,0.10889936070132207,1.9321097656070116,5.4,0.26181818181818184,0.12489308925870465,0.9,5,0.22978361876704764,0.32199999999999995,0.21016660058153866,5,0.2699060000000001,0.16984798561507877,0.45899999999999996,0.06484597134749391,5,0.396675,0.054390503422012945,0.30699999999999994,0.12838418905768736,5,0.24621000000000004,0.11365952286324273,0.137,-0.015000000000000013,-0.15200000000000002,0.1267689999999999,-0.02369600000000005,-0.15046499999999996
1014,4,15,1,1,1,late,r1,4,2-4,3,1,3,1,4,2,0,0,0,0,1,2,2,3,4,0.20015348392921029,1,0.303902371838388,0.10374888790917769,1,0,1,0.3875847366241334,0.4695474412925491,0.30894739653570075,0.2802547178461065,0.4695474412925491,0.32675016982042204,61,3.325,1.965,1.36,1.0,0.9392622950819672,-0.845,4.17,0.0,2.325,1,1,0.01639344262295082,0.35029099999999996,0.0,1.27255,Draw,6,0.13114754098360656,0.45901639344262296,0.39344262295081966,1.7850000000000001,1,0,1.4712005639088976,0.05,0.91,2.6887250000000003,1,Draw,,,61.0,13.0,4.0,0.8032786885245902,12.0,0.9230769230769231,0.38388966872551344,4.6923076923076925,0.6229508196721312,0.002848815529457257,0.627431297688799,0.07561224489795915,1.0,1.0,49.0,3.325,0.0,1.0,0.6414621296284959,1.0,0.3585378703715041,0.060107346056755565,13.0,1.0,0.48606216274095654,1.0,5,0.0,0.0,0.0,5,0.0,0.0,0.0,0.0,5,0.0,0.0,0.0,0.0,5,0.0,0.0,0.0,0.0,0.0,0.0,0.0,0.0
3900,0,10,0,6,0,mid,mid_r5-8,3,2-4,2,1,2,1,3,1,0,0,0,0,0,2,1,2,2,0.23096763425815714,0,0.3754381974186974,0.14447056316054024,0,1,-1,0.5290806211246183,0.8823660939115832,0.29515379415947807,0.7685858052293172,0.8823660939115832,0.2450626273653165,55,0.305,0.025,0.27999999999999997,-0.69,-0.6002727272727271,-1.015,1.3199999999999998,0.365,0.9949999999999999,1,6,0.10909090909090909,1.7577809090909087,1.77228,1.74126,Draw,6,0.14545454545454545,0.509090909090909,0.32727272727272727,0.325,4,0,2.4156251680548655,0.43,0.275,-0.5656300000000001,1,Draw,,,55.0,11.0,4.0,0.32727272727272727,5.0,0.4545454545454545,0.7657424651867702,5.0,0.7636363636363637,0.4660008623571895,0.2051803781030531,0.7649999999999999,0.4,1.0,4.0,0.137,0.16799999999999998,0.4,0.18600292755891001,0.4659005031374213,0.27989757557851125,1.6563378047974802,2.0,0.48483777378069026,0.2413281434386781,0.85,5,0.34669310637506184,0.181,0.2637328193456401,5,0.17004399999999995,0.2476598031170984,0.40199999999999997,0.4315176705535939,5,0.372456,0.39568201201217124,0.242,0.13714043896677594,5,0.25992399999999993,0.14655516855437062,0.22099999999999997,0.061,-0.15999999999999998,0.20241200000000006,0.08987999999999999,-0.11253200000000008
4543,6,5,1,11,1,early,early_r9+,5,5-8,3,2,3,2,5,1,0,0,0,0,1,3,2,3,5,0.13130816754219596,0,0.24922206087142698,0.11791389332923102,0,2,-2,0.3312899237877462,0.4848831849415938,0.20299042271219594,0.5178741839481866,0.4848831849415938,0.40843771227552755,71,1.09,0.895,0.19500000000000006,0.535,0.5112676056338027,-0.02,1.11,0.39749999999999996,0.555,5,29,0.4084507042253521,2.008315633802817,1.9956,2.06444,Hit,6,0.22535211267605634,0.4225352112676056,0.3380281690140845,0.19500000000000006,4,1,2.792863151398793,0.285,0.405,0.057780000000000165,1,Hit,,,71.0,15.0,4.0,0.28169014084507044,8.0,0.5333333333333333,0.7897713487331965,4.733333333333333,0.7183098591549296,0.6311049290877832,0.14930165469692197,0.8480000000000001,0.4,0.4,1.0,0.889,0.20100000000000007,0.4,0.19751530144965992,0.23223631680141063,0.03472101535175074,1.8139512517618193,5.8,0.19428571428571426,0.19559150530443295,0.9,5,0.25333294223394276,0.491,0.23354335785887814,5,0.4581240000000002,0.2636196831943701,0.3430000000000001,0.225211012164148,5,0.2804530000000002,0.19477921268708331,0.21300000000000002,0.19683749642789103,5,0.2055160000000001,0.18862174286120897,-0.1479999999999999,-0.27799999999999997,-0.13000000000000006,-0.17767100000000002,-0.2526080000000001,-0.07493700000000009
9231,5,14,0,2,0,late,late_r2-4,8,5-8,3,5,3,5,8,-2,0,0,0,0,1,3,5,6,7,0.2170906649547374,1,0.3487157213103536,0.13162505635561622,1,0,1,0.3306363919610179,0.4961291307266907,0.5643504517403719,0.37330468705201214,0.4961291307266907,0.6535003396408441,101,2.025,1.89,0.135,1.34,1.1734158415841582,-0.41,2.435,0.20999999999999996,0.6849999999999998,5,15,0.1485148514851485,0.9402074455445543,0.746927,0.808934,Hit,6,0.39603960396039606,0.3564356435643564,0.2376237623762376,0.135,3,1,1.6189866875619563,0.015,0.795,1.620533,1,Hit,,,101.0,21.0,4.0,0.21782178217821785,8.0,0.38095238095238093,0.7858230005670651,4.809523809523809,0.6534653465346535,0.892635436132424,0.12386015911111928,1.9789999999999999,0.0,1.0,20.0,1.674,0.35099999999999987,1.0,0.5718654458975043,0.787646297448259,0.21578085155075466,1.159896663645657,3.4,0.7676813003504848,0.5714944580801571,0.65,5,0.09949065515932189,0.2199999999999999,0.0,5,0.2590910000000002,0.0,0.741,0.3219937887599698,5,1.046137,0.37859090533846695,0.6789999999999999,0.15469324484281796,5,1.047882,0.3010885834227197,0.5210000000000001,0.4590000000000001,-0.062000000000000055,0.7870459999999999,0.7887909999999998,0.0017449999999998855
1825,5,7,1,9,1,mid,early_r9+,6,5-8,4,2,4,2,6,2,0,0,0,0,1,4,2,2,6,0.37076613593510693,1,0.4836837038561463,0.11291756792103935,3,0,3,0.3278838176807299,0.4877516263453083,0.3648412343952275,0.5405001215438237,0.4877516263453083,0.490125254730633,77,0.865,0.79,0.07499999999999996,0.485,0.47623376623376623,0.125,0.74,0.19499999999999995,0.38,13,60,0.7792207792207793,2.041492597402598,2.04068,2.16259,PostGuard,6,0.2077922077922078,0.38961038961038963,0.38961038961038963,0.07499999999999996,6,0,2.743400760536485,0.395,0.35,-0.21359499999999998,0,Draw,,,77.0,16.0,4.0,0.3116883116883117,6.0,0.375,0.7503628425033598,4.8125,0.7142857142857143,0.2815576268605569,0.13720374589140355,0.5925,0.2,0.4,2.0,0.7350000000000001,0.12999999999999995,0.4,0.1045758913345766,0.12467783005701302,0.02010193872243642,1.8176664842074584,6.8,0.1941176470588235,0.1394121684094622,0.8,5,0.14074940288284415,0.27599999999999997,0.22631283657804305,5,0.22559699999999996,0.20581833086486737,0.302,0.1833234845839452,5,0.26415399999999994,0.18624872641846438,0.1779999999999999,0.14131525041551599,5,0.1524299999999999,0.15276838379553537,0.026000000000000023,-0.09800000000000006,-0.12400000000000008,0.03855699999999998,-0.07316700000000007,-0.11172400000000005
4062,4,15,1,1,1,late,r1,10,9-12,4,6,4,6,10,-2,0,0,0,0,1,7,3,5,8,0.1791769327368901,0,0.4447194660871543,0.26554253335026423,0,2,-2,0.32560943672571846,0.47981251108251904,0.4273050123505055,0.5945311880801545,0.47981251108251904,0.8168754245510551,117,-0.475,-0.55,0.07500000000000007,-2.0,-1.926068376068376,-2.62,2.145,0.09499999999999997,1.525,2,2,0.017094017094017096,0.3671345478632479,0.195959,1.89192,Hit,6,0.41025641025641024,0.3247863247863248,0.2564102564102564,1.2650000000000001,1,1,2.059906838057595,0.595,0.285,-1.42096,1,Hit,,,117.0,24.0,4.0,0.8034188034188035,23.0,0.9583333333333334,0.3499013977135025,4.875,0.6068376068376068,0.015485736840157327,0.32531516563805474,0.09202127659574466,0.0,1.0,94.0,-1.275,0.7999999999999999,1.0,0.4592220984682299,-1.0,-1.45922209846823,0.020079346902315828,24.0,1.0,0.4171813012161919,1.0,5,0.0,0.7999999999999999,0.0,5,0.2661609999999998,0.0,0.7999999999999999,0.0,5,0.2661609999999998,0.0,0.7999999999999999,0.0,5,0.2661609999999998,0.0,0.0,0.0,0.0,0.0,0.0,0.0
9882,2,11,1,5,1,mid,mid_r5-8,10,9-12,6,4,6,4,10,2,0,0,0,0,1,7,3,5,9,0.12983532815069931,1,0.36821510243877864,0.23837977428807933,1,0,1,0.32519504947709454,0.4062250097905869,0.26896624079436904,0.6688945543955331,0.4062250097905869,0.8168754245510551,109,1.295,1.23,0.06499999999999995,0.235,0.24839449541284403,-0.225,1.52,0.35,1.06,2,2,0.01834862385321101,1.5067004587155959,1.5012,2.01444,Hit,6,0.29357798165137616,0.3119266055045872,0.3853211009174312,0.5349999999999999,1,1,2.7071875474868934,0.285,0.455,0.2877799999999999,1,Hit,,,109.0,22.0,4.0,0.27522935779816515,8.0,0.36363636363636365,0.7619283396762472,4.954545454545454,0.7155963302752294,0.4397649715321573,0.1932155273145396,1.3691666666666666,0.2,0.4,2.0,0.7619999999999999,0.5329999999999999,0.4,0.3092519656968025,0.256705257562591,-0.05254670813421153,1.4975739302360558,5.2,0.24276628733544872,0.2774868619287261,0.75,5,0.07950981894701094,0.985,0.06595452979136456,5,0.845745,0.09634423977332539,1.1219999999999999,0.30380092165758815,5,0.8567859999999999,0.3722430279971675,0.5549999999999999,0.49146464776217624,5,0.4214019999999999,0.4005920613541911,0.1369999999999999,-0.43000000000000005,-0.567,0.011040999999999968,-0.4243430000000001,-0.43538400000000005
2998,6,14,0,2,0,late,late_r2-4,14,13-16,7,7,7,7,14,0,0,0,0,0,1,8,6,6,13,0.1062733268510963,1,0.2464067604916716,0.1401334336405753,2,0,2,0.2945573175869181,0.37035405209048333,0.3840961315223029,0.6000006511901231,0.37035405209048333,1.143625594371477,145,2.895,2.82,0.07500000000000018,2.095,2.113586206896552,0.965,1.9300000000000002,0.19500000000000028,0.7999999999999998,7,26,0.1793103448275862,0.6097560344827586,0.523235,0.86254,Hit,6,0.38620689655172413,0.27586206896551724,0.3310344827586207,0.2549999999999999,3,1,1.7002303420711369,0.005,0.955,2.46373,1,Hit,,,145.0,29.0,4.0,0.30344827586206896,12.0,0.4137931034482759,0.6893186878952323,5.0,0.6896551724137931,0.7308767123197297,0.12395756826181789,1.8850000000000002,0.2,0.8,2.0,2.753,0.14200000000000007,0.8,0.5894882929377878,0.7592952981799683,0.16980700524218031,0.7541477644507747,3.4,0.7066371464154979,0.5285894725968088,1.0,5,0.039533540855187704,0.0750000000000001,0.0,5,0.10676349999999998,0.0,0.030000000000000037,0.04107919181288751,5,0.0427054,0.0584767772682028,0.19100000000000003,0.1808797943386712,5,0.21024160000000008,0.22050959015947577,-0.045000000000000054,0.11599999999999994,0.161,-0.06405809999999998,0.1034781000000001,0.16753620000000008
1555,2,3,1,13,1,early,early_r9+,3,2-4,2,1,2,1,3,1,0,0,0,0,1,1,2,3,3,0.09102162291285526,0,0.3196009187971794,0.22857929588432413,0,1,-1,0.3696884516996605,0.4218933973969054,0.08894981852019461,0.3364325225393983,0.4218933973969054,0.2450626273653165,55,1.1,1.035,0.06500000000000017,0.635,0.6378181818181818,0.18,0.9200000000000002,0.2875000000000001,0.4650000000000001,6,32,0.5818181818181818,2.0203978181818183,2.0025,2.09045,Draw,6,0.14545454545454545,0.509090909090909,0.32727272727272727,0.20000000000000007,5,0,2.725945521189851,0.34,0.405,0.05477500000000002,1,Draw,,,55.0,11.0,4.0,0.2545454545454545,4.0,0.36363636363636365,0.8678406193235693,5.0,0.7090909090909091,0.5078310945171118,0.13785968962114434,0.4185714285714285,0.0,0.2,6.0,0.833,0.26700000000000007,0.4,-0.01703252016532053,0.053903804638813335,0.07093632480413385,1.7572579501832835,6.4,0.07090909090909092,-0.03789683640317974,0.85,5,0.42808605326062976,0.4530000000000001,0.1265207492864313,5,0.444641,0.1011940957022691,0.2720000000000001,0.12417729261020309,5,0.27539900000000006,0.07177498810518881,0.32200000000000006,0.17942965195307045,5,0.322343,0.11981017447404035,-0.18100000000000005,-0.13100000000000006,0.04999999999999999,-0.16924199999999995,-0.12229800000000002,0.04694399999999993
4372,4,14,0,2,0,late,late_r2-4,2,2-4,1,1,1,1,2,0,0,0,0,0,0,1,1,0,0,1.2236985985527629,1,1.49479366134594,0.2710950627931772,1,0,1,1.4798420557951415,1.4798420557951415,0.031505000000000005,0.7392499999999984,1.4798420557951415,0.16337508491021102,49,0.095,0.02,0.075,-0.585,-0.5820408163265306,-1.645,1.74,0.19500000000000006,0.6799999999999999,4,11,0.22448979591836735,0.970169612244898,0.942125,1.24337,Draw,6,0.16326530612244897,0.5714285714285714,0.24489795918367346,0.35,3,0,1.4376272345458077,0.545,0.185,-0.5266850000000001,1,Draw,,,49.0,10.0,4.0,0.20408163265306123,2.0,0.2,0.9008975084120351,4.9,0.7959183673469388,0.726388206133653,0.14289122740240706,1.1130555555555557,0.2,0.8,10.0,-0.03799999999999999,0.133,1.0,0.4105615142159366,0.7148158212506376,0.3042543070347009,0.9349682650756777,3.8,0.8351515151515152,0.4822108536534596,0.8,5,0.13218630762540834,0.09,0.0,5,0.0350999999999999,0.0,0.015,0.03354101966249685,5,0.01474399999999998,0.03296858626025685,0.133,0.15927962832703998,5,0.09806599999999992,0.14495340533254125,-0.075,0.04300000000000001,0.11800000000000001,-0.020355999999999923,0.06296600000000002,0.08332199999999994
3732,7,7,1,9,1,mid,early_r9+,2,2-4,1,1,1,1,2,0,0,0,0,0,0,0,2,1,1,0.1896999378323803,1,1.699079138945564,1.5093792011131837,1,0,1,1.6705290985306456,1.6705290985306456,0.8189659499999999,0.164200000000001,1.6705290985306456,0.16337508491021102,49,1.125,1.075,0.050000000000000044,0.675,0.6903061224489795,0.395,0.73,0.2699999999999999,0.44999999999999996,10,28,0.5714285714285714,1.7577306122448981,1.73735,1.74051,Hit,6,0.16326530612244897,0.5714285714285714,0.24489795918367346,0.13,5,1,2.4917177926322784,0.27,0.425,0.254745,1,Hit,,,49.0,10.0,4.0,0.20408163265306123,1.0,0.1,0.9146516976658491,4.9,0.8367346938775511,0.2765558320923662,0.14846255851873474,0.4325,0.0,0.4,6.0,0.9869999999999999,0.138,0.8,0.10493888088803671,0.1805027440993709,0.0755638632113342,1.6820326732732003,4.2,0.03515151515151514,0.06503999796113931,0.85,5,0.43811195826859106,0.64,0.11763290356018591,5,0.679585,0.12989443728466582,0.23899999999999996,0.2614717958021477,5,0.310087,0.26999277056525045,0.27499999999999997,0.18943996410472633,5,0.31666500000000003,0.15625684868990541,-0.401,-0.36500000000000005,0.036000000000000004,-0.369498,-0.36291999999999996,0.006578000000000028
3858,5,5,1,11,1,early,early_r9+,5,5-8,2,3,2,3,5,-1,0,0,0,0,1,3,2,5,5,0.16928769552451267,0,0.30635237800213305,0.13706468247762038,0,1,-1,0.3224110972423283,0.4086597342848524,0.33454077048861114,0.23189008258224555,0.4086597342848524,0.40843771227552755,75,0.885,0.855,0.030000000000000027,0.55,0.5306000000000001,0.19,0.6950000000000001,0.2425,0.33499999999999996,19,58,0.7733333333333333,2.0355146666666664,2.0446,2.04494,Freeze,6,0.32,0.4266666666666667,0.24,0.030000000000000027,6,0,2.7008677045418206,0.335,0.4,-0.11504999999999999,0,Draw,,,75.0,15.0,4.0,0.17333333333333334,4.0,0.26666666666666666,0.8905378676543461,5.0,0.6933333333333334,0.3022420310548734,0.1331283925143641,0.4058333333333334,0.0,0.6,13.0,0.6940000000000001,0.191,0.0,0.04982882088593081,0.20868829429500807,0.15885947340907727,1.9337127021728946,6.4,0.3449999999999999,0.043577466155726705,0.8,5,0.23296111478082773,0.09599999999999997,0.1037665649426635,5,0.08715399999999993,0.09412950410206146,0.254,0.09229030284921597,5,0.2608309999999999,0.11574478791721032,0.28200000000000003,0.191983072170439,5,0.24394,0.17539605173007744,0.15800000000000003,0.18600000000000005,0.028000000000000025,0.173677,0.15678600000000006,-0.016890999999999934
1938,0,14,0,2,0,late,late_r2-4,8,5-8,5,3,5,3,8,2,0,0,0,0,1,6,2,4,8,0.17536378199617042,1,0.2550663575150591,0.07970257551888865,1,0,1,0.36961271260739603,0.4132654877912053,0.43494556350823954,0.3318971640433225,0.4132654877912053,0.6535003396408441,93,1.43,1.37,0.05999999999999983,1.005,0.9606451612903226,-0.1,1.53,0.13,0.42500000000000004,6,76,0.8172043010752689,0.8582796451612904,0.653835,1.45434,Hit,6,0.25806451612903225,0.34408602150537637,0.3870967741935484,0.10499999999999998,6,1,2.1842404285098898,0.135,0.485,0.9590015000000001,0,PostGuard,,,93.0,19.0,4.0,0.3010752688172043,6.0,0.3157894736842105,0.7667484737083854,4.894736842105263,0.7096774193548387,0.5506803402537137,0.13164250314977036,1.2375,0.2,0.2,2.0,1.222,0.20800000000000002,0.0,0.3219455442479712,0.28785370049864245,-0.034091843749328755,0.971816729237218,13.2,0.5323652757778126,0.40245243248678075,0.7,5,0.1253433257468304,1.51,0.0,5,1.9450365,0.0,0.352,0.21132321216563033,5,0.6022705,0.36491435763066377,0.37899999999999995,0.24518870283926214,5,0.8732495,0.5282032829034669,-1.158,-1.131,0.02699999999999997,-1.3427660000000001,-1.071787,0.27097899999999997
9112,3,9,1,7,1,mid,mid_r5-8,5,5-8,2,3,2,3,5,-1,0,0,0,0,1,3,2,3,5,0.27263670740566176,0,0.4167572424913558,0.14412053508569406,0,2,-2,0.4026424871781394,0.4816975836397292,0.2743942961035451,0.45178405195402765,0.4816975836397292,0.40843771227552755,75,0.76,0.695,0.06500000000000006,-0.175,-0.11446666666666667,-0.845,1.605,0.5225,0.935,6,15,0.2,1.950138933333333,1.94689,1.84997,Hit,6,0.32,0.4266666666666667,0.24,0.20499999999999996,2,1,2.545518409768759,0.335,0.35,-0.13746000000000003,0,Hit,,,75.0,15.0,4.0,0.26666666666666666,4.0,0.26666666666666666,0.8184367681077089,5.0,0.7333333333333333,0.8112000981790903,0.15877626706976117,1.145,0.4,0.6,2.0,0.699,0.06100000000000001,0.6,0.38332823141331646,0.5609752633770115,0.17764703196369513,1.8030153878441788,3.8,0.5857142857142856,0.3585401075923088,0.9,5,0.16046437771450467,0.49000000000000005,0.34042253156922503,5,0.48400699999999997,0.37906848504920587,0.11499999999999999,0.15568397476940266,5,0.11042499999999995,0.15413318181851696,0.125,0.13977660748494364,5,0.09805899999999994,0.14383343310927396,-0.37500000000000006,-0.36500000000000005,0.010000000000000009,-0.373582,-0.385948,-0.012366000000000016
4157,3,12,0,4,0,late,late_r2-4,9,9-12,4,5,4,5,9,-1,0,0,0,0,1,7,2,5,8,0.15014477030186565,0,0.2838301662332602,0.13368539593139453,0,2,-2,0.39014227154846665,0.45508877043543106,0.35604451128914616,0.5250974787810572,0.45508877043543106,0.7351878820959495,107,-0.705,-0.885,0.18000000000000005,-2.21,-2.1602803738317755,-3.175,2.4699999999999998,0.4275,1.505,2,4,0.037383177570093455,1.5479919626168226,1.53216,1.59937,Hit,6,0.37383177570093457,0.3364485981308411,0.2803738317757009,0.975,1,1,2.262337503311009,0.715,0.1,-1.5046849999999998,1,Hit,,,107.0,22.0,4.0,0.2803738317757009,9.0,0.40909090909090906,0.7125162126681207,4.863636363636363,0.6635514018691588,0.8006104647590144,0.16345643029102774,2.38,0.2,0.6,2.0,-0.893,0.18800000000000003,0.6,0.4140689918623403,0.6084361546402496,0.19436716277790939,1.624900239912859,3.4,0.6652738565782045,0.42742267679117313,0.8,5,0.10190969750861384,0.9629999999999999,0.29969984984981224,5,0.8652000000000001,0.2474316349014411,0.5489999999999999,0.4975615539810124,5,0.5262040000000001,0.4233779896764829,0.217,0.16021860066796237,5,0.24850900000000015,0.15562489447385983,-0.4139999999999999,-0.7459999999999999,-0.33199999999999996,-0.33899599999999996,-0.6166909999999999,-0.27769499999999997
7373,1,11,1,5,1,mid,mid_r5-8,9,9-12,5,4,5,4,9,1,0,0,0,0,1,5,4,5,8,0.17391954061864354,1,0.29915628031014,0.12523673969149648,1,0,1,0.3413374216358329,0.45911725758535954,0.5232465112078367,0.41978098022424154,0.45911725758535954,0.7351878820959495,103,1.175,1.09,0.08499999999999996,0.51,0.5587864077669902,0.155,1.02,0.33999999999999997,0.665,8,31,0.30097087378640774,1.6056432038834951,1.56767,1.30934,Freeze,6,0.3106796116504854,0.3300970873786408,0.34951456310679613,0.08499999999999996,4,0,2.053063474642021,0.17,0.43,0.5203300000000001,1,Freeze,,,103.0,21.0,4.0,0.2524271844660194,7.0,0.3333333333333333,0.8012102407113731,4.904761904761905,0.7475728155339806,0.48715517243780304,0.15474415036011815,0.7689285714285715,0.2,0.4,2.0,0.9570000000000001,0.21800000000000003,0.4,0.22444307457692184,0.17499436252713568,-0.04944871204978617,1.6024990869980456,5.2,0.06701298701298701,0.19453861640643338,0.85,5,0.1399485725833231,0.19599999999999998,0.19392008663364407,5,0.26726,0.2843607279935118,0.52,0.27313000567495327,5,0.7723990000000001,0.26834307321505424,0.386,0.3045365331122032,5,0.590355,0.39375524485395746,0.32400000000000007,0.19000000000000003,-0.134,0.505139,0.32309499999999997,-0.1820440000000001
7173,4,15,1,1,1,late,r1,15,13-16,8,7,8,7,15,1,0,0,0,0,1,11,4,8,15,0.15902744462513435,1,0.18730604802034576,0.028278603395211405,2,0,2,0.2947814112185503,0.32118960709931815,0.3684191144793643,0.4702478462352477,0.32118960709931815,1.2253131368265826,151,2.0,2.0,0.0,2.0,1.630298013245033,-0.735,2.735,0.6000000000000001,0.0,99,104,0.6887417218543046,0.21898243841059603,0.0,0.0,Draw,6,0.3708609271523179,0.26490066225165565,0.3576158940397351,0.0,6,0,-0.0,0.0,1.0,2.0,1,Draw,,,151.0,31.0,4.0,0.8013245033112583,30.0,0.967741935483871,0.3419626486511174,4.870967741935484,0.5695364238410596,0.09372591075460521,0.638892549368582,0.46128099173553716,0.0,1.0,121.0,2.0,0.0,0.0,0.8567231156568432,0.7187952884282609,-0.13792782722858243,0.028467114894076707,31.0,0.7187952884282609,0.8517232614659271,1.0,5,0.0,0.1599999999999999,0.0,5,0.3433029999999999,0.0,0.1599999999999999,0.0,5,0.3433029999999999,0.0,0.0,0.0,5,0.0,0.0,0.0,-0.1599999999999999,-0.1599999999999999,0.0,-0.3433029999999999,-0.3433029999999999
196,4,4,0,12,0,early,early_r9+,2,2-4,1,1,1,1,2,0,0,0,0,0,1,2,0,1,1,0.3693055984974802,1,1.295667158223902,0.9263615597264219,1,0,1,1.2113145927887519,1.2113145927887519,0.603231745,0.05414999999999992,1.2113145927887519,0.16337508491021102,49,-0.22,-0.385,0.165,-0.695,-0.7033673469387755,-1.385,1.165,0.31999999999999995,0.475,6,28,0.5714285714285714,2.063376326530612,2.07567,1.97271,Hit,6,0.16326530612244897,0.5714285714285714,0.24489795918367346,0.165,5,1,2.639739817605518,0.555,0.19,-1.206355,1,Hit,,,49.0,10.0,4.0,0.24489795918367346,2.0,0.2,0.905136231522038,4.9,0.7755102040816326,0.47031645008179945,0.15820778059209878,0.8883333333333333,0.2,0.4,6.0,-0.42800000000000005,0.20800000000000002,0.4,0.11293410728514186,0.12312693617136665,0.010192828886224825,1.980365523434643,3.4,0.20969696969696966,0.12939410535810453,1.0,5,0.10067010924575848,0.323,0.18253766734567414,5,0.412317,0.23924898629879293,0.417,0.15106290080625356,5,0.4621569999999998,0.18019961190995937,0.29300000000000004,0.13255187663703596,5,0.36772199999999994,0.1886134856856741,0.09399999999999997,-0.02999999999999997,-0.12399999999999994,0.04983999999999983,-0.04459500000000005,-0.09443499999999988
2630,2,14,0,2,0,late,late_r2-4,4,2-4,2,2,1,2,3,-1,0,0,0,0,1,2,1,2,2,0.19699501275159267,0,0.5155714188199354,0.3185764060683427,0,2,-2,0.6564024063217645,0.9229310770532257,0.8572641003758337,0.41546485110054937,0.8479735268799274,0.2450626273653165,59,-1.07,-1.075,0.004999999999999893,-2.58,-2.197457627118644,-2.85,1.78,1.3625000000000003,1.51,11,16,0.2711864406779661,0.7211799152542373,0.57426,0.886059,Hit,6,0.2711864406779661,0.5084745762711864,0.2033898305084746,0.004999999999999893,3,1,1.353112525394352,0.88,0.0,-1.5130295,1,Hit,,,59.0,12.0,4.0,0.20338983050847456,2.0,0.16666666666666666,0.912770682506215,4.916666666666667,0.7966101694915254,0.928598687853522,0.1521092595257259,1.5700000000000003,0.0,0.6,6.0,-1.138,0.06799999999999988,1.0,0.8229742223793888,0.8755952993918161,0.05262107701242724,0.7503703644629821,4.0,0.8534928201314577,0.8327708681066733,0.9,5,0.06273544662934158,0.1099999999999998,0.0,5,0.5355305000000001,0.0,0.11199999999999988,0.027522717889045777,5,0.42124049999999996,0.1324987727773356,0.22899999999999987,0.09587752604234222,5,0.5226385,0.11461598342945024,0.002000000000000071,0.11900000000000006,0.11699999999999999,-0.11429000000000017,-0.012892000000000126,0.10139800000000004
5731,2,10,0,6,0,mid,mid_r5-8,2,2-4,1,1,0,1,1,-1,0,0,0,0,0,1,0,0,0,1.455355535565107,0,,,0,1,-1,3.4558268290526355,3.4558268290526355,1.6971599999999998,0.32454999999999856,,0.08168754245510551,43,-0.555,-0.59,0.03499999999999992,-1.145,-1.0958139534883722,-1.45,0.8949999999999999,0.2975000000000001,0.59,6,16,0.37209302325581395,1.6846786046511628,1.67929,1.41314,Hit,5,0.18604651162790697,0.6511627906976745,0.13953488372093023,0.21499999999999997,3,1,2.0391477645679075,0.675,0.075,-1.26157,1,Hit,,,43.0,9.0,4.0,0.23255813953488375,2.0,0.22222222222222224,0.9121752454045418,4.777777777777778,0.8604651162790697,0.6540452874443362,0.12754367856311383,0.6325000000000001,0.0,0.8,6.0,-0.7779999999999999,0.22299999999999992,0.8,0.1259888115873526,0.27518868007280906,0.14919986848545647,1.5324980792190968,3.2,0.5033333333333333,0.21499582520978108,0.85,5,0.23222827827993153,0.5810000000000001,0.15428869044748555,5,0.829637,0.16982489075515406,0.3499999999999999,0.07826237921249264,5,0.44880799999999993,0.12345778517371839,0.3479999999999999,0.0790253124005214,5,0.44539399999999996,0.1667174940730577,-0.23100000000000015,-0.23300000000000015,-0.0020000000000000018,-0.38082900000000003,-0.384243,-0.0034139999999999726
9518,4,5,1,11,1,early,early_r9+,5,5-8,3,2,3,2,5,1,0,0,0,0,1,3,2,4,5,0.13302576473002822,0,0.18792247478364624,0.054896710053618014,0,2,-2,0.3174027137653952,0.413007230766285,0.147266450555249,0.45911124839193435,0.413007230766285,0.40843771227552755,71,0.985,0.905,0.07999999999999996,0.345,0.3641549295774648,-0.205,1.19,0.37500000000000006,0.64,4,22,0.30985915492957744,2.0161205633802823,1.99624,1.98363,Hit,6,0.22535211267605634,0.4225352112676056,0.3380281690140845,0.24,3,1,2.6967769817842706,0.325,0.41,0.009689999999999976,0,Hit,,,71.0,15.0,4.0,0.22535211267605634,3.0,0.2,0.8792806682496563,4.733333333333333,0.7183098591549296,0.6578774903693747,0.14251187228907028,0.746875,0.2,0.8,16.0,0.776,0.209,0.6,0.26322368473977154,0.21759218316928114,-0.04563150157049044,1.9779706286550376,7.4,0.23714285714285716,0.2320087074032638,0.9,5,0.19155711435928516,0.32999999999999996,0.059266347955648425,5,0.35006099999999996,0.06220270345812947,0.312,0.10347705059577218,5,0.29203199999999996,0.17209371068548665,0.37,0.2295375786227606,5,0.44876799999999994,0.2776549684545551,-0.01799999999999996,0.040000000000000036,0.057999999999999996,-0.058029,0.09870699999999999,0.156736
8211,7,12,0,4,0,late,late_r2-4,5,5-8,1,4,1,4,5,-3,0,0,0,0,1,3,2,1,5,0.08425626557882765,0,0.645079950443352,0.5608236848645243,0,3,-3,0.6622696041849544,0.7160139694615374,0.4698622552367432,0.4653317758331151,0.7160139694615374,0.40843771227552755,79,-0.815,-0.97,0.15500000000000003,-1.885,-1.8398101265822784,-2.865,2.0500000000000003,0.7525,1.07,4,14,0.17721518987341772,1.8562311392405066,1.83624,1.75806,Draw,6,0.4050632911392405,0.43037974683544306,0.1518987341772152,0.15500000000000003,3,0,2.374916257375404,0.63,0.055,-1.69403,1,Draw,,,79.0,16.0,4.0,0.24050632911392406,5.0,0.3125,0.8437334362346981,4.9375,0.7215189873417721,0.7395834724107311,0.2405227799117618,1.36125,0.0,0.0,4.0,-1.0699999999999998,0.255,0.6,0.4166125998039581,0.45643428022639326,0.03982168042243524,1.7040322491211775,9.4,0.5670869687626066,0.47315322243448554,0.9,5,0.3018920394671625,0.37400000000000005,0.026786190471957773,5,0.3511510000000001,0.07465499074074028,0.34800000000000003,0.06942621983083923,5,0.37187300000000023,0.09201108259334873,0.32599999999999996,0.20637950479638242,5,0.31110399999999994,0.21054978115044448,-0.026000000000000023,-0.0480000000000001,-0.022000000000000075,0.02072200000000013,-0.040047000000000166,-0.060769000000000295
5392,3,13,1,3,1,late,late_r2-4,13,13-16,7,6,7,6,13,1,0,0,0,0,1,9,4,5,11,0.11817197386051226,0,0.34734862780209724,0.22917665394158498,0,1,-1,0.29927726499685814,0.39770298874452514,0.38126115802966715,0.6402627169729336,0.39770298874452514,1.0619380519163715,135,-1.005,-1.09,0.08500000000000019,-2.55,-2.4569259259259257,-3.37,2.365,0.935,1.545,4,7,0.05185185185185185,1.7858902962962964,1.81493,1.57638,Hit,6,0.35555555555555557,0.2814814814814815,0.35555555555555557,0.7000000000000002,1,1,2.2551615687374365,0.72,0.045,-1.7931899999999998,1,Hit,0.9700000000000002,-0.9890000000000001,135.0,27.0,4.0,0.32592592592592595,9.0,0.3333333333333333,0.6838738387865786,5.0,0.6888888888888889,0.6039313675329282,0.33397278770614713,2.0825,0.0,0.6,2.0,-1.114,0.10900000000000017,0.6,0.5424243218757966,0.5522513573527371,0.00982703547694055,1.6141505291221592,3.8,0.5837167543717661,0.5891325265823937,0.8,5,0.05629323954424726,0.635,0.0,5,0.8253800000000002,0.0,0.633,0.0027386127875257773,5,0.8062120000000002,0.026246864955647535,0.15200000000000005,0.09769851585361974,5,0.2190240000000002,0.14900245289088362,-0.0020000000000000018,-0.483,-0.481,-0.019168000000000074,-0.606356,-0.5871879999999999
4262,4,2,0,14,0,early,early_r9+,2,2-4,1,1,1,1,2,0,0,0,0,0,1,2,0,2,2,0.04434492057542037,1,0.40726940032476144,0.36292447974934106,1,0,1,0.36512666380346365,0.36512666380346365,0.02670225,0.18059999999999832,0.36512666380346365,0.16337508491021102,49,-0.465,-0.47,0.004999999999999949,-0.76,-0.735204081632653,-1.1,0.635,0.235,0.295,21,45,0.9183673469387755,2.042222448979592,2.04592,1.95673,Draw,6,0.16326530612244897,0.5714285714285714,0.24489795918367346,0.004999999999999949,5,0,2.604161782183489,0.58,0.155,-1.40741,0,Draw,-1.465,-1.4230612244897958,49.0,10.0,4.0,0.24489795918367346,1.0,0.1,0.8950719019061234,4.9,0.7551020408163265,0.2840731081852448,0.12599896303264424,0.55,0.0,0.2,8.0,-0.548,0.08299999999999998,0.4,0.1254875535495391,0.15046046812400782,0.024972914574468718,1.9364295146376733,6.2,0.22666666666666666,0.09645368200295498,0.8,5,0.18672685297406738,0.259,0.07700649323271387,5,0.3263989999999999,0.044230864139195886,0.282,0.10103217309352504,5,0.338393,0.145840043480863,0.23499999999999996,0.1427848031129364,5,0.3396149999999999,0.1655878668939847,0.022999999999999965,-0.02400000000000005,-0.047000000000000014,0.011994000000000116,0.013216000000000006,0.0012219999999998898
6230,1,12,0,4,0,late,late_r2-4,2,2-4,1,1,1,1,2,0,0,0,0,0,1,1,1,1,2,0.29975706359436627,0,0.7062257714251128,0.4064687078307465,0,1,-1,0.9900457166138402,0.9900457166138402,0.143556845,0.473749999999999,0.9900457166138402,0.16337508491021102,49,-0.215,-0.435,0.22,-1.255,-1.1003061224489796,-1.615,1.4,0.5399999999999999,1.0399999999999998,2,8,0.16326530612244897,1.350999387755102,1.3461,1.43484,Hit,6,0.16326530612244897,0.5714285714285714,0.24489795918367346,0.31000000000000005,3,1,2.0669458550866313,0.575,0.13,-0.9324199999999999,1,Hit,-1.6500000000000001,-0.4325510204081633,49.0,10.0,4.0,0.20408163265306123,1.0,0.1,0.926938636264379,4.9,0.7959183673469388,0.8118363321760281,0.1384888945203797,0.9320833333333332,0.8,1.0,3.0,-0.265,0.05,0.8,0.4865914650540251,0.7705456410019206,0.2839541759478955,1.3075870937963447,2.8,0.8060606060606059,0.5091254476831136,0.9,5,0.2326537022772662,0.47300000000000003,0.2651320425750158,5,0.4184020000000002,0.2342970265923152,0.213,0.12235195135346226,5,0.16773600000000008,0.10657855919461477,0.11299999999999999,0.15642889758609183,5,0.09556800000000003,0.13724414348160732,-0.26,-0.36000000000000004,-0.1,-0.25066600000000017,-0.3228340000000002,-0.07216800000000005
3543,4,7,1,9,1,mid,early_r9+,3,2-4,2,1,2,1,3,1,0,0,0,0,1,1,2,2,3,0.06162735300955835,1,0.4057504679676901,0.34412311495813175,1,0,1,0.4292071009258859,0.4739987324542103,0.15719419023519562,0.3165606875290877,0.4739987324542103,0.2450626273653165,55,1.025,1.0,0.02499999999999991,0.58,0.6082727272727272,0.135,0.8899999999999999,0.3125,0.44499999999999995,16,35,0.6363636363636364,1.8940992727272725,1.8906,2.06746,Draw,6,0.14545454545454545,0.509090909090909,0.32727272727272727,0.039999999999999925,6,0,2.694899423759909,0.325,0.37,0.04929500000000009,0,Hit,2.025,1.1405454545454545,55.0,11.0,4.0,0.2545454545454545,3.0,0.2727272727272727,0.8878137850640531,5.0,0.7090909090909091,0.49418617834457645,0.15273868189788023,0.43892857142857145,0.0,0.2,6.0,0.868,0.1569999999999999,0.4,0.06838102450693852,0.07735044413942578,0.008969419632487263,1.7261129129915864,6.8,0.06,0.02084481725053221,0.85,5,0.13138708829724421,0.13099999999999987,0.0892608536817792,5,0.10880800000000009,0.1163448682044034,0.3019999999999999,0.17523555575282088,5,0.21385000000000004,0.15393789969497437,0.2659999999999999,0.16493938280471404,5,0.23059100000000005,0.15487839065699252,0.171,0.13500000000000004,-0.035999999999999976,0.10504199999999995,0.12178299999999996,0.016741000000000006
1784,6,5,1,11,1,early,early_r9+,5,5-8,3,2,3,2,5,1,0,0,0,0,1,3,2,4,5,0.0774752228538251,0,0.24738632290157164,0.16991110004774654,0,1,-1,0.3155813810255769,0.41099704256972497,0.24477910626014143,0.3569792016350543,0.41099704256972497,0.40843771227552755,71,1.05,1.01,0.040000000000000036,0.545,0.5493661971830985,0.05,1.0,0.2925,0.505,7,35,0.49295774647887325,2.04305985915493,2.02396,2.16044,Hit,6,0.22535211267605634,0.4225352112676056,0.3380281690140845,0.040000000000000036,4,1,2.8455626515397334,0.335,0.435,0.0025399999999999867,0,Draw,1.925,1.1007042253521127,71.0,15.0,4.0,0.2535211267605634,4.0,0.26666666666666666,0.8325636978432935,4.733333333333333,0.7464788732394366,0.42808004897550866,0.16065535139823253,0.4875,0.0,0.4,6.0,0.906,0.14400000000000004,0.4,0.06847237847440582,0.07982943557929069,0.011357057104884863,1.9014376259249417,6.8,0.06714285714285714,0.07205643697182001,0.75,5,0.11959377078392729,0.37,0.10994316713648009,5,0.30629799999999996,0.09783328591282207,0.336,0.12074767078498863,5,0.34223799999999993,0.06431617454031291,0.264,0.17819932659805426,5,0.23029699999999997,0.1703139893549558,-0.033999999999999975,-0.10599999999999998,-0.07200000000000001,0.03593999999999997,-0.07600099999999999,-0.11194099999999996
4905,4,14,0,2,0,late,late_r2-4,8,5-8,3,5,3,5,8,-2,0,0,0,0,1,5,3,2,6,0.1323954820709895,0,0.25156530892792056,0.11916982685693106,0,2,-2,0.32291138484111936,0.5760187450449437,0.4796588217826564,0.6786836292365908,0.5760187450449437,0.6535003396408441,101,-1.65,-1.68,0.030000000000000027,-2.96,-2.8783168316831675,-3.775,2.125,0.8650000000000002,1.31,6,11,0.10891089108910891,1.2374143465346532,1.23252,0.920598,Hit,6,0.39603960396039606,0.3564356435643564,0.2376237623762376,0.030000000000000027,2,1,1.5664382218427462,0.935,0.005,-2.110299,1,Hit,-0.1499999999999999,-0.8213366336633663,101.0,21.0,4.0,0.19801980198019803,7.0,0.3333333333333333,0.8022458966548429,4.809523809523809,0.7227722772277227,0.5700359425152114,0.3284160058801543,1.8650000000000002,0.6,0.8,2.0,-1.725,0.07500000000000004,0.8,0.6394453559749571,0.660822080687758,0.021376724712800776,1.2412165503397503,2.2,0.6896103896103897,0.6868803371051465,0.85,5,0.14342283881627177,0.03,0.0,5,0.4045059999999999,0.0,0.03,0.0,5,0.4045059999999999,0.0,0.15399999999999997,0.21442947558579717,5,0.3366764,0.46757174685474745,0.0,0.12399999999999997,0.12399999999999997,0.0,-0.06782959999999993,-0.06782959999999993
3837,2,10,0,6,0,mid,mid_r5-8,5,5-8,3,2,3,2,5,1,0,0,0,0,1,4,1,4,5,0.27423541981654886,1,0.3601867671097877,0.08595134729323883,1,0,1,0.4264985463386241,0.4891059499706465,0.29152209995398976,0.3499917976181729,0.4891059499706465,0.40843771227552755,71,-0.455,-0.465,0.010000000000000009,-0.925,-0.907112676056338,-1.27,0.815,0.33000000000000007,0.47000000000000003,15,39,0.5492957746478874,1.6983232394366197,1.70111,1.9152,Hit,6,0.22535211267605634,0.4225352112676056,0.3380281690140845,0.05499999999999999,5,1,2.6071128948135045,0.59,0.15,-1.3303150000000001,0,Hit,1.22,-1.3825352112676057,71.0,15.0,4.0,0.22535211267605634,2.0,0.13333333333333333,0.8556490495748083,4.733333333333333,0.6901408450704225,0.5737036671893039,0.12972159179638262,0.7024999999999999,0.2,0.8,2.0,-0.527,0.07200000000000001,0.2,0.26885647276051305,0.5049058436668935,0.2360493709063805,1.597552271811392,2.6,0.5992857142857142,0.30978191836887664,0.75,5,0.13859559212078165,0.29,0.0,5,0.2964399999999998,0.0,0.25799999999999995,0.30719700519373555,5,0.28778399999999993,0.28687751169706555,0.13299999999999998,0.1086047881080756,5,0.15153599999999987,0.1061815988884137,-0.03200000000000003,-0.157,-0.12499999999999997,-0.008655999999999886,-0.14490399999999995,-0.13624800000000006
2854,0,15,1,1,1,late,r1,9,9-12,5,4,5,4,9,1,0,0,0,0,1,5,4,5,9,0.180610390221603,1,0.226010052274232,0.04539966205262899,1,0,1,0.2974445832772891,0.4162909991607476,0.35172431335667176,0.5132974253915376,0.4162909991607476,0.7351878820959495,103,1.18,1.025,0.15500000000000003,1.0,0.7927184466019418,-0.845,2.025,0.05249999999999999,0.17999999999999994,79,83,0.8058252427184466,0.3453978640776699,0.0,1.23191,Hit,6,0.3106796116504854,0.3300970873786408,0.34951456310679613,0.17999999999999994,6,1,1.6498066980301846,0.2,0.575,1.0,0,Draw,0.0,0.0,103.0,21.0,4.0,0.8058252427184465,20.0,0.9523809523809523,0.3527369907383066,4.904761904761905,0.5048543689320388,0.05083976362510454,0.48976097748544534,0.2572289156626505,0.0,1.0,83.0,1.0,0.17999999999999994,0.0,0.23406913550052422,1.0,0.7659308644994758,0.041244293185568395,21.0,1.0,0.15511384617126706,1.0,5,0.0,2.005,0.0,5,2.42591,0.0,2.005,0.0,5,2.42591,0.0,0.1799999999999999,0.0,5,0.0,0.0,0.0,-1.825,-1.825,0.0,-2.42591,-2.42591
1221,1,10,0,6,0,mid,mid_r5-8,10,9-12,5,5,5,5,10,0,0,0,0,0,1,6,4,5,9,0.06569629161193065,0,0.4160109626632448,0.35031467105131414,0,2,-2,0.30362568895928504,0.3854998755981042,0.34816625682311947,0.6232616353506759,0.3854998755981042,0.8168754245510551,113,-0.575,-0.64,0.06500000000000006,-1.565,-1.5368141592920355,-2.205,1.6300000000000001,0.3999999999999999,0.99,4,11,0.09734513274336283,1.8313450442477877,1.82143,1.97848,Hit,6,0.35398230088495575,0.3185840707964602,0.3185840707964602,0.54,1,1,2.667919812153199,0.625,0.145,-1.5642399999999999,1,Hit,1.3800000000000001,0.5035840707964602,113.0,23.0,4.0,0.23008849557522124,9.0,0.391304347826087,0.751361984402086,4.913043478260869,0.672566371681416,0.5582014534582067,0.19943996116031965,1.165,0.4,0.4,2.0,-0.8219999999999998,0.24699999999999997,0.4,0.33493983659388316,0.26608917931534,-0.0688506572785432,1.6998655574541055,5.4,0.2666399596788247,0.3290820863701251,0.95,5,0.13095831425526389,0.6220000000000001,0.10733126291999003,5,0.664283,0.1232118176961933,0.502,0.09549869109050668,5,0.504605,0.12013435062462358,0.24699999999999997,0.3220558957696629,5,0.24933200000000003,0.3370397107649186,-0.1200000000000001,-0.3750000000000001,-0.255,-0.159678,-0.41495099999999996,-0.25527299999999997
7301,6,14,0,2,0,late,late_r2-4,14,13-16,7,7,7,7,14,0,0,0,0,0,1,11,3,7,13,0.13027714993029557,1,0.18891087855388244,0.05863372862358687,2,0,2,0.3159071422534805,0.3802318222170781,0.4162723490841641,0.5520689840158066,0.3802318222170781,1.143625594371477,145,1.985,1.975,0.010000000000000009,1.785,1.4727241379310345,-0.27,2.255,0.855,0.20000000000000018,84,95,0.6551724137931034,0.736237303448276,0.493052,0.211601,Draw,6,0.38620689655172413,0.27586206896551724,0.3310344827586207,0.010000000000000009,6,0,0.3060883464681327,0.0,0.97,1.8847065,0,Draw,-0.014999999999999902,-0.41886206896551725,145.0,29.0,4.0,0.23448275862068962,12.0,0.4137931034482759,0.7454823268599269,5.0,0.6758620689655173,0.9018240183016545,0.15636282366322796,2.2350000000000003,0.0,0.6,17.0,1.9609999999999999,0.02400000000000002,0.8,0.7574382096676675,0.780050196640057,0.022611986972389465,1.0540738611643174,4.2,0.7299932337784132,0.7612785072151407,0.85,5,0.02806672029815133,1.11,0.0,5,1.7060115,0.0,0.6770000000000002,0.6031749331661587,5,1.0376529,0.8224429035169707,0.09900000000000005,0.10490471867366125,5,0.18862159999999997,0.2134567556875983,-0.43299999999999994,-1.0110000000000001,-0.5780000000000001,-0.6683585999999999,-1.5173899,-0.8490313000000002
5248,0,3,1,13,1,early,early_r9+,2,2-4,1,1,1,1,2,0,0,0,0,0,1,2,0,1,2,0.1366614770738264,0,0.793122089270625,0.6564606121967986,0,1,-1,0.661473869755262,0.661473869755262,0.2917685,0.15575000000000117,0.661473869755262,0.16337508491021102,49,1.33,1.27,0.06000000000000005,0.89,0.8927551020408163,0.53,0.8,0.16999999999999993,0.44000000000000006,9,30,0.6122448979591837,2.189506530612245,2.19681,2.02758,Draw,6,0.16326530612244897,0.5714285714285714,0.24489795918367346,0.15500000000000003,5,0,2.7476389025554906,0.245,0.445,0.3162100000000001,1,Draw,1.5950000000000002,1.2945918367346938,49.0,10.0,4.0,0.16326530612244897,1.0,0.1,0.9344292513409627,4.9,0.7551020408163265,0.26152596953605095,0.14155058767892267,0.3350000000000001,0.0,0.4,4.0,1.016,0.31400000000000006,0.2,0.03492941295943922,0.31436003971663046,0.2794306267571912,2.105669023674268,4.8,0.25090909090909086,0.0022048097967526715,0.8,5,0.3826292395957432,0.4440000000000001,0.08026518547913532,5,0.48729200000000006,0.0969778972627269,0.261,0.18036074961032963,5,0.3291360000000001,0.2280634122179619,0.45200000000000007,0.22562690442409572,5,0.5716180000000002,0.19503944250458674,-0.1830000000000001,0.007999999999999952,0.19100000000000006,-0.15815599999999996,0.08432600000000012,0.2424820000000001
2545,3,15,1,1,1,late,r1,4,2-4,3,1,3,1,4,2,0,0,0,0,1,3,1,2,4,0.1379387298656893,1,0.4002212937376064,0.26228256387191706,2,0,2,0.36250933540531005,0.5070027825877275,0.21808787484115205,0.44044782537208693,0.5070027825877275,0.32675016982042204,61,2.98,2.965,0.015000000000000124,2.0,2.1115573770491802,1.23,1.75,0.0,0.98,8,9,0.14754098360655737,0.12449303934426229,0.0,0.14,Draw,6,0.13114754098360656,0.45901639344262296,0.39344262295081966,0.20000000000000018,2,0,0.14144054254182067,0.0,1.0,2.91,1,Draw,0.0,0.0,61.0,13.0,4.0,0.8032786885245902,12.0,0.9230769230769231,0.38388966872551344,4.6923076923076925,0.6229508196721312,0.025743654364196518,0.3775383891985254,0.13877551020408152,1.0,1.0,49.0,2.98,0.0,1.0,0.3324192764781088,0.7359800721939873,0.4035607957158785,0.033961236503585464,1.0,0.7359800721939873,0.3324192764781088,1.0,5,0.0,0.0,0.0,5,0.0,0.0,0.0,0.0,5,0.0,0.0,0.0,0.0,5,0.0,0.0,0.0,0.0,0.0,0.0,0.0,0.0
6335,1,11,1,5,1,mid,mid_r5-8,2,2-4,0,2,0,2,2,-2,0,0,0,0,0,2,0,0,2,0.6972553560611778,0,0.9527815931098792,0.25552623704870137,0,2,-2,0.3238659754296524,0.3238659754296524,0.09621449999999998,0.1302500000000002,0.3238659754296524,0.16337508491021102,53,1.125,0.965,0.16000000000000003,0.135,0.18339622641509434,-0.45,1.575,0.39,0.99,2,5,0.09433962264150944,1.6078462264150943,1.62073,1.49645,Hit,5,0.3018867924528302,0.5660377358490566,0.11320754716981132,0.7,1,1,2.1982918886624767,0.24,0.455,0.37677499999999997,1,Hit,0.31499999999999995,1.2635849056603774,53.0,11.0,4.0,0.1509433962264151,2.0,0.18181818181818182,0.934148555226181,4.818181818181818,0.8301886792452831,0.7685820546911007,0.13853893112181806,0.8635416666666667,0.2,1.0,6.0,0.9559999999999998,0.169,1.0,0.2499179739097009,0.3467645877007651,0.09684661379106418,1.5569587762109147,2.2,0.42181818181818187,0.25554614253648433,0.9,5,0.1548576132188741,0.74,0.3242298567374695,5,0.78271,0.33482881895081856,0.15,0.17578395831246946,5,0.13993099999999997,0.14137860978592198,0.16899999999999998,0.129634100452003,5,0.18368499999999993,0.12981599670302574,-0.59,-0.571,0.01899999999999999,-0.642779,-0.5990250000000001,0.04375399999999996
8275,4,5,1,11,1,early,early_r9+,5,5-8,3,2,3,2,5,1,0,0,0,0,1,2,3,3,5,0.26305334684052206,0,0.3305802272610996,0.06752688042057753,0,2,-2,0.3442200427691576,0.4833236269591305,0.2188477530471719,0.457892278161578,0.4833236269591305,0.40843771227552755,71,1.005,0.935,0.06999999999999984,0.555,0.5565492957746478,0.135,0.8699999999999999,0.2849999999999999,0.44999999999999984,14,41,0.5774647887323944,2.0161392957746473,2.0024,1.98871,Hit,6,0.22535211267605634,0.4225352112676056,0.3380281690140845,0.06999999999999984,4,1,2.6655316501023023,0.335,0.415,0.037675000000000014,0,Draw,-0.5750000000000002,1.568661971830986,71.0,15.0,4.0,0.2535211267605634,7.0,0.4666666666666667,0.7964126325213763,4.733333333333333,0.676056338028169,0.47262507098202466,0.15236224877460527,0.7699999999999999,0.0,0.0,1.0,0.8720000000000001,0.13299999999999984,0.0,0.10656910234854364,-0.031072584349062238,-0.13764168669760588,1.8159462807560183,9.4,-0.02820949613545052,0.08903756061872713,0.8,5,0.19050307406222988,0.3429999999999999,0.2370021096952514,5,0.359858,0.2363082450846774,0.3589999999999999,0.20577293310831718,5,0.45369800000000005,0.2576524931860742,0.3259999999999998,0.2351967261676914,5,0.43463,0.2574083254772464,0.01599999999999996,-0.017000000000000126,-0.033000000000000085,0.09384000000000003,0.074772,-0.01906800000000003
963,5,13,1,3,1,late,late_r2-4,8,5-8,6,2,6,2,8,4,0,0,0,0,1,3,5,3,8,0.31602984431853853,1,0.4593563715678729,0.14332652724933437,1,0,1,0.31260140526820807,0.4396715257687147,0.3776292004028255,0.6634237775311879,0.4396715257687147,0.6535003396408441,89,1.235,1.225,0.010000000000000009,0.81,0.7187640449438202,-0.315,1.55,0.39,0.42500000000000004,14,54,0.6067415730337079,1.6887747191011233,1.713,1.95953,Hit,6,0.1797752808988764,0.33707865168539325,0.47191011235955055,0.10000000000000009,5,1,2.513085534707235,0.345,0.495,0.508345,0,Hit,-0.4849999999999999,-0.07410112359550565,89.0,18.0,4.0,0.29213483146067415,7.0,0.3888888888888889,0.7496576497580033,4.944444444444445,0.6629213483146067,0.6069489455549089,0.19856236614400133,1.4649999999999999,0.0,0.0,5.0,1.034,0.20100000000000015,0.4,0.3040362950294646,0.5569798671791004,0.2529435721496359,1.597602238116949,8.0,0.5473448128880717,0.32878790530821195,0.8,5,0.2658320255429091,0.3750000000000001,0.0,5,0.685215,0.0,0.3750000000000001,0.0,5,0.685215,0.0,0.32000000000000006,0.05196152422706633,5,0.500244,0.19887582829494385,0.0,-0.05500000000000005,-0.05500000000000005,0.0,-0.184971,-0.184971
176,5,11,1,5,1,mid,mid_r5-8,8,5-8,4,4,4,4,8,0,0,0,0,0,1,4,4,4,7,0.1394823748722376,1,0.4793334847473105,0.33985110987507294,3,0,3,0.2941253367460884,0.4217919810843709,0.3710311923955207,0.6638490452231977,0.4217919810843709,0.6535003396408441,97,1.585,1.505,0.08000000000000007,0.985,0.9622680412371134,0.28,1.305,0.35499999999999987,0.6,8,34,0.35051546391752575,1.9084549484536084,1.89997,1.83379,PreGuard,6,0.32989690721649484,0.35051546391752575,0.30927835051546393,0.08000000000000007,5,0,2.5944065815140784,0.21,0.51,0.668105,1,PreGuard,-1.415,-1.5368556701030927,97.0,20.0,4.0,0.2268041237113402,9.0,0.45,0.7749501491185365,4.85,0.7010309278350515,0.6562908329238253,0.1719595114866305,1.1849999999999998,0.2,0.4,22.0,1.439,0.146,0.6,0.26968500384296956,0.6347294109485738,0.3650444071056042,1.7406083519162219,6.8,0.6581694105744964,0.22490556061468,0.9,5,0.11208686791215587,0.368,0.15205262246998572,5,0.45266900000000004,0.1129750984951994,0.8039999999999999,0.40805024200458445,5,0.8988530000000001,0.3860892449065372,0.16399999999999998,0.11765415419780122,5,0.271078,0.07408031533410202,0.43599999999999994,-0.20400000000000001,-0.6399999999999999,0.4461840000000001,-0.18159100000000006,-0.6277750000000002
2199,1,13,1,3,1,late,late_r2-4,11,9-12,6,5,6,5,11,1,0,0,0,0,1,8,3,3,10,0.2812336910133643,1,0.3679630632020013,0.08672937218863697,1,0,1,0.31848208270011386,0.48187092968254536,0.591284477019403,0.5503356989034999,0.48187092968254536,0.8985629670061606,119,0.25,0.21,0.04000000000000001,-0.93,-0.9113025210084035,-1.765,2.0149999999999997,0.375,1.1800000000000002,2,6,0.05042016806722689,1.6228573109243696,1.56652,1.54839,Hit,6,0.33613445378151263,0.3025210084033613,0.35294117647058826,0.645,1,1,2.118908129335429,0.385,0.155,-0.524195,1,Hit,-0.73,-1.0441596638655462,119.0,24.0,4.0,0.2773109243697479,8.0,0.3333333333333333,0.7498470552190996,4.958333333333333,0.7142857142857143,0.4944397443148928,0.1989618009570239,1.435,0.0,0.4,6.0,-0.045,0.29500000000000004,0.6,0.3463676757981725,0.5486167147481357,0.2022490389499631,1.6225712947208042,7.6,0.530234783554903,0.36944664384167486,0.8,5,0.07575012621101777,0.55,0.0,5,0.7845150000000001,0.0,1.611,0.17253260561412728,5,1.931165,0.2171035287311103,0.429,0.3934526655139091,5,0.561314,0.43646618953247684,1.061,-0.12100000000000005,-1.182,1.14665,-0.2232010000000001,-1.3698510000000002
8298,3,11,1,5,1,mid,mid_r5-8,11,9-12,6,5,6,5,11,1,0,0,0,0,1,5,6,5,10,0.2229512457445338,1,0.2664152174407483,0.04346397169621452,1,0,1,0.3634157620260877,0.5154096515019706,0.41360929389012074,0.6333860761712428,0.5154096515019706,0.8985629670061606,119,1.185,1.15,0.03500000000000014,0.025,0.08941176470588234,-0.61,1.795,0.4275,1.1600000000000001,5,8,0.06722689075630252,1.8108553781512609,1.78459,2.06659,Hit,6,0.33613445378151263,0.3025210084033613,0.35294117647058826,0.45000000000000007,2,1,2.7279583876444096,0.3,0.43,0.15170499999999998,1,Hit,0.9800000000000001,-0.4751680672268907,119.0,24.0,4.0,0.25210084033613445,10.0,0.4166666666666667,0.7546887151323951,4.958333333333333,0.7394957983193278,0.6340174750022506,0.20843912066790643,1.685,0.6,0.8,2.0,1.171,0.014000000000000058,0.8,0.3752622962474188,0.5743510201666246,0.19908872391920585,1.6958836338267538,2.6,0.5745887742230104,0.3702904018142109,0.95,5,0.13068530627472533,1.234,0.24411575123289356,5,1.244373,0.296460198374082,0.43499999999999994,0.11180339887498948,5,0.4403309999999999,0.08370944080568209,0.01400000000000004,0.01917028951268087,5,0.039658,0.05430395296384969,-0.799,-1.22,-0.42099999999999993,-0.804042,-1.204715,-0.40067299999999995
6729,2,14,0,2,0,late,late_r2-4,13,13-16,7,6,7,6,13,1,0,0,0,0,1,7,6,4,12,0.2785736106112692,0,0.4210685209333513,0.1424949103220821,0,1,-1,0.2970931888078205,0.40232781959856845,0.4493066634973121,0.6676819516212122,0.40232781959856845,1.0619380519163715,135,0.665,0.62,0.04500000000000004,-0.67,-0.7257407407407409,-1.73,2.395,0.3374999999999999,1.335,3,3,0.022222222222222223,0.9621481333333335,0.934866,1.04536,Draw,6,0.35555555555555557,0.2814814814814815,0.35555555555555557,0.78,1,0,1.3950645806596687,0.225,0.115,0.14232,1,Draw,0.17500000000000004,0.2846296296296296,135.0,27.0,4.0,0.2074074074074074,8.0,0.2962962962962963,0.8040695620239378,5.0,0.6888888888888889,0.8787415459904994,0.13213612253999996,2.3583333333333334,0.2,1.0,3.0,0.6130000000000001,0.052000000000000046,1.0,0.5752625311644053,0.8268662850129415,0.2516037538485362,0.8772611200989889,1.2,0.8656406341916172,0.6325330228270499,0.85,5,0.0407560360217311,0.045,0.0,5,0.06213500000000001,0.0,0.045,0.0,5,0.06213500000000001,0.0,0.052000000000000005,0.02906888370749727,5,0.09861599999999991,0.055128019917279766,0.0,0.007000000000000006,0.007000000000000006,0.0,0.0364809999999999,0.0364809999999999
8119,5,4,0,12,0,early,early_r9+,4,2-4,2,2,2,2,4,0,0,0,0,0,1,2,2,2,4,0.32544571817714857,0,0.4046024460677406,0.07915672789059203,0,2,-2,0.44973703178350927,0.5382196305602692,0.197723921183351,0.5528081781911344,0.5382196305602692,0.32675016982042204,65,-0.18,-0.285,0.10499999999999998,-0.655,-0.6516153846153846,-1.115,0.935,0.255,0.47500000000000003,8,37,0.5692307692307692,2.0222324615384615,2.02672,2.02178,Draw,6,0.24615384615384617,0.46153846153846156,0.27692307692307694,0.195,6,0,2.6219768543804784,0.565,0.165,-1.19089,1,Draw,1.23,1.1205384615384615,65.0,13.0,4.0,0.21538461538461542,3.0,0.23076923076923078,0.8735420857426124,5.0,0.7538461538461538,0.39238396249524243,0.14206898130403178,0.5466666666666666,0.0,0.8,3.0,-0.32899999999999996,0.149,0.8,-0.05522680105609353,0.11904576384822145,0.17427256490431497,1.8192504797705022,4.2,0.110989010989011,-0.05304796275954895,0.9,5,0.20191122848265197,0.287,0.2832092865709033,5,0.295581,0.2586271164582322,0.26399999999999996,0.3067857558622955,5,0.2747750000000001,0.31730552662221323,0.15999999999999998,0.09585144756340411,5,0.191821,0.13040927643384884,-0.02300000000000002,-0.127,-0.10399999999999998,-0.02080599999999988,-0.10375999999999999,-0.08295400000000011
8189,0,14,0,2,0,late,late_r2-4,3,2-4,2,1,2,1,3,1,0,0,0,0,1,3,0,1,1,0.2607868748614497,0,1.355400591559559,1.0946137166981094,0,1,-1,0.8679862974148865,0.972139666246019,0.6887411273878999,0.2752102509395731,0.972139666246019,0.2450626273653165,55,0.025,-0.055,0.08,-1.75,-1.4526363636363635,-1.86,1.885,0.7525,1.775,2,3,0.05454545454545454,0.6528961272727273,0.498773,1.36542,Hit,6,0.14545454545454545,0.509090909090909,0.32727272727272727,0.81,1,1,1.509626435877142,0.615,0.205,-0.65771,1,Hit,-2.93,-0.9454545454545454,55.0,11.0,4.0,0.21818181818181817,2.0,0.18181818181818182,0.9199715735432552,5.0,0.7818181818181819,0.7789929505880768,0.19563680975365944,1.4808333333333334,0.2,1.0,6.0,-0.128,0.153,1.0,0.6737992658177645,0.8282195907600819,0.15442032494231733,0.6331549657560819,1.2,0.8452087149755828,0.7067212384672995,0.9,5,0.09112594366986043,0.08,0.0,5,0.028154999999999996,0.0,0.8100000000000002,0.0,5,0.6971100000000001,0.0,0.22200000000000003,0.3638955894209217,5,0.17727300000000001,0.3493898751502396,0.7300000000000002,0.14200000000000002,-0.5880000000000001,0.6689550000000001,0.14911800000000003,-0.5198370000000001
9791,0,8,0,8,0,mid,mid_r5-8,3,2-4,2,1,2,1,3,1,0,0,0,0,1,3,0,1,2,0.5089075229351626,1,0.7310487994682726,0.22214127653311,1,0,1,0.4488035267062852,0.797371366142583,0.803679303711513,0.16348802878362692,0.797371366142583,0.2450626273653165,55,-0.11,-0.24,0.13,-0.755,-0.7413636363636364,-1.2,1.0899999999999999,0.4574999999999999,0.645,3,21,0.38181818181818183,1.8501927272727274,1.8412,1.88359,PostGuard,6,0.14545454545454545,0.509090909090909,0.32727272727272727,0.13,5,0,2.534202115509512,0.555,0.195,-1.051795,1,PostGuard,-1.11,-1.6593636363636362,55.0,11.0,4.0,0.2545454545454545,2.0,0.18181818181818182,0.8793539588062839,5.0,0.7454545454545455,0.34595198738313254,0.2023930708819134,0.7916666666666665,0.0,0.4,14.0,-0.359,0.24900000000000003,1.0,0.2055792279201806,0.3861717708804834,0.1805925429603028,1.8215762097256238,5.0,0.4254545454545455,0.2575791745083778,0.75,5,0.08079166832893721,0.356,0.06618156843109718,5,0.26544199999999984,0.08919420830412704,0.275,0.2555386467836127,5,0.21132199999999993,0.28494248045877607,0.29,0.15767847031221477,5,0.21596899999999986,0.15259079221073596,-0.08099999999999996,-0.066,0.014999999999999958,-0.05411999999999992,-0.04947299999999999,0.004646999999999929
5487,5,5,1,11,1,early,early_r9+,5,5-8,3,2,3,2,5,1,0,0,0,0,1,2,3,5,5,0.13143140970102976,0,0.16571963341740767,0.03428822371637791,0,1,-1,0.2966544424005811,0.37797186933108284,0.24690428244127316,0.33194420374514744,0.37797186933108284,0.40843771227552755,71,1.085,1.06,0.02499999999999991,0.525,0.5307746478873239,0.08,1.005,0.26750000000000007,0.5599999999999999,5,29,0.4084507042253521,2.0279259154929576,2.02692,2.11608,Draw,6,0.22535211267605634,0.4225352112676056,0.3380281690140845,0.02499999999999991,6,0,2.812362784162976,0.3,0.44,0.03208999999999995,0,Hit,1.2449999999999999,1.2867605633802817,71.0,15.0,4.0,0.2535211267605634,4.0,0.26666666666666666,0.8618571817757565,4.733333333333333,0.7464788732394366,0.5311636124858525,0.14047870483772204,0.6691666666666665,0.0,0.0,6.0,0.704,0.38099999999999995,0.2,0.037073655969847116,0.032843971551067795,-0.004229684418779323,1.835290536648575,8.2,0.075,0.057377947042946686,0.85,5,0.19913096015007634,0.46099999999999997,0.0701248885917119,5,0.39164899999999997,0.07041893294775207,0.501,0.24651064885720456,5,0.45076399999999994,0.22621290945699804,0.571,0.2939260110980313,5,0.5440239999999998,0.286712005752288,0.040000000000000036,0.10999999999999999,0.06999999999999995,0.05911499999999997,0.15237499999999987,0.0932599999999999
4950,0,15,1,1,1,late,r1,5,5-8,3,2,3,2,5,1,0,0,0,0,1,4,1,2,3,0.32351025582661475,0,0.471355112170219,0.14784485634360428,0,1,-1,0.6671148869124756,0.7932543992604949,0.608777579388926,0.593079348485511,0.7932543992604949,0.40843771227552755,71,0.83,0.645,0.18499999999999994,-1.0,-0.9356338028169014,-1.75,2.58,0.0,1.83,2,2,0.028169014084507043,0.2678627943661972,0.0,1.64046,Hit,6,0.22535211267605634,0.4225352112676056,0.3380281690140845,1.1199999999999999,1,1,1.8650211849113498,0.35,0.295,0.009769999999999945,1,Hit,0.0,0.0,71.0,15.0,4.0,0.8028169014084507,14.0,0.9333333333333333,0.3754915568215845,4.733333333333333,0.5633802816901409,0.006784160565196998,0.4307744605799716,0.08017543859649123,0.0,1.0,57.0,-0.6,1.43,1.0,0.30582908905890566,-0.9999999999999998,-1.3058290890589055,0.028696711453532857,15.0,0.9999999999999998,0.30162428948431025,1.0,5,0.0,1.43,0.0,5,1.1245500000000002,0.0,1.43,0.0,5,1.1245500000000002,0.0,1.43,0.0,5,1.1245500000000002,0.0,0.0,0.0,0.0,0.0,0.0,0.0
9143,3,7,1,9,1,mid,early_r9+,6,5-8,3,3,3,3,6,0,0,0,0,0,1,5,1,4,5,0.21966432488415255,1,0.3682152775551281,0.14855095267097557,1,0,1,0.2912736684305707,0.390640979509803,0.2847179087581274,0.5378470313822205,0.390640979509803,0.490125254730633,81,1.135,1.09,0.04499999999999993,0.62,0.632962962962963,0.16,0.975,0.21499999999999997,0.515,8,39,0.48148148148148145,1.9467032098765433,1.95943,1.97908,Draw,6,0.2962962962962963,0.3950617283950617,0.2962962962962963,0.04499999999999993,5,0,2.722008619413706,0.28,0.455,0.14546000000000003,1,Draw,-0.24499999999999988,-0.020123456790123444,81.0,17.0,4.0,0.2962962962962963,6.0,0.35294117647058826,0.7531073246065421,4.764705882352941,0.7160493827160493,0.398103328661902,0.13470211737638393,0.6975,0.2,0.6,2.0,0.8210000000000001,0.314,0.6,0.09619355308121708,0.25003597176567033,0.15384241868445328,1.765666102757868,5.0,0.12463401123367923,0.0483877553054033,0.75,5,0.18877678999197817,0.364,0.3365709434874021,5,0.382011,0.3548802839409369,0.497,0.29284381502773804,5,0.5066189999999999,0.2924517818034283,0.45899999999999996,0.15797151641989132,5,0.46747000000000005,0.14838824195333,0.133,0.09499999999999997,-0.038000000000000034,0.12460799999999994,0.08545900000000006,-0.03914899999999988
4517,4,13,1,3,1,late,late_r2-4,11,9-12,5,6,5,6,11,-1,0,0,0,0,1,7,4,6,10,0.04022114374740002,1,0.33854057407028476,0.29831943032288477,1,0,1,0.3031081650971122,0.4271815395642582,0.378231283716816,0.5421853691731773,0.4271815395642582,0.8985629670061606,123,1.535,1.41,0.125,1.15,1.034878048780488,-0.765,2.3,0.19000000000000017,0.385,13,92,0.7479674796747967,0.8905034552845529,0.779166,1.29181,Hit,6,0.3902439024390244,0.3089430894308943,0.2926829268292683,0.125,6,1,1.5881061223602833,0.04,0.26,0.9989605,0,PostGuard,0.5349999999999999,0.09991869918699187,123.0,25.0,4.0,0.2601626016260163,8.0,0.32,0.7521985246165976,4.92,0.6910569105691057,0.766370938109666,0.13889532170769742,2.0325,0.2,0.6,2.0,1.377,0.15799999999999997,0.6,0.40618571289582606,0.5644201842974617,0.15823447140163555,1.023084969794088,4.6,0.5173136304734061,0.42970666205432595,0.7,5,0.06273461937366429,0.8699999999999999,0.0,5,0.9996905,0.0,0.15199999999999997,0.14407463343697943,5,0.19539659999999998,0.1605078512754127,0.18,0.11429129450662459,5,0.20908910000000006,0.14392127083209416,-0.718,-0.69,0.028000000000000025,-0.8042939,-0.7906014,0.01369250000000008
2994,5,10,0,6,0,mid,mid_r5-8,10,9-12,5,5,5,5,10,0,0,0,0,0,1,7,3,4,8,0.2269056840980413,0,0.3669229194817312,0.14001723538368993,0,3,-3,0.3723134684858969,0.5292430576982248,0.4839153013606927,0.6366401778870063,0.5292430576982248,0.8168754245510551,113,0.045,0.035,0.009999999999999995,-0.76,-0.7399557522123893,-1.33,1.375,0.36,0.805,8,17,0.1504424778761062,1.8890269911504427,1.8905,1.90341,Hit,6,0.35398230088495575,0.3185840707964602,0.3185840707964602,0.009999999999999995,3,1,2.5509232497495806,0.485,0.2,-0.823865,0,Draw,1.095,1.870884955752212,113.0,23.0,4.0,0.24778761061946902,10.0,0.43478260869565216,0.7721233292824431,4.913043478260869,0.672566371681416,0.6544894229150386,0.17658587771507644,1.2100000000000002,0.0,0.4,6.0,-0.172,0.217,0.0,0.33430546601945355,0.40103090559978505,0.0667254395803314,1.7639483193869292,7.4,0.3230987832997035,0.2875455764438179,0.8,5,0.12332698399193562,0.1639999999999999,0.21087318463948898,5,0.25433500000000003,0.18026918673888787,0.49700000000000005,0.4142704430682932,5,0.63604,0.4282267267902601,0.26199999999999996,0.18380016322081982,5,0.388006,0.17504386137479944,0.3330000000000002,0.09800000000000006,-0.2350000000000001,0.381705,0.13367099999999998,-0.24803400000000003
961,6,13,1,3,1,late,late_r2-4,13,13-16,6,7,6,7,13,-1,0,0,0,0,1,8,5,4,11,0.16346256707882695,0,0.18678067943178592,0.02331811235295897,0,4,-4,0.3150717826289745,0.4575614537194156,0.5216917942361444,0.6769732495392388,0.4575614537194156,1.0619380519163715,139,-1.735,-1.745,0.010000000000000009,-3.195,-2.9643884892086336,-3.51,1.7749999999999997,0.625,1.4599999999999997,7,19,0.1366906474820144,1.4047782014388488,1.37273,1.69846,Hit,6,0.4028776978417266,0.28776978417266186,0.302158273381295,0.03499999999999992,2,1,2.451874969045009,0.86,0.045,-2.48713,0,Draw,0.5849999999999997,0.6971223021582734,139.0,28.0,4.0,0.381294964028777,7.0,0.25,0.687805300764106,4.964285714285714,0.6690647482014388,0.8750181173784004,0.13717660617583124,1.5674528301886796,0.4,0.6,2.0,-1.873,0.1379999999999999,0.6,0.47550025389090794,0.5097255991954268,0.03422534530451896,1.4609459445802013,5.2,0.5293033236896173,0.45742478157676186,1.0,5,0.10512986726284389,0.0349999999999999,0.0,5,0.0,0.0,0.4159999999999998,0.21941399226120464,5,0.47176799999999985,0.2684163662484089,0.23399999999999985,0.21486623745949465,5,0.3350359999999998,0.22415542251415618,0.3809999999999999,0.19899999999999995,-0.18199999999999997,0.47176799999999985,0.3350359999999998,-0.13673200000000008
1566,1,3,1,13,1,early,early_r9+,3,2-4,1,2,1,2,3,-1,0,0,0,0,1,1,2,3,3,0.20012488444978305,0,0.286714031091958,0.08658914664217493,0,1,-1,0.33576071728991735,0.37196381377362725,0.1974709947100755,0.19212531211570066,0.37196381377362725,0.2450626273653165,59,0.975,0.91,0.06499999999999995,0.665,0.6552542372881356,0.26,0.715,0.20750000000000002,0.30999999999999994,19,52,0.8813559322033898,2.0570179661016947,2.04518,1.99609,Draw,6,0.2711864406779661,0.5084745762711864,0.2033898305084746,0.06499999999999995,6,0,2.69163460499961,0.325,0.385,-0.023044999999999982,1,Draw,1.25,1.3393220338983052,59.0,12.0,4.0,0.20338983050847456,4.0,0.3333333333333333,0.8715010455513118,4.916666666666667,0.7457627118644068,0.32914459834545323,0.12101825002709277,0.33291666666666664,0.2,0.2,6.0,0.8709999999999999,0.10399999999999998,0.4,0.12094388602104182,0.0019197127961875227,-0.11902417322485428,1.9447362110420279,5.8,0.10747600311838892,0.10509723815689571,0.8,5,0.3499090763185336,0.2709999999999999,0.1344154009033191,5,0.29319399999999995,0.1370460390890594,0.1749999999999999,0.13481468762712762,5,0.232366,0.1543628208718019,0.2379999999999999,0.1332103599574748,5,0.271481,0.1610171103252695,-0.096,-0.033,0.063,-0.060827999999999965,-0.021712999999999982,0.03911499999999998
1686,6,15,1,1,1,late,r1,2,2-4,1,1,1,1,2,0,0,0,0,0,0,0,2,1,1,0.2751286952461314,1,1.573680380382242,1.2985516851361105,1,0,1,1.503377843036088,1.503377843036088,0.7513536,0.022449999999999193,1.503377843036088,0.16337508491021102,49,1.0,1.0,0.0,0.2,0.15540816326530615,-1.0,2.0,1.34,0.8,15,17,0.3469387755102041,0.458341612244898,0.375633,0.0,Draw,6,0.16326530612244897,0.5714285714285714,0.24489795918367346,0.0,3,0,-0.0,0.0,0.0,1.0,1,Draw,0.0,0.0,49.0,10.0,4.0,0.8163265306122449,9.0,0.9,0.3823920054750749,4.9,0.7142857142857143,0.26418756987589803,0.6750279508101868,2.0,1.0,1.0,40.0,1.0,0.0,1.0,0.771734724997983,0.9185586535436918,0.1468239285457088,0.08,5.0,0.8845379626717029,0.7716746030981816,1.0,5,0.0,0.0,0.0,5,0.0,0.0,0.0,0.0,5,0.0,0.0,0.0,0.0,5,0.0,0.0,0.0,0.0,0.0,0.0,0.0,0.0
1201,0,6,0,10,0,mid,early_r9+,2,2-4,0,2,0,2,2,-2,0,0,0,0,1,2,0,1,2,0.4721983710076192,0,0.6233173866851461,0.15111901567752695,0,2,-2,0.6972533090278243,0.6972533090278243,0.26722525,0.22390000000000043,0.6972533090278243,0.16337508491021102,53,-0.385,-0.59,0.20499999999999996,-1.14,-1.110754716981132,-1.545,1.16,0.33999999999999997,0.7549999999999999,2,10,0.18867924528301888,2.0512392452830186,2.05255,1.91749,Draw,5,0.3018867924528302,0.5660377358490566,0.11320754716981132,0.31999999999999995,3,0,2.5535355411274985,0.55,0.15,-1.343745,1,Draw,1.44,0.4935849056603774,53.0,11.0,4.0,0.20754716981132076,3.0,0.2727272727272727,0.9093654852559407,4.818181818181818,0.8113207547169811,0.6330292608903794,0.14504873444001623,0.7075000000000001,0.0,0.8,4.0,-0.7469999999999999,0.36199999999999993,0.8,0.08448741251663475,0.322850015792339,0.2383626032757043,1.9952254197821169,3.4,0.32909090909090905,0.08453920122188671,0.95,5,0.3242435399329733,0.392,0.2847718384953119,5,0.46556500000000006,0.323386245436475,0.45599999999999985,0.2678245694479877,5,0.507531,0.2967821181523577,0.36199999999999993,0.24211567483333252,5,0.40220199999999995,0.2435671034232662,0.06399999999999983,-0.030000000000000082,-0.09399999999999992,0.04196599999999989,-0.06336300000000011,-0.105329
5494,4,5,1,11,1,early,early_r9+,5,5-8,2,3,2,3,5,-1,0,0,0,0,1,4,1,3,5,0.1605349949419175,1,0.21701687174964038,0.056481876807722875,1,0,1,0.36566529936678827,0.392349753245382,0.23085780333304742,0.30371138536446074,0.392349753245382,0.40843771227552755,75,1.21,1.0,0.20999999999999996,0.555,0.5644666666666667,0.21,1.0,0.22000000000000003,0.6549999999999999,2,14,0.18666666666666668,1.9894389333333333,1.98907,2.17391,Hit,6,0.32,0.4266666666666667,0.24,0.20999999999999996,3,1,2.8447421218169904,0.26,0.435,0.12304500000000007,1,Hit,0.20999999999999996,-0.19673333333333334,75.0,15.0,4.0,0.18666666666666668,5.0,0.3333333333333333,0.8757178993805821,5.0,0.6933333333333334,0.2520118749979105,0.15456671485803766,0.5,0.0,0.0,6.0,0.7689999999999999,0.441,0.0,0.1473798625077139,0.08301126248122044,-0.06436860002649344,1.8669239640489859,6.6,0.08642857142857142,0.14526006319481394,0.75,5,0.28106034475884795,0.48599999999999993,0.11669404440673056,5,0.364159,0.1276925930408652,0.6119999999999999,0.35250177304518626,5,0.5464640000000001,0.31890016540055294,0.442,0.2619303342493954,5,0.4032430000000001,0.30240995735507775,0.12599999999999995,-0.04399999999999993,-0.16999999999999987,0.18230500000000005,0.03908400000000006,-0.143221
2492,4,15,1,1,1,late,r1,5,5-8,2,3,2,3,5,-1,0,0,0,0,1,2,3,4,4,0.07692507439222894,0,0.27978261925287534,0.2028575448606464,0,1,-1,0.3024149362254617,0.5199441956746944,0.393948461861176,0.61340282686013,0.5199441956746944,0.40843771227552755,75,1.65,1.175,0.47499999999999987,-1.0,-0.8219333333333333,-2.11,3.76,0.03750000000000009,2.65,1,2,0.02666666666666667,0.3864280093333333,0.0,0.638357,Hit,6,0.32,0.4266666666666667,0.24,0.47499999999999987,2,1,1.0078725331880818,0.03,0.71,1.3308214999999999,1,Hit,0.0,0.0,75.0,15.0,4.0,0.8133333333333332,14.0,0.9333333333333333,0.3596600130525386,5.0,0.5333333333333333,0.01778189257604115,0.7002515096978973,0.21877049180327868,0.0,1.0,61.0,1.175,0.4749999999999998,1.0,0.08035108644150102,0.7319250547113998,0.6515739682698988,0.06642435584272237,1.0,-0.6273643326097713,0.08262380622339843,1.0,5,0.0,0.4749999999999998,0.0,5,0.7791964999999998,0.0,0.4749999999999998,0.0,5,0.7791964999999998,0.0,0.4749999999999998,0.0,5,0.7791964999999998,0.0,0.0,0.0,0.0,0.0,0.0,0.0
8959,1,11,1,5,1,mid,mid_r5-8,8,5-8,4,4,4,4,8,0,0,0,0,0,1,6,2,5,7,0.1293541483061138,1,0.257187509854194,0.12783336154808017,1,0,1,0.290518905699785,0.4947929856051303,0.7051171399342838,0.3310081107389968,0.4947929856051303,0.6535003396408441,97,1.26,1.21,0.050000000000000044,0.31,0.42139175257731964,-0.145,1.405,0.445,0.95,4,21,0.21649484536082475,1.8436662886597937,1.84662,1.75283,Freeze,6,0.32989690721649484,0.35051546391752575,0.30927835051546393,0.050000000000000044,3,0,2.502271315133667,0.255,0.455,0.38358499999999995,1,Freeze,0.485,-0.46067010309278345,97.0,20.0,4.0,0.21649484536082478,6.0,0.3,0.7948828842296127,4.85,0.6701030927835051,0.2682491116944381,0.26895956150628314,0.8299999999999998,0.0,0.2,21.0,0.8969999999999999,0.36300000000000004,0.4,0.30618782531191224,0.39529355836051977,0.08910573304860755,1.6984347077394557,11.4,0.24390977443609022,0.29730194969715074,0.75,5,0.2560622467239377,0.849,0.2928395465096885,5,0.934071,0.23246656228369705,1.053,0.10022474744293441,5,1.128791,0.11067638035055175,0.379,0.04546977017755864,5,0.381362,0.08044616185685922,0.20399999999999996,-0.47,-0.6739999999999999,0.19472000000000012,-0.552709,-0.7474290000000001
1671,0,15,1,1,1,late,r1,10,9-12,4,6,4,6,10,-2,0,0,0,0,1,7,3,5,8,0.18854737751822412,0,0.4027541826424649,0.21420680512424076,0,2,-2,0.32340198209813165,0.47565175658987185,0.5385554945118619,0.5275006586725746,0.47565175658987185,0.8168754245510551,117,2.74,2.485,0.25500000000000034,-1.985,-1.1558547008547009,-2.0,4.74,1.6400000000000001,4.7250000000000005,1,2,0.017094017094017096,0.6336486393162394,0.121552,1.75568,Hit,6,0.41025641025641024,0.3247863247863248,0.2564102564102564,2.43,1,1,2.0631179685687893,0.085,0.88,1.8621600000000003,1,Hit,0.0,0.0,117.0,24.0,4.0,0.8034188034188035,23.0,0.9583333333333334,0.3499013977135025,4.875,0.6068376068376068,0.11888520892114925,1.2679056348793492,1.0506382978723408,0.0,1.0,94.0,-0.015,2.7550000000000003,1.0,0.7914532990292152,0.7223151185146153,-0.06913818051459997,0.08664051132586131,1.0,0.7223151185146153,0.7962019199410141,1.0,5,0.0,2.7550000000000003,0.0,5,2.7861100000000003,0.0,2.7550000000000003,0.0,5,2.7861100000000003,0.0,2.7550000000000003,0.0,5,2.7861100000000003,0.0,0.0,0.0,0.0,0.0,0.0,0.0
1385,7,11,1,5,1,mid,mid_r5-8,9,9-12,5,4,5,4,9,1,0,0,0,0,1,5,4,4,7,0.15705547846541268,1,0.39677587993727537,0.2397204014718627,2,0,2,0.31894264054215615,0.6507854938653578,0.8442040747867625,0.6013454786488033,0.6507854938653578,0.7351878820959495,103,1.18,1.16,0.020000000000000018,0.68,0.6867961165048543,0.075,1.105,0.29499999999999993,0.4999999999999999,16,53,0.5145631067961165,1.7500159223300973,1.74338,1.52892,Draw,6,0.3106796116504854,0.3300970873786408,0.34951456310679613,0.020000000000000018,6,0,2.280075684219501,0.205,0.475,0.4155399999999999,1,Draw,-0.8200000000000001,-1.0781553398058252,103.0,21.0,4.0,0.3106796116504854,8.0,0.38095238095238093,0.7369138696634067,4.904761904761905,0.6893203883495146,0.36257523342340653,0.18696343629043366,0.8433333333333334,0.0,0.2,24.0,0.9179999999999999,0.2619999999999999,0.0,0.1771248539702947,0.40139005008770423,0.22426519611740958,1.610938191654709,9.8,0.35785460114193784,0.1433471543583948,0.85,5,0.19258418883459513,0.29599999999999993,0.260969346858975,5,0.4235149999999999,0.3244424822098672,0.45999999999999985,0.27690250992000776,5,0.5880809999999999,0.25834260419547533,0.32099999999999984,0.1575357102373935,5,0.49318099999999987,0.18277461757585492,0.16399999999999992,0.02499999999999991,-0.139,0.16456599999999993,0.06966599999999995,-0.09489999999999998
6872,1,14,0,2,0,late,late_r2-4,13,13-16,7,6,7,6,13,1,0,0,0,0,1,10,3,6,12,0.247354973469304,1,0.4019253031148946,0.15457032964559062,1,0,1,0.29018351505383105,0.38538904660142465,0.36261030221273677,0.5373196024229239,0.38538904660142465,1.0619380519163715,135,1.02,1.015,0.0050000000000001155,0.74,0.3803703703703703,-1.585,2.605,1.0,0.28,62,81,0.6,0.8568994962962965,0.872224,0.647765,Hit,6,0.35555555555555557,0.2814814814814815,0.35555555555555557,0.0050000000000001155,6,1,0.9033420090600253,0.055,0.14,1.0,0,PostGuard,0.020000000000000018,-0.344962962962963,135.0,27.0,4.0,0.26666666666666666,11.0,0.40740740740740733,0.7367943226045147,5.0,0.7111111111111111,0.9029530267126706,0.18854414306593667,2.2162499999999996,0.0,1.0,33.0,0.986,0.03400000000000003,0.8,0.7872980228784856,0.8842061200342402,0.09690809715575457,0.9847669451058163,7.4,0.8737415326488698,0.8099144229301285,0.95,5,0.017829043568159546,0.135,0.0,5,0.589809,0.0,0.6300000000000001,0.5082691216275096,5,1.2245566,0.6201901896130735,0.24699999999999997,0.2930998123506735,5,0.6737333,0.4503525936077198,0.4950000000000001,0.11199999999999996,-0.3830000000000001,0.6347476000000001,0.08392429999999995,-0.5508233000000001
8785,1,4,0,12,0,early,early_r9+,2,2-4,1,1,1,1,2,0,0,0,0,0,1,1,1,1,2,0.1571274230966708,0,0.7699684517589056,0.6128410286622348,0,1,-1,0.8577789198628097,0.8577789198628097,0.008759500000000003,0.4288000000000025,0.8577789198628097,0.16337508491021102,49,-0.32,-0.335,0.015000000000000013,-0.615,-0.6094897959183673,-0.88,0.56,0.18499999999999994,0.295,19,45,0.9183673469387755,1.9744842857142857,1.96794,1.79933,Freeze,6,0.16326530612244897,0.5714285714285714,0.24489795918367346,0.015000000000000013,5,0,2.497831453048018,0.58,0.16,-1.219665,1,Freeze,0.12,0.08244897959183674,49.0,10.0,4.0,0.20408163265306123,1.0,0.1,0.9276124801637853,4.9,0.7959183673469388,0.49628629722325635,0.09471385400270844,0.373,0.0,0.8,5.0,-0.44800000000000006,0.128,0.8,0.01126366222405632,0.15138600588178938,0.14012234365773307,1.8395688696128207,3.8,0.09333333333333331,0.06145856758469581,0.85,5,0.19589044205950035,0.2859999999999999,0.19462785001124583,5,0.386932,0.20440462377353408,0.33599999999999997,0.1270039369468521,5,0.391574,0.13413467031308493,0.2559999999999999,0.13183322798141597,5,0.36560299999999996,0.14775558756778034,0.050000000000000044,-0.030000000000000027,-0.08000000000000007,0.0046419999999999795,-0.021329000000000042,-0.025971000000000022
1835,0,15,1,1,1,late,r1,4,2-4,1,3,1,3,4,-2,0,0,0,0,1,3,1,1,2,0.4603072314233622,0,0.6975201703893577,0.23721293896599543,0,1,-1,1.149499828036803,1.2733031394263306,0.7852166785132672,0.7767407369901486,1.2733031394263306,0.32675016982042204,69,1.235,1.215,0.020000000000000018,-1.0,-0.7899275362318839,-1.45,2.685,0.06000000000000005,2.2350000000000003,3,4,0.057971014492753624,0.3283091115942029,0.0,1.19573,Hit,6,0.34782608695652173,0.463768115942029,0.17391304347826086,1.0450000000000002,1,1,1.5283534284789368,0.135,0.57,0.884263,0,Hit,0.0,0.0,69.0,14.0,4.0,0.8115942028985508,13.0,0.9285714285714286,0.3664772253771886,4.928571428571429,0.5652173913043478,0.4295731015910471,0.4557498918999726,2.3449999999999998,1.0,1.0,56.0,1.235,0.0,1.0,0.4504963327445739,0.40822312955721285,-0.04227320318736105,0.03976647262275484,6.0,-0.10990622718848038,0.3268056417061043,1.0,5,0.0,0.0,0.0,5,0.24712799999999993,0.0,0.0,0.0,5,0.24712799999999993,0.0,0.012,0.010954451150103323,5,0.1325507999999999,0.10459419502630155,0.0,0.012,0.012,0.0,-0.11457720000000002,-0.11457720000000002
6216,7,8,0,8,0,mid,mid_r5-8,3,2-4,2,1,2,1,3,1,0,0,0,0,0,2,1,1,1,0.14859698696824317,1,1.2256058848177913,1.0770088978495482,2,0,2,1.2830203261866282,1.4575075224099592,1.1605497832067964,0.3476020937157254,1.4575075224099592,0.2450626273653165,55,0.075,-0.04,0.11499999999999999,-0.555,-0.5126363636363637,-0.85,0.9249999999999999,0.2025,0.63,6,12,0.21818181818181817,1.7844223636363639,1.75413,1.99984,PostGuard,6,0.14545454545454545,0.509090909090909,0.32727272727272727,0.11499999999999999,4,0,2.5287325097290196,0.565,0.23,-0.9249200000000001,1,PostGuard,-2.355,-3.0407272727272723,55.0,11.0,4.0,0.2909090909090909,3.0,0.2727272727272727,0.8500395499285572,5.0,0.7636363636363637,0.2623213753525282,0.15756382842534034,0.37199999999999994,0.0,0.6,16.0,-0.36800000000000005,0.44300000000000006,0.8,0.08045718532938018,0.37582979213240125,0.2953726068030211,1.7480963413323607,4.6,0.21454545454545454,0.04623136226551052,0.85,5,0.2519338893450715,0.42300000000000004,0.16056929968085432,5,0.33262199999999986,0.14429806805706022,0.28099999999999997,0.2024660465362032,5,0.23320999999999997,0.17018702972759123,0.566,0.2438083263549463,5,0.47506499999999996,0.2191575444742891,-0.14200000000000007,0.1429999999999999,0.285,-0.09941199999999989,0.1424430000000001,0.241855
8471,6,5,1,11,1,early,early_r9+,5,5-8,2,3,2,3,5,-1,0,0,0,0,1,3,2,3,5,0.37875472272171123,0,0.45972204174261544,0.0809673190209042,0,1,-1,0.4444981132063479,0.6077140697719846,0.31235999724074787,0.5226616129007364,0.6077140697719846,0.40843771227552755,75,1.06,1.04,0.020000000000000018,0.64,0.6450666666666668,0.29,0.77,0.25249999999999995,0.42000000000000004,13,52,0.6933333333333334,2.0262111999999997,2.0195,2.10628,PreGuard,6,0.32,0.4266666666666667,0.24,0.09000000000000008,6,0,2.788642265426805,0.3,0.425,0.03025000000000011,0,PreGuard,2.06,1.4365333333333332,75.0,15.0,4.0,0.28,5.0,0.3333333333333333,0.782667632166528,5.0,0.7066666666666667,0.2269208329755777,0.1437609576090295,0.36,0.0,0.4,18.0,0.861,0.19900000000000007,0.4,0.0614521167023764,0.1324948108016119,0.07104269409923551,1.8964447731464342,9.6,0.056428571428571425,0.08820670129107129,0.7,5,0.2743023322007652,0.44300000000000006,0.18447899609440638,5,0.40105,0.2132170116630003,0.364,0.1334353776177817,5,0.40633600000000014,0.16154574276346628,0.391,0.0885578906704535,5,0.4373630000000001,0.14474906634413914,-0.07900000000000007,-0.052000000000000046,0.027000000000000024,0.005286000000000124,0.036313000000000095,0.03102699999999997
256,3,12,0,4,0,late,late_r2-4,6,5-8,4,2,4,2,6,2,0,0,0,0,1,3,3,3,6,0.25418872628226613,0,0.33358064188588654,0.07939191560362041,0,2,-2,0.29985606574488316,0.5213935487844957,0.3751696523952882,0.4532932641605569,0.5213935487844957,0.490125254730633,77,0.495,0.35,0.14500000000000002,-0.92,-0.8382467532467532,-1.505,2.0,0.30500000000000005,1.415,2,3,0.03896103896103896,1.682315974025974,1.67504,1.85741,Hit,6,0.2077922077922078,0.38961038961038963,0.38961038961038963,0.45,2,1,2.5022433839759426,0.445,0.31,-0.433705,1,Hit,-1.88,0.7377272727272728,77.0,16.0,4.0,0.2857142857142857,7.0,0.4375,0.7176123490411035,4.8125,0.7012987012987013,0.6571726790589723,0.18462776159679747,1.7599999999999998,0.4,1.0,2.0,0.40800000000000003,0.08700000000000001,1.0,0.3266985386700921,0.39719125039756065,0.07049271172746856,1.569944383251268,1.6,0.4475293901384229,0.3474545734236326,0.85,5,0.15190303236986621,1.2399999999999998,0.24959967948697362,5,1.133951,0.24055589458065674,0.819,0.3368493728656771,5,0.814222,0.4298636175812045,0.087,0.07941977083824908,5,0.10508100000000001,0.09592539010866727,-0.4209999999999998,-1.1529999999999998,-0.732,-0.31972899999999993,-1.02887,-0.709141
5778,2,9,1,7,1,mid,mid_r5-8,8,5-8,4,4,4,4,8,0,0,0,0,0,1,4,4,3,8,0.09724930805147183,1,0.29744157080173106,0.20019226275025923,1,0,1,0.38035578643960744,0.5015484339339831,0.4449653596997692,0.5530744728334517,0.5015484339339831,0.6535003396408441,97,0.915,0.635,0.28,0.21,0.19649484536082476,-0.355,1.27,0.36,0.7050000000000001,1,20,0.20618556701030927,1.954989587628866,1.96565,1.80493,PostGuard,6,0.32989690721649484,0.35051546391752575,0.30927835051546393,0.28,4,0,2.524477410514375,0.3,0.38,0.012535000000000074,1,PostGuard,-0.08499999999999996,-0.12711340206185567,97.0,20.0,4.0,0.4020618556701031,7.0,0.35,0.6852298500966506,4.85,0.6701030927835051,0.526049090511164,0.16911833026622056,0.6516666666666666,0.0,0.8,39.0,0.52,0.395,0.6,0.2203606619195467,0.2381065540383665,0.017745892118819766,1.8366755727237247,8.8,0.23007518796992477,0.20778611662786967,0.85,5,0.2176874029153222,0.526,0.22669913983074574,5,0.5863700000000001,0.2184635841221598,0.524,0.20057417580536138,5,0.586317,0.22135031840388214,0.465,0.1263427876849328,5,0.5223570000000001,0.10614257060670806,-0.0020000000000000018,-0.061,-0.059,-5.300000000008076e-05,-0.06401299999999999,-0.0639599999999999
6320,4,15,1,1,1,late,r1,9,9-12,5,4,5,4,9,1,0,0,0,0,1,7,2,2,9,0.323054990862237,0,0.4444322952981681,0.12137730443593109,0,3,-3,0.31474235145750096,0.4422829296129319,0.5172001625133027,0.4085788350422039,0.4422829296129319,0.7351878820959495,103,-0.055,-0.175,0.12,-2.995,-2.470242718446602,-3.0,2.945,0.75,2.94,6,7,0.06796116504854369,0.4470799009708738,0.0705337,1.73262,Hit,6,0.3106796116504854,0.3300970873786408,0.34951456310679613,1.8900000000000001,1,1,1.623168208837928,0.72,0.225,-0.9213100000000001,1,Hit,0.0,0.0,103.0,21.0,4.0,0.8058252427184465,20.0,0.9523809523809523,0.3527369907383066,4.904761904761905,0.5048543689320388,0.09751989871178202,0.8812611996881362,0.657409638554217,0.0,1.0,83.0,-0.5,0.445,1.0,0.7451766770146415,1.0,0.2548233229853585,0.04913967436687058,1.0,1.0,0.7547190116178252,1.0,5,0.0,0.445,0.0,5,0.504705,0.0,0.445,0.0,5,0.504705,0.0,0.445,0.0,5,0.504705,0.0,0.0,0.0,0.0,0.0,0.0,0.0
1638,4,11,1,5,1,mid,mid_r5-8,9,9-12,5,4,5,4,9,1,0,0,0,0,1,6,3,4,8,0.31428325201957624,1,0.396632868360267,0.08234961634069077,1,0,1,0.2909684812638643,0.5631278037204378,0.6221237911892652,0.5757630848504823,0.5631278037204378,0.7351878820959495,103,0.715,0.715,0.0,0.205,0.19776699029126216,-0.375,1.0899999999999999,0.25,0.51,14,48,0.46601941747572817,1.7707223300970873,1.77471,1.83133,Draw,6,0.3106796116504854,0.3300970873786408,0.34951456310679613,0.0,5,0,2.407069546901561,0.395,0.305,-0.20066499999999998,1,Draw,0.7849999999999999,-0.4405339805825242,103.0,21.0,4.0,0.2524271844660194,6.0,0.2857142857142857,0.8083832074048882,4.904761904761905,0.7281553398058253,0.5062719371639124,0.14938467490413054,0.89625,0.2,0.2,4.0,0.601,0.11399999999999995,0.4,0.27875879114826135,0.32674765852689763,0.04798886737863624,1.661030105062674,6.2,0.3192207792207792,0.2789178765237363,0.85,5,0.2147407378731369,0.21999999999999992,0.013693063937629193,5,0.25548799999999994,0.05489823193874275,0.24999999999999992,0.13932874793092773,5,0.26958499999999996,0.16811928666872225,0.19699999999999993,0.1786966703662942,5,0.14129299999999995,0.1762941079418141,0.03,-0.022999999999999993,-0.05299999999999999,0.014097000000000026,-0.11419499999999999,-0.12829200000000002
2310,6,15,1,1,1,late,r1,13,13-16,7,6,6,6,12,0,1,0,1,1,1,5,7,4,9,0.036155815046685025,0,0.3789272776887954,0.3427714626421104,0,1,-1,0.3492546962948372,0.5240233706294207,0.5999006393366909,0.9206985532285582,0.5166515703444704,0.980250509461266,135,2.215,2.15,0.06499999999999995,-1.0,-0.7272592592592593,-1.38,3.5949999999999998,0.23249999999999993,3.215,2,2,0.014814814814814815,0.4741769985185185,0.0,2.13044,Hit,7,0.35555555555555557,0.32592592592592595,0.3111111111111111,2.1149999999999998,1,1,2.5051578826070795,0.25,0.7,1.1497799999999998,1,Hit,0.0,0.0,135.0,27.0,4.0,0.8074074074074075,26.0,0.962962962962963,0.33904765103143236,5.0,0.5481481481481482,0.0550270993423098,0.6420679414812658,0.5446330275229359,0.0,1.0,109.0,-0.39,2.605,1.0,0.4949563369641351,0.6240199689585152,0.1290636319943801,0.03704482955054393,1.0,-0.0018462129259127669,0.3688036343505877,0.75,5,0.0,2.605,0.0,5,2.30918,0.0,2.605,0.0,5,2.30918,0.0,2.605,0.0,5,2.30918,0.0,0.0,0.0,0.0,0.0,0.0,0.0
7921,5,4,0,12,0,early,early_r9+,2,2-4,1,1,1,1,2,0,0,0,0,0,1,1,1,2,2,0.16870756749179805,1,0.18606838451493918,0.01736081702314113,1,0,1,0.3499721354065174,0.3499721354065174,0.1302095,0.11689999999999756,0.3499721354065174,0.16337508491021102,49,-0.205,-0.295,0.09,-0.635,-0.6206122448979591,-1.07,0.8650000000000001,0.24,0.43000000000000005,7,35,0.7142857142857143,2.0004355102040816,1.99574,2.02558,PostGuard,6,0.16326530612244897,0.5714285714285714,0.24489795918367346,0.09,5,0,2.741421828083245,0.53,0.195,-1.2177900000000002,1,PostGuard,-1.205,-1.4438775510204083,49.0,10.0,4.0,0.20408163265306123,2.0,0.2,0.9293367980253521,4.9,0.7551020408163265,0.14936021057385648,0.14751157488988925,0.30500000000000005,0.0,0.6,8.0,-0.461,0.256,0.4,0.15369473963423486,0.10515521798275507,-0.04853952165147978,1.8257421381193208,4.6,0.013333333333333326,0.10522436628502858,0.7,5,0.29695286341162935,0.32799999999999996,0.10103217309352501,5,0.3238529999999998,0.10360638256159702,0.457,0.0816700679563817,5,0.4482689999999999,0.08380759209343754,0.392,0.1049761877760857,5,0.3812359999999998,0.13410016687163367,0.12900000000000006,0.06400000000000006,-0.065,0.12441600000000014,0.05738300000000002,-0.06703300000000012
1361,1,12,0,4,0,late,late_r2-4,4,2-4,2,2,1,2,3,-1,0,0,0,0,1,2,1,2,3,0.3924822164837553,1,0.5582891002669124,0.16580688378315706,1,0,1,0.908071959826971,1.1418612602638067,0.8628054002708302,0.6284748140339431,0.9091434913024851,0.2450626273653165,59,0.19,0.06,0.13,-0.735,-0.6647457627118644,-1.565,1.755,0.42749999999999994,0.925,4,9,0.15254237288135594,1.7328633898305084,1.75641,1.55367,Draw,6,0.2711864406779661,0.5084745762711864,0.2033898305084746,0.18,3,0,2.1655102786737706,0.41,0.21,-0.586835,1,Draw,-1.185,-1.4722881355932202,59.0,12.0,4.0,0.3389830508474576,3.0,0.25,0.8197092906902513,4.916666666666667,0.7627118644067796,0.6771074885690088,0.17589589909538242,1.515,0.0,0.2,5.0,-0.16399999999999998,0.354,0.2,0.23342660650551061,0.45186163302691024,0.2184350265213996,1.6181547812237675,4.6,0.49322640566473186,0.2555638282778034,0.8,5,0.18210002975865758,0.651,0.005477225575051663,5,0.622352,0.025781300781768268,0.601,0.12074767078498866,5,0.634355,0.15936456475640998,0.42300000000000004,0.2588822125987029,5,0.438113,0.23167674612485387,-0.050000000000000044,-0.22799999999999998,-0.17799999999999994,0.012002999999999986,-0.18423900000000004,-0.19624200000000003
5041,1,8,0,8,0,mid,mid_r5-8,3,2-4,2,1,2,1,3,1,0,0,0,0,1,2,1,3,3,0.31503686745522247,0,0.4411704710048093,0.1261336035495868,0,1,-1,0.3295695652699948,0.466435569920818,0.058521054140419124,0.43660733184661815,0.466435569920818,0.2450626273653165,55,0.14,0.08,0.06000000000000001,-0.395,-0.39872727272727265,-0.835,0.975,0.20999999999999996,0.535,2,24,0.43636363636363634,1.8190274545454548,1.81813,1.91583,Freeze,6,0.14545454545454545,0.509090909090909,0.32727272727272727,0.06000000000000001,5,0,2.5914093973726366,0.47,0.27,-0.817915,1,Freeze,1.03,0.184,55.0,11.0,4.0,0.2363636363636364,4.0,0.36363636363636365,0.8505336647519763,5.0,0.7636363636363637,0.269595896854329,0.15128940272973165,0.37,0.2,0.4,13.0,-0.193,0.333,0.4,0.04744202654905423,0.1545607951099762,0.10711876856092198,1.7750083563703174,4.8,0.05539856943077692,0.05759047409728306,0.9,5,0.30720728222420257,0.503,0.24314604664686618,5,0.503382,0.19250332275054372,0.5690000000000001,0.07056911505750943,5,0.5025190000000002,0.07164212957471323,0.395,0.2500499950009998,5,0.3278460000000001,0.19658884535369756,0.06600000000000006,-0.10799999999999998,-0.17400000000000004,-0.0008629999999998361,-0.17553599999999991,-0.17467300000000008
5033,7,5,1,11,1,early,early_r9+,5,5-8,3,2,3,2,5,1,0,0,0,0,1,3,2,4,5,0.3128975171585742,0,0.37951899679594175,0.06662147963736753,0,1,-1,0.39792797994737533,0.44904944708822203,0.29186442586009276,0.38997352422953047,0.44904944708822203,0.40843771227552755,71,1.165,1.115,0.050000000000000044,0.535,0.5517605633802819,0.195,0.97,0.3,0.63,4,21,0.29577464788732394,2.0782836619718306,2.09762,2.08992,Hit,6,0.22535211267605634,0.4225352112676056,0.3380281690140845,0.3500000000000001,4,1,2.800673287229685,0.28,0.43,0.12003999999999992,1,Hit,0.135,1.2592957746478874,71.0,15.0,4.0,0.2535211267605634,5.0,0.3333333333333333,0.8517748456336525,4.733333333333333,0.7887323943661971,0.6496142796997544,0.12404580569733462,0.97,0.2,0.2,1.0,0.9989999999999999,0.166,0.2,0.013821215241182721,0.025268689591955974,0.011447474350773267,1.9206548787284334,9.0,0.035714285714285754,0.01121943121019118,0.75,5,0.2897876517323066,0.508,0.23158691672890336,5,0.4656269999999999,0.22688160741342617,0.152,0.1391312330140145,5,0.16590999999999992,0.15190223994398497,0.17200000000000001,0.13535139452550907,5,0.18885599999999997,0.14751074598143693,-0.356,-0.33599999999999997,0.020000000000000018,-0.299717,-0.27677099999999993,0.02294600000000005
5022,1,15,1,1,1,late,r1,6,5-8,1,5,1,5,6,-4,0,0,0,0,1,3,3,3,4,0.06007215247425534,1,0.3774814073567101,0.31740925488245475,1,0,1,0.4187650587907203,0.5594387237112327,0.5992855380155061,0.5299266007875272,0.5594387237112327,0.490125254730633,89,1.25,1.155,0.09499999999999997,1.0,-0.09089887640449439,-4.425,5.675,2.02,0.25,49,56,0.6292134831460674,0.5832577752808988,0.223383,0.466369,Draw,6,0.449438202247191,0.4044943820224719,0.1348314606741573,0.14500000000000002,6,0,0.8699826896033129,0.005,0.26,1.0168155,1,Draw,0.0,0.0,89.0,18.0,4.0,0.8089887640449438,17.0,0.9444444444444444,0.3559616610097724,4.944444444444445,0.550561797752809,0.26395110994291576,1.626336843270107,5.3,1.0,1.0,72.0,1.25,0.0,0.0,0.7976263648717908,0.9051392757105037,0.10751291083871273,0.08320463312783069,11.0,0.9051392757105037,0.7758541030544963,1.0,5,0.0,0.0,0.0,5,0.0,0.0,0.0,0.0,5,0.0,0.0,0.0,0.0,5,0.0,0.0,0.0,0.0,0.0,0.0,0.0,0.0
9907,7,9,1,7,1,mid,mid_r5-8,5,5-8,3,2,2,2,4,0,0,0,0,0,0,2,2,1,4,0.5606831675732762,0,0.6893569279328358,0.12867376035955957,0,2,-2,0.9772656843847527,1.0574882587870897,1.1054028760871577,0.3669016838336935,0.9914615015110837,0.32675016982042204,65,1.01,0.98,0.030000000000000027,0.315,0.3395384615384616,-0.095,1.105,0.22000000000000003,0.6950000000000001,3,13,0.2,1.8641906153846155,1.84953,1.98492,Hit,6,0.24615384615384617,0.46153846153846156,0.27692307692307694,0.43500000000000005,3,1,2.6386407820490705,0.32,0.375,0.01754,1,Hit,1.63,1.6116153846153847,65.0,13.0,4.0,0.15384615384615385,3.0,0.23076923076923078,0.9160951015069541,5.0,0.6923076923076923,0.7003582145812502,0.11423853025200363,0.7433333333333333,0.2,0.6,6.0,0.7,0.31,0.6,0.14850050352011815,0.30463254884173646,0.15613204532161834,1.775383508231085,5.0,0.3473177889177427,0.12240986205062368,0.9,5,0.3043345663675534,0.38,0.24461704764795114,5,0.306423,0.1998921168593199,0.449,0.30227057415501096,5,0.35292599999999996,0.27589539384067285,0.348,0.19453791404248172,5,0.2963920000000001,0.16568816499677946,0.069,-0.03200000000000003,-0.10100000000000003,0.04650299999999996,-0.010030999999999901,-0.05653399999999986
8627,2,12,0,4,0,late,late_r2-4,9,9-12,5,4,5,4,9,1,0,0,0,0,1,4,5,6,8,0.2402010970520334,1,0.3532528538044662,0.11305175675243279,1,0,1,0.2988054316256617,0.4314054250426766,0.44750404029043134,0.5582364413440277,0.4314054250426766,0.7351878820959495,103,0.415,0.325,0.08999999999999997,-0.32,-0.30597087378640775,-1.33,1.745,0.48,0.735,6,31,0.30097087378640774,1.5428021359223298,1.51786,1.28949,PostGuard,6,0.3106796116504854,0.3300970873786408,0.34951456310679613,0.27,4,0,1.7935809999307726,0.33,0.14,-0.22974500000000003,1,PostGuard,-0.585,-1.1949999999999998,103.0,21.0,4.0,0.11650485436893203,4.0,0.19047619047619047,0.9172536169643545,4.904761904761905,0.6893203883495146,0.6728277393427484,0.18026018478562011,1.373,0.2,1.0,10.0,0.149,0.266,1.0,0.3822585294619937,0.4829497921353144,0.1006912626733207,1.5044940721221818,1.8,0.5053678317795597,0.37547642808400916,0.8,5,0.08849383065130431,0.13999999999999999,0.07826237921249264,5,0.12578399999999992,0.07031539362045834,0.48999999999999994,0.2567829823021768,5,0.648253,0.34569388905865833,0.275,0.15819292019556372,5,0.317287,0.18405505479339598,0.35,0.13500000000000004,-0.2149999999999999,0.5224690000000001,0.19150300000000006,-0.330966
1641,6,10,0,6,0,mid,mid_r5-8,10,9-12,5,5,5,5,10,0,0,0,0,0,1,6,4,7,10,0.13017676734444752,1,0.3919496257633116,0.2617728584188641,1,0,1,0.3210687325318467,0.37551707809111684,0.32215625001023107,0.45931242754795915,0.37551707809111684,0.8168754245510551,113,0.31,0.19,0.12,-0.395,-0.3968584070796461,-1.065,1.375,0.33000000000000007,0.7050000000000001,4,25,0.22123893805309736,1.8015409734513275,1.804,1.8259,Hit,6,0.35398230088495575,0.3185840707964602,0.3185840707964602,0.175,6,1,2.4936468727732204,0.435,0.29,-0.6029500000000001,1,Hit,-0.6699999999999999,-1.2016814159292035,113.0,23.0,4.0,0.25663716814159293,6.0,0.2608695652173913,0.7866229940142047,4.913043478260869,0.7079646017699115,0.4041555886331114,0.19195346096776636,1.255,0.2,0.8,29.0,0.024999999999999998,0.285,0.2,0.15453418036141714,0.10002388322012305,-0.05451029714129407,1.7471717463059104,9.8,0.11118307726070478,0.14344962398630762,0.7,5,0.16042975634139267,0.14099999999999996,0.04695742752749553,5,0.10324299999999982,0.03104333173162962,0.44699999999999995,0.1932808836900328,5,0.5034479999999999,0.24719129251452204,0.46299999999999997,0.3451195445059581,5,0.4764869999999998,0.32097586705623204,0.306,0.322,0.016000000000000014,0.4002050000000001,0.373244,-0.026961000000000068
7249,2,15,1,1,1,late,r1,13,13-16,6,7,6,7,13,-1,0,0,0,0,1,8,5,5,9,0.14375591719647743,1,0.38057707987870204,0.2368211626822246,1,0,1,0.31493745732288053,0.42111910147827936,0.4508733721024531,0.7106765932804355,0.42111910147827936,1.0619380519163715,139,1.0,1.0,0.0,1.0,0.5485251798561152,-1.06,2.06,0.9,0.0,94,97,0.697841726618705,0.40405140287769786,0.0,0.0,Draw,6,0.4028776978417266,0.28776978417266186,0.302158273381295,0.0,6,0,-0.0,0.0,0.0,1.0,1,Draw,0.0,0.0,139.0,28.0,4.0,0.8057553956834532,27.0,0.9642857142857142,0.3398704985243654,4.964285714285714,0.5971223021582733,0.10436749368659652,0.723414300769646,0.5603125,1.0,1.0,112.0,1.0,0.0,0.0,0.7086659014033405,0.9999999999999998,0.29133409859665926,0.03744334016093289,28.0,0.9999999999999998,0.715745690911517,1.0,5,0.0,0.0,0.0,5,0.0,0.0,0.0,0.0,5,0.0,0.0,0.0,0.0,5,0.0,0.0,0.0,0.0,0.0,0.0,0.0,0.0
4837,7,2,0,14,0,early,early_r9+,2,2-4,1,1,1,1,2,0,0,0,0,0,1,1,1,2,2,0.19808246291885473,0,0.21194578639123726,0.013863323472382533,0,1,-1,0.40787281115685925,0.40787281115685925,0.1631205,0.12239999999999895,0.40787281115685925,0.16337508491021102,49,-0.18,-0.195,0.015000000000000013,-0.6,-0.6038775510204082,-0.965,0.7849999999999999,0.28,0.42,7,32,0.6530612244897959,2.0355548979591838,2.037,2.14886,PostGuard,6,0.16326530612244897,0.5714285714285714,0.24489795918367346,0.015000000000000013,5,0,2.758056887468096,0.55,0.2,-1.21198,0,Draw,0.8200000000000001,-0.19010204081632653,49.0,10.0,4.0,0.16326530612244897,1.0,0.1,0.9515125134614388,4.9,0.7551020408163265,0.21302417152149,0.15256105740367576,0.3012499999999999,0.0,0.4,8.0,-0.48599999999999993,0.306,0.4,0.029766072613148474,0.15952074565580826,0.12975467304265978,1.8957014317357068,6.4,0.015757575757575762,-0.01615300538430594,0.75,5,0.24794205453874194,0.188,0.17185022548719567,5,0.18331699999999987,0.13357585039033074,0.356,0.15626099961282724,5,0.3551779999999999,0.13344270842762446,0.379,0.12048858867129283,5,0.36896499999999993,0.11874879883603033,0.16799999999999998,0.191,0.02300000000000002,0.171861,0.18564800000000006,0.01378700000000005
1039,2,15,1,1,1,late,r1,2,2-4,1,1,0,1,1,-1,0,0,0,0,1,1,0,1,1,0.38757888722870515,0,,,0,1,-1,2.0754094269000127,2.0754094269000127,1.0374306,0.023849999999999483,,0.08168754245510551,43,0.955,0.945,0.010000000000000009,-1.0,-0.7043023255813954,-1.0,1.955,0.30499999999999994,1.955,2,2,0.046511627906976744,0.2026878372093023,0.0,0.207304,Hit,5,0.18604651162790697,0.6511627906976745,0.13953488372093023,0.835,1,1,0.2647650339356807,0.0,0.0,0.851348,1,Hit,0.0,0.0,43.0,9.0,4.0,0.813953488372093,8.0,0.888888888888889,0.3947307742746859,4.777777777777778,0.7906976744186046,0.5307714690643245,0.40817728241237405,1.955,1.0,1.0,1.0,0.9549999999999998,0.0,1.0,0.7771699797893011,0.9097176522946843,0.13254767250538302,0.06220926330877914,1.0,0.7960029457578487,0.7771699797893011,1.0,5,0.0,0.9549999999999998,0.0,5,1.351348,0.0,0.9549999999999998,0.0,5,1.351348,0.0,0.0,0.0,5,0.0,0.0,0.0,-0.9549999999999998,-0.9549999999999998,0.0,-1.351348,-1.351348
7846,3,10,0,6,0,mid,mid_r5-8,4,2-4,2,2,2,2,4,0,0,0,0,0,1,3,1,2,4,0.24307686738149095,0,0.5722577134962878,0.3291808461147969,0,1,-1,0.5325147258722157,0.6933506176168547,0.5453535493881628,0.3156580537147739,0.6933506176168547,0.32675016982042204,65,-0.12,-0.21,0.09,-1.165,-1.0828461538461542,-1.68,1.56,0.3749999999999999,1.045,4,7,0.1076923076923077,1.7439824615384616,1.75014,1.73943,Hit,6,0.24615384615384617,0.46153846153846156,0.27692307692307694,0.44499999999999995,2,1,2.2762798441600625,0.605,0.17,-0.989715,1,Hit,-0.895,-0.18838461538461534,65.0,13.0,4.0,0.15384615384615385,4.0,0.3076923076923077,0.9056753941724656,5.0,0.6923076923076923,0.7657430897096221,0.16198254205703114,1.44,0.4,1.0,5.0,-0.191,0.071,0.6,0.33584991556492394,0.5211544135077064,0.18530449794278248,1.749497183466024,2.0,0.6098901098901098,0.389353670455683,0.85,5,0.269347289917483,0.5810000000000001,0.09126883367283707,5,0.519293,0.10522522152506966,0.516,0.1662227421263408,5,0.48872400000000005,0.14389423708925936,0.095,0.0565685424949238,5,0.13605999999999993,0.08036725250374056,-0.06500000000000006,-0.4860000000000001,-0.42100000000000004,-0.030568999999999957,-0.38323300000000005,-0.3526640000000001
5246,2,5,1,11,1,early,early_r9+,5,5-8,2,3,2,3,5,-1,0,0,0,0,1,4,1,3,5,0.1484947801966096,0,0.16942954760017512,0.020934767403565507,0,2,-2,0.29121464434612326,0.41419677871444616,0.28514669258643416,0.316821530834002,0.41419677871444616,0.40843771227552755,75,1.025,1.01,0.014999999999999902,0.595,0.5893999999999999,0.08,0.945,0.29500000000000004,0.42999999999999994,15,46,0.6133333333333333,2.088088533333334,2.09759,1.94792,Draw,6,0.32,0.4266666666666667,0.24,0.014999999999999902,6,0,2.6419654646307453,0.305,0.425,0.05103999999999986,1,Draw,2.605,1.8599333333333326,75.0,15.0,4.0,0.24,5.0,0.3333333333333333,0.8270998461770409,5.0,0.6933333333333334,0.3846161631071518,0.16466313738284452,0.5275000000000001,0.0,0.0,10.0,0.9299999999999999,0.09499999999999993,0.4,0.1538081839485876,0.2775197071545931,0.12371152320600547,1.8996222293809466,8.4,0.25499999999999995,0.13981005294691923,0.75,5,0.2544801786769082,0.34399999999999986,0.022472205054244222,5,0.4279289999999998,0.023368085447892352,0.17999999999999985,0.10295630140987001,5,0.23332499999999984,0.09455649693437251,0.12699999999999986,0.056191636388345165,5,0.17590799999999981,0.03701829507149133,-0.164,-0.217,-0.05299999999999999,-0.19460399999999994,-0.25202099999999994,-0.057417000000000024
4166,2,12,0,4,0,late,late_r2-4,6,5-8,3,3,3,2,5,1,0,0,0,0,1,3,2,3,4,0.039076530050786276,0,0.4522748805582734,0.41319835050748716,0,2,-2,0.46381653851064586,0.9280469207032681,1.2441718681345353,0.3386273303927016,0.7509264018911047,0.40843771227552755,75,0.19,0.185,0.0050000000000000044,-0.41,-0.41859999999999997,-0.98,1.17,0.21750000000000003,0.6,5,20,0.26666666666666666,1.5495509333333335,1.54038,1.65647,Hit,6,0.26666666666666666,0.4,0.32,0.175,4,1,2.1372947315140363,0.555,0.25,-0.6382350000000001,1,Hit,-2.72,0.8625999999999999,75.0,15.0,4.0,0.24,3.0,0.2,0.8686161085101537,5.0,0.76,0.5763513407948967,0.11972282828913675,1.0333333333333332,0.8,0.8,1.0,0.091,0.099,0.8,0.26864339086707884,0.440824435141465,0.17218104427438613,1.4739914654604056,1.6,0.3335714285714285,0.24659000455628463,0.85,5,0.20428414367043302,0.42000000000000004,0.0,5,0.4602549999999998,0.0,0.133,0.29739704100747205,5,0.11832899999999999,0.2645916877095726,0.23399999999999999,0.5232399067349508,5,0.230205,0.514754028760339,-0.28700000000000003,-0.18600000000000005,0.10099999999999998,-0.34192599999999984,-0.2300499999999998,0.111876
6533,4,6,0,10,0,mid,early_r9+,6,5-8,3,3,3,3,6,0,0,0,0,0,1,3,3,5,6,0.16938439277572193,1,0.28390619229773656,0.11452179952201463,1,0,1,0.33807951597576713,0.4119091953530946,0.24672240501395096,0.42046651075521513,0.4119091953530946,0.490125254730633,81,0.615,0.53,0.08499999999999996,0.04,0.01222222222222222,-1.12,1.735,0.42000000000000004,0.575,10,36,0.4444444444444444,1.990351234567901,2.00274,1.85924,PostGuard,6,0.2962962962962963,0.3950617283950617,0.2962962962962963,0.16999999999999998,5,0,2.578974336671392,0.355,0.34,-0.31462,1,PostGuard,-0.385,-1.1101851851851854,81.0,17.0,4.0,0.1728395061728395,6.0,0.35294117647058826,0.8556209499339669,4.764705882352941,0.7160493827160493,0.6861428206300104,0.18691285066072966,1.3954166666666667,0.0,0.4,10.0,0.31200000000000006,0.30299999999999994,0.4,0.26777972224495394,0.3645503492417542,0.09677062699680024,1.9478225654031882,4.8,0.42205882352941176,0.25175301410589424,0.75,5,0.13935856310417033,0.392,0.21712899391836185,5,0.473362,0.24762961370260228,0.3749999999999999,0.20817660771566054,5,0.4471279999999999,0.23255730255143578,0.30299999999999994,0.13321035995747482,5,0.34585499999999997,0.16056032760305386,-0.017000000000000126,-0.08900000000000008,-0.07199999999999995,-0.02623400000000009,-0.12750700000000004,-0.10127299999999995
5721,0,12,0,4,0,late,late_r2-4,11,9-12,5,6,5,6,11,-1,0,0,0,0,1,7,4,5,9,0.10364740434574055,1,0.2600080012061953,0.15636059686045478,2,0,2,0.3485998503201633,0.4790812122516403,0.3363883053882787,0.801713806131683,0.4790812122516403,0.8985629670061606,123,1.945,1.925,0.020000000000000018,1.595,1.44869918699187,0.48,1.465,0.5099999999999998,0.3500000000000001,44,74,0.6016260162601627,1.3580670894308942,1.26396,1.42196,Freeze,6,0.3902439024390244,0.3089430894308943,0.2926829268292683,0.020000000000000018,6,0,2.252942156451392,0.105,0.735,1.528588,0,PostGuard,-0.6249999999999998,-0.5665040650406503,123.0,25.0,4.0,0.2113821138211382,11.0,0.44000000000000006,0.788069712693449,4.92,0.6991869918699187,0.8840335092016925,0.12604652691895743,1.2325,0.2,0.4,16.0,1.8080000000000003,0.13700000000000007,0.2,0.4658445778534933,0.4602490373780599,-0.005595540475433358,1.3809433282663859,7.6,0.5200896227117976,0.491815140022683,0.8,5,0.26555547279965236,0.21900000000000003,0.3854607632431608,5,0.4883540999999999,0.43915547808669086,0.48200000000000004,0.5568729657650836,5,0.6925117000000001,0.7722517011674044,0.156,0.1061484809123522,5,0.3224466,0.11128821844561988,0.263,-0.06300000000000003,-0.32600000000000007,0.20415760000000016,-0.16590749999999987,-0.37006510000000004
4463,7,9,1,7,1,mid,mid_r5-8,9,9-12,5,4,5,4,9,1,0,0,0,0,1,6,3,5,9,0.1442573509747455,1,0.2069284523694114,0.06267110139466589,1,0,1,0.2929925521237722,0.4630240727669265,0.38688718195747973,0.5723533118452687,0.4630240727669265,0.7351878820959495,103,1.03,1.025,0.0050000000000001155,0.335,0.37456310679611643,-0.33,1.36,0.3775,0.6950000000000001,8,29,0.2815533980582524,1.9743918446601947,1.981,1.95425,Draw,6,0.3106796116504854,0.3300970873786408,0.34951456310679613,0.09999999999999998,4,0,2.6529828080227826,0.29,0.38,0.06656499999999987,0,Draw,-0.865,-0.5468446601941749,103.0,21.0,4.0,0.30097087378640774,9.0,0.42857142857142855,0.728619558962509,4.904761904761905,0.6601941747572816,0.431478862836504,0.1949583038542994,1.0716666666666668,0.6,0.6,1.0,0.968,0.06200000000000001,0.6,0.2457641567306244,0.35775435422233676,0.11199019749171232,1.8120266526834559,8.0,0.32391770321663244,0.22063114014982035,0.7,5,0.17440342870189754,0.264,0.0629880941130941,5,0.2937109999999999,0.077768387327371,0.22399999999999992,0.09883066325791812,5,0.22245599999999985,0.06983294883147931,0.14099999999999996,0.14310835055998652,5,0.14551399999999984,0.16385312899056895,-0.04000000000000009,-0.12300000000000005,-0.08299999999999996,-0.07125500000000004,-0.14819700000000005,-0.07694200000000001
5606,2,14,0,2,0,late,late_r2-4,13,13-16,6,7,6,7,13,-1,0,0,0,0,1,6,7,4,11,0.1488543119160465,0,0.3545575295265919,0.2057032176105454,0,1,-1,0.2939699963193511,0.3870886150877332,0.37753066395390467,0.6788427220658522,0.3870886150877332,1.0619380519163715,139,0.54,0.515,0.025000000000000022,-1.115,-1.0499640287769785,-1.905,2.4450000000000003,0.2300000000000001,1.655,2,3,0.02158273381294964,0.9189236043165467,0.735119,1.4207,Hit,6,0.4028776978417266,0.28776978417266186,0.302158273381295,0.7150000000000001,1,1,2.0016892628775396,0.32,0.285,-0.17035,1,Hit,-0.43999999999999995,-0.2152158273381295,139.0,28.0,4.0,0.37410071942446044,10.0,0.35714285714285715,0.6319315633706559,4.964285714285714,0.5971223021582733,0.7115939584999457,0.1696028315741456,1.898333333333333,0.6,0.8,3.0,0.45099999999999996,0.08900000000000001,0.8,0.5351754918872318,0.6840827499187077,0.1489072580314758,1.2102535907761238,3.2,0.6402145568237432,0.56615486933994,0.85,5,0.042828228011757605,1.225,0.0,5,1.17906,0.0,1.4769999999999999,0.20750301202633184,5,1.6018630000000003,0.35955905426994883,0.36,0.7910831182625502,5,0.442487,0.9266892176965263,0.2519999999999998,-0.8650000000000001,-1.117,0.42280300000000026,-0.7365729999999999,-1.1593760000000002
1123,4,3,1,13,1,early,early_r9+,3,2-4,2,1,2,1,3,1,0,0,0,0,1,1,2,3,3,0.3313244483885847,0,0.4807667910161851,0.14944234262760037,0,1,-1,0.5788597612582874,0.6020271957365736,0.18034213505714322,0.39340131615890117,0.6020271957365736,0.2450626273653165,55,1.04,1.015,0.025000000000000133,0.65,0.6423636363636364,0.27,0.77,0.24499999999999988,0.39,12,38,0.6909090909090909,2.0338449090909094,2.02771,1.94124,Draw,6,0.14545454545454545,0.509090909090909,0.32727272727272727,0.17000000000000004,5,0,2.6367964089791536,0.305,0.395,0.06938,1,Draw,2.04,1.0365454545454544,55.0,11.0,4.0,0.2545454545454545,3.0,0.2727272727272727,0.8753864783571487,5.0,0.7272727272727273,0.46065109064806886,0.13025623382012558,0.4375,0.0,0.4,6.0,0.796,0.24400000000000005,0.4,-0.01626260703128591,-0.0678935599240923,-0.05163095289280638,1.7834595118014787,6.4,0.01818181818181817,-0.051347477295448474,0.85,5,0.19993262220011382,0.437,0.09311283477587824,5,0.49294200000000005,0.1196786275614824,0.3,0.1341640786499874,5,0.3169269999999999,0.1665581104524785,0.352,0.12872451204024818,5,0.38328799999999996,0.1957897894618104,-0.137,-0.08500000000000002,0.05199999999999999,-0.17601500000000014,-0.10965400000000008,0.06636100000000006
8113,3,15,1,1,1,late,r1,4,2-4,1,3,1,3,4,-2,0,0,0,0,0,2,2,1,2,0.5359103335680295,0,0.7721007263019504,0.23619039273392084,0,3,-3,0.5442253858981622,0.9556545948293574,0.986601610242294,0.4373603691465418,0.9556545948293574,0.32675016982042204,69,1.0,0.95,0.050000000000000044,-1.98,-1.7952173913043479,-3.0,4.0,1.915,2.98,7,9,0.13043478260869565,0.3974537347826087,0.308383,0.0,Hit,6,0.34782608695652173,0.463768115942029,0.17391304347826086,0.050000000000000044,3,1,-0.0,0.0,0.0,1.0,1,Hit,0.0,0.0,69.0,14.0,4.0,0.8115942028985508,13.0,0.9285714285714286,0.3664772253771886,4.928571428571429,0.5652173913043478,0.13308252490904873,1.4173025183677013,2.485,0.0,1.0,56.0,0.93,0.06999999999999995,0.0,0.9176897922550303,0.9071558770111873,-0.01053391524384295,0.12105929099698645,1.0,0.9071558770111873,0.9010385246898827,0.75,5,0.0,0.0699999999999999,0.0,5,0.2537799999999999,0.0,0.0699999999999999,0.0,5,0.2537799999999999,0.0,0.0699999999999999,0.0,5,0.2537799999999999,0.0,0.0,0.0,0.0,0.0,0.0,0.0
716,6,7,1,9,1,mid,early_r9+,3,2-4,2,1,2,1,3,1,0,0,0,0,1,1,2,3,3,0.28543678206208906,1,0.31457483828812277,0.029138056226033715,1,0,1,0.3309865227603698,0.4094676134105833,0.14998330710164604,0.3247697064416903,0.4094676134105833,0.2450626273653165,55,1.015,0.995,0.019999999999999907,0.615,0.6036363636363636,0.085,0.9299999999999999,0.2850000000000001,0.3999999999999999,13,37,0.6727272727272727,1.8930774545454547,1.88878,1.97858,Draw,6,0.14545454545454545,0.509090909090909,0.32727272727272727,0.04999999999999993,5,0,2.654027011476324,0.31,0.375,0.07372500000000004,0,Draw,2.0149999999999997,1.1954545454545455,55.0,11.0,4.0,0.2545454545454545,1.0,0.09090909090909091,0.8855422426775098,5.0,0.7272727272727273,0.4876361255793206,0.13982226204322873,0.4482142857142858,0.0,0.4,4.0,0.898,0.11699999999999991,0.0,0.1555769515973095,0.19594122410571907,0.04036427250840953,1.7982973448384143,6.8,0.1963636363636364,0.15936859852007085,0.95,5,0.13611832945519908,0.3039999999999998,0.2015378376384941,5,0.324233,0.14485166531662655,0.3669999999999999,0.10299271818920011,5,0.33043,0.1415094439427984,0.28099999999999986,0.19453148845366913,5,0.257608,0.1843632689013731,0.06300000000000006,-0.022999999999999965,-0.08600000000000002,0.006197000000000008,-0.06662499999999999,-0.072822
459,3,5,1,11,1,early,early_r9+,5,5-8,3,2,3,2,5,1,0,0,0,0,1,3,2,3,5,0.26806659384593184,0,0.3235085128416253,0.05544191899569345,0,1,-1,0.33566408999952446,0.3659710228290449,0.16068820393465105,0.4817612064083206,0.3659710228290449,0.40843771227552755,71,1.05,0.9,0.15000000000000002,0.55,0.5177464788732395,-0.09,1.1400000000000001,0.25750000000000006,0.5,7,36,0.5070422535211268,2.0154767605633808,2.00047,2.03162,Hit,6,0.22535211267605634,0.4225352112676056,0.3380281690140845,0.20000000000000007,5,1,2.7342929812183403,0.31,0.41,0.03418999999999994,1,Hit,0.3400000000000001,1.290281690140845,71.0,15.0,4.0,0.2676056338028169,5.0,0.3333333333333333,0.8029288137061392,4.733333333333333,0.704225352112676,0.4118544576100708,0.16355921407891066,0.7113888888888888,0.6,0.6,1.0,0.968,0.08200000000000003,0.6,0.197438135977338,0.32457564345787326,0.12713750748053526,1.7879275371988665,5.4,0.29254119037798293,0.2124857131713836,1.0,5,0.18591008803555098,0.461,0.17970114078658492,5,0.42864499999999994,0.19011111836239347,0.18,0.20133926591700885,5,0.18801199999999998,0.19549687633693788,0.123,0.11228312428855904,5,0.14215499999999998,0.12976916693691148,-0.281,-0.338,-0.056999999999999995,-0.24063299999999996,-0.28648999999999997,-0.04585700000000001
9287,7,12,0,4,0,late,late_r2-4,5,5-8,3,2,3,1,4,2,0,0,0,0,1,4,0,1,1,0.11065589451115111,0,1.3062952698758425,1.1956393753646914,0,1,-1,0.4139189896586041,0.66761786356023,1.5035750160353192,0.13562882584465571,0.9386696757697648,0.32675016982042204,65,-0.31,-0.335,0.025000000000000022,-1.23,-1.0686153846153845,-1.55,1.24,0.36,0.9199999999999999,10,16,0.24615384615384617,1.435487076923077,1.43519,1.57286,Hit,6,0.18461538461538463,0.4307692307692308,0.36923076923076925,0.14,3,1,1.9340891372217426,0.7,0.13,-0.9816800000000001,0,Hit,-4.26,-0.657,65.0,13.0,4.0,0.23076923076923078,4.0,0.3076923076923077,0.8608544461759144,5.0,0.7846153846153846,0.6850763381735807,0.17080048849545,0.9683333333333334,0.0,1.0,6.0,-0.40599999999999997,0.096,1.0,0.41047334978752315,0.5606378792166653,0.15016452942914219,1.2322318120093516,1.4,0.593707600181805,0.4224935063417911,0.9,5,0.16106167565391077,0.33699999999999997,0.2086144769664848,5,0.4707589999999998,0.25346958871825237,0.08799999999999993,0.05953990258641681,5,0.1025059999999998,0.005194236469395539,0.257,0.214289523775662,5,0.3531349999999998,0.258037312175972,-0.24900000000000005,-0.07999999999999996,0.1690000000000001,-0.368253,-0.117624,0.250629
5647,1,10,0,6,0,mid,mid_r5-8,7,5-8,3,4,3,4,7,-1,0,0,0,0,1,5,2,4,5,0.26063859745632495,1,0.3158920633091124,0.05525346585278745,1,0,1,0.4401820748150599,0.7678973920291733,0.9418780009354771,0.41791412212246165,0.7678973920291733,0.5718127971857385,91,0.33,0.28,0.04999999999999999,-0.36,-0.3562087912087912,-0.985,1.315,0.395,0.69,9,24,0.26373626373626374,1.8863536263736265,1.88308,1.58149,PostGuard,6,0.3516483516483517,0.37362637362637363,0.26373626373626374,0.04999999999999999,5,0,2.217680803142303,0.375,0.195,-0.460745,1,PostGuard,-0.6699999999999999,-1.2095054945054944,91.0,19.0,4.0,0.2197802197802198,7.0,0.3684210526315789,0.7835289793104413,4.7894736842105265,0.7142857142857143,0.4938554247800475,0.21201174124180175,0.7694444444444444,0.0,0.2,20.0,-0.022,0.35200000000000004,0.4,0.21268736280192288,0.3891831254047513,0.17649576260282845,1.7376401453635986,7.2,0.3284210526315789,0.2283802374019412,0.8,5,0.07588151270207084,0.40099999999999997,0.1871296342111532,5,0.5702550000000001,0.1499339859738279,0.42799999999999994,0.2871106058647085,5,0.528689,0.3330153299662044,0.39699999999999996,0.23123581037546928,5,0.5392539999999999,0.2308455520580806,0.02699999999999997,-0.0040000000000000036,-0.030999999999999972,-0.0415660000000001,-0.031001000000000167,0.010564999999999936
4562,4,13,1,3,1,late,late_r2-4,12,9-12,6,6,6,6,12,0,0,0,0,0,1,8,4,5,11,0.18252417573844998,0,0.2109620432234207,0.028437867484970708,0,1,-1,0.3032722464321461,0.4034180417690513,0.4132104744139981,0.6440416754544865,0.4034180417690513,0.980250509461266,129,1.765,1.755,0.010000000000000009,0.905,0.8645348837209302,-0.2,1.9649999999999999,0.43500000000000005,0.8599999999999999,2,11,0.08527131782945736,1.5051277519379844,1.43867,1.36006,Hit,6,0.37209302325581395,0.29457364341085274,0.32558139534883723,0.41999999999999993,3,1,2.2307462984911206,0.11,0.64,1.0849699999999998,1,Hit,-0.32000000000000006,1.0746511627906976,129.0,26.0,4.0,0.24806201550387597,10.0,0.38461538461538464,0.7904581331101628,4.961538461538462,0.7209302325581395,0.7254982629017573,0.17083246849659256,1.9,0.6,0.6,2.0,1.6039999999999999,0.16099999999999995,0.6,0.3492186596456124,0.6274572277333931,0.2782385680877807,1.4381248157005646,3.2,0.6158511885711794,0.3251490504678421,0.9,5,0.10880392300134122,0.4749999999999998,0.0,5,0.6384599999999997,0.0,0.4959999999999999,0.019170289512680922,5,0.5591969999999998,0.07235688845921986,0.207,0.2834960317182588,5,0.20488999999999993,0.2805878893279251,0.021000000000000074,-0.2679999999999998,-0.2889999999999999,-0.07926299999999986,-0.4335699999999998,-0.3543069999999999
6201,5,11,1,5,1,mid,mid_r5-8,9,9-12,4,5,4,5,9,-1,0,0,0,0,1,6,3,4,9,0.17877515484697717,0,0.21451612509086335,0.03574097024388617,0,1,-1,0.311070141132192,0.35990591332863914,0.3628530935456386,0.4782191805975133,0.35990591332863914,0.7351878820959495,107,0.765,0.59,0.17500000000000004,-0.465,-0.3932242990654206,-1.31,2.075,0.33999999999999997,1.23,3,7,0.06542056074766354,1.7936995327102803,1.79248,1.64005,Hit,6,0.37383177570093457,0.3364485981308411,0.2803738317757009,0.17500000000000004,3,1,2.332243731155536,0.305,0.365,-0.05502499999999999,1,Hit,-0.08999999999999997,0.5199532710280375,107.0,22.0,4.0,0.3364485981308411,10.0,0.4545454545454545,0.724891884144667,4.863636363636363,0.7009345794392523,0.41252383959569555,0.2482140225620523,1.6800000000000002,0.8,0.8,1.0,0.652,0.11299999999999999,0.8,0.2950173506463582,0.34424372934717495,0.04922637870081675,1.7090857837958482,2.6,0.39825247114436674,0.2839717926950004,0.9,5,0.274427972714813,0.157,0.26432934002868463,5,0.19859000000000002,0.3189411743370555,0.31999999999999995,0.4793876302117108,5,0.365248,0.5380198380357365,0.196,0.2735735732851402,5,0.225591,0.31629631207144987,0.16299999999999995,0.03900000000000001,-0.12399999999999994,0.166658,0.027000999999999997,-0.139657
9166,3,14,0,2,0,late,late_r2-4,13,13-16,6,7,6,7,13,-1,0,0,0,0,1,9,4,6,12,0.0662479626868628,0,0.24357866581660972,0.1773307031297469,0,1,-1,0.29489962916389334,0.34609408290447596,0.31217052067346424,0.568817107283582,0.34609408290447596,1.0619380519163715,139,0.995,0.95,0.04500000000000004,-0.895,-0.6448561151079136,-1.0,1.995,0.2849999999999999,1.8900000000000001,4,10,0.07194244604316546,0.7510696618705036,0.562117,1.35461,Hit,6,0.4028776978417266,0.28776978417266186,0.302158273381295,1.285,1,1,1.7111420631319132,0.27,0.535,0.31769499999999995,1,Hit,-0.89,-0.2535251798561151,139.0,28.0,4.0,0.23741007194244604,11.0,0.39285714285714285,0.8024514174740002,4.964285714285714,0.762589928057554,0.9063847546575186,0.12041820118174473,1.95,0.4,0.8,2.0,0.9490000000000001,0.04600000000000002,0.6,0.5581504783451514,0.6739945819463051,0.11584410360115371,0.7783169628190061,3.4,0.6695006229543748,0.43347187263966547,0.95,5,0.11023258452464452,0.645,0.0,5,0.8947199999999998,0.0,0.6890000000000001,0.33803476152608924,5,0.874986,0.4814921679581093,0.595,0.40782962128810607,5,0.797877,0.5343992355627017,0.04400000000000004,-0.050000000000000044,-0.09400000000000008,-0.019733999999999807,-0.0968429999999999,-0.0771090000000001
8703,4,3,1,13,1,early,early_r9+,2,2-4,1,1,1,1,2,0,0,0,0,0,1,2,0,2,2,0.2969670590637995,0,0.6064240673285382,0.30945700826473865,0,1,-1,0.3669098082146151,0.3669098082146151,0.06147015,0.17284999999999684,0.3669098082146151,0.16337508491021102,49,1.18,0.93,0.2499999999999999,0.575,0.5883673469387755,0.06,1.1199999999999999,0.19500000000000006,0.605,2,13,0.2653061224489796,2.0090369387755103,2.0,1.98686,Hit,6,0.16326530612244897,0.5714285714285714,0.24489795918367346,0.2499999999999999,3,1,2.676421166471655,0.295,0.425,0.1865699999999999,1,Hit,0.19999999999999996,1.2472448979591837,49.0,10.0,4.0,0.24489795918367346,2.0,0.2,0.9117562589426627,4.9,0.7551020408163265,0.6082752732757396,0.12597510100836304,0.7324999999999999,0.0,0.2,6.0,0.7340000000000001,0.4459999999999999,0.2,0.06597801104030375,-0.15131589825224995,-0.2172939092925537,1.8754666597674365,5.6,-0.21939393939393934,0.054502111228271755,0.85,5,0.34126198241390415,0.481,0.16341664541900255,5,0.4639949999999999,0.1654090066698304,0.43899999999999995,0.20443214033023283,5,0.4587209999999999,0.23946264247790308,0.4459999999999999,0.11860649223377279,5,0.43079399999999984,0.14815092125093252,-0.04200000000000004,-0.03500000000000009,0.006999999999999951,-0.005274000000000001,-0.033201000000000036,-0.027927000000000035
1616,0,14,0,2,0,late,late_r2-4,4,2-4,1,3,1,3,4,-2,0,0,0,0,1,2,2,3,4,0.4819910983451881,0,0.5099633449387896,0.02797224659360148,0,1,-1,0.37010047288292364,0.4453318202329377,0.16915043609775293,0.5743921629644683,0.4453318202329377,0.32675016982042204,69,0.86,0.65,0.20999999999999996,-0.38,-0.2856521739130435,-1.08,1.94,0.505,1.24,2,7,0.10144927536231885,1.1212016666666667,1.04679,1.35292,Hit,6,0.34782608695652173,0.463768115942029,0.17391304347826086,0.31999999999999995,3,1,1.7980118577545672,0.24,0.43,0.18354000000000004,1,Hit,-0.9349999999999999,-0.25028985507246376,69.0,14.0,4.0,0.18840579710144928,4.0,0.2857142857142857,0.8978529562173645,4.928571428571429,0.7681159420289855,0.7411201672544891,0.1867845641554645,1.660625,0.6,0.6,1.0,0.732,0.12799999999999997,0.6,0.5885675152165535,0.8008250754184226,0.21225756020186917,1.1166150470055545,3.0,0.7501904246402107,0.6088904891761637,0.85,5,0.13225790175108068,0.0,0.0,5,0.0,0.0,0.9829999999999999,0.8097036494915901,5,1.010333,0.8376318233015625,0.288,0.3943602414037196,5,0.33113000000000004,0.45341842616671413,0.9829999999999999,0.288,-0.6949999999999998,1.010333,0.33113000000000004,-0.6792029999999999
5809,3,9,1,7,1,mid,mid_r5-8,2,2-4,0,2,0,2,2,-2,0,0,0,0,0,2,0,1,2,0.5300874876103012,0,0.8583717648408518,0.32828427723055054,0,2,-2,1.227717959966782,1.227717959966782,0.5923425,0.16109999999999758,1.227717959966782,0.16337508491021102,53,0.78,0.705,0.07500000000000007,0.13,0.1600943396226415,-0.235,1.0150000000000001,0.315,0.65,4,16,0.3018867924528302,1.7929730188679245,1.79833,1.72962,Hit,5,0.3018867924528302,0.5660377358490566,0.11320754716981132,0.49000000000000005,2,1,2.5106332969323994,0.32,0.36,-0.08480999999999994,1,Hit,0.8350000000000001,1.4100943396226415,53.0,11.0,4.0,0.22641509433962265,3.0,0.2727272727272727,0.9055414319581641,4.818181818181818,0.8490566037735849,0.6758216489181609,0.13221011246383815,0.583125,0.2,0.8,6.0,0.5040000000000001,0.276,0.8,0.22600450632906904,0.24812012677597833,0.02211562044690927,1.6049308457792038,2.8,0.3145454545454546,0.23922537671451397,0.95,5,0.18587699358930726,0.26,0.176351920885484,5,0.213937,0.13197282739261137,0.354,0.17155174146594956,5,0.269025,0.12038885714633227,0.356,0.33217841591530295,5,0.35647,0.3427746001930423,0.09399999999999997,0.09599999999999997,0.0020000000000000018,0.055088000000000026,0.14253300000000002,0.087445
4651,6,5,1,11,1,early,early_r9+,5,5-8,3,2,3,2,5,1,0,0,0,0,1,2,3,3,5,0.3492464200088526,1,0.35458364654902247,0.0053372265401698815,1,0,1,0.3948693467161001,0.49811088158391004,0.2496600172354396,0.5572259635013442,0.49811088158391004,0.40843771227552755,71,0.915,0.835,0.08000000000000007,0.435,0.400774647887324,-0.015,0.93,0.32500000000000007,0.48000000000000004,5,37,0.5211267605633803,2.023718732394366,2.01975,2.0243,Hit,6,0.22535211267605634,0.4225352112676056,0.3380281690140845,0.08000000000000007,5,1,2.6919422502137733,0.33,0.38,-0.09715000000000007,1,Hit,0.5,-0.22119718309859157,71.0,15.0,4.0,0.28169014084507044,5.0,0.3333333333333333,0.8315767638548746,4.733333333333333,0.704225352112676,0.515345808309429,0.14459267676761053,0.55,0.2,0.4,3.0,0.76,0.15500000000000003,0.2,0.11975967860288612,0.03582755372847635,-0.08393212487440978,1.8403963853093814,7.0,-0.04286416757276784,0.08831484276423615,0.7,5,0.16050921669885465,0.311,0.2002311164629514,5,0.3043919999999999,0.2072563530570293,0.391,0.06949820141557621,5,0.36074199999999984,0.07649133959148571,0.248,0.15963239019697725,5,0.21044699999999988,0.13332672728114187,0.08000000000000002,-0.063,-0.14300000000000002,0.056349999999999956,-0.093945,-0.15029499999999996
8894,2,15,1,1,1,late,r1,5,5-8,1,4,1,4,5,-3,0,0,0,0,0,2,3,2,3,0.16514476803398953,0,0.32392890531102647,0.15878413727703694,0,1,-1,0.37894940205916605,0.5162155194738984,0.9933767946958294,0.26807774543963814,0.5162155194738984,0.40843771227552755,79,1.885,1.835,0.050000000000000044,-1.0,-0.615506329113924,-1.65,3.535,0.12250000000000005,2.885,3,7,0.08860759493670886,0.37354077215189874,0.0,0.437921,Draw,6,0.4050632911392405,0.43037974683544306,0.1518987341772152,0.050000000000000044,2,0,0.4767015556899762,0.015,0.915,1.6660395000000001,1,Draw,0.0,0.0,79.0,16.0,4.0,0.8101265822784811,15.0,0.9375,0.3607553136265543,4.9375,0.5189873417721519,0.2395012560936089,0.819322661729454,3.3600000000000003,1.0,1.0,64.0,1.8850000000000002,0.0,1.0,0.5397544309750621,0.317915878372988,-0.22183855260207413,0.05898308152555274,7.0,0.19762338385347905,0.5360290693876457,1.0,5,0.0,0.0,0.0,5,0.0,0.0,0.0,0.0,5,0.0,0.0,0.0,0.0,5,0.0,0.0,0.0,0.0,0.0,0.0,0.0,0.0
2369,6,9,1,7,1,mid,mid_r5-8,5,5-8,1,4,1,4,5,-3,0,0,0,0,1,3,2,3,4,0.12976733870801574,0,0.44705073211036334,0.31728339340234757,0,1,-1,0.3003131333118959,0.591287372974308,0.6399980838428178,0.4854872299041454,0.591287372974308,0.40843771227552755,79,0.69,0.595,0.09499999999999997,0.245,0.23594936708860761,-0.31,1.0,0.29500000000000004,0.44499999999999995,13,52,0.6582278481012658,1.7600670886075955,1.76281,1.80939,Hit,6,0.4050632911392405,0.43037974683544306,0.1518987341772152,0.11499999999999999,5,1,2.4726592650006456,0.285,0.305,-0.21469500000000008,1,Hit,-0.4950000000000001,1.0335443037974685,79.0,16.0,4.0,0.3037974683544304,7.0,0.4375,0.7869190800564441,4.9375,0.7215189873417721,0.3620036689664448,0.1610106462080675,0.505,0.0,0.6,2.0,0.362,0.32799999999999996,0.6,0.1875563167499518,0.22770838430181395,0.040152067551862146,1.6408831719165846,3.4,0.15617192405056535,0.16325696912485507,0.85,5,0.1187519469311019,0.2579999999999999,0.13288152618027835,5,0.2546249999999999,0.15431322440089182,0.2399999999999999,0.061644140029689765,5,0.1792219999999999,0.1058759683308729,0.3929999999999999,0.15172343260024143,5,0.3877629999999999,0.1683029630086767,-0.017999999999999988,0.135,0.153,-0.07540299999999997,0.13313800000000003,0.208541
1083,7,15,1,1,1,late,r1,9,9-12,5,4,5,4,9,1,0,0,0,0,1,6,3,4,7,0.2318980574898369,0,0.2768049182294271,0.04490686073959019,0,1,-1,0.3412627943019281,0.44565611576780984,0.4512148202274848,0.5733939886089139,0.44565611576780984,0.7351878820959495,103,0.74,0.61,0.13,-1.0,-0.9468932038834952,-1.46,2.2,0.0,1.74,2,2,0.019417475728155338,0.18857012621359223,0.0,1.80621,Hit,6,0.3106796116504854,0.3300970873786408,0.34951456310679613,1.0899999999999999,1,1,2.037294452065645,0.445,0.41,-0.16310500000000006,1,Hit,0.0,0.0,103.0,21.0,4.0,0.8058252427184465,20.0,0.9523809523809523,0.3527369907383066,4.904761904761905,0.5048543689320388,0.009184473039765793,0.3016302537659903,0.06590361445783133,0.0,1.0,83.0,-0.9800000000000001,1.72,1.0,,,,0.0,1.0,,,1.0,5,,1.72,0.0,5,0.9163935000000001,0.0,1.72,0.0,5,0.9163935000000001,0.0,1.72,0.0,5,0.9163935000000001,0.0,0.0,0.0,0.0,0.0,0.0,0.0
366,3,11,1,5,1,mid,mid_r5-8,11,9-12,6,5,6,5,11,1,0,0,0,0,1,6,5,5,11,0.30017271805960727,1,0.3025201996974741,0.002347481637866855,1,0,1,0.29057532211803194,0.38937791736481075,0.31755158693780217,0.649367478893599,0.38937791736481075,0.8985629670061606,119,1.555,1.37,0.18499999999999983,0.655,0.6776050420168069,-0.37,1.9249999999999998,0.4900000000000001,0.8999999999999999,4,17,0.14285714285714285,1.6255241176470587,1.60247,2.48334,Hit,6,0.33613445378151263,0.3025210084033613,0.35294117647058826,0.27,2,1,2.9367540205382494,0.345,0.515,0.5517699999999999,0,Hit,-2.215,-0.2660084033613445,119.0,24.0,4.0,0.25210084033613445,7.0,0.2916666666666667,0.8045124358495899,4.958333333333333,0.7226890756302521,0.5767741198214487,0.20511411064403076,1.2341666666666666,0.4,0.6,2.0,1.381,0.174,0.6,0.3324114378578149,0.48268891147835086,0.15027747362053595,1.5819696498583538,6.2,0.4598427653631935,0.30928631463370265,0.75,5,0.03954680565888546,0.6059999999999999,0.24965976848503246,5,0.4978959999999999,0.2906861252579834,0.43199999999999994,0.10022474744293448,5,0.26454899999999987,0.2095312477114094,0.2459999999999999,0.1430646706912646,5,0.1840589999999999,0.14123096616889655,-0.17399999999999993,-0.36,-0.18600000000000003,-0.23334700000000003,-0.31383700000000003,-0.08048999999999998
6354,2,15,1,1,1,late,r1,15,13-16,8,7,8,7,15,1,0,0,0,0,1,9,6,5,12,0.15337113032119187,1,0.5098839448590243,0.35651281453783246,1,0,1,0.3340233531715996,0.4299795348369325,0.4106668464791563,0.8001195381247039,0.4299795348369325,1.2253131368265826,151,1.535,1.51,0.02499999999999991,1.0,0.8727152317880796,-1.49,3.025,0.03750000000000009,0.5349999999999999,7,11,0.0728476821192053,0.297778223178808,0.0,0.498773,Draw,6,0.3708609271523179,0.26490066225165565,0.3576158940397351,0.030000000000000027,3,0,0.9964625048848763,0.0,0.535,1.2856135,1,Draw,0.0,0.0,151.0,31.0,4.0,0.8013245033112583,30.0,0.967741935483871,0.3419626486511174,4.870967741935484,0.5695364238410596,0.031280138811790495,0.4940531120871602,0.6125619834710744,1.0,1.0,121.0,1.535,0.0,1.0,0.4287001176040873,0.9999999999999998,0.5712998823959126,0.030192463756560123,31.0,0.9999999999999998,0.529885777707012,1.0,5,0.0,0.0,0.0,5,0.0,0.0,0.0,0.0,5,0.0,0.0,0.050999999999999934,0.04655641738793906,5,0.0506163,0.04620614881241457,0.0,0.050999999999999934,0.050999999999999934,0.0,0.0506163,0.0506163
9260,7,2,0,14,0,early,early_r9+,2,2-4,1,1,1,1,2,0,0,0,0,0,1,1,1,2,2,0.2372657115387944,0,0.2690623955681853,0.0317966840293909,0,1,-1,0.5061111082788462,0.5061111082788462,0.0313991,0.251100000000001,0.5061111082788462,0.16337508491021102,49,-0.21,-0.255,0.04500000000000001,-0.5,-0.5151020408163265,-0.84,0.63,0.22499999999999998,0.29000000000000004,18,43,0.8775510204081632,2.0106365306122447,1.99569,1.99397,Draw,6,0.16326530612244897,0.5714285714285714,0.24489795918367346,0.09,6,0,2.63098065997839,0.55,0.165,-1.206985,1,Draw,0.79,-0.0693877551020408,49.0,10.0,4.0,0.24489795918367346,2.0,0.2,0.8832007258418824,4.9,0.7551020408163265,0.18884505218124784,0.13381246035735012,0.2991666666666667,0.0,0.6,8.0,-0.368,0.158,0.4,0.0892526688726929,-0.04463988540083408,-0.13389255427352695,1.9778120658729414,4.2,-0.12727272727272726,0.09445635311767583,1.0,5,0.3588109442251219,0.254,0.1323536928083233,5,0.26976300000000003,0.12108862284500567,0.29300000000000004,0.13250471689717316,5,0.31683799999999995,0.15605327313933542,0.18499999999999997,0.08824681297361395,5,0.21110299999999999,0.09531670470069763,0.039000000000000035,-0.06900000000000003,-0.10800000000000007,0.04707499999999992,-0.058660000000000045,-0.10573499999999997
6267,4,12,0,4,0,late,late_r2-4,3,2-4,2,1,2,1,3,1,0,0,0,0,1,3,0,1,2,0.03745036181400662,0,0.9627519008031131,0.9253015389891065,0,1,-1,0.968924492465747,0.972874591517478,0.4153964635798753,0.46254416966262757,0.972874591517478,0.2450626273653165,55,-0.025,-0.06,0.034999999999999996,-1.19,-1.0025454545454544,-1.49,1.465,0.6500000000000001,1.165,4,11,0.2,1.4726696363636362,1.469,1.67463,Hit,6,0.14545454545454545,0.509090909090909,0.32727272727272727,0.034999999999999996,3,1,2.329151688587887,0.495,0.175,-0.859435,0,Draw,-0.445,-0.3883636363636364,55.0,11.0,4.0,0.2909090909090909,4.0,0.36363636363636365,0.8559228888548555,5.0,0.7818181818181819,0.6431091936918384,0.2231951720168846,1.1512499999999999,0.0,1.0,4.0,-0.20999999999999996,0.185,0.4,0.3837398804403874,0.5831315440100455,0.19939166356965815,1.374850330643793,2.4,0.5527272727272728,0.40320246043215163,1.0,5,0.22349384578961176,0.371,0.0022360679774997916,5,0.3331479999999999,0.015500423220028472,0.2869999999999999,0.08445412956155544,5,0.28054900000000005,0.12218589195361299,0.25199999999999995,0.15554742042219796,5,0.21499700000000002,0.1570095684823062,-0.08400000000000007,-0.11900000000000005,-0.034999999999999976,-0.05259899999999984,-0.11815099999999987,-0.06555200000000003
1158,6,8,0,8,0,mid,mid_r5-8,4,2-4,2,2,2,2,4,0,0,0,0,0,1,3,1,1,3,0.343547013121931,1,0.7101067890367555,0.3665597759148245,2,0,2,0.674813835565106,1.0114663775541795,0.7619647419626395,0.5163029972796983,1.0114663775541795,0.32675016982042204,65,0.39,0.34,0.04999999999999999,-0.195,-0.20130769230769235,-0.93,1.32,0.33,0.585,6,24,0.36923076923076925,1.9480358461538463,1.95599,2.06589,PostGuard,6,0.24615384615384617,0.46153846153846156,0.27692307692307694,0.25,5,0,2.7016606778984564,0.465,0.33,-0.642945,1,PostGuard,-1.6099999999999999,-2.113923076923077,65.0,13.0,4.0,0.24615384615384617,5.0,0.38461538461538464,0.8144771463647624,5.0,0.7538461538461538,0.576098243473832,0.17794887968801232,0.8234375,0.0,0.6,16.0,0.013000000000000006,0.377,0.6,0.2692048099006029,0.6157429124982648,0.34653810259766193,1.8107593516805802,4.0,0.6637362637362637,0.27159839107283207,0.75,5,0.16434247975133953,0.217,0.1569872606296448,5,0.18809099999999995,0.15518306324306158,0.4640000000000001,0.2738704073097347,5,0.38740600000000003,0.30742608738524463,0.377,0.1666433316997713,5,0.36781,0.12063340017383256,0.24700000000000008,0.16,-0.08700000000000008,0.19931500000000008,0.17971900000000007,-0.019596000000000002
6520,1,5,1,11,1,early,early_r9+,5,5-8,2,3,2,3,5,-1,0,0,0,0,1,4,1,4,5,0.20857973019457263,0,0.26534765695027324,0.05676792675570061,0,2,-2,0.30121023275154524,0.3771228883992991,0.19164056601514826,0.3727001829889567,0.3771228883992991,0.40843771227552755,75,1.215,1.175,0.040000000000000036,0.83,0.8392000000000002,0.35,0.8650000000000001,0.26,0.3850000000000001,20,56,0.7466666666666667,1.9897365333333334,1.99799,2.02207,PostGuard,6,0.32,0.4266666666666667,0.24,0.040000000000000036,6,0,2.7240534654351287,0.295,0.445,0.23157499999999998,0,Hit,3.215,1.7768666666666668,75.0,15.0,4.0,0.29333333333333333,5.0,0.3333333333333333,0.7827151142498606,5.0,0.7066666666666667,0.2111135241973065,0.15249826753032059,0.375,0.0,0.2,16.0,1.1170000000000002,0.09800000000000005,0.2,0.027583276448436684,0.16508774267780915,0.13750446622937246,1.7356203141557394,6.4,0.09071428571428569,-0.005063198830202269,0.75,5,0.1858879486972711,0.32500000000000007,0.16970562748477142,5,0.32660900000000004,0.1909763784935195,0.20300000000000007,0.030331501776206245,5,0.23933400000000002,0.03967192811044109,0.24600000000000005,0.2750772618738234,5,0.2795009999999999,0.2816794495388331,-0.122,-0.07900000000000001,0.04299999999999998,-0.08727500000000002,-0.04710800000000015,0.04016699999999987
2099,0,14,0,2,0,late,late_r2-4,7,5-8,3,4,3,4,7,-1,0,0,0,0,1,5,2,3,6,0.33040511625729996,0,0.3376219407577055,0.007216824500405561,0,1,-1,0.3069738027975706,0.46597589067828604,0.48482428337828265,0.49065377210578065,0.46597589067828604,0.5718127971857385,91,0.56,0.535,0.025000000000000022,-1.365,-1.330054945054945,-2.76,3.32,0.20999999999999996,1.925,2,4,0.04395604395604396,1.1167274395604396,1.02,1.20681,Draw,6,0.3516483516483517,0.37362637362637363,0.26373626373626374,0.4700000000000001,2,0,1.7032916044219055,0.28,0.165,-0.043404999999999916,1,Draw,-0.3799999999999999,-0.4830219780219781,91.0,19.0,4.0,0.2197802197802198,7.0,0.3684210526315789,0.7953127645462884,4.7894736842105265,0.7142857142857143,0.7616539926643267,0.19443182621858165,3.3,0.8,0.8,1.0,0.466,0.09400000000000001,0.8,0.5177283080093091,0.7217293180087354,0.20400100999942622,1.144845196853528,2.4,0.7555782697979458,0.5470415901321732,0.85,5,0.08741036390360661,0.0,0.0,5,0.0,0.0,1.051,0.9366055733338343,5,1.1431140000000002,0.9679298263975544,0.19300000000000003,0.25307113624433747,5,0.21554000000000006,0.2595579834064058,1.051,0.19300000000000003,-0.8579999999999999,1.1431140000000002,0.21554000000000006,-0.9275740000000001
4892,6,10,0,6,0,mid,mid_r5-8,8,5-8,3,5,3,5,8,-2,0,0,0,0,1,4,4,4,7,0.07512224288451388,0,0.31232225602572605,0.23720001314121217,0,1,-1,0.29653730952784063,0.37808844395567665,0.2264328573932869,0.6408540624627416,0.37808844395567665,0.6535003396408441,101,0.185,0.025,0.16,-0.63,-0.6349009900990099,-1.14,1.325,0.33499999999999996,0.815,3,8,0.07920792079207921,1.8247172277227721,1.85038,1.7061,Hit,6,0.39603960396039606,0.3564356435643564,0.2376237623762376,0.16,2,1,2.309949115778079,0.445,0.22,-0.66805,1,Hit,1.3050000000000002,0.2345049504950495,101.0,21.0,4.0,0.19801980198019803,8.0,0.38095238095238093,0.8262482115686163,4.809523809523809,0.7128712871287128,0.23357707441153425,0.2002418795327486,0.8124999999999998,0.0,0.0,20.0,-0.375,0.5599999999999999,0.2,0.21055414380097653,0.2539061417788641,0.04335199797788757,1.7995007705529744,9.6,0.2574025974025974,0.18723739041287177,0.9,5,0.1587358289648469,0.63,0.4735108235299379,5,0.717554,0.5111675623682512,0.852,0.42146470789379264,5,0.960075,0.4010853855010177,0.783,0.24358263484903844,5,0.9018200000000001,0.24225847557412722,0.22199999999999998,0.15300000000000002,-0.06899999999999995,0.242521,0.18426600000000004,-0.058254999999999946
7859,3,14,0,2,0,late,late_r2-4,12,9-12,6,6,6,6,12,0,0,0,0,0,1,8,4,4,11,0.2129274141204002,0,0.34265870586342595,0.12973129174302575,0,2,-2,0.2920565955016253,0.4438846071926957,0.6761964186935745,0.5774337630965908,0.4438846071926957,0.980250509461266,129,0.515,0.45,0.065,-1.765,-1.596279069767442,-2.765,3.2800000000000002,0.29500000000000015,2.28,3,5,0.03875968992248062,1.2167932170542635,1.17872,1.1224,Hit,6,0.37209302325581395,0.29457364341085274,0.32558139534883723,0.065,2,1,1.4650044383995096,0.295,0.09,-0.04620000000000002,1,Hit,-0.29999999999999993,0.13189922480620156,129.0,26.0,4.0,0.24806201550387597,9.0,0.34615384615384615,0.7662894538864187,4.961538461538462,0.689922480620155,0.910954820498252,0.17155664262922796,2.70875,0.6,0.8,4.0,0.277,0.238,0.8,0.565071037468851,0.8310437203508825,0.26597268288203146,1.2441019157040045,4.0,0.8030547412666105,0.6081874494029653,0.95,5,0.054617030141240544,1.32,0.0,5,1.6666800000000002,0.0,0.49800000000000005,0.1068058987135074,5,0.8835709999999999,0.11215440948754535,0.248,0.33960638981032143,5,0.358887,0.49745699087458806,-0.8220000000000001,-1.072,-0.25000000000000006,-0.7831090000000003,-1.3077930000000002,-0.5246839999999999
2084,7,10,0,6,0,mid,mid_r5-8,10,9-12,5,5,5,5,10,0,0,0,0,0,1,6,4,5,9,0.08820600057598255,1,0.3211260588631795,0.23292005828719697,3,0,3,0.31428814621140416,0.39687662741826035,0.30465603378848743,0.6404324933199441,0.39687662741826035,0.8168754245510551,113,2.465,2.41,0.054999999999999716,1.485,1.4175221238938056,0.165,2.3,0.73,0.9799999999999998,5,21,0.18584070796460178,1.8984958407079646,1.89418,1.73746,PostGuard,6,0.35398230088495575,0.3185840707964602,0.3185840707964602,0.2599999999999998,4,0,2.531487466254482,0.09,0.755,1.623885,0,PostGuard,-0.5350000000000001,-1.288451327433628,113.0,23.0,4.0,0.23008849557522124,7.0,0.30434782608695654,0.7585729161275231,4.913043478260869,0.6902654867256637,0.7428597145867539,0.24646056164969443,2.095,0.2,0.8,26.0,2.316,0.14899999999999985,0.4,0.4732399999532131,0.6028515454487909,0.12961154549557782,1.7178058369930889,4.0,0.558102766798419,0.4385306776875157,0.85,5,0.13255799354003192,0.2969999999999999,0.2766902600381878,5,0.3984230000000001,0.37300097948262817,0.49099999999999977,0.23471791580533438,5,0.5593379999999999,0.30021895952371164,0.14899999999999983,0.11529310473744729,5,0.153001,0.138357679828407,0.1939999999999999,-0.14800000000000005,-0.34199999999999997,0.1609149999999998,-0.24542200000000008,-0.4063369999999999
5335,1,14,0,2,0,late,late_r2-4,14,13-16,7,7,7,7,14,0,0,0,0,0,1,10,4,5,13,0.11078076970128889,0,0.28991193105665813,0.17913116135536925,0,1,-1,0.30587640484516043,0.38338381092541285,0.4044648249481145,0.6150962888368099,0.38338381092541285,1.143625594371477,145,0.485,-0.105,0.59,-0.87,-0.8696206896551724,-1.695,2.18,0.19999999999999996,1.355,1,1,0.006896551724137931,0.7940005448275862,0.766485,1.67026,Hit,6,0.38620689655172413,0.27586206896551724,0.3310344827586207,0.9450000000000001,1,1,2.136232932604102,0.425,0.2,-0.35013000000000005,1,Hit,-0.8250000000000001,0.10737931034482759,145.0,29.0,4.0,0.2827586206896552,8.0,0.27586206896551724,0.8035777904117543,5.0,0.7310344827586207,0.6888831694443623,0.11606304033554152,1.8674999999999997,0.6,0.6,1.0,0.205,0.27999999999999997,0.6,0.45946692629003233,0.6713398658461402,0.2118729395561078,0.6506201696168821,3.2,0.6524469813733752,0.5401931144764375,0.6,5,0.04789422105886572,1.275,0.0,5,0.9338084999999999,0.0,0.0,0.0,5,0.0,0.0,0.39799999999999996,0.3709885442975295,5,0.335659,0.3147235041746962,-1.275,-0.877,0.39799999999999996,-0.9338084999999999,-0.5981494999999999,0.335659
5272,2,4,0,12,0,early,early_r9+,2,2-4,0,2,0,2,2,-2,0,0,0,0,1,1,1,2,2,0.17210209230570064,0,0.22476293391927557,0.05266084161357493,0,2,-2,0.3954110891515316,0.3954110891515316,0.190934,0.051300000000001234,0.3954110891515316,0.16337508491021102,53,-0.41,-0.445,0.03500000000000003,-0.82,-0.8326415094339622,-1.31,0.9000000000000001,0.235,0.41,9,32,0.6037735849056604,2.041618867924529,2.03514,2.03517,Hit,5,0.3018867924528302,0.5660377358490566,0.11320754716981132,0.03500000000000003,4,1,2.688168647852275,0.585,0.175,-1.4275849999999999,1,Hit,0.5,0.5900943396226415,53.0,11.0,4.0,0.18867924528301888,3.0,0.2727272727272727,0.9097995152962189,4.818181818181818,0.8113207547169811,0.33057729451865464,0.15049022768771894,0.51,0.0,0.4,6.0,-0.6129999999999999,0.203,0.6,0.03919436382229126,0.27827304338266634,0.23907867956037507,1.9756259218379006,6.4,0.31292629858956084,-0.0027575096177089586,0.85,5,0.212677614915114,0.16799999999999995,0.17700988672952703,5,0.17355399999999999,0.17187837405415496,0.21200000000000002,0.11278297743897348,5,0.2294940000000001,0.093665161239385,0.284,0.17060187572239643,5,0.3012640000000001,0.1870564113576437,0.04400000000000007,0.11600000000000002,0.07199999999999995,0.0559400000000001,0.1277100000000001,0.07177
5472,3,13,1,3,1,late,late_r2-4,4,2-4,1,3,1,3,4,-2,0,0,0,0,1,3,1,3,4,0.20311678615023357,1,0.46200945925489223,0.2588926731046587,1,0,1,0.48732533133840944,0.539454915871022,0.2723725009582775,0.3453661390466637,0.539454915871022,0.32675016982042204,69,0.7,0.63,0.06999999999999995,0.03,0.018043478260869564,-0.85,1.5499999999999998,0.22500000000000003,0.6699999999999999,4,13,0.18840579710144928,1.6263195652173912,1.64298,1.44222,Hit,6,0.34782608695652173,0.463768115942029,0.17391304347826086,0.25499999999999995,4,1,2.0992622484724883,0.295,0.305,-0.021110000000000073,1,Hit,-0.03500000000000003,-0.5160144927536232,69.0,14.0,4.0,0.2028985507246377,5.0,0.35714285714285715,0.8569902314857869,4.928571428571429,0.7101449275362319,0.3509843643443683,0.21930750084096884,0.8306666666666667,0.2,0.8,3.0,0.5279999999999999,0.172,0.8,0.24875466352282172,0.3833683296488358,0.13461366612601414,1.5733598648203067,2.6,0.35697533068404974,0.27682946860481744,0.95,5,0.18339728467914676,0.7749999999999999,0.0,5,0.8506599999999999,0.0,0.6849999999999999,0.14035668847618205,5,0.8168099999999999,0.182854923846748,0.19099999999999992,0.18615853458812998,5,0.22010799999999991,0.20948592430638388,-0.08999999999999997,-0.584,-0.494,-0.033849999999999936,-0.630552,-0.5967020000000001
4526,5,9,1,7,1,mid,mid_r5-8,4,2-4,2,2,2,2,4,0,0,0,0,0,1,2,2,4,4,0.19391352274660817,1,0.2737041635799514,0.07979064083334325,1,0,1,0.3477688183851444,0.4476476125476393,0.27288453578883415,0.24315023133856942,0.4476476125476393,0.32675016982042204,65,0.685,0.64,0.04500000000000004,0.245,0.23315384615384616,-0.295,0.98,0.31,0.44000000000000006,10,41,0.6307692307692307,1.7866647692307696,1.78185,1.68694,Draw,6,0.24615384615384617,0.46153846153846156,0.27692307692307694,0.04500000000000004,5,0,2.3822405040497427,0.315,0.325,-0.15847,1,Draw,-0.7549999999999999,-0.3434615384615385,65.0,13.0,4.0,0.24615384615384617,2.0,0.15384615384615385,0.8936585119416003,5.0,0.7076923076923077,0.39822676001037327,0.15597533902327335,0.41125000000000006,0.2,0.4,4.0,0.5080000000000001,0.17700000000000005,0.4,0.09587086727047683,0.10557388238127141,0.009703015110794574,1.6368998349774568,5.4,0.006593406593406606,0.07769071320192304,0.95,5,0.1149854252196587,0.36500000000000005,0.18128016990283305,5,0.39359700000000003,0.19642994147405335,0.298,0.04919349550499539,5,0.34992300000000004,0.038196513191651425,0.20800000000000002,0.19263307088867168,5,0.23488699999999998,0.22463473219317626,-0.06700000000000006,-0.15700000000000003,-0.08999999999999997,-0.04367399999999999,-0.15871000000000005,-0.11503600000000005
6392,2,5,1,11,1,early,early_r9+,5,5-8,2,3,2,3,5,-1,0,0,0,0,1,4,1,5,5,0.16253636322066484,0,0.2217303517541069,0.05919398853344207,0,1,-1,0.38186428793486304,0.4235543517831288,0.2104328837132676,0.32816123719903206,0.4235543517831288,0.40843771227552755,75,1.075,1.01,0.06499999999999995,0.64,0.6223333333333333,-0.04,1.115,0.29000000000000004,0.43499999999999994,12,46,0.6133333333333333,1.9969684000000003,1.98874,1.9492,Hit,6,0.32,0.4266666666666667,0.24,0.12,4,1,2.6610974232146356,0.285,0.41,0.10039999999999993,1,Hit,1.4,1.5326,75.0,15.0,4.0,0.22666666666666666,3.0,0.2,0.8854834903542457,5.0,0.6666666666666666,0.3664807760409358,0.16372354612101284,0.5575,0.0,0.4,6.0,0.9940000000000001,0.08099999999999996,0.6,0.1519249886053754,0.37182723326355605,0.21990224465818065,1.8874333766150546,5.2,0.31999999999999995,0.12246948980298242,0.75,5,0.13041602809450778,0.2509999999999999,0.14262713626796272,5,0.26595599999999986,0.12709332449031308,0.24499999999999988,0.10588909292273685,5,0.24642799999999987,0.07794848536052515,0.2769999999999999,0.11278297743897352,5,0.26898399999999983,0.08685863963935886,-0.006000000000000005,0.026000000000000023,0.03200000000000003,-0.01952799999999999,0.003027999999999975,0.022555999999999965
1255,4,13,1,3,1,late,late_r2-4,7,5-8,3,4,3,4,7,-1,0,0,0,0,1,5,2,4,6,0.3033664282167676,1,0.3629420457442207,0.05957561752745305,1,0,1,0.32533897706853415,0.5906773210676182,0.8027530133531936,0.3937943480694321,0.5906773210676182,0.5718127971857385,91,2.34,2.26,0.08000000000000007,0.745,0.7663736263736263,-0.335,2.675,0.4624999999999999,1.5949999999999998,2,4,0.04395604395604396,1.7583647252747252,1.74298,1.67762,Hit,6,0.3516483516483517,0.37362637362637363,0.26373626373626374,0.46999999999999975,2,1,2.4456530891504404,0.11,0.73,1.5011899999999998,1,Hit,-0.685,-0.14785714285714285,91.0,19.0,4.0,0.18681318681318682,4.0,0.21052631578947367,0.8584110771822164,4.7894736842105265,0.7032967032967034,0.5804997744301306,0.284089390013912,2.0025,0.4,0.6,5.0,2.1189999999999998,0.22099999999999995,1.0,0.45291680642908805,0.651367077576063,0.19845027114697497,1.6384940153544227,4.2,0.6385964912280702,0.4147164128611493,0.9,5,0.08370028938477062,0.49499999999999994,0.0,5,0.5077999999999998,0.0,0.5209999999999999,0.04655641738793923,5,0.39598999999999973,0.058647392844865684,0.493,0.29530916003402263,5,0.42548299999999983,0.2872969164383773,0.025999999999999968,-0.0019999999999999463,-0.027999999999999914,-0.11181000000000008,-0.08231699999999997,0.029493000000000102
5259,3,8,0,8,0,mid,mid_r5-8,8,5-8,4,4,4,4,8,0,0,0,0,0,1,5,3,3,8,0.23084584308323747,1,0.3705104994477199,0.13966465636448244,3,0,3,0.31387944190246186,0.44638340286094436,0.32823404093523506,0.6032345137620618,0.44638340286094436,0.6535003396408441,97,0.965,0.95,0.015000000000000013,0.225,0.2295360824742268,-1.07,2.035,0.465,0.74,12,29,0.29896907216494845,2.037685154639175,2.03945,2.02084,PostGuard,6,0.32989690721649484,0.35051546391752575,0.30927835051546393,0.17999999999999994,5,0,2.735543682855098,0.31,0.46,-0.026920000000000055,0,PostGuard,-2.035,-2.292783505154639,97.0,20.0,4.0,0.25773195876288657,8.0,0.4,0.763349979065371,4.85,0.6701030927835051,0.691772204371355,0.2208551789777135,1.5764583333333333,0.0,0.6,24.0,0.634,0.33099999999999996,0.6,0.31938597410349046,0.5218464540107258,0.20246047990723537,1.9128174818070398,5.4,0.44932330827067657,0.3103180854561815,0.8,5,0.08111428494684589,0.579,0.27859917444242366,5,0.6217749999999999,0.2720533543489218,0.23499999999999996,0.1584692399174048,5,0.26991,0.2129244193663564,0.45299999999999996,0.23120878011009874,5,0.4788659999999999,0.27593990721260303,-0.344,-0.126,0.218,-0.3518649999999999,-0.14290899999999995,0.20895599999999992
7905,3,15,1,1,1,late,r1,9,9-12,5,4,5,4,9,1,0,0,0,0,1,6,3,3,8,0.18685923024140424,1,0.42638619400843636,0.23952696376703211,1,0,1,0.33230225138510544,0.4755754552903435,0.42136668513122283,0.6889525785970719,0.4755754552903435,0.7351878820959495,103,2.865,2.775,0.0900000000000003,1.0,1.002864077669903,-0.48,3.345,0.0,1.8650000000000002,3,4,0.038834951456310676,0.3754608902912621,0.0,0.993365,Hit,6,0.3106796116504854,0.3300970873786408,0.34951456310679613,1.7500000000000002,1,1,1.88542993659231,0.005,0.92,2.3683175000000003,1,Hit,0.0,0.0,103.0,21.0,4.0,0.8058252427184465,20.0,0.9523809523809523,0.3527369907383066,4.904761904761905,0.5048543689320388,9.18380792867241e-06,0.5168052522442842,0.003554216867469817,0.0,1.0,83.0,2.765,0.10000000000000009,1.0,0.6696185179582499,-1.0,-1.66961851795825,0.04758793196403379,21.0,1.0,0.47348069195633935,1.0,5,0.0,0.1,0.0,5,0.1885025000000002,0.0,0.1,0.0,5,0.1885025000000002,0.0,0.1,0.0,5,0.1885025000000002,0.0,0.0,0.0,0.0,0.0,0.0,0.0
4159,5,11,1,5,1,mid,mid_r5-8,9,9-12,5,4,5,4,9,1,0,0,0,0,1,7,2,7,9,0.12438478862385068,0,0.19865266158800973,0.07426787296415906,0,1,-1,0.2929631376402143,0.3169759207413154,0.3385392511529293,0.3392201906988698,0.3169759207413154,0.7351878820959495,103,0.765,0.69,0.07500000000000007,0.185,0.179126213592233,-0.3,1.065,0.4025,0.5800000000000001,12,41,0.39805825242718446,1.8035630097087376,1.8072,1.7262,Draw,6,0.3106796116504854,0.3300970873786408,0.34951456310679613,0.07500000000000007,5,0,2.371379006341911,0.335,0.395,-0.09809999999999997,1,Draw,1.7650000000000001,1.1793203883495145,103.0,21.0,4.0,0.2233009708737864,5.0,0.23809523809523808,0.8174880291683081,4.904761904761905,0.7087378640776699,0.5432941778026643,0.16772974736119894,0.8799999999999999,0.0,0.4,23.0,0.618,0.14700000000000005,0.6,0.19847802362576034,0.20064224527834487,0.002164221652584544,1.748846702681505,9.0,0.27870129870129867,0.21395622102050646,0.85,5,0.1133550950709519,0.321,0.10014988766843427,5,0.348267,0.1725609260015141,0.4149999999999999,0.1871496727221291,5,0.497541,0.23093484312138782,0.14699999999999996,0.10359777989899203,5,0.21843000000000004,0.1272936634813375,0.09399999999999992,-0.17400000000000004,-0.26799999999999996,0.14927400000000002,-0.12983699999999995,-0.279111
2788,5,13,1,3,1,late,late_r2-4,13,13-16,6,7,6,7,13,-1,0,0,0,0,1,8,5,6,10,0.15295949060483433,1,0.27996398094219294,0.1270044903373586,1,0,1,0.29433917797160436,0.36206024690116834,0.39611104308131434,0.7191900048505421,0.36206024690116834,1.0619380519163715,139,3.115,3.075,0.040000000000000036,1.61,1.6439208633093525,1.12,1.995,0.37749999999999995,1.5050000000000001,2,4,0.02877697841726619,1.162328489208633,1.18085,1.36813,Hit,6,0.4028776978417266,0.28776978417266186,0.302158273381295,0.9750000000000001,1,1,2.4468784400969943,0.005,0.87,2.4309350000000003,1,Hit,0.14000000000000012,0.39820143884892084,139.0,28.0,4.0,0.23741007194244604,10.0,0.35714285714285715,0.7674631710769009,4.964285714285714,0.697841726618705,0.5209008834413339,0.1736131746840343,1.2150000000000003,0.4,0.6,4.0,3.0100000000000002,0.10500000000000007,0.4,0.37228218290363735,0.5303531937538543,0.15807101085021685,1.1658469005800323,8.0,0.5614958968175483,0.3444955081112118,0.7,5,0.14787549967381877,0.9200000000000003,0.0,5,0.8986900000000004,0.0,0.975,0.0,5,0.9673950000000001,0.0,0.39200000000000007,0.3462766235251811,5,0.5905770000000001,0.17003483483539483,0.054999999999999716,-0.5280000000000002,-0.583,0.06870499999999968,-0.3081130000000003,-0.376818
4360,7,4,0,12,0,early,early_r9+,3,2-4,1,2,1,2,3,-1,0,0,0,0,1,3,0,2,3,0.10348752632931091,0,0.48911827786743006,0.38563075153811915,0,2,-2,0.5638789017795934,0.6126012197501572,0.27925695932390937,0.32378787294564926,0.6126012197501572,0.2450626273653165,59,-0.47,-0.505,0.03500000000000003,-0.72,-0.7017796610169492,-1.075,0.605,0.21250000000000013,0.25,31,58,0.9830508474576272,2.064187627118644,2.04938,1.88921,Hit,6,0.2711864406779661,0.5084745762711864,0.2033898305084746,0.03500000000000003,6,1,2.565457209650758,0.64,0.125,-1.414605,1,Hit,-0.6749999999999999,0.6257627118644067,59.0,12.0,4.0,0.3389830508474576,3.0,0.25,0.8245295666674133,4.916666666666667,0.7796610169491526,0.2908779812936719,0.11390121662222039,0.4325,0.2,0.2,2.0,-0.51,0.040000000000000036,0.2,0.07922011153403088,0.14647465023257164,0.06725453869854077,1.8775590287109227,7.8,0.05314685314685315,0.051365721084880286,0.95,5,0.43085769494424087,0.257,0.20017492350441898,5,0.36682600000000015,0.1442332496080567,0.084,0.05412947441089743,5,0.21945000000000014,0.10894084931741625,0.134,0.10151354589413178,5,0.22107400000000005,0.09533516667526204,-0.173,-0.123,0.05,-0.147376,-0.1457520000000001,0.0016239999999999033
8248,7,13,1,3,1,late,late_r2-4,3,2-4,1,2,1,2,3,-1,0,0,0,0,0,1,2,2,2,0.10613846457910446,1,0.6018087897696427,0.4956703251905382,1,0,1,0.505854133867475,0.9854603814910484,0.9289617027255047,0.46341723700738174,0.9854603814910484,0.2450626273653165,59,1.49,1.255,0.2350000000000001,0.745,0.7422033898305085,-0.1,1.59,0.3025000000000001,0.745,2,10,0.1694915254237288,1.407962542372881,1.42334,1.16615,Draw,6,0.2711864406779661,0.5084745762711864,0.2033898305084746,0.2350000000000001,4,0,1.880314596423324,0.125,0.58,0.906925,1,Draw,-0.4850000000000001,-0.28745762711864414,59.0,12.0,4.0,0.3050847457627119,4.0,0.3333333333333333,0.801435215297654,4.916666666666667,0.7966101694915254,0.5911460918884003,0.17821736838327756,1.148,0.0,1.0,10.0,1.1019999999999999,0.388,1.0,0.37975204532662843,0.5395905598598486,0.15983851453322018,1.3057116821536727,2.2,0.4106451831572917,0.32887248921613893,0.8,5,0.14323168731979244,0.3799999999999999,0.0,5,0.4857449999999998,0.0,0.7859999999999999,0.7457077175408607,5,0.8566179999999999,0.7560453721305356,0.6990000000000001,0.3044954843671741,5,0.740636,0.3574874321986718,0.406,0.3190000000000002,-0.08699999999999986,0.37087300000000006,0.25489100000000015,-0.11598199999999992
2081,5,9,1,7,1,mid,mid_r5-8,2,2-4,0,2,0,2,2,-2,0,0,0,0,1,2,0,0,1,0.7267152349091103,0,1.2825952177128996,0.5558799828037894,0,2,-2,1.702529199705251,1.702529199705251,0.7876465,0.32290000000000063,1.702529199705251,0.16337508491021102,53,0.865,0.73,0.135,0.25,0.27339622641509437,-0.12,0.985,0.28,0.615,2,17,0.32075471698113206,1.7520386792452831,1.75071,1.51221,Hit,5,0.3018867924528302,0.5660377358490566,0.11320754716981132,0.28500000000000003,3,1,2.214248391332314,0.265,0.34,0.10889499999999996,1,Hit,0.97,1.4105660377358489,53.0,11.0,4.0,0.24528301886792453,3.0,0.2727272727272727,0.8872658328105034,4.818181818181818,0.8113207547169811,0.6609089231748919,0.12411002666300217,0.6177083333333333,0.0,0.8,6.0,0.586,0.279,0.8,0.24489389268945572,0.3245706367466975,0.07967674405724176,1.634984233397369,2.6,0.3630237383346394,0.23139787785041538,0.8,5,0.2383071385690163,0.29999999999999993,0.02423839928708159,5,0.363365,0.04911641057223137,0.41899999999999993,0.08173126696681023,5,0.541752,0.1540185071509265,0.385,0.16673332000533067,5,0.5394129999999999,0.23088649867413205,0.119,0.08500000000000008,-0.03399999999999992,0.17838700000000002,0.17604799999999993,-0.002339000000000091
1265,4,5,1,11,1,early,early_r9+,5,5-8,3,2,3,2,5,1,0,0,0,0,1,2,3,3,5,0.23865963403139628,1,0.5069841779000559,0.2683245438686596,1,0,1,0.38613422824842125,0.4374375702290024,0.22231813737462267,0.5694614698116119,0.4374375702290024,0.40843771227552755,71,0.89,0.87,0.020000000000000018,0.505,0.49887323943661976,0.05,0.84,0.28250000000000003,0.385,17,49,0.6901408450704225,2.028621971830986,2.03664,2.03664,Draw,6,0.22535211267605634,0.4225352112676056,0.3380281690140845,0.020000000000000018,5,0,2.7198464690776465,0.31,0.365,-0.11019000000000001,0,Hit,-0.10999999999999999,-0.11598591549295774,71.0,15.0,4.0,0.2535211267605634,2.0,0.13333333333333333,0.8789410282973705,4.733333333333333,0.7323943661971831,0.5278177494847892,0.1261411914352256,0.4966666666666667,0.0,0.0,10.0,0.7150000000000001,0.17500000000000002,0.6,0.24031124620304686,0.1878924006117602,-0.052418845591286664,1.8963938914617704,8.2,0.15642857142857142,0.23195361667366185,0.8,5,0.2229617488424127,0.21899999999999994,0.16618513772296248,5,0.23064800000000002,0.21398926052491515,0.23900000000000002,0.15076471735787525,5,0.21026199999999995,0.14430938888374514,0.186,0.12381437719424995,5,0.18429099999999998,0.1233482870979569,0.020000000000000073,-0.032999999999999946,-0.05300000000000002,-0.02038600000000007,-0.04635700000000004,-0.025970999999999966
3677,7,15,1,1,1,late,r1,5,5-8,2,3,2,3,5,-1,0,0,0,0,1,4,1,1,2,0.1931385643132925,0,0.6312198993567895,0.438081335043497,0,1,-1,0.7756878465265475,1.0529219033342403,1.091292162806203,0.6348133602878868,1.0529219033342403,0.40843771227552755,75,1.695,1.65,0.04500000000000015,-1.0,-0.654,-1.125,2.8200000000000003,0.13250000000000006,2.6950000000000003,3,4,0.05333333333333334,0.33296076933333335,0.0,0.960195,Hit,6,0.32,0.4266666666666667,0.24,0.135,2,1,0.7629027728689579,0.055,0.865,1.2149025,1,Hit,0.0,0.0,75.0,15.0,4.0,0.8133333333333332,14.0,0.9333333333333333,0.3596600130525386,5.0,0.5333333333333333,0.05036725954362721,0.785396688010776,0.42409836065573786,0.0,1.0,61.0,1.56,0.135,1.0,0.6052285886062109,0.5557189302262112,-0.049509658379999655,0.07295440117280277,1.0,0.5557189302262112,0.4934674278928564,1.0,5,0.0,0.135,0.0,5,0.0345074999999999,0.0,0.135,0.0,5,0.0345074999999999,0.0,0.135,0.0,5,0.0345074999999999,0.0,0.0,0.0,0.0,0.0,0.0,0.0
477,2,10,0,6,0,mid,mid_r5-8,6,5-8,3,3,3,3,6,0,0,0,0,0,1,3,3,3,6,0.3079030047855971,0,0.3306714593563967,0.022768454570799568,0,1,-1,0.3601092964587288,0.5783839225247341,0.49563946370182704,0.46816739764983956,0.5783839225247341,0.490125254730633,81,-0.245,-0.37,0.125,-1.14,-1.0705555555555555,-1.605,1.3599999999999999,0.3849999999999999,0.8949999999999999,6,14,0.1728395061728395,1.9226235802469134,1.92743,1.81521,Draw,6,0.2962962962962963,0.3950617283950617,0.2962962962962963,0.13,4,0,2.469586046694435,0.525,0.17,-1.1526049999999999,1,Draw,-0.88,-0.28580246913580243,81.0,17.0,4.0,0.22222222222222224,5.0,0.29411764705882354,0.8361021671472015,4.764705882352941,0.7160493827160493,0.5680468678570393,0.18420347263386522,1.105,0.0,0.6,2.0,-0.458,0.213,0.4,0.23686649269760726,0.4514072663339677,0.2145407736363604,1.744936160403752,4.4,0.44852941176470595,0.23296666396416593,0.9,5,0.13657855549032477,0.501,0.25085852586667257,5,0.5583740000000001,0.18887617750791116,0.341,0.22897598127314575,5,0.4066440000000001,0.19488625869978612,0.21599999999999997,0.11349008767288883,5,0.3023140000000001,0.12134517503798829,-0.15999999999999998,-0.28500000000000003,-0.12500000000000006,-0.15173000000000003,-0.25606000000000007,-0.10433000000000003
8462,7,13,1,3,1,late,late_r2-4,11,9-12,7,4,7,4,11,3,0,0,0,0,1,9,2,3,10,0.10579777426018874,1,0.3594054774554764,0.2536077031952877,3,0,3,0.2960574827309768,0.37903217681788487,0.5007952203313253,0.4456974081923979,0.37903217681788487,0.8985629670061606,115,2.63,2.615,0.01499999999999968,2.185,2.0238695652173915,0.01,2.62,0.3799999999999999,0.44499999999999984,17,63,0.5478260869565217,1.2865577999999998,1.23288,1.02132,PostGuard,6,0.2782608695652174,0.2956521739130435,0.41739130434782606,0.01499999999999968,6,0,1.8745304601602724,0.005,0.91,2.11934,1,PostGuard,-0.3700000000000001,-0.7345217391304347,115.0,23.0,4.0,0.17391304347826086,7.0,0.30434782608695654,0.8323048725918119,5.0,0.7565217391304347,0.7863975597793351,0.19100615542417085,2.2275,0.0,0.4,18.0,2.304,0.3259999999999999,0.2,0.47057977849882776,0.6537334188369381,0.1831536403381105,1.3661297631040554,3.8,0.644296710816244,0.5214298147607127,0.8,5,0.07802673599362256,0.3899999999999997,0.0,5,0.6380249999999996,0.0,0.37899999999999984,0.05067050424063289,5,0.5523979999999998,0.12483579022059334,0.32999999999999985,0.07348469228349522,5,0.5024216999999999,0.19782999561353162,-0.010999999999999843,-0.05999999999999983,-0.04899999999999999,-0.08562699999999979,-0.13560329999999976,-0.049976299999999974
3186,1,11,1,5,1,mid,mid_r5-8,11,9-12,6,5,6,5,11,1,0,0,0,0,1,9,2,5,11,0.07600417569818435,0,0.31805699862572967,0.24205282292754532,0,3,-3,0.30062700002895415,0.3661890429307302,0.3848036557336555,0.42476564039031867,0.3661890429307302,0.8985629670061606,119,1.3,0.815,0.4850000000000001,-1.62,-1.4021848739495801,-2.305,3.6050000000000004,0.9125000000000001,2.92,1,2,0.01680672268907563,1.8230679831932772,1.79377,2.06398,Hit,6,0.33613445378151263,0.3025210084033613,0.35294117647058826,2.005,1,1,2.779826386455033,0.285,0.485,0.2680100000000001,1,Hit,0.51,1.2966386554621845,119.0,24.0,4.0,0.3865546218487395,11.0,0.4583333333333333,0.6711255937217284,4.958333333333333,0.6554621848739496,0.7970840408484823,0.320619609922338,3.10625,0.8,1.0,2.0,1.2029999999999998,0.09700000000000002,1.0,0.6340807712398563,0.8520521769999139,0.21797140576005739,1.762024513078829,1.0,0.8283302153611227,0.6299719365949052,0.95,5,0.059377475587966175,1.09,0.2641968962724581,5,1.117924,0.24472690469174005,1.48,0.20515238238928646,5,1.464704,0.2110514095072573,0.09700000000000002,0.2168985938174796,5,0.09822600000000001,0.21964001315789433,0.3899999999999999,-0.9930000000000001,-1.383,0.3467800000000001,-1.019698,-1.366478
8936,4,15,1,1,1,late,r1,14,13-16,7,7,7,7,14,0,0,0,0,0,1,10,4,5,12,0.13990804346069585,1,0.4226590849798436,0.28275104151914776,1,0,1,0.3154572163955043,0.3920501147430313,0.4697500164287665,0.6617780666044898,0.3920501147430313,1.143625594371477,145,1.015,1.0,0.014999999999999902,1.0,0.2243448275862069,-2.935,3.95,1.6949999999999998,0.014999999999999902,87,92,0.6344827586206897,0.5137587931034483,0.0,0.121552,Draw,6,0.38620689655172413,0.27586206896551724,0.3310344827586207,0.014999999999999902,6,0,0.11236071009937675,0.0,0.015,1.0,0,Draw,0.0,0.0,145.0,29.0,4.0,0.8068965517241379,28.0,0.9655172413793103,0.33681389250740446,5.0,0.5793103448275863,0.11712449851060928,1.159769567785603,0.9612820512820512,0.0,1.0,117.0,1.0,0.014999999999999902,0.0,0.7663752883023968,1.0,0.23362471169760327,0.05709748698385765,29.0,1.0,0.7615388801942021,1.0,5,3.1031676915590914e-17,0.1899999999999999,0.0,5,0.464126,0.0,0.1899999999999999,0.0,5,0.464126,0.0,0.0499999999999999,0.07826237921249264,5,0.0928252,0.20756345722501346,0.0,-0.13999999999999999,-0.13999999999999999,0.0,-0.3713008,-0.3713008
966,6,3,1,13,1,early,early_r9+,3,2-4,2,1,2,1,3,1,0,0,0,0,1,1,2,2,3,0.17143287223866516,0,0.2555387713068199,0.08410589906815474,0,1,-1,0.40552509712839624,0.4544405972096534,0.10280154004142587,0.3784604690937569,0.4544405972096534,0.2450626273653165,55,1.15,1.125,0.02499999999999991,0.675,0.6842727272727275,0.27,0.8799999999999999,0.20000000000000018,0.47499999999999987,6,31,0.5636363636363636,2.0303290909090905,2.02877,2.12073,Draw,6,0.14545454545454545,0.509090909090909,0.32727272727272727,0.07499999999999996,6,0,2.766057657128716,0.305,0.4,0.15993499999999994,0,Pass,2.15,1.1379090909090912,55.0,11.0,4.0,0.2545454545454545,2.0,0.18181818181818182,0.8793539588062839,5.0,0.7818181818181819,0.45094609168690203,0.12388427487223053,0.5257142857142857,0.2,0.4,6.0,0.991,0.15899999999999997,0.2,0.10791030653820119,0.22993761938680773,0.12202731284860655,1.8812459954653822,4.8,0.3036363636363637,0.11079738496996001,0.7,5,0.20639719195138342,0.44799999999999984,0.1778201338431619,5,0.45028999999999986,0.09368278156897351,0.2999999999999999,0.1820370841339753,5,0.3449079999999999,0.1700617807812796,0.34299999999999986,0.19392653248073094,5,0.353415,0.22982154498110047,-0.14799999999999996,-0.10499999999999998,0.04299999999999998,-0.10538199999999998,-0.09687499999999988,0.008507000000000098
232,1,13,1,3,1,late,late_r2-4,3,2-4,1,2,1,2,3,-1,0,0,0,0,1,1,2,2,2,0.09805498502391603,1,0.49222195960867093,0.3941669745847549,1,0,1,0.590234676322429,0.8908838226553017,0.41225763166335144,0.710039324419586,0.8908838226553017,0.2450626273653165,59,1.575,1.47,0.10499999999999998,1.07,0.9951694915254238,0.075,1.5,0.39749999999999996,0.5049999999999999,7,29,0.4915254237288136,1.2572822033898303,1.27121,1.22245,Draw,6,0.2711864406779661,0.5084745762711864,0.2033898305084746,0.10499999999999998,4,0,1.9404638864813233,0.125,0.615,0.9637749999999999,1,Draw,-0.41500000000000004,-0.0012711864406779484,59.0,12.0,4.0,0.13559322033898305,2.0,0.16666666666666666,0.9316690956177023,4.916666666666667,0.7627118644067796,0.7876618322278178,0.13336978798211496,1.1195238095238096,0.4,1.0,7.0,1.456,0.11899999999999995,1.0,0.42073210341862877,0.8545407316858347,0.43380862826720595,1.2615013610999433,1.4,0.7944055944055944,0.3688496093124098,0.85,5,0.07619130878783059,0.0,0.0,5,0.0,0.0,0.36099999999999993,0.3492742475476829,5,0.32003299999999996,0.36499137324736874,0.22399999999999992,0.2785543035029256,5,0.23584999999999998,0.32283564512379975,0.36099999999999993,0.22399999999999992,-0.137,0.32003299999999996,0.23584999999999998,-0.08418299999999998
3968,6,10,0,6,0,mid,mid_r5-8,3,2-4,2,1,2,0,2,2,0,0,0,0,1,1,1,2,2,0.16851730885656274,1,0.49495470333234326,0.3264373944757805,2,0,2,0.6633747575032525,1.1432308868495598,0.9862595497210869,0.35526915930820196,0.6633747575032525,0.16337508491021102,49,0.95,0.8,0.1499999999999999,-0.105,0.049285714285714266,-0.5,1.45,0.5700000000000001,1.055,2,12,0.24489795918367346,1.7352446938775516,1.7099,1.78536,PreGuard,5,0.08163265306122448,0.5306122448979592,0.3673469387755102,0.2799999999999999,3,0,2.4729183127858008,0.325,0.42,0.05731999999999993,1,PreGuard,-1.05,-2.59469387755102,49.0,10.0,4.0,0.20408163265306123,1.0,0.1,0.9086283332445497,4.9,0.8367346938775511,0.5393492704628937,0.21533074545372957,0.925,0.0,0.4,10.0,0.616,0.33399999999999996,1.0,0.4201194592978954,0.7790932173658305,0.35897375806793524,1.7014121053920028,4.0,0.7333333333333332,0.38733762148586176,0.95,5,0.21346678379758954,0.5079999999999999,0.22739283190109574,5,0.549298,0.20095536546084056,0.45299999999999996,0.1021396103380074,5,0.48895999999999995,0.10933367853731073,0.3929999999999999,0.055294665203797,5,0.42917799999999995,0.09389524778975772,-0.05499999999999994,-0.11499999999999999,-0.06000000000000005,-0.060338,-0.12012,-0.059782
2440,2,5,1,11,1,early,early_r9+,5,5-8,3,2,3,2,5,1,0,0,0,0,1,3,2,4,5,0.28237576483119103,1,0.38886779967618945,0.10649203484499842,2,0,2,0.4157840788498278,0.4518594260158661,0.23867910047710506,0.534067285648541,0.4518594260158661,0.40843771227552755,71,1.17,1.03,0.1399999999999999,0.625,0.6114788732394366,0.13,1.04,0.24999999999999994,0.5449999999999999,5,30,0.4225352112676056,2.0035783098591553,2.00858,2.08593,Hit,6,0.22535211267605634,0.4225352112676056,0.3380281690140845,0.1399999999999999,5,1,2.758512450265799,0.31,0.42,0.127035,1,Hit,0.125,-1.2397887323943664,71.0,15.0,4.0,0.2535211267605634,6.0,0.4,0.8310987096272244,4.733333333333333,0.7464788732394366,0.28416984279810664,0.17946692621176738,0.505,0.2,0.4,5.0,0.834,0.33599999999999997,0.2,-0.016335982788080357,-0.020744483616701163,-0.0044085008286207875,1.9549558248461434,5.4,0.016133054485775157,0.00270362596921985,0.85,5,0.2689914430899386,0.37799999999999984,0.13381890748321035,5,0.3274,0.16813603372715802,0.3279999999999999,0.14554209013203023,5,0.2639969999999999,0.12299060460051413,0.44799999999999995,0.33084361864784395,5,0.427592,0.3325796260408927,-0.04999999999999993,0.07000000000000012,0.12000000000000005,-0.0634030000000001,0.100192,0.1635950000000001
1624,6,15,1,1,1,late,r1,7,5-8,3,4,3,4,7,-1,0,0,0,0,1,3,4,3,5,0.15061279701568903,1,0.21027980296585877,0.059667005950169744,1,0,1,0.2906741851642332,0.732490607349299,0.8267519035041075,0.5559321464248794,0.732490607349299,0.5718127971857385,91,1.265,1.26,0.004999999999999893,1.0,0.5285164835164835,-3.05,4.3149999999999995,0.345,0.2649999999999999,7,64,0.7032967032967034,0.3732340549450549,0.0,1.15532,Hit,6,0.3516483516483517,0.37362637362637363,0.26373626373626374,0.004999999999999893,6,1,1.4933471756701153,0.105,0.555,1.0,0,Draw,0.0,0.0,91.0,19.0,4.0,0.8021978021978022,18.0,0.9473684210526315,0.36307846077742373,4.7894736842105265,0.5494505494505495,0.05701152318024823,1.066005912620641,1.25,0.0,1.0,73.0,1.26,0.004999999999999893,0.0,0.6124273415654068,0.7474093186836598,0.134981977118253,0.04485171165103328,18.0,0.7474093186836598,0.559140706649323,1.0,5,0.0,0.0049999999999998,0.0,5,0.032575,0.0,0.0049999999999998,0.0,5,0.032575,0.0,0.0049999999999998,0.0,5,0.032575,0.0,0.0,0.0,0.0,0.0,0.0,0.0
9851,7,8,0,8,0,mid,mid_r5-8,6,5-8,3,3,3,3,6,0,0,0,0,0,1,2,4,3,6,0.16740154151021736,1,0.2629055797950268,0.09550403828480947,1,0,1,0.37252800004511194,0.3996649172262152,0.261969340162977,0.45975658686599136,0.3996649172262152,0.490125254730633,81,0.155,-0.06,0.215,-0.445,-0.46685185185185185,-1.155,1.31,0.26499999999999996,0.6,4,24,0.2962962962962963,1.9028020987654322,1.90378,2.0423,Hit,6,0.2962962962962963,0.3950617283950617,0.2962962962962963,0.215,5,1,2.651655008833409,0.535,0.265,-0.86615,1,Hit,1.105,-0.9941975308641976,81.0,17.0,4.0,0.19753086419753085,5.0,0.29411764705882354,0.8432777123889823,4.764705882352941,0.654320987654321,0.49732743168502164,0.1592321775150506,0.7988636363636363,0.0,0.4,11.0,-0.294,0.449,0.4,0.21131545033198135,0.35421904240566715,0.1429035920736858,1.8080039426075387,7.6,0.4200980392156864,0.22437661105033926,0.7,5,0.1885378613211842,0.33799999999999997,0.21686977659415801,5,0.33622199999999997,0.23247636803554886,0.611,0.4577581239038801,5,0.60106,0.487460272368426,0.575,0.2988937938465769,5,0.548947,0.33859498090639206,0.273,0.237,-0.03600000000000003,0.2648380000000001,0.212725,-0.052113000000000076
9879,2,15,1,1,1,late,r1,10,9-12,4,6,4,6,10,-2,0,0,0,0,1,4,6,4,8,0.27271807784596974,1,0.4696014787754537,0.19688340092948398,3,0,3,0.3110764538566039,0.44255923827604204,0.36136551137599504,0.7949739306417538,0.44255923827604204,0.8168754245510551,117,3.125,3.0,0.125,2.955,2.650769230769231,0.18,2.945,0.3849999999999998,0.16999999999999993,69,86,0.7350427350427351,0.3532337324786325,0.259808,0.599479,Hit,6,0.41025641025641024,0.3247863247863248,0.2564102564102564,0.125,6,1,1.0131889832468746,0.0,0.96,3.0,0,Draw,0.0,0.0,117.0,24.0,4.0,0.8034188034188035,23.0,0.9583333333333334,0.3499013977135025,4.875,0.6068376068376068,0.07417269349654805,0.6376913430347315,0.46499999999999986,0.0,1.0,94.0,3.0,0.125,0.0,0.6508449707526978,0.44536594457558853,-0.20547902617710925,0.03285229426185777,24.0,0.44536594457558853,0.6472008950238499,1.0,5,3.1031676915590914e-17,0.3250000000000002,0.0,5,0.45980750000000004,0.0,0.3250000000000002,0.0,5,0.45980750000000004,0.0,0.13400000000000006,0.00821583836257754,5,0.05622030000000007,0.05132187749951287,0.0,-0.19100000000000011,-0.19100000000000011,0.0,-0.4035872,-0.4035872
9832,1,9,1,7,1,mid,mid_r5-8,9,9-12,5,4,5,4,9,1,0,0,0,0,1,6,3,5,9,0.20610657200827018,1,0.28102198578445803,0.07491541377618785,1,0,1,0.341426636482862,0.4444343705846437,0.29156901344478536,0.5167205436664128,0.4444343705846437,0.7351878820959495,103,1.24,1.165,0.07499999999999996,0.335,0.39135922330097084,-0.105,1.345,0.3275,0.905,4,10,0.0970873786407767,1.8354704854368928,1.8315,1.80067,Hit,6,0.3106796116504854,0.3300970873786408,0.34951456310679613,0.07499999999999996,3,1,2.5316167291481153,0.23,0.425,0.362225,0,Freeze,0.2350000000000001,-0.26359223300970874,103.0,21.0,4.0,0.3883495145631068,8.0,0.38095238095238093,0.669664031289582,4.904761904761905,0.6990291262135923,0.4199622863047775,0.18987130568482166,1.1283333333333334,0.6,0.6,1.0,1.1320000000000001,0.10799999999999998,0.6,0.24819794476157994,0.4817287730510483,0.23353082828946828,1.866579344042954,3.0,0.37146535777134665,0.21277179477374072,0.85,5,0.06007775645483119,0.375,0.5026305800486078,5,0.34939800000000004,0.5690358896150575,0.27599999999999997,0.4498249659589827,5,0.32970299999999997,0.4806138837934252,0.49499999999999994,0.3081395787626121,5,0.589002,0.40035642435210156,-0.09900000000000003,0.11999999999999994,0.21899999999999997,-0.019695000000000074,0.23960399999999998,0.25929900000000006
4221,2,14,0,2,0,late,late_r2-4,14,13-16,7,7,7,7,14,0,0,0,0,0,1,13,1,3,12,0.161538045948934,1,0.2811561183755393,0.11961807242660527,2,0,2,0.2964143195748169,0.3882622006635516,0.5167703289109976,0.43399761878637627,0.3882622006635516,1.143625594371477,145,1.555,1.505,0.050000000000000044,0.45,-0.0167241379310345,-2.795,4.35,1.425,1.105,4,6,0.041379310344827586,1.647066751724138,1.53528,0.766143,PostGuard,6,0.38620689655172413,0.27586206896551724,0.3310344827586207,0.45999999999999996,2,0,1.1448969450851392,0.045,0.655,1.1719285,1,PostGuard,-0.44500000000000006,-1.2799310344827584,145.0,29.0,4.0,0.2896551724137931,9.0,0.3103448275862069,0.7329840378216925,5.0,0.6896551724137931,0.9116929358337286,0.2628076076541454,3.098690476190476,0.0,1.0,42.0,0.867,0.688,1.0,0.7103118328047715,0.7154230223065203,0.005111189501748825,1.7104678897817713,1.8,0.7194290362188202,0.706168289485186,0.9,5,0.10783906444195117,1.41,0.0,5,1.8992785,0.0,0.8139999999999998,0.1679434428609822,5,1.0618725,0.20073131031929223,0.8119999999999999,0.25076383311793604,5,1.0748704999999998,0.2692779845856323,-0.5960000000000001,-0.598,-0.0019999999999998908,-0.8374060000000001,-0.8244080000000003,0.012997999999999843
1999,2,5,1,11,1,early,early_r9+,2,2-4,0,2,0,2,2,-2,0,0,0,0,0,2,0,0,1,0.9202163481969904,0,1.3170087077920178,0.39679235959502746,0,2,-2,2.034820655883216,2.034820655883216,1.0081985,0.1366000000000014,2.034820655883216,0.16337508491021102,53,0.875,0.81,0.06499999999999995,0.42,0.43867924528301894,0.16,0.715,0.23500000000000004,0.455,8,32,0.6037735849056604,1.915393018867925,1.92715,1.9873,Draw,5,0.3018867924528302,0.5660377358490566,0.11320754716981132,0.06499999999999995,5,0,2.5865103015823228,0.245,0.36,-0.07230999999999999,0,Hit,2.8449999999999998,1.4803773584905657,53.0,11.0,4.0,0.20754716981132076,3.0,0.2727272727272727,0.9040180587189248,4.818181818181818,0.8301886792452831,0.3705871374321858,0.12878327123867528,0.39874999999999994,0.2,0.4,8.0,0.588,0.287,0.6,0.15974119065375883,0.276082482694484,0.11634129204072519,1.753280550294906,7.6,0.2854545454545455,0.1364257380663024,0.85,5,0.14829871672197262,0.1839999999999999,0.07544865803975578,5,0.10937299999999998,0.07538001091138154,0.21499999999999994,0.15297058540778355,5,0.159013,0.1987212705839513,0.3549999999999999,0.11368817000902079,5,0.342975,0.1577402977602743,0.031000000000000028,0.171,0.13999999999999999,0.049640000000000004,0.23360199999999998,0.183962
99,4,13,1,3,1,late,late_r2-4,3,2-4,0,3,0,2,2,-2,0,0,0,0,1,1,1,1,2,0.33259525857264094,0,0.6773669126913426,0.3447716541187017,0,2,-2,0.9125965760203172,1.2229030407239645,0.939270816521341,0.46977423182725686,0.9125965760203172,0.16337508491021102,57,0.635,0.48,0.15500000000000003,-0.86,-0.5702631578947369,-1.375,2.01,1.0550000000000002,1.495,3,9,0.15789473684210525,1.4699384210526316,1.49157,1.17974,Hit,5,0.3508771929824561,0.5263157894736842,0.10526315789473684,0.15500000000000003,2,1,1.8801390535518974,0.255,0.235,0.04513,1,Hit,0.37,0.7958771929824561,57.0,12.0,4.0,0.17543859649122806,1.0,0.08333333333333333,0.9246796535245204,4.75,0.8771929824561402,0.9309138524466809,0.13801564853418788,1.659375,0.6,0.6,3.0,0.549,0.086,1.0,0.5991143548749784,0.8589453498227039,0.25983099494772555,1.3745662622850294,3.8,0.8223776223776225,0.6208754110998629,0.95,5,0.0861547618080917,0.395,0.0,5,0.366915,0.0,0.143,0.23647410006171923,5,0.16637600000000002,0.24271366078158849,0.09399999999999997,0.13667479650615907,5,0.13430599999999998,0.18588069743789964,-0.252,-0.30100000000000005,-0.049000000000000016,-0.20053899999999997,-0.232609,-0.03207000000000004
964,0,8,0,8,0,mid,mid_r5-8,4,2-4,1,3,1,2,3,-1,0,0,0,0,1,3,0,1,3,0.36190999549036995,0,0.7888155829824899,0.42690558749211993,0,2,-2,0.4504449910937441,0.9548508353703564,0.8702030140316727,0.7497092415563525,0.48283363129464063,0.2450626273653165,63,-0.295,-0.38,0.08500000000000002,-1.185,-1.067142857142857,-1.59,1.2950000000000002,0.5449999999999999,0.8900000000000001,5,16,0.25396825396825395,1.9345234920634922,1.93282,1.76011,Hit,6,0.31746031746031744,0.47619047619047616,0.19047619047619047,0.14,3,1,2.4373736388350147,0.59,0.16,-1.175055,1,Hit,-0.685,0.46182539682539675,63.0,13.0,4.0,0.2857142857142857,4.0,0.3076923076923077,0.8359400997673024,4.846153846153846,0.7777777777777778,0.7531544686738086,0.15979558649939501,1.2750000000000001,1.0,1.0,1.0,-0.295,0.0,1.0,0.2934798452106445,0.6060748227857173,0.31259497757507276,1.8580560294326625,1.6,0.6318681318681318,0.3053902829783341,0.8,5,0.14731736045238564,0.272,0.1673544143427355,5,0.36280399999999996,0.1928503347611821,0.12,0.11302654555457314,5,0.15070199999999997,0.1191188547523019,0.066,0.14758048651498615,5,0.072865,0.16293109318052218,-0.15200000000000002,-0.20600000000000002,-0.05399999999999999,-0.21210199999999998,-0.28993899999999995,-0.07783699999999998
6357,7,5,1,11,1,early,early_r9+,5,5-8,2,3,2,3,5,-1,0,0,0,0,1,3,2,4,5,0.2418171591653685,1,0.2745015417971272,0.03268438263175871,1,0,1,0.3813097449602013,0.41357540848159846,0.23639607765206597,0.35328293816713013,0.41357540848159846,0.40843771227552755,75,0.895,0.87,0.025000000000000022,0.54,0.5252666666666667,0.04,0.855,0.23250000000000004,0.355,20,58,0.7733333333333333,2.034582133333333,2.03313,2.03813,Draw,6,0.32,0.4266666666666667,0.24,0.025000000000000022,6,0,2.698667948970207,0.315,0.355,-0.06181499999999995,0,Hit,0.21499999999999997,-0.0002666666666666728,75.0,15.0,4.0,0.18666666666666668,4.0,0.26666666666666666,0.8896551654806248,5.0,0.7333333333333333,0.2828016902346145,0.14980038421878294,0.4483333333333334,0.0,0.2,14.0,0.771,0.124,0.6,0.04512735706165272,0.14048646148569394,0.09535910442404123,1.8682711994910797,7.2,0.1218186027270495,0.017950871327134736,0.85,5,0.1539973431928813,0.34199999999999997,0.13017296186228536,5,0.4078340000000001,0.10149047082115636,0.19799999999999995,0.12940247292845683,5,0.23485199999999998,0.1481149126776234,0.19699999999999993,0.0908707873851658,5,0.281705,0.09992793515829303,-0.14400000000000002,-0.14500000000000005,-0.0010000000000000286,-0.1729820000000001,-0.1261290000000001,0.046853000000000006
632,7,12,0,4,0,late,late_r2-4,6,5-8,3,3,3,3,6,0,0,0,0,0,1,3,3,4,6,0.28975744541398935,0,0.33503120977156914,0.04527376435757979,0,2,-2,0.4478866076183129,0.5279734740526503,0.4607324105114233,0.35158354941922726,0.5279734740526503,0.490125254730633,81,-0.195,-0.215,0.01999999999999999,-1.085,-1.0645679012345677,-2.115,1.9200000000000002,0.4800000000000001,0.8899999999999999,6,16,0.19753086419753085,1.7162154320987653,1.71694,1.67838,Draw,6,0.2962962962962963,0.3950617283950617,0.2962962962962963,0.01999999999999999,3,0,2.3350059029213264,0.54,0.135,-1.03419,1,Draw,0.95,0.4146913580246913,81.0,17.0,4.0,0.2716049382716049,6.0,0.35294117647058826,0.7783229894721307,4.764705882352941,0.6666666666666666,0.5720764640579064,0.22923609722655341,1.7899999999999998,0.0,0.6,12.0,-0.373,0.178,0.4,0.3358050038610404,0.5449721316574089,0.20916712779636842,1.6813648307108604,7.0,0.5214580665265884,0.313127374307525,0.75,5,0.16300291767446273,0.2839999999999999,0.32041769614052223,5,0.366997,0.2653332385322275,0.29999999999999993,0.25973544232545553,5,0.36939700000000003,0.2139628125866735,0.2889999999999999,0.24925890154616345,5,0.36062900000000014,0.22821069523030685,0.016000000000000014,0.0050000000000000044,-0.01100000000000001,0.0024000000000000132,-0.006367999999999874,-0.008767999999999887
3130,2,11,1,5,1,mid,mid_r5-8,7,5-8,3,4,3,4,7,-1,0,0,0,0,1,4,3,5,7,0.35879523254915296,0,0.38154951589570846,0.022754283346555493,0,3,-3,0.3038567019517567,0.41420105555462633,0.2631215637369867,0.590848498486088,0.41420105555462633,0.5718127971857385,91,1.315,1.175,0.1399999999999999,0.365,0.40928571428571425,-0.19,1.505,0.455,0.95,3,13,0.14285714285714285,1.741156043956044,1.74929,1.43728,Freeze,6,0.3516483516483517,0.37362637362637363,0.26373626373626374,0.23499999999999988,4,0,2.2241255678886978,0.16,0.475,0.59636,1,Freeze,0.5399999999999999,2.2574175824175824,91.0,19.0,4.0,0.2857142857142857,9.0,0.47368421052631576,0.7684762083486606,4.7894736842105265,0.6483516483516484,0.6008247610668886,0.2063346166268422,0.75,0.0,0.6,10.0,0.96,0.3549999999999999,0.6,0.357333362109499,0.5022537624778175,0.14492040036831844,1.5224641511008081,5.4,0.5381804015825736,0.3257052977879752,0.8,5,0.15891242256996335,0.23799999999999993,0.217732634209941,5,0.282862,0.2584504401621324,0.619,0.3241604540964243,5,0.7516499999999999,0.37302612470509344,0.5959999999999999,0.09370165420097985,5,0.6978669999999999,0.07020663871743187,0.38100000000000006,0.35799999999999993,-0.02300000000000013,0.4687879999999999,0.4150049999999999,-0.053783000000000025
2941,4,13,1,3,1,late,late_r2-4,12,9-12,7,5,6,5,11,1,1,0,1,1,1,5,6,5,10,0.2369321152250174,1,0.2745580709722456,0.03762595574722821,2,0,2,0.31805052320914495,0.5104981338384967,0.570896176767283,0.8407215364643645,0.4267828687928797,0.8985629670061606,125,1.365,1.26,0.10499999999999998,0.29,0.30876,-0.625,1.99,0.31,1.075,5,11,0.088,1.5522820000000002,1.5446,1.08249,PreGuard,7,0.32,0.336,0.336,0.10499999999999998,3,0,1.4774856589585732,0.14,0.635,0.823755,1,PreGuard,-0.635,-1.3188000000000002,125.0,25.0,4.0,0.28,12.0,0.48,0.7509011799891063,5.0,0.696,0.6366138332828624,0.20771793237886702,1.3943750000000001,0.0,0.6,24.0,0.678,0.6869999999999999,0.6,0.37796361291905517,0.47840261973691867,0.10043900681786355,1.4759931775701376,4.4,0.528873039487706,0.37188492100813664,0.8,5,0.11837254016081372,1.105,0.0,5,1.335505,0.0,1.3050000000000002,0.03354101966249685,5,1.617005,0.015746146353949587,1.0219999999999998,0.3854315762881915,5,1.311411,0.40400202164407545,0.20000000000000018,-0.08300000000000018,-0.28300000000000036,0.2815000000000001,-0.024093999999999838,-0.3055939999999999
6374,0,11,1,5,1,mid,mid_r5-8,10,9-12,5,5,5,5,10,0,0,0,0,0,1,6,4,6,9,0.1672493061300995,0,0.24110000912691604,0.07385070299681654,0,2,-2,0.31178982687701634,0.3907161063602181,0.3094211609412543,0.5812611603229656,0.3907161063602181,0.8168754245510551,113,1.54,1.19,0.3500000000000001,-0.665,-0.5029646017699115,-1.19,2.73,0.45499999999999996,2.205,1,3,0.02654867256637168,1.9015834513274337,1.88053,2.19281,Hit,6,0.35398230088495575,0.3185840707964602,0.3185840707964602,1.62,1,1,2.8683327539349923,0.245,0.515,0.44359499999999996,1,Hit,0.04499999999999993,1.1100442477876107,113.0,23.0,4.0,0.24778761061946902,8.0,0.34782608695652173,0.741230492721555,4.913043478260869,0.7168141592920354,0.8306973311722011,0.18055229641970774,2.3449999999999998,0.0,0.4,4.0,1.1759999999999997,0.36400000000000005,1.0,0.4169317500960491,0.682635668193275,0.265703918097226,1.8239848843824986,7.0,0.6968133449333738,0.41117808987754445,0.8,5,0.15811446292713924,1.1039999999999999,1.010058166641902,5,1.031268,0.9438100878195782,1.1720000000000002,0.3621394758929216,5,1.151853,0.307927789903737,0.36400000000000005,0.03130495168499696,5,0.415432,0.037693397896713804,0.06800000000000028,-0.7399999999999998,-0.808,0.12058499999999994,-0.615836,-0.736421
156,7,14,0,2,0,late,late_r2-4,14,13-16,7,7,7,7,14,0,0,0,0,0,1,9,5,6,12,0.08285630542336189,1,0.3028276359977735,0.21997133057441162,1,0,1,0.31534376330412633,0.4234551971507593,0.4370573250842874,0.6734332617343793,0.4234551971507593,1.143625594371477,145,1.105,1.1,0.004999999999999893,0.25,0.29051724137931034,-1.485,2.59,0.485,0.855,9,34,0.23448275862068965,1.1154813172413793,1.15064,1.00696,Hit,6,0.38620689655172413,0.27586206896551724,0.3310344827586207,0.16999999999999993,5,1,1.4704763204697695,0.085,0.21,0.7474000000000001,0,PostGuard,-0.08499999999999996,-0.6078620689655173,145.0,29.0,4.0,0.2896551724137931,11.0,0.3793103448275862,0.7429633052193106,5.0,0.6620689655172414,0.6574961398756618,0.25070787710432546,2.535,0.4,0.6,5.0,1.096,0.008999999999999985,1.0,0.5899633750132649,0.6798816216634325,0.08991824665016752,1.142323228556803,7.6,0.6861494231632445,0.6059786777255696,0.85,5,0.13387677215985203,0.565,0.0,5,0.8132900000000001,0.0,0.6449999999999999,0.17888543819998318,5,0.9081410000000002,0.2120932837338326,0.207,0.2551617134289547,5,0.3723006000000001,0.30010403872957125,0.07999999999999996,-0.358,-0.43799999999999994,0.09485100000000013,-0.4409894,-0.5358404000000001
1570,1,4,0,12,0,early,early_r9+,2,2-4,1,1,1,1,2,0,0,0,0,0,0,0,2,2,2,0.20443595550685148,1,0.3582745026163556,0.1538385471095041,1,0,1,0.35033115032637213,0.35033115032637213,0.1471665,0.09499999999999886,0.35033115032637213,0.16337508491021102,49,-0.32,-0.325,0.0050000000000000044,-0.62,-0.6302040816326531,-1.015,0.6949999999999998,0.21499999999999997,0.3,17,41,0.8367346938775511,1.94232693877551,1.95867,1.9307,Draw,6,0.16326530612244897,0.5714285714285714,0.24489795918367346,0.0050000000000000044,6,0,2.6467196177604224,0.58,0.165,-1.28535,1,Draw,-1.32,-1.749795918367347,49.0,10.0,4.0,0.20408163265306123,1.0,0.1,0.9299503184750287,4.9,0.7959183673469388,0.1518190647117449,0.1503407609007932,0.21750000000000003,0.0,0.4,8.0,-0.43199999999999994,0.11199999999999996,0.4,-0.0012001003658013668,-0.015945759394760537,-0.014745659028959173,1.8124826633132485,5.6,-0.09090909090909091,-0.04687172379795102,0.85,5,0.3654391823384232,0.271,0.1840652058374966,5,0.326973,0.1495306373540219,0.22799999999999992,0.18896428233928236,5,0.1989329999999999,0.22693241002554043,0.19499999999999992,0.1132475165290613,5,0.18930099999999997,0.14741174221377354,-0.043000000000000094,-0.0760000000000001,-0.033,-0.12804000000000013,-0.13767200000000004,-0.009631999999999918
7117,6,12,0,4,0,late,late_r2-4,3,2-4,2,1,1,1,2,0,0,0,0,0,1,2,0,1,1,0.2212969964210978,0,1.5339474361594025,1.3126504397383048,0,1,-1,1.5792751663421436,1.6664632160736061,1.3468367518642421,0.22951241070292377,1.5792751663421436,0.16337508491021102,49,-0.14,-0.185,0.044999999999999984,-1.365,-1.1603061224489797,-1.68,1.54,0.78,1.225,2,10,0.20408163265306123,1.2976826530612244,1.27922,1.36396,Hit,6,0.16326530612244897,0.5714285714285714,0.24489795918367346,0.43499999999999994,2,1,1.868988803729021,0.59,0.14,-0.82198,1,Hit,-2.055,-0.6512244897959184,49.0,10.0,4.0,0.24489795918367346,3.0,0.3,0.8549591941439532,4.9,0.7959183673469388,0.7533191595405556,0.18522898705059415,1.1166666666666665,0.2,1.0,6.0,-0.176,0.03599999999999999,1.0,0.5610691508137944,0.6940602387553998,0.1329910879416055,1.2084622445226612,1.8,0.6102024826047013,0.5586401153885756,0.9,5,0.18161400952095635,0.275,0.15495967217311735,5,0.216338,0.12299040092625114,0.22699999999999995,0.19841874911408955,5,0.18233199999999994,0.1464529804920337,0.03599999999999992,0.020124611797498065,5,0.060435999999999844,0.03378475107204423,-0.04800000000000007,-0.2390000000000001,-0.19100000000000003,-0.034006000000000064,-0.15590200000000015,-0.12189600000000009
6164,7,6,0,10,0,mid,early_r9+,2,2-4,1,1,1,1,2,0,0,0,0,0,1,2,0,1,2,0.3337644597556788,1,1.0247903837560182,0.6910259240003394,1,0,1,1.011373114181707,1.011373114181707,0.13920155,0.4861499999999985,1.011373114181707,0.16337508491021102,49,-0.25,-0.295,0.044999999999999984,-0.595,-0.5826530612244898,-0.93,0.68,0.26999999999999996,0.345,18,40,0.8163265306122449,1.933373469387755,1.92379,1.88613,Hit,6,0.16326530612244897,0.5714285714285714,0.24489795918367346,0.044999999999999984,6,1,2.547136756401684,0.56,0.18,-1.193065,1,Hit,-0.82,-1.6355102040816327,49.0,10.0,4.0,0.24489795918367346,1.0,0.1,0.9174063126702162,4.9,0.7551020408163265,0.20637630190669481,0.15827273593480734,0.2385714285714285,0.0,0.4,7.0,-0.384,0.134,0.4,0.10031083603043364,0.24020226357050464,0.13989142754007106,1.8994003668997377,5.0,0.19999999999999996,0.12178439133840327,0.75,5,0.2775676454795224,0.266,0.007416198487095672,5,0.26691699999999996,0.05031175317458141,0.35,0.21313141485947118,5,0.31544799999999995,0.1886785268850168,0.293,0.0982725801024884,5,0.2710929999999999,0.05989691494559624,0.08399999999999996,0.02699999999999997,-0.056999999999999995,0.04853099999999999,0.0041759999999999575,-0.04435500000000003
4376,5,5,1,11,1,early,early_r9+,5,5-8,2,3,2,3,5,-1,0,0,0,0,1,4,1,4,5,0.08965228874763946,0,0.3097153990424122,0.2200631102947727,0,2,-2,0.3456779657364514,0.3867023723998365,0.1408322340698975,0.39275051928673504,0.3867023723998365,0.40843771227552755,75,0.9,0.845,0.05500000000000005,0.205,0.20866666666666667,-0.22,1.12,0.29750000000000004,0.6950000000000001,3,16,0.21333333333333335,2.039916266666667,2.05031,1.96469,Hit,6,0.32,0.4266666666666667,0.24,0.42500000000000004,3,1,2.6623843547399675,0.315,0.37,-0.082345,1,Hit,1.82,2.0076000000000005,75.0,15.0,4.0,0.30666666666666664,7.0,0.4666666666666667,0.7272821524554033,5.0,0.6533333333333333,0.49327680877017455,0.16739567717527565,0.65,0.0,0.0,4.0,0.591,0.309,0.2,0.17239072008233983,0.39193196598494845,0.21954124590260862,1.8344629629162104,7.6,0.4361362475383319,0.17850564144432055,0.9,5,0.18175825141170493,0.562,0.29911536236041103,5,0.5580769999999999,0.32203433940730614,0.49800000000000005,0.2400676987851552,5,0.458697,0.26830259541700296,0.398,0.09237153241123587,5,0.39361799999999997,0.07278762932325795,-0.064,-0.16400000000000003,-0.10000000000000003,-0.09937999999999991,-0.16445899999999997,-0.06507900000000005
4444,0,12,0,4,0,late,late_r2-4,6,5-8,3,3,2,3,5,-1,0,0,0,0,1,2,3,3,4,0.17143329105223376,1,0.31387386396608485,0.1424405729138511,1,0,1,0.3340145692930194,0.8635053407942109,1.0718767471733146,0.4483788294759496,0.673505657584159,0.40843771227552755,75,-0.345,-0.395,0.050000000000000044,-0.905,-0.9302,-1.64,1.295,0.28749999999999987,0.56,5,31,0.41333333333333333,1.7246906666666666,1.7258,1.60187,Draw,6,0.32,0.4266666666666667,0.24,0.11500000000000005,5,0,2.183561038537683,0.525,0.08,-1.145935,1,Draw,-1.345,-1.5351333333333335,75.0,15.0,4.0,0.29333333333333333,4.0,0.26666666666666666,0.8142525689621888,5.0,0.6933333333333334,0.726378644408642,0.143155469743825,0.95,0.0,0.6,14.0,-0.683,0.338,0.2,0.26217434504349,0.44044916536796225,0.1782748203244723,1.61967693511966,4.2,0.40036257104648937,0.24089289179589377,0.85,5,0.17892362794084607,0.325,0.0,5,0.4338850000000001,0.0,0.8619999999999999,0.35329874044496684,5,0.976157,0.4111860682464813,0.4,0.20895573693966865,5,0.47105700000000006,0.21334862659506387,0.5369999999999999,0.07500000000000001,-0.46199999999999986,0.542272,0.03717199999999998,-0.5051
5083,5,6,0,10,0,mid,early_r9+,6,5-8,3,3,3,3,6,0,0,0,0,0,1,3,3,6,6,0.0190400458321399,1,0.31008666666983903,0.2910466208376991,1,0,1,0.3088541703253488,0.3909313098854055,0.2720002429812727,0.34628461158737883,0.3909313098854055,0.490125254730633,81,-0.245,-0.255,0.010000000000000009,-0.755,-0.7453703703703703,-1.22,0.975,0.29000000000000004,0.51,12,39,0.48148148148148145,2.023844444444444,2.01323,2.01121,PostGuard,6,0.2962962962962963,0.3950617283950617,0.2962962962962963,0.09000000000000002,5,0,2.664636097197914,0.54,0.2,-1.2506050000000002,1,PostGuard,-1.245,-1.4439506172839505,81.0,17.0,4.0,0.22222222222222224,4.0,0.23529411764705882,0.8738273562381895,4.764705882352941,0.7037037037037037,0.3775741679970061,0.16349961507103375,0.5599999999999999,0.0,0.2,18.0,-0.568,0.323,0.2,0.14035560331079236,0.1604847634223439,0.02012916011155156,1.8787855916448268,6.8,0.12009803921568626,0.15132744328496317,0.9,5,0.24260972306401746,0.20400000000000001,0.19574856321311784,5,0.1842839999999999,0.18500418385133882,0.43599999999999994,0.21087318463948898,5,0.49516899999999975,0.19964596894878692,0.491,0.054244815420462104,5,0.47935799999999984,0.09215837187960736,0.23199999999999993,0.287,0.05500000000000005,0.31088499999999986,0.29507399999999995,-0.01581099999999991
894,4,13,1,3,1,late,late_r2-4,9,9-12,3,6,3,5,8,-2,0,0,0,0,1,6,2,3,5,0.24522121675681374,1,0.3478679739800713,0.10264675722325756,2,0,2,0.3264562020812148,0.7618548380636359,1.0257727283814926,0.7797367159322687,0.7466405361033029,0.6535003396408441,105,2.14,1.995,0.14500000000000002,1.31,1.2635714285714288,-0.245,2.3850000000000002,0.33999999999999986,0.8300000000000001,4,15,0.14285714285714285,1.3560674476190475,1.32279,1.20433,Draw,6,0.41904761904761906,0.34285714285714286,0.22857142857142856,0.14500000000000002,5,0,2.129241914738375,0.055,0.76,1.5378350000000003,1,Draw,-0.29499999999999993,-0.5149047619047619,105.0,21.0,4.0,0.19047619047619047,6.0,0.2857142857142857,0.814281352832128,5.0,0.7047619047619048,0.7300199184004872,0.1877252693082864,2.3425000000000002,0.8,0.8,1.0,2.0810000000000004,0.05900000000000003,0.8,0.4944270191813459,0.7407314389742237,0.2463044197928776,1.3015093064008951,2.2,0.7115648323351239,0.4651783039965335,0.75,5,0.08435097456979594,0.0,0.0,5,0.0,0.0,0.562,0.6770395114023997,5,0.6821330000000001,0.7432341700769683,0.16600000000000004,0.11326958991715301,5,0.17319820000000016,0.1566386855192549,0.562,0.16600000000000004,-0.396,0.6821330000000001,0.17319820000000016,-0.5089347999999999
8445,1,11,1,5,1,mid,mid_r5-8,9,9-12,5,4,5,4,9,1,0,0,0,0,1,6,3,4,8,0.26772963238851627,1,0.42741593351792617,0.1596863011294099,3,0,3,0.3093307610550396,0.4877185638118439,0.4518037795388539,0.584313656257399,0.4877185638118439,0.7351878820959495,103,2.34,2.31,0.029999999999999805,1.6,1.5166504854368932,0.44,1.9,0.355,0.7399999999999998,5,17,0.1650485436893204,1.8692620388349515,1.84905,1.70716,PostGuard,6,0.3106796116504854,0.3300970873786408,0.34951456310679613,0.10999999999999988,5,0,2.6179274708183224,0.09,0.73,1.4864199999999999,1,PostGuard,-0.6600000000000001,-1.2083495145631067,103.0,21.0,4.0,0.2524271844660194,9.0,0.42857142857142855,0.7442960931875153,4.904761904761905,0.6796116504854369,0.682744542388883,0.20499396132620135,1.415,0.0,0.2,19.0,1.7449999999999999,0.5949999999999999,0.2,0.27473841374205066,0.4888582019647557,0.21411978822270505,1.6738610806773853,9.2,0.456408438079264,0.27324633912657825,0.85,5,0.12511354989736398,0.205,0.0,5,0.2592700000000001,0.0,0.6209999999999999,0.2795845131619418,5,0.6753599999999998,0.2506028815177512,0.6259999999999999,0.23786550821840483,5,0.7141279999999999,0.22668125847762538,0.4159999999999999,0.42099999999999993,0.0050000000000000044,0.41608999999999974,0.45485799999999976,0.038768000000000025
7871,7,15,1,1,1,late,r1,15,13-16,8,7,8,7,15,1,0,0,0,0,1,9,6,8,12,0.20682640063589564,0,0.2478529396557551,0.041026539019859476,0,1,-1,0.30697755129813664,0.4144003065248703,0.3776885454961956,0.7151660620210295,0.4144003065248703,1.2253131368265826,151,3.185,3.095,0.08999999999999986,-0.985,-0.4807284768211921,-1.0,4.1850000000000005,0.8075,4.17,2,2,0.013245033112582781,0.4927760794701987,0.198997,1.37869,Hit,6,0.3708609271523179,0.26490066225165565,0.3576158940397351,2.73,1,1,2.2642828944917412,0.03,0.885,2.495655,1,Hit,0.0,0.0,151.0,31.0,4.0,0.8013245033112583,30.0,0.967741935483871,0.3419626486511174,4.870967741935484,0.5695364238410596,0.0864678226821785,0.937655513591151,0.6478512396694215,0.0,1.0,121.0,2.485,0.7000000000000002,1.0,0.6655071230311331,0.7187952884282609,0.053288165397127774,0.042540167222471774,1.0,0.7187952884282609,0.664544463681878,1.0,5,0.0,0.7000000000000002,0.0,5,0.9540250000000003,0.0,0.7000000000000002,0.0,5,0.9540250000000003,0.0,0.7000000000000002,0.0,5,0.9540250000000003,0.0,0.0,0.0,0.0,0.0,0.0,0.0
8198,0,4,0,12,0,early,early_r9+,3,2-4,1,2,1,2,3,-1,0,0,0,0,1,1,2,2,2,0.08192252671494146,0,0.36484834606312894,0.2829258193481875,0,1,-1,0.4440722927276175,0.8109728044150817,0.7901915672848453,0.19521860111736894,0.8109728044150817,0.2450626273653165,59,-0.365,-0.375,0.010000000000000009,-0.76,-0.781864406779661,-1.335,0.97,0.22750000000000004,0.395,10,43,0.7288135593220338,2.032356949152543,2.01588,1.88727,Hit,6,0.2711864406779661,0.5084745762711864,0.2033898305084746,0.135,5,1,2.604768440969862,0.595,0.175,-1.308635,1,Hit,0.635,-0.0821186440677966,59.0,12.0,4.0,0.13559322033898305,1.0,0.08333333333333333,0.9603234645720283,4.916666666666667,0.7627118644067796,0.36802759022499404,0.1343485722683136,0.5283333333333332,0.0,0.6,6.0,-0.515,0.15,0.4,0.04122916600017955,0.031036320830790935,-0.01019284516938861,1.9376069877580853,4.6,0.06993006993006995,0.05818731110446547,0.95,5,0.2902720446463947,0.2839999999999999,0.05856620185738529,5,0.35832899999999995,0.044556180183000386,0.387,0.12347064428438044,5,0.46340000000000003,0.13498691691234377,0.355,0.20982135258357287,5,0.4106789999999999,0.2126094768995493,0.10300000000000009,0.07100000000000006,-0.03200000000000003,0.10507100000000008,0.05234999999999995,-0.05272100000000013
6829,6,13,1,3,1,late,late_r2-4,2,2-4,0,2,0,2,2,-2,0,0,0,0,1,2,0,1,2,0.5841687809847066,0,0.8012909691341843,0.2171221881494777,0,2,-2,0.9119164082578832,0.9119164082578832,0.4089193,0.20169999999999888,0.9119164082578832,0.16337508491021102,53,0.45,0.35,0.10000000000000003,-0.72,-0.6121698113207548,-1.5,1.95,0.8049999999999999,1.17,5,9,0.16981132075471697,1.4580609433962262,1.50834,1.30671,Hit,5,0.3018867924528302,0.5660377358490566,0.11320754716981132,0.23500000000000001,2,1,1.7916153663285412,0.3,0.18,-0.203355,1,Hit,1.44,0.9750943396226414,53.0,11.0,4.0,0.1509433962264151,3.0,0.2727272727272727,0.9200220637046872,4.818181818181818,0.8113207547169811,0.8538781605594311,0.1815565890621766,1.4800000000000002,0.4,1.0,6.0,0.287,0.163,1.0,0.6039649499972022,0.8212333159050683,0.2172683659078662,1.3863575912753998,2.0,0.7839473415461888,0.6276150833863471,1.0,5,0.061376899652408085,0.535,0.0,5,0.53314,0.0,0.179,0.15553938408004578,5,0.17988899999999997,0.19395711063918228,0.21800000000000003,0.20315019074566482,5,0.28086199999999995,0.2576542243152632,-0.35600000000000004,-0.317,0.039000000000000035,-0.353251,-0.252278,0.10097299999999998
4702,2,8,0,8,0,mid,mid_r5-8,3,2-4,2,1,1,1,2,0,0,0,0,0,1,1,1,2,2,0.34088950059409096,0,0.37229401451138094,0.03140451391728999,0,1,-1,0.618737871331381,1.0137992327639802,0.912025884763267,0.3006615964095763,0.618737871331381,0.16337508491021102,49,-0.045,-0.225,0.18,-0.855,-0.786734693877551,-1.245,1.2000000000000002,0.355,0.8099999999999999,3,10,0.20408163265306123,1.7613028571428573,1.76057,1.91128,Draw,6,0.16326530612244897,0.5714285714285714,0.24489795918367346,0.445,3,0,2.5680255496361832,0.515,0.19,-1.00064,1,Draw,-0.53,-0.15438775510204084,49.0,10.0,4.0,0.2857142857142857,4.0,0.4,0.8323117961358444,4.9,0.7551020408163265,0.5496853491625013,0.175796548111081,0.9349999999999999,0.8,0.8,1.0,-0.154,0.10899999999999999,0.8,0.2931119733183333,0.40782328716058497,0.11471131384225167,1.6866156373668724,3.2,0.4012121212121212,0.2977181055465371,0.85,5,0.3270151157066412,0.42299999999999993,0.24373653808979892,5,0.38012999999999997,0.26009974949526576,0.483,0.20145098659475458,5,0.399338,0.19300416846534688,0.388,0.22044273632850778,5,0.294578,0.16612330742553855,0.06000000000000005,-0.03499999999999992,-0.09499999999999997,0.01920800000000006,-0.08555199999999996,-0.10476000000000002
4058,3,5,1,11,1,early,early_r9+,5,5-8,3,2,3,2,5,1,0,0,0,0,1,3,2,3,5,0.10995631634426478,1,0.25332781600292004,0.14337149965865525,1,0,1,0.2962460501313231,0.45900186403524473,0.23845316458683957,0.45810116349994257,0.45900186403524473,0.40843771227552755,71,0.985,0.935,0.04999999999999993,0.64,0.6196478873239437,0.12,0.865,0.2525,0.345,19,55,0.7746478873239436,2.005121549295774,2.00234,1.97352,Hit,6,0.22535211267605634,0.4225352112676056,0.3380281690140845,0.04999999999999993,6,1,2.6792097755471835,0.315,0.385,-0.0017599999999999838,1,Hit,-0.42000000000000004,-0.4353521126760564,71.0,15.0,4.0,0.2535211267605634,5.0,0.3333333333333333,0.8545539727353347,4.733333333333333,0.7464788732394366,0.4611235183663564,0.1254015271736545,0.48583333333333345,0.0,0.2,6.0,0.859,0.12599999999999995,0.4,0.10571282045363181,0.1238214498998138,0.018108629446181964,1.8930110060910958,6.8,0.10830209465959821,0.06629913771922184,0.85,5,0.2815699808111923,0.4149999999999999,0.160195193436008,5,0.43137600000000004,0.16181012744108456,0.253,0.16965405978048392,5,0.23353399999999996,0.14395094964952476,0.23399999999999993,0.12856904759700136,5,0.216838,0.14486432077119613,-0.16199999999999992,-0.181,-0.019000000000000072,-0.19784200000000007,-0.21453800000000003,-0.01669599999999996
7591,4,13,1,3,1,late,late_r2-4,8,5-8,4,4,4,4,8,0,0,0,0,0,1,4,4,3,7,0.03654506647975652,1,0.3226430069039153,0.28609794042415876,3,0,3,0.3591807446654235,0.5195724087684908,0.41975348285819924,0.7478727816279988,0.5195724087684908,0.6535003396408441,97,3.245,3.175,0.07000000000000028,2.19,2.2296907216494843,0.63,2.615,0.7600000000000002,1.0550000000000002,5,21,0.21649484536082475,1.29611106185567,1.31697,1.07934,PostGuard,6,0.32989690721649484,0.35051546391752575,0.30927835051546393,0.30500000000000016,4,0,1.974377028288004,0.005,0.905,2.70533,1,PostGuard,0.2450000000000001,-0.745257731958763,97.0,20.0,4.0,0.24742268041237114,6.0,0.3,0.8363572247418176,4.85,0.7422680412371134,0.6514205826252147,0.2934457403589435,2.1075,0.2,0.6,24.0,3.072,0.17300000000000013,0.4,0.6376495917780629,0.813536499120891,0.17588690734282802,1.3138966047354113,4.0,0.7116642461930638,0.5921395711002223,0.85,5,0.11469361181111705,0.605,0.0,5,0.767185,0.0,0.4120000000000001,0.3905220864432638,5,0.46976690000000004,0.45133572310620407,0.40300000000000014,0.3001166439902993,5,0.4700151,0.39152688607559255,-0.1929999999999999,-0.20199999999999985,-0.008999999999999952,-0.29741809999999996,-0.2971699,0.0002481999999999762
1445,7,8,0,8,0,mid,mid_r5-8,5,5-8,3,2,3,1,4,2,0,0,0,0,1,2,2,2,3,0.06651779277945057,0,0.49123346772079507,0.4247156749413445,0,1,-1,0.5415905486899176,0.9572128644953434,0.7804004880124307,0.7584751924750065,0.7712899929551437,0.32675016982042204,65,-0.23,-0.405,0.17500000000000002,-0.72,-0.7003076923076923,-0.99,0.76,0.20999999999999996,0.49,6,36,0.5538461538461539,1.8033276923076924,1.7983,1.71088,Draw,6,0.18461538461538463,0.4307692307692308,0.36923076923076925,0.19499999999999998,6,0,2.376559345850683,0.58,0.145,-1.08544,1,Draw,0.345,-0.01338461538461538,65.0,13.0,4.0,0.24615384615384617,2.0,0.15384615384615385,0.8812850289840422,5.0,0.7384615384615385,0.48341244977560754,0.106499800092161,0.40999999999999986,0.0,0.2,7.0,-0.46299999999999997,0.233,0.4,0.04698057563656387,0.11763835757006014,0.07065778193349627,1.7309120565069989,8.6,0.10329670329670333,0.07653224678628648,0.7,5,0.2961286746771336,0.307,0.18363006289820846,5,0.35141,0.20164778587924045,0.28300000000000003,0.19791412279066897,5,0.34205399999999997,0.23549483591471815,0.265,0.11330269193624662,5,0.31757300000000005,0.13412753896012553,-0.023999999999999966,-0.04199999999999998,-0.018000000000000016,-0.009356000000000031,-0.03383699999999995,-0.02448099999999992
5373,5,13,1,3,1,late,late_r2-4,10,9-12,5,5,4,5,9,-1,0,0,0,0,1,6,3,5,8,0.28017059857165594,1,0.322056828477521,0.04188622990586505,2,0,2,0.2979577550116133,0.5371267407863465,0.7370516686413456,0.5484812412471374,0.4364135400367702,0.7351878820959495,107,1.945,1.845,0.10000000000000009,1.015,1.0153271028037383,-0.515,2.46,0.645,0.9300000000000002,7,21,0.19626168224299065,1.5724235981308416,1.5433,1.18405,Freeze,6,0.37383177570093457,0.3364485981308411,0.2803738317757009,0.10000000000000009,4,0,2.0470134718468516,0.05,0.705,1.352975,1,Freeze,-0.03499999999999992,0.1558411214953271,107.0,22.0,4.0,0.3364485981308411,9.0,0.40909090909090906,0.7328179039342899,4.863636363636363,0.6635514018691588,0.6689628325083826,0.2692206259423032,2.185,0.2,0.6,8.0,1.593,0.35200000000000004,0.6,0.5048308580986248,0.5488931973034319,0.04406233920480708,1.6537660145125244,3.4,0.5658212132888837,0.4826616570165766,0.8,5,0.20243718914846612,0.1900000000000001,0.0,5,0.331965,0.0,1.083,0.6177641135579178,5,1.4793470000000002,0.9895429229927322,0.4,0.37461647054020464,5,0.451799,0.46021078095259793,0.8929999999999998,0.2099999999999999,-0.6829999999999999,1.1473820000000001,0.119834,-1.0275480000000001
5423,3,9,1,7,1,mid,mid_r5-8,9,9-12,5,4,5,4,9,1,0,0,0,0,1,6,3,5,8,0.0999476808599864,0,0.27028280762934004,0.17033512676935364,0,1,-1,0.324464548194853,0.400845456490521,0.41601767201734335,0.4808163174343298,0.400845456490521,0.7351878820959495,103,0.97,0.83,0.14,0.025,0.08922330097087378,-0.7,1.67,0.595,0.945,5,21,0.20388349514563106,1.9454022330097087,1.9402,2.27796,Hit,6,0.3106796116504854,0.3300970873786408,0.34951456310679613,0.235,3,1,2.8811412179301614,0.365,0.39,-0.140965,0,Hit,1.97,1.0580097087378644,103.0,21.0,4.0,0.3300970873786408,9.0,0.42857142857142855,0.6999308383447341,4.904761904761905,0.6893203883495146,0.5567897871896083,0.22710726163862907,1.2,0.0,0.0,6.0,0.6779999999999999,0.292,0.4,0.27734150697549065,0.44436172555126907,0.16702021857577845,1.7681417061220341,7.6,0.43379930772579317,0.2643692627777448,0.75,5,0.07010054595203674,0.568,0.2922670012163535,5,0.387698,0.27740982540728437,0.26799999999999996,0.07379024325749307,5,0.13179199999999996,0.1101755413873696,0.34199999999999997,0.13682105101189657,5,0.20774499999999999,0.14126346980022828,-0.3,-0.22599999999999998,0.07400000000000001,-0.255906,-0.179953,0.07595300000000002
1644,5,15,1,1,1,late,r1,13,13-16,7,6,7,6,13,1,0,0,0,0,1,9,4,5,13,0.3332029852747407,0,0.37667759827337766,0.043474612998636974,0,1,-1,0.36022243550478483,0.39210647891616396,0.41575662515511025,0.5393529827487745,0.39210647891616396,1.0619380519163715,135,-0.35,-0.595,0.245,-1.0,-1.1592592592592592,-2.635,2.2849999999999997,0.022499999999999964,0.65,2,4,0.02962962962962963,0.24711384222222224,0.0,1.16512,Draw,6,0.35555555555555557,0.2814814814814815,0.35555555555555557,0.245,2,0,1.0314262700780112,0.755,0.16,-0.93256,1,Draw,0.0,0.0,135.0,27.0,4.0,0.8074074074074075,26.0,0.962962962962963,0.33904765103143236,5.0,0.5481481481481482,0.042346435157177086,0.4116494490665058,0.1972477064220184,0.0,1.0,109.0,-1.0,0.65,0.0,0.6400247517268296,1.0,0.3599752482731704,0.02166140326266969,27.0,1.0,0.7269471456659002,1.0,5,0.0,0.65,0.0,5,0.06744,0.0,0.65,0.0,5,0.06744,0.0,0.65,0.0,5,0.06744,0.0,0.0,0.0,0.0,0.0,0.0,0.0
6839,5,3,1,13,1,early,early_r9+,3,2-4,2,1,2,1,3,1,0,0,0,0,1,1,2,2,3,0.43080245215643986,0,0.4490406089249538,0.018238156768513925,0,1,-1,0.4127931115222816,0.5674820624030841,0.07865007058383497,0.5179431049835505,0.5674820624030841,0.2450626273653165,55,1.225,1.075,0.15000000000000013,0.73,0.7384545454545456,0.34,0.885,0.2450000000000001,0.4950000000000001,4,28,0.509090909090909,2.0220896363636367,2.02084,2.29878,Draw,6,0.14545454545454545,0.509090909090909,0.32727272727272727,0.15000000000000013,5,0,2.9640077034895786,0.31,0.445,0.07561000000000018,1,Draw,2.225,1.1258181818181818,55.0,11.0,4.0,0.2545454545454545,2.0,0.18181818181818182,0.8718080997727042,5.0,0.7090909090909091,0.4343553009096498,0.12759848353245365,0.3817857142857144,0.4,0.6,4.0,1.0610000000000002,0.16400000000000003,0.2,0.15312062051584596,0.1156639372471611,-0.037456683268684864,1.9490225039249203,3.6,0.04727272727272728,0.11316185287599352,0.9,5,0.1344302188950001,0.42400000000000004,0.1613768880602176,5,0.31003000000000014,0.13693273079326215,0.29100000000000004,0.1671601028953979,5,0.1994900000000001,0.11981624743748245,0.197,0.18164525867745626,5,0.13550500000000007,0.13486723879430476,-0.133,-0.22700000000000004,-0.09400000000000003,-0.11054000000000003,-0.17452500000000007,-0.06398500000000004
1063,2,15,1,1,1,late,r1,3,2-4,2,1,2,1,3,1,0,0,0,0,1,2,1,0,1,0.6467584578503786,0,1.410477664602687,0.7637192067523085,0,1,-1,1.555931138030999,1.6832585699172364,0.976353317925118,0.5934109668312137,1.6832585699172364,0.2450626273653165,55,1.905,1.895,0.010000000000000009,-1.0,-0.4790909090909091,-1.0,2.9050000000000002,0.905,2.9050000000000002,2,2,0.03636363636363636,0.19542269090909092,0.0,0.293215,Hit,6,0.14545454545454545,0.509090909090909,0.32727272727272727,0.9550000000000001,1,1,0.4529425481872832,0.0,0.905,1.7583925,1,Hit,0.0,0.0,55.0,11.0,4.0,0.8181818181818181,10.0,0.909090909090909,0.3723228275544189,5.0,0.6545454545454545,0.07744879454510481,0.9369548785530946,0.6366666666666667,1.0,1.0,45.0,1.905,0.0,1.0,0.8989497662493223,1.0,0.10105023375067768,0.10524457598085743,1.0,1.0,0.8989497662493223,1.0,5,0.0,0.0,0.0,5,0.0,0.0,0.0,0.0,5,0.0,0.0,0.0,0.0,5,0.0,0.0,0.0,0.0,0.0,0.0,0.0,0.0
3774,5,6,0,10,0,mid,early_r9+,4,2-4,2,2,2,2,4,0,0,0,0,0,1,1,3,4,4,0.13252577156779716,0,0.31450039624935183,0.18197462468155468,0,1,-1,0.3556279306030393,0.37186904728485687,0.13811665151677946,0.35056569641081375,0.37186904728485687,0.32675016982042204,65,-0.215,-0.29,0.07499999999999998,-0.625,-0.6194615384615385,-1.15,0.9349999999999999,0.24,0.41000000000000003,15,48,0.7384615384615385,1.9253293846153847,1.91749,1.9154,PostGuard,6,0.24615384615384617,0.46153846153846156,0.27692307692307694,0.07499999999999998,6,0,2.5816681848928194,0.53,0.18,-1.1727,1,PostGuard,0.785,-0.07438461538461537,65.0,13.0,4.0,0.21538461538461542,3.0,0.23076923076923078,0.8433424776927566,5.0,0.6615384615384615,0.39023708447253036,0.13264796981223206,0.5643749999999998,0.0,0.2,14.0,-0.42800000000000005,0.213,0.4,0.07493645051909195,0.11184463557052711,0.03690818505143515,1.7866932836451652,6.2,0.110989010989011,0.06980264165193531,0.8,5,0.2814663340857057,0.301,0.04588027898781782,5,0.29857199999999995,0.06542787723898733,0.42400000000000004,0.24853068221046676,5,0.40618099999999985,0.20275906876758928,0.24599999999999994,0.12244386468908931,5,0.2768509999999999,0.10692587031443804,0.12300000000000005,-0.05500000000000005,-0.1780000000000001,0.1076089999999999,-0.021721000000000046,-0.12932999999999995
7844,2,5,1,11,1,early,early_r9+,5,5-8,3,2,3,2,5,1,0,0,0,0,1,3,2,3,5,0.2049086315101788,0,0.3063988654417844,0.10149023393160561,0,1,-1,0.505225434965545,0.5272542892824309,0.3129703152840066,0.4242387676768833,0.5272542892824309,0.40843771227552755,71,1.02,1.0,0.020000000000000018,0.545,0.5602112676056339,0.205,0.8150000000000001,0.3075,0.475,10,39,0.5492957746478874,2.0299918309859155,2.03283,1.99489,Draw,6,0.22535211267605634,0.4225352112676056,0.3380281690140845,0.020000000000000018,5,0,2.6896410009697655,0.28,0.41,0.030464999999999964,0,Hit,0.31000000000000005,1.099295774647887,71.0,15.0,4.0,0.2535211267605634,5.0,0.3333333333333333,0.8640248009803069,4.733333333333333,0.704225352112676,0.39341926086785356,0.15955589652328597,0.5549999999999999,0.2,0.4,5.0,0.9199999999999999,0.10000000000000005,0.4,-0.049498217484784245,0.2670911982687769,0.31658941575356114,1.824815661547665,7.6,0.12578389426002434,-0.0748913073296666,0.7,5,0.10971050882246705,0.363,0.2856702644658698,5,0.40186399999999994,0.2750205536273607,0.32399999999999995,0.2047376369893919,5,0.384731,0.16682386656291115,0.221,0.07065762520775798,5,0.305152,0.0635949056135788,-0.039000000000000035,-0.142,-0.10299999999999995,-0.017132999999999954,-0.09671199999999996,-0.07957900000000001
5770,5,13,1,3,1,late,late_r2-4,8,5-8,4,4,3,4,7,-1,0,0,0,0,1,4,3,6,7,0.12926082159726493,1,0.2444880857301613,0.11522726413289636,1,0,1,0.3088368372846728,0.5549066321693787,0.7518823728632691,0.43360035440915995,0.3519871160206019,0.5718127971857385,91,1.12,1.09,0.030000000000000027,-0.065,0.058901098901098896,-1.545,2.665,1.0,1.185,12,23,0.25274725274725274,1.5990839120879121,1.63088,1.35853,Draw,6,0.3516483516483517,0.37362637362637363,0.26373626373626374,0.030000000000000027,4,0,2.0388506786495126,0.145,0.37,0.592917,0,Draw,-0.009999999999999787,-0.6317582417582417,91.0,19.0,4.0,0.4175824175824176,9.0,0.47368421052631576,0.6858683286713709,4.7894736842105265,0.7032967032967034,0.6071329947079604,0.4166712529887159,2.4825,0.0,0.4,38.0,1.002,0.11800000000000019,0.8,0.6032053289709418,0.755988339270796,0.15278301029985417,1.4930255397298826,8.6,0.7300516652639514,0.5822241714726666,0.95,5,0.09987569947159398,0.2650000000000001,0.0,5,0.533842,0.0,0.39700000000000013,0.3923423250173246,5,0.5937910000000001,0.43883126880385365,0.19300000000000012,0.10127931674335089,5,0.34328100000000006,0.17451632142152207,0.132,-0.07200000000000001,-0.20400000000000001,0.05994900000000003,-0.19056099999999998,-0.25051
2435,0,1,1,15,1,early,early_r9+,1,0-1,0,1,0,1,1,-1,0,0,0,0,1,1,0,1,1,0.41544314692742507,0,,,0,1,-1,,,,,,0.08168754245510551,43,1.035,1.01,0.02499999999999991,0.635,0.6417441860465116,0.3,0.7349999999999999,0.23499999999999988,0.3999999999999999,8,28,0.6511627906976745,2.07612488372093,2.08545,2.19858,Draw,5,0.18604651162790697,0.6511627906976745,0.13953488372093023,0.03499999999999992,4,0,2.8819449706753395,0.31,0.4,-0.03161999999999998,0,Draw,2.035,1.3367441860465117,43.0,9.0,4.0,0.18604651162790697,1.0,0.11111111111111112,0.9356756804813207,4.777777777777778,0.9069767441860466,0.33892952162154,0.13294431267517273,0.4441666666666667,0.0,0.4,6.0,0.9339999999999999,0.10099999999999991,0.8,0.0038970243794426707,-0.08509987295317055,-0.08899689733261322,1.9125851272473988,5.6,-0.043333333333333335,-0.008990111487925253,0.9,5,0.20556334651119698,0.3589999999999999,0.16314870517414473,5,0.32348899999999997,0.2244608447591695,0.41399999999999987,0.07503332592921627,5,0.386448,0.10596453484539059,0.2649999999999999,0.17302456472998276,5,0.273046,0.17590419453497977,0.05499999999999999,-0.09399999999999997,-0.14899999999999997,0.06295900000000004,-0.05044299999999996,-0.113402
5303,2,0,0,16,0,early,early_r9+,0,0-1,0,0,0,0,0,0,0,0,0,0,0,0,0,0,0,,-1,,,0,0,0,,,,,,0.0,33,-0.325,-0.345,0.019999999999999962,-0.72,-0.708939393939394,-1.035,0.71,0.31499999999999995,0.39499999999999996,9,21,0.6363636363636364,1.9908493939393936,1.98227,2.09031,Draw,3,0.0,0.7878787878787878,0.18181818181818182,0.34,2,0,2.7176551400141995,0.55,0.17,-1.360625,0,Draw,-1.0,-1.4865151515151516,33.0,7.0,4.0,0.30303030303030304,1.0,0.14285714285714285,0.8928538231363689,4.714285714285714,1.0,0.3685547504949347,0.13701715574198609,0.5950000000000001,0.2,0.6,2.0,-0.42800000000000005,0.10299999999999998,0.6,0.03633754690891335,0.17857142857142863,0.14223388166251527,1.8757264153187723,3.2,0.3142857142857144,0.09286115754952946,0.9,5,0.60228386113005,0.305,0.22710129898351533,5,0.27560900000000005,0.2374754720860662,0.09399999999999996,0.14484474446799928,5,0.089294,0.17100440500174258,0.372,0.21300234740490542,5,0.323751,0.21451119744666008,-0.21100000000000002,0.067,0.278,-0.18631500000000006,0.04814199999999996,0.23445700000000003
284,7,1,1,15,1,early,early_r9+,1,0-1,1,0,1,0,1,1,0,0,0,0,1,1,0,1,1,0.1256985647103825,1,,,1,0,1,,,,,,0.08168754245510551,39,1.365,1.225,0.1399999999999999,0.83,0.8328205128205127,0.305,1.06,0.2100000000000002,0.535,4,17,0.4358974358974359,2.1174069230769232,2.12299,2.33918,Draw,4,0.0,0.6666666666666666,0.3076923076923077,0.19999999999999996,2,0,2.9615893693550834,0.305,0.475,0.19541000000000008,1,Draw,0.385,0.11346153846153846,39.0,8.0,4.0,0.2564102564102564,1.0,0.125,0.9263425690066092,4.875,0.8461538461538461,0.5472240800476854,0.12004939068404141,0.46975000000000017,0.2,0.4,4.0,1.1030000000000002,0.262,0.4,0.13707434278129396,0.13578578642865644,-0.0012885563526375487,1.993611808903017,4.4,0.1285714285714286,0.08599274222809854,0.8,5,0.2391538681885534,0.5389999999999999,0.19327441631007458,5,0.447318,0.22769655398138994,0.434,0.12157302332343303,5,0.3328390000000001,0.11365385037472334,0.43699999999999994,0.1286759495787772,5,0.3852730000000001,0.1549206743627202,-0.10499999999999993,-0.10199999999999998,0.002999999999999947,-0.11447899999999989,-0.062044999999999906,0.05243399999999998
9065,4,0,0,16,0,early,early_r9+,0,0-1,0,0,0,0,0,0,0,0,0,0,0,0,0,0,0,,-1,,,0,0,0,,,,,,0.0,33,-0.295,-0.33,0.03500000000000003,-0.575,-0.6057575757575758,-0.96,0.665,0.27,0.27999999999999997,14,27,0.8181818181818182,2.0335530303030303,2.02709,1.97939,Draw,3,0.0,0.7878787878787878,0.18181818181818182,0.03500000000000003,3,0,2.6135193113523822,0.56,0.17,-1.284695,1,Draw,-1.295,-1.3822727272727273,33.0,7.0,4.0,0.30303030303030304,1.0,0.14285714285714285,0.8928538231363689,4.714285714285714,1.0,0.39700323381691766,0.13075259179992704,0.3041666666666666,0.2,0.8,6.0,-0.425,0.13,0.8,0.07578158030955658,0.09285714285714287,0.01707556254758629,1.847343265635199,4.4,0.27857142857142864,0.06266549220625658,0.85,5,0.1841383038851257,0.255,0.11180339887498948,5,0.3207440000000001,0.09881177064246964,0.335,0.10529719844326345,5,0.40436700000000003,0.10015118625108729,0.192,0.054152562266249274,5,0.2661480000000001,0.10078645597251655,0.08000000000000002,-0.063,-0.14300000000000002,0.08362299999999995,-0.05459599999999998,-0.13821899999999993
7579,0,1,1,15,1,early,early_r9+,1,0-1,0,1,0,1,1,-1,0,0,0,0,0,0,1,1,1,0.08176073956710123,0,,,0,1,-1,,,,,,0.08168754245510551,43,1.07,1.01,0.06000000000000005,0.725,0.7167441860465117,0.345,0.7250000000000001,0.27249999999999996,0.3450000000000001,13,33,0.7674418604651163,2.079587441860465,2.07451,2.07487,Hit,5,0.18604651162790697,0.6511627906976745,0.13953488372093023,0.06000000000000005,4,1,2.7421210988629015,0.3,0.4,0.032564999999999955,1,Hit,0.135,1.1334883720930236,43.0,9.0,4.0,0.20930232558139536,2.0,0.22222222222222224,0.911698881949819,4.777777777777778,0.8604651162790697,0.4567819065496602,0.1285121469853885,0.4166666666666667,0.0,0.8,6.0,0.8489999999999999,0.22100000000000009,0.2,0.044828878884659154,0.30905958673842054,0.26423070785376135,1.9012251312132455,4.8,0.2133333333333333,-0.028566745653194957,0.8,5,0.14928787492770612,0.30500000000000005,0.1685971530008737,5,0.2700599999999999,0.14044907916216468,0.22700000000000004,0.19411980836586462,5,0.24495799999999993,0.21167361014661223,0.33100000000000007,0.09542012366372196,5,0.3518299999999999,0.16150584633380918,-0.07800000000000001,0.026000000000000023,0.10400000000000004,-0.025101999999999985,0.08177000000000001,0.106872
5445,5,1,1,15,1,early,early_r9+,1,0-1,1,0,1,0,1,1,0,0,0,0,1,1,0,1,1,0.4592757598317191,1,,,1,0,1,,,,,,0.08168754245510551,39,1.445,1.12,0.32499999999999996,0.815,0.8060256410256409,0.325,1.12,0.21750000000000014,0.6300000000000001,1,8,0.20512820512820512,2.127589230769231,2.14055,2.19704,Draw,4,0.0,0.6666666666666666,0.3076923076923077,0.44000000000000017,2,0,2.884885516316612,0.275,0.505,0.3464800000000001,1,Draw,0.45000000000000007,0.09653846153846155,39.0,8.0,4.0,0.2564102564102564,1.0,0.125,0.9263425690066092,4.875,0.8461538461538461,0.3795003657202915,0.15895381225431163,0.39625,0.4,0.6,4.0,1.211,0.23399999999999999,0.6,0.06285928829977848,0.3380952380952381,0.2752359497954596,2.0526180978545563,4.4,0.3095238095238096,0.05616858321999744,0.9,5,0.4388244131107376,0.5930000000000001,0.08228000972289687,5,0.5793980000000001,0.07200850432414221,0.331,0.20116535487006706,5,0.27904500000000004,0.16704374883544734,0.387,0.35534490287606496,5,0.4191910000000001,0.3828052725342221,-0.26200000000000007,-0.20600000000000007,0.055999999999999994,-0.30035300000000004,-0.160207,0.14014600000000005
9428,3,0,0,16,0,early,early_r9+,0,0-1,0,0,0,0,0,0,0,0,0,0,0,0,0,0,0,,-1,,,0,0,0,,,,,,0.0,33,-0.26,-0.27,0.010000000000000009,-0.63,-0.6116666666666666,-0.805,0.545,0.15499999999999992,0.37,6,29,0.8787878787878788,2.021700606060606,2.02098,2.17081,Draw,3,0.0,0.7878787878787878,0.18181818181818182,0.010000000000000009,3,0,2.7573277449240448,0.59,0.19,-1.31488,0,PreGuard,-0.965,-1.3875757575757572,33.0,7.0,4.0,0.30303030303030304,1.0,0.14285714285714285,0.8928538231363689,4.714285714285714,1.0,0.21190798961638307,0.11572228886386245,0.2475,0.6,0.6,2.0,-0.4,0.14,0.6,0.0072711682998714555,0.011005177228468676,0.003734008928597232,1.961038955170885,3.2,-0.028571428571428626,0.03973760086676904,0.95,5,0.5221477855406407,0.346,0.028809720581775927,5,0.3176589999999999,0.08134912994310403,0.198,0.21652367076142046,5,0.15772599999999987,0.18262641732509557,0.154,0.2116128540519219,5,0.16364499999999987,0.18620442962641892,-0.14799999999999996,-0.19199999999999998,-0.04400000000000001,-0.15993300000000005,-0.15401400000000004,0.005919000000000008
7300,3,0,0,16,0,early,early_r9+,0,0-1,0,0,0,0,0,0,0,0,0,0,0,0,0,0,0,,-1,,,0,0,0,,,,,,0.0,33,-0.215,-0.415,0.19999999999999998,-0.66,-0.6466666666666666,-0.94,0.725,0.17999999999999994,0.44500000000000006,3,23,0.696969696969697,2.0273524242424243,2.01186,1.95673,PreGuard,3,0.0,0.7878787878787878,0.18181818181818182,0.19999999999999998,2,0,2.588355185886246,0.565,0.165,-1.193365,1,PreGuard,-0.215,-1.4227272727272726,33.0,7.0,4.0,0.30303030303030304,1.0,0.14285714285714285,0.8928538231363689,4.714285714285714,1.0,0.24128752847765772,0.12441534917114168,0.30000000000000004,0.2,0.6,6.0,-0.44000000000000006,0.225,0.6,-0.004980246370854069,-0.016596612962349967,-0.011616366591495897,1.9413888940241926,4.4,0.050000000000000024,0.05022946850795583,0.9,5,0.4012347110978635,0.399,0.10014988766843426,5,0.451026,0.10928633414109926,0.40099999999999997,0.06931810730249349,5,0.39497400000000005,0.08634352888317691,0.33499999999999996,0.09759610647971573,5,0.35734499999999997,0.1379196093744469,0.0019999999999999463,-0.06400000000000006,-0.066,-0.056051999999999935,-0.09368100000000001,-0.03762900000000008
8156,1,1,1,15,1,early,early_r9+,1,0-1,1,0,1,0,1,1,0,0,0,0,1,1,0,1,1,0.25640117989926164,1,,,1,0,1,,,,,,0.08168754245510551,39,1.195,1.155,0.040000000000000036,0.79,0.7985897435897434,0.405,0.79,0.20750000000000002,0.405,7,29,0.7435897435897436,2.111305897435897,2.11327,2.16494,Draw,4,0.0,0.6666666666666666,0.3076923076923077,0.1200000000000001,4,0,2.7836863971013655,0.31,0.415,0.19570500000000002,0,Draw,0.21000000000000008,0.08358974358974358,39.0,8.0,4.0,0.2564102564102564,1.0,0.125,0.9263425690066092,4.875,0.8461538461538461,0.3068698319515032,0.1571976492717117,0.2941666666666668,0.2,0.6,6.0,1.042,0.15300000000000005,0.6,0.02246658075702252,0.054461601761547886,0.03199502100452534,2.0178526126066636,3.8,0.0047619047619047675,-0.031483462291118015,0.85,5,0.560337211192702,0.09400000000000001,0.11365518026029438,5,0.13412799999999997,0.12374697352864833,0.11399999999999999,0.13102480681153472,5,0.19516299999999998,0.14896148615497898,0.15400000000000003,0.1361708485689944,5,0.23351200000000003,0.18474056270213102,0.019999999999999976,0.06000000000000001,0.040000000000000036,0.061035000000000006,0.09938400000000006,0.03834900000000005
8701,2,0,0,16,0,early,early_r9+,0,0-1,0,0,0,0,0,0,0,0,0,0,0,0,0,0,0,,-1,,,0,0,0,,,,,,0.0,33,-0.27,-0.345,0.07499999999999996,-0.585,-0.6190909090909091,-0.9,0.63,0.275,0.31499999999999995,10,24,0.7272727272727273,2.000482424242424,2.01236,2.0389,Draw,3,0.0,0.7878787878787878,0.18181818181818182,0.07499999999999996,3,0,2.6590248947404636,0.555,0.175,-1.28945,1,Draw,-1.27,-1.3954545454545453,33.0,7.0,4.0,0.30303030303030304,1.0,0.14285714285714285,0.8928538231363689,4.714285714285714,1.0,0.16714853996473653,0.145497599992808,0.19666666666666666,0.2,0.6,10.0,-0.454,0.18399999999999997,0.6,0.07738582103498211,0.14022303138697056,0.06283721035198848,1.873574734204194,4.4,-0.021428571428571415,0.11096176042122208,0.9,5,0.21292352631828176,0.31999999999999995,0.19786358937409385,5,0.30334300000000003,0.20121685362439204,0.32799999999999996,0.1909057359012558,5,0.33043999999999996,0.20275117142078364,0.2989999999999999,0.04839938016132025,5,0.32457500000000006,0.04952997501513599,0.008000000000000007,-0.021000000000000074,-0.02900000000000008,0.027096999999999927,0.02123200000000003,-0.005864999999999898
1998,7,0,0,16,0,early,early_r9+,0,0-1,0,0,0,0,0,0,0,0,0,0,0,0,0,0,0,,-1,,,0,0,0,,,,,,0.0,33,-0.33,-0.435,0.10499999999999998,-0.605,-0.6149999999999999,-1.08,0.75,0.21999999999999997,0.27499999999999997,15,29,0.8787878787878788,2.0368442424242423,2.02657,2.10264,Draw,3,0.0,0.7878787878787878,0.18181818181818182,0.10499999999999998,3,0,2.7581940679743573,0.615,0.205,-1.38132,1,Draw,-1.31,-1.3943939393939395,33.0,7.0,4.0,0.30303030303030304,1.0,0.14285714285714285,0.8928538231363689,4.714285714285714,1.0,0.2222057512692323,0.1307839410453463,0.31999999999999995,0.0,0.6,6.0,-0.462,0.13199999999999998,0.6,-0.03325025810383604,0.07766643274952603,0.11091669085336209,1.7815676206512925,3.8,0.12142857142857147,-0.04828503250713258,0.85,5,0.4728509468853448,0.33399999999999996,0.16931479557321621,5,0.3295549999999999,0.19738500462294487,0.267,0.13944532978913274,5,0.21439299999999983,0.17791526247064918,0.289,0.2034821859524809,5,0.2804619999999998,0.22517101458114,-0.06699999999999995,-0.044999999999999984,0.021999999999999964,-0.11516200000000004,-0.04909300000000005,0.06606899999999999
2643,7,1,1,15,1,early,early_r9+,1,0-1,0,1,0,1,1,-1,0,0,0,0,1,1,0,1,1,0.17921085899088396,0,,,0,1,-1,,,,,,0.08168754245510551,43,1.195,1.06,0.135,0.695,0.7073255813953488,0.265,0.93,0.20000000000000018,0.5000000000000001,4,21,0.4883720930232558,2.053610465116279,2.05533,2.11352,Draw,5,0.18604651162790697,0.6511627906976745,0.13953488372093023,0.2450000000000001,3,0,2.789128146415933,0.28,0.41,0.13824000000000014,1,Draw,2.1950000000000003,1.2977906976744187,43.0,9.0,4.0,0.18604651162790697,1.0,0.11111111111111112,0.9323861813679961,4.777777777777778,0.9069767441860466,0.3156582536953887,0.14781859061434072,0.33374999999999994,0.0,0.4,8.0,0.773,0.42200000000000004,0.2,0.022116893851239487,0.15902516026696648,0.13690826641572698,1.9927229359111043,5.0,-0.05333333333333333,-0.00427700143491565,0.8,5,0.37375332772765246,0.4760000000000001,0.09857738077267018,5,0.45181800000000016,0.12328501686133646,0.38300000000000006,0.2478053671735138,5,0.3767020000000001,0.24024784251372586,0.458,0.08281002354787734,5,0.4466400000000001,0.11771097309724363,-0.09300000000000003,-0.01800000000000007,0.07499999999999996,-0.07511600000000007,-0.0051780000000000714,0.069938
4833,5,0,0,16,0,early,early_r9+,0,0-1,0,0,0,0,0,0,0,0,0,0,0,0,0,0,0,,-1,,,0,0,0,,,,,,0.0,33,-0.315,-0.36,0.044999999999999984,-0.65,-0.6315151515151516,-0.905,0.5900000000000001,0.22999999999999998,0.335,12,29,0.8787878787878788,2.03566696969697,2.04389,2.10375,Draw,3,0.0,0.7878787878787878,0.18181818181818182,0.044999999999999984,3,0,2.73795010678733,0.615,0.195,-1.3668749999999998,1,Draw,-1.29,-1.4053030303030305,33.0,7.0,4.0,0.30303030303030304,1.0,0.14285714285714285,0.8928538231363689,4.714285714285714,1.0,0.3042344829741266,0.10568854013446498,0.25650000000000006,0.0,0.8,6.0,-0.476,0.16099999999999998,0.2,0.04542717505748342,-0.24827088435173028,-0.29369805940921373,1.9014732134317316,2.6,-0.04285714285714286,0.055791126760300146,0.75,5,0.42021383726800626,0.15299999999999997,0.07198958257970388,5,0.14019600000000015,0.023354335357701782,0.282,0.12235195135346226,5,0.2225430000000001,0.10858233170041981,0.251,0.07577928476833223,5,0.1822600000000001,0.08732909516592967,0.129,0.09800000000000003,-0.030999999999999972,0.08234699999999995,0.042063999999999935,-0.04028300000000001
6085,3,0,0,16,0,early,early_r9+,0,0-1,0,0,0,0,0,0,0,0,0,0,0,0,0,0,0,,-1,,,0,0,0,,,,,,0.0,33,-0.38,-0.42,0.03999999999999998,-0.655,-0.6433333333333333,-0.915,0.535,0.13,0.275,14,31,0.9393939393939394,2.0079233333333333,2.00194,2.11792,Draw,3,0.0,0.7878787878787878,0.18181818181818182,0.19499999999999995,3,0,2.7248787370968075,0.61,0.155,-1.358565,0,Draw,-1.0550000000000002,-1.4171212121212122,33.0,7.0,4.0,0.30303030303030304,1.0,0.14285714285714285,0.8928538231363689,4.714285714285714,1.0,0.20191665575487755,0.1077740988877941,0.18666666666666665,0.2,0.6,2.0,-0.47400000000000003,0.09399999999999999,0.6,0.13904039740267854,0.13571428571428576,-0.0033261116883928077,1.9109986203257534,3.8,0.10714285714285716,0.11167032268670576,0.85,5,0.09934830720800028,0.19699999999999995,0.16010153028625304,5,0.22991799999999984,0.14682310264396403,0.19499999999999998,0.12624381172952595,5,0.25041599999999986,0.12053571734137561,0.24199999999999994,0.11535813798774668,5,0.2853169999999998,0.16195471097655653,-0.001999999999999974,0.044999999999999984,0.04699999999999996,0.020498000000000016,0.055398999999999976,0.03490099999999996
3377,1,1,1,15,1,early,early_r9+,1,0-1,1,0,1,0,1,1,0,0,0,0,1,1,0,1,1,0.2545287920729014,1,,,1,0,1,,,,,,0.08168754245510551,39,1.225,1.17,0.05500000000000016,0.74,0.7646153846153846,0.305,0.9200000000000002,0.28,0.4850000000000001,6,22,0.5641025641025641,2.0909007692307693,2.08345,2.14345,Draw,4,0.0,0.6666666666666666,0.3076923076923077,0.20000000000000018,3,0,2.815893339171771,0.295,0.415,0.15327500000000005,1,Draw,0.2250000000000001,0.04923076923076923,39.0,8.0,4.0,0.2564102564102564,1.0,0.125,0.9263425690066092,4.875,0.8461538461538461,0.4906100511922567,0.13192414186824128,0.36383333333333334,0.0,1.0,6.0,0.9940000000000001,0.2310000000000001,1.0,0.1352187350301362,0.1927856421427722,0.057566907112636,1.9514845637095974,3.6,0.08571428571428574,0.07277416144174857,0.85,5,0.13108762920171996,0.37700000000000006,0.30914397940118454,5,0.3171320000000001,0.26076957773099224,0.402,0.193183850256692,5,0.37805400000000006,0.20673736498272385,0.31200000000000006,0.19201562436426886,5,0.3346760000000001,0.1662379372465863,0.024999999999999967,-0.065,-0.08999999999999997,0.060921999999999976,0.017544000000000004,-0.04337799999999997
3950,3,1,1,15,1,early,early_r9+,1,0-1,0,1,0,1,1,-1,0,0,0,0,0,0,1,1,1,0.5387707678632913,0,,,0,1,-1,,,,,,0.08168754245510551,43,1.18,1.175,0.004999999999999893,0.72,0.7232558139534884,0.265,0.9149999999999999,0.2875,0.45999999999999996,7,24,0.5581395348837209,2.0870776744186044,2.07229,2.2973,Draw,5,0.18604651162790697,0.6511627906976745,0.13953488372093023,0.2849999999999999,4,0,2.8769151034363674,0.345,0.445,0.13885499999999995,0,Draw,2.1799999999999997,1.0126744186046512,43.0,9.0,4.0,0.18604651162790697,2.0,0.22222222222222224,0.9184460486854823,4.777777777777778,0.8604651162790697,0.4158656800260242,0.15405336521540913,0.6,0.2,0.6,8.0,0.8939999999999999,0.2859999999999999,0.4,0.01314473018651428,0.02301187839447346,0.00986714820795918,1.864976811637511,4.4,-0.036778477080183156,0.006643377422829203,0.95,5,0.345340427607701,0.35999999999999993,0.08573214099741121,5,0.44125899999999996,0.09832946254810915,0.41,0.1760681686165901,5,0.46565699999999993,0.14153464927359669,0.533,0.3353095584679924,5,0.5717459999999999,0.2922137362103294,0.050000000000000044,0.1730000000000001,0.12300000000000005,0.024397999999999975,0.1304869999999999,0.10608899999999993
5322,5,0,0,16,0,early,early_r9+,0,0-1,0,0,0,0,0,0,0,0,0,0,0,0,0,0,0,,-1,,,0,0,0,,,,,,0.0,33,-0.42,-0.43,0.010000000000000009,-0.665,-0.6707575757575757,-0.955,0.5349999999999999,0.10999999999999999,0.24500000000000005,17,32,0.9696969696969697,1.9982645454545453,2.01221,1.91666,Draw,3,0.0,0.7878787878787878,0.18181818181818182,0.010000000000000009,3,0,2.58231274870594,0.6,0.175,-1.37833,1,Draw,-1.38,-1.4466666666666668,33.0,7.0,4.0,0.30303030303030304,1.0,0.14285714285714285,0.8928538231363689,4.714285714285714,1.0,0.2607185286076186,0.09410734797945464,0.29583333333333345,0.0,0.2,10.0,-0.485,0.06500000000000002,0.6,0.07042946140440412,0.06866517484098449,-0.001764286563419637,1.8718138830007072,5.4,0.14285714285714285,0.09047135035884996,0.9,5,0.35726329780147376,0.23699999999999996,0.06515366451704774,5,0.29390399999999983,0.07732341167136908,0.19999999999999998,0.07754031209635412,5,0.26934699999999984,0.0727213185386514,0.19099999999999995,0.14099645385611653,5,0.23928999999999984,0.0895650998575896,-0.03699999999999998,-0.04600000000000001,-0.009000000000000036,-0.024556999999999995,-0.054613999999999996,-0.030057
6603,4,0,0,16,0,early,early_r9+,0,0-1,0,0,0,0,0,0,0,0,0,0,0,0,0,0,0,,-1,,,0,0,0,,,,,,0.0,33,-0.33,-0.395,0.065,-0.595,-0.6227272727272727,-1.07,0.74,0.17499999999999993,0.26499999999999996,13,30,0.9090909090909091,2.007888787878788,1.9979,1.93936,PreGuard,3,0.0,0.7878787878787878,0.18181818181818182,0.065,3,0,2.5770386176702553,0.59,0.155,-1.29968,1,PreGuard,-0.45,-1.3978787878787877,33.0,7.0,4.0,0.30303030303030304,1.0,0.14285714285714285,0.8928538231363689,4.714285714285714,1.0,0.1758349539704305,0.13781909332960793,0.1974999999999999,0.2,1.0,6.0,-0.449,0.119,1.0,0.06870478012615841,0.3804460627739411,0.3117412826477827,2.0220539089513503,3.4,0.3071428571428572,0.0886048235061165,0.85,5,0.23891645119971422,0.24999999999999994,0.04911720676097125,5,0.259528,0.08373583115966547,0.17599999999999993,0.11288268246281176,5,0.22457199999999994,0.13462110772460606,0.296,0.18290708023474653,5,0.3407530000000001,0.21932995225800792,-0.07400000000000001,0.04600000000000004,0.12000000000000005,-0.03495600000000004,0.0812250000000001,0.11618100000000015
6821,4,0,0,16,0,early,early_r9+,0,0-1,0,0,0,0,0,0,0,0,0,0,0,0,0,0,0,,-1,,,0,0,0,,,,,,0.0,33,-0.415,-0.42,0.0050000000000000044,-0.65,-0.6437878787878788,-0.855,0.44,0.20999999999999996,0.23500000000000004,18,33,1.0,2.010216060606061,2.0266,1.94236,Draw,3,0.0,0.7878787878787878,0.18181818181818182,0.12500000000000006,3,0,2.6452168285031976,0.59,0.175,-1.38618,1,Draw,-1.4,-1.419848484848485,33.0,7.0,4.0,0.30303030303030304,1.0,0.14285714285714285,0.8928538231363689,4.714285714285714,1.0,0.2704932271407626,0.10966554138107272,0.19500000000000006,0.0,0.8,6.0,-0.461,0.04600000000000002,0.6,0.05854121299618955,-0.15090499582190264,-0.20944620881809217,1.9287543336720514,3.2,-0.24285714285714294,0.04888519809279621,1.0,5,0.3711325089325377,0.10799999999999998,0.10140266268693339,5,0.14007500000000003,0.10032994275140397,0.24200000000000005,0.19655151996359632,5,0.302267,0.19443912301154823,0.21200000000000002,0.13558207846172002,5,0.26273400000000013,0.1372401549474497,0.13400000000000006,0.10400000000000004,-0.030000000000000027,0.16219199999999998,0.1226590000000001,-0.039532999999999874
4552,4,0,0,16,0,early,early_r9+,0,0-1,0,0,0,0,0,0,0,0,0,0,0,0,0,0,0,,-1,,,0,0,0,,,,,,0.0,33,-0.28,-0.355,0.07499999999999996,-0.55,-0.5866666666666667,-1.02,0.74,0.20000000000000007,0.27,14,29,0.8787878787878788,2.0474336363636363,2.03455,2.11934,Draw,3,0.0,0.7878787878787878,0.18181818181818182,0.10499999999999998,3,0,2.737169092655167,0.575,0.185,-1.33967,1,Draw,-1.28,-1.3613636363636363,33.0,7.0,4.0,0.30303030303030304,1.0,0.14285714285714285,0.8928538231363689,4.714285714285714,1.0,0.22612040397664482,0.13625112988275123,0.24749999999999997,0.0,0.4,6.0,-0.491,0.21099999999999994,0.6,-0.010846818212151893,0.0692334044397402,0.0800802226518921,1.8554222637433457,4.2,0.050000000000000024,-0.02125004389048954,0.85,5,0.09807213258582316,0.23799999999999993,0.10383881740466815,5,0.20708600000000005,0.14100764174327574,0.2079999999999999,0.05529466520379709,5,0.16350200000000015,0.06022751910464183,0.2699999999999999,0.10087120500916014,5,0.25616000000000005,0.13573788573939108,-0.030000000000000027,0.03199999999999997,0.062,-0.0435839999999999,0.049074000000000007,0.09265799999999991
1532,3,1,1,15,1,early,early_r9+,1,0-1,0,1,0,1,1,-1,0,0,0,0,0,0,1,1,1,0.15638237819204578,0,,,0,1,-1,,,,,,0.08168754245510551,43,1.17,1.115,0.05499999999999994,0.715,0.7163953488372093,0.45,0.72,0.21999999999999997,0.45499999999999996,5,25,0.5813953488372093,2.0702611627906977,2.07555,2.18428,Draw,5,0.18604651162790697,0.6511627906976745,0.13953488372093023,0.2649999999999999,3,0,2.847223581657066,0.29,0.405,0.07785999999999982,1,Draw,2.17,1.158139534883721,43.0,9.0,4.0,0.20930232558139536,2.0,0.22222222222222224,0.911698881949819,4.777777777777778,0.8604651162790697,0.6483680883313679,0.09639929846391025,0.44666666666666666,0.0,0.8,6.0,0.95,0.21999999999999992,0.8,0.19636091682225512,0.4979105575170374,0.3015496406947823,1.9792241094902305,2.8,0.37333333333333335,0.14025363767803262,0.8,5,0.35272380401702896,0.3669999999999999,0.11065712810298307,5,0.3288169999999998,0.12512815173852765,0.3089999999999999,0.22810085488660495,5,0.2627649999999998,0.16293669449359774,0.43899999999999995,0.13566502865514019,5,0.4183339999999999,0.12575561445716857,-0.057999999999999996,0.07200000000000006,0.13000000000000006,-0.066052,0.08951700000000007,0.15556900000000007
5154,6,1,1,15,1,early,early_r9+,1,0-1,0,1,0,1,1,-1,0,0,0,0,0,0,1,1,1,0.11202014744147337,0,,,0,1,-1,,,,,,0.08168754245510551,43,1.19,1.095,0.09499999999999997,0.745,0.7565116279069768,0.405,0.7849999999999999,0.21500000000000008,0.44499999999999995,5,27,0.627906976744186,2.070163488372093,2.07364,2.05521,Draw,5,0.18604651162790697,0.6511627906976745,0.13953488372093023,0.2699999999999999,4,0,2.6753441343679576,0.275,0.39,0.16239499999999985,1,Draw,2.19,1.1644186046511629,43.0,9.0,4.0,0.20930232558139536,2.0,0.22222222222222224,0.911698881949819,4.777777777777778,0.8604651162790697,0.38726709485116134,0.13337571373979945,0.3699999999999999,0.0,0.6,6.0,0.877,0.313,0.2,-0.05041917327792049,-0.09,-0.039580826722079486,1.9904047255429667,4.8,-0.18333333333333332,-0.05903426962552623,0.9,5,0.24216437622527476,0.35699999999999993,0.21539498601406673,5,0.3815389999999998,0.17665763578175722,0.38099999999999995,0.1278866685780813,5,0.4224719999999998,0.1417214297310043,0.38999999999999996,0.20040583823831082,5,0.44094199999999983,0.1611019010440286,0.02400000000000002,0.03300000000000003,0.009000000000000008,0.040933,0.05940300000000004,0.018470000000000042
3082,0,2,0,14,0,early,early_r9+,0,0-1,0,0,0,0,0,0,0,0,0,0,0,0,0,0,0,,-1,,,0,0,0,,,,,,0.0,33,-0.27,-0.34,0.07,-0.6,-0.6160606060606061,-0.915,0.645,0.21999999999999997,0.32999999999999996,9,27,0.8181818181818182,1.9666433333333335,1.97205,2.03153,Draw,3,0.0,0.7878787878787878,0.18181818181818182,0.30499999999999994,2,0,2.696204313538788,0.555,0.185,-1.285765,1,Draw,-1.225,-1.3878787878787877,33.0,7.0,4.0,0.30303030303030304,1.0,0.14285714285714285,0.8928538231363689,4.714285714285714,1.0,0.4420131064290585,0.11662105682832014,0.475,0.4,0.8,2.0,-0.37,0.09999999999999999,0.8,0.0001530873872893468,0.07142857142857145,0.0712754840412821,1.9927225729064144,1.8,0.07142857142857144,0.08219543670496358,1.0,5,0.31046757920584966,0.354,0.17151530543948554,5,0.28737500000000005,0.10193390916422274,0.28099999999999997,0.06338375186118288,5,0.29296500000000003,0.07841778887790701,0.38899999999999996,0.06804410334481603,5,0.3595229999999999,0.06383467715513257,-0.07300000000000001,0.034999999999999976,0.10799999999999998,0.005589999999999984,0.07214799999999988,0.0665579999999999
4716,7,3,1,13,1,early,early_r9+,0,0-1,0,0,0,0,0,0,0,0,0,0,0,0,0,0,0,,-1,,,0,0,0,,,,,,0.0,33,1.23,1.13,0.10000000000000009,0.855,0.8587878787878789,0.49,0.74,0.25,0.375,10,26,0.7878787878787878,2.0038745454545457,2.0039,1.99427,Draw,3,0.0,0.7878787878787878,0.18181818181818182,0.29499999999999993,2,0,2.7129915741328285,0.26,0.445,0.232865,1,Draw,0.22999999999999998,0.08166666666666668,33.0,7.0,4.0,0.30303030303030304,1.0,0.14285714285714285,0.8928538231363689,4.714285714285714,1.0,0.45382229231634474,0.1288881582584305,0.39916666666666645,0.2,0.8,6.0,1.046,0.184,0.8,0.0910339443501577,0.30714285714285716,0.21610891279269948,1.8884572681891267,3.0,0.37857142857142867,0.06396247905912855,0.95,5,0.41196411096351276,0.31099999999999994,0.10175952043912162,5,0.30560299999999996,0.08648733271410322,0.385,0.014142135623730965,5,0.47046,0.09510561326756693,0.31999999999999995,0.13224031155438196,5,0.35430199999999995,0.11057523285076096,0.07400000000000007,0.009000000000000008,-0.06500000000000006,0.16485700000000003,0.04869899999999999,-0.11615800000000004
2732,2,0,0,16,0,early,early_r9+,0,0-1,0,0,0,0,0,0,0,0,0,0,0,0,0,0,0,,-1,,,0,0,0,,,,,,0.0,33,-0.32,-0.335,0.015000000000000013,-0.605,-0.6168181818181817,-0.89,0.5700000000000001,0.20999999999999996,0.285,15,29,0.8787878787878788,2.032026363636364,2.04763,2.09227,Draw,3,0.0,0.7878787878787878,0.18181818181818182,0.24999999999999994,2,0,2.717195502601182,0.61,0.2,-1.3588149999999999,0,Draw,-1.305,-1.3915151515151516,33.0,7.0,4.0,0.30303030303030304,1.0,0.14285714285714285,0.8928538231363689,4.714285714285714,1.0,0.3239123285995059,0.1257818384034093,0.33499999999999996,0.2,0.8,6.0,-0.5040000000000001,0.18400000000000002,0.2,-0.03880738911819922,-0.1571428571428572,-0.11833546802465797,1.9464359982289121,3.0,-0.09285714285714294,-0.05209463348982664,1.0,5,0.2341444072855729,0.3629999999999999,0.20089176190177632,5,0.34009900000000004,0.19937690244860365,0.308,0.14298601330200097,5,0.28340600000000016,0.13188589705688786,0.30899999999999994,0.1651287376564115,5,0.2950520000000001,0.1747644645515786,-0.05499999999999988,-0.05399999999999994,0.0009999999999999454,-0.05669299999999988,-0.04504699999999995,0.011645999999999934
7051,7,1,1,15,1,early,early_r9+,1,0-1,0,1,0,1,1,-1,0,0,0,0,0,0,1,1,1,0.28127047055991966,0,,,0,1,-1,,,,,,0.08168754245510551,43,1.11,1.1,0.010000000000000009,0.745,0.7338372093023255,0.195,0.915,0.2350000000000001,0.3650000000000001,9,31,0.7209302325581395,2.0583451162790696,2.06007,2.32979,Draw,5,0.18604651162790697,0.6511627906976745,0.13953488372093023,0.09000000000000008,5,0,2.8106822385116366,0.35,0.335,0.05051499999999998,0,Pass,2.1100000000000003,1.073720930232558,43.0,9.0,4.0,0.18604651162790697,1.0,0.11111111111111112,0.9419464837622613,4.777777777777778,0.8604651162790697,0.4664126383799859,0.12859131246308397,0.555,0.6,0.8,6.0,1.055,0.05500000000000003,0.6,0.07567409477512864,0.4228399434948062,0.34716584871967754,1.8804517122042,3.6,0.30333333333333334,0.031200928238546543,0.9,5,0.14080362537121374,0.266,0.16742162345408076,5,0.24497499999999994,0.16234728142934826,0.28700000000000003,0.18613167382259263,5,0.30394699999999986,0.15663255387211186,0.29400000000000004,0.17187931812757462,5,0.2887459999999999,0.13437951505902979,0.02100000000000002,0.028000000000000025,0.007000000000000006,0.05897199999999991,0.04377099999999995,-0.015200999999999965
5470,0,1,1,15,1,early,early_r9+,1,0-1,0,1,0,1,1,-1,0,0,0,0,1,1,0,1,1,0.6021045568472013,0,,,0,1,-1,,,,,,0.08168754245510551,43,0.92,0.895,0.025000000000000022,0.63,0.6284883720930233,0.285,0.635,0.27249999999999996,0.29000000000000004,16,39,0.9069767441860465,2.0624444186046516,2.05883,2.01336,Draw,5,0.18604651162790697,0.6511627906976745,0.13953488372093023,0.025000000000000022,5,0,2.6507183412832225,0.32,0.335,-0.08667999999999998,1,Draw,1.87,1.3879069767441863,43.0,9.0,4.0,0.20930232558139536,2.0,0.22222222222222224,0.911698881949819,4.777777777777778,0.9069767441860466,0.15476856952184692,0.15275466410369326,0.18937499999999996,0.0,0.2,9.0,0.813,0.10700000000000005,0.8,0.016207037794315777,0.27436757965836067,0.2581605418640449,1.9619134690156597,6.0,0.07,0.019251608235373682,0.75,5,0.41857657638358964,0.328,0.14809625248465946,5,0.32630099999999995,0.15194553108762368,0.273,0.11882760622010363,5,0.332487,0.13996653924242036,0.199,0.20531682834098136,5,0.19315,0.2332499668810266,-0.05499999999999999,-0.129,-0.07400000000000001,0.006186000000000025,-0.13315099999999996,-0.139337
7590,3,1,1,15,1,early,early_r9+,1,0-1,0,1,0,1,1,-1,0,0,0,0,1,1,0,1,1,0.3267387490029344,0,,,0,1,-1,,,,,,0.08168754245510551,43,1.1,0.945,0.15500000000000014,0.685,0.686046511627907,0.305,0.7950000000000002,0.26249999999999996,0.41500000000000004,7,28,0.6511627906976745,2.058107906976744,2.0615,2.0567,Hit,5,0.18604651162790697,0.6511627906976745,0.13953488372093023,0.15500000000000014,4,1,2.7365175097559127,0.29,0.4,0.07164999999999999,1,Hit,0.18500000000000005,1.3017441860465115,43.0,9.0,4.0,0.18604651162790697,2.0,0.22222222222222224,0.9184460486854823,4.777777777777778,0.8604651162790697,0.4096755260707984,0.12157339110470874,0.3416666666666667,0.2,0.6,6.0,0.8790000000000001,0.22100000000000003,0.6,0.014856018033478724,0.18915094698217252,0.17429492894869383,1.975112188452688,5.0,0.22999999999999998,0.01580689445705586,0.8,5,0.16254842993802454,0.3850000000000001,0.16140012391568975,5,0.3821399999999999,0.14445870049948537,0.29000000000000004,0.022360679774997852,5,0.2918219999999998,0.010113735462231493,0.341,0.25940797983099906,5,0.3344309999999999,0.24702583519745464,-0.09500000000000008,-0.044000000000000095,0.05099999999999999,-0.09031800000000012,-0.047709,0.04260900000000012
3383,6,0,0,16,0,early,early_r9+,0,0-1,0,0,0,0,0,0,0,0,0,0,0,0,0,0,0,,-1,,,0,0,0,,,,,,0.0,33,-0.25,-0.325,0.07500000000000001,-0.63,-0.6369696969696969,-0.98,0.73,0.14,0.38,5,26,0.7878787878787878,2.040144242424242,2.0315,1.97674,Draw,3,0.0,0.7878787878787878,0.18181818181818182,0.16499999999999998,3,0,2.5724810997697256,0.6,0.16,-1.23837,1,Draw,-1.25,-1.4096969696969697,33.0,7.0,4.0,0.30303030303030304,1.0,0.14285714285714285,0.8928538231363689,4.714285714285714,1.0,0.08584039341875264,0.15656609542825634,0.1825,0.0,0.6,6.0,-0.46699999999999997,0.217,0.8,-0.08060010283473092,0.1299289223042825,0.21052902513901336,1.9236068653929141,4.6,0.09285714285714289,-0.06027891137581205,0.9,5,0.2535874874794634,0.471,0.14668844535272713,5,0.544097,0.16854438790716245,0.30599999999999994,0.2108731846394889,5,0.398462,0.27339297596591616,0.418,0.20617347065032396,5,0.48932000000000003,0.2256779517642342,-0.16500000000000004,-0.05299999999999999,0.11200000000000004,-0.14563500000000007,-0.05477700000000002,0.09085800000000005
1327,5,1,1,15,1,early,early_r9+,1,0-1,0,1,0,1,1,-1,0,0,0,0,1,1,0,1,1,0.200317508723753,0,,,0,1,-1,,,,,,0.08168754245510551,43,1.035,1.005,0.030000000000000027,0.715,0.6922093023255814,0.345,0.69,0.24750000000000005,0.31999999999999995,13,34,0.7906976744186046,2.095663720930233,2.08897,1.98337,Hit,5,0.18604651162790697,0.6511627906976745,0.13953488372093023,0.05999999999999994,5,1,2.719810348576363,0.305,0.425,0.04331499999999988,1,Hit,0.8649999999999999,1.2959302325581397,43.0,9.0,4.0,0.18604651162790697,2.0,0.22222222222222224,0.9112530827386317,4.777777777777778,0.9069767441860466,0.23841732257263706,0.15531919121711962,0.374,0.0,0.2,6.0,0.8400000000000001,0.1949999999999999,0.6,0.0032558214040942697,0.09516504338147985,0.09190922197738557,1.8750333332962783,5.6,0.09,0.04553630761083662,0.9,5,0.31539321195410747,0.3259999999999999,0.1516739924970659,5,0.42866799999999977,0.1765985378124632,0.33699999999999986,0.11681181447096865,5,0.40778099999999984,0.11255618532537429,0.2949999999999999,0.11051018052650172,5,0.3786829999999999,0.11508687205758958,0.010999999999999954,-0.031000000000000028,-0.04199999999999998,-0.020886999999999933,-0.04998499999999989,-0.029097999999999957
2213,0,1,1,15,1,early,early_r9+,1,0-1,0,1,0,1,1,-1,0,0,0,0,1,1,0,1,1,0.2746617249209823,0,,,0,1,-1,,,,,,0.08168754245510551,43,1.115,1.11,0.004999999999999893,0.68,0.682906976744186,0.205,0.91,0.23750000000000004,0.43499999999999994,10,30,0.6976744186046512,2.0881423255813956,2.08026,2.03022,Draw,5,0.18604651162790697,0.6511627906976745,0.13953488372093023,0.040000000000000036,4,0,2.687245138790547,0.305,0.415,0.09989000000000003,1,Draw,2.115,1.3488372093023255,43.0,9.0,4.0,0.18604651162790697,1.0,0.11111111111111112,0.9119857350228958,4.777777777777778,0.9069767441860466,0.5284745410376203,0.14418655376610814,0.5275000000000001,0.0,1.0,8.0,0.8560000000000001,0.25899999999999995,0.2,-0.01818815267825105,0.07348837692790215,0.09167652960615322,1.949231345071956,3.6,0.05999999999999998,-0.0799030417489063,0.85,5,0.2780343684609517,0.371,0.12948938180406916,5,0.38465999999999995,0.12995898146145962,0.27299999999999996,0.23314694936884758,5,0.28808399999999995,0.2541832046821741,0.39399999999999996,0.1910628168953866,5,0.48485500000000004,0.20484013388493968,-0.09800000000000003,0.022999999999999965,0.121,-0.096576,0.10019500000000009,0.19677100000000008
9526,7,1,1,15,1,early,early_r9+,1,0-1,0,1,0,1,1,-1,0,0,0,0,1,1,0,1,1,0.2019390124333587,0,,,0,1,-1,,,,,,0.08168754245510551,43,1.12,1.015,0.1050000000000002,0.72,0.6840697674418605,0.305,0.8150000000000002,0.2749999999999999,0.40000000000000013,5,26,0.6046511627906976,2.0861395348837206,2.08988,2.46081,Draw,5,0.18604651162790697,0.6511627906976745,0.13953488372093023,0.2600000000000001,5,0,2.993783280970749,0.375,0.435,-0.067415,0,Hit,2.12,1.2969767441860467,43.0,9.0,4.0,0.18604651162790697,1.0,0.11111111111111112,0.9323861813679961,4.777777777777778,0.9069767441860466,0.35513912020629956,0.14306828331681892,0.3006249999999999,0.0,0.4,8.0,0.8109999999999999,0.30900000000000005,0.4,0.006097295426682218,0.1529979020927839,0.1469006066661017,1.9913129390913376,5.4,-0.08333333333333333,-0.022548784004972094,0.8,5,0.31455102466345103,0.47700000000000004,0.17573417425190813,5,0.327635,0.17013590578563953,0.4010000000000001,0.1539236823883836,5,0.25113599999999997,0.24625569700008973,0.559,0.22949400863639127,5,0.4161659999999999,0.2462718476957933,-0.07599999999999996,0.08200000000000002,0.15799999999999997,-0.07649900000000004,0.08853099999999992,0.16502999999999995
9585,2,0,0,16,0,early,early_r9+,0,0-1,0,0,0,0,0,0,0,0,0,0,0,0,0,0,0,,-1,,,0,0,0,,,,,,0.0,33,-0.19,-0.24,0.04999999999999999,-0.595,-0.5910606060606061,-0.88,0.69,0.18499999999999994,0.40499999999999997,6,22,0.6666666666666666,2.0346972727272727,2.06337,1.79274,PreGuard,3,0.0,0.7878787878787878,0.18181818181818182,0.04999999999999999,2,0,2.4500686973223864,0.555,0.19,-1.08637,1,PreGuard,-0.19,-1.3646969696969695,33.0,7.0,4.0,0.30303030303030304,1.0,0.14285714285714285,0.8928538231363689,4.714285714285714,1.0,0.33878352007024687,0.13605147762739758,0.40166666666666667,0.0,0.8,6.0,-0.315,0.125,0.8,0.056212668197525836,0.09285714285714289,0.03664447465961704,1.852660753496215,3.0,0.09285714285714286,0.09144170436651419,0.95,5,0.4503788496171185,0.44699999999999995,0.20342689104442407,5,0.553082,0.21248437370780934,0.367,0.2105825253908786,5,0.519635,0.1955905608024069,0.178,0.14433468051719245,5,0.3408769999999999,0.10536154668568605,-0.07999999999999996,-0.26899999999999996,-0.189,-0.033447000000000005,-0.2122050000000001,-0.17875800000000008
2126,6,1,1,15,1,early,early_r9+,1,0-1,0,1,0,1,1,-1,0,0,0,0,1,1,0,1,1,0.05379692099079856,0,,,0,1,-1,,,,,,0.08168754245510551,43,1.06,0.94,0.1200000000000001,0.67,0.6891860465116278,0.365,0.6950000000000001,0.20000000000000007,0.39,9,33,0.7674418604651163,2.06559511627907,2.05109,2.03873,Draw,5,0.18604651162790697,0.6511627906976745,0.13953488372093023,0.135,5,0,2.7406973788152835,0.295,0.4,0.04063499999999998,1,Draw,2.06,1.19,43.0,9.0,4.0,0.18604651162790697,1.0,0.11111111111111112,0.9419464837622614,4.777777777777778,0.8604651162790697,0.22756859620902975,0.12975949874873222,0.22080357142857143,0.2,0.4,8.0,0.873,0.18700000000000003,0.4,0.07673912629914055,0.14056984184770718,0.06383071554856665,1.9141758863201823,5.8,-0.07000000000000002,0.05790156697732544,0.85,5,0.11587847801931314,0.40099999999999997,0.1557000321130346,5,0.403439,0.15793905222426785,0.274,0.12223951897811115,5,0.2877789999999999,0.10675990161338658,0.34199999999999997,0.2665661268803671,5,0.363826,0.2740129666046846,-0.12699999999999995,-0.059,0.06799999999999995,-0.1156600000000001,-0.03961300000000001,0.07604700000000009
5349,1,1,1,15,1,early,early_r9+,1,0-1,1,0,1,0,1,1,0,0,0,0,0,0,1,1,1,0.08858185986989758,1,,,1,0,1,,,,,,0.08168754245510551,39,1.075,1.04,0.03499999999999992,0.79,0.785,0.415,0.6599999999999999,0.2450000000000001,0.2849999999999999,18,36,0.9230769230769231,2.093740512820513,2.10644,2.36207,Draw,4,0.0,0.6666666666666666,0.3076923076923077,0.15999999999999992,4,0,2.9383096738487953,0.33,0.36,0.029505000000000003,0,Pass,0.08499999999999996,0.05166666666666666,39.0,8.0,4.0,0.20512820512820512,1.0,0.125,0.9538577907918537,4.875,0.8461538461538461,0.19943698522449127,0.13232617370281263,0.20187500000000003,0.2,0.8,4.0,0.9349999999999999,0.13999999999999996,0.2,-0.041245873686400425,-0.2108173611550265,-0.16957148746862608,2.0155618532427795,3.6,-0.28571428571428575,-0.05876531621832407,0.9,5,0.28975540836419683,0.37099999999999994,0.18184471397321392,5,0.382812,0.22452982331418697,0.18699999999999994,0.19431289200668084,5,0.222228,0.15904566972256745,0.3239999999999999,0.22960291809992311,5,0.36278999999999995,0.24626201447848184,-0.184,-0.04700000000000004,0.13699999999999996,-0.16058399999999998,-0.02002200000000004,0.14056199999999994
7511,4,0,0,16,0,early,early_r9+,0,0-1,0,0,0,0,0,0,0,0,0,0,0,0,0,0,0,,-1,,,0,0,0,,,,,,0.0,33,-0.295,-0.395,0.10000000000000003,-0.585,-0.6028787878787879,-1.01,0.7150000000000001,0.22499999999999998,0.29,13,29,0.8787878787878788,2.0143851515151514,1.99937,2.09713,Draw,3,0.0,0.7878787878787878,0.18181818181818182,0.15500000000000003,3,0,2.747434892644179,0.57,0.19,-1.343565,1,Draw,-1.295,-1.377121212121212,33.0,7.0,4.0,0.30303030303030304,1.0,0.14285714285714285,0.8928538231363689,4.714285714285714,1.0,0.0676041682650258,0.14957426704291413,0.15449999999999997,0.2,0.8,6.0,-0.489,0.194,0.8,0.06426057043348991,0.001728530635814196,-0.06253203979767571,1.8923371844194619,4.2,-0.02857142857142861,0.07166383694175435,0.85,5,0.4066980539137682,0.41900000000000004,0.2833151954978766,5,0.38660300000000014,0.2805407975143723,0.21799999999999997,0.08074651695274539,5,0.1913420000000001,0.06965818882227712,0.281,0.11349008767288885,5,0.2255640000000001,0.09254682202809558,-0.20100000000000007,-0.138,0.06300000000000006,-0.19526100000000005,-0.16103900000000004,0.034222
6560,1,0,0,16,0,early,early_r9+,0,0-1,0,0,0,0,0,0,0,0,0,0,0,0,0,0,0,,-1,,,0,0,0,,,,,,0.0,33,-0.375,-0.42,0.044999999999999984,-0.675,-0.656060606060606,-1.025,0.6499999999999999,0.16500000000000004,0.30000000000000004,12,32,0.9696969696969697,1.9956669696969698,1.97684,1.90902,PreGuard,3,0.0,0.7878787878787878,0.18181818181818182,0.044999999999999984,2,0,2.576712258416882,0.585,0.145,-1.32951,1,PreGuard,-0.49,-1.4313636363636362,33.0,7.0,4.0,0.30303030303030304,1.0,0.14285714285714285,0.8928538231363689,4.714285714285714,1.0,0.373469871999916,0.10389715831579076,0.4624999999999999,0.0,0.6,6.0,-0.5879999999999999,0.213,0.2,-0.10279716066850615,-0.3062540947577827,-0.2034569340892766,1.8788214454795562,4.8,-0.27857142857142864,-0.13668656495548465,1.0,5,0.590227807665032,0.259,0.02434132288927619,5,0.27640000000000003,0.06184903556240801,0.316,0.06397265040624782,5,0.355868,0.04705496753797625,0.33599999999999997,0.06367888189973192,5,0.3893060000000001,0.07009045899764099,0.056999999999999995,0.07699999999999996,0.019999999999999962,0.07946799999999998,0.11290600000000006,0.03343800000000008
2296,1,3,1,13,1,early,early_r9+,1,0-1,0,1,0,1,1,-1,0,0,0,0,0,1,0,0,0,1.5037917741496003,0,,,0,1,-1,,,,,,0.08168754245510551,43,1.15,1.025,0.125,0.62,0.6731395348837209,0.435,0.7149999999999999,0.17999999999999994,0.5299999999999999,5,20,0.46511627906976744,1.9540267441860466,1.95128,1.95128,Hit,5,0.18604651162790697,0.6511627906976745,0.13953488372093023,0.20499999999999996,4,1,2.66435991298957,0.295,0.43,0.17435999999999996,1,Hit,0.3649999999999999,0.684767441860465,43.0,9.0,4.0,0.23255813953488375,1.0,0.11111111111111112,0.9213098793746435,4.777777777777778,0.8604651162790697,0.335241778612844,0.1256789870262548,0.3833333333333332,0.0,0.6,6.0,0.916,0.23399999999999993,0.6,0.08221357773174767,0.14299142822470898,0.06077785049296132,1.8387318857910988,4.6,0.24333333333333332,0.06726748753052324,1.0,5,0.45170866575674984,0.5069999999999999,0.0819756061276768,5,0.559569,0.0722352372807066,0.42799999999999994,0.1760184649404715,5,0.43151399999999995,0.15043949096729883,0.2779999999999999,0.14855975228843105,5,0.313767,0.16177191094253657,-0.07899999999999996,-0.22899999999999998,-0.15000000000000002,-0.12805500000000003,-0.24580199999999996,-0.11774699999999994
2227,1,0,0,16,0,early,early_r9+,0,0-1,0,0,0,0,0,0,0,0,0,0,0,0,0,0,0,,-1,,,0,0,0,,,,,,0.0,33,-0.265,-0.345,0.07999999999999996,-0.615,-0.6187878787878789,-0.985,0.72,0.245,0.35,9,29,0.8787878787878788,1.9952745454545455,1.99894,1.98363,Draw,3,0.0,0.7878787878787878,0.18181818181818182,0.2,2,0,2.6676530770097817,0.55,0.195,-1.256815,1,Draw,-1.255,-1.3954545454545453,33.0,7.0,4.0,0.30303030303030304,1.0,0.14285714285714285,0.8928538231363689,4.714285714285714,1.0,0.23664830002641776,0.12822969856597458,0.4675000000000001,0.0,0.8,6.0,-0.476,0.211,0.8,0.0808299321082813,0.25190373791336107,0.1710738058050798,1.9228472227369893,3.2,0.22857142857142865,0.07830801934966346,0.9,5,0.5177667849400475,0.2819999999999999,0.13363195725574029,5,0.2741119999999999,0.11744152095830505,0.30099999999999993,0.14583380952303213,5,0.299199,0.14559520310607763,0.27699999999999997,0.10034938963441685,5,0.2524430000000001,0.04085185515983337,0.019000000000000017,-0.004999999999999949,-0.023999999999999966,0.02508700000000008,-0.021668999999999827,-0.04675599999999991
1846,0,0,0,16,0,early,early_r9+,0,0-1,0,0,0,0,0,0,0,0,0,0,0,0,0,0,0,,-1,,,0,0,0,,,,,,0.0,33,-0.29,-0.375,0.08500000000000002,-0.66,-0.6372727272727273,-0.9,0.6100000000000001,0.16999999999999993,0.37000000000000005,6,30,0.9090909090909091,2.011313939393939,1.99198,1.92767,Draw,3,0.0,0.7878787878787878,0.18181818181818182,0.185,3,0,2.5748634428900194,0.62,0.185,-1.253835,1,Draw,-1.285,-1.4154545454545455,33.0,7.0,4.0,0.30303030303030304,1.0,0.14285714285714285,0.8928538231363689,4.714285714285714,1.0,0.4422880622040425,0.10304825559274203,0.26250000000000007,0.2,0.8,6.0,-0.386,0.09600000000000002,1.0,0.06622665557072407,0.22414355889427923,0.15791690332355515,1.910483452912312,2.6,0.17142857142857149,0.06475132170278856,0.85,5,0.288058305713307,0.354,0.135711090187943,5,0.3854989999999999,0.13874336918390007,0.454,0.08495587089777851,5,0.5071869999999999,0.1107430263380047,0.189,0.14762283021267403,5,0.25039499999999987,0.14082560598129862,0.10000000000000003,-0.16499999999999998,-0.265,0.12168800000000002,-0.13510400000000006,-0.2567920000000001
7360,0,2,0,14,0,early,early_r9+,2,2-4,1,1,1,1,2,0,0,0,0,0,1,1,1,1,2,0.1849140489094566,1,0.810841419322544,0.6259273704130874,1,0,1,0.9952703862987592,0.9952703862987592,0.07598384999999999,0.4917999999999978,0.9952703862987592,0.16337508491021102,49,-0.355,-0.445,0.09000000000000002,-0.705,-0.7080612244897959,-1.03,0.675,0.21999999999999997,0.35,13,39,0.7959183673469388,2.0536553061224487,2.0525,2.10451,PreGuard,6,0.16326530612244897,0.5714285714285714,0.24489795918367346,0.09000000000000002,6,0,2.732787889875994,0.53,0.185,-1.407255,1,PreGuard,-1.355,-1.6201020408163267,49.0,10.0,4.0,0.24489795918367346,3.0,0.3,0.8662761590494125,4.9,0.7551020408163265,0.12827363472232592,0.14178473791357768,0.3299999999999999,0.0,0.6,10.0,-0.503,0.14800000000000005,0.4,-0.011849741737312866,-0.21649453934921406,-0.20464479761190116,1.8796505248047026,4.8,-0.12,0.01266096963417094,0.85,5,0.3446851640151366,0.2899999999999999,0.08645808232895295,5,0.26799800000000007,0.16571311020857704,0.296,0.16730959326948353,5,0.26566699999999993,0.1626052739612095,0.316,0.16063934760823698,5,0.2418530000000001,0.13858031103840107,0.006000000000000061,0.02600000000000008,0.020000000000000018,-0.0023310000000001385,-0.026144999999999974,-0.023813999999999835
2359,1,2,0,14,0,early,early_r9+,2,2-4,1,1,1,1,2,0,0,0,0,0,1,1,1,2,2,0.23780755127623515,1,0.28430808433741367,0.04650053306117852,1,0,1,0.49405765938725,0.49405765938725,0.056204449999999996,0.24054999999999893,0.49405765938725,0.16337508491021102,49,-0.17,-0.32,0.15,-0.57,-0.5741836734693878,-0.995,0.825,0.22500000000000003,0.3999999999999999,12,35,0.7142857142857143,1.9902728571428572,1.98856,2.17051,PostGuard,6,0.16326530612244897,0.5714285714285714,0.24489795918367346,0.15,5,0,2.7568448628359707,0.54,0.225,-1.255255,1,PostGuard,-1.17,-1.4690816326530616,49.0,10.0,4.0,0.24489795918367346,3.0,0.3,0.8703002667936758,4.9,0.7551020408163265,0.23188306421332733,0.15534611805521564,0.3904166666666666,0.0,0.4,12.0,-0.44300000000000006,0.27299999999999996,0.4,-0.11488613307324727,-0.09364010153875084,0.0212460315344964,1.862541696294345,5.2,-0.20242424242424234,-0.10344745401341673,0.8,5,0.2957259437655248,0.4,0.19026297590440444,5,0.33326000000000006,0.16275833623043706,0.42099999999999993,0.19125898671696445,5,0.32915799999999995,0.1616395811133523,0.36899999999999994,0.11892224350389627,5,0.246257,0.10406723983800088,0.020999999999999908,-0.031000000000000083,-0.05199999999999999,-0.0041020000000001056,-0.08700300000000005,-0.08290099999999995
9378,6,5,1,11,1,early,early_r9+,2,2-4,0,2,0,2,2,-2,0,0,0,0,0,1,1,0,1,0.9286776678180683,0,1.6203221262761298,0.6916444584580616,0,2,-2,2.3910774302652773,2.3910774302652773,1.076359,0.5203500000000005,2.3910774302652773,0.16337508491021102,53,0.82,0.785,0.03499999999999992,0.44,0.44764150943396225,0.08,0.74,0.19,0.37999999999999995,11,43,0.8113207547169812,1.8741956603773586,1.86842,1.92551,Hit,5,0.3018867924528302,0.5660377358490566,0.11320754716981132,0.1449999999999999,4,1,2.6143611903341752,0.315,0.355,-0.0736,0,Hit,0.97,1.2843396226415096,53.0,11.0,4.0,0.16981132075471697,2.0,0.18181818181818182,0.9191232518801769,4.818181818181818,0.8301886792452831,0.4846062945847671,0.1040264133983391,0.3858333333333333,0.0,0.6,6.0,0.5569999999999999,0.263,0.6,0.07627452962379641,0.07368819328800116,-0.0025863363357952474,1.798314363243502,4.2,0.1454545454545455,0.1449435543631083,0.9,5,0.4243115678222683,0.2129999999999999,0.16033558556976676,5,0.22349499999999994,0.16011152203230097,0.1579999999999999,0.13845576911057192,5,0.147503,0.15044683565133565,0.3419999999999999,0.1315104558580799,5,0.385262,0.1190876339403046,-0.05500000000000002,0.129,0.18400000000000002,-0.07599199999999995,0.16176700000000005,0.237759
1936,0,4,0,12,0,early,early_r9+,2,2-4,1,1,1,1,2,0,0,0,0,0,0,0,2,2,2,0.14769510717098605,0,0.29406339118631974,0.1463682840153337,0,1,-1,0.2950297533813327,0.2950297533813327,0.14250975,0.03810000000000002,0.2950297533813327,0.16337508491021102,49,-0.195,-0.245,0.04999999999999999,-0.64,-0.6342857142857143,-0.95,0.7549999999999999,0.21499999999999997,0.445,6,31,0.6326530612244898,1.9508089795918369,1.9554,2.0315,Draw,6,0.16326530612244897,0.5714285714285714,0.24489795918367346,0.21000000000000002,5,0,2.677598619613132,0.525,0.17,-1.21075,1,Draw,0.8049999999999999,-0.31612244897959185,49.0,10.0,4.0,0.20408163265306123,2.0,0.2,0.8995117721846757,4.9,0.7551020408163265,0.27799119930649807,0.14060962705592925,0.3370000000000002,0.2,0.4,10.0,-0.45,0.255,0.4,0.09431622094462397,0.0317269130801895,-0.06258930786443447,1.853101146085934,6.4,-0.047272727272727265,0.0411930821206416,0.75,5,0.1893845142153521,0.301,0.09443251558652878,5,0.271884,0.09913219875499574,0.32599999999999996,0.23532955615476778,5,0.2811199999999999,0.23625638544280658,0.504,0.059097377268369576,5,0.47284299999999996,0.10726942747120445,0.024999999999999967,0.203,0.17800000000000005,0.009235999999999911,0.20095899999999994,0.19172300000000003
2919,3,5,1,11,1,early,early_r9+,3,2-4,1,2,1,2,3,-1,0,0,0,0,1,2,1,3,3,0.16140332760200346,1,0.3499356053676188,0.18853227776561535,1,0,1,0.3843215008622345,0.4257397396872185,0.24238925920968987,0.18032545269287167,0.4257397396872185,0.2450626273653165,59,0.865,0.85,0.015000000000000013,0.4,0.3930508474576272,-0.41,1.275,0.2950000000000001,0.46499999999999997,14,35,0.5932203389830508,1.999112372881356,2.00549,1.9511,Hit,6,0.2711864406779661,0.5084745762711864,0.2033898305084746,0.015000000000000013,5,1,2.626402130063836,0.3,0.39,-0.11055000000000004,1,Hit,1.4649999999999999,-0.23915254237288133,59.0,12.0,4.0,0.20338983050847456,4.0,0.3333333333333333,0.8861270356190684,4.916666666666667,0.7796610169491526,0.6027846447085266,0.14868682245564913,0.765,0.6,0.6,1.0,0.798,0.06699999999999999,0.6,0.13817434107341603,0.2788771077592926,0.14070276668587653,1.8907683760967355,5.2,0.3244755244755245,0.11747289957344154,0.85,5,0.21265276607123704,0.263,0.20906338751680073,5,0.256507,0.20454098680337887,0.28600000000000003,0.13221195104830727,5,0.329874,0.07685923988044639,0.27399999999999997,0.2634008352302627,5,0.342183,0.23155177567878854,0.02300000000000002,0.010999999999999954,-0.012000000000000066,0.07336700000000002,0.08567600000000003,0.012309000000000014
8484,6,2,0,14,0,early,early_r9+,2,2-4,1,1,1,1,2,0,0,0,0,0,1,1,1,2,2,0.31368398599687575,1,0.5889061380228618,0.2752221520259861,1,0,1,0.8835032706477594,0.8835032706477594,0.038736349999999996,0.4400499999999994,0.8835032706477594,0.16337508491021102,49,-0.4,-0.42,0.019999999999999962,-0.71,-0.7024489795918367,-1.075,0.6749999999999999,0.16000000000000003,0.30999999999999994,16,46,0.9387755102040817,2.041721836734694,2.04497,1.84662,Draw,6,0.16326530612244897,0.5714285714285714,0.24489795918367346,0.019999999999999962,6,0,2.5270522631438737,0.605,0.175,-1.32331,1,Draw,-1.6099999999999999,-1.5079591836734694,49.0,10.0,4.0,0.24489795918367346,3.0,0.3,0.8715273076930293,4.9,0.7755102040816326,0.22271058243564693,0.11845454848181955,0.2599999999999999,0.4,1.0,3.0,-0.471,0.07099999999999998,1.0,0.10737653295620846,0.20951515764811446,0.10213862469190597,1.8904856751720363,2.6,0.09818181818181819,0.11447744803143327,0.75,5,0.2198882370583756,0.24999999999999992,0.17128193132960637,5,0.30877499999999997,0.19656743741016725,0.31899999999999995,0.09710818709048175,5,0.38324100000000005,0.14817432294429428,0.3749999999999999,0.06736096792653735,5,0.44921,0.0779760545776715,0.06900000000000003,0.12499999999999997,0.05599999999999994,0.07446600000000009,0.14043500000000003,0.06596899999999994
8492,3,3,1,13,1,early,early_r9+,3,2-4,2,1,2,1,3,1,0,0,0,0,1,1,2,3,3,0.10467907626665278,0,0.33138509028743457,0.22670601402078178,0,1,-1,0.3169175658503208,0.4234805159128954,0.06929675198405766,0.37553492514012543,0.4234805159128954,0.2450626273653165,55,1.215,1.125,0.09000000000000008,0.735,0.719909090909091,0.27,0.9450000000000001,0.265,0.4800000000000001,4,30,0.5454545454545454,2.0521836363636363,2.04078,2.21558,Draw,6,0.14545454545454545,0.509090909090909,0.32727272727272727,0.19500000000000006,5,0,2.8411061503249457,0.315,0.44,0.10721000000000003,1,Draw,2.215,1.42,55.0,11.0,4.0,0.2545454545454545,3.0,0.2727272727272727,0.8296637284232604,5.0,0.7454545454545455,0.4338283647090223,0.1387789829263505,0.35250000000000004,0.0,0.6,14.0,0.8309999999999998,0.38400000000000006,0.2,0.07685540326346772,-0.05011330453197762,-0.12696870779544533,1.8923805146189967,4.6,-0.08000000000000002,0.06737373338499977,0.75,5,0.07981871921429873,0.536,0.20498170650084852,5,0.48601900000000003,0.25044129809697924,0.4800000000000001,0.23,5,0.38059499999999996,0.22672147141371504,0.536,0.16546903033498445,5,0.442845,0.13131010142978336,-0.05599999999999994,0.0,0.05599999999999994,-0.10542400000000007,-0.043174000000000046,0.06225000000000003
8250,2,4,0,12,0,early,early_r9+,3,2-4,1,2,1,2,3,-1,0,0,0,0,1,2,1,2,3,0.48763458319114444,0,0.5811856295754394,0.09355104638429496,0,2,-2,0.6226371009898182,0.706659897573374,0.2305694922667977,0.5300252090440811,0.706659897573374,0.2450626273653165,59,-0.3,-0.305,0.0050000000000000044,-0.7,-0.6846610169491526,-1.205,0.905,0.27749999999999997,0.39999999999999997,19,45,0.7627118644067796,2.0658949152542374,2.06416,1.87883,Hit,6,0.2711864406779661,0.5084745762711864,0.2033898305084746,0.0050000000000000044,5,1,2.5349578744422328,0.575,0.165,-1.239415,1,Hit,-0.8400000000000001,0.44652542372881354,59.0,12.0,4.0,0.1694915254237288,3.0,0.25,0.9262244819216503,4.916666666666667,0.7966101694915254,0.23291087110556993,0.1767643437306626,0.7249999999999999,0.4,0.4,1.0,-0.34099999999999997,0.041000000000000016,0.4,0.15439258527608618,0.12004140253262538,-0.034351182743460794,2.0198070167161264,6.0,0.27832167832167837,0.16754925571727577,0.85,5,0.4055446485708976,0.27,0.19193097717669236,5,0.336178,0.21781377271077237,0.23899999999999996,0.08436527721758523,5,0.30333,0.08655086820766154,0.16099999999999998,0.11425847889762931,5,0.23272299999999996,0.1512001744625316,-0.031000000000000055,-0.10900000000000004,-0.07799999999999999,-0.03284799999999999,-0.10345500000000002,-0.07060700000000003
69,5,5,1,11,1,early,early_r9+,3,2-4,2,1,2,1,3,1,0,0,0,0,1,1,2,3,3,0.11215669527054677,1,0.4037530676056827,0.2915963723351359,1,0,1,0.36543502599641425,0.3991445901014992,0.166540499372982,0.23218155731141873,0.3991445901014992,0.2450626273653165,55,1.145,1.105,0.040000000000000036,0.7,0.6963636363636362,0.33,0.815,0.2550000000000001,0.44500000000000006,8,35,0.6363636363636364,2.006032727272727,2.00776,2.21675,Draw,6,0.14545454545454545,0.509090909090909,0.32727272727272727,0.040000000000000036,4,0,2.8815948787995933,0.315,0.425,0.21141500000000002,0,Freeze,2.145,0.8887272727272727,55.0,11.0,4.0,0.2545454545454545,3.0,0.2727272727272727,0.8862870284515806,5.0,0.7454545454545455,0.4774094917730906,0.1377370490943575,0.5549999999999999,0.0,0.4,8.0,1.0279999999999998,0.11700000000000008,0.8,0.09197688949280018,0.22308073313826587,0.1311038436454657,1.9107491895502533,6.0,0.2190888359048436,0.0950557593401661,0.9,5,0.3505284491759801,0.289,0.2607537152180195,5,0.37517199999999995,0.2517480445455336,0.40599999999999997,0.2341580662714825,5,0.474458,0.22825809247976295,0.40599999999999997,0.09813256340277676,5,0.518418,0.11925949394073415,0.11699999999999999,0.11699999999999999,0.0,0.09928600000000004,0.1432460000000001,0.043960000000000055
8029,7,5,1,11,1,early,early_r9+,2,2-4,1,1,1,1,2,0,0,0,0,0,1,1,1,2,2,0.16429426210613599,1,0.4997574676190405,0.33546320551290454,1,0,1,0.6468513323013209,0.6468513323013209,0.206345,0.24904999999999688,0.6468513323013209,0.16337508491021102,49,1.105,1.015,0.09000000000000008,0.66,0.6905102040816326,0.33,0.7749999999999999,0.21500000000000008,0.44499999999999995,7,34,0.6938775510204082,1.9316151020408163,1.90677,2.04303,Draw,6,0.16326530612244897,0.5714285714285714,0.24489795918367346,0.255,6,0,2.7505560411133607,0.315,0.46,0.08564999999999989,0,Draw,2.105,1.1118367346938776,49.0,10.0,4.0,0.24489795918367346,1.0,0.1,0.896101184890089,4.9,0.7551020408163265,0.38592482564151465,0.123783622141542,0.27900000000000014,0.0,0.4,4.0,0.8550000000000001,0.25,0.4,0.09607510153296625,0.42090297484998107,0.32482787331701485,1.8581796013889658,4.6,0.2993939393939393,0.03775570743995947,0.9,5,0.1193580179932852,0.289,0.1712965265263718,5,0.25088099999999985,0.18266308403040826,0.382,0.13474976808885425,5,0.29067099999999985,0.14931128182424794,0.37399999999999994,0.05164784603446691,5,0.32388899999999987,0.03354164527121474,0.09300000000000003,0.08499999999999996,-0.008000000000000063,0.03978999999999999,0.07300800000000002,0.033218000000000025
3941,1,3,1,13,1,early,early_r9+,3,2-4,2,1,2,1,3,1,0,0,0,0,1,1,2,2,3,0.14618247991999941,1,0.17759805518079377,0.03141557526079436,1,0,1,0.32324534376532454,0.4003686924968843,0.06604636299756912,0.3471423371215655,0.4003686924968843,0.2450626273653165,55,1.105,1.015,0.09000000000000008,0.685,0.6879090909090909,0.215,0.89,0.26749999999999985,0.41999999999999993,10,36,0.6545454545454545,2.0075890909090908,2.00922,2.13166,Draw,6,0.14545454545454545,0.509090909090909,0.32727272727272727,0.13,5,0,2.7849165282589365,0.3,0.405,0.042179999999999995,0,Draw,2.105,1.1571818181818183,55.0,11.0,4.0,0.2545454545454545,2.0,0.18181818181818182,0.8838463046149181,5.0,0.7818181818181819,0.48967884571750264,0.1255763201887799,0.35,0.2,0.6,6.0,0.9469999999999998,0.15800000000000003,0.2,0.037611235307373425,0.10783295813942653,0.07022172283205314,1.8586062364743896,5.6,0.09272727272727274,0.07213942657078706,0.95,5,0.3993955415078688,0.46399999999999997,0.26423001343526437,5,0.402003,0.22990606515488016,0.43199999999999994,0.12194260945215174,5,0.406269,0.13809682859320116,0.21400000000000002,0.22094682618222874,5,0.21103900000000003,0.1947229551953236,-0.03200000000000003,-0.24999999999999994,-0.21799999999999992,0.004265999999999992,-0.19096399999999997,-0.19522999999999996
9258,3,4,0,12,0,early,early_r9+,2,2-4,1,1,1,1,2,0,0,0,0,0,1,1,1,1,2,0.3327931615883945,0,0.8167777261415783,0.4839845645531838,0,1,-1,1.1373731874283863,1.1373731874283863,0.1015295,0.5595500000000015,1.1373731874283863,0.16337508491021102,49,-0.21,-0.23,0.020000000000000018,-0.485,-0.5089795918367347,-0.915,0.7050000000000001,0.23500000000000004,0.275,21,43,0.8775510204081632,1.9988210204081631,1.99158,1.84551,Draw,6,0.16326530612244897,0.5714285714285714,0.24489795918367346,0.020000000000000018,6,0,2.452176695781221,0.575,0.14,-1.132755,1,Draw,-0.03,0.13306122448979593,49.0,10.0,4.0,0.20408163265306123,2.0,0.2,0.8817166177362463,4.9,0.8163265306122449,0.4612883055154125,0.1261396579880834,0.5183333333333334,0.0,0.6,7.0,-0.266,0.05600000000000001,0.8,0.10147555103296439,0.23821129608359107,0.13673574505062672,1.7827848369296402,5.4,0.2658788811070209,0.10711174912980907,0.8,5,0.3302776354873258,0.18,0.09027735042633894,5,0.26650999999999997,0.13171600505443526,0.23700000000000002,0.2429660470106883,5,0.330457,0.21776751165520541,0.10300000000000001,0.18559364213248256,5,0.15401899999999993,0.23079352022966332,0.05700000000000002,-0.07699999999999999,-0.134,0.06394700000000003,-0.11249100000000004,-0.17643800000000007
3481,1,2,0,14,0,early,early_r9+,2,2-4,1,1,1,1,2,0,0,0,0,0,0,0,2,2,2,0.07990686960612113,1,0.47478824047240886,0.3948813708662877,1,0,1,0.3987511840301398,0.3987511840301398,0.0031944,0.19934999999999903,0.3987511840301398,0.16337508491021102,49,-0.1,-0.28,0.18000000000000002,-0.58,-0.576122448979592,-0.87,0.77,0.19500000000000006,0.48,4,27,0.5510204081632653,1.9839391836734694,1.99095,2.1166,PostGuard,6,0.16326530612244897,0.5714285714285714,0.24489795918367346,0.225,6,0,2.729209478948329,0.57,0.21,-1.1583,1,PostGuard,-1.1,-1.752857142857143,49.0,10.0,4.0,0.22448979591836732,2.0,0.2,0.9065134939432697,4.9,0.7551020408163265,0.12460907402107843,0.14599359350951796,0.20124999999999998,0.0,0.8,8.0,-0.42300000000000004,0.32300000000000006,0.6,0.04428607193683287,0.3299809113150561,0.28569483937822315,1.9473008120018467,2.8,0.17575757575757572,0.0027373509749538004,0.8,5,0.2508092818229814,0.396,0.12069589885327509,5,0.34888399999999986,0.12335490836403713,0.34099999999999997,0.15985931314752988,5,0.3099139999999999,0.14569455992761018,0.41900000000000004,0.0803430146310182,5,0.3866239999999998,0.07852102953986283,-0.05500000000000005,0.02300000000000002,0.07800000000000007,-0.03896999999999995,0.03773999999999994,0.07670999999999989
8790,2,5,1,11,1,early,early_r9+,2,2-4,1,1,1,1,2,0,0,0,0,0,1,2,0,1,1,0.12851610515452713,1,1.6348184341082035,1.5063023289536763,1,0,1,1.5502562044817274,1.5502562044817274,0.75474235,0.17660000000000053,1.5502562044817274,0.16337508491021102,49,0.96,0.885,0.07499999999999996,0.645,0.6532653061224489,0.44,0.52,0.20499999999999996,0.31499999999999995,16,48,0.9795918367346939,1.8305108163265307,1.84303,1.86236,Hit,6,0.16326530612244897,0.5714285714285714,0.24489795918367346,0.07499999999999996,6,1,2.5886318905679016,0.28,0.4,0.028819999999999957,1,Hit,0.7,0.5658163265306122,49.0,10.0,4.0,0.24489795918367346,2.0,0.2,0.9059899617276457,4.9,0.7755102040816326,0.2270174009042163,0.10548412037417158,0.2312500000000001,0.0,0.4,6.0,0.7689999999999999,0.19099999999999998,0.4,0.040279012546730865,-0.14368691445445103,-0.18396592700118186,1.7783604776118807,5.0,-0.296969696969697,0.014025844387925332,0.9,5,0.18075138332484847,0.22399999999999992,0.12325785978995417,5,0.20467199999999988,0.1801626165301781,0.32599999999999996,0.1583271928633866,5,0.3629779999999999,0.18558709497160628,0.21899999999999992,0.1025548633659077,5,0.2382459999999999,0.14630951837628337,0.10200000000000004,-0.0050000000000000044,-0.10700000000000004,0.15830600000000003,0.03357400000000002,-0.12473200000000001
8205,1,3,1,13,1,early,early_r9+,3,2-4,2,1,2,1,3,1,0,0,0,0,1,1,2,3,3,0.2724483675873263,1,0.42051353340409847,0.14806516581677215,2,0,2,0.607628647482161,0.6144641887223689,0.24860797363765752,0.2790516439657717,0.6144641887223689,0.2450626273653165,55,1.1,1.095,0.0050000000000001155,0.65,0.6556363636363637,0.24,0.8600000000000001,0.2649999999999999,0.45000000000000007,9,30,0.5454545454545454,2.0392520000000003,2.02889,2.21585,Hit,6,0.14545454545454545,0.509090909090909,0.32727272727272727,0.0050000000000001155,5,1,2.8522980206638793,0.335,0.415,-0.0068150000000000155,0,Draw,-0.8299999999999998,-0.5232727272727273,55.0,11.0,4.0,0.2909090909090909,2.0,0.18181818181818182,0.876079657556174,5.0,0.7454545454545455,0.21616021225316526,0.16581835071876302,0.25749999999999995,0.2,0.6,6.0,0.9310000000000003,0.1690000000000001,0.6,0.1466099576468486,0.30214989158866207,0.15553993394181348,1.8633186532201396,4.0,0.11636363636363636,0.09373439575737307,0.75,5,0.27802422557703754,0.32400000000000007,0.2740072991728505,5,0.252085,0.2076413793960635,0.4330000000000001,0.1147606204235582,5,0.34969399999999995,0.11693414762164223,0.18200000000000002,0.24465792445780288,5,0.15975199999999995,0.21824326211248762,0.10900000000000004,-0.14200000000000004,-0.2510000000000001,0.09760899999999995,-0.09233300000000005,-0.189942
2133,7,4,0,12,0,early,early_r9+,2,2-4,0,2,0,2,2,-2,0,0,0,0,1,1,1,2,2,0.4805171459833648,0,0.5635809079457899,0.08306376196242504,0,2,-2,0.9726717367339291,0.9726717367339291,0.02386450000000001,0.48574999999999946,0.9726717367339291,0.16337508491021102,53,-0.47,-0.565,0.09499999999999997,-0.825,-0.8471698113207546,-1.28,0.81,0.22999999999999998,0.355,12,42,0.7924528301886793,2.0540501886792453,2.0445,2.04184,Hit,5,0.3018867924528302,0.5660377358490566,0.11320754716981132,0.09499999999999997,5,1,2.7115674915100163,0.57,0.19,-1.49092,1,Hit,-0.375,0.5845283018867924,53.0,11.0,4.0,0.20754716981132076,3.0,0.2727272727272727,0.8811125022129535,4.818181818181818,0.8113207547169811,0.30284628792239626,0.1321485342554028,0.3868750000000002,0.0,0.4,2.0,-0.7420000000000001,0.272,0.4,0.028706768521194203,0.10858583988378223,0.07987907136258801,1.9802271514609362,6.2,0.20909090909090908,0.062304507473306195,0.9,5,0.3054384112905419,0.2839999999999999,0.2076776348093362,5,0.28479699999999986,0.22915564922122256,0.359,0.04852834223420371,5,0.37252100000000005,0.10835786902666554,0.33399999999999996,0.07602631123499287,5,0.304828,0.06176969115189098,0.07500000000000007,0.050000000000000044,-0.025000000000000022,0.08772400000000019,0.020031000000000132,-0.06769300000000006
9945,2,3,1,13,1,early,early_r9+,3,2-4,2,1,2,1,3,1,0,0,0,0,1,2,1,2,3,0.1906852684635088,0,0.500669330206076,0.30998406174256715,0,1,-1,0.6289169397750434,0.6447268563145011,0.1513222850127355,0.46664544951767806,0.6447268563145011,0.2450626273653165,55,1.135,1.085,0.050000000000000044,0.67,0.6473636363636363,0.225,0.91,0.23750000000000004,0.46499999999999997,6,32,0.5818181818181818,2.0466641818181817,2.04914,1.97908,Draw,6,0.14545454545454545,0.509090909090909,0.32727272727272727,0.050000000000000044,5,0,2.6803045964532335,0.285,0.395,0.14546000000000003,1,Draw,2.135,1.1478181818181816,55.0,11.0,4.0,0.2545454545454545,2.0,0.18181818181818182,0.9059189317933996,5.0,0.7090909090909091,0.4364895183761968,0.1445696526731484,0.33999999999999997,0.0,0.6,6.0,0.9640000000000001,0.171,0.6,0.11177352287136029,0.3096456894101285,0.1978721665387682,2.053121572868762,4.0,0.25375453524209723,0.05990070501439818,0.85,5,0.15409203463935242,0.312,0.1725398504693916,5,0.37899000000000005,0.18134216953042112,0.34199999999999997,0.1671675805890604,5,0.39005700000000004,0.16278016255060077,0.253,0.20327321515635058,5,0.305138,0.19899128239699346,0.02999999999999997,-0.059,-0.08899999999999997,0.011066999999999994,-0.07385200000000003,-0.08491900000000002
7226,1,5,1,11,1,early,early_r9+,3,2-4,1,2,1,2,3,-1,0,0,0,0,1,2,1,2,3,0.038446136680947596,0,0.35993750543283287,0.3214913687518853,0,1,-1,0.39341211618230837,0.45921762908773883,0.19127369274266537,0.3536643323831234,0.45921762908773883,0.2450626273653165,59,0.925,0.82,0.1050000000000001,0.44,0.43838983050847463,0.015,0.91,0.19250000000000006,0.48500000000000004,4,31,0.5254237288135594,1.992779661016949,1.97886,2.11172,Hit,6,0.2711864406779661,0.5084745762711864,0.2033898305084746,0.18000000000000005,6,1,2.7561190500657062,0.345,0.385,-0.13085999999999998,1,Hit,1.075,1.2183050847457628,59.0,12.0,4.0,0.1694915254237288,4.0,0.3333333333333333,0.8923207229101673,4.916666666666667,0.8135593220338982,0.43873688724397997,0.12518698782786755,0.4700000000000001,0.0,0.2,6.0,0.62,0.30500000000000005,0.2,0.03928946318074932,-0.03780881698566835,-0.07709828016641766,1.8350444704269815,5.8,-0.06441656509214903,0.05876169907541551,0.8,5,0.1317479818000725,0.44800000000000006,0.1453702170322381,5,0.376179,0.2155718849189291,0.25,0.10588909292273684,5,0.16078699999999996,0.0942199153311018,0.341,0.1474957626509995,5,0.28675999999999996,0.1750819375678142,-0.19800000000000006,-0.10700000000000004,0.09100000000000003,-0.21539200000000003,-0.08941900000000003,0.125973
368,6,2,0,14,0,early,early_r9+,2,2-4,1,1,1,1,2,0,0,0,0,0,0,0,2,2,2,0.1255820168694541,0,0.3139090381413225,0.18832702127186837,0,1,-1,0.31102611728536733,0.31102611728536733,0.08067595,0.132950000000001,0.31102611728536733,0.16337508491021102,49,-0.4,-0.415,0.014999999999999958,-0.715,-0.6862244897959183,-1.075,0.6749999999999999,0.22000000000000008,0.31499999999999995,17,45,0.9183673469387755,2.0086238775510203,2.01144,2.1166,PostGuard,6,0.16326530612244897,0.5714285714285714,0.24489795918367346,0.014999999999999958,6,0,2.7692619961091762,0.57,0.175,-1.36009,0,Freeze,0.6,-0.02255102040816325,49.0,10.0,4.0,0.24489795918367346,3.0,0.3,0.8855988876028554,4.9,0.7551020408163265,0.0768518121508796,0.14822598254013195,0.18700000000000006,0.0,0.6,10.0,-0.552,0.152,0.2,-0.02518227452445184,-0.21838354077454883,-0.19320126625009695,1.9445362676831177,4.8,-0.11515151515151514,-0.04154660075420571,0.85,5,0.37490423451361155,0.366,0.031104662029991625,5,0.45023100000000016,0.04283792513649552,0.16199999999999998,0.06723094525588648,5,0.206104,0.08261733810163589,0.21899999999999994,0.13983919336151793,5,0.2827469999999999,0.15108088080561352,-0.20400000000000001,-0.14700000000000005,0.05699999999999997,-0.24412700000000015,-0.16748400000000024,0.0766429999999999
2628,1,5,1,11,1,early,early_r9+,2,2-4,1,1,1,1,2,0,0,0,0,0,1,2,0,2,2,0.4481371239710028,0,0.5826850451221502,0.13454792115114744,0,1,-1,0.5194003900037041,0.5194003900037041,0.246778,0.08089999999999975,0.5194003900037041,0.16337508491021102,49,1.075,0.965,0.10999999999999999,0.535,0.5216326530612244,-0.005,1.0799999999999998,0.29500000000000004,0.5399999999999999,6,22,0.4489795918367347,1.9239369387755103,1.93057,1.9492,Hit,6,0.16326530612244897,0.5714285714285714,0.24489795918367346,0.125,4,1,2.6128954516391105,0.325,0.4,0.10039999999999993,1,Hit,0.135,1.1585714285714286,49.0,10.0,4.0,0.24489795918367346,3.0,0.3,0.8604674099938527,4.9,0.7551020408163265,0.6438366164259277,0.14575730387770716,0.6308333333333334,0.0,0.6,6.0,0.828,0.24699999999999997,0.6,0.07993698902986886,0.0447746873437065,-0.03516230168616236,1.7871096459048945,4.2,0.023030303030303022,0.0882464875230389,0.9,5,0.31218086329712874,0.2929999999999999,0.18054085410233336,5,0.2477269999999999,0.16320855911991872,0.37099999999999994,0.31879460472222554,5,0.3234349999999999,0.33156822559618104,0.32399999999999995,0.19664053498706727,5,0.29962199999999994,0.19996845518731196,0.07800000000000001,0.031000000000000028,-0.046999999999999986,0.07570800000000003,0.05189500000000005,-0.023812999999999973
8575,6,3,1,13,1,early,early_r9+,3,2-4,2,1,2,1,3,1,0,0,0,0,1,1,2,3,3,0.34279791224714223,1,0.369567340492313,0.026769428245170757,1,0,1,0.5597416621978387,0.6012210988147441,0.2494329806155286,0.29123191598602177,0.6012210988147441,0.2450626273653165,55,0.97,0.945,0.025000000000000022,0.645,0.6493636363636365,0.285,0.685,0.21750000000000003,0.32499999999999996,20,45,0.8181818181818182,2.0582658181818183,2.08302,2.12817,PostGuard,6,0.14545454545454545,0.509090909090909,0.32727272727272727,0.025000000000000022,6,0,2.823425306965738,0.335,0.44,-0.06471499999999997,0,Draw,-0.030000000000000027,-0.042363636363636374,55.0,11.0,4.0,0.2545454545454545,3.0,0.2727272727272727,0.8644567829976848,5.0,0.7272727272727273,0.5638637043906733,0.10736353635218795,0.5025,0.0,0.4,11.0,0.8690000000000001,0.10099999999999998,0.4,0.10741070785460134,0.22196330484276694,0.11455259698816558,1.8406151851448953,5.0,0.28363636363636363,0.061486843060963844,0.85,5,0.2238000443419906,0.14299999999999996,0.11093917252260359,5,0.182713,0.10940420910550011,0.17899999999999994,0.1482143717727805,5,0.19310299999999989,0.15636320437526213,0.24099999999999996,0.17547791883881003,5,0.24575200000000005,0.1789100081954613,0.035999999999999976,0.098,0.06200000000000003,0.0103899999999999,0.06303900000000007,0.05264900000000017
9731,3,5,1,11,1,early,early_r9+,4,2-4,3,1,3,1,4,2,0,0,0,0,1,3,1,4,4,0.2792001854745053,1,0.3200971912855416,0.04089700581103628,3,0,3,0.35628812002828475,0.42004894638921086,0.2860709914198605,0.2442838551255479,0.42004894638921086,0.32675016982042204,61,1.3,1.235,0.06499999999999995,0.805,0.8180327868852459,0.32,0.98,0.265,0.495,5,32,0.5245901639344263,2.095454426229508,2.11421,2.14942,Hit,6,0.13114754098360656,0.45901639344262296,0.39344262295081966,0.06499999999999995,5,1,2.86021575325023,0.265,0.45,0.22529,1,Hit,-1.6300000000000001,-1.2683606557377052,61.0,13.0,4.0,0.29508196721311475,5.0,0.38461538461538464,0.8203165677939104,4.6923076923076925,0.8032786885245902,0.20448042636542518,0.17998338850821408,0.33999999999999997,0.2,1.0,6.0,1.1059999999999999,0.19400000000000003,0.0,0.08965571531671479,-0.041239227914705356,-0.13089494323142015,1.8566846372925425,2.8,-0.04395604395604395,0.1017543166710426,0.8,5,0.18822911357980596,0.5050000000000001,0.23505318547086315,5,0.45706199999999997,0.22856403494425795,0.3320000000000001,0.2504895207388924,5,0.31541800000000003,0.24424468350406325,0.328,0.273280990923262,5,0.28506,0.23244252926798917,-0.17300000000000004,-0.1770000000000001,-0.004000000000000059,-0.14164399999999994,-0.172002,-0.03035800000000005
2742,6,2,0,14,0,early,early_r9+,2,2-4,1,1,1,1,2,0,0,0,0,0,0,0,2,1,2,0.08107309676953167,1,0.7689017647242032,0.6878286679546716,1,0,1,0.6898587268500722,0.6898587268500722,0.095136025,0.33155,0.6898587268500722,0.16337508491021102,49,-0.345,-0.39,0.04500000000000004,-0.655,-0.6421428571428571,-0.87,0.525,0.19999999999999996,0.31000000000000005,19,46,0.9387755102040817,1.9851410204081636,2.00759,1.94061,PreGuard,6,0.16326530612244897,0.5714285714285714,0.24489795918367346,0.04500000000000004,6,0,2.5856603676915597,0.595,0.145,-1.315305,1,PreGuard,-1.345,-1.7063265306122453,49.0,10.0,4.0,0.16326530612244897,1.0,0.1,0.9482437640445063,4.9,0.7551020408163265,0.17852955505970386,0.11482578207887215,0.19041666666666657,0.0,0.4,4.0,-0.5000000000000001,0.15500000000000005,0.4,0.04515167011904845,0.045358297904160336,0.0002066277851118903,1.9188891954878808,5.8,0.07878787878787878,0.009605099358094091,0.85,5,0.3826716721337086,0.196,0.08443932733033824,5,0.24868200000000007,0.08076659454873658,0.24,0.15684387141358122,5,0.24367300000000003,0.17301469195562555,0.23700000000000002,0.12487994234463756,5,0.3103940000000001,0.08188141153521958,0.043999999999999984,0.04100000000000001,-0.002999999999999975,-0.005009000000000041,0.061712000000000045,0.06672100000000009
4917,5,4,0,12,0,early,early_r9+,2,2-4,2,0,2,0,2,2,0,0,0,0,1,2,0,1,2,0.49934925633368105,1,0.7726414407110191,0.2732921843773381,2,0,2,0.4862090079389723,0.4862090079389723,0.2148505,0.11374999999999957,0.4862090079389723,0.16337508491021102,45,0.07,-0.075,0.14500000000000002,-0.32,-0.3462222222222222,-0.94,1.01,0.305,0.39,11,31,0.6888888888888889,1.9886628888888889,1.98856,2.08689,PreGuard,4,0.0,0.5777777777777777,0.4,0.14500000000000002,3,0,2.724101443508719,0.51,0.245,-0.9734449999999999,1,PreGuard,-1.93,-2.9939999999999998,45.0,9.0,4.0,0.22222222222222224,2.0,0.22222222222222224,0.8991633967729635,5.0,0.8222222222222222,0.32039355179044293,0.15123600678861376,0.515,0.0,0.2,10.0,-0.152,0.22199999999999998,0.8,0.07733273908377207,0.3838364801941575,0.30650374111038536,1.8558850166668037,5.4,0.27999999999999997,0.06667344565755566,0.9,5,0.3081238255918145,0.35100000000000003,0.07528280016046163,5,0.3254880000000001,0.02537229310685181,0.37,0.17313289693180783,5,0.365779,0.14588572511558484,0.377,0.1283354978172446,5,0.36196000000000017,0.10103597632774168,0.01899999999999996,0.025999999999999968,0.007000000000000006,0.04029099999999991,0.03647200000000006,-0.0038189999999998503
9700,3,3,1,13,1,early,early_r9+,3,2-4,1,2,1,2,3,-1,0,0,0,0,1,1,2,2,3,0.11397503923666737,1,0.3000798390090391,0.18610479977237177,1,0,1,0.31295453639864923,0.433241217352845,0.07433485875563361,0.39164031400706995,0.433241217352845,0.2450626273653165,59,1.12,0.955,0.16500000000000015,0.625,0.6250847457627119,0.215,0.9050000000000001,0.17500000000000004,0.4950000000000001,5,31,0.5254237288135594,2.0693416949152543,2.07017,1.98887,Hit,6,0.2711864406779661,0.5084745762711864,0.2033898305084746,0.16500000000000015,5,1,2.698680539801127,0.275,0.4,0.12556500000000015,1,Hit,0.2300000000000001,-0.21118644067796608,59.0,12.0,4.0,0.20338983050847456,6.0,0.5,0.8149190762157129,4.916666666666667,0.7457627118644068,0.422010185158623,0.1440347578223063,0.7650000000000001,0.6,0.6,1.0,0.986,0.13400000000000004,0.6,0.11778434657453159,0.18317719637457394,0.06539284980004235,1.848641465890454,4.2,0.2007348480013925,0.09455837332792004,0.85,5,0.12822018727344467,0.44600000000000006,0.3153054075019964,5,0.43900700000000015,0.30636083542532005,0.23400000000000004,0.34099853372118777,5,0.25865400000000005,0.3592746011305281,0.277,0.2563591231066295,5,0.3092740000000001,0.28404885212318687,-0.21200000000000002,-0.16900000000000004,0.04299999999999998,-0.1803530000000001,-0.12973300000000004,0.050620000000000054
3228,6,2,0,14,0,early,early_r9+,2,2-4,1,1,1,1,2,0,0,0,0,0,1,1,1,2,2,0.1649220044778728,0,0.5735178327249109,0.40859582824703805,0,1,-1,0.6752122499965441,0.6752122499965441,0.06744816999999999,0.3308,0.6752122499965441,0.16337508491021102,49,-0.225,-0.365,0.13999999999999999,-0.565,-0.5823469387755102,-0.86,0.635,0.16500000000000004,0.33999999999999997,8,43,0.8775510204081632,2.013399387755102,2.00759,1.97848,PostGuard,6,0.16326530612244897,0.5714285714285714,0.24489795918367346,0.13999999999999999,6,0,2.6311063477747076,0.535,0.19,-1.21424,1,PostGuard,0.775,0.14387755102040814,49.0,10.0,4.0,0.20408163265306123,2.0,0.2,0.9061486570556518,4.9,0.7959183673469388,0.4181662658072988,0.10237820216766047,0.3094444444444445,0.0,0.2,4.0,-0.38900000000000007,0.164,0.6,-0.050837295919027733,-0.1006540289841665,-0.04981673306513879,1.8468805795927423,7.4,-0.15393939393939393,-0.05215772195448524,0.75,5,0.19416933340049172,0.335,0.12103718436910206,5,0.327262,0.14861894813582824,0.472,0.12622400722525012,5,0.47759699999999994,0.15795398596585017,0.387,0.15089731607951148,5,0.407355,0.18373044821150353,0.13699999999999996,0.05199999999999999,-0.08499999999999996,0.15033499999999994,0.08009300000000003,-0.07024199999999992
6781,0,5,1,11,1,early,early_r9+,4,2-4,2,2,2,2,4,0,0,0,0,0,1,2,2,2,3,0.10827899174821144,0,0.28100854119581625,0.17272954944760482,0,1,-1,0.3864635110615343,0.7218079165244499,0.6847301187514427,0.4363055774053295,0.7218079165244499,0.32675016982042204,65,1.08,1.01,0.07000000000000006,0.64,0.6427692307692308,0.31,0.77,0.265,0.44000000000000006,10,40,0.6153846153846154,2.0710896923076927,2.08221,1.93484,Hit,6,0.24615384615384617,0.46153846153846156,0.27692307692307694,0.07000000000000006,5,1,2.5934722685602893,0.3,0.39,0.11258000000000012,1,Hit,1.3800000000000001,1.5883076923076922,65.0,13.0,4.0,0.21538461538461542,4.0,0.3076923076923077,0.8563228870047231,5.0,0.7230769230769231,0.309314177302548,0.15616048122094878,0.34125000000000016,0.0,0.0,7.0,0.891,0.18900000000000006,0.0,0.021230649151323444,0.2745493358373311,0.25331868668600765,1.9360635934207617,7.0,0.1692307692307692,0.008751311697435694,0.95,5,0.26849109883012545,0.34400000000000003,0.1301153334545933,5,0.3594360000000001,0.12888029690375485,0.28300000000000003,0.017888543819998316,5,0.3278740000000001,0.01990324106772564,0.376,0.20302093488111028,5,0.4427270000000001,0.21981285396900696,-0.061,0.03199999999999997,0.09299999999999997,-0.03156199999999998,0.083291,0.11485299999999998
7332,3,3,1,13,1,early,early_r9+,2,2-4,1,1,1,1,2,0,0,0,0,0,1,1,1,1,1,0.24332996929272774,0,1.320607251835307,1.0772772825425792,0,1,-1,1.2058582227923818,1.2058582227923818,0.47821300000000005,0.3672000000000004,1.2058582227923818,0.16337508491021102,49,1.215,1.205,0.010000000000000009,0.825,0.8090816326530613,0.285,0.9300000000000002,0.17000000000000004,0.3900000000000001,7,39,0.7959183673469388,2.1670495918367347,2.16374,2.25583,Draw,6,0.16326530612244897,0.5714285714285714,0.24489795918367346,0.010000000000000009,6,0,2.889468983342783,0.305,0.445,0.14163500000000018,0,Hit,-0.6749999999999998,1.2623469387755102,49.0,10.0,4.0,0.20408163265306123,3.0,0.3,0.898499346651062,4.9,0.7551020408163265,0.5153633532076485,0.13022040373791513,0.915,0.8,0.8,1.0,1.152,0.06300000000000001,0.8,0.10880667469255104,0.4335189402707506,0.32471226557819965,2.0895244179479073,3.2,0.3212121212121212,0.04206135070044227,0.9,5,0.3556739538956813,0.37300000000000005,0.16084153692376865,5,0.3738000000000002,0.08063303634367248,0.281,0.27084128193464163,5,0.3490630000000002,0.29799538095413497,0.08599999999999998,0.13735901863365216,5,0.15190200000000012,0.1395502042993847,-0.09200000000000003,-0.2870000000000001,-0.19500000000000006,-0.02473700000000001,-0.22189800000000007,-0.19716100000000006
244,4,4,0,12,0,early,early_r9+,4,2-4,2,2,2,2,4,0,0,0,0,0,1,3,1,2,4,0.23032821046289606,1,0.5397828488901824,0.30945463842728627,1,0,1,0.33419976651314487,0.5343560070464721,0.2069856144274766,0.5110553492528983,0.5343560070464721,0.32675016982042204,65,-0.13,-0.135,0.0050000000000000044,-0.39,-0.4010769230769231,-0.875,0.745,0.175,0.26,32,60,0.9230769230769231,2.035795076923077,2.0489,1.94759,PostGuard,6,0.24615384615384617,0.46153846153846156,0.27692307692307694,0.0050000000000000044,6,0,2.611825607374373,0.55,0.19,-1.1037949999999999,1,PostGuard,-1.13,-1.3266153846153848,65.0,13.0,4.0,0.21538461538461542,4.0,0.3076923076923077,0.8773656834710964,5.0,0.7230769230769231,0.38211556859375945,0.11570188070175617,0.56,0.0,0.0,8.0,-0.24700000000000003,0.11699999999999999,0.4,0.06339465817563625,0.13165124124063218,0.06825658306499596,1.899946146866921,7.2,0.06593406593406594,0.023514664558691046,0.8,5,0.10242596530679317,0.21199999999999997,0.1938620643653626,5,0.23118600000000003,0.19444703193929197,0.196,0.08813342158341524,5,0.22247400000000006,0.1275424125242268,0.195,0.13878940881782012,5,0.2177760000000001,0.1189740989879731,-0.01599999999999996,-0.01699999999999996,-0.0010000000000000009,-0.00871199999999997,-0.013409999999999922,-0.004697999999999952
8134,3,2,0,14,0,early,early_r9+,2,2-4,1,1,1,1,2,0,0,0,0,0,1,1,1,2,2,0.07117748397491992,1,0.49044250347619994,0.41926501950128003,1,0,1,0.4959350652666136,0.4959350652666136,0.0229845,0.24690000000000012,0.4959350652666136,0.16337508491021102,49,-0.415,-0.485,0.07,-0.695,-0.7066326530612245,-1.02,0.605,0.17500000000000004,0.27999999999999997,21,45,0.9183673469387755,2.043979183673469,2.04392,1.93721,Hit,6,0.16326530612244897,0.5714285714285714,0.24489795918367346,0.07,6,1,2.653740212752708,0.59,0.15,-1.383605,1,Hit,-0.585,-1.4833673469387756,49.0,10.0,4.0,0.24489795918367346,2.0,0.2,0.8874225915015336,4.9,0.8367346938775511,0.17163664455903782,0.12555031253624196,0.31000000000000005,0.2,0.4,2.0,-0.5609999999999999,0.146,0.4,0.02208784740141238,-0.02450440538438737,-0.04659225278579976,1.901272001185347,5.2,0.02787878787878794,0.04015893636827776,0.85,5,0.4476164550134202,0.21699999999999994,0.11233877335986894,5,0.290266,0.11916444165521856,0.42799999999999994,0.17203197377231944,5,0.46365599999999996,0.20264068475382713,0.19699999999999998,0.15023315213360863,5,0.259597,0.1717002690955958,0.211,-0.019999999999999962,-0.23099999999999996,0.17338999999999993,-0.030669000000000002,-0.20405899999999993
95,3,6,0,10,0,mid,early_r9+,2,2-4,0,2,0,2,2,-2,0,0,0,0,1,1,1,2,2,0.4027239974034825,0,0.449823359409282,0.04709936200579945,0,2,-2,0.8447773418671304,0.8447773418671304,0.02411015,0.4217000000000013,0.8447773418671304,0.16337508491021102,53,-0.5,-0.61,0.10999999999999999,-0.885,-0.8883962264150942,-1.275,0.7749999999999999,0.2499999999999999,0.385,11,38,0.7169811320754716,1.9658571698113205,1.96784,2.03961,Draw,5,0.3018867924528302,0.5660377358490566,0.11320754716981132,0.11499999999999999,4,0,2.702770532794904,0.575,0.175,-1.519805,1,Draw,1.5,0.6700943396226416,53.0,11.0,4.0,0.2641509433962264,3.0,0.2727272727272727,0.863250190396883,4.818181818181818,0.8490566037735849,0.3043495447922068,0.13076641866736002,0.6599999999999999,0.0,0.2,8.0,-0.683,0.183,0.6,-0.003782450454133693,-0.031836840492771315,-0.028054390038637612,1.7985471292206001,6.8,-0.03215611114685855,0.030088386615552853,0.85,5,0.5351586713030231,0.254,0.10120523701864445,5,0.21750599999999998,0.07892487633819897,0.36199999999999993,0.05155094567512804,5,0.3200409999999998,0.052414289010726936,0.2139999999999999,0.13626261409498938,5,0.1795,0.136005179542913,0.10799999999999993,-0.04000000000000009,-0.14800000000000002,0.10253499999999982,-0.038005999999999984,-0.1405409999999998
5208,6,9,1,7,1,mid,mid_r5-8,2,2-4,1,1,1,1,2,0,0,0,0,0,0,2,0,0,1,1.077018449666022,0,1.847112937234754,0.7700944875687319,0,1,-1,2.7303911483304,2.7303911483304,1.3651955,0.0004500000000007276,2.7303911483304,0.16337508491021102,49,1.04,0.96,0.08000000000000007,0.515,0.5152040816326531,0.08,0.9600000000000001,0.20999999999999996,0.525,5,17,0.3469387755102041,1.6450302040816327,1.64602,1.79399,Hit,6,0.16326530612244897,0.5714285714285714,0.24489795918367346,0.19500000000000006,4,1,2.553030404062179,0.29,0.44,0.14300500000000005,1,Hit,0.12,0.9291836734693877,49.0,10.0,4.0,0.20408163265306123,2.0,0.2,0.9083881234886186,4.9,0.8775510204081632,0.39140003850339355,0.1468765080943815,0.5799999999999998,0.0,0.4,6.0,0.708,0.332,0.4,-0.011125248348945998,0.028136801614534294,0.03926204996348033,1.5641577527666992,5.0,0.0036363636363636264,-0.022260537944984737,0.85,5,0.3719606548951157,0.273,0.22620786900547912,5,0.20869600000000005,0.17612576229075635,0.34500000000000003,0.09246621004453466,5,0.26093200000000005,0.06920706679956892,0.371,0.09989994994993742,5,0.3072890000000001,0.1150054103835989,0.07200000000000001,0.09799999999999998,0.025999999999999968,0.052236000000000005,0.09859300000000004,0.04635700000000004
9141,4,8,0,8,0,mid,mid_r5-8,5,5-8,3,2,3,1,4,2,0,0,0,0,1,3,1,3,4,0.05508657736917402,0,0.42847979999890595,0.37339322262973196,0,1,-1,0.43404741599639834,0.7173430680405914,0.814159370844731,0.37880201372220745,0.5548773361511586,0.32675016982042204,65,0.035,0.005,0.030000000000000002,-0.435,-0.40284615384615385,-0.84,0.875,0.22000000000000003,0.47,9,41,0.6307692307692307,1.7754789230769232,1.77183,1.90099,Draw,6,0.18461538461538463,0.4307692307692308,0.36923076923076925,0.14,6,0,2.551206432432474,0.52,0.23,-0.858855,0,Draw,1.035,0.5809230769230769,65.0,13.0,4.0,0.26153846153846155,4.0,0.3076923076923077,0.8374793262669324,5.0,0.7538461538461538,0.22095547782511266,0.14349724963688873,0.34875,0.2,0.4,17.0,-0.31100000000000005,0.346,0.4,0.06665161725590742,0.21660655354289723,0.1499549362869898,1.7953100421984884,7.4,0.10549450549450548,0.07143341884071476,0.95,5,0.35496166731045475,0.20400000000000001,0.1431083505599865,5,0.17840399999999995,0.11483103491652416,0.522,0.04604345773288541,5,0.4703479999999999,0.05907255629731965,0.442,0.300616034169836,5,0.44451799999999997,0.29176864639642147,0.318,0.238,-0.08000000000000002,0.2919439999999999,0.266114,-0.02582999999999991
4339,6,6,0,10,0,mid,early_r9+,1,0-1,0,1,0,1,1,-1,0,0,0,0,1,1,0,1,1,0.4688992155634291,0,,,0,1,-1,,,,,,0.08168754245510551,43,-0.45,-0.45,0.0,-0.85,-0.831046511627907,-1.16,0.71,0.2549999999999999,0.39999999999999997,11,32,0.7441860465116279,1.9194474418604652,1.93845,1.94615,Hit,5,0.18604651162790697,0.6511627906976745,0.13953488372093023,0.14499999999999996,4,1,2.595291270189953,0.57,0.125,-1.423075,1,Hit,-0.62,-0.2430232558139535,43.0,9.0,4.0,0.27906976744186046,3.0,0.3333333333333333,0.8568910781292087,4.777777777777778,0.8604651162790697,0.4089501689207598,0.12829244097358034,0.4849999999999999,0.0,0.2,4.0,-0.661,0.211,0.4,-0.03999544774184317,-0.15287771001743033,-0.11288226227558718,1.8553441329668652,4.8,-0.14666666666666667,-0.021522087500364946,0.9,5,0.38378028644340545,0.13799999999999996,0.1343781976363725,5,0.1267449999999998,0.09678901190217831,0.12,0.09340770846134702,5,0.06159199999999996,0.08126453174663598,0.286,0.1708215443086732,5,0.25322399999999984,0.1843988121707946,-0.01799999999999996,0.14800000000000002,0.16599999999999998,-0.06515299999999985,0.12647900000000004,0.19163199999999989
2703,4,8,0,8,0,mid,mid_r5-8,6,5-8,3,3,3,3,6,0,0,0,0,0,1,3,3,4,6,0.036685156139776826,0,0.30955523519864997,0.27287007905887317,0,1,-1,0.33491558345244204,0.43133120663520486,0.3499645842267551,0.4624040504075793,0.43133120663520486,0.490125254730633,81,-0.11,-0.17,0.06000000000000001,-0.57,-0.5731481481481481,-1.41,1.2999999999999998,0.25999999999999995,0.45999999999999996,11,53,0.654320987654321,1.9540114814814817,1.94553,2.06104,Hit,6,0.2962962962962963,0.3950617283950617,0.2962962962962963,0.06000000000000001,5,1,2.711723720825607,0.5,0.215,-1.1405200000000002,1,Hit,-2.11,-0.0398148148148148,81.0,17.0,4.0,0.16049382716049382,6.0,0.35294117647058826,0.8936488047203094,4.764705882352941,0.7037037037037037,0.2646070548407712,0.17372355773790119,0.6950000000000001,0.4,0.4,1.0,-0.20600000000000002,0.096,0.4,0.24779396158859654,0.282138321659937,0.034344360071340486,1.778303027365655,4.8,0.34047860634946103,0.21174783729161875,0.9,5,0.1633327780767952,0.429,0.15610092888897237,5,0.38950799999999974,0.26153917535428617,0.404,0.16942549985170474,5,0.33831599999999984,0.16571735392679915,0.361,0.11712173154457714,5,0.31429699999999977,0.14954733659447106,-0.024999999999999967,-0.068,-0.04300000000000004,-0.051191999999999904,-0.07521099999999997,-0.024019000000000068
2049,6,9,1,7,1,mid,mid_r5-8,2,2-4,1,1,1,1,2,0,0,0,0,0,0,1,1,0,2,0.8548191951518193,0,1.0772302981818695,0.2224111030300503,0,1,-1,1.4957701232077765,1.4957701232077765,0.2444705,0.7068000000000012,1.4957701232077765,0.16337508491021102,49,1.15,1.14,0.010000000000000009,0.495,0.5375510204081633,0.01,1.14,0.27,0.6549999999999999,5,13,0.2653061224489796,1.8635191836734695,1.87584,1.68449,Hit,6,0.16326530612244897,0.5714285714285714,0.24489795918367346,0.2749999999999999,3,1,2.4268589797721836,0.27,0.475,0.3077549999999999,1,Hit,0.04499999999999993,1.0259183673469388,49.0,10.0,4.0,0.2653061224489796,3.0,0.3,0.8572051678035117,4.9,0.7551020408163265,0.7191540087105885,0.13735685155058136,0.7958333333333334,0.2,0.8,6.0,0.9789999999999999,0.17099999999999993,0.8,0.24851411855429442,0.2961708417843344,0.04765672323004001,1.819822099335265,3.2,0.3309090909090909,0.22286680769707382,0.95,5,0.18163093530421157,0.19499999999999992,0.19880895352071035,5,0.2985119999999999,0.19477629801903515,0.3009999999999998,0.2392017976521079,5,0.35116299999999984,0.2115340895872342,0.2659999999999999,0.2421105119568334,5,0.3132029999999999,0.2343749145759844,0.1059999999999999,0.07099999999999998,-0.03499999999999992,0.05265099999999995,0.01469100000000001,-0.03795999999999994
464,2,8,0,8,0,mid,mid_r5-8,4,2-4,2,2,2,2,4,0,0,0,0,0,1,2,2,3,4,0.11945215270261998,0,0.4448917990326278,0.3254396463300078,0,1,-1,0.40438422178944033,0.4064382330682452,0.17452957594887747,0.41587290952284905,0.4064382330682452,0.32675016982042204,65,-0.305,-0.4,0.09500000000000003,-0.78,-0.7682307692307692,-1.11,0.8050000000000002,0.22499999999999998,0.47500000000000003,10,37,0.5692307692307692,1.869733384615385,1.872,2.03273,Draw,6,0.24615384615384617,0.46153846153846156,0.27692307692307694,0.09500000000000003,5,0,2.6653921516613894,0.54,0.15,-1.31864,0,Hit,0.6950000000000001,0.06169230769230769,65.0,13.0,4.0,0.23076923076923078,4.0,0.3076923076923077,0.8880115887077416,5.0,0.6923076923076923,0.4360834845631111,0.13717570852496122,0.5058333333333334,0.0,0.2,15.0,-0.55,0.24500000000000002,0.4,0.015363646938655832,-0.11949404561944059,-0.1348576925580964,1.7744923765028577,6.8,-0.22747252747252747,0.00710205495708936,0.75,5,0.17407636455397654,0.24500000000000002,0.0,5,0.18497,0.0,0.359,0.2619971373889417,5,0.2952339999999999,0.23963598483950618,0.29,0.1691892431568863,5,0.21819499999999986,0.13510276440547034,0.11399999999999996,0.04499999999999996,-0.069,0.11026399999999989,0.033224999999999866,-0.07703900000000002
5456,7,9,1,7,1,mid,mid_r5-8,1,0-1,0,1,0,1,1,-1,0,0,0,0,1,1,0,1,1,0.4267899141040683,0,,,0,1,-1,,,,,,0.08168754245510551,43,0.98,0.86,0.12,0.37,0.35732558139534887,-0.065,1.045,0.3999999999999999,0.61,4,13,0.3023255813953488,1.769276511627907,1.77133,1.62468,Hit,5,0.18604651162790697,0.6511627906976745,0.13953488372093023,0.21499999999999997,3,1,2.3869417432149973,0.285,0.41,0.16766000000000003,1,Hit,0.030000000000000027,1.0782558139534884,43.0,9.0,4.0,0.20930232558139536,2.0,0.22222222222222224,0.911698881949819,4.777777777777778,0.9069767441860466,0.6745594338071049,0.14515768478664132,0.6497916666666668,0.2,0.6,6.0,0.6090000000000001,0.371,0.6,0.24337464020072463,0.27345009305635093,0.030075452855626305,1.5619402228305244,3.2,0.3034171911434707,0.24362596849714535,0.85,5,0.39970096251699605,0.285,0.18884517468021264,5,0.29646999999999996,0.1845523109107551,0.38399999999999995,0.166109903377252,5,0.39296999999999993,0.1976745814779938,0.43899999999999995,0.26415904300250637,5,0.46827700000000005,0.28432334758598354,0.09899999999999998,0.15399999999999997,0.05499999999999999,0.09649999999999997,0.1718070000000001,0.07530700000000012
2594,0,8,0,8,0,mid,mid_r5-8,2,2-4,0,2,0,2,2,-2,0,0,0,0,1,2,0,1,1,0.23495740891673292,0,1.6305034236087943,1.3955460146920613,0,2,-2,1.6179683400615925,1.6179683400615925,0.8088595350000001,0.01419999999999888,1.6179683400615925,0.16337508491021102,53,-0.73,-0.745,0.015000000000000013,-1.29,-1.2553773584905659,-1.745,1.0150000000000001,0.31000000000000005,0.56,8,22,0.41509433962264153,1.9890430188679242,1.98997,2.08497,Hit,5,0.3018867924528302,0.5660377358490566,0.11320754716981132,0.015000000000000013,4,1,2.7326639807389275,0.605,0.125,-1.739985,0,Freeze,-0.06999999999999995,-0.20867924528301884,53.0,11.0,4.0,0.1509433962264151,2.0,0.18181818181818182,0.9288011286891653,4.818181818181818,0.8679245283018868,0.3344293455488823,0.1661195907009843,0.5266666666666666,0.0,0.6,6.0,-1.12,0.39,0.6,0.11631737278583346,0.07150855788175374,-0.044808814904079716,1.9018259048383932,4.6,0.18181818181818182,0.1515491907684182,0.85,5,0.1678916116710554,0.23399999999999999,0.29022405138099766,5,0.21785899999999997,0.2550655066938687,0.293,0.2737380134362051,5,0.30680300000000005,0.29171122517825737,0.44099999999999995,0.22207543763325108,5,0.38439100000000004,0.22698726760547605,0.059,0.20699999999999996,0.14799999999999996,0.08894400000000008,0.16653200000000007,0.07758799999999999
4434,2,7,1,9,1,mid,early_r9+,3,2-4,0,3,0,2,2,-2,0,0,0,0,0,1,1,0,1,0.7319821952069607,0,1.8335181946192953,1.1015359994123346,0,2,-2,1.2848703327962725,1.760930426916283,1.5702611290058308,0.29943709782783473,1.2848703327962725,0.16337508491021102,57,0.93,0.765,0.16500000000000004,0.5,0.4868421052631579,0.025,0.905,0.25,0.43000000000000005,8,38,0.6666666666666666,1.7636189473684214,1.78045,1.57325,Hit,5,0.3508771929824561,0.5263157894736842,0.10526315789473684,0.2350000000000001,4,1,2.288063383147281,0.255,0.32,0.14337500000000003,1,Hit,0.08500000000000008,1.3669298245614034,57.0,12.0,4.0,0.15789473684210525,2.0,0.16666666666666666,0.9317503357107683,4.75,0.8421052631578947,0.5732708674644539,0.10610456418662365,0.4022916666666667,0.2,0.4,6.0,0.7290000000000001,0.20099999999999998,0.4,0.20732013844182234,0.3301488442351471,0.1228287057933248,1.720892148291449,6.0,0.27692307692307694,0.15163480899976875,0.85,5,0.1854467997523388,0.13899999999999998,0.1340429035794137,5,0.19067799999999996,0.18463889882010234,0.327,0.09808159868191382,5,0.422722,0.12155753645907767,0.20800000000000002,0.11914277149705725,5,0.31027999999999994,0.1742223636620741,0.18800000000000003,0.06900000000000003,-0.119,0.23204400000000003,0.11960199999999999,-0.11244200000000004
7280,3,8,0,8,0,mid,mid_r5-8,5,5-8,3,2,3,2,5,1,0,0,0,0,1,5,0,1,5,0.5205814164576011,0,0.684846867192952,0.16426545073535082,0,1,-1,0.35956807740537755,0.46677771357399117,0.5619547505742433,0.16850067536956606,0.46677771357399117,0.40843771227552755,71,0.215,0.175,0.04000000000000001,-0.325,-0.30901408450704226,-0.795,1.01,0.2875,0.54,10,32,0.4507042253521127,1.9713195774647885,1.9534,1.93618,Hit,6,0.22535211267605634,0.4225352112676056,0.3380281690140845,0.105,5,1,2.579045490553612,0.49,0.26,-0.75309,1,Hit,-2.3200000000000003,0.3493661971830985,71.0,15.0,4.0,0.28169014084507044,7.0,0.4666666666666667,0.7782388360745465,4.733333333333333,0.6901408450704225,0.37418285845279853,0.1773608720307025,1.01,0.4,0.4,1.0,0.08499999999999999,0.13,0.4,0.2270402496398888,0.33831008907498417,0.11126983943509539,1.8230134404358065,6.6,0.31542707070813714,0.21821054397979833,0.9,5,0.21246082017792908,0.44699999999999995,0.3343015106157912,5,0.428946,0.30913758355706283,0.361,0.13188062784199958,5,0.35353799999999996,0.1528220586417419,0.244,0.1561009288889723,5,0.21774699999999997,0.18373627052789543,-0.08599999999999997,-0.20299999999999996,-0.11699999999999999,-0.07540800000000003,-0.21119900000000003,-0.135791
4139,3,11,1,5,1,mid,mid_r5-8,1,0-1,0,1,0,1,1,-1,0,0,0,0,0,1,0,1,1,0.5479470923592918,0,,,0,1,-1,,,,,,0.08168754245510551,43,1.095,0.825,0.27,0.33,0.3244186046511628,-0.24,1.335,0.255,0.7649999999999999,1,4,0.09302325581395349,1.5249997674418605,1.5488,1.40213,Hit,5,0.18604651162790697,0.6511627906976745,0.13953488372093023,0.5599999999999999,1,1,2.102912286035763,0.235,0.46,0.3939349999999999,1,Hit,0.16499999999999992,0.8495348837209302,43.0,9.0,4.0,0.23255813953488375,2.0,0.22222222222222224,0.8939059774643383,4.777777777777778,0.9069767441860466,0.6499125289630804,0.13353769899908963,0.6535416666666668,0.2,0.6,6.0,0.649,0.446,0.6,0.1039318896724489,0.26386269053012795,0.15993080085767902,1.4331505141462837,3.8,0.1122606594884729,0.08595302203541755,0.85,5,0.15231953396176612,0.492,0.2750363612324741,5,0.48534799999999995,0.2713177801858919,0.27199999999999996,0.2769611886167446,5,0.2758299999999999,0.2688002147739097,0.469,0.3179504678405113,5,0.46689299999999995,0.3440864378066942,-0.22000000000000003,-0.02300000000000002,0.197,-0.20951800000000004,-0.018455,0.19106300000000004
3380,3,9,1,7,1,mid,mid_r5-8,4,2-4,1,3,1,2,3,-1,0,0,0,0,0,3,0,2,3,0.4902139171514813,0,0.5039663356574549,0.01375241850597353,0,1,-1,0.7167676870569704,0.8093711761066704,0.8757124874516107,0.17911117357663664,0.7465713493209947,0.2450626273653165,63,1.295,1.27,0.02499999999999991,0.44,0.46849206349206357,-0.265,1.56,0.49,0.855,5,9,0.14285714285714285,1.9091807936507936,1.92556,2.0342,Hit,6,0.31746031746031744,0.47619047619047616,0.19047619047619047,0.44999999999999996,2,1,2.7211744492980916,0.3,0.475,0.30213,0,Hit,-0.6900000000000002,0.9042063492063491,63.0,13.0,4.0,0.19047619047619047,2.0,0.15384615384615385,0.908777646862648,4.846153846153846,0.746031746031746,0.4936445416590384,0.22878976122499442,1.0383333333333333,0.2,0.8,6.0,1.1599999999999997,0.13499999999999995,0.8,0.3239222630217006,0.615768814987147,0.29184655196544623,1.8142547107662175,3.8,0.5340659340659341,0.2585951049356242,0.85,5,0.3223571048681995,0.17999999999999997,0.24647515087732472,5,0.14269999999999994,0.16222172846909264,0.1919999999999999,0.14902181048423754,5,0.13592299999999996,0.10339426317499441,0.13499999999999993,0.13928388277184117,5,0.12543699999999997,0.1305588237921896,0.011999999999999927,-0.04500000000000004,-0.05699999999999997,-0.0067769999999999775,-0.017262999999999973,-0.010485999999999995
4680,5,8,0,8,0,mid,mid_r5-8,3,2-4,2,1,2,1,3,1,0,0,0,0,1,3,0,1,3,0.05542068731304359,0,1.0257313340251417,0.9703106467120981,0,1,-1,0.8932254457392043,0.9190416297854326,0.3746482634410427,0.44456830246381207,0.9190416297854326,0.2450626273653165,55,-0.1,-0.16,0.06,-0.72,-0.6433636363636364,-0.985,0.885,0.30500000000000005,0.62,7,19,0.34545454545454546,1.8536190909090908,1.83575,2.02237,Draw,6,0.14545454545454545,0.509090909090909,0.32727272727272727,0.06,4,0,2.64788845840293,0.58,0.235,-1.111185,1,Draw,-1.74,-0.004727272727272738,55.0,11.0,4.0,0.2909090909090909,3.0,0.2727272727272727,0.863553772418791,5.0,0.7818181818181819,0.49244925508268594,0.1496356474710936,0.680625,0.4,0.4,1.0,-0.262,0.16199999999999998,0.4,0.14933807747729608,0.35568466910781615,0.2063465916305201,1.720291858927626,6.0,0.2781818181818182,0.14266514262580943,0.85,5,0.23945263704401326,0.24900000000000003,0.12871480101371405,5,0.12853399999999984,0.09152991658468836,0.12599999999999997,0.13329478609458056,5,0.09225999999999993,0.11068660233966883,0.22699999999999995,0.21129363454680786,5,0.16790399999999991,0.1564682373278998,-0.12300000000000005,-0.022000000000000075,0.10099999999999998,-0.03627399999999992,0.03937000000000007,0.07564399999999999
3218,7,8,0,8,0,mid,mid_r5-8,3,2-4,2,1,2,1,3,1,0,0,0,0,1,3,0,1,3,0.15385421695777318,0,1.1089975074832212,0.955143290525448,0,1,-1,0.98279290038975,1.0093577198716124,0.48073841434267434,0.3939180738286706,1.0093577198716124,0.2450626273653165,55,-0.08,-0.245,0.16499999999999998,-0.835,-0.785,-1.145,1.065,0.33499999999999996,0.755,4,10,0.18181818181818182,1.8731490909090904,1.86933,1.84488,Hit,6,0.14545454545454545,0.509090909090909,0.32727272727272727,0.16499999999999998,3,1,2.4951945106510505,0.515,0.15,-1.00244,1,Hit,0.05,-0.06554545454545452,55.0,11.0,4.0,0.32727272727272727,4.0,0.36363636363636365,0.775608573683512,5.0,0.7818181818181819,0.5914602914898336,0.1572404273621481,0.765,0.4,0.6,3.0,-0.274,0.194,0.4,0.2450622478642499,0.39787982131115107,0.15281757344690117,1.6247214291323608,4.2,0.4036363636363637,0.23835444435130565,0.85,5,0.18747069241084208,0.274,0.25527925885194824,5,0.28295200000000004,0.26143904742788526,0.13199999999999992,0.07379024325749302,5,0.17121999999999993,0.09571488977687846,0.2599999999999999,0.13499999999999998,5,0.29192399999999996,0.07661313084256514,-0.1420000000000001,-0.014000000000000123,0.12799999999999997,-0.11173200000000011,0.008971999999999924,0.12070400000000003
8311,1,9,1,7,1,mid,mid_r5-8,3,2-4,1,2,1,2,3,-1,0,0,0,0,1,2,1,3,3,0.23599277368461632,0,0.47526270813519556,0.23926993445057923,0,1,-1,0.6490102103894495,0.6836267371160548,0.28416602945279873,0.3114493573957424,0.6836267371160548,0.2450626273653165,59,0.97,0.895,0.07499999999999996,0.23,0.2702542372881356,-0.67,1.6400000000000001,0.5150000000000001,0.74,7,17,0.288135593220339,1.8862016949152542,1.8906,1.79975,Hit,6,0.2711864406779661,0.5084745762711864,0.2033898305084746,0.29499999999999993,3,1,2.52784937427542,0.31,0.375,0.07012499999999999,1,Hit,0.6499999999999999,0.9584745762711865,59.0,12.0,4.0,0.3389830508474576,5.0,0.4166666666666667,0.8056181805215739,4.916666666666667,0.7457627118644068,0.7291818995865157,0.1842478740241028,1.08,0.2,0.2,1.0,0.8779999999999999,0.092,0.2,0.17504351028858464,0.21043210478311183,0.03538859449452715,1.705686228253991,9.4,0.19294325301703538,0.17578116536306476,0.8,5,0.3249521433385083,0.362,0.2599182563807321,5,0.38012799999999997,0.2761726136540334,0.18999999999999997,0.15252049042669644,5,0.217476,0.19093677708210122,0.15199999999999997,0.1530359434904101,5,0.202262,0.1752999075014017,-0.17200000000000001,-0.21000000000000002,-0.038000000000000006,-0.16265199999999996,-0.17786599999999997,-0.015214000000000005
4268,6,10,0,6,0,mid,mid_r5-8,3,2-4,0,3,0,2,2,-2,0,0,0,0,1,1,1,1,2,0.127450080831673,0,0.6635365721714221,0.5360864913397492,0,2,-2,0.7857007136314694,1.1480886155943142,1.098282565296786,0.17554703706477903,0.7857007136314694,0.16337508491021102,57,-0.615,-0.73,0.11499999999999999,-1.295,-1.2689473684210526,-1.67,1.055,0.375,0.6799999999999999,6,15,0.2631578947368421,1.8131245614035087,1.80582,1.60523,Hit,5,0.3508771929824561,0.5263157894736842,0.10526315789473684,0.11499999999999999,3,1,2.3090404173824206,0.625,0.075,-1.417615,1,Hit,-0.8,-0.09684210526315785,57.0,12.0,4.0,0.14035087719298245,1.0,0.08333333333333333,0.953915656078,4.75,0.9122807017543859,0.657269152619908,0.14386839375047225,0.6849999999999999,0.0,0.4,6.0,-0.967,0.352,0.4,0.1443190108420649,0.1731939252649645,0.028874914422899634,1.6976501181881616,4.8,0.10349650349650352,0.1779980655364644,0.8,5,0.2370201267503777,0.47300000000000003,0.1946663812783296,5,0.612773,0.22113781909139843,0.30099999999999993,0.16693561633156662,5,0.3950869999999998,0.08680587650038442,0.404,0.20662163487882865,5,0.5103349999999999,0.21886390451602572,-0.1720000000000001,-0.069,0.10300000000000009,-0.2176860000000002,-0.10243800000000014,0.11524800000000007
4506,4,6,0,10,0,mid,early_r9+,2,2-4,1,1,1,1,2,0,0,0,0,0,0,2,0,1,1,0.558180748683616,0,1.6839460611611052,1.1257653124774891,0,1,-1,1.1310296593639784,1.1310296593639784,0.41813449999999996,0.38074999999999903,1.1310296593639784,0.16337508491021102,49,-0.265,-0.445,0.18,-0.765,-0.7648979591836734,-1.13,0.8649999999999999,0.21499999999999997,0.5,3,25,0.5102040816326531,1.9213697959183673,1.93556,1.94288,Hit,6,0.16326530612244897,0.5714285714285714,0.24489795918367346,0.29500000000000004,6,1,2.4628799654481957,0.66,0.175,-1.23644,1,Hit,-2.22,-0.31785714285714284,49.0,10.0,4.0,0.30612244897959184,2.0,0.2,0.8384503898857723,4.9,0.7959183673469388,0.5507047183289068,0.11059026454708665,0.4958333333333334,0.0,0.6,6.0,-0.552,0.28700000000000003,0.6,0.030261329935600823,-0.2113605101376878,-0.24162184007328857,1.7514823648563378,4.8,-0.09818181818181816,0.0844942758422969,0.9,5,0.09499906811588124,0.28900000000000003,0.058459387612256095,5,0.189502,0.0754353410710127,0.23399999999999999,0.13083386411781928,5,0.1849579999999999,0.11961428471340699,0.349,0.21004166253388876,5,0.27558199999999994,0.25405030620430286,-0.05500000000000005,0.05999999999999994,0.11499999999999999,-0.0045440000000001035,0.08607999999999993,0.09062400000000004
722,3,9,1,7,1,mid,mid_r5-8,2,2-4,1,1,1,1,2,0,0,0,0,0,0,1,1,2,2,0.25216919463725096,0,0.4330482847951285,0.18087909015787756,0,1,-1,0.35936951982047916,0.35936951982047916,0.03471200000000001,0.17630000000000123,0.35936951982047916,0.16337508491021102,49,1.015,0.905,0.10999999999999988,0.465,0.44163265306122446,-0.085,1.0999999999999999,0.43000000000000005,0.5499999999999998,3,20,0.40816326530612246,1.7307122448979593,1.73851,1.73054,Hit,6,0.16326530612244897,0.5714285714285714,0.24489795918367346,0.2749999999999999,2,1,2.5058209053553293,0.275,0.44,0.14972999999999992,1,Hit,0.06499999999999995,0.9658163265306121,49.0,10.0,4.0,0.24489795918367346,2.0,0.2,0.9032363608821135,4.9,0.7551020408163265,0.5543120930216802,0.17120623312511507,0.7375,0.0,0.6,6.0,0.756,0.2589999999999999,0.6,0.25192474791141717,0.2328822474873072,-0.019042500424110004,1.6540591739833708,4.2,0.28242424242424236,0.24360006006151727,0.85,5,0.22126174393344764,0.1889999999999999,0.1687601848778319,5,0.17560099999999987,0.1789904397027953,0.30399999999999994,0.013416407864998722,5,0.32519299999999995,0.0180495407143783,0.2699999999999999,0.08944271909999163,5,0.28096599999999994,0.11694411915526157,0.11500000000000005,0.08100000000000002,-0.03400000000000003,0.14959200000000009,0.10536500000000007,-0.044227000000000016
8636,4,7,1,9,1,mid,early_r9+,2,2-4,0,2,0,2,2,-2,0,0,0,0,0,1,1,0,1,0.6122753947073158,0,1.8939659590657905,1.2816905643584746,0,2,-2,2.432377331070161,2.432377331070161,1.097276,0.5244999999999997,2.432377331070161,0.16337508491021102,53,0.945,0.775,0.16999999999999993,0.425,0.44716981132075473,0.19,0.7549999999999999,0.185,0.52,5,24,0.4528301886792453,1.7838333962264152,1.77809,1.65589,Hit,5,0.3018867924528302,0.5660377358490566,0.11320754716981132,0.22499999999999998,4,1,2.3929888570416535,0.265,0.375,0.11705499999999991,1,Hit,1.085,1.2567924528301884,53.0,11.0,4.0,0.33962264150943394,2.0,0.18181818181818182,0.8602522683406791,4.818181818181818,0.9245283018867925,0.40575260554951853,0.1197205870464823,0.44833333333333336,0.2,0.2,6.0,0.647,0.29799999999999993,0.2,-0.05640719086405458,-0.0762728385509945,-0.0198656476869399,1.6976723451105282,7.6,0.038181818181818185,0.008434431452046306,0.85,5,0.17545332748869014,0.3469999999999999,0.2336022260167912,5,0.3832959999999999,0.27248440217744574,0.34099999999999997,0.1254691197068028,5,0.36597999999999986,0.14391264915739685,0.313,0.19126552224590815,5,0.35774899999999993,0.2314100265870085,-0.00599999999999995,-0.03399999999999992,-0.02799999999999997,-0.017316000000000054,-0.025546999999999986,-0.008230999999999933
5832,6,7,1,9,1,mid,early_r9+,4,2-4,1,3,1,3,4,-2,0,0,0,0,1,3,1,3,3,0.2796359158493215,0,0.44920958935557026,0.16957367350624875,0,3,-3,0.4674129639260017,0.6130955099514219,0.4174011418193138,0.3637734691741548,0.6130955099514219,0.32675016982042204,69,1.02,0.895,0.125,0.235,0.23550724637681153,-0.635,1.655,0.515,0.785,6,16,0.2318840579710145,2.0504233333333333,2.04274,1.83292,Hit,6,0.34782608695652173,0.463768115942029,0.17391304347826086,0.42000000000000004,2,1,2.5760017556208834,0.29,0.4,0.10353999999999997,1,Hit,1.5550000000000002,2.699130434782609,69.0,14.0,4.0,0.21739130434782608,3.0,0.21428571428571427,0.8847838976504331,4.928571428571429,0.782608695652174,0.802715043547561,0.14998445585485629,1.1025,0.2,0.4,3.0,0.8440000000000001,0.17600000000000002,1.0,0.26322569956172415,0.3457191706182686,0.08249347105654445,1.8770609530078233,5.4,0.3230769230769231,0.22952784691145994,0.9,5,0.08438633109408115,0.33499999999999996,0.20606431034994876,5,0.37742899999999996,0.21941161071716328,0.31799999999999995,0.21695621678117455,5,0.3897379999999999,0.2553553143318149,0.259,0.07162401831787994,5,0.33696599999999993,0.07836454742101173,-0.017000000000000015,-0.07599999999999996,-0.05899999999999994,0.012308999999999959,-0.04046300000000003,-0.052771999999999986
7901,3,6,0,10,0,mid,early_r9+,4,2-4,2,2,2,2,4,0,0,0,0,0,1,2,2,3,3,0.31668062955602505,0,0.33303632738937017,0.016355697833345118,0,1,-1,0.4962778509706043,0.7558666225044337,0.21108158606389615,0.7644524936187991,0.7558666225044337,0.32675016982042204,65,-0.165,-0.29,0.12499999999999997,-0.71,-0.7160000000000001,-1.125,0.96,0.245,0.5449999999999999,5,26,0.4,2.0225956923076924,2.01633,2.02676,Draw,6,0.24615384615384617,0.46153846153846156,0.27692307692307694,0.12499999999999997,4,0,2.706759906889022,0.53,0.19,-1.17838,1,Draw,-1.58,0.015384615384615387,65.0,13.0,4.0,0.24615384615384617,4.0,0.3076923076923077,0.8182764190600904,5.0,0.6615384615384615,0.3455606130757527,0.1573128207757244,0.6716666666666666,0.2,0.2,3.0,-0.533,0.368,0.2,0.019221012392400313,0.12393268873027066,0.1047116763378703,1.8330060187652895,7.6,0.15769155139387753,-0.003945076140382805,0.7,5,0.30549395410894276,0.3429999999999999,0.17651487189469334,5,0.31729799999999997,0.16815398443837135,0.481,0.22072041138055173,5,0.4935859999999999,0.24865922344646693,0.40199999999999997,0.2272003521124032,5,0.39219799999999994,0.2210347940540131,0.13800000000000007,0.05900000000000005,-0.07900000000000001,0.17628799999999994,0.07489999999999997,-0.10138799999999998
6255,6,6,0,10,0,mid,early_r9+,2,2-4,0,2,0,2,2,-2,0,0,0,0,1,1,1,2,2,0.28815850369338497,0,0.43575859241557,0.14760008872218505,0,2,-2,0.6810644328992735,0.6810644328992735,0.15877855000000002,0.3012499999999996,0.6810644328992735,0.16337508491021102,53,-0.455,-0.55,0.09500000000000003,-0.95,-0.9184905660377359,-1.445,0.99,0.21999999999999997,0.49499999999999994,8,29,0.5471698113207547,1.973822830188679,1.97221,1.98191,Hit,5,0.3018867924528302,0.5660377358490566,0.11320754716981132,0.09500000000000003,5,1,2.6953461065517708,0.575,0.16,-1.445955,1,Hit,1.415,0.6416981132075471,53.0,11.0,4.0,0.18867924528301888,4.0,0.36363636363636365,0.8868939587902476,4.818181818181818,0.8301886792452831,0.3179907846313187,0.15280479185581652,0.4089999999999999,0.0,0.2,9.0,-0.6789999999999999,0.22400000000000003,0.6,0.052706996304802266,0.29812480674564834,0.24541781044084604,1.8362052496462833,6.2,0.39818181818181825,0.05268603162648224,0.85,5,0.26548221544483575,0.43499999999999994,0.11773911839316614,5,0.4315589999999999,0.16056115207297195,0.22599999999999998,0.1644460397820513,5,0.24314699999999995,0.17456616022299398,0.40599999999999997,0.10939606939922472,5,0.30662700000000004,0.11966884889143051,-0.20899999999999996,-0.02899999999999997,0.18,-0.18841199999999997,-0.12493199999999988,0.06348000000000009
6016,1,9,1,7,1,mid,mid_r5-8,6,5-8,2,4,2,4,6,-2,0,0,0,0,1,5,1,3,6,0.14956089832091632,0,0.42164858887467044,0.27208769055375415,0,3,-3,0.3508148240254359,0.4458108278738669,0.3279828263075252,0.41337827981429115,0.4458108278738669,0.490125254730633,85,0.525,0.015,0.51,-0.71,-0.7082352941176471,-1.805,2.33,0.8200000000000001,1.2349999999999999,1,1,0.011764705882352941,2.015802705882353,2.01762,1.79426,Freeze,6,0.3764705882352941,0.4,0.21176470588235294,0.51,1,0,2.4790427192317637,0.37,0.28,-0.37212999999999996,1,Freeze,2.265,1.9587647058823527,85.0,17.0,4.0,0.25882352941176473,5.0,0.29411764705882354,0.8072083542124124,5.0,0.7176470588235294,0.7806039642731252,0.1984545806052535,1.2490625,0.0,0.4,5.0,-0.024,0.549,0.6,0.4941572036138141,0.6305183626660575,0.1363611590522435,1.9270410354381162,8.0,0.5863692119070936,0.46326147821929925,0.85,5,0.13579515090244168,0.364,0.3323100961451517,5,0.429389,0.3952266306880143,0.616,0.013416407864998748,5,0.6849710000000001,0.06574867844679462,0.717,0.11524972885000641,5,0.872552,0.1567780464781342,0.252,0.353,0.10099999999999998,0.2555820000000001,0.443163,0.1875809999999999
9499,6,8,0,8,0,mid,mid_r5-8,2,2-4,1,1,1,1,2,0,0,0,0,0,0,2,0,0,2,0.767506770060695,0,1.0274086811702543,0.2599019111095593,0,1,-1,0.5323048641906235,0.5323048641906235,0.032989500000000005,0.2640999999999991,0.5323048641906235,0.16337508491021102,49,-0.44,-0.505,0.065,-0.81,-0.7953061224489797,-1.065,0.625,0.20500000000000007,0.37000000000000005,12,42,0.8571428571428571,1.817296530612245,1.81383,1.73966,Hit,6,0.16326530612244897,0.5714285714285714,0.24489795918367346,0.065,6,1,2.428073381850025,0.64,0.155,-1.30983,1,Hit,-1.525,-0.30255102040816334,49.0,10.0,4.0,0.24489795918367346,1.0,0.1,0.8853418203965727,4.9,0.7551020408163265,0.32756687515107274,0.11521957212145433,0.36,0.2,0.4,2.0,-0.64,0.2,0.4,0.04402073508564708,-0.05316359907234314,-0.09718433415799022,1.7058653874033332,5.8,-0.06424242424242424,0.047139350805719904,0.75,5,0.37303416335871825,0.21699999999999994,0.11914277149705729,5,0.269242,0.12680131316354726,0.17699999999999994,0.05826662852782885,5,0.265192,0.06705777309529455,0.254,0.181190507477627,5,0.2555859999999999,0.22888670738489805,-0.04000000000000001,0.03700000000000006,0.07700000000000007,-0.004049999999999998,-0.013656000000000057,-0.009606000000000059
7303,5,7,1,9,1,mid,early_r9+,3,2-4,1,2,1,1,2,0,0,0,0,0,1,2,0,1,2,0.33183178652247164,0,0.9732473478001388,0.6414155612776671,0,1,-1,0.801669185449145,1.0022320857992228,0.8538878389223278,0.20009292841077736,0.801669185449145,0.16337508491021102,53,1.125,0.985,0.14,0.505,0.5009433962264151,0.09,1.035,0.295,0.62,2,14,0.2641509433962264,1.8647652830188681,1.84673,1.84645,Hit,6,0.22641509433962265,0.5283018867924528,0.22641509433962265,0.375,2,1,2.5845364003398963,0.275,0.415,0.20177500000000004,1,Hit,0.15500000000000003,1.2361320754716982,53.0,11.0,4.0,0.22641509433962265,3.0,0.2727272727272727,0.9006513443680444,4.818181818181818,0.7735849056603774,0.6179059935457547,0.13496297988434885,0.6225,0.2,0.4,6.0,0.8099999999999999,0.315,0.4,0.06310010758064723,0.15057487098691033,0.08747476340626306,1.731250389474591,5.6,0.07008914700081655,0.05626811563491054,0.8,5,0.334281903708508,0.479,0.25187794663288804,5,0.484391,0.2645058945798751,0.349,0.26249761903682095,5,0.34185099999999996,0.24062371792905202,0.376,0.3007158126869952,5,0.381336,0.29037942593269245,-0.13,-0.10299999999999998,0.027000000000000024,-0.14254000000000006,-0.10305500000000001,0.03948500000000005
5203,3,7,1,9,1,mid,early_r9+,2,2-4,0,2,0,1,1,-1,0,0,0,0,0,0,1,0,1,1.079115905159868,0,,,0,1,-1,1.1183221329871817,1.1183221329871817,0.5571864999999999,0.04694999999999894,,0.08168754245510551,47,1.28,1.12,0.15999999999999992,0.595,0.6267021276595744,0.195,1.085,0.27749999999999997,0.685,3,11,0.23404255319148937,1.8029640425531916,1.80621,1.99038,Hit,5,0.2553191489361702,0.5957446808510638,0.1276595744680851,0.15999999999999992,3,1,2.708225797671543,0.275,0.46,0.28481,1,Hit,0.33000000000000007,0.8088297872340428,47.0,10.0,4.0,0.2553191489361702,2.0,0.2,0.9080951775907111,4.7,0.8936170212765957,0.49884570999810685,0.16688698459083776,0.5008333333333334,0.0,0.2,6.0,1.005,0.275,0.2,0.20900477918511745,0.4237485069588328,0.21474372777371536,1.7725544220033373,5.2,0.31636363636363635,0.1447721984366505,0.9,5,0.1578727167959356,0.45,0.15141003929726718,5,0.329114,0.16297686240690729,0.331,0.12406651441867789,5,0.25704199999999994,0.10907894478312491,0.35600000000000004,0.09126883367283704,5,0.26585200000000003,0.10243457836590143,-0.119,-0.09399999999999997,0.025000000000000022,-0.07207200000000008,-0.06326199999999998,0.008810000000000096
8478,6,6,0,10,0,mid,early_r9+,2,2-4,0,2,0,2,2,-2,0,0,0,0,0,0,2,2,2,0.20429838696377572,0,0.5661684109732706,0.3618700240094949,0,2,-2,0.45954753081264305,0.45954753081264305,0.108113,0.2027499999999982,0.45954753081264305,0.16337508491021102,53,-0.395,-0.46,0.065,-0.805,-0.7954716981132075,-1.135,0.74,0.17000000000000004,0.41000000000000003,8,38,0.7169811320754716,1.9346333962264155,1.92924,1.84092,Hit,5,0.3018867924528302,0.5660377358490566,0.11320754716981132,0.065,5,1,2.502685008874509,0.605,0.165,-1.3154599999999999,1,Hit,-0.895,0.14028301886792455,53.0,11.0,4.0,0.22641509433962265,1.0,0.09090909090909091,0.9164495386116689,4.818181818181818,0.8490566037735849,0.08681730224391987,0.14361520178623052,0.2437499999999999,0.0,0.4,6.0,-0.55,0.155,0.4,0.03757617565273121,-0.08523768970894514,-0.12281386536167634,1.8964146090947445,4.8,-0.19744065534403288,0.02297594314080001,0.85,5,0.21842681987463863,0.45899999999999996,0.12546911970680275,5,0.528524,0.13924228265868088,0.358,0.1584534631997673,5,0.44726200000000027,0.16845197986369884,0.40599999999999997,0.19768662069042509,5,0.4973380000000002,0.21426625926052859,-0.10099999999999998,-0.05299999999999999,0.04799999999999999,-0.08126199999999972,-0.03118599999999977,0.050075999999999954
9796,3,6,0,10,0,mid,early_r9+,3,2-4,2,1,2,1,3,1,0,0,0,0,1,1,2,3,3,0.08140638773192252,0,0.42725210605566494,0.34584571832374245,0,1,-1,0.34890858540448755,0.43594191919556763,0.16671146238355125,0.3342962857506305,0.43594191919556763,0.2450626273653165,55,-0.075,-0.11,0.035,-0.39,-0.395,-0.82,0.745,0.20999999999999996,0.315,17,50,0.9090909090909091,1.9010343636363638,1.89779,2.05654,PostGuard,6,0.14545454545454545,0.509090909090909,0.32727272727272727,0.035,6,0,2.739860781184438,0.55,0.245,-1.099685,0,Draw,0.925,0.2767272727272727,55.0,11.0,4.0,0.32727272727272727,4.0,0.36363636363636365,0.8106696903821347,5.0,0.7090909090909091,0.42760399736620575,0.11745301936382382,0.47000000000000003,0.0,0.0,18.0,-0.21000000000000002,0.135,0.8,0.14853912117724094,0.19511844746259366,0.04657932628535272,1.7544371169206383,6.4,0.14296154275267442,0.113630482320044,0.85,5,0.43453650946922884,0.142,0.17876660762010338,5,0.13544399999999995,0.15654481244998192,0.17999999999999994,0.11467344941179711,5,0.15512299999999998,0.10508195947687693,0.13499999999999995,0.0567890834580027,5,0.07889799999999994,0.07469575997002774,0.03799999999999995,-0.007000000000000034,-0.044999999999999984,0.01967900000000003,-0.05654600000000001,-0.07622500000000004
683,3,7,1,9,1,mid,early_r9+,5,5-8,3,2,3,2,5,1,0,0,0,0,1,2,3,3,4,0.12244039653643592,0,0.27146768746665123,0.14902729093021533,0,1,-1,0.349142526153718,0.5836135992931732,0.6450336350336084,0.3277157695320746,0.5836135992931732,0.40843771227552755,71,1.215,1.1,0.11499999999999999,0.62,0.6197887323943663,0.11,1.105,0.28500000000000003,0.5950000000000001,5,21,0.29577464788732394,1.9500050704225358,1.95816,2.07094,Draw,6,0.22535211267605634,0.4225352112676056,0.3380281690140845,0.13000000000000012,4,0,2.6904553579154338,0.3,0.39,0.23397500000000004,0,Draw,-1.305,1.018802816901408,71.0,15.0,4.0,0.2535211267605634,3.0,0.2,0.8635313399356799,4.733333333333333,0.7464788732394366,0.510723525993869,0.15606551623748885,0.77,0.4,0.4,2.0,1.1039999999999999,0.11100000000000006,0.4,0.18844187350510658,0.43874528408449553,0.250303410579389,1.751861858403916,3.6,0.3642857142857142,0.16373117498573148,0.75,5,0.12710860991762507,0.22700000000000004,0.2577692766797471,5,0.24177199999999996,0.2605685055700325,0.21800000000000005,0.18015965142062193,5,0.15523499999999996,0.16300138477172518,0.12900000000000006,0.1513439790675533,5,0.1259069999999999,0.13001319868574893,-0.00899999999999998,-0.09799999999999998,-0.089,-0.086537,-0.11586500000000005,-0.02932800000000005
2726,2,8,0,8,0,mid,mid_r5-8,4,2-4,3,1,2,1,3,1,0,0,0,0,1,2,1,3,3,0.07582134739299916,0,0.5003074824168171,0.42448613502381793,0,1,-1,0.4567360848321977,0.89616360183788,0.9330368064105908,0.36448917250722423,0.48986082099451794,0.2450626273653165,55,-0.2,-0.225,0.024999999999999994,-0.645,-0.625,-0.97,0.77,0.275,0.445,11,30,0.5454545454545454,1.7837125454545453,1.77795,1.94422,Draw,6,0.14545454545454545,0.509090909090909,0.32727272727272727,0.024999999999999994,6,0,2.6237206025055895,0.525,0.175,-1.1234350000000002,0,Hit,0.32,0.11709090909090909,55.0,11.0,4.0,0.2545454545454545,5.0,0.4545454545454545,0.7822594619374962,5.0,0.6909090909090909,0.32566272078706626,0.15908399726529238,0.41,0.2,0.8,12.0,-0.33199999999999996,0.132,0.6,0.060971387678570244,0.004315752250010796,-0.05665563542855946,1.606177340957823,4.2,0.10613765908249673,0.05879141509313677,0.8,5,0.39834811823030114,0.197,0.3054013752424832,5,0.22304899999999978,0.26754474164146824,0.22999999999999998,0.06284902544988268,5,0.25383299999999986,0.04091032901358777,0.24699999999999994,0.06987488819311267,5,0.2357079999999998,0.01989960508402114,0.032999999999999974,0.04999999999999993,0.01699999999999996,0.03078400000000009,0.012659000000000031,-0.018125000000000058
6629,5,9,1,7,1,mid,mid_r5-8,1,0-1,0,1,0,1,1,-1,0,0,0,0,1,1,0,0,1,0.7888428729633024,0,,,0,1,-1,,,,,,0.08168754245510551,43,0.92,0.77,0.15000000000000002,0.31,0.3505813953488372,-0.055,0.9750000000000001,0.23750000000000002,0.6100000000000001,6,13,0.3023255813953488,1.7416509302325582,1.75698,1.78426,Hit,5,0.18604651162790697,0.6511627906976745,0.13953488372093023,0.15000000000000002,2,1,2.530706590083887,0.32,0.445,0.02787000000000006,1,Hit,-0.039999999999999925,0.9617441860465116,43.0,9.0,4.0,0.18604651162790697,2.0,0.22222222222222224,0.9268480303713197,4.777777777777778,0.8604651162790697,0.59910086591962,0.13245875644026656,0.5158333333333334,0.2,0.6,6.0,0.737,0.18300000000000002,0.6,0.11403697123794101,0.3769461927004578,0.2629092214625169,1.6268523575296854,3.4,0.35666666666666663,0.1015776717351375,0.95,5,0.23500806985382186,0.45499999999999996,0.13901438774457847,5,0.446537,0.1881685084771094,0.23899999999999996,0.1352959718543017,5,0.185072,0.15445458497564907,0.375,0.2643151528005914,5,0.367645,0.25239023242788144,-0.216,-0.07999999999999996,0.13600000000000004,-0.26146500000000006,-0.07889200000000002,0.182573
4696,5,11,1,5,1,mid,mid_r5-8,2,2-4,0,2,0,2,2,-2,0,0,0,0,0,2,0,1,1,0.5694727382421388,0,1.4223981658101228,0.852925427567984,0,2,-2,1.8501238461035527,1.8501238461035527,0.8974195,0.22445000000000093,1.8501238461035527,0.16337508491021102,53,0.61,0.55,0.05999999999999994,0.195,0.17518867924528297,-0.265,0.875,0.25,0.415,8,38,0.7169811320754716,1.5730854716981133,1.56204,1.54852,Hit,5,0.3018867924528302,0.5660377358490566,0.11320754716981132,0.27499999999999997,3,1,2.1518959827166557,0.285,0.255,-0.16425999999999996,1,Hit,-0.12,1.2758490566037735,53.0,11.0,4.0,0.2641509433962264,3.0,0.2727272727272727,0.8772893492657922,4.818181818181818,0.8490566037735849,0.6992449441046679,0.09966629421221032,0.5906250000000001,0.6,0.8,6.0,0.532,0.07799999999999999,0.8,0.2257284880112504,0.3964607531329403,0.17073226512168996,1.475543019356836,3.6,0.4818181818181818,0.21938259906320973,0.9,5,0.09952933876814148,0.18299999999999997,0.10946460615194299,5,0.12390700000000003,0.11037602505752779,0.21999999999999997,0.1842213342694054,5,0.19745200000000002,0.20057361929600812,0.12499999999999997,0.18587630295441104,5,0.105023,0.17363818818163243,0.037000000000000005,-0.057999999999999996,-0.095,0.07354499999999999,-0.018884000000000026,-0.09242900000000001
2277,1,8,0,8,0,mid,mid_r5-8,3,2-4,2,1,2,1,3,1,0,0,0,0,1,2,1,2,3,0.06131070089968192,0,0.3989140027402539,0.33760330184057197,0,1,-1,0.36242107855746786,0.46254256271820776,0.01838604994832284,0.4238281805952338,0.46254256271820776,0.2450626273653165,55,-0.165,-0.22,0.05499999999999999,-0.525,-0.5171818181818181,-0.985,0.82,0.22750000000000004,0.36,19,44,0.8,1.8208045454545454,1.83837,1.89414,PostGuard,6,0.14545454545454545,0.509090909090909,0.32727272727272727,0.07499999999999998,6,0,2.551567312089496,0.535,0.175,-1.11207,1,PostGuard,0.835,0.2102727272727273,55.0,11.0,4.0,0.18181818181818182,1.0,0.09090909090909091,0.9172114832509493,5.0,0.7090909090909091,0.5851654653757752,0.11549268816377792,0.6116666666666666,0.0,0.2,6.0,-0.329,0.16399999999999998,0.2,0.10842811511481129,0.1701230244224349,0.06169490930762363,1.7174224220054086,5.4,0.07636363636363638,0.08506174617457378,0.85,5,0.3280030450299922,0.24900000000000003,0.04669047011971499,5,0.2745330000000001,0.037746985243857514,0.557,0.3020885631731198,5,0.5037240000000001,0.21246647504371136,0.23999999999999994,0.08007808689023485,5,0.205081,0.07732492995470483,0.30800000000000005,-0.009000000000000091,-0.3170000000000001,0.22919099999999998,-0.06945200000000007,-0.29864300000000005
1865,3,7,1,9,1,mid,early_r9+,3,2-4,2,1,2,1,3,1,0,0,0,0,1,2,1,1,3,0.43503057493699243,0,0.7494169998879134,0.314386424950921,0,1,-1,0.3280363648481075,0.587527445321382,0.2960860588650649,0.5205025541617349,0.587527445321382,0.2450626273653165,55,1.31,1.175,0.135,0.66,0.6496363636363637,0.16,1.1500000000000001,0.3125000000000001,0.65,3,13,0.23636363636363636,2.009596181818181,2.01057,2.02581,Hit,6,0.14545454545454545,0.509090909090909,0.32727272727272727,0.2250000000000001,4,1,2.7595061314668725,0.275,0.495,0.2970950000000001,1,Hit,-0.635,1.3608181818181817,55.0,11.0,4.0,0.2545454545454545,2.0,0.18181818181818182,0.8928309962321869,5.0,0.7454545454545455,0.5977074373747957,0.15099591157286732,0.5930952380952381,0.0,1.0,6.0,0.99,0.32,1.0,0.15242729947348727,0.25973850862117864,0.1073112091476914,1.9199453680421201,1.8,0.34181818181818185,0.1640514636424159,0.9,5,0.2259030832705479,0.523,0.18322117781522965,5,0.5064500000000001,0.19321241196543248,0.371,0.2958758185455513,5,0.3833520000000001,0.3076613180837006,0.41500000000000004,0.1997811302400705,5,0.38428300000000015,0.16875469877161942,-0.15200000000000002,-0.10799999999999998,0.04400000000000004,-0.12309799999999999,-0.12216699999999991,0.0009310000000000707
5332,3,10,0,6,0,mid,mid_r5-8,1,0-1,0,1,0,1,1,-1,0,0,0,0,1,1,0,1,1,0.4405254952817282,0,,,0,1,-1,,,,,,0.08168754245510551,43,-0.395,-0.565,0.16999999999999993,-1.17,-1.1051162790697673,-1.57,1.175,0.38249999999999984,0.7749999999999999,4,9,0.20930232558139536,1.5967774418604654,1.59408,1.5261,Hit,5,0.18604651162790697,0.6511627906976745,0.13953488372093023,0.16999999999999993,3,1,2.13251214929448,0.64,0.125,-1.15805,1,Hit,-1.335,-0.40313953488372095,43.0,9.0,4.0,0.18604651162790697,1.0,0.11111111111111112,0.9356756804813207,4.777777777777778,0.9069767441860466,0.748791318355954,0.13296395368635597,0.8124999999999998,0.4,1.0,6.0,-0.499,0.10399999999999995,1.0,0.31111574267504893,0.5361111159843199,0.22499537330927094,1.5600567334153197,3.0,0.5633333333333332,0.34121553618228045,0.9,5,0.22633834862303057,0.33599999999999997,0.18676188047886008,5,0.3436589999999998,0.22883934851768828,0.318,0.29029295547773803,5,0.29068499999999997,0.26535788604731536,0.21799999999999992,0.20129580224137805,5,0.26728799999999986,0.2488820405232165,-0.01799999999999996,-0.11800000000000005,-0.10000000000000009,-0.052973999999999855,-0.07637099999999997,-0.023397000000000112
6945,4,7,1,9,1,mid,early_r9+,5,5-8,2,3,2,3,5,-1,0,0,0,0,1,3,2,4,4,0.25419495475913895,0,0.307928040613388,0.053733085854249074,0,3,-3,0.3019450282747476,0.5863125980707953,0.19147474412189616,0.7123341873025616,0.5863125980707953,0.40843771227552755,75,0.38,0.375,0.0050000000000000044,-0.245,-0.22053333333333336,-0.865,1.245,0.4475,0.625,14,28,0.37333333333333335,2.0419176,2.03882,2.01881,Hit,6,0.32,0.4266666666666667,0.24,0.125,5,1,2.6929373837470822,0.435,0.3,-0.6008100000000001,0,Hit,1.395,2.436866666666667,75.0,15.0,4.0,0.25333333333333335,5.0,0.3333333333333333,0.7986859419005276,5.0,0.72,0.6039961246990283,0.1955028607033968,0.8834374999999998,0.2,0.6,3.0,0.30700000000000005,0.07300000000000001,0.4,0.20408097907278297,0.25190729168629006,0.047826312613507095,1.9063330433501775,5.0,0.30218883709967526,0.19839652571150973,0.8,5,0.2108339504960343,0.356,0.13092937027267795,5,0.35400299999999996,0.13629913048145245,0.314,0.23394443784796423,5,0.3224309999999999,0.25593137533331073,0.30399999999999994,0.26113693725706444,5,0.3143619999999999,0.2649886156658433,-0.04199999999999998,-0.052000000000000046,-0.010000000000000064,-0.031572000000000044,-0.03964100000000004,-0.008068999999999993
9501,0,11,1,5,1,mid,mid_r5-8,6,5-8,3,3,3,3,6,0,0,0,0,0,1,4,2,3,6,0.0921912652027831,0,0.23264662048489354,0.14045535528211045,0,1,-1,0.30937504925771264,0.3859316215617874,0.20944964072965463,0.5290818359825521,0.3859316215617874,0.490125254730633,81,1.525,1.025,0.5,0.535,0.5589506172839507,0.12,1.4049999999999998,0.32999999999999996,0.9899999999999999,1,2,0.024691358024691357,1.722987037037037,1.70862,1.92857,Hit,6,0.2962962962962963,0.3950617283950617,0.2962962962962963,0.5,2,1,2.6440210350333757,0.24,0.5,0.560715,1,Hit,2.4749999999999996,1.4560493827160494,81.0,17.0,4.0,0.20987654320987653,7.0,0.4117647058823529,0.8388711270953436,4.764705882352941,0.6790123456790124,0.5850131390445051,0.1423135865558081,0.8633333333333335,0.0,0.6,3.0,0.826,0.699,0.6,0.18732730312293117,0.3507997163656273,0.16347241324269607,1.733410598294748,4.6,0.38290416749916834,0.18165749543477916,0.75,5,0.1896426599483891,0.708,0.2795889840462245,5,0.6022540000000001,0.25940033448320765,1.028,0.3623637675044237,5,0.987523,0.40842089260957265,0.8219999999999998,0.17591190977304516,5,0.8020780000000001,0.18937715614614137,0.32000000000000006,0.11399999999999988,-0.20600000000000018,0.385269,0.199824,-0.18544499999999997
977,6,10,0,6,0,mid,mid_r5-8,4,2-4,3,1,3,1,4,2,0,0,0,0,1,3,1,2,2,0.1487795293995824,0,0.5583995058199821,0.4096199764203997,0,1,-1,0.6270598350846294,0.9845369424089175,1.179461449995534,0.13512940094590975,0.9845369424089175,0.32675016982042204,61,0.05,-0.03,0.08,-0.795,-0.6781967213114755,-1.24,1.29,0.465,0.8450000000000001,6,16,0.26229508196721313,1.743343606557377,1.73031,1.68449,Hit,6,0.13114754098360656,0.45901639344262296,0.39344262295081966,0.14,4,1,2.1277466343342857,0.6,0.215,-0.792245,1,Hit,-3.89,-0.3144262295081967,61.0,13.0,4.0,0.19672131147540983,3.0,0.23076923076923078,0.8955606876270521,4.6923076923076925,0.7377049180327869,0.6902866498642314,0.16916215835567555,0.9574999999999999,0.0,0.6,6.0,-0.1,0.15,0.6,0.3063177448743837,0.4728201688930268,0.16650242401864318,1.616078979935979,3.0,0.41208791208791207,0.38493814986744423,1.0,5,0.19287663073305086,0.215,0.07150174823037544,5,0.21475699999999992,0.110541531369436,0.19899999999999998,0.26449007542817177,5,0.21977199999999994,0.2783165759661109,0.207,0.11835328470304488,5,0.23932799999999999,0.1387460465022337,-0.016000000000000014,-0.008000000000000007,0.008000000000000007,0.0050150000000000194,0.024571000000000065,0.019556000000000046
1228,0,11,1,5,1,mid,mid_r5-8,5,5-8,3,2,3,2,5,1,0,0,0,0,1,3,2,1,4,0.14915711502975787,0,0.6803414523965153,0.5311843373667575,0,1,-1,0.45802599930680615,0.6428364031920945,0.3902926267256403,0.8284368591510155,0.6428364031920945,0.40843771227552755,71,1.36,1.235,0.125,0.25,0.30521126760563383,-0.2,1.56,0.39499999999999996,1.11,3,6,0.08450704225352113,2.1469469014084503,2.11999,2.11197,Draw,6,0.22535211267605634,0.4225352112676056,0.3380281690140845,0.18000000000000016,2,0,2.694880886495108,0.325,0.495,0.30401500000000015,1,Draw,-0.5499999999999998,0.9425352112676054,71.0,15.0,4.0,0.22535211267605634,5.0,0.3333333333333333,0.843975787005007,4.733333333333333,0.6619718309859155,0.7168511825239406,0.18831346199930785,1.4500000000000002,0.8,0.8,1.0,1.3350000000000002,0.025,0.8,0.22453365588479005,0.4918635021751177,0.26732984629032774,2.0050259068867406,2.2,0.48857142857142855,0.2485295287026966,0.9,5,0.06905951025466331,0.0,0.0,5,0.0,0.0,0.0,0.0,5,0.0,0.0,0.06100000000000002,0.08576129663198899,5,0.063691,0.08906521167099979,0.0,0.06100000000000002,0.06100000000000002,0.0,0.063691,0.063691
8219,0,14,0,2,0,late,late_r2-4,3,2-4,2,1,2,1,3,1,0,0,0,0,1,3,0,2,3,0.369443678361126,0,0.41993844787539986,0.05049476951427384,0,1,-1,0.29778222625939255,0.317712578288871,0.13377503623870435,0.2255245145580997,0.317712578288871,0.2450626273653165,55,-0.075,-0.24,0.16499999999999998,-1.055,-0.9687272727272728,-1.225,1.1500000000000001,0.10999999999999999,0.98,2,4,0.07272727272727272,0.6362979818181816,0.597913,1.07209,Hit,6,0.14545454545454545,0.509090909090909,0.32727272727272727,0.5850000000000001,1,1,1.5748235021952146,0.53,0.055,-0.611045,1,Hit,-1.3399999999999999,-0.18790909090909086,55.0,11.0,4.0,0.2,3.0,0.2727272727272727,0.8931938523302726,5.0,0.7454545454545455,0.5631866911292442,0.10425165685303606,0.8400000000000001,0.6,1.0,4.0,-0.14099999999999996,0.06599999999999999,1.0,0.3726384845963257,0.567995116380839,0.19535663178451332,0.6872966447005882,2.6,0.5847534313365707,0.3444908649179391,0.7,5,0.23343692336857377,0.1649999999999999,0.0,5,0.23772500000000002,0.0,0.2259999999999999,0.13640014662748723,5,0.286879,0.10991168536602472,0.09899999999999994,0.09037422198835235,5,0.142635,0.1302073449829156,0.061,-0.06599999999999996,-0.12699999999999995,0.049153999999999975,-0.09509000000000001,-0.14424399999999998
4456,4,12,0,4,0,late,late_r2-4,8,5-8,4,4,4,4,8,0,0,0,0,0,1,5,3,6,8,0.02680194400113338,0,0.3543413899179732,0.3275394459168398,0,3,-3,0.33828030167303663,0.4182427075817274,0.28548967009369625,0.5674784599436365,0.4182427075817274,0.6535003396408441,97,-1.2,-1.355,0.15500000000000003,-2.135,-2.082422680412371,-2.785,1.5850000000000002,0.3750000000000002,0.9349999999999998,5,16,0.16494845360824742,1.5298330927835049,1.4777,1.71464,Hit,6,0.32989690721649484,0.35051546391752575,0.30927835051546393,0.17500000000000004,2,1,2.435100382898279,0.73,0.04,-2.05732,1,Hit,-0.21499999999999997,0.6566494845360825,97.0,20.0,4.0,0.26804123711340205,10.0,0.5,0.7118295817719702,4.85,0.7010309278350515,0.5678234056975069,0.2098598923911807,1.485,0.6,0.6,1.0,-1.298,0.09800000000000005,0.6,0.31562717227476433,0.5154727340387915,0.19984556176402712,1.5231841458693407,4.2,0.5994847000925615,0.359184033097541,0.8,5,0.1824392433174984,0.316,0.1766493702224834,5,0.2702640000000002,0.15108216896775092,0.229,0.22919424076533867,5,0.16665700000000008,0.17290437579772241,0.14700000000000008,0.13419202658876575,5,0.14673600000000017,0.1339510286634636,-0.087,-0.16899999999999993,-0.08199999999999993,-0.10360700000000014,-0.12352800000000005,-0.01992099999999991
4153,2,14,0,2,0,late,late_r2-4,5,5-8,4,1,3,1,4,2,0,0,0,0,1,2,2,3,3,0.41046628855516626,0,0.5316829219337401,0.12121663337857386,0,1,-1,0.6223076691494733,1.150283171388661,1.132538738282166,0.6700709407219507,1.00118778890735,0.32675016982042204,61,0.465,-0.135,0.6000000000000001,-0.87,-0.8210655737704919,-1.305,1.77,0.355,1.335,1,1,0.01639344262295082,1.2458737540983604,1.29691,1.73746,Hit,6,0.13114754098360656,0.45901639344262296,0.39344262295081966,0.7250000000000001,1,1,2.1418957953391664,0.475,0.425,-0.40373,1,Hit,-2.045,-0.2726229508196722,61.0,13.0,4.0,0.22950819672131145,3.0,0.23076923076923078,0.8643800493900706,4.6923076923076925,0.7049180327868853,0.4836412294579485,0.19901377590528757,0.8699999999999999,0.6,0.8,5.0,0.199,0.266,0.8,0.4060315039847756,0.5222480825631124,0.11621657857833675,1.2401982192262753,3.2,0.6516483516483517,0.49680962195464246,0.85,5,0.13737897165758645,0.8600000000000001,0.0,5,0.5676749999999999,0.0,0.6000000000000001,0.0,5,0.48406000000000005,0.0,0.266,0.36712395726784164,5,0.241541,0.34141832706373576,-0.26,-0.5940000000000001,-0.3340000000000001,-0.08361499999999988,-0.3261339999999999,-0.24251900000000004
1759,1,14,0,2,0,late,late_r2-4,2,2-4,1,1,1,1,2,0,0,0,0,0,0,2,0,0,0,1.263914690513563,0,1.6486393090558031,0.38472461854224016,0,1,-1,1.2910775837400326,1.2910775837400326,0.561553,0.31840000000000046,1.2910775837400326,0.16337508491021102,49,-0.125,-0.135,0.010000000000000009,-1.5,-1.2639795918367347,-1.78,1.655,0.875,1.375,4,8,0.16326530612244897,0.9446250204081632,0.932255,1.24474,Hit,6,0.16326530612244897,0.5714285714285714,0.24489795918367346,0.195,2,1,1.3038243068721356,0.655,0.19,-0.74737,1,Hit,-2.06,-0.9660204081632655,49.0,10.0,4.0,0.2857142857142857,3.0,0.3,0.8711718686084697,4.9,0.7551020408163265,0.9153094737754751,0.13494482042473546,1.35,0.4,1.0,6.0,-0.131,0.006000000000000005,0.8,0.6787770165906696,0.7943674653738244,0.11559044878315479,0.933047710075563,1.8,0.8778801750868312,0.730148818349712,0.95,5,0.18901588620783769,0.195,0.0,5,0.2650150000000001,0.0,0.20600000000000002,0.2783522947633089,5,0.11778750000000002,0.15575633537917488,0.126,0.27061042108536765,5,0.12394799999999999,0.2621661829021813,0.01100000000000001,-0.069,-0.08000000000000002,-0.1472275000000001,-0.1410670000000001,0.0061604999999999716
9824,0,13,1,3,1,late,late_r2-4,5,5-8,1,4,1,4,5,-3,0,0,0,0,1,4,1,1,3,0.33473122408919165,0,0.7874643735998477,0.452733149510656,0,1,-1,0.5737280481693845,0.9245128827249534,1.0336715184879768,0.5520036217272477,0.9245128827249534,0.40843771227552755,79,1.51,1.485,0.02499999999999991,-0.395,-0.26284810126582275,-1.445,2.955,0.36749999999999994,1.905,2,2,0.02531645569620253,1.65421746835443,1.66925,1.38199,Hit,6,0.4050632911392405,0.43037974683544306,0.1518987341772152,0.795,1,1,2.0390732268591094,0.17,0.59,0.819005,1,Hit,-0.365,0.5368987341772152,79.0,16.0,4.0,0.1518987341772152,3.0,0.1875,0.9127144912099666,4.9375,0.7848101265822784,0.7552598766572088,0.21837474664902548,1.7131666666666667,0.4,1.0,6.0,1.495,0.014999999999999947,1.0,0.3881769948162318,0.5456608280563595,0.15748383324012766,1.6239598901434829,2.0,0.508235294117647,0.3894743819524683,0.95,5,0.07375468025617525,0.0249999999999999,0.0,5,0.0445999999999998,0.0,0.569,0.5423951511582676,5,0.610815,0.5768482279053132,0.01499999999999994,0.013693063937629098,5,0.026759999999999878,0.024428426064730297,0.544,-0.00999999999999996,-0.554,0.5662150000000002,-0.017839999999999922,-0.5840550000000001
713,2,12,0,4,0,late,late_r2-4,3,2-4,2,1,2,1,3,1,0,0,0,0,1,1,2,1,2,0.3903776011620039,0,0.6379518322890823,0.24757423112707838,0,1,-1,0.9695059882146159,1.0738673197677786,0.6408638682655016,0.6594101000136393,1.0738673197677786,0.2450626273653165,55,0.14,0.09,0.05000000000000002,-0.82,-0.7231818181818181,-1.18,1.3199999999999998,0.5599999999999999,0.96,5,11,0.2,1.5673465454545457,1.58208,1.63107,Hit,6,0.14545454545454545,0.509090909090909,0.32727272727272727,0.15500000000000003,3,1,2.0825851600091996,0.56,0.235,-0.675535,1,Hit,-2.79,-0.38000000000000006,55.0,11.0,4.0,0.21818181818181817,1.0,0.09090909090909091,0.913548947746742,5.0,0.7272727272727273,0.7958001507264251,0.1493262737757437,0.9891666666666665,0.6,0.8,6.0,0.078,0.06200000000000001,1.0,0.29288491039208,0.5348754047107589,0.24199049431867897,1.5191016111695756,3.8,0.5890909090909091,0.35104664522706885,0.95,5,0.12644585105282802,0.396,0.25080869203438705,5,0.36817200000000005,0.26144850438470674,0.341,0.172169974153451,5,0.24815399999999993,0.11838282790379692,0.213,0.16585385132700417,5,0.19703799999999994,0.15499317717241617,-0.05499999999999999,-0.18300000000000002,-0.12800000000000003,-0.12001800000000012,-0.17113400000000012,-0.051115999999999995
6477,0,14,0,2,0,late,late_r2-4,5,5-8,2,3,1,2,3,-1,0,0,0,0,1,1,2,1,1,0.2841373575737618,0,1.5709357808643865,1.2867984232906247,0,2,-2,0.6121283538605273,1.3063418961078455,1.6488311494783934,0.6862530099023233,1.717532019366167,0.2450626273653165,63,-1.055,-1.11,0.05500000000000016,-2.405,-2.220793650793651,-2.91,1.8550000000000002,0.8425,1.3499999999999999,8,11,0.1746031746031746,0.708998984126984,0.659621,1.22555,Hit,6,0.31746031746031744,0.47619047619047616,0.19047619047619047,0.05500000000000016,3,1,1.5080670429338199,0.76,0.0,-1.5704075000000002,0,Freeze,-1.94,-1.0416666666666667,63.0,13.0,4.0,0.25396825396825395,4.0,0.3076923076923077,0.8570430596095366,4.846153846153846,0.8412698412698413,0.7030217733950743,0.27990393678238473,1.4891666666666667,0.4,1.0,6.0,-1.135,0.08000000000000007,1.0,0.8504124686511565,0.8970416693540809,0.04662920070292435,0.6118656041217303,1.4,0.8094607319799664,0.8496601006522108,1.0,5,0.07522658619859683,0.0,0.0,5,0.0973674999999996,0.0,0.1660000000000001,0.01341640786499875,5,0.32839449999999987,0.08041347660684746,0.11200000000000002,0.1022619186207652,5,0.22594649999999974,0.15312236089154332,0.1660000000000001,0.11200000000000002,-0.054000000000000076,0.23102700000000026,0.12857900000000017,-0.10244800000000012
3395,3,14,0,2,0,late,late_r2-4,1,0-1,0,1,0,1,1,-1,0,0,0,0,1,1,0,1,1,0.22081625842315067,0,,,0,1,-1,,,,,,0.08168754245510551,43,-0.315,-0.465,0.15000000000000002,-1.76,-1.4193023255813955,-1.935,1.62,0.9175,1.445,2,7,0.16279069767441862,0.6150805813953488,0.433013,0.91966,Hit,5,0.18604651162790697,0.6511627906976745,0.13953488372093023,0.29,2,1,1.1750579230422522,0.63,0.0,-0.77483,1,Hit,-1.245,-0.8566279069767444,43.0,9.0,4.0,0.20930232558139536,2.0,0.22222222222222224,0.9227751839431717,4.777777777777778,0.8604651162790697,0.8773490403766224,0.14984202313529402,1.2283333333333335,0.8,1.0,6.0,-0.345,0.030000000000000006,1.0,0.7696197324351788,0.9174633158629714,0.14784358342779275,0.6411289349719269,1.4,0.8423305409969206,0.7763228665264451,1.0,5,0.027829914898204088,0.3949999999999999,0.0,5,0.5648350000000001,0.0,0.4159999999999999,0.11502173707608489,5,0.565162,0.10943099375862389,0.32999999999999996,0.27117798583218367,5,0.38874080000000005,0.3249409240703609,0.02100000000000002,-0.06499999999999995,-0.08599999999999997,0.0003269999999999662,-0.17609420000000003,-0.1764212
6777,6,13,1,3,1,late,late_r2-4,4,2-4,1,3,1,3,4,-2,0,0,0,0,1,3,1,2,3,0.15914401440519557,0,0.4796671956326472,0.3205231812274516,0,1,-1,0.6382419589391567,0.8229652514387314,0.7248051891064363,0.37809551951193504,0.8229652514387314,0.32675016982042204,69,0.785,0.66,0.125,-0.215,-0.1668840579710145,-0.96,1.745,0.48,1.0,3,8,0.11594202898550725,1.4966717391304347,1.49792,1.52275,Draw,6,0.34782608695652173,0.463768115942029,0.17391304347826086,0.34500000000000003,2,0,2.2030811475604466,0.285,0.355,0.023625000000000007,1,Draw,0.395,0.6721739130434782,69.0,14.0,4.0,0.30434782608695654,5.0,0.35714285714285715,0.8185397475351918,4.928571428571429,0.7536231884057971,0.45538411206128837,0.25050145594417333,1.4,0.4,0.8,3.0,0.6280000000000001,0.15700000000000003,0.8,0.4462432744085961,0.6540598292746862,0.2078165548660901,1.3836711362906668,2.0,0.6632967032967033,0.4406605984100061,0.95,5,0.1312659981984676,0.0,0.0,5,0.0,0.0,0.352,0.36716140864747754,5,0.332102,0.34129425329545177,0.347,0.17049926686059383,5,0.34491499999999997,0.1363828244318177,0.352,0.347,-0.0050000000000000044,0.332102,0.34491499999999997,0.012812999999999963
3213,1,13,1,3,1,late,late_r2-4,3,2-4,1,2,1,2,3,-1,0,0,0,0,1,3,0,0,3,0.758065892097118,0,0.954524284961098,0.19645839286397992,0,2,-2,0.6611866852311002,0.7083406301824525,0.5360490555828906,0.19025374284535704,0.7083406301824525,0.2450626273653165,59,0.145,0.12,0.024999999999999994,-0.725,-0.6433050847457626,-1.37,1.5150000000000001,0.625,0.87,10,15,0.2542372881355932,1.4931142372881356,1.53506,1.18067,Hit,6,0.2711864406779661,0.5084745762711864,0.2033898305084746,0.024999999999999994,2,1,1.5272844760000845,0.39,0.035,-0.44533500000000004,1,Hit,1.055,0.9427966101694916,59.0,12.0,4.0,0.23728813559322032,3.0,0.25,0.8870290787850335,4.916666666666667,0.7288135593220338,0.8434709256578877,0.16215904932890543,1.2110714285714286,0.0,0.8,6.0,0.11399999999999999,0.030999999999999993,0.8,0.49878493057716045,0.6120134982490866,0.1132285676719261,1.4547002897883528,2.8,0.6027972027972028,0.5118885066333245,0.9,5,0.12121960818646912,0.0,0.0,5,0.0,0.0,0.22399999999999998,0.2762562216493956,5,0.250364,0.3032047120634836,0.09199999999999992,0.12255610959882829,5,0.22661999999999996,0.16642893149179325,0.22399999999999998,0.09199999999999992,-0.13200000000000006,0.250364,0.22661999999999996,-0.023744000000000015
996,0,13,1,3,1,late,late_r2-4,2,2-4,0,2,0,2,2,-2,0,0,0,0,1,1,1,1,1,0.4043026060564071,0,1.8087237562436114,1.4044211501872041,0,2,-2,1.691131007623005,1.691131007623005,0.810106,0.24230000000000018,1.691131007623005,0.16337508491021102,53,0.765,0.735,0.030000000000000027,-0.075,-0.1329245283018868,-0.875,1.6400000000000001,0.63,0.84,6,8,0.1509433962264151,1.295140754716981,1.29591,1.02945,Hit,5,0.3018867924528302,0.5660377358490566,0.11320754716981132,0.05500000000000005,2,1,1.5647461469590858,0.205,0.205,0.250275,1,Hit,-0.16000000000000003,0.7888679245283018,53.0,11.0,4.0,0.20754716981132076,2.0,0.18181818181818182,0.9011310918709434,4.818181818181818,0.8867924528301888,0.882637745062371,0.13302585467400874,1.3566666666666667,0.6,1.0,6.0,0.753,0.01200000000000001,1.0,0.5893717862413161,0.8170851051144309,0.22771331887311472,1.2493076879998017,1.8,0.7981818181818182,0.5761134212640473,1.0,5,0.07853592229094516,0.5700000000000001,0.0,5,0.73479,0.0,0.08499999999999999,0.11407234546549833,5,0.12564400000000003,0.12179774486828565,0.016999999999999998,0.024899799195977464,5,0.035828,0.05639204981644136,-0.4850000000000001,-0.553,-0.06799999999999999,-0.609146,-0.6989620000000001,-0.08981600000000003
9056,0,12,0,4,0,late,late_r2-4,3,2-4,2,1,2,1,3,1,0,0,0,0,1,3,0,1,3,0.32184652883981874,0,0.7202921272400522,0.39844559840023347,0,1,-1,0.4735886782842677,0.5155138709870293,0.3402162924966802,0.18134453396780267,0.5155138709870293,0.2450626273653165,55,0.215,0.085,0.13,-0.9,-0.808090909090909,-1.285,1.5,0.485,1.115,3,9,0.16363636363636364,1.5304441818181818,1.52446,1.77729,Hit,6,0.14545454545454545,0.509090909090909,0.32727272727272727,0.235,3,1,2.153617707240621,0.58,0.265,-0.673645,1,Hit,-2.705,-0.30472727272727285,55.0,11.0,4.0,0.18181818181818182,3.0,0.2727272727272727,0.8920156074384753,5.0,0.7090909090909091,0.7518881190248553,0.18194470595162213,1.2349999999999999,0.0,1.0,6.0,0.043000000000000003,0.172,0.6,0.3737291584796026,0.5795867157428263,0.2058575572632237,1.4768747449436272,2.6,0.6945454545454546,0.48604804670942797,0.85,5,0.13976262135807535,0.27899999999999997,0.16187958487715484,5,0.18142099999999992,0.12753213577369432,0.311,0.11876447280226521,5,0.1679089999999999,0.0878868916135962,0.363,0.12517987058628877,5,0.27244899999999994,0.09546443613985259,0.03200000000000003,0.08400000000000002,0.05199999999999999,-0.013512000000000024,0.09102800000000003,0.10454000000000005
5757,6,13,1,3,1,late,late_r2-4,2,2-4,0,2,0,2,2,-2,0,0,0,0,0,1,1,1,2,0.41404919941475676,0,1.2068360270662288,0.792786827651472,0,2,-2,1.3750307704487945,1.3750307704487945,0.023895500000000014,0.6871000000000009,1.3750307704487945,0.16337508491021102,53,0.315,0.305,0.010000000000000009,-0.535,-0.4311320754716982,-1.005,1.3199999999999998,0.6,0.8500000000000001,7,16,0.3018867924528302,1.46080641509434,1.47458,1.35859,Hit,5,0.3018867924528302,0.5660377358490566,0.11320754716981132,0.030000000000000027,3,1,1.860236461174945,0.4,0.215,-0.35392,0,Hit,0.505,0.9498113207547167,53.0,11.0,4.0,0.2830188679245283,2.0,0.18181818181818182,0.8800157161766569,4.818181818181818,0.8113207547169811,0.835462237829897,0.1438591870256595,1.075,0.4,0.6,4.0,0.254,0.061,0.6,0.4658140737082629,0.6096916044932567,0.1438775307849937,1.3624236554356686,3.2,0.6510459211894141,0.4861963618455493,0.9,5,0.2912424869072002,0.34,0.0,5,0.41847,0.0,0.421,0.17717928772856043,5,0.397927,0.15429667011150958,0.10400000000000001,0.13939153489362258,5,0.10722399999999992,0.17503020901404426,0.08099999999999996,-0.23600000000000002,-0.31699999999999995,-0.020543000000000033,-0.3112460000000001,-0.29070300000000004
4462,2,13,1,3,1,late,late_r2-4,6,5-8,3,3,3,3,6,0,0,0,0,0,1,4,2,4,6,0.10566637258092136,0,0.28395762724012413,0.17829125465920276,0,1,-1,0.337391351347378,0.41296298024840317,0.3850483264816235,0.3647490495760985,0.41296298024840317,0.490125254730633,81,1.04,0.92,0.12,0.09,0.11907407407407407,-0.39,1.4300000000000002,0.195,0.9500000000000001,3,5,0.06172839506172839,1.36754987654321,1.34447,1.67583,Hit,6,0.2962962962962963,0.3950617283950617,0.2962962962962963,0.575,1,1,2.3164936911035787,0.31,0.385,0.20208500000000007,1,Hit,0.495,0.8716666666666667,81.0,17.0,4.0,0.14814814814814814,5.0,0.29411764705882354,0.8884462989210846,4.764705882352941,0.7160493827160493,0.3309813312309039,0.1714816486015192,0.8029545454545455,0.2,0.4,6.0,0.518,0.522,0.4,0.23452853269301213,0.5546605205550034,0.32013198786199115,1.2895610735012304,6.2,0.4505614481370085,0.24165374954917657,0.85,5,0.14203221645979533,0.295,0.0,5,0.3274250000000001,0.0,0.20299999999999999,0.05142956348249516,5,0.213293,0.06380172760200153,0.53,0.364417343165772,5,0.49362400000000006,0.32264876081429483,-0.092,0.23500000000000004,0.32700000000000007,-0.11413200000000007,0.16619899999999999,0.28033100000000005
7071,0,14,0,2,0,late,late_r2-4,3,2-4,1,2,1,2,3,-1,0,0,0,0,1,2,1,2,2,0.11655065941040357,0,0.5869421133301069,0.4703914539197034,0,1,-1,0.5566339508528148,0.9648878806208292,0.8256972017919443,0.2728141532659604,0.9648878806208292,0.2450626273653165,59,-0.02,-0.395,0.375,-0.765,-0.8658474576271187,-2.46,2.44,0.26,0.745,1,3,0.05084745762711865,0.9495143220338985,0.933595,1.47973,Hit,6,0.2711864406779661,0.5084745762711864,0.2033898305084746,0.415,2,1,2.0508847119969467,0.45,0.13,-0.759865,1,Hit,-0.795,-0.06771186440677966,59.0,12.0,4.0,0.20338983050847456,4.0,0.3333333333333333,0.8361481709094314,4.916666666666667,0.7457627118644068,0.7988721558322798,0.14808040249902982,2.125,0.6,0.6,2.0,-0.17,0.15,0.6,0.43138682721936467,0.6834433575118587,0.2520565302924941,0.9361066840694129,4.2,0.6258514496836064,0.48448727962880306,0.75,5,0.17413245427005775,0.375,0.0,5,0.3578000000000001,0.0,0.375,0.0,5,0.3578000000000001,0.0,0.15,0.2053959590644373,5,0.14312000000000005,0.1959751310753485,0.0,-0.225,-0.225,0.0,-0.21468000000000007,-0.21468000000000007
6191,5,14,0,2,0,late,late_r2-4,1,0-1,0,1,0,1,1,-1,0,0,0,0,0,0,1,1,1,0.28703810287137715,0,,,0,1,-1,,,,,,0.08168754245510551,43,0.035,-0.045,0.08,-1.67,-1.287325581395349,-1.935,1.97,1.1975,1.7049999999999998,3,10,0.23255813953488372,0.6461866744186047,0.44,1.17208,Draw,5,0.18604651162790697,0.6511627906976745,0.13953488372093023,0.08,3,0,1.5117512734278713,0.4,0.0,-0.55104,1,Draw,-0.725,-0.9756976744186047,43.0,9.0,4.0,0.18604651162790697,2.0,0.22222222222222224,0.9145425818519562,4.777777777777778,0.8604651162790697,0.9512777398691037,0.12211207443219067,1.815,0.2,1.0,4.0,-0.187,0.22200000000000003,1.0,0.8549259459059313,0.9213027507968015,0.06637680489087013,0.5772276968512149,1.0,0.7799208402284746,0.8429780908944814,0.9,5,0.03239634638293112,0.41,0.0,5,0.3993650000000001,0.0,0.068,0.06534523701081817,5,0.06169499999999998,0.059132825274968846,0.292,0.13311649033834985,5,0.317461,0.15013827253568615,-0.34199999999999997,-0.118,0.22399999999999998,-0.3376700000000001,-0.08190400000000009,0.255766
8075,7,14,0,2,0,late,late_r2-4,3,2-4,2,1,2,1,3,1,0,0,0,0,1,3,0,1,1,0.30400949333657407,0,1.4834903302684534,1.1794808369318794,0,1,-1,0.7743977401826553,0.946427917799833,0.6253709126765864,0.30650640377577126,0.946427917799833,0.2450626273653165,55,0.0,-0.07,0.07,-1.76,-1.4609090909090914,-1.88,1.88,0.6375000000000002,1.76,2,5,0.09090909090909091,0.6715546000000001,0.511468,1.43178,Hit,6,0.14545454545454545,0.509090909090909,0.32727272727272727,0.79,1,1,1.472399143197567,0.64,0.175,-0.71589,1,Hit,-2.94,-0.9486363636363636,55.0,11.0,4.0,0.16363636363636364,2.0,0.18181818181818182,0.9193109446889467,5.0,0.7818181818181819,0.8868165199361956,0.14255435652617893,1.5683333333333334,0.2,1.0,6.0,-0.1,0.1,1.0,0.704483495457986,0.6983260141530504,-0.006157481304935586,0.664294747545602,1.2,0.728714627000652,0.678306697323048,0.85,5,0.09693218202855536,0.0,0.0,5,0.0,0.0,0.042,0.03834057902536163,5,0.01775399999999988,0.016207110476577757,0.203,0.3378905148121208,5,0.16115399999999985,0.31099141697159427,0.042,0.203,0.161,0.01775399999999988,0.16115399999999985,0.14339999999999997
1243,4,12,0,4,0,late,late_r2-4,3,2-4,2,1,2,1,3,1,0,0,0,0,1,3,0,1,2,0.255611696633781,0,1.1316251657081529,0.8760134690743718,0,1,-1,0.9027112380733958,0.9611966395484686,0.5584206516620482,0.36999753452632095,0.9611966395484686,0.2450626273653165,55,0.33,0.215,0.11500000000000002,-1.06,-0.8618181818181817,-1.47,1.8,0.37250000000000005,1.3900000000000001,2,9,0.16363636363636364,1.5219534545454547,1.51165,1.76099,Hit,6,0.14545454545454545,0.509090909090909,0.32727272727272727,0.11500000000000002,2,1,2.2350739612506274,0.525,0.26,-0.550495,1,Hit,-2.62,-0.4153636363636363,55.0,11.0,4.0,0.2545454545454545,3.0,0.2727272727272727,0.8743845871041754,5.0,0.7818181818181819,0.8038771376013807,0.17186111360377543,1.51,0.2,1.0,6.0,0.2,0.13,0.8,0.44395310999457854,0.6434961896580051,0.19954307966342666,1.4573644146321278,2.2,0.6545454545454545,0.46370632614153606,0.9,5,0.14168785738026862,0.34199999999999997,0.14562795061388456,5,0.26132200000000005,0.09761870553331467,0.308,0.18099033123346672,5,0.22989600000000002,0.13380636879461308,0.304,0.3897659554142716,5,0.25245700000000004,0.31735329964410325,-0.033999999999999975,-0.03799999999999998,-0.0040000000000000036,-0.03142600000000004,-0.008865000000000012,0.022561000000000025
6930,3,12,0,4,0,late,late_r2-4,4,2-4,2,2,2,2,4,0,0,0,0,0,1,3,1,1,3,0.4214951810887027,0,0.6112306673621659,0.1897354862734632,0,1,-1,0.40860690147867434,0.696657096855833,0.5769274661361252,0.5442071985925947,0.696657096855833,0.32675016982042204,65,0.315,0.235,0.08000000000000002,-0.315,-0.29507692307692307,-1.47,1.785,0.33,0.63,5,20,0.3076923076923077,1.6278933846153845,1.60405,1.84276,Draw,6,0.24615384615384617,0.46153846153846156,0.27692307692307694,0.155,5,0,2.4993248232179965,0.47,0.28,-0.6063799999999999,1,Draw,-0.8050000000000002,0.2465384615384615,65.0,13.0,4.0,0.24615384615384617,5.0,0.38461538461538464,0.815336944789036,5.0,0.6923076923076923,0.40579195994470413,0.1973169223242492,0.9825000000000002,0.4,0.6,3.0,0.172,0.14300000000000002,0.6,0.21981120709457466,0.36761171880645443,0.14780051171187975,1.5643164641489895,5.8,0.2897139681417661,0.22629649128078205,0.8,5,0.21591951878502685,0.476,0.7757850862191151,5,0.41891,0.7089442953346193,0.985,0.6909775683768613,5,0.8589630000000001,0.6671975511851794,0.369,0.3034262678147691,5,0.345301,0.26807421478016125,0.509,-0.10699999999999998,-0.616,0.44005300000000014,-0.07360899999999998,-0.5136620000000001
8964,0,13,1,3,1,late,late_r2-4,9,9-12,4,5,4,5,9,-1,0,0,0,0,1,4,5,4,8,0.038937212680033105,0,0.33200730394977723,0.29307009126974415,0,1,-1,0.30037552547917296,0.46168526263401666,0.39204343740025877,0.658181449333626,0.46168526263401666,0.7351878820959495,107,0.295,0.125,0.16999999999999998,-1.265,-1.1607476635514018,-1.74,2.035,0.2549999999999999,1.5599999999999998,2,3,0.028037383177570093,1.4058149719626165,1.38261,1.89947,Hit,6,0.37383177570093457,0.3364485981308411,0.2803738317757009,0.51,1,1,2.5658900698373275,0.44,0.305,-0.6547350000000001,1,Hit,0.415,-0.011962616822429906,107.0,22.0,4.0,0.20560747663551399,10.0,0.4545454545454545,0.7757675879104887,4.863636363636363,0.6728971962616822,0.5985276523879487,0.21050029876863605,1.95,0.4,1.0,2.0,0.19299999999999998,0.10200000000000001,1.0,0.29638672949274486,0.34358385390707735,0.04719712441433246,1.4684955144630174,1.6,0.3854179040966804,0.3065455688759884,0.8,5,0.15402122488761746,1.335,0.0,5,1.1366649999999998,0.0,1.2239999999999998,0.10132867313845573,5,1.0913109999999997,0.041402348121815535,0.254,0.2789802860418636,5,0.2084199999999999,0.2322534024239472,-0.11100000000000021,-1.081,-0.9699999999999998,-0.045354000000000116,-0.9282449999999999,-0.8828909999999998
9257,2,12,0,4,0,late,late_r2-4,1,0-1,0,1,0,1,1,-1,0,0,0,0,0,1,0,0,1,0.9230498666058073,0,,,0,1,-1,,,,,,0.08168754245510551,43,-0.46,-0.5,0.03999999999999998,-1.2,-1.1433720930232558,-1.47,1.01,0.24250000000000016,0.74,5,8,0.18604651162790697,1.4115911627906976,1.41449,1.2839,Hit,5,0.18604651162790697,0.6511627906976745,0.13953488372093023,0.35999999999999993,2,1,1.7734098851904663,0.705,0.125,-1.09161,0,Hit,-1.395,-0.7204651162790697,43.0,9.0,4.0,0.18604651162790697,2.0,0.22222222222222224,0.9247168519664231,4.777777777777778,0.8604651162790697,0.7614965558340366,0.1223848578562003,0.7108333333333333,0.4,1.0,6.0,-0.521,0.061,1.0,0.2608823292364158,0.5299576476735992,0.26907531843718335,1.3288381966401837,1.2,0.5333333333333333,0.2959094496866238,0.9,5,0.15532480101704035,0.30799999999999994,0.18308467986153296,5,0.28607400000000005,0.2735992622066075,0.09499999999999997,0.11313708498984762,5,0.06148600000000004,0.07487616029151073,0.060999999999999964,0.09383496150156403,5,0.032622,0.06160187026381586,-0.21299999999999997,-0.24699999999999997,-0.03400000000000001,-0.224588,-0.25345200000000007,-0.028864000000000042
2334,0,13,1,3,1,late,late_r2-4,1,0-1,0,1,0,1,1,-1,0,0,0,0,0,0,1,1,1,0.397152410090887,0,,,0,1,-1,,,,,,0.08168754245510551,43,1.02,1.0,0.020000000000000018,-0.17,0.0006976744186046499,-0.46,1.48,0.41,1.19,2,4,0.09302325581395349,1.2913609302325582,1.33233,1.14,Hit,5,0.18604651162790697,0.6511627906976745,0.13953488372093023,0.51,1,1,1.5854855782545418,0.21,0.45,0.45000000000000007,1,Hit,0.06500000000000006,0.49674418604651155,43.0,9.0,4.0,0.20930232558139536,1.0,0.11111111111111112,0.9391027838601241,4.777777777777778,0.8837209302325582,0.8527561553701689,0.12366452442085549,1.0675,0.6,1.0,6.0,1.012,0.008000000000000007,1.0,0.4628419342812495,0.596334736811353,0.13349280253010343,1.218984405986052,2.0,0.5999999999999999,0.4490290748190092,1.0,5,0.18336690488860338,0.51,0.0,5,0.533695,0.0,0.38,0.12041594578792295,5,0.419126,0.10712384709998053,0.10800000000000001,0.13899640283115244,5,0.12376300000000003,0.16539565394834288,-0.13,-0.402,-0.272,-0.11456900000000003,-0.409932,-0.295363
1006,4,12,0,4,0,late,late_r2-4,2,2-4,0,2,0,2,2,-2,0,0,0,0,1,2,0,0,2,0.625204040102911,0,1.131802821417669,0.506598781314758,0,2,-2,1.077119200610587,1.077119200610587,0.336491,0.420499999999997,1.077119200610587,0.16337508491021102,53,-1.05,-1.09,0.040000000000000036,-1.645,-1.582924528301887,-2.12,1.07,0.5450000000000002,0.595,15,22,0.41509433962264153,1.684523773584906,1.69222,1.81039,Draw,5,0.3018867924528302,0.5660377358490566,0.11320754716981132,0.040000000000000036,3,0,2.406115592790119,0.66,0.055,-1.8398750000000001,0,Hit,-1.435,-0.1956603773584906,53.0,11.0,4.0,0.18867924528301888,2.0,0.18181818181818182,0.9201629503502436,4.818181818181818,0.8490566037735849,0.8439465482121837,0.11889326556356791,0.8687500000000001,0.0,0.6,2.0,-1.1249999999999998,0.07499999999999991,0.6,0.3492282896845908,0.6000528745541863,0.2508245848695955,1.6619451844578002,3.4,0.7272727272727273,0.44270873398194277,0.8,5,0.1362928911392431,0.24799999999999994,0.18332348458394518,5,0.20401099999999986,0.1443170141736587,0.03399999999999996,0.0486569625028114,5,0.11717599999999981,0.08486259293705314,0.11899999999999984,0.07188532534530254,5,0.17791999999999977,0.10999793725338664,-0.21399999999999997,-0.12900000000000011,0.08499999999999988,-0.08683500000000005,-0.026091000000000086,0.060743999999999965
1836,0,12,0,4,0,late,late_r2-4,3,2-4,2,1,2,1,3,1,0,0,0,0,0,1,2,2,2,0.116626771413127,0,0.5497214918929403,0.4330947204798133,0,1,-1,0.47745394266070307,0.8587315906227749,0.6013830656514938,0.6202146420572658,0.8587315906227749,0.2450626273653165,55,0.09,-0.035,0.125,-0.745,-0.6485454545454544,-1.285,1.375,0.64,0.835,5,18,0.32727272727272727,1.4955314545454548,1.49813,1.60371,Hit,6,0.14545454545454545,0.509090909090909,0.32727272727272727,0.25,4,1,2.0997787903703573,0.565,0.215,-0.711855,1,Hit,-2.83,-0.4221818181818182,55.0,11.0,4.0,0.2909090909090909,3.0,0.2727272727272727,0.8496982875298922,5.0,0.7454545454545455,0.7373351918843123,0.1516715083503754,0.8125,0.4,0.8,6.0,-0.073,0.16299999999999998,0.8,0.5035257641691452,0.5610832490380225,0.05755748486887733,1.3495851424488496,2.6,0.512947030450216,0.5218455498469229,0.75,5,0.14668444466741817,0.297,0.0966695401871758,5,0.23928599999999994,0.1052249078403018,0.37899999999999995,0.11447707194019248,5,0.29617699999999997,0.108836555129699,0.16299999999999998,0.15114562514343577,5,0.131705,0.12494493877304513,0.08199999999999996,-0.134,-0.21599999999999997,0.056891000000000025,-0.10758099999999995,-0.16447199999999998
7475,0,12,0,4,0,late,late_r2-4,3,2-4,2,1,2,1,3,1,0,0,0,0,1,2,1,3,3,0.053921189644797925,0,0.5275100245644626,0.4735888349196647,0,1,-1,0.5340951739913685,0.5365489615545576,0.2171829046567741,0.22732673988483437,0.5365489615545576,0.2450626273653165,55,0.305,0.285,0.020000000000000018,-0.355,-0.3438181818181818,-0.93,1.235,0.3999999999999999,0.6599999999999999,6,14,0.2545454545454545,1.7156178181818182,1.72028,1.781,Hit,6,0.14545454545454545,0.509090909090909,0.32727272727272727,0.020000000000000018,3,1,2.4251690291560033,0.495,0.265,-0.5854999999999999,1,Hit,-2.06,0.17563636363636365,55.0,11.0,4.0,0.18181818181818182,2.0,0.18181818181818182,0.9087516569931798,5.0,0.7090909090909091,0.38239528849971655,0.22052500672335587,0.915,0.2,0.4,6.0,0.13099999999999998,0.174,0.4,0.29837165994183457,0.5163138798980643,0.21794221995622984,1.6608367654103944,4.2,0.5745454545454546,0.31764131561076814,0.8,5,0.28547875347154117,0.23699999999999996,0.15188811671753652,5,0.18723900000000002,0.14079465905175523,0.991,0.40549969173847716,5,0.88968,0.35365173382510084,0.23099999999999996,0.15828771272590936,5,0.2489370000000001,0.18945270754201438,0.754,-0.006000000000000005,-0.76,0.702441,0.061698000000000086,-0.640743
4540,5,12,0,4,0,late,late_r2-4,3,2-4,1,2,1,2,3,-1,0,0,0,0,1,2,1,1,2,0.1296239700007661,0,0.8742299837005179,0.7446060136997518,0,2,-2,0.958308481718994,1.1569118129892295,0.7346711891692561,0.4237243941788372,1.1569118129892295,0.2450626273653165,59,-0.655,-0.69,0.03499999999999992,-1.895,-1.7177966101694917,-2.285,1.6300000000000001,0.4849999999999999,1.24,8,11,0.1864406779661017,1.5216793220338982,1.53766,1.52839,Hit,6,0.2711864406779661,0.5084745762711864,0.2033898305084746,0.77,1,1,2.2189169555890635,0.695,0.095,-1.419195,1,Hit,-1.0,-0.22110169491525428,59.0,12.0,4.0,0.20338983050847456,3.0,0.25,0.8753443545150471,4.916666666666667,0.7288135593220338,0.9225655034542719,0.12611410057641487,1.2285714285714286,0.2,0.8,7.0,-0.7859999999999999,0.13099999999999998,0.8,0.4835354885996681,0.6090314598292601,0.12549597122959205,1.4122385502091697,2.2,0.705186837926065,0.5588518863317133,0.9,5,0.11780137558423152,1.155,0.0,5,1.1229100000000003,0.0,0.19699999999999998,0.055181518645285574,5,0.11407499999999997,0.08546078245312291,0.13499999999999998,0.11694015563526503,5,0.10103500000000001,0.09486255669388213,-0.9580000000000001,-1.02,-0.062,-1.0088350000000004,-1.0218750000000003,-0.013039999999999954
7569,0,14,0,2,0,late,late_r2-4,1,0-1,0,1,0,1,1,-1,0,0,0,0,0,0,1,0,1,0.9060280335624276,0,,,0,1,-1,,,,,,0.08168754245510551,43,-0.6,-0.605,0.0050000000000000044,-1.575,-1.436860465116279,-1.945,1.3450000000000002,0.7574999999999998,0.975,5,12,0.27906976744186046,0.6518065813953487,0.531413,0.787401,Hit,5,0.18604651162790697,0.6511627906976745,0.13953488372093023,0.0050000000000000044,2,1,0.8367631711605321,0.79,0.0,-0.9937005,1,Hit,-1.4849999999999999,-1.1329069767441862,43.0,9.0,4.0,0.18604651162790697,2.0,0.22222222222222224,0.9256188838453092,4.777777777777778,0.8604651162790697,0.8512223419374905,0.149371298514791,1.1558333333333335,0.8,1.0,6.0,-0.6010000000000001,0.0010000000000000009,1.0,0.7924635906997339,0.852414398807058,0.05995080810732405,0.5670462884238863,1.2,0.8006149572743405,0.7668939206990251,0.95,5,0.13856165772136927,0.495,0.0,5,0.6920544999999999,0.0,0.33399999999999996,0.19103010233991918,5,0.49871530000000003,0.24011070330438208,0.36,0.213687856463581,5,0.5663188,0.266454141748538,-0.16100000000000003,-0.135,0.026000000000000023,-0.19333919999999988,-0.1257356999999999,0.06760349999999998
3856,1,13,1,3,1,late,late_r2-4,2,2-4,0,2,0,2,2,-2,0,0,0,0,1,2,0,0,1,0.8077491330660796,0,1.2771145124553265,0.46936537938924683,0,2,-2,0.689715776987159,0.689715776987159,0.2880275,0.18965000000000032,0.689715776987159,0.16337508491021102,53,0.455,0.365,0.09000000000000002,-0.54,-0.4586792452830188,-1.2,1.655,0.62,0.9950000000000001,2,10,0.18867924528301888,1.461811698113208,1.51307,1.2915,Hit,5,0.3018867924528302,0.5660377358490566,0.11320754716981132,0.41500000000000004,2,1,1.7749343174439989,0.285,0.165,-0.19075000000000003,1,Hit,-0.25499999999999995,0.894056603773585,53.0,11.0,4.0,0.16981132075471697,2.0,0.18181818181818182,0.9389513101637164,4.818181818181818,0.8113207547169811,0.8655407541131277,0.13799020465400572,1.1285416666666668,0.4,1.0,6.0,0.30700000000000005,0.14800000000000005,1.0,0.48604996281783086,0.7627801401525744,0.27673017733474364,1.4015916632849306,2.0,0.7600000000000001,0.5038209478884585,1.0,5,0.07304968186064854,0.45,0.0,5,0.571545,0.0,0.442,0.16157815446402402,5,0.5035049999999999,0.22556584224456505,0.148,0.23466998103720044,5,0.17681099999999997,0.2799627219916966,-0.008000000000000007,-0.30200000000000005,-0.29400000000000004,-0.0680400000000001,-0.39473400000000003,-0.32669399999999993
660,4,14,0,2,0,late,late_r2-4,4,2-4,2,2,2,2,4,0,0,0,0,0,1,1,3,3,4,0.10802071061439826,0,0.49581234393669377,0.3877916333222955,0,1,-1,0.3682175159386119,0.5508013089066952,0.19880855803110564,0.5547003042184131,0.5508013089066952,0.32675016982042204,65,0.355,0.255,0.09999999999999998,-1.395,-1.076846153846154,-1.945,2.3,0.9500000000000001,1.75,3,8,0.12307692307692308,1.0083219846153848,0.876584,1.6028,Draw,6,0.24615384615384617,0.46153846153846156,0.27692307692307694,0.24,3,0,2.2085764625969317,0.385,0.235,-0.426905,0,Draw,-0.21499999999999997,-0.47738461538461546,65.0,13.0,4.0,0.3076923076923077,5.0,0.38461538461538464,0.7911171664817575,5.0,0.7230769230769231,0.7198486108713877,0.3103120998313464,2.015,0.2,1.0,5.0,0.20800000000000002,0.14699999999999996,1.0,0.7280011074529256,0.8278350189688201,0.09983391151589457,1.0138317837368018,1.2,0.7759228730293894,0.6898243497581473,0.8,5,0.09913193469978143,0.24,0.0,5,0.2265,0.0,0.24500000000000002,0.4036706578387882,5,0.274958,0.4217566119457999,0.509,0.3266955769519998,5,0.4836889999999999,0.3663147354461734,0.005000000000000032,0.269,0.264,0.04845799999999997,0.2571889999999999,0.20873099999999994
6160,6,14,0,2,0,late,late_r2-4,3,2-4,2,1,2,1,3,1,0,0,0,0,1,2,1,1,3,0.27542614075181737,0,0.6298475755291907,0.3544214347773733,0,1,-1,0.612342368317398,0.6774463214481834,0.21389311533027158,0.44270848949016806,0.6774463214481834,0.2450626273653165,55,0.185,0.01,0.175,-1.095,-0.9737272727272728,-1.69,1.875,0.33000000000000007,1.28,2,5,0.09090909090909091,0.8925586727272727,0.833052,1.61888,Hit,6,0.14545454545454545,0.509090909090909,0.32727272727272727,0.175,2,1,2.108838025196223,0.545,0.27,-0.610465,0,Freeze,-1.8849999999999998,-0.23227272727272724,55.0,11.0,4.0,0.21818181818181817,4.0,0.36363636363636365,0.8456538223496995,5.0,0.7454545454545455,0.556169757955286,0.19890588331319942,1.8075000000000003,0.8,0.8,1.0,0.093,0.092,0.8,0.4502399749745341,0.39195242529344043,-0.058287549681093606,0.9980514713680314,3.0,0.4875878515546835,0.5117456804535536,0.85,5,0.18752973390243405,0.0,0.0,5,0.013974999999999998,0.0,0.0,0.0,5,0.013974999999999998,0.0,0.28900000000000003,0.6462236454974393,5,0.256517,0.542340399398754,0.0,0.28900000000000003,0.28900000000000003,0.0,0.242542,0.242542
177,0,12,0,4,0,late,late_r2-4,3,2-4,2,1,2,1,3,1,0,0,0,0,1,2,1,2,2,0.016974270769609334,0,0.35335842992633115,0.3363841591567218,0,1,-1,0.3700986961719296,0.5976006584871248,0.5495293345764497,0.2282282824035824,0.5976006584871248,0.2450626273653165,55,0.2,0.195,0.0050000000000000044,-0.585,-0.5141818181818182,-0.995,1.195,0.2649999999999999,0.7849999999999999,7,11,0.2,1.509838909090909,1.50914,1.56205,Hit,6,0.14545454545454545,0.509090909090909,0.32727272727272727,0.0050000000000000044,3,1,2.1829594969345956,0.485,0.23,-0.5810249999999999,1,Hit,-0.7449999999999999,0.05427272727272729,55.0,11.0,4.0,0.2909090909090909,3.0,0.2727272727272727,0.8546676592320004,5.0,0.7454545454545455,0.5529943097079904,0.17910132507533547,0.9205,0.0,0.8,5.0,-0.025999999999999985,0.22599999999999998,0.8,0.3558412183848301,0.5905037842139168,0.23466256582908676,1.4452926367086363,2.0,0.5581818181818182,0.37942301050076244,0.8,5,0.1767187940422717,0.205,0.3870884911748217,5,0.175616,0.35935726403886703,0.11600000000000002,0.12249489785293101,5,0.12504800000000002,0.12510951320742963,0.346,0.2816558183315232,5,0.32023300000000005,0.2410467095709875,-0.08899999999999997,0.141,0.22999999999999995,-0.050567999999999974,0.14461700000000005,0.19518500000000003
418,1,14,0,2,0,late,late_r2-4,1,0-1,0,1,0,1,1,-1,0,0,0,0,0,0,1,1,1,0.05899292491946315,0,,,0,1,-1,,,,,,0.08168754245510551,43,-0.195,-0.26,0.065,-1.77,-1.3303488372093022,-1.96,1.765,1.0625,1.575,7,10,0.23255813953488372,0.6243097906976743,0.435172,1.24779,Hit,5,0.18604651162790697,0.6511627906976745,0.13953488372093023,0.08500000000000002,3,1,1.6541053646434691,0.475,0.0,-0.7243275,0,Hit,-0.9950000000000001,-0.9,43.0,9.0,4.0,0.23255813953488375,1.0,0.11111111111111112,0.9066370944078652,4.777777777777778,0.9069767441860466,0.8584362519737561,0.1730229581766203,1.41,0.2,1.0,10.0,-0.251,0.05600000000000001,1.0,0.8264314503891314,0.83551821640343,0.009086766014298786,0.5195899004262378,1.6,0.7414290841575706,0.818438789819101,0.95,5,0.07307503724752659,0.29,0.0,5,0.3647775,0.0,0.09899999999999998,0.023822258499143198,5,0.14961349999999993,0.05488462562503278,0.17599999999999996,0.11188163388152675,5,0.23830149999999994,0.09651829997466803,-0.191,-0.11400000000000002,0.07699999999999999,-0.21516400000000005,-0.12647600000000003,0.08868800000000002
7767,2,14,0,2,0,late,late_r2-4,6,5-8,2,4,1,4,5,-3,0,0,0,0,1,3,2,1,1,0.1433317372827483,0,1.359405373720437,1.2160736364376887,0,1,-1,0.5330516766693478,0.9156384814138291,1.1518952376755456,0.49189589910422593,0.980173929315851,0.40843771227552755,79,-0.28,-0.445,0.16499999999999998,-2.345,-2.2408860759493674,-3.91,3.63,1.11,2.0650000000000004,2,7,0.08860759493670886,1.2741694810126583,1.30503,1.4972,Hit,6,0.4050632911392405,0.43037974683544306,0.1518987341772152,0.30999999999999994,2,1,1.9002812124660575,0.62,0.16,-1.0286,1,Hit,-2.215,-1.426898734177215,79.0,16.0,4.0,0.189873417721519,5.0,0.3125,0.8855393440481809,4.9375,0.7215189873417721,0.5891231643240865,0.527214006632977,2.8,0.6,0.8,6.0,-0.38500000000000006,0.10499999999999998,1.0,0.8188384979927686,0.8731298304517564,0.05429133245898776,1.2572385195106026,2.6,0.8883677932154568,0.8580836366511703,0.75,5,0.04210533253025931,0.0,0.0,5,0.0,0.0,1.041,0.5850790544875111,5,1.168593,0.6620626886254806,0.10499999999999998,0.15945218719101972,5,0.09029499999999999,0.14950772990049715,1.041,0.10499999999999998,-0.9359999999999999,1.168593,0.09029499999999999,-1.078298
3374,0,14,0,2,0,late,late_r2-4,1,0-1,0,1,0,1,1,-1,0,0,0,0,0,0,1,1,1,0.2779389125473585,0,,,0,1,-1,,,,,,0.08168754245510551,43,0.03,0.015,0.015,-1.77,-1.2498837209302325,-1.935,1.965,1.34,1.8,7,11,0.2558139534883721,0.6243740465116279,0.428836,1.1221,Draw,5,0.18604651162790697,0.6511627906976745,0.13953488372093023,0.07,3,0,1.5726876915070749,0.405,0.0,-0.53105,1,Draw,-0.94,-0.9372093023255815,43.0,9.0,4.0,0.18604651162790697,1.0,0.11111111111111112,0.9302550029630993,4.777777777777778,0.8604651162790697,0.8991362879108413,0.17303373786685824,1.85625,0.2,1.0,8.0,-0.013000000000000003,0.043000000000000003,1.0,0.8409130348562762,0.9239657682945989,0.0830527334383229,0.5899510008036033,2.2,0.789737951653134,0.8566208216755149,0.85,5,0.05757691994157158,0.17,0.0,5,0.1613099999999999,0.0,0.023,0.02706473720544872,5,0.01056499999999998,0.015335872570545134,0.046,0.06931810730249349,5,0.036289999999999975,0.06988830463675588,-0.14700000000000002,-0.12400000000000001,0.023,-0.1507449999999999,-0.1250199999999999,0.025724999999999994
4344,5,12,0,4,0,late,late_r2-4,5,5-8,2,3,2,2,4,0,0,0,0,0,1,3,1,1,4,0.5685761639780533,0,0.7621724529921035,0.19359628901405013,0,1,-1,0.3802177681066468,1.0264889284273893,1.0361607083186277,0.8532578827060431,0.5861483230383983,0.32675016982042204,69,-0.455,-0.46,0.0050000000000000044,-1.27,-1.1914492753623187,-1.625,1.17,0.32499999999999996,0.815,5,14,0.2028985507246377,1.521438260869565,1.51141,1.59624,Hit,6,0.2898550724637681,0.43478260869565216,0.2608695652173913,0.0050000000000000044,3,1,2.209978517822883,0.67,0.145,-1.25312,1,Hit,-2.0,-0.42079710144927535,69.0,14.0,4.0,0.2318840579710145,4.0,0.2857142857142857,0.8667452986063822,4.928571428571429,0.7391304347826086,0.6612734519230339,0.15081194150179464,0.9168750000000001,1.0,1.0,1.0,-0.45499999999999996,0.0,1.0,0.2751440403127934,0.5467945280817583,0.27165048776896505,1.484530659357532,1.6,0.6120248931510501,0.2540124968923643,0.9,5,0.1399032853471573,0.5559999999999999,0.31093407661432027,5,0.5952370000000001,0.3340105220573149,0.003,0.0027386127875258306,5,0.021477000000000003,0.019605728945897422,0.18,0.2471082758630313,5,0.19513599999999998,0.26793114916429556,-0.5529999999999999,-0.37599999999999995,0.177,-0.5737600000000002,-0.40010100000000015,0.17365899999999998
4069,5,14,0,2,0,late,late_r2-4,2,2-4,1,1,1,1,2,0,0,0,0,0,1,2,0,1,2,0.14814657162472866,0,0.8710157170017087,0.72286914537698,0,1,-1,0.9145107179808009,0.9145107179808009,0.4555112,0.03989999999999938,0.9145107179808009,0.16337508491021102,49,0.175,-0.1,0.275,-1.725,-1.3268367346938776,-1.85,2.025,1.125,1.9000000000000001,1,2,0.04081632653061224,0.6843838163265304,0.533643,1.26269,Hit,6,0.16326530612244897,0.5714285714285714,0.24489795918367346,0.5700000000000001,1,1,1.5141021339076912,0.515,0.21,-0.45634500000000006,1,Hit,-1.77,-0.8480612244897959,49.0,10.0,4.0,0.16326530612244897,3.0,0.3,0.9113829482489167,4.9,0.7551020408163265,0.7178938316339606,0.26332717058285837,1.4716666666666667,0.6,1.0,6.0,0.00899999999999999,0.16599999999999998,1.0,0.7851474194701138,0.901142940257186,0.11599552078707234,0.6828878339120201,1.4,0.8282606927698787,0.8059877199946627,0.95,5,0.08108899544518701,0.0,0.0,5,0.0,0.0,0.7,0.18405162319305962,5,0.6514239999999999,0.20764646994350758,0.259,0.4417635113949544,5,0.247159,0.43901086094765357,0.7,0.259,-0.44099999999999995,0.6514239999999999,0.247159,-0.4042649999999999
6316,1,14,0,2,0,late,late_r2-4,5,5-8,3,2,3,2,5,1,0,0,0,0,1,4,1,3,4,0.04144730934463968,0,0.40309370889663204,0.36164639955199235,0,1,-1,0.36343552360186554,0.6096887022174119,0.6710093108133752,0.45503984177212436,0.6096887022174119,0.40843771227552755,71,-0.395,-0.41,0.014999999999999958,-0.755,-0.8048591549295775,-2.05,1.6549999999999998,0.2025,0.36,16,56,0.7887323943661971,0.8806605549295775,0.899653,1.46935,Hit,6,0.22535211267605634,0.4225352112676056,0.3380281690140845,0.18499999999999994,6,1,2.0478478300414014,0.67,0.13,-0.9849494999999999,0,Hit,-2.185,0.030915492957746482,71.0,15.0,4.0,0.2535211267605634,4.0,0.26666666666666666,0.8571344171129016,4.733333333333333,0.7323943661971831,0.7888317159155851,0.10409094070129572,1.5875,0.2,0.2,2.0,-0.571,0.176,0.2,0.3678398303889601,0.5352429665255569,0.1674031361365969,0.9034226404590259,5.4,0.3597570010198785,0.3023599703569608,0.75,5,0.09795427119859354,0.38,0.0,5,0.4389655000000001,0.0,0.8539999999999999,0.6221474905518787,5,0.8842935000000001,0.5966264949447014,0.304,0.169941166289984,5,0.3801175000000001,0.13158812833990768,0.47399999999999987,-0.07600000000000001,-0.5499999999999998,0.44532799999999995,-0.05884800000000001,-0.504176
6184,2,12,0,4,0,late,late_r2-4,4,2-4,2,2,2,2,4,0,0,0,0,0,1,2,2,4,4,0.04795012419848168,0,0.2685947072451165,0.22064458304663484,0,1,-1,0.3162654511386359,0.3611897241429342,0.002363117807911563,0.415605479992745,0.3611897241429342,0.32675016982042204,65,0.325,0.195,0.13,-0.365,-0.35023076923076923,-0.94,1.265,0.31000000000000005,0.69,5,13,0.2,1.326639646153846,1.35314,1.25275,Hit,6,0.24615384615384617,0.46153846153846156,0.27692307692307694,0.13,5,1,1.5377157149657459,0.285,0.04,-0.301375,1,Hit,1.325,0.6362307692307692,65.0,13.0,4.0,0.21538461538461542,3.0,0.23076923076923078,0.8913798579753369,5.0,0.7230769230769231,0.36506742048580954,0.19049809551716682,0.65,0.0,0.8,14.0,-0.056999999999999995,0.382,0.4,0.2442337453753308,0.2682102354912764,0.02397649011594562,1.2712657188403305,3.4,0.2525786709129327,0.15098204770914037,0.9,5,0.23234024688220611,1.178,0.11465164630305139,5,1.295928,0.08309204260938576,0.5559999999999999,0.5044724967726189,5,0.598813,0.5211385169223246,0.584,0.3531536492803097,5,0.6553100000000001,0.38764327398073095,-0.622,-0.594,0.028000000000000025,-0.6971149999999999,-0.6406179999999999,0.05649700000000002
6345,0,14,0,2,0,late,late_r2-4,3,2-4,2,1,2,1,3,1,0,0,0,0,0,2,1,0,2,0.9498058420140411,0,1.033878559406278,0.08407271739223698,0,1,-1,0.7918426848711807,1.1800474215272003,1.139552667684805,0.11226641923963228,1.1800474215272003,0.2450626273653165,55,-0.32,-0.33,0.010000000000000009,-1.695,-1.4197272727272723,-1.855,1.535,0.6500000000000001,1.375,4,8,0.14545454545454545,0.7208099818181819,0.621208,1.27185,Hit,6,0.14545454545454545,0.509090909090909,0.32727272727272727,0.05499999999999999,2,1,1.132597520419371,0.765,0.165,-0.8914949999999999,0,Hit,-3.2399999999999998,-1.2509090909090905,55.0,11.0,4.0,0.2909090909090909,2.0,0.18181818181818182,0.8651791074617419,5.0,0.7454545454545455,0.9298033875486678,0.12127660612686368,1.4516666666666669,0.2,1.0,6.0,-0.364,0.044,1.0,0.7067405512943152,0.8112142933417277,0.10447374204741229,0.7072627263282902,1.6,0.777487303211138,0.6774828034336772,1.0,5,0.029952935672568484,0.5249999999999999,0.0,5,0.613235,0.0,0.46099999999999985,0.5559383958677434,5,0.4380838000000001,0.4729636317700071,0.048999999999999946,0.029453352950046266,5,0.08724200000000004,0.012760553279540895,-0.06400000000000006,-0.476,-0.4119999999999999,-0.1751511999999999,-0.5259929999999999,-0.35084180000000004
9117,2,13,1,3,1,late,late_r2-4,4,2-4,1,3,1,3,4,-2,0,0,0,0,1,1,3,2,2,0.15783855029056792,0,0.1827845721727057,0.024946021882137764,0,1,-1,0.34003612356024027,0.9473637347722773,1.0981069976155855,0.17918011015455984,0.9473637347722773,0.32675016982042204,69,0.67,0.49,0.18000000000000005,-0.195,-0.157536231884058,-0.875,1.545,0.26,0.865,2,10,0.14492753623188406,1.3758440579710147,1.39341,1.27715,Hit,6,0.34782608695652173,0.463768115942029,0.17391304347826086,0.37500000000000006,2,1,1.7496056905606294,0.25,0.255,0.031425000000000036,1,Hit,0.8600000000000001,0.7855072463768116,69.0,14.0,4.0,0.2028985507246377,5.0,0.35714285714285715,0.8561873815107685,4.928571428571429,0.7391304347826086,0.6540974319180345,0.15893048349821826,0.8958333333333334,0.0,1.0,4.0,0.40099999999999997,0.269,1.0,0.3410897848568767,0.15412809680597644,-0.18696168805090024,1.2722214967147452,2.2,0.09969299727842211,0.27122190496703297,1.0,5,0.21205177040144896,0.53,0.0,5,0.53571,0.0,0.599,0.47035093281506307,5,0.681521,0.48397012191353306,0.28300000000000003,0.1411382301150188,5,0.30700200000000005,0.17967011213610348,0.06899999999999995,-0.247,-0.31599999999999995,0.14581100000000002,-0.22870799999999997,-0.374519
2226,1,6,0,10,0,mid,early_r9+,4,2-4,2,2,2,2,4,0,0,0,0,0,1,1,3,2,4,0.15431537739266243,1,0.4393918086810435,0.28507643128838106,1,0,1,0.4583450744902137,0.6104489511302316,0.2352722569999011,0.5324411634162018,0.6104489511302316,0.32675016982042204,65,0.04,-0.005,0.045,-0.49,-0.4446923076923077,-0.845,0.885,0.42000000000000004,0.53,16,28,0.4307692307692308,1.9950846153846153,1.99268,1.98454,PostGuard,6,0.24615384615384617,0.46153846153846156,0.27692307692307694,0.065,5,0,2.644916281853984,0.48,0.225,-0.95227,1,PostGuard,-0.96,-1.7176923076923079,65.0,13.0,4.0,0.24615384615384617,3.0,0.23076923076923078,0.8543914802561343,5.0,0.7230769230769231,0.6050612809052615,0.13928114268394456,0.5784375,0.0,0.8,16.0,-0.22999999999999998,0.27,0.8,0.15264765509607925,0.26671116231100067,0.1140635072149214,1.8490303134631758,3.6,0.14175824175824173,0.1651399774388623,0.8,5,0.19208985745024476,0.521,0.11047624178980753,5,0.5255940000000001,0.10420904047874162,0.389,0.18335075674782478,5,0.3753890000000001,0.12845139651829404,0.381,0.17576262401318435,5,0.389513,0.17622154953353464,-0.132,-0.14,-0.008000000000000007,-0.15020500000000003,-0.13608100000000012,0.014123999999999914
645,7,7,1,9,1,mid,early_r9+,2,2-4,1,1,1,1,2,0,0,0,0,0,0,2,0,0,1,0.8811916723823489,1,1.3066632934650784,0.4254716210827295,1,0,1,1.6942254427557752,1.6942254427557752,0.7878205,0.3113500000000009,1.6942254427557752,0.16337508491021102,49,1.39,1.315,0.07499999999999996,0.825,0.8524489795918366,0.255,1.1349999999999998,0.33000000000000007,0.565,6,21,0.42857142857142855,1.9026451020408162,1.9005,2.14194,Draw,6,0.16326530612244897,0.5714285714285714,0.24489795918367346,0.07499999999999996,4,0,2.6819453162394096,0.305,0.445,0.3190299999999999,1,Draw,-0.40000000000000013,-0.36530612244897964,49.0,10.0,4.0,0.24489795918367346,3.0,0.3,0.8604674099938527,4.9,0.7755102040816326,0.4634910978737109,0.17903105417465082,0.7799999999999999,0.4,0.4,1.0,1.267,0.12299999999999996,0.4,0.22197250796449075,0.28420203338121025,0.062229525416719556,1.8841108246586546,4.0,0.22181818181818178,0.13541462995276593,0.8,5,0.21643158332365572,0.38499999999999984,0.20353132437047627,5,0.31214799999999987,0.1912214176223469,0.07599999999999993,0.1184483009586882,5,0.048559999999999943,0.07009360027848473,0.2089999999999999,0.205621010599598,5,0.188638,0.14990957964719934,-0.30899999999999994,-0.17599999999999993,0.13299999999999998,-0.26358799999999993,-0.12350999999999987,0.14007800000000006
8983,2,8,0,8,0,mid,mid_r5-8,5,5-8,3,2,3,2,5,1,0,0,0,0,1,3,2,3,5,0.356737639976497,1,0.4316326071834716,0.07489496720697458,3,0,3,0.4669060968588863,0.5894611639689049,0.4149816958613958,0.37708649087444035,0.5894611639689049,0.40843771227552755,71,0.1,0.07,0.03,-0.265,-0.28014084507042253,-0.745,0.845,0.255,0.365,17,50,0.704225352112676,1.9906602816901406,1.98937,2.06398,Draw,6,0.22535211267605634,0.4225352112676056,0.3380281690140845,0.03,5,0,2.733518824391906,0.5,0.275,-0.93199,1,Draw,-2.9,-2.964014084507043,71.0,15.0,4.0,0.19718309859154928,3.0,0.2,0.9056441757499808,4.733333333333333,0.7183098591549296,0.35605569821821764,0.1427468944134663,0.41916666666666674,0.0,0.4,14.0,-0.068,0.168,0.8,0.10485505130987138,0.2387687345189604,0.13391368320908903,1.9024433495351676,6.4,0.21499999999999994,0.09405316559246026,0.9,5,0.18028603238582436,0.32699999999999996,0.2880885280603863,5,0.285801,0.29741191257664845,0.507,0.22253089673121795,5,0.46742799999999995,0.19235107751192868,0.22400000000000003,0.17451360978445207,5,0.22783099999999998,0.14299643528773717,0.18000000000000005,-0.10299999999999992,-0.283,0.18162699999999993,-0.05797000000000005,-0.23959699999999998
1331,4,6,0,10,0,mid,early_r9+,2,2-4,1,1,1,1,2,0,0,0,0,0,0,2,0,0,1,0.9115026286089362,1,1.296679104327668,0.3851764757187318,1,0,1,0.49670520118174905,0.49670520118174905,0.14932050000000002,0.19845000000000113,0.49670520118174905,0.16337508491021102,49,-0.225,-0.27,0.04500000000000001,-0.645,-0.6260204081632653,-1.065,0.84,0.335,0.42000000000000004,16,34,0.6938775510204082,1.9354602040816324,1.94669,1.79565,Hit,6,0.16326530612244897,0.5714285714285714,0.24489795918367346,0.07999999999999999,5,1,2.4410637929997243,0.605,0.18,-1.122825,1,Hit,-1.36,-1.8753061224489793,49.0,10.0,4.0,0.24489795918367346,2.0,0.2,0.8952305972341297,4.9,0.7551020408163265,0.4431759054012071,0.15217051860344727,0.71,0.4,0.8,5.0,-0.286,0.060999999999999985,0.4,0.1404611131463553,0.20774503130330862,0.06728391815695334,1.889099943405067,3.6,0.2993939393939393,0.14745849716731926,0.75,5,0.12016061657834627,0.40199999999999997,0.19951816959866092,5,0.454201,0.19761186425035315,0.24100000000000002,0.23319519720611748,5,0.2849040000000001,0.23051722564159935,0.273,0.24089935657863434,5,0.31325900000000007,0.262519265826339,-0.16099999999999995,-0.12899999999999995,0.032,-0.16929699999999992,-0.14094199999999996,0.028354999999999964
7750,7,10,0,6,0,mid,mid_r5-8,2,2-4,1,1,1,1,2,0,0,0,0,0,1,2,0,1,2,0.5142435580549354,1,0.6320619617281936,0.11781840367325824,1,0,1,0.7191771176991746,0.7191771176991746,0.28049765,0.22500000000000142,0.7191771176991746,0.16337508491021102,49,0.005,-0.135,0.14,-0.775,-0.7555102040816327,-1.5,1.505,0.44499999999999995,0.78,2,12,0.24489795918367346,1.705158163265306,1.70229,1.70146,Hit,6,0.16326530612244897,0.5714285714285714,0.24489795918367346,0.34,2,1,2.379569616238422,0.545,0.215,-0.84573,1,Hit,-1.9300000000000002,-1.58,49.0,10.0,4.0,0.24489795918367346,2.0,0.2,0.8862124080525321,4.9,0.7551020408163265,0.6523320721461471,0.16316671932475926,0.7074999999999998,0.0,0.8,6.0,-0.275,0.2800000000000001,0.8,0.3313164709189963,0.40662515697216034,0.07530868605316407,1.6053543653357074,2.8,0.46181818181818174,0.3705785945107026,0.95,5,0.24651918880753082,0.348,0.19613770672667713,5,0.2989,0.16709987470073098,0.323,0.3100725721504564,5,0.27374600000000004,0.26878392486809927,0.29900000000000004,0.1507647173578752,5,0.31184600000000007,0.12884342432774756,-0.024999999999999967,-0.04899999999999993,-0.023999999999999966,-0.025153999999999954,0.012946000000000069,0.03810000000000002
2543,0,9,1,7,1,mid,mid_r5-8,3,2-4,2,1,2,1,3,1,0,0,0,0,0,1,2,1,2,0.2995491308767243,1,1.2004397704591425,0.9008906395824182,1,0,1,1.4766390168246948,1.6013462300203207,0.5547571204616385,0.9522456277429445,1.6013462300203207,0.2450626273653165,55,1.43,1.39,0.040000000000000036,0.755,0.7830909090909092,0.265,1.165,0.33499999999999996,0.6749999999999999,4,15,0.2727272727272727,1.791617090909091,1.78482,1.82074,Hit,6,0.14545454545454545,0.509090909090909,0.32727272727272727,0.24,3,1,2.576285382151751,0.245,0.525,0.5196299999999999,1,Hit,-1.1250000000000002,-0.6020000000000001,55.0,11.0,4.0,0.18181818181818182,3.0,0.2727272727272727,0.9182983990342788,5.0,0.6727272727272727,0.505115058950227,0.16037786764419534,1.02,0.0,0.2,5.0,1.287,0.14300000000000002,0.6,0.1515729174082883,0.2566158758562751,0.10504295844798683,1.7183304504751675,5.8,0.2981818181818182,0.08365292470482555,0.9,5,0.15789582041396596,0.53,0.23159771156036926,5,0.559174,0.2414664743654903,0.15299999999999997,0.1701690336107013,5,0.18010500000000002,0.16797409744511205,0.24999999999999994,0.10764525070805486,5,0.32375,0.09708207880448369,-0.37700000000000006,-0.2800000000000001,0.09699999999999998,-0.37906899999999993,-0.23542399999999997,0.14364499999999997
8679,7,9,1,7,1,mid,mid_r5-8,3,2-4,1,2,1,2,3,-1,0,0,0,0,1,2,1,2,3,0.12517246569833068,1,0.2512825634955375,0.12611009779720683,1,0,1,0.3033014087340952,0.4253005831745286,0.25363217618489703,0.3111673933217715,0.4253005831745286,0.2450626273653165,59,0.74,0.625,0.11499999999999999,0.38,0.32932203389830517,-0.095,0.835,0.3075,0.36,16,38,0.6440677966101694,1.8299962711864404,1.82838,1.69482,Freeze,6,0.2711864406779661,0.5084745762711864,0.2033898305084746,0.11499999999999999,4,0,2.411284217329328,0.31,0.355,-0.10741,1,Freeze,0.010000000000000009,-0.24584745762711868,59.0,12.0,4.0,0.13559322033898305,2.0,0.16666666666666666,0.9328112247674001,4.916666666666667,0.7796610169491526,0.5662178075502236,0.12162597306000597,0.49375,0.0,0.4,8.0,0.584,0.156,0.0,0.13791048402929673,0.1410789122074124,0.0031684281781156677,1.7085293016097836,5.2,0.2097902097902098,0.0828614392784081,0.85,5,0.2063451295965946,0.1289999999999999,0.03130495168499705,5,0.1764169999999999,0.027709354377177434,0.38299999999999995,0.17569860557215586,5,0.436754,0.17194564549589497,0.16399999999999998,0.06377695508567337,5,0.26625399999999994,0.08815537415552156,0.25400000000000006,0.03500000000000009,-0.21899999999999997,0.26033700000000004,0.08983700000000003,-0.17050000000000004
5602,5,8,0,8,0,mid,mid_r5-8,2,2-4,1,1,1,1,2,0,0,0,0,0,1,1,1,1,2,0.2802642931407575,1,0.7000166584446406,0.41975236530388305,1,0,1,0.9781994703513621,0.9781994703513621,0.03890435,0.4875499999999988,0.9781994703513621,0.16337508491021102,49,-0.405,-0.445,0.03999999999999998,-0.68,-0.679387755102041,-1.025,0.6199999999999999,0.19000000000000006,0.275,22,46,0.9387755102040817,1.8348173469387756,1.85203,1.87376,PostGuard,6,0.16326530612244897,0.5714285714285714,0.24489795918367346,0.03999999999999998,6,0,2.5714549980271824,0.615,0.18,-1.3418800000000002,1,PostGuard,-1.35,-1.5533673469387754,49.0,10.0,4.0,0.20408163265306123,2.0,0.2,0.8902365157967955,4.9,0.7959183673469388,0.2137445606382095,0.12474173918072103,0.3035,0.2,0.2,10.0,-0.538,0.13299999999999998,0.2,-0.09022924913165555,-0.1575646879500408,-0.06733543881838526,1.6662643138994013,6.8,0.09677782345727327,-0.09485237080383445,0.8,5,0.3570274555240017,0.10799999999999992,0.16987495401029545,5,0.09460999999999978,0.11803870361029883,0.17099999999999996,0.15654072952429982,5,0.12712799999999974,0.09571725018250356,0.17699999999999996,0.11632927404570181,5,0.16258299999999987,0.13818950623147905,0.06300000000000004,0.06900000000000005,0.006000000000000005,0.032517999999999964,0.06797300000000009,0.035455000000000125
3063,4,6,0,10,0,mid,early_r9+,5,5-8,2,3,2,2,4,0,0,0,0,0,1,3,1,1,4,0.018205574643224,1,0.7819327908720834,0.7637272162288594,2,0,2,0.3689745263685404,0.8854462943372834,0.9146836355768457,0.566887895795985,0.5745392873125,0.32675016982042204,69,0.105,-0.105,0.21,-0.51,-0.5168115942028986,-1.13,1.2349999999999999,0.265,0.615,2,21,0.30434782608695654,2.0076485507246375,2.02037,2.00349,Hit,6,0.2898550724637681,0.43478260869565216,0.2608695652173913,0.21,5,1,2.6682799251097933,0.485,0.25,-0.8967450000000001,1,Hit,-0.94,-2.0471014492753623,69.0,14.0,4.0,0.2898550724637681,5.0,0.35714285714285715,0.8036827536316732,4.928571428571429,0.7101449275362319,0.575085397733705,0.14272910237898384,0.8749999999999998,0.0,0.6,6.0,-0.238,0.34299999999999997,0.4,0.17206703366036358,0.3312118646081102,0.15914483094774662,1.852549137752217,4.2,0.3151648351648351,0.12775881569731734,0.85,5,0.23290869565101785,0.35700000000000004,0.2743537861958533,5,0.382552,0.2460200883210556,0.344,0.021908902300206635,5,0.3866289999999999,0.006715078555013425,0.42800000000000005,0.19444150791433396,5,0.4627369999999999,0.22465035506871567,-0.013000000000000067,0.07100000000000001,0.08400000000000007,0.004076999999999886,0.0801849999999999,0.07610800000000001
440,4,6,0,10,0,mid,early_r9+,3,2-4,1,2,1,2,3,-1,0,0,0,0,0,1,2,1,1,0.3049531642944658,1,1.8297832134982555,1.5248300492037896,1,0,1,1.0714775805400678,1.3380456238927791,0.8617064741292529,0.4675003814615191,1.3380456238927791,0.2450626273653165,59,-0.525,-0.545,0.020000000000000018,-0.84,-0.8944067796610169,-1.64,1.1149999999999998,0.22750000000000004,0.31499999999999995,18,45,0.7627118644067796,2.0256283050847457,2.00234,1.83286,Draw,6,0.2711864406779661,0.5084745762711864,0.2033898305084746,0.020000000000000018,5,0,2.4774834829141454,0.64,0.13,-1.44143,1,Draw,-2.525,-2.4216101694915255,59.0,12.0,4.0,0.3559322033898305,5.0,0.4166666666666667,0.7846641829980694,4.916666666666667,0.8305084745762713,0.49855474699084973,0.1452294944615823,0.7624999999999998,0.0,0.2,21.0,-0.647,0.12199999999999997,0.4,0.26466346411655484,0.4494862374508964,0.18482277333434155,1.8200929590008355,7.0,0.5566433566433566,0.31364368005181237,0.85,5,0.14220765081673237,0.32399999999999995,0.16723486478602478,5,0.42737400000000003,0.15415243467911866,0.24499999999999997,0.11494563932572652,5,0.31185799999999997,0.15264416827216157,0.2829999999999999,0.024135036772294286,5,0.2472659999999999,0.06479426859298604,-0.07899999999999999,-0.041000000000000036,0.03799999999999995,-0.11551600000000006,-0.18010800000000013,-0.06459200000000007
1032,5,6,0,10,0,mid,early_r9+,2,2-4,1,1,1,1,2,0,0,0,0,0,1,1,1,0,2,0.7077016245624268,1,0.7089391830227731,0.001237558460346344,1,0,1,1.4084939483379706,1.4084939483379706,0.07398431000000001,0.7003499999999967,1.4084939483379706,0.16337508491021102,49,-0.385,-0.435,0.04999999999999999,-0.765,-0.7738775510204082,-1.18,0.7949999999999999,0.19500000000000006,0.38,11,35,0.7142857142857143,1.9091759183673471,1.88955,1.87264,Draw,6,0.16326530612244897,0.5714285714285714,0.24489795918367346,0.06,6,0,2.55353846330325,0.6,0.16,-1.32132,1,Draw,-1.375,-1.4370408163265305,49.0,10.0,4.0,0.24489795918367346,4.0,0.4,0.8531186327949232,4.9,0.7551020408163265,0.3577365959298568,0.1349424150406177,0.545,0.6,0.6,1.0,-0.491,0.10599999999999998,0.6,0.09992043059245057,0.058030533297022555,-0.041889897295428025,1.707500799283347,5.0,0.14666666666666664,0.12791839512406566,0.85,5,0.30866766002105184,0.25599999999999995,0.19793938466106228,5,0.29067300000000007,0.2368641844918729,0.127,0.1803330252615976,5,0.125334,0.19343113688726535,0.23899999999999996,0.23593961091770918,5,0.25335,0.23716221703192944,-0.12899999999999995,-0.016999999999999987,0.11199999999999996,-0.16533900000000007,-0.03732300000000005,0.12801600000000002
938,6,6,0,10,0,mid,early_r9+,5,5-8,2,3,2,2,4,0,0,0,0,0,1,2,2,3,3,0.358931796096417,1,0.4521452881541521,0.0932134920577351,1,0,1,0.496750974086613,0.881309120159998,0.8399359487482364,0.5219591302008229,0.7364828175803007,0.32675016982042204,69,-0.28,-0.295,0.014999999999999958,-0.795,-0.7631159420289855,-1.09,0.81,0.29500000000000004,0.515,15,33,0.4782608695652174,1.9863531884057974,1.98166,2.07885,Freeze,6,0.2898550724637681,0.43478260869565216,0.2608695652173913,0.014999999999999958,5,0,2.7416083532600797,0.575,0.195,-1.319425,1,Freeze,-1.1400000000000001,-1.4020289855072465,69.0,14.0,4.0,0.2753623188405797,4.0,0.2857142857142857,0.834364947993589,4.928571428571429,0.7101449275362319,0.5475483780902701,0.13731823806947446,0.595,0.0,0.4,7.0,-0.44000000000000006,0.15999999999999998,0.6,0.07176974645691739,0.22446305012877582,0.15269330367185846,1.8102068513680514,6.8,0.15922828962954536,0.07221135571273209,0.9,5,0.3064269698685015,0.32999999999999996,0.11763290356018596,5,0.2597619999999999,0.11888564124821799,0.45299999999999996,0.12745587471748807,5,0.40133699999999983,0.12552838412088316,0.24299999999999994,0.1478850905263949,5,0.1836149999999999,0.12389703688950757,0.123,-0.08700000000000002,-0.21000000000000002,0.14157499999999995,-0.07614699999999999,-0.21772199999999994
4912,2,10,0,6,0,mid,mid_r5-8,4,2-4,3,1,3,1,4,2,0,0,0,0,1,1,3,2,4,0.07762334033007956,1,0.6044697133198645,0.526846372989785,1,0,1,0.5740994035957551,0.7079432949426224,0.2726038519384998,0.6083794924839265,0.7079432949426224,0.32675016982042204,61,1.215,1.045,0.17000000000000015,0.21,0.3186065573770492,-0.36,1.5750000000000002,0.58,1.0050000000000001,3,9,0.14754098360655737,1.9789660655737709,1.98035,2.14214,PostGuard,6,0.13114754098360656,0.45901639344262296,0.39344262295081966,0.17000000000000015,3,0,2.832720396891862,0.315,0.44,0.1439300000000001,1,PostGuard,0.21500000000000008,-1.1645081967213111,61.0,13.0,4.0,0.29508196721311475,2.0,0.15384615384615385,0.8433983554574935,4.6923076923076925,0.7868852459016393,0.48629666894223733,0.24992298948311098,0.8699999999999999,0.0,0.4,18.0,0.7040000000000001,0.511,0.6,0.3287051276755098,0.5242268733590487,0.19552174568353892,1.748783868392411,6.2,0.45054945054945056,0.2960338577330142,0.85,5,0.30718518600366873,0.6880000000000001,0.10201715542005667,5,0.654286,0.12468614580217013,0.7170000000000001,0.23196443692945698,5,0.6417140000000001,0.19200995086192796,0.6210000000000001,0.081040113524106,5,0.5486230000000001,0.10086581262994908,0.029000000000000026,-0.06699999999999995,-0.09599999999999997,-0.012571999999999917,-0.10566299999999995,-0.09309100000000003
6473,3,10,0,6,0,mid,mid_r5-8,2,2-4,1,1,1,1,2,0,0,0,0,0,1,2,0,1,2,0.2878025654201763,1,0.9350050608852333,0.647202495465057,1,0,1,0.8313204782718818,0.8313204782718818,0.40605309,0.08884999999999721,0.8313204782718818,0.16337508491021102,49,-0.09,-0.13,0.04000000000000001,-0.63,-0.6105102040816326,-1.16,1.0699999999999998,0.635,0.54,14,24,0.4897959183673469,1.7927446938775509,1.81377,1.83899,PostGuard,6,0.16326530612244897,0.5714285714285714,0.24489795918367346,0.04000000000000001,4,0,2.50488111617093,0.515,0.22,-0.96563,0,Hit,-1.09,-1.8507142857142855,49.0,10.0,4.0,0.24489795918367346,2.0,0.2,0.9003399080000921,4.9,0.7551020408163265,0.4305803627956122,0.21764774870389259,0.6599999999999999,0.0,0.8,12.0,-0.21600000000000003,0.126,0.8,0.41017044236162203,0.6938240867401093,0.2836536443784872,1.7253860509272936,3.2,0.7090909090909091,0.44995296101550464,0.9,5,0.31832059730856904,0.25,0.08895223437328599,5,0.31061000000000005,0.08391205537644753,0.177,0.11261660623549263,5,0.12473300000000002,0.06846031209759418,0.25999999999999995,0.27411220330368374,5,0.25022400000000006,0.2729398723711873,-0.07300000000000001,0.009999999999999953,0.08299999999999996,-0.18587700000000001,-0.060385999999999995,0.12549100000000002
8184,6,9,1,7,1,mid,mid_r5-8,5,5-8,2,3,2,3,5,-1,0,0,0,0,1,4,1,2,3,0.053773110907219514,1,0.3337310288769854,0.2799579179697659,1,0,1,0.38598447283828985,0.6615490605888555,0.9001605918971312,0.15926081250577692,0.6615490605888555,0.40843771227552755,75,1.03,0.945,0.08500000000000008,0.575,0.5698000000000001,0.13,0.9,0.3025,0.45500000000000007,11,46,0.6133333333333333,1.9218012,1.9052,1.96954,Hit,6,0.32,0.4266666666666667,0.24,0.08500000000000008,4,1,2.664061844457205,0.32,0.395,0.04522999999999999,1,Hit,1.11,-0.15626666666666666,75.0,15.0,4.0,0.13333333333333333,4.0,0.26666666666666666,0.9205250054424747,5.0,0.7066666666666667,0.6164973872791264,0.1284636617115705,0.5545238095238096,0.0,0.6,7.0,0.8160000000000001,0.21400000000000002,0.6,0.12242298744317355,0.1479247596548706,0.025501772211697048,1.8043709108089765,4.4,0.16611900505452512,0.10072476674536868,0.8,5,0.1838228870687051,0.195,0.24041630560342614,5,0.18271299999999996,0.20076379633788555,0.358,0.08020286777915113,5,0.35545,0.08674156507983927,0.313,0.18820201911775555,5,0.30942,0.16391746025057857,0.16299999999999998,0.118,-0.044999999999999984,0.17273700000000003,0.12670700000000001,-0.046030000000000015
4767,1,6,0,10,0,mid,early_r9+,2,2-4,1,1,1,1,2,0,0,0,0,0,1,2,0,0,1,0.6948915783235527,1,1.2488143934023972,0.5539228150788444,1,0,1,1.015062414752906,1.015062414752906,0.367781,0.3497500000000002,1.015062414752906,0.16337508491021102,49,-0.08,-0.245,0.16499999999999998,-0.62,-0.6195918367346939,-1.0,0.92,0.245,0.54,3,19,0.3877551020408163,1.9472651020408165,1.95752,1.87179,Hit,6,0.16326530612244897,0.5714285714285714,0.24489795918367346,0.16499999999999998,4,1,2.5597705739492143,0.54,0.22,-1.015895,1,Hit,-1.26,-1.7480612244897962,49.0,10.0,4.0,0.24489795918367346,2.0,0.2,0.905732894521363,4.9,0.7551020408163265,0.3411984986539878,0.15510908926997968,0.525,0.0,0.6,6.0,-0.391,0.31100000000000005,0.8,0.1424811179539806,0.05454545454545455,-0.08793566340852607,1.853234146596413,5.0,0.06909090909090909,0.17468805427024064,0.9,5,0.287423322073511,0.4739999999999999,0.2436031608990327,5,0.4927269999999999,0.31773241604768626,0.31,0.0,5,0.3663099999999999,0.0,0.33099999999999996,0.04144273157020417,5,0.34373999999999993,0.04119701187586314,-0.16399999999999992,-0.14299999999999996,0.020999999999999963,-0.126417,-0.14898699999999998,-0.02256999999999998
7967,4,6,0,10,0,mid,early_r9+,2,2-4,1,1,1,1,2,0,0,0,0,0,1,1,1,2,2,0.29246061520142996,1,0.34790912620970665,0.05544851100827669,1,0,1,0.6395314208887635,0.6395314208887635,0.244274,0.20635000000000048,0.6395314208887635,0.16337508491021102,49,-0.215,-0.285,0.06999999999999998,-0.735,-0.7138775510204081,-1.04,0.8250000000000001,0.245,0.52,5,21,0.42857142857142855,1.8924761224489797,1.87829,2.02207,Draw,6,0.16326530612244897,0.5714285714285714,0.24489795918367346,0.06999999999999998,5,0,2.6691000681649135,0.565,0.2,-1.163035,0,Hit,-2.18,-1.8064285714285715,49.0,10.0,4.0,0.2857142857142857,3.0,0.3,0.8667744501704606,4.9,0.7551020408163265,0.46945268468741375,0.13481766321661248,0.5466666666666669,0.2,0.8,4.0,-0.358,0.14299999999999996,0.6,0.17085263864838476,0.1728960859213847,0.002043447272999999,1.808329844911413,3.2,0.1248484848484848,0.2071243339015453,0.9,5,0.26738315946797075,0.253,0.2663550262337845,5,0.31569899999999995,0.29776779964428657,0.487,0.08707755164219998,5,0.454402,0.08102584114034235,0.17399999999999996,0.1725688268488837,5,0.2017,0.21673146872916266,0.23399999999999999,-0.07900000000000004,-0.31300000000000006,0.13870300000000002,-0.11399899999999996,-0.252702
2140,6,6,0,10,0,mid,early_r9+,3,2-4,2,1,2,1,3,1,0,0,0,0,1,1,2,3,3,0.049907697687730075,1,0.28848171282646623,0.23857401513873616,1,0,1,0.30425198266583126,0.3094545939606381,0.11185860740900641,0.20233658975962668,0.3094545939606381,0.2450626273653165,55,-0.065,-0.38,0.315,-0.71,-0.7120909090909092,-1.09,1.0250000000000001,0.24750000000000005,0.645,1,13,0.23636363636363636,1.9077138181818183,1.91726,2.15888,Draw,6,0.14545454545454545,0.509090909090909,0.32727272727272727,0.315,3,0,2.746638958924688,0.55,0.265,-1.14444,1,Draw,-0.79,-1.4056363636363636,55.0,11.0,4.0,0.2545454545454545,2.0,0.18181818181818182,0.8492956317650794,5.0,0.6727272727272727,0.2847528692389894,0.14736529406678436,0.5249999999999999,0.4,0.4,3.0,-0.404,0.339,0.2,0.09197125094869321,0.20389532666102833,0.11192407571233516,1.804972834301036,4.4,0.22727272727272735,0.10741334272633792,0.85,5,0.27102159921450025,0.321,0.3071725899229943,5,0.23876400000000012,0.23196161221740988,0.5149999999999999,0.17003676073131946,5,0.41736399999999996,0.1704914542359821,0.63,0.11789826122551594,5,0.503753,0.08129447848716426,0.1939999999999999,0.309,0.1150000000000001,0.17859999999999984,0.2649889999999999,0.08638900000000005
6866,6,10,0,6,0,mid,mid_r5-8,5,5-8,3,2,3,2,5,1,0,0,0,0,1,3,2,4,5,0.2649371404692064,1,0.36437046532890105,0.09943332485969464,1,0,1,0.4165170455287514,0.4446141282076148,0.3584794890053577,0.29949218754418216,0.4446141282076148,0.40843771227552755,71,1.09,0.865,0.2250000000000001,0.185,0.2429577464788732,-0.29,1.3800000000000001,0.40750000000000003,0.905,2,9,0.1267605633802817,1.9097830985915492,1.9,1.9344,PostGuard,6,0.22535211267605634,0.4225352112676056,0.3380281690140845,0.4750000000000001,2,0,2.6418273688589915,0.295,0.46,0.12280000000000013,1,PostGuard,0.09000000000000008,-0.9423943661971831,71.0,15.0,4.0,0.16901408450704225,2.0,0.13333333333333333,0.9174105621542937,4.733333333333333,0.704225352112676,0.3561828884182536,0.2244556294019767,0.6245833333333333,0.0,0.8,12.0,0.525,0.5650000000000001,0.8,0.2569735249861533,0.3745440595495009,0.11757053456334758,1.781211234860466,5.4,0.33285714285714285,0.2346916325005326,0.9,5,0.1246666655404994,1.2000000000000002,0.0,5,1.24743,0.0,0.777,0.29456747953567447,5,0.768317,0.3332244861688588,0.632,0.2127381018999653,5,0.620878,0.21193973446477654,-0.42300000000000015,-0.5680000000000002,-0.14500000000000002,-0.479113,-0.626552,-0.147439
33,6,6,0,10,0,mid,early_r9+,2,2-4,1,1,1,1,2,0,0,0,0,0,0,0,2,2,2,0.14412641330058298,1,0.3569789608870532,0.21285254758647024,1,0,1,0.4253522822359015,0.4253522822359015,0.21118385,0.025150000000000006,0.4253522822359015,0.16337508491021102,49,-0.215,-0.33,0.11500000000000002,-0.69,-0.6718367346938776,-0.915,0.7000000000000001,0.20000000000000007,0.475,5,27,0.5510204081632653,1.9215161224489796,1.92953,1.95673,Draw,6,0.16326530612244897,0.5714285714285714,0.24489795918367346,0.11500000000000002,5,0,2.6287821282044175,0.555,0.205,-1.193365,1,Draw,-1.215,-1.8110204081632655,49.0,10.0,4.0,0.16326530612244897,2.0,0.2,0.9398390953125855,4.9,0.7551020408163265,0.17900997599896026,0.12606858765844767,0.27749999999999997,0.0,0.2,8.0,-0.55,0.33499999999999996,0.4,0.08759737094005551,-0.10184770082009313,-0.18944507176014863,1.845676012043856,7.4,-0.21107144541960327,0.05793401557771366,0.75,5,0.4730235503152464,0.462,0.1018945533382428,5,0.40844699999999995,0.09890658664871621,0.31799999999999995,0.1236224089718365,5,0.2803399999999999,0.14432067008055363,0.39,0.14979152178945243,5,0.365721,0.1640813474469295,-0.14400000000000007,-0.07200000000000001,0.07200000000000006,-0.12810700000000003,-0.04272599999999993,0.0853810000000001
965,5,6,0,10,0,mid,early_r9+,2,2-4,1,1,1,1,2,0,0,0,0,0,1,2,0,2,2,0.25431378514866276,1,0.4489985282336682,0.19468474308500544,1,0,1,0.5799598270975663,0.5799598270975663,0.2712224,0.10259999999999891,0.5799598270975663,0.16337508491021102,49,-0.21,-0.27,0.060000000000000026,-0.765,-0.7324489795918367,-1.08,0.8700000000000001,0.32500000000000007,0.555,5,22,0.4489795918367347,1.9858859183673467,2.00646,2.00646,PostGuard,6,0.16326530612244897,0.5714285714285714,0.24489795918367346,0.060000000000000026,3,0,2.666510422521654,0.56,0.2,-1.21323,1,PostGuard,-1.21,-1.7438775510204083,49.0,10.0,4.0,0.20408163265306123,1.0,0.1,0.9216874876207622,4.9,0.7551020408163265,0.29201973610449317,0.17260351014623776,0.38583333333333336,0.0,0.4,4.0,-0.37,0.16,0.8,0.16998242212727893,0.4836953564205054,0.31371293429322644,1.9112257138698525,5.4,0.38909090909090904,0.22915802367214363,0.9,5,0.13735085757264134,0.322,0.16943287756512904,5,0.2914729999999999,0.14991150412826895,0.25,0.1858763029544111,5,0.148442,0.18369032505823488,0.229,0.06767569726275453,5,0.2047309999999999,0.12092877652775615,-0.07200000000000001,-0.093,-0.02099999999999999,-0.14303099999999994,-0.08674200000000001,0.05628899999999992
679,6,11,1,5,1,mid,mid_r5-8,5,5-8,2,3,2,3,5,-1,0,0,0,0,1,3,2,2,3,0.4336213111200121,1,0.5348834153579616,0.10126210423794946,1,0,1,0.3333108285084682,0.7146974231795931,0.4307858722089461,0.892489343353745,0.7146974231795931,0.40843771227552755,75,1.2,1.165,0.03499999999999992,0.63,0.6450666666666666,-0.06,1.26,0.30000000000000004,0.57,8,28,0.37333333333333335,1.6867922666666666,1.69351,1.64012,Hit,6,0.32,0.4266666666666667,0.24,0.1499999999999999,5,1,2.3872135838362354,0.25,0.49,0.37993999999999994,1,Hit,-0.655,-0.31373333333333336,75.0,15.0,4.0,0.18666666666666668,3.0,0.2,0.9055417020775665,5.0,0.7066666666666667,0.5018150719688124,0.15529164559904884,0.738,0.4,0.4,6.0,0.9850000000000001,0.215,0.6,0.1908996159872539,0.24723108868847063,0.056331472701216675,1.5775096184064454,4.2,0.1914285714285714,0.14564478939392483,0.9,5,0.10826307747716409,0.1499999999999999,0.0,5,0.2835499999999998,0.0,0.362,0.1583350877095788,5,0.3933679999999999,0.09647028108438375,0.2879999999999999,0.21902054698132775,5,0.33129099999999995,0.24005023871056658,0.21200000000000008,0.138,-0.07400000000000007,0.10981800000000008,0.047741000000000144,-0.06207699999999994
8496,6,8,0,8,0,mid,mid_r5-8,3,2-4,2,1,2,1,3,1,0,0,0,0,0,1,2,2,2,0.3548205215316612,1,0.3568097725619187,0.0019892510302574884,1,0,1,0.5367220854648044,0.7391583506750149,0.6389473257797096,0.15787223385453833,0.7391583506750149,0.2450626273653165,55,-0.22,-0.25,0.03,-0.495,-0.5071818181818181,-0.82,0.6,0.21999999999999997,0.275,24,51,0.9272727272727272,1.807966,1.8026,1.81428,PostGuard,6,0.14545454545454545,0.509090909090909,0.32727272727272727,0.03,6,0,2.460391567700636,0.58,0.175,-1.12714,1,PostGuard,-1.22,-1.7641818181818179,55.0,11.0,4.0,0.18181818181818182,1.0,0.09090909090909091,0.922364457913892,5.0,0.7090909090909091,0.34893412816398517,0.11417878984828048,0.3266666666666666,0.0,0.2,10.0,-0.41500000000000004,0.195,0.4,0.15968243354114783,0.23811547622772217,0.07843304268657429,1.7161713622495,6.4,0.16181818181818183,0.12414055414554606,0.85,5,0.24841413542037022,0.19699999999999993,0.051550945675128065,5,0.19185799999999983,0.056020550425714265,0.23299999999999996,0.07111610225539647,5,0.2196479999999999,0.09048716570597182,0.23799999999999993,0.07734662242140898,5,0.24605999999999986,0.10556907199791045,0.03600000000000003,0.04100000000000001,0.004999999999999977,0.027790000000000065,0.05420200000000003,0.026411999999999963
5943,4,8,0,8,0,mid,mid_r5-8,4,2-4,3,1,3,1,4,2,0,0,0,0,1,4,0,2,3,0.13301841920711893,1,0.47045057192546774,0.3374321527183488,2,0,2,0.4169994882531156,0.6197492850282917,0.5237686073923938,0.3472276306689897,0.6197492850282917,0.32675016982042204,61,0.09,0.075,0.015,-0.365,-0.35303278688524586,-0.77,0.86,0.3,0.45499999999999996,12,38,0.6229508196721312,1.9221575409836062,1.91246,2.06444,Hit,6,0.13114754098360656,0.45901639344262296,0.39344262295081966,0.015,5,1,2.6900777025682543,0.52,0.245,-0.931155,0,Draw,-1.5899999999999999,-2.3325409836065574,61.0,13.0,4.0,0.32786885245901637,3.0,0.23076923076923078,0.8259654762595228,4.6923076923076925,0.7213114754098361,0.2955380806423699,0.17742450930797704,0.6266666666666667,0.2,0.2,3.0,-0.011000000000000006,0.10099999999999998,0.2,0.1614180216013789,0.23478932385930706,0.07337130225792811,1.8070051481695661,8.4,0.1768822368078472,0.16024225634635153,0.8,5,0.19452383685652977,0.16099999999999998,0.2043404022703293,5,0.13819199999999995,0.16634316696215687,0.479,0.20659138413786765,5,0.42261299999999996,0.16457999550370628,0.13099999999999995,0.07326322406228103,5,0.09376899999999994,0.05230709086730026,0.318,-0.030000000000000027,-0.34800000000000003,0.28442100000000003,-0.04442300000000002,-0.328844
5903,2,8,0,8,0,mid,mid_r5-8,2,2-4,1,1,1,1,2,0,0,0,0,0,1,1,1,2,2,0.15327531652634369,1,0.6016604604858882,0.4483851439595445,1,0,1,0.7471815951399268,0.7471815951399268,0.025783600000000004,0.3727000000000018,0.7471815951399268,0.16337508491021102,49,-0.16,-0.195,0.035,-0.505,-0.49459183673469387,-1.025,0.8649999999999999,0.18999999999999995,0.345,15,44,0.8979591836734694,1.7808869387755104,1.7796,1.86397,PostGuard,6,0.16326530612244897,0.5714285714285714,0.24489795918367346,0.05499999999999999,6,0,2.597941566067847,0.535,0.2,-1.06921,0,PostGuard,-1.17,-1.5619387755102043,49.0,10.0,4.0,0.20408163265306123,2.0,0.2,0.9085299613662731,4.9,0.7551020408163265,0.4145377327712362,0.11293807516970791,0.5066666666666666,0.0,0.4,10.0,-0.271,0.11099999999999999,0.2,0.0704656514479586,0.07393939393939392,0.0034737424914353054,1.5427826304651773,5.2,0.09333333333333331,0.12105856864328804,0.85,5,0.31352315824087357,0.319,0.18649396773086252,5,0.28694300000000006,0.1642750588799165,0.23199999999999998,0.18992103622295242,5,0.24204400000000006,0.17542046065810002,0.22599999999999998,0.18726318378154314,5,0.24350600000000006,0.1793997477144269,-0.08700000000000002,-0.09300000000000003,-0.006000000000000005,-0.044898999999999994,-0.043437,0.001461999999999991
6148,6,6,0,10,0,mid,early_r9+,2,2-4,1,1,1,1,2,0,0,0,0,0,0,1,1,1,2,0.022865553902978102,1,1.0903778378910705,1.0675122839880924,1,0,1,1.0828087819583359,1.0828087819583359,0.27578234999999995,0.4659000000000013,1.0828087819583359,0.16337508491021102,49,-0.165,-0.265,0.1,-0.795,-0.7940816326530612,-1.36,1.195,0.33499999999999996,0.63,4,15,0.30612244897959184,2.023393469387755,2.01504,2.10185,PostGuard,6,0.16326530612244897,0.5714285714285714,0.24489795918367346,0.1,4,0,2.7692527064392847,0.53,0.225,-1.2159250000000001,1,PostGuard,-1.165,-2.035816326530612,49.0,10.0,4.0,0.24489795918367346,2.0,0.2,0.915780366686926,4.9,0.7551020408163265,0.5761167946160625,0.15399450707545154,1.0950000000000002,0.0,0.4,12.0,-0.30900000000000005,0.14399999999999996,0.8,0.09992556182332497,0.4445648277959949,0.34463926597266986,1.9245921057792166,5.2,0.42787878787878786,0.09911731333732857,0.8,5,0.370382621139294,0.41999999999999993,0.2025462910052909,5,0.40578099999999984,0.2264619374585937,0.46399999999999997,0.11813128290169374,5,0.35135899999999987,0.1575062195359281,0.20299999999999999,0.14350958156165042,5,0.10792499999999985,0.14730438554231853,0.04400000000000004,-0.21699999999999994,-0.261,-0.05442199999999997,-0.297856,-0.243434
67,4,10,0,6,0,mid,mid_r5-8,2,2-4,1,1,1,1,2,0,0,0,0,0,1,2,0,2,2,0.05315209395771586,1,0.4852023015807023,0.43205020762298646,1,0,1,0.4430959715061311,0.4430959715061311,0.028168199999999997,0.21975000000000122,0.4430959715061311,0.16337508491021102,49,-0.245,-0.38,0.135,-0.735,-0.7445918367346939,-1.295,1.0499999999999998,0.31000000000000005,0.49,6,25,0.5102040816326531,1.638587142857143,1.63229,1.69852,PostGuard,6,0.16326530612244897,0.5714285714285714,0.24489795918367346,0.135,5,0,2.394080020264168,0.53,0.165,-1.09426,1,PostGuard,-1.245,-1.4841836734693876,49.0,10.0,4.0,0.24489795918367346,2.0,0.2,0.8568422073335263,4.9,0.7551020408163265,0.34346760621210787,0.16506390479670752,0.45599999999999996,0.0,0.6,12.0,-0.513,0.268,0.6,0.08977575156171462,0.20951060556225798,0.1197348540005434,1.5818203749241433,3.8,0.09090909090909088,0.10008821729239123,0.85,5,0.42357969570854404,0.30699999999999994,0.06260990336999407,5,0.3161799999999999,0.09998577961390312,0.283,0.1764440421210079,5,0.281786,0.17444224955554777,0.40199999999999997,0.17873164241398334,5,0.4074639999999999,0.10810579860719789,-0.023999999999999966,0.09500000000000003,0.119,-0.034393999999999925,0.09128399999999998,0.1256779999999999
2672,0,11,1,5,1,mid,mid_r5-8,3,2-4,1,2,1,2,3,-1,0,0,0,0,1,2,1,2,2,0.11552600390046193,1,0.438286312386047,0.32276030848558507,1,0,1,0.5423082564890996,0.6872994401976521,0.13909852505928624,0.6084976928651605,0.6872994401976521,0.2450626273653165,59,0.705,0.645,0.05999999999999994,0.345,0.33983050847457624,-0.035,0.74,0.18,0.36,15,49,0.8305084745762712,1.584729322033898,1.57579,1.68463,Hit,6,0.2711864406779661,0.5084745762711864,0.2033898305084746,0.05999999999999994,6,1,2.396617062670164,0.34,0.35,-0.08481000000000005,0,Draw,-0.06500000000000006,-0.4933050847457628,59.0,12.0,4.0,0.20338983050847456,3.0,0.25,0.8710719314713163,4.916666666666667,0.7457627118644068,0.13558202642484318,0.14800800307252043,0.2616666666666667,0.2,0.2,3.0,0.515,0.19,0.2,0.0652733517973718,0.07414001044222415,0.00886665864485236,1.4668870502729356,6.2,-0.06293706293706294,0.058299752212987,0.85,5,0.34693467790317606,0.3289999999999999,0.06895650803223724,5,0.2885799999999999,0.10637591456716129,0.13699999999999996,0.1878030883665122,5,0.15595599999999996,0.14190717883532172,0.21899999999999994,0.17622428890479314,5,0.15980899999999995,0.17767012777898256,-0.19199999999999995,-0.10999999999999996,0.08199999999999999,-0.13262399999999994,-0.12877099999999994,0.0038529999999999953
4467,0,8,0,8,0,mid,mid_r5-8,3,2-4,1,2,1,2,3,-1,0,0,0,0,1,2,1,2,3,0.21423524976996286,1,0.3945649707774925,0.18032972100752961,1,0,1,0.5798525172743841,0.6726608512450718,0.41191954497224603,0.23758343095987663,0.6726608512450718,0.2450626273653165,59,-0.565,-0.655,0.09000000000000008,-0.935,-0.9520338983050847,-1.375,0.81,0.19750000000000023,0.3700000000000001,10,47,0.7966101694915254,1.9415784745762714,1.94615,2.03612,Draw,6,0.2711864406779661,0.5084745762711864,0.2033898305084746,0.09000000000000008,6,0,2.7053235412838643,0.615,0.17,-1.581655,0,Hit,-0.725,-1.7123728813559325,59.0,12.0,4.0,0.1694915254237288,4.0,0.3333333333333333,0.8764434491277692,4.916666666666667,0.7627118644067796,0.2410979244549541,0.14833932652874454,0.3799999999999999,0.0,0.2,10.0,-0.7459999999999999,0.18100000000000005,1.0,0.08854009694440404,0.1598142271133615,0.07127413016895745,1.890106871152031,7.4,0.19860139860139864,0.17933433998666953,0.7,5,0.36991242391458473,0.28099999999999997,0.09482879309576808,5,0.2510769999999999,0.07271311381037128,0.30699999999999994,0.13859112525699466,5,0.2274969999999999,0.09511333749795559,0.23600000000000004,0.07519973404208294,5,0.18545999999999987,0.06571050933830912,0.025999999999999968,-0.04499999999999993,-0.0709999999999999,-0.02357999999999999,-0.06561700000000001,-0.04203700000000002
2516,5,8,0,8,0,mid,mid_r5-8,3,2-4,2,1,2,1,3,1,0,0,0,0,1,2,1,2,3,0.14787478341150656,1,0.4611483285234808,0.31327354511197425,2,0,2,0.3163635713052313,0.6205604826515491,0.3096584266923081,0.5529284643303044,0.6205604826515491,0.2450626273653165,55,0.135,-0.005,0.14,-0.34,-0.33209090909090916,-0.83,0.965,0.2675,0.47500000000000003,8,32,0.5818181818181818,1.9000543636363638,1.89229,1.72243,PostGuard,6,0.14545454545454545,0.509090909090909,0.32727272727272727,0.17500000000000002,5,0,2.3853900922526243,0.495,0.215,-0.7262149999999999,1,PostGuard,-2.55,-2.4668181818181822,55.0,11.0,4.0,0.2909090909090909,2.0,0.18181818181818182,0.8891675931173865,5.0,0.7454545454545455,0.3423407543803267,0.1502576234463938,0.38666666666666655,0.0,0.0,6.0,-0.06100000000000001,0.196,0.6,0.02210505029028358,-0.03843153933892189,-0.060536589629205474,1.853757289613793,7.8,-0.04363636363636364,0.001402738466347009,0.9,5,0.26487751293601,0.343,0.21770392738763353,5,0.44390100000000005,0.1925428236912506,0.41200000000000003,0.19469848484258936,5,0.4897990000000001,0.1913855122325094,0.219,0.08339664261827326,5,0.3181800000000001,0.1034720493055975,0.069,-0.12400000000000003,-0.19300000000000003,0.04589800000000005,-0.12572099999999997,-0.17161900000000002
7892,3,13,1,3,1,late,late_r2-4,5,5-8,2,3,2,3,5,-1,0,0,0,0,0,2,3,1,5,0.4661384903234204,1,0.7712710899703177,0.30513259964689726,1,0,1,0.47806923821659936,0.5922348314460743,0.7001207600845442,0.3431703192293879,0.5922348314460743,0.40843771227552755,75,1.305,1.13,0.17500000000000004,0.545,0.5414,-0.175,1.48,0.26250000000000007,0.7599999999999999,2,8,0.10666666666666667,1.4976289333333332,1.48693,1.44291,PostGuard,6,0.32,0.4266666666666667,0.24,0.32499999999999996,3,0,2.151291524105155,0.19,0.555,0.583545,1,PostGuard,-0.24,-0.23986666666666673,75.0,15.0,4.0,0.21333333333333332,4.0,0.26666666666666666,0.8374543474266553,5.0,0.6533333333333333,0.4076453679911796,0.18216532918575448,0.6575,0.0,0.4,8.0,0.78,0.5249999999999999,0.4,0.3115500047305998,0.5564993626763698,0.24494935794577,1.4323912201168043,3.4,0.5362033016420251,0.26712322802923155,0.9,5,0.17325426324423177,0.45999999999999985,0.0,5,0.48201,0.0,0.6569999999999999,0.08497058314499202,5,0.741292,0.10600751067731003,0.599,0.21573710853721945,5,0.625594,0.23093783523385683,0.19700000000000006,0.13900000000000012,-0.05799999999999994,0.25928199999999996,0.143584,-0.11569799999999997
1789,6,12,0,4,0,late,late_r2-4,2,2-4,1,1,1,1,2,0,0,0,0,0,1,2,0,1,2,0.12988949356880558,1,0.6637821213149985,0.5338926277461928,1,0,1,0.5671727583912637,0.5671727583912637,0.0182273,0.2829999999999977,0.5671727583912637,0.16337508491021102,49,0.475,0.465,0.009999999999999953,-0.495,-0.40193877551020407,-0.965,1.44,0.385,0.97,6,7,0.14285714285714285,1.461433673469388,1.48091,1.33018,PreGuard,6,0.16326530612244897,0.5714285714285714,0.24489795918367346,0.009999999999999953,3,0,1.7981030762585557,0.255,0.155,-0.19008999999999998,1,PreGuard,-0.525,-1.2644897959183674,49.0,10.0,4.0,0.1836734693877551,1.0,0.1,0.9398390953125855,4.9,0.7551020408163265,0.6051568830072199,0.1873938371120787,1.175,0.2,1.0,4.0,0.382,0.09299999999999997,1.0,0.38731124353401647,0.5521863438361215,0.16487510030210512,1.427279363312723,1.0,0.5054545454545454,0.3658484760366981,0.9,5,0.2558566168005041,0.03199999999999998,0.07155417527999323,5,0.033733,0.07542928108500041,0.21599999999999997,0.23330237889914457,5,0.22516499999999998,0.2511626110958795,0.0979999999999999,0.08497058314499197,5,0.10166399999999998,0.09174858012525319,0.184,0.06599999999999992,-0.11800000000000006,0.191432,0.06793099999999998,-0.123501
2748,6,14,0,2,0,late,late_r2-4,4,2-4,2,2,2,2,4,0,0,0,0,0,1,2,2,1,1,0.4003580423371045,1,1.2866400889452316,0.8862820466081271,1,0,1,0.8856731885074755,0.8912973805798666,0.5449936094875334,1.0501094157277118,0.8912973805798666,0.32675016982042204,65,1.025,0.71,0.31499999999999995,0.115,0.03076923076923076,-1.165,2.19,0.36,0.9099999999999999,1,6,0.09230769230769231,1.2140656923076922,1.16344,1.34327,Draw,6,0.24615384615384617,0.46153846153846156,0.27692307692307694,0.5049999999999999,1,0,1.7179672968123434,0.27,0.53,0.35336499999999993,1,Draw,-1.0100000000000002,-1.3235384615384618,65.0,13.0,4.0,0.26153846153846155,5.0,0.38461538461538464,0.7966967658486418,5.0,0.7230769230769231,0.6779856461015954,0.23911346912873305,1.7025000000000001,0.4,1.0,17.0,0.768,0.25699999999999995,0.6,0.5334626905146751,0.7708702759966738,0.23740758548199867,1.148309303182993,4.0,0.7751911545582656,0.5242687347663821,0.85,5,0.1593130268620766,0.4149999999999999,0.0,5,0.39296,0.0,0.4119999999999999,0.0027386127875258315,5,0.3989629999999999,0.005479964187839142,0.2579999999999999,0.2470222662028668,5,0.25271299999999997,0.264313315796802,-0.0030000000000000027,-0.15700000000000003,-0.15400000000000003,0.006002999999999925,-0.140247,-0.14624999999999994
5555,0,12,0,4,0,late,late_r2-4,4,2-4,2,2,2,2,4,0,0,0,0,0,1,3,1,3,4,0.2589290659022273,1,0.41784458150010684,0.15891551559787953,1,0,1,0.36137506678795583,0.43775492203336813,0.1986526502919103,0.35946987704117883,0.43775492203336813,0.32675016982042204,65,0.685,0.655,0.030000000000000027,-0.39,-0.23730769230769233,-1.035,1.72,0.635,1.0750000000000002,6,15,0.23076923076923078,1.5892704615384616,1.60122,1.39132,Freeze,6,0.24615384615384617,0.46153846153846156,0.27692307692307694,0.030000000000000027,3,0,2.014876197530029,0.26,0.24,-0.010659999999999892,1,Freeze,-0.31499999999999995,-1.0687692307692307,65.0,13.0,4.0,0.18461538461538463,4.0,0.3076923076923077,0.8894197225156775,5.0,0.7384615384615385,0.5713532754872612,0.25479291750916827,1.2874999999999999,0.0,0.8,12.0,0.388,0.29700000000000004,0.8,0.4688809452079049,0.6477866939444543,0.17890574873654946,1.6299491719970969,3.4,0.6441466311604493,0.4511347839448798,0.95,5,0.21907148184630537,0.5660000000000001,0.17840964099509873,5,0.6824680000000001,0.2561397182349899,0.445,0.0,5,0.5334130000000001,0.020321385779518062,0.458,0.20957099035887577,5,0.5453690000000001,0.24430934011514988,-0.12100000000000005,-0.10800000000000004,0.013000000000000012,-0.14905499999999994,-0.13709899999999997,0.011955999999999967
5662,6,14,0,2,0,late,late_r2-4,2,2-4,1,1,1,1,2,0,0,0,0,0,1,1,1,1,2,0.33952879414896275,1,0.855126446804799,0.5155976526558362,1,0,1,1.18853611436769,1.18853611436769,0.03390625,0.5932999999999993,1.18853611436769,0.16337508491021102,49,0.825,0.805,0.019999999999999907,0.005,-0.05142857142857143,-0.89,1.7149999999999999,0.26,0.82,6,8,0.16326530612244897,1.0734899387755104,1.11758,0.710194,PostGuard,6,0.16326530612244897,0.5714285714285714,0.24489795918367346,0.1449999999999999,3,0,0.9278394808124513,0.115,0.065,0.46990299999999996,1,PostGuard,-0.17500000000000004,-0.9827551020408162,49.0,10.0,4.0,0.40816326530612246,3.0,0.3,0.7682811834668342,4.9,0.7551020408163265,0.5995920747244592,0.2640757063033678,1.212,0.2,1.0,20.0,0.756,0.06899999999999992,1.0,0.6202020421117176,0.6956520142051803,0.07544997209346284,0.969187423097814,3.0,0.7122826455648462,0.6412018820730283,0.9,5,0.22281683830751728,0.345,0.0,5,0.553288,0.0,0.5529999999999999,0.382191051700586,5,0.7376753999999999,0.5285214779932553,0.1259999999999999,0.0597285526360718,5,0.15888589999999989,0.0804398664239319,0.20799999999999996,-0.21900000000000008,-0.42700000000000005,0.18438739999999987,-0.3944021000000001,-0.5787895
5064,7,14,0,2,0,late,late_r2-4,5,5-8,3,2,2,2,4,0,0,0,0,0,1,3,1,1,4,0.37789963501437573,1,0.6492541594175605,0.27135452440318475,1,0,1,0.4062025573540866,0.8914148059267439,0.7913418242104987,0.6955630455968749,0.8035989771898232,0.32675016982042204,65,0.845,0.675,0.16999999999999993,-0.89,-0.5968461538461538,-2.395,3.24,1.495,1.7349999999999999,7,12,0.18461538461538463,1.5229349076923078,1.52614,0.800609,Draw,6,0.24615384615384617,0.46153846153846156,0.27692307692307694,0.17499999999999993,3,0,1.0169855590139951,0.11,0.085,0.44469549999999997,1,Draw,-0.15500000000000003,-1.6125384615384617,65.0,13.0,4.0,0.24615384615384617,6.0,0.46153846153846156,0.8400407802682734,5.0,0.7076923076923077,0.4152817742832176,0.5667438882043344,2.1035714285714286,0.4,1.0,16.0,0.735,0.10999999999999996,1.0,0.7587131761262587,0.8063625216289179,0.04764934550265924,1.5059120932096837,3.2,0.8447286025423976,0.8005495506254281,0.95,5,0.11245264285650877,0.595,0.0,5,0.9358955,0.0,0.619,0.3403380672214027,5,0.9058235,0.31248911676248825,0.31399999999999995,0.19498076828241295,5,0.5746349999999999,0.2777339133190256,0.02400000000000002,-0.281,-0.30500000000000005,-0.030071999999999988,-0.3612605000000001,-0.3311885000000001
3882,7,13,1,3,1,late,late_r2-4,5,5-8,1,4,1,4,5,-3,0,0,0,0,1,5,0,3,4,0.12411267218463341,1,0.4283382453167129,0.3042255731320795,1,0,1,0.31367504912888716,0.5327284510726955,0.7466825376368632,0.14061991324133366,0.5327284510726955,0.40843771227552755,79,1.075,1.045,0.030000000000000027,0.09,0.19784810126582278,-0.61,1.685,0.5774999999999999,0.985,10,15,0.189873417721519,1.6720027848101267,1.68698,1.31885,Draw,6,0.4050632911392405,0.43037974683544306,0.1518987341772152,0.030000000000000027,3,0,1.9309361375101752,0.17,0.45,0.4219099999999999,0,Hit,-0.17000000000000015,-0.6612658227848102,79.0,16.0,4.0,0.17721518987341772,5.0,0.3125,0.8789960670578983,4.9375,0.7341772151898734,0.60055464713553,0.23471037144380894,1.245,0.4,0.6,14.0,1.0370000000000001,0.03799999999999999,1.0,0.42371529173548916,0.6685524972831327,0.24483720554764354,1.5395060906072602,3.4,0.5897593195511792,0.3960636674111879,0.8,5,0.14592759555533197,0.485,0.0,5,0.6399799999999999,0.0,0.2839999999999999,0.16546903033498447,5,0.3604939999999999,0.1740756559803811,0.12499999999999996,0.11412712210513322,5,0.1642889999999999,0.1450751737203854,-0.20100000000000007,-0.36000000000000004,-0.15899999999999997,-0.27948599999999996,-0.475691,-0.19620500000000002
7024,4,13,1,3,1,late,late_r2-4,4,2-4,2,2,2,2,4,0,0,0,0,0,1,4,0,2,3,0.23571332038940823,1,0.4342535800669921,0.19854025967758387,1,0,1,0.31668473835030314,0.6011225092956847,0.7838127921699081,0.10009688743912026,0.6011225092956847,0.32675016982042204,65,0.925,0.9,0.025000000000000022,0.25,0.25923076923076926,-0.375,1.3,0.41500000000000004,0.675,9,19,0.2923076923076923,1.5020875384615389,1.49863,1.37455,Freeze,6,0.24615384615384617,0.46153846153846156,0.27692307692307694,0.025000000000000022,4,0,2.055112119276676,0.23,0.305,0.23772500000000008,1,Freeze,-0.07499999999999996,-0.5287692307692308,65.0,13.0,4.0,0.15384615384615385,3.0,0.23076923076923078,0.9128492541915291,5.0,0.7538461538461538,0.424824077689215,0.23669654555607997,0.7216666666666667,0.0,0.2,10.0,0.613,0.31200000000000006,0.2,0.3714312892327,0.34857387391887495,-0.022857415313825104,1.37861091291763,8.0,0.29025509940848465,0.3304419029682876,0.9,5,0.253971551545567,0.1100000000000001,0.0,5,0.0767100000000001,0.0,0.485,0.19480759738778158,5,0.47813800000000006,0.16496618860390752,0.354,0.2580794451326956,5,0.475799,0.2857092493558793,0.3749999999999999,0.24399999999999988,-0.131,0.40142799999999995,0.3990889999999999,-0.0023390000000000355
1439,6,14,0,2,0,late,late_r2-4,5,5-8,3,2,2,2,4,0,0,0,0,0,1,2,2,3,4,0.5104501842736476,1,0.5291748183058204,0.018724634032172727,1,0,1,0.4805132718687523,0.884679993373837,0.8770418958579901,0.5988973300992418,0.6604081057651975,0.32675016982042204,65,1.135,0.855,0.28,-0.34,-0.42330769230769233,-2.035,3.17,0.42,1.475,1,2,0.03076923076923077,1.3547066153846155,1.33581,1.21933,Freeze,6,0.24615384615384617,0.46153846153846156,0.27692307692307694,0.28,2,0,1.7868436017022384,0.19,0.5,0.525335,1,Freeze,-0.865,-1.2141538461538464,65.0,13.0,4.0,0.21538461538461542,3.0,0.23076923076923078,0.9032485221995378,5.0,0.7384615384615385,0.7390305219633053,0.2803512867375561,1.9216666666666664,0.4,1.0,6.0,0.873,0.262,0.6,0.5796815112074094,0.8213385126072387,0.24165700139982932,1.344448159983087,1.4,0.832967032967033,0.6021407721051208,0.9,5,0.05354667501517542,0.0,0.0,5,0.0,0.0,0.554,0.5159263513332112,5,0.690652,0.6163027107842379,0.268,0.3186220331364421,5,0.305713,0.3189610386003281,0.554,0.268,-0.28600000000000003,0.690652,0.305713,-0.38493900000000003
5803,1,12,0,4,0,late,late_r2-4,4,2-4,3,1,3,1,4,2,0,0,0,0,1,4,0,2,3,0.13440801166597416,1,0.49750171614722083,0.36309370448124667,1,0,1,0.359746623194715,0.3949868660637289,0.5777698066685318,0.19465526418517393,0.3949868660637289,0.32675016982042204,61,0.17,0.095,0.07500000000000001,-0.43,-0.41516393442622945,-1.23,1.4,0.25000000000000006,0.6,7,20,0.32786885245901637,1.569244262295082,1.55679,1.85502,Draw,6,0.13114754098360656,0.45901639344262296,0.39344262295081966,0.14500000000000002,5,0,2.505030207589212,0.48,0.225,-0.7575099999999999,1,Draw,-0.64,-1.3253278688524588,61.0,13.0,4.0,0.32786885245901637,6.0,0.46153846153846156,0.7994869552783607,4.6923076923076925,0.7377049180327869,0.2330391731392413,0.20882589768528184,0.6,0.2,0.6,7.0,-0.09200000000000001,0.262,0.4,0.18679864494659876,0.17825269601827792,-0.008545948928320835,1.4719250773690624,3.2,0.263808868385561,0.21159033839028107,0.75,5,0.39578882449201447,0.06,0.03354101966249685,5,0.04528400000000008,0.025314525573275164,0.539,0.38401497366639237,5,0.394635,0.39545055082778685,0.43600000000000005,0.05920304046246273,5,0.25410600000000005,0.08081426903709521,0.47900000000000004,0.37600000000000006,-0.10299999999999998,0.3493509999999999,0.20882199999999998,-0.14052899999999996
3151,1,13,1,3,1,late,late_r2-4,3,2-4,2,1,2,1,3,1,0,0,0,0,1,2,1,1,2,0.4086216205745859,1,1.1692009478481455,0.7605793272735597,1,0,1,1.0891486879962746,1.2000682163638332,0.38935251727002984,0.8149694895447878,1.2000682163638332,0.2450626273653165,55,1.77,1.63,0.14000000000000012,0.745,0.8184545454545454,0.275,1.495,0.26,1.025,6,8,0.14545454545454545,1.3314185454545457,1.30579,1.34056,Hit,6,0.14545454545454545,0.509090909090909,0.32727272727272727,0.14000000000000012,3,1,1.9521236020058002,0.14,0.69,1.09972,1,Hit,0.040000000000000036,-0.4200000000000001,55.0,11.0,4.0,0.21818181818181817,3.0,0.2727272727272727,0.8693889696354624,5.0,0.7818181818181819,0.5063812017393756,0.22570628416899602,1.1075,0.2,1.0,6.0,1.654,0.11600000000000006,1.0,0.3902240898669875,0.7337095056897066,0.3434854158227191,1.3060038681198103,3.0,0.5657074741545367,0.31087935510298387,0.85,5,0.10223481330755665,0.43999999999999984,0.0,5,0.41607500000000003,0.0,0.593,0.5728939692473642,5,0.6100960000000001,0.5368715782009699,0.41600000000000004,0.36858513263559617,5,0.438413,0.3658289867137376,0.15300000000000014,-0.0239999999999998,-0.17699999999999994,0.19402100000000005,0.02233799999999997,-0.17168300000000009
7510,6,12,0,4,0,late,late_r2-4,4,2-4,3,1,3,1,4,2,0,0,0,0,1,2,2,3,4,0.15491722086959955,1,0.3633504871553086,0.20843326628570905,1,0,1,0.32710820590576517,0.5407297839561339,0.23824214124185059,0.5052025058083149,0.5407297839561339,0.32675016982042204,61,0.95,0.88,0.06999999999999995,0.285,0.2486065573770492,-0.585,1.535,0.74,0.665,13,24,0.39344262295081966,1.7899496721311474,1.7922,1.69337,PostGuard,6,0.13114754098360656,0.45901639344262296,0.39344262295081966,0.07499999999999996,5,0,2.5269116036561186,0.275,0.395,0.10611499999999996,0,PostGuard,-0.050000000000000044,-0.873360655737705,61.0,13.0,4.0,0.19672131147540983,2.0,0.15384615384615385,0.9225839070843872,4.6923076923076925,0.8360655737704918,0.45663173371296406,0.27652206055751194,1.1400000000000001,0.2,0.2,12.0,0.7299999999999999,0.21999999999999997,0.8,0.47693222261899226,0.59818958831655,0.12125736569755759,1.6816338506244033,6.6,0.6090286864982852,0.5088077522077772,0.85,5,0.2477473847430479,0.867,0.47122977410176453,5,0.8583719999999999,0.4200741906139915,0.425,0.17388933262279205,5,0.472482,0.16330037387434235,0.352,0.10028708790268069,5,0.38640099999999994,0.10725216258891943,-0.442,-0.515,-0.07300000000000001,-0.3858899999999999,-0.471971,-0.08608100000000007
2961,4,12,0,4,0,late,late_r2-4,4,2-4,3,1,3,1,4,2,0,0,0,0,1,3,1,2,3,0.09047705433423484,1,0.24604403216497653,0.1555669778307417,1,0,1,0.33511437977054936,0.7970069849421477,0.8085628491029624,0.3269259195521214,0.7970069849421477,0.32675016982042204,61,0.905,0.855,0.050000000000000044,0.185,0.1954098360655738,-0.6,1.505,0.67,0.72,8,23,0.3770491803278688,1.7040177049180323,1.713,1.55434,PostGuard,6,0.13114754098360656,0.45901639344262296,0.39344262295081966,0.050000000000000044,5,0,2.2002679158197975,0.245,0.305,0.12783,1,PostGuard,-0.09499999999999997,-1.0511475409836066,61.0,13.0,4.0,0.19672131147540983,3.0,0.23076923076923078,0.9007768907980683,4.6923076923076925,0.7704918032786885,0.48360456033732957,0.24567648468002873,0.9456249999999999,0.2,0.8,8.0,0.731,0.174,0.8,0.309777092263246,0.5176144922868107,0.2078374000235647,1.6618214366380843,3.2,0.49626502202308254,0.29318952543201465,0.85,5,0.10922207576700013,0.589,0.2120554172851993,5,0.6343880000000001,0.13423244641292956,0.8230000000000001,0.6568542456283586,5,0.8750119999999999,0.6374101289456421,0.227,0.18690238093721548,5,0.258453,0.22841990170517107,0.2340000000000001,-0.362,-0.5960000000000001,0.24062399999999984,-0.3759350000000001,-0.6165589999999999
7703,0,12,0,4,0,late,late_r2-4,3,2-4,2,1,1,1,2,0,0,0,0,0,0,2,0,2,2,0.3836593040706814,1,0.6086222381814506,0.22496293411076917,1,0,1,0.7895642894464006,1.2758177591579083,1.0604279204284572,0.7084918552029295,0.7895642894464006,0.16337508491021102,49,0.21,0.15,0.06,-0.92,-0.7938775510204082,-1.46,1.67,0.9850000000000001,1.1300000000000001,4,12,0.24489795918367346,1.5678973469387756,1.57858,1.50529,Hit,6,0.16326530612244897,0.5714285714285714,0.24489795918367346,0.06,3,1,2.1298620653017366,0.48,0.21,-0.542645,1,Hit,-1.73,-1.9437755102040815,49.0,10.0,4.0,0.24489795918367346,2.0,0.2,0.8959424895620829,4.9,0.7755102040816326,0.5488557913333434,0.3033048526441293,1.2666666666666666,0.4,1.0,6.0,-0.003000000000000014,0.213,1.0,0.6003428942608294,0.728711778615905,0.12836888435507549,1.4896414384817973,1.8,0.7648484848484849,0.6246429214629841,1.0,5,0.10694639943693292,0.6199999999999999,0.36076308015094893,5,0.708947,0.3498867856464431,0.324,0.19037463066280655,5,0.30211199999999994,0.17567217325888576,0.26799999999999996,0.33221980675450397,5,0.3023529999999999,0.3640109936114566,-0.2959999999999999,-0.3519999999999999,-0.05600000000000005,-0.40683500000000006,-0.40659400000000007,0.00024099999999999122
254,6,14,0,2,0,late,late_r2-4,3,2-4,2,1,2,1,3,1,0,0,0,0,1,2,1,3,3,0.3547661735411067,1,0.42935931089123813,0.07459313735013146,1,0,1,0.4738604690201532,0.5013552230998742,0.21905213945542737,0.270262222459759,0.5013552230998742,0.2450626273653165,55,0.98,0.975,0.0050000000000000044,0.065,0.10563636363636364,-0.85,1.83,0.74,0.915,4,16,0.2909090909090909,1.296950490909091,1.30414,1.51644,Hit,6,0.14545454545454545,0.509090909090909,0.32727272727272727,0.0050000000000000044,3,1,2.0409399413543214,0.32,0.45,0.43315499999999996,0,Draw,-1.96,-0.924,55.0,11.0,4.0,0.2545454545454545,2.0,0.18181818181818182,0.8742009841433414,5.0,0.7090909090909091,0.48703510102503655,0.28295962759279253,1.28,0.4,0.4,6.0,0.977,0.0030000000000000027,1.0,0.6083292297208099,0.7667471757857541,0.15841794606494428,1.2779775769672979,5.4,0.7490909090909091,0.5980763946388468,0.85,5,0.2367930253046457,0.0,0.0,5,0.21137499999999992,0.0,0.578,0.47628247920745514,5,0.8432499999999999,0.3632045215852908,0.2,0.18462800437636756,5,0.3683739999999999,0.1929377576577483,0.578,0.2,-0.37799999999999995,0.631875,0.156999,-0.474876
5034,2,14,0,2,0,late,late_r2-4,4,2-4,3,1,3,1,4,2,0,0,0,0,1,2,2,2,3,0.2659200810036745,1,0.3967336104541642,0.13081352945048974,2,0,2,0.656425486928255,0.8486456719916611,0.6554491705130535,0.45633505782483796,0.8486456719916611,0.32675016982042204,61,1.75,1.635,0.11499999999999999,0.47,0.6170491803278688,-0.13,1.88,0.735,1.28,4,7,0.11475409836065574,1.4949100000000002,1.5138,1.20727,PostGuard,6,0.13114754098360656,0.45901639344262296,0.39344262295081966,0.1499999999999999,2,0,1.9936514316895357,0.085,0.65,1.1463649999999999,1,PostGuard,-1.12,-1.600983606557377,61.0,13.0,4.0,0.26229508196721313,4.0,0.3076923076923077,0.8343405575529138,4.6923076923076925,0.6885245901639344,0.4284026999777216,0.35420520665307204,1.35,0.4,1.0,5.0,1.6649999999999998,0.085,1.0,0.5174165473613391,0.7168804124001494,0.19946386503881014,1.4192185393606735,3.0,0.643956043956044,0.4717696889280079,0.85,5,0.14101193191880457,0.1499999999999999,0.0,5,0.22459999999999977,0.0,0.744,0.5454516477195755,5,0.8730799999999999,0.5967109145034133,0.281,0.3772333495331504,5,0.35561099999999995,0.42003850359818207,0.5940000000000001,0.13100000000000012,-0.46299999999999997,0.6484800000000001,0.13101100000000018,-0.517469
9062,0,13,1,3,1,late,late_r2-4,5,5-8,1,4,1,4,5,-3,0,0,0,0,1,3,2,2,3,0.20422917543779054,1,0.4715389769350981,0.26730980149730754,1,0,1,0.4987475246695504,0.8350864923455413,1.0318087549390924,0.27221198651051437,0.8350864923455413,0.40843771227552755,79,1.335,1.275,0.06000000000000005,0.29,0.47132911392405064,-0.415,1.75,0.7625000000000001,1.045,14,21,0.26582278481012656,1.566711392405063,1.62357,1.3538,Draw,6,0.4050632911392405,0.43037974683544306,0.1518987341772152,0.06000000000000005,4,0,2.0235849464438536,0.16,0.545,0.755535,0,PostGuard,-0.56,-0.6106962025316456,79.0,16.0,4.0,0.1518987341772152,3.0,0.1875,0.9205949500570331,4.9375,0.7341772151898734,0.42220295788015294,0.3016806649935246,1.0292857142857141,0.2,1.0,7.0,1.198,0.137,1.0,0.45130441650275266,0.7002712823368282,0.24896686583407557,1.550217843766076,1.0,0.6411764705882352,0.4234858152266413,0.9,5,0.07518648477420105,0.24,0.0,5,0.47231999999999996,0.0,0.576,0.32617863204078834,5,0.711101,0.3508823727298081,0.353,0.3539173632361092,5,0.46780599999999994,0.39513535599209554,0.33599999999999997,0.11299999999999999,-0.22299999999999998,0.23878100000000002,-0.004514000000000018,-0.24329500000000004
3846,3,14,0,2,0,late,late_r2-4,4,2-4,3,1,3,1,4,2,0,0,0,0,1,3,1,0,3,0.7082477275643034,1,0.7361562698123297,0.027908542248026302,1,0,1,0.5016080507168951,0.7101645042353575,0.33653011795723053,0.7790078048389494,0.7101645042353575,0.32675016982042204,61,1.46,1.19,0.27,0.095,0.2082786885245902,-0.915,2.375,0.3,1.365,1,9,0.14754098360655737,1.478453721311475,1.5264,1.41365,Hit,6,0.13114754098360656,0.45901639344262296,0.39344262295081966,0.30000000000000004,3,1,2.132021921476717,0.185,0.55,0.7531749999999999,1,Hit,-2.07,-0.8708196721311476,61.0,13.0,4.0,0.19672131147540983,4.0,0.3076923076923077,0.8884297651499488,4.6923076923076925,0.7213114754098361,0.4044430466053422,0.3349951118411622,2.1816666666666666,1.0,1.0,1.0,1.46,0.0,1.0,0.440561067075777,0.5255265126282438,0.08496544555246678,1.4642858194798316,1.2,0.5791208791208791,0.4763970267180251,0.95,5,0.20451040520514796,0.0,0.0,5,0.0,0.0,0.0,0.0,5,0.0,0.0,0.22999999999999998,0.5142956348249516,5,0.23019399999999995,0.5147294320125865,0.0,0.22999999999999998,0.22999999999999998,0.0,0.23019399999999995,0.23019399999999995
4217,3,14,0,2,0,late,late_r2-4,3,2-4,2,1,2,1,3,1,0,0,0,0,1,2,1,1,2,0.4990530822908519,1,0.6336679457957445,0.1346148635048926,1,0,1,0.9248034676194706,1.0283692330316807,0.48182420631203476,0.715765000230912,1.0283692330316807,0.2450626273653165,55,0.68,0.64,0.040000000000000036,-0.13,-0.17263636363636362,-1.245,1.9250000000000003,0.36,0.81,3,6,0.10909090909090909,1.1530681636363636,1.13109,1.20316,Draw,6,0.14545454545454545,0.509090909090909,0.32727272727272727,0.4700000000000001,2,0,1.5119905137840712,0.28,0.145,0.07842000000000005,1,Draw,-0.31999999999999995,-1.128818181818182,55.0,11.0,4.0,0.34545454545454546,2.0,0.18181818181818182,0.7967502458880633,5.0,0.7272727272727273,0.7273690829317974,0.1946727619801413,1.2225000000000001,0.0,0.6,14.0,0.203,0.47700000000000004,0.4,0.4448428609249119,0.5980823251356924,0.1532394642107805,1.1547508161798627,3.8,0.5846078971009463,0.4724895260583505,0.9,5,0.13237104691385634,0.04,0.0,5,0.116725,0.0,0.008,0.01788854381999832,5,0.023344999999999998,0.05220100693473259,0.675,0.3706076092041285,5,0.636221,0.3633819383995303,-0.032,0.635,0.667,-0.09337999999999999,0.5194960000000001,0.6128760000000001
2421,6,14,0,2,0,late,late_r2-4,5,5-8,4,1,4,1,5,3,0,0,0,0,0,4,1,1,3,0.37572991151091495,1,1.0025952485604552,0.6268653370495403,2,0,2,0.5195765815748443,0.7542022191108293,0.8710963199817573,0.607933491757115,0.7542022191108293,0.40843771227552755,67,0.725,0.57,0.15500000000000003,-0.425,-0.30246268656716413,-1.12,1.8450000000000002,0.585,1.15,2,7,0.1044776119402985,1.311699104477612,1.25583,1.27647,Draw,6,0.11940298507462686,0.417910447761194,0.44776119402985076,0.39999999999999997,3,0,1.8099749409397203,0.305,0.28,0.08676499999999998,1,Draw,-2.275,-2.5341044776119404,67.0,14.0,4.0,0.3283582089552239,4.0,0.2857142857142857,0.7906585589886035,4.785714285714286,0.7014925373134329,0.5050737870797947,0.2713409927838177,1.3035,0.2,1.0,5.0,0.43899999999999995,0.286,1.0,0.4467705512556666,0.5704922095604604,0.1237216583047938,1.21256053548429,1.6,0.5348683678455831,0.46543924800176734,0.8,5,0.25744768336966317,0.615,0.0,5,0.69054,0.0,0.9259999999999999,0.3759886966386091,5,0.995518,0.2905950513730404,0.45499999999999996,0.4304503455684523,5,0.538283,0.4619561909369761,0.31099999999999994,-0.16000000000000003,-0.471,0.30497799999999997,-0.1522570000000001,-0.45723500000000006
4734,4,14,0,2,0,late,late_r2-4,3,2-4,2,1,1,1,2,0,0,0,0,0,0,2,0,0,2,0.9535402199304441,1,1.2159277723615005,0.2623875524310564,1,0,1,0.8180385272711794,1.2511721941247542,1.2329162625052847,0.05201333162436933,2.1174395278319045,0.16337508491021102,49,-0.025,-0.035,0.010000000000000002,-0.645,-0.7278571428571429,-1.215,1.1900000000000002,0.515,0.62,3,14,0.2857142857142857,1.0565637959183674,1.07878,1.28233,Draw,6,0.16326530612244897,0.5714285714285714,0.24489795918367346,0.26499999999999996,4,0,1.643307181443596,0.57,0.165,-0.66424,0,Draw,-2.025,-2.0416326530612245,49.0,10.0,4.0,0.24489795918367346,2.0,0.2,0.9019658539833821,4.9,0.7755102040816326,0.5722287069014995,0.19374075424138296,0.806875,0.6,1.0,8.0,-0.063,0.038,1.0,0.5193159539593799,0.7627298265178044,0.24341387255842442,0.9944816041422684,1.4,0.7987878787878787,0.6758920524552651,0.9,5,0.18034621104551823,0.01,0.0,5,0.0,0.0,0.5409999999999999,0.06561249880929698,5,0.3568572999999999,0.03510040319319706,0.184,0.40586943713465296,5,0.16164499999999996,0.35822185487837005,0.5309999999999999,0.174,-0.35699999999999993,0.3568572999999999,0.16164499999999996,-0.19521229999999992
3881,4,14,0,2,0,late,late_r2-4,2,2-4,1,1,1,1,2,0,0,0,0,0,1,1,1,2,2,0.09635196674697322,1,0.33236262350825657,0.23601065676128336,1,0,1,0.3576263758586019,0.3576263758586019,0.03600880000000001,0.17514999999999858,0.3576263758586019,0.16337508491021102,49,0.58,0.52,0.05999999999999994,-0.28,-0.33918367346938777,-1.505,2.085,0.485,0.86,2,9,0.1836734693877551,1.0666474489795919,1.11802,0.868101,Draw,6,0.16326530612244897,0.5714285714285714,0.24489795918367346,0.33999999999999997,3,0,0.9282482647407235,0.185,0.0,0.14594949999999995,1,Draw,-0.42000000000000004,-0.9648979591836735,49.0,10.0,4.0,0.24489795918367346,3.0,0.3,0.8790179227696131,4.9,0.7551020408163265,0.7865262820385599,0.19503405305504679,1.405,0.2,1.0,12.0,0.449,0.13099999999999995,1.0,0.6577877923910931,0.831216079483738,0.17342828709264477,0.9785343072115248,1.2,0.7973377634267105,0.6110506313880805,0.9,5,0.17239453240953223,0.0,0.0,5,0.0,0.0,0.9549999999999998,0.1118033988749895,5,1.1345785,0.12007908645971614,0.13399999999999995,0.20069877926883364,5,0.16188079999999994,0.24154558066946705,0.9549999999999998,0.13399999999999995,-0.821,1.1345785,0.16188079999999994,-0.9726977
4125,2,12,0,4,0,late,late_r2-4,3,2-4,2,1,2,1,3,1,0,0,0,0,1,2,1,2,3,0.17808933522745968,1,0.18684430347883424,0.008754968251374562,1,0,1,0.35821291654390225,0.4703788502467457,0.3223554596514262,0.15682164674842727,0.4703788502467457,0.2450626273653165,55,0.065,0.02,0.045,-0.85,-0.7562727272727271,-1.245,1.31,0.4375,0.915,3,9,0.16363636363636364,1.4479978181818178,1.44152,1.72939,Draw,6,0.14545454545454545,0.509090909090909,0.32727272727272727,0.25,3,0,2.400731236404966,0.485,0.225,-0.7984749999999999,0,Draw,-1.0550000000000002,-1.4703636363636368,55.0,11.0,4.0,0.2363636363636364,3.0,0.2727272727272727,0.8809341218024389,5.0,0.7090909090909091,0.47574726222213537,0.20249337033002007,0.9399999999999998,0.4,0.8,2.0,-0.125,0.19,0.8,0.3526209751822049,0.5400290246049171,0.1874080494227121,1.3548357942399771,2.2,0.45272727272727276,0.3352991128803435,0.9,5,0.27295241649032126,0.045,0.0,5,0.0,0.0,0.454,0.2510826557132133,5,0.3045350000000001,0.3085882048539769,0.319,0.16738428839051772,5,0.24801600000000007,0.1446073272866904,0.40900000000000003,0.274,-0.135,0.3045350000000001,0.24801600000000007,-0.05651900000000004
7391,1,14,0,2,0,late,late_r2-4,3,2-4,1,2,1,2,3,-1,0,0,0,0,1,2,1,1,2,0.32678857343701384,1,0.6677870038417937,0.34099843040477984,1,0,1,0.99230811612573,1.1089346786504837,0.2047829742288162,0.8983299925726379,1.1089346786504837,0.2450626273653165,59,0.52,0.45,0.07,-0.235,-0.29483050847457626,-1.735,2.255,0.26749999999999996,0.755,6,11,0.1864406779661017,1.3518128135593221,1.34011,1.08609,Freeze,6,0.2711864406779661,0.5084745762711864,0.2033898305084746,0.07,5,0,1.4074258208317048,0.265,0.095,-0.023044999999999982,1,Freeze,-0.45999999999999996,-1.0245762711864408,59.0,12.0,4.0,0.20338983050847456,4.0,0.3333333333333333,0.8745716712414804,4.916666666666667,0.7457627118644068,0.5654944267503643,0.2765892776689693,1.3445454545454545,0.2,1.0,11.0,0.348,0.17200000000000001,1.0,0.5004201833779628,0.7459406940542296,0.24552051067626685,1.3277802511558185,2.0,0.7604132066352556,0.5168832020890941,0.95,5,0.07998070117481648,0.505,0.0,5,0.77047,0.0,0.643,0.5334041619635151,5,0.8009410000000001,0.6378146993876826,0.274,0.29153473206463754,5,0.318756,0.368864676971786,0.138,-0.23099999999999998,-0.369,0.030471000000000137,-0.451714,-0.48218500000000014
9591,2,12,0,4,0,late,late_r2-4,4,2-4,3,1,3,1,4,2,0,0,0,0,1,2,2,2,3,0.22573659476159746,1,0.5172198302308219,0.2914832354692244,3,0,3,0.39571556882310965,0.6749088685613476,0.6804719154898807,0.48860007674989125,0.6749088685613476,0.32675016982042204,61,1.59,1.57,0.020000000000000018,0.4,0.4632786885245902,-0.08,1.6700000000000002,0.49500000000000005,1.19,3,4,0.06557377049180328,1.8375208196721313,1.84005,1.88465,Draw,6,0.13114754098360656,0.45901639344262296,0.39344262295081966,0.17500000000000004,2,0,2.600088754354865,0.22,0.5,0.6476750000000001,1,Draw,-1.445,-2.864098360655737,61.0,13.0,4.0,0.29508196721311475,4.0,0.3076923076923077,0.8479989229424632,4.6923076923076925,0.7540983606557377,0.4869420079172361,0.25575747804981974,0.8569444444444445,0.0,0.6,18.0,1.1199999999999999,0.4700000000000001,0.6,0.3336074845882352,0.4018340216077987,0.06822653701956354,1.6619963066057952,3.0,0.27582417582417584,0.30211326841089337,0.9,5,0.10760172899372251,0.453,0.2985087938403156,5,0.48676200000000003,0.25556484122429685,0.897,0.5549279232476954,5,0.9260450000000002,0.5260079975984207,0.47000000000000003,0.20307018491152268,5,0.51744,0.18030281046755764,0.444,0.017000000000000015,-0.427,0.4392830000000002,0.030677999999999983,-0.4086050000000002
8696,2,13,1,3,1,late,late_r2-4,4,2-4,3,1,3,1,4,2,0,0,0,0,1,4,0,0,2,1.0502431597092177,1,1.1123439436810878,0.06210078397187013,1,0,1,0.3359202337698635,0.6295796569769514,0.590936301973984,0.484658572476542,0.6295796569769514,0.32675016982042204,61,3.105,2.84,0.2650000000000001,1.135,1.2385245901639343,0.56,2.545,0.345,1.97,1,2,0.03278688524590164,1.9678001639344262,1.98645,1.51789,Hit,6,0.13114754098360656,0.45901639344262296,0.39344262295081966,1.55,1,1,2.2983515639956407,0.04,0.845,2.346055,1,Hit,-0.8700000000000001,0.14877049180327864,61.0,13.0,4.0,0.19672131147540983,5.0,0.38461538461538464,0.862291380457647,4.6923076923076925,0.7704918032786885,0.7487449946746569,0.20894556046920615,1.4620000000000002,0.4,1.0,6.0,2.946,0.15900000000000009,1.0,0.21520870463826194,0.4400942468932973,0.22488554225503538,1.9068273229876638,2.2,0.44072589492119646,0.20351015653961993,0.85,5,0.2624809587392055,1.795,0.0,5,1.970655,0.0,1.121,0.48018746339320434,5,1.3383709999999998,0.574574737886639,0.15900000000000009,0.1451464777388691,5,0.19332299999999986,0.17647894664095193,-0.6739999999999999,-1.636,-0.962,-0.6322840000000003,-1.7773320000000001,-1.1450479999999998
5837,5,13,1,3,1,late,late_r2-4,5,5-8,2,3,2,3,5,-1,0,0,0,0,1,3,2,1,5,0.45087793306060076,1,0.6487038750315898,0.19782594197098902,1,0,1,0.5396712447740739,0.622236058516935,0.2796560649931269,0.6763083243610131,0.622236058516935,0.40843771227552755,75,0.76,0.705,0.05500000000000005,-0.54,-0.5244666666666666,-1.565,2.325,0.6325000000000001,1.3,3,8,0.10666666666666667,1.6999397333333335,1.7017,1.38651,Freeze,6,0.32,0.4266666666666667,0.24,0.05500000000000005,3,0,2.00143646833726,0.275,0.345,0.06674500000000005,1,Freeze,-0.050000000000000044,1.1676000000000002,75.0,15.0,4.0,0.32,4.0,0.26666666666666666,0.7973548361865639,5.0,0.7066666666666667,0.7991524503724394,0.222831131652261,1.5928125,0.2,1.0,6.0,0.657,0.10300000000000002,1.0,0.5630423649848918,0.6353799736199365,0.07233760863504471,1.6242074438278682,2.0,0.6678571428571428,0.5628867144742609,1.0,5,0.09374425523883427,1.28,0.0,5,1.41433,0.0,0.34199999999999997,0.40713327056382903,5,0.40358299999999997,0.4474132519215317,0.10300000000000001,0.10843200634499023,5,0.145046,0.1539229085207917,-0.9380000000000001,-1.177,-0.23899999999999996,-1.010747,-1.269284,-0.25853699999999996
9771,3,12,0,4,0,late,late_r2-4,3,2-4,2,1,2,1,3,1,0,0,0,0,0,1,2,1,3,0.22756201830041425,1,0.8284604100353828,0.6008983917349686,1,0,1,0.6108942516902257,0.7963777815870245,0.1914859976218511,0.6669784754148101,0.7963777815870245,0.2450626273653165,55,0.39,0.345,0.04500000000000004,-0.325,-0.25872727272727275,-0.895,1.2850000000000001,0.455,0.7150000000000001,9,16,0.2909090909090909,1.539912,1.53896,1.50263,PostGuard,6,0.14545454545454545,0.509090909090909,0.32727272727272727,0.06,3,0,2.1414345141833566,0.39,0.255,-0.36131499999999994,1,PostGuard,-0.61,-1.4622727272727274,55.0,11.0,4.0,0.2545454545454545,3.0,0.2727272727272727,0.8478196141170597,5.0,0.7636363636363637,0.6296281290296368,0.18050577011089938,1.1524999999999999,0.0,0.0,9.0,0.24100000000000002,0.14900000000000002,0.4,0.4180155783678051,0.43160219049666493,0.013586612128859815,1.4595968101040122,6.2,0.4381818181818183,0.40764537891733976,0.85,5,0.1823811313952868,0.175,0.15552331014995788,5,0.20902099999999998,0.15410829984137778,0.39299999999999996,0.08273451516749221,5,0.39710800000000007,0.06628152698904881,0.22000000000000003,0.1030776406404415,5,0.267313,0.08987379342722769,0.21799999999999997,0.04500000000000004,-0.17299999999999993,0.1880870000000001,0.05829200000000004,-0.12979500000000005
8752,6,14,0,2,0,late,late_r2-4,4,2-4,3,1,3,1,4,2,0,0,0,0,0,4,0,1,2,0.601799010408791,1,0.9153220338569368,0.31352302344814575,2,0,2,1.2568450520891585,1.3310252460029766,1.0865449917914987,0.6045093444273626,1.3310252460029766,0.32675016982042204,61,0.765,0.65,0.11499999999999999,-0.175,-0.1386065573770492,-0.49,1.255,0.32,0.94,2,6,0.09836065573770492,1.3730891803278689,1.37999,1.65824,Draw,6,0.13114754098360656,0.45901639344262296,0.39344262295081966,0.47000000000000003,2,0,2.0493405623109924,0.42,0.435,-0.06411999999999995,1,Draw,-1.7849999999999997,-2.7856557377049183,61.0,13.0,4.0,0.3442622950819672,5.0,0.38461538461538464,0.7363458055799351,4.6923076923076925,0.8524590163934425,0.46085439569923575,0.19145947635631982,1.1425,0.6,0.8,2.0,0.632,0.133,0.8,0.31616058013482534,0.5098388421757013,0.193678262040876,1.1303377531973702,2.4,0.3304409041340035,0.28461402318888906,0.85,5,0.10470510523159761,0.11499999999999991,0.0,5,0.111635,0.0,0.06899999999999994,0.06298809411309406,5,0.066981,0.06114500770708922,0.38999999999999996,0.4842132794544156,5,0.32572100000000004,0.39934713562263097,-0.04599999999999997,0.275,0.321,-0.044654,0.21408600000000005,0.25874
4267,0,14,0,2,0,late,late_r2-4,3,2-4,2,1,2,1,3,1,0,0,0,0,0,2,1,1,2,0.4334585704262864,1,1.0371719906071553,0.6037134201808689,1,0,1,1.1256002073365126,1.1808927703791283,0.7831469045042997,0.45119132182355937,1.1808927703791283,0.2450626273653165,55,0.89,0.865,0.025000000000000022,-0.645,-0.4949999999999999,-1.1,1.9900000000000002,0.7250000000000001,1.5350000000000001,4,4,0.07272727272727272,1.2441970727272726,1.25896,0.835404,PostGuard,6,0.14545454545454545,0.509090909090909,0.32727272727272727,0.605,1,0,1.1708533424245053,0.125,0.125,0.472298,1,PostGuard,-0.10999999999999999,-1.8054545454545454,55.0,11.0,4.0,0.2909090909090909,3.0,0.2727272727272727,0.857534669997684,5.0,0.7454545454545455,0.23839381941207635,0.4076653556136475,0.8675,0.2,0.8,16.0,0.655,0.23500000000000001,0.8,0.5941174313520775,0.6612089950529434,0.06709156370086586,1.218328158393763,3.6,0.6818181818181819,0.660484100728659,0.9,5,0.11491744424064179,1.12,0.0,5,1.460108,0.0,1.176,0.5432471813088404,5,1.4076,0.5316692532322139,0.8960000000000001,0.5143369518127197,5,1.1039895,0.6173721165290023,0.05599999999999983,-0.22399999999999998,-0.2799999999999998,-0.052508,-0.3561185,-0.3036105
3709,0,7,1,9,1,mid,early_r9+,1,0-1,0,1,0,1,1,-1,0,0,0,0,0,1,0,0,0,1.7666391745415955,0,,,0,1,-1,,,,,,0.08168754245510551,43,0.965,0.865,0.09999999999999998,0.645,0.6226744186046513,0.26,0.705,0.2074999999999999,0.31999999999999995,11,38,0.8837209302325582,1.7105686046511632,1.71405,1.90887,Draw,5,0.18604651162790697,0.6511627906976745,0.13953488372093023,0.09999999999999998,5,0,2.6092888397892606,0.325,0.395,0.010564999999999936,1,Draw,0.395,0.5005813953488374,43.0,9.0,4.0,0.3488372093023256,4.0,0.4444444444444445,0.8149065589423404,4.777777777777778,0.8837209302325582,0.3746074704229176,0.11763186436282588,0.39499999999999996,0.2,0.6,15.0,0.79,0.175,0.6,0.11035056193852703,0.14308016428795672,0.03272960234942964,1.5239034975355865,4.4,-0.0019531808513026327,0.049202681616125704,0.9,5,0.4232975294587303,0.3029999999999999,0.016431676725154977,5,0.17968399999999987,0.030012932295928756,0.14499999999999993,0.08108637370113422,5,0.0947879999999999,0.06319793287758699,0.26099999999999995,0.20209527456128212,5,0.22248499999999982,0.1873345137714885,-0.15799999999999995,-0.041999999999999926,0.11600000000000002,-0.08489599999999997,0.04280099999999995,0.12769699999999992
3843,6,11,1,5,1,mid,mid_r5-8,2,2-4,1,1,1,1,2,0,0,0,0,0,0,2,0,0,1,1.1686995739282189,1,1.3242053527818116,0.15550577885359274,1,0,1,1.0857745258183196,1.0857745258183196,0.18947300000000006,0.5087499999999991,1.0857745258183196,0.16337508491021102,49,1.54,1.535,0.0050000000000001155,0.955,0.9291836734693878,0.445,1.095,0.30500000000000005,0.5850000000000001,3,15,0.30612244897959184,1.6052457142857142,1.59561,1.80233,Hit,6,0.16326530612244897,0.5714285714285714,0.24489795918367346,0.0050000000000001155,3,1,2.451823345136302,0.24,0.54,0.638835,1,Hit,0.125,-0.07591836734693878,49.0,10.0,4.0,0.24489795918367346,3.0,0.3,0.8790179227696131,4.9,0.7551020408163265,0.3040355192833593,0.18922488955689687,0.5287500000000002,0.2,0.6,6.0,1.3499999999999999,0.19000000000000009,0.6,0.1890349300061022,0.26847285779225355,0.07943792778615133,1.4797873230976208,4.8,0.07878787878787878,0.1344955156085859,0.85,5,0.3655385899702309,0.547,0.24828411145298848,5,0.4324990000000001,0.24659414688917494,0.28300000000000003,0.33139100772350477,5,0.23052200000000003,0.2828467247600721,0.19000000000000003,0.2003746490951388,5,0.17198600000000003,0.1571488252978685,-0.264,-0.357,-0.093,-0.20197700000000005,-0.26051300000000005,-0.058536000000000005
4701,5,7,1,9,1,mid,early_r9+,1,0-1,1,0,1,0,1,1,0,0,0,0,1,1,0,0,1,0.6357847165857317,1,,,1,0,1,,,,,,0.08168754245510551,39,1.27,1.195,0.07499999999999996,0.835,0.8278205128205127,0.22,1.05,0.38750000000000007,0.43500000000000005,10,21,0.5384615384615384,1.8317130769230767,1.82373,1.82403,Draw,4,0.0,0.6666666666666666,0.3076923076923077,0.28500000000000003,3,0,2.581632850938324,0.245,0.445,0.357985,1,Draw,0.27,0.12705128205128205,39.0,8.0,4.0,0.2564102564102564,1.0,0.125,0.9263425690066092,4.875,0.8461538461538461,0.6063245531281322,0.1447874309763616,0.655,0.0,0.6,6.0,1.068,0.202,0.6,0.23914155138809182,0.34961235279448305,0.1104708014063912,1.7759705197109859,4.0,0.28571428571428575,0.18082209384856568,0.9,5,0.309806621329644,0.297,0.21853489423888353,5,0.3288209999999999,0.1983787803798582,0.27399999999999997,0.1445856147754679,5,0.316369,0.14199753362294715,0.34299999999999997,0.24750252523964278,5,0.39804699999999993,0.2262610514041248,-0.02300000000000002,0.045999999999999985,0.069,-0.012451999999999908,0.06922600000000001,0.08167799999999992
21,2,8,0,8,0,mid,mid_r5-8,1,0-1,1,0,1,0,1,1,0,0,0,0,0,0,1,0,0,1.764447708094798,1,,,1,0,1,,,,,,0.08168754245510551,39,-0.26,-0.285,0.024999999999999967,-0.51,-0.5191025641025642,-0.725,0.46499999999999997,0.08499999999999996,0.25,20,39,1.0,1.6095828205128202,1.59868,1.72406,Draw,4,0.0,0.6666666666666666,0.3076923076923077,0.065,4,0,2.340286861471768,0.615,0.15,-1.12203,1,Draw,-2.26,-2.3242307692307693,39.0,8.0,4.0,0.3076923076923077,1.0,0.125,0.8938616368717351,4.875,0.8461538461538461,0.20742454370917027,0.08877802641970738,0.16249999999999998,0.0,0.6,6.0,-0.442,0.182,0.6,0.027418279587205708,0.2318532899534516,0.20443501036624578,1.4335381127268838,3.6,0.3285714285714286,0.06414484719778535,0.9,5,0.6266149727931477,0.265,0.13683932183404013,5,0.2639919999999999,0.1398440701549408,0.18699999999999994,0.14276729317319148,5,0.12177099999999985,0.09486944083844913,0.24899999999999994,0.1269054766351713,5,0.21860399999999988,0.11570594714620341,-0.07800000000000007,-0.01600000000000007,0.062,-0.14222100000000004,-0.04538800000000001,0.09683300000000003
5183,3,7,1,9,1,mid,early_r9+,2,2-4,1,1,1,1,2,0,0,0,0,0,0,1,1,0,0,1.6116708211046096,0,1.7311529407883055,0.11948211968369593,0,1,-1,2.0940648847636067,2.0940648847636067,0.21723000000000003,1.024250000000002,2.0940648847636067,0.16337508491021102,49,1.225,1.215,0.010000000000000009,0.745,0.7816326530612248,0.465,0.76,0.20499999999999996,0.4800000000000001,8,30,0.6122448979591837,1.855584081632653,1.85547,2.06987,Draw,6,0.16326530612244897,0.5714285714285714,0.24489795918367346,0.020000000000000018,4,0,2.7360163813384086,0.29,0.42,0.21091999999999989,0,Hit,0.015000000000000124,0.508061224489796,49.0,10.0,4.0,0.3469387755102041,3.0,0.3,0.8193499023873192,4.9,0.8571428571428571,0.6684112281461724,0.10656836287878771,0.7525000000000001,0.4,0.4,1.0,1.114,0.11100000000000006,0.4,0.14874305836408852,0.1446409307682273,-0.00410212759586126,1.8202247760633867,4.8,0.08121212121212121,0.11221244175292559,0.8,5,0.3213801534984532,0.185,0.24510201957552288,5,0.15665299999999974,0.19348927762927853,0.16600000000000006,0.14006248605533178,5,0.12785899999999978,0.1570999531508524,0.16900000000000004,0.17118703221914916,5,0.15748899999999982,0.12044191039667222,-0.018999999999999934,-0.01599999999999996,0.002999999999999975,-0.02879399999999996,0.0008360000000000867,0.029630000000000045
9433,4,7,1,9,1,mid,early_r9+,1,0-1,1,0,1,0,1,1,0,0,0,0,0,0,1,0,1,1.1421096865450346,1,,,1,0,1,,,,,,0.08168754245510551,39,1.24,1.24,0.0,0.82,0.850128205128205,0.425,0.815,0.3474999999999998,0.42000000000000004,12,25,0.6410256410256411,1.8269302564102565,1.80443,1.82549,Draw,4,0.0,0.6666666666666666,0.3076923076923077,0.0,3,0,2.5545294744005145,0.25,0.445,0.32725499999999996,1,Draw,0.24,0.12128205128205127,39.0,8.0,4.0,0.2564102564102564,1.0,0.125,0.8837746203626251,4.875,0.8974358974358975,0.6305904608403217,0.12130205832883419,0.43500000000000016,0.2,0.8,8.0,1.1190000000000002,0.12100000000000004,0.8,0.223480245665645,0.2761904761904762,0.05271023052483119,1.6651498380071268,3.2,0.20000000000000004,0.16863270278260223,0.85,5,0.34220692060037855,0.22899999999999995,0.07223226425912452,5,0.28059599999999996,0.10084680655578546,0.22799999999999992,0.08174655956063227,5,0.26265199999999994,0.08062745225728024,0.286,0.10358571330062845,5,0.371371,0.15904302780222718,-0.0010000000000000286,0.05700000000000002,0.05800000000000005,-0.017944000000000015,0.09077500000000005,0.10871900000000007
9564,1,7,1,9,1,mid,early_r9+,2,2-4,0,2,0,1,1,-1,0,0,0,0,0,1,0,0,0,1.5168806460628368,0,,,0,1,-1,3.580826129775224,3.580826129775224,1.0043955,1.4821500000000007,,0.08168754245510551,47,0.97,0.91,0.05999999999999994,0.535,0.5587234042553191,0.275,0.695,0.1725,0.43499999999999994,8,32,0.6808510638297872,1.7642,1.77109,1.90239,Draw,5,0.2553191489361702,0.5957446808510638,0.1276595744680851,0.05999999999999994,5,0,2.6161845346089696,0.32,0.39,0.01880499999999996,1,Draw,-0.020000000000000018,0.8102127659574465,47.0,10.0,4.0,0.19148936170212766,3.0,0.3,0.905760414713788,4.7,0.8723404255319149,0.26646730938449276,0.12517037561579994,0.27583333333333326,0.0,0.4,9.0,0.6860000000000002,0.284,0.2,-0.07023772940270775,0.11940971821465558,0.18964744761736335,1.557607382530304,6.0,0.18081638349467888,-0.05882684713514482,0.8,5,0.25895114280948095,0.32499999999999996,0.15439397656644513,5,0.24438199999999993,0.13291348904456612,0.209,0.16798065364797224,5,0.14154699999999998,0.13429846869938616,0.2879999999999999,0.12784756548327392,5,0.21750599999999992,0.12458870561772442,-0.11599999999999996,-0.03700000000000003,0.07899999999999993,-0.10283499999999995,-0.02687600000000001,0.07595899999999994
7115,2,8,0,8,0,mid,mid_r5-8,1,0-1,0,1,0,1,1,-1,0,0,0,0,0,1,0,0,0,1.6027167105886186,0,,,0,1,-1,,,,,,0.08168754245510551,43,-0.5,-0.595,0.09499999999999997,-1.025,-0.9909302325581395,-1.34,0.8400000000000001,0.27,0.5249999999999999,6,19,0.4418604651162791,1.8456613953488372,1.85232,1.74929,Hit,5,0.18604651162790697,0.6511627906976745,0.13953488372093023,0.17000000000000004,4,1,2.4501659652680408,0.635,0.145,-1.3746450000000001,1,Hit,-0.81,-1.1351162790697678,43.0,9.0,4.0,0.23255813953488375,1.0,0.11111111111111112,0.8994441284610147,4.777777777777778,0.9069767441860466,0.5152287349724249,0.1307340137172577,0.4191666666666666,0.2,0.6,6.0,-0.6799999999999999,0.18,0.6,0.15924786770140317,0.49273143630807165,0.3334835686066685,1.6957392704384868,4.0,0.5533333333333333,0.2118877990470578,0.95,5,0.11108314036781727,0.20500000000000002,0.07826237921249261,5,0.2554289999999999,0.07583400938892786,0.20299999999999993,0.14952424552560029,5,0.21928699999999987,0.16756319265429379,0.20599999999999996,0.15224979474534606,5,0.28238599999999986,0.16842342645843533,-0.002000000000000085,0.0009999999999999454,0.0030000000000000304,-0.036142000000000035,0.026956999999999953,0.06309899999999999
4322,6,10,0,6,0,mid,mid_r5-8,5,5-8,2,3,2,3,5,-1,0,0,0,0,0,3,2,1,4,0.5617350215181529,1,0.7570635029645796,0.19532848144642667,1,0,1,0.392250550541361,0.63024273405354,0.48772814032794953,0.4798135721298424,0.63024273405354,0.40843771227552755,75,0.185,0.145,0.04000000000000001,-0.655,-0.6861333333333335,-1.73,1.915,0.34,0.8400000000000001,5,12,0.16,1.9151650666666669,1.86665,1.84412,PostGuard,6,0.32,0.4266666666666667,0.24,0.255,4,0,2.5149026393417633,0.485,0.255,-0.73706,1,PostGuard,-0.8599999999999999,-1.733466666666667,75.0,15.0,4.0,0.21333333333333332,3.0,0.2,0.8731556609360325,5.0,0.68,0.6275537756288635,0.23588286368287367,1.27875,0.2,0.4,11.0,-0.127,0.312,0.8,0.34231221477163454,0.5521921166634308,0.20987990189179634,1.9255633841663786,4.8,0.64796826108612,0.38103817433148296,1.0,5,0.09083037265761647,0.637,0.22496110774976197,5,0.6571109999999999,0.2748310264371546,1.16,0.4544777222262935,5,1.2091319999999999,0.5594763661742111,0.39,0.2757489800525108,5,0.4276749999999999,0.3579948557940463,0.5229999999999999,-0.247,-0.7699999999999999,0.552021,-0.22943599999999997,-0.781457
4491,1,9,1,7,1,mid,mid_r5-8,2,2-4,2,0,1,0,1,1,0,0,0,0,0,1,0,0,0,1.9714512340912727,1,,,1,0,1,3.8124815266306533,3.8124815266306533,1.6874850000000001,0.8866499999999995,,0.08168754245510551,39,1.34,1.3,0.040000000000000036,0.73,0.8539743589743588,0.33,1.01,0.48750000000000004,0.6100000000000001,11,18,0.46153846153846156,1.6504110256410256,1.66936,1.71009,Draw,4,0.0,0.6666666666666666,0.3076923076923077,0.56,1,0,2.4304679440865575,0.24,0.56,0.484955,1,Draw,0.3600000000000001,0.19576923076923075,39.0,8.0,4.0,0.3076923076923077,1.0,0.125,0.8938616368717351,4.875,1.0,0.6453000194462207,0.15608677234091645,0.6308333333333332,0.2,0.6,12.0,1.195,0.14500000000000007,0.4,0.19164621961206055,0.3659302307162401,0.17428401110417946,1.5335538420189223,4.6,0.18571428571428575,0.10304900953649324,0.85,5,0.31748479634338794,0.21100000000000013,0.11058933040759406,5,0.22047699999999998,0.11579892932363411,0.14900000000000008,0.13758633653092162,5,0.15941100000000002,0.1540363068159582,0.33200000000000013,0.20735235711223543,5,0.312331,0.1817254268945323,-0.062000000000000055,0.121,0.18300000000000005,-0.061065999999999954,0.09185400000000005,0.15292
819,3,9,1,7,1,mid,mid_r5-8,2,2-4,1,1,1,0,1,1,0,0,0,0,0,1,0,0,0,1.5344504757404203,1,,,1,0,1,2.001452383545514,2.001452383545514,0.13702999999999999,0.9913000000000025,,0.08168754245510551,43,1.325,1.315,0.010000000000000009,0.765,0.8163953488372092,0.41,0.915,0.4149999999999998,0.5599999999999999,10,17,0.3953488372093023,1.6594160465116279,1.67985,1.76618,Draw,5,0.09302325581395349,0.6046511627906976,0.27906976744186046,0.485,2,0,2.529552438540984,0.24,0.515,0.46856999999999993,0,Draw,0.32499999999999996,0.19069767441860466,43.0,9.0,4.0,0.27906976744186046,1.0,0.11111111111111112,0.9081023989763937,4.777777777777778,0.9534883720930234,0.5656655263289928,0.156152869762939,0.5958333333333333,0.0,0.2,6.0,1.096,0.22899999999999995,0.2,0.11673324488422562,0.3966827421196784,0.2799494972354528,1.5224711760666283,5.8,0.2,-0.022265470374970862,0.85,5,0.21913422527921564,0.24799999999999991,0.06629479617586886,5,0.2580709999999999,0.07372290225906739,0.22199999999999998,0.17963852593472257,5,0.23004699999999997,0.14360433269926084,0.31199999999999994,0.17319064639870135,5,0.33496999999999993,0.1902514252574735,-0.02599999999999994,0.06400000000000003,0.08999999999999997,-0.02802399999999991,0.07689900000000005,0.10492299999999996
9201,0,11,1,5,1,mid,mid_r5-8,1,0-1,0,1,0,0,0,0,0,0,0,0,0,0,0,0,0,,-1,,,0,0,0,,,,,,0.0,37,1.33,1.305,0.025000000000000133,0.735,0.7852702702702702,0.215,1.115,0.47999999999999987,0.5950000000000001,8,14,0.3783783783783784,1.4213708108108105,1.41491,1.33458,Draw,4,0.10810810810810811,0.7027027027027027,0.16216216216216217,0.5950000000000001,1,0,2.0767338528822075,0.18,0.51,0.66271,1,Draw,0.3350000000000001,0.09635135135135138,37.0,8.0,4.0,0.32432432432432434,1.0,0.125,0.8919024195172677,4.625,0.972972972972973,0.5510436298208585,0.18751044763065075,0.7809999999999999,0.2,1.0,5.0,1.095,0.2350000000000001,1.0,0.326773440103775,0.46987993160857283,0.14310649150479787,1.3432257466819881,1.8,0.19523809523809524,0.2533754067717317,0.9,5,0.3472930615774722,0.30900000000000005,0.14518953130305232,5,0.41372,0.16378114055043094,0.11200000000000006,0.156628541460361,5,0.15144600000000003,0.2143587949676897,0.2350000000000001,0.22,5,0.32960900000000004,0.2610732358314425,-0.197,-0.07399999999999995,0.12300000000000004,-0.26227399999999995,-0.08411099999999994,0.17816300000000002
6067,1,11,1,5,1,mid,mid_r5-8,1,0-1,0,1,0,1,1,-1,0,0,0,0,0,0,1,0,0,1.4360802411077174,0,,,0,1,-1,,,,,,0.08168754245510551,43,1.075,0.995,0.07999999999999996,0.58,0.5925581395348837,0.12,0.955,0.1875,0.495,4,24,0.5581395348837209,1.4126546511627909,1.42253,1.46607,Hit,5,0.18604651162790697,0.6511627906976745,0.13953488372093023,0.15499999999999992,3,1,2.1406164147700224,0.24,0.435,0.34196499999999996,1,Hit,0.30499999999999994,0.645,43.0,9.0,4.0,0.23255813953488375,1.0,0.11111111111111112,0.9150390760937027,4.777777777777778,0.8837209302325582,0.5260286702470955,0.12150640794332368,0.503125,0.4,0.4,3.0,0.968,0.10699999999999996,0.4,0.2755450114304632,0.37520033682341924,0.09965532539295605,1.350778831349303,4.0,0.3333333333333333,0.19636802366744624,1.0,5,0.2928385637173176,0.4079999999999999,0.12163469899662682,5,0.3655129999999999,0.13617246324055388,0.2399999999999999,0.24907328238893867,5,0.22263599999999997,0.23145519084155364,0.10699999999999994,0.12296340919151515,5,0.10853599999999994,0.13168809804800125,-0.168,-0.301,-0.13299999999999995,-0.14287699999999995,-0.256977,-0.11410000000000003
1620,4,6,0,10,0,mid,early_r9+,2,2-4,1,1,1,1,2,0,0,0,0,0,0,2,0,0,1,1.0467577463768778,1,1.2696056106192997,0.22284786424242187,1,0,1,0.9924571825706134,0.9924571825706134,0.119197,0.4817,0.9924571825706134,0.16337508491021102,49,-0.27,-0.31,0.03999999999999998,-0.58,-0.5923469387755103,-0.905,0.635,0.19499999999999995,0.30999999999999994,16,41,0.8367346938775511,1.854911836734694,1.85472,1.91497,PostGuard,6,0.16326530612244897,0.5714285714285714,0.24489795918367346,0.03999999999999998,6,0,2.587294567346936,0.575,0.195,-1.200425,0,PreGuard,-1.27,-1.5976530612244897,49.0,10.0,4.0,0.24489795918367346,3.0,0.3,0.8860537127245263,4.9,0.7755102040816326,0.444246726309553,0.10797237622081868,0.33875000000000005,0.0,0.8,12.0,-0.42799999999999994,0.15799999999999997,0.8,0.07259557370283706,0.30822194627600713,0.23562637257317007,1.7550542282978454,3.6,0.31151515151515147,0.05554378307794052,0.85,5,0.3640302025537747,0.383,0.1276518703349074,5,0.39621199999999995,0.091488188896163,0.30199999999999994,0.15340306385467017,5,0.30362499999999987,0.10054900689464823,0.2889999999999999,0.16474981031855548,5,0.26044199999999984,0.1384028908025407,-0.08100000000000007,-0.09400000000000008,-0.013000000000000012,-0.09258700000000009,-0.1357700000000001,-0.04318300000000003
8361,7,7,1,9,1,mid,early_r9+,2,2-4,2,0,1,0,1,1,0,0,0,0,0,1,0,0,0,1.598614281182303,1,,,1,0,1,1.8950886959717745,1.8950886959717745,0.5133300000000001,0.7964500000000001,,0.08168754245510551,39,1.395,1.355,0.040000000000000036,0.86,0.9221794871794871,0.385,1.01,0.48,0.535,13,19,0.48717948717948717,1.8453512820512816,1.85601,1.95166,Draw,4,0.0,0.6666666666666666,0.3076923076923077,0.49,2,0,2.6718470027553716,0.28,0.5,0.41917000000000004,1,Draw,0.43000000000000005,0.2633333333333333,39.0,8.0,4.0,0.2564102564102564,1.0,0.125,0.9050585946846169,4.875,0.9487179487179487,0.6611404123437171,0.15354576920348675,0.6041666666666667,0.0,0.8,6.0,1.218,0.17700000000000002,0.8,0.1797475749898506,0.6666666666666667,0.4869190916768161,1.7752036893311538,1.8,0.523809523809524,0.058390728139814316,0.8,5,0.19344850180341186,0.28800000000000003,0.29796392399080796,5,0.290922,0.31278975805642995,0.24699999999999997,0.13863621460498696,5,0.24361900000000009,0.09501947263587601,0.418,0.1610745169168605,5,0.41411499999999996,0.20348374910542602,-0.041000000000000064,0.12999999999999995,0.171,-0.04730299999999993,0.12319299999999994,0.17049599999999987
6403,1,8,0,8,0,mid,mid_r5-8,1,0-1,1,0,1,0,1,1,0,0,0,0,0,0,1,1,1,0.6042904106768533,1,,,1,0,1,,,,,,0.08168754245510551,39,0.01,-0.015,0.025,-0.31,-0.2961538461538462,-0.595,0.605,0.1725,0.32,12,37,0.9487179487179487,1.7521417948717952,1.74445,1.852,PreGuard,4,0.0,0.6666666666666666,0.3076923076923077,0.025,3,0,2.569138914641192,0.525,0.225,-0.91422,0,PostGuard,-1.15,-2.021538461538462,39.0,8.0,4.0,0.3076923076923077,1.0,0.125,0.9067656967377774,4.875,0.8461538461538461,0.3497220485988594,0.10932679572947653,0.39916666666666667,0.0,0.8,6.0,-0.17600000000000002,0.18600000000000003,0.8,-0.01686651394279204,0.2339339393340471,0.2508004532768392,1.7216289758020238,3.6,0.18571428571428572,0.04429612174164952,1.0,5,0.2887184050589619,0.32999999999999996,0.1288894875465024,5,0.2906409999999999,0.1387204948088061,0.317,0.15114562514343577,5,0.25198199999999993,0.1401614046644083,0.21200000000000002,0.11877499736897493,5,0.16997199999999998,0.1225153975323102,-0.012999999999999956,-0.11799999999999994,-0.10499999999999998,-0.038659,-0.12066899999999994,-0.08200999999999994
5988,5,11,1,5,1,mid,mid_r5-8,2,2-4,1,1,1,1,2,0,0,0,0,0,0,0,2,0,1,1.0295077987077124,1,1.9684310519040287,0.9389232531963163,1,0,1,2.974495688768098,2.974495688768098,1.4867750000000002,0.03750000000000142,2.974495688768098,0.16337508491021102,49,2.04,1.96,0.08000000000000007,1.32,1.335204081632653,0.615,1.425,0.44499999999999984,0.72,2,13,0.2653061224489796,1.6977359183673468,1.70423,1.81339,Draw,6,0.16326530612244897,0.5714285714285714,0.24489795918367346,0.43500000000000005,3,0,2.360756016841953,0.19,0.66,1.133305,1,Draw,0.040000000000000036,-0.3145918367346939,49.0,10.0,4.0,0.32653061224489793,2.0,0.2,0.8362924378807299,4.9,0.8775510204081632,0.36255798079474444,0.24654664931539988,0.7658333333333334,0.0,1.0,16.0,1.7130000000000003,0.32700000000000007,0.6,0.23889590573864633,0.4470125938722466,0.2081166881336003,1.5805666534390355,4.2,0.36,0.09708856955164487,0.9,5,0.16395507882673202,0.608,0.19044684297724654,5,0.591884,0.1368045970261965,0.466,0.14253946821845526,5,0.484304,0.10074744298244012,0.514,0.14604793733565705,5,0.493848,0.13989195936507579,-0.14199999999999996,-0.09399999999999997,0.04799999999999999,-0.10757999999999995,-0.09803599999999996,0.009543999999999997
5193,6,6,0,10,0,mid,early_r9+,2,2-4,2,0,2,0,2,2,0,0,0,0,0,1,1,0,1,0.7017683939762464,1,1.5329700765588992,0.8312016825826528,2,0,2,2.209425755351149,2.209425755351149,0.5207015,0.9742999999999995,2.209425755351149,0.16337508491021102,45,-0.075,-0.175,0.09999999999999999,-0.445,-0.43255555555555547,-0.755,0.68,0.21500000000000002,0.37,12,35,0.7777777777777778,1.781787333333333,1.76915,2.01479,PostGuard,4,0.0,0.5777777777777777,0.4,0.09999999999999999,4,0,2.648307610752098,0.555,0.22,-1.07431,0,PostGuard,-3.0700000000000003,-3.082333333333333,45.0,9.0,4.0,0.37777777777777777,2.0,0.22222222222222224,0.7929889401107848,5.0,0.7777777777777778,0.17954052159115197,0.13216519344613498,0.2925,0.0,0.0,17.0,-0.278,0.20299999999999999,0.6,-0.1452699583254365,-0.23210692016988776,-0.0868369618444513,1.6882009360629382,5.8,-0.2633333333333333,-0.11252574759130365,0.85,5,0.24838539857241482,0.376,0.11260550608207401,5,0.3438189999999998,0.10203023053242599,0.458,0.18212632978237936,5,0.3138579999999999,0.17377403350328274,0.454,0.13653754062528012,5,0.34911799999999993,0.12842042485523875,0.08200000000000002,0.07800000000000001,-0.0040000000000000036,-0.029960999999999904,0.005299000000000109,0.035260000000000014
3024,4,9,1,7,1,mid,mid_r5-8,3,2-4,0,3,0,1,1,-1,0,0,0,0,0,1,0,0,0,1.8653955987939925,0,,,0,1,-1,2.9370463395901676,3.161921555043629,1.5753350623280113,1.2043466804316219,,0.08168754245510551,51,1.01,1.0,0.010000000000000009,0.655,0.6705882352941177,0.335,0.675,0.18000000000000005,0.355,13,45,0.8823529411764706,1.4957066666666665,1.48657,1.40709,Draw,5,0.3137254901960784,0.5490196078431373,0.11764705882352941,0.13,5,0,2.109672560751932,0.2,0.32,0.30645500000000003,1,Draw,0.10999999999999999,0.5768627450980393,51.0,11.0,4.0,0.39215686274509803,2.0,0.18181818181818182,0.8223083398699724,4.636363636363637,0.980392156862745,0.40053696306750775,0.11509580710372695,0.45999999999999996,0.2,0.4,2.0,0.952,0.05800000000000001,0.8,0.050269428526684756,0.1952680494309187,0.14499862090423393,1.4023117548642232,6.0,0.22189281651653986,0.004341002704569668,0.85,5,0.21926253088121225,0.253,0.13093891705677116,5,0.32442200000000004,0.1693034543947642,0.09599999999999996,0.09037422198835242,5,0.19354,0.08833635979878271,0.119,0.12441864811996632,5,0.22605400000000003,0.09402233593673363,-0.15700000000000003,-0.134,0.023000000000000034,-0.13088200000000005,-0.09836800000000001,0.03251400000000004
2361,3,11,1,5,1,mid,mid_r5-8,1,0-1,0,1,0,0,0,0,0,0,0,0,0,0,0,0,0,,-1,,,0,0,0,,,,,,0.0,37,1.305,1.29,0.014999999999999902,0.76,0.8489189189189189,0.33,0.9749999999999999,0.5750000000000001,0.5449999999999999,13,18,0.4864864864864865,1.4266610810810811,1.43286,1.50066,Draw,4,0.10810810810810811,0.7027027027027027,0.16216216216216217,0.595,1,0,2.1266337368812414,0.225,0.55,0.5853900000000001,0,Draw,0.30499999999999994,0.14040540540540536,37.0,8.0,4.0,0.21621621621621623,1.0,0.125,0.9076556263808213,4.625,1.0,0.9088145973065231,0.09312484988742278,0.796875,0.4,1.0,8.0,1.2449999999999999,0.06000000000000001,1.0,0.2905229820403353,0.36703534081908934,0.07651235877875409,1.3301790881001399,1.8,0.2,0.21875656797483453,0.8,5,0.30739574068280456,0.3559999999999999,0.32740265728915513,5,0.3754100000000001,0.31536217134034955,0.21799999999999997,0.21264994709616084,5,0.23184300000000008,0.23032616510613815,0.09999999999999998,0.09701803955966125,5,0.12083300000000008,0.08628571699591997,-0.13799999999999996,-0.25599999999999995,-0.118,-0.143567,-0.254577,-0.11101
9865,5,13,1,3,1,late,late_r2-4,2,2-4,0,2,0,2,2,-2,0,0,0,0,0,2,0,0,0,1.8357494194197639,0,1.847749685455257,0.012000266035493201,0,2,-2,3.6176660724284653,3.6176660724284653,1.80748,0.06994999999999862,3.6176660724284653,0.16337508491021102,53,0.975,0.955,0.020000000000000018,0.53,0.4733962264150943,-0.095,1.07,0.515,0.44499999999999995,14,28,0.5283018867924528,1.101665830188679,1.09197,1.03652,Draw,5,0.3018867924528302,0.5660377358490566,0.11320754716981132,0.43499999999999994,2,0,1.499477049630039,0.13,0.285,0.5041745,0,Draw,-0.025000000000000022,0.6967924528301886,53.0,11.0,4.0,0.41509433962264153,5.0,0.4545454545454545,0.766036725521134,4.818181818181818,0.9622641509433961,0.7795204929269998,0.13238880899100788,0.6925,0.2,0.8,22.0,0.881,0.094,0.8,0.4881891547292162,0.507190414942893,0.019001260213676718,0.9818538023639535,2.8,0.5430140989115142,0.46260875113308375,0.9,5,0.2000627979547044,0.365,0.0,5,0.4436995,0.0,0.1,0.15925608308632985,5,0.1364426,0.1574263697154959,0.20599999999999996,0.1391222484004625,5,0.23242469999999998,0.16109204793401505,-0.265,-0.15900000000000003,0.10599999999999996,-0.30725690000000005,-0.21127480000000004,0.09598209999999999
8317,2,12,0,4,0,late,late_r2-4,4,2-4,3,1,3,1,4,2,0,0,0,0,0,2,2,0,2,0.649254207688331,1,0.8059080116266383,0.1566538039383073,2,0,2,0.5240608671709753,0.7078934670411107,0.7927842747817262,0.559888303034633,0.7078934670411107,0.32675016982042204,61,0.14,0.005,0.135,-0.415,-0.39655737704918037,-0.74,0.88,0.24500000000000005,0.5549999999999999,7,25,0.4098360655737705,1.533754918032787,1.52155,1.72638,PostGuard,6,0.13114754098360656,0.45901639344262296,0.39344262295081966,0.18000000000000002,3,0,2.2317394885234125,0.565,0.235,-0.72319,1,PostGuard,-2.86,-2.871393442622951,61.0,13.0,4.0,0.40983606557377056,4.0,0.3076923076923077,0.7184294530277443,4.6923076923076925,0.7049180327868853,0.2648897225388235,0.16043545559355132,0.335,0.4,0.8,25.0,-0.11199999999999999,0.252,0.4,0.09195826835571083,0.08302658401339837,-0.008931684342312497,1.2725980329047741,5.0,0.07527972625103758,0.1272753055648698,0.8,5,0.172665125012566,0.548,0.05890670590009256,5,0.42002300000000004,0.0719096387489188,0.24700000000000003,0.1629263637352777,5,0.2665679999999999,0.15742935687952228,0.254,0.29149185237326963,5,0.204528,0.2204140935999783,-0.30100000000000005,-0.29400000000000004,0.0069999999999999785,-0.15345500000000012,-0.21549500000000005,-0.06203999999999993
6537,2,14,0,2,0,late,late_r2-4,1,0-1,1,0,1,0,1,1,0,0,0,0,0,1,0,0,0,1.2271414458407,1,,,1,0,1,,,,,,0.08168754245510551,39,0.39,0.385,0.0050000000000000044,-0.48,-0.41269230769230764,-0.675,1.065,0.18250000000000005,0.87,2,4,0.10256410256410256,1.0138698974358975,1.00895,1.24415,Draw,4,0.0,0.6666666666666666,0.3076923076923077,0.72,1,0,1.6605542863584257,0.415,0.24,-0.23207500000000003,1,Draw,-1.31,-2.1024358974358974,39.0,8.0,4.0,0.2564102564102564,1.0,0.125,0.8873318090337884,4.875,0.8974358974358975,0.7927032415695955,0.1048571126721608,0.9675,0.8,1.0,2.0,0.38900000000000007,0.0010000000000000009,1.0,0.289997043512503,0.683848780703405,0.39385173719090216,0.9556784699093708,1.0,0.5606821210966146,0.3072763108995139,0.75,5,0.2266377005698393,0.9350000000000002,0.0,5,0.8174000000000001,0.0,0.002,0.0027386127875258306,5,0.016744000000000002,0.022927666257166256,0.001,0.00223606797749979,5,0.008372000000000001,0.01872036110762824,-0.9330000000000002,-0.9340000000000002,-0.001,-0.8006560000000001,-0.8090280000000001,-0.008372000000000001
3642,3,13,1,3,1,late,late_r2-4,1,0-1,0,1,0,1,1,-1,0,0,0,0,0,1,0,0,0,1.311383678562458,0,,,0,1,-1,,,,,,0.08168754245510551,43,1.05,0.955,0.09500000000000008,0.285,0.3381395348837209,-0.3,1.35,0.42499999999999993,0.7650000000000001,5,11,0.2558139534883721,1.1725490465116282,1.18322,1.05238,Hit,5,0.18604651162790697,0.6511627906976745,0.13953488372093023,0.16500000000000004,2,1,1.6036199469138075,0.17,0.41,0.52381,1,Hit,0.13,0.5766279069767442,43.0,9.0,4.0,0.20930232558139536,3.0,0.3333333333333333,0.8832754746821729,4.777777777777778,0.8837209302325582,0.7041573658956436,0.15793537258213514,0.89625,0.4,0.4,6.0,0.951,0.09900000000000002,0.8,0.39577141716681163,0.6965723339400754,0.30080091677326376,1.1342985550917184,3.8,0.6823305409969207,0.36145452507116516,0.95,5,0.2040651232750955,0.5650000000000001,0.0,5,0.67516,0.0,0.3600000000000001,0.0,5,0.3937,0.0,0.3990000000000001,0.30988707620680156,5,0.433179,0.3365714422377513,-0.20499999999999996,-0.16599999999999998,0.03899999999999998,-0.28146,-0.241981,0.039478999999999986
3098,1,14,0,2,0,late,late_r2-4,2,2-4,2,0,1,0,1,1,0,0,0,0,0,1,0,0,0,1.4552478077976958,1,,,1,0,1,3.554092648271848,3.554092648271848,1.760125,0.24465000000000003,,0.08168754245510551,39,0.25,0.23,0.01999999999999999,-0.53,-0.4525641025641026,-0.685,0.935,0.16999999999999998,0.78,4,5,0.1282051282051282,0.9812725384615383,0.969072,1.30288,Draw,4,0.0,0.6666666666666666,0.3076923076923077,0.615,1,0,1.5350686325115537,0.5,0.255,-0.40144,1,Draw,-1.485,-2.1212820512820514,39.0,8.0,4.0,0.43589743589743596,3.0,0.375,0.7505546735988161,4.875,0.8974358974358975,0.55224067707849,0.13995818332670884,0.8949999999999999,0.8,1.0,2.0,0.246,0.003999999999999998,1.0,0.3432111139606623,0.37887998992260574,0.035668875961943514,0.8783420714353231,1.2,0.11633884564561041,0.2901268597173173,0.9,5,0.3423172496910644,0.1699999999999999,0.0,5,0.10028,0.0,0.00399999999999998,0.008944271909999114,5,0.0055109999999999795,0.012322970624001296,0.00399999999999998,0.008944271909999114,5,0.0055109999999999795,0.012322970624001298,-0.16599999999999993,-0.16599999999999993,0.0,-0.09476900000000002,-0.09476900000000002,0.0
2170,0,14,0,2,0,late,late_r2-4,1,0-1,0,1,0,0,0,0,0,0,0,0,0,0,0,0,0,,-1,,,0,0,0,,,,,,0.0,37,-0.08,-0.175,0.09499999999999999,-0.705,-0.6798648648648649,-0.96,0.88,0.17000000000000004,0.625,3,6,0.16216216216216217,0.6416557297297296,0.668655,0.961041,Draw,4,0.10810810810810811,0.7027027027027027,0.16216216216216217,0.6050000000000001,1,0,1.2909533985825128,0.505,0.0,-0.5605205,1,Draw,-1.08,-1.385135135135135,37.0,8.0,4.0,0.2702702702702703,1.0,0.125,0.9010875547303655,4.625,1.0,0.5465142527490732,0.10842605020575066,0.6175,0.4,1.0,10.0,-0.2,0.11999999999999997,1.0,0.4156495597548865,0.7927500740011982,0.3771005142463117,0.5214447088639097,2.4,0.35658492765817656,0.4078944401836117,0.6,5,0.15054090654630006,0.0,0.0,5,0.0,0.0,0.1859999999999999,0.046957427527495585,5,0.16567150000000003,0.03616169133212659,0.2069999999999999,0.057510868538042444,5,0.1818435,0.044288845999867724,0.1859999999999999,0.2069999999999999,0.02100000000000002,0.16567150000000003,0.1818435,0.016171999999999964
5040,1,13,1,3,1,late,late_r2-4,2,2-4,1,1,1,1,2,0,0,0,0,0,0,0,2,0,2,1.1748515527678385,1,1.1955788155115488,0.020727262743710284,1,0,1,1.2211478452509363,1.2211478452509363,0.4603905,0.40105000000000146,1.2211478452509363,0.16337508491021102,49,1.53,1.505,0.025000000000000133,0.975,1.0259183673469388,0.655,0.875,0.375,0.555,10,22,0.4489795918367347,1.266610755102041,1.28759,1.33383,Hit,6,0.16326530612244897,0.5714285714285714,0.24489795918367346,0.025000000000000133,4,1,1.9133205510399773,0.175,0.64,0.863085,1,Hit,-0.41500000000000004,-0.38622448979591834,49.0,10.0,4.0,0.32653061224489793,2.0,0.2,0.8455676942686102,4.9,0.7551020408163265,0.3690720325179174,0.18491923958533088,0.59375,0.6,0.8,4.0,1.471,0.05900000000000003,0.8,0.35010679705960374,0.3059324687118751,-0.04417432834772854,1.0829036303010888,2.2,0.28242424242424236,0.25876669649939477,0.85,5,0.43523635333523264,0.2299999999999999,0.0,5,0.1955399999999999,0.0,0.31000000000000005,0.3587478222930419,5,0.2660437,0.2731966175732233,0.48600000000000004,0.21036872391113656,5,0.45697069999999995,0.1568107376702884,0.08000000000000015,0.2560000000000001,0.176,0.07050370000000009,0.2614307,0.19092699999999996
1376,2,13,1,3,1,late,late_r2-4,1,0-1,0,1,0,0,0,0,0,0,0,0,0,0,0,0,0,,-1,,,0,0,0,,,,,,0.0,37,1.275,1.265,0.010000000000000009,0.78,0.7774324324324324,0.22,1.055,0.615,0.4949999999999999,15,19,0.5135135135135135,1.0836659999999998,1.08628,1.00468,Draw,4,0.10810810810810811,0.7027027027027027,0.16216216216216217,0.695,1,0,1.4704018585103222,0.13,0.55,0.7726599999999999,1,Draw,0.2749999999999999,0.07081081081081081,37.0,8.0,4.0,0.21621621621621623,1.0,0.125,0.9164885091857412,4.625,1.0,0.9308180375662174,0.08745080405617128,0.8675,0.0,1.0,8.0,1.173,0.10199999999999995,0.8,0.5369070076201637,0.7066209233355425,0.1697139157153788,0.9359788058263192,2.0,0.5761904761904761,0.4166168037678027,1.0,5,0.3771235477258076,0.49499999999999994,0.0,5,0.5315499999999999,0.0,0.13799999999999987,0.03850324661635694,5,0.1933809999999999,0.06612985477452678,0.2919999999999999,0.2443000204666385,5,0.38277699999999987,0.2638253882447631,-0.3570000000000001,-0.203,0.15400000000000005,-0.33816899999999994,-0.148773,0.18939599999999998
1277,5,14,0,2,0,late,late_r2-4,5,5-8,3,2,3,2,5,1,0,0,0,0,1,4,1,1,5,0.5985509332297901,1,0.6472207659840649,0.04866983275427472,1,0,1,0.3569041198841076,0.5285901855791914,0.295432643246646,0.5450193405742598,0.5285901855791914,0.40843771227552755,71,0.32,0.19,0.13,-0.76,-0.6628873239436621,-1.67,1.99,0.7799999999999999,1.08,5,16,0.22535211267605634,1.301121929577465,1.31315,1.69635,Draw,6,0.22535211267605634,0.4225352112676056,0.3380281690140845,0.17500000000000002,5,0,2.3327236083741156,0.425,0.315,-0.52132,0,Draw,-1.135,-1.3090140845070422,71.0,15.0,4.0,0.19718309859154928,4.0,0.26666666666666666,0.8811416691960561,4.733333333333333,0.6901408450704225,0.5803003419749169,0.27896307890554684,1.7053571428571428,0.2,1.0,7.0,0.126,0.194,1.0,0.5489878231731264,0.6127893969489973,0.0638015737758709,1.2385149213791538,1.6,0.5771428571428572,0.5650023763032068,0.8,5,0.12119160693704853,0.0,0.0,5,0.006855,0.0,0.076,0.169941166289984,5,0.061423000000000005,0.12201775739620854,0.251,0.1770734310956898,5,0.14797000000000002,0.108058206941907,0.076,0.251,0.175,0.054568000000000005,0.14111500000000002,0.08654700000000001
3397,5,12,0,4,0,late,late_r2-4,1,0-1,1,0,1,0,1,1,0,0,0,0,0,1,0,0,1,0.9631728580940184,1,,,1,0,1,,,,,,0.08168754245510551,39,-0.12,-0.13,0.010000000000000009,-0.39,-0.3807692307692307,-0.58,0.45999999999999996,0.16749999999999998,0.27,18,39,1.0,1.3403194871794872,1.33417,1.45451,PreGuard,4,0.0,0.6666666666666666,0.3076923076923077,0.010000000000000009,4,0,2.0256779113003525,0.605,0.19,-0.847255,1,PreGuard,-1.23,-2.0853846153846147,39.0,8.0,4.0,0.3076923076923077,2.0,0.25,0.8302304963755276,4.875,0.8461538461538461,0.24739378563071163,0.10523329279799729,0.3625,0.2,0.6,10.0,-0.202,0.082,0.6,0.15359310818340038,0.10476190476190479,-0.048831203421495564,1.2765481884885193,4.6,0.24285714285714288,0.20389175697327416,0.9,5,0.4273055519323275,0.404,0.049673936828079156,5,0.341475,0.03924217167155764,0.096,0.09476286192385706,5,0.12331599999999995,0.03803910494478024,0.09199999999999997,0.09338094023942999,5,0.10208699999999997,0.06390927638066325,-0.30800000000000005,-0.31200000000000006,-0.004000000000000031,-0.21815900000000002,-0.239388,-0.021228999999999984
2571,6,12,0,4,0,late,late_r2-4,1,0-1,0,1,0,1,1,-1,0,0,0,0,0,1,0,0,0,1.5385830364331967,0,,,0,1,-1,,,,,,0.08168754245510551,43,-0.49,-0.545,0.05500000000000005,-1.215,-1.123139534883721,-1.45,0.96,0.23249999999999993,0.7250000000000001,4,9,0.20930232558139536,1.4071660465116278,1.41929,1.22878,Hit,5,0.18604651162790697,0.6511627906976745,0.13953488372093023,0.31000000000000005,2,1,1.8058853027614723,0.675,0.065,-1.10439,1,Hit,-1.29,-0.9895348837209301,43.0,9.0,4.0,0.20930232558139536,2.0,0.22222222222222224,0.9018315956954531,4.777777777777778,0.9069767441860466,0.709764618797714,0.12322810273006721,0.6208333333333332,0.2,1.0,6.0,-0.733,0.24300000000000005,1.0,0.27404466735198046,0.3239730165632974,0.04992834921131691,1.1960182137815696,1.8,0.3233333333333333,0.30362370121860954,0.8,5,0.40148288373036295,0.501,0.21361179742701486,5,0.6329770000000001,0.2206253847758684,0.233,0.13198484761517135,5,0.231659,0.15677185949653086,0.45099999999999996,0.370664943041556,5,0.4847030000000001,0.4583190704301972,-0.268,-0.050000000000000044,0.21799999999999994,-0.4013180000000001,-0.14827400000000002,0.2530440000000001
6257,4,13,1,3,1,late,late_r2-4,3,2-4,3,0,3,0,3,3,0,0,0,0,1,2,1,0,1,1.1591007671445306,1,1.5432375398492597,0.3841367727047291,3,0,3,1.0778596224198402,1.5938622794712851,0.8886488468534739,1.0964582628728825,1.5938622794712851,0.2450626273653165,51,2.93,2.895,0.03500000000000014,2.155,2.0455882352941175,0.37,2.56,0.7274999999999998,0.7750000000000004,7,17,0.3333333333333333,1.695807647058824,1.71988,1.64776,Draw,4,0.0,0.5098039215686274,0.47058823529411764,0.30500000000000016,2,0,1.757150635966803,0.12,0.835,2.14434,0,Draw,-0.06999999999999984,-0.5545098039215686,51.0,11.0,4.0,0.27450980392156865,1.0,0.09090909090909091,0.8869242785908813,4.636363636363637,0.803921568627451,0.6131643191859998,0.3301661315040356,1.499583333333333,0.0,0.8,3.0,2.7689999999999997,0.1610000000000002,0.8,0.5503974009871728,0.6965916868308415,0.1461942858436688,1.6392692235013606,2.2,0.5890909090909092,0.473876933391751,1.0,5,0.14306726374366954,1.5450000000000002,0.0,5,1.7141650000000002,0.0,0.26300000000000023,0.09162423260251633,5,0.3764540000000002,0.11285700999494906,0.4610000000000003,0.25996153561632906,5,0.5445350000000003,0.1648445730453386,-1.282,-1.0839999999999999,0.19800000000000006,-1.337711,-1.1696299999999997,0.16808100000000015
7400,3,13,1,3,1,late,late_r2-4,1,0-1,0,1,0,0,0,0,0,1,1,0,0,0,0,0,0,,-1,,,0,0,0,,,,,,0.0,45,1.16,1.16,0.0,0.635,0.6154444444444445,-0.495,1.6549999999999998,0.77,0.5249999999999999,16,21,0.4666666666666667,1.1194863111111113,1.12959,1.15948,Draw,6,0.13333333333333333,0.7111111111111111,0.13333333333333333,0.21499999999999997,2,0,1.4556502071395583,0.2,0.565,0.60478,0,Draw,0.15999999999999992,0.21555555555555558,45.0,9.0,4.0,0.4444444444444445,2.0,0.22222222222222224,0.7962011853182482,5.0,0.8222222222222222,0.826270150183635,0.16408494411947588,0.9994999999999999,0.2,1.0,20.0,1.116,0.04399999999999997,1.0,0.6504283757456317,0.8026275447176371,0.1521991689720054,1.0290844467201152,1.4,0.662414398807058,0.5871905871896829,1.0,5,0.19303778465206411,0.8799999999999999,0.0,5,0.929265,0.0,0.3969999999999999,0.3503498251747816,5,0.418375,0.33519257645792216,0.575,0.25641762809916174,5,0.6435229999999998,0.2784574870738799,-0.483,-0.30499999999999994,0.17800000000000005,-0.5108900000000001,-0.28574200000000016,0.22514799999999985
7403,0,12,0,4,0,late,late_r2-4,1,0-1,0,1,0,1,1,-1,0,0,0,0,0,1,0,0,0,1.3099959535815373,0,,,0,1,-1,,,,,,0.08168754245510551,43,-0.525,-0.585,0.05999999999999994,-1.13,-1.0819767441860464,-1.445,0.92,0.27,0.6049999999999999,5,14,0.32558139534883723,1.4123904651162793,1.42517,1.15299,Hit,5,0.18604651162790697,0.6511627906976745,0.13953488372093023,0.33499999999999996,3,1,1.729205857304063,0.665,0.02,-1.101495,1,Hit,-0.7150000000000001,-0.9046511627906977,43.0,9.0,4.0,0.23255813953488375,3.0,0.3333333333333333,0.8753498564510581,4.777777777777778,0.8837209302325582,0.7726831224167563,0.10073267294615278,0.7625000000000001,0.2,0.8,6.0,-0.69,0.16499999999999998,0.8,0.1807431369021594,0.4550828531122509,0.27433971621009146,1.3950450845114215,2.6,0.5225262092205745,0.21272254570594124,0.95,5,0.20645657512520219,0.735,0.1310534242208116,5,0.9376400000000003,0.10806258973391317,0.389,0.024596747752497705,5,0.45275500000000013,0.07592568817600549,0.28099999999999997,0.15958540033474236,5,0.3756910000000001,0.21024947584357975,-0.346,-0.454,-0.10800000000000004,-0.4848850000000001,-0.5619490000000001,-0.07706400000000002
4811,5,13,1,3,1,late,late_r2-4,2,2-4,2,0,2,0,2,2,0,0,0,0,0,2,0,0,0,1.2443763765035072,1,1.323202452725961,0.07882607622245374,2,0,2,2.3609926730297155,2.3609926730297155,1.150195,0.2657500000000006,2.3609926730297155,0.16337508491021102,45,2.035,1.995,0.040000000000000036,1.405,1.4731111111111113,0.55,1.485,0.5999999999999999,0.6300000000000001,15,19,0.4222222222222222,1.3413904444444442,1.33932,1.33932,Draw,4,0.0,0.5777777777777777,0.4,0.040000000000000036,2,0,1.67012095399621,0.135,0.795,1.3653400000000002,1,Draw,0.040000000000000036,-0.14855555555555558,45.0,9.0,4.0,0.2444444444444444,2.0,0.22222222222222224,0.8837229164294212,5.0,0.8222222222222222,0.7100571192108294,0.1764708935910998,0.8037500000000002,0.0,1.0,8.0,1.89,0.14500000000000016,1.0,0.5264442630052983,0.7268658362755561,0.20042157327025767,1.2142267962344637,1.6,0.6033333333333333,0.4431040203074098,0.95,5,0.1817276606254404,0.7200000000000002,0.0,5,0.7314750000000003,0.0,0.1670000000000001,0.11771788309343663,5,0.18552100000000019,0.12871914841040566,0.30700000000000016,0.13732261285017847,5,0.3416380000000002,0.1893564588811271,-0.5530000000000002,-0.41300000000000003,0.14000000000000007,-0.5459540000000002,-0.3898370000000001,0.15611700000000003
5202,4,13,1,3,1,late,late_r2-4,1,0-1,1,0,1,0,1,1,0,0,0,0,0,0,1,0,1,0.8787665227129446,1,,,1,0,1,,,,,,0.08168754245510551,39,2.035,1.995,0.040000000000000036,1.52,1.524102564102564,0.69,1.3450000000000002,0.7174999999999998,0.5150000000000001,16,19,0.48717948717948717,1.401239487179487,1.39352,1.35786,Draw,4,0.0,0.6666666666666666,0.3076923076923077,0.1050000000000002,2,0,1.7051844886204797,0.135,0.78,1.35607,1,Draw,0.1100000000000001,-0.203974358974359,39.0,8.0,4.0,0.3333333333333333,1.0,0.125,0.869746219600881,4.875,0.8461538461538461,0.6369492396715782,0.20059895946487222,0.9825000000000002,0.0,0.8,3.0,1.9240000000000002,0.11100000000000007,0.8,0.4924787991245032,0.6297440402871078,0.1372652411626047,1.291312168957197,2.2,0.4000000000000001,0.38340924972220325,0.9,5,0.2223944237185598,0.6550000000000002,0.0,5,0.6806250000000003,0.0,0.5010000000000001,0.3930235361909006,5,0.4805210000000001,0.34715558890071174,0.6320000000000002,0.32752099169366244,5,0.6374390000000001,0.27968653610783617,-0.15400000000000014,-0.02300000000000002,0.13100000000000012,-0.20010400000000017,-0.04318600000000017,0.156918
4076,2,14,0,2,0,late,late_r2-4,1,0-1,0,1,0,1,1,-1,0,0,0,0,0,1,0,0,0,1.7156698407619129,0,,,0,1,-1,,,,,,0.08168754245510551,43,-0.77,-0.83,0.05999999999999994,-1.195,-1.2908139534883722,-1.935,1.165,0.5775000000000001,0.42500000000000004,8,26,0.6046511627906976,0.8034022790697676,0.879261,0.614085,Hit,5,0.18604651162790697,0.6511627906976745,0.13953488372093023,0.18999999999999995,2,1,0.6587536638759601,0.87,0.0,-1.0548435,0,Hit,-1.525,-1.455581395348837,43.0,9.0,4.0,0.3953488372093023,2.0,0.22222222222222224,0.8130407757931051,4.777777777777778,0.930232558139535,0.7614990051136887,0.1354875874149267,1.0875,0.4,1.0,6.0,-0.819,0.048999999999999974,1.0,0.6571936180228796,0.7980223679305538,0.14082874990767427,0.6571204246170848,1.6,0.8139343143059843,0.7048986701129734,0.9,5,0.06809052868026917,0.27,0.0,5,0.5869015,0.0,0.22799999999999992,0.09934787365615838,5,0.4365689,0.22402673577120208,0.19799999999999995,0.1155746511999928,5,0.4132579999999999,0.22368202851369165,-0.04200000000000009,-0.07200000000000006,-0.02999999999999997,-0.15033259999999998,-0.17364350000000006,-0.02331090000000008
1989,4,14,0,2,0,late,late_r2-4,1,0-1,0,1,0,1,1,-1,0,0,0,0,0,1,0,0,0,1.3160784395301082,0,,,0,1,-1,,,,,,0.08168754245510551,43,-0.68,-0.74,0.05999999999999994,-1.725,-1.4598837209302324,-1.94,1.2599999999999998,0.7525,1.045,6,15,0.3488372093023256,0.6811286279069768,0.59108,0.712461,Hit,5,0.18604651162790697,0.6511627906976745,0.13953488372093023,0.09999999999999998,2,1,0.784684243706794,0.825,0.0,-1.0362305,1,Hit,-1.61,-1.1501162790697674,43.0,9.0,4.0,0.18604651162790697,1.0,0.11111111111111112,0.9347535178154109,4.777777777777778,0.8604651162790697,0.9406976382367398,0.08928377475138645,1.0975000000000001,0.4,1.0,6.0,-0.7550000000000001,0.07499999999999998,1.0,0.730027457382941,0.841621250995989,0.11159379361304793,0.5550576284004554,1.2,0.6824283751087477,0.7429891538455047,0.8,5,0.17265265913050937,0.0999999999999999,0.0,5,0.3882844999999999,0.0,0.3049999999999999,0.1919635382045247,5,0.5410744999999999,0.14046627980586654,0.3399999999999999,0.13679364020304458,5,0.5698645,0.1033603614786636,0.205,0.24000000000000002,0.03500000000000003,0.15278999999999998,0.18158000000000007,0.028790000000000093
5846,4,14,0,2,0,late,late_r2-4,1,0-1,0,1,0,0,0,0,0,1,1,0,0,0,0,0,0,,-1,,,0,0,0,,,,,,0.0,45,-0.12,-0.185,0.065,-0.75,-0.7992222222222223,-1.795,1.6749999999999998,0.275,0.63,4,10,0.2222222222222222,0.6303794666666666,0.632376,0.930376,Draw,6,0.13333333333333333,0.7111111111111111,0.13333333333333333,0.525,1,0,1.397520139692261,0.5,0.0,-0.585188,1,Draw,-1.12,-1.250111111111111,45.0,9.0,4.0,0.4444444444444445,3.0,0.3333333333333333,0.7688599528978137,5.0,0.8666666666666668,0.7718559162495983,0.15760722948452208,1.1058333333333334,0.2,1.0,20.0,-0.24900000000000003,0.129,1.0,0.6439168322233499,0.7720819233377121,0.12816509111436197,0.5656568344170683,2.0,0.8319378277987814,0.6701097745634053,0.7,5,0.21853396832811062,0.1649999999999999,0.0,5,0.1618115,0.0,0.299,0.4910880776398467,5,0.2867707999999999,0.46738403314680615,0.20099999999999998,0.17886447383424134,5,0.18373319999999996,0.1563831546940878,0.1340000000000001,0.03600000000000009,-0.098,0.12495929999999988,0.02192169999999996,-0.10303759999999992
8608,3,12,0,4,0,late,late_r2-4,2,2-4,2,0,2,0,2,2,0,0,0,0,0,1,1,0,2,0.9229858066779797,1,0.9533225000853596,0.030336693407379878,2,0,2,0.6941825576863784,0.6941825576863784,0.044707,0.3442000000000007,0.6941825576863784,0.16337508491021102,45,0.025,-0.015,0.04,-0.215,-0.2066666666666667,-0.48,0.505,0.175,0.24,25,44,0.9777777777777777,1.6054180000000002,1.6169,1.75624,PreGuard,4,0.0,0.5777777777777777,0.4,0.04,3,0,2.0563243890183966,0.64,0.28,-0.83731,0,Draw,-2.1,-2.880222222222222,45.0,9.0,4.0,0.3111111111111111,2.0,0.22222222222222224,0.8135908077909745,5.0,0.7777777777777778,0.28585642942248,0.10184320217725798,0.43,0.0,0.2,12.0,-0.05700000000000001,0.08199999999999999,0.4,0.07879523150139003,-0.11846610819938416,-0.19726133970077414,1.4933352699601656,6.0,-0.05000000000000001,0.021643023068753642,0.85,5,0.28217601338132775,0.182,0.10177180356071126,5,0.182774,0.08746589652544585,0.13999999999999999,0.08223442101699263,5,0.08510799999999996,0.06348361329902388,0.16,0.07834219807996198,5,0.09107499999999993,0.0634629284503954,-0.04200000000000001,-0.021999999999999992,0.020000000000000018,-0.09766600000000003,-0.09169900000000006,0.005966999999999972
3045,2,9,1,7,1,mid,mid_r5-8,6,5-8,4,2,3,2,5,1,0,0,0,0,1,2,3,4,4,0.2782394119890306,0,0.3232173125066186,0.04497790051758799,0,1,-1,0.3199186497236415,0.7996933898044185,0.8269822851575958,0.6150990121291222,0.58694285192991,0.40843771227552755,71,1.025,1.01,0.014999999999999902,0.295,0.31021126760563383,-0.215,1.24,0.3275,0.73,5,16,0.22535211267605634,1.8872619718309862,1.88223,1.70715,Hit,6,0.22535211267605634,0.4225352112676056,0.3380281690140845,0.2499999999999999,3,1,2.512800967680012,0.265,0.41,0.17142499999999994,1,Hit,0.21499999999999986,1.0342253521126763,71.0,15.0,4.0,0.22535211267605634,6.0,0.4,0.8303432727400368,4.733333333333333,0.6901408450704225,0.7706766626250177,0.13082110071629433,0.8584375,0.0,0.2,4.0,0.7699999999999999,0.2549999999999999,0.2,0.3104437365697313,0.43944556265621976,0.12900182608648852,1.7116185166500177,6.2,0.4828571428571428,0.30247351120623284,0.95,5,0.18970285016426147,0.6349999999999999,0.26217837439422803,5,0.686101,0.3193452536714771,0.33599999999999985,0.16067824992823393,5,0.3840229999999999,0.1570153366951777,0.2939999999999999,0.06767569726275455,5,0.3617259999999999,0.06787853465934572,-0.29900000000000004,-0.341,-0.04199999999999998,-0.30207800000000007,-0.3243750000000001,-0.02229700000000001
5235,3,8,0,8,0,mid,mid_r5-8,7,5-8,4,3,4,3,7,1,0,0,0,0,1,4,3,5,7,0.22636273293985434,0,0.35483036630570214,0.1284676333658478,0,1,-1,0.3572763000480181,0.4480076433783794,0.3362629754818496,0.4326402676872445,0.4480076433783794,0.5718127971857385,87,0.395,0.335,0.06,-0.585,-0.5218965517241381,-1.155,1.55,0.47250000000000003,0.98,3,10,0.11494252873563218,1.9592625287356322,1.94663,2.13752,Freeze,6,0.27586206896551724,0.367816091954023,0.3448275862068966,0.06,4,0,2.7712392805104322,0.45,0.31,-0.642595,0,Hit,1.365,0.3271264367816092,87.0,18.0,4.0,0.25287356321839083,5.0,0.2777777777777778,0.813965756285034,4.833333333333333,0.7241379310344828,0.5903559984351887,0.1849810105792099,1.0650000000000002,0.0,0.6,14.0,5.551115123125783e-18,0.395,0.6,0.2215134781146217,0.39054746216773245,0.16903398405311076,1.8753006757700317,6.2,0.2676986584107327,0.19709598756742513,0.8,5,0.23834738233090452,0.421,0.3054177467011372,5,0.365411,0.3153989389329013,0.716,0.27405291459862274,5,0.656315,0.25912553982095243,0.525,0.12961481396815724,5,0.5070789999999998,0.11668599928868936,0.295,0.10400000000000004,-0.19099999999999995,0.290904,0.14166799999999985,-0.14923600000000015
6131,1,7,1,9,1,mid,early_r9+,7,5-8,3,4,3,4,7,-1,0,0,0,0,1,5,2,4,7,0.1219281914079369,0,0.2287811681498266,0.1068529767418897,0,1,-1,0.3122065997130934,0.3622324343905889,0.3348324935113546,0.36473652721617356,0.3622324343905889,0.5718127971857385,91,0.94,0.94,0.0,0.225,0.24741758241758247,-0.35,1.29,0.33,0.715,8,21,0.23076923076923078,2.0395596703296706,2.03418,1.87787,Hit,6,0.3516483516483517,0.37362637362637363,0.26373626373626374,0.4099999999999999,3,1,2.6204122551980156,0.29,0.385,0.0010649999999999826,1,Hit,1.22,0.9954395604395605,91.0,19.0,4.0,0.26373626373626374,9.0,0.47368421052631576,0.7505567657771719,4.7894736842105265,0.6483516483516484,0.6525589384019419,0.17397668313241169,0.975,0.2,0.2,1.0,0.8150000000000001,0.12499999999999996,0.2,0.24062476887549206,0.4484101322596847,0.20778536338419257,1.8635879363551329,7.0,0.4301754385964912,0.2457682483013027,0.85,5,0.10465197747957274,0.20999999999999988,0.11720708169731046,5,0.20300499999999988,0.12369903283777117,0.1549999999999999,0.15329709716755893,5,0.19214799999999993,0.18826131096829216,0.12499999999999992,0.10960155108391487,5,0.17782399999999993,0.12990850955576388,-0.05499999999999999,-0.08499999999999996,-0.02999999999999997,-0.01085699999999995,-0.025180999999999953,-0.014324000000000003
4532,1,7,1,9,1,mid,early_r9+,7,5-8,3,4,3,4,7,-1,0,0,0,0,1,5,2,5,7,0.30891430858572977,1,0.32034115599466784,0.011426847408938068,2,0,2,0.3031841997466213,0.4309894953105265,0.3069622454804054,0.4776255240504739,0.4309894953105265,0.5718127971857385,91,0.895,0.865,0.030000000000000027,0.41,0.4136263736263737,-0.075,0.97,0.23250000000000004,0.48500000000000004,9,49,0.5384615384615384,1.9975610989010983,2.01087,1.83684,Hit,6,0.3516483516483517,0.37362637362637363,0.26373626373626374,0.030000000000000027,5,1,2.575157775924957,0.31,0.395,-0.023419999999999996,1,Hit,-0.565,-1.29489010989011,91.0,19.0,4.0,0.17582417582417584,5.0,0.2631578947368421,0.8816502695866053,4.7894736842105265,0.6923076923076923,0.5298845414000601,0.13276781164577484,0.5149999999999999,0.0,0.0,5.0,0.5980000000000001,0.297,0.4,0.08872156562588504,0.1572873772548104,0.06856581162892539,1.8882560456179267,10.2,0.10932111384562009,0.07775356232826225,0.8,5,0.16368607574632385,0.34500000000000003,0.1786057109949175,5,0.48394000000000004,0.19743821938773656,0.297,0.004472135954999583,5,0.341825,0.02234949943511039,0.43099999999999994,0.18198214198101967,5,0.489072,0.18260490089945555,-0.04800000000000004,0.08599999999999991,0.13399999999999995,-0.14211500000000005,0.00513199999999997,0.14724700000000002
3292,1,9,1,7,1,mid,mid_r5-8,6,5-8,3,3,3,2,5,1,0,0,0,0,1,4,1,2,5,0.12854597211772442,0,0.4382419285397598,0.3096959564220354,0,1,-1,0.3452522809008444,0.7289786110363191,0.9000724515918681,0.36379056131241205,0.5854060840858015,0.40843771227552755,75,1.645,1.62,0.02499999999999991,0.83,0.8291333333333333,-0.185,1.83,0.48249999999999993,0.8150000000000001,8,16,0.21333333333333335,2.2163178666666674,2.22214,2.33858,Hit,6,0.26666666666666666,0.4,0.32,0.45999999999999996,2,1,2.863642767201017,0.29,0.49,0.5634000000000001,0,Hit,0.15999999999999992,2.0487333333333333,75.0,15.0,4.0,0.26666666666666666,4.0,0.26666666666666666,0.8465922010686804,5.0,0.7333333333333333,0.6862550363736784,0.20522057902403068,1.0375,0.0,0.2,6.0,1.5,0.14499999999999996,0.6,0.3022475153495256,0.47113714543105994,0.1688896300815344,2.110622978654271,5.2,0.45357142857142857,0.3149349153770441,0.9,5,0.14981615776041488,0.166,0.3711872842649651,5,0.221594,0.2994184464591319,0.20000000000000004,0.1323820229487373,5,0.20460400000000015,0.09692464814225538,0.1519999999999999,0.028416544476765688,5,0.19169100000000008,0.026860891738734256,0.03400000000000003,-0.014000000000000096,-0.048000000000000126,-0.016989999999999866,-0.02990299999999993,-0.012913000000000063
9633,1,10,0,6,0,mid,mid_r5-8,7,5-8,4,3,4,3,7,1,0,0,0,0,1,4,3,4,6,0.11573870004885917,0,0.2929572594355714,0.17721855938671222,0,1,-1,0.39561987352001965,0.537200875939047,0.23960903795251676,0.7557936839197996,0.537200875939047,0.5718127971857385,87,0.57,0.435,0.13499999999999995,-0.39,-0.34534482758620694,-1.08,1.65,0.445,0.96,4,10,0.11494252873563218,1.8160551724137932,1.81105,2.07487,Hit,6,0.27586206896551724,0.367816091954023,0.3448275862068966,0.22999999999999993,4,1,2.664252961995673,0.435,0.31,-0.46743500000000016,1,Hit,-2.25,0.29666666666666663,87.0,18.0,4.0,0.1839080459770115,6.0,0.3333333333333333,0.8386964930364158,4.833333333333333,0.6551724137931034,0.6572649786997903,0.19768474289034219,1.4775,0.4,0.8,2.0,0.475,0.09499999999999997,0.8,0.2812845816801476,0.3418364367243393,0.06055185504419168,1.650407880253254,3.6,0.36538455082376176,0.2815128872494791,0.8,5,0.17069072938010355,0.27299999999999996,0.41895107112883717,5,0.23129799999999995,0.36901393206422434,0.07299999999999995,0.1054514106117125,5,0.0450049999999999,0.06175102833151836,0.09499999999999995,0.09130991183874831,5,0.07392099999999988,0.06777181764937389,-0.2,-0.17800000000000002,0.021999999999999992,-0.18629300000000004,-0.15737700000000007,0.028915999999999976
5313,3,6,0,10,0,mid,early_r9+,6,5-8,3,3,3,3,6,0,0,0,0,0,1,4,2,4,6,0.35490496411856576,1,0.38450929960275315,0.029604335484187394,1,0,1,0.31211478055396663,0.38162536594093566,0.29646933876734344,0.4044800424275867,0.38162536594093566,0.490125254730633,81,-0.075,-0.085,0.010000000000000009,-0.59,-0.5942592592592594,-1.22,1.145,0.38,0.515,12,39,0.48148148148148145,2.066449135802469,2.06397,2.09031,PostGuard,6,0.2962962962962963,0.3950617283950617,0.2962962962962963,0.06000000000000001,5,0,2.7148164657431466,0.495,0.2,-1.120155,1,PostGuard,-1.075,-1.3090740740740743,81.0,17.0,4.0,0.22222222222222224,4.0,0.23529411764705882,0.8490042519064709,4.764705882352941,0.7037037037037037,0.4879239898323379,0.19123247947386965,0.7002777777777778,0.0,0.4,12.0,-0.46399999999999997,0.38900000000000007,0.4,0.23019428388325586,0.35713231323944494,0.12693802935618914,1.9654932282985134,6.8,0.3475490196078432,0.23126110336098754,0.85,5,0.17885199550887196,0.503,0.1889642823392824,5,0.5224479999999999,0.21281486110584474,0.8780000000000001,0.1500666518584325,5,0.8797609999999999,0.15219364020056822,0.38899999999999996,0.13030732903409536,5,0.410614,0.14550187272849782,0.3750000000000001,-0.11400000000000005,-0.48900000000000016,0.357313,-0.11183399999999993,-0.4691469999999999
2130,6,7,1,9,1,mid,early_r9+,7,5-8,4,3,4,3,7,1,0,0,0,0,1,5,2,4,7,0.20486890882991482,1,0.2876310962952361,0.08276218746532127,2,0,2,0.31946502419044437,0.4057032101238614,0.31622903895623966,0.4346318376346978,0.4057032101238614,0.5718127971857385,87,1.34,1.305,0.03500000000000014,0.42,0.4714367816091954,-0.055,1.395,0.385,0.9200000000000002,8,12,0.13793103448275862,2.1237962068965524,2.10178,2.2191,Hit,6,0.27586206896551724,0.367816091954023,0.3448275862068966,0.535,1,1,2.7677979773374344,0.325,0.42,0.23045000000000004,1,Hit,-2.295,-0.9106321839080458,87.0,18.0,4.0,0.22988505747126436,7.0,0.3888888888888889,0.8114968699427232,4.833333333333333,0.7471264367816092,0.7876916145414902,0.1556325586830098,1.1325,0.0,0.8,10.0,1.266,0.07400000000000007,0.4,0.2405003058493061,0.48768234558276813,0.24718203973346203,1.9634471040508132,4.4,0.4165406453684669,0.22457826090282257,0.9,5,0.19902686650363804,0.18300000000000005,0.2156849554326866,5,0.21803500000000006,0.20058098115225176,0.30800000000000005,0.22013064302818,5,0.299063,0.1751287095467216,0.35700000000000004,0.2586165114605021,5,0.37289700000000003,0.22901426627505106,0.125,0.174,0.04899999999999999,0.08102799999999996,0.15486199999999997,0.07383400000000001
9218,5,10,0,6,0,mid,mid_r5-8,9,9-12,4,5,4,5,9,-1,0,0,0,0,1,6,3,5,8,0.2657821081563052,0,0.26690897553765675,0.0011268673813515373,0,1,-1,0.409494646813604,0.4848254045117069,0.32648323136304835,0.6270163027789768,0.4848254045117069,0.7351878820959495,107,0.945,0.88,0.06499999999999995,0.41,0.360607476635514,-0.825,1.77,0.3399999999999999,0.5349999999999999,12,47,0.4392523364485981,1.7333280373831776,1.73525,1.64681,Hit,6,0.37383177570093457,0.3364485981308411,0.2803738317757009,0.06499999999999995,5,1,2.3692868377532084,0.275,0.395,0.1215949999999999,1,Hit,0.825,0.850233644859813,107.0,22.0,4.0,0.2616822429906542,8.0,0.36363636363636365,0.7652241697454691,4.863636363636363,0.7289719626168224,0.8162462189155926,0.14544141619624376,1.585,0.0,0.2,12.0,0.7430000000000001,0.20199999999999996,0.8,0.3339670935952892,0.5588815923955595,0.2249144988002703,1.6361188559205122,7.4,0.5607001693958216,0.33009841432954506,0.85,5,0.12542746247986047,0.582,0.20960081106713302,5,0.6550439999999998,0.17282682844396585,0.4539999999999999,0.26752102721094656,5,0.5634699999999999,0.2938425449113862,0.3409999999999999,0.30050790339024364,5,0.4085329999999999,0.3182778125828126,-0.12800000000000006,-0.24100000000000005,-0.11299999999999999,-0.09157399999999993,-0.24651099999999992,-0.154937
8265,7,10,0,6,0,mid,mid_r5-8,8,5-8,4,4,4,4,8,0,0,0,0,0,1,6,2,4,8,0.19538380272939487,1,0.30939837902613415,0.11401457629673928,2,0,2,0.3321574799338451,0.38815794653718877,0.4094872010508234,0.29785298282038325,0.38815794653718877,0.6535003396408441,97,0.975,0.95,0.025000000000000022,0.315,0.14128865979381444,-1.73,2.705,0.56,0.6599999999999999,15,28,0.28865979381443296,1.9808190721649486,1.96285,1.713,Draw,6,0.32989690721649484,0.35051546391752575,0.30927835051546393,0.030000000000000027,5,0,2.4866478821258124,0.28,0.435,0.11849999999999994,1,Draw,-0.9600000000000001,-1.3409278350515463,97.0,20.0,4.0,0.12371134020618557,6.0,0.3,0.9019914138942398,4.85,0.7319587628865979,0.8277356142416054,0.2587718021370569,2.06125,0.2,0.2,12.0,0.873,0.10199999999999998,0.6,0.5337702167685529,0.6445154995123052,0.11074528274375221,1.8562840955572348,9.4,0.604545329848297,0.5206446429749285,0.9,5,0.1299137396157222,0.343,0.3957524478761944,5,0.42367499999999997,0.4433314229924381,0.39499999999999996,0.2154065922853802,5,0.5132939999999999,0.23753599573012085,0.10199999999999995,0.14944062366036887,5,0.18422799999999992,0.18794163085250698,0.051999999999999935,-0.24100000000000008,-0.29300000000000004,0.08961899999999995,-0.23944700000000005,-0.32906599999999997
7644,2,9,1,7,1,mid,mid_r5-8,7,5-8,5,2,5,2,7,3,0,0,0,0,1,4,3,3,5,0.2666184253497868,1,0.3371879600460247,0.07056953469623789,1,0,1,0.38772104150406833,0.5850770111757128,0.3818513691330549,0.8097069517764437,0.5850770111757128,0.5718127971857385,83,1.705,1.675,0.030000000000000027,0.87,0.9104216867469881,0.415,1.29,0.3275000000000001,0.8350000000000001,5,13,0.1566265060240964,2.284972530120482,2.28908,2.45519,Hit,6,0.1927710843373494,0.3614457831325301,0.43373493975903615,0.33499999999999996,4,1,3.0066970845738004,0.295,0.53,0.501395,0,Hit,-0.43999999999999995,-0.04825301204819278,83.0,17.0,4.0,0.30120481927710846,8.0,0.47058823529411764,0.7256947605207541,4.882352941176471,0.6867469879518072,0.6030823199970975,0.18195829980534756,1.0575,0.0,0.2,2.0,1.3940000000000001,0.31100000000000005,0.2,0.21940179901202686,0.26438658308861623,0.04498478407658937,2.177654116862898,6.0,0.2838235294117647,0.18835631724751134,0.9,5,0.2146844900682713,0.899,0.5118886597688994,5,0.788576,0.4299827593258828,0.546,0.40814213210596134,5,0.5616150000000001,0.36732425430401416,0.38900000000000007,0.16157041808449965,5,0.4052270000000001,0.2214081063217877,-0.353,-0.51,-0.15699999999999997,-0.22696099999999997,-0.38334899999999994,-0.15638799999999997
157,5,8,0,8,0,mid,mid_r5-8,6,5-8,3,3,3,3,6,0,0,0,0,0,1,4,2,4,6,0.18178258584363907,1,0.23317179315045672,0.05138920730681765,1,0,1,0.2901252549917043,0.3736751882961284,0.23256841352289342,0.4424877889087263,0.3736751882961284,0.490125254730633,81,0.215,0.06,0.155,-0.435,-0.43,-1.09,1.3050000000000002,0.33499999999999996,0.65,5,24,0.2962962962962963,2.012227160493827,2.01106,2.09733,Draw,6,0.2962962962962963,0.3950617283950617,0.2962962962962963,0.155,5,0,2.71652423666877,0.51,0.29,-0.833665,1,Draw,1.1,-1.1204938271604938,81.0,17.0,4.0,0.14814814814814814,5.0,0.29411764705882354,0.8950987772943464,4.764705882352941,0.7283950617283951,0.3239332919817855,0.19668593639521473,0.6699999999999999,0.4,0.6,12.0,-0.06000000000000001,0.275,0.4,0.12563780472355185,0.28678462863214305,0.16114682390859122,1.8669923991614996,5.4,0.20789484760964982,0.12181445631725807,0.9,5,0.11254498479074856,0.509,0.1580901641469196,5,0.46763400000000005,0.15053723992753418,0.7390000000000001,0.5188255969013095,5,0.7193660000000002,0.5071433523102715,0.33199999999999996,0.32729191862922613,5,0.30136700000000005,0.2932243786889146,0.2300000000000001,-0.17700000000000005,-0.40700000000000014,0.2517320000000001,-0.166267,-0.4179990000000001
5808,2,8,0,8,0,mid,mid_r5-8,7,5-8,3,4,3,4,7,-1,0,0,0,0,1,4,3,5,7,0.06659101804778195,1,0.363510582086684,0.2969195640389021,1,0,1,0.29109694919048607,0.34739102911213543,0.24409568366674056,0.4431261404233908,0.34739102911213543,0.5718127971857385,91,0.49,0.39,0.09999999999999998,-0.015,-0.06214285714285714,-0.935,1.425,0.2625,0.505,11,43,0.4725274725274725,1.8027282417582418,1.79716,1.67329,PostGuard,6,0.3516483516483517,0.37362637362637363,0.26373626373626374,0.18,5,0,2.2217338408883847,0.305,0.2,-0.335885,0,PostGuard,-0.51,-1.094945054945055,91.0,19.0,4.0,0.26373626373626374,7.0,0.3684210526315789,0.8434806867983491,4.7894736842105265,0.7142857142857143,0.5852722204160875,0.16037652029288021,0.9324999999999999,0.4,0.4,4.0,0.26,0.22999999999999998,0.4,0.2157116884597464,0.3433302098205959,0.1276185213608495,1.7245553888365937,6.6,0.3723141186315169,0.21890722905136178,0.9,5,0.14114766268493803,0.31,0.08689073598491379,5,0.35213099999999997,0.07288662818034593,0.32999999999999996,0.17815021751319873,5,0.364041,0.2145298185101549,0.28300000000000003,0.21556901447100418,5,0.35733099999999995,0.25388972092721684,0.019999999999999962,-0.02699999999999997,-0.04699999999999993,0.011910000000000032,0.005199999999999982,-0.006710000000000049
8545,3,11,1,5,1,mid,mid_r5-8,9,9-12,5,4,5,4,9,1,0,0,0,0,1,7,2,3,8,0.048278026468469154,0,0.36143698825665305,0.3131589617881839,0,1,-1,0.3250907550165156,0.5047388229056271,0.45311285292498465,0.5386000174205652,0.5047388229056271,0.7351878820959495,103,1.39,1.36,0.029999999999999805,0.5,0.5633009708737863,-0.04,1.43,0.44999999999999996,0.8899999999999999,6,19,0.18446601941747573,1.8460400000000001,1.83303,1.82973,Draw,6,0.3106796116504854,0.3300970873786408,0.34951456310679613,0.029999999999999805,4,0,2.573324355656188,0.255,0.525,0.47513499999999986,1,Draw,1.3699999999999999,1.2128640776699027,103.0,21.0,4.0,0.2524271844660194,8.0,0.38095238095238093,0.7933621861478005,4.904761904761905,0.6990291262135923,0.5341469243349499,0.21605957924270086,1.28,0.4,0.4,15.0,1.3,0.0899999999999999,0.0,0.34762054147829047,0.4759686846483094,0.1283481431700188,1.7599964961369028,8.8,0.4073190476905796,0.3340917011934773,0.85,5,0.09252286412181349,0.2869999999999998,0.574669470217446,5,0.3347389999999998,0.6353429387189254,1.222,0.08489699641330072,5,1.371075,0.09146966710336274,0.19499999999999992,0.28102490992792795,5,0.21131099999999986,0.2576679680422073,0.9350000000000002,-0.09199999999999989,-1.0270000000000001,1.0363360000000004,-0.12342799999999993,-1.1597640000000002
8266,2,8,0,8,0,mid,mid_r5-8,8,5-8,4,4,4,4,8,0,0,0,0,0,1,7,1,5,8,0.24726249695414818,0,0.27922533174660114,0.03196283479245296,0,1,-1,0.30632009958375195,0.3565544038565618,0.2831574356666479,0.3454568747959002,0.3565544038565618,0.6535003396408441,97,0.12,0.12,0.0,-0.305,-0.3514432989690721,-1.055,1.1749999999999998,0.325,0.425,17,64,0.6597938144329897,1.9272843298969071,1.92883,2.12499,PostGuard,6,0.32989690721649484,0.35051546391752575,0.30927835051546393,0.08499999999999999,5,0,2.763032137274262,0.49,0.255,-0.741045,0,PostGuard,1.12,0.3525773195876289,97.0,20.0,4.0,0.26804123711340205,8.0,0.4,0.7104281797581421,4.85,0.6597938144329897,0.6747255550112813,0.14187741423001138,0.7995454545454546,0.2,0.2,22.0,-0.10300000000000001,0.223,0.2,0.18633930198105714,0.2688719359112798,0.08253263393022268,1.7137271968331043,6.2,0.20126251306490062,0.1835526240873416,0.85,5,0.197131980080298,0.32199999999999995,0.1299326748743364,5,0.40420100000000003,0.16200467575813973,0.48199999999999993,0.04221966366516908,5,0.600981,0.03818852615642554,0.31599999999999995,0.1434573107234344,5,0.45087800000000006,0.152476831010485,0.15999999999999998,-0.006000000000000005,-0.16599999999999998,0.19677999999999995,0.046677000000000024,-0.15010299999999993
6112,0,9,1,7,1,mid,mid_r5-8,8,5-8,4,4,4,4,8,0,0,0,0,0,1,4,4,3,7,0.20866540173444909,0,0.24281077823070202,0.03414537649625293,0,1,-1,0.4405114090508896,0.6044139467849436,0.6519324042173462,0.5446945726735295,0.6044139467849436,0.6535003396408441,97,1.105,0.885,0.21999999999999997,0.02,0.11000000000000001,-0.405,1.51,0.45,1.085,2,10,0.10309278350515463,2.0288310309278357,2.02187,2.04792,Hit,6,0.32989690721649484,0.35051546391752575,0.30927835051546393,0.28,2,1,2.750005791778301,0.31,0.425,0.08104,1,Hit,0.7849999999999999,0.9811340206185567,97.0,20.0,4.0,0.26804123711340205,5.0,0.25,0.8056286015877616,4.85,0.7010309278350515,0.6586656241740352,0.18367671018125098,1.3175,0.2,0.2,1.0,0.8469999999999999,0.258,0.2,0.271164306152383,0.5270410411130557,0.2558767349606727,1.889865632074001,5.4,0.49224306770532583,0.26165449795722606,0.85,5,0.20455772741261652,0.2869999999999999,0.08371081172704035,5,0.33709300000000003,0.04025009900608935,0.5429999999999999,0.0848969964133008,5,0.503029,0.011044825372091767,0.34299999999999997,0.16839685270218085,5,0.36651900000000004,0.12821612215318315,0.256,0.05600000000000005,-0.19999999999999996,0.16593599999999992,0.029426000000000008,-0.1365099999999999
9280,6,11,1,5,1,mid,mid_r5-8,7,5-8,2,5,2,5,7,-3,0,0,0,0,1,6,1,2,6,0.1223642743001402,1,0.5643661566182032,0.44200188231806303,1,0,1,0.34010560160632375,0.47083052977607787,0.43587753594947715,0.3937739852105146,0.47083052977607787,0.5718127971857385,95,1.485,1.185,0.30000000000000004,0.585,0.5385789473684209,-1.1,2.585,0.42,0.9000000000000001,1,10,0.10526315789473684,1.7958465263157897,1.76748,1.59367,Draw,6,0.42105263157894735,0.37894736842105264,0.18947368421052632,0.30000000000000004,3,0,2.3322572903168193,0.17,0.575,0.6881650000000001,1,Draw,0.385,-0.07668421052631579,95.0,19.0,4.0,0.24210526315789474,8.0,0.42105263157894735,0.7667670536226844,5.0,0.6947368421052632,0.8114390359005202,0.19587457619990006,2.51,0.8,0.8,1.0,1.3900000000000001,0.09500000000000001,0.8,0.3693818917170711,0.6396500059218717,0.2702681142048007,1.746188800287627,2.8,0.5978168411994907,0.33375522606503705,0.9,5,0.12730018932564127,0.6450000000000001,0.23278208693969563,5,0.7346410000000001,0.26674910134337837,0.8840000000000001,0.032863353450309996,5,0.9278190000000002,0.03948258055775992,0.4700000000000001,0.05232112384114086,5,0.5362260000000002,0.08766499689157577,0.239,-0.17500000000000004,-0.41400000000000003,0.19317800000000007,-0.1984149999999999,-0.39159299999999997
6350,2,6,0,10,0,mid,early_r9+,6,5-8,3,3,3,3,6,0,0,0,0,0,1,5,1,4,6,0.19879553094574282,1,0.2781480112745727,0.07935248032882991,1,0,1,0.3020010126489661,0.3727914429015693,0.33386386759027,0.26108568676458166,0.3727914429015693,0.490125254730633,81,-0.22,-0.275,0.05500000000000002,-0.74,-0.6983950617283949,-1.135,0.915,0.395,0.52,21,40,0.49382716049382713,2.0773107407407405,2.08192,2.02771,Hit,6,0.2962962962962963,0.3950617283950617,0.2962962962962963,0.08499999999999999,5,1,2.6428758925231777,0.59,0.175,-1.21124,0,Hit,-2.91,-1.5441358024691358,81.0,17.0,4.0,0.24691358024691357,7.0,0.4117647058823529,0.7844164469367472,4.764705882352941,0.7037037037037037,0.3586930616182096,0.1860302231552716,0.825,0.2,0.2,4.0,-0.28500000000000003,0.065,0.4,0.1559190665932408,0.2866578837635293,0.13073881717028848,1.8348244446645612,9.0,0.3460784313725491,0.16815587144806152,0.8,5,0.08887978737759862,0.303,0.17112130200533193,5,0.3304879999999999,0.15398249143977377,0.27799999999999997,0.22728286341033282,5,0.271151,0.25283962907345037,0.08799999999999998,0.06704476116744694,5,0.0981449999999999,0.09951376638435515,-0.025000000000000022,-0.21500000000000002,-0.19,-0.05933699999999992,-0.232343,-0.17300600000000008
6128,3,9,1,7,1,mid,mid_r5-8,7,5-8,5,2,5,2,7,3,0,0,0,0,1,4,3,4,7,0.08080964024892036,1,0.31795263128963014,0.2371429910407098,1,0,1,0.32850788009422505,0.4452729864211123,0.3401224399926207,0.4379125660565173,0.4452729864211123,0.5718127971857385,83,1.34,1.185,0.15500000000000003,0.77,0.7299397590361446,0.03,1.31,0.2925000000000001,0.5700000000000001,3,32,0.3855421686746988,1.9455243373493976,1.94278,1.80953,PostGuard,6,0.1927710843373494,0.3614457831325301,0.43373493975903615,0.15500000000000003,5,0,2.6193838549895814,0.23,0.47,0.43523500000000004,1,PostGuard,0.32000000000000006,-0.09903614457831324,83.0,17.0,4.0,0.3373493975903614,5.0,0.29411764705882354,0.7613070327130479,4.882352941176471,0.7831325301204819,0.6342702048176403,0.14667869683875384,0.9213235294117649,0.0,0.6,17.0,0.875,0.465,0.6,0.06543537028772937,0.31468918222129816,0.24925381193356877,1.8132847337241447,7.6,0.2671568627450981,0.07365068266186994,0.75,5,0.15526462837865823,0.7220000000000001,0.5175978168423819,5,0.777424,0.4619711139021573,0.476,0.29350042589406916,5,0.582039,0.35744689875560537,0.7110000000000001,0.2430380628625895,5,0.7982910000000001,0.25119736626306416,-0.2460000000000001,-0.01100000000000001,0.2350000000000001,-0.19538500000000003,0.02086700000000008,0.2162520000000001
1966,3,10,0,6,0,mid,mid_r5-8,10,9-12,5,5,5,5,10,0,0,0,0,0,1,7,3,7,10,0.08913323768135042,0,0.30636380838637217,0.21723057070502175,0,3,-3,0.3003264394504104,0.35303575808941595,0.27941167522093435,0.4717029658588124,0.35303575808941595,0.8168754245510551,113,-0.43,-0.475,0.044999999999999984,-1.42,-1.4236283185840706,-2.31,1.8800000000000001,0.5550000000000002,0.99,5,12,0.10619469026548672,1.8679977876106195,1.87002,1.8534,Hit,6,0.35398230088495575,0.3185840707964602,0.3185840707964602,0.27999999999999997,2,1,2.384920852591107,0.515,0.095,-1.3567,1,Hit,2.8,1.3385398230088494,113.0,23.0,4.0,0.23893805309734514,9.0,0.391304347826087,0.7329430067156968,4.913043478260869,0.6902654867256637,0.7876589529431725,0.1786119549238398,1.5933333333333335,0.2,0.2,1.0,-0.629,0.199,0.2,0.31214367944481475,0.3580765541192424,0.045932874674427616,1.8825814054683416,10.0,0.3294569942600684,0.27271683671175123,0.9,5,0.23583446273701095,0.6990000000000001,0.33515667977827923,5,0.8659140000000001,0.42966675698150075,0.288,0.2526756814574762,5,0.33510699999999993,0.30915205036518856,0.323,0.3101330359700495,5,0.370102,0.357843536454831,-0.4110000000000001,-0.37600000000000006,0.03500000000000003,-0.5308070000000001,-0.4958120000000001,0.034995000000000054
4424,7,11,1,5,1,mid,mid_r5-8,11,9-12,6,5,6,5,11,1,0,0,0,0,1,6,5,6,9,0.13920365354759914,1,0.24111545878014548,0.10191180523254634,3,0,3,0.30588566495506364,0.3621462678966102,0.3631463587684805,0.5640763382485564,0.3621462678966102,0.8985629670061606,119,2.45,2.365,0.08499999999999996,1.82,1.8228151260504206,0.895,1.5550000000000002,0.41999999999999993,0.6300000000000001,14,44,0.3697478991596639,1.5946187394957985,1.59449,1.35923,PreGuard,6,0.33613445378151263,0.3025210084033613,0.35294117647058826,0.08499999999999996,5,0,2.274816903305832,0.055,0.825,1.770385,1,PreGuard,-0.5499999999999998,-0.9941596638655463,119.0,24.0,4.0,0.36134453781512604,12.0,0.5,0.6640375594670955,4.958333333333333,0.6974789915966386,0.6959739013670567,0.1837169557602654,1.201764705882353,0.0,0.2,34.0,2.0589999999999997,0.3910000000000002,0.2,0.3569255890256164,0.43782860445703664,0.08090301543142027,1.595346581074279,6.8,0.41686956521739127,0.3513080990006574,0.65,5,0.19583160221359414,0.4590000000000002,0.1678317609989242,5,0.5544600000000002,0.20516680092061684,0.41100000000000014,0.25752184373369186,5,0.520391,0.3377598508074931,0.4620000000000001,0.10703971225671337,5,0.5914500000000001,0.11929513668838307,-0.04800000000000004,0.0029999999999998916,0.050999999999999934,-0.03406900000000013,0.03698999999999997,0.0710590000000001
8076,2,10,0,6,0,mid,mid_r5-8,7,5-8,3,4,3,4,7,-1,0,0,0,0,1,3,4,4,7,0.10696828932445357,0,0.25038836323000285,0.14342007390554928,0,4,-4,0.30714444093943594,0.5646476318141204,0.4490125342719524,0.49226778634132556,0.5646476318141204,0.5718127971857385,91,-0.37,-0.445,0.07500000000000001,-1.45,-1.3229670329670329,-2.125,1.755,0.5350000000000001,1.08,7,19,0.2087912087912088,2.0306850549450552,2.01405,1.90607,Hit,6,0.3516483516483517,0.37362637362637363,0.26373626373626374,0.24,3,1,2.5643935537542006,0.61,0.16,-1.285895,0,Hit,0.06,1.7065384615384618,91.0,19.0,4.0,0.24175824175824173,5.0,0.2631578947368421,0.7801310506039083,4.7894736842105265,0.7252747252747253,0.8003452432608512,0.18376734057747432,1.3470454545454547,0.6,1.0,2.0,-0.4,0.030000000000000006,1.0,0.3722869005778556,0.5305415381636353,0.15825463758577973,1.8181274161651957,2.0,0.5840770513092438,0.40029252787487024,0.75,5,0.17336353536172042,0.481,0.33411076007815144,5,0.5872749999999998,0.36010019543177135,0.755,0.06708203932499375,5,0.876597,0.05890250266329965,0.035999999999999976,0.0504232089419148,5,0.07971399999999988,0.06591724218669952,0.274,-0.445,-0.7190000000000001,0.2893220000000002,-0.5075609999999999,-0.7968830000000001
3453,4,8,0,8,0,mid,mid_r5-8,7,5-8,4,3,4,3,7,1,0,0,0,0,1,4,3,5,7,0.2340393103925068,0,0.3186209465214897,0.0845816361289829,0,2,-2,0.2959963839796031,0.4241165044658337,0.45235835931142976,0.2790309323793494,0.4241165044658337,0.5718127971857385,87,0.625,0.52,0.10499999999999998,-0.085,-0.08247126436781611,-1.055,1.68,0.35,0.71,8,22,0.25287356321839083,1.9153262068965522,1.91039,2.14578,PostGuard,6,0.27586206896551724,0.367816091954023,0.3448275862068966,0.10499999999999998,5,0,2.782787750205223,0.405,0.345,-0.44689999999999996,0,PreGuard,2.625,1.1129310344827588,87.0,18.0,4.0,0.25287356321839083,6.0,0.3333333333333333,0.8092089700115499,4.833333333333333,0.7241379310344828,0.6466830838273013,0.19021355710890092,1.065,0.2,0.4,20.0,0.191,0.434,0.2,0.2510583608941398,0.3939420741432519,0.1428837132491121,1.7952142983972768,8.6,0.32342621259029924,0.2302444250462709,0.75,5,0.1178225263939307,0.29,0.16217274740226856,5,0.21135599999999996,0.12292585582374448,0.6519999999999999,0.27535431719876846,5,0.5674140000000001,0.31003428649909026,0.495,0.32363173515587124,5,0.38819900000000007,0.2731977322471767,0.36199999999999993,0.20500000000000002,-0.15699999999999992,0.3560580000000001,0.1768430000000001,-0.179215
803,0,9,1,7,1,mid,mid_r5-8,7,5-8,2,5,2,5,7,-3,0,0,0,0,1,4,3,2,7,0.26088463596195177,1,0.5219853820951316,0.2611007461331798,1,0,1,0.30047910562299884,0.4897665136505963,0.32358707407952336,0.5899430525958616,0.4897665136505963,0.5718127971857385,95,1.155,1.085,0.07000000000000006,0.08,0.16031578947368424,-0.525,1.6800000000000002,0.6475,1.075,4,14,0.14736842105263157,1.9820223157894734,1.9969,1.8251,Hit,6,0.42105263157894735,0.37894736842105264,0.18947368421052632,0.33000000000000007,3,1,2.588021685520402,0.255,0.47,0.24245000000000005,1,Hit,0.28,-0.18157894736842106,95.0,19.0,4.0,0.23157894736842105,7.0,0.3684210526315789,0.7997244852784273,5.0,0.6736842105263158,0.6640621547637927,0.21935816636601818,1.0795,0.0,0.4,5.0,0.782,0.37300000000000005,0.4,0.33047324584559384,0.42243239961282997,0.0919591537672362,1.723483308685503,6.2,0.3670397191145195,0.33929492430201547,0.75,5,0.05162751745285167,0.807,0.1730462365958878,5,0.803914,0.19138837590094124,0.5349999999999999,0.4173278088026246,5,0.5698200000000001,0.44063028338676413,0.387,0.18298223957532056,5,0.418594,0.19816752967502016,-0.27200000000000013,-0.42000000000000004,-0.1479999999999999,-0.2340939999999999,-0.38532,-0.15122600000000008
2184,0,11,1,5,1,mid,mid_r5-8,9,9-12,4,5,4,5,9,-1,0,0,0,0,1,5,4,3,7,0.29347433610242524,1,0.3404776427843668,0.04700330668194158,1,0,1,0.36173688724756925,0.4943785033668547,0.5045128222309204,0.6398961217781102,0.4943785033668547,0.7351878820959495,107,1.27,1.205,0.06499999999999995,0.56,0.39317757009345794,-0.655,1.925,0.5599999999999999,0.71,6,20,0.18691588785046728,1.8054306542056073,1.81625,1.60533,Freeze,6,0.37383177570093457,0.3364485981308411,0.2803738317757009,0.06499999999999995,4,0,2.310350393376043,0.195,0.465,0.46733500000000006,1,Freeze,0.16999999999999993,-0.207803738317757,107.0,22.0,4.0,0.2336448598130841,8.0,0.36363636363636365,0.775803810997679,4.863636363636363,0.6822429906542056,0.6732124419378035,0.24418787639893275,1.2416666666666667,0.0,0.4,25.0,0.8780000000000001,0.392,0.4,0.4544060938696485,0.5609001187880477,0.10649402491839921,1.7421589053488529,7.2,0.5071710897797854,0.4530852042114869,0.75,5,0.11086041021299654,1.536,0.7543987672312303,5,1.7082730000000002,0.7791969111575713,1.27,0.8166930267854624,5,1.4533610000000001,0.8981311467875948,0.638,0.1602186006679624,5,0.7679389999999999,0.21257181176016726,-0.266,-0.898,-0.632,-0.254912,-0.9403340000000002,-0.6854220000000002
6874,3,13,1,3,1,late,late_r2-4,8,5-8,3,5,3,5,8,-2,0,0,0,0,1,7,1,3,8,0.19772182738635902,1,0.3540746719685568,0.15635284458219778,1,0,1,0.32710274703982684,0.42091933748750265,0.4440627991646614,0.4056231978003123,0.42091933748750265,0.6535003396408441,101,1.135,1.105,0.030000000000000027,0.2,0.22683168316831684,-0.89,2.025,0.8,0.935,10,26,0.25742574257425743,1.7247989108910888,1.76635,1.16909,Hit,6,0.39603960396039606,0.3564356435643564,0.2376237623762376,0.050000000000000044,5,1,1.8441697932405936,0.135,0.32,0.550455,1,Hit,-0.02499999999999991,-0.5300495049504951,101.0,21.0,4.0,0.26732673267326734,6.0,0.2857142857142857,0.8093310976321376,4.809523809523809,0.6831683168316832,0.365697219247434,0.344732349634038,1.4224999999999999,0.2,0.4,27.0,0.78,0.355,0.4,0.4945632875637531,0.6042630805781464,0.10969979301439334,1.6541709273351253,6.8,0.6096103896103896,0.48676587431500734,0.85,5,0.12760763384185006,0.03,0.0,5,0.0865450000000001,0.0,0.42399999999999993,0.5672455376642465,5,0.563795,0.7007807190287842,0.4079999999999999,0.2410290438930545,5,0.597858,0.36680380787281913,0.3939999999999999,0.3779999999999999,-0.016000000000000014,0.47724999999999995,0.5113129999999999,0.034062999999999954
4963,7,12,0,4,0,late,late_r2-4,6,5-8,4,2,4,1,5,3,0,0,0,0,1,5,0,2,3,0.3212339302688945,1,0.36116244458138264,0.03992851431248812,2,0,2,0.3243549422530799,0.6347901755164772,0.9522889538194713,0.507442980102744,0.5465061291951597,0.40843771227552755,71,1.42,1.3,0.11999999999999988,-0.175,0.0782394366197183,-0.93,2.35,0.8125,1.595,3,9,0.1267605633802817,1.7570776056338033,1.75925,1.6863,PostGuard,6,0.16901408450704225,0.39436619718309857,0.4225352112676056,0.385,2,0,2.4211257967643998,0.215,0.61,0.57685,1,PostGuard,-0.5800000000000001,-1.8906338028169016,71.0,15.0,4.0,0.19718309859154928,3.0,0.2,0.8785711169207747,4.733333333333333,0.7746478873239436,0.28109171918621023,0.40847073149651925,0.9033333333333333,0.0,0.4,12.0,1.1569999999999998,0.26299999999999996,0.4,0.5526405565348055,0.36547472353117333,-0.18716583300363215,1.6802924538787642,4.8,0.32785714285714285,0.5363722750077422,0.8,5,0.1052785928119524,0.23999999999999994,0.17482133737047084,5,0.22476,0.18134044071166255,0.44699999999999995,0.27405747572361533,5,0.452282,0.3254076103251121,0.4339999999999999,0.31918646587848937,5,0.45558299999999996,0.36894847087025584,0.20700000000000002,0.19399999999999995,-0.013000000000000067,0.22752200000000003,0.23082299999999997,0.003300999999999943
153,3,14,0,2,0,late,late_r2-4,11,9-12,5,6,5,6,11,-1,0,0,0,0,1,9,2,2,10,0.14704876606418477,0,0.34103316587246946,0.1939843998082847,0,3,-3,0.3288102763007858,0.47439778605428135,0.5205679645813919,0.5842043703028874,0.47439778605428135,0.8985629670061606,123,-1.805,-1.975,0.17000000000000015,-3.505,-3.440934959349594,-4.525,2.7200000000000006,0.30500000000000016,1.7,2,2,0.016260162601626018,0.9014828211382113,0.785478,0.941794,Hit,6,0.3902439024390244,0.3089430894308943,0.2926829268292683,1.0600000000000003,1,1,1.65309623975861,0.945,0.0,-2.275897,1,Hit,0.19500000000000006,-0.46398373983739843,123.0,25.0,4.0,0.3170731707317073,10.0,0.4,0.7012910630450154,4.92,0.7073170731707317,0.7433084726716616,0.17458886956300385,2.3099999999999996,0.6,1.0,3.0,-1.952,0.14700000000000008,1.0,0.5783279774127248,0.7652753760952545,0.1869473986825297,1.0351945721963351,1.0,0.7940878047018143,0.6002631181580345,0.85,5,0.08610603097626932,0.5650000000000002,0.0,5,0.4625794999999999,0.0,1.566,0.8756883007097903,5,1.7852713999999998,0.998578189382434,0.191,0.340117626711701,5,0.1629854999999999,0.30681965020105856,1.001,-0.37400000000000017,-1.375,1.3226919,-0.299594,-1.6222859
4218,1,14,0,2,0,late,late_r2-4,8,5-8,4,4,4,4,8,0,0,0,0,0,1,5,3,6,7,0.09383409513112177,1,0.24111731322325156,0.1472832180921298,2,0,2,0.31078593972989876,0.5373590397971427,0.5297575987112423,0.5805261767353813,0.5373590397971427,0.6535003396408441,97,1.9,1.86,0.039999999999999813,1.2,1.1149484536082475,-0.565,2.465,0.375,0.7,11,25,0.25773195876288657,1.2045704639175256,1.26245,0.469042,PostGuard,6,0.32989690721649484,0.35051546391752575,0.30927835051546393,0.039999999999999813,5,0,0.5811884030780173,0.01,0.91,1.665479,1,PostGuard,-0.10000000000000009,-0.7255670103092782,97.0,20.0,4.0,0.18556701030927836,4.0,0.2,0.8764091359796735,4.85,0.6907216494845361,0.8489965218840949,0.17836385172297137,1.8530000000000002,0.0,0.4,12.0,1.6329999999999998,0.26699999999999996,0.4,0.5536395987150553,0.6528871390188415,0.09924754030378619,1.2824280481385606,4.6,0.677593984962406,0.503491027024216,0.9,5,0.12848334626013497,1.64,0.0,5,2.257299,0.0,0.944,0.6499557677257738,5,1.3985090000000002,0.8045954261381929,0.45099999999999996,0.2892533491595214,5,0.760501,0.4699924833787238,-0.696,-1.189,-0.493,-0.8587899999999999,-1.496798,-0.6380080000000002
7559,5,13,1,3,1,late,late_r2-4,10,9-12,4,6,4,6,10,-2,0,0,0,0,1,5,5,8,9,0.1738062180964758,1,0.33966707800580365,0.16586085990932783,2,0,2,0.303725159372746,0.4367568658245492,0.3938528069578913,0.5380199350395857,0.4367568658245492,0.8168754245510551,117,2.39,2.345,0.04499999999999993,1.29,1.2829914529914528,-0.085,2.475,0.4949999999999999,1.1,5,9,0.07692307692307693,1.4010743589743588,1.38333,1.42755,Hit,6,0.41025641025641024,0.3247863247863248,0.2564102564102564,0.05500000000000016,3,1,2.335518504208202,0.075,0.775,1.8051949999999999,0,Draw,-0.3599999999999999,-0.5223931623931624,117.0,24.0,4.0,0.24786324786324787,11.0,0.4583333333333333,0.7335628033013841,4.875,0.7094017094017094,0.4904516190097182,0.3006112008566362,1.6275,0.0,0.2,6.0,2.0509999999999997,0.3390000000000001,0.6,0.5237752971402532,0.6144773418730924,0.0907020447328393,1.4059633984788806,11.8,0.5911903787158851,0.5207534110839579,0.8,5,0.14251359003108977,0.0649999999999999,0.0,5,0.025484999999999695,0.0,0.85,0.0,5,0.9963599999999998,0.0,0.556,0.34703025804675885,5,0.6568939999999999,0.4467082981292155,0.785,0.49100000000000016,-0.29399999999999993,0.9708750000000002,0.6314090000000002,-0.33946599999999993
1556,4,14,0,2,0,late,late_r2-4,7,5-8,4,3,4,3,7,1,0,0,0,0,1,4,3,3,6,0.11155312564424141,1,0.26291562982067107,0.15136250417642966,1,0,1,0.361262525265216,0.5028152071189885,0.2677931029853907,0.6552565448676104,0.5028152071189885,0.5718127971857385,87,1.02,0.995,0.025000000000000022,0.59,0.3531609195402298,-2.455,3.475,0.49750000000000005,0.43000000000000005,22,50,0.5747126436781609,1.487518275862069,1.51116,1.13119,PostGuard,6,0.27586206896551724,0.367816091954023,0.3448275862068966,0.025000000000000022,5,0,0.9861419637212079,0.065,0.1,0.647815,0,PostGuard,0.020000000000000018,-0.3671839080459771,87.0,18.0,4.0,0.22988505747126436,7.0,0.3888888888888889,0.8118052981886329,4.833333333333333,0.7241379310344828,0.8081103700576101,0.2447645519731762,3.15125,0.0,0.2,4.0,0.819,0.201,0.2,0.48652284341378554,0.7571919198113382,0.27066907639755267,1.4915881698778997,5.4,0.7434912945742015,0.47615307939523255,0.8,5,0.07806026938768441,0.2199999999999999,0.0,5,0.4498949999999999,0.0,0.39499999999999996,0.08930285549745876,5,0.8101079999999999,0.06272091244154542,0.38299999999999995,0.19860765342755557,5,0.796076,0.3470139944836519,0.17500000000000007,0.16300000000000006,-0.01200000000000001,0.36021300000000006,0.3461810000000001,-0.014031999999999933
3490,3,13,1,3,1,late,late_r2-4,9,9-12,4,5,4,5,9,-1,0,0,0,0,1,5,4,3,8,0.36063637692418127,0,0.4861656088299564,0.12552923190577514,0,1,-1,0.40637137492200864,0.6062683396024446,0.6123731684344679,0.6461048901964773,0.6062683396024446,0.7351878820959495,107,0.62,0.59,0.030000000000000027,-0.31,-0.22976635514018695,-0.96,1.58,0.46749999999999997,0.9299999999999999,9,21,0.19626168224299065,1.5004227102803736,1.49479,1.55743,PostGuard,6,0.37383177570093457,0.3364485981308411,0.2803738317757009,0.030000000000000027,4,0,2.1057874230041684,0.33,0.2,-0.15871500000000005,1,PostGuard,0.69,0.5176635514018691,107.0,22.0,4.0,0.29906542056074764,8.0,0.36363636363636365,0.7595693369856608,4.863636363636363,0.6728971962616822,0.562721763595951,0.21258391974084917,1.3725,0.0,0.4,4.0,0.515,0.10500000000000002,0.6,0.3853164064251191,0.5740978394429488,0.18878143301782963,1.4040339949266458,5.8,0.5778645625126109,0.3798813581852679,0.9,5,0.18333883582176264,0.4699999999999999,0.0,5,0.50791,0.0,0.29599999999999993,0.22148363370687232,5,0.3714439999999999,0.2937587944300561,0.177,0.11228312428855908,5,0.20949899999999994,0.1061482949344925,-0.174,-0.2929999999999999,-0.11899999999999994,-0.1364660000000001,-0.29841100000000004,-0.16194499999999995
6731,2,14,0,2,0,late,late_r2-4,12,9-12,6,6,6,6,12,0,0,0,0,0,1,7,5,5,10,0.2933563027037216,0,0.3205880444448916,0.02723174174116999,0,1,-1,0.3154123486501408,0.44232333534649154,0.37745753894683715,0.7381994936536841,0.44232333534649154,0.980250509461266,129,1.115,1.07,0.04499999999999993,-0.42,-0.190968992248062,-0.84,1.955,0.695,1.535,6,16,0.12403100775193798,1.115114139534884,1.06696,1.16266,Hit,6,0.37209302325581395,0.29457364341085274,0.32558139534883723,0.37,2,1,1.8000341534201096,0.14,0.4,0.53367,1,Hit,-0.3400000000000001,0.19290697674418605,129.0,26.0,4.0,0.3023255813953488,11.0,0.4230769230769231,0.7084323883356523,4.961538461538462,0.6666666666666666,0.8791547925393812,0.16319336782932584,1.714375,0.6,0.8,2.0,1.09,0.025,0.8,0.655758931727757,0.7469273511955554,0.09116841946779852,1.1705659548607383,3.0,0.7425603377314169,0.5992209315776055,0.9,5,0.062178872770419086,0.37,0.0,5,0.49576999999999993,0.0,0.4149999999999999,0.0,5,0.5246850000000001,0.0,0.09499999999999996,0.10093314619093177,5,0.20090699999999995,0.2461317200098354,0.04499999999999993,-0.275,-0.31999999999999995,0.028915000000000135,-0.294863,-0.3237780000000001
4185,2,14,0,2,0,late,late_r2-4,7,5-8,4,3,4,3,7,1,0,0,0,0,1,4,3,4,7,0.12899291233614268,1,0.40424515532038163,0.27525224298423895,1,0,1,0.29486653758091985,0.5111677707681713,0.3028735031741517,0.601477209434727,0.5111677707681713,0.5718127971857385,87,1.46,1.365,0.09499999999999997,0.455,0.37120689655172406,-1.62,3.08,0.27749999999999997,1.005,4,7,0.08045977011494253,1.0491301264367814,0.971391,0.973858,Hit,6,0.27586206896551724,0.367816091954023,0.3448275862068966,0.09499999999999997,3,1,1.6207830470817857,0.075,0.57,0.973071,1,Hit,-0.3600000000000001,-0.5383333333333333,87.0,18.0,4.0,0.26436781609195403,8.0,0.4444444444444445,0.7336191584912541,4.833333333333333,0.6896551724137931,0.7911444829800447,0.19100303107922814,2.9875000000000003,0.8,1.0,2.0,1.441,0.018999999999999996,1.0,0.547943403243617,0.8844016166936235,0.3364582134500066,1.091450227687634,1.0,0.8895136697966011,0.5628315824290471,0.95,5,0.08341609760722374,0.0,0.0,5,0.0,0.0,0.0,0.0,5,0.0,0.0,0.08599999999999995,0.08406842451241722,5,0.13656660000000004,0.1755421636211654,0.0,0.08599999999999995,0.08599999999999995,0.0,0.13656660000000004,0.13656660000000004
7344,3,13,1,3,1,late,late_r2-4,7,5-8,3,4,3,4,7,-1,0,0,0,0,1,4,3,5,7,0.16333422424084584,0,0.21694465636194074,0.0536104321210949,0,2,-2,0.29016204498652204,0.40340885421446654,0.2893652258768535,0.38866941674153427,0.40340885421446654,0.5718127971857385,91,1.32,0.98,0.3400000000000001,-0.88,-0.6586263736263736,-1.785,3.105,1.6600000000000001,2.2,1,4,0.04395604395604396,1.7187693406593405,1.70996,2.00938,Hit,6,0.3516483516483517,0.37362637362637363,0.26373626373626374,0.7250000000000001,1,1,2.574454681698173,0.3,0.525,0.31531,1,Hit,-0.45499999999999985,0.6387912087912088,91.0,19.0,4.0,0.48351648351648346,7.0,0.3684210526315789,0.6352309278036959,4.7894736842105265,0.6703296703296703,0.6051615197355158,0.48510852123678944,2.6875,0.4,0.4,2.0,1.0030000000000001,0.317,0.4,0.7029194665503999,0.713555923607671,0.010636457057271042,1.6103359763968215,6.0,0.6597065628769248,0.7050341655170594,0.75,5,0.1743728362535805,0.775,0.0,5,0.5199699999999999,0.0,1.2530000000000001,0.5019412316197983,5,1.196733,0.4673584796037192,0.317,0.2894736602870804,5,0.24033799999999994,0.2310393488564231,0.4780000000000001,-0.458,-0.9360000000000002,0.6767630000000001,-0.279632,-0.9563950000000001
3529,5,12,0,4,0,late,late_r2-4,8,5-8,5,3,5,2,7,3,0,0,0,0,1,3,4,2,7,0.2851048423776574,1,0.36260070327565597,0.07749586089799859,4,0,4,0.418299314209178,0.6162494460022219,0.8282711117411362,0.5071258742597837,0.49185987700410483,0.5718127971857385,87,3.04,2.815,0.2250000000000001,1.595,1.5170689655172416,-0.575,3.615,0.41999999999999993,1.445,2,2,0.022988505747126436,1.9936821839080459,1.97836,1.85159,PostGuard,6,0.22988505747126436,0.3448275862068966,0.41379310344827586,0.73,1,0,2.7913997710276788,0.055,0.83,2.114205,1,PostGuard,-0.96,-2.294712643678161,87.0,18.0,4.0,0.25287356321839083,8.0,0.4444444444444445,0.7867475844057557,4.833333333333333,0.7126436781609196,0.719910948969687,0.2852416031499943,2.3229545454545453,0.4,0.6,22.0,2.464,0.5760000000000001,0.6,0.35560354463218535,0.5648434482151663,0.20923990358298097,1.7735172588543733,4.2,0.5677420111333222,0.3407989370886367,0.85,5,0.09944799259720356,0.48100000000000004,0.5634758202443119,5,0.5592740000000003,0.653392236384471,0.881,0.7241667625623258,5,0.9382440000000001,0.7495952427260328,0.5940000000000001,0.546104385626045,5,0.6805930000000002,0.6279783323551063,0.39999999999999997,0.11300000000000004,-0.2869999999999999,0.3789699999999998,0.12131899999999995,-0.25765099999999985
7293,1,13,1,3,1,late,late_r2-4,9,9-12,5,4,5,4,9,1,0,0,0,0,1,5,4,4,8,0.2601549919644044,0,0.366926403085141,0.10677141112073663,0,1,-1,0.3364800576928723,0.5037909531572171,0.510543731593516,0.5341631747733544,0.5037909531572171,0.7351878820959495,103,1.4,1.395,0.004999999999999893,0.19,0.2780097087378641,-0.87,2.27,0.9025000000000001,1.21,7,19,0.18446601941747573,1.629835436893204,1.63374,1.22474,Draw,6,0.3106796116504854,0.3300970873786408,0.34951456310679613,0.1499999999999999,3,0,2.0026842721787927,0.135,0.51,0.82954,0,Draw,-0.5,0.7438349514563105,103.0,21.0,4.0,0.3106796116504854,7.0,0.3333333333333333,0.7554598428657544,4.904761904761905,0.6893203883495146,0.4944717283513473,0.3884747809410401,2.01,0.2,0.6,6.0,1.289,0.11099999999999995,0.2,0.6404174380286438,0.7145739387469043,0.07415650071826049,1.4701083124169245,4.8,0.7031639628858477,0.6303716149733015,0.8,5,0.06657226532707265,0.6799999999999999,0.0,5,0.92219,0.0,0.2849999999999999,0.23478713763747794,5,0.533306,0.18424305707407276,0.15999999999999986,0.09753204601565583,5,0.27017800000000003,0.16826156221787553,-0.395,-0.52,-0.12500000000000006,-0.388884,-0.6520119999999999,-0.2631279999999999
3407,2,12,0,4,0,late,late_r2-4,8,5-8,4,4,4,4,8,0,0,0,0,0,1,5,3,4,5,0.2109364783625616,0,0.3283161636045349,0.11737968524197331,0,2,-2,0.38699424673399196,0.66094378853624,0.6795416679682259,0.577407470942315,0.66094378853624,0.6535003396408441,97,-0.965,-1.075,0.10999999999999999,-1.995,-1.925360824742268,-2.425,1.46,0.40500000000000025,1.0300000000000002,6,12,0.12371134020618557,1.7699971134020616,1.75036,1.75036,Hit,6,0.32989690721649484,0.35051546391752575,0.30927835051546393,0.10999999999999999,4,1,2.3810838791788216,0.655,0.045,-1.84018,1,Hit,1.0300000000000002,0.09685567010309283,97.0,20.0,4.0,0.25773195876288657,8.0,0.4,0.7518313480301706,4.85,0.7216494845360825,0.5353430605665157,0.2257932091928308,1.0599999999999998,0.0,0.2,25.0,-1.375,0.41,0.6,0.33271422444622134,0.4592353889378623,0.12652116449164091,1.680208593637083,8.4,0.29174866826717505,0.2969228974914628,0.75,5,0.11389804379334018,0.2,0.0,5,0.2545750000000002,0.0,0.571,0.4516414507106273,5,0.5625410000000001,0.43813636559295105,0.48199999999999993,0.27003703449712224,5,0.5912829999999999,0.3084072158202527,0.37099999999999994,0.2819999999999999,-0.08900000000000002,0.30796599999999985,0.3367079999999997,0.028741999999999823
8160,6,13,1,3,1,late,late_r2-4,12,9-12,7,5,7,5,12,2,0,0,0,0,1,7,5,6,12,0.045318894649473605,1,0.3289315676930382,0.28361267304356463,2,0,2,0.29705668472910973,0.3498202875826697,0.40492401978423986,0.5030645245227825,0.3498202875826697,0.980250509461266,125,2.275,2.19,0.08499999999999996,1.685,1.6739600000000001,0.655,1.6199999999999999,0.3650000000000002,0.5899999999999999,20,46,0.368,1.336124376,1.3709,1.63382,Hit,6,0.32,0.288,0.384,0.08499999999999996,5,1,2.5393483371145598,0.09,0.735,1.7172684999999999,0,PostGuard,-0.29499999999999993,-0.37535999999999997,125.0,25.0,4.0,0.288,11.0,0.44000000000000006,0.7460440500421066,5.0,0.752,0.6144626745618876,0.18401656237033995,1.4949999999999999,0.6,0.6,1.0,2.1729999999999996,0.10199999999999995,0.6,0.3872172480499514,0.5088349459893435,0.12161769793939219,1.2891951817173097,7.6,0.5308955189567139,0.407767111236077,0.8,5,0.09684314109677143,0.5299999999999998,0.0,5,0.7172484999999997,0.0,0.19499999999999998,0.26748831750190505,5,0.39169249999999994,0.18325875249902798,0.19399999999999992,0.1984439467456742,5,0.3708235,0.12571570576105437,-0.33499999999999985,-0.33599999999999985,-0.0010000000000000564,-0.3255559999999998,-0.34642499999999976,-0.02086899999999997
8793,3,13,1,3,1,late,late_r2-4,9,9-12,4,5,4,5,9,-1,0,0,0,0,1,6,3,4,7,0.16496959043714587,1,0.33553738297841124,0.17056779254126536,2,0,2,0.3583581557938916,0.46565681155244576,0.40465466960427277,0.6765651598741649,0.46565681155244576,0.7351878820959495,107,2.33,1.82,0.51,1.24,1.1601869158878504,-0.405,2.7350000000000003,0.26,1.09,1,1,0.009345794392523364,1.3917330280373832,1.31495,1.76099,Hit,6,0.37383177570093457,0.3364485981308411,0.2803738317757009,0.7250000000000001,1,1,2.642960028430985,0.085,0.705,1.449505,1,Hit,-0.33000000000000007,-0.5016355140186916,107.0,22.0,4.0,0.24299065420560745,7.0,0.3181818181818182,0.7939857419476032,4.863636363636363,0.6728971962616822,0.7995726644464912,0.1546036913686692,1.655,0.4,0.4,6.0,1.7429999999999999,0.587,0.4,0.3519736556045317,0.7198152453739376,0.36784158976940606,1.3998582360104088,5.8,0.7164737536162452,0.3716519549779936,0.8,5,0.08625956761130821,0.97,0.0,5,0.7805899999999999,0.0,1.101,0.10620734437881404,5,1.0412089999999998,0.18422216934994548,0.649,0.5929207366925194,5,0.53955,0.49635417701224194,0.131,-0.32099999999999995,-0.45199999999999996,0.26061899999999993,-0.24103999999999992,-0.5016589999999999
2330,3,14,0,2,0,late,late_r2-4,14,13-16,7,7,7,7,14,0,0,0,0,0,1,10,4,6,12,0.053447108793742946,0,0.38209623605709636,0.32864912726335344,0,1,-1,0.3096365634239637,0.3998338057717475,0.4078004262510342,0.5771369040092551,0.3998338057717475,1.143625594371477,145,3.19,2.995,0.19499999999999984,-0.825,-0.46186206896551724,-1.56,4.75,0.4049999999999999,4.015,2,4,0.027586206896551724,1.1990304413793105,1.16379,1.19746,Hit,6,0.38620689655172413,0.27586206896551724,0.3310344827586207,3.58,1,1,2.0424977009350798,0.02,0.91,2.5912699999999997,1,Hit,-0.79,-0.003137931034482762,145.0,29.0,4.0,0.31724137931034485,13.0,0.44827586206896547,0.6715054414393736,5.0,0.6620689655172414,0.9678046288410501,0.1659454309311748,4.645,1.0,1.0,1.0,3.19,0.0,1.0,0.5693892661159622,0.8883338060279691,0.3189445399120068,1.3044760611919308,1.4,0.8743988651339301,0.6054466305939403,0.95,5,0.024516305647695177,0.3999999999999999,0.0,5,0.5371199999999998,0.0,0.038999999999999965,0.08720665112249172,5,0.054345999999999964,0.12152135030520349,0.0,0.0,5,0.0,0.0,-0.36099999999999993,-0.3999999999999999,-0.038999999999999965,-0.48277399999999987,-0.5371199999999998,-0.054345999999999964
4096,6,12,0,4,0,late,late_r2-4,8,5-8,4,4,4,4,8,0,0,0,0,0,1,3,5,2,5,0.06720884997982082,1,0.4402567632643468,0.373047913284526,2,0,2,0.44550495889945196,0.692405095311479,0.5418501492610273,0.882929012930824,0.692405095311479,0.6535003396408441,97,1.205,1.05,0.15500000000000003,0.005,0.02896907216494846,-1.335,2.54,0.5249999999999999,1.2000000000000002,2,10,0.10309278350515463,1.7175656701030926,1.71161,1.58839,PostGuard,6,0.32989690721649484,0.35051546391752575,0.30927835051546393,0.15500000000000003,3,0,2.2995183902808547,0.235,0.485,0.4108050000000001,1,PostGuard,-0.8399999999999999,-1.8198969072164948,97.0,20.0,4.0,0.18556701030927836,6.0,0.3,0.8436740477257963,4.85,0.6597938144329897,0.6798266925950273,0.26006398603371567,1.7600000000000002,0.0,0.2,16.0,0.74,0.465,0.6,0.5134678774586697,0.6816414106323543,0.16817353317368466,1.6105086929128352,6.8,0.6696795496377596,0.4861586363427345,0.75,5,0.15270691698612485,0.905,0.0,5,0.9811500000000002,0.0,1.197,0.7331490298704623,5,1.279898,0.723970208810418,0.668,0.410572770650953,5,0.7513660000000002,0.3872259025330047,0.29200000000000004,-0.237,-0.529,0.2987479999999998,-0.229784,-0.5285319999999998
858,1,13,1,3,1,late,late_r2-4,11,9-12,6,5,5,5,10,0,1,0,1,1,1,6,4,6,9,0.16020890767994164,1,0.28695542386231426,0.12674651618237262,1,0,1,0.30886647686176794,0.5181150978609698,0.31703907010163446,0.7894441682036445,0.4402632506520171,0.8168754245510551,119,1.53,1.265,0.2650000000000001,0.07,0.17600840336134455,-1.06,2.59,0.755,1.46,1,11,0.09243697478991597,1.5105063865546218,1.49797,1.7202,Hit,7,0.33613445378151263,0.35294117647058826,0.3025210084033613,0.29000000000000004,4,1,2.501574499111965,0.155,0.54,0.67163,0,PostGuard,-0.6399999999999999,-0.6551260504201681,119.0,24.0,4.0,0.43697478991596644,12.0,0.5,0.6568235753002304,4.958333333333333,0.6050420168067226,0.6685360940602255,0.3071700255004141,2.435,0.8,0.8,1.0,1.4769999999999999,0.053000000000000026,0.8,0.6144815784621482,0.7675242027787288,0.1530426243165805,1.3537670446141397,3.2,0.7567762593917882,0.5885816021823785,0.9,5,0.07248152224925869,1.65,0.0,5,1.470895,0.0,0.5429999999999999,0.33093806066996884,5,0.457217,0.40517998965891694,0.181,0.2511573212152097,5,0.13688699999999984,0.19045828807116805,-1.107,-1.4689999999999999,-0.36199999999999993,-1.013678,-1.3340080000000003,-0.3203300000000001
7433,0,13,1,3,1,late,late_r2-4,12,9-12,6,6,6,6,12,0,0,0,0,0,1,7,5,4,10,0.19929931284377272,1,0.21203212168207025,0.012732808838297527,3,0,3,0.32564408269765743,0.42964865392340285,0.4065449969159745,0.6977397813157541,0.42964865392340285,0.980250509461266,129,2.98,2.935,0.04499999999999993,2.015,1.8668217054263565,0.4,2.58,0.4750000000000001,0.9649999999999999,3,9,0.06976744186046512,1.4409222635658916,1.41347,1.603,Draw,6,0.37209302325581395,0.29457364341085274,0.32558139534883723,0.33499999999999996,4,0,2.4708653036896044,0.065,0.825,2.1785,1,Draw,-0.020000000000000018,-0.6333720930232557,129.0,26.0,4.0,0.26356589147286824,7.0,0.2692307692307692,0.757030778363803,4.961538461538462,0.6821705426356589,0.8213261977894696,0.20071437651130547,1.98,0.0,0.2,25.0,2.5700000000000003,0.41,0.8,0.5277448886119197,0.6909292318680376,0.1631843432561179,1.5119940154186966,6.2,0.6689230769230768,0.5218608930686921,0.9,5,0.08265565177147897,0.2450000000000001,0.0,5,0.2473600000000002,0.0,2.122,0.17217723426748394,5,2.154027,0.21913913393093432,0.501,0.278868248461527,5,0.514009,0.3705619589791968,1.8769999999999998,0.2559999999999999,-1.621,1.906667,0.26664899999999986,-1.640018
5784,1,12,0,4,0,late,late_r2-4,8,5-8,5,3,5,3,8,2,0,0,0,0,1,4,4,4,8,0.23179707725724163,1,0.2793516616912109,0.04755458443396926,2,0,2,0.3352034263562936,0.40230491523409784,0.2400539502160491,0.5120778670036428,0.40230491523409784,0.6535003396408441,93,0.645,0.35,0.29500000000000004,-0.505,-0.48026881720430115,-1.195,1.84,0.55,1.15,1,3,0.03225806451612903,1.4873764516129035,1.47024,1.95166,Hit,6,0.25806451612903225,0.34408602150537637,0.3870967741935484,0.34,2,1,2.5479475347156937,0.43,0.325,-0.33082999999999996,1,Hit,-1.92,-1.9770967741935488,93.0,19.0,4.0,0.27956989247311825,7.0,0.3684210526315789,0.7790935004659506,4.894736842105263,0.6881720430107527,0.5395868196565254,0.23168614118265082,1.2249999999999999,0.2,0.8,4.0,0.282,0.36300000000000004,0.8,0.39338770110694615,0.6005836177437995,0.20719591663685333,1.4360456219996336,3.2,0.5432981840228619,0.3691482631861315,0.75,5,0.12744521514803744,0.34,0.0,5,0.2918,0.0,0.8160000000000001,0.13566502865514013,5,0.702018,0.19052866748208783,0.363,0.2676424854166468,5,0.28922200000000003,0.22609220311081057,0.47600000000000003,0.022999999999999965,-0.45300000000000007,0.410218,-0.002577999999999969,-0.412796
7848,5,13,1,3,1,late,late_r2-4,9,9-12,5,4,5,4,9,1,0,0,0,0,1,4,5,7,8,0.19973841937894607,0,0.2712255729111839,0.07148715353223781,0,2,-2,0.3548839485817852,0.46104391604699857,0.3189864043889127,0.5612948676008546,0.46104391604699857,0.7351878820959495,103,-0.06,-0.25,0.19,-1.685,-1.4900000000000004,-2.295,2.235,0.7650000000000001,1.625,4,12,0.11650485436893204,1.3207981262135924,1.25928,1.59574,Draw,6,0.3106796116504854,0.3300970873786408,0.34951456310679613,0.21000000000000002,3,0,1.995664422698023,0.43,0.115,-0.8578699999999999,1,Draw,1.94,0.38635922330097083,103.0,21.0,4.0,0.23300970873786406,6.0,0.2857142857142857,0.7999101039471428,4.904761904761905,0.7378640776699029,0.6404588403765588,0.28851701646058886,1.5925,0.0,0.2,24.0,-0.332,0.27199999999999996,0.6,0.5873398046857143,0.7265103451827079,0.13917054049699354,1.371397667886053,14.0,0.6875324675324676,0.5315753140857866,0.9,5,0.06663136233585122,0.3,0.0,5,0.2816150000000001,0.0,0.292,0.004472135954999588,5,0.28343099999999993,0.0010151748617847987,0.487,0.3432855953866984,5,0.5205470000000001,0.3820975534892889,-0.008000000000000007,0.187,0.195,0.0018159999999998178,0.23893199999999998,0.23711600000000016
4599,4,13,1,3,1,late,late_r2-4,8,5-8,4,4,4,3,7,1,0,1,1,1,1,2,5,5,7,0.1962639419990334,0,0.2539804489911806,0.0577165069921472,0,1,-1,0.33953465078103506,0.5906597230011992,0.4702382905974693,0.7924127379994279,0.4020498850408269,0.5718127971857385,99,1.955,1.71,0.2450000000000001,-0.085,0.08111111111111112,-0.51,2.465,0.44999999999999996,2.04,2,5,0.050505050505050504,1.7609575757575755,1.75641,1.4673,Draw,8,0.30303030303030304,0.3838383838383838,0.30303030303030304,0.3800000000000001,2,0,2.3245432654884355,0.08,0.645,1.2213500000000002,1,Draw,0.03500000000000014,0.6690909090909091,99.0,20.0,4.0,0.1717171717171717,9.0,0.45,0.8215794176982772,4.95,0.6565656565656566,0.7560738962246746,0.243131397372701,1.8359999999999999,0.2,1.0,5.0,1.6039999999999999,0.3510000000000001,1.0,0.4576632375675449,0.6196909215773887,0.16202768400984385,1.6166747063856035,1.6,0.6254609912045302,0.47137001204695705,0.85,5,0.09930405708008361,0.8100000000000002,0.0,5,0.8831900000000001,0.0,0.765,0.691727908935298,5,0.8508210000000002,0.7324110238486311,0.4780000000000001,0.3445395478025709,5,0.5341600000000002,0.3454257959388674,-0.04500000000000015,-0.3320000000000001,-0.2869999999999999,-0.03236899999999998,-0.34902999999999995,-0.31666099999999997
3073,7,14,0,2,0,late,late_r2-4,12,9-12,6,6,6,6,12,0,0,0,0,0,1,6,6,5,11,0.07269130327796745,1,0.3425801181636203,0.2698888148856528,1,0,1,0.29642689925256477,0.3917725758073298,0.3494168708157214,0.6365373600692177,0.3917725758073298,0.980250509461266,129,1.06,1.05,0.010000000000000009,0.97,0.8162015503875969,-0.33,1.3900000000000001,0.26,0.09000000000000008,91,109,0.8449612403100775,0.6257677868217054,0.398873,0.237487,Draw,6,0.37209302325581395,0.29457364341085274,0.32558139534883723,0.010000000000000009,6,0,0.32744491915447627,0.0,0.06,1.0,0,PostGuard,0.06000000000000005,-0.15740310077519382,129.0,26.0,4.0,0.3023255813953488,9.0,0.34615384615384615,0.7423817552225747,4.961538461538462,0.6821705426356589,0.9195307709449791,0.07152365789776159,1.3199999999999998,0.2,0.6,39.0,1.0059999999999998,0.05400000000000005,0.2,0.4649887676262341,0.6975855974575513,0.2325968298313172,0.9392583797097407,10.2,0.7070391790628971,0.5629660403954478,0.45,5,0.09627957411731593,0.4750000000000001,0.0,5,1.0340250000000002,0.0,0.22400000000000003,0.16299539870806168,5,0.5405635,0.39641974871025276,0.35300000000000004,0.35404095808253594,5,0.8064669999999999,0.6302523957024082,-0.25100000000000006,-0.12200000000000005,0.129,-0.4934615000000002,-0.22755800000000026,0.26590349999999996
8359,0,13,1,3,1,late,late_r2-4,9,9-12,3,6,3,6,9,-3,0,0,0,0,1,6,3,4,8,0.1845649981144835,0,0.38771924879866354,0.20315425068418005,0,1,-1,0.30534993735712473,0.43428571234843066,0.5684905556575258,0.40606007887296786,0.43428571234843066,0.7351878820959495,111,0.085,0.01,0.07500000000000001,-1.025,-0.917072072072072,-1.42,1.505,0.4475,1.1099999999999999,4,10,0.09009009009009009,1.4452363063063067,1.36029,1.9073,Draw,6,0.43243243243243246,0.34234234234234234,0.21621621621621623,0.07500000000000001,2,0,2.458126833646872,0.4,0.225,-0.86865,1,Draw,-0.8200000000000001,0.0936036036036036,111.0,23.0,4.0,0.2702702702702703,6.0,0.2608695652173913,0.7593407469354643,4.826086956521739,0.6756756756756757,0.8326033487686585,0.1281864524891383,1.3083333333333333,0.4,0.4,1.0,0.027000000000000003,0.05800000000000001,0.4,0.31836648797017664,0.5091358000901185,0.1907693121199418,1.5358832598052987,7.6,0.43158734670805704,0.25601088790542204,0.85,5,0.12024039122222281,0.55,0.0,5,0.391455,0.0,0.632,0.038013155617496415,5,0.600533,0.020679156655918084,0.192,0.14350958156165042,5,0.1582689999999999,0.14307068595627823,0.08199999999999996,-0.35800000000000004,-0.44,0.20907799999999999,-0.2331860000000001,-0.4422640000000001
1464,1,14,0,2,0,late,late_r2-4,12,9-12,5,7,5,7,12,-2,0,0,0,0,1,8,4,7,12,0.15936475079039408,1,0.30023414366956996,0.14086939287917588,1,0,1,0.30419754206771676,0.33084422163477106,0.30434500171953466,0.5448254263599798,0.33084422163477106,0.980250509461266,133,2.45,2.185,0.2650000000000001,1.205,1.186466165413534,-0.12,2.5700000000000003,0.21499999999999986,1.245,1,8,0.06015037593984962,0.740145902255639,0.501971,1.39553,Hit,6,0.42105263157894735,0.3007518796992481,0.2706766917293233,0.8500000000000001,1,1,2.249216262670731,0.065,0.77,1.7522350000000002,1,Hit,-0.8999999999999999,-0.14387218045112782,133.0,27.0,4.0,0.2857142857142857,9.0,0.3333333333333333,0.7190560088401747,4.925925925925926,0.6992481203007519,0.7934109905603483,0.14324773507064567,2.2300000000000004,0.4,0.8,2.0,2.245,0.20500000000000015,0.8,0.5928155093150737,0.7566883210356726,0.16387281172059903,1.083512997821659,3.2,0.689873221903867,0.5093750738803298,0.75,5,0.0633707383654689,0.46000000000000013,0.0,5,0.4496050000000002,0.0,0.46000000000000013,0.0,5,0.4496050000000002,0.0,0.22100000000000017,0.20470710783946916,5,0.3264630000000002,0.3068176317374869,0.0,-0.23899999999999996,-0.23899999999999996,0.0,-0.12314199999999997,-0.12314199999999997
