Running Reinvestment arm...

=== Reinvestment Arm: A5N4 (RandomK, depth 3) ===
  method             = RandomK
  depth              = 3
  playouts (P)       = 200
  rollouts/visit (R) = 10
  retention_rate     = 0.2
  ucb_c              = 1.41
  epsilon            = 0.3
  risk_lambda        = 0  (ClusterValue 系以外では無効)
  k_abs              = 4  (root の子数を絶対指定; Proposed/RandomK のみ)
  noisy_tree         = true
  n_states           = 500
  num_threads        = 18
  seed               = 46
  start_index        = 0
  max_positions      = -1
  load_positions_dir = test_positions500
  output_dir         = reinvest_experiment/run500/A5N4/seed_46
  [loader] 1 batch files in test_positions500
  [loader] loaded 500 positions
  Sampled 500 / 500 positions (seed=46)
Finding Shot...
Finding Shot...
Finding Shot...
Finding Shot...
Finding Shot...
Finding Shot...
Finding Shot...
Finding Shot...
Finding Shot...
Finding Shot...
Finding Shot...
Finding Shot...
Finding Shot...
Finding Shot...
Finding Shot...
Finding Shot...
Finding Shot...
Finding Shot...
Finding Shot...
Finding Shot...
Finding Shot...
Finding Shot...
Finding Shot...
Finding Shot...
Finding Shot...
Finding Shot...
Finding Shot...
Finding Shot...
Finding Shot...
Finding Shot...
Finding Shot...
Finding Shot...
Finding Shot...
Finding Shot...
Finding Shot...
Finding Shot...
Finding Shot...
Finding Shot...
Finding Shot...
Finding Shot...
Finding Shot...
Finding Shot...
Finding Shot...
Finding Shot...
Finding Shot...
Finding Shot...
Finding Shot...
Finding Shot...
Finding Shot...
Finding Shot...
Finding Shot...
Finding Shot...
Finding Shot...
Finding Shot...
Finding Shot...
Finding Shot...
Finding Shot...
Finding Shot...
Finding Shot...
Finding Shot...
Finding Shot...
Finding Shot...
Finding Shot...
Finding Shot...
Finding Shot...
Finding Shot...
Finding Shot...
Finding Shot...
Finding Shot...
Finding Shot...
Finding Shot...
Finding Shot...
Finding Shot...
Finding Shot...
Finding Shot...
Finding Shot...
Finding Shot...
Finding Shot...
Finding Shot...
Finding Shot...
Finding Shot...
Finding Shot...
Finding Shot...
Finding Shot...
Finding Shot...
Finding Shot...
Finding Shot...
Finding Shot...
Finding Shot...
Finding Shot...
Finding Shot...
Finding Shot...
Finding Shot...
Finding Shot...
Finding Shot...
Finding Shot...
Finding Shot...
Finding Shot...
Finding Shot...
Finding Shot...
Finding Shot...
Finding Shot...
Finding Shot...
Finding Shot...
Finding Shot...
Finding Shot...
Finding Shot...
Finding Shot...
Finding Shot...
Finding Shot...
Finding Shot...
Finding Shot...
Finding Shot...
Finding Shot...
Finding Shot...
Finding Shot...
Finding Shot...
Finding Shot...
Finding Shot...
Finding Shot...
Finding Shot...
Finding Shot...
Finding Shot...
Finding Shot...
Finding Shot...
Finding Shot...
Finding Shot...
Finding Shot...
Finding Shot...
Finding Shot...
Finding Shot...
Finding Shot...
Finding Shot...
Finding Shot...
Finding Shot...
Finding Shot...
Finding Shot...
Finding Shot...
Finding Shot...
Finding Shot...
Finding Shot...
Finding Shot...
Finding Shot...
Finding Shot...
Finding Shot...
Finding Shot...
Finding Shot...
Finding Shot...
Finding Shot...
Finding Shot...
Finding Shot...
Finding Shot...
Finding Shot...
Finding Shot...
Finding Shot...
Finding Shot...
Finding Shot...
Finding Shot...
Finding Shot...
Finding Shot...
Finding Shot...
Finding Shot...
Finding Shot...
Finding Shot...
Finding Shot...
Finding Shot...
Finding Shot...
Finding Shot...
Finding Shot...
Finding Shot...
Finding Shot...
Finding Shot...
Finding Shot...
Finding Shot...
Finding Shot...
Finding Shot...
Finding Shot...
Finding Shot...
Finding Shot...
Finding Shot...
Finding Shot...
Finding Shot...
Finding Shot...
Finding Shot...
Finding Shot...
Finding Shot...
Finding Shot...
Finding Shot...
Finding Shot...
Finding Shot...
Finding Shot...
Finding Shot...
Finding Shot...
Finding Shot...
Finding Shot...
Finding Shot...
Finding Shot...
Finding Shot...
Finding Shot...
Finding Shot...
Finding Shot...
Finding Shot...
Finding Shot...
Finding Shot...
Finding Shot...
Finding Shot...
Finding Shot...
Finding Shot...
Finding Shot...
Finding Shot...
Finding Shot...
Finding Shot...
Finding Shot...
Finding Shot...
Finding Shot...
Finding Shot...
Finding Shot...
Finding Shot...
Finding Shot...
Finding Shot...
Finding Shot...
Finding Shot...
Finding Shot...
Finding Shot...
Finding Shot...
Finding Shot...
Finding Shot...
Finding Shot...
Finding Shot...
Finding Shot...
Finding Shot...
Finding Shot...
Finding Shot...
Finding Shot...
Finding Shot...
Finding Shot...
Finding Shot...
Finding Shot...
Finding Shot...
Finding Shot...
Finding Shot...
Finding Shot...
Finding Shot...
Finding Shot...
Finding Shot...
Finding Shot...
Finding Shot...
Finding Shot...
Finding Shot...
Finding Shot...
Finding Shot...
Finding Shot...
Finding Shot...
Finding Shot...
Finding Shot...
Finding Shot...
Finding Shot...
Finding Shot...
Finding Shot...
Finding Shot...
Finding Shot...
Finding Shot...
Finding Shot...
Finding Shot...
Finding Shot...
Finding Shot...
Finding Shot...
Finding Shot...
[start Finding Shot...
1/500] thread=2 global_idx=0 (g=7977,e=6,s=14) elapsed=1.8s
Finding Shot...
Finding Shot...
Finding Shot...
Finding Shot...
Finding Shot...
Finding Shot...
Finding Shot...
Finding Shot...
Finding Shot...
Finding Shot...
Finding Shot...
Finding Shot...
Finding Shot...
[start 2/500] thread=1 global_idx=1 (g=3926,e=6,s=11) elapsed=1.8s
Finding Shot...
[start 3/500] thread=8 global_idx=2 (g=3883,e=1,s=14) elapsed=1.8s
[start 4/500] thread=3 global_idx=3 (g=9222,e=7,s=5) elapsed=1.8s
Finding Shot...
Finding Shot...
[start 5/500] thread=0 global_idx=4 (g=7881,e=2,s=15) elapsed=1.8s
[start 6/500] thread=6 global_idx=5 (g=6406,e=1,s=10) elapsed=1.8s
[start 7/500] thread=9 global_idx=6 (g=8452,e=5,s=15) elapsed=1.8s
Finding Shot...
Finding Shot...
[start 8/500] thread=13 global_idx=7 (g=1028,e=6,s=15) elapsed=1.8s
[start 9/500] thread=5 global_idx=8 (g=2596,e=1,s=14) elapsed=1.8s
[start 10/500] thread=4 global_idx=9 (g=4748,e=1,s=3) elapsed=1.8s
[start 11/500] thread=10 global_idx=10 (g=9206,e=3,s=13) elapsed=1.8s
Finding Shot...
[start 12/500] thread=16 global_idx=11 (g=5859,e=1,s=6) elapsed=1.8s
[start 13/500] thread=12 global_idx=12 (g=6871,e=4,s=5) elapsed=1.8s
[start 14/500] thread=7 global_idx=13 (g=7163,e=3,s=13) elapsed=1.8s
[start 15/500] thread=14 global_idx=14 (g=5807,e=0,s=8) elapsed=1.9s
[start 16/500] thread=11 global_idx=15 (g=5567,e=2,s=15) elapsed=1.9s
[start 17/500] thread=17 global_idx=16 (g=2507,e=3,s=11) elapsed=1.9s
[start 18/500] thread=15 global_idx=17 (g=7006,e=3,s=15) elapsed=1.9s
[done 1/500] thread=0 global_idx=4 (g=7881,e=2,s=15) state_time=28.4s best_idx=47 sims=329 N=129 K=4 eta=15066.6s
[start 19/500] thread=0 global_idx=18 (g=1984,e=6,s=4) elapsed=30.2s
[done 2/500] thread=11 global_idx=15 (g=5567,e=2,s=15) state_time=29.2s best_idx=78 sims=329 N=129 K=4 eta=7740.2s
[start 20/500] thread=11 global_idx=19 (g=1845,e=7,s=14) elapsed=31.1s
[done 3/500] thread=13 global_idx=7 (g=1028,e=6,s=15) state_time=36.1s best_idx=118 sims=351 N=151 K=4 eta=6290.2s
[start 21/500] thread=13 global_idx=20 (g=5780,e=2,s=6) elapsed=38.0s
[done 4/500] thread=9 global_idx=6 (g=8452,e=5,s=15) state_time=36.6s best_idx=53 sims=353 N=153 K=4 eta=4763.7s
[start 22/500] thread=9 global_idx=21 (g=8645,e=7,s=5) elapsed=38.4s
[done 5/500] thread=15 global_idx=17 (g=7006,e=3,s=15) state_time=36.7s best_idx=61 sims=345 N=145 K=4 eta=3823.4s
[start 23/500] thread=15 global_idx=22 (g=6132,e=0,s=13) elapsed=38.6s
[done 6/500] thread=8 global_idx=2 (g=3883,e=1,s=14) state_time=37.8s best_idx=22 sims=611 N=37 K=4 eta=3262.5s
[start 24/500] thread=8 global_idx=23 (g=3339,e=4,s=10) elapsed=39.6s
[done 7/500] thread=11 global_idx=19 (g=1845,e=7,s=14) state_time=51.6s best_idx=52 sims=727 N=55 K=4 eta=5820.3s
[start 25/500] thread=11 global_idx=24 (g=3566,e=6,s=14) elapsed=82.6s
[done 8/500] thread=2 global_idx=0 (g=7977,e=6,s=14) state_time=124.6s best_idx=86 sims=1147 N=145 K=4 eta=7769.3s
[start 26/500] thread=2 global_idx=25 (g=5523,e=3,s=9) elapsed=126.3s
[done 9/500] thread=5 global_idx=8 (g=2596,e=1,s=14) state_time=129.4s best_idx=134 sims=1161 N=145 K=4 eta=7156.6s
[start 27/500] thread=5 global_idx=26 (g=7015,e=5,s=14) elapsed=131.2s
[done 10/500] thread=11 global_idx=24 (g=3566,e=6,s=14) state_time=122.3s best_idx=51 sims=1087 N=129 K=4 eta=10043.8s
[start 28/500] thread=11 global_idx=27 (g=743,e=7,s=3) elapsed=205.0s
[done 11/500] thread=5 global_idx=26 (g=7015,e=5,s=14) state_time=125.5s best_idx=48 sims=1133 N=145 K=4 eta=11412.1s
[start 29/500] thread=5 global_idx=28 (g=1014,e=4,s=15) elapsed=256.7s
[done 12/500] thread=5 global_idx=28 (g=1014,e=4,s=15) state_time=18.0s best_idx=2 sims=261 N=61 K=4 eta=11172.0s
[start 30/500] thread=5 global_idx=29 (g=3900,e=0,s=10) elapsed=274.7s
[done 13/500] thread=10 global_idx=10 (g=9206,e=3,s=13) state_time=340.6s best_idx=29 sims=3795 N=49 K=4 eta=12827.5s
[start 31/500] thread=10 global_idx=30 (g=4543,e=6,s=5) elapsed=342.4s
[done 14/500] thread=7 global_idx=13 (g=7163,e=3,s=13) state_time=811.3s best_idx=73 sims=7963 N=85 K=4 eta=28228.0s
[start 32/500] thread=7 global_idx=31 (g=9231,e=5,s=14) elapsed=813.2s
[done 15/500] thread=7 global_idx=31 (g=9231,e=5,s=14) state_time=80.7s best_idx=51 sims=885 N=101 K=4 eta=28900.7s
[start 33/500] thread=7 global_idx=32 (g=1825,e=5,s=7) elapsed=893.8s
[done 16/500] thread=15 global_idx=22 (g=6132,e=0,s=13) state_time=931.1s best_idx=82 sims=8642 N=87 K=4 eta=29332.6s
[start 34/500] thread=15 global_idx=33 (g=4062,e=4,s=15) elapsed=969.7s
[done 17/500] thread=15 global_idx=33 (g=4062,e=4,s=15) state_time=24.9s best_idx=8 sims=317 N=117 K=4 eta=28258.1s
[start 35/500] thread=15 global_idx=34 (g=9882,e=2,s=11) elapsed=994.6s
[done 18/500] thread=17 global_idx=16 (g=2507,e=3,s=11) state_time=2838.8s best_idx=58 sims=37017 N=107 K=4 eta=76065.7s
[start 36/500] thread=17 global_idx=35 (g=2998,e=6,s=14) elapsed=2840.6s
[done 19/500] thread=17 global_idx=35 (g=2998,e=6,s=14) state_time=137.5s best_idx=101 sims=1169 N=145 K=4 eta=75393.8s
[start 37/500] thread=17 global_idx=36 (g=1555,e=2,s=3) elapsed=2978.1s
[done 20/500] thread=6 global_idx=5 (g=6406,e=1,s=10) state_time=3069.0s best_idx=10 sims=47833 N=59 K=4 eta=73699.5s
[start 38/500] thread=6 global_idx=37 (g=4372,e=4,s=14) elapsed=3070.8s
[done 21/500] thread=6 global_idx=37 (g=4372,e=4,s=14) state_time=48.1s best_idx=14 sims=689 N=49 K=4 eta=71141.9s
[start 39/500] thread=6 global_idx=38 (g=3732,e=7,s=7) elapsed=3119.0s
[done 22/500] thread=8 global_idx=23 (g=3339,e=4,s=10) state_time=3189.5s best_idx=37 sims=49667 N=71 K=4 eta=70159.3s
[start 40/500] thread=8 global_idx=39 (g=3858,e=5,s=5) elapsed=3229.1s
[done 23/500] thread=5 global_idx=29 (g=3900,e=0,s=10) state_time=3138.8s best_idx=17 sims=47917 N=55 K=4 eta=70794.2s
[start 41/500] thread=5 global_idx=40 (g=1938,e=0,s=14) elapsed=3413.6s
[done 24/500] thread=5 global_idx=40 (g=1938,e=0,s=14) state_time=83.7s best_idx=57 sims=913 N=93 K=4 eta=69361.5s
[start 42/500] thread=5 global_idx=41 (g=9112,e=3,s=9) elapsed=3497.2s
[done 25/500] thread=1 global_idx=1 (g=3926,e=6,s=11) state_time=3912.0s best_idx=47 sims=43001 N=123 K=4 eta=74361.3s
[start 43/500] thread=1 global_idx=42 (g=4157,e=3,s=12) elapsed=3913.8s
[done 26/500] thread=15 global_idx=34 (g=9882,e=2,s=11) state_time=3427.1s best_idx=104 sims=40201 N=109 K=4 eta=80611.3s
[start 44/500] thread=15 global_idx=43 (g=7373,e=1,s=11) elapsed=4421.7s
[done 27/500] thread=2 global_idx=25 (g=5523,e=3,s=9) state_time=4702.9s best_idx=47 sims=65976 N=103 K=4 eta=84601.1s
[start 45/500] thread=2 global_idx=44 (g=7173,e=4,s=15) elapsed=4829.2s
[done 28/500] thread=2 global_idx=44 (g=7173,e=4,s=15) state_time=38.7s best_idx=15 sims=351 N=151 K=4 eta=82060.2s
[start 46/500] thread=2 global_idx=45 (g=196,e=4,s=4) elapsed=4868.0s
[done 29/500] thread=14 global_idx=14 (g=5807,e=0,s=8) state_time=5438.8s best_idx=70 sims=80357 N=81 K=4 eta=88364.4s
[start 47/500] thread=14 global_idx=46 (g=2630,e=2,s=14) elapsed=5440.7s
[done 30/500] thread=14 global_idx=46 (g=2630,e=2,s=14) state_time=53.8s best_idx=51 sims=737 N=59 K=4 eta=86081.0s
[start 48/500] thread=14 global_idx=47 (g=5731,e=2,s=10) elapsed=5494.5s
[done 31/500] thread=1 global_idx=42 (g=4157,e=3,s=12) state_time=1984.4s best_idx=29 sims=22321 N=107 K=4 eta=89233.5s
[start 49/500] thread=1 global_idx=48 (g=9518,e=4,s=5) elapsed=5898.2s
[done 32/500] thread=13 global_idx=20 (g=5780,e=2,s=6) state_time=6578.8s best_idx=28 sims=107326 N=49 K=4 eta=96769.7s
[start 50/500] thread=13 global_idx=49 (g=8211,e=7,s=12) elapsed=6616.7s
[done 33/500] thread=3 global_idx=3 (g=9222,e=7,s=5) state_time=7077.3s best_idx=9 sims=118271 N=37 K=4 eta=100180.0s
[start 51/500] thread=3 global_idx=50 (g=5392,e=3,s=13) elapsed=7079.1s
[done 34/500] thread=16 global_idx=11 (g=5859,e=1,s=6) state_time=7095.2s best_idx=33 sims=107407 N=65 K=4 eta=97270.5s
[start 52/500] thread=16 global_idx=51 (g=4262,e=4,s=2) elapsed=7097.0s
[done 35/500] thread=7 global_idx=32 (g=1825,e=5,s=7) state_time=6276.0s best_idx=68 sims=93411 N=77 K=4 eta=95256.3s
[start 53/500] thread=7 global_idx=52 (g=6230,e=1,s=12) elapsed=7169.8s
[done 36/500] thread=5 global_idx=41 (g=9112,e=3,s=9) state_time=4049.8s best_idx=34 sims=62539 N=75 K=4 eta=97273.1s
[start 54/500] thread=5 global_idx=53 (g=3543,e=4,s=7) elapsed=7547.0s
[done 37/500] thread=15 global_idx=43 (g=7373,e=1,s=11) state_time=3257.2s best_idx=52 sims=39748 N=103 K=4 eta=96090.6s
[start 55/500] thread=15 global_idx=54 (g=1784,e=6,s=5) elapsed=7678.9s
[done 38/500] thread=12 global_idx=12 (g=6871,e=4,s=5) state_time=7827.8s best_idx=52 sims=122044 N=71 K=4 eta=95192.5s
[start 56/500] thread=12 global_idx=55 (g=4905,e=4,s=14) elapsed=7829.7s
[done 39/500] thread=12 global_idx=55 (g=4905,e=4,s=14) state_time=72.3s best_idx=69 sims=865 N=101 K=4 eta=93405.5s
[start 57/500] thread=12 global_idx=56 (g=3837,e=2,s=10) elapsed=7902.0s
[done 40/500] thread=13 global_idx=49 (g=8211,e=7,s=12) state_time=1482.8s best_idx=70 sims=19860 N=79 K=4 eta=93144.9s
[start 58/500] thread=13 global_idx=57 (g=2854,e=0,s=15) elapsed=8099.6s
[done 41/500] thread=13 global_idx=57 (g=2854,e=0,s=15) state_time=24.4s best_idx=60 sims=303 N=103 K=4 eta=90948.3s
[start 59/500] thread=13 global_idx=58 (g=1221,e=1,s=10) elapsed=8123.9s
[done 42/500] thread=9 global_idx=21 (g=8645,e=7,s=5) state_time=8149.0s best_idx=10 sims=122677 N=71 K=4 eta=89281.4s
[start 60/500] thread=9 global_idx=59 (g=7301,e=6,s=14) elapsed=8187.4s
[done 43/500] thread=14 global_idx=47 (g=5731,e=2,s=10) state_time=2805.2s best_idx=0 sims=45819 N=43 K=4 eta=88209.1s
[start 61/500] thread=14 global_idx=60 (g=5248,e=0,s=3) elapsed=8299.8s
[done 44/500] thread=9 global_idx=59 (g=7301,e=6,s=14) state_time=132.8s best_idx=15 sims=1135 N=145 K=4 eta=86227.4s
[start 62/500] thread=9 global_idx=61 (g=2545,e=3,s=15) elapsed=8320.2s
[done 45/500] thread=9 global_idx=61 (g=2545,e=3,s=15) state_time=13.7s best_idx=20 sims=261 N=61 K=4 eta=84264.6s
[start 63/500] thread=9 global_idx=62 (g=6335,e=1,s=11) elapsed=8333.9s
[done 46/500] thread=10 global_idx=30 (g=4543,e=6,s=5) state_time=7997.7s best_idx=0 sims=121847 N=71 K=4 eta=82313.2s
[start 64/500] thread=10 global_idx=63 (g=8275,e=4,s=5) elapsed=8340.1s
[done 47/500] thread=7 global_idx=52 (g=6230,e=1,s=12) state_time=1205.1s best_idx=6 sims=18048 N=49 K=4 eta=80720.5s
[start 65/500] thread=7 global_idx=64 (g=963,e=5,s=13) elapsed=8375.0s
[done 48/500] thread=0 global_idx=18 (g=1984,e=6,s=4) state_time=8461.3s best_idx=50 sims=135683 N=59 K=4 eta=79961.3s
[start 66/500] thread=0 global_idx=65 (g=176,e=5,s=11) elapsed=8491.5s
[done 49/500] thread=3 global_idx=50 (g=5392,e=3,s=13) state_time=1484.7s best_idx=32 sims=11774 N=135 K=4 eta=78822.2s
[start 67/500] thread=3 global_idx=66 (g=2199,e=1,s=13) elapsed=8563.8s
[done 50/500] thread=6 global_idx=38 (g=3732,e=7,s=7) state_time=5504.4s best_idx=22 sims=91942 N=49 K=4 eta=77610.6s
[start 68/500] thread=6 global_idx=67 (g=8298,e=3,s=11) elapsed=8623.4s
[done 51/500] thread=4 global_idx=9 (g=4748,e=1,s=3) state_time=8990.3s best_idx=34 sims=149746 N=49 K=4 eta=79165.9s
[start 69/500] thread=4 global_idx=68 (g=6729,e=2,s=14) elapsed=8992.1s
[done 52/500] thread=4 global_idx=68 (g=6729,e=2,s=14) state_time=123.8s best_idx=0 sims=1133 N=135 K=4 eta=78537.4s
[start 70/500] thread=4 global_idx=69 (g=8119,e=5,s=4) elapsed=9116.0s
[done 53/500] thread=7 global_idx=64 (g=963,e=5,s=13) state_time=853.3s best_idx=86 sims=7981 N=89 K=4 eta=77831.2s
[start 71/500] thread=7 global_idx=70 (g=8189,e=0,s=14) elapsed=9228.3s
[done 54/500] thread=7 global_idx=70 (g=8189,e=0,s=14) state_time=47.8s best_idx=31 sims=664 N=55 K=4 eta=76613.4s
[start 72/500] thread=7 global_idx=71 (g=9791,e=0,s=8) elapsed=9276.1s
[done 55/500] thread=3 global_idx=66 (g=2199,e=1,s=13) state_time=1024.2s best_idx=59 sims=9075 N=119 K=4 eta=77575.8s
[start 73/500] thread=3 global_idx=72 (g=5487,e=5,s=5) elapsed=9588.0s
[done 56/500] thread=11 global_idx=27 (g=743,e=7,s=3) state_time=9431.0s best_idx=49 sims=150511 N=55 K=4 eta=76399.8s
[start 74/500] thread=11 global_idx=73 (g=4950,e=0,s=15) elapsed=9636.0s
[done 57/500] thread=11 global_idx=73 (g=4950,e=0,s=15) state_time=11.2s best_idx=46 sims=271 N=71 K=4 eta=74977.4s
[start 75/500] thread=11 global_idx=74 (g=9143,e=3,s=7) elapsed=9647.2s
[done 58/500] thread=9 global_idx=62 (g=6335,e=1,s=11) state_time=1818.9s best_idx=34 sims=31567 N=53 K=4 eta=77370.8s
[start 76/500] thread=9 global_idx=75 (g=4517,e=4,s=13) elapsed=10152.7s
[done 59/500] thread=12 global_idx=56 (g=3837,e=2,s=10) state_time=3381.2s best_idx=53 sims=49438 N=71 K=4 eta=84336.9s
[start 77/500] thread=12 global_idx=76 (g=2994,e=5,s=10) elapsed=11283.2s
[done 60/500] thread=9 global_idx=75 (g=4517,e=4,s=13) state_time=1282.5s best_idx=110 sims=11428 N=123 K=4 eta=83858.6s
[start 78/500] thread=9 global_idx=77 (g=961,e=6,s=13) elapsed=11435.3s
[done 61/500] thread=0 global_idx=65 (g=176,e=5,s=11) state_time=3007.0s best_idx=28 sims=38282 N=97 K=4 eta=82751.2s
[start 79/500] thread=0 global_idx=78 (g=1566,e=1,s=3) elapsed=11498.5s
[done 62/500] thread=8 global_idx=39 (g=3858,e=5,s=5) state_time=8310.4s best_idx=70 sims=122802 N=75 K=4 eta=81521.1s
[start 80/500] thread=8 global_idx=79 (g=1686,e=6,s=15) elapsed=11539.5s
[done 63/500] thread=8 global_idx=79 (g=1686,e=6,s=15) state_time=12.0s best_idx=42 sims=249 N=49 K=4 eta=80127.4s
[start 81/500] thread=8 global_idx=80 (g=1201,e=0,s=6) elapsed=11551.5s
[done 64/500] thread=13 global_idx=58 (g=1221,e=1,s=10) state_time=3664.7s best_idx=76 sims=49355 N=113 K=4 eta=80310.1s
[start 82/500] thread=13 global_idx=81 (g=5494,e=4,s=5) elapsed=11788.6s
[done 65/500] thread=17 global_idx=36 (g=1555,e=2,s=3) state_time=9277.8s best_idx=2 sims=149244 N=55 K=4 eta=82020.7s
[start 83/500] thread=17 global_idx=82 (g=2492,e=4,s=15) elapsed=12256.0s
[done 66/500] thread=6 global_idx=67 (g=8298,e=3,s=11) state_time=3644.3s best_idx=74 sims=41719 N=119 K=4 eta=80669.7s
[start 84/500] thread=6 global_idx=83 (g=8959,e=1,s=11) elapsed=12267.7s
[done 67/500] thread=17 global_idx=82 (g=2492,e=4,s=15) state_time=18.0s best_idx=3 sims=275 N=75 K=4 eta=79322.8s
[start 85/500] thread=17 global_idx=84 (g=1671,e=0,s=15) elapsed=12274.0s
[done 68/500] thread=17 global_idx=84 (g=1671,e=0,s=15) state_time=25.2s best_idx=57 sims=317 N=117 K=4 eta=78136.0s
[start 86/500] thread=17 global_idx=85 (g=1385,e=7,s=11) elapsed=12299.2s
[done 69/500] thread=9 global_idx=77 (g=961,e=6,s=13) state_time=1023.0s best_idx=36 sims=8554 N=139 K=4 eta=77819.1s
[start 87/500] thread=9 global_idx=86 (g=6872,e=1,s=14) elapsed=12458.3s
[done 70/500] thread=9 global_idx=86 (g=6872,e=1,s=14) state_time=127.3s best_idx=113 sims=1103 N=135 K=4 eta=77311.2s
[start 88/500] thread=9 global_idx=87 (g=8785,e=1,s=4) elapsed=12585.5s
[done 71/500] thread=2 global_idx=45 (g=196,e=4,s=4) state_time=8294.8s best_idx=4 sims=134248 N=49 K=4 eta=79533.0s
[start 89/500] thread=2 global_idx=88 (g=1835,e=0,s=15) elapsed=13162.8s
[done 72/500] thread=2 global_idx=88 (g=1835,e=0,s=15) state_time=13.3s best_idx=49 sims=269 N=69 K=4 eta=78324.8s
[start 90/500] thread=2 global_idx=89 (g=6216,e=7,s=8) elapsed=13176.1s
[done 73/500] thread=5 global_idx=53 (g=3543,e=4,s=7) state_time=5761.7s best_idx=16 sims=92294 N=55 K=4 eta=77847.0s
[start 91/500] thread=5 global_idx=90 (g=8471,e=6,s=5) elapsed=13308.7s
[done 74/500] thread=1 global_idx=48 (g=9518,e=4,s=5) state_time=8142.5s best_idx=25 sims=123213 N=71 K=4 eta=80828.6s
[start 92/500] thread=1 global_idx=91 (g=256,e=3,s=12) elapsed=14040.6s
[done 75/500] thread=7 global_idx=71 (g=9791,e=0,s=8) state_time=4916.3s best_idx=7 sims=78153 N=55 K=4 eta=80423.7s
[start 93/500] thread=7 global_idx=92 (g=5778,e=2,s=9) elapsed=14192.4s
[done 76/500] thread=17 global_idx=85 (g=1385,e=7,s=11) state_time=2491.3s best_idx=79 sims=33929 N=103 K=4 eta=82515.4s
[start 94/500] thread=17 global_idx=93 (g=6320,e=4,s=15) elapsed=14790.5s
[done 77/500] thread=17 global_idx=93 (g=6320,e=4,s=15) state_time=23.8s best_idx=0 sims=303 N=103 K=4 eta=81382.5s
[start 95/500] thread=17 global_idx=94 (g=1638,e=4,s=11) elapsed=14814.3s
[done 78/500] thread=6 global_idx=83 (g=8959,e=1,s=11) state_time=3257.0s best_idx=70 sims=39658 N=97 K=4 eta=83993.0s
[start 96/500] thread=6 global_idx=95 (g=2310,e=6,s=15) elapsed=15524.8s
[done 79/500] thread=6 global_idx=95 (g=2310,e=6,s=15) state_time=30.3s best_idx=44 sims=335 N=135 K=4 eta=82894.6s
[start 97/500] thread=6 global_idx=96 (g=7921,e=5,s=4) elapsed=15555.0s
[done 80/500] thread=12 global_idx=76 (g=2994,e=5,s=10) state_time=4416.8s best_idx=1 sims=53903 N=113 K=4 eta=82424.7s
[start 98/500] thread=12 global_idx=97 (g=1361,e=1,s=12) elapsed=15699.9s
[done 81/500] thread=15 global_idx=54 (g=1784,e=6,s=5) state_time=8059.9s best_idx=33 sims=122371 N=71 K=4 eta=81414.7s
[start 99/500] thread=15 global_idx=98 (g=5041,e=1,s=8) elapsed=15738.9s
[done 82/500] thread=1 global_idx=91 (g=256,e=3,s=12) state_time=1718.1s best_idx=54 sims=21720 N=77 K=4 eta=80330.9s
[start 100/500] thread=1 global_idx=99 (g=5033,e=7,s=5) elapsed=15758.7s
[done 83/500] thread=11 global_idx=74 (g=9143,e=3,s=7) state_time=6204.6s best_idx=55 sims=93254 N=81 K=4 eta=79641.3s
[start 101/500] thread=11 global_idx=100 (g=5022,e=1,s=15) elapsed=15851.9s
[done 84/500] thread=11 global_idx=100 (g=5022,e=1,s=15) state_time=21.7s best_idx=16 sims=289 N=89 K=4 eta=78612.0s
[start 102/500] thread=11 global_idx=101 (g=9907,e=7,s=9) elapsed=15873.6s
[done 85/500] thread=10 global_idx=63 (g=8275,e=4,s=5) state_time=7940.3s best_idx=35 sims=121969 N=71 K=4 eta=79486.6s
[start 103/500] thread=10 global_idx=102 (g=8627,e=2,s=12) elapsed=16280.4s
[done 86/500] thread=12 global_idx=97 (g=1361,e=1,s=12) state_time=1292.3s best_idx=44 sims=19483 N=59 K=4 eta=81800.0s
[start 104/500] thread=12 global_idx=103 (g=1641,e=6,s=10) elapsed=16992.3s
[done 87/500] thread=16 global_idx=51 (g=4262,e=4,s=2) state_time=10129.5s best_idx=19 sims=164262 N=49 K=4 eta=81776.6s
[start 105/500] thread=16 global_idx=104 (g=7249,e=2,s=15) elapsed=17226.5s
[done 88/500] thread=16 global_idx=104 (g=7249,e=2,s=15) state_time=29.7s best_idx=15 sims=339 N=139 K=4 eta=80790.5s
[start 106/500] thread=16 global_idx=105 (g=4837,e=7,s=2) elapsed=17256.2s
[done 89/500] thread=14 global_idx=60 (g=5248,e=0,s=3) state_time=9279.2s best_idx=15 sims=149776 N=49 K=4 eta=81179.2s
[start 107/500] thread=14 global_idx=106 (g=1039,e=2,s=15) elapsed=17578.9s
[done 90/500] thread=14 global_idx=106 (g=1039,e=2,s=15) state_time=14.9s best_idx=11 sims=243 N=43 K=4 eta=80149.9s
[start 108/500] thread=14 global_idx=107 (g=7846,e=3,s=10) elapsed=17593.9s
[done 91/500] thread=17 global_idx=94 (g=1638,e=4,s=11) state_time=3041.8s best_idx=36 sims=38626 N=103 K=4 eta=80254.2s
[start 109/500] thread=17 global_idx=108 (g=5246,e=2,s=5) elapsed=17856.1s
[done 92/500] thread=3 global_idx=72 (g=5487,e=5,s=5) state_time=8276.9s best_idx=43 sims=120644 N=71 K=4 eta=79227.0s
[start 110/500] thread=3 global_idx=109 (g=4166,e=2,s=12) elapsed=17864.9s
[done 93/500] thread=8 global_idx=80 (g=1201,e=0,s=6) state_time=6358.8s best_idx=46 sims=106041 N=53 K=4 eta=78382.0s
[start 111/500] thread=8 global_idx=110 (g=6533,e=4,s=6) elapsed=17910.4s
[done 94/500] thread=2 global_idx=89 (g=6216,e=7,s=8) state_time=4748.5s best_idx=35 sims=77058 N=55 K=4 eta=77419.0s
[start 112/500] thread=2 global_idx=111 (g=5721,e=0,s=12) elapsed=17924.6s
[done 95/500] thread=4 global_idx=69 (g=8119,e=5,s=4) state_time=8995.7s best_idx=1 sims=136826 N=65 K=4 eta=77212.7s
[start 113/500] thread=4 global_idx=112 (g=4463,e=7,s=9) elapsed=18111.6s
[done 96/500] thread=10 global_idx=102 (g=8627,e=2,s=12) state_time=2312.2s best_idx=85 sims=25745 N=103 K=4 eta=78244.0s
[start 114/500] thread=10 global_idx=113 (g=5606,e=2,s=14) elapsed=18592.6s
[done 97/500] thread=10 global_idx=113 (g=5606,e=2,s=14) state_time=115.3s best_idx=12 sims=1081 N=139 K=4 eta=77724.8s
[start 115/500] thread=10 global_idx=114 (g=1123,e=4,s=3) elapsed=18708.0s
[done 98/500] thread=7 global_idx=92 (g=5778,e=2,s=9) state_time=4861.5s best_idx=21 sims=67371 N=97 K=4 eta=78160.1s
[start 116/500] thread=7 global_idx=115 (g=8113,e=3,s=15) elapsed=19053.9s
[done 99/500] thread=7 global_idx=115 (g=8113,e=3,s=15) state_time=14.5s best_idx=48 sims=269 N=69 K=4 eta=77236.7s
[start 117/500] thread=7 global_idx=116 (g=716,e=6,s=7) elapsed=19068.4s
[done 100/500] thread=3 global_idx=109 (g=4166,e=2,s=12) state_time=1220.4s best_idx=49 sims=18322 N=75 K=4 eta=76341.4s
[start 118/500] thread=3 global_idx=117 (g=459,e=3,s=5) elapsed=19085.4s
[done 101/500] thread=13 global_idx=81 (g=5494,e=4,s=5) state_time=7859.9s best_idx=40 sims=121524 N=75 K=4 eta=77621.6s
[start 119/500] thread=13 global_idx=118 (g=9287,e=7,s=12) elapsed=19648.6s
[done 102/500] thread=11 global_idx=101 (g=9907,e=7,s=9) state_time=3947.7s best_idx=0 sims=62716 N=65 K=4 eta=77342.0s
[start 120/500] thread=11 global_idx=119 (g=5647,e=1,s=10) elapsed=19821.3s
[done 103/500] thread=2 global_idx=111 (g=5721,e=0,s=12) state_time=2591.4s best_idx=120 sims=27467 N=123 K=4 eta=79076.1s
[start 121/500] thread=2 global_idx=120 (g=4562,e=4,s=13) elapsed=20516.0s
[done 104/500] thread=9 global_idx=87 (g=8785,e=1,s=4) state_time=8267.3s best_idx=34 sims=135915 N=49 K=4 eta=79401.4s
[start 122/500] thread=9 global_idx=121 (g=6201,e=5,s=11) elapsed=20852.9s
[done 105/500] thread=15 global_idx=98 (g=5041,e=1,s=8) state_time=5125.4s best_idx=0 sims=77871 N=55 K=4 eta=78489.3s
[start 123/500] thread=15 global_idx=122 (g=9166,e=3,s=14) elapsed=20864.2s
[done 106/500] thread=14 global_idx=107 (g=7846,e=3,s=10) state_time=3293.2s best_idx=58 sims=48860 N=65 K=4 eta=77637.1s
[start 124/500] thread=14 global_idx=123 (g=8703,e=4,s=3) elapsed=20887.1s
[done 107/500] thread=0 global_idx=78 (g=1566,e=1,s=3) state_time=9460.2s best_idx=49 sims=150554 N=59 K=4 eta=76979.1s
[start 125/500] thread=0 global_idx=124 (g=1616,e=0,s=14) elapsed=20958.7s
[done 108/500] thread=15 global_idx=122 (g=9166,e=3,s=14) state_time=129.6s best_idx=74 sims=1093 N=139 K=4 eta=76200.0s
[start 126/500] thread=15 global_idx=125 (g=5809,e=3,s=9) elapsed=20993.9s
[done 109/500] thread=0 global_idx=124 (g=1616,e=0,s=14) state_time=41.7s best_idx=36 sims=735 N=69 K=4 eta=75331.5s
[start 127/500] thread=0 global_idx=126 (g=4651,e=6,s=5) elapsed=21000.3s
[done 110/500] thread=13 global_idx=118 (g=9287,e=7,s=12) state_time=1401.8s best_idx=55 sims=19895 N=65 K=4 eta=74633.3s
[start 128/500] thread=13 global_idx=127 (g=8894,e=2,s=15) elapsed=21050.4s
[done 111/500] thread=13 global_idx=127 (g=8894,e=2,s=15) state_time=20.1s best_idx=63 sims=279 N=79 K=4 eta=73841.6s
[start 129/500] thread=13 global_idx=128 (g=2369,e=6,s=9) elapsed=21070.5s
[done 112/500] thread=2 global_idx=120 (g=4562,e=4,s=13) state_time=719.6s best_idx=78 sims=6362 N=129 K=4 eta=73566.0s
[start 130/500] thread=2 global_idx=129 (g=1083,e=7,s=15) elapsed=21235.5s
[done 113/500] thread=2 global_idx=129 (g=1083,e=7,s=15) state_time=23.5s best_idx=21 sims=303 N=103 K=4 eta=72807.6s
[start 131/500] thread=2 global_idx=130 (g=366,e=3,s=11) elapsed=21259.1s
[done 114/500] thread=5 global_idx=90 (g=8471,e=6,s=5) state_time=8055.0s best_idx=47 sims=122552 N=75 K=4 eta=72336.8s
[start 132/500] thread=5 global_idx=131 (g=6354,e=2,s=15) elapsed=21363.7s
[done 115/500] thread=5 global_idx=131 (g=6354,e=2,s=15) state_time=27.9s best_idx=82 sims=351 N=151 K=4 eta=71615.6s
[start 133/500] thread=5 global_idx=132 (g=9260,e=7,s=2) elapsed=21391.7s
[done 116/500] thread=12 global_idx=103 (g=1641,e=6,s=10) state_time=4919.4s best_idx=109 sims=56391 N=113 K=4 eta=72535.1s
[start 134/500] thread=12 global_idx=133 (g=6267,e=4,s=12) elapsed=21911.7s
[done 117/500] thread=4 global_idx=112 (g=4463,e=7,s=9) state_time=4549.8s best_idx=35 sims=65144 N=103 K=4 eta=74182.2s
[start 135/500] thread=4 global_idx=134 (g=1158,e=6,s=8) elapsed=22661.4s
[done 118/500] thread=12 global_idx=133 (g=6267,e=4,s=12) state_time=1116.2s best_idx=40 sims=17373 N=55 K=4 eta=74548.0s
[start 136/500] thread=12 global_idx=135 (g=6520,e=1,s=5) elapsed=23027.9s
[done 119/500] thread=1 global_idx=99 (g=5033,e=7,s=5) state_time=7810.6s best_idx=35 sims=121096 N=71 K=4 eta=75461.4s
[start 137/500] thread=1 global_idx=136 (g=2099,e=0,s=14) elapsed=23569.3s
[done 120/500] thread=11 global_idx=119 (g=5647,e=1,s=10) state_time=3762.1s best_idx=26 sims=53009 N=91 K=4 eta=74680.9s
[start 138/500] thread=11 global_idx=137 (g=4892,e=6,s=10) elapsed=23583.5s
[done 121/500] thread=1 global_idx=136 (g=2099,e=0,s=14) state_time=73.0s best_idx=41 sims=853 N=91 K=4 eta=74053.2s
[start 139/500] thread=1 global_idx=138 (g=7859,e=3,s=14) elapsed=23642.3s
[done 122/500] thread=1 global_idx=138 (g=7859,e=3,s=14) state_time=107.5s best_idx=23 sims=1089 N=129 K=4 eta=73585.4s
[start 140/500] thread=1 global_idx=139 (g=2084,e=7,s=10) elapsed=23749.8s
[done 123/500] thread=6 global_idx=96 (g=7921,e=5,s=4) state_time=8384.3s best_idx=28 sims=135181 N=49 K=4 eta=73374.9s
[start 141/500] thread=6 global_idx=140 (g=5335,e=1,s=14) elapsed=23939.3s
[done 124/500] thread=9 global_idx=121 (g=6201,e=5,s=11) state_time=3128.9s best_idx=88 sims=38471 N=107 K=4 eta=72718.8s
[start 142/500] thread=9 global_idx=141 (g=5272,e=2,s=4) elapsed=23981.7s
[done 125/500] thread=6 global_idx=140 (g=5335,e=1,s=14) state_time=137.4s best_idx=44 sims=1133 N=145 K=4 eta=72230.2s
[start 143/500] thread=6 global_idx=142 (g=5472,e=3,s=13) elapsed=24076.7s
[done 126/500] thread=6 global_idx=142 (g=5472,e=3,s=13) state_time=467.1s best_idx=24 sims=4613 N=69 K=4 eta=72852.3s
[start 144/500] thread=6 global_idx=143 (g=4526,e=5,s=9) elapsed=24543.8s
[done 127/500] thread=7 global_idx=116 (g=716,e=6,s=7) state_time=5659.7s best_idx=1 sims=91976 N=55 K=4 eta=72626.7s
[start 145/500] thread=7 global_idx=144 (g=6392,e=2,s=5) elapsed=24728.1s
[done 128/500] thread=15 global_idx=125 (g=5809,e=3,s=9) state_time=3804.6s best_idx=42 sims=61570 N=53 K=4 eta=72070.6s
[start 146/500] thread=15 global_idx=145 (g=1255,e=4,s=13) elapsed=24798.5s
[done 129/500] thread=2 global_idx=130 (g=366,e=3,s=11) state_time=3682.8s best_idx=116 sims=41695 N=119 K=4 eta=71732.1s
[start 147/500] thread=2 global_idx=146 (g=5259,e=3,s=8) elapsed=24941.9s
[done 130/500] thread=13 global_idx=128 (g=2369,e=6,s=9) state_time=4077.5s best_idx=49 sims=63212 N=79 K=4 eta=71575.1s
[start 148/500] thread=13 global_idx=147 (g=7905,e=3,s=15) elapsed=25148.0s
[done 131/500] thread=13 global_idx=147 (g=7905,e=3,s=15) state_time=23.2s best_idx=72 sims=303 N=103 K=4 eta=70902.0s
[start 149/500] thread=13 global_idx=148 (g=4159,e=5,s=11) elapsed=25171.2s
[done 132/500] thread=15 global_idx=145 (g=1255,e=4,s=13) state_time=452.9s best_idx=7 sims=4258 N=91 K=4 eta=70397.8s
[start 150/500] thread=15 global_idx=149 (g=2788,e=5,s=13) elapsed=25251.4s
[done 133/500] thread=8 global_idx=110 (g=6533,e=4,s=6) state_time=7631.3s best_idx=0 sims=108323 N=81 K=4 eta=70479.8s
[start 151/500] thread=8 global_idx=150 (g=4360,e=7,s=4) elapsed=25541.7s
[done 134/500] thread=17 global_idx=108 (g=5246,e=2,s=5) state_time=8005.1s best_idx=47 sims=122432 N=75 K=4 eta=70635.9s
[start 152/500] thread=17 global_idx=151 (g=8248,e=7,s=13) elapsed=25861.2s
[done 135/500] thread=17 global_idx=151 (g=8248,e=7,s=13) state_time=421.9s best_idx=14 sims=4322 N=59 K=4 eta=71061.8s
[start 153/500] thread=17 global_idx=152 (g=2081,e=5,s=9) elapsed=26283.1s
[done 136/500] thread=3 global_idx=117 (g=459,e=3,s=5) state_time=8198.1s best_idx=30 sims=123013 N=71 K=4 eta=73023.2s
[start 154/500] thread=3 global_idx=153 (g=1265,e=4,s=5) elapsed=27283.4s
[done 137/500] thread=15 global_idx=149 (g=2788,e=5,s=13) state_time=2142.0s best_idx=89 sims=16024 N=139 K=4 eta=72582.5s
[start 155/500] thread=15 global_idx=154 (g=3677,e=7,s=15) elapsed=27393.4s
[done 138/500] thread=15 global_idx=154 (g=3677,e=7,s=15) state_time=18.5s best_idx=12 sims=275 N=75 K=4 eta=71906.7s
[start 156/500] thread=15 global_idx=155 (g=477,e=2,s=10) elapsed=27411.9s
[done 139/500] thread=16 global_idx=105 (g=4837,e=7,s=2) state_time=10257.7s best_idx=19 sims=164473 N=49 K=4 eta=71457.0s
[start 157/500] thread=16 global_idx=156 (g=8462,e=7,s=13) elapsed=27513.9s
[done 140/500] thread=4 global_idx=134 (g=1158,e=6,s=8) state_time=4981.0s best_idx=26 sims=78593 N=65 K=4 eta=71080.5s
[start 158/500] thread=4 global_idx=157 (g=3186,e=1,s=11) elapsed=27642.4s
[done 141/500] thread=11 global_idx=137 (g=4892,e=6,s=10) state_time=4336.5s best_idx=88 sims=53756 N=101 K=4 eta=71087.1s
[start 159/500] thread=11 global_idx=158 (g=8936,e=4,s=15) elapsed=27920.0s
[done 142/500] thread=11 global_idx=158 (g=8936,e=4,s=15) state_time=26.6s best_idx=71 sims=345 N=145 K=4 eta=70456.8s
[start 160/500] thread=11 global_idx=159 (g=966,e=6,s=3) elapsed=27946.6s
[done 143/500] thread=10 global_idx=114 (g=1123,e=4,s=3) state_time=9277.0s best_idx=10 sims=149654 N=55 K=4 eta=69864.5s
[start 161/500] thread=10 global_idx=160 (g=232,e=1,s=13) elapsed=27984.9s
[done 144/500] thread=10 global_idx=160 (g=232,e=1,s=13) state_time=408.8s best_idx=5 sims=4225 N=59 K=4 eta=70195.5s
[start 162/500] thread=10 global_idx=161 (g=3968,e=6,s=10) elapsed=28393.7s
[done 145/500] thread=1 global_idx=139 (g=2084,e=7,s=10) state_time=4721.9s best_idx=17 sims=56196 N=113 K=4 eta=69706.6s
[start 163/500] thread=1 global_idx=162 (g=2440,e=2,s=5) elapsed=28471.7s
[done 146/500] thread=6 global_idx=143 (g=4526,e=5,s=9) state_time=4156.7s best_idx=2 sims=62575 N=65 K=4 eta=69588.9s
[start 164/500] thread=6 global_idx=163 (g=1624,e=6,s=15) elapsed=28700.5s
[done 147/500] thread=6 global_idx=163 (g=1624,e=6,s=15) state_time=21.8s best_idx=32 sims=291 N=91 K=4 eta=68972.6s
[start 165/500] thread=6 global_idx=164 (g=9851,e=7,s=8) elapsed=28722.3s
[done 148/500] thread=16 global_idx=156 (g=8462,e=7,s=13) state_time=1260.1s best_idx=87 sims=10694 N=115 K=4 eta=68435.6s
[start 166/500] thread=16 global_idx=165 (g=9879,e=2,s=15) elapsed=28774.0s
[done 149/500] thread=16 global_idx=165 (g=9879,e=2,s=15) state_time=25.9s best_idx=19 sims=317 N=117 K=4 eta=67844.1s
[start 167/500] thread=16 global_idx=166 (g=9832,e=1,s=9) elapsed=28799.9s
[done 150/500] thread=0 global_idx=126 (g=4651,e=6,s=5) state_time=7925.5s best_idx=42 sims=121400 N=71 K=4 eta=67493.6s
[start 168/500] thread=0 global_idx=167 (g=4221,e=2,s=14) elapsed=28925.8s
[done 151/500] thread=13 global_idx=148 (g=4159,e=5,s=11) state_time=3789.1s best_idx=26 sims=40806 N=103 K=4 eta=66934.6s
[start 169/500] thread=13 global_idx=168 (g=1999,e=2,s=5) elapsed=28960.2s
[done 152/500] thread=0 global_idx=167 (g=4221,e=2,s=14) state_time=116.0s best_idx=125 sims=1127 N=145 K=4 eta=66490.5s
[start 170/500] thread=0 global_idx=169 (g=99,e=4,s=13) elapsed=29041.8s
[done 153/500] thread=0 global_idx=169 (g=99,e=4,s=13) state_time=349.0s best_idx=21 sims=3813 N=57 K=4 eta=66657.6s
[start 171/500] thread=0 global_idx=170 (g=964,e=0,s=8) elapsed=29390.8s
[done 154/500] thread=14 global_idx=123 (g=8703,e=4,s=3) state_time=9119.1s best_idx=37 sims=150333 N=49 K=4 eta=67416.5s
[start 172/500] thread=14 global_idx=171 (g=6357,e=7,s=5) elapsed=30006.2s
[done 155/500] thread=17 global_idx=152 (g=2081,e=5,s=9) state_time=3735.7s best_idx=44 sims=61698 N=53 K=4 eta=66816.1s
[start 173/500] thread=17 global_idx=172 (g=632,e=7,s=12) elapsed=30018.8s
[done 156/500] thread=4 global_idx=157 (g=3186,e=1,s=11) state_time=2402.6s best_idx=49 sims=33618 N=119 K=4 eta=66253.1s
[start 174/500] thread=4 global_idx=173 (g=3130,e=2,s=11) elapsed=30045.0s
[done 157/500] thread=2 global_idx=146 (g=5259,e=3,s=8) state_time=5649.4s best_idx=40 sims=79337 N=97 K=4 eta=66833.2s
[start 175/500] thread=2 global_idx=174 (g=2941,e=4,s=13) elapsed=30591.3s
[done 158/500] thread=12 global_idx=135 (g=6520,e=1,s=5) state_time=7864.5s best_idx=18 sims=120293 N=75 K=4 eta=66868.4s
[start 176/500] thread=12 global_idx=175 (g=6374,e=0,s=11) elapsed=30892.4s
[done 159/500] thread=15 global_idx=155 (g=477,e=2,s=10) state_time=3615.3s best_idx=71 sims=51508 N=81 K=4 eta=66542.7s
[start 177/500] thread=15 global_idx=176 (g=156,e=7,s=14) elapsed=31027.3s
[done 160/500] thread=15 global_idx=176 (g=156,e=7,s=14) state_time=131.8s best_idx=29 sims=1135 N=145 K=4 eta=66213.0s
[start 178/500] thread=15 global_idx=177 (g=1570,e=1,s=4) elapsed=31159.1s
[done 161/500] thread=10 global_idx=161 (g=3968,e=6,s=10) state_time=2925.8s best_idx=19 sims=48218 N=49 K=4 eta=65945.9s
[start 179/500] thread=10 global_idx=178 (g=7117,e=6,s=12) elapsed=31319.5s
[done 162/500] thread=17 global_idx=172 (g=632,e=7,s=12) state_time=1524.5s best_idx=7 sims=19493 N=81 K=4 eta=65812.5s
[start 180/500] thread=17 global_idx=179 (g=6164,e=7,s=6) elapsed=31543.3s
[done 163/500] thread=5 global_idx=132 (g=9260,e=7,s=2) state_time=10484.4s best_idx=44 sims=164847 N=49 K=4 eta=65903.3s
[start 181/500] thread=5 global_idx=180 (g=4376,e=5,s=5) elapsed=31876.1s
[done 164/500] thread=2 global_idx=174 (g=2941,e=4,s=13) state_time=1465.6s best_idx=92 sims=12712 N=125 K=4 eta=65677.6s
[start 182/500] thread=2 global_idx=181 (g=4444,e=0,s=12) elapsed=32056.9s
[done 165/500] thread=9 global_idx=141 (g=5272,e=2,s=4) state_time=8194.1s best_idx=48 sims=134905 N=53 K=4 eta=65326.7s
[start 183/500] thread=9 global_idx=182 (g=5083,e=5,s=6) elapsed=32175.8s
[done 166/500] thread=10 global_idx=178 (g=7117,e=6,s=12) state_time=1214.7s best_idx=6 sims=18362 N=49 K=4 eta=65460.3s
[start 184/500] thread=10 global_idx=183 (g=894,e=4,s=13) elapsed=32534.2s
[done 167/500] thread=7 global_idx=144 (g=6392,e=2,s=5) state_time=7925.3s best_idx=57 sims=122263 N=75 K=4 eta=65111.4s
[start 185/500] thread=7 global_idx=184 (g=8445,e=1,s=11) elapsed=32653.4s
[done 168/500] thread=4 global_idx=173 (g=3130,e=2,s=11) state_time=2698.1s best_idx=47 sims=36427 N=91 K=4 eta=64706.7s
[start 186/500] thread=4 global_idx=185 (g=7871,e=7,s=15) elapsed=32743.2s
[done 169/500] thread=4 global_idx=185 (g=7871,e=7,s=15) state_time=36.3s best_idx=76 sims=351 N=151 K=4 eta=64201.2s
[start 187/500] thread=4 global_idx=186 (g=8198,e=0,s=4) elapsed=32779.5s
[done 170/500] thread=10 global_idx=183 (g=894,e=4,s=13) state_time=976.0s best_idx=9 sims=8857 N=105 K=4 eta=65049.1s
[start 188/500] thread=10 global_idx=187 (g=6829,e=6,s=13) elapsed=33510.2s
[done 171/500] thread=2 global_idx=181 (g=4444,e=0,s=12) state_time=1608.9s best_idx=28 sims=21314 N=75 K=4 eta=64772.4s
[start 189/500] thread=2 global_idx=188 (g=4702,e=2,s=8) elapsed=33665.9s
[done 172/500] thread=16 global_idx=166 (g=9832,e=1,s=9) state_time=4956.7s best_idx=45 sims=66853 N=103 K=4 eta=64373.1s
[start 190/500] thread=16 global_idx=189 (g=4058,e=3,s=5) elapsed=33756.6s
[done 173/500] thread=10 global_idx=187 (g=6829,e=6,s=13) state_time=315.1s best_idx=36 sims=3479 N=53 K=4 eta=63935.6s
[start 191/500] thread=10 global_idx=190 (g=7591,e=4,s=13) elapsed=33825.3s
[done 174/500] thread=8 global_idx=150 (g=4360,e=7,s=4) state_time=8395.8s best_idx=0 sims=135308 N=59 K=4 eta=63584.1s
[start 192/500] thread=8 global_idx=191 (g=1445,e=7,s=8) elapsed=33937.5s
[done 175/500] thread=0 global_idx=170 (g=964,e=0,s=8) state_time=4974.3s best_idx=42 sims=77397 N=63 K=4 eta=63820.9s
[start 193/500] thread=0 global_idx=192 (g=5373,e=5,s=13) elapsed=34365.1s
[done 176/500] thread=12 global_idx=175 (g=6374,e=0,s=11) state_time=3539.2s best_idx=43 sims=39958 N=113 K=4 eta=63385.6s
[start 194/500] thread=12 global_idx=193 (g=5423,e=3,s=9) elapsed=34431.7s
[done 177/500] thread=6 global_idx=164 (g=9851,e=7,s=8) state_time=5736.0s best_idx=71 sims=81060 N=81 K=4 eta=62881.5s
[start 195/500] thread=6 global_idx=194 (g=1644,e=5,s=15) elapsed=34458.3s
[done 178/500] thread=6 global_idx=194 (g=1644,e=5,s=15) state_time=32.0s best_idx=3 sims=335 N=135 K=4 eta=62392.5s
[start 196/500] thread=6 global_idx=195 (g=6839,e=5,s=3) elapsed=34490.3s
[done 179/500] thread=10 global_idx=190 (g=7591,e=4,s=13) state_time=890.0s best_idx=72 sims=8157 N=97 K=4 eta=62254.8s
[start 197/500] thread=10 global_idx=196 (g=1063,e=2,s=15) elapsed=34715.3s
[done 180/500] thread=10 global_idx=196 (g=1063,e=2,s=15) state_time=12.0s best_idx=34 sims=255 N=55 K=4 eta=61737.4s
[start 198/500] thread=10 global_idx=197 (g=3774,e=5,s=6) elapsed=34727.3s
[done 181/500] thread=3 global_idx=153 (g=1265,e=4,s=5) state_time=7890.0s best_idx=36 sims=121552 N=71 K=4 eta=61990.8s
[start 199/500] thread=3 global_idx=198 (g=7844,e=2,s=5) elapsed=35173.4s
[done 182/500] thread=0 global_idx=192 (g=5373,e=5,s=13) state_time=970.3s best_idx=98 sims=8692 N=107 K=4 eta=61739.8s
[start 200/500] thread=0 global_idx=199 (g=5770,e=5,s=13) elapsed=35335.4s
[done 183/500] thread=7 global_idx=184 (g=8445,e=1,s=11) state_time=3274.7s best_idx=89 sims=40712 N=103 K=4 eta=62236.2s
[start 201/500] thread=7 global_idx=200 (g=2435,e=0,s=1) elapsed=35928.1s
[done 184/500] thread=0 global_idx=199 (g=5770,e=5,s=13) state_time=761.0s best_idx=29 sims=6744 N=91 K=4 eta=61991.6s
[start 202/500] thread=0 global_idx=201 (g=5303,e=2,s=0) elapsed=36096.3s
[done 185/500] thread=13 global_idx=168 (g=1999,e=2,s=5) state_time=7405.0s best_idx=8 sims=120036 N=53 K=4 eta=61919.2s
[start 203/500] thread=13 global_idx=202 (g=284,e=7,s=1) elapsed=36365.2s
[done 186/500] thread=1 global_idx=162 (g=2440,e=2,s=5) state_time=8167.5s best_idx=17 sims=121721 N=71 K=4 eta=61853.3s
[start 204/500] thread=1 global_idx=203 (g=9065,e=4,s=0) elapsed=36639.2s
[done 187/500] thread=11 global_idx=159 (g=966,e=6,s=3) state_time=9128.4s best_idx=38 sims=149794 N=55 K=4 eta=62056.0s
[start 205/500] thread=11 global_idx=204 (g=7579,e=0,s=1) elapsed=37075.0s
[done 188/500] thread=17 global_idx=179 (g=6164,e=7,s=6) state_time=6551.4s best_idx=4 sims=106248 N=49 K=4 eta=63221.0s
[start 206/500] thread=17 global_idx=205 (g=5445,e=5,s=1) elapsed=38094.7s
[done 189/500] thread=2 global_idx=188 (g=4702,e=2,s=8) state_time=4681.4s best_idx=35 sims=76132 N=49 K=4 eta=63100.5s
[start 207/500] thread=2 global_idx=206 (g=9428,e=3,s=0) elapsed=38347.3s
[done 190/500] thread=14 global_idx=171 (g=6357,e=7,s=5) state_time=8449.5s best_idx=44 sims=123507 N=75 K=4 eta=62743.5s
[start 208/500] thread=14 global_idx=207 (g=7300,e=3,s=0) elapsed=38455.7s
[done 191/500] thread=8 global_idx=191 (g=1445,e=7,s=8) state_time=5113.8s best_idx=45 sims=77855 N=65 K=4 eta=63177.2s
[start 209/500] thread=8 global_idx=208 (g=8156,e=1,s=1) elapsed=39051.3s
[done 192/500] thread=12 global_idx=193 (g=5423,e=3,s=9) state_time=4870.6s best_idx=50 sims=63755 N=103 K=4 eta=63047.5s
[start 210/500] thread=12 global_idx=209 (g=8701,e=2,s=0) elapsed=39302.3s
[done 193/500] thread=15 global_idx=177 (g=1570,e=1,s=4) state_time=8612.6s best_idx=2 sims=135864 N=49 K=4 eta=63263.8s
[start 211/500] thread=15 global_idx=210 (g=1998,e=7,s=0) elapsed=39771.7s
[done 194/500] thread=9 global_idx=182 (g=5083,e=5,s=6) state_time=7700.6s best_idx=7 sims=109496 N=81 K=4 eta=62897.8s
[start 212/500] thread=9 global_idx=211 (g=2643,e=7,s=1) elapsed=39876.4s
[done 195/500] thread=5 global_idx=180 (g=4376,e=5,s=5) state_time=8425.4s best_idx=37 sims=123172 N=75 K=4 eta=63035.7s
[start 213/500] thread=5 global_idx=212 (g=4833,e=5,s=0) elapsed=40301.5s
[done 196/500] thread=4 global_idx=186 (g=8198,e=0,s=4) state_time=8401.0s best_idx=37 sims=135598 N=59 K=4 eta=63871.7s
[start 214/500] thread=4 global_idx=213 (g=6085,e=3,s=0) elapsed=41180.5s
[done 197/500] thread=16 global_idx=189 (g=4058,e=3,s=5) state_time=7719.1s best_idx=44 sims=121674 N=71 K=4 eta=63792.6s
[start 215/500] thread=16 global_idx=214 (g=3377,e=1,s=1) elapsed=41475.7s
[done 198/500] thread=10 global_idx=197 (g=3774,e=5,s=6) state_time=7031.8s best_idx=1 sims=107706 N=65 K=4 eta=63693.2s
[start 216/500] thread=10 global_idx=215 (g=3950,e=3,s=1) elapsed=41759.1s
[done 199/500] thread=3 global_idx=198 (g=7844,e=2,s=5) state_time=7824.1s best_idx=10 sims=122606 N=71 K=4 eta=65036.5s
[start 217/500] thread=3 global_idx=216 (g=5322,e=5,s=0) elapsed=42997.5s
[done 200/500] thread=6 global_idx=195 (g=6839,e=5,s=3) state_time=9338.3s best_idx=33 sims=148333 N=55 K=4 eta=65742.9s
[start 218/500] thread=6 global_idx=217 (g=6603,e=4,s=0) elapsed=43828.6s
[done 201/500] thread=7 global_idx=200 (g=2435,e=0,s=1) state_time=10769.9s best_idx=39 sims=178983 N=43 K=4 eta=69466.3s
[start 219/500] thread=7 global_idx=218 (g=6821,e=4,s=0) elapsed=46698.1s
[done 202/500] thread=13 global_idx=202 (g=284,e=7,s=1) state_time=10654.5s best_idx=21 sims=177219 N=39 K=4 eta=69365.8s
[start 220/500] thread=13 global_idx=219 (g=4552,e=4,s=0) elapsed=47019.8s
[done 203/500] thread=0 global_idx=201 (g=5303,e=2,s=0) state_time=11514.9s best_idx=1 sims=192718 N=33 K=4 eta=69657.8s
[start 221/500] thread=0 global_idx=220 (g=1532,e=3,s=1) elapsed=47611.3s
[done 204/500] thread=11 global_idx=204 (g=7579,e=0,s=1) state_time=10670.8s best_idx=35 sims=179027 N=43 K=4 eta=69278.2s
[start 222/500] thread=11 global_idx=221 (g=5154,e=6,s=1) elapsed=47745.8s
[done 205/500] thread=1 global_idx=203 (g=9065,e=4,s=0) state_time=11681.4s best_idx=28 sims=192976 N=33 K=4 eta=69534.5s
[start 223/500] thread=1 global_idx=222 (g=3082,e=0,s=2) elapsed=48320.6s
[done 206/500] thread=17 global_idx=205 (g=5445,e=5,s=1) state_time=10619.3s best_idx=21 sims=179253 N=39 K=4 eta=69523.8s
[start 224/500] thread=17 global_idx=223 (g=4716,e=7,s=3) elapsed=48714.0s
[done 207/500] thread=8 global_idx=208 (g=8156,e=1,s=1) state_time=10789.2s best_idx=23 sims=179659 N=39 K=4 eta=70547.2s
[start 225/500] thread=8 global_idx=224 (g=2732,e=2,s=0) elapsed=49840.5s
[done 208/500] thread=14 global_idx=207 (g=7300,e=3,s=0) state_time=11497.3s best_idx=16 sims=192947 N=33 K=4 eta=70126.4s
[start 226/500] thread=14 global_idx=225 (g=7051,e=7,s=1) elapsed=49953.1s
[done 209/500] thread=2 global_idx=206 (g=9428,e=3,s=0) state_time=11625.6s best_idx=27 sims=192817 N=33 K=4 eta=69579.4s
[start 227/500] thread=2 global_idx=226 (g=5470,e=0,s=1) elapsed=49972.8s
[done 210/500] thread=9 global_idx=211 (g=2643,e=7,s=1) state_time=10781.1s best_idx=37 sims=178357 N=43 K=4 eta=69955.5s
[start 228/500] thread=9 global_idx=227 (g=7590,e=3,s=1) elapsed=50657.5s
[done 211/500] thread=12 global_idx=209 (g=8701,e=2,s=0) state_time=11455.6s best_idx=19 sims=192360 N=33 K=4 eta=69521.5s
[start 229/500] thread=12 global_idx=228 (g=3383,e=6,s=0) elapsed=50757.9s
[done 212/500] thread=15 global_idx=210 (g=1998,e=7,s=0) state_time=11684.7s best_idx=18 sims=193169 N=33 K=4 eta=69903.0s
[start 230/500] thread=15 global_idx=229 (g=1327,e=5,s=1) elapsed=51456.3s
[done 213/500] thread=5 global_idx=212 (g=4833,e=5,s=0) state_time=11656.4s best_idx=18 sims=193908 N=33 K=4 eta=70009.1s
[start 231/500] thread=5 global_idx=230 (g=2213,e=0,s=1) elapsed=51958.0s
[done 214/500] thread=16 global_idx=214 (g=3377,e=1,s=1) state_time=10660.3s best_idx=30 sims=177888 N=39 K=4 eta=69677.1s
[start 232/500] thread=16 global_idx=231 (g=9526,e=7,s=1) elapsed=52136.0s
[done 215/500] thread=10 global_idx=215 (g=3950,e=3,s=1) state_time=10829.5s best_idx=24 sims=177482 N=43 K=4 eta=69710.4s
[start 233/500] thread=10 global_idx=232 (g=9585,e=2,s=0) elapsed=52588.6s
[done 216/500] thread=4 global_idx=213 (g=6085,e=3,s=0) state_time=11590.0s best_idx=13 sims=193315 N=33 K=4 eta=69383.4s
[start 234/500] thread=4 global_idx=233 (g=2126,e=6,s=1) elapsed=52770.5s
[done 217/500] thread=3 global_idx=216 (g=5322,e=5,s=0) state_time=11614.9s best_idx=18 sims=193070 N=33 K=4 eta=71222.7s
[start 235/500] thread=3 global_idx=234 (g=5349,e=1,s=1) elapsed=54612.5s
[done 218/500] thread=6 global_idx=217 (g=6603,e=4,s=0) state_time=11495.4s best_idx=1 sims=192841 N=33 K=4 eta=71565.9s
[start 236/500] thread=6 global_idx=235 (g=7511,e=4,s=0) elapsed=55324.0s
[done 219/500] thread=17 global_idx=223 (g=4716,e=7,s=3) state_time=8783.2s best_idx=24 sims=149090 N=33 K=4 eta=73775.0s
[start 237/500] thread=17 global_idx=236 (g=6560,e=1,s=0) elapsed=57497.2s
[done 220/500] thread=1 global_idx=222 (g=3082,e=0,s=2) state_time=9693.4s best_idx=0 sims=164383 N=33 K=4 eta=73836.0s
[start 238/500] thread=1 global_idx=237 (g=2296,e=1,s=3) elapsed=58014.0s
[done 221/500] thread=7 global_idx=218 (g=6821,e=4,s=0) state_time=11506.0s best_idx=9 sims=192574 N=33 K=4 eta=73479.3s
[start 239/500] thread=7 global_idx=238 (g=2227,e=1,s=0) elapsed=58204.0s
[done 222/500] thread=11 global_idx=221 (g=5154,e=6,s=1) state_time=10724.3s best_idx=34 sims=178446 N=43 K=4 eta=73219.3s
[start 240/500] thread=11 global_idx=239 (g=1846,e=0,s=0) elapsed=58470.1s
[done 223/500] thread=0 global_idx=220 (g=1532,e=3,s=1) state_time=10960.9s best_idx=11 sims=179610 N=43 K=4 eta=72755.5s
[start 241/500] thread=0 global_idx=240 (g=7360,e=0,s=2) elapsed=58572.1s
[done 224/500] thread=13 global_idx=219 (g=4552,e=4,s=0) state_time=11583.1s best_idx=19 sims=193438 N=33 K=4 eta=72207.1s
[start 242/500] thread=13 global_idx=241 (g=2359,e=1,s=2) elapsed=58602.9s
[done 225/500] thread=14 global_idx=225 (g=7051,e=7,s=1) state_time=10827.7s best_idx=9 sims=179286 N=43 K=4 eta=74287.6s
[start 243/500] thread=14 global_idx=242 (g=9378,e=6,s=5) elapsed=60780.7s
[done 226/500] thread=2 global_idx=226 (g=5470,e=0,s=1) state_time=10968.4s best_idx=15 sims=179097 N=43 K=4 eta=73884.6s
[start 244/500] thread=2 global_idx=243 (g=1936,e=0,s=4) elapsed=60941.3s
[done 227/500] thread=8 global_idx=224 (g=2732,e=2,s=0) state_time=11427.3s best_idx=18 sims=191030 N=33 K=4 eta=73683.3s
[start 245/500] thread=8 global_idx=244 (g=2919,e=3,s=5) elapsed=61267.8s
[done 228/500] thread=9 global_idx=227 (g=7590,e=3,s=1) state_time=10761.4s best_idx=10 sims=177520 N=43 K=4 eta=73271.6s
[start 246/500] thread=9 global_idx=245 (g=8484,e=6,s=2) elapsed=61418.9s
[done 229/500] thread=15 global_idx=229 (g=1327,e=5,s=1) state_time=10846.2s best_idx=2 sims=177824 N=43 K=4 eta=73729.2s
[start 247/500] thread=15 global_idx=246 (g=8492,e=3,s=3) elapsed=62302.5s
[done 230/500] thread=12 global_idx=228 (g=3383,e=6,s=0) state_time=11582.3s best_idx=20 sims=193190 N=33 K=4 eta=73182.0s
[start 248/500] thread=12 global_idx=247 (g=8250,e=2,s=4) elapsed=62340.2s
[done 231/500] thread=5 global_idx=230 (g=2213,e=0,s=1) state_time=10745.6s best_idx=34 sims=177979 N=43 K=4 eta=73018.4s
[start 249/500] thread=5 global_idx=248 (g=69,e=5,s=5) elapsed=62703.5s
[done 232/500] thread=16 global_idx=231 (g=9526,e=7,s=1) state_time=10952.9s best_idx=4 sims=178975 N=43 K=4 eta=72878.6s
[start 250/500] thread=16 global_idx=249 (g=8029,e=7,s=5) elapsed=63088.9s
[done 233/500] thread=4 global_idx=233 (g=2126,e=6,s=1) state_time=10743.5s best_idx=12 sims=179632 N=43 K=4 eta=72782.1s
[start 251/500] thread=4 global_idx=250 (g=3941,e=1,s=3) elapsed=63514.0s
[done 234/500] thread=10 global_idx=232 (g=9585,e=2,s=0) state_time=11522.8s best_idx=8 sims=192960 N=33 K=4 eta=72878.7s
[start 252/500] thread=10 global_idx=251 (g=9258,e=3,s=4) elapsed=64111.4s
[done 235/500] thread=3 global_idx=234 (g=5349,e=1,s=1) state_time=10734.1s best_idx=35 sims=177756 N=39 K=4 eta=73688.7s
[start 253/500] thread=3 global_idx=252 (g=3481,e=1,s=2) elapsed=65346.6s
[done 236/500] thread=6 global_idx=235 (g=7511,e=4,s=0) state_time=11591.3s best_idx=6 sims=193610 N=33 K=4 eta=74854.4s
[start 254/500] thread=6 global_idx=253 (g=8790,e=2,s=5) elapsed=66915.3s
[done 237/500] thread=1 global_idx=237 (g=2296,e=1,s=3) state_time=8902.2s best_idx=9 sims=148903 N=43 K=4 eta=74257.2s
[start 255/500] thread=1 global_idx=254 (g=8205,e=1,s=3) elapsed=66916.2s
[done 238/500] thread=14 global_idx=242 (g=9378,e=6,s=5) state_time=7226.5s best_idx=5 sims=119687 N=53 K=4 eta=74865.1s
[start 256/500] thread=14 global_idx=255 (g=2133,e=7,s=4) elapsed=68007.2s
[done 239/500] thread=0 global_idx=240 (g=7360,e=0,s=2) state_time=10084.0s best_idx=6 sims=164636 N=49 K=4 eta=74975.9s
[start 257/500] thread=0 global_idx=256 (g=9945,e=2,s=3) elapsed=68656.1s
[done 240/500] thread=13 global_idx=241 (g=2359,e=1,s=2) state_time=10213.8s best_idx=21 sims=164124 N=49 K=4 eta=74551.3s
[start 258/500] thread=13 global_idx=257 (g=7226,e=1,s=5) elapsed=68816.6s
[done 241/500] thread=8 global_idx=244 (g=2919,e=3,s=5) state_time=7635.7s best_idx=3 sims=120817 N=59 K=4 eta=74049.8s
[start 259/500] thread=8 global_idx=258 (g=368,e=6,s=2) elapsed=68903.5s
[done 242/500] thread=17 global_idx=236 (g=6560,e=1,s=0) state_time=11563.9s best_idx=30 sims=193839 N=33 K=4 eta=73627.1s
[start 260/500] thread=17 global_idx=259 (g=2628,e=1,s=5) elapsed=69061.1s
[done 243/500] thread=2 global_idx=243 (g=1936,e=0,s=4) state_time=8387.5s best_idx=43 sims=134676 N=49 K=4 eta=73323.0s
[start 261/500] thread=2 global_idx=260 (g=8575,e=6,s=3) elapsed=69328.7s
[done 244/500] thread=7 global_idx=238 (g=2227,e=1,s=0) state_time=11536.2s best_idx=29 sims=192964 N=33 K=4 eta=73170.1s
[start 262/500] thread=7 global_idx=261 (g=9731,e=3,s=5) elapsed=69740.3s
[done 245/500] thread=11 global_idx=239 (g=1846,e=0,s=0) state_time=11526.6s best_idx=19 sims=193224 N=33 K=4 eta=72853.7s
[start 263/500] thread=11 global_idx=262 (g=2742,e=6,s=2) elapsed=69996.7s
[done 246/500] thread=16 global_idx=249 (g=8029,e=7,s=5) state_time=7162.5s best_idx=45 sims=119481 N=49 K=4 eta=72536.1s
[start 264/500] thread=16 global_idx=263 (g=4917,e=5,s=4) elapsed=70251.5s
[done 247/500] thread=5 global_idx=248 (g=69,e=5,s=5) state_time=7575.2s best_idx=17 sims=120266 N=55 K=4 eta=71985.9s
[start 265/500] thread=5 global_idx=264 (g=9700,e=3,s=3) elapsed=70278.7s
[done 248/500] thread=12 global_idx=247 (g=8250,e=2,s=4) state_time=8478.6s best_idx=40 sims=135110 N=59 K=4 eta=71961.1s
[start 266/500] thread=12 global_idx=265 (g=3228,e=6,s=2) elapsed=70818.8s
[done 249/500] thread=9 global_idx=245 (g=8484,e=6,s=2) state_time=10001.9s best_idx=29 sims=162659 N=49 K=4 eta=71994.5s
[start 267/500] thread=9 global_idx=266 (g=6781,e=0,s=5) elapsed=71420.8s
[done 250/500] thread=15 global_idx=246 (g=8492,e=3,s=3) state_time=9351.4s best_idx=5 sims=150526 N=55 K=4 eta=71653.9s
[start 268/500] thread=15 global_idx=267 (g=7332,e=3,s=3) elapsed=71653.9s
[done 251/500] thread=10 global_idx=251 (g=9258,e=3,s=4) state_time=8451.6s best_idx=10 sims=135279 N=49 K=4 eta=71984.7s
[start 269/500] thread=10 global_idx=268 (g=244,e=4,s=4) elapsed=72562.9s
[done 252/500] thread=4 global_idx=250 (g=3941,e=1,s=3) state_time=9195.0s best_idx=20 sims=149720 N=55 K=4 eta=71554.9s
[start 270/500] thread=4 global_idx=269 (g=8134,e=3,s=2) elapsed=72709.0s
[done 253/500] thread=6 global_idx=253 (g=8790,e=2,s=5) state_time=7023.5s best_idx=34 sims=120888 N=49 K=4 eta=72185.3s
[start 271/500] thread=6 global_idx=270 (g=95,e=3,s=6) elapsed=73938.8s
[done 254/500] thread=3 global_idx=252 (g=3481,e=1,s=2) state_time=10422.5s best_idx=46 sims=164293 N=49 K=4 eta=73382.7s
[start 272/500] thread=3 global_idx=271 (g=5208,e=6,s=9) elapsed=75769.2s
[done 255/500] thread=1 global_idx=254 (g=8205,e=1,s=3) state_time=9260.1s best_idx=39 sims=150404 N=55 K=4 eta=73189.0s
[start 273/500] thread=1 global_idx=272 (g=9141,e=4,s=8) elapsed=76176.3s
[done 256/500] thread=14 global_idx=255 (g=2133,e=7,s=4) state_time=8216.4s best_idx=49 sims=135079 N=53 K=4 eta=72650.6s
[start 274/500] thread=14 global_idx=273 (g=4339,e=6,s=6) elapsed=76223.6s
[done 257/500] thread=17 global_idx=259 (g=2628,e=1,s=5) state_time=7173.8s best_idx=25 sims=119582 N=49 K=4 eta=72082.1s
[start 275/500] thread=17 global_idx=274 (g=2703,e=4,s=8) elapsed=76234.9s
[done 258/500] thread=13 global_idx=257 (g=7226,e=1,s=5) state_time=7653.4s best_idx=49 sims=122214 N=59 K=4 eta=71727.7s
[start 276/500] thread=13 global_idx=275 (g=2049,e=6,s=9) elapsed=76470.0s
[done 259/500] thread=7 global_idx=261 (g=9731,e=3,s=5) state_time=7643.3s best_idx=35 sims=120276 N=61 K=4 eta=72005.5s
[start 277/500] thread=7 global_idx=276 (g=464,e=2,s=8) elapsed=77383.6s
[done 260/500] thread=0 global_idx=256 (g=9945,e=2,s=3) state_time=9340.0s best_idx=34 sims=149776 N=55 K=4 eta=71996.4s
[start 278/500] thread=0 global_idx=277 (g=5456,e=7,s=9) elapsed=77996.1s
[done 261/500] thread=16 global_idx=263 (g=4917,e=5,s=4) state_time=8314.8s best_idx=35 sims=135506 N=45 K=4 eta=71943.9s
[start 279/500] thread=16 global_idx=278 (g=2594,e=0,s=8) elapsed=78566.3s
[done 262/500] thread=2 global_idx=260 (g=8575,e=6,s=3) state_time=9485.1s best_idx=0 sims=150663 N=55 K=4 eta=71594.3s
[start 280/500] thread=2 global_idx=279 (g=4434,e=2,s=7) elapsed=78813.8s
[done 263/500] thread=8 global_idx=258 (g=368,e=6,s=2) state_time=10089.9s best_idx=21 sims=163044 N=49 K=4 eta=71184.2s
[start 281/500] thread=8 global_idx=280 (g=7280,e=3,s=8) elapsed=78993.4s
[done 264/500] thread=9 global_idx=266 (g=6781,e=0,s=5) state_time=7679.3s best_idx=56 sims=120889 N=65 K=4 eta=70710.7s
[start 282/500] thread=9 global_idx=281 (g=4139,e=3,s=11) elapsed=79100.1s
[done 265/500] thread=3 global_idx=271 (g=5208,e=6,s=9) state_time=3637.5s best_idx=7 sims=61257 N=49 K=4 eta=70417.2s
[start 283/500] thread=3 global_idx=282 (g=3380,e=3,s=9) elapsed=79406.6s
[done 266/500] thread=5 global_idx=264 (g=9700,e=3,s=3) state_time=9515.8s best_idx=41 sims=150283 N=59 K=4 eta=70195.2s
[start 284/500] thread=5 global_idx=283 (g=4680,e=5,s=8) elapsed=79794.5s
[done 267/500] thread=13 global_idx=275 (g=2049,e=6,s=9) state_time=3700.4s best_idx=35 sims=61865 N=49 K=4 eta=69961.4s
[start 285/500] thread=13 global_idx=284 (g=3218,e=7,s=8) elapsed=80170.4s
[done 268/500] thread=11 global_idx=262 (g=2742,e=6,s=2) state_time=10266.7s best_idx=45 sims=165258 N=49 K=4 eta=69481.7s
[start 286/500] thread=11 global_idx=285 (g=8311,e=1,s=9) elapsed=80263.4s
[done 269/500] thread=6 global_idx=270 (g=95,e=3,s=6) state_time=6540.0s best_idx=6 sims=105312 N=53 K=4 eta=69110.1s
[start 287/500] thread=6 global_idx=286 (g=4268,e=6,s=10) elapsed=80478.8s
[done 270/500] thread=15 global_idx=267 (g=7332,e=3,s=3) state_time=9157.7s best_idx=36 sims=150080 N=49 K=4 eta=68839.5s
[start 288/500] thread=15 global_idx=287 (g=4506,e=4,s=6) elapsed=80811.6s
[done 271/500] thread=12 global_idx=265 (g=3228,e=6,s=2) state_time=10132.0s best_idx=42 sims=163784 N=49 K=4 eta=68404.9s
[start 289/500] thread=12 global_idx=288 (g=722,e=3,s=9) elapsed=80950.8s
[done 272/500] thread=9 global_idx=281 (g=4139,e=3,s=11) state_time=2000.8s best_idx=6 sims=32434 N=43 K=4 eta=67981.7s
[start 290/500] thread=9 global_idx=289 (g=8636,e=4,s=7) elapsed=81101.0s
[done 273/500] thread=10 global_idx=268 (g=244,e=4,s=4) state_time=8558.1s best_idx=1 sims=136005 N=65 K=4 eta=67452.3s
[start 291/500] thread=10 global_idx=290 (g=5832,e=6,s=7) elapsed=81121.0s
[done 274/500] thread=1 global_idx=272 (g=9141,e=4,s=8) state_time=4964.2s best_idx=18 sims=76934 N=65 K=4 eta=66926.1s
[start 292/500] thread=1 global_idx=291 (g=7901,e=3,s=6) elapsed=81140.4s
[done 275/500] thread=17 global_idx=274 (g=2703,e=4,s=8) state_time=5162.9s best_idx=18 sims=78308 N=81 K=4 eta=66598.3s
[start 293/500] thread=17 global_idx=292 (g=6255,e=6,s=6) elapsed=81397.9s
[done 276/500] thread=0 global_idx=277 (g=5456,e=7,s=9) state_time=3714.9s best_idx=34 sims=60958 N=43 K=4 eta=66316.1s
[start 294/500] thread=0 global_idx=293 (g=6016,e=1,s=9) elapsed=81710.9s
[done 277/500] thread=14 global_idx=273 (g=4339,e=6,s=6) state_time=6254.9s best_idx=34 sims=105597 N=43 K=4 eta=66399.6s
[start 295/500] thread=14 global_idx=294 (g=9499,e=6,s=8) elapsed=82478.4s
[done 278/500] thread=7 global_idx=276 (g=464,e=2,s=8) state_time=5144.1s best_idx=35 sims=77923 N=65 K=4 eta=65903.4s
[start 296/500] thread=7 global_idx=295 (g=7303,e=5,s=7) elapsed=82527.7s
[done 279/500] thread=4 global_idx=269 (g=8134,e=3,s=2) state_time=10214.7s best_idx=42 sims=164153 N=49 K=4 eta=65685.1s
[start 297/500] thread=4 global_idx=296 (g=5203,e=3,s=7) elapsed=82923.7s
[done 280/500] thread=16 global_idx=278 (g=2594,e=0,s=8) state_time=4431.0s best_idx=34 sims=76066 N=53 K=4 eta=65212.2s
[start 298/500] thread=16 global_idx=297 (g=8478,e=6,s=6) elapsed=82997.3s
[done 281/500] thread=3 global_idx=282 (g=3380,e=3,s=9) state_time=3842.0s best_idx=39 sims=62363 N=63 K=4 eta=64880.6s
[start 299/500] thread=3 global_idx=298 (g=9796,e=3,s=6) elapsed=83248.6s
[done 282/500] thread=6 global_idx=286 (g=4268,e=6,s=10) state_time=2811.3s best_idx=11 sims=46442 N=57 K=4 eta=64387.4s
[start 300/500] thread=6 global_idx=299 (g=683,e=3,s=7) elapsed=83290.1s
[done 283/500] thread=2 global_idx=279 (g=4434,e=2,s=7) state_time=5429.6s best_idx=38 sims=90203 N=57 K=4 eta=64596.6s
[start 301/500] thread=2 global_idx=300 (g=2726,e=2,s=8) elapsed=84243.5s
[done 284/500] thread=8 global_idx=280 (g=7280,e=3,s=8) state_time=5266.8s best_idx=43 sims=78582 N=71 K=4 eta=64085.2s
[start 302/500] thread=8 global_idx=301 (g=6629,e=5,s=9) elapsed=84260.2s
[done 285/500] thread=11 global_idx=285 (g=8311,e=1,s=9) state_time=4068.2s best_idx=0 sims=63377 N=59 K=4 eta=63618.6s
[start 303/500] thread=11 global_idx=302 (g=4696,e=5,s=11) elapsed=84331.6s
[done 286/500] thread=5 global_idx=283 (g=4680,e=5,s=8) state_time=4861.8s best_idx=18 sims=77809 N=55 K=4 eta=63344.2s
[start 304/500] thread=5 global_idx=303 (g=2277,e=1,s=8) elapsed=84656.3s
[done 287/500] thread=12 global_idx=288 (g=722,e=3,s=9) state_time=3728.7s best_idx=17 sims=61112 N=49 K=4 eta=62845.7s
[start 305/500] thread=12 global_idx=304 (g=1865,e=3,s=7) elapsed=84679.4s
[done 288/500] thread=13 global_idx=284 (g=3218,e=7,s=8) state_time=4830.3s best_idx=1 sims=76911 N=55 K=4 eta=62569.9s
[start 306/500] thread=13 global_idx=305 (g=5332,e=3,s=10) elapsed=85000.6s
[done 289/500] thread=0 global_idx=293 (g=6016,e=1,s=9) state_time=4147.6s best_idx=36 sims=62431 N=85 K=4 eta=62685.7s
[start 307/500] thread=0 global_idx=306 (g=6945,e=4,s=7) elapsed=85858.6s
[done 290/500] thread=11 global_idx=302 (g=4696,e=5,s=11) state_time=1919.8s best_idx=16 sims=31982 N=53 K=4 eta=62457.9s
[start 308/500] thread=11 global_idx=307 (g=9501,e=0,s=11) elapsed=86251.3s
[done 291/500] thread=9 global_idx=289 (g=8636,e=4,s=7) state_time=5530.2s best_idx=4 sims=91742 N=53 K=4 eta=62219.6s
[start 309/500] thread=9 global_idx=308 (g=977,e=6,s=10) elapsed=86631.2s
[done 292/500] thread=14 global_idx=294 (g=9499,e=6,s=8) state_time=4561.0s best_idx=39 sims=77126 N=49 K=4 eta=62000.7s
[start 310/500] thread=14 global_idx=309 (g=1228,e=0,s=11) elapsed=87039.4s
[done 293/500] thread=15 global_idx=287 (g=4506,e=4,s=6) state_time=6371.5s best_idx=0 sims=106078 N=49 K=4 eta=61593.5s
[start 311/500] thread=15 global_idx=310 (g=8219,e=0,s=14) elapsed=87183.1s
[done 294/500] thread=10 global_idx=290 (g=5832,e=6,s=7) state_time=6111.6s best_idx=20 sims=93890 N=69 K=4 eta=61122.2s
[start 312/500] thread=10 global_idx=311 (g=4456,e=4,s=12) elapsed=87232.6s
[done 295/500] thread=15 global_idx=310 (g=8219,e=0,s=14) state_time=55.1s best_idx=21 sims=733 N=55 K=4 eta=60623.1s
[start 313/500] thread=15 global_idx=312 (g=4153,e=2,s=14) elapsed=87238.2s
[done 296/500] thread=15 global_idx=312 (g=4153,e=2,s=14) state_time=63.1s best_idx=20 sims=793 N=61 K=4 eta=60167.1s
[start 314/500] thread=15 global_idx=313 (g=1759,e=1,s=14) elapsed=87301.3s
[done 297/500] thread=15 global_idx=313 (g=1759,e=1,s=14) state_time=47.4s best_idx=2 sims=687 N=49 K=4 eta=59703.0s
[start 315/500] thread=15 global_idx=314 (g=9824,e=0,s=13) elapsed=87348.7s
[done 298/500] thread=13 global_idx=305 (g=5332,e=3,s=10) state_time=2830.7s best_idx=0 sims=47107 N=43 K=4 eta=59536.7s
[start 316/500] thread=13 global_idx=315 (g=713,e=2,s=12) elapsed=87831.3s
[done 299/500] thread=17 global_idx=292 (g=6255,e=6,s=6) state_time=6509.3s best_idx=51 sims=105536 N=53 K=4 eta=59094.8s
[start 317/500] thread=17 global_idx=316 (g=6477,e=0,s=14) elapsed=87907.2s
[done 300/500] thread=7 global_idx=295 (g=7303,e=5,s=7) state_time=5412.5s best_idx=41 sims=90381 N=53 K=4 eta=58626.8s
[start 318/500] thread=7 global_idx=317 (g=3395,e=3,s=14) elapsed=87940.1s
[done 301/500] thread=8 global_idx=301 (g=6629,e=5,s=9) state_time=3681.7s best_idx=36 sims=62166 N=43 K=4 eta=58141.0s
[start 319/500] thread=8 global_idx=318 (g=6777,e=6,s=13) elapsed=87941.9s
[done 302/500] thread=17 global_idx=316 (g=6477,e=0,s=14) state_time=49.4s best_idx=51 sims=735 N=63 K=4 eta=57666.9s
[start 320/500] thread=17 global_idx=319 (g=3213,e=1,s=13) elapsed=87956.6s
[done 303/500] thread=15 global_idx=314 (g=9824,e=0,s=13) state_time=614.0s best_idx=34 sims=6094 N=79 K=4 eta=57190.3s
[start 321/500] thread=15 global_idx=320 (g=996,e=0,s=13) elapsed=87962.7s
[done 304/500] thread=7 global_idx=317 (g=3395,e=3,s=14) state_time=43.6s best_idx=6 sims=639 N=43 K=4 eta=56726.4s
[start 322/500] thread=7 global_idx=321 (g=9056,e=0,s=12) elapsed=87983.8s
[done 305/500] thread=1 global_idx=291 (g=7901,e=3,s=6) state_time=7077.1s best_idx=40 sims=107922 N=65 K=4 eta=56401.4s
[start 323/500] thread=1 global_idx=322 (g=5757,e=6,s=13) elapsed=88217.5s
[done 306/500] thread=17 global_idx=319 (g=3213,e=1,s=13) state_time=292.9s best_idx=45 sims=3224 N=59 K=4 eta=55949.0s
[start 324/500] thread=17 global_idx=323 (g=4462,e=2,s=13) elapsed=88249.5s
[done 307/500] thread=15 global_idx=320 (g=996,e=0,s=13) state_time=293.0s best_idx=43 sims=3213 N=53 K=4 eta=55483.2s
[start 325/500] thread=15 global_idx=324 (g=7071,e=0,s=14) elapsed=88255.7s
[done 308/500] thread=15 global_idx=324 (g=7071,e=0,s=14) state_time=51.0s best_idx=2 sims=715 N=59 K=4 eta=55048.4s
[start 326/500] thread=15 global_idx=325 (g=6191,e=5,s=14) elapsed=88306.8s
[done 309/500] thread=15 global_idx=325 (g=6191,e=5,s=14) state_time=42.9s best_idx=3 sims=635 N=43 K=4 eta=54611.0s
[start 327/500] thread=15 global_idx=326 (g=8075,e=7,s=14) elapsed=88349.7s
[done 310/500] thread=4 global_idx=296 (g=5203,e=3,s=7) state_time=5477.4s best_idx=1 sims=91027 N=47 K=4 eta=54181.4s
[start 328/500] thread=4 global_idx=327 (g=1243,e=4,s=12) elapsed=88401.2s
[done 311/500] thread=15 global_idx=326 (g=8075,e=7,s=14) state_time=52.8s best_idx=1 sims=735 N=55 K=4 eta=53723.7s
[start 329/500] thread=15 global_idx=328 (g=6930,e=3,s=12) elapsed=88402.5s
[done 312/500] thread=8 global_idx=318 (g=6777,e=6,s=13) state_time=479.7s best_idx=47 sims=4845 N=69 K=4 eta=53279.7s
[start 330/500] thread=8 global_idx=329 (g=8964,e=0,s=13) elapsed=88421.6s
[done 313/500] thread=1 global_idx=322 (g=5757,e=6,s=13) state_time=224.0s best_idx=45 sims=2545 N=53 K=4 eta=52838.8s
[start 331/500] thread=1 global_idx=330 (g=9257,e=2,s=12) elapsed=88441.5s
[done 314/500] thread=17 global_idx=323 (g=4462,e=2,s=13) state_time=649.1s best_idx=34 sims=6253 N=81 K=4 eta=52659.6s
[start 332/500] thread=17 global_idx=331 (g=2334,e=0,s=13) elapsed=88898.5s
[done 315/500] thread=11 global_idx=307 (g=9501,e=0,s=11) state_time=2696.7s best_idx=20 sims=36316 N=81 K=4 eta=52239.3s
[start 333/500] thread=11 global_idx=332 (g=1006,e=4,s=12) elapsed=88948.1s
[done 316/500] thread=13 global_idx=315 (g=713,e=2,s=12) state_time=1198.0s best_idx=38 sims=18612 N=55 K=4 eta=51839.9s
[start 334/500] thread=13 global_idx=333 (g=1836,e=0,s=12) elapsed=89029.4s
[done 317/500] thread=17 global_idx=331 (g=2334,e=0,s=13) state_time=212.9s best_idx=36 sims=2504 N=43 K=4 eta=51442.9s
[start 335/500] thread=17 global_idx=334 (g=7475,e=0,s=12) elapsed=89111.4s
[done 318/500] thread=6 global_idx=299 (g=683,e=3,s=7) state_time=5873.2s best_idx=44 sims=92892 N=71 K=4 eta=51030.6s
[start 336/500] thread=6 global_idx=335 (g=4540,e=5,s=12) elapsed=89163.3s
[done 319/500] thread=2 global_idx=300 (g=2726,e=2,s=8) state_time=4978.0s best_idx=33 sims=77661 N=55 K=4 eta=50624.1s
[start 337/500] thread=2 global_idx=336 (g=7569,e=0,s=14) elapsed=89221.5s
[done 320/500] thread=10 global_idx=311 (g=4456,e=4,s=12) state_time=2029.3s best_idx=22 sims=24236 N=97 K=4 eta=50209.8s
[start 338/500] thread=10 global_idx=337 (g=3856,e=1,s=13) elapsed=89261.9s
[done 321/500] thread=2 global_idx=336 (g=7569,e=0,s=14) state_time=43.4s best_idx=8 sims=641 N=43 K=4 eta=49777.0s
[start 339/500] thread=2 global_idx=338 (g=660,e=4,s=14) elapsed=89264.9s
[done 322/500] thread=7 global_idx=321 (g=9056,e=0,s=12) state_time=1296.5s best_idx=36 sims=19098 N=55 K=4 eta=49353.7s
[start 340/500] thread=7 global_idx=339 (g=6160,e=6,s=14) elapsed=89280.3s
[done 323/500] thread=2 global_idx=338 (g=660,e=4,s=14) state_time=50.0s best_idx=47 sims=723 N=65 K=4 eta=48943.4s
[start 341/500] thread=2 global_idx=340 (g=177,e=0,s=12) elapsed=89314.9s
[done 324/500] thread=7 global_idx=339 (g=6160,e=6,s=14) state_time=54.5s best_idx=23 sims=735 N=55 K=4 eta=48527.5s
[start 342/500] thread=7 global_idx=341 (g=418,e=1,s=14) elapsed=89334.8s
[done 325/500] thread=7 global_idx=341 (g=418,e=1,s=14) state_time=41.1s best_idx=16 sims=641 N=43 K=4 eta=48125.5s
[start 343/500] thread=7 global_idx=342 (g=7767,e=2,s=14) elapsed=89375.9s
[done 326/500] thread=16 global_idx=297 (g=8478,e=6,s=6) state_time=6381.2s best_idx=46 sims=105267 N=53 K=4 eta=47705.1s
[start 344/500] thread=16 global_idx=343 (g=3374,e=0,s=14) elapsed=89378.5s
[done 327/500] thread=16 global_idx=343 (g=3374,e=0,s=14) state_time=43.2s best_idx=3 sims=639 N=43 K=4 eta=47308.7s
[start 345/500] thread=16 global_idx=344 (g=4344,e=5,s=12) elapsed=89421.7s
[done 328/500] thread=7 global_idx=342 (g=7767,e=2,s=14) state_time=61.1s best_idx=5 sims=799 N=79 K=4 eta=46899.9s
[start 346/500] thread=7 global_idx=345 (g=4069,e=5,s=14) elapsed=89437.0s
[done 329/500] thread=7 global_idx=345 (g=4069,e=5,s=14) state_time=42.7s best_idx=0 sims=628 N=49 K=4 eta=46507.7s
[start 347/500] thread=7 global_idx=346 (g=6316,e=1,s=14) elapsed=89479.7s
[done 330/500] thread=14 global_idx=309 (g=1228,e=0,s=11) state_time=2449.1s best_idx=21 sims=35944 N=71 K=4 eta=46100.2s
[start 348/500] thread=14 global_idx=347 (g=6184,e=2,s=12) elapsed=89488.6s
[done 331/500] thread=5 global_idx=303 (g=2277,e=1,s=8) state_time=4847.8s best_idx=48 sims=77151 N=55 K=4 eta=45698.5s
[start 349/500] thread=5 global_idx=348 (g=6345,e=0,s=14) elapsed=89504.1s
[done 332/500] thread=1 global_idx=330 (g=9257,e=2,s=12) state_time=1099.5s best_idx=0 sims=17617 N=43 K=4 eta=45309.9s
[start 350/500] thread=1 global_idx=349 (g=9117,e=2,s=13) elapsed=89541.0s
[done 333/500] thread=7 global_idx=346 (g=6316,e=1,s=14) state_time=65.8s best_idx=0 sims=813 N=71 K=4 eta=44907.2s
[start 351/500] thread=7 global_idx=350 (g=2226,e=1,s=6) elapsed=89545.5s
[done 334/500] thread=5 global_idx=348 (g=6345,e=0,s=14) state_time=51.9s best_idx=37 sims=725 N=55 K=4 eta=44509.8s
[start 352/500] thread=5 global_idx=351 (g=645,e=7,s=7) elapsed=89555.9s
[done 335/500] thread=10 global_idx=337 (g=3856,e=1,s=13) state_time=321.0s best_idx=11 sims=3426 N=53 K=4 eta=44122.9s
[start 353/500] thread=10 global_idx=352 (g=8983,e=2,s=8) elapsed=89582.9s
[done 336/500] thread=8 global_idx=329 (g=8964,e=0,s=13) state_time=1183.1s best_idx=80 sims=10303 N=107 K=4 eta=43735.6s
[start 354/500] thread=8 global_idx=353 (g=1331,e=4,s=6) elapsed=89604.7s
[done 337/500] thread=4 global_idx=327 (g=1243,e=4,s=12) state_time=1306.0s best_idx=6 sims=19221 N=55 K=4 eta=43389.5s
[start 355/500] thread=4 global_idx=354 (g=7750,e=7,s=10) elapsed=89707.2s
[done 338/500] thread=15 global_idx=328 (g=6930,e=3,s=12) state_time=1418.0s best_idx=0 sims=20003 N=65 K=4 eta=43050.1s
[start 356/500] thread=15 global_idx=355 (g=2543,e=0,s=9) elapsed=89820.5s
[done 339/500] thread=9 global_idx=308 (g=977,e=6,s=10) state_time=3213.5s best_idx=54 sims=49576 N=61 K=4 eta=42669.6s
[start 357/500] thread=9 global_idx=356 (g=8679,e=7,s=9) elapsed=89844.7s
[done 340/500] thread=3 global_idx=298 (g=9796,e=3,s=6) state_time=6755.8s best_idx=0 sims=106912 N=55 K=4 eta=42355.1s
[start 358/500] thread=3 global_idx=357 (g=5602,e=5,s=8) elapsed=90004.5s
[done 341/500] thread=11 global_idx=332 (g=1006,e=4,s=12) state_time=1106.4s best_idx=3 sims=17348 N=53 K=4 eta=41990.2s
[start 359/500] thread=11 global_idx=358 (g=3063,e=4,s=6) elapsed=90054.5s
[done 342/500] thread=1 global_idx=349 (g=9117,e=2,s=13) state_time=582.0s best_idx=58 sims=5723 N=69 K=4 eta=41635.8s
[start 360/500] thread=1 global_idx=359 (g=440,e=4,s=6) elapsed=90123.0s
[done 343/500] thread=13 global_idx=333 (g=1836,e=0,s=12) state_time=1211.6s best_idx=15 sims=18470 N=55 K=4 eta=41305.6s
[start 361/500] thread=13 global_idx=360 (g=1032,e=5,s=6) elapsed=90241.0s
[done 344/500] thread=6 global_idx=335 (g=4540,e=5,s=12) state_time=1087.8s best_idx=35 sims=18117 N=59 K=4 eta=40927.8s
[start 362/500] thread=6 global_idx=361 (g=938,e=6,s=6) elapsed=90251.1s
[done 345/500] thread=12 global_idx=304 (g=1865,e=3,s=7) state_time=5615.9s best_idx=22 sims=91670 N=55 K=4 eta=40567.5s
[start 363/500] thread=12 global_idx=362 (g=4912,e=2,s=10) elapsed=90295.4s
[done 346/500] thread=17 global_idx=334 (g=7475,e=0,s=12) state_time=1246.5s best_idx=33 sims=18818 N=55 K=4 eta=40217.1s
[start 364/500] thread=17 global_idx=363 (g=6473,e=3,s=10) elapsed=90358.0s
[done 347/500] thread=2 global_idx=340 (g=177,e=0,s=12) state_time=1288.7s best_idx=34 sims=19016 N=55 K=4 eta=39949.1s
[start 365/500] thread=2 global_idx=364 (g=8184,e=6,s=9) elapsed=90603.5s
[done 348/500] thread=16 global_idx=344 (g=4344,e=5,s=12) state_time=1292.0s best_idx=18 sims=19019 N=69 K=4 eta=39622.1s
[start 366/500] thread=16 global_idx=365 (g=4767,e=1,s=6) elapsed=90713.8s
[done 349/500] thread=14 global_idx=347 (g=6184,e=2,s=12) state_time=1259.9s best_idx=40 sims=18592 N=65 K=4 eta=39263.7s
[start 367/500] thread=14 global_idx=366 (g=7967,e=4,s=6) elapsed=90748.5s
[done 350/500] thread=0 global_idx=306 (g=6945,e=4,s=7) state_time=5804.1s best_idx=37 sims=93333 N=75 K=4 eta=39284.0s
[start 368/500] thread=0 global_idx=367 (g=2140,e=6,s=6) elapsed=91662.7s
[done 351/500] thread=4 global_idx=354 (g=7750,e=7,s=10) state_time=2944.0s best_idx=43 sims=47897 N=49 K=4 eta=39330.6s
[start 369/500] thread=4 global_idx=368 (g=6866,e=6,s=10) elapsed=92651.2s
[done 352/500] thread=17 global_idx=363 (g=6473,e=3,s=10) state_time=2903.1s best_idx=0 sims=47743 N=49 K=4 eta=39212.0s
[start 370/500] thread=17 global_idx=369 (g=33,e=6,s=6) elapsed=93261.1s
[done 353/500] thread=12 global_idx=362 (g=4912,e=2,s=10) state_time=3192.4s best_idx=52 sims=49557 N=61 K=4 eta=38931.2s
[start 371/500] thread=12 global_idx=370 (g=965,e=5,s=6) elapsed=93487.7s
[done 354/500] thread=15 global_idx=355 (g=2543,e=0,s=9) state_time=3841.1s best_idx=39 sims=62935 N=55 K=4 eta=38628.8s
[start 372/500] thread=15 global_idx=371 (g=679,e=6,s=11) elapsed=93661.7s
[done 355/500] thread=9 global_idx=356 (g=8679,e=7,s=9) state_time=4062.3s best_idx=6 sims=63729 N=59 K=4 eta=38356.4s
[start 373/500] thread=9 global_idx=372 (g=8496,e=6,s=8) elapsed=93907.0s
[done 356/500] thread=3 global_idx=357 (g=5602,e=5,s=8) state_time=4697.5s best_idx=6 sims=76965 N=49 K=4 eta=38306.4s
[start 374/500] thread=3 global_idx=373 (g=5943,e=4,s=8) elapsed=94702.0s
[done 357/500] thread=10 global_idx=352 (g=8983,e=2,s=8) state_time=5288.3s best_idx=57 sims=78975 N=71 K=4 eta=38001.7s
[start 375/500] thread=10 global_idx=374 (g=5903,e=2,s=8) elapsed=94871.3s
[done 358/500] thread=2 global_idx=364 (g=8184,e=6,s=9) state_time=4319.6s best_idx=68 sims=63641 N=75 K=4 eta=37651.1s
[start 376/500] thread=2 global_idx=375 (g=6148,e=6,s=6) elapsed=94923.1s
[done 359/500] thread=5 global_idx=351 (g=645,e=7,s=7) state_time=5571.6s best_idx=18 sims=91549 N=49 K=4 eta=37362.1s
[start 377/500] thread=5 global_idx=376 (g=67,e=4,s=10) elapsed=95127.5s
[done 360/500] thread=15 global_idx=371 (g=679,e=6,s=11) state_time=2332.7s best_idx=18 sims=35057 N=75 K=4 eta=37331.1s
[start 378/500] thread=15 global_idx=377 (g=2672,e=0,s=11) elapsed=95994.4s
[done 361/500] thread=4 global_idx=368 (g=6866,e=6,s=10) state_time=3390.0s best_idx=53 sims=49127 N=71 K=4 eta=36979.8s
[start 379/500] thread=4 global_idx=378 (g=4467,e=0,s=8) elapsed=96041.2s
[done 362/500] thread=8 global_idx=353 (g=1331,e=4,s=6) state_time=6485.2s best_idx=46 sims=106906 N=49 K=4 eta=36631.0s
[start 380/500] thread=8 global_idx=379 (g=2516,e=5,s=8) elapsed=96090.0s
[done 363/500] thread=7 global_idx=350 (g=2226,e=1,s=6) state_time=6892.8s best_idx=56 sims=107644 N=65 K=4 eta=36396.8s
[start 381/500] thread=7 global_idx=380 (g=7892,e=3,s=13) elapsed=96438.3s
[done 364/500] thread=13 global_idx=360 (g=1032,e=5,s=6) state_time=6419.6s best_idx=41 sims=106144 N=49 K=4 eta=36115.0s
[start 382/500] thread=13 global_idx=381 (g=1789,e=6,s=12) elapsed=96660.6s
[done 365/500] thread=1 global_idx=359 (g=440,e=4,s=6) state_time=6645.4s best_idx=28 sims=106798 N=59 K=4 eta=35791.1s
[start 383/500] thread=1 global_idx=382 (g=2748,e=6,s=14) elapsed=96768.4s
[done 366/500] thread=1 global_idx=382 (g=2748,e=6,s=14) state_time=56.3s best_idx=13 sims=759 N=65 K=4 eta=35449.5s
[start 384/500] thread=1 global_idx=383 (g=5555,e=0,s=12) elapsed=96824.7s
[done 367/500] thread=6 global_idx=361 (g=938,e=6,s=6) state_time=6661.2s best_idx=39 sims=106349 N=69 K=4 eta=35120.8s
[start 385/500] thread=6 global_idx=384 (g=5662,e=6,s=14) elapsed=96912.4s
[done 368/500] thread=6 global_idx=384 (g=5662,e=6,s=14) state_time=46.9s best_idx=9 sims=687 N=49 K=4 eta=34778.9s
[start 386/500] thread=6 global_idx=385 (g=5064,e=7,s=14) elapsed=96959.3s
[done 369/500] thread=11 global_idx=358 (g=3063,e=4,s=6) state_time=6947.4s best_idx=54 sims=107577 N=69 K=4 eta=34437.0s
[start 387/500] thread=11 global_idx=386 (g=3882,e=7,s=13) elapsed=97001.9s
[done 370/500] thread=6 global_idx=385 (g=5064,e=7,s=14) state_time=58.0s best_idx=18 sims=777 N=65 K=4 eta=34087.2s
[start 388/500] thread=6 global_idx=387 (g=7024,e=4,s=13) elapsed=97017.4s
[done 371/500] thread=7 global_idx=380 (g=7892,e=3,s=13) state_time=673.3s best_idx=71 sims=6551 N=75 K=4 eta=33766.6s
[start 389/500] thread=7 global_idx=388 (g=1439,e=6,s=14) elapsed=97111.6s
[done 372/500] thread=7 global_idx=388 (g=1439,e=6,s=14) state_time=57.3s best_idx=19 sims=771 N=65 K=4 eta=33434.4s
[start 390/500] thread=7 global_idx=389 (g=5803,e=1,s=12) elapsed=97168.9s
[done 373/500] thread=16 global_idx=365 (g=4767,e=1,s=6) state_time=6499.7s best_idx=46 sims=106491 N=49 K=4 eta=33099.5s
[start 391/500] thread=16 global_idx=390 (g=3151,e=1,s=13) elapsed=97213.5s
[done 374/500] thread=14 global_idx=366 (g=7967,e=4,s=6) state_time=6604.1s best_idx=3 sims=105940 N=49 K=4 eta=32797.9s
[start 392/500] thread=14 global_idx=391 (g=7510,e=6,s=12) elapsed=97352.6s
[done 375/500] thread=11 global_idx=386 (g=3882,e=7,s=13) state_time=504.1s best_idx=39 sims=4967 N=79 K=4 eta=32502.0s
[start 393/500] thread=11 global_idx=392 (g=2961,e=4,s=12) elapsed=97506.0s
[done 376/500] thread=6 global_idx=387 (g=7024,e=4,s=13) state_time=512.2s best_idx=15 sims=5256 N=65 K=4 eta=32164.0s
[start 394/500] thread=6 global_idx=393 (g=7703,e=0,s=12) elapsed=97529.6s
[done 377/500] thread=16 global_idx=390 (g=3151,e=1,s=13) state_time=364.7s best_idx=47 sims=3898 N=55 K=4 eta=31835.9s
[start 395/500] thread=16 global_idx=394 (g=254,e=6,s=14) elapsed=97578.2s
[done 378/500] thread=16 global_idx=394 (g=254,e=6,s=14) state_time=54.5s best_idx=18 sims=731 N=55 K=4 eta=31511.1s
[start 396/500] thread=16 global_idx=395 (g=5034,e=2,s=14) elapsed=97632.7s
[done 379/500] thread=16 global_idx=395 (g=5034,e=2,s=14) state_time=52.5s best_idx=13 sims=700 N=61 K=4 eta=31187.1s
[start 397/500] thread=16 global_idx=396 (g=9062,e=0,s=13) elapsed=97685.2s
[done 380/500] thread=13 global_idx=381 (g=1789,e=6,s=12) state_time=1194.3s best_idx=47 sims=18701 N=49 K=4 eta=30901.5s
[start 398/500] thread=13 global_idx=397 (g=3846,e=3,s=14) elapsed=97854.9s
[done 381/500] thread=13 global_idx=397 (g=3846,e=3,s=14) state_time=56.9s best_idx=24 sims=779 N=61 K=4 eta=30581.4s
[start 399/500] thread=13 global_idx=398 (g=4217,e=3,s=14) elapsed=97911.8s
[done 382/500] thread=13 global_idx=398 (g=4217,e=3,s=14) state_time=54.3s best_idx=5 sims=731 N=55 K=4 eta=30261.8s
[start 400/500] thread=13 global_idx=399 (g=2421,e=6,s=14) elapsed=97966.1s
[done 383/500] thread=13 global_idx=399 (g=2421,e=6,s=14) state_time=64.5s best_idx=7 sims=829 N=67 K=4 eta=29946.7s
[start 401/500] thread=13 global_idx=400 (g=4734,e=4,s=14) elapsed=98030.6s
[done 384/500] thread=15 global_idx=377 (g=2672,e=0,s=11) state_time=2056.1s best_idx=53 sims=33128 N=59 K=4 eta=29619.4s
[start 402/500] thread=15 global_idx=401 (g=3881,e=4,s=14) elapsed=98050.5s
[done 385/500] thread=5 global_idx=376 (g=67,e=4,s=10) state_time=2947.0s best_idx=47 sims=47588 N=49 K=4 eta=29295.0s
[start 403/500] thread=5 global_idx=402 (g=4125,e=2,s=12) elapsed=98074.5s
[done 386/500] thread=13 global_idx=400 (g=4734,e=4,s=14) state_time=46.2s best_idx=38 sims=697 N=49 K=4 eta=28965.7s
[start 404/500] thread=13 global_idx=403 (g=7391,e=1,s=14) elapsed=98076.8s
[done 387/500] thread=1 global_idx=383 (g=5555,e=0,s=12) state_time=1261.6s best_idx=34 sims=18901 N=65 K=4 eta=28640.2s
[start 405/500] thread=1 global_idx=404 (g=9591,e=2,s=12) elapsed=98086.3s
[done 388/500] thread=15 global_idx=401 (g=3881,e=4,s=14) state_time=48.0s best_idx=15 sims=687 N=49 K=4 eta=28317.1s
[start 406/500] thread=15 global_idx=405 (g=8696,e=2,s=13) elapsed=98098.5s
[done 389/500] thread=13 global_idx=403 (g=7391,e=1,s=14) state_time=52.1s best_idx=26 sims=725 N=59 K=4 eta=28000.8s
[start 407/500] thread=13 global_idx=406 (g=5837,e=5,s=13) elapsed=98129.0s
[done 390/500] thread=16 global_idx=396 (g=9062,e=0,s=13) state_time=596.3s best_idx=68 sims=5761 N=79 K=4 eta=27720.4s
[start 408/500] thread=16 global_idx=407 (g=9771,e=3,s=12) elapsed=98281.5s
[done 391/500] thread=0 global_idx=367 (g=2140,e=6,s=6) state_time=6744.7s best_idx=47 sims=107526 N=55 K=4 eta=27433.3s
[start 409/500] thread=0 global_idx=408 (g=8752,e=6,s=14) elapsed=98407.4s
[done 392/500] thread=0 global_idx=408 (g=8752,e=6,s=14) state_time=59.3s best_idx=47 sims=783 N=61 K=4 eta=27128.6s
[start 410/500] thread=0 global_idx=409 (g=4267,e=0,s=14) elapsed=98466.7s
[done 393/500] thread=15 global_idx=405 (g=8696,e=2,s=13) state_time=390.3s best_idx=11 sims=4093 N=61 K=4 eta=26815.0s
[start 411/500] thread=15 global_idx=410 (g=3709,e=0,s=7) elapsed=98488.8s
[done 394/500] thread=0 global_idx=409 (g=4267,e=0,s=14) state_time=53.5s best_idx=51 sims=735 N=55 K=4 eta=26505.4s
[start 412/500] thread=0 global_idx=411 (g=3843,e=6,s=11) elapsed=98520.2s
[done 395/500] thread=13 global_idx=406 (g=5837,e=5,s=13) state_time=429.7s best_idx=1 sims=4346 N=75 K=4 eta=26199.1s
[start 413/500] thread=13 global_idx=412 (g=4701,e=5,s=7) elapsed=98558.7s
[done 396/500] thread=7 global_idx=389 (g=5803,e=1,s=12) state_time=1427.4s best_idx=30 sims=20178 N=61 K=4 eta=25894.0s
[start 414/500] thread=7 global_idx=413 (g=21,e=2,s=8) elapsed=98596.3s
[done 397/500] thread=14 global_idx=391 (g=7510,e=6,s=12) state_time=1347.0s best_idx=33 sims=19736 N=61 K=4 eta=25607.2s
[start 415/500] thread=14 global_idx=414 (g=5183,e=3,s=7) elapsed=98699.5s
[done 398/500] thread=6 global_idx=393 (g=7703,e=0,s=12) state_time=1193.3s best_idx=0 sims=18319 N=49 K=4 eta=25300.8s
[start 416/500] thread=6 global_idx=415 (g=9433,e=4,s=7) elapsed=98722.9s
[done 399/500] thread=9 global_idx=372 (g=8496,e=6,s=8) state_time=4817.7s best_idx=3 sims=77661 N=55 K=4 eta=24990.5s
[start 417/500] thread=9 global_idx=416 (g=9564,e=1,s=7) elapsed=98724.8s
[done 400/500] thread=11 global_idx=392 (g=2961,e=4,s=12) state_time=1378.9s best_idx=12 sims=19743 N=61 K=4 eta=24721.2s
[start 418/500] thread=11 global_idx=417 (g=7115,e=2,s=8) elapsed=98884.9s
[done 401/500] thread=5 global_idx=402 (g=4125,e=2,s=12) state_time=1204.2s best_idx=45 sims=18057 N=55 K=4 eta=24510.2s
[start 419/500] thread=5 global_idx=418 (g=4322,e=6,s=10) elapsed=99278.7s
[done 402/500] thread=16 global_idx=407 (g=9771,e=3,s=12) state_time=1148.7s best_idx=48 sims=17867 N=55 K=4 eta=24239.2s
[start 420/500] thread=16 global_idx=419 (g=4491,e=1,s=9) elapsed=99430.2s
[done 403/500] thread=1 global_idx=404 (g=9591,e=2,s=12) state_time=1437.6s best_idx=53 sims=20570 N=61 K=4 eta=23954.9s
[start 421/500] thread=1 global_idx=420 (g=819,e=3,s=9) elapsed=99523.9s
[done 404/500] thread=10 global_idx=374 (g=5903,e=2,s=8) state_time=4687.3s best_idx=7 sims=76268 N=49 K=4 eta=23657.5s
[start 422/500] thread=10 global_idx=421 (g=9201,e=0,s=11) elapsed=99558.6s
[done 405/500] thread=3 global_idx=373 (g=5943,e=4,s=8) state_time=4892.1s best_idx=33 sims=78767 N=61 K=4 eta=23361.6s
[start 423/500] thread=3 global_idx=422 (g=6067,e=1,s=11) elapsed=99594.1s
[done 406/500] thread=17 global_idx=369 (g=33,e=6,s=6) state_time=6525.8s best_idx=42 sims=107389 N=49 K=4 eta=23103.4s
[start 424/500] thread=17 global_idx=423 (g=1620,e=4,s=6) elapsed=99786.9s
[done 407/500] thread=12 global_idx=370 (g=965,e=5,s=6) state_time=6457.6s best_idx=32 sims=106740 N=49 K=4 eta=22837.6s
[start 425/500] thread=12 global_idx=424 (g=8361,e=7,s=7) elapsed=99945.3s
[done 408/500] thread=0 global_idx=411 (g=3843,e=6,s=11) state_time=2016.9s best_idx=35 sims=32884 N=49 K=4 eta=22670.1s
[start 426/500] thread=0 global_idx=425 (g=6403,e=1,s=8) elapsed=100537.1s
[done 409/500] thread=4 global_idx=378 (g=4467,e=0,s=8) state_time=4850.4s best_idx=56 sims=77742 N=59 K=4 eta=22447.8s
[start 427/500] thread=4 global_idx=426 (g=5988,e=5,s=11) elapsed=100891.6s
[done 410/500] thread=8 global_idx=379 (g=2516,e=5,s=8) state_time=4885.0s best_idx=51 sims=77833 N=55 K=4 eta=22165.2s
[start 428/500] thread=8 global_idx=427 (g=5193,e=6,s=6) elapsed=100974.9s
[done 411/500] thread=2 global_idx=375 (g=6148,e=6,s=6) state_time=6365.2s best_idx=10 sims=104978 N=49 K=4 eta=21933.5s
[start 429/500] thread=2 global_idx=428 (g=3024,e=4,s=9) elapsed=101288.3s
[done 412/500] thread=10 global_idx=421 (g=9201,e=0,s=11) state_time=1887.3s best_idx=16 sims=31822 N=37 K=4 eta=21668.1s
[start 430/500] thread=10 global_idx=429 (g=2361,e=3,s=11) elapsed=101445.9s
[done 413/500] thread=3 global_idx=422 (g=6067,e=1,s=11) state_time=1948.2s best_idx=8 sims=32246 N=43 K=4 eta=21390.3s
[start 431/500] thread=3 global_idx=430 (g=9865,e=5,s=13) elapsed=101542.3s
[done 414/500] thread=3 global_idx=430 (g=9865,e=5,s=13) state_time=330.9s best_idx=44 sims=3592 N=53 K=4 eta=21162.1s
[start 432/500] thread=3 global_idx=431 (g=8317,e=2,s=12) elapsed=101873.2s
[done 415/500] thread=5 global_idx=418 (g=4322,e=6,s=10) state_time=3051.7s best_idx=63 sims=47429 N=75 K=4 eta=20959.2s
[start 433/500] thread=5 global_idx=432 (g=6537,e=2,s=14) elapsed=102330.4s
[done 416/500] thread=5 global_idx=432 (g=6537,e=2,s=14) state_time=38.7s best_idx=11 sims=653 N=39 K=4 eta=20670.7s
[start 434/500] thread=5 global_idx=433 (g=3642,e=3,s=13) elapsed=102369.2s
[done 417/500] thread=5 global_idx=433 (g=3642,e=3,s=13) state_time=273.6s best_idx=6 sims=3018 N=43 K=4 eta=20430.1s
[start 435/500] thread=5 global_idx=434 (g=3098,e=1,s=14) elapsed=102642.8s
[done 418/500] thread=5 global_idx=434 (g=3098,e=1,s=14) state_time=45.5s best_idx=19 sims=669 N=39 K=4 eta=20144.6s
[start 436/500] thread=5 global_idx=435 (g=2170,e=0,s=14) elapsed=102688.3s
[done 419/500] thread=5 global_idx=435 (g=2170,e=0,s=14) state_time=39.2s best_idx=1 sims=609 N=37 K=4 eta=19859.0s
[start 437/500] thread=5 global_idx=436 (g=5040,e=1,s=13) elapsed=102727.5s
[done 420/500] thread=4 global_idx=426 (g=5988,e=5,s=11) state_time=1973.3s best_idx=11 sims=33069 N=49 K=4 eta=19593.3s
[start 438/500] thread=4 global_idx=437 (g=1376,e=2,s=13) elapsed=102864.8s
[done 421/500] thread=1 global_idx=420 (g=819,e=3,s=9) state_time=3445.5s best_idx=16 sims=60481 N=43 K=4 eta=19322.0s
[start 439/500] thread=1 global_idx=438 (g=1277,e=5,s=14) elapsed=102969.4s
[done 422/500] thread=4 global_idx=437 (g=1376,e=2,s=13) state_time=168.7s best_idx=9 sims=2087 N=37 K=4 eta=19044.1s
[start 440/500] thread=4 global_idx=439 (g=3397,e=5,s=12) elapsed=103033.6s
[done 423/500] thread=1 global_idx=438 (g=1277,e=5,s=14) state_time=66.6s best_idx=1 sims=813 N=71 K=4 eta=18756.0s
[start 441/500] thread=1 global_idx=440 (g=2571,e=6,s=12) elapsed=103036.0s
[done 424/500] thread=7 global_idx=413 (g=21,e=2,s=8) state_time=4441.0s best_idx=19 sims=75896 N=39 K=4 eta=18468.9s
[start 442/500] thread=7 global_idx=441 (g=6257,e=4,s=13) elapsed=103037.3s
[done 425/500] thread=16 global_idx=419 (g=4491,e=1,s=9) state_time=3625.7s best_idx=4 sims=61355 N=39 K=4 eta=18186.3s
[start 443/500] thread=16 global_idx=442 (g=7400,e=3,s=13) elapsed=103055.9s
[done 426/500] thread=5 global_idx=436 (g=5040,e=1,s=13) state_time=353.7s best_idx=46 sims=3947 N=49 K=4 eta=17906.1s
[start 444/500] thread=5 global_idx=443 (g=7403,e=0,s=12) elapsed=103081.1s
[done 427/500] thread=3 global_idx=431 (g=8317,e=2,s=12) state_time=1368.8s best_idx=41 sims=19913 N=61 K=4 eta=17650.3s
[start 445/500] thread=3 global_idx=444 (g=4811,e=5,s=13) elapsed=103242.0s
[done 428/500] thread=16 global_idx=442 (g=7400,e=3,s=13) state_time=265.7s best_idx=18 sims=3099 N=45 K=4 eta=17381.2s
[start 446/500] thread=16 global_idx=445 (g=5202,e=4,s=13) elapsed=103321.6s
[done 429/500] thread=11 global_idx=417 (g=7115,e=2,s=8) state_time=4455.8s best_idx=28 sims=76701 N=43 K=4 eta=17103.0s
[start 447/500] thread=11 global_idx=446 (g=4076,e=2,s=14) elapsed=103340.6s
[done 430/500] thread=10 global_idx=429 (g=2361,e=3,s=11) state_time=1919.5s best_idx=10 sims=32153 N=37 K=4 eta=16826.9s
[start 448/500] thread=10 global_idx=447 (g=1989,e=4,s=14) elapsed=103365.4s
[done 431/500] thread=7 global_idx=441 (g=6257,e=4,s=13) state_time=332.5s best_idx=35 sims=3772 N=51 K=4 eta=16548.8s
[start 449/500] thread=7 global_idx=448 (g=5846,e=4,s=14) elapsed=103369.8s
[done 432/500] thread=11 global_idx=446 (g=4076,e=2,s=14) state_time=42.4s best_idx=33 sims=641 N=43 K=4 eta=16273.3s
[start 450/500] thread=11 global_idx=449 (g=8608,e=3,s=12) elapsed=103383.1s
[done 433/500] thread=10 global_idx=447 (g=1989,e=4,s=14) state_time=36.3s best_idx=35 sims=617 N=43 K=4 eta=15999.8s
[start 451/500] thread=10 global_idx=450 (g=3045,e=2,s=9) elapsed=103401.7s
[done 434/500] thread=7 global_idx=448 (g=5846,e=4,s=14) state_time=41.4s best_idx=21 sims=643 N=45 K=4 eta=15726.1s
[start 452/500] thread=7 global_idx=451 (g=5235,e=3,s=8) elapsed=103411.3s
[done 435/500] thread=3 global_idx=444 (g=4811,e=5,s=13) state_time=200.8s best_idx=4 sims=2406 N=45 K=4 eta=15457.0s
[start 453/500] thread=3 global_idx=452 (g=6131,e=1,s=7) elapsed=103442.8s
[done 436/500] thread=16 global_idx=445 (g=5202,e=4,s=13) state_time=270.4s best_idx=18 sims=3066 N=39 K=4 eta=15206.2s
[start 454/500] thread=16 global_idx=453 (g=4532,e=1,s=7) elapsed=103592.0s
[done 437/500] thread=15 global_idx=410 (g=3709,e=0,s=7) state_time=5342.6s best_idx=25 sims=91385 N=43 K=4 eta=14968.8s
[start 455/500] thread=15 global_idx=454 (g=3292,e=1,s=9) elapsed=103831.4s
[done 438/500] thread=13 global_idx=412 (g=4701,e=5,s=7) state_time=5336.9s best_idx=15 sims=90893 N=39 K=4 eta=14706.7s
[start 456/500] thread=13 global_idx=455 (g=9633,e=1,s=10) elapsed=103895.5s
[done 439/500] thread=6 global_idx=415 (g=9433,e=4,s=7) state_time=5217.6s best_idx=35 sims=90403 N=39 K=4 eta=14442.8s
[start 457/500] thread=6 global_idx=456 (g=5313,e=3,s=6) elapsed=103940.5s
[done 440/500] thread=9 global_idx=416 (g=9564,e=1,s=7) state_time=5389.0s best_idx=25 sims=90908 N=47 K=4 eta=14197.3s
[start 458/500] thread=9 global_idx=457 (g=2130,e=6,s=7) elapsed=104113.8s
[done 441/500] thread=4 global_idx=439 (g=3397,e=5,s=12) state_time=1105.6s best_idx=5 sims=17759 N=39 K=4 eta=13932.4s
[start 459/500] thread=4 global_idx=458 (g=9218,e=5,s=10) elapsed=104139.1s
[done 442/500] thread=1 global_idx=440 (g=2571,e=6,s=12) state_time=1123.7s best_idx=36 sims=18039 N=43 K=4 eta=13668.0s
[start 460/500] thread=1 global_idx=459 (g=8265,e=7,s=10) elapsed=104159.7s
[done 443/500] thread=5 global_idx=443 (g=7403,e=0,s=12) state_time=1115.8s best_idx=35 sims=17809 N=43 K=4 eta=13406.8s
[start 461/500] thread=5 global_idx=460 (g=7644,e=2,s=9) elapsed=104196.9s
[done 444/500] thread=14 global_idx=414 (g=5183,e=3,s=7) state_time=5553.0s best_idx=43 sims=91641 N=49 K=4 eta=13149.0s
[start 462/500] thread=14 global_idx=461 (g=157,e=5,s=8) elapsed=104252.6s
[done 445/500] thread=11 global_idx=449 (g=8608,e=3,s=12) state_time=1121.1s best_idx=1 sims=17737 N=45 K=4 eta=12916.2s
[start 463/500] thread=11 global_idx=462 (g=5808,e=2,s=8) elapsed=104504.2s
[done 446/500] thread=2 global_idx=428 (g=3024,e=4,s=9) state_time=3678.1s best_idx=26 sims=61653 N=51 K=4 eta=12708.9s
[start 464/500] thread=2 global_idx=463 (g=8545,e=3,s=11) elapsed=104966.5s
[done 447/500] thread=0 global_idx=425 (g=6403,e=1,s=8) state_time=4477.2s best_idx=35 sims=76255 N=39 K=4 eta=12451.4s
[start 465/500] thread=0 global_idx=464 (g=8266,e=2,s=8) elapsed=105014.3s
[done 448/500] thread=12 global_idx=424 (g=8361,e=7,s=7) state_time=5309.8s best_idx=9 sims=90153 N=39 K=4 eta=12217.1s
[start 466/500] thread=12 global_idx=465 (g=6112,e=0,s=9) elapsed=105255.1s
[done 449/500] thread=17 global_idx=423 (g=1620,e=4,s=6) state_time=6411.0s best_idx=18 sims=106676 N=49 K=4 eta=12062.6s
[start 467/500] thread=17 global_idx=466 (g=9280,e=6,s=11) elapsed=106198.0s
[done 450/500] thread=8 global_idx=427 (g=5193,e=6,s=6) state_time=6486.1s best_idx=18 sims=105114 N=45 K=4 eta=11940.1s
[start 468/500] thread=8 global_idx=467 (g=6350,e=2,s=6) elapsed=107461.0s
[done 451/500] thread=10 global_idx=450 (g=3045,e=2,s=9) state_time=4173.1s best_idx=44 sims=63500 N=71 K=4 eta=11687.7s
[start 469/500] thread=10 global_idx=468 (g=6128,e=3,s=9) elapsed=107574.8s
[done 452/500] thread=13 global_idx=455 (g=9633,e=1,s=10) state_time=3929.9s best_idx=23 sims=52016 N=87 K=4 eta=11450.5s
[start 470/500] thread=13 global_idx=469 (g=1966,e=3,s=10) elapsed=107825.4s
[done 453/500] thread=15 global_idx=454 (g=3292,e=1,s=9) state_time=4172.0s best_idx=21 sims=63763 N=75 K=4 eta=11205.7s
[start 471/500] thread=15 global_idx=470 (g=4424,e=7,s=11) elapsed=108003.4s
[done 454/500] thread=4 global_idx=458 (g=9218,e=5,s=10) state_time=4138.5s best_idx=83 sims=51973 N=107 K=4 eta=10970.9s
[start 472/500] thread=4 global_idx=471 (g=8076,e=2,s=10) elapsed=108277.7s
[done 455/500] thread=5 global_idx=460 (g=7644,e=2,s=9) state_time=4129.3s best_idx=36 sims=62576 N=83 K=4 eta=10713.6s
[start 473/500] thread=5 global_idx=472 (g=3453,e=4,s=8) elapsed=108326.3s
[done 456/500] thread=2 global_idx=463 (g=8545,e=3,s=11) state_time=3461.1s best_idx=81 sims=39585 N=103 K=4 eta=10462.3s
[start 474/500] thread=2 global_idx=473 (g=803,e=0,s=9) elapsed=108427.6s
[done 457/500] thread=1 global_idx=459 (g=8265,e=7,s=10) state_time=4596.5s best_idx=18 sims=54513 N=97 K=4 eta=10233.1s
[start 475/500] thread=1 global_idx=474 (g=2184,e=0,s=11) elapsed=108756.2s
[done 458/500] thread=17 global_idx=466 (g=9280,e=6,s=11) state_time=2741.2s best_idx=76 sims=36864 N=95 K=4 eta=9990.1s
[start 476/500] thread=17 global_idx=475 (g=6874,e=3,s=13) elapsed=108939.2s
[done 459/500] thread=3 global_idx=452 (g=6131,e=1,s=7) state_time=6091.0s best_idx=67 sims=93272 N=91 K=4 eta=9784.1s
[start 477/500] thread=3 global_idx=476 (g=4963,e=7,s=12) elapsed=109533.7s
[done 460/500] thread=14 global_idx=461 (g=157,e=5,s=8) state_time=5301.9s best_idx=47 sims=78139 N=81 K=4 eta=9526.5s
[start 478/500] thread=14 global_idx=477 (g=153,e=3,s=14) elapsed=109554.4s
[done 461/500] thread=14 global_idx=477 (g=153,e=3,s=14) state_time=90.7s best_idx=87 sims=939 N=123 K=4 eta=9275.8s
[start 479/500] thread=14 global_idx=478 (g=4218,e=1,s=14) elapsed=109645.1s
[done 462/500] thread=14 global_idx=478 (g=4218,e=1,s=14) state_time=71.7s best_idx=23 sims=881 N=97 K=4 eta=9024.3s
[start 480/500] thread=14 global_idx=479 (g=7559,e=5,s=13) elapsed=109716.9s
[done 463/500] thread=7 global_idx=451 (g=5235,e=3,s=8) state_time=6329.6s best_idx=75 sims=82698 N=87 K=4 eta=8769.8s
[start 481/500] thread=7 global_idx=480 (g=1556,e=4,s=14) elapsed=109740.9s
[done 464/500] thread=12 global_idx=465 (g=6112,e=0,s=9) state_time=4498.2s best_idx=44 sims=64180 N=97 K=4 eta=8515.3s
[start 482/500] thread=12 global_idx=481 (g=3490,e=3,s=13) elapsed=109753.3s
[done 465/500] thread=7 global_idx=480 (g=1556,e=4,s=14) state_time=79.3s best_idx=10 sims=893 N=87 K=4 eta=8266.0s
[start 483/500] thread=7 global_idx=482 (g=6731,e=2,s=14) elapsed=109820.2s
[done 466/500] thread=17 global_idx=475 (g=6874,e=3,s=13) state_time=923.5s best_idx=49 sims=8286 N=101 K=4 eta=8015.7s
[start 484/500] thread=17 global_idx=483 (g=4185,e=2,s=14) elapsed=109862.7s
[done 467/500] thread=7 global_idx=482 (g=6731,e=2,s=14) state_time=97.5s best_idx=105 sims=948 N=129 K=4 eta=7767.2s
[start 485/500] thread=7 global_idx=484 (g=7344,e=3,s=13) elapsed=109917.7s
[done 468/500] thread=17 global_idx=483 (g=4185,e=2,s=14) state_time=68.5s best_idx=19 sims=825 N=87 K=4 eta=7516.7s
[start 486/500] thread=17 global_idx=485 (g=3529,e=5,s=12) elapsed=109931.2s
[done 469/500] thread=12 global_idx=481 (g=3490,e=3,s=13) state_time=522.8s best_idx=89 sims=5228 N=107 K=4 eta=7289.0s
[start 487/500] thread=12 global_idx=486 (g=7293,e=1,s=13) elapsed=110276.1s
[done 470/500] thread=7 global_idx=484 (g=7344,e=3,s=13) state_time=563.5s best_idx=56 sims=5405 N=91 K=4 eta=7052.0s
[start 488/500] thread=7 global_idx=487 (g=3407,e=2,s=12) elapsed=110481.3s
[done 471/500] thread=11 global_idx=462 (g=5808,e=2,s=8) state_time=6225.7s best_idx=14 sims=79917 N=91 K=4 eta=6817.8s
[start 489/500] thread=11 global_idx=488 (g=8160,e=6,s=13) elapsed=110729.9s
[done 472/500] thread=12 global_idx=486 (g=7293,e=1,s=13) state_time=486.8s best_idx=11 sims=5152 N=103 K=4 eta=6570.7s
[start 490/500] thread=12 global_idx=489 (g=8793,e=3,s=13) elapsed=110762.8s
[done 473/500] thread=14 global_idx=479 (g=7559,e=5,s=13) state_time=1074.0s best_idx=82 sims=9199 N=117 K=4 eta=6324.2s
[start 491/500] thread=14 global_idx=490 (g=2330,e=3,s=14) elapsed=110790.9s
[done 474/500] thread=9 global_idx=457 (g=2130,e=6,s=7) state_time=6702.4s best_idx=62 sims=95044 N=87 K=4 eta=6078.5s
[start 492/500] thread=9 global_idx=491 (g=4096,e=6,s=12) elapsed=110816.2s
[done 475/500] thread=16 global_idx=453 (g=4532,e=1,s=7) state_time=7240.9s best_idx=75 sims=96475 N=91 K=4 eta=5833.3s
[start 493/500] thread=16 global_idx=492 (g=858,e=1,s=13) elapsed=110832.9s
[done 476/500] thread=14 global_idx=490 (g=2330,e=3,s=14) state_time=106.4s best_idx=78 sims=1075 N=145 K=4 eta=5591.5s
[start 494/500] thread=14 global_idx=493 (g=7433,e=0,s=13) elapsed=110897.2s
[done 477/500] thread=3 global_idx=476 (g=4963,e=7,s=12) state_time=1461.2s best_idx=65 sims=21304 N=71 K=4 eta=5352.0s
[start 495/500] thread=3 global_idx=494 (g=5784,e=1,s=12) elapsed=110994.9s
[done 478/500] thread=13 global_idx=469 (g=1966,e=3,s=10) state_time=3188.3s best_idx=46 sims=48817 N=113 K=4 eta=5109.4s
[start 496/500] thread=13 global_idx=495 (g=7848,e=5,s=13) elapsed=111013.7s
[done 479/500] thread=15 global_idx=470 (g=4424,e=7,s=11) state_time=3045.9s best_idx=117 sims=37708 N=119 K=4 eta=4868.5s
[start 497/500] thread=15 global_idx=496 (g=4599,e=4,s=13) elapsed=111049.3s
[done 480/500] thread=4 global_idx=471 (g=8076,e=2,s=10) state_time=2997.8s best_idx=67 sims=48891 N=91 K=4 eta=4636.5s
[start 498/500] thread=4 global_idx=497 (g=3073,e=7,s=14) elapsed=111275.5s
[done 481/500] thread=0 global_idx=464 (g=8266,e=2,s=8) state_time=6271.8s best_idx=93 sims=81516 N=97 K=4 eta=4395.9s
[start 499/500] thread=0 global_idx=498 (g=8359,e=0,s=13) elapsed=111286.2s
[done 482/500] thread=6 global_idx=456 (g=5313,e=3,s=6) state_time=7378.1s best_idx=7 sims=107527 N=81 K=4 eta=4157.1s
[start 500/500] thread=6 global_idx=499 (g=1464,e=1,s=14) elapsed=111318.6s
[done 483/500] thread=4 global_idx=497 (g=3073,e=7,s=14) state_time=87.3s best_idx=11 sims=1085 N=129 K=4 eta=3919.6s
[done 484/500] thread=15 global_idx=496 (g=4599,e=4,s=13) state_time=343.9s best_idx=10 sims=4247 N=99 K=4 eta=3682.4s
[done 485/500] thread=6 global_idx=499 (g=1464,e=1,s=14) state_time=91.8s best_idx=44 sims=1061 N=133 K=4 eta=3445.7s
[done 486/500] thread=17 global_idx=485 (g=3529,e=5,s=12) state_time=1566.3s best_idx=68 sims=22416 N=87 K=4 eta=3211.9s
[done 487/500] thread=12 global_idx=489 (g=8793,e=3,s=13) state_time=896.8s best_idx=104 sims=10281 N=107 K=4 eta=2980.6s
[done 488/500] thread=1 global_idx=474 (g=2184,e=0,s=11) state_time=2936.4s best_idx=71 sims=39582 N=107 K=4 eta=2746.5s
[done 489/500] thread=13 global_idx=495 (g=7848,e=5,s=13) state_time=694.0s best_idx=34 sims=8424 N=103 K=4 eta=2512.9s
[done 490/500] thread=10 global_idx=468 (g=6128,e=3,s=9) state_time=4242.7s best_idx=9 sims=64438 N=83 K=4 eta=2282.0s
[done 491/500] thread=16 global_idx=492 (g=858,e=1,s=13) state_time=1069.9s best_idx=110 sims=11508 N=119 K=4 eta=2051.2s
[done 492/500] thread=11 global_idx=488 (g=8160,e=6,s=13) state_time=1179.6s best_idx=124 sims=12667 N=125 K=4 eta=1819.7s
[done 493/500] thread=7 global_idx=487 (g=3407,e=2,s=12) state_time=1472.6s best_idx=62 sims=22607 N=97 K=4 eta=1589.6s
[done 494/500] thread=9 global_idx=491 (g=4096,e=6,s=12) state_time=1335.4s best_idx=3 sims=22554 N=97 K=4 eta=1362.2s
[done 495/500] thread=0 global_idx=498 (g=8359,e=0,s=13) state_time=902.4s best_idx=18 sims=11032 N=111 K=4 eta=1133.2s
[done 496/500] thread=14 global_idx=493 (g=7433,e=0,s=13) state_time=1296.2s best_idx=10 sims=14819 N=129 K=4 eta=904.8s
[done 497/500] thread=2 global_idx=473 (g=803,e=0,s=9) state_time=3917.0s best_idx=75 sims=65236 N=95 K=4 eta=678.1s
[done 498/500] thread=3 global_idx=494 (g=5784,e=1,s=12) state_time=1364.9s best_idx=40 sims=22476 N=93 K=4 eta=451.2s
[done 499/500] thread=5 global_idx=472 (g=3453,e=4,s=8) state_time=4845.2s best_idx=28 sims=80855 N=87 K=4 eta=226.8s
[done 500/500] thread=8 global_idx=467 (g=6350,e=2,s=6) state_time=5984.6s best_idx=37 sims=108048 N=81 K=4 eta=0.0s

=== Arm done: 500 states in 113445.6s ===
  [csv] wrote 500 records to reinvest_experiment/run500/A5N4/seed_46/reinvest_results.csv
  [csv] wrote 2000 cluster-assign rows to reinvest_experiment/run500/A5N4/seed_46/cluster_table.csv

=== Summary (A5N4) ===
  valid cases        = 500 / 500
  avg actual_sims    = 63050  (min=243, max=193908)
  avg time           = 4032.26s
