game_id,end,shot_num,method,seed,candidate_idx,cluster_id,is_representative,shot_type,label,e_score,e_sd,cluster_value,land_x,land_y,cluster_sd,cluster_value_risk,risk_lambda,rep_rank,rep_visits
2435,0,1,RandomK,45,1,0,1,"Draw","Draw(CCW,TEE)",,,,,,,,0,,
2435,0,1,RandomK,45,2,1,1,"Draw","Draw(CW,S0)",,,,,,,,0,,
2435,0,1,RandomK,45,6,2,1,"Draw","Draw(CW,S4)",,,,,,,,0,,
2435,0,1,RandomK,45,23,3,1,"Draw","Draw(CCW,L6)",,,,,,,,0,,
2435,0,1,RandomK,45,33,4,1,"Hit","Hit(CCW,0,TOUCH)",,,,,,,,0,,
2435,0,1,RandomK,45,34,5,1,"Hit","Hit(CW,0,WEAK)",,,,,,,,0,,
2435,0,1,RandomK,45,38,6,1,"Hit","Hit(CW,0,STRONG)",,,,,,,,0,,
2435,0,1,RandomK,45,39,7,1,"Hit","Hit(CCW,0,STRONG)",,,,,,,,0,,
2435,0,1,RandomK,45,40,8,1,"Freeze","Freeze(CW,0)",,,,,,,,0,,
5303,2,0,RandomK,45,5,0,1,"Draw","Draw(CCW,S2)",,,,,,,,0,,
5303,2,0,RandomK,45,9,1,1,"Draw","Draw(CCW,S6)",,,,,,,,0,,
5303,2,0,RandomK,45,15,2,1,"Draw","Draw(CCW,L2)",,,,,,,,0,,
5303,2,0,RandomK,45,20,3,1,"Draw","Draw(CW,L5)",,,,,,,,0,,
5303,2,0,RandomK,45,23,4,1,"Draw","Draw(CCW,L6)",,,,,,,,0,,
5303,2,0,RandomK,45,27,5,1,"PreGuard","PreGuard(CCW,G3)",,,,,,,,0,,
5303,2,0,RandomK,45,31,6,1,"PreGuard","PreGuard(CCW,G5)",,,,,,,,0,,
284,7,1,RandomK,45,9,0,1,"Draw","Draw(CCW,S6)",,,,,,,,0,,
284,7,1,RandomK,45,13,1,1,"Draw","Draw(CCW,L1)",,,,,,,,0,,
284,7,1,RandomK,45,21,2,1,"Draw","Draw(CCW,L5)",,,,,,,,0,,
284,7,1,RandomK,45,22,3,1,"Draw","Draw(CW,L6)",,,,,,,,0,,
284,7,1,RandomK,45,24,4,1,"Draw","Draw(CW,L7)",,,,,,,,0,,
284,7,1,RandomK,45,27,5,1,"PreGuard","PreGuard(CCW,G3)",,,,,,,,0,,
284,7,1,RandomK,45,28,6,1,"PreGuard","PreGuard(CW,G4)",,,,,,,,0,,
284,7,1,RandomK,45,32,7,1,"PostGuard","PostGuard(CW,1,0)",,,,,,,,0,,
9065,4,0,RandomK,45,3,0,1,"Draw","Draw(CCW,S0)",,,,,,,,0,,
9065,4,0,RandomK,45,14,1,1,"Draw","Draw(CW,L2)",,,,,,,,0,,
9065,4,0,RandomK,45,15,2,1,"Draw","Draw(CCW,L2)",,,,,,,,0,,
9065,4,0,RandomK,45,16,3,1,"Draw","Draw(CW,L3)",,,,,,,,0,,
9065,4,0,RandomK,45,24,4,1,"Draw","Draw(CW,L7)",,,,,,,,0,,
9065,4,0,RandomK,45,30,5,1,"PreGuard","PreGuard(CW,G5)",,,,,,,,0,,
9065,4,0,RandomK,45,32,6,1,"Pass","Pass",,,,,,,,0,,
7579,0,1,RandomK,45,2,0,1,"Draw","Draw(CW,S0)",,,,,,,,0,,
7579,0,1,RandomK,45,3,1,1,"Draw","Draw(CCW,S0)",,,,,,,,0,,
7579,0,1,RandomK,45,12,2,1,"Draw","Draw(CW,L1)",,,,,,,,0,,
7579,0,1,RandomK,45,16,3,1,"Draw","Draw(CW,L3)",,,,,,,,0,,
7579,0,1,RandomK,45,21,4,1,"Draw","Draw(CCW,L5)",,,,,,,,0,,
7579,0,1,RandomK,45,24,5,1,"Draw","Draw(CW,L7)",,,,,,,,0,,
7579,0,1,RandomK,45,34,6,1,"Hit","Hit(CW,0,WEAK)",,,,,,,,0,,
7579,0,1,RandomK,45,35,7,1,"Hit","Hit(CCW,0,WEAK)",,,,,,,,0,,
7579,0,1,RandomK,45,42,8,1,"Pass","Pass",,,,,,,,0,,
5445,5,1,RandomK,45,4,0,1,"Draw","Draw(CW,S2)",,,,,,,,0,,
5445,5,1,RandomK,45,6,1,1,"Draw","Draw(CW,S4)",,,,,,,,0,,
5445,5,1,RandomK,45,9,2,1,"Draw","Draw(CCW,S6)",,,,,,,,0,,
5445,5,1,RandomK,45,21,3,1,"Draw","Draw(CCW,L5)",,,,,,,,0,,
5445,5,1,RandomK,45,25,4,1,"Draw","Draw(CCW,L7)",,,,,,,,0,,
5445,5,1,RandomK,45,29,5,1,"PreGuard","PreGuard(CCW,G4)",,,,,,,,0,,
5445,5,1,RandomK,45,34,6,1,"PostGuard","PostGuard(CW,1,1)",,,,,,,,0,,
5445,5,1,RandomK,45,38,7,1,"Pass","Pass",,,,,,,,0,,
9428,3,0,RandomK,45,2,0,1,"Draw","Draw(CW,S0)",,,,,,,,0,,
9428,3,0,RandomK,45,7,1,1,"Draw","Draw(CCW,S4)",,,,,,,,0,,
9428,3,0,RandomK,45,14,2,1,"Draw","Draw(CW,L2)",,,,,,,,0,,
9428,3,0,RandomK,45,20,3,1,"Draw","Draw(CW,L5)",,,,,,,,0,,
9428,3,0,RandomK,45,22,4,1,"Draw","Draw(CW,L6)",,,,,,,,0,,
9428,3,0,RandomK,45,25,5,1,"Draw","Draw(CCW,L7)",,,,,,,,0,,
9428,3,0,RandomK,45,29,6,1,"PreGuard","PreGuard(CCW,G4)",,,,,,,,0,,
7300,3,0,RandomK,45,0,0,1,"Draw","Draw(CW,TEE)",,,,,,,,0,,
7300,3,0,RandomK,45,5,1,1,"Draw","Draw(CCW,S2)",,,,,,,,0,,
7300,3,0,RandomK,45,7,2,1,"Draw","Draw(CCW,S4)",,,,,,,,0,,
7300,3,0,RandomK,45,14,3,1,"Draw","Draw(CW,L2)",,,,,,,,0,,
7300,3,0,RandomK,45,20,4,1,"Draw","Draw(CW,L5)",,,,,,,,0,,
7300,3,0,RandomK,45,21,5,1,"Draw","Draw(CCW,L5)",,,,,,,,0,,
7300,3,0,RandomK,45,29,6,1,"PreGuard","PreGuard(CCW,G4)",,,,,,,,0,,
8156,1,1,RandomK,45,8,0,1,"Draw","Draw(CW,S6)",,,,,,,,0,,
8156,1,1,RandomK,45,10,1,1,"Draw","Draw(CW,L0)",,,,,,,,0,,
8156,1,1,RandomK,45,19,2,1,"Draw","Draw(CCW,L4)",,,,,,,,0,,
8156,1,1,RandomK,45,22,3,1,"Draw","Draw(CW,L6)",,,,,,,,0,,
8156,1,1,RandomK,45,25,4,1,"Draw","Draw(CCW,L7)",,,,,,,,0,,
8156,1,1,RandomK,45,30,5,1,"PreGuard","PreGuard(CW,G5)",,,,,,,,0,,
8156,1,1,RandomK,45,35,6,1,"PostGuard","PostGuard(CCW,1,1)",,,,,,,,0,,
8156,1,1,RandomK,45,37,7,1,"PostGuard","PostGuard(CCW,1,2)",,,,,,,,0,,
8701,2,0,RandomK,45,1,0,1,"Draw","Draw(CCW,TEE)",,,,,,,,0,,
8701,2,0,RandomK,45,3,1,1,"Draw","Draw(CCW,S0)",,,,,,,,0,,
8701,2,0,RandomK,45,5,2,1,"Draw","Draw(CCW,S2)",,,,,,,,0,,
8701,2,0,RandomK,45,17,3,1,"Draw","Draw(CCW,L3)",,,,,,,,0,,
8701,2,0,RandomK,45,29,4,1,"PreGuard","PreGuard(CCW,G4)",,,,,,,,0,,
8701,2,0,RandomK,45,30,5,1,"PreGuard","PreGuard(CW,G5)",,,,,,,,0,,
8701,2,0,RandomK,45,32,6,1,"Pass","Pass",,,,,,,,0,,
1998,7,0,RandomK,45,0,0,1,"Draw","Draw(CW,TEE)",,,,,,,,0,,
1998,7,0,RandomK,45,6,1,1,"Draw","Draw(CW,S4)",,,,,,,,0,,
1998,7,0,RandomK,45,8,2,1,"Draw","Draw(CW,S6)",,,,,,,,0,,
1998,7,0,RandomK,45,16,3,1,"Draw","Draw(CW,L3)",,,,,,,,0,,
1998,7,0,RandomK,45,17,4,1,"Draw","Draw(CCW,L3)",,,,,,,,0,,
1998,7,0,RandomK,45,19,5,1,"Draw","Draw(CCW,L4)",,,,,,,,0,,
1998,7,0,RandomK,45,26,6,1,"PreGuard","PreGuard(CW,G3)",,,,,,,,0,,
2643,7,1,RandomK,45,0,0,1,"Draw","Draw(CW,TEE)",,,,,,,,0,,
2643,7,1,RandomK,45,2,1,1,"Draw","Draw(CW,S0)",,,,,,,,0,,
2643,7,1,RandomK,45,6,2,1,"Draw","Draw(CW,S4)",,,,,,,,0,,
2643,7,1,RandomK,45,10,3,1,"Draw","Draw(CW,L0)",,,,,,,,0,,
2643,7,1,RandomK,45,11,4,1,"Draw","Draw(CCW,L0)",,,,,,,,0,,
2643,7,1,RandomK,45,25,5,1,"Draw","Draw(CCW,L7)",,,,,,,,0,,
2643,7,1,RandomK,45,32,6,1,"Hit","Hit(CW,0,TOUCH)",,,,,,,,0,,
2643,7,1,RandomK,45,35,7,1,"Hit","Hit(CCW,0,WEAK)",,,,,,,,0,,
2643,7,1,RandomK,45,39,8,1,"Hit","Hit(CCW,0,STRONG)",,,,,,,,0,,
4833,5,0,RandomK,45,2,0,1,"Draw","Draw(CW,S0)",,,,,,,,0,,
4833,5,0,RandomK,45,7,1,1,"Draw","Draw(CCW,S4)",,,,,,,,0,,
4833,5,0,RandomK,45,8,2,1,"Draw","Draw(CW,S6)",,,,,,,,0,,
4833,5,0,RandomK,45,13,3,1,"Draw","Draw(CCW,L1)",,,,,,,,0,,
4833,5,0,RandomK,45,15,4,1,"Draw","Draw(CCW,L2)",,,,,,,,0,,
4833,5,0,RandomK,45,20,5,1,"Draw","Draw(CW,L5)",,,,,,,,0,,
4833,5,0,RandomK,45,23,6,1,"Draw","Draw(CCW,L6)",,,,,,,,0,,
6085,3,0,RandomK,45,0,0,1,"Draw","Draw(CW,TEE)",,,,,,,,0,,
6085,3,0,RandomK,45,3,1,1,"Draw","Draw(CCW,S0)",,,,,,,,0,,
6085,3,0,RandomK,45,4,2,1,"Draw","Draw(CW,S2)",,,,,,,,0,,
6085,3,0,RandomK,45,5,3,1,"Draw","Draw(CCW,S2)",,,,,,,,0,,
6085,3,0,RandomK,45,19,4,1,"Draw","Draw(CCW,L4)",,,,,,,,0,,
6085,3,0,RandomK,45,26,5,1,"PreGuard","PreGuard(CW,G3)",,,,,,,,0,,
6085,3,0,RandomK,45,28,6,1,"PreGuard","PreGuard(CW,G4)",,,,,,,,0,,
3377,1,1,RandomK,45,6,0,1,"Draw","Draw(CW,S4)",,,,,,,,0,,
3377,1,1,RandomK,45,15,1,1,"Draw","Draw(CCW,L2)",,,,,,,,0,,
3377,1,1,RandomK,45,18,2,1,"Draw","Draw(CW,L4)",,,,,,,,0,,
3377,1,1,RandomK,45,19,3,1,"Draw","Draw(CCW,L4)",,,,,,,,0,,
3377,1,1,RandomK,45,25,4,1,"Draw","Draw(CCW,L7)",,,,,,,,0,,
3377,1,1,RandomK,45,30,5,1,"PreGuard","PreGuard(CW,G5)",,,,,,,,0,,
3377,1,1,RandomK,45,32,6,1,"PostGuard","PostGuard(CW,1,0)",,,,,,,,0,,
3377,1,1,RandomK,45,35,7,1,"PostGuard","PostGuard(CCW,1,1)",,,,,,,,0,,
3950,3,1,RandomK,45,4,0,1,"Draw","Draw(CW,S2)",,,,,,,,0,,
3950,3,1,RandomK,45,14,1,1,"Draw","Draw(CW,L2)",,,,,,,,0,,
3950,3,1,RandomK,45,15,2,1,"Draw","Draw(CCW,L2)",,,,,,,,0,,
3950,3,1,RandomK,45,19,3,1,"Draw","Draw(CCW,L4)",,,,,,,,0,,
3950,3,1,RandomK,45,21,4,1,"Draw","Draw(CCW,L5)",,,,,,,,0,,
3950,3,1,RandomK,45,35,5,1,"Hit","Hit(CCW,0,WEAK)",,,,,,,,0,,
3950,3,1,RandomK,45,36,6,1,"Hit","Hit(CW,0,MIDDLE)",,,,,,,,0,,
3950,3,1,RandomK,45,41,7,1,"Freeze","Freeze(CCW,0)",,,,,,,,0,,
3950,3,1,RandomK,45,42,8,1,"Pass","Pass",,,,,,,,0,,
5322,5,0,RandomK,45,1,0,1,"Draw","Draw(CCW,TEE)",,,,,,,,0,,
5322,5,0,RandomK,45,2,1,1,"Draw","Draw(CW,S0)",,,,,,,,0,,
5322,5,0,RandomK,45,5,2,1,"Draw","Draw(CCW,S2)",,,,,,,,0,,
5322,5,0,RandomK,45,6,3,1,"Draw","Draw(CW,S4)",,,,,,,,0,,
5322,5,0,RandomK,45,10,4,1,"Draw","Draw(CW,L0)",,,,,,,,0,,
5322,5,0,RandomK,45,12,5,1,"Draw","Draw(CW,L1)",,,,,,,,0,,
5322,5,0,RandomK,45,20,6,1,"Draw","Draw(CW,L5)",,,,,,,,0,,
6603,4,0,RandomK,45,0,0,1,"Draw","Draw(CW,TEE)",,,,,,,,0,,
6603,4,0,RandomK,45,1,1,1,"Draw","Draw(CCW,TEE)",,,,,,,,0,,
6603,4,0,RandomK,45,3,2,1,"Draw","Draw(CCW,S0)",,,,,,,,0,,
6603,4,0,RandomK,45,13,3,1,"Draw","Draw(CCW,L1)",,,,,,,,0,,
6603,4,0,RandomK,45,24,4,1,"Draw","Draw(CW,L7)",,,,,,,,0,,
6603,4,0,RandomK,45,27,5,1,"PreGuard","PreGuard(CCW,G3)",,,,,,,,0,,
6603,4,0,RandomK,45,30,6,1,"PreGuard","PreGuard(CW,G5)",,,,,,,,0,,
6821,4,0,RandomK,45,8,0,1,"Draw","Draw(CW,S6)",,,,,,,,0,,
6821,4,0,RandomK,45,14,1,1,"Draw","Draw(CW,L2)",,,,,,,,0,,
6821,4,0,RandomK,45,16,2,1,"Draw","Draw(CW,L3)",,,,,,,,0,,
6821,4,0,RandomK,45,17,3,1,"Draw","Draw(CCW,L3)",,,,,,,,0,,
6821,4,0,RandomK,45,23,4,1,"Draw","Draw(CCW,L6)",,,,,,,,0,,
6821,4,0,RandomK,45,26,5,1,"PreGuard","PreGuard(CW,G3)",,,,,,,,0,,
6821,4,0,RandomK,45,27,6,1,"PreGuard","PreGuard(CCW,G3)",,,,,,,,0,,
4552,4,0,RandomK,45,1,0,1,"Draw","Draw(CCW,TEE)",,,,,,,,0,,
4552,4,0,RandomK,45,3,1,1,"Draw","Draw(CCW,S0)",,,,,,,,0,,
4552,4,0,RandomK,45,9,2,1,"Draw","Draw(CCW,S6)",,,,,,,,0,,
4552,4,0,RandomK,45,11,3,1,"Draw","Draw(CCW,L0)",,,,,,,,0,,
4552,4,0,RandomK,45,18,4,1,"Draw","Draw(CW,L4)",,,,,,,,0,,
4552,4,0,RandomK,45,20,5,1,"Draw","Draw(CW,L5)",,,,,,,,0,,
4552,4,0,RandomK,45,32,6,1,"Pass","Pass",,,,,,,,0,,
1532,3,1,RandomK,45,3,0,1,"Draw","Draw(CCW,S0)",,,,,,,,0,,
1532,3,1,RandomK,45,13,1,1,"Draw","Draw(CCW,L1)",,,,,,,,0,,
1532,3,1,RandomK,45,17,2,1,"Draw","Draw(CCW,L3)",,,,,,,,0,,
1532,3,1,RandomK,45,20,3,1,"Draw","Draw(CW,L5)",,,,,,,,0,,
1532,3,1,RandomK,45,21,4,1,"Draw","Draw(CCW,L5)",,,,,,,,0,,
1532,3,1,RandomK,45,23,5,1,"Draw","Draw(CCW,L6)",,,,,,,,0,,
1532,3,1,RandomK,45,32,6,1,"Hit","Hit(CW,0,TOUCH)",,,,,,,,0,,
1532,3,1,RandomK,45,34,7,1,"Hit","Hit(CW,0,WEAK)",,,,,,,,0,,
1532,3,1,RandomK,45,41,8,1,"Freeze","Freeze(CCW,0)",,,,,,,,0,,
5154,6,1,RandomK,45,1,0,1,"Draw","Draw(CCW,TEE)",,,,,,,,0,,
5154,6,1,RandomK,45,4,1,1,"Draw","Draw(CW,S2)",,,,,,,,0,,
5154,6,1,RandomK,45,9,2,1,"Draw","Draw(CCW,S6)",,,,,,,,0,,
5154,6,1,RandomK,45,14,3,1,"Draw","Draw(CW,L2)",,,,,,,,0,,
5154,6,1,RandomK,45,19,4,1,"Draw","Draw(CCW,L4)",,,,,,,,0,,
5154,6,1,RandomK,45,22,5,1,"Draw","Draw(CW,L6)",,,,,,,,0,,
5154,6,1,RandomK,45,24,6,1,"Draw","Draw(CW,L7)",,,,,,,,0,,
5154,6,1,RandomK,45,28,7,1,"PreGuard","PreGuard(CW,G4)",,,,,,,,0,,
5154,6,1,RandomK,45,39,8,1,"Hit","Hit(CCW,0,STRONG)",,,,,,,,0,,
3082,0,2,RandomK,45,0,0,1,"Draw","Draw(CW,TEE)",,,,,,,,0,,
3082,0,2,RandomK,45,1,1,1,"Draw","Draw(CCW,TEE)",,,,,,,,0,,
3082,0,2,RandomK,45,2,2,1,"Draw","Draw(CW,S0)",,,,,,,,0,,
3082,0,2,RandomK,45,7,3,1,"Draw","Draw(CCW,S4)",,,,,,,,0,,
3082,0,2,RandomK,45,15,4,1,"Draw","Draw(CCW,L2)",,,,,,,,0,,
3082,0,2,RandomK,45,22,5,1,"Draw","Draw(CW,L6)",,,,,,,,0,,
3082,0,2,RandomK,45,26,6,1,"PreGuard","PreGuard(CW,G3)",,,,,,,,0,,
4716,7,3,RandomK,45,2,0,1,"Draw","Draw(CW,S0)",,,,,,,,0,,
4716,7,3,RandomK,45,7,1,1,"Draw","Draw(CCW,S4)",,,,,,,,0,,
4716,7,3,RandomK,45,10,2,1,"Draw","Draw(CW,L0)",,,,,,,,0,,
4716,7,3,RandomK,45,14,3,1,"Draw","Draw(CW,L2)",,,,,,,,0,,
4716,7,3,RandomK,45,22,4,1,"Draw","Draw(CW,L6)",,,,,,,,0,,
4716,7,3,RandomK,45,27,5,1,"PreGuard","PreGuard(CCW,G3)",,,,,,,,0,,
4716,7,3,RandomK,45,29,6,1,"PreGuard","PreGuard(CCW,G4)",,,,,,,,0,,
2732,2,0,RandomK,45,3,0,1,"Draw","Draw(CCW,S0)",,,,,,,,0,,
2732,2,0,RandomK,45,7,1,1,"Draw","Draw(CCW,S4)",,,,,,,,0,,
2732,2,0,RandomK,45,11,2,1,"Draw","Draw(CCW,L0)",,,,,,,,0,,
2732,2,0,RandomK,45,18,3,1,"Draw","Draw(CW,L4)",,,,,,,,0,,
2732,2,0,RandomK,45,19,4,1,"Draw","Draw(CCW,L4)",,,,,,,,0,,
2732,2,0,RandomK,45,26,5,1,"PreGuard","PreGuard(CW,G3)",,,,,,,,0,,
2732,2,0,RandomK,45,30,6,1,"PreGuard","PreGuard(CW,G5)",,,,,,,,0,,
7051,7,1,RandomK,45,3,0,1,"Draw","Draw(CCW,S0)",,,,,,,,0,,
7051,7,1,RandomK,45,9,1,1,"Draw","Draw(CCW,S6)",,,,,,,,0,,
7051,7,1,RandomK,45,10,2,1,"Draw","Draw(CW,L0)",,,,,,,,0,,
7051,7,1,RandomK,45,19,3,1,"Draw","Draw(CCW,L4)",,,,,,,,0,,
7051,7,1,RandomK,45,20,4,1,"Draw","Draw(CW,L5)",,,,,,,,0,,
7051,7,1,RandomK,45,22,5,1,"Draw","Draw(CW,L6)",,,,,,,,0,,
7051,7,1,RandomK,45,25,6,1,"Draw","Draw(CCW,L7)",,,,,,,,0,,
7051,7,1,RandomK,45,28,7,1,"PreGuard","PreGuard(CW,G4)",,,,,,,,0,,
7051,7,1,RandomK,45,37,8,1,"Hit","Hit(CCW,0,MIDDLE)",,,,,,,,0,,
5470,0,1,RandomK,45,1,0,1,"Draw","Draw(CCW,TEE)",,,,,,,,0,,
5470,0,1,RandomK,45,3,1,1,"Draw","Draw(CCW,S0)",,,,,,,,0,,
5470,0,1,RandomK,45,17,2,1,"Draw","Draw(CCW,L3)",,,,,,,,0,,
5470,0,1,RandomK,45,21,3,1,"Draw","Draw(CCW,L5)",,,,,,,,0,,
5470,0,1,RandomK,45,26,4,1,"PreGuard","PreGuard(CW,G3)",,,,,,,,0,,
5470,0,1,RandomK,45,27,5,1,"PreGuard","PreGuard(CCW,G3)",,,,,,,,0,,
5470,0,1,RandomK,45,30,6,1,"PreGuard","PreGuard(CW,G5)",,,,,,,,0,,
5470,0,1,RandomK,45,35,7,1,"Hit","Hit(CCW,0,WEAK)",,,,,,,,0,,
5470,0,1,RandomK,45,37,8,1,"Hit","Hit(CCW,0,MIDDLE)",,,,,,,,0,,
7590,3,1,RandomK,45,1,0,1,"Draw","Draw(CCW,TEE)",,,,,,,,0,,
7590,3,1,RandomK,45,3,1,1,"Draw","Draw(CCW,S0)",,,,,,,,0,,
7590,3,1,RandomK,45,8,2,1,"Draw","Draw(CW,S6)",,,,,,,,0,,
7590,3,1,RandomK,45,20,3,1,"Draw","Draw(CW,L5)",,,,,,,,0,,
7590,3,1,RandomK,45,23,4,1,"Draw","Draw(CCW,L6)",,,,,,,,0,,
7590,3,1,RandomK,45,25,5,1,"Draw","Draw(CCW,L7)",,,,,,,,0,,
7590,3,1,RandomK,45,33,6,1,"Hit","Hit(CCW,0,TOUCH)",,,,,,,,0,,
7590,3,1,RandomK,45,34,7,1,"Hit","Hit(CW,0,WEAK)",,,,,,,,0,,
7590,3,1,RandomK,45,37,8,1,"Hit","Hit(CCW,0,MIDDLE)",,,,,,,,0,,
3383,6,0,RandomK,45,10,0,1,"Draw","Draw(CW,L0)",,,,,,,,0,,
3383,6,0,RandomK,45,13,1,1,"Draw","Draw(CCW,L1)",,,,,,,,0,,
3383,6,0,RandomK,45,16,2,1,"Draw","Draw(CW,L3)",,,,,,,,0,,
3383,6,0,RandomK,45,17,3,1,"Draw","Draw(CCW,L3)",,,,,,,,0,,
3383,6,0,RandomK,45,21,4,1,"Draw","Draw(CCW,L5)",,,,,,,,0,,
3383,6,0,RandomK,45,25,5,1,"Draw","Draw(CCW,L7)",,,,,,,,0,,
3383,6,0,RandomK,45,31,6,1,"PreGuard","PreGuard(CCW,G5)",,,,,,,,0,,
1327,5,1,RandomK,45,5,0,1,"Draw","Draw(CCW,S2)",,,,,,,,0,,
1327,5,1,RandomK,45,8,1,1,"Draw","Draw(CW,S6)",,,,,,,,0,,
1327,5,1,RandomK,45,10,2,1,"Draw","Draw(CW,L0)",,,,,,,,0,,
1327,5,1,RandomK,45,11,3,1,"Draw","Draw(CCW,L0)",,,,,,,,0,,
1327,5,1,RandomK,45,13,4,1,"Draw","Draw(CCW,L1)",,,,,,,,0,,
1327,5,1,RandomK,45,26,5,1,"PreGuard","PreGuard(CW,G3)",,,,,,,,0,,
1327,5,1,RandomK,45,32,6,1,"Hit","Hit(CW,0,TOUCH)",,,,,,,,0,,
1327,5,1,RandomK,45,36,7,1,"Hit","Hit(CW,0,MIDDLE)",,,,,,,,0,,
1327,5,1,RandomK,45,37,8,1,"Hit","Hit(CCW,0,MIDDLE)",,,,,,,,0,,
2213,0,1,RandomK,45,7,0,1,"Draw","Draw(CCW,S4)",,,,,,,,0,,
2213,0,1,RandomK,45,11,1,1,"Draw","Draw(CCW,L0)",,,,,,,,0,,
2213,0,1,RandomK,45,15,2,1,"Draw","Draw(CCW,L2)",,,,,,,,0,,
2213,0,1,RandomK,45,16,3,1,"Draw","Draw(CW,L3)",,,,,,,,0,,
2213,0,1,RandomK,45,20,4,1,"Draw","Draw(CW,L5)",,,,,,,,0,,
2213,0,1,RandomK,45,23,5,1,"Draw","Draw(CCW,L6)",,,,,,,,0,,
2213,0,1,RandomK,45,30,6,1,"PreGuard","PreGuard(CW,G5)",,,,,,,,0,,
2213,0,1,RandomK,45,32,7,1,"Hit","Hit(CW,0,TOUCH)",,,,,,,,0,,
2213,0,1,RandomK,45,40,8,1,"Freeze","Freeze(CW,0)",,,,,,,,0,,
9526,7,1,RandomK,45,12,0,1,"Draw","Draw(CW,L1)",,,,,,,,0,,
9526,7,1,RandomK,45,13,1,1,"Draw","Draw(CCW,L1)",,,,,,,,0,,
9526,7,1,RandomK,45,22,2,1,"Draw","Draw(CW,L6)",,,,,,,,0,,
9526,7,1,RandomK,45,23,3,1,"Draw","Draw(CCW,L6)",,,,,,,,0,,
9526,7,1,RandomK,45,34,4,1,"Hit","Hit(CW,0,WEAK)",,,,,,,,0,,
9526,7,1,RandomK,45,36,5,1,"Hit","Hit(CW,0,MIDDLE)",,,,,,,,0,,
9526,7,1,RandomK,45,38,6,1,"Hit","Hit(CW,0,STRONG)",,,,,,,,0,,
9526,7,1,RandomK,45,40,7,1,"Freeze","Freeze(CW,0)",,,,,,,,0,,
9526,7,1,RandomK,45,41,8,1,"Freeze","Freeze(CCW,0)",,,,,,,,0,,
9585,2,0,RandomK,45,1,0,1,"Draw","Draw(CCW,TEE)",,,,,,,,0,,
9585,2,0,RandomK,45,8,1,1,"Draw","Draw(CW,S6)",,,,,,,,0,,
9585,2,0,RandomK,45,9,2,1,"Draw","Draw(CCW,S6)",,,,,,,,0,,
9585,2,0,RandomK,45,11,3,1,"Draw","Draw(CCW,L0)",,,,,,,,0,,
9585,2,0,RandomK,45,14,4,1,"Draw","Draw(CW,L2)",,,,,,,,0,,
9585,2,0,RandomK,45,23,5,1,"Draw","Draw(CCW,L6)",,,,,,,,0,,
9585,2,0,RandomK,45,27,6,1,"PreGuard","PreGuard(CCW,G3)",,,,,,,,0,,
2126,6,1,RandomK,45,2,0,1,"Draw","Draw(CW,S0)",,,,,,,,0,,
2126,6,1,RandomK,45,6,1,1,"Draw","Draw(CW,S4)",,,,,,,,0,,
2126,6,1,RandomK,45,12,2,1,"Draw","Draw(CW,L1)",,,,,,,,0,,
2126,6,1,RandomK,45,14,3,1,"Draw","Draw(CW,L2)",,,,,,,,0,,
2126,6,1,RandomK,45,17,4,1,"Draw","Draw(CCW,L3)",,,,,,,,0,,
2126,6,1,RandomK,45,19,5,1,"Draw","Draw(CCW,L4)",,,,,,,,0,,
2126,6,1,RandomK,45,23,6,1,"Draw","Draw(CCW,L6)",,,,,,,,0,,
2126,6,1,RandomK,45,30,7,1,"PreGuard","PreGuard(CW,G5)",,,,,,,,0,,
2126,6,1,RandomK,45,33,8,1,"Hit","Hit(CCW,0,TOUCH)",,,,,,,,0,,
5349,1,1,RandomK,45,0,0,1,"Draw","Draw(CW,TEE)",,,,,,,,0,,
5349,1,1,RandomK,45,12,1,1,"Draw","Draw(CW,L1)",,,,,,,,0,,
5349,1,1,RandomK,45,21,2,1,"Draw","Draw(CCW,L5)",,,,,,,,0,,
5349,1,1,RandomK,45,23,3,1,"Draw","Draw(CCW,L6)",,,,,,,,0,,
5349,1,1,RandomK,45,25,4,1,"Draw","Draw(CCW,L7)",,,,,,,,0,,
5349,1,1,RandomK,45,32,5,1,"PostGuard","PostGuard(CW,1,0)",,,,,,,,0,,
5349,1,1,RandomK,45,36,6,1,"PostGuard","PostGuard(CW,1,2)",,,,,,,,0,,
5349,1,1,RandomK,45,38,7,1,"Pass","Pass",,,,,,,,0,,
7511,4,0,RandomK,45,12,0,1,"Draw","Draw(CW,L1)",,,,,,,,0,,
7511,4,0,RandomK,45,13,1,1,"Draw","Draw(CCW,L1)",,,,,,,,0,,
7511,4,0,RandomK,45,15,2,1,"Draw","Draw(CCW,L2)",,,,,,,,0,,
7511,4,0,RandomK,45,23,3,1,"Draw","Draw(CCW,L6)",,,,,,,,0,,
7511,4,0,RandomK,45,26,4,1,"PreGuard","PreGuard(CW,G3)",,,,,,,,0,,
7511,4,0,RandomK,45,28,5,1,"PreGuard","PreGuard(CW,G4)",,,,,,,,0,,
7511,4,0,RandomK,45,30,6,1,"PreGuard","PreGuard(CW,G5)",,,,,,,,0,,
6560,1,0,RandomK,45,5,0,1,"Draw","Draw(CCW,S2)",,,,,,,,0,,
6560,1,0,RandomK,45,10,1,1,"Draw","Draw(CW,L0)",,,,,,,,0,,
6560,1,0,RandomK,45,14,2,1,"Draw","Draw(CW,L2)",,,,,,,,0,,
6560,1,0,RandomK,45,16,3,1,"Draw","Draw(CW,L3)",,,,,,,,0,,
6560,1,0,RandomK,45,17,4,1,"Draw","Draw(CCW,L3)",,,,,,,,0,,
6560,1,0,RandomK,45,27,5,1,"PreGuard","PreGuard(CCW,G3)",,,,,,,,0,,
6560,1,0,RandomK,45,28,6,1,"PreGuard","PreGuard(CW,G4)",,,,,,,,0,,
2296,1,3,RandomK,45,2,0,1,"Draw","Draw(CW,S0)",,,,,,,,0,,
2296,1,3,RandomK,45,4,1,1,"Draw","Draw(CW,S2)",,,,,,,,0,,
2296,1,3,RandomK,45,18,2,1,"Draw","Draw(CW,L4)",,,,,,,,0,,
2296,1,3,RandomK,45,29,3,1,"PreGuard","PreGuard(CCW,G4)",,,,,,,,0,,
2296,1,3,RandomK,45,31,4,1,"PreGuard","PreGuard(CCW,G5)",,,,,,,,0,,
2296,1,3,RandomK,45,32,5,1,"Hit","Hit(CW,2,TOUCH)",,,,,,,,0,,
2296,1,3,RandomK,45,33,6,1,"Hit","Hit(CCW,2,TOUCH)",,,,,,,,0,,
2296,1,3,RandomK,45,35,7,1,"Hit","Hit(CCW,2,WEAK)",,,,,,,,0,,
2296,1,3,RandomK,45,41,8,1,"Freeze","Freeze(CCW,2)",,,,,,,,0,,
2227,1,0,RandomK,45,0,0,1,"Draw","Draw(CW,TEE)",,,,,,,,0,,
2227,1,0,RandomK,45,3,1,1,"Draw","Draw(CCW,S0)",,,,,,,,0,,
2227,1,0,RandomK,45,21,2,1,"Draw","Draw(CCW,L5)",,,,,,,,0,,
2227,1,0,RandomK,45,25,3,1,"Draw","Draw(CCW,L7)",,,,,,,,0,,
2227,1,0,RandomK,45,27,4,1,"PreGuard","PreGuard(CCW,G3)",,,,,,,,0,,
2227,1,0,RandomK,45,30,5,1,"PreGuard","PreGuard(CW,G5)",,,,,,,,0,,
2227,1,0,RandomK,45,32,6,1,"Pass","Pass",,,,,,,,0,,
1846,0,0,RandomK,45,7,0,1,"Draw","Draw(CCW,S4)",,,,,,,,0,,
1846,0,0,RandomK,45,9,1,1,"Draw","Draw(CCW,S6)",,,,,,,,0,,
1846,0,0,RandomK,45,11,2,1,"Draw","Draw(CCW,L0)",,,,,,,,0,,
1846,0,0,RandomK,45,13,3,1,"Draw","Draw(CCW,L1)",,,,,,,,0,,
1846,0,0,RandomK,45,25,4,1,"Draw","Draw(CCW,L7)",,,,,,,,0,,
1846,0,0,RandomK,45,28,5,1,"PreGuard","PreGuard(CW,G4)",,,,,,,,0,,
1846,0,0,RandomK,45,29,6,1,"PreGuard","PreGuard(CCW,G4)",,,,,,,,0,,
7360,0,2,RandomK,45,6,0,1,"Draw","Draw(CW,S4)",,,,,,,,0,,
7360,0,2,RandomK,45,7,1,1,"Draw","Draw(CCW,S4)",,,,,,,,0,,
7360,0,2,RandomK,45,14,2,1,"Draw","Draw(CW,L2)",,,,,,,,0,,
7360,0,2,RandomK,45,28,3,1,"PreGuard","PreGuard(CW,G4)",,,,,,,,0,,
7360,0,2,RandomK,45,30,4,1,"PreGuard","PreGuard(CW,G5)",,,,,,,,0,,
7360,0,2,RandomK,45,31,5,1,"PreGuard","PreGuard(CCW,G5)",,,,,,,,0,,
7360,0,2,RandomK,45,40,6,1,"Freeze","Freeze(CW,1)",,,,,,,,0,,
7360,0,2,RandomK,45,41,7,1,"Freeze","Freeze(CCW,1)",,,,,,,,0,,
7360,0,2,RandomK,45,46,8,1,"PostGuard","PostGuard(CW,0,2)",,,,,,,,0,,
7360,0,2,RandomK,45,48,9,1,"Pass","Pass",,,,,,,,0,,
2359,1,2,RandomK,45,1,0,1,"Draw","Draw(CCW,TEE)",,,,,,,,0,,
2359,1,2,RandomK,45,7,1,1,"Draw","Draw(CCW,S4)",,,,,,,,0,,
2359,1,2,RandomK,45,11,2,1,"Draw","Draw(CCW,L0)",,,,,,,,0,,
2359,1,2,RandomK,45,13,3,1,"Draw","Draw(CCW,L1)",,,,,,,,0,,
2359,1,2,RandomK,45,18,4,1,"Draw","Draw(CW,L4)",,,,,,,,0,,
2359,1,2,RandomK,45,26,5,1,"PreGuard","PreGuard(CW,G3)",,,,,,,,0,,
2359,1,2,RandomK,45,27,6,1,"PreGuard","PreGuard(CCW,G3)",,,,,,,,0,,
2359,1,2,RandomK,45,33,7,1,"Hit","Hit(CCW,1,TOUCH)",,,,,,,,0,,
2359,1,2,RandomK,45,35,8,1,"Hit","Hit(CCW,1,WEAK)",,,,,,,,0,,
2359,1,2,RandomK,45,46,9,1,"PostGuard","PostGuard(CW,0,2)",,,,,,,,0,,
9378,6,5,RandomK,45,0,0,1,"Draw","Draw(CW,TEE)",,,,,,,,0,,
9378,6,5,RandomK,45,8,1,1,"Draw","Draw(CW,S6)",,,,,,,,0,,
9378,6,5,RandomK,45,10,2,1,"Draw","Draw(CW,L0)",,,,,,,,0,,
9378,6,5,RandomK,45,11,3,1,"Draw","Draw(CCW,L0)",,,,,,,,0,,
9378,6,5,RandomK,45,13,4,1,"Draw","Draw(CCW,L1)",,,,,,,,0,,
9378,6,5,RandomK,45,15,5,1,"Draw","Draw(CCW,L2)",,,,,,,,0,,
9378,6,5,RandomK,45,17,6,1,"Draw","Draw(CCW,L3)",,,,,,,,0,,
9378,6,5,RandomK,45,18,7,1,"Draw","Draw(CW,L4)",,,,,,,,0,,
9378,6,5,RandomK,45,30,8,1,"PreGuard","PreGuard(CW,G5)",,,,,,,,0,,
9378,6,5,RandomK,45,42,9,1,"Hit","Hit(CW,4,TOUCH)",,,,,,,,0,,
9378,6,5,RandomK,45,49,10,1,"Hit","Hit(CCW,4,STRONG)",,,,,,,,0,,
1936,0,4,RandomK,45,8,0,1,"Draw","Draw(CW,S6)",,,,,,,,0,,
1936,0,4,RandomK,45,9,1,1,"Draw","Draw(CCW,S6)",,,,,,,,0,,
1936,0,4,RandomK,45,12,2,1,"Draw","Draw(CW,L1)",,,,,,,,0,,
1936,0,4,RandomK,45,23,3,1,"Draw","Draw(CCW,L6)",,,,,,,,0,,
1936,0,4,RandomK,45,27,4,1,"PreGuard","PreGuard(CCW,G3)",,,,,,,,0,,
1936,0,4,RandomK,45,31,5,1,"PreGuard","PreGuard(CCW,G5)",,,,,,,,0,,
1936,0,4,RandomK,45,38,6,1,"Hit","Hit(CW,3,STRONG)",,,,,,,,0,,
1936,0,4,RandomK,45,39,7,1,"Hit","Hit(CCW,3,STRONG)",,,,,,,,0,,
1936,0,4,RandomK,45,41,8,1,"Freeze","Freeze(CCW,3)",,,,,,,,0,,
1936,0,4,RandomK,45,45,9,1,"PostGuard","PostGuard(CCW,2,1)",,,,,,,,0,,
2919,3,5,RandomK,45,0,0,1,"Draw","Draw(CW,TEE)",,,,,,,,0,,
2919,3,5,RandomK,45,9,1,1,"Draw","Draw(CCW,S6)",,,,,,,,0,,
2919,3,5,RandomK,45,14,2,1,"Draw","Draw(CW,L2)",,,,,,,,0,,
2919,3,5,RandomK,45,15,3,1,"Draw","Draw(CCW,L2)",,,,,,,,0,,
2919,3,5,RandomK,45,17,4,1,"Draw","Draw(CCW,L3)",,,,,,,,0,,
2919,3,5,RandomK,45,21,5,1,"Draw","Draw(CCW,L5)",,,,,,,,0,,
2919,3,5,RandomK,45,23,6,1,"Draw","Draw(CCW,L6)",,,,,,,,0,,
2919,3,5,RandomK,45,28,7,1,"PreGuard","PreGuard(CW,G4)",,,,,,,,0,,
2919,3,5,RandomK,45,29,8,1,"PreGuard","PreGuard(CCW,G4)",,,,,,,,0,,
2919,3,5,RandomK,45,45,9,1,"Hit","Hit(CCW,4,WEAK)",,,,,,,,0,,
2919,3,5,RandomK,45,46,10,1,"Hit","Hit(CW,4,MIDDLE)",,,,,,,,0,,
2919,3,5,RandomK,45,48,11,1,"Hit","Hit(CW,4,STRONG)",,,,,,,,0,,
8484,6,2,RandomK,45,2,0,1,"Draw","Draw(CW,S0)",,,,,,,,0,,
8484,6,2,RandomK,45,4,1,1,"Draw","Draw(CW,S2)",,,,,,,,0,,
8484,6,2,RandomK,45,13,2,1,"Draw","Draw(CCW,L1)",,,,,,,,0,,
8484,6,2,RandomK,45,17,3,1,"Draw","Draw(CCW,L3)",,,,,,,,0,,
8484,6,2,RandomK,45,22,4,1,"Draw","Draw(CW,L6)",,,,,,,,0,,
8484,6,2,RandomK,45,31,5,1,"PreGuard","PreGuard(CCW,G5)",,,,,,,,0,,
8484,6,2,RandomK,45,34,6,1,"Hit","Hit(CW,1,WEAK)",,,,,,,,0,,
8484,6,2,RandomK,45,37,7,1,"Hit","Hit(CCW,1,MIDDLE)",,,,,,,,0,,
8484,6,2,RandomK,45,43,8,1,"PostGuard","PostGuard(CCW,0,0)",,,,,,,,0,,
8484,6,2,RandomK,45,48,9,1,"Pass","Pass",,,,,,,,0,,
8492,3,3,RandomK,45,2,0,1,"Draw","Draw(CW,S0)",,,,,,,,0,,
8492,3,3,RandomK,45,3,1,1,"Draw","Draw(CCW,S0)",,,,,,,,0,,
8492,3,3,RandomK,45,5,2,1,"Draw","Draw(CCW,S2)",,,,,,,,0,,
8492,3,3,RandomK,45,9,3,1,"Draw","Draw(CCW,S6)",,,,,,,,0,,
8492,3,3,RandomK,45,12,4,1,"Draw","Draw(CW,L1)",,,,,,,,0,,
8492,3,3,RandomK,45,13,5,1,"Draw","Draw(CCW,L1)",,,,,,,,0,,
8492,3,3,RandomK,45,19,6,1,"Draw","Draw(CCW,L4)",,,,,,,,0,,
8492,3,3,RandomK,45,25,7,1,"Draw","Draw(CCW,L7)",,,,,,,,0,,
8492,3,3,RandomK,45,29,8,1,"PreGuard","PreGuard(CCW,G4)",,,,,,,,0,,
8492,3,3,RandomK,45,46,9,1,"PostGuard","PostGuard(CW,1,2)",,,,,,,,0,,
8492,3,3,RandomK,45,49,10,1,"PostGuard","PostGuard(CCW,3,0)",,,,,,,,0,,
8250,2,4,RandomK,45,8,0,1,"Draw","Draw(CW,S6)",,,,,,,,0,,
8250,2,4,RandomK,45,12,1,1,"Draw","Draw(CW,L1)",,,,,,,,0,,
8250,2,4,RandomK,45,26,2,1,"PreGuard","PreGuard(CW,G3)",,,,,,,,0,,
8250,2,4,RandomK,45,28,3,1,"PreGuard","PreGuard(CW,G4)",,,,,,,,0,,
8250,2,4,RandomK,45,29,4,1,"PreGuard","PreGuard(CCW,G4)",,,,,,,,0,,
8250,2,4,RandomK,45,30,5,1,"PreGuard","PreGuard(CW,G5)",,,,,,,,0,,
8250,2,4,RandomK,45,32,6,1,"Hit","Hit(CW,1,TOUCH)",,,,,,,,0,,
8250,2,4,RandomK,45,37,7,1,"Hit","Hit(CCW,1,MIDDLE)",,,,,,,,0,,
8250,2,4,RandomK,45,38,8,1,"Hit","Hit(CW,1,STRONG)",,,,,,,,0,,
8250,2,4,RandomK,45,43,9,1,"Hit","Hit(CCW,3,TOUCH)",,,,,,,,0,,
8250,2,4,RandomK,45,51,10,1,"Freeze","Freeze(CCW,3)",,,,,,,,0,,
8250,2,4,RandomK,45,56,11,1,"PostGuard","PostGuard(CW,2,2)",,,,,,,,0,,
69,5,5,RandomK,45,1,0,1,"Draw","Draw(CCW,TEE)",,,,,,,,0,,
69,5,5,RandomK,45,9,1,1,"Draw","Draw(CCW,S6)",,,,,,,,0,,
69,5,5,RandomK,45,11,2,1,"Draw","Draw(CCW,L0)",,,,,,,,0,,
69,5,5,RandomK,45,12,3,1,"Draw","Draw(CW,L1)",,,,,,,,0,,
69,5,5,RandomK,45,17,4,1,"Draw","Draw(CCW,L3)",,,,,,,,0,,
69,5,5,RandomK,45,26,5,1,"PreGuard","PreGuard(CW,G3)",,,,,,,,0,,
69,5,5,RandomK,45,41,6,1,"Freeze","Freeze(CCW,2)",,,,,,,,0,,
69,5,5,RandomK,45,45,7,1,"PostGuard","PostGuard(CCW,1,1)",,,,,,,,0,,
69,5,5,RandomK,45,48,8,1,"PostGuard","PostGuard(CW,5,0)",,,,,,,,0,,
69,5,5,RandomK,45,50,9,1,"PostGuard","PostGuard(CW,5,1)",,,,,,,,0,,
69,5,5,RandomK,45,51,10,1,"PostGuard","PostGuard(CCW,5,1)",,,,,,,,0,,
8029,7,5,RandomK,45,3,0,1,"Draw","Draw(CCW,S0)",,,,,,,,0,,
8029,7,5,RandomK,45,5,1,1,"Draw","Draw(CCW,S2)",,,,,,,,0,,
8029,7,5,RandomK,45,11,2,1,"Draw","Draw(CCW,L0)",,,,,,,,0,,
8029,7,5,RandomK,45,17,3,1,"Draw","Draw(CCW,L3)",,,,,,,,0,,
8029,7,5,RandomK,45,23,4,1,"Draw","Draw(CCW,L6)",,,,,,,,0,,
8029,7,5,RandomK,45,24,5,1,"Draw","Draw(CW,L7)",,,,,,,,0,,
8029,7,5,RandomK,45,25,6,1,"Draw","Draw(CCW,L7)",,,,,,,,0,,
8029,7,5,RandomK,45,37,7,1,"Hit","Hit(CCW,2,MIDDLE)",,,,,,,,0,,
8029,7,5,RandomK,45,38,8,1,"Hit","Hit(CW,2,STRONG)",,,,,,,,0,,
8029,7,5,RandomK,45,43,9,1,"PostGuard","PostGuard(CCW,5,0)",,,,,,,,0,,
3941,1,3,RandomK,45,5,0,1,"Draw","Draw(CCW,S2)",,,,,,,,0,,
3941,1,3,RandomK,45,8,1,1,"Draw","Draw(CW,S6)",,,,,,,,0,,
3941,1,3,RandomK,45,19,2,1,"Draw","Draw(CCW,L4)",,,,,,,,0,,
3941,1,3,RandomK,45,25,3,1,"Draw","Draw(CCW,L7)",,,,,,,,0,,
3941,1,3,RandomK,45,26,4,1,"PreGuard","PreGuard(CW,G3)",,,,,,,,0,,
3941,1,3,RandomK,45,27,5,1,"PreGuard","PreGuard(CCW,G3)",,,,,,,,0,,
3941,1,3,RandomK,45,30,6,1,"PreGuard","PreGuard(CW,G5)",,,,,,,,0,,
3941,1,3,RandomK,45,36,7,1,"Hit","Hit(CW,0,MIDDLE)",,,,,,,,0,,
3941,1,3,RandomK,45,42,8,1,"PostGuard","PostGuard(CW,1,0)",,,,,,,,0,,
3941,1,3,RandomK,45,45,9,1,"PostGuard","PostGuard(CCW,1,1)",,,,,,,,0,,
3941,1,3,RandomK,45,53,10,1,"PostGuard","PostGuard(CCW,3,2)",,,,,,,,0,,
9258,3,4,RandomK,45,0,0,1,"Draw","Draw(CW,TEE)",,,,,,,,0,,
9258,3,4,RandomK,45,7,1,1,"Draw","Draw(CCW,S4)",,,,,,,,0,,
9258,3,4,RandomK,45,11,2,1,"Draw","Draw(CCW,L0)",,,,,,,,0,,
9258,3,4,RandomK,45,16,3,1,"Draw","Draw(CW,L3)",,,,,,,,0,,
9258,3,4,RandomK,45,28,4,1,"PreGuard","PreGuard(CW,G4)",,,,,,,,0,,
9258,3,4,RandomK,45,29,5,1,"PreGuard","PreGuard(CCW,G4)",,,,,,,,0,,
9258,3,4,RandomK,45,37,6,1,"Hit","Hit(CCW,3,MIDDLE)",,,,,,,,0,,
9258,3,4,RandomK,45,38,7,1,"Hit","Hit(CW,3,STRONG)",,,,,,,,0,,
9258,3,4,RandomK,45,43,8,1,"PostGuard","PostGuard(CCW,2,0)",,,,,,,,0,,
9258,3,4,RandomK,45,44,9,1,"PostGuard","PostGuard(CW,2,1)",,,,,,,,0,,
3481,1,2,RandomK,45,0,0,1,"Draw","Draw(CW,TEE)",,,,,,,,0,,
3481,1,2,RandomK,45,6,1,1,"Draw","Draw(CW,S4)",,,,,,,,0,,
3481,1,2,RandomK,45,9,2,1,"Draw","Draw(CCW,S6)",,,,,,,,0,,
3481,1,2,RandomK,45,10,3,1,"Draw","Draw(CW,L0)",,,,,,,,0,,
3481,1,2,RandomK,45,18,4,1,"Draw","Draw(CW,L4)",,,,,,,,0,,
3481,1,2,RandomK,45,24,5,1,"Draw","Draw(CW,L7)",,,,,,,,0,,
3481,1,2,RandomK,45,34,6,1,"Hit","Hit(CW,1,WEAK)",,,,,,,,0,,
3481,1,2,RandomK,45,36,7,1,"Hit","Hit(CW,1,MIDDLE)",,,,,,,,0,,
3481,1,2,RandomK,45,38,8,1,"Hit","Hit(CW,1,STRONG)",,,,,,,,0,,
3481,1,2,RandomK,45,48,9,1,"Pass","Pass",,,,,,,,0,,
8790,2,5,RandomK,45,9,0,1,"Draw","Draw(CCW,S6)",,,,,,,,0,,
8790,2,5,RandomK,45,12,1,1,"Draw","Draw(CW,L1)",,,,,,,,0,,
8790,2,5,RandomK,45,19,2,1,"Draw","Draw(CCW,L4)",,,,,,,,0,,
8790,2,5,RandomK,45,21,3,1,"Draw","Draw(CCW,L5)",,,,,,,,0,,
8790,2,5,RandomK,45,22,4,1,"Draw","Draw(CW,L6)",,,,,,,,0,,
8790,2,5,RandomK,45,24,5,1,"Draw","Draw(CW,L7)",,,,,,,,0,,
8790,2,5,RandomK,45,27,6,1,"PreGuard","PreGuard(CCW,G3)",,,,,,,,0,,
8790,2,5,RandomK,45,30,7,1,"PreGuard","PreGuard(CW,G5)",,,,,,,,0,,
8790,2,5,RandomK,45,32,8,1,"Hit","Hit(CW,2,TOUCH)",,,,,,,,0,,
8790,2,5,RandomK,45,41,9,1,"Freeze","Freeze(CCW,2)",,,,,,,,0,,
8205,1,3,RandomK,45,1,0,1,"Draw","Draw(CCW,TEE)",,,,,,,,0,,
8205,1,3,RandomK,45,3,1,1,"Draw","Draw(CCW,S0)",,,,,,,,0,,
8205,1,3,RandomK,45,11,2,1,"Draw","Draw(CCW,L0)",,,,,,,,0,,
8205,1,3,RandomK,45,24,3,1,"Draw","Draw(CW,L7)",,,,,,,,0,,
8205,1,3,RandomK,45,29,4,1,"PreGuard","PreGuard(CCW,G4)",,,,,,,,0,,
8205,1,3,RandomK,45,34,5,1,"Hit","Hit(CW,0,WEAK)",,,,,,,,0,,
8205,1,3,RandomK,45,37,6,1,"Hit","Hit(CCW,0,MIDDLE)",,,,,,,,0,,
8205,1,3,RandomK,45,38,7,1,"Hit","Hit(CW,0,STRONG)",,,,,,,,0,,
8205,1,3,RandomK,45,45,8,1,"PostGuard","PostGuard(CCW,1,1)",,,,,,,,0,,
8205,1,3,RandomK,45,46,9,1,"PostGuard","PostGuard(CW,1,2)",,,,,,,,0,,
8205,1,3,RandomK,45,49,10,1,"PostGuard","PostGuard(CCW,3,0)",,,,,,,,0,,
2133,7,4,RandomK,45,3,0,1,"Draw","Draw(CCW,S0)",,,,,,,,0,,
2133,7,4,RandomK,45,5,1,1,"Draw","Draw(CCW,S2)",,,,,,,,0,,
2133,7,4,RandomK,45,8,2,1,"Draw","Draw(CW,S6)",,,,,,,,0,,
2133,7,4,RandomK,45,10,3,1,"Draw","Draw(CW,L0)",,,,,,,,0,,
2133,7,4,RandomK,45,30,4,1,"PreGuard","PreGuard(CW,G5)",,,,,,,,0,,
2133,7,4,RandomK,45,38,5,1,"Hit","Hit(CW,1,STRONG)",,,,,,,,0,,
2133,7,4,RandomK,45,42,6,1,"Hit","Hit(CW,3,TOUCH)",,,,,,,,0,,
2133,7,4,RandomK,45,43,7,1,"Hit","Hit(CCW,3,TOUCH)",,,,,,,,0,,
2133,7,4,RandomK,45,44,8,1,"Hit","Hit(CW,3,WEAK)",,,,,,,,0,,
2133,7,4,RandomK,45,45,9,1,"Hit","Hit(CCW,3,WEAK)",,,,,,,,0,,
2133,7,4,RandomK,45,46,10,1,"Hit","Hit(CW,3,MIDDLE)",,,,,,,,0,,
9945,2,3,RandomK,45,5,0,1,"Draw","Draw(CCW,S2)",,,,,,,,0,,
9945,2,3,RandomK,45,12,1,1,"Draw","Draw(CW,L1)",,,,,,,,0,,
9945,2,3,RandomK,45,14,2,1,"Draw","Draw(CW,L2)",,,,,,,,0,,
9945,2,3,RandomK,45,15,3,1,"Draw","Draw(CCW,L2)",,,,,,,,0,,
9945,2,3,RandomK,45,23,4,1,"Draw","Draw(CCW,L6)",,,,,,,,0,,
9945,2,3,RandomK,45,26,5,1,"PreGuard","PreGuard(CW,G3)",,,,,,,,0,,
9945,2,3,RandomK,45,30,6,1,"PreGuard","PreGuard(CW,G5)",,,,,,,,0,,
9945,2,3,RandomK,45,35,7,1,"Hit","Hit(CCW,0,WEAK)",,,,,,,,0,,
9945,2,3,RandomK,45,42,8,1,"PostGuard","PostGuard(CW,1,0)",,,,,,,,0,,
9945,2,3,RandomK,45,45,9,1,"PostGuard","PostGuard(CCW,1,1)",,,,,,,,0,,
9945,2,3,RandomK,45,51,10,1,"PostGuard","PostGuard(CCW,3,1)",,,,,,,,0,,
7226,1,5,RandomK,45,1,0,1,"Draw","Draw(CCW,TEE)",,,,,,,,0,,
7226,1,5,RandomK,45,4,1,1,"Draw","Draw(CW,S2)",,,,,,,,0,,
7226,1,5,RandomK,45,23,2,1,"Draw","Draw(CCW,L6)",,,,,,,,0,,
7226,1,5,RandomK,45,25,3,1,"Draw","Draw(CCW,L7)",,,,,,,,0,,
7226,1,5,RandomK,45,32,4,1,"Hit","Hit(CW,2,TOUCH)",,,,,,,,0,,
7226,1,5,RandomK,45,34,5,1,"Hit","Hit(CW,2,WEAK)",,,,,,,,0,,
7226,1,5,RandomK,45,41,6,1,"Freeze","Freeze(CCW,2)",,,,,,,,0,,
7226,1,5,RandomK,45,45,7,1,"Hit","Hit(CCW,4,WEAK)",,,,,,,,0,,
7226,1,5,RandomK,45,50,8,1,"Freeze","Freeze(CW,4)",,,,,,,,0,,
7226,1,5,RandomK,45,51,9,1,"Freeze","Freeze(CCW,4)",,,,,,,,0,,
7226,1,5,RandomK,45,52,10,1,"PostGuard","PostGuard(CW,3,0)",,,,,,,,0,,
7226,1,5,RandomK,45,55,11,1,"PostGuard","PostGuard(CCW,3,1)",,,,,,,,0,,
368,6,2,RandomK,45,2,0,1,"Draw","Draw(CW,S0)",,,,,,,,0,,
368,6,2,RandomK,45,4,1,1,"Draw","Draw(CW,S2)",,,,,,,,0,,
368,6,2,RandomK,45,6,2,1,"Draw","Draw(CW,S4)",,,,,,,,0,,
368,6,2,RandomK,45,17,3,1,"Draw","Draw(CCW,L3)",,,,,,,,0,,
368,6,2,RandomK,45,35,4,1,"Hit","Hit(CCW,1,WEAK)",,,,,,,,0,,
368,6,2,RandomK,45,37,5,1,"Hit","Hit(CCW,1,MIDDLE)",,,,,,,,0,,
368,6,2,RandomK,45,38,6,1,"Hit","Hit(CW,1,STRONG)",,,,,,,,0,,
368,6,2,RandomK,45,39,7,1,"Hit","Hit(CCW,1,STRONG)",,,,,,,,0,,
368,6,2,RandomK,45,46,8,1,"PostGuard","PostGuard(CW,0,2)",,,,,,,,0,,
368,6,2,RandomK,45,48,9,1,"Pass","Pass",,,,,,,,0,,
2628,1,5,RandomK,45,1,0,1,"Draw","Draw(CCW,TEE)",,,,,,,,0,,
2628,1,5,RandomK,45,2,1,1,"Draw","Draw(CW,S0)",,,,,,,,0,,
2628,1,5,RandomK,45,3,2,1,"Draw","Draw(CCW,S0)",,,,,,,,0,,
2628,1,5,RandomK,45,7,3,1,"Draw","Draw(CCW,S4)",,,,,,,,0,,
2628,1,5,RandomK,45,14,4,1,"Draw","Draw(CW,L2)",,,,,,,,0,,
2628,1,5,RandomK,45,19,5,1,"Draw","Draw(CCW,L4)",,,,,,,,0,,
2628,1,5,RandomK,45,32,6,1,"Hit","Hit(CW,2,TOUCH)",,,,,,,,0,,
2628,1,5,RandomK,45,36,7,1,"Hit","Hit(CW,2,MIDDLE)",,,,,,,,0,,
2628,1,5,RandomK,45,40,8,1,"Freeze","Freeze(CW,2)",,,,,,,,0,,
2628,1,5,RandomK,45,43,9,1,"PostGuard","PostGuard(CCW,5,0)",,,,,,,,0,,
8575,6,3,RandomK,45,4,0,1,"Draw","Draw(CW,S2)",,,,,,,,0,,
8575,6,3,RandomK,45,11,1,1,"Draw","Draw(CCW,L0)",,,,,,,,0,,
8575,6,3,RandomK,45,12,2,1,"Draw","Draw(CW,L1)",,,,,,,,0,,
8575,6,3,RandomK,45,18,3,1,"Draw","Draw(CW,L4)",,,,,,,,0,,
8575,6,3,RandomK,45,25,4,1,"Draw","Draw(CCW,L7)",,,,,,,,0,,
8575,6,3,RandomK,45,30,5,1,"PreGuard","PreGuard(CW,G5)",,,,,,,,0,,
8575,6,3,RandomK,45,35,6,1,"Hit","Hit(CCW,0,WEAK)",,,,,,,,0,,
8575,6,3,RandomK,45,36,7,1,"Hit","Hit(CW,0,MIDDLE)",,,,,,,,0,,
8575,6,3,RandomK,45,48,8,1,"PostGuard","PostGuard(CW,3,0)",,,,,,,,0,,
8575,6,3,RandomK,45,50,9,1,"PostGuard","PostGuard(CW,3,1)",,,,,,,,0,,
8575,6,3,RandomK,45,53,10,1,"PostGuard","PostGuard(CCW,3,2)",,,,,,,,0,,
9731,3,5,RandomK,45,6,0,1,"Draw","Draw(CW,S4)",,,,,,,,0,,
9731,3,5,RandomK,45,10,1,1,"Draw","Draw(CW,L0)",,,,,,,,0,,
9731,3,5,RandomK,45,14,2,1,"Draw","Draw(CW,L2)",,,,,,,,0,,
9731,3,5,RandomK,45,27,3,1,"PreGuard","PreGuard(CCW,G3)",,,,,,,,0,,
9731,3,5,RandomK,45,30,4,1,"PreGuard","PreGuard(CW,G5)",,,,,,,,0,,
9731,3,5,RandomK,45,32,5,1,"Hit","Hit(CW,2,TOUCH)",,,,,,,,0,,
9731,3,5,RandomK,45,34,6,1,"Hit","Hit(CW,2,WEAK)",,,,,,,,0,,
9731,3,5,RandomK,45,37,7,1,"Hit","Hit(CCW,2,MIDDLE)",,,,,,,,0,,
9731,3,5,RandomK,45,38,8,1,"Hit","Hit(CW,2,STRONG)",,,,,,,,0,,
9731,3,5,RandomK,45,40,9,1,"Freeze","Freeze(CW,2)",,,,,,,,0,,
9731,3,5,RandomK,45,46,10,1,"PostGuard","PostGuard(CW,1,2)",,,,,,,,0,,
9731,3,5,RandomK,45,48,11,1,"PostGuard","PostGuard(CW,3,0)",,,,,,,,0,,
9731,3,5,RandomK,45,51,12,1,"PostGuard","PostGuard(CCW,3,1)",,,,,,,,0,,
2742,6,2,RandomK,45,2,0,1,"Draw","Draw(CW,S0)",,,,,,,,0,,
2742,6,2,RandomK,45,6,1,1,"Draw","Draw(CW,S4)",,,,,,,,0,,
2742,6,2,RandomK,45,7,2,1,"Draw","Draw(CCW,S4)",,,,,,,,0,,
2742,6,2,RandomK,45,17,3,1,"Draw","Draw(CCW,L3)",,,,,,,,0,,
2742,6,2,RandomK,45,25,4,1,"Draw","Draw(CCW,L7)",,,,,,,,0,,
2742,6,2,RandomK,45,30,5,1,"PreGuard","PreGuard(CW,G5)",,,,,,,,0,,
2742,6,2,RandomK,45,32,6,1,"Hit","Hit(CW,1,TOUCH)",,,,,,,,0,,
2742,6,2,RandomK,45,38,7,1,"Hit","Hit(CW,1,STRONG)",,,,,,,,0,,
2742,6,2,RandomK,45,43,8,1,"PostGuard","PostGuard(CCW,0,0)",,,,,,,,0,,
2742,6,2,RandomK,45,48,9,1,"Pass","Pass",,,,,,,,0,,
4917,5,4,RandomK,45,5,0,1,"Draw","Draw(CCW,S2)",,,,,,,,0,,
4917,5,4,RandomK,45,6,1,1,"Draw","Draw(CW,S4)",,,,,,,,0,,
4917,5,4,RandomK,45,11,2,1,"Draw","Draw(CCW,L0)",,,,,,,,0,,
4917,5,4,RandomK,45,15,3,1,"Draw","Draw(CCW,L2)",,,,,,,,0,,
4917,5,4,RandomK,45,18,4,1,"Draw","Draw(CW,L4)",,,,,,,,0,,
4917,5,4,RandomK,45,25,5,1,"Draw","Draw(CCW,L7)",,,,,,,,0,,
4917,5,4,RandomK,45,36,6,1,"PostGuard","PostGuard(CW,0,2)",,,,,,,,0,,
4917,5,4,RandomK,45,40,7,1,"PostGuard","PostGuard(CW,2,1)",,,,,,,,0,,
4917,5,4,RandomK,45,41,8,1,"PostGuard","PostGuard(CCW,2,1)",,,,,,,,0,,
9700,3,3,RandomK,45,0,0,1,"Draw","Draw(CW,TEE)",,,,,,,,0,,
9700,3,3,RandomK,45,8,1,1,"Draw","Draw(CW,S6)",,,,,,,,0,,
9700,3,3,RandomK,45,9,2,1,"Draw","Draw(CCW,S6)",,,,,,,,0,,
9700,3,3,RandomK,45,12,3,1,"Draw","Draw(CW,L1)",,,,,,,,0,,
9700,3,3,RandomK,45,29,4,1,"PreGuard","PreGuard(CCW,G4)",,,,,,,,0,,
9700,3,3,RandomK,45,34,5,1,"Hit","Hit(CW,0,WEAK)",,,,,,,,0,,
9700,3,3,RandomK,45,43,6,1,"Hit","Hit(CCW,2,TOUCH)",,,,,,,,0,,
9700,3,3,RandomK,45,44,7,1,"Hit","Hit(CW,2,WEAK)",,,,,,,,0,,
9700,3,3,RandomK,45,46,8,1,"Hit","Hit(CW,2,MIDDLE)",,,,,,,,0,,
9700,3,3,RandomK,45,51,9,1,"Freeze","Freeze(CCW,2)",,,,,,,,0,,
9700,3,3,RandomK,45,52,10,1,"PostGuard","PostGuard(CW,1,0)",,,,,,,,0,,
9700,3,3,RandomK,45,55,11,1,"PostGuard","PostGuard(CCW,1,1)",,,,,,,,0,,
3228,6,2,RandomK,45,2,0,1,"Draw","Draw(CW,S0)",,,,,,,,0,,
3228,6,2,RandomK,45,3,1,1,"Draw","Draw(CCW,S0)",,,,,,,,0,,
3228,6,2,RandomK,45,16,2,1,"Draw","Draw(CW,L3)",,,,,,,,0,,
3228,6,2,RandomK,45,26,3,1,"PreGuard","PreGuard(CW,G3)",,,,,,,,0,,
3228,6,2,RandomK,45,27,4,1,"PreGuard","PreGuard(CCW,G3)",,,,,,,,0,,
3228,6,2,RandomK,45,30,5,1,"PreGuard","PreGuard(CW,G5)",,,,,,,,0,,
3228,6,2,RandomK,45,31,6,1,"PreGuard","PreGuard(CCW,G5)",,,,,,,,0,,
3228,6,2,RandomK,45,32,7,1,"Hit","Hit(CW,1,TOUCH)",,,,,,,,0,,
3228,6,2,RandomK,45,33,8,1,"Hit","Hit(CCW,1,TOUCH)",,,,,,,,0,,
3228,6,2,RandomK,45,43,9,1,"PostGuard","PostGuard(CCW,0,0)",,,,,,,,0,,
6781,0,5,RandomK,45,3,0,1,"Draw","Draw(CCW,S0)",,,,,,,,0,,
6781,0,5,RandomK,45,5,1,1,"Draw","Draw(CCW,S2)",,,,,,,,0,,
6781,0,5,RandomK,45,10,2,1,"Draw","Draw(CW,L0)",,,,,,,,0,,
6781,0,5,RandomK,45,31,3,1,"PreGuard","PreGuard(CCW,G5)",,,,,,,,0,,
6781,0,5,RandomK,45,32,4,1,"Hit","Hit(CW,2,TOUCH)",,,,,,,,0,,
6781,0,5,RandomK,45,33,5,1,"Hit","Hit(CCW,2,TOUCH)",,,,,,,,0,,
6781,0,5,RandomK,45,35,6,1,"Hit","Hit(CCW,2,WEAK)",,,,,,,,0,,
6781,0,5,RandomK,45,38,7,1,"Hit","Hit(CW,2,STRONG)",,,,,,,,0,,
6781,0,5,RandomK,45,51,8,1,"Freeze","Freeze(CCW,4)",,,,,,,,0,,
6781,0,5,RandomK,45,53,9,1,"PostGuard","PostGuard(CCW,1,0)",,,,,,,,0,,
6781,0,5,RandomK,45,59,10,1,"PostGuard","PostGuard(CCW,3,0)",,,,,,,,0,,
6781,0,5,RandomK,45,60,11,1,"PostGuard","PostGuard(CW,3,1)",,,,,,,,0,,
6781,0,5,RandomK,45,61,12,1,"PostGuard","PostGuard(CCW,3,1)",,,,,,,,0,,
7332,3,3,RandomK,45,0,0,1,"Draw","Draw(CW,TEE)",,,,,,,,0,,
7332,3,3,RandomK,45,2,1,1,"Draw","Draw(CW,S0)",,,,,,,,0,,
7332,3,3,RandomK,45,3,2,1,"Draw","Draw(CCW,S0)",,,,,,,,0,,
7332,3,3,RandomK,45,6,3,1,"Draw","Draw(CW,S4)",,,,,,,,0,,
7332,3,3,RandomK,45,8,4,1,"Draw","Draw(CW,S6)",,,,,,,,0,,
7332,3,3,RandomK,45,17,5,1,"Draw","Draw(CCW,L3)",,,,,,,,0,,
7332,3,3,RandomK,45,22,6,1,"Draw","Draw(CW,L6)",,,,,,,,0,,
7332,3,3,RandomK,45,25,7,1,"Draw","Draw(CCW,L7)",,,,,,,,0,,
7332,3,3,RandomK,45,35,8,1,"Hit","Hit(CCW,2,WEAK)",,,,,,,,0,,
7332,3,3,RandomK,45,46,9,1,"PostGuard","PostGuard(CW,1,2)",,,,,,,,0,,
244,4,4,RandomK,45,3,0,1,"Draw","Draw(CCW,S0)",,,,,,,,0,,
244,4,4,RandomK,45,8,1,1,"Draw","Draw(CW,S6)",,,,,,,,0,,
244,4,4,RandomK,45,12,2,1,"Draw","Draw(CW,L1)",,,,,,,,0,,
244,4,4,RandomK,45,18,3,1,"Draw","Draw(CW,L4)",,,,,,,,0,,
244,4,4,RandomK,45,22,4,1,"Draw","Draw(CW,L6)",,,,,,,,0,,
244,4,4,RandomK,45,25,5,1,"Draw","Draw(CCW,L7)",,,,,,,,0,,
244,4,4,RandomK,45,26,6,1,"PreGuard","PreGuard(CW,G3)",,,,,,,,0,,
244,4,4,RandomK,45,31,7,1,"PreGuard","PreGuard(CCW,G5)",,,,,,,,0,,
244,4,4,RandomK,45,45,8,1,"Hit","Hit(CCW,3,WEAK)",,,,,,,,0,,
244,4,4,RandomK,45,51,9,1,"Freeze","Freeze(CCW,3)",,,,,,,,0,,
244,4,4,RandomK,45,55,10,1,"PostGuard","PostGuard(CCW,0,1)",,,,,,,,0,,
244,4,4,RandomK,45,56,11,1,"PostGuard","PostGuard(CW,0,2)",,,,,,,,0,,
244,4,4,RandomK,45,63,12,1,"PostGuard","PostGuard(CCW,2,2)",,,,,,,,0,,
8134,3,2,RandomK,45,2,0,1,"Draw","Draw(CW,S0)",,,,,,,,0,,
8134,3,2,RandomK,45,6,1,1,"Draw","Draw(CW,S4)",,,,,,,,0,,
8134,3,2,RandomK,45,9,2,1,"Draw","Draw(CCW,S6)",,,,,,,,0,,
8134,3,2,RandomK,45,20,3,1,"Draw","Draw(CW,L5)",,,,,,,,0,,
8134,3,2,RandomK,45,23,4,1,"Draw","Draw(CCW,L6)",,,,,,,,0,,
8134,3,2,RandomK,45,26,5,1,"PreGuard","PreGuard(CW,G3)",,,,,,,,0,,
8134,3,2,RandomK,45,32,6,1,"Hit","Hit(CW,1,TOUCH)",,,,,,,,0,,
8134,3,2,RandomK,45,38,7,1,"Hit","Hit(CW,1,STRONG)",,,,,,,,0,,
8134,3,2,RandomK,45,42,8,1,"PostGuard","PostGuard(CW,0,0)",,,,,,,,0,,
8134,3,2,RandomK,45,46,9,1,"PostGuard","PostGuard(CW,0,2)",,,,,,,,0,,
95,3,6,RandomK,45,5,0,1,"Draw","Draw(CCW,S2)",,,,,,,,0,,
95,3,6,RandomK,45,9,1,1,"Draw","Draw(CCW,S6)",,,,,,,,0,,
95,3,6,RandomK,45,13,2,1,"Draw","Draw(CCW,L1)",,,,,,,,0,,
95,3,6,RandomK,45,16,3,1,"Draw","Draw(CW,L3)",,,,,,,,0,,
95,3,6,RandomK,45,25,4,1,"Draw","Draw(CCW,L7)",,,,,,,,0,,
95,3,6,RandomK,45,26,5,1,"PreGuard","PreGuard(CW,G3)",,,,,,,,0,,
95,3,6,RandomK,45,31,6,1,"PreGuard","PreGuard(CCW,G5)",,,,,,,,0,,
95,3,6,RandomK,45,38,7,1,"Hit","Hit(CW,1,STRONG)",,,,,,,,0,,
95,3,6,RandomK,45,43,8,1,"Hit","Hit(CCW,5,TOUCH)",,,,,,,,0,,
95,3,6,RandomK,45,47,9,1,"Hit","Hit(CCW,5,MIDDLE)",,,,,,,,0,,
95,3,6,RandomK,45,52,10,1,"Pass","Pass",,,,,,,,0,,
5208,6,9,RandomK,45,2,0,1,"Draw","Draw(CW,S0)",,,,,,,,0,,
5208,6,9,RandomK,45,4,1,1,"Draw","Draw(CW,S2)",,,,,,,,0,,
5208,6,9,RandomK,45,10,2,1,"Draw","Draw(CW,L0)",,,,,,,,0,,
5208,6,9,RandomK,45,15,3,1,"Draw","Draw(CCW,L2)",,,,,,,,0,,
5208,6,9,RandomK,45,21,4,1,"Draw","Draw(CCW,L5)",,,,,,,,0,,
5208,6,9,RandomK,45,25,5,1,"Draw","Draw(CCW,L7)",,,,,,,,0,,
5208,6,9,RandomK,45,38,6,1,"Hit","Hit(CW,6,STRONG)",,,,,,,,0,,
5208,6,9,RandomK,45,42,7,1,"PostGuard","PostGuard(CW,9,0)",,,,,,,,0,,
5208,6,9,RandomK,45,44,8,1,"PostGuard","PostGuard(CW,9,1)",,,,,,,,0,,
5208,6,9,RandomK,45,47,9,1,"PostGuard","PostGuard(CCW,9,2)",,,,,,,,0,,
9141,4,8,RandomK,45,4,0,1,"Draw","Draw(CW,S2)",,,,,,,,0,,
9141,4,8,RandomK,45,21,1,1,"Draw","Draw(CCW,L5)",,,,,,,,0,,
9141,4,8,RandomK,45,26,2,1,"PreGuard","PreGuard(CW,G3)",,,,,,,,0,,
9141,4,8,RandomK,45,31,3,1,"PreGuard","PreGuard(CCW,G5)",,,,,,,,0,,
9141,4,8,RandomK,45,37,4,1,"Hit","Hit(CCW,7,TOUCH)",,,,,,,,0,,
9141,4,8,RandomK,45,39,5,1,"Hit","Hit(CCW,7,WEAK)",,,,,,,,0,,
9141,4,8,RandomK,45,41,6,1,"Hit","Hit(CCW,7,MIDDLE)",,,,,,,,0,,
9141,4,8,RandomK,45,47,7,1,"PostGuard","PostGuard(CCW,2,0)",,,,,,,,0,,
9141,4,8,RandomK,45,54,8,1,"PostGuard","PostGuard(CW,4,1)",,,,,,,,0,,
9141,4,8,RandomK,45,56,9,1,"PostGuard","PostGuard(CW,4,2)",,,,,,,,0,,
9141,4,8,RandomK,45,59,10,1,"PostGuard","PostGuard(CCW,6,0)",,,,,,,,0,,
9141,4,8,RandomK,45,60,11,1,"PostGuard","PostGuard(CW,6,1)",,,,,,,,0,,
9141,4,8,RandomK,45,61,12,1,"PostGuard","PostGuard(CCW,6,1)",,,,,,,,0,,
4339,6,6,RandomK,45,3,0,1,"Draw","Draw(CCW,S0)",,,,,,,,0,,
4339,6,6,RandomK,45,10,1,1,"Draw","Draw(CW,L0)",,,,,,,,0,,
4339,6,6,RandomK,45,14,2,1,"Draw","Draw(CW,L2)",,,,,,,,0,,
4339,6,6,RandomK,45,22,3,1,"Draw","Draw(CW,L6)",,,,,,,,0,,
4339,6,6,RandomK,45,23,4,1,"Draw","Draw(CCW,L6)",,,,,,,,0,,
4339,6,6,RandomK,45,29,5,1,"PreGuard","PreGuard(CCW,G4)",,,,,,,,0,,
4339,6,6,RandomK,45,30,6,1,"PreGuard","PreGuard(CW,G5)",,,,,,,,0,,
4339,6,6,RandomK,45,34,7,1,"Hit","Hit(CW,5,WEAK)",,,,,,,,0,,
4339,6,6,RandomK,45,41,8,1,"Freeze","Freeze(CCW,5)",,,,,,,,0,,
2703,4,8,RandomK,45,0,0,1,"Draw","Draw(CW,TEE)",,,,,,,,0,,
2703,4,8,RandomK,45,1,1,1,"Draw","Draw(CCW,TEE)",,,,,,,,0,,
2703,4,8,RandomK,45,5,2,1,"Draw","Draw(CCW,S2)",,,,,,,,0,,
2703,4,8,RandomK,45,16,3,1,"Draw","Draw(CW,L3)",,,,,,,,0,,
2703,4,8,RandomK,45,20,4,1,"Draw","Draw(CW,L5)",,,,,,,,0,,
2703,4,8,RandomK,45,25,5,1,"Draw","Draw(CCW,L7)",,,,,,,,0,,
2703,4,8,RandomK,45,29,6,1,"PreGuard","PreGuard(CCW,G4)",,,,,,,,0,,
2703,4,8,RandomK,45,39,7,1,"Hit","Hit(CCW,1,STRONG)",,,,,,,,0,,
2703,4,8,RandomK,45,41,8,1,"Freeze","Freeze(CCW,1)",,,,,,,,0,,
2703,4,8,RandomK,45,45,9,1,"Hit","Hit(CCW,5,WEAK)",,,,,,,,0,,
2703,4,8,RandomK,45,46,10,1,"Hit","Hit(CW,5,MIDDLE)",,,,,,,,0,,
2703,4,8,RandomK,45,62,11,1,"PostGuard","PostGuard(CW,2,0)",,,,,,,,0,,
2703,4,8,RandomK,45,64,12,1,"PostGuard","PostGuard(CW,2,1)",,,,,,,,0,,
2703,4,8,RandomK,45,69,13,1,"PostGuard","PostGuard(CCW,4,0)",,,,,,,,0,,
2703,4,8,RandomK,45,71,14,1,"PostGuard","PostGuard(CCW,4,1)",,,,,,,,0,,
2703,4,8,RandomK,45,77,15,1,"PostGuard","PostGuard(CCW,6,1)",,,,,,,,0,,
2703,4,8,RandomK,45,80,16,1,"Pass","Pass",,,,,,,,0,,
2049,6,9,RandomK,45,0,0,1,"Draw","Draw(CW,TEE)",,,,,,,,0,,
2049,6,9,RandomK,45,11,1,1,"Draw","Draw(CCW,L0)",,,,,,,,0,,
2049,6,9,RandomK,45,21,2,1,"Draw","Draw(CCW,L5)",,,,,,,,0,,
2049,6,9,RandomK,45,22,3,1,"Draw","Draw(CW,L6)",,,,,,,,0,,
2049,6,9,RandomK,45,32,4,1,"Hit","Hit(CW,6,TOUCH)",,,,,,,,0,,
2049,6,9,RandomK,45,34,5,1,"Hit","Hit(CW,6,WEAK)",,,,,,,,0,,
2049,6,9,RandomK,45,42,6,1,"PostGuard","PostGuard(CW,1,0)",,,,,,,,0,,
2049,6,9,RandomK,45,43,7,1,"PostGuard","PostGuard(CCW,1,0)",,,,,,,,0,,
2049,6,9,RandomK,45,45,8,1,"PostGuard","PostGuard(CCW,1,1)",,,,,,,,0,,
2049,6,9,RandomK,45,47,9,1,"PostGuard","PostGuard(CCW,1,2)",,,,,,,,0,,
464,2,8,RandomK,45,1,0,1,"Draw","Draw(CCW,TEE)",,,,,,,,0,,
464,2,8,RandomK,45,2,1,1,"Draw","Draw(CW,S0)",,,,,,,,0,,
464,2,8,RandomK,45,10,2,1,"Draw","Draw(CW,L0)",,,,,,,,0,,
464,2,8,RandomK,45,12,3,1,"Draw","Draw(CW,L1)",,,,,,,,0,,
464,2,8,RandomK,45,14,4,1,"Draw","Draw(CW,L2)",,,,,,,,0,,
464,2,8,RandomK,45,15,5,1,"Draw","Draw(CCW,L2)",,,,,,,,0,,
464,2,8,RandomK,45,16,6,1,"Draw","Draw(CW,L3)",,,,,,,,0,,
464,2,8,RandomK,45,19,7,1,"Draw","Draw(CCW,L4)",,,,,,,,0,,
464,2,8,RandomK,45,23,8,1,"Draw","Draw(CCW,L6)",,,,,,,,0,,
464,2,8,RandomK,45,24,9,1,"Draw","Draw(CW,L7)",,,,,,,,0,,
464,2,8,RandomK,45,38,10,1,"Hit","Hit(CW,1,STRONG)",,,,,,,,0,,
464,2,8,RandomK,45,50,11,1,"Freeze","Freeze(CW,7)",,,,,,,,0,,
464,2,8,RandomK,45,56,12,1,"PostGuard","PostGuard(CW,4,2)",,,,,,,,0,,
5456,7,9,RandomK,45,0,0,1,"Draw","Draw(CW,TEE)",,,,,,,,0,,
5456,7,9,RandomK,45,5,1,1,"Draw","Draw(CCW,S2)",,,,,,,,0,,
5456,7,9,RandomK,45,7,2,1,"Draw","Draw(CCW,S4)",,,,,,,,0,,
5456,7,9,RandomK,45,10,3,1,"Draw","Draw(CW,L0)",,,,,,,,0,,
5456,7,9,RandomK,45,12,4,1,"Draw","Draw(CW,L1)",,,,,,,,0,,
5456,7,9,RandomK,45,15,5,1,"Draw","Draw(CCW,L2)",,,,,,,,0,,
5456,7,9,RandomK,45,17,6,1,"Draw","Draw(CCW,L3)",,,,,,,,0,,
5456,7,9,RandomK,45,20,7,1,"Draw","Draw(CW,L5)",,,,,,,,0,,
5456,7,9,RandomK,45,24,8,1,"Draw","Draw(CW,L7)",,,,,,,,0,,
2594,0,8,RandomK,45,8,0,1,"Draw","Draw(CW,S6)",,,,,,,,0,,
2594,0,8,RandomK,45,13,1,1,"Draw","Draw(CCW,L1)",,,,,,,,0,,
2594,0,8,RandomK,45,15,2,1,"Draw","Draw(CCW,L2)",,,,,,,,0,,
2594,0,8,RandomK,45,16,3,1,"Draw","Draw(CW,L3)",,,,,,,,0,,
2594,0,8,RandomK,45,26,4,1,"PreGuard","PreGuard(CW,G3)",,,,,,,,0,,
2594,0,8,RandomK,45,28,5,1,"PreGuard","PreGuard(CW,G4)",,,,,,,,0,,
2594,0,8,RandomK,45,34,6,1,"Hit","Hit(CW,5,WEAK)",,,,,,,,0,,
2594,0,8,RandomK,45,39,7,1,"Hit","Hit(CCW,5,STRONG)",,,,,,,,0,,
2594,0,8,RandomK,45,41,8,1,"Freeze","Freeze(CCW,5)",,,,,,,,0,,
2594,0,8,RandomK,45,42,9,1,"Hit","Hit(CW,7,TOUCH)",,,,,,,,0,,
2594,0,8,RandomK,45,51,10,1,"Freeze","Freeze(CCW,7)",,,,,,,,0,,
4434,2,7,RandomK,45,6,0,1,"Draw","Draw(CW,S4)",,,,,,,,0,,
4434,2,7,RandomK,45,7,1,1,"Draw","Draw(CCW,S4)",,,,,,,,0,,
4434,2,7,RandomK,45,8,2,1,"Draw","Draw(CW,S6)",,,,,,,,0,,
4434,2,7,RandomK,45,9,3,1,"Draw","Draw(CCW,S6)",,,,,,,,0,,
4434,2,7,RandomK,45,15,4,1,"Draw","Draw(CCW,L2)",,,,,,,,0,,
4434,2,7,RandomK,45,29,5,1,"PreGuard","PreGuard(CCW,G4)",,,,,,,,0,,
4434,2,7,RandomK,45,35,6,1,"Hit","Hit(CCW,2,WEAK)",,,,,,,,0,,
4434,2,7,RandomK,45,38,7,1,"Hit","Hit(CW,2,STRONG)",,,,,,,,0,,
4434,2,7,RandomK,45,41,8,1,"Freeze","Freeze(CCW,2)",,,,,,,,0,,
4434,2,7,RandomK,45,49,9,1,"Hit","Hit(CCW,4,STRONG)",,,,,,,,0,,
4434,2,7,RandomK,45,50,10,1,"Freeze","Freeze(CW,4)",,,,,,,,0,,
4434,2,7,RandomK,45,55,11,1,"Hit","Hit(CCW,6,STRONG)",,,,,,,,0,,
7280,3,8,RandomK,45,33,0,1,"Hit","Hit(CCW,5,TOUCH)",,,,,,,,0,,
7280,3,8,RandomK,45,34,1,1,"Hit","Hit(CW,5,WEAK)",,,,,,,,0,,
7280,3,8,RandomK,45,41,2,1,"Freeze","Freeze(CCW,5)",,,,,,,,0,,
7280,3,8,RandomK,45,43,3,1,"Hit","Hit(CCW,7,TOUCH)",,,,,,,,0,,
7280,3,8,RandomK,45,44,4,1,"Hit","Hit(CW,7,WEAK)",,,,,,,,0,,
7280,3,8,RandomK,45,48,5,1,"Hit","Hit(CW,7,STRONG)",,,,,,,,0,,
7280,3,8,RandomK,45,50,6,1,"Freeze","Freeze(CW,7)",,,,,,,,0,,
7280,3,8,RandomK,45,51,7,1,"Freeze","Freeze(CCW,7)",,,,,,,,0,,
7280,3,8,RandomK,45,53,8,1,"PostGuard","PostGuard(CCW,2,0)",,,,,,,,0,,
7280,3,8,RandomK,45,54,9,1,"PostGuard","PostGuard(CW,2,1)",,,,,,,,0,,
7280,3,8,RandomK,45,55,10,1,"PostGuard","PostGuard(CCW,2,1)",,,,,,,,0,,
7280,3,8,RandomK,45,61,11,1,"PostGuard","PostGuard(CCW,4,1)",,,,,,,,0,,
7280,3,8,RandomK,45,63,12,1,"PostGuard","PostGuard(CCW,4,2)",,,,,,,,0,,
7280,3,8,RandomK,45,64,13,1,"PostGuard","PostGuard(CW,6,0)",,,,,,,,0,,
7280,3,8,RandomK,45,67,14,1,"PostGuard","PostGuard(CCW,6,1)",,,,,,,,0,,
4139,3,11,RandomK,45,2,0,1,"Draw","Draw(CW,S0)",,,,,,,,0,,
4139,3,11,RandomK,45,4,1,1,"Draw","Draw(CW,S2)",,,,,,,,0,,
4139,3,11,RandomK,45,5,2,1,"Draw","Draw(CCW,S2)",,,,,,,,0,,
4139,3,11,RandomK,45,9,3,1,"Draw","Draw(CCW,S6)",,,,,,,,0,,
4139,3,11,RandomK,45,12,4,1,"Draw","Draw(CW,L1)",,,,,,,,0,,
4139,3,11,RandomK,45,23,5,1,"Draw","Draw(CCW,L6)",,,,,,,,0,,
4139,3,11,RandomK,45,26,6,1,"PreGuard","PreGuard(CW,G3)",,,,,,,,0,,
4139,3,11,RandomK,45,33,7,1,"Hit","Hit(CCW,10,TOUCH)",,,,,,,,0,,
4139,3,11,RandomK,45,34,8,1,"Hit","Hit(CW,10,WEAK)",,,,,,,,0,,
3380,3,9,RandomK,45,5,0,1,"Draw","Draw(CCW,S2)",,,,,,,,0,,
3380,3,9,RandomK,45,6,1,1,"Draw","Draw(CW,S4)",,,,,,,,0,,
3380,3,9,RandomK,45,10,2,1,"Draw","Draw(CW,L0)",,,,,,,,0,,
3380,3,9,RandomK,45,13,3,1,"Draw","Draw(CCW,L1)",,,,,,,,0,,
3380,3,9,RandomK,45,16,4,1,"Draw","Draw(CW,L3)",,,,,,,,0,,
3380,3,9,RandomK,45,21,5,1,"Draw","Draw(CCW,L5)",,,,,,,,0,,
3380,3,9,RandomK,45,25,6,1,"Draw","Draw(CCW,L7)",,,,,,,,0,,
3380,3,9,RandomK,45,33,7,1,"Hit","Hit(CCW,2,MIDDLE)",,,,,,,,0,,
3380,3,9,RandomK,45,35,8,1,"Hit","Hit(CCW,2,STRONG)",,,,,,,,0,,
3380,3,9,RandomK,45,36,9,1,"Hit","Hit(CW,6,TOUCH)",,,,,,,,0,,
3380,3,9,RandomK,45,37,10,1,"Hit","Hit(CCW,6,TOUCH)",,,,,,,,0,,
3380,3,9,RandomK,45,43,11,1,"Hit","Hit(CCW,6,STRONG)",,,,,,,,0,,
3380,3,9,RandomK,45,51,12,1,"Hit","Hit(CCW,8,MIDDLE)",,,,,,,,0,,
4680,5,8,RandomK,45,7,0,1,"Draw","Draw(CCW,S4)",,,,,,,,0,,
4680,5,8,RandomK,45,8,1,1,"Draw","Draw(CW,S6)",,,,,,,,0,,
4680,5,8,RandomK,45,13,2,1,"Draw","Draw(CCW,L1)",,,,,,,,0,,
4680,5,8,RandomK,45,14,3,1,"Draw","Draw(CW,L2)",,,,,,,,0,,
4680,5,8,RandomK,45,15,4,1,"Draw","Draw(CCW,L2)",,,,,,,,0,,
4680,5,8,RandomK,45,16,5,1,"Draw","Draw(CW,L3)",,,,,,,,0,,
4680,5,8,RandomK,45,21,6,1,"Draw","Draw(CCW,L5)",,,,,,,,0,,
4680,5,8,RandomK,45,25,7,1,"Draw","Draw(CCW,L7)",,,,,,,,0,,
4680,5,8,RandomK,45,31,8,1,"PreGuard","PreGuard(CCW,G5)",,,,,,,,0,,
4680,5,8,RandomK,45,32,9,1,"Hit","Hit(CW,7,TOUCH)",,,,,,,,0,,
4680,5,8,RandomK,45,44,10,1,"PostGuard","PostGuard(CW,4,1)",,,,,,,,0,,
3218,7,8,RandomK,45,7,0,1,"Draw","Draw(CCW,S4)",,,,,,,,0,,
3218,7,8,RandomK,45,17,1,1,"Draw","Draw(CCW,L3)",,,,,,,,0,,
3218,7,8,RandomK,45,22,2,1,"Draw","Draw(CW,L6)",,,,,,,,0,,
3218,7,8,RandomK,45,24,3,1,"Draw","Draw(CW,L7)",,,,,,,,0,,
3218,7,8,RandomK,45,28,4,1,"PreGuard","PreGuard(CW,G4)",,,,,,,,0,,
3218,7,8,RandomK,45,32,5,1,"Hit","Hit(CW,7,TOUCH)",,,,,,,,0,,
3218,7,8,RandomK,45,39,6,1,"Hit","Hit(CCW,7,STRONG)",,,,,,,,0,,
3218,7,8,RandomK,45,40,7,1,"Freeze","Freeze(CW,7)",,,,,,,,0,,
3218,7,8,RandomK,45,43,8,1,"PostGuard","PostGuard(CCW,4,0)",,,,,,,,0,,
3218,7,8,RandomK,45,46,9,1,"PostGuard","PostGuard(CW,4,2)",,,,,,,,0,,
3218,7,8,RandomK,45,49,10,1,"PostGuard","PostGuard(CCW,6,0)",,,,,,,,0,,
8311,1,9,RandomK,45,1,0,1,"Draw","Draw(CCW,TEE)",,,,,,,,0,,
8311,1,9,RandomK,45,8,1,1,"Draw","Draw(CW,S6)",,,,,,,,0,,
8311,1,9,RandomK,45,9,2,1,"Draw","Draw(CCW,S6)",,,,,,,,0,,
8311,1,9,RandomK,45,13,3,1,"Draw","Draw(CCW,L1)",,,,,,,,0,,
8311,1,9,RandomK,45,21,4,1,"Draw","Draw(CCW,L5)",,,,,,,,0,,
8311,1,9,RandomK,45,24,5,1,"Draw","Draw(CW,L7)",,,,,,,,0,,
8311,1,9,RandomK,45,32,6,1,"Hit","Hit(CW,6,TOUCH)",,,,,,,,0,,
8311,1,9,RandomK,45,34,7,1,"Hit","Hit(CW,6,WEAK)",,,,,,,,0,,
8311,1,9,RandomK,45,39,8,1,"Hit","Hit(CCW,6,STRONG)",,,,,,,,0,,
8311,1,9,RandomK,45,44,9,1,"Hit","Hit(CW,8,WEAK)",,,,,,,,0,,
8311,1,9,RandomK,45,50,10,1,"Freeze","Freeze(CW,8)",,,,,,,,0,,
8311,1,9,RandomK,45,51,11,1,"Freeze","Freeze(CCW,8)",,,,,,,,0,,
4268,6,10,RandomK,45,4,0,1,"Draw","Draw(CW,S2)",,,,,,,,0,,
4268,6,10,RandomK,45,9,1,1,"Draw","Draw(CCW,S6)",,,,,,,,0,,
4268,6,10,RandomK,45,20,2,1,"Draw","Draw(CW,L5)",,,,,,,,0,,
4268,6,10,RandomK,45,23,3,1,"Draw","Draw(CCW,L6)",,,,,,,,0,,
4268,6,10,RandomK,45,28,4,1,"PreGuard","PreGuard(CW,G4)",,,,,,,,0,,
4268,6,10,RandomK,45,32,5,1,"Hit","Hit(CW,1,TOUCH)",,,,,,,,0,,
4268,6,10,RandomK,45,35,6,1,"Hit","Hit(CCW,1,WEAK)",,,,,,,,0,,
4268,6,10,RandomK,45,36,7,1,"Hit","Hit(CW,1,MIDDLE)",,,,,,,,0,,
4268,6,10,RandomK,45,41,8,1,"Freeze","Freeze(CCW,1)",,,,,,,,0,,
4268,6,10,RandomK,45,42,9,1,"Hit","Hit(CW,7,MIDDLE)",,,,,,,,0,,
4268,6,10,RandomK,45,43,10,1,"Hit","Hit(CCW,7,MIDDLE)",,,,,,,,0,,
4268,6,10,RandomK,45,45,11,1,"Hit","Hit(CCW,7,STRONG)",,,,,,,,0,,
4506,4,6,RandomK,45,11,0,1,"Draw","Draw(CCW,L0)",,,,,,,,0,,
4506,4,6,RandomK,45,15,1,1,"Draw","Draw(CCW,L2)",,,,,,,,0,,
4506,4,6,RandomK,45,19,2,1,"Draw","Draw(CCW,L4)",,,,,,,,0,,
4506,4,6,RandomK,45,25,3,1,"Draw","Draw(CCW,L7)",,,,,,,,0,,
4506,4,6,RandomK,45,26,4,1,"PreGuard","PreGuard(CW,G3)",,,,,,,,0,,
4506,4,6,RandomK,45,32,5,1,"Hit","Hit(CW,5,TOUCH)",,,,,,,,0,,
4506,4,6,RandomK,45,33,6,1,"Hit","Hit(CCW,5,TOUCH)",,,,,,,,0,,
4506,4,6,RandomK,45,37,7,1,"Hit","Hit(CCW,5,MIDDLE)",,,,,,,,0,,
4506,4,6,RandomK,45,41,8,1,"Freeze","Freeze(CCW,5)",,,,,,,,0,,
4506,4,6,RandomK,45,47,9,1,"PostGuard","PostGuard(CCW,4,2)",,,,,,,,0,,
722,3,9,RandomK,45,2,0,1,"Draw","Draw(CW,S0)",,,,,,,,0,,
722,3,9,RandomK,45,5,1,1,"Draw","Draw(CCW,S2)",,,,,,,,0,,
722,3,9,RandomK,45,17,2,1,"Draw","Draw(CCW,L3)",,,,,,,,0,,
722,3,9,RandomK,45,25,3,1,"Draw","Draw(CCW,L7)",,,,,,,,0,,
722,3,9,RandomK,45,27,4,1,"PreGuard","PreGuard(CCW,G3)",,,,,,,,0,,
722,3,9,RandomK,45,30,5,1,"PreGuard","PreGuard(CW,G5)",,,,,,,,0,,
722,3,9,RandomK,45,32,6,1,"Hit","Hit(CW,6,TOUCH)",,,,,,,,0,,
722,3,9,RandomK,45,33,7,1,"Hit","Hit(CCW,6,TOUCH)",,,,,,,,0,,
722,3,9,RandomK,45,43,8,1,"PostGuard","PostGuard(CCW,9,0)",,,,,,,,0,,
722,3,9,RandomK,45,44,9,1,"PostGuard","PostGuard(CW,9,1)",,,,,,,,0,,
8636,4,7,RandomK,45,1,0,1,"Draw","Draw(CCW,TEE)",,,,,,,,0,,
8636,4,7,RandomK,45,4,1,1,"Draw","Draw(CW,S2)",,,,,,,,0,,
8636,4,7,RandomK,45,6,2,1,"Draw","Draw(CW,S4)",,,,,,,,0,,
8636,4,7,RandomK,45,10,3,1,"Draw","Draw(CW,L0)",,,,,,,,0,,
8636,4,7,RandomK,45,14,4,1,"Draw","Draw(CW,L2)",,,,,,,,0,,
8636,4,7,RandomK,45,15,5,1,"Draw","Draw(CCW,L2)",,,,,,,,0,,
8636,4,7,RandomK,45,17,6,1,"Draw","Draw(CCW,L3)",,,,,,,,0,,
8636,4,7,RandomK,45,28,7,1,"PreGuard","PreGuard(CW,G4)",,,,,,,,0,,
8636,4,7,RandomK,45,33,8,1,"Hit","Hit(CCW,4,TOUCH)",,,,,,,,0,,
8636,4,7,RandomK,45,40,9,1,"Freeze","Freeze(CW,4)",,,,,,,,0,,
8636,4,7,RandomK,45,49,10,1,"Hit","Hit(CCW,6,STRONG)",,,,,,,,0,,
5832,6,7,RandomK,45,2,0,1,"Draw","Draw(CW,S0)",,,,,,,,0,,
5832,6,7,RandomK,45,18,1,1,"Draw","Draw(CW,L4)",,,,,,,,0,,
5832,6,7,RandomK,45,22,2,1,"Draw","Draw(CW,L6)",,,,,,,,0,,
5832,6,7,RandomK,45,25,3,1,"Draw","Draw(CCW,L7)",,,,,,,,0,,
5832,6,7,RandomK,45,28,4,1,"PreGuard","PreGuard(CW,G4)",,,,,,,,0,,
5832,6,7,RandomK,45,29,5,1,"PreGuard","PreGuard(CCW,G4)",,,,,,,,0,,
5832,6,7,RandomK,45,33,6,1,"Hit","Hit(CCW,0,TOUCH)",,,,,,,,0,,
5832,6,7,RandomK,45,34,7,1,"Hit","Hit(CW,0,WEAK)",,,,,,,,0,,
5832,6,7,RandomK,45,35,8,1,"Hit","Hit(CCW,0,WEAK)",,,,,,,,0,,
5832,6,7,RandomK,45,46,9,1,"Hit","Hit(CW,2,MIDDLE)",,,,,,,,0,,
5832,6,7,RandomK,45,47,10,1,"Hit","Hit(CCW,2,MIDDLE)",,,,,,,,0,,
5832,6,7,RandomK,45,48,11,1,"Hit","Hit(CW,2,STRONG)",,,,,,,,0,,
5832,6,7,RandomK,45,55,12,1,"Hit","Hit(CCW,6,WEAK)",,,,,,,,0,,
5832,6,7,RandomK,45,62,13,1,"PostGuard","PostGuard(CW,5,0)",,,,,,,,0,,
7901,3,6,RandomK,45,0,0,1,"Draw","Draw(CW,TEE)",,,,,,,,0,,
7901,3,6,RandomK,45,2,1,1,"Draw","Draw(CW,S0)",,,,,,,,0,,
7901,3,6,RandomK,45,7,2,1,"Draw","Draw(CCW,S4)",,,,,,,,0,,
7901,3,6,RandomK,45,16,3,1,"Draw","Draw(CW,L3)",,,,,,,,0,,
7901,3,6,RandomK,45,20,4,1,"Draw","Draw(CW,L5)",,,,,,,,0,,
7901,3,6,RandomK,45,24,5,1,"Draw","Draw(CW,L7)",,,,,,,,0,,
7901,3,6,RandomK,45,26,6,1,"PreGuard","PreGuard(CW,G3)",,,,,,,,0,,
7901,3,6,RandomK,45,30,7,1,"PreGuard","PreGuard(CW,G5)",,,,,,,,0,,
7901,3,6,RandomK,45,34,8,1,"Hit","Hit(CW,3,WEAK)",,,,,,,,0,,
7901,3,6,RandomK,45,39,9,1,"Hit","Hit(CCW,3,STRONG)",,,,,,,,0,,
7901,3,6,RandomK,45,43,10,1,"Hit","Hit(CCW,5,TOUCH)",,,,,,,,0,,
7901,3,6,RandomK,45,51,11,1,"Freeze","Freeze(CCW,5)",,,,,,,,0,,
7901,3,6,RandomK,45,54,12,1,"PostGuard","PostGuard(CW,2,1)",,,,,,,,0,,
6255,6,6,RandomK,45,1,0,1,"Draw","Draw(CCW,TEE)",,,,,,,,0,,
6255,6,6,RandomK,45,15,1,1,"Draw","Draw(CCW,L2)",,,,,,,,0,,
6255,6,6,RandomK,45,20,2,1,"Draw","Draw(CW,L5)",,,,,,,,0,,
6255,6,6,RandomK,45,25,3,1,"Draw","Draw(CCW,L7)",,,,,,,,0,,
6255,6,6,RandomK,45,30,4,1,"PreGuard","PreGuard(CW,G5)",,,,,,,,0,,
6255,6,6,RandomK,45,31,5,1,"PreGuard","PreGuard(CCW,G5)",,,,,,,,0,,
6255,6,6,RandomK,45,41,6,1,"Freeze","Freeze(CCW,1)",,,,,,,,0,,
6255,6,6,RandomK,45,44,7,1,"Hit","Hit(CW,5,WEAK)",,,,,,,,0,,
6255,6,6,RandomK,45,49,8,1,"Hit","Hit(CCW,5,STRONG)",,,,,,,,0,,
6255,6,6,RandomK,45,51,9,1,"Freeze","Freeze(CCW,5)",,,,,,,,0,,
6255,6,6,RandomK,45,52,10,1,"Pass","Pass",,,,,,,,0,,
6016,1,9,RandomK,45,2,0,1,"Draw","Draw(CW,S0)",,,,,,,,0,,
6016,1,9,RandomK,45,9,1,1,"Draw","Draw(CCW,S6)",,,,,,,,0,,
6016,1,9,RandomK,45,31,2,1,"PreGuard","PreGuard(CCW,G5)",,,,,,,,0,,
6016,1,9,RandomK,45,40,3,1,"Freeze","Freeze(CW,2)",,,,,,,,0,,
6016,1,9,RandomK,45,41,4,1,"Freeze","Freeze(CCW,2)",,,,,,,,0,,
6016,1,9,RandomK,45,46,5,1,"Hit","Hit(CW,4,MIDDLE)",,,,,,,,0,,
6016,1,9,RandomK,45,50,6,1,"Freeze","Freeze(CW,4)",,,,,,,,0,,
6016,1,9,RandomK,45,60,7,1,"Freeze","Freeze(CW,6)",,,,,,,,0,,
6016,1,9,RandomK,45,61,8,1,"Freeze","Freeze(CCW,6)",,,,,,,,0,,
6016,1,9,RandomK,45,62,9,1,"Hit","Hit(CW,8,TOUCH)",,,,,,,,0,,
6016,1,9,RandomK,45,66,10,1,"Hit","Hit(CW,8,MIDDLE)",,,,,,,,0,,
6016,1,9,RandomK,45,67,11,1,"Hit","Hit(CCW,8,MIDDLE)",,,,,,,,0,,
6016,1,9,RandomK,45,68,12,1,"Hit","Hit(CW,8,STRONG)",,,,,,,,0,,
6016,1,9,RandomK,45,70,13,1,"Freeze","Freeze(CW,8)",,,,,,,,0,,
6016,1,9,RandomK,45,76,14,1,"PostGuard","PostGuard(CW,5,2)",,,,,,,,0,,
6016,1,9,RandomK,45,82,15,1,"PostGuard","PostGuard(CW,7,2)",,,,,,,,0,,
6016,1,9,RandomK,45,84,16,1,"Pass","Pass",,,,,,,,0,,
9499,6,8,RandomK,45,2,0,1,"Draw","Draw(CW,S0)",,,,,,,,0,,
9499,6,8,RandomK,45,3,1,1,"Draw","Draw(CCW,S0)",,,,,,,,0,,
9499,6,8,RandomK,45,13,2,1,"Draw","Draw(CCW,L1)",,,,,,,,0,,
9499,6,8,RandomK,45,16,3,1,"Draw","Draw(CW,L3)",,,,,,,,0,,
9499,6,8,RandomK,45,18,4,1,"Draw","Draw(CW,L4)",,,,,,,,0,,
9499,6,8,RandomK,45,24,5,1,"Draw","Draw(CW,L7)",,,,,,,,0,,
9499,6,8,RandomK,45,35,6,1,"Hit","Hit(CCW,5,WEAK)",,,,,,,,0,,
9499,6,8,RandomK,45,36,7,1,"Hit","Hit(CW,5,MIDDLE)",,,,,,,,0,,
9499,6,8,RandomK,45,38,8,1,"Hit","Hit(CW,5,STRONG)",,,,,,,,0,,
9499,6,8,RandomK,45,48,9,1,"Pass","Pass",,,,,,,,0,,
7303,5,7,RandomK,45,10,0,1,"Draw","Draw(CW,L0)",,,,,,,,0,,
7303,5,7,RandomK,45,11,1,1,"Draw","Draw(CCW,L0)",,,,,,,,0,,
7303,5,7,RandomK,45,18,2,1,"Draw","Draw(CW,L4)",,,,,,,,0,,
7303,5,7,RandomK,45,19,3,1,"Draw","Draw(CCW,L4)",,,,,,,,0,,
7303,5,7,RandomK,45,20,4,1,"Draw","Draw(CW,L5)",,,,,,,,0,,
7303,5,7,RandomK,45,21,5,1,"Draw","Draw(CCW,L5)",,,,,,,,0,,
7303,5,7,RandomK,45,26,6,1,"PreGuard","PreGuard(CW,G3)",,,,,,,,0,,
7303,5,7,RandomK,45,27,7,1,"PreGuard","PreGuard(CCW,G3)",,,,,,,,0,,
7303,5,7,RandomK,45,35,8,1,"Hit","Hit(CCW,2,STRONG)",,,,,,,,0,,
7303,5,7,RandomK,45,39,9,1,"Hit","Hit(CCW,4,WEAK)",,,,,,,,0,,
7303,5,7,RandomK,45,47,10,1,"PostGuard","PostGuard(CCW,7,0)",,,,,,,,0,,
5203,3,7,RandomK,45,2,0,1,"Draw","Draw(CW,S0)",,,,,,,,0,,
5203,3,7,RandomK,45,4,1,1,"Draw","Draw(CW,S2)",,,,,,,,0,,
5203,3,7,RandomK,45,14,2,1,"Draw","Draw(CW,L2)",,,,,,,,0,,
5203,3,7,RandomK,45,15,3,1,"Draw","Draw(CCW,L2)",,,,,,,,0,,
5203,3,7,RandomK,45,18,4,1,"Draw","Draw(CW,L4)",,,,,,,,0,,
5203,3,7,RandomK,45,33,5,1,"Hit","Hit(CCW,4,MIDDLE)",,,,,,,,0,,
5203,3,7,RandomK,45,38,6,1,"Hit","Hit(CW,6,WEAK)",,,,,,,,0,,
5203,3,7,RandomK,45,40,7,1,"Hit","Hit(CW,6,MIDDLE)",,,,,,,,0,,
5203,3,7,RandomK,45,41,8,1,"Hit","Hit(CCW,6,MIDDLE)",,,,,,,,0,,
5203,3,7,RandomK,45,46,9,1,"Pass","Pass",,,,,,,,0,,
8478,6,6,RandomK,45,3,0,1,"Draw","Draw(CCW,S0)",,,,,,,,0,,
8478,6,6,RandomK,45,8,1,1,"Draw","Draw(CW,S6)",,,,,,,,0,,
8478,6,6,RandomK,45,11,2,1,"Draw","Draw(CCW,L0)",,,,,,,,0,,
8478,6,6,RandomK,45,13,3,1,"Draw","Draw(CCW,L1)",,,,,,,,0,,
8478,6,6,RandomK,45,20,4,1,"Draw","Draw(CW,L5)",,,,,,,,0,,
8478,6,6,RandomK,45,24,5,1,"Draw","Draw(CW,L7)",,,,,,,,0,,
8478,6,6,RandomK,45,31,6,1,"PreGuard","PreGuard(CCW,G5)",,,,,,,,0,,
8478,6,6,RandomK,45,34,7,1,"Hit","Hit(CW,1,WEAK)",,,,,,,,0,,
8478,6,6,RandomK,45,35,8,1,"Hit","Hit(CCW,1,WEAK)",,,,,,,,0,,
8478,6,6,RandomK,45,41,9,1,"Freeze","Freeze(CCW,1)",,,,,,,,0,,
8478,6,6,RandomK,45,49,10,1,"Hit","Hit(CCW,5,STRONG)",,,,,,,,0,,
9796,3,6,RandomK,45,5,0,1,"Draw","Draw(CCW,S2)",,,,,,,,0,,
9796,3,6,RandomK,45,7,1,1,"Draw","Draw(CCW,S4)",,,,,,,,0,,
9796,3,6,RandomK,45,13,2,1,"Draw","Draw(CCW,L1)",,,,,,,,0,,
9796,3,6,RandomK,45,15,3,1,"Draw","Draw(CCW,L2)",,,,,,,,0,,
9796,3,6,RandomK,45,17,4,1,"Draw","Draw(CCW,L3)",,,,,,,,0,,
9796,3,6,RandomK,45,23,5,1,"Draw","Draw(CCW,L6)",,,,,,,,0,,
9796,3,6,RandomK,45,36,6,1,"Hit","Hit(CW,5,MIDDLE)",,,,,,,,0,,
9796,3,6,RandomK,45,37,7,1,"Hit","Hit(CCW,5,MIDDLE)",,,,,,,,0,,
9796,3,6,RandomK,45,47,8,1,"PostGuard","PostGuard(CCW,0,2)",,,,,,,,0,,
9796,3,6,RandomK,45,48,9,1,"PostGuard","PostGuard(CW,4,0)",,,,,,,,0,,
9796,3,6,RandomK,45,52,10,1,"PostGuard","PostGuard(CW,4,2)",,,,,,,,0,,
683,3,7,RandomK,45,3,0,1,"Draw","Draw(CCW,S0)",,,,,,,,0,,
683,3,7,RandomK,45,4,1,1,"Draw","Draw(CW,S2)",,,,,,,,0,,
683,3,7,RandomK,45,7,2,1,"Draw","Draw(CCW,S4)",,,,,,,,0,,
683,3,7,RandomK,45,10,3,1,"Draw","Draw(CW,L0)",,,,,,,,0,,
683,3,7,RandomK,45,17,4,1,"Draw","Draw(CCW,L3)",,,,,,,,0,,
683,3,7,RandomK,45,20,5,1,"Draw","Draw(CW,L5)",,,,,,,,0,,
683,3,7,RandomK,45,31,6,1,"PreGuard","PreGuard(CCW,G5)",,,,,,,,0,,
683,3,7,RandomK,45,33,7,1,"Hit","Hit(CCW,2,TOUCH)",,,,,,,,0,,
683,3,7,RandomK,45,36,8,1,"Hit","Hit(CW,2,MIDDLE)",,,,,,,,0,,
683,3,7,RandomK,45,37,9,1,"Hit","Hit(CCW,2,MIDDLE)",,,,,,,,0,,
683,3,7,RandomK,45,38,10,1,"Hit","Hit(CW,2,STRONG)",,,,,,,,0,,
683,3,7,RandomK,45,47,11,1,"Hit","Hit(CCW,4,MIDDLE)",,,,,,,,0,,
683,3,7,RandomK,45,61,12,1,"PostGuard","PostGuard(CCW,5,1)",,,,,,,,0,,
683,3,7,RandomK,45,66,13,1,"PostGuard","PostGuard(CW,7,1)",,,,,,,,0,,
683,3,7,RandomK,45,68,14,1,"PostGuard","PostGuard(CW,7,2)",,,,,,,,0,,
2726,2,8,RandomK,45,3,0,1,"Draw","Draw(CCW,S0)",,,,,,,,0,,
2726,2,8,RandomK,45,15,1,1,"Draw","Draw(CCW,L2)",,,,,,,,0,,
2726,2,8,RandomK,45,16,2,1,"Draw","Draw(CW,L3)",,,,,,,,0,,
2726,2,8,RandomK,45,26,3,1,"PreGuard","PreGuard(CW,G3)",,,,,,,,0,,
2726,2,8,RandomK,45,34,4,1,"Hit","Hit(CW,7,WEAK)",,,,,,,,0,,
2726,2,8,RandomK,45,38,5,1,"Hit","Hit(CW,7,STRONG)",,,,,,,,0,,
2726,2,8,RandomK,45,41,6,1,"Freeze","Freeze(CCW,7)",,,,,,,,0,,
2726,2,8,RandomK,45,46,7,1,"PostGuard","PostGuard(CW,4,2)",,,,,,,,0,,
2726,2,8,RandomK,45,47,8,1,"PostGuard","PostGuard(CCW,4,2)",,,,,,,,0,,
2726,2,8,RandomK,45,48,9,1,"PostGuard","PostGuard(CW,6,0)",,,,,,,,0,,
2726,2,8,RandomK,45,53,10,1,"PostGuard","PostGuard(CCW,6,2)",,,,,,,,0,,
6629,5,9,RandomK,45,7,0,1,"Draw","Draw(CCW,S4)",,,,,,,,0,,
6629,5,9,RandomK,45,11,1,1,"Draw","Draw(CCW,L0)",,,,,,,,0,,
6629,5,9,RandomK,45,13,2,1,"Draw","Draw(CCW,L1)",,,,,,,,0,,
6629,5,9,RandomK,45,24,3,1,"Draw","Draw(CW,L7)",,,,,,,,0,,
6629,5,9,RandomK,45,26,4,1,"PreGuard","PreGuard(CW,G3)",,,,,,,,0,,
6629,5,9,RandomK,45,27,5,1,"PreGuard","PreGuard(CCW,G3)",,,,,,,,0,,
6629,5,9,RandomK,45,31,6,1,"PreGuard","PreGuard(CCW,G5)",,,,,,,,0,,
6629,5,9,RandomK,45,33,7,1,"Hit","Hit(CCW,8,TOUCH)",,,,,,,,0,,
6629,5,9,RandomK,45,37,8,1,"Hit","Hit(CCW,8,MIDDLE)",,,,,,,,0,,
4696,5,11,RandomK,45,0,0,1,"Draw","Draw(CW,TEE)",,,,,,,,0,,
4696,5,11,RandomK,45,22,1,1,"Draw","Draw(CW,L6)",,,,,,,,0,,
4696,5,11,RandomK,45,29,2,1,"PreGuard","PreGuard(CCW,G4)",,,,,,,,0,,
4696,5,11,RandomK,45,32,3,1,"Hit","Hit(CW,6,TOUCH)",,,,,,,,0,,
4696,5,11,RandomK,45,35,4,1,"Hit","Hit(CCW,6,WEAK)",,,,,,,,0,,
4696,5,11,RandomK,45,36,5,1,"Hit","Hit(CW,6,MIDDLE)",,,,,,,,0,,
4696,5,11,RandomK,45,40,6,1,"Freeze","Freeze(CW,6)",,,,,,,,0,,
4696,5,11,RandomK,45,41,7,1,"Freeze","Freeze(CCW,6)",,,,,,,,0,,
4696,5,11,RandomK,45,49,8,1,"Hit","Hit(CCW,10,STRONG)",,,,,,,,0,,
4696,5,11,RandomK,45,50,9,1,"Freeze","Freeze(CW,10)",,,,,,,,0,,
4696,5,11,RandomK,45,52,10,1,"Pass","Pass",,,,,,,,0,,
2277,1,8,RandomK,45,0,0,1,"Draw","Draw(CW,TEE)",,,,,,,,0,,
2277,1,8,RandomK,45,1,1,1,"Draw","Draw(CCW,TEE)",,,,,,,,0,,
2277,1,8,RandomK,45,8,2,1,"Draw","Draw(CW,S6)",,,,,,,,0,,
2277,1,8,RandomK,45,26,3,1,"PreGuard","PreGuard(CW,G3)",,,,,,,,0,,
2277,1,8,RandomK,45,27,4,1,"PreGuard","PreGuard(CCW,G3)",,,,,,,,0,,
2277,1,8,RandomK,45,29,5,1,"PreGuard","PreGuard(CCW,G4)",,,,,,,,0,,
2277,1,8,RandomK,45,38,6,1,"Hit","Hit(CW,7,STRONG)",,,,,,,,0,,
2277,1,8,RandomK,45,39,7,1,"Hit","Hit(CCW,7,STRONG)",,,,,,,,0,,
2277,1,8,RandomK,45,41,8,1,"Freeze","Freeze(CCW,7)",,,,,,,,0,,
2277,1,8,RandomK,45,44,9,1,"PostGuard","PostGuard(CW,2,1)",,,,,,,,0,,
2277,1,8,RandomK,45,51,10,1,"PostGuard","PostGuard(CCW,6,1)",,,,,,,,0,,
1865,3,7,RandomK,45,5,0,1,"Draw","Draw(CCW,S2)",,,,,,,,0,,
1865,3,7,RandomK,45,17,1,1,"Draw","Draw(CCW,L3)",,,,,,,,0,,
1865,3,7,RandomK,45,22,2,1,"Draw","Draw(CW,L6)",,,,,,,,0,,
1865,3,7,RandomK,45,26,3,1,"PreGuard","PreGuard(CW,G3)",,,,,,,,0,,
1865,3,7,RandomK,45,27,4,1,"PreGuard","PreGuard(CCW,G3)",,,,,,,,0,,
1865,3,7,RandomK,45,32,5,1,"Hit","Hit(CW,4,TOUCH)",,,,,,,,0,,
1865,3,7,RandomK,45,33,6,1,"Hit","Hit(CCW,4,TOUCH)",,,,,,,,0,,
1865,3,7,RandomK,45,36,7,1,"Hit","Hit(CW,4,MIDDLE)",,,,,,,,0,,
1865,3,7,RandomK,45,43,8,1,"PostGuard","PostGuard(CCW,5,0)",,,,,,,,0,,
1865,3,7,RandomK,45,46,9,1,"PostGuard","PostGuard(CW,5,2)",,,,,,,,0,,
1865,3,7,RandomK,45,53,10,1,"PostGuard","PostGuard(CCW,7,2)",,,,,,,,0,,
5332,3,10,RandomK,45,2,0,1,"Draw","Draw(CW,S0)",,,,,,,,0,,
5332,3,10,RandomK,45,8,1,1,"Draw","Draw(CW,S6)",,,,,,,,0,,
5332,3,10,RandomK,45,9,2,1,"Draw","Draw(CCW,S6)",,,,,,,,0,,
5332,3,10,RandomK,45,12,3,1,"Draw","Draw(CW,L1)",,,,,,,,0,,
5332,3,10,RandomK,45,13,4,1,"Draw","Draw(CCW,L1)",,,,,,,,0,,
5332,3,10,RandomK,45,16,5,1,"Draw","Draw(CW,L3)",,,,,,,,0,,
5332,3,10,RandomK,45,32,6,1,"Hit","Hit(CW,9,TOUCH)",,,,,,,,0,,
5332,3,10,RandomK,45,38,7,1,"Hit","Hit(CW,9,STRONG)",,,,,,,,0,,
5332,3,10,RandomK,45,39,8,1,"Hit","Hit(CCW,9,STRONG)",,,,,,,,0,,
6945,4,7,RandomK,45,1,0,1,"Draw","Draw(CCW,TEE)",,,,,,,,0,,
6945,4,7,RandomK,45,2,1,1,"Draw","Draw(CW,S0)",,,,,,,,0,,
6945,4,7,RandomK,45,5,2,1,"Draw","Draw(CCW,S2)",,,,,,,,0,,
6945,4,7,RandomK,45,8,3,1,"Draw","Draw(CW,S6)",,,,,,,,0,,
6945,4,7,RandomK,45,9,4,1,"Draw","Draw(CCW,S6)",,,,,,,,0,,
6945,4,7,RandomK,45,13,5,1,"Draw","Draw(CCW,L1)",,,,,,,,0,,
6945,4,7,RandomK,45,16,6,1,"Draw","Draw(CW,L3)",,,,,,,,0,,
6945,4,7,RandomK,45,17,7,1,"Draw","Draw(CCW,L3)",,,,,,,,0,,
6945,4,7,RandomK,45,18,8,1,"Draw","Draw(CW,L4)",,,,,,,,0,,
6945,4,7,RandomK,45,24,9,1,"Draw","Draw(CW,L7)",,,,,,,,0,,
6945,4,7,RandomK,45,26,10,1,"PreGuard","PreGuard(CW,G3)",,,,,,,,0,,
6945,4,7,RandomK,45,51,11,1,"Freeze","Freeze(CCW,4)",,,,,,,,0,,
6945,4,7,RandomK,45,53,12,1,"Hit","Hit(CCW,6,TOUCH)",,,,,,,,0,,
6945,4,7,RandomK,45,62,13,1,"PostGuard","PostGuard(CW,3,0)",,,,,,,,0,,
6945,4,7,RandomK,45,69,14,1,"PostGuard","PostGuard(CCW,5,0)",,,,,,,,0,,
9501,0,11,RandomK,45,2,0,1,"Draw","Draw(CW,S0)",,,,,,,,0,,
9501,0,11,RandomK,45,3,1,1,"Draw","Draw(CCW,S0)",,,,,,,,0,,
9501,0,11,RandomK,45,9,2,1,"Draw","Draw(CCW,S6)",,,,,,,,0,,
9501,0,11,RandomK,45,22,3,1,"Draw","Draw(CW,L6)",,,,,,,,0,,
9501,0,11,RandomK,45,25,4,1,"Draw","Draw(CCW,L7)",,,,,,,,0,,
9501,0,11,RandomK,45,28,5,1,"PreGuard","PreGuard(CW,G4)",,,,,,,,0,,
9501,0,11,RandomK,45,30,6,1,"PreGuard","PreGuard(CW,G5)",,,,,,,,0,,
9501,0,11,RandomK,45,36,7,1,"Hit","Hit(CW,6,MIDDLE)",,,,,,,,0,,
9501,0,11,RandomK,45,40,8,1,"Freeze","Freeze(CW,6)",,,,,,,,0,,
9501,0,11,RandomK,45,49,9,1,"Hit","Hit(CCW,8,STRONG)",,,,,,,,0,,
9501,0,11,RandomK,45,52,10,1,"Hit","Hit(CW,10,TOUCH)",,,,,,,,0,,
9501,0,11,RandomK,45,54,11,1,"Hit","Hit(CW,10,WEAK)",,,,,,,,0,,
9501,0,11,RandomK,45,57,12,1,"Hit","Hit(CCW,10,MIDDLE)",,,,,,,,0,,
9501,0,11,RandomK,45,65,13,1,"PostGuard","PostGuard(CCW,5,1)",,,,,,,,0,,
9501,0,11,RandomK,45,69,14,1,"PostGuard","PostGuard(CCW,7,0)",,,,,,,,0,,
9501,0,11,RandomK,45,73,15,1,"PostGuard","PostGuard(CCW,7,2)",,,,,,,,0,,
9501,0,11,RandomK,45,75,16,1,"PostGuard","PostGuard(CCW,9,0)",,,,,,,,0,,
977,6,10,RandomK,45,6,0,1,"Draw","Draw(CW,S4)",,,,,,,,0,,
977,6,10,RandomK,45,12,1,1,"Draw","Draw(CW,L1)",,,,,,,,0,,
977,6,10,RandomK,45,13,2,1,"Draw","Draw(CCW,L1)",,,,,,,,0,,
977,6,10,RandomK,45,14,3,1,"Draw","Draw(CW,L2)",,,,,,,,0,,
977,6,10,RandomK,45,20,4,1,"Draw","Draw(CW,L5)",,,,,,,,0,,
977,6,10,RandomK,45,21,5,1,"Draw","Draw(CCW,L5)",,,,,,,,0,,
977,6,10,RandomK,45,36,6,1,"Hit","Hit(CW,9,MIDDLE)",,,,,,,,0,,
977,6,10,RandomK,45,37,7,1,"Hit","Hit(CCW,9,MIDDLE)",,,,,,,,0,,
977,6,10,RandomK,45,46,8,1,"PostGuard","PostGuard(CW,2,2)",,,,,,,,0,,
977,6,10,RandomK,45,49,9,1,"PostGuard","PostGuard(CCW,6,0)",,,,,,,,0,,
977,6,10,RandomK,45,52,10,1,"PostGuard","PostGuard(CW,6,2)",,,,,,,,0,,
977,6,10,RandomK,45,53,11,1,"PostGuard","PostGuard(CCW,6,2)",,,,,,,,0,,
977,6,10,RandomK,45,59,12,1,"PostGuard","PostGuard(CCW,8,2)",,,,,,,,0,,
1228,0,11,RandomK,45,1,0,1,"Draw","Draw(CCW,TEE)",,,,,,,,0,,
1228,0,11,RandomK,45,4,1,1,"Draw","Draw(CW,S2)",,,,,,,,0,,
1228,0,11,RandomK,45,9,2,1,"Draw","Draw(CCW,S6)",,,,,,,,0,,
1228,0,11,RandomK,45,10,3,1,"Draw","Draw(CW,L0)",,,,,,,,0,,
1228,0,11,RandomK,45,12,4,1,"Draw","Draw(CW,L1)",,,,,,,,0,,
1228,0,11,RandomK,45,14,5,1,"Draw","Draw(CW,L2)",,,,,,,,0,,
1228,0,11,RandomK,45,15,6,1,"Draw","Draw(CCW,L2)",,,,,,,,0,,
1228,0,11,RandomK,45,21,7,1,"Draw","Draw(CCW,L5)",,,,,,,,0,,
1228,0,11,RandomK,45,22,8,1,"Draw","Draw(CW,L6)",,,,,,,,0,,
1228,0,11,RandomK,45,26,9,1,"PreGuard","PreGuard(CW,G3)",,,,,,,,0,,
1228,0,11,RandomK,45,29,10,1,"PreGuard","PreGuard(CCW,G4)",,,,,,,,0,,
1228,0,11,RandomK,45,36,11,1,"Hit","Hit(CW,8,MIDDLE)",,,,,,,,0,,
1228,0,11,RandomK,45,48,12,1,"Hit","Hit(CW,10,STRONG)",,,,,,,,0,,
1228,0,11,RandomK,45,64,13,1,"PostGuard","PostGuard(CW,9,0)",,,,,,,,0,,
1228,0,11,RandomK,45,66,14,1,"PostGuard","PostGuard(CW,9,1)",,,,,,,,0,,
8219,0,14,RandomK,45,0,0,1,"Draw","Draw(CW,TEE)",,,,,,,,0,,
8219,0,14,RandomK,45,5,1,1,"Draw","Draw(CCW,S2)",,,,,,,,0,,
8219,0,14,RandomK,45,15,2,1,"Draw","Draw(CCW,L2)",,,,,,,,0,,
8219,0,14,RandomK,45,18,3,1,"Draw","Draw(CW,L4)",,,,,,,,0,,
8219,0,14,RandomK,45,22,4,1,"Draw","Draw(CW,L6)",,,,,,,,0,,
8219,0,14,RandomK,45,25,5,1,"Draw","Draw(CCW,L7)",,,,,,,,0,,
8219,0,14,RandomK,45,30,6,1,"PreGuard","PreGuard(CW,G5)",,,,,,,,0,,
8219,0,14,RandomK,45,34,7,1,"Hit","Hit(CW,9,WEAK)",,,,,,,,0,,
8219,0,14,RandomK,45,39,8,1,"Hit","Hit(CCW,9,STRONG)",,,,,,,,0,,
8219,0,14,RandomK,45,42,9,1,"PostGuard","PostGuard(CW,8,0)",,,,,,,,0,,
8219,0,14,RandomK,45,45,10,1,"PostGuard","PostGuard(CCW,8,1)",,,,,,,,0,,
4456,4,12,RandomK,45,5,0,1,"Draw","Draw(CCW,S2)",,,,,,,,0,,
4456,4,12,RandomK,45,15,1,1,"Draw","Draw(CCW,L2)",,,,,,,,0,,
4456,4,12,RandomK,45,20,2,1,"Draw","Draw(CW,L5)",,,,,,,,0,,
4456,4,12,RandomK,45,21,3,1,"Draw","Draw(CCW,L5)",,,,,,,,0,,
4456,4,12,RandomK,45,23,4,1,"Draw","Draw(CCW,L6)",,,,,,,,0,,
4456,4,12,RandomK,45,38,5,1,"Hit","Hit(CW,1,STRONG)",,,,,,,,0,,
4456,4,12,RandomK,45,41,6,1,"Freeze","Freeze(CCW,1)",,,,,,,,0,,
4456,4,12,RandomK,45,42,7,1,"Hit","Hit(CW,7,TOUCH)",,,,,,,,0,,
4456,4,12,RandomK,45,51,8,1,"Freeze","Freeze(CCW,7)",,,,,,,,0,,
4456,4,12,RandomK,45,61,9,1,"Freeze","Freeze(CCW,9)",,,,,,,,0,,
4456,4,12,RandomK,45,66,10,1,"Hit","Hit(CW,11,MIDDLE)",,,,,,,,0,,
4456,4,12,RandomK,45,67,11,1,"Hit","Hit(CCW,11,MIDDLE)",,,,,,,,0,,
4456,4,12,RandomK,45,72,12,1,"PostGuard","PostGuard(CW,2,0)",,,,,,,,0,,
4456,4,12,RandomK,45,75,13,1,"PostGuard","PostGuard(CCW,2,1)",,,,,,,,0,,
4456,4,12,RandomK,45,76,14,1,"PostGuard","PostGuard(CW,2,2)",,,,,,,,0,,
4456,4,12,RandomK,45,81,15,1,"PostGuard","PostGuard(CCW,6,1)",,,,,,,,0,,
4456,4,12,RandomK,45,82,16,1,"PostGuard","PostGuard(CW,6,2)",,,,,,,,0,,
4456,4,12,RandomK,45,84,17,1,"PostGuard","PostGuard(CW,8,0)",,,,,,,,0,,
4456,4,12,RandomK,45,88,18,1,"PostGuard","PostGuard(CW,8,2)",,,,,,,,0,,
4456,4,12,RandomK,45,91,19,1,"PostGuard","PostGuard(CCW,10,0)",,,,,,,,0,,
4153,2,14,RandomK,45,3,0,1,"Draw","Draw(CCW,S0)",,,,,,,,0,,
4153,2,14,RandomK,45,14,1,1,"Draw","Draw(CW,L2)",,,,,,,,0,,
4153,2,14,RandomK,45,15,2,1,"Draw","Draw(CCW,L2)",,,,,,,,0,,
4153,2,14,RandomK,45,23,3,1,"Draw","Draw(CCW,L6)",,,,,,,,0,,
4153,2,14,RandomK,45,27,4,1,"PreGuard","PreGuard(CCW,G3)",,,,,,,,0,,
4153,2,14,RandomK,45,28,5,1,"PreGuard","PreGuard(CW,G4)",,,,,,,,0,,
4153,2,14,RandomK,45,35,6,1,"Hit","Hit(CCW,13,WEAK)",,,,,,,,0,,
4153,2,14,RandomK,45,38,7,1,"Hit","Hit(CW,13,STRONG)",,,,,,,,0,,
4153,2,14,RandomK,45,43,8,1,"PostGuard","PostGuard(CCW,2,0)",,,,,,,,0,,
4153,2,14,RandomK,45,48,9,1,"PostGuard","PostGuard(CW,6,0)",,,,,,,,0,,
4153,2,14,RandomK,45,50,10,1,"PostGuard","PostGuard(CW,6,1)",,,,,,,,0,,
4153,2,14,RandomK,45,55,11,1,"PostGuard","PostGuard(CCW,12,0)",,,,,,,,0,,
4153,2,14,RandomK,45,59,12,1,"PostGuard","PostGuard(CCW,12,2)",,,,,,,,0,,
1759,1,14,RandomK,45,5,0,1,"Draw","Draw(CCW,S2)",,,,,,,,0,,
1759,1,14,RandomK,45,17,1,1,"Draw","Draw(CCW,L3)",,,,,,,,0,,
1759,1,14,RandomK,45,19,2,1,"Draw","Draw(CCW,L4)",,,,,,,,0,,
1759,1,14,RandomK,45,31,3,1,"PreGuard","PreGuard(CCW,G5)",,,,,,,,0,,
1759,1,14,RandomK,45,35,4,1,"Hit","Hit(CCW,13,WEAK)",,,,,,,,0,,
1759,1,14,RandomK,45,37,5,1,"Hit","Hit(CCW,13,MIDDLE)",,,,,,,,0,,
1759,1,14,RandomK,45,38,6,1,"Hit","Hit(CW,13,STRONG)",,,,,,,,0,,
1759,1,14,RandomK,45,39,7,1,"Hit","Hit(CCW,13,STRONG)",,,,,,,,0,,
1759,1,14,RandomK,45,45,8,1,"PostGuard","PostGuard(CCW,12,1)",,,,,,,,0,,
1759,1,14,RandomK,45,47,9,1,"PostGuard","PostGuard(CCW,12,2)",,,,,,,,0,,
9824,0,13,RandomK,45,6,0,1,"Draw","Draw(CW,S4)",,,,,,,,0,,
9824,0,13,RandomK,45,10,1,1,"Draw","Draw(CW,L0)",,,,,,,,0,,
9824,0,13,RandomK,45,14,2,1,"Draw","Draw(CW,L2)",,,,,,,,0,,
9824,0,13,RandomK,45,23,3,1,"Draw","Draw(CCW,L6)",,,,,,,,0,,
9824,0,13,RandomK,45,26,4,1,"PreGuard","PreGuard(CW,G3)",,,,,,,,0,,
9824,0,13,RandomK,45,27,5,1,"PreGuard","PreGuard(CCW,G3)",,,,,,,,0,,
9824,0,13,RandomK,45,49,6,1,"Hit","Hit(CCW,8,STRONG)",,,,,,,,0,,
9824,0,13,RandomK,45,51,7,1,"Freeze","Freeze(CCW,8)",,,,,,,,0,,
9824,0,13,RandomK,45,53,8,1,"Hit","Hit(CCW,10,TOUCH)",,,,,,,,0,,
9824,0,13,RandomK,45,55,9,1,"Hit","Hit(CCW,10,WEAK)",,,,,,,,0,,
9824,0,13,RandomK,45,59,10,1,"Hit","Hit(CCW,10,STRONG)",,,,,,,,0,,
9824,0,13,RandomK,45,60,11,1,"Freeze","Freeze(CW,10)",,,,,,,,0,,
9824,0,13,RandomK,45,66,12,1,"Hit","Hit(CW,12,MIDDLE)",,,,,,,,0,,
9824,0,13,RandomK,45,68,13,1,"Hit","Hit(CW,12,STRONG)",,,,,,,,0,,
9824,0,13,RandomK,45,70,14,1,"Freeze","Freeze(CW,12)",,,,,,,,0,,
9824,0,13,RandomK,45,78,15,1,"Pass","Pass",,,,,,,,0,,
713,2,12,RandomK,45,1,0,1,"Draw","Draw(CCW,TEE)",,,,,,,,0,,
713,2,12,RandomK,45,3,1,1,"Draw","Draw(CCW,S0)",,,,,,,,0,,
713,2,12,RandomK,45,6,2,1,"Draw","Draw(CW,S4)",,,,,,,,0,,
713,2,12,RandomK,45,13,3,1,"Draw","Draw(CCW,L1)",,,,,,,,0,,
713,2,12,RandomK,45,18,4,1,"Draw","Draw(CW,L4)",,,,,,,,0,,
713,2,12,RandomK,45,21,5,1,"Draw","Draw(CCW,L5)",,,,,,,,0,,
713,2,12,RandomK,45,27,6,1,"PreGuard","PreGuard(CCW,G3)",,,,,,,,0,,
713,2,12,RandomK,45,29,7,1,"PreGuard","PreGuard(CCW,G4)",,,,,,,,0,,
713,2,12,RandomK,45,31,8,1,"PreGuard","PreGuard(CCW,G5)",,,,,,,,0,,
713,2,12,RandomK,45,44,9,1,"PostGuard","PostGuard(CW,2,1)",,,,,,,,0,,
713,2,12,RandomK,45,46,10,1,"PostGuard","PostGuard(CW,2,2)",,,,,,,,0,,
6477,0,14,RandomK,45,12,0,1,"Draw","Draw(CW,L1)",,,,,,,,0,,
6477,0,14,RandomK,45,14,1,1,"Draw","Draw(CW,L2)",,,,,,,,0,,
6477,0,14,RandomK,45,18,2,1,"Draw","Draw(CW,L4)",,,,,,,,0,,
6477,0,14,RandomK,45,19,3,1,"Draw","Draw(CCW,L4)",,,,,,,,0,,
6477,0,14,RandomK,45,21,4,1,"Draw","Draw(CCW,L5)",,,,,,,,0,,
6477,0,14,RandomK,45,24,5,1,"Draw","Draw(CW,L7)",,,,,,,,0,,
6477,0,14,RandomK,45,38,6,1,"Hit","Hit(CW,11,WEAK)",,,,,,,,0,,
6477,0,14,RandomK,45,42,7,1,"Hit","Hit(CW,11,STRONG)",,,,,,,,0,,
6477,0,14,RandomK,45,46,8,1,"Hit","Hit(CW,13,TOUCH)",,,,,,,,0,,
6477,0,14,RandomK,45,48,9,1,"Hit","Hit(CW,13,WEAK)",,,,,,,,0,,
6477,0,14,RandomK,45,51,10,1,"Hit","Hit(CCW,13,MIDDLE)",,,,,,,,0,,
6477,0,14,RandomK,45,56,11,1,"PostGuard","PostGuard(CW,4,0)",,,,,,,,0,,
6477,0,14,RandomK,45,60,12,1,"PostGuard","PostGuard(CW,4,2)",,,,,,,,0,,
3395,3,14,RandomK,45,9,0,1,"Draw","Draw(CCW,S6)",,,,,,,,0,,
3395,3,14,RandomK,45,16,1,1,"Draw","Draw(CW,L3)",,,,,,,,0,,
3395,3,14,RandomK,45,19,2,1,"Draw","Draw(CCW,L4)",,,,,,,,0,,
3395,3,14,RandomK,45,20,3,1,"Draw","Draw(CW,L5)",,,,,,,,0,,
3395,3,14,RandomK,45,24,4,1,"Draw","Draw(CW,L7)",,,,,,,,0,,
3395,3,14,RandomK,45,37,5,1,"Hit","Hit(CCW,13,MIDDLE)",,,,,,,,0,,
3395,3,14,RandomK,45,38,6,1,"Hit","Hit(CW,13,STRONG)",,,,,,,,0,,
3395,3,14,RandomK,45,41,7,1,"Freeze","Freeze(CCW,13)",,,,,,,,0,,
3395,3,14,RandomK,45,42,8,1,"Pass","Pass",,,,,,,,0,,
6777,6,13,RandomK,45,6,0,1,"Draw","Draw(CW,S4)",,,,,,,,0,,
6777,6,13,RandomK,45,7,1,1,"Draw","Draw(CCW,S4)",,,,,,,,0,,
6777,6,13,RandomK,45,17,2,1,"Draw","Draw(CCW,L3)",,,,,,,,0,,
6777,6,13,RandomK,45,20,3,1,"Draw","Draw(CW,L5)",,,,,,,,0,,
6777,6,13,RandomK,45,25,4,1,"Draw","Draw(CCW,L7)",,,,,,,,0,,
6777,6,13,RandomK,45,30,5,1,"PreGuard","PreGuard(CW,G5)",,,,,,,,0,,
6777,6,13,RandomK,45,35,6,1,"Hit","Hit(CCW,8,WEAK)",,,,,,,,0,,
6777,6,13,RandomK,45,37,7,1,"Hit","Hit(CCW,8,MIDDLE)",,,,,,,,0,,
6777,6,13,RandomK,45,39,8,1,"Hit","Hit(CCW,8,STRONG)",,,,,,,,0,,
6777,6,13,RandomK,45,45,9,1,"Hit","Hit(CCW,10,WEAK)",,,,,,,,0,,
6777,6,13,RandomK,45,52,10,1,"Hit","Hit(CW,12,TOUCH)",,,,,,,,0,,
6777,6,13,RandomK,45,58,11,1,"Hit","Hit(CW,12,STRONG)",,,,,,,,0,,
6777,6,13,RandomK,45,64,12,1,"PostGuard","PostGuard(CW,11,1)",,,,,,,,0,,
6777,6,13,RandomK,45,66,13,1,"PostGuard","PostGuard(CW,11,2)",,,,,,,,0,,
3213,1,13,RandomK,45,0,0,1,"Draw","Draw(CW,TEE)",,,,,,,,0,,
3213,1,13,RandomK,45,5,1,1,"Draw","Draw(CCW,S2)",,,,,,,,0,,
3213,1,13,RandomK,45,9,2,1,"Draw","Draw(CCW,S6)",,,,,,,,0,,
3213,1,13,RandomK,45,18,3,1,"Draw","Draw(CW,L4)",,,,,,,,0,,
3213,1,13,RandomK,45,31,4,1,"PreGuard","PreGuard(CCW,G5)",,,,,,,,0,,
3213,1,13,RandomK,45,34,5,1,"Hit","Hit(CW,8,WEAK)",,,,,,,,0,,
3213,1,13,RandomK,45,40,6,1,"Freeze","Freeze(CW,8)",,,,,,,,0,,
3213,1,13,RandomK,45,41,7,1,"Freeze","Freeze(CCW,8)",,,,,,,,0,,
3213,1,13,RandomK,45,43,8,1,"Hit","Hit(CCW,10,TOUCH)",,,,,,,,0,,
3213,1,13,RandomK,45,50,9,1,"Freeze","Freeze(CW,10)",,,,,,,,0,,
3213,1,13,RandomK,45,53,10,1,"PostGuard","PostGuard(CCW,13,0)",,,,,,,,0,,
3213,1,13,RandomK,45,54,11,1,"PostGuard","PostGuard(CW,13,1)",,,,,,,,0,,
996,0,13,RandomK,45,0,0,1,"Draw","Draw(CW,TEE)",,,,,,,,0,,
996,0,13,RandomK,45,8,1,1,"Draw","Draw(CW,S6)",,,,,,,,0,,
996,0,13,RandomK,45,13,2,1,"Draw","Draw(CCW,L1)",,,,,,,,0,,
996,0,13,RandomK,45,17,3,1,"Draw","Draw(CCW,L3)",,,,,,,,0,,
996,0,13,RandomK,45,19,4,1,"Draw","Draw(CCW,L4)",,,,,,,,0,,
996,0,13,RandomK,45,24,5,1,"Draw","Draw(CW,L7)",,,,,,,,0,,
996,0,13,RandomK,45,33,6,1,"Hit","Hit(CCW,2,TOUCH)",,,,,,,,0,,
996,0,13,RandomK,45,39,7,1,"Hit","Hit(CCW,2,STRONG)",,,,,,,,0,,
996,0,13,RandomK,45,41,8,1,"Freeze","Freeze(CCW,2)",,,,,,,,0,,
996,0,13,RandomK,45,43,9,1,"Hit","Hit(CCW,12,TOUCH)",,,,,,,,0,,
996,0,13,RandomK,45,52,10,1,"Pass","Pass",,,,,,,,0,,
9056,0,12,RandomK,45,4,0,1,"Draw","Draw(CW,S2)",,,,,,,,0,,
9056,0,12,RandomK,45,7,1,1,"Draw","Draw(CCW,S4)",,,,,,,,0,,
9056,0,12,RandomK,45,8,2,1,"Draw","Draw(CW,S6)",,,,,,,,0,,
9056,0,12,RandomK,45,10,3,1,"Draw","Draw(CW,L0)",,,,,,,,0,,
9056,0,12,RandomK,45,15,4,1,"Draw","Draw(CCW,L2)",,,,,,,,0,,
9056,0,12,RandomK,45,16,5,1,"Draw","Draw(CW,L3)",,,,,,,,0,,
9056,0,12,RandomK,45,21,6,1,"Draw","Draw(CCW,L5)",,,,,,,,0,,
9056,0,12,RandomK,45,23,7,1,"Draw","Draw(CCW,L6)",,,,,,,,0,,
9056,0,12,RandomK,45,32,8,1,"Hit","Hit(CW,11,TOUCH)",,,,,,,,0,,
9056,0,12,RandomK,45,35,9,1,"Hit","Hit(CCW,11,WEAK)",,,,,,,,0,,
9056,0,12,RandomK,45,39,10,1,"Hit","Hit(CCW,11,STRONG)",,,,,,,,0,,
5757,6,13,RandomK,45,4,0,1,"Draw","Draw(CW,S2)",,,,,,,,0,,
5757,6,13,RandomK,45,8,1,1,"Draw","Draw(CW,S6)",,,,,,,,0,,
5757,6,13,RandomK,45,12,2,1,"Draw","Draw(CW,L1)",,,,,,,,0,,
5757,6,13,RandomK,45,21,3,1,"Draw","Draw(CCW,L5)",,,,,,,,0,,
5757,6,13,RandomK,45,23,4,1,"Draw","Draw(CCW,L6)",,,,,,,,0,,
5757,6,13,RandomK,45,24,5,1,"Draw","Draw(CW,L7)",,,,,,,,0,,
5757,6,13,RandomK,45,25,6,1,"Draw","Draw(CCW,L7)",,,,,,,,0,,
5757,6,13,RandomK,45,26,7,1,"PreGuard","PreGuard(CW,G3)",,,,,,,,0,,
5757,6,13,RandomK,45,38,8,1,"Hit","Hit(CW,8,STRONG)",,,,,,,,0,,
5757,6,13,RandomK,45,47,9,1,"Hit","Hit(CCW,12,MIDDLE)",,,,,,,,0,,
5757,6,13,RandomK,45,48,10,1,"Hit","Hit(CW,12,STRONG)",,,,,,,,0,,
4462,2,13,RandomK,45,5,0,1,"Draw","Draw(CCW,S2)",,,,,,,,0,,
4462,2,13,RandomK,45,8,1,1,"Draw","Draw(CW,S6)",,,,,,,,0,,
4462,2,13,RandomK,45,9,2,1,"Draw","Draw(CCW,S6)",,,,,,,,0,,
4462,2,13,RandomK,45,17,3,1,"Draw","Draw(CCW,L3)",,,,,,,,0,,
4462,2,13,RandomK,45,20,4,1,"Draw","Draw(CW,L5)",,,,,,,,0,,
4462,2,13,RandomK,45,22,5,1,"Draw","Draw(CW,L6)",,,,,,,,0,,
4462,2,13,RandomK,45,25,6,1,"Draw","Draw(CCW,L7)",,,,,,,,0,,
4462,2,13,RandomK,45,40,7,1,"Freeze","Freeze(CW,8)",,,,,,,,0,,
4462,2,13,RandomK,45,42,8,1,"Hit","Hit(CW,10,TOUCH)",,,,,,,,0,,
4462,2,13,RandomK,45,45,9,1,"Hit","Hit(CCW,10,WEAK)",,,,,,,,0,,
4462,2,13,RandomK,45,50,10,1,"Freeze","Freeze(CW,10)",,,,,,,,0,,
4462,2,13,RandomK,45,52,11,1,"Hit","Hit(CW,12,TOUCH)",,,,,,,,0,,
4462,2,13,RandomK,45,56,12,1,"Hit","Hit(CW,12,MIDDLE)",,,,,,,,0,,
4462,2,13,RandomK,45,63,13,1,"PostGuard","PostGuard(CCW,7,0)",,,,,,,,0,,
4462,2,13,RandomK,45,64,14,1,"PostGuard","PostGuard(CW,7,1)",,,,,,,,0,,
4462,2,13,RandomK,45,69,15,1,"PostGuard","PostGuard(CCW,9,0)",,,,,,,,0,,
4462,2,13,RandomK,45,75,16,1,"PostGuard","PostGuard(CCW,11,0)",,,,,,,,0,,
7071,0,14,RandomK,45,9,0,1,"Draw","Draw(CCW,S6)",,,,,,,,0,,
7071,0,14,RandomK,45,14,1,1,"Draw","Draw(CW,L2)",,,,,,,,0,,
7071,0,14,RandomK,45,20,2,1,"Draw","Draw(CW,L5)",,,,,,,,0,,
7071,0,14,RandomK,45,21,3,1,"Draw","Draw(CCW,L5)",,,,,,,,0,,
7071,0,14,RandomK,45,22,4,1,"Draw","Draw(CW,L6)",,,,,,,,0,,
7071,0,14,RandomK,45,27,5,1,"PreGuard","PreGuard(CCW,G3)",,,,,,,,0,,
7071,0,14,RandomK,45,28,6,1,"PreGuard","PreGuard(CW,G4)",,,,,,,,0,,
7071,0,14,RandomK,45,29,7,1,"PreGuard","PreGuard(CCW,G4)",,,,,,,,0,,
7071,0,14,RandomK,45,34,8,1,"Hit","Hit(CW,9,WEAK)",,,,,,,,0,,
7071,0,14,RandomK,45,38,9,1,"Hit","Hit(CW,9,STRONG)",,,,,,,,0,,
7071,0,14,RandomK,45,40,10,1,"Freeze","Freeze(CW,9)",,,,,,,,0,,
7071,0,14,RandomK,45,54,11,1,"PostGuard","PostGuard(CW,10,1)",,,,,,,,0,,
6191,5,14,RandomK,45,2,0,1,"Draw","Draw(CW,S0)",,,,,,,,0,,
6191,5,14,RandomK,45,3,1,1,"Draw","Draw(CCW,S0)",,,,,,,,0,,
6191,5,14,RandomK,45,13,2,1,"Draw","Draw(CCW,L1)",,,,,,,,0,,
6191,5,14,RandomK,45,15,3,1,"Draw","Draw(CCW,L2)",,,,,,,,0,,
6191,5,14,RandomK,45,17,4,1,"Draw","Draw(CCW,L3)",,,,,,,,0,,
6191,5,14,RandomK,45,19,5,1,"Draw","Draw(CCW,L4)",,,,,,,,0,,
6191,5,14,RandomK,45,21,6,1,"Draw","Draw(CCW,L5)",,,,,,,,0,,
6191,5,14,RandomK,45,34,7,1,"Hit","Hit(CW,13,WEAK)",,,,,,,,0,,
6191,5,14,RandomK,45,35,8,1,"Hit","Hit(CCW,13,WEAK)",,,,,,,,0,,
8075,7,14,RandomK,45,0,0,1,"Draw","Draw(CW,TEE)",,,,,,,,0,,
8075,7,14,RandomK,45,12,1,1,"Draw","Draw(CW,L1)",,,,,,,,0,,
8075,7,14,RandomK,45,14,2,1,"Draw","Draw(CW,L2)",,,,,,,,0,,
8075,7,14,RandomK,45,18,3,1,"Draw","Draw(CW,L4)",,,,,,,,0,,
8075,7,14,RandomK,45,24,4,1,"Draw","Draw(CW,L7)",,,,,,,,0,,
8075,7,14,RandomK,45,32,5,1,"Hit","Hit(CW,13,TOUCH)",,,,,,,,0,,
8075,7,14,RandomK,45,33,6,1,"Hit","Hit(CCW,13,TOUCH)",,,,,,,,0,,
8075,7,14,RandomK,45,39,7,1,"Hit","Hit(CCW,13,STRONG)",,,,,,,,0,,
8075,7,14,RandomK,45,44,8,1,"PostGuard","PostGuard(CW,8,1)",,,,,,,,0,,
8075,7,14,RandomK,45,46,9,1,"PostGuard","PostGuard(CW,8,2)",,,,,,,,0,,
8075,7,14,RandomK,45,48,10,1,"PostGuard","PostGuard(CW,12,0)",,,,,,,,0,,
1243,4,12,RandomK,45,1,0,1,"Draw","Draw(CCW,TEE)",,,,,,,,0,,
1243,4,12,RandomK,45,7,1,1,"Draw","Draw(CCW,S4)",,,,,,,,0,,
1243,4,12,RandomK,45,11,2,1,"Draw","Draw(CCW,L0)",,,,,,,,0,,
1243,4,12,RandomK,45,18,3,1,"Draw","Draw(CW,L4)",,,,,,,,0,,
1243,4,12,RandomK,45,24,4,1,"Draw","Draw(CW,L7)",,,,,,,,0,,
1243,4,12,RandomK,45,26,5,1,"PreGuard","PreGuard(CW,G3)",,,,,,,,0,,
1243,4,12,RandomK,45,27,6,1,"PreGuard","PreGuard(CCW,G3)",,,,,,,,0,,
1243,4,12,RandomK,45,33,7,1,"Hit","Hit(CCW,11,TOUCH)",,,,,,,,0,,
1243,4,12,RandomK,45,34,8,1,"Hit","Hit(CW,11,WEAK)",,,,,,,,0,,
1243,4,12,RandomK,45,49,9,1,"PostGuard","PostGuard(CCW,10,0)",,,,,,,,0,,
1243,4,12,RandomK,45,52,10,1,"PostGuard","PostGuard(CW,10,2)",,,,,,,,0,,
6930,3,12,RandomK,45,4,0,1,"Draw","Draw(CW,S2)",,,,,,,,0,,
6930,3,12,RandomK,45,13,1,1,"Draw","Draw(CCW,L1)",,,,,,,,0,,
6930,3,12,RandomK,45,16,2,1,"Draw","Draw(CW,L3)",,,,,,,,0,,
6930,3,12,RandomK,45,18,3,1,"Draw","Draw(CW,L4)",,,,,,,,0,,
6930,3,12,RandomK,45,31,4,1,"PreGuard","PreGuard(CCW,G5)",,,,,,,,0,,
6930,3,12,RandomK,45,34,5,1,"Hit","Hit(CW,7,WEAK)",,,,,,,,0,,
6930,3,12,RandomK,45,39,6,1,"Hit","Hit(CCW,7,STRONG)",,,,,,,,0,,
6930,3,12,RandomK,45,41,7,1,"Freeze","Freeze(CCW,7)",,,,,,,,0,,
6930,3,12,RandomK,45,42,8,1,"Hit","Hit(CW,11,TOUCH)",,,,,,,,0,,
6930,3,12,RandomK,45,43,9,1,"Hit","Hit(CCW,11,TOUCH)",,,,,,,,0,,
6930,3,12,RandomK,45,46,10,1,"Hit","Hit(CW,11,MIDDLE)",,,,,,,,0,,
6930,3,12,RandomK,45,55,11,1,"PostGuard","PostGuard(CCW,8,1)",,,,,,,,0,,
6930,3,12,RandomK,45,61,12,1,"PostGuard","PostGuard(CCW,10,1)",,,,,,,,0,,
8964,0,13,RandomK,45,2,0,1,"Draw","Draw(CW,S0)",,,,,,,,0,,
8964,0,13,RandomK,45,3,1,1,"Draw","Draw(CCW,S0)",,,,,,,,0,,
8964,0,13,RandomK,45,4,2,1,"Draw","Draw(CW,S2)",,,,,,,,0,,
8964,0,13,RandomK,45,12,3,1,"Draw","Draw(CW,L1)",,,,,,,,0,,
8964,0,13,RandomK,45,14,4,1,"Draw","Draw(CW,L2)",,,,,,,,0,,
8964,0,13,RandomK,45,24,5,1,"Draw","Draw(CW,L7)",,,,,,,,0,,
8964,0,13,RandomK,45,30,6,1,"PreGuard","PreGuard(CW,G5)",,,,,,,,0,,
8964,0,13,RandomK,45,31,7,1,"PreGuard","PreGuard(CCW,G5)",,,,,,,,0,,
8964,0,13,RandomK,45,51,8,1,"Freeze","Freeze(CCW,6)",,,,,,,,0,,
8964,0,13,RandomK,45,56,9,1,"Hit","Hit(CW,8,MIDDLE)",,,,,,,,0,,
8964,0,13,RandomK,45,57,10,1,"Hit","Hit(CCW,8,MIDDLE)",,,,,,,,0,,
8964,0,13,RandomK,45,67,11,1,"Hit","Hit(CCW,10,MIDDLE)",,,,,,,,0,,
8964,0,13,RandomK,45,69,12,1,"Hit","Hit(CCW,10,STRONG)",,,,,,,,0,,
8964,0,13,RandomK,45,71,13,1,"Freeze","Freeze(CCW,10)",,,,,,,,0,,
8964,0,13,RandomK,45,75,14,1,"Hit","Hit(CCW,12,WEAK)",,,,,,,,0,,
8964,0,13,RandomK,45,81,15,1,"Freeze","Freeze(CCW,12)",,,,,,,,0,,
8964,0,13,RandomK,45,83,16,1,"PostGuard","PostGuard(CCW,5,0)",,,,,,,,0,,
8964,0,13,RandomK,45,88,17,1,"PostGuard","PostGuard(CW,7,0)",,,,,,,,0,,
8964,0,13,RandomK,45,91,18,1,"PostGuard","PostGuard(CCW,7,1)",,,,,,,,0,,
8964,0,13,RandomK,45,92,19,1,"PostGuard","PostGuard(CW,7,2)",,,,,,,,0,,
8964,0,13,RandomK,45,93,20,1,"PostGuard","PostGuard(CCW,7,2)",,,,,,,,0,,
8964,0,13,RandomK,45,105,21,1,"PostGuard","PostGuard(CCW,11,2)",,,,,,,,0,,
9257,2,12,RandomK,45,5,0,1,"Draw","Draw(CCW,S2)",,,,,,,,0,,
9257,2,12,RandomK,45,11,1,1,"Draw","Draw(CCW,L0)",,,,,,,,0,,
9257,2,12,RandomK,45,12,2,1,"Draw","Draw(CW,L1)",,,,,,,,0,,
9257,2,12,RandomK,45,18,3,1,"Draw","Draw(CW,L4)",,,,,,,,0,,
9257,2,12,RandomK,45,19,4,1,"Draw","Draw(CCW,L4)",,,,,,,,0,,
9257,2,12,RandomK,45,28,5,1,"PreGuard","PreGuard(CW,G4)",,,,,,,,0,,
9257,2,12,RandomK,45,31,6,1,"PreGuard","PreGuard(CCW,G5)",,,,,,,,0,,
9257,2,12,RandomK,45,38,7,1,"Hit","Hit(CW,11,STRONG)",,,,,,,,0,,
9257,2,12,RandomK,45,39,8,1,"Hit","Hit(CCW,11,STRONG)",,,,,,,,0,,
2334,0,13,RandomK,45,2,0,1,"Draw","Draw(CW,S0)",,,,,,,,0,,
2334,0,13,RandomK,45,4,1,1,"Draw","Draw(CW,S2)",,,,,,,,0,,
2334,0,13,RandomK,45,9,2,1,"Draw","Draw(CCW,S6)",,,,,,,,0,,
2334,0,13,RandomK,45,12,3,1,"Draw","Draw(CW,L1)",,,,,,,,0,,
2334,0,13,RandomK,45,18,4,1,"Draw","Draw(CW,L4)",,,,,,,,0,,
2334,0,13,RandomK,45,21,5,1,"Draw","Draw(CCW,L5)",,,,,,,,0,,
2334,0,13,RandomK,45,23,6,1,"Draw","Draw(CCW,L6)",,,,,,,,0,,
2334,0,13,RandomK,45,24,7,1,"Draw","Draw(CW,L7)",,,,,,,,0,,
2334,0,13,RandomK,45,36,8,1,"Hit","Hit(CW,10,MIDDLE)",,,,,,,,0,,
1006,4,12,RandomK,45,20,0,1,"Draw","Draw(CW,L5)",,,,,,,,0,,
1006,4,12,RandomK,45,21,1,1,"Draw","Draw(CCW,L5)",,,,,,,,0,,
1006,4,12,RandomK,45,32,2,1,"Hit","Hit(CW,7,TOUCH)",,,,,,,,0,,
1006,4,12,RandomK,45,35,3,1,"Hit","Hit(CCW,7,WEAK)",,,,,,,,0,,
1006,4,12,RandomK,45,38,4,1,"Hit","Hit(CW,7,STRONG)",,,,,,,,0,,
1006,4,12,RandomK,45,39,5,1,"Hit","Hit(CCW,7,STRONG)",,,,,,,,0,,
1006,4,12,RandomK,45,40,6,1,"Freeze","Freeze(CW,7)",,,,,,,,0,,
1006,4,12,RandomK,45,49,7,1,"Hit","Hit(CCW,11,STRONG)",,,,,,,,0,,
1006,4,12,RandomK,45,50,8,1,"Freeze","Freeze(CW,11)",,,,,,,,0,,
1006,4,12,RandomK,45,51,9,1,"Freeze","Freeze(CCW,11)",,,,,,,,0,,
1006,4,12,RandomK,45,52,10,1,"Pass","Pass",,,,,,,,0,,
1836,0,12,RandomK,45,6,0,1,"Draw","Draw(CW,S4)",,,,,,,,0,,
1836,0,12,RandomK,45,8,1,1,"Draw","Draw(CW,S6)",,,,,,,,0,,
1836,0,12,RandomK,45,17,2,1,"Draw","Draw(CCW,L3)",,,,,,,,0,,
1836,0,12,RandomK,45,19,3,1,"Draw","Draw(CCW,L4)",,,,,,,,0,,
1836,0,12,RandomK,45,33,4,1,"Hit","Hit(CCW,11,TOUCH)",,,,,,,,0,,
1836,0,12,RandomK,45,34,5,1,"Hit","Hit(CW,11,WEAK)",,,,,,,,0,,
1836,0,12,RandomK,45,39,6,1,"Hit","Hit(CCW,11,STRONG)",,,,,,,,0,,
1836,0,12,RandomK,45,40,7,1,"Freeze","Freeze(CW,11)",,,,,,,,0,,
1836,0,12,RandomK,45,42,8,1,"PostGuard","PostGuard(CW,8,0)",,,,,,,,0,,
1836,0,12,RandomK,45,48,9,1,"PostGuard","PostGuard(CW,10,0)",,,,,,,,0,,
1836,0,12,RandomK,45,50,10,1,"PostGuard","PostGuard(CW,10,1)",,,,,,,,0,,
7475,0,12,RandomK,45,2,0,1,"Draw","Draw(CW,S0)",,,,,,,,0,,
7475,0,12,RandomK,45,6,1,1,"Draw","Draw(CW,S4)",,,,,,,,0,,
7475,0,12,RandomK,45,8,2,1,"Draw","Draw(CW,S6)",,,,,,,,0,,
7475,0,12,RandomK,45,19,3,1,"Draw","Draw(CCW,L4)",,,,,,,,0,,
7475,0,12,RandomK,45,21,4,1,"Draw","Draw(CCW,L5)",,,,,,,,0,,
7475,0,12,RandomK,45,25,5,1,"Draw","Draw(CCW,L7)",,,,,,,,0,,
7475,0,12,RandomK,45,29,6,1,"PreGuard","PreGuard(CCW,G4)",,,,,,,,0,,
7475,0,12,RandomK,45,32,7,1,"Hit","Hit(CW,11,TOUCH)",,,,,,,,0,,
7475,0,12,RandomK,45,36,8,1,"Hit","Hit(CW,11,MIDDLE)",,,,,,,,0,,
7475,0,12,RandomK,45,53,9,1,"PostGuard","PostGuard(CCW,10,2)",,,,,,,,0,,
7475,0,12,RandomK,45,54,10,1,"Pass","Pass",,,,,,,,0,,
4540,5,12,RandomK,45,2,0,1,"Draw","Draw(CW,S0)",,,,,,,,0,,
4540,5,12,RandomK,45,5,1,1,"Draw","Draw(CCW,S2)",,,,,,,,0,,
4540,5,12,RandomK,45,24,2,1,"Draw","Draw(CW,L7)",,,,,,,,0,,
4540,5,12,RandomK,45,29,3,1,"PreGuard","PreGuard(CCW,G4)",,,,,,,,0,,
4540,5,12,RandomK,45,31,4,1,"PreGuard","PreGuard(CCW,G5)",,,,,,,,0,,
4540,5,12,RandomK,45,32,5,1,"Hit","Hit(CW,9,TOUCH)",,,,,,,,0,,
4540,5,12,RandomK,45,34,6,1,"Hit","Hit(CW,9,WEAK)",,,,,,,,0,,
4540,5,12,RandomK,45,38,7,1,"Hit","Hit(CW,9,STRONG)",,,,,,,,0,,
4540,5,12,RandomK,45,44,8,1,"Hit","Hit(CW,11,WEAK)",,,,,,,,0,,
4540,5,12,RandomK,45,45,9,1,"Hit","Hit(CCW,11,WEAK)",,,,,,,,0,,
4540,5,12,RandomK,45,55,10,1,"PostGuard","PostGuard(CCW,6,1)",,,,,,,,0,,
4540,5,12,RandomK,45,58,11,1,"Pass","Pass",,,,,,,,0,,
7569,0,14,RandomK,45,1,0,1,"Draw","Draw(CCW,TEE)",,,,,,,,0,,
7569,0,14,RandomK,45,5,1,1,"Draw","Draw(CCW,S2)",,,,,,,,0,,
7569,0,14,RandomK,45,14,2,1,"Draw","Draw(CW,L2)",,,,,,,,0,,
7569,0,14,RandomK,45,25,3,1,"Draw","Draw(CCW,L7)",,,,,,,,0,,
7569,0,14,RandomK,45,30,4,1,"PreGuard","PreGuard(CW,G5)",,,,,,,,0,,
7569,0,14,RandomK,45,31,5,1,"PreGuard","PreGuard(CCW,G5)",,,,,,,,0,,
7569,0,14,RandomK,45,33,6,1,"Hit","Hit(CCW,13,TOUCH)",,,,,,,,0,,
7569,0,14,RandomK,45,34,7,1,"Hit","Hit(CW,13,WEAK)",,,,,,,,0,,
7569,0,14,RandomK,45,39,8,1,"Hit","Hit(CCW,13,STRONG)",,,,,,,,0,,
3856,1,13,RandomK,45,0,0,1,"Draw","Draw(CW,TEE)",,,,,,,,0,,
3856,1,13,RandomK,45,1,1,1,"Draw","Draw(CCW,TEE)",,,,,,,,0,,
3856,1,13,RandomK,45,3,2,1,"Draw","Draw(CCW,S0)",,,,,,,,0,,
3856,1,13,RandomK,45,4,3,1,"Draw","Draw(CW,S2)",,,,,,,,0,,
3856,1,13,RandomK,45,15,4,1,"Draw","Draw(CCW,L2)",,,,,,,,0,,
3856,1,13,RandomK,45,17,5,1,"Draw","Draw(CCW,L3)",,,,,,,,0,,
3856,1,13,RandomK,45,25,6,1,"Draw","Draw(CCW,L7)",,,,,,,,0,,
3856,1,13,RandomK,45,29,7,1,"PreGuard","PreGuard(CCW,G4)",,,,,,,,0,,
3856,1,13,RandomK,45,39,8,1,"Hit","Hit(CCW,10,STRONG)",,,,,,,,0,,
3856,1,13,RandomK,45,51,9,1,"Freeze","Freeze(CCW,12)",,,,,,,,0,,
3856,1,13,RandomK,45,52,10,1,"Pass","Pass",,,,,,,,0,,
660,4,14,RandomK,45,4,0,1,"Draw","Draw(CW,S2)",,,,,,,,0,,
660,4,14,RandomK,45,12,1,1,"Draw","Draw(CW,L1)",,,,,,,,0,,
660,4,14,RandomK,45,16,2,1,"Draw","Draw(CW,L3)",,,,,,,,0,,
660,4,14,RandomK,45,19,3,1,"Draw","Draw(CCW,L4)",,,,,,,,0,,
660,4,14,RandomK,45,23,4,1,"Draw","Draw(CCW,L6)",,,,,,,,0,,
660,4,14,RandomK,45,26,5,1,"PreGuard","PreGuard(CW,G3)",,,,,,,,0,,
660,4,14,RandomK,45,27,6,1,"PreGuard","PreGuard(CCW,G3)",,,,,,,,0,,
660,4,14,RandomK,45,28,7,1,"PreGuard","PreGuard(CW,G4)",,,,,,,,0,,
660,4,14,RandomK,45,41,8,1,"Freeze","Freeze(CCW,11)",,,,,,,,0,,
660,4,14,RandomK,45,54,9,1,"PostGuard","PostGuard(CW,10,1)",,,,,,,,0,,
660,4,14,RandomK,45,58,10,1,"PostGuard","PostGuard(CW,12,0)",,,,,,,,0,,
660,4,14,RandomK,45,61,11,1,"PostGuard","PostGuard(CCW,12,1)",,,,,,,,0,,
660,4,14,RandomK,45,64,12,1,"Pass","Pass",,,,,,,,0,,
6160,6,14,RandomK,45,1,0,1,"Draw","Draw(CCW,TEE)",,,,,,,,0,,
6160,6,14,RandomK,45,3,1,1,"Draw","Draw(CCW,S0)",,,,,,,,0,,
6160,6,14,RandomK,45,6,2,1,"Draw","Draw(CW,S4)",,,,,,,,0,,
6160,6,14,RandomK,45,8,3,1,"Draw","Draw(CW,S6)",,,,,,,,0,,
6160,6,14,RandomK,45,18,4,1,"Draw","Draw(CW,L4)",,,,,,,,0,,
6160,6,14,RandomK,45,26,5,1,"PreGuard","PreGuard(CW,G3)",,,,,,,,0,,
6160,6,14,RandomK,45,29,6,1,"PreGuard","PreGuard(CCW,G4)",,,,,,,,0,,
6160,6,14,RandomK,45,32,7,1,"Hit","Hit(CW,11,TOUCH)",,,,,,,,0,,
6160,6,14,RandomK,45,37,8,1,"Hit","Hit(CCW,11,MIDDLE)",,,,,,,,0,,
6160,6,14,RandomK,45,48,9,1,"PostGuard","PostGuard(CW,12,0)",,,,,,,,0,,
6160,6,14,RandomK,45,54,10,1,"Pass","Pass",,,,,,,,0,,
177,0,12,RandomK,45,1,0,1,"Draw","Draw(CCW,TEE)",,,,,,,,0,,
177,0,12,RandomK,45,2,1,1,"Draw","Draw(CW,S0)",,,,,,,,0,,
177,0,12,RandomK,45,12,2,1,"Draw","Draw(CW,L1)",,,,,,,,0,,
177,0,12,RandomK,45,13,3,1,"Draw","Draw(CCW,L1)",,,,,,,,0,,
177,0,12,RandomK,45,32,4,1,"Hit","Hit(CW,11,TOUCH)",,,,,,,,0,,
177,0,12,RandomK,45,37,5,1,"Hit","Hit(CCW,11,MIDDLE)",,,,,,,,0,,
177,0,12,RandomK,45,38,6,1,"Hit","Hit(CW,11,STRONG)",,,,,,,,0,,
177,0,12,RandomK,45,44,7,1,"PostGuard","PostGuard(CW,8,1)",,,,,,,,0,,
177,0,12,RandomK,45,45,8,1,"PostGuard","PostGuard(CCW,8,1)",,,,,,,,0,,
177,0,12,RandomK,45,49,9,1,"PostGuard","PostGuard(CCW,10,0)",,,,,,,,0,,
177,0,12,RandomK,45,51,10,1,"PostGuard","PostGuard(CCW,10,1)",,,,,,,,0,,
418,1,14,RandomK,45,1,0,1,"Draw","Draw(CCW,TEE)",,,,,,,,0,,
418,1,14,RandomK,45,2,1,1,"Draw","Draw(CW,S0)",,,,,,,,0,,
418,1,14,RandomK,45,5,2,1,"Draw","Draw(CCW,S2)",,,,,,,,0,,
418,1,14,RandomK,45,23,3,1,"Draw","Draw(CCW,L6)",,,,,,,,0,,
418,1,14,RandomK,45,32,4,1,"Hit","Hit(CW,13,TOUCH)",,,,,,,,0,,
418,1,14,RandomK,45,33,5,1,"Hit","Hit(CCW,13,TOUCH)",,,,,,,,0,,
418,1,14,RandomK,45,35,6,1,"Hit","Hit(CCW,13,WEAK)",,,,,,,,0,,
418,1,14,RandomK,45,38,7,1,"Hit","Hit(CW,13,STRONG)",,,,,,,,0,,
418,1,14,RandomK,45,42,8,1,"Pass","Pass",,,,,,,,0,,
7767,2,14,RandomK,45,9,0,1,"Draw","Draw(CCW,S6)",,,,,,,,0,,
7767,2,14,RandomK,45,11,1,1,"Draw","Draw(CCW,L0)",,,,,,,,0,,
7767,2,14,RandomK,45,13,2,1,"Draw","Draw(CCW,L1)",,,,,,,,0,,
7767,2,14,RandomK,45,16,3,1,"Draw","Draw(CW,L3)",,,,,,,,0,,
7767,2,14,RandomK,45,28,4,1,"PreGuard","PreGuard(CW,G4)",,,,,,,,0,,
7767,2,14,RandomK,45,33,5,1,"Hit","Hit(CCW,3,TOUCH)",,,,,,,,0,,
7767,2,14,RandomK,45,52,6,1,"Hit","Hit(CW,7,TOUCH)",,,,,,,,0,,
7767,2,14,RandomK,45,61,7,1,"Freeze","Freeze(CCW,7)",,,,,,,,0,,
7767,2,14,RandomK,45,62,8,1,"Hit","Hit(CW,13,TOUCH)",,,,,,,,0,,
7767,2,14,RandomK,45,63,9,1,"Hit","Hit(CCW,13,TOUCH)",,,,,,,,0,,
7767,2,14,RandomK,45,64,10,1,"Hit","Hit(CW,13,WEAK)",,,,,,,,0,,
7767,2,14,RandomK,45,65,11,1,"Hit","Hit(CCW,13,WEAK)",,,,,,,,0,,
7767,2,14,RandomK,45,67,12,1,"Hit","Hit(CCW,13,MIDDLE)",,,,,,,,0,,
7767,2,14,RandomK,45,70,13,1,"Freeze","Freeze(CW,13)",,,,,,,,0,,
7767,2,14,RandomK,45,76,14,1,"PostGuard","PostGuard(CW,12,2)",,,,,,,,0,,
7767,2,14,RandomK,45,77,15,1,"PostGuard","PostGuard(CCW,12,2)",,,,,,,,0,,
3374,0,14,RandomK,45,6,0,1,"Draw","Draw(CW,S4)",,,,,,,,0,,
3374,0,14,RandomK,45,7,1,1,"Draw","Draw(CCW,S4)",,,,,,,,0,,
3374,0,14,RandomK,45,13,2,1,"Draw","Draw(CCW,L1)",,,,,,,,0,,
3374,0,14,RandomK,45,17,3,1,"Draw","Draw(CCW,L3)",,,,,,,,0,,
3374,0,14,RandomK,45,25,4,1,"Draw","Draw(CCW,L7)",,,,,,,,0,,
3374,0,14,RandomK,45,31,5,1,"PreGuard","PreGuard(CCW,G5)",,,,,,,,0,,
3374,0,14,RandomK,45,36,6,1,"Hit","Hit(CW,13,MIDDLE)",,,,,,,,0,,
3374,0,14,RandomK,45,40,7,1,"Freeze","Freeze(CW,13)",,,,,,,,0,,
3374,0,14,RandomK,45,41,8,1,"Freeze","Freeze(CCW,13)",,,,,,,,0,,
4344,5,12,RandomK,45,9,0,1,"Draw","Draw(CCW,S6)",,,,,,,,0,,
4344,5,12,RandomK,45,13,1,1,"Draw","Draw(CCW,L1)",,,,,,,,0,,
4344,5,12,RandomK,45,14,2,1,"Draw","Draw(CW,L2)",,,,,,,,0,,
4344,5,12,RandomK,45,16,3,1,"Draw","Draw(CW,L3)",,,,,,,,0,,
4344,5,12,RandomK,45,17,4,1,"Draw","Draw(CCW,L3)",,,,,,,,0,,
4344,5,12,RandomK,45,29,5,1,"PreGuard","PreGuard(CCW,G4)",,,,,,,,0,,
4344,5,12,RandomK,45,32,6,1,"Hit","Hit(CW,3,MIDDLE)",,,,,,,,0,,
4344,5,12,RandomK,45,34,7,1,"Hit","Hit(CW,3,STRONG)",,,,,,,,0,,
4344,5,12,RandomK,45,35,8,1,"Hit","Hit(CCW,3,STRONG)",,,,,,,,0,,
4344,5,12,RandomK,45,44,9,1,"Freeze","Freeze(CW,5)",,,,,,,,0,,
4344,5,12,RandomK,45,48,10,1,"Hit","Hit(CW,11,WEAK)",,,,,,,,0,,
4344,5,12,RandomK,45,54,11,1,"Freeze","Freeze(CW,11)",,,,,,,,0,,
4344,5,12,RandomK,45,55,12,1,"Freeze","Freeze(CCW,11)",,,,,,,,0,,
4344,5,12,RandomK,45,56,13,1,"PostGuard","PostGuard(CW,6,0)",,,,,,,,0,,
4069,5,14,RandomK,45,1,0,1,"Draw","Draw(CCW,TEE)",,,,,,,,0,,
4069,5,14,RandomK,45,2,1,1,"Draw","Draw(CW,S0)",,,,,,,,0,,
4069,5,14,RandomK,45,3,2,1,"Draw","Draw(CCW,S0)",,,,,,,,0,,
4069,5,14,RandomK,45,11,3,1,"Draw","Draw(CCW,L0)",,,,,,,,0,,
4069,5,14,RandomK,45,16,4,1,"Draw","Draw(CW,L3)",,,,,,,,0,,
4069,5,14,RandomK,45,24,5,1,"Draw","Draw(CW,L7)",,,,,,,,0,,
4069,5,14,RandomK,45,25,6,1,"Draw","Draw(CCW,L7)",,,,,,,,0,,
4069,5,14,RandomK,45,28,7,1,"PreGuard","PreGuard(CW,G4)",,,,,,,,0,,
4069,5,14,RandomK,45,32,8,1,"Hit","Hit(CW,13,TOUCH)",,,,,,,,0,,
4069,5,14,RandomK,45,38,9,1,"Hit","Hit(CW,13,STRONG)",,,,,,,,0,,
6316,1,14,RandomK,45,1,0,1,"Draw","Draw(CCW,TEE)",,,,,,,,0,,
6316,1,14,RandomK,45,9,1,1,"Draw","Draw(CCW,S6)",,,,,,,,0,,
6316,1,14,RandomK,45,21,2,1,"Draw","Draw(CCW,L5)",,,,,,,,0,,
6316,1,14,RandomK,45,22,3,1,"Draw","Draw(CW,L6)",,,,,,,,0,,
6316,1,14,RandomK,45,24,4,1,"Draw","Draw(CW,L7)",,,,,,,,0,,
6316,1,14,RandomK,45,25,5,1,"Draw","Draw(CCW,L7)",,,,,,,,0,,
6316,1,14,RandomK,45,29,6,1,"PreGuard","PreGuard(CCW,G4)",,,,,,,,0,,
6316,1,14,RandomK,45,30,7,1,"PreGuard","PreGuard(CW,G5)",,,,,,,,0,,
6316,1,14,RandomK,45,38,8,1,"Hit","Hit(CW,11,STRONG)",,,,,,,,0,,
6316,1,14,RandomK,45,41,9,1,"Freeze","Freeze(CCW,11)",,,,,,,,0,,
6316,1,14,RandomK,45,50,10,1,"Freeze","Freeze(CW,13)",,,,,,,,0,,
6316,1,14,RandomK,45,56,11,1,"PostGuard","PostGuard(CW,6,2)",,,,,,,,0,,
6316,1,14,RandomK,45,57,12,1,"PostGuard","PostGuard(CCW,6,2)",,,,,,,,0,,
6316,1,14,RandomK,45,59,13,1,"PostGuard","PostGuard(CCW,10,0)",,,,,,,,0,,
6316,1,14,RandomK,45,63,14,1,"PostGuard","PostGuard(CCW,10,2)",,,,,,,,0,,
6184,2,12,RandomK,45,2,0,1,"Draw","Draw(CW,S0)",,,,,,,,0,,
6184,2,12,RandomK,45,4,1,1,"Draw","Draw(CW,S2)",,,,,,,,0,,
6184,2,12,RandomK,45,6,2,1,"Draw","Draw(CW,S4)",,,,,,,,0,,
6184,2,12,RandomK,45,13,3,1,"Draw","Draw(CCW,L1)",,,,,,,,0,,
6184,2,12,RandomK,45,24,4,1,"Draw","Draw(CW,L7)",,,,,,,,0,,
6184,2,12,RandomK,45,25,5,1,"Draw","Draw(CCW,L7)",,,,,,,,0,,
6184,2,12,RandomK,45,29,6,1,"PreGuard","PreGuard(CCW,G4)",,,,,,,,0,,
6184,2,12,RandomK,45,34,7,1,"Hit","Hit(CW,9,WEAK)",,,,,,,,0,,
6184,2,12,RandomK,45,48,8,1,"Hit","Hit(CW,11,STRONG)",,,,,,,,0,,
6184,2,12,RandomK,45,49,9,1,"Hit","Hit(CCW,11,STRONG)",,,,,,,,0,,
6184,2,12,RandomK,45,56,10,1,"PostGuard","PostGuard(CW,8,2)",,,,,,,,0,,
6184,2,12,RandomK,45,58,11,1,"PostGuard","PostGuard(CW,10,0)",,,,,,,,0,,
6184,2,12,RandomK,45,63,12,1,"PostGuard","PostGuard(CCW,10,2)",,,,,,,,0,,
6345,0,14,RandomK,45,1,0,1,"Draw","Draw(CCW,TEE)",,,,,,,,0,,
6345,0,14,RandomK,45,7,1,1,"Draw","Draw(CCW,S4)",,,,,,,,0,,
6345,0,14,RandomK,45,9,2,1,"Draw","Draw(CCW,S6)",,,,,,,,0,,
6345,0,14,RandomK,45,10,3,1,"Draw","Draw(CW,L0)",,,,,,,,0,,
6345,0,14,RandomK,45,12,4,1,"Draw","Draw(CW,L1)",,,,,,,,0,,
6345,0,14,RandomK,45,26,5,1,"PreGuard","PreGuard(CW,G3)",,,,,,,,0,,
6345,0,14,RandomK,45,34,6,1,"Hit","Hit(CW,13,WEAK)",,,,,,,,0,,
6345,0,14,RandomK,45,38,7,1,"Hit","Hit(CW,13,STRONG)",,,,,,,,0,,
6345,0,14,RandomK,45,41,8,1,"Freeze","Freeze(CCW,13)",,,,,,,,0,,
6345,0,14,RandomK,45,51,9,1,"PostGuard","PostGuard(CCW,10,1)",,,,,,,,0,,
6345,0,14,RandomK,45,54,10,1,"Pass","Pass",,,,,,,,0,,
9117,2,13,RandomK,45,1,0,1,"Draw","Draw(CCW,TEE)",,,,,,,,0,,
9117,2,13,RandomK,45,7,1,1,"Draw","Draw(CCW,S4)",,,,,,,,0,,
9117,2,13,RandomK,45,20,2,1,"Draw","Draw(CW,L5)",,,,,,,,0,,
9117,2,13,RandomK,45,21,3,1,"Draw","Draw(CCW,L5)",,,,,,,,0,,
9117,2,13,RandomK,45,22,4,1,"Draw","Draw(CW,L6)",,,,,,,,0,,
9117,2,13,RandomK,45,23,5,1,"Draw","Draw(CCW,L6)",,,,,,,,0,,
9117,2,13,RandomK,45,25,6,1,"Draw","Draw(CCW,L7)",,,,,,,,0,,
9117,2,13,RandomK,45,36,7,1,"Hit","Hit(CW,8,MIDDLE)",,,,,,,,0,,
9117,2,13,RandomK,45,38,8,1,"Hit","Hit(CW,8,STRONG)",,,,,,,,0,,
9117,2,13,RandomK,45,42,9,1,"Hit","Hit(CW,10,TOUCH)",,,,,,,,0,,
9117,2,13,RandomK,45,48,10,1,"Hit","Hit(CW,10,STRONG)",,,,,,,,0,,
9117,2,13,RandomK,45,56,11,1,"Hit","Hit(CW,12,MIDDLE)",,,,,,,,0,,
9117,2,13,RandomK,45,66,12,1,"PostGuard","PostGuard(CW,11,2)",,,,,,,,0,,
9117,2,13,RandomK,45,67,13,1,"PostGuard","PostGuard(CCW,11,2)",,,,,,,,0,,
2226,1,6,RandomK,45,2,0,1,"Draw","Draw(CW,S0)",,,,,,,,0,,
2226,1,6,RandomK,45,3,1,1,"Draw","Draw(CCW,S0)",,,,,,,,0,,
2226,1,6,RandomK,45,6,2,1,"Draw","Draw(CW,S4)",,,,,,,,0,,
2226,1,6,RandomK,45,16,3,1,"Draw","Draw(CW,L3)",,,,,,,,0,,
2226,1,6,RandomK,45,18,4,1,"Draw","Draw(CW,L4)",,,,,,,,0,,
2226,1,6,RandomK,45,26,5,1,"PreGuard","PreGuard(CW,G3)",,,,,,,,0,,
2226,1,6,RandomK,45,31,6,1,"PreGuard","PreGuard(CCW,G5)",,,,,,,,0,,
2226,1,6,RandomK,45,32,7,1,"Hit","Hit(CW,1,TOUCH)",,,,,,,,0,,
2226,1,6,RandomK,45,40,8,1,"Freeze","Freeze(CW,1)",,,,,,,,0,,
2226,1,6,RandomK,45,41,9,1,"Freeze","Freeze(CCW,1)",,,,,,,,0,,
2226,1,6,RandomK,45,45,10,1,"Hit","Hit(CCW,5,WEAK)",,,,,,,,0,,
2226,1,6,RandomK,45,50,11,1,"Freeze","Freeze(CW,5)",,,,,,,,0,,
2226,1,6,RandomK,45,61,12,1,"PostGuard","PostGuard(CCW,4,1)",,,,,,,,0,,
645,7,7,RandomK,45,4,0,1,"Draw","Draw(CW,S2)",,,,,,,,0,,
645,7,7,RandomK,45,9,1,1,"Draw","Draw(CCW,S6)",,,,,,,,0,,
645,7,7,RandomK,45,13,2,1,"Draw","Draw(CCW,L1)",,,,,,,,0,,
645,7,7,RandomK,45,16,3,1,"Draw","Draw(CW,L3)",,,,,,,,0,,
645,7,7,RandomK,45,21,4,1,"Draw","Draw(CCW,L5)",,,,,,,,0,,
645,7,7,RandomK,45,23,5,1,"Draw","Draw(CCW,L6)",,,,,,,,0,,
645,7,7,RandomK,45,27,6,1,"PreGuard","PreGuard(CCW,G3)",,,,,,,,0,,
645,7,7,RandomK,45,29,7,1,"PreGuard","PreGuard(CCW,G4)",,,,,,,,0,,
645,7,7,RandomK,45,47,8,1,"PostGuard","PostGuard(CCW,3,2)",,,,,,,,0,,
645,7,7,RandomK,45,48,9,1,"Pass","Pass",,,,,,,,0,,
8983,2,8,RandomK,45,0,0,1,"Draw","Draw(CW,TEE)",,,,,,,,0,,
8983,2,8,RandomK,45,8,1,1,"Draw","Draw(CW,S6)",,,,,,,,0,,
8983,2,8,RandomK,45,13,2,1,"Draw","Draw(CCW,L1)",,,,,,,,0,,
8983,2,8,RandomK,45,15,3,1,"Draw","Draw(CCW,L2)",,,,,,,,0,,
8983,2,8,RandomK,45,18,4,1,"Draw","Draw(CW,L4)",,,,,,,,0,,
8983,2,8,RandomK,45,31,5,1,"PreGuard","PreGuard(CCW,G5)",,,,,,,,0,,
8983,2,8,RandomK,45,35,6,1,"Hit","Hit(CCW,5,WEAK)",,,,,,,,0,,
8983,2,8,RandomK,45,40,7,1,"Freeze","Freeze(CW,5)",,,,,,,,0,,
8983,2,8,RandomK,45,49,8,1,"Hit","Hit(CCW,7,STRONG)",,,,,,,,0,,
8983,2,8,RandomK,45,54,9,1,"PostGuard","PostGuard(CW,0,1)",,,,,,,,0,,
8983,2,8,RandomK,45,55,10,1,"PostGuard","PostGuard(CCW,0,1)",,,,,,,,0,,
8983,2,8,RandomK,45,60,11,1,"PostGuard","PostGuard(CW,2,1)",,,,,,,,0,,
8983,2,8,RandomK,45,65,12,1,"PostGuard","PostGuard(CCW,6,0)",,,,,,,,0,,
8983,2,8,RandomK,45,66,13,1,"PostGuard","PostGuard(CW,6,1)",,,,,,,,0,,
8983,2,8,RandomK,45,67,14,1,"PostGuard","PostGuard(CCW,6,1)",,,,,,,,0,,
1331,4,6,RandomK,45,3,0,1,"Draw","Draw(CCW,S0)",,,,,,,,0,,
1331,4,6,RandomK,45,9,1,1,"Draw","Draw(CCW,S6)",,,,,,,,0,,
1331,4,6,RandomK,45,11,2,1,"Draw","Draw(CCW,L0)",,,,,,,,0,,
1331,4,6,RandomK,45,18,3,1,"Draw","Draw(CW,L4)",,,,,,,,0,,
1331,4,6,RandomK,45,26,4,1,"PreGuard","PreGuard(CW,G3)",,,,,,,,0,,
1331,4,6,RandomK,45,31,5,1,"PreGuard","PreGuard(CCW,G5)",,,,,,,,0,,
1331,4,6,RandomK,45,35,6,1,"Hit","Hit(CCW,5,WEAK)",,,,,,,,0,,
1331,4,6,RandomK,45,38,7,1,"Hit","Hit(CW,5,STRONG)",,,,,,,,0,,
1331,4,6,RandomK,45,39,8,1,"Hit","Hit(CCW,5,STRONG)",,,,,,,,0,,
1331,4,6,RandomK,45,44,9,1,"PostGuard","PostGuard(CW,2,1)",,,,,,,,0,,
7750,7,10,RandomK,45,1,0,1,"Draw","Draw(CCW,TEE)",,,,,,,,0,,
7750,7,10,RandomK,45,4,1,1,"Draw","Draw(CW,S2)",,,,,,,,0,,
7750,7,10,RandomK,45,6,2,1,"Draw","Draw(CW,S4)",,,,,,,,0,,
7750,7,10,RandomK,45,14,3,1,"Draw","Draw(CW,L2)",,,,,,,,0,,
7750,7,10,RandomK,45,31,4,1,"PreGuard","PreGuard(CCW,G5)",,,,,,,,0,,
7750,7,10,RandomK,45,32,5,1,"Hit","Hit(CW,9,TOUCH)",,,,,,,,0,,
7750,7,10,RandomK,45,37,6,1,"Hit","Hit(CCW,9,MIDDLE)",,,,,,,,0,,
7750,7,10,RandomK,45,41,7,1,"Freeze","Freeze(CCW,9)",,,,,,,,0,,
7750,7,10,RandomK,45,44,8,1,"PostGuard","PostGuard(CW,8,1)",,,,,,,,0,,
7750,7,10,RandomK,45,47,9,1,"PostGuard","PostGuard(CCW,8,2)",,,,,,,,0,,
2543,0,9,RandomK,45,0,0,1,"Draw","Draw(CW,TEE)",,,,,,,,0,,
2543,0,9,RandomK,45,10,1,1,"Draw","Draw(CW,L0)",,,,,,,,0,,
2543,0,9,RandomK,45,14,2,1,"Draw","Draw(CW,L2)",,,,,,,,0,,
2543,0,9,RandomK,45,21,3,1,"Draw","Draw(CCW,L5)",,,,,,,,0,,
2543,0,9,RandomK,45,24,4,1,"Draw","Draw(CW,L7)",,,,,,,,0,,
2543,0,9,RandomK,45,36,5,1,"Hit","Hit(CW,6,MIDDLE)",,,,,,,,0,,
2543,0,9,RandomK,45,37,6,1,"Hit","Hit(CCW,6,MIDDLE)",,,,,,,,0,,
2543,0,9,RandomK,45,42,7,1,"PostGuard","PostGuard(CW,1,0)",,,,,,,,0,,
2543,0,9,RandomK,45,43,8,1,"PostGuard","PostGuard(CCW,1,0)",,,,,,,,0,,
2543,0,9,RandomK,45,51,9,1,"PostGuard","PostGuard(CCW,3,1)",,,,,,,,0,,
2543,0,9,RandomK,45,52,10,1,"PostGuard","PostGuard(CW,3,2)",,,,,,,,0,,
8679,7,9,RandomK,45,6,0,1,"Draw","Draw(CW,S4)",,,,,,,,0,,
8679,7,9,RandomK,45,8,1,1,"Draw","Draw(CW,S6)",,,,,,,,0,,
8679,7,9,RandomK,45,16,2,1,"Draw","Draw(CW,L3)",,,,,,,,0,,
8679,7,9,RandomK,45,30,3,1,"PreGuard","PreGuard(CW,G5)",,,,,,,,0,,
8679,7,9,RandomK,45,35,4,1,"Hit","Hit(CCW,6,WEAK)",,,,,,,,0,,
8679,7,9,RandomK,45,36,5,1,"Hit","Hit(CW,6,MIDDLE)",,,,,,,,0,,
8679,7,9,RandomK,45,39,6,1,"Hit","Hit(CCW,6,STRONG)",,,,,,,,0,,
8679,7,9,RandomK,45,44,7,1,"Hit","Hit(CW,8,WEAK)",,,,,,,,0,,
8679,7,9,RandomK,45,45,8,1,"Hit","Hit(CCW,8,WEAK)",,,,,,,,0,,
8679,7,9,RandomK,45,46,9,1,"Hit","Hit(CW,8,MIDDLE)",,,,,,,,0,,
8679,7,9,RandomK,45,48,10,1,"Hit","Hit(CW,8,STRONG)",,,,,,,,0,,
8679,7,9,RandomK,45,58,11,1,"Pass","Pass",,,,,,,,0,,
5602,5,8,RandomK,45,0,0,1,"Draw","Draw(CW,TEE)",,,,,,,,0,,
5602,5,8,RandomK,45,1,1,1,"Draw","Draw(CCW,TEE)",,,,,,,,0,,
5602,5,8,RandomK,45,2,2,1,"Draw","Draw(CW,S0)",,,,,,,,0,,
5602,5,8,RandomK,45,11,3,1,"Draw","Draw(CCW,L0)",,,,,,,,0,,
5602,5,8,RandomK,45,19,4,1,"Draw","Draw(CCW,L4)",,,,,,,,0,,
5602,5,8,RandomK,45,23,5,1,"Draw","Draw(CCW,L6)",,,,,,,,0,,
5602,5,8,RandomK,45,33,6,1,"Hit","Hit(CCW,7,TOUCH)",,,,,,,,0,,
5602,5,8,RandomK,45,37,7,1,"Hit","Hit(CCW,7,MIDDLE)",,,,,,,,0,,
5602,5,8,RandomK,45,43,8,1,"PostGuard","PostGuard(CCW,6,0)",,,,,,,,0,,
5602,5,8,RandomK,45,47,9,1,"PostGuard","PostGuard(CCW,6,2)",,,,,,,,0,,
3063,4,6,RandomK,45,6,0,1,"Draw","Draw(CW,S4)",,,,,,,,0,,
3063,4,6,RandomK,45,10,1,1,"Draw","Draw(CW,L0)",,,,,,,,0,,
3063,4,6,RandomK,45,11,2,1,"Draw","Draw(CCW,L0)",,,,,,,,0,,
3063,4,6,RandomK,45,15,3,1,"Draw","Draw(CCW,L2)",,,,,,,,0,,
3063,4,6,RandomK,45,33,4,1,"Hit","Hit(CCW,1,MIDDLE)",,,,,,,,0,,
3063,4,6,RandomK,45,34,5,1,"Hit","Hit(CW,1,STRONG)",,,,,,,,0,,
3063,4,6,RandomK,45,38,6,1,"Hit","Hit(CW,3,WEAK)",,,,,,,,0,,
3063,4,6,RandomK,45,39,7,1,"Hit","Hit(CCW,3,WEAK)",,,,,,,,0,,
3063,4,6,RandomK,45,45,8,1,"Freeze","Freeze(CCW,3)",,,,,,,,0,,
3063,4,6,RandomK,45,49,9,1,"Hit","Hit(CCW,5,WEAK)",,,,,,,,0,,
3063,4,6,RandomK,45,51,10,1,"Hit","Hit(CCW,5,MIDDLE)",,,,,,,,0,,
3063,4,6,RandomK,45,52,11,1,"Hit","Hit(CW,5,STRONG)",,,,,,,,0,,
3063,4,6,RandomK,45,58,12,1,"PostGuard","PostGuard(CW,2,1)",,,,,,,,0,,
3063,4,6,RandomK,45,65,13,1,"PostGuard","PostGuard(CCW,4,1)",,,,,,,,0,,
440,4,6,RandomK,45,0,0,1,"Draw","Draw(CW,TEE)",,,,,,,,0,,
440,4,6,RandomK,45,6,1,1,"Draw","Draw(CW,S4)",,,,,,,,0,,
440,4,6,RandomK,45,22,2,1,"Draw","Draw(CW,L6)",,,,,,,,0,,
440,4,6,RandomK,45,23,3,1,"Draw","Draw(CCW,L6)",,,,,,,,0,,
440,4,6,RandomK,45,38,4,1,"Hit","Hit(CW,1,STRONG)",,,,,,,,0,,
440,4,6,RandomK,45,41,5,1,"Freeze","Freeze(CCW,1)",,,,,,,,0,,
440,4,6,RandomK,45,44,6,1,"Hit","Hit(CW,5,WEAK)",,,,,,,,0,,
440,4,6,RandomK,45,45,7,1,"Hit","Hit(CCW,5,WEAK)",,,,,,,,0,,
440,4,6,RandomK,45,50,8,1,"Freeze","Freeze(CW,5)",,,,,,,,0,,
440,4,6,RandomK,45,52,9,1,"PostGuard","PostGuard(CW,4,0)",,,,,,,,0,,
440,4,6,RandomK,45,55,10,1,"PostGuard","PostGuard(CCW,4,1)",,,,,,,,0,,
440,4,6,RandomK,45,58,11,1,"Pass","Pass",,,,,,,,0,,
1032,5,6,RandomK,45,16,0,1,"Draw","Draw(CW,L3)",,,,,,,,0,,
1032,5,6,RandomK,45,20,1,1,"Draw","Draw(CW,L5)",,,,,,,,0,,
1032,5,6,RandomK,45,24,2,1,"Draw","Draw(CW,L7)",,,,,,,,0,,
1032,5,6,RandomK,45,28,3,1,"PreGuard","PreGuard(CW,G4)",,,,,,,,0,,
1032,5,6,RandomK,45,32,4,1,"Hit","Hit(CW,5,TOUCH)",,,,,,,,0,,
1032,5,6,RandomK,45,34,5,1,"Hit","Hit(CW,5,WEAK)",,,,,,,,0,,
1032,5,6,RandomK,45,39,6,1,"Hit","Hit(CCW,5,STRONG)",,,,,,,,0,,
1032,5,6,RandomK,45,42,7,1,"PostGuard","PostGuard(CW,4,0)",,,,,,,,0,,
1032,5,6,RandomK,45,44,8,1,"PostGuard","PostGuard(CW,4,1)",,,,,,,,0,,
1032,5,6,RandomK,45,46,9,1,"PostGuard","PostGuard(CW,4,2)",,,,,,,,0,,
938,6,6,RandomK,45,1,0,1,"Draw","Draw(CCW,TEE)",,,,,,,,0,,
938,6,6,RandomK,45,4,1,1,"Draw","Draw(CW,S2)",,,,,,,,0,,
938,6,6,RandomK,45,5,2,1,"Draw","Draw(CCW,S2)",,,,,,,,0,,
938,6,6,RandomK,45,15,3,1,"Draw","Draw(CCW,L2)",,,,,,,,0,,
938,6,6,RandomK,45,18,4,1,"Draw","Draw(CW,L4)",,,,,,,,0,,
938,6,6,RandomK,45,22,5,1,"Draw","Draw(CW,L6)",,,,,,,,0,,
938,6,6,RandomK,45,23,6,1,"Draw","Draw(CCW,L6)",,,,,,,,0,,
938,6,6,RandomK,45,28,7,1,"PreGuard","PreGuard(CW,G4)",,,,,,,,0,,
938,6,6,RandomK,45,39,8,1,"Hit","Hit(CCW,3,WEAK)",,,,,,,,0,,
938,6,6,RandomK,45,48,9,1,"Hit","Hit(CW,5,WEAK)",,,,,,,,0,,
938,6,6,RandomK,45,50,10,1,"Hit","Hit(CW,5,MIDDLE)",,,,,,,,0,,
938,6,6,RandomK,45,53,11,1,"Hit","Hit(CCW,5,STRONG)",,,,,,,,0,,
938,6,6,RandomK,45,58,12,1,"PostGuard","PostGuard(CW,2,1)",,,,,,,,0,,
938,6,6,RandomK,45,67,13,1,"PostGuard","PostGuard(CCW,4,2)",,,,,,,,0,,
4912,2,10,RandomK,45,6,0,1,"Draw","Draw(CW,S4)",,,,,,,,0,,
4912,2,10,RandomK,45,17,1,1,"Draw","Draw(CCW,L3)",,,,,,,,0,,
4912,2,10,RandomK,45,18,2,1,"Draw","Draw(CW,L4)",,,,,,,,0,,
4912,2,10,RandomK,45,20,3,1,"Draw","Draw(CW,L5)",,,,,,,,0,,
4912,2,10,RandomK,45,23,4,1,"Draw","Draw(CCW,L6)",,,,,,,,0,,
4912,2,10,RandomK,45,24,5,1,"Draw","Draw(CW,L7)",,,,,,,,0,,
4912,2,10,RandomK,45,36,6,1,"Hit","Hit(CW,9,MIDDLE)",,,,,,,,0,,
4912,2,10,RandomK,45,39,7,1,"Hit","Hit(CCW,9,STRONG)",,,,,,,,0,,
4912,2,10,RandomK,45,46,8,1,"PostGuard","PostGuard(CW,4,2)",,,,,,,,0,,
4912,2,10,RandomK,45,49,9,1,"PostGuard","PostGuard(CCW,6,0)",,,,,,,,0,,
4912,2,10,RandomK,45,52,10,1,"PostGuard","PostGuard(CW,6,2)",,,,,,,,0,,
4912,2,10,RandomK,45,58,11,1,"PostGuard","PostGuard(CW,8,2)",,,,,,,,0,,
4912,2,10,RandomK,45,60,12,1,"Pass","Pass",,,,,,,,0,,
6473,3,10,RandomK,45,4,0,1,"Draw","Draw(CW,S2)",,,,,,,,0,,
6473,3,10,RandomK,45,7,1,1,"Draw","Draw(CCW,S4)",,,,,,,,0,,
6473,3,10,RandomK,45,9,2,1,"Draw","Draw(CCW,S6)",,,,,,,,0,,
6473,3,10,RandomK,45,10,3,1,"Draw","Draw(CW,L0)",,,,,,,,0,,
6473,3,10,RandomK,45,12,4,1,"Draw","Draw(CW,L1)",,,,,,,,0,,
6473,3,10,RandomK,45,23,5,1,"Draw","Draw(CCW,L6)",,,,,,,,0,,
6473,3,10,RandomK,45,27,6,1,"PreGuard","PreGuard(CCW,G3)",,,,,,,,0,,
6473,3,10,RandomK,45,28,7,1,"PreGuard","PreGuard(CW,G4)",,,,,,,,0,,
6473,3,10,RandomK,45,36,8,1,"Hit","Hit(CW,9,MIDDLE)",,,,,,,,0,,
6473,3,10,RandomK,45,39,9,1,"Hit","Hit(CCW,9,STRONG)",,,,,,,,0,,
8184,6,9,RandomK,45,2,0,1,"Draw","Draw(CW,S0)",,,,,,,,0,,
8184,6,9,RandomK,45,3,1,1,"Draw","Draw(CCW,S0)",,,,,,,,0,,
8184,6,9,RandomK,45,5,2,1,"Draw","Draw(CCW,S2)",,,,,,,,0,,
8184,6,9,RandomK,45,6,3,1,"Draw","Draw(CW,S4)",,,,,,,,0,,
8184,6,9,RandomK,45,18,4,1,"Draw","Draw(CW,L4)",,,,,,,,0,,
8184,6,9,RandomK,45,19,5,1,"Draw","Draw(CCW,L4)",,,,,,,,0,,
8184,6,9,RandomK,45,20,6,1,"Draw","Draw(CW,L5)",,,,,,,,0,,
8184,6,9,RandomK,45,23,7,1,"Draw","Draw(CCW,L6)",,,,,,,,0,,
8184,6,9,RandomK,45,42,8,1,"Hit","Hit(CW,6,TOUCH)",,,,,,,,0,,
8184,6,9,RandomK,45,44,9,1,"Hit","Hit(CW,6,WEAK)",,,,,,,,0,,
8184,6,9,RandomK,45,50,10,1,"Freeze","Freeze(CW,6)",,,,,,,,0,,
8184,6,9,RandomK,45,57,11,1,"Hit","Hit(CCW,8,MIDDLE)",,,,,,,,0,,
8184,6,9,RandomK,45,58,12,1,"Hit","Hit(CW,8,STRONG)",,,,,,,,0,,
8184,6,9,RandomK,45,62,13,1,"PostGuard","PostGuard(CW,1,0)",,,,,,,,0,,
8184,6,9,RandomK,45,65,14,1,"PostGuard","PostGuard(CCW,1,1)",,,,,,,,0,,
4767,1,6,RandomK,45,19,0,1,"Draw","Draw(CCW,L4)",,,,,,,,0,,
4767,1,6,RandomK,45,20,1,1,"Draw","Draw(CW,L5)",,,,,,,,0,,
4767,1,6,RandomK,45,28,2,1,"PreGuard","PreGuard(CW,G4)",,,,,,,,0,,
4767,1,6,RandomK,45,32,3,1,"Hit","Hit(CW,5,TOUCH)",,,,,,,,0,,
4767,1,6,RandomK,45,36,4,1,"Hit","Hit(CW,5,MIDDLE)",,,,,,,,0,,
4767,1,6,RandomK,45,38,5,1,"Hit","Hit(CW,5,STRONG)",,,,,,,,0,,
4767,1,6,RandomK,45,39,6,1,"Hit","Hit(CCW,5,STRONG)",,,,,,,,0,,
4767,1,6,RandomK,45,42,7,1,"PostGuard","PostGuard(CW,4,0)",,,,,,,,0,,
4767,1,6,RandomK,45,45,8,1,"PostGuard","PostGuard(CCW,4,1)",,,,,,,,0,,
4767,1,6,RandomK,45,46,9,1,"PostGuard","PostGuard(CW,4,2)",,,,,,,,0,,
7967,4,6,RandomK,45,0,0,1,"Draw","Draw(CW,TEE)",,,,,,,,0,,
7967,4,6,RandomK,45,6,1,1,"Draw","Draw(CW,S4)",,,,,,,,0,,
7967,4,6,RandomK,45,7,2,1,"Draw","Draw(CCW,S4)",,,,,,,,0,,
7967,4,6,RandomK,45,18,3,1,"Draw","Draw(CW,L4)",,,,,,,,0,,
7967,4,6,RandomK,45,29,4,1,"PreGuard","PreGuard(CCW,G4)",,,,,,,,0,,
7967,4,6,RandomK,45,35,5,1,"Hit","Hit(CCW,5,WEAK)",,,,,,,,0,,
7967,4,6,RandomK,45,40,6,1,"Freeze","Freeze(CW,5)",,,,,,,,0,,
7967,4,6,RandomK,45,41,7,1,"Freeze","Freeze(CCW,5)",,,,,,,,0,,
7967,4,6,RandomK,45,45,8,1,"PostGuard","PostGuard(CCW,4,1)",,,,,,,,0,,
7967,4,6,RandomK,45,47,9,1,"PostGuard","PostGuard(CCW,4,2)",,,,,,,,0,,
2140,6,6,RandomK,45,0,0,1,"Draw","Draw(CW,TEE)",,,,,,,,0,,
2140,6,6,RandomK,45,9,1,1,"Draw","Draw(CCW,S6)",,,,,,,,0,,
2140,6,6,RandomK,45,11,2,1,"Draw","Draw(CCW,L0)",,,,,,,,0,,
2140,6,6,RandomK,45,17,3,1,"Draw","Draw(CCW,L3)",,,,,,,,0,,
2140,6,6,RandomK,45,19,4,1,"Draw","Draw(CCW,L4)",,,,,,,,0,,
2140,6,6,RandomK,45,20,5,1,"Draw","Draw(CW,L5)",,,,,,,,0,,
2140,6,6,RandomK,45,31,6,1,"PreGuard","PreGuard(CCW,G5)",,,,,,,,0,,
2140,6,6,RandomK,45,38,7,1,"Hit","Hit(CW,5,STRONG)",,,,,,,,0,,
2140,6,6,RandomK,45,40,8,1,"Freeze","Freeze(CW,5)",,,,,,,,0,,
2140,6,6,RandomK,45,45,9,1,"PostGuard","PostGuard(CCW,0,1)",,,,,,,,0,,
2140,6,6,RandomK,45,54,10,1,"Pass","Pass",,,,,,,,0,,
6866,6,10,RandomK,45,3,0,1,"Draw","Draw(CCW,S0)",,,,,,,,0,,
6866,6,10,RandomK,45,12,1,1,"Draw","Draw(CW,L1)",,,,,,,,0,,
6866,6,10,RandomK,45,17,2,1,"Draw","Draw(CCW,L3)",,,,,,,,0,,
6866,6,10,RandomK,45,19,3,1,"Draw","Draw(CCW,L4)",,,,,,,,0,,
6866,6,10,RandomK,45,21,4,1,"Draw","Draw(CCW,L5)",,,,,,,,0,,
6866,6,10,RandomK,45,24,5,1,"Draw","Draw(CW,L7)",,,,,,,,0,,
6866,6,10,RandomK,45,27,6,1,"PreGuard","PreGuard(CCW,G3)",,,,,,,,0,,
6866,6,10,RandomK,45,32,7,1,"Hit","Hit(CW,7,TOUCH)",,,,,,,,0,,
6866,6,10,RandomK,45,34,8,1,"Hit","Hit(CW,7,WEAK)",,,,,,,,0,,
6866,6,10,RandomK,45,35,9,1,"Hit","Hit(CCW,7,WEAK)",,,,,,,,0,,
6866,6,10,RandomK,45,37,10,1,"Hit","Hit(CCW,7,MIDDLE)",,,,,,,,0,,
6866,6,10,RandomK,45,40,11,1,"Freeze","Freeze(CW,7)",,,,,,,,0,,
6866,6,10,RandomK,45,47,12,1,"Hit","Hit(CCW,9,MIDDLE)",,,,,,,,0,,
6866,6,10,RandomK,45,64,13,1,"PostGuard","PostGuard(CW,8,0)",,,,,,,,0,,
6866,6,10,RandomK,45,66,14,1,"PostGuard","PostGuard(CW,8,1)",,,,,,,,0,,
33,6,6,RandomK,45,5,0,1,"Draw","Draw(CCW,S2)",,,,,,,,0,,
33,6,6,RandomK,45,9,1,1,"Draw","Draw(CCW,S6)",,,,,,,,0,,
33,6,6,RandomK,45,11,2,1,"Draw","Draw(CCW,L0)",,,,,,,,0,,
33,6,6,RandomK,45,12,3,1,"Draw","Draw(CW,L1)",,,,,,,,0,,
33,6,6,RandomK,45,13,4,1,"Draw","Draw(CCW,L1)",,,,,,,,0,,
33,6,6,RandomK,45,21,5,1,"Draw","Draw(CCW,L5)",,,,,,,,0,,
33,6,6,RandomK,45,23,6,1,"Draw","Draw(CCW,L6)",,,,,,,,0,,
33,6,6,RandomK,45,34,7,1,"Hit","Hit(CW,5,WEAK)",,,,,,,,0,,
33,6,6,RandomK,45,36,8,1,"Hit","Hit(CW,5,MIDDLE)",,,,,,,,0,,
33,6,6,RandomK,45,47,9,1,"PostGuard","PostGuard(CCW,4,2)",,,,,,,,0,,
965,5,6,RandomK,45,5,0,1,"Draw","Draw(CCW,S2)",,,,,,,,0,,
965,5,6,RandomK,45,7,1,1,"Draw","Draw(CCW,S4)",,,,,,,,0,,
965,5,6,RandomK,45,13,2,1,"Draw","Draw(CCW,L1)",,,,,,,,0,,
965,5,6,RandomK,45,15,3,1,"Draw","Draw(CCW,L2)",,,,,,,,0,,
965,5,6,RandomK,45,16,4,1,"Draw","Draw(CW,L3)",,,,,,,,0,,
965,5,6,RandomK,45,17,5,1,"Draw","Draw(CCW,L3)",,,,,,,,0,,
965,5,6,RandomK,45,29,6,1,"PreGuard","PreGuard(CCW,G4)",,,,,,,,0,,
965,5,6,RandomK,45,31,7,1,"PreGuard","PreGuard(CCW,G5)",,,,,,,,0,,
965,5,6,RandomK,45,44,8,1,"PostGuard","PostGuard(CW,4,1)",,,,,,,,0,,
965,5,6,RandomK,45,47,9,1,"PostGuard","PostGuard(CCW,4,2)",,,,,,,,0,,
679,6,11,RandomK,45,0,0,1,"Draw","Draw(CW,TEE)",,,,,,,,0,,
679,6,11,RandomK,45,5,1,1,"Draw","Draw(CCW,S2)",,,,,,,,0,,
679,6,11,RandomK,45,8,2,1,"Draw","Draw(CW,S6)",,,,,,,,0,,
679,6,11,RandomK,45,14,3,1,"Draw","Draw(CW,L2)",,,,,,,,0,,
679,6,11,RandomK,45,24,4,1,"Draw","Draw(CW,L7)",,,,,,,,0,,
679,6,11,RandomK,45,29,5,1,"PreGuard","PreGuard(CCW,G4)",,,,,,,,0,,
679,6,11,RandomK,45,41,6,1,"Freeze","Freeze(CCW,6)",,,,,,,,0,,
679,6,11,RandomK,45,45,7,1,"Hit","Hit(CCW,8,WEAK)",,,,,,,,0,,
679,6,11,RandomK,45,48,8,1,"Hit","Hit(CW,8,STRONG)",,,,,,,,0,,
679,6,11,RandomK,45,50,9,1,"Freeze","Freeze(CW,8)",,,,,,,,0,,
679,6,11,RandomK,45,61,10,1,"Freeze","Freeze(CCW,10)",,,,,,,,0,,
679,6,11,RandomK,45,63,11,1,"PostGuard","PostGuard(CCW,7,0)",,,,,,,,0,,
679,6,11,RandomK,45,64,12,1,"PostGuard","PostGuard(CW,7,1)",,,,,,,,0,,
679,6,11,RandomK,45,69,13,1,"PostGuard","PostGuard(CCW,9,0)",,,,,,,,0,,
679,6,11,RandomK,45,71,14,1,"PostGuard","PostGuard(CCW,9,1)",,,,,,,,0,,
8496,6,8,RandomK,45,6,0,1,"Draw","Draw(CW,S4)",,,,,,,,0,,
8496,6,8,RandomK,45,7,1,1,"Draw","Draw(CCW,S4)",,,,,,,,0,,
8496,6,8,RandomK,45,20,2,1,"Draw","Draw(CW,L5)",,,,,,,,0,,
8496,6,8,RandomK,45,21,3,1,"Draw","Draw(CCW,L5)",,,,,,,,0,,
8496,6,8,RandomK,45,22,4,1,"Draw","Draw(CW,L6)",,,,,,,,0,,
8496,6,8,RandomK,45,23,5,1,"Draw","Draw(CCW,L6)",,,,,,,,0,,
8496,6,8,RandomK,45,38,6,1,"Hit","Hit(CW,7,STRONG)",,,,,,,,0,,
8496,6,8,RandomK,45,44,7,1,"PostGuard","PostGuard(CW,4,1)",,,,,,,,0,,
8496,6,8,RandomK,45,47,8,1,"PostGuard","PostGuard(CCW,4,2)",,,,,,,,0,,
8496,6,8,RandomK,45,48,9,1,"PostGuard","PostGuard(CW,6,0)",,,,,,,,0,,
8496,6,8,RandomK,45,51,10,1,"PostGuard","PostGuard(CCW,6,1)",,,,,,,,0,,
5943,4,8,RandomK,45,1,0,1,"Draw","Draw(CCW,TEE)",,,,,,,,0,,
5943,4,8,RandomK,45,2,1,1,"Draw","Draw(CW,S0)",,,,,,,,0,,
5943,4,8,RandomK,45,10,2,1,"Draw","Draw(CW,L0)",,,,,,,,0,,
5943,4,8,RandomK,45,12,3,1,"Draw","Draw(CW,L1)",,,,,,,,0,,
5943,4,8,RandomK,45,13,4,1,"Draw","Draw(CCW,L1)",,,,,,,,0,,
5943,4,8,RandomK,45,20,5,1,"Draw","Draw(CW,L5)",,,,,,,,0,,
5943,4,8,RandomK,45,29,6,1,"PreGuard","PreGuard(CCW,G4)",,,,,,,,0,,
5943,4,8,RandomK,45,34,7,1,"Hit","Hit(CW,7,WEAK)",,,,,,,,0,,
5943,4,8,RandomK,45,39,8,1,"Hit","Hit(CCW,7,STRONG)",,,,,,,,0,,
5943,4,8,RandomK,45,47,9,1,"PostGuard","PostGuard(CCW,2,2)",,,,,,,,0,,
5943,4,8,RandomK,45,50,10,1,"PostGuard","PostGuard(CW,4,1)",,,,,,,,0,,
5943,4,8,RandomK,45,53,11,1,"PostGuard","PostGuard(CCW,4,2)",,,,,,,,0,,
5943,4,8,RandomK,45,59,12,1,"PostGuard","PostGuard(CCW,6,2)",,,,,,,,0,,
5903,2,8,RandomK,45,0,0,1,"Draw","Draw(CW,TEE)",,,,,,,,0,,
5903,2,8,RandomK,45,2,1,1,"Draw","Draw(CW,S0)",,,,,,,,0,,
5903,2,8,RandomK,45,3,2,1,"Draw","Draw(CCW,S0)",,,,,,,,0,,
5903,2,8,RandomK,45,11,3,1,"Draw","Draw(CCW,L0)",,,,,,,,0,,
5903,2,8,RandomK,45,19,4,1,"Draw","Draw(CCW,L4)",,,,,,,,0,,
5903,2,8,RandomK,45,33,5,1,"Hit","Hit(CCW,7,TOUCH)",,,,,,,,0,,
5903,2,8,RandomK,45,35,6,1,"Hit","Hit(CCW,7,WEAK)",,,,,,,,0,,
5903,2,8,RandomK,45,36,7,1,"Hit","Hit(CW,7,MIDDLE)",,,,,,,,0,,
5903,2,8,RandomK,45,40,8,1,"Freeze","Freeze(CW,7)",,,,,,,,0,,
5903,2,8,RandomK,45,46,9,1,"PostGuard","PostGuard(CW,6,2)",,,,,,,,0,,
6148,6,6,RandomK,45,0,0,1,"Draw","Draw(CW,TEE)",,,,,,,,0,,
6148,6,6,RandomK,45,11,1,1,"Draw","Draw(CCW,L0)",,,,,,,,0,,
6148,6,6,RandomK,45,13,2,1,"Draw","Draw(CCW,L1)",,,,,,,,0,,
6148,6,6,RandomK,45,22,3,1,"Draw","Draw(CW,L6)",,,,,,,,0,,
6148,6,6,RandomK,45,23,4,1,"Draw","Draw(CCW,L6)",,,,,,,,0,,
6148,6,6,RandomK,45,36,5,1,"Hit","Hit(CW,5,MIDDLE)",,,,,,,,0,,
6148,6,6,RandomK,45,39,6,1,"Hit","Hit(CCW,5,STRONG)",,,,,,,,0,,
6148,6,6,RandomK,45,40,7,1,"Freeze","Freeze(CW,5)",,,,,,,,0,,
6148,6,6,RandomK,45,43,8,1,"PostGuard","PostGuard(CCW,4,0)",,,,,,,,0,,
6148,6,6,RandomK,45,47,9,1,"PostGuard","PostGuard(CCW,4,2)",,,,,,,,0,,
67,4,10,RandomK,45,8,0,1,"Draw","Draw(CW,S6)",,,,,,,,0,,
67,4,10,RandomK,45,15,1,1,"Draw","Draw(CCW,L2)",,,,,,,,0,,
67,4,10,RandomK,45,24,2,1,"Draw","Draw(CW,L7)",,,,,,,,0,,
67,4,10,RandomK,45,32,3,1,"Hit","Hit(CW,9,TOUCH)",,,,,,,,0,,
67,4,10,RandomK,45,34,4,1,"Hit","Hit(CW,9,WEAK)",,,,,,,,0,,
67,4,10,RandomK,45,35,5,1,"Hit","Hit(CCW,9,WEAK)",,,,,,,,0,,
67,4,10,RandomK,45,39,6,1,"Hit","Hit(CCW,9,STRONG)",,,,,,,,0,,
67,4,10,RandomK,45,40,7,1,"Freeze","Freeze(CW,9)",,,,,,,,0,,
67,4,10,RandomK,45,46,8,1,"PostGuard","PostGuard(CW,8,2)",,,,,,,,0,,
67,4,10,RandomK,45,47,9,1,"PostGuard","PostGuard(CCW,8,2)",,,,,,,,0,,
2672,0,11,RandomK,45,1,0,1,"Draw","Draw(CCW,TEE)",,,,,,,,0,,
2672,0,11,RandomK,45,4,1,1,"Draw","Draw(CW,S2)",,,,,,,,0,,
2672,0,11,RandomK,45,10,2,1,"Draw","Draw(CW,L0)",,,,,,,,0,,
2672,0,11,RandomK,45,21,3,1,"Draw","Draw(CCW,L5)",,,,,,,,0,,
2672,0,11,RandomK,45,30,4,1,"PreGuard","PreGuard(CW,G5)",,,,,,,,0,,
2672,0,11,RandomK,45,32,5,1,"Hit","Hit(CW,8,TOUCH)",,,,,,,,0,,
2672,0,11,RandomK,45,33,6,1,"Hit","Hit(CCW,8,TOUCH)",,,,,,,,0,,
2672,0,11,RandomK,45,37,7,1,"Hit","Hit(CCW,8,MIDDLE)",,,,,,,,0,,
2672,0,11,RandomK,45,41,8,1,"Freeze","Freeze(CCW,8)",,,,,,,,0,,
2672,0,11,RandomK,45,43,9,1,"Hit","Hit(CCW,10,TOUCH)",,,,,,,,0,,
2672,0,11,RandomK,45,47,10,1,"Hit","Hit(CCW,10,MIDDLE)",,,,,,,,0,,
2672,0,11,RandomK,45,49,11,1,"Hit","Hit(CCW,10,STRONG)",,,,,,,,0,,
4467,0,8,RandomK,45,0,0,1,"Draw","Draw(CW,TEE)",,,,,,,,0,,
4467,0,8,RandomK,45,1,1,1,"Draw","Draw(CCW,TEE)",,,,,,,,0,,
4467,0,8,RandomK,45,14,2,1,"Draw","Draw(CW,L2)",,,,,,,,0,,
4467,0,8,RandomK,45,17,3,1,"Draw","Draw(CCW,L3)",,,,,,,,0,,
4467,0,8,RandomK,45,18,4,1,"Draw","Draw(CW,L4)",,,,,,,,0,,
4467,0,8,RandomK,45,19,5,1,"Draw","Draw(CCW,L4)",,,,,,,,0,,
4467,0,8,RandomK,45,23,6,1,"Draw","Draw(CCW,L6)",,,,,,,,0,,
4467,0,8,RandomK,45,30,7,1,"PreGuard","PreGuard(CW,G5)",,,,,,,,0,,
4467,0,8,RandomK,45,34,8,1,"Hit","Hit(CW,5,WEAK)",,,,,,,,0,,
4467,0,8,RandomK,45,40,9,1,"Freeze","Freeze(CW,5)",,,,,,,,0,,
4467,0,8,RandomK,45,44,10,1,"Hit","Hit(CW,7,WEAK)",,,,,,,,0,,
4467,0,8,RandomK,45,52,11,1,"PostGuard","PostGuard(CW,6,0)",,,,,,,,0,,
2516,5,8,RandomK,45,7,0,1,"Draw","Draw(CCW,S4)",,,,,,,,0,,
2516,5,8,RandomK,45,12,1,1,"Draw","Draw(CW,L1)",,,,,,,,0,,
2516,5,8,RandomK,45,15,2,1,"Draw","Draw(CCW,L2)",,,,,,,,0,,
2516,5,8,RandomK,45,16,3,1,"Draw","Draw(CW,L3)",,,,,,,,0,,
2516,5,8,RandomK,45,28,4,1,"PreGuard","PreGuard(CW,G4)",,,,,,,,0,,
2516,5,8,RandomK,45,29,5,1,"PreGuard","PreGuard(CCW,G4)",,,,,,,,0,,
2516,5,8,RandomK,45,32,6,1,"Hit","Hit(CW,7,TOUCH)",,,,,,,,0,,
2516,5,8,RandomK,45,36,7,1,"Hit","Hit(CW,7,MIDDLE)",,,,,,,,0,,
2516,5,8,RandomK,45,39,8,1,"Hit","Hit(CCW,7,STRONG)",,,,,,,,0,,
2516,5,8,RandomK,45,40,9,1,"Freeze","Freeze(CW,7)",,,,,,,,0,,
2516,5,8,RandomK,45,45,10,1,"PostGuard","PostGuard(CCW,4,1)",,,,,,,,0,,
7892,3,13,RandomK,45,2,0,1,"Draw","Draw(CW,S0)",,,,,,,,0,,
7892,3,13,RandomK,45,3,1,1,"Draw","Draw(CCW,S0)",,,,,,,,0,,
7892,3,13,RandomK,45,6,2,1,"Draw","Draw(CW,S4)",,,,,,,,0,,
7892,3,13,RandomK,45,8,3,1,"Draw","Draw(CW,S6)",,,,,,,,0,,
7892,3,13,RandomK,45,18,4,1,"Draw","Draw(CW,L4)",,,,,,,,0,,
7892,3,13,RandomK,45,21,5,1,"Draw","Draw(CCW,L5)",,,,,,,,0,,
7892,3,13,RandomK,45,27,6,1,"PreGuard","PreGuard(CCW,G3)",,,,,,,,0,,
7892,3,13,RandomK,45,32,7,1,"Hit","Hit(CW,4,TOUCH)",,,,,,,,0,,
7892,3,13,RandomK,45,33,8,1,"Hit","Hit(CCW,4,TOUCH)",,,,,,,,0,,
7892,3,13,RandomK,45,37,9,1,"Hit","Hit(CCW,4,MIDDLE)",,,,,,,,0,,
7892,3,13,RandomK,45,40,10,1,"Freeze","Freeze(CW,4)",,,,,,,,0,,
7892,3,13,RandomK,45,41,11,1,"Freeze","Freeze(CCW,4)",,,,,,,,0,,
7892,3,13,RandomK,45,44,12,1,"Hit","Hit(CW,6,WEAK)",,,,,,,,0,,
7892,3,13,RandomK,45,49,13,1,"Hit","Hit(CCW,6,STRONG)",,,,,,,,0,,
7892,3,13,RandomK,45,66,14,1,"PostGuard","PostGuard(CW,9,2)",,,,,,,,0,,
1789,6,12,RandomK,45,4,0,1,"Draw","Draw(CW,S2)",,,,,,,,0,,
1789,6,12,RandomK,45,13,1,1,"Draw","Draw(CCW,L1)",,,,,,,,0,,
1789,6,12,RandomK,45,17,2,1,"Draw","Draw(CCW,L3)",,,,,,,,0,,
1789,6,12,RandomK,45,18,3,1,"Draw","Draw(CW,L4)",,,,,,,,0,,
1789,6,12,RandomK,45,28,4,1,"PreGuard","PreGuard(CW,G4)",,,,,,,,0,,
1789,6,12,RandomK,45,31,5,1,"PreGuard","PreGuard(CCW,G5)",,,,,,,,0,,
1789,6,12,RandomK,45,32,6,1,"Hit","Hit(CW,11,TOUCH)",,,,,,,,0,,
1789,6,12,RandomK,45,38,7,1,"Hit","Hit(CW,11,STRONG)",,,,,,,,0,,
1789,6,12,RandomK,45,40,8,1,"Freeze","Freeze(CW,11)",,,,,,,,0,,
1789,6,12,RandomK,45,44,9,1,"PostGuard","PostGuard(CW,10,1)",,,,,,,,0,,
2748,6,14,RandomK,45,5,0,1,"Draw","Draw(CCW,S2)",,,,,,,,0,,
2748,6,14,RandomK,45,10,1,1,"Draw","Draw(CW,L0)",,,,,,,,0,,
2748,6,14,RandomK,45,11,2,1,"Draw","Draw(CCW,L0)",,,,,,,,0,,
2748,6,14,RandomK,45,12,3,1,"Draw","Draw(CW,L1)",,,,,,,,0,,
2748,6,14,RandomK,45,14,4,1,"Draw","Draw(CW,L2)",,,,,,,,0,,
2748,6,14,RandomK,45,33,5,1,"Hit","Hit(CCW,9,TOUCH)",,,,,,,,0,,
2748,6,14,RandomK,45,34,6,1,"Hit","Hit(CW,9,WEAK)",,,,,,,,0,,
2748,6,14,RandomK,45,40,7,1,"Freeze","Freeze(CW,9)",,,,,,,,0,,
2748,6,14,RandomK,45,44,8,1,"Hit","Hit(CW,13,WEAK)",,,,,,,,0,,
2748,6,14,RandomK,45,47,9,1,"Hit","Hit(CCW,13,MIDDLE)",,,,,,,,0,,
2748,6,14,RandomK,45,50,10,1,"Freeze","Freeze(CW,13)",,,,,,,,0,,
2748,6,14,RandomK,45,54,11,1,"PostGuard","PostGuard(CW,10,1)",,,,,,,,0,,
2748,6,14,RandomK,45,64,12,1,"Pass","Pass",,,,,,,,0,,
5555,0,12,RandomK,45,2,0,1,"Draw","Draw(CW,S0)",,,,,,,,0,,
5555,0,12,RandomK,45,6,1,1,"Draw","Draw(CW,S4)",,,,,,,,0,,
5555,0,12,RandomK,45,9,2,1,"Draw","Draw(CCW,S6)",,,,,,,,0,,
5555,0,12,RandomK,45,11,3,1,"Draw","Draw(CCW,L0)",,,,,,,,0,,
5555,0,12,RandomK,45,13,4,1,"Draw","Draw(CCW,L1)",,,,,,,,0,,
5555,0,12,RandomK,45,14,5,1,"Draw","Draw(CW,L2)",,,,,,,,0,,
5555,0,12,RandomK,45,15,6,1,"Draw","Draw(CCW,L2)",,,,,,,,0,,
5555,0,12,RandomK,45,16,7,1,"Draw","Draw(CW,L3)",,,,,,,,0,,
5555,0,12,RandomK,45,33,8,1,"Hit","Hit(CCW,9,TOUCH)",,,,,,,,0,,
5555,0,12,RandomK,45,34,9,1,"Hit","Hit(CW,9,WEAK)",,,,,,,,0,,
5555,0,12,RandomK,45,44,10,1,"Hit","Hit(CW,11,WEAK)",,,,,,,,0,,
5555,0,12,RandomK,45,47,11,1,"Hit","Hit(CCW,11,MIDDLE)",,,,,,,,0,,
5555,0,12,RandomK,45,49,12,1,"Hit","Hit(CCW,11,STRONG)",,,,,,,,0,,
5662,6,14,RandomK,45,5,0,1,"Draw","Draw(CCW,S2)",,,,,,,,0,,
5662,6,14,RandomK,45,7,1,1,"Draw","Draw(CCW,S4)",,,,,,,,0,,
5662,6,14,RandomK,45,12,2,1,"Draw","Draw(CW,L1)",,,,,,,,0,,
5662,6,14,RandomK,45,16,3,1,"Draw","Draw(CW,L3)",,,,,,,,0,,
5662,6,14,RandomK,45,28,4,1,"PreGuard","PreGuard(CW,G4)",,,,,,,,0,,
5662,6,14,RandomK,45,30,5,1,"PreGuard","PreGuard(CW,G5)",,,,,,,,0,,
5662,6,14,RandomK,45,31,6,1,"PreGuard","PreGuard(CCW,G5)",,,,,,,,0,,
5662,6,14,RandomK,45,34,7,1,"Hit","Hit(CW,13,WEAK)",,,,,,,,0,,
5662,6,14,RandomK,45,35,8,1,"Hit","Hit(CCW,13,WEAK)",,,,,,,,0,,
5662,6,14,RandomK,45,45,9,1,"PostGuard","PostGuard(CCW,12,1)",,,,,,,,0,,
5064,7,14,RandomK,45,2,0,1,"Draw","Draw(CW,S0)",,,,,,,,0,,
5064,7,14,RandomK,45,6,1,1,"Draw","Draw(CW,S4)",,,,,,,,0,,
5064,7,14,RandomK,45,7,2,1,"Draw","Draw(CCW,S4)",,,,,,,,0,,
5064,7,14,RandomK,45,13,3,1,"Draw","Draw(CCW,L1)",,,,,,,,0,,
5064,7,14,RandomK,45,15,4,1,"Draw","Draw(CCW,L2)",,,,,,,,0,,
5064,7,14,RandomK,45,16,5,1,"Draw","Draw(CW,L3)",,,,,,,,0,,
5064,7,14,RandomK,45,32,6,1,"Hit","Hit(CW,9,TOUCH)",,,,,,,,0,,
5064,7,14,RandomK,45,36,7,1,"Hit","Hit(CW,9,MIDDLE)",,,,,,,,0,,
5064,7,14,RandomK,45,37,8,1,"Hit","Hit(CCW,9,MIDDLE)",,,,,,,,0,,
5064,7,14,RandomK,45,47,9,1,"Hit","Hit(CCW,11,MIDDLE)",,,,,,,,0,,
5064,7,14,RandomK,45,48,10,1,"Hit","Hit(CW,11,STRONG)",,,,,,,,0,,
5064,7,14,RandomK,45,50,11,1,"Freeze","Freeze(CW,11)",,,,,,,,0,,
5064,7,14,RandomK,45,61,12,1,"PostGuard","PostGuard(CCW,12,1)",,,,,,,,0,,
3882,7,13,RandomK,45,2,0,1,"Draw","Draw(CW,S0)",,,,,,,,0,,
3882,7,13,RandomK,45,7,1,1,"Draw","Draw(CCW,S4)",,,,,,,,0,,
3882,7,13,RandomK,45,16,2,1,"Draw","Draw(CW,L3)",,,,,,,,0,,
3882,7,13,RandomK,45,17,3,1,"Draw","Draw(CCW,L3)",,,,,,,,0,,
3882,7,13,RandomK,45,29,4,1,"PreGuard","PreGuard(CCW,G4)",,,,,,,,0,,
3882,7,13,RandomK,45,47,5,1,"Hit","Hit(CCW,6,MIDDLE)",,,,,,,,0,,
3882,7,13,RandomK,45,53,6,1,"Hit","Hit(CCW,10,TOUCH)",,,,,,,,0,,
3882,7,13,RandomK,45,54,7,1,"Hit","Hit(CW,10,WEAK)",,,,,,,,0,,
3882,7,13,RandomK,45,55,8,1,"Hit","Hit(CCW,10,WEAK)",,,,,,,,0,,
3882,7,13,RandomK,45,57,9,1,"Hit","Hit(CCW,10,MIDDLE)",,,,,,,,0,,
3882,7,13,RandomK,45,58,10,1,"Hit","Hit(CW,10,STRONG)",,,,,,,,0,,
3882,7,13,RandomK,45,59,11,1,"Hit","Hit(CCW,10,STRONG)",,,,,,,,0,,
3882,7,13,RandomK,45,60,12,1,"Freeze","Freeze(CW,10)",,,,,,,,0,,
3882,7,13,RandomK,45,62,13,1,"Hit","Hit(CW,12,TOUCH)",,,,,,,,0,,
3882,7,13,RandomK,45,73,14,1,"PostGuard","PostGuard(CCW,11,0)",,,,,,,,0,,
3882,7,13,RandomK,45,78,15,1,"Pass","Pass",,,,,,,,0,,
7024,4,13,RandomK,45,3,0,1,"Draw","Draw(CCW,S0)",,,,,,,,0,,
7024,4,13,RandomK,45,7,1,1,"Draw","Draw(CCW,S4)",,,,,,,,0,,
7024,4,13,RandomK,45,8,2,1,"Draw","Draw(CW,S6)",,,,,,,,0,,
7024,4,13,RandomK,45,9,3,1,"Draw","Draw(CCW,S6)",,,,,,,,0,,
7024,4,13,RandomK,45,15,4,1,"Draw","Draw(CCW,L2)",,,,,,,,0,,
7024,4,13,RandomK,45,21,5,1,"Draw","Draw(CCW,L5)",,,,,,,,0,,
7024,4,13,RandomK,45,22,6,1,"Draw","Draw(CW,L6)",,,,,,,,0,,
7024,4,13,RandomK,45,28,7,1,"PreGuard","PreGuard(CW,G4)",,,,,,,,0,,
7024,4,13,RandomK,45,37,8,1,"Hit","Hit(CCW,6,MIDDLE)",,,,,,,,0,,
7024,4,13,RandomK,45,44,9,1,"Hit","Hit(CW,12,WEAK)",,,,,,,,0,,
7024,4,13,RandomK,45,54,10,1,"PostGuard","PostGuard(CW,5,1)",,,,,,,,0,,
7024,4,13,RandomK,45,60,11,1,"PostGuard","PostGuard(CW,11,1)",,,,,,,,0,,
7024,4,13,RandomK,45,64,12,1,"Pass","Pass",,,,,,,,0,,
1439,6,14,RandomK,45,8,0,1,"Draw","Draw(CW,S6)",,,,,,,,0,,
1439,6,14,RandomK,45,11,1,1,"Draw","Draw(CCW,L0)",,,,,,,,0,,
1439,6,14,RandomK,45,16,2,1,"Draw","Draw(CW,L3)",,,,,,,,0,,
1439,6,14,RandomK,45,24,3,1,"Draw","Draw(CW,L7)",,,,,,,,0,,
1439,6,14,RandomK,45,27,4,1,"PreGuard","PreGuard(CCW,G3)",,,,,,,,0,,
1439,6,14,RandomK,45,28,5,1,"PreGuard","PreGuard(CW,G4)",,,,,,,,0,,
1439,6,14,RandomK,45,31,6,1,"PreGuard","PreGuard(CCW,G5)",,,,,,,,0,,
1439,6,14,RandomK,45,39,7,1,"Hit","Hit(CCW,9,STRONG)",,,,,,,,0,,
1439,6,14,RandomK,45,41,8,1,"Freeze","Freeze(CCW,9)",,,,,,,,0,,
1439,6,14,RandomK,45,42,9,1,"Hit","Hit(CW,13,TOUCH)",,,,,,,,0,,
1439,6,14,RandomK,45,50,10,1,"Freeze","Freeze(CW,13)",,,,,,,,0,,
1439,6,14,RandomK,45,55,11,1,"PostGuard","PostGuard(CCW,8,1)",,,,,,,,0,,
1439,6,14,RandomK,45,56,12,1,"PostGuard","PostGuard(CW,8,2)",,,,,,,,0,,
5803,1,12,RandomK,45,0,0,1,"Draw","Draw(CW,TEE)",,,,,,,,0,,
5803,1,12,RandomK,45,1,1,1,"Draw","Draw(CCW,TEE)",,,,,,,,0,,
5803,1,12,RandomK,45,5,2,1,"Draw","Draw(CCW,S2)",,,,,,,,0,,
5803,1,12,RandomK,45,7,3,1,"Draw","Draw(CCW,S4)",,,,,,,,0,,
5803,1,12,RandomK,45,15,4,1,"Draw","Draw(CCW,L2)",,,,,,,,0,,
5803,1,12,RandomK,45,31,5,1,"PreGuard","PreGuard(CCW,G5)",,,,,,,,0,,
5803,1,12,RandomK,45,37,6,1,"Hit","Hit(CCW,11,MIDDLE)",,,,,,,,0,,
5803,1,12,RandomK,45,38,7,1,"Hit","Hit(CW,11,STRONG)",,,,,,,,0,,
5803,1,12,RandomK,45,43,8,1,"PostGuard","PostGuard(CCW,4,0)",,,,,,,,0,,
5803,1,12,RandomK,45,44,9,1,"PostGuard","PostGuard(CW,4,1)",,,,,,,,0,,
5803,1,12,RandomK,45,52,10,1,"PostGuard","PostGuard(CW,8,2)",,,,,,,,0,,
5803,1,12,RandomK,45,54,11,1,"PostGuard","PostGuard(CW,10,0)",,,,,,,,0,,
5803,1,12,RandomK,45,59,12,1,"PostGuard","PostGuard(CCW,10,2)",,,,,,,,0,,
3151,1,13,RandomK,45,0,0,1,"Draw","Draw(CW,TEE)",,,,,,,,0,,
3151,1,13,RandomK,45,5,1,1,"Draw","Draw(CCW,S2)",,,,,,,,0,,
3151,1,13,RandomK,45,7,2,1,"Draw","Draw(CCW,S4)",,,,,,,,0,,
3151,1,13,RandomK,45,10,3,1,"Draw","Draw(CW,L0)",,,,,,,,0,,
3151,1,13,RandomK,45,12,4,1,"Draw","Draw(CW,L1)",,,,,,,,0,,
3151,1,13,RandomK,45,16,5,1,"Draw","Draw(CW,L3)",,,,,,,,0,,
3151,1,13,RandomK,45,22,6,1,"Draw","Draw(CW,L6)",,,,,,,,0,,
3151,1,13,RandomK,45,42,7,1,"PostGuard","PostGuard(CW,11,0)",,,,,,,,0,,
3151,1,13,RandomK,45,45,8,1,"PostGuard","PostGuard(CCW,11,1)",,,,,,,,0,,
3151,1,13,RandomK,45,48,9,1,"PostGuard","PostGuard(CW,13,0)",,,,,,,,0,,
3151,1,13,RandomK,45,52,10,1,"PostGuard","PostGuard(CW,13,2)",,,,,,,,0,,
7510,6,12,RandomK,45,4,0,1,"Draw","Draw(CW,S2)",,,,,,,,0,,
7510,6,12,RandomK,45,5,1,1,"Draw","Draw(CCW,S2)",,,,,,,,0,,
7510,6,12,RandomK,45,8,2,1,"Draw","Draw(CW,S6)",,,,,,,,0,,
7510,6,12,RandomK,45,17,3,1,"Draw","Draw(CCW,L3)",,,,,,,,0,,
7510,6,12,RandomK,45,21,4,1,"Draw","Draw(CCW,L5)",,,,,,,,0,,
7510,6,12,RandomK,45,23,5,1,"Draw","Draw(CCW,L6)",,,,,,,,0,,
7510,6,12,RandomK,45,25,6,1,"Draw","Draw(CCW,L7)",,,,,,,,0,,
7510,6,12,RandomK,45,27,7,1,"PreGuard","PreGuard(CCW,G3)",,,,,,,,0,,
7510,6,12,RandomK,45,31,8,1,"PreGuard","PreGuard(CCW,G5)",,,,,,,,0,,
7510,6,12,RandomK,45,38,9,1,"Hit","Hit(CW,11,STRONG)",,,,,,,,0,,
7510,6,12,RandomK,45,42,10,1,"PostGuard","PostGuard(CW,4,0)",,,,,,,,0,,
7510,6,12,RandomK,45,49,11,1,"PostGuard","PostGuard(CCW,8,0)",,,,,,,,0,,
7510,6,12,RandomK,45,51,12,1,"PostGuard","PostGuard(CCW,8,1)",,,,,,,,0,,
2961,4,12,RandomK,45,0,0,1,"Draw","Draw(CW,TEE)",,,,,,,,0,,
2961,4,12,RandomK,45,3,1,1,"Draw","Draw(CCW,S0)",,,,,,,,0,,
2961,4,12,RandomK,45,6,2,1,"Draw","Draw(CW,S4)",,,,,,,,0,,
2961,4,12,RandomK,45,11,3,1,"Draw","Draw(CCW,L0)",,,,,,,,0,,
2961,4,12,RandomK,45,21,4,1,"Draw","Draw(CCW,L5)",,,,,,,,0,,
2961,4,12,RandomK,45,32,5,1,"Hit","Hit(CW,11,TOUCH)",,,,,,,,0,,
2961,4,12,RandomK,45,34,6,1,"Hit","Hit(CW,11,WEAK)",,,,,,,,0,,
2961,4,12,RandomK,45,37,7,1,"Hit","Hit(CCW,11,MIDDLE)",,,,,,,,0,,
2961,4,12,RandomK,45,48,8,1,"PostGuard","PostGuard(CW,8,0)",,,,,,,,0,,
2961,4,12,RandomK,45,54,9,1,"PostGuard","PostGuard(CW,10,0)",,,,,,,,0,,
2961,4,12,RandomK,45,56,10,1,"PostGuard","PostGuard(CW,10,1)",,,,,,,,0,,
2961,4,12,RandomK,45,57,11,1,"PostGuard","PostGuard(CCW,10,1)",,,,,,,,0,,
2961,4,12,RandomK,45,60,12,1,"Pass","Pass",,,,,,,,0,,
7703,0,12,RandomK,45,4,0,1,"Draw","Draw(CW,S2)",,,,,,,,0,,
7703,0,12,RandomK,45,10,1,1,"Draw","Draw(CW,L0)",,,,,,,,0,,
7703,0,12,RandomK,45,14,2,1,"Draw","Draw(CW,L2)",,,,,,,,0,,
7703,0,12,RandomK,45,27,3,1,"PreGuard","PreGuard(CCW,G3)",,,,,,,,0,,
7703,0,12,RandomK,45,29,4,1,"PreGuard","PreGuard(CCW,G4)",,,,,,,,0,,
7703,0,12,RandomK,45,30,5,1,"PreGuard","PreGuard(CW,G5)",,,,,,,,0,,
7703,0,12,RandomK,45,32,6,1,"Hit","Hit(CW,11,TOUCH)",,,,,,,,0,,
7703,0,12,RandomK,45,36,7,1,"Hit","Hit(CW,11,MIDDLE)",,,,,,,,0,,
7703,0,12,RandomK,45,43,8,1,"PostGuard","PostGuard(CCW,10,0)",,,,,,,,0,,
7703,0,12,RandomK,45,46,9,1,"PostGuard","PostGuard(CW,10,2)",,,,,,,,0,,
254,6,14,RandomK,45,2,0,1,"Draw","Draw(CW,S0)",,,,,,,,0,,
254,6,14,RandomK,45,9,1,1,"Draw","Draw(CCW,S6)",,,,,,,,0,,
254,6,14,RandomK,45,13,2,1,"Draw","Draw(CCW,L1)",,,,,,,,0,,
254,6,14,RandomK,45,15,3,1,"Draw","Draw(CCW,L2)",,,,,,,,0,,
254,6,14,RandomK,45,19,4,1,"Draw","Draw(CCW,L4)",,,,,,,,0,,
254,6,14,RandomK,45,28,5,1,"PreGuard","PreGuard(CW,G4)",,,,,,,,0,,
254,6,14,RandomK,45,29,6,1,"PreGuard","PreGuard(CCW,G4)",,,,,,,,0,,
254,6,14,RandomK,45,36,7,1,"Hit","Hit(CW,13,MIDDLE)",,,,,,,,0,,
254,6,14,RandomK,45,39,8,1,"Hit","Hit(CCW,13,STRONG)",,,,,,,,0,,
254,6,14,RandomK,45,40,9,1,"Freeze","Freeze(CW,13)",,,,,,,,0,,
254,6,14,RandomK,45,51,10,1,"PostGuard","PostGuard(CCW,12,1)",,,,,,,,0,,
5034,2,14,RandomK,45,6,0,1,"Draw","Draw(CW,S4)",,,,,,,,0,,
5034,2,14,RandomK,45,7,1,1,"Draw","Draw(CCW,S4)",,,,,,,,0,,
5034,2,14,RandomK,45,11,2,1,"Draw","Draw(CCW,L0)",,,,,,,,0,,
5034,2,14,RandomK,45,14,3,1,"Draw","Draw(CW,L2)",,,,,,,,0,,
5034,2,14,RandomK,45,17,4,1,"Draw","Draw(CCW,L3)",,,,,,,,0,,
5034,2,14,RandomK,45,26,5,1,"PreGuard","PreGuard(CW,G3)",,,,,,,,0,,
5034,2,14,RandomK,45,39,6,1,"Hit","Hit(CCW,13,STRONG)",,,,,,,,0,,
5034,2,14,RandomK,45,44,7,1,"PostGuard","PostGuard(CW,8,1)",,,,,,,,0,,
5034,2,14,RandomK,45,48,8,1,"PostGuard","PostGuard(CW,10,0)",,,,,,,,0,,
5034,2,14,RandomK,45,49,9,1,"PostGuard","PostGuard(CCW,10,0)",,,,,,,,0,,
5034,2,14,RandomK,45,50,10,1,"PostGuard","PostGuard(CW,10,1)",,,,,,,,0,,
5034,2,14,RandomK,45,53,11,1,"PostGuard","PostGuard(CCW,10,2)",,,,,,,,0,,
5034,2,14,RandomK,45,55,12,1,"PostGuard","PostGuard(CCW,12,0)",,,,,,,,0,,
9062,0,13,RandomK,45,7,0,1,"Draw","Draw(CCW,S4)",,,,,,,,0,,
9062,0,13,RandomK,45,16,1,1,"Draw","Draw(CW,L3)",,,,,,,,0,,
9062,0,13,RandomK,45,17,2,1,"Draw","Draw(CCW,L3)",,,,,,,,0,,
9062,0,13,RandomK,45,20,3,1,"Draw","Draw(CW,L5)",,,,,,,,0,,
9062,0,13,RandomK,45,26,4,1,"PreGuard","PreGuard(CW,G3)",,,,,,,,0,,
9062,0,13,RandomK,45,37,5,1,"Hit","Hit(CCW,4,MIDDLE)",,,,,,,,0,,
9062,0,13,RandomK,45,38,6,1,"Hit","Hit(CW,4,STRONG)",,,,,,,,0,,
9062,0,13,RandomK,45,39,7,1,"Hit","Hit(CCW,4,STRONG)",,,,,,,,0,,
9062,0,13,RandomK,45,43,8,1,"Hit","Hit(CCW,8,TOUCH)",,,,,,,,0,,
9062,0,13,RandomK,45,50,9,1,"Freeze","Freeze(CW,8)",,,,,,,,0,,
9062,0,13,RandomK,45,54,10,1,"Hit","Hit(CW,10,WEAK)",,,,,,,,0,,
9062,0,13,RandomK,45,56,11,1,"Hit","Hit(CW,10,MIDDLE)",,,,,,,,0,,
9062,0,13,RandomK,45,57,12,1,"Hit","Hit(CCW,10,MIDDLE)",,,,,,,,0,,
9062,0,13,RandomK,45,59,13,1,"Hit","Hit(CCW,10,STRONG)",,,,,,,,0,,
9062,0,13,RandomK,45,70,14,1,"Freeze","Freeze(CW,12)",,,,,,,,0,,
9062,0,13,RandomK,45,77,15,1,"PostGuard","PostGuard(CCW,11,2)",,,,,,,,0,,
3846,3,14,RandomK,45,1,0,1,"Draw","Draw(CCW,TEE)",,,,,,,,0,,
3846,3,14,RandomK,45,21,1,1,"Draw","Draw(CCW,L5)",,,,,,,,0,,
3846,3,14,RandomK,45,24,2,1,"Draw","Draw(CW,L7)",,,,,,,,0,,
3846,3,14,RandomK,45,25,3,1,"Draw","Draw(CCW,L7)",,,,,,,,0,,
3846,3,14,RandomK,45,28,4,1,"PreGuard","PreGuard(CW,G4)",,,,,,,,0,,
3846,3,14,RandomK,45,30,5,1,"PreGuard","PreGuard(CW,G5)",,,,,,,,0,,
3846,3,14,RandomK,45,41,6,1,"Freeze","Freeze(CCW,13)",,,,,,,,0,,
3846,3,14,RandomK,45,44,7,1,"PostGuard","PostGuard(CW,6,1)",,,,,,,,0,,
3846,3,14,RandomK,45,45,8,1,"PostGuard","PostGuard(CCW,6,1)",,,,,,,,0,,
3846,3,14,RandomK,45,52,9,1,"PostGuard","PostGuard(CW,10,2)",,,,,,,,0,,
3846,3,14,RandomK,45,53,10,1,"PostGuard","PostGuard(CCW,10,2)",,,,,,,,0,,
3846,3,14,RandomK,45,57,11,1,"PostGuard","PostGuard(CCW,12,1)",,,,,,,,0,,
3846,3,14,RandomK,45,60,12,1,"Pass","Pass",,,,,,,,0,,
4217,3,14,RandomK,45,0,0,1,"Draw","Draw(CW,TEE)",,,,,,,,0,,
4217,3,14,RandomK,45,3,1,1,"Draw","Draw(CCW,S0)",,,,,,,,0,,
4217,3,14,RandomK,45,4,2,1,"Draw","Draw(CW,S2)",,,,,,,,0,,
4217,3,14,RandomK,45,10,3,1,"Draw","Draw(CW,L0)",,,,,,,,0,,
4217,3,14,RandomK,45,11,4,1,"Draw","Draw(CCW,L0)",,,,,,,,0,,
4217,3,14,RandomK,45,21,5,1,"Draw","Draw(CCW,L5)",,,,,,,,0,,
4217,3,14,RandomK,45,23,6,1,"Draw","Draw(CCW,L6)",,,,,,,,0,,
4217,3,14,RandomK,45,34,7,1,"Hit","Hit(CW,13,WEAK)",,,,,,,,0,,
4217,3,14,RandomK,45,38,8,1,"Hit","Hit(CW,13,STRONG)",,,,,,,,0,,
4217,3,14,RandomK,45,41,9,1,"Freeze","Freeze(CCW,13)",,,,,,,,0,,
4217,3,14,RandomK,45,54,10,1,"Pass","Pass",,,,,,,,0,,
2421,6,14,RandomK,45,5,0,1,"Draw","Draw(CCW,S2)",,,,,,,,0,,
2421,6,14,RandomK,45,10,1,1,"Draw","Draw(CW,L0)",,,,,,,,0,,
2421,6,14,RandomK,45,23,2,1,"Draw","Draw(CCW,L6)",,,,,,,,0,,
2421,6,14,RandomK,45,24,3,1,"Draw","Draw(CW,L7)",,,,,,,,0,,
2421,6,14,RandomK,45,28,4,1,"PreGuard","PreGuard(CW,G4)",,,,,,,,0,,
2421,6,14,RandomK,45,31,5,1,"PreGuard","PreGuard(CCW,G5)",,,,,,,,0,,
2421,6,14,RandomK,45,38,6,1,"Hit","Hit(CW,13,STRONG)",,,,,,,,0,,
2421,6,14,RandomK,45,41,7,1,"Freeze","Freeze(CCW,13)",,,,,,,,0,,
2421,6,14,RandomK,45,43,8,1,"PostGuard","PostGuard(CCW,2,0)",,,,,,,,0,,
2421,6,14,RandomK,45,44,9,1,"PostGuard","PostGuard(CW,2,1)",,,,,,,,0,,
2421,6,14,RandomK,45,58,10,1,"PostGuard","PostGuard(CW,10,2)",,,,,,,,0,,
2421,6,14,RandomK,45,59,11,1,"PostGuard","PostGuard(CCW,10,2)",,,,,,,,0,,
2421,6,14,RandomK,45,61,12,1,"PostGuard","PostGuard(CCW,12,0)",,,,,,,,0,,
2421,6,14,RandomK,45,62,13,1,"PostGuard","PostGuard(CW,12,1)",,,,,,,,0,,
4734,4,14,RandomK,45,1,0,1,"Draw","Draw(CCW,TEE)",,,,,,,,0,,
4734,4,14,RandomK,45,12,1,1,"Draw","Draw(CW,L1)",,,,,,,,0,,
4734,4,14,RandomK,45,13,2,1,"Draw","Draw(CCW,L1)",,,,,,,,0,,
4734,4,14,RandomK,45,16,3,1,"Draw","Draw(CW,L3)",,,,,,,,0,,
4734,4,14,RandomK,45,22,4,1,"Draw","Draw(CW,L6)",,,,,,,,0,,
4734,4,14,RandomK,45,30,5,1,"PreGuard","PreGuard(CW,G5)",,,,,,,,0,,
4734,4,14,RandomK,45,31,6,1,"PreGuard","PreGuard(CCW,G5)",,,,,,,,0,,
4734,4,14,RandomK,45,35,7,1,"Hit","Hit(CCW,13,WEAK)",,,,,,,,0,,
4734,4,14,RandomK,45,39,8,1,"Hit","Hit(CCW,13,STRONG)",,,,,,,,0,,
4734,4,14,RandomK,45,44,9,1,"PostGuard","PostGuard(CW,10,1)",,,,,,,,0,,
3881,4,14,RandomK,45,0,0,1,"Draw","Draw(CW,TEE)",,,,,,,,0,,
3881,4,14,RandomK,45,3,1,1,"Draw","Draw(CCW,S0)",,,,,,,,0,,
3881,4,14,RandomK,45,12,2,1,"Draw","Draw(CW,L1)",,,,,,,,0,,
3881,4,14,RandomK,45,20,3,1,"Draw","Draw(CW,L5)",,,,,,,,0,,
3881,4,14,RandomK,45,21,4,1,"Draw","Draw(CCW,L5)",,,,,,,,0,,
3881,4,14,RandomK,45,26,5,1,"PreGuard","PreGuard(CW,G3)",,,,,,,,0,,
3881,4,14,RandomK,45,30,6,1,"PreGuard","PreGuard(CW,G5)",,,,,,,,0,,
3881,4,14,RandomK,45,39,7,1,"Hit","Hit(CCW,13,STRONG)",,,,,,,,0,,
3881,4,14,RandomK,45,41,8,1,"Freeze","Freeze(CCW,13)",,,,,,,,0,,
3881,4,14,RandomK,45,44,9,1,"PostGuard","PostGuard(CW,12,1)",,,,,,,,0,,
4125,2,12,RandomK,45,8,0,1,"Draw","Draw(CW,S6)",,,,,,,,0,,
4125,2,12,RandomK,45,12,1,1,"Draw","Draw(CW,L1)",,,,,,,,0,,
4125,2,12,RandomK,45,13,2,1,"Draw","Draw(CCW,L1)",,,,,,,,0,,
4125,2,12,RandomK,45,14,3,1,"Draw","Draw(CW,L2)",,,,,,,,0,,
4125,2,12,RandomK,45,24,4,1,"Draw","Draw(CW,L7)",,,,,,,,0,,
4125,2,12,RandomK,45,27,5,1,"PreGuard","PreGuard(CCW,G3)",,,,,,,,0,,
4125,2,12,RandomK,45,28,6,1,"PreGuard","PreGuard(CW,G4)",,,,,,,,0,,
4125,2,12,RandomK,45,29,7,1,"PreGuard","PreGuard(CCW,G4)",,,,,,,,0,,
4125,2,12,RandomK,45,32,8,1,"Hit","Hit(CW,11,TOUCH)",,,,,,,,0,,
4125,2,12,RandomK,45,44,9,1,"PostGuard","PostGuard(CW,8,1)",,,,,,,,0,,
4125,2,12,RandomK,45,45,10,1,"PostGuard","PostGuard(CCW,8,1)",,,,,,,,0,,
7391,1,14,RandomK,45,3,0,1,"Draw","Draw(CCW,S0)",,,,,,,,0,,
7391,1,14,RandomK,45,5,1,1,"Draw","Draw(CCW,S2)",,,,,,,,0,,
7391,1,14,RandomK,45,11,2,1,"Draw","Draw(CCW,L0)",,,,,,,,0,,
7391,1,14,RandomK,45,18,3,1,"Draw","Draw(CW,L4)",,,,,,,,0,,
7391,1,14,RandomK,45,24,4,1,"Draw","Draw(CW,L7)",,,,,,,,0,,
7391,1,14,RandomK,45,25,5,1,"Draw","Draw(CCW,L7)",,,,,,,,0,,
7391,1,14,RandomK,45,28,6,1,"PreGuard","PreGuard(CW,G4)",,,,,,,,0,,
7391,1,14,RandomK,45,32,7,1,"Hit","Hit(CW,11,TOUCH)",,,,,,,,0,,
7391,1,14,RandomK,45,39,8,1,"Hit","Hit(CCW,11,STRONG)",,,,,,,,0,,
7391,1,14,RandomK,45,48,9,1,"Hit","Hit(CW,13,STRONG)",,,,,,,,0,,
7391,1,14,RandomK,45,52,10,1,"PostGuard","PostGuard(CW,12,0)",,,,,,,,0,,
7391,1,14,RandomK,45,54,11,1,"PostGuard","PostGuard(CW,12,1)",,,,,,,,0,,
9591,2,12,RandomK,45,1,0,1,"Draw","Draw(CCW,TEE)",,,,,,,,0,,
9591,2,12,RandomK,45,6,1,1,"Draw","Draw(CW,S4)",,,,,,,,0,,
9591,2,12,RandomK,45,7,2,1,"Draw","Draw(CCW,S4)",,,,,,,,0,,
9591,2,12,RandomK,45,13,3,1,"Draw","Draw(CCW,L1)",,,,,,,,0,,
9591,2,12,RandomK,45,25,4,1,"Draw","Draw(CCW,L7)",,,,,,,,0,,
9591,2,12,RandomK,45,26,5,1,"PreGuard","PreGuard(CW,G3)",,,,,,,,0,,
9591,2,12,RandomK,45,28,6,1,"PreGuard","PreGuard(CW,G4)",,,,,,,,0,,
9591,2,12,RandomK,45,33,7,1,"Hit","Hit(CCW,11,TOUCH)",,,,,,,,0,,
9591,2,12,RandomK,45,35,8,1,"Hit","Hit(CCW,11,WEAK)",,,,,,,,0,,
9591,2,12,RandomK,45,38,9,1,"Hit","Hit(CW,11,STRONG)",,,,,,,,0,,
9591,2,12,RandomK,45,49,10,1,"PostGuard","PostGuard(CCW,8,0)",,,,,,,,0,,
9591,2,12,RandomK,45,52,11,1,"PostGuard","PostGuard(CW,8,2)",,,,,,,,0,,
9591,2,12,RandomK,45,58,12,1,"PostGuard","PostGuard(CW,10,2)",,,,,,,,0,,
8696,2,13,RandomK,45,8,0,1,"Draw","Draw(CW,S6)",,,,,,,,0,,
8696,2,13,RandomK,45,12,1,1,"Draw","Draw(CW,L1)",,,,,,,,0,,
8696,2,13,RandomK,45,23,2,1,"Draw","Draw(CCW,L6)",,,,,,,,0,,
8696,2,13,RandomK,45,26,3,1,"PreGuard","PreGuard(CW,G3)",,,,,,,,0,,
8696,2,13,RandomK,45,27,4,1,"PreGuard","PreGuard(CCW,G3)",,,,,,,,0,,
8696,2,13,RandomK,45,31,5,1,"PreGuard","PreGuard(CCW,G5)",,,,,,,,0,,
8696,2,13,RandomK,45,34,6,1,"Hit","Hit(CW,12,WEAK)",,,,,,,,0,,
8696,2,13,RandomK,45,39,7,1,"Hit","Hit(CCW,12,STRONG)",,,,,,,,0,,
8696,2,13,RandomK,45,40,8,1,"Freeze","Freeze(CW,12)",,,,,,,,0,,
8696,2,13,RandomK,45,41,9,1,"Freeze","Freeze(CCW,12)",,,,,,,,0,,
8696,2,13,RandomK,45,43,10,1,"PostGuard","PostGuard(CCW,7,0)",,,,,,,,0,,
8696,2,13,RandomK,45,54,11,1,"PostGuard","PostGuard(CW,11,0)",,,,,,,,0,,
8696,2,13,RandomK,45,59,12,1,"PostGuard","PostGuard(CCW,11,2)",,,,,,,,0,,
5837,5,13,RandomK,45,1,0,1,"Draw","Draw(CCW,TEE)",,,,,,,,0,,
5837,5,13,RandomK,45,11,1,1,"Draw","Draw(CCW,L0)",,,,,,,,0,,
5837,5,13,RandomK,45,15,2,1,"Draw","Draw(CCW,L2)",,,,,,,,0,,
5837,5,13,RandomK,45,16,3,1,"Draw","Draw(CW,L3)",,,,,,,,0,,
5837,5,13,RandomK,45,17,4,1,"Draw","Draw(CCW,L3)",,,,,,,,0,,
5837,5,13,RandomK,45,37,5,1,"Hit","Hit(CCW,4,MIDDLE)",,,,,,,,0,,
5837,5,13,RandomK,45,40,6,1,"Freeze","Freeze(CW,4)",,,,,,,,0,,
5837,5,13,RandomK,45,46,7,1,"Hit","Hit(CW,8,MIDDLE)",,,,,,,,0,,
5837,5,13,RandomK,45,56,8,1,"Hit","Hit(CW,10,MIDDLE)",,,,,,,,0,,
5837,5,13,RandomK,45,57,9,1,"Hit","Hit(CCW,10,MIDDLE)",,,,,,,,0,,
5837,5,13,RandomK,45,62,10,1,"PostGuard","PostGuard(CW,11,0)",,,,,,,,0,,
5837,5,13,RandomK,45,64,11,1,"PostGuard","PostGuard(CW,11,1)",,,,,,,,0,,
5837,5,13,RandomK,45,66,12,1,"PostGuard","PostGuard(CW,11,2)",,,,,,,,0,,
5837,5,13,RandomK,45,70,13,1,"PostGuard","PostGuard(CW,13,1)",,,,,,,,0,,
5837,5,13,RandomK,45,71,14,1,"PostGuard","PostGuard(CCW,13,1)",,,,,,,,0,,
9771,3,12,RandomK,45,0,0,1,"Draw","Draw(CW,TEE)",,,,,,,,0,,
9771,3,12,RandomK,45,3,1,1,"Draw","Draw(CCW,S0)",,,,,,,,0,,
9771,3,12,RandomK,45,10,2,1,"Draw","Draw(CW,L0)",,,,,,,,0,,
9771,3,12,RandomK,45,11,3,1,"Draw","Draw(CCW,L0)",,,,,,,,0,,
9771,3,12,RandomK,45,24,4,1,"Draw","Draw(CW,L7)",,,,,,,,0,,
9771,3,12,RandomK,45,29,5,1,"PreGuard","PreGuard(CCW,G4)",,,,,,,,0,,
9771,3,12,RandomK,45,33,6,1,"Hit","Hit(CCW,5,TOUCH)",,,,,,,,0,,
9771,3,12,RandomK,45,35,7,1,"Hit","Hit(CCW,5,WEAK)",,,,,,,,0,,
9771,3,12,RandomK,45,44,8,1,"PostGuard","PostGuard(CW,8,1)",,,,,,,,0,,
9771,3,12,RandomK,45,51,9,1,"PostGuard","PostGuard(CCW,10,1)",,,,,,,,0,,
9771,3,12,RandomK,45,52,10,1,"PostGuard","PostGuard(CW,10,2)",,,,,,,,0,,
8752,6,14,RandomK,45,0,0,1,"Draw","Draw(CW,TEE)",,,,,,,,0,,
8752,6,14,RandomK,45,5,1,1,"Draw","Draw(CCW,S2)",,,,,,,,0,,
8752,6,14,RandomK,45,7,2,1,"Draw","Draw(CCW,S4)",,,,,,,,0,,
8752,6,14,RandomK,45,9,3,1,"Draw","Draw(CCW,S6)",,,,,,,,0,,
8752,6,14,RandomK,45,11,4,1,"Draw","Draw(CCW,L0)",,,,,,,,0,,
8752,6,14,RandomK,45,12,5,1,"Draw","Draw(CW,L1)",,,,,,,,0,,
8752,6,14,RandomK,45,13,6,1,"Draw","Draw(CCW,L1)",,,,,,,,0,,
8752,6,14,RandomK,45,17,7,1,"Draw","Draw(CCW,L3)",,,,,,,,0,,
8752,6,14,RandomK,45,38,8,1,"Hit","Hit(CW,13,STRONG)",,,,,,,,0,,
8752,6,14,RandomK,45,45,9,1,"PostGuard","PostGuard(CCW,8,1)",,,,,,,,0,,
8752,6,14,RandomK,45,49,10,1,"PostGuard","PostGuard(CCW,10,0)",,,,,,,,0,,
8752,6,14,RandomK,45,52,11,1,"PostGuard","PostGuard(CW,10,2)",,,,,,,,0,,
8752,6,14,RandomK,45,56,12,1,"PostGuard","PostGuard(CW,12,1)",,,,,,,,0,,
4267,0,14,RandomK,45,0,0,1,"Draw","Draw(CW,TEE)",,,,,,,,0,,
4267,0,14,RandomK,45,3,1,1,"Draw","Draw(CCW,S0)",,,,,,,,0,,
4267,0,14,RandomK,45,7,2,1,"Draw","Draw(CCW,S4)",,,,,,,,0,,
4267,0,14,RandomK,45,12,3,1,"Draw","Draw(CW,L1)",,,,,,,,0,,
4267,0,14,RandomK,45,17,4,1,"Draw","Draw(CCW,L3)",,,,,,,,0,,
4267,0,14,RandomK,45,21,5,1,"Draw","Draw(CCW,L5)",,,,,,,,0,,
4267,0,14,RandomK,45,24,6,1,"Draw","Draw(CW,L7)",,,,,,,,0,,
4267,0,14,RandomK,45,37,7,1,"Hit","Hit(CCW,13,MIDDLE)",,,,,,,,0,,
4267,0,14,RandomK,45,44,8,1,"PostGuard","PostGuard(CW,6,1)",,,,,,,,0,,
4267,0,14,RandomK,45,49,9,1,"PostGuard","PostGuard(CCW,12,0)",,,,,,,,0,,
4267,0,14,RandomK,45,50,10,1,"PostGuard","PostGuard(CW,12,1)",,,,,,,,0,,
3709,0,7,RandomK,45,5,0,1,"Draw","Draw(CCW,S2)",,,,,,,,0,,
3709,0,7,RandomK,45,8,1,1,"Draw","Draw(CW,S6)",,,,,,,,0,,
3709,0,7,RandomK,45,11,2,1,"Draw","Draw(CCW,L0)",,,,,,,,0,,
3709,0,7,RandomK,45,18,3,1,"Draw","Draw(CW,L4)",,,,,,,,0,,
3709,0,7,RandomK,45,21,4,1,"Draw","Draw(CCW,L5)",,,,,,,,0,,
3709,0,7,RandomK,45,23,5,1,"Draw","Draw(CCW,L6)",,,,,,,,0,,
3709,0,7,RandomK,45,29,6,1,"PreGuard","PreGuard(CCW,G4)",,,,,,,,0,,
3709,0,7,RandomK,45,33,7,1,"Hit","Hit(CCW,6,TOUCH)",,,,,,,,0,,
3709,0,7,RandomK,45,38,8,1,"Hit","Hit(CW,6,STRONG)",,,,,,,,0,,
3843,6,11,RandomK,45,0,0,1,"Draw","Draw(CW,TEE)",,,,,,,,0,,
3843,6,11,RandomK,45,4,1,1,"Draw","Draw(CW,S2)",,,,,,,,0,,
3843,6,11,RandomK,45,10,2,1,"Draw","Draw(CW,L0)",,,,,,,,0,,
3843,6,11,RandomK,45,16,3,1,"Draw","Draw(CW,L3)",,,,,,,,0,,
3843,6,11,RandomK,45,25,4,1,"Draw","Draw(CCW,L7)",,,,,,,,0,,
3843,6,11,RandomK,45,29,5,1,"PreGuard","PreGuard(CCW,G4)",,,,,,,,0,,
3843,6,11,RandomK,45,30,6,1,"PreGuard","PreGuard(CW,G5)",,,,,,,,0,,
3843,6,11,RandomK,45,31,7,1,"PreGuard","PreGuard(CCW,G5)",,,,,,,,0,,
3843,6,11,RandomK,45,35,8,1,"Hit","Hit(CCW,10,WEAK)",,,,,,,,0,,
3843,6,11,RandomK,45,44,9,1,"PostGuard","PostGuard(CW,1,1)",,,,,,,,0,,
4701,5,7,RandomK,45,3,0,1,"Draw","Draw(CCW,S0)",,,,,,,,0,,
4701,5,7,RandomK,45,22,1,1,"Draw","Draw(CW,L6)",,,,,,,,0,,
4701,5,7,RandomK,45,23,2,1,"Draw","Draw(CCW,L6)",,,,,,,,0,,
4701,5,7,RandomK,45,25,3,1,"Draw","Draw(CCW,L7)",,,,,,,,0,,
4701,5,7,RandomK,45,29,4,1,"PreGuard","PreGuard(CCW,G4)",,,,,,,,0,,
4701,5,7,RandomK,45,31,5,1,"PreGuard","PreGuard(CCW,G5)",,,,,,,,0,,
4701,5,7,RandomK,45,34,6,1,"PostGuard","PostGuard(CW,7,1)",,,,,,,,0,,
4701,5,7,RandomK,45,38,7,1,"Pass","Pass",,,,,,,,0,,
21,2,8,RandomK,45,3,0,1,"Draw","Draw(CCW,S0)",,,,,,,,0,,
21,2,8,RandomK,45,12,1,1,"Draw","Draw(CW,L1)",,,,,,,,0,,
21,2,8,RandomK,45,18,2,1,"Draw","Draw(CW,L4)",,,,,,,,0,,
21,2,8,RandomK,45,22,3,1,"Draw","Draw(CW,L6)",,,,,,,,0,,
21,2,8,RandomK,45,27,4,1,"PreGuard","PreGuard(CCW,G3)",,,,,,,,0,,
21,2,8,RandomK,45,29,5,1,"PreGuard","PreGuard(CCW,G4)",,,,,,,,0,,
21,2,8,RandomK,45,30,6,1,"PreGuard","PreGuard(CW,G5)",,,,,,,,0,,
21,2,8,RandomK,45,36,7,1,"PostGuard","PostGuard(CW,4,2)",,,,,,,,0,,
5183,3,7,RandomK,45,4,0,1,"Draw","Draw(CW,S2)",,,,,,,,0,,
5183,3,7,RandomK,45,6,1,1,"Draw","Draw(CW,S4)",,,,,,,,0,,
5183,3,7,RandomK,45,12,2,1,"Draw","Draw(CW,L1)",,,,,,,,0,,
5183,3,7,RandomK,45,15,3,1,"Draw","Draw(CCW,L2)",,,,,,,,0,,
5183,3,7,RandomK,45,17,4,1,"Draw","Draw(CCW,L3)",,,,,,,,0,,
5183,3,7,RandomK,45,21,5,1,"Draw","Draw(CCW,L5)",,,,,,,,0,,
5183,3,7,RandomK,45,24,6,1,"Draw","Draw(CW,L7)",,,,,,,,0,,
5183,3,7,RandomK,45,30,7,1,"PreGuard","PreGuard(CW,G5)",,,,,,,,0,,
5183,3,7,RandomK,45,39,8,1,"Hit","Hit(CCW,6,STRONG)",,,,,,,,0,,
5183,3,7,RandomK,45,41,9,1,"Freeze","Freeze(CCW,6)",,,,,,,,0,,
9433,4,7,RandomK,45,0,0,1,"Draw","Draw(CW,TEE)",,,,,,,,0,,
9433,4,7,RandomK,45,16,1,1,"Draw","Draw(CW,L3)",,,,,,,,0,,
9433,4,7,RandomK,45,18,2,1,"Draw","Draw(CW,L4)",,,,,,,,0,,
9433,4,7,RandomK,45,20,3,1,"Draw","Draw(CW,L5)",,,,,,,,0,,
9433,4,7,RandomK,45,23,4,1,"Draw","Draw(CCW,L6)",,,,,,,,0,,
9433,4,7,RandomK,45,27,5,1,"PreGuard","PreGuard(CCW,G3)",,,,,,,,0,,
9433,4,7,RandomK,45,33,6,1,"PostGuard","PostGuard(CCW,7,0)",,,,,,,,0,,
9433,4,7,RandomK,45,35,7,1,"PostGuard","PostGuard(CCW,7,1)",,,,,,,,0,,
9564,1,7,RandomK,45,2,0,1,"Draw","Draw(CW,S0)",,,,,,,,0,,
9564,1,7,RandomK,45,4,1,1,"Draw","Draw(CW,S2)",,,,,,,,0,,
9564,1,7,RandomK,45,8,2,1,"Draw","Draw(CW,S6)",,,,,,,,0,,
9564,1,7,RandomK,45,14,3,1,"Draw","Draw(CW,L2)",,,,,,,,0,,
9564,1,7,RandomK,45,15,4,1,"Draw","Draw(CCW,L2)",,,,,,,,0,,
9564,1,7,RandomK,45,16,5,1,"Draw","Draw(CW,L3)",,,,,,,,0,,
9564,1,7,RandomK,45,23,6,1,"Draw","Draw(CCW,L6)",,,,,,,,0,,
9564,1,7,RandomK,45,24,7,1,"Draw","Draw(CW,L7)",,,,,,,,0,,
9564,1,7,RandomK,45,26,8,1,"PreGuard","PreGuard(CW,G3)",,,,,,,,0,,
9564,1,7,RandomK,45,34,9,1,"Hit","Hit(CW,4,STRONG)",,,,,,,,0,,
7115,2,8,RandomK,45,7,0,1,"Draw","Draw(CCW,S4)",,,,,,,,0,,
7115,2,8,RandomK,45,9,1,1,"Draw","Draw(CCW,S6)",,,,,,,,0,,
7115,2,8,RandomK,45,15,2,1,"Draw","Draw(CCW,L2)",,,,,,,,0,,
7115,2,8,RandomK,45,16,3,1,"Draw","Draw(CW,L3)",,,,,,,,0,,
7115,2,8,RandomK,45,19,4,1,"Draw","Draw(CCW,L4)",,,,,,,,0,,
7115,2,8,RandomK,45,22,5,1,"Draw","Draw(CW,L6)",,,,,,,,0,,
7115,2,8,RandomK,45,32,6,1,"Hit","Hit(CW,7,TOUCH)",,,,,,,,0,,
7115,2,8,RandomK,45,33,7,1,"Hit","Hit(CCW,7,TOUCH)",,,,,,,,0,,
7115,2,8,RandomK,45,35,8,1,"Hit","Hit(CCW,7,WEAK)",,,,,,,,0,,
4322,6,10,RandomK,45,0,0,1,"Draw","Draw(CW,TEE)",,,,,,,,0,,
4322,6,10,RandomK,45,6,1,1,"Draw","Draw(CW,S4)",,,,,,,,0,,
4322,6,10,RandomK,45,10,2,1,"Draw","Draw(CW,L0)",,,,,,,,0,,
4322,6,10,RandomK,45,26,3,1,"PreGuard","PreGuard(CW,G3)",,,,,,,,0,,
4322,6,10,RandomK,45,34,4,1,"Hit","Hit(CW,5,WEAK)",,,,,,,,0,,
4322,6,10,RandomK,45,38,5,1,"Hit","Hit(CW,5,STRONG)",,,,,,,,0,,
4322,6,10,RandomK,45,49,6,1,"Hit","Hit(CCW,7,STRONG)",,,,,,,,0,,
4322,6,10,RandomK,45,50,7,1,"Freeze","Freeze(CW,7)",,,,,,,,0,,
4322,6,10,RandomK,45,53,8,1,"Hit","Hit(CCW,9,TOUCH)",,,,,,,,0,,
4322,6,10,RandomK,45,56,9,1,"Hit","Hit(CW,9,MIDDLE)",,,,,,,,0,,
4322,6,10,RandomK,45,61,10,1,"Freeze","Freeze(CCW,9)",,,,,,,,0,,
4322,6,10,RandomK,45,62,11,1,"PostGuard","PostGuard(CW,2,0)",,,,,,,,0,,
4322,6,10,RandomK,45,63,12,1,"PostGuard","PostGuard(CCW,2,0)",,,,,,,,0,,
4322,6,10,RandomK,45,64,13,1,"PostGuard","PostGuard(CW,2,1)",,,,,,,,0,,
4322,6,10,RandomK,45,70,14,1,"PostGuard","PostGuard(CW,6,1)",,,,,,,,0,,
4491,1,9,RandomK,45,10,0,1,"Draw","Draw(CW,L0)",,,,,,,,0,,
4491,1,9,RandomK,45,12,1,1,"Draw","Draw(CW,L1)",,,,,,,,0,,
4491,1,9,RandomK,45,13,2,1,"Draw","Draw(CCW,L1)",,,,,,,,0,,
4491,1,9,RandomK,45,17,3,1,"Draw","Draw(CCW,L3)",,,,,,,,0,,
4491,1,9,RandomK,45,21,4,1,"Draw","Draw(CCW,L5)",,,,,,,,0,,
4491,1,9,RandomK,45,22,5,1,"Draw","Draw(CW,L6)",,,,,,,,0,,
4491,1,9,RandomK,45,33,6,1,"PostGuard","PostGuard(CCW,9,0)",,,,,,,,0,,
4491,1,9,RandomK,45,34,7,1,"PostGuard","PostGuard(CW,9,1)",,,,,,,,0,,
819,3,9,RandomK,45,1,0,1,"Draw","Draw(CCW,TEE)",,,,,,,,0,,
819,3,9,RandomK,45,7,1,1,"Draw","Draw(CCW,S4)",,,,,,,,0,,
819,3,9,RandomK,45,8,2,1,"Draw","Draw(CW,S6)",,,,,,,,0,,
819,3,9,RandomK,45,15,3,1,"Draw","Draw(CCW,L2)",,,,,,,,0,,
819,3,9,RandomK,45,17,4,1,"Draw","Draw(CCW,L3)",,,,,,,,0,,
819,3,9,RandomK,45,23,5,1,"Draw","Draw(CCW,L6)",,,,,,,,0,,
819,3,9,RandomK,45,31,6,1,"PreGuard","PreGuard(CCW,G5)",,,,,,,,0,,
819,3,9,RandomK,45,33,7,1,"Hit","Hit(CCW,0,MIDDLE)",,,,,,,,0,,
819,3,9,RandomK,45,37,8,1,"PostGuard","PostGuard(CCW,9,0)",,,,,,,,0,,
9201,0,11,RandomK,45,1,0,1,"Draw","Draw(CCW,TEE)",,,,,,,,0,,
9201,0,11,RandomK,45,8,1,1,"Draw","Draw(CW,S6)",,,,,,,,0,,
9201,0,11,RandomK,45,18,2,1,"Draw","Draw(CW,L4)",,,,,,,,0,,
9201,0,11,RandomK,45,19,3,1,"Draw","Draw(CCW,L4)",,,,,,,,0,,
9201,0,11,RandomK,45,21,4,1,"Draw","Draw(CCW,L5)",,,,,,,,0,,
9201,0,11,RandomK,45,24,5,1,"Draw","Draw(CW,L7)",,,,,,,,0,,
9201,0,11,RandomK,45,25,6,1,"Draw","Draw(CCW,L7)",,,,,,,,0,,
9201,0,11,RandomK,45,35,7,1,"Hit","Hit(CCW,6,STRONG)",,,,,,,,0,,
6067,1,11,RandomK,45,12,0,1,"Draw","Draw(CW,L1)",,,,,,,,0,,
6067,1,11,RandomK,45,14,1,1,"Draw","Draw(CW,L2)",,,,,,,,0,,
6067,1,11,RandomK,45,15,2,1,"Draw","Draw(CCW,L2)",,,,,,,,0,,
6067,1,11,RandomK,45,22,3,1,"Draw","Draw(CW,L6)",,,,,,,,0,,
6067,1,11,RandomK,45,23,4,1,"Draw","Draw(CCW,L6)",,,,,,,,0,,
6067,1,11,RandomK,45,24,5,1,"Draw","Draw(CW,L7)",,,,,,,,0,,
6067,1,11,RandomK,45,25,6,1,"Draw","Draw(CCW,L7)",,,,,,,,0,,
6067,1,11,RandomK,45,31,7,1,"PreGuard","PreGuard(CCW,G5)",,,,,,,,0,,
6067,1,11,RandomK,45,41,8,1,"Freeze","Freeze(CCW,10)",,,,,,,,0,,
1620,4,6,RandomK,45,2,0,1,"Draw","Draw(CW,S0)",,,,,,,,0,,
1620,4,6,RandomK,45,4,1,1,"Draw","Draw(CW,S2)",,,,,,,,0,,
1620,4,6,RandomK,45,9,2,1,"Draw","Draw(CCW,S6)",,,,,,,,0,,
1620,4,6,RandomK,45,12,3,1,"Draw","Draw(CW,L1)",,,,,,,,0,,
1620,4,6,RandomK,45,21,4,1,"Draw","Draw(CCW,L5)",,,,,,,,0,,
1620,4,6,RandomK,45,25,5,1,"Draw","Draw(CCW,L7)",,,,,,,,0,,
1620,4,6,RandomK,45,33,6,1,"Hit","Hit(CCW,5,TOUCH)",,,,,,,,0,,
1620,4,6,RandomK,45,37,7,1,"Hit","Hit(CCW,5,MIDDLE)",,,,,,,,0,,
1620,4,6,RandomK,45,43,8,1,"PostGuard","PostGuard(CCW,4,0)",,,,,,,,0,,
1620,4,6,RandomK,45,45,9,1,"PostGuard","PostGuard(CCW,4,1)",,,,,,,,0,,
8361,7,7,RandomK,45,9,0,1,"Draw","Draw(CCW,S6)",,,,,,,,0,,
8361,7,7,RandomK,45,15,1,1,"Draw","Draw(CCW,L2)",,,,,,,,0,,
8361,7,7,RandomK,45,19,2,1,"Draw","Draw(CCW,L4)",,,,,,,,0,,
8361,7,7,RandomK,45,23,3,1,"Draw","Draw(CCW,L6)",,,,,,,,0,,
8361,7,7,RandomK,45,31,4,1,"PreGuard","PreGuard(CCW,G5)",,,,,,,,0,,
8361,7,7,RandomK,45,34,5,1,"PostGuard","PostGuard(CW,7,1)",,,,,,,,0,,
8361,7,7,RandomK,45,36,6,1,"PostGuard","PostGuard(CW,7,2)",,,,,,,,0,,
8361,7,7,RandomK,45,37,7,1,"PostGuard","PostGuard(CCW,7,2)",,,,,,,,0,,
6403,1,8,RandomK,45,5,0,1,"Draw","Draw(CCW,S2)",,,,,,,,0,,
6403,1,8,RandomK,45,6,1,1,"Draw","Draw(CW,S4)",,,,,,,,0,,
6403,1,8,RandomK,45,10,2,1,"Draw","Draw(CW,L0)",,,,,,,,0,,
6403,1,8,RandomK,45,18,3,1,"Draw","Draw(CW,L4)",,,,,,,,0,,
6403,1,8,RandomK,45,19,4,1,"Draw","Draw(CCW,L4)",,,,,,,,0,,
6403,1,8,RandomK,45,20,5,1,"Draw","Draw(CW,L5)",,,,,,,,0,,
6403,1,8,RandomK,45,32,6,1,"PostGuard","PostGuard(CW,6,0)",,,,,,,,0,,
6403,1,8,RandomK,45,33,7,1,"PostGuard","PostGuard(CCW,6,0)",,,,,,,,0,,
5988,5,11,RandomK,45,0,0,1,"Draw","Draw(CW,TEE)",,,,,,,,0,,
5988,5,11,RandomK,45,3,1,1,"Draw","Draw(CCW,S0)",,,,,,,,0,,
5988,5,11,RandomK,45,4,2,1,"Draw","Draw(CW,S2)",,,,,,,,0,,
5988,5,11,RandomK,45,10,3,1,"Draw","Draw(CW,L0)",,,,,,,,0,,
5988,5,11,RandomK,45,13,4,1,"Draw","Draw(CCW,L1)",,,,,,,,0,,
5988,5,11,RandomK,45,22,5,1,"Draw","Draw(CW,L6)",,,,,,,,0,,
5988,5,11,RandomK,45,23,6,1,"Draw","Draw(CCW,L6)",,,,,,,,0,,
5988,5,11,RandomK,45,30,7,1,"PreGuard","PreGuard(CW,G5)",,,,,,,,0,,
5988,5,11,RandomK,45,32,8,1,"Hit","Hit(CW,10,TOUCH)",,,,,,,,0,,
5988,5,11,RandomK,45,44,9,1,"PostGuard","PostGuard(CW,9,1)",,,,,,,,0,,
5193,6,6,RandomK,45,17,0,1,"Draw","Draw(CCW,L3)",,,,,,,,0,,
5193,6,6,RandomK,45,24,1,1,"Draw","Draw(CW,L7)",,,,,,,,0,,
5193,6,6,RandomK,45,27,2,1,"PreGuard","PreGuard(CCW,G3)",,,,,,,,0,,
5193,6,6,RandomK,45,37,3,1,"PostGuard","PostGuard(CCW,2,2)",,,,,,,,0,,
5193,6,6,RandomK,45,39,4,1,"PostGuard","PostGuard(CCW,4,0)",,,,,,,,0,,
5193,6,6,RandomK,45,40,5,1,"PostGuard","PostGuard(CW,4,1)",,,,,,,,0,,
5193,6,6,RandomK,45,42,6,1,"PostGuard","PostGuard(CW,4,2)",,,,,,,,0,,
5193,6,6,RandomK,45,43,7,1,"PostGuard","PostGuard(CCW,4,2)",,,,,,,,0,,
5193,6,6,RandomK,45,44,8,1,"Pass","Pass",,,,,,,,0,,
3024,4,9,RandomK,45,1,0,1,"Draw","Draw(CCW,TEE)",,,,,,,,0,,
3024,4,9,RandomK,45,5,1,1,"Draw","Draw(CCW,S2)",,,,,,,,0,,
3024,4,9,RandomK,45,7,2,1,"Draw","Draw(CCW,S4)",,,,,,,,0,,
3024,4,9,RandomK,45,8,3,1,"Draw","Draw(CW,S6)",,,,,,,,0,,
3024,4,9,RandomK,45,17,4,1,"Draw","Draw(CCW,L3)",,,,,,,,0,,
3024,4,9,RandomK,45,18,5,1,"Draw","Draw(CW,L4)",,,,,,,,0,,
3024,4,9,RandomK,45,30,6,1,"PreGuard","PreGuard(CW,G5)",,,,,,,,0,,
3024,4,9,RandomK,45,34,7,1,"Hit","Hit(CW,2,STRONG)",,,,,,,,0,,
3024,4,9,RandomK,45,36,8,1,"Hit","Hit(CW,4,TOUCH)",,,,,,,,0,,
3024,4,9,RandomK,45,44,9,1,"Freeze","Freeze(CW,4)",,,,,,,,0,,
3024,4,9,RandomK,45,47,10,1,"Hit","Hit(CCW,8,MIDDLE)",,,,,,,,0,,
2361,3,11,RandomK,45,1,0,1,"Draw","Draw(CCW,TEE)",,,,,,,,0,,
2361,3,11,RandomK,45,12,1,1,"Draw","Draw(CW,L1)",,,,,,,,0,,
2361,3,11,RandomK,45,13,2,1,"Draw","Draw(CCW,L1)",,,,,,,,0,,
2361,3,11,RandomK,45,16,3,1,"Draw","Draw(CW,L3)",,,,,,,,0,,
2361,3,11,RandomK,45,21,4,1,"Draw","Draw(CCW,L5)",,,,,,,,0,,
2361,3,11,RandomK,45,23,5,1,"Draw","Draw(CCW,L6)",,,,,,,,0,,
2361,3,11,RandomK,45,25,6,1,"Draw","Draw(CCW,L7)",,,,,,,,0,,
2361,3,11,RandomK,45,27,7,1,"PreGuard","PreGuard(CCW,G3)",,,,,,,,0,,
9865,5,13,RandomK,45,9,0,1,"Draw","Draw(CCW,S6)",,,,,,,,0,,
9865,5,13,RandomK,45,13,1,1,"Draw","Draw(CCW,L1)",,,,,,,,0,,
9865,5,13,RandomK,45,14,2,1,"Draw","Draw(CW,L2)",,,,,,,,0,,
9865,5,13,RandomK,45,18,3,1,"Draw","Draw(CW,L4)",,,,,,,,0,,
9865,5,13,RandomK,45,25,4,1,"Draw","Draw(CCW,L7)",,,,,,,,0,,
9865,5,13,RandomK,45,27,5,1,"PreGuard","PreGuard(CCW,G3)",,,,,,,,0,,
9865,5,13,RandomK,45,28,6,1,"PreGuard","PreGuard(CW,G4)",,,,,,,,0,,
9865,5,13,RandomK,45,30,7,1,"PreGuard","PreGuard(CW,G5)",,,,,,,,0,,
9865,5,13,RandomK,45,32,8,1,"Hit","Hit(CW,8,TOUCH)",,,,,,,,0,,
9865,5,13,RandomK,45,44,9,1,"Hit","Hit(CW,12,WEAK)",,,,,,,,0,,
9865,5,13,RandomK,45,47,10,1,"Hit","Hit(CCW,12,MIDDLE)",,,,,,,,0,,
8317,2,12,RandomK,45,1,0,1,"Draw","Draw(CCW,TEE)",,,,,,,,0,,
8317,2,12,RandomK,45,2,1,1,"Draw","Draw(CW,S0)",,,,,,,,0,,
8317,2,12,RandomK,45,4,2,1,"Draw","Draw(CW,S2)",,,,,,,,0,,
8317,2,12,RandomK,45,18,3,1,"Draw","Draw(CW,L4)",,,,,,,,0,,
8317,2,12,RandomK,45,21,4,1,"Draw","Draw(CCW,L5)",,,,,,,,0,,
8317,2,12,RandomK,45,28,5,1,"PreGuard","PreGuard(CW,G4)",,,,,,,,0,,
8317,2,12,RandomK,45,30,6,1,"PreGuard","PreGuard(CW,G5)",,,,,,,,0,,
8317,2,12,RandomK,45,31,7,1,"PreGuard","PreGuard(CCW,G5)",,,,,,,,0,,
8317,2,12,RandomK,45,34,8,1,"Hit","Hit(CW,7,WEAK)",,,,,,,,0,,
8317,2,12,RandomK,45,36,9,1,"Hit","Hit(CW,7,MIDDLE)",,,,,,,,0,,
8317,2,12,RandomK,45,44,10,1,"PostGuard","PostGuard(CW,0,1)",,,,,,,,0,,
8317,2,12,RandomK,45,51,11,1,"PostGuard","PostGuard(CCW,6,1)",,,,,,,,0,,
8317,2,12,RandomK,45,56,12,1,"PostGuard","PostGuard(CW,10,1)",,,,,,,,0,,
6537,2,14,RandomK,45,3,0,1,"Draw","Draw(CCW,S0)",,,,,,,,0,,
6537,2,14,RandomK,45,6,1,1,"Draw","Draw(CW,S4)",,,,,,,,0,,
6537,2,14,RandomK,45,10,2,1,"Draw","Draw(CW,L0)",,,,,,,,0,,
6537,2,14,RandomK,45,11,3,1,"Draw","Draw(CCW,L0)",,,,,,,,0,,
6537,2,14,RandomK,45,20,4,1,"Draw","Draw(CW,L5)",,,,,,,,0,,
6537,2,14,RandomK,45,28,5,1,"PreGuard","PreGuard(CW,G4)",,,,,,,,0,,
6537,2,14,RandomK,45,29,6,1,"PreGuard","PreGuard(CCW,G4)",,,,,,,,0,,
6537,2,14,RandomK,45,33,7,1,"PostGuard","PostGuard(CCW,10,0)",,,,,,,,0,,
3642,3,13,RandomK,45,12,0,1,"Draw","Draw(CW,L1)",,,,,,,,0,,
3642,3,13,RandomK,45,14,1,1,"Draw","Draw(CW,L2)",,,,,,,,0,,
3642,3,13,RandomK,45,19,2,1,"Draw","Draw(CCW,L4)",,,,,,,,0,,
3642,3,13,RandomK,45,22,3,1,"Draw","Draw(CW,L6)",,,,,,,,0,,
3642,3,13,RandomK,45,23,4,1,"Draw","Draw(CCW,L6)",,,,,,,,0,,
3642,3,13,RandomK,45,24,5,1,"Draw","Draw(CW,L7)",,,,,,,,0,,
3642,3,13,RandomK,45,32,6,1,"Hit","Hit(CW,6,TOUCH)",,,,,,,,0,,
3642,3,13,RandomK,45,38,7,1,"Hit","Hit(CW,6,STRONG)",,,,,,,,0,,
3642,3,13,RandomK,45,42,8,1,"Pass","Pass",,,,,,,,0,,
3098,1,14,RandomK,45,5,0,1,"Draw","Draw(CCW,S2)",,,,,,,,0,,
3098,1,14,RandomK,45,6,1,1,"Draw","Draw(CW,S4)",,,,,,,,0,,
3098,1,14,RandomK,45,10,2,1,"Draw","Draw(CW,L0)",,,,,,,,0,,
3098,1,14,RandomK,45,12,3,1,"Draw","Draw(CW,L1)",,,,,,,,0,,
3098,1,14,RandomK,45,22,4,1,"Draw","Draw(CW,L6)",,,,,,,,0,,
3098,1,14,RandomK,45,33,5,1,"PostGuard","PostGuard(CCW,4,0)",,,,,,,,0,,
3098,1,14,RandomK,45,36,6,1,"PostGuard","PostGuard(CW,4,2)",,,,,,,,0,,
3098,1,14,RandomK,45,38,7,1,"Pass","Pass",,,,,,,,0,,
2170,0,14,RandomK,45,3,0,1,"Draw","Draw(CCW,S0)",,,,,,,,0,,
2170,0,14,RandomK,45,6,1,1,"Draw","Draw(CW,S4)",,,,,,,,0,,
2170,0,14,RandomK,45,8,2,1,"Draw","Draw(CW,S6)",,,,,,,,0,,
2170,0,14,RandomK,45,13,3,1,"Draw","Draw(CCW,L1)",,,,,,,,0,,
2170,0,14,RandomK,45,17,4,1,"Draw","Draw(CCW,L3)",,,,,,,,0,,
2170,0,14,RandomK,45,25,5,1,"Draw","Draw(CCW,L7)",,,,,,,,0,,
2170,0,14,RandomK,45,26,6,1,"PreGuard","PreGuard(CW,G3)",,,,,,,,0,,
2170,0,14,RandomK,45,33,7,1,"Hit","Hit(CCW,13,MIDDLE)",,,,,,,,0,,
5040,1,13,RandomK,45,2,0,1,"Draw","Draw(CW,S0)",,,,,,,,0,,
5040,1,13,RandomK,45,7,1,1,"Draw","Draw(CCW,S4)",,,,,,,,0,,
5040,1,13,RandomK,45,8,2,1,"Draw","Draw(CW,S6)",,,,,,,,0,,
5040,1,13,RandomK,45,9,3,1,"Draw","Draw(CCW,S6)",,,,,,,,0,,
5040,1,13,RandomK,45,23,4,1,"Draw","Draw(CCW,L6)",,,,,,,,0,,
5040,1,13,RandomK,45,24,5,1,"Draw","Draw(CW,L7)",,,,,,,,0,,
5040,1,13,RandomK,45,30,6,1,"PreGuard","PreGuard(CW,G5)",,,,,,,,0,,
5040,1,13,RandomK,45,35,7,1,"Hit","Hit(CCW,12,WEAK)",,,,,,,,0,,
5040,1,13,RandomK,45,39,8,1,"Hit","Hit(CCW,12,STRONG)",,,,,,,,0,,
5040,1,13,RandomK,45,43,9,1,"PostGuard","PostGuard(CCW,7,0)",,,,,,,,0,,
1376,2,13,RandomK,45,1,0,1,"Draw","Draw(CCW,TEE)",,,,,,,,0,,
1376,2,13,RandomK,45,3,1,1,"Draw","Draw(CCW,S0)",,,,,,,,0,,
1376,2,13,RandomK,45,4,2,1,"Draw","Draw(CW,S2)",,,,,,,,0,,
1376,2,13,RandomK,45,5,3,1,"Draw","Draw(CCW,S2)",,,,,,,,0,,
1376,2,13,RandomK,45,7,4,1,"Draw","Draw(CCW,S4)",,,,,,,,0,,
1376,2,13,RandomK,45,10,5,1,"Draw","Draw(CW,L0)",,,,,,,,0,,
1376,2,13,RandomK,45,22,6,1,"Draw","Draw(CW,L6)",,,,,,,,0,,
1376,2,13,RandomK,45,23,7,1,"Draw","Draw(CCW,L6)",,,,,,,,0,,
1277,5,14,RandomK,45,15,0,1,"Draw","Draw(CCW,L2)",,,,,,,,0,,
1277,5,14,RandomK,45,16,1,1,"Draw","Draw(CW,L3)",,,,,,,,0,,
1277,5,14,RandomK,45,18,2,1,"Draw","Draw(CW,L4)",,,,,,,,0,,
1277,5,14,RandomK,45,19,3,1,"Draw","Draw(CCW,L4)",,,,,,,,0,,
1277,5,14,RandomK,45,22,4,1,"Draw","Draw(CW,L6)",,,,,,,,0,,
1277,5,14,RandomK,45,26,5,1,"PreGuard","PreGuard(CW,G3)",,,,,,,,0,,
1277,5,14,RandomK,45,29,6,1,"PreGuard","PreGuard(CCW,G4)",,,,,,,,0,,
1277,5,14,RandomK,45,31,7,1,"PreGuard","PreGuard(CCW,G5)",,,,,,,,0,,
1277,5,14,RandomK,45,38,8,1,"Hit","Hit(CW,11,STRONG)",,,,,,,,0,,
1277,5,14,RandomK,45,51,9,1,"Freeze","Freeze(CCW,13)",,,,,,,,0,,
1277,5,14,RandomK,45,53,10,1,"PostGuard","PostGuard(CCW,8,0)",,,,,,,,0,,
1277,5,14,RandomK,45,55,11,1,"PostGuard","PostGuard(CCW,8,1)",,,,,,,,0,,
1277,5,14,RandomK,45,58,12,1,"PostGuard","PostGuard(CW,10,0)",,,,,,,,0,,
1277,5,14,RandomK,45,64,13,1,"PostGuard","PostGuard(CW,12,0)",,,,,,,,0,,
1277,5,14,RandomK,45,70,14,1,"Pass","Pass",,,,,,,,0,,
3397,5,12,RandomK,45,2,0,1,"Draw","Draw(CW,S0)",,,,,,,,0,,
3397,5,12,RandomK,45,4,1,1,"Draw","Draw(CW,S2)",,,,,,,,0,,
3397,5,12,RandomK,45,14,2,1,"Draw","Draw(CW,L2)",,,,,,,,0,,
3397,5,12,RandomK,45,15,3,1,"Draw","Draw(CCW,L2)",,,,,,,,0,,
3397,5,12,RandomK,45,26,4,1,"PreGuard","PreGuard(CW,G3)",,,,,,,,0,,
3397,5,12,RandomK,45,30,5,1,"PreGuard","PreGuard(CW,G5)",,,,,,,,0,,
3397,5,12,RandomK,45,33,6,1,"PostGuard","PostGuard(CCW,6,0)",,,,,,,,0,,
3397,5,12,RandomK,45,34,7,1,"PostGuard","PostGuard(CW,6,1)",,,,,,,,0,,
2571,6,12,RandomK,45,9,0,1,"Draw","Draw(CCW,S6)",,,,,,,,0,,
2571,6,12,RandomK,45,12,1,1,"Draw","Draw(CW,L1)",,,,,,,,0,,
2571,6,12,RandomK,45,14,2,1,"Draw","Draw(CW,L2)",,,,,,,,0,,
2571,6,12,RandomK,45,15,3,1,"Draw","Draw(CCW,L2)",,,,,,,,0,,
2571,6,12,RandomK,45,25,4,1,"Draw","Draw(CCW,L7)",,,,,,,,0,,
2571,6,12,RandomK,45,38,5,1,"Hit","Hit(CW,11,STRONG)",,,,,,,,0,,
2571,6,12,RandomK,45,39,6,1,"Hit","Hit(CCW,11,STRONG)",,,,,,,,0,,
2571,6,12,RandomK,45,40,7,1,"Freeze","Freeze(CW,11)",,,,,,,,0,,
2571,6,12,RandomK,45,41,8,1,"Freeze","Freeze(CCW,11)",,,,,,,,0,,
6257,4,13,RandomK,45,2,0,1,"Draw","Draw(CW,S0)",,,,,,,,0,,
6257,4,13,RandomK,45,4,1,1,"Draw","Draw(CW,S2)",,,,,,,,0,,
6257,4,13,RandomK,45,5,2,1,"Draw","Draw(CCW,S2)",,,,,,,,0,,
6257,4,13,RandomK,45,9,3,1,"Draw","Draw(CCW,S6)",,,,,,,,0,,
6257,4,13,RandomK,45,19,4,1,"Draw","Draw(CCW,L4)",,,,,,,,0,,
6257,4,13,RandomK,45,22,5,1,"Draw","Draw(CW,L6)",,,,,,,,0,,
6257,4,13,RandomK,45,24,6,1,"Draw","Draw(CW,L7)",,,,,,,,0,,
6257,4,13,RandomK,45,25,7,1,"Draw","Draw(CCW,L7)",,,,,,,,0,,
6257,4,13,RandomK,45,31,8,1,"PreGuard","PreGuard(CCW,G5)",,,,,,,,0,,
6257,4,13,RandomK,45,38,9,1,"PostGuard","PostGuard(CW,11,0)",,,,,,,,0,,
6257,4,13,RandomK,45,42,10,1,"PostGuard","PostGuard(CW,11,2)",,,,,,,,0,,
7400,3,13,RandomK,45,2,0,1,"Draw","Draw(CW,S0)",,,,,,,,0,,
7400,3,13,RandomK,45,8,1,1,"Draw","Draw(CW,S6)",,,,,,,,0,,
7400,3,13,RandomK,45,12,2,1,"Draw","Draw(CW,L1)",,,,,,,,0,,
7400,3,13,RandomK,45,15,3,1,"Draw","Draw(CCW,L2)",,,,,,,,0,,
7400,3,13,RandomK,45,26,4,1,"PreGuard","PreGuard(CW,G3)",,,,,,,,0,,
7400,3,13,RandomK,45,30,5,1,"PreGuard","PreGuard(CW,G5)",,,,,,,,0,,
7400,3,13,RandomK,45,31,6,1,"PreGuard","PreGuard(CCW,G5)",,,,,,,,0,,
7400,3,13,RandomK,45,41,7,1,"ComeAround","ComeAround(CCW,12,1)",,,,,,,,0,,
7400,3,13,RandomK,45,42,8,1,"ComeAround","ComeAround(CW,12,2)",,,,,,,,0,,
7403,0,12,RandomK,45,5,0,1,"Draw","Draw(CCW,S2)",,,,,,,,0,,
7403,0,12,RandomK,45,7,1,1,"Draw","Draw(CCW,S4)",,,,,,,,0,,
7403,0,12,RandomK,45,8,2,1,"Draw","Draw(CW,S6)",,,,,,,,0,,
7403,0,12,RandomK,45,17,3,1,"Draw","Draw(CCW,L3)",,,,,,,,0,,
7403,0,12,RandomK,45,25,4,1,"Draw","Draw(CCW,L7)",,,,,,,,0,,
7403,0,12,RandomK,45,35,5,1,"Hit","Hit(CCW,11,WEAK)",,,,,,,,0,,
7403,0,12,RandomK,45,37,6,1,"Hit","Hit(CCW,11,MIDDLE)",,,,,,,,0,,
7403,0,12,RandomK,45,38,7,1,"Hit","Hit(CW,11,STRONG)",,,,,,,,0,,
7403,0,12,RandomK,45,42,8,1,"Pass","Pass",,,,,,,,0,,
4811,5,13,RandomK,45,0,0,1,"Draw","Draw(CW,TEE)",,,,,,,,0,,
4811,5,13,RandomK,45,6,1,1,"Draw","Draw(CW,S4)",,,,,,,,0,,
4811,5,13,RandomK,45,20,2,1,"Draw","Draw(CW,L5)",,,,,,,,0,,
4811,5,13,RandomK,45,25,3,1,"Draw","Draw(CCW,L7)",,,,,,,,0,,
4811,5,13,RandomK,45,26,4,1,"PreGuard","PreGuard(CW,G3)",,,,,,,,0,,
4811,5,13,RandomK,45,28,5,1,"PreGuard","PreGuard(CW,G4)",,,,,,,,0,,
4811,5,13,RandomK,45,32,6,1,"PostGuard","PostGuard(CW,11,0)",,,,,,,,0,,
4811,5,13,RandomK,45,33,7,1,"PostGuard","PostGuard(CCW,11,0)",,,,,,,,0,,
4811,5,13,RandomK,45,42,8,1,"PostGuard","PostGuard(CW,13,2)",,,,,,,,0,,
5202,4,13,RandomK,45,2,0,1,"Draw","Draw(CW,S0)",,,,,,,,0,,
5202,4,13,RandomK,45,6,1,1,"Draw","Draw(CW,S4)",,,,,,,,0,,
5202,4,13,RandomK,45,19,2,1,"Draw","Draw(CCW,L4)",,,,,,,,0,,
5202,4,13,RandomK,45,20,3,1,"Draw","Draw(CW,L5)",,,,,,,,0,,
5202,4,13,RandomK,45,21,4,1,"Draw","Draw(CCW,L5)",,,,,,,,0,,
5202,4,13,RandomK,45,29,5,1,"PreGuard","PreGuard(CCW,G4)",,,,,,,,0,,
5202,4,13,RandomK,45,30,6,1,"PreGuard","PreGuard(CW,G5)",,,,,,,,0,,
5202,4,13,RandomK,45,34,7,1,"PostGuard","PostGuard(CW,11,1)",,,,,,,,0,,
4076,2,14,RandomK,45,6,0,1,"Draw","Draw(CW,S4)",,,,,,,,0,,
4076,2,14,RandomK,45,11,1,1,"Draw","Draw(CCW,L0)",,,,,,,,0,,
4076,2,14,RandomK,45,13,2,1,"Draw","Draw(CCW,L1)",,,,,,,,0,,
4076,2,14,RandomK,45,15,3,1,"Draw","Draw(CCW,L2)",,,,,,,,0,,
4076,2,14,RandomK,45,18,4,1,"Draw","Draw(CW,L4)",,,,,,,,0,,
4076,2,14,RandomK,45,23,5,1,"Draw","Draw(CCW,L6)",,,,,,,,0,,
4076,2,14,RandomK,45,28,6,1,"PreGuard","PreGuard(CW,G4)",,,,,,,,0,,
4076,2,14,RandomK,45,36,7,1,"Hit","Hit(CW,13,MIDDLE)",,,,,,,,0,,
4076,2,14,RandomK,45,40,8,1,"Freeze","Freeze(CW,13)",,,,,,,,0,,
1989,4,14,RandomK,45,3,0,1,"Draw","Draw(CCW,S0)",,,,,,,,0,,
1989,4,14,RandomK,45,7,1,1,"Draw","Draw(CCW,S4)",,,,,,,,0,,
1989,4,14,RandomK,45,10,2,1,"Draw","Draw(CW,L0)",,,,,,,,0,,
1989,4,14,RandomK,45,17,3,1,"Draw","Draw(CCW,L3)",,,,,,,,0,,
1989,4,14,RandomK,45,19,4,1,"Draw","Draw(CCW,L4)",,,,,,,,0,,
1989,4,14,RandomK,45,20,5,1,"Draw","Draw(CW,L5)",,,,,,,,0,,
1989,4,14,RandomK,45,21,6,1,"Draw","Draw(CCW,L5)",,,,,,,,0,,
1989,4,14,RandomK,45,31,7,1,"PreGuard","PreGuard(CCW,G5)",,,,,,,,0,,
1989,4,14,RandomK,45,35,8,1,"Hit","Hit(CCW,13,WEAK)",,,,,,,,0,,
5846,4,14,RandomK,45,5,0,1,"Draw","Draw(CCW,S2)",,,,,,,,0,,
5846,4,14,RandomK,45,6,1,1,"Draw","Draw(CW,S4)",,,,,,,,0,,
5846,4,14,RandomK,45,13,2,1,"Draw","Draw(CCW,L1)",,,,,,,,0,,
5846,4,14,RandomK,45,22,3,1,"Draw","Draw(CW,L6)",,,,,,,,0,,
5846,4,14,RandomK,45,25,4,1,"Draw","Draw(CCW,L7)",,,,,,,,0,,
5846,4,14,RandomK,45,33,5,1,"Hit","Hit(CCW,13,MIDDLE)",,,,,,,,0,,
5846,4,14,RandomK,45,36,6,1,"Peel","Peel(CW,13)",,,,,,,,0,,
5846,4,14,RandomK,45,37,7,1,"Peel","Peel(CCW,13)",,,,,,,,0,,
5846,4,14,RandomK,45,44,8,1,"Pass","Pass",,,,,,,,0,,
8608,3,12,RandomK,45,5,0,1,"Draw","Draw(CCW,S2)",,,,,,,,0,,
8608,3,12,RandomK,45,8,1,1,"Draw","Draw(CW,S6)",,,,,,,,0,,
8608,3,12,RandomK,45,9,2,1,"Draw","Draw(CCW,S6)",,,,,,,,0,,
8608,3,12,RandomK,45,25,3,1,"Draw","Draw(CCW,L7)",,,,,,,,0,,
8608,3,12,RandomK,45,26,4,1,"PreGuard","PreGuard(CW,G3)",,,,,,,,0,,
8608,3,12,RandomK,45,27,5,1,"PreGuard","PreGuard(CCW,G3)",,,,,,,,0,,
8608,3,12,RandomK,45,30,6,1,"PreGuard","PreGuard(CW,G5)",,,,,,,,0,,
8608,3,12,RandomK,45,34,7,1,"PostGuard","PostGuard(CW,2,1)",,,,,,,,0,,
8608,3,12,RandomK,45,42,8,1,"PostGuard","PostGuard(CW,6,2)",,,,,,,,0,,
3045,2,9,RandomK,45,0,0,1,"Draw","Draw(CW,TEE)",,,,,,,,0,,
3045,2,9,RandomK,45,14,1,1,"Draw","Draw(CW,L2)",,,,,,,,0,,
3045,2,9,RandomK,45,17,2,1,"Draw","Draw(CCW,L3)",,,,,,,,0,,
3045,2,9,RandomK,45,18,3,1,"Draw","Draw(CW,L4)",,,,,,,,0,,
3045,2,9,RandomK,45,27,4,1,"PreGuard","PreGuard(CCW,G3)",,,,,,,,0,,
3045,2,9,RandomK,45,28,5,1,"PreGuard","PreGuard(CW,G4)",,,,,,,,0,,
3045,2,9,RandomK,45,29,6,1,"PreGuard","PreGuard(CCW,G4)",,,,,,,,0,,
3045,2,9,RandomK,45,30,7,1,"PreGuard","PreGuard(CW,G5)",,,,,,,,0,,
3045,2,9,RandomK,45,32,8,1,"Hit","Hit(CW,4,TOUCH)",,,,,,,,0,,
3045,2,9,RandomK,45,35,9,1,"Hit","Hit(CCW,4,WEAK)",,,,,,,,0,,
3045,2,9,RandomK,45,37,10,1,"Hit","Hit(CCW,4,MIDDLE)",,,,,,,,0,,
3045,2,9,RandomK,45,40,11,1,"Freeze","Freeze(CW,4)",,,,,,,,0,,
3045,2,9,RandomK,45,50,12,1,"Freeze","Freeze(CW,6)",,,,,,,,0,,
3045,2,9,RandomK,45,53,13,1,"PostGuard","PostGuard(CCW,3,0)",,,,,,,,0,,
3045,2,9,RandomK,45,59,14,1,"PostGuard","PostGuard(CCW,7,0)",,,,,,,,0,,
5235,3,8,RandomK,45,2,0,1,"Draw","Draw(CW,S0)",,,,,,,,0,,
5235,3,8,RandomK,45,4,1,1,"Draw","Draw(CW,S2)",,,,,,,,0,,
5235,3,8,RandomK,45,11,2,1,"Draw","Draw(CCW,L0)",,,,,,,,0,,
5235,3,8,RandomK,45,15,3,1,"Draw","Draw(CCW,L2)",,,,,,,,0,,
5235,3,8,RandomK,45,17,4,1,"Draw","Draw(CCW,L3)",,,,,,,,0,,
5235,3,8,RandomK,45,21,5,1,"Draw","Draw(CCW,L5)",,,,,,,,0,,
5235,3,8,RandomK,45,30,6,1,"PreGuard","PreGuard(CW,G5)",,,,,,,,0,,
5235,3,8,RandomK,45,39,7,1,"Hit","Hit(CCW,1,STRONG)",,,,,,,,0,,
5235,3,8,RandomK,45,42,8,1,"Hit","Hit(CW,5,TOUCH)",,,,,,,,0,,
5235,3,8,RandomK,45,46,9,1,"Hit","Hit(CW,5,MIDDLE)",,,,,,,,0,,
5235,3,8,RandomK,45,56,10,1,"Hit","Hit(CW,7,MIDDLE)",,,,,,,,0,,
5235,3,8,RandomK,45,64,11,1,"PostGuard","PostGuard(CW,0,1)",,,,,,,,0,,
5235,3,8,RandomK,45,66,12,1,"PostGuard","PostGuard(CW,0,2)",,,,,,,,0,,
5235,3,8,RandomK,45,72,13,1,"PostGuard","PostGuard(CW,2,2)",,,,,,,,0,,
5235,3,8,RandomK,45,73,14,1,"PostGuard","PostGuard(CCW,2,2)",,,,,,,,0,,
5235,3,8,RandomK,45,74,15,1,"PostGuard","PostGuard(CW,4,0)",,,,,,,,0,,
5235,3,8,RandomK,45,76,16,1,"PostGuard","PostGuard(CW,4,1)",,,,,,,,0,,
5235,3,8,RandomK,45,79,17,1,"PostGuard","PostGuard(CCW,4,2)",,,,,,,,0,,
6131,1,7,RandomK,45,0,0,1,"Draw","Draw(CW,TEE)",,,,,,,,0,,
6131,1,7,RandomK,45,8,1,1,"Draw","Draw(CW,S6)",,,,,,,,0,,
6131,1,7,RandomK,45,12,2,1,"Draw","Draw(CW,L1)",,,,,,,,0,,
6131,1,7,RandomK,45,15,3,1,"Draw","Draw(CCW,L2)",,,,,,,,0,,
6131,1,7,RandomK,45,18,4,1,"Draw","Draw(CW,L4)",,,,,,,,0,,
6131,1,7,RandomK,45,27,5,1,"PreGuard","PreGuard(CCW,G3)",,,,,,,,0,,
6131,1,7,RandomK,45,33,6,1,"Hit","Hit(CCW,0,TOUCH)",,,,,,,,0,,
6131,1,7,RandomK,45,36,7,1,"Hit","Hit(CW,0,MIDDLE)",,,,,,,,0,,
6131,1,7,RandomK,45,42,8,1,"Hit","Hit(CW,2,TOUCH)",,,,,,,,0,,
6131,1,7,RandomK,45,45,9,1,"Hit","Hit(CCW,2,WEAK)",,,,,,,,0,,
6131,1,7,RandomK,45,48,10,1,"Hit","Hit(CW,2,STRONG)",,,,,,,,0,,
6131,1,7,RandomK,45,57,11,1,"Hit","Hit(CCW,4,MIDDLE)",,,,,,,,0,,
6131,1,7,RandomK,45,58,12,1,"Hit","Hit(CW,4,STRONG)",,,,,,,,0,,
6131,1,7,RandomK,45,59,13,1,"Hit","Hit(CCW,4,STRONG)",,,,,,,,0,,
6131,1,7,RandomK,45,68,14,1,"Hit","Hit(CW,6,STRONG)",,,,,,,,0,,
6131,1,7,RandomK,45,71,15,1,"Freeze","Freeze(CCW,6)",,,,,,,,0,,
6131,1,7,RandomK,45,75,16,1,"PostGuard","PostGuard(CCW,1,1)",,,,,,,,0,,
6131,1,7,RandomK,45,78,17,1,"PostGuard","PostGuard(CW,3,0)",,,,,,,,0,,
6131,1,7,RandomK,45,86,18,1,"PostGuard","PostGuard(CW,5,1)",,,,,,,,0,,
4532,1,7,RandomK,45,8,0,1,"Draw","Draw(CW,S6)",,,,,,,,0,,
4532,1,7,RandomK,45,10,1,1,"Draw","Draw(CW,L0)",,,,,,,,0,,
4532,1,7,RandomK,45,12,2,1,"Draw","Draw(CW,L1)",,,,,,,,0,,
4532,1,7,RandomK,45,23,3,1,"Draw","Draw(CCW,L6)",,,,,,,,0,,
4532,1,7,RandomK,45,24,4,1,"Draw","Draw(CW,L7)",,,,,,,,0,,
4532,1,7,RandomK,45,25,5,1,"Draw","Draw(CCW,L7)",,,,,,,,0,,
4532,1,7,RandomK,45,27,6,1,"PreGuard","PreGuard(CCW,G3)",,,,,,,,0,,
4532,1,7,RandomK,45,35,7,1,"Hit","Hit(CCW,0,WEAK)",,,,,,,,0,,
4532,1,7,RandomK,45,38,8,1,"Hit","Hit(CW,0,STRONG)",,,,,,,,0,,
4532,1,7,RandomK,45,50,9,1,"Freeze","Freeze(CW,2)",,,,,,,,0,,
4532,1,7,RandomK,45,54,10,1,"Hit","Hit(CW,4,WEAK)",,,,,,,,0,,
4532,1,7,RandomK,45,57,11,1,"Hit","Hit(CCW,4,MIDDLE)",,,,,,,,0,,
4532,1,7,RandomK,45,66,12,1,"Hit","Hit(CW,6,MIDDLE)",,,,,,,,0,,
4532,1,7,RandomK,45,70,13,1,"Freeze","Freeze(CW,6)",,,,,,,,0,,
4532,1,7,RandomK,45,72,14,1,"PostGuard","PostGuard(CW,1,0)",,,,,,,,0,,
4532,1,7,RandomK,45,73,15,1,"PostGuard","PostGuard(CCW,1,0)",,,,,,,,0,,
4532,1,7,RandomK,45,79,16,1,"PostGuard","PostGuard(CCW,3,0)",,,,,,,,0,,
4532,1,7,RandomK,45,84,17,1,"PostGuard","PostGuard(CW,5,0)",,,,,,,,0,,
4532,1,7,RandomK,45,90,18,1,"Pass","Pass",,,,,,,,0,,
3292,1,9,RandomK,45,0,0,1,"Draw","Draw(CW,TEE)",,,,,,,,0,,
3292,1,9,RandomK,45,4,1,1,"Draw","Draw(CW,S2)",,,,,,,,0,,
3292,1,9,RandomK,45,7,2,1,"Draw","Draw(CCW,S4)",,,,,,,,0,,
3292,1,9,RandomK,45,11,3,1,"Draw","Draw(CCW,L0)",,,,,,,,0,,
3292,1,9,RandomK,45,22,4,1,"Draw","Draw(CW,L6)",,,,,,,,0,,
3292,1,9,RandomK,45,27,5,1,"PreGuard","PreGuard(CCW,G3)",,,,,,,,0,,
3292,1,9,RandomK,45,36,6,1,"Hit","Hit(CW,4,TOUCH)",,,,,,,,0,,
3292,1,9,RandomK,45,39,7,1,"Hit","Hit(CCW,4,WEAK)",,,,,,,,0,,
3292,1,9,RandomK,45,42,8,1,"Hit","Hit(CW,4,STRONG)",,,,,,,,0,,
3292,1,9,RandomK,45,48,9,1,"Hit","Hit(CW,6,WEAK)",,,,,,,,0,,
3292,1,9,RandomK,45,51,10,1,"Hit","Hit(CCW,6,MIDDLE)",,,,,,,,0,,
3292,1,9,RandomK,45,54,11,1,"Freeze","Freeze(CW,6)",,,,,,,,0,,
3292,1,9,RandomK,45,64,12,1,"PostGuard","PostGuard(CW,7,1)",,,,,,,,0,,
3292,1,9,RandomK,45,69,13,1,"PostGuard","PostGuard(CCW,9,0)",,,,,,,,0,,
3292,1,9,RandomK,45,71,14,1,"PostGuard","PostGuard(CCW,9,1)",,,,,,,,0,,
9633,1,10,RandomK,45,0,0,1,"Draw","Draw(CW,TEE)",,,,,,,,0,,
9633,1,10,RandomK,45,5,1,1,"Draw","Draw(CCW,S2)",,,,,,,,0,,
9633,1,10,RandomK,45,6,2,1,"Draw","Draw(CW,S4)",,,,,,,,0,,
9633,1,10,RandomK,45,7,3,1,"Draw","Draw(CCW,S4)",,,,,,,,0,,
9633,1,10,RandomK,45,10,4,1,"Draw","Draw(CW,L0)",,,,,,,,0,,
9633,1,10,RandomK,45,20,5,1,"Draw","Draw(CW,L5)",,,,,,,,0,,
9633,1,10,RandomK,45,23,6,1,"Draw","Draw(CCW,L6)",,,,,,,,0,,
9633,1,10,RandomK,45,32,7,1,"Hit","Hit(CW,5,TOUCH)",,,,,,,,0,,
9633,1,10,RandomK,45,38,8,1,"Hit","Hit(CW,5,STRONG)",,,,,,,,0,,
9633,1,10,RandomK,45,39,9,1,"Hit","Hit(CCW,5,STRONG)",,,,,,,,0,,
9633,1,10,RandomK,45,41,10,1,"Freeze","Freeze(CCW,5)",,,,,,,,0,,
9633,1,10,RandomK,45,42,11,1,"Hit","Hit(CW,7,TOUCH)",,,,,,,,0,,
9633,1,10,RandomK,45,64,12,1,"PostGuard","PostGuard(CW,2,1)",,,,,,,,0,,
9633,1,10,RandomK,45,67,13,1,"PostGuard","PostGuard(CCW,2,2)",,,,,,,,0,,
9633,1,10,RandomK,45,79,14,1,"PostGuard","PostGuard(CCW,6,2)",,,,,,,,0,,
9633,1,10,RandomK,45,82,15,1,"PostGuard","PostGuard(CW,8,1)",,,,,,,,0,,
9633,1,10,RandomK,45,83,16,1,"PostGuard","PostGuard(CCW,8,1)",,,,,,,,0,,
9633,1,10,RandomK,45,85,17,1,"PostGuard","PostGuard(CCW,8,2)",,,,,,,,0,,
5313,3,6,RandomK,45,1,0,1,"Draw","Draw(CCW,TEE)",,,,,,,,0,,
5313,3,6,RandomK,45,3,1,1,"Draw","Draw(CCW,S0)",,,,,,,,0,,
5313,3,6,RandomK,45,4,2,1,"Draw","Draw(CW,S2)",,,,,,,,0,,
5313,3,6,RandomK,45,5,3,1,"Draw","Draw(CCW,S2)",,,,,,,,0,,
5313,3,6,RandomK,45,16,4,1,"Draw","Draw(CW,L3)",,,,,,,,0,,
5313,3,6,RandomK,45,19,5,1,"Draw","Draw(CCW,L4)",,,,,,,,0,,
5313,3,6,RandomK,45,25,6,1,"Draw","Draw(CCW,L7)",,,,,,,,0,,
5313,3,6,RandomK,45,36,7,1,"Hit","Hit(CW,1,MIDDLE)",,,,,,,,0,,
5313,3,6,RandomK,45,47,8,1,"Hit","Hit(CCW,3,MIDDLE)",,,,,,,,0,,
5313,3,6,RandomK,45,49,9,1,"Hit","Hit(CCW,3,STRONG)",,,,,,,,0,,
5313,3,6,RandomK,45,51,10,1,"Freeze","Freeze(CCW,3)",,,,,,,,0,,
5313,3,6,RandomK,45,57,11,1,"Hit","Hit(CCW,5,MIDDLE)",,,,,,,,0,,
5313,3,6,RandomK,45,62,12,1,"PostGuard","PostGuard(CW,0,0)",,,,,,,,0,,
5313,3,6,RandomK,45,64,13,1,"PostGuard","PostGuard(CW,0,1)",,,,,,,,0,,
5313,3,6,RandomK,45,67,14,1,"PostGuard","PostGuard(CCW,0,2)",,,,,,,,0,,
5313,3,6,RandomK,45,71,15,1,"PostGuard","PostGuard(CCW,2,1)",,,,,,,,0,,
5313,3,6,RandomK,45,74,16,1,"PostGuard","PostGuard(CW,4,0)",,,,,,,,0,,
2130,6,7,RandomK,45,0,0,1,"Draw","Draw(CW,TEE)",,,,,,,,0,,
2130,6,7,RandomK,45,4,1,1,"Draw","Draw(CW,S2)",,,,,,,,0,,
2130,6,7,RandomK,45,9,2,1,"Draw","Draw(CCW,S6)",,,,,,,,0,,
2130,6,7,RandomK,45,10,3,1,"Draw","Draw(CW,L0)",,,,,,,,0,,
2130,6,7,RandomK,45,19,4,1,"Draw","Draw(CCW,L4)",,,,,,,,0,,
2130,6,7,RandomK,45,21,5,1,"Draw","Draw(CCW,L5)",,,,,,,,0,,
2130,6,7,RandomK,45,27,6,1,"PreGuard","PreGuard(CCW,G3)",,,,,,,,0,,
2130,6,7,RandomK,45,33,7,1,"Hit","Hit(CCW,0,TOUCH)",,,,,,,,0,,
2130,6,7,RandomK,45,35,8,1,"Hit","Hit(CCW,0,WEAK)",,,,,,,,0,,
2130,6,7,RandomK,45,38,9,1,"Hit","Hit(CW,0,STRONG)",,,,,,,,0,,
2130,6,7,RandomK,45,51,10,1,"Freeze","Freeze(CCW,2)",,,,,,,,0,,
2130,6,7,RandomK,45,52,11,1,"Hit","Hit(CW,4,TOUCH)",,,,,,,,0,,
2130,6,7,RandomK,45,58,12,1,"Hit","Hit(CW,4,STRONG)",,,,,,,,0,,
2130,6,7,RandomK,45,61,13,1,"Freeze","Freeze(CCW,4)",,,,,,,,0,,
2130,6,7,RandomK,45,62,14,1,"PostGuard","PostGuard(CW,1,0)",,,,,,,,0,,
2130,6,7,RandomK,45,64,15,1,"PostGuard","PostGuard(CW,1,1)",,,,,,,,0,,
2130,6,7,RandomK,45,66,16,1,"PostGuard","PostGuard(CW,1,2)",,,,,,,,0,,
2130,6,7,RandomK,45,67,17,1,"PostGuard","PostGuard(CCW,1,2)",,,,,,,,0,,
9218,5,10,RandomK,45,6,0,1,"Draw","Draw(CW,S4)",,,,,,,,0,,
9218,5,10,RandomK,45,8,1,1,"Draw","Draw(CW,S6)",,,,,,,,0,,
9218,5,10,RandomK,45,10,2,1,"Draw","Draw(CW,L0)",,,,,,,,0,,
9218,5,10,RandomK,45,12,3,1,"Draw","Draw(CW,L1)",,,,,,,,0,,
9218,5,10,RandomK,45,19,4,1,"Draw","Draw(CCW,L4)",,,,,,,,0,,
9218,5,10,RandomK,45,25,5,1,"Draw","Draw(CCW,L7)",,,,,,,,0,,
9218,5,10,RandomK,45,28,6,1,"PreGuard","PreGuard(CW,G4)",,,,,,,,0,,
9218,5,10,RandomK,45,31,7,1,"PreGuard","PreGuard(CCW,G5)",,,,,,,,0,,
9218,5,10,RandomK,45,34,8,1,"Hit","Hit(CW,1,WEAK)",,,,,,,,0,,
9218,5,10,RandomK,45,45,9,1,"Hit","Hit(CCW,3,WEAK)",,,,,,,,0,,
9218,5,10,RandomK,45,55,10,1,"Hit","Hit(CCW,5,WEAK)",,,,,,,,0,,
9218,5,10,RandomK,45,59,11,1,"Hit","Hit(CCW,5,STRONG)",,,,,,,,0,,
9218,5,10,RandomK,45,61,12,1,"Freeze","Freeze(CCW,5)",,,,,,,,0,,
9218,5,10,RandomK,45,65,13,1,"Hit","Hit(CCW,7,WEAK)",,,,,,,,0,,
9218,5,10,RandomK,45,66,14,1,"Hit","Hit(CW,7,MIDDLE)",,,,,,,,0,,
9218,5,10,RandomK,45,70,15,1,"Freeze","Freeze(CW,7)",,,,,,,,0,,
9218,5,10,RandomK,45,71,16,1,"Freeze","Freeze(CCW,7)",,,,,,,,0,,
9218,5,10,RandomK,45,72,17,1,"Hit","Hit(CW,9,TOUCH)",,,,,,,,0,,
9218,5,10,RandomK,45,76,18,1,"Hit","Hit(CW,9,MIDDLE)",,,,,,,,0,,
9218,5,10,RandomK,45,79,19,1,"Hit","Hit(CCW,9,STRONG)",,,,,,,,0,,
9218,5,10,RandomK,45,86,20,1,"PostGuard","PostGuard(CW,2,2)",,,,,,,,0,,
9218,5,10,RandomK,45,89,21,1,"PostGuard","PostGuard(CCW,4,0)",,,,,,,,0,,
8265,7,10,RandomK,45,1,0,1,"Draw","Draw(CCW,TEE)",,,,,,,,0,,
8265,7,10,RandomK,45,5,1,1,"Draw","Draw(CCW,S2)",,,,,,,,0,,
8265,7,10,RandomK,45,8,2,1,"Draw","Draw(CW,S6)",,,,,,,,0,,
8265,7,10,RandomK,45,12,3,1,"Draw","Draw(CW,L1)",,,,,,,,0,,
8265,7,10,RandomK,45,34,4,1,"Hit","Hit(CW,3,WEAK)",,,,,,,,0,,
8265,7,10,RandomK,45,37,5,1,"Hit","Hit(CCW,3,MIDDLE)",,,,,,,,0,,
8265,7,10,RandomK,45,38,6,1,"Hit","Hit(CW,3,STRONG)",,,,,,,,0,,
8265,7,10,RandomK,45,39,7,1,"Hit","Hit(CCW,3,STRONG)",,,,,,,,0,,
8265,7,10,RandomK,45,44,8,1,"Hit","Hit(CW,5,WEAK)",,,,,,,,0,,
8265,7,10,RandomK,45,46,9,1,"Hit","Hit(CW,5,MIDDLE)",,,,,,,,0,,
8265,7,10,RandomK,45,53,10,1,"Hit","Hit(CCW,7,TOUCH)",,,,,,,,0,,
8265,7,10,RandomK,45,55,11,1,"Hit","Hit(CCW,7,WEAK)",,,,,,,,0,,
8265,7,10,RandomK,45,59,12,1,"Hit","Hit(CCW,7,STRONG)",,,,,,,,0,,
8265,7,10,RandomK,45,61,13,1,"Freeze","Freeze(CCW,7)",,,,,,,,0,,
8265,7,10,RandomK,45,74,14,1,"PostGuard","PostGuard(CW,2,1)",,,,,,,,0,,
8265,7,10,RandomK,45,85,15,1,"PostGuard","PostGuard(CCW,6,0)",,,,,,,,0,,
8265,7,10,RandomK,45,86,16,1,"PostGuard","PostGuard(CW,6,1)",,,,,,,,0,,
8265,7,10,RandomK,45,87,17,1,"PostGuard","PostGuard(CCW,6,1)",,,,,,,,0,,
8265,7,10,RandomK,45,88,18,1,"PostGuard","PostGuard(CW,6,2)",,,,,,,,0,,
8265,7,10,RandomK,45,94,19,1,"PostGuard","PostGuard(CW,8,2)",,,,,,,,0,,
7644,2,9,RandomK,45,1,0,1,"Draw","Draw(CCW,TEE)",,,,,,,,0,,
7644,2,9,RandomK,45,9,1,1,"Draw","Draw(CCW,S6)",,,,,,,,0,,
7644,2,9,RandomK,45,10,2,1,"Draw","Draw(CW,L0)",,,,,,,,0,,
7644,2,9,RandomK,45,14,3,1,"Draw","Draw(CW,L2)",,,,,,,,0,,
7644,2,9,RandomK,45,16,4,1,"Draw","Draw(CW,L3)",,,,,,,,0,,
7644,2,9,RandomK,45,20,5,1,"Draw","Draw(CW,L5)",,,,,,,,0,,
7644,2,9,RandomK,45,22,6,1,"Draw","Draw(CW,L6)",,,,,,,,0,,
7644,2,9,RandomK,45,23,7,1,"Draw","Draw(CCW,L6)",,,,,,,,0,,
7644,2,9,RandomK,45,48,8,1,"Hit","Hit(CW,6,STRONG)",,,,,,,,0,,
7644,2,9,RandomK,45,57,9,1,"PostGuard","PostGuard(CCW,1,2)",,,,,,,,0,,
7644,2,9,RandomK,45,64,10,1,"PostGuard","PostGuard(CW,5,0)",,,,,,,,0,,
7644,2,9,RandomK,45,66,11,1,"PostGuard","PostGuard(CW,5,1)",,,,,,,,0,,
7644,2,9,RandomK,45,67,12,1,"PostGuard","PostGuard(CCW,5,1)",,,,,,,,0,,
7644,2,9,RandomK,45,69,13,1,"PostGuard","PostGuard(CCW,5,2)",,,,,,,,0,,
7644,2,9,RandomK,45,70,14,1,"PostGuard","PostGuard(CW,7,0)",,,,,,,,0,,
7644,2,9,RandomK,45,80,15,1,"PostGuard","PostGuard(CW,9,2)",,,,,,,,0,,
7644,2,9,RandomK,45,82,16,1,"Pass","Pass",,,,,,,,0,,
157,5,8,RandomK,45,6,0,1,"Draw","Draw(CW,S4)",,,,,,,,0,,
157,5,8,RandomK,45,8,1,1,"Draw","Draw(CW,S6)",,,,,,,,0,,
157,5,8,RandomK,45,14,2,1,"Draw","Draw(CW,L2)",,,,,,,,0,,
157,5,8,RandomK,45,20,3,1,"Draw","Draw(CW,L5)",,,,,,,,0,,
157,5,8,RandomK,45,23,4,1,"Draw","Draw(CCW,L6)",,,,,,,,0,,
157,5,8,RandomK,45,25,5,1,"Draw","Draw(CCW,L7)",,,,,,,,0,,
157,5,8,RandomK,45,31,6,1,"PreGuard","PreGuard(CCW,G5)",,,,,,,,0,,
157,5,8,RandomK,45,33,7,1,"Hit","Hit(CCW,1,TOUCH)",,,,,,,,0,,
157,5,8,RandomK,45,39,8,1,"Hit","Hit(CCW,1,STRONG)",,,,,,,,0,,
157,5,8,RandomK,45,42,9,1,"Hit","Hit(CW,5,TOUCH)",,,,,,,,0,,
157,5,8,RandomK,45,50,10,1,"Freeze","Freeze(CW,5)",,,,,,,,0,,
157,5,8,RandomK,45,52,11,1,"Hit","Hit(CW,7,TOUCH)",,,,,,,,0,,
157,5,8,RandomK,45,56,12,1,"Hit","Hit(CW,7,MIDDLE)",,,,,,,,0,,
157,5,8,RandomK,45,58,13,1,"Hit","Hit(CW,7,STRONG)",,,,,,,,0,,
157,5,8,RandomK,45,60,14,1,"Freeze","Freeze(CW,7)",,,,,,,,0,,
157,5,8,RandomK,45,63,15,1,"PostGuard","PostGuard(CCW,2,0)",,,,,,,,0,,
157,5,8,RandomK,45,76,16,1,"PostGuard","PostGuard(CW,6,1)",,,,,,,,0,,
5808,2,8,RandomK,45,9,0,1,"Draw","Draw(CCW,S6)",,,,,,,,0,,
5808,2,8,RandomK,45,10,1,1,"Draw","Draw(CW,L0)",,,,,,,,0,,
5808,2,8,RandomK,45,13,2,1,"Draw","Draw(CCW,L1)",,,,,,,,0,,
5808,2,8,RandomK,45,23,3,1,"Draw","Draw(CCW,L6)",,,,,,,,0,,
5808,2,8,RandomK,45,29,4,1,"PreGuard","PreGuard(CCW,G4)",,,,,,,,0,,
5808,2,8,RandomK,45,39,5,1,"Hit","Hit(CCW,1,STRONG)",,,,,,,,0,,
5808,2,8,RandomK,45,52,6,1,"Hit","Hit(CW,5,TOUCH)",,,,,,,,0,,
5808,2,8,RandomK,45,55,7,1,"Hit","Hit(CCW,5,WEAK)",,,,,,,,0,,
5808,2,8,RandomK,45,61,8,1,"Freeze","Freeze(CCW,5)",,,,,,,,0,,
5808,2,8,RandomK,45,62,9,1,"Hit","Hit(CW,7,TOUCH)",,,,,,,,0,,
5808,2,8,RandomK,45,66,10,1,"Hit","Hit(CW,7,MIDDLE)",,,,,,,,0,,
5808,2,8,RandomK,45,68,11,1,"Hit","Hit(CW,7,STRONG)",,,,,,,,0,,
5808,2,8,RandomK,45,69,12,1,"Hit","Hit(CCW,7,STRONG)",,,,,,,,0,,
5808,2,8,RandomK,45,70,13,1,"Freeze","Freeze(CW,7)",,,,,,,,0,,
5808,2,8,RandomK,45,78,14,1,"PostGuard","PostGuard(CW,4,0)",,,,,,,,0,,
5808,2,8,RandomK,45,80,15,1,"PostGuard","PostGuard(CW,4,1)",,,,,,,,0,,
5808,2,8,RandomK,45,81,16,1,"PostGuard","PostGuard(CCW,4,1)",,,,,,,,0,,
5808,2,8,RandomK,45,87,17,1,"PostGuard","PostGuard(CCW,6,1)",,,,,,,,0,,
5808,2,8,RandomK,45,88,18,1,"PostGuard","PostGuard(CW,6,2)",,,,,,,,0,,
8545,3,11,RandomK,45,6,0,1,"Draw","Draw(CW,S4)",,,,,,,,0,,
8545,3,11,RandomK,45,24,1,1,"Draw","Draw(CW,L7)",,,,,,,,0,,
8545,3,11,RandomK,45,28,2,1,"PreGuard","PreGuard(CW,G4)",,,,,,,,0,,
8545,3,11,RandomK,45,30,3,1,"PreGuard","PreGuard(CW,G5)",,,,,,,,0,,
8545,3,11,RandomK,45,33,4,1,"Hit","Hit(CCW,4,TOUCH)",,,,,,,,0,,
8545,3,11,RandomK,45,36,5,1,"Hit","Hit(CW,4,MIDDLE)",,,,,,,,0,,
8545,3,11,RandomK,45,37,6,1,"Hit","Hit(CCW,4,MIDDLE)",,,,,,,,0,,
8545,3,11,RandomK,45,38,7,1,"Hit","Hit(CW,4,STRONG)",,,,,,,,0,,
8545,3,11,RandomK,45,43,8,1,"Hit","Hit(CCW,6,TOUCH)",,,,,,,,0,,
8545,3,11,RandomK,45,45,9,1,"Hit","Hit(CCW,6,WEAK)",,,,,,,,0,,
8545,3,11,RandomK,45,49,10,1,"Hit","Hit(CCW,6,STRONG)",,,,,,,,0,,
8545,3,11,RandomK,45,56,11,1,"Hit","Hit(CW,8,MIDDLE)",,,,,,,,0,,
8545,3,11,RandomK,45,58,12,1,"Hit","Hit(CW,8,STRONG)",,,,,,,,0,,
8545,3,11,RandomK,45,63,13,1,"Hit","Hit(CCW,10,TOUCH)",,,,,,,,0,,
8545,3,11,RandomK,45,67,14,1,"Hit","Hit(CCW,10,MIDDLE)",,,,,,,,0,,
8545,3,11,RandomK,45,74,15,1,"PostGuard","PostGuard(CW,1,1)",,,,,,,,0,,
8545,3,11,RandomK,45,77,16,1,"PostGuard","PostGuard(CCW,1,2)",,,,,,,,0,,
8545,3,11,RandomK,45,79,17,1,"PostGuard","PostGuard(CCW,3,0)",,,,,,,,0,,
8545,3,11,RandomK,45,80,18,1,"PostGuard","PostGuard(CW,3,1)",,,,,,,,0,,
8545,3,11,RandomK,45,87,19,1,"PostGuard","PostGuard(CCW,5,1)",,,,,,,,0,,
8545,3,11,RandomK,45,90,20,1,"PostGuard","PostGuard(CW,7,0)",,,,,,,,0,,
8266,2,8,RandomK,45,1,0,1,"Draw","Draw(CCW,TEE)",,,,,,,,0,,
8266,2,8,RandomK,45,9,1,1,"Draw","Draw(CCW,S6)",,,,,,,,0,,
8266,2,8,RandomK,45,10,2,1,"Draw","Draw(CW,L0)",,,,,,,,0,,
8266,2,8,RandomK,45,11,3,1,"Draw","Draw(CCW,L0)",,,,,,,,0,,
8266,2,8,RandomK,45,14,4,1,"Draw","Draw(CW,L2)",,,,,,,,0,,
8266,2,8,RandomK,45,19,5,1,"Draw","Draw(CCW,L4)",,,,,,,,0,,
8266,2,8,RandomK,45,23,6,1,"Draw","Draw(CCW,L6)",,,,,,,,0,,
8266,2,8,RandomK,45,29,7,1,"PreGuard","PreGuard(CCW,G4)",,,,,,,,0,,
8266,2,8,RandomK,45,31,8,1,"PreGuard","PreGuard(CCW,G5)",,,,,,,,0,,
8266,2,8,RandomK,45,44,9,1,"Hit","Hit(CW,3,WEAK)",,,,,,,,0,,
8266,2,8,RandomK,45,45,10,1,"Hit","Hit(CCW,3,WEAK)",,,,,,,,0,,
8266,2,8,RandomK,45,52,11,1,"Hit","Hit(CW,5,TOUCH)",,,,,,,,0,,
8266,2,8,RandomK,45,53,12,1,"Hit","Hit(CCW,5,TOUCH)",,,,,,,,0,,
8266,2,8,RandomK,45,59,13,1,"Hit","Hit(CCW,5,STRONG)",,,,,,,,0,,
8266,2,8,RandomK,45,63,14,1,"Hit","Hit(CCW,7,TOUCH)",,,,,,,,0,,
8266,2,8,RandomK,45,67,15,1,"Hit","Hit(CCW,7,MIDDLE)",,,,,,,,0,,
8266,2,8,RandomK,45,76,16,1,"PostGuard","PostGuard(CW,0,2)",,,,,,,,0,,
8266,2,8,RandomK,45,88,17,1,"PostGuard","PostGuard(CW,4,2)",,,,,,,,0,,
8266,2,8,RandomK,45,91,18,1,"PostGuard","PostGuard(CCW,6,0)",,,,,,,,0,,
8266,2,8,RandomK,45,93,19,1,"PostGuard","PostGuard(CCW,6,1)",,,,,,,,0,,
6112,0,9,RandomK,45,2,0,1,"Draw","Draw(CW,S0)",,,,,,,,0,,
6112,0,9,RandomK,45,6,1,1,"Draw","Draw(CW,S4)",,,,,,,,0,,
6112,0,9,RandomK,45,13,2,1,"Draw","Draw(CCW,L1)",,,,,,,,0,,
6112,0,9,RandomK,45,21,3,1,"Draw","Draw(CCW,L5)",,,,,,,,0,,
6112,0,9,RandomK,45,23,4,1,"Draw","Draw(CCW,L6)",,,,,,,,0,,
6112,0,9,RandomK,45,42,5,1,"Hit","Hit(CW,4,TOUCH)",,,,,,,,0,,
6112,0,9,RandomK,45,49,6,1,"Hit","Hit(CCW,4,STRONG)",,,,,,,,0,,
6112,0,9,RandomK,45,60,7,1,"Freeze","Freeze(CW,6)",,,,,,,,0,,
6112,0,9,RandomK,45,64,8,1,"Hit","Hit(CW,8,WEAK)",,,,,,,,0,,
6112,0,9,RandomK,45,66,9,1,"Hit","Hit(CW,8,MIDDLE)",,,,,,,,0,,
6112,0,9,RandomK,45,71,10,1,"Freeze","Freeze(CCW,8)",,,,,,,,0,,
6112,0,9,RandomK,45,75,11,1,"PostGuard","PostGuard(CCW,1,1)",,,,,,,,0,,
6112,0,9,RandomK,45,76,12,1,"PostGuard","PostGuard(CW,1,2)",,,,,,,,0,,
6112,0,9,RandomK,45,84,13,1,"PostGuard","PostGuard(CW,5,0)",,,,,,,,0,,
6112,0,9,RandomK,45,86,14,1,"PostGuard","PostGuard(CW,5,1)",,,,,,,,0,,
6112,0,9,RandomK,45,87,15,1,"PostGuard","PostGuard(CCW,5,1)",,,,,,,,0,,
6112,0,9,RandomK,45,89,16,1,"PostGuard","PostGuard(CCW,5,2)",,,,,,,,0,,
6112,0,9,RandomK,45,90,17,1,"PostGuard","PostGuard(CW,7,0)",,,,,,,,0,,
6112,0,9,RandomK,45,93,18,1,"PostGuard","PostGuard(CCW,7,1)",,,,,,,,0,,
6112,0,9,RandomK,45,96,19,1,"Pass","Pass",,,,,,,,0,,
9280,6,11,RandomK,45,0,0,1,"Draw","Draw(CW,TEE)",,,,,,,,0,,
9280,6,11,RandomK,45,3,1,1,"Draw","Draw(CCW,S0)",,,,,,,,0,,
9280,6,11,RandomK,45,7,2,1,"Draw","Draw(CCW,S4)",,,,,,,,0,,
9280,6,11,RandomK,45,12,3,1,"Draw","Draw(CW,L1)",,,,,,,,0,,
9280,6,11,RandomK,45,14,4,1,"Draw","Draw(CW,L2)",,,,,,,,0,,
9280,6,11,RandomK,45,19,5,1,"Draw","Draw(CCW,L4)",,,,,,,,0,,
9280,6,11,RandomK,45,31,6,1,"PreGuard","PreGuard(CCW,G5)",,,,,,,,0,,
9280,6,11,RandomK,45,32,7,1,"Hit","Hit(CW,2,TOUCH)",,,,,,,,0,,
9280,6,11,RandomK,45,35,8,1,"Hit","Hit(CCW,2,WEAK)",,,,,,,,0,,
9280,6,11,RandomK,45,39,9,1,"Hit","Hit(CCW,2,STRONG)",,,,,,,,0,,
9280,6,11,RandomK,45,41,10,1,"Freeze","Freeze(CCW,2)",,,,,,,,0,,
9280,6,11,RandomK,45,45,11,1,"Hit","Hit(CCW,4,WEAK)",,,,,,,,0,,
9280,6,11,RandomK,45,64,12,1,"Hit","Hit(CW,8,WEAK)",,,,,,,,0,,
9280,6,11,RandomK,45,70,13,1,"Freeze","Freeze(CW,8)",,,,,,,,0,,
9280,6,11,RandomK,45,76,14,1,"Hit","Hit(CW,10,MIDDLE)",,,,,,,,0,,
9280,6,11,RandomK,45,81,15,1,"Freeze","Freeze(CCW,10)",,,,,,,,0,,
9280,6,11,RandomK,45,84,16,1,"PostGuard","PostGuard(CW,7,1)",,,,,,,,0,,
9280,6,11,RandomK,45,85,17,1,"PostGuard","PostGuard(CCW,7,1)",,,,,,,,0,,
9280,6,11,RandomK,45,88,18,1,"PostGuard","PostGuard(CW,9,0)",,,,,,,,0,,
6350,2,6,RandomK,45,6,0,1,"Draw","Draw(CW,S4)",,,,,,,,0,,
6350,2,6,RandomK,45,9,1,1,"Draw","Draw(CCW,S6)",,,,,,,,0,,
6350,2,6,RandomK,45,12,2,1,"Draw","Draw(CW,L1)",,,,,,,,0,,
6350,2,6,RandomK,45,17,3,1,"Draw","Draw(CCW,L3)",,,,,,,,0,,
6350,2,6,RandomK,45,25,4,1,"Draw","Draw(CCW,L7)",,,,,,,,0,,
6350,2,6,RandomK,45,28,5,1,"PreGuard","PreGuard(CW,G4)",,,,,,,,0,,
6350,2,6,RandomK,45,32,6,1,"Hit","Hit(CW,1,TOUCH)",,,,,,,,0,,
6350,2,6,RandomK,45,42,7,1,"Hit","Hit(CW,3,TOUCH)",,,,,,,,0,,
6350,2,6,RandomK,45,43,8,1,"Hit","Hit(CCW,3,TOUCH)",,,,,,,,0,,
6350,2,6,RandomK,45,44,9,1,"Hit","Hit(CW,3,WEAK)",,,,,,,,0,,
6350,2,6,RandomK,45,46,10,1,"Hit","Hit(CW,3,MIDDLE)",,,,,,,,0,,
6350,2,6,RandomK,45,47,11,1,"Hit","Hit(CCW,3,MIDDLE)",,,,,,,,0,,
6350,2,6,RandomK,45,49,12,1,"Hit","Hit(CCW,3,STRONG)",,,,,,,,0,,
6350,2,6,RandomK,45,61,13,1,"Freeze","Freeze(CCW,5)",,,,,,,,0,,
6350,2,6,RandomK,45,66,14,1,"PostGuard","PostGuard(CW,0,2)",,,,,,,,0,,
6350,2,6,RandomK,45,74,15,1,"PostGuard","PostGuard(CW,4,0)",,,,,,,,0,,
6350,2,6,RandomK,45,77,16,1,"PostGuard","PostGuard(CCW,4,1)",,,,,,,,0,,
6128,3,9,RandomK,45,10,0,1,"Draw","Draw(CW,L0)",,,,,,,,0,,
6128,3,9,RandomK,45,11,1,1,"Draw","Draw(CCW,L0)",,,,,,,,0,,
6128,3,9,RandomK,45,17,2,1,"Draw","Draw(CCW,L3)",,,,,,,,0,,
6128,3,9,RandomK,45,18,3,1,"Draw","Draw(CW,L4)",,,,,,,,0,,
6128,3,9,RandomK,45,27,4,1,"PreGuard","PreGuard(CCW,G3)",,,,,,,,0,,
6128,3,9,RandomK,45,44,5,1,"Hit","Hit(CW,6,WEAK)",,,,,,,,0,,
6128,3,9,RandomK,45,45,6,1,"Hit","Hit(CCW,6,WEAK)",,,,,,,,0,,
6128,3,9,RandomK,45,47,7,1,"Hit","Hit(CCW,6,MIDDLE)",,,,,,,,0,,
6128,3,9,RandomK,45,49,8,1,"Hit","Hit(CCW,6,STRONG)",,,,,,,,0,,
6128,3,9,RandomK,45,57,9,1,"PostGuard","PostGuard(CCW,1,2)",,,,,,,,0,,
6128,3,9,RandomK,45,62,10,1,"PostGuard","PostGuard(CW,3,2)",,,,,,,,0,,
6128,3,9,RandomK,45,63,11,1,"PostGuard","PostGuard(CCW,3,2)",,,,,,,,0,,
6128,3,9,RandomK,45,67,12,1,"PostGuard","PostGuard(CCW,5,1)",,,,,,,,0,,
6128,3,9,RandomK,45,68,13,1,"PostGuard","PostGuard(CW,5,2)",,,,,,,,0,,
6128,3,9,RandomK,45,69,14,1,"PostGuard","PostGuard(CCW,5,2)",,,,,,,,0,,
6128,3,9,RandomK,45,76,15,1,"PostGuard","PostGuard(CW,9,0)",,,,,,,,0,,
6128,3,9,RandomK,45,81,16,1,"PostGuard","PostGuard(CCW,9,2)",,,,,,,,0,,
1966,3,10,RandomK,45,0,0,1,"Draw","Draw(CW,TEE)",,,,,,,,0,,
1966,3,10,RandomK,45,6,1,1,"Draw","Draw(CW,S4)",,,,,,,,0,,
1966,3,10,RandomK,45,8,2,1,"Draw","Draw(CW,S6)",,,,,,,,0,,
1966,3,10,RandomK,45,12,3,1,"Draw","Draw(CW,L1)",,,,,,,,0,,
1966,3,10,RandomK,45,15,4,1,"Draw","Draw(CCW,L2)",,,,,,,,0,,
1966,3,10,RandomK,45,20,5,1,"Draw","Draw(CW,L5)",,,,,,,,0,,
1966,3,10,RandomK,45,22,6,1,"Draw","Draw(CW,L6)",,,,,,,,0,,
1966,3,10,RandomK,45,24,7,1,"Draw","Draw(CW,L7)",,,,,,,,0,,
1966,3,10,RandomK,45,37,8,1,"Hit","Hit(CCW,1,MIDDLE)",,,,,,,,0,,
1966,3,10,RandomK,45,39,9,1,"Hit","Hit(CCW,1,STRONG)",,,,,,,,0,,
1966,3,10,RandomK,45,45,10,1,"Hit","Hit(CCW,3,WEAK)",,,,,,,,0,,
1966,3,10,RandomK,45,47,11,1,"Hit","Hit(CCW,3,MIDDLE)",,,,,,,,0,,
1966,3,10,RandomK,45,54,12,1,"Hit","Hit(CW,5,WEAK)",,,,,,,,0,,
1966,3,10,RandomK,45,58,13,1,"Hit","Hit(CW,5,STRONG)",,,,,,,,0,,
1966,3,10,RandomK,45,59,14,1,"Hit","Hit(CCW,5,STRONG)",,,,,,,,0,,
1966,3,10,RandomK,45,76,15,1,"Hit","Hit(CW,9,MIDDLE)",,,,,,,,0,,
1966,3,10,RandomK,45,83,16,1,"PostGuard","PostGuard(CCW,0,0)",,,,,,,,0,,
1966,3,10,RandomK,45,85,17,1,"PostGuard","PostGuard(CCW,0,1)",,,,,,,,0,,
1966,3,10,RandomK,45,90,18,1,"PostGuard","PostGuard(CW,2,1)",,,,,,,,0,,
1966,3,10,RandomK,45,92,19,1,"PostGuard","PostGuard(CW,2,2)",,,,,,,,0,,
1966,3,10,RandomK,45,95,20,1,"PostGuard","PostGuard(CCW,4,0)",,,,,,,,0,,
1966,3,10,RandomK,45,108,21,1,"PostGuard","PostGuard(CW,8,1)",,,,,,,,0,,
1966,3,10,RandomK,45,109,22,1,"PostGuard","PostGuard(CCW,8,1)",,,,,,,,0,,
4424,7,11,RandomK,45,1,0,1,"Draw","Draw(CCW,TEE)",,,,,,,,0,,
4424,7,11,RandomK,45,6,1,1,"Draw","Draw(CW,S4)",,,,,,,,0,,
4424,7,11,RandomK,45,9,2,1,"Draw","Draw(CCW,S6)",,,,,,,,0,,
4424,7,11,RandomK,45,13,3,1,"Draw","Draw(CCW,L1)",,,,,,,,0,,
4424,7,11,RandomK,45,14,4,1,"Draw","Draw(CW,L2)",,,,,,,,0,,
4424,7,11,RandomK,45,21,5,1,"Draw","Draw(CCW,L5)",,,,,,,,0,,
4424,7,11,RandomK,45,24,6,1,"Draw","Draw(CW,L7)",,,,,,,,0,,
4424,7,11,RandomK,45,28,7,1,"PreGuard","PreGuard(CW,G4)",,,,,,,,0,,
4424,7,11,RandomK,45,33,8,1,"Hit","Hit(CCW,0,TOUCH)",,,,,,,,0,,
4424,7,11,RandomK,45,34,9,1,"Hit","Hit(CW,0,WEAK)",,,,,,,,0,,
4424,7,11,RandomK,45,35,10,1,"Hit","Hit(CCW,0,WEAK)",,,,,,,,0,,
4424,7,11,RandomK,45,36,11,1,"Hit","Hit(CW,0,MIDDLE)",,,,,,,,0,,
4424,7,11,RandomK,45,66,12,1,"Hit","Hit(CW,6,MIDDLE)",,,,,,,,0,,
4424,7,11,RandomK,45,67,13,1,"Hit","Hit(CCW,6,MIDDLE)",,,,,,,,0,,
4424,7,11,RandomK,45,68,14,1,"Hit","Hit(CW,6,STRONG)",,,,,,,,0,,
4424,7,11,RandomK,45,73,15,1,"Hit","Hit(CCW,8,TOUCH)",,,,,,,,0,,
4424,7,11,RandomK,45,75,16,1,"Hit","Hit(CCW,8,WEAK)",,,,,,,,0,,
4424,7,11,RandomK,45,76,17,1,"Hit","Hit(CW,8,MIDDLE)",,,,,,,,0,,
4424,7,11,RandomK,45,81,18,1,"Freeze","Freeze(CCW,8)",,,,,,,,0,,
4424,7,11,RandomK,45,88,19,1,"PostGuard","PostGuard(CW,3,0)",,,,,,,,0,,
4424,7,11,RandomK,45,91,20,1,"PostGuard","PostGuard(CCW,3,1)",,,,,,,,0,,
4424,7,11,RandomK,45,92,21,1,"PostGuard","PostGuard(CW,3,2)",,,,,,,,0,,
4424,7,11,RandomK,45,96,22,1,"PostGuard","PostGuard(CW,5,1)",,,,,,,,0,,
4424,7,11,RandomK,45,98,23,1,"PostGuard","PostGuard(CW,5,2)",,,,,,,,0,,
8076,2,10,RandomK,45,2,0,1,"Draw","Draw(CW,S0)",,,,,,,,0,,
8076,2,10,RandomK,45,6,1,1,"Draw","Draw(CW,S4)",,,,,,,,0,,
8076,2,10,RandomK,45,19,2,1,"Draw","Draw(CCW,L4)",,,,,,,,0,,
8076,2,10,RandomK,45,20,3,1,"Draw","Draw(CW,L5)",,,,,,,,0,,
8076,2,10,RandomK,45,23,4,1,"Draw","Draw(CCW,L6)",,,,,,,,0,,
8076,2,10,RandomK,45,30,5,1,"PreGuard","PreGuard(CW,G5)",,,,,,,,0,,
8076,2,10,RandomK,45,45,6,1,"Hit","Hit(CCW,5,WEAK)",,,,,,,,0,,
8076,2,10,RandomK,45,48,7,1,"Hit","Hit(CW,5,STRONG)",,,,,,,,0,,
8076,2,10,RandomK,45,49,8,1,"Hit","Hit(CCW,5,STRONG)",,,,,,,,0,,
8076,2,10,RandomK,45,51,9,1,"Freeze","Freeze(CCW,5)",,,,,,,,0,,
8076,2,10,RandomK,45,55,10,1,"Hit","Hit(CCW,7,WEAK)",,,,,,,,0,,
8076,2,10,RandomK,45,61,11,1,"Freeze","Freeze(CCW,7)",,,,,,,,0,,
8076,2,10,RandomK,45,63,12,1,"Hit","Hit(CCW,9,TOUCH)",,,,,,,,0,,
8076,2,10,RandomK,45,69,13,1,"Hit","Hit(CCW,9,STRONG)",,,,,,,,0,,
8076,2,10,RandomK,45,71,14,1,"Freeze","Freeze(CCW,9)",,,,,,,,0,,
8076,2,10,RandomK,45,77,15,1,"PostGuard","PostGuard(CCW,2,2)",,,,,,,,0,,
8076,2,10,RandomK,45,82,16,1,"PostGuard","PostGuard(CW,6,2)",,,,,,,,0,,
8076,2,10,RandomK,45,85,17,1,"PostGuard","PostGuard(CCW,8,0)",,,,,,,,0,,
8076,2,10,RandomK,45,88,18,1,"PostGuard","PostGuard(CW,8,2)",,,,,,,,0,,
3453,4,8,RandomK,45,1,0,1,"Draw","Draw(CCW,TEE)",,,,,,,,0,,
3453,4,8,RandomK,45,8,1,1,"Draw","Draw(CW,S6)",,,,,,,,0,,
3453,4,8,RandomK,45,11,2,1,"Draw","Draw(CCW,L0)",,,,,,,,0,,
3453,4,8,RandomK,45,16,3,1,"Draw","Draw(CW,L3)",,,,,,,,0,,
3453,4,8,RandomK,45,20,4,1,"Draw","Draw(CW,L5)",,,,,,,,0,,
3453,4,8,RandomK,45,24,5,1,"Draw","Draw(CW,L7)",,,,,,,,0,,
3453,4,8,RandomK,45,31,6,1,"PreGuard","PreGuard(CCW,G5)",,,,,,,,0,,
3453,4,8,RandomK,45,37,7,1,"Hit","Hit(CCW,3,MIDDLE)",,,,,,,,0,,
3453,4,8,RandomK,45,38,8,1,"Hit","Hit(CW,3,STRONG)",,,,,,,,0,,
3453,4,8,RandomK,45,59,9,1,"Hit","Hit(CCW,7,STRONG)",,,,,,,,0,,
3453,4,8,RandomK,45,60,10,1,"Freeze","Freeze(CW,7)",,,,,,,,0,,
3453,4,8,RandomK,45,62,11,1,"PostGuard","PostGuard(CW,0,0)",,,,,,,,0,,
3453,4,8,RandomK,45,67,12,1,"PostGuard","PostGuard(CCW,0,2)",,,,,,,,0,,
3453,4,8,RandomK,45,71,13,1,"PostGuard","PostGuard(CCW,2,1)",,,,,,,,0,,
3453,4,8,RandomK,45,73,14,1,"PostGuard","PostGuard(CCW,2,2)",,,,,,,,0,,
3453,4,8,RandomK,45,74,15,1,"PostGuard","PostGuard(CW,4,0)",,,,,,,,0,,
3453,4,8,RandomK,45,79,16,1,"PostGuard","PostGuard(CCW,4,2)",,,,,,,,0,,
3453,4,8,RandomK,45,85,17,1,"PostGuard","PostGuard(CCW,6,2)",,,,,,,,0,,
803,0,9,RandomK,45,0,0,1,"Draw","Draw(CW,TEE)",,,,,,,,0,,
803,0,9,RandomK,45,2,1,1,"Draw","Draw(CW,S0)",,,,,,,,0,,
803,0,9,RandomK,45,4,2,1,"Draw","Draw(CW,S2)",,,,,,,,0,,
803,0,9,RandomK,45,5,3,1,"Draw","Draw(CCW,S2)",,,,,,,,0,,
803,0,9,RandomK,45,7,4,1,"Draw","Draw(CCW,S4)",,,,,,,,0,,
803,0,9,RandomK,45,8,5,1,"Draw","Draw(CW,S6)",,,,,,,,0,,
803,0,9,RandomK,45,10,6,1,"Draw","Draw(CW,L0)",,,,,,,,0,,
803,0,9,RandomK,45,33,7,1,"Hit","Hit(CCW,0,TOUCH)",,,,,,,,0,,
803,0,9,RandomK,45,46,8,1,"Hit","Hit(CW,2,MIDDLE)",,,,,,,,0,,
803,0,9,RandomK,45,52,9,1,"Hit","Hit(CW,4,TOUCH)",,,,,,,,0,,
803,0,9,RandomK,45,53,10,1,"Hit","Hit(CCW,4,TOUCH)",,,,,,,,0,,
803,0,9,RandomK,45,59,11,1,"Hit","Hit(CCW,4,STRONG)",,,,,,,,0,,
803,0,9,RandomK,45,67,12,1,"Hit","Hit(CCW,6,MIDDLE)",,,,,,,,0,,
803,0,9,RandomK,45,77,13,1,"Hit","Hit(CCW,8,MIDDLE)",,,,,,,,0,,
803,0,9,RandomK,45,80,14,1,"Freeze","Freeze(CW,8)",,,,,,,,0,,
803,0,9,RandomK,45,83,15,1,"PostGuard","PostGuard(CCW,5,0)",,,,,,,,0,,
803,0,9,RandomK,45,85,16,1,"PostGuard","PostGuard(CCW,5,1)",,,,,,,,0,,
803,0,9,RandomK,45,87,17,1,"PostGuard","PostGuard(CCW,5,2)",,,,,,,,0,,
803,0,9,RandomK,45,92,18,1,"PostGuard","PostGuard(CW,7,2)",,,,,,,,0,,
2184,0,11,RandomK,45,0,0,1,"Draw","Draw(CW,TEE)",,,,,,,,0,,
2184,0,11,RandomK,45,1,1,1,"Draw","Draw(CCW,TEE)",,,,,,,,0,,
2184,0,11,RandomK,45,5,2,1,"Draw","Draw(CCW,S2)",,,,,,,,0,,
2184,0,11,RandomK,45,21,3,1,"Draw","Draw(CCW,L5)",,,,,,,,0,,
2184,0,11,RandomK,45,27,4,1,"PreGuard","PreGuard(CCW,G3)",,,,,,,,0,,
2184,0,11,RandomK,45,28,5,1,"PreGuard","PreGuard(CW,G4)",,,,,,,,0,,
2184,0,11,RandomK,45,35,6,1,"Hit","Hit(CCW,2,WEAK)",,,,,,,,0,,
2184,0,11,RandomK,45,46,7,1,"Hit","Hit(CW,4,MIDDLE)",,,,,,,,0,,
2184,0,11,RandomK,45,47,8,1,"Hit","Hit(CCW,4,MIDDLE)",,,,,,,,0,,
2184,0,11,RandomK,45,49,9,1,"Hit","Hit(CCW,4,STRONG)",,,,,,,,0,,
2184,0,11,RandomK,45,57,10,1,"Hit","Hit(CCW,6,MIDDLE)",,,,,,,,0,,
2184,0,11,RandomK,45,60,11,1,"Freeze","Freeze(CW,6)",,,,,,,,0,,
2184,0,11,RandomK,45,62,12,1,"Hit","Hit(CW,8,TOUCH)",,,,,,,,0,,
2184,0,11,RandomK,45,67,13,1,"Hit","Hit(CCW,8,MIDDLE)",,,,,,,,0,,
2184,0,11,RandomK,45,68,14,1,"Hit","Hit(CW,8,STRONG)",,,,,,,,0,,
2184,0,11,RandomK,45,70,15,1,"Freeze","Freeze(CW,8)",,,,,,,,0,,
2184,0,11,RandomK,45,78,16,1,"Hit","Hit(CW,10,STRONG)",,,,,,,,0,,
2184,0,11,RandomK,45,79,17,1,"Hit","Hit(CCW,10,STRONG)",,,,,,,,0,,
2184,0,11,RandomK,45,82,18,1,"PostGuard","PostGuard(CW,3,0)",,,,,,,,0,,
2184,0,11,RandomK,45,88,19,1,"PostGuard","PostGuard(CW,5,0)",,,,,,,,0,,
2184,0,11,RandomK,45,89,20,1,"PostGuard","PostGuard(CCW,5,0)",,,,,,,,0,,
2184,0,11,RandomK,45,100,21,1,"PostGuard","PostGuard(CW,9,0)",,,,,,,,0,,
6874,3,13,RandomK,45,2,0,1,"Draw","Draw(CW,S0)",,,,,,,,0,,
6874,3,13,RandomK,45,3,1,1,"Draw","Draw(CCW,S0)",,,,,,,,0,,
6874,3,13,RandomK,45,5,2,1,"Draw","Draw(CCW,S2)",,,,,,,,0,,
6874,3,13,RandomK,45,9,3,1,"Draw","Draw(CCW,S6)",,,,,,,,0,,
6874,3,13,RandomK,45,13,4,1,"Draw","Draw(CCW,L1)",,,,,,,,0,,
6874,3,13,RandomK,45,15,5,1,"Draw","Draw(CCW,L2)",,,,,,,,0,,
6874,3,13,RandomK,45,20,6,1,"Draw","Draw(CW,L5)",,,,,,,,0,,
6874,3,13,RandomK,45,21,7,1,"Draw","Draw(CCW,L5)",,,,,,,,0,,
6874,3,13,RandomK,45,26,8,1,"PreGuard","PreGuard(CW,G3)",,,,,,,,0,,
6874,3,13,RandomK,45,28,9,1,"PreGuard","PreGuard(CW,G4)",,,,,,,,0,,
6874,3,13,RandomK,45,32,10,1,"Hit","Hit(CW,2,TOUCH)",,,,,,,,0,,
6874,3,13,RandomK,45,35,11,1,"Hit","Hit(CCW,2,WEAK)",,,,,,,,0,,
6874,3,13,RandomK,45,36,12,1,"Hit","Hit(CW,2,MIDDLE)",,,,,,,,0,,
6874,3,13,RandomK,45,52,13,1,"Hit","Hit(CW,8,TOUCH)",,,,,,,,0,,
6874,3,13,RandomK,45,56,14,1,"Hit","Hit(CW,8,MIDDLE)",,,,,,,,0,,
6874,3,13,RandomK,45,59,15,1,"Hit","Hit(CCW,8,STRONG)",,,,,,,,0,,
6874,3,13,RandomK,45,64,16,1,"Hit","Hit(CW,10,WEAK)",,,,,,,,0,,
6874,3,13,RandomK,45,66,17,1,"Hit","Hit(CW,10,MIDDLE)",,,,,,,,0,,
6874,3,13,RandomK,45,87,18,1,"PostGuard","PostGuard(CCW,7,2)",,,,,,,,0,,
6874,3,13,RandomK,45,92,19,1,"PostGuard","PostGuard(CW,9,2)",,,,,,,,0,,
6874,3,13,RandomK,45,95,20,1,"PostGuard","PostGuard(CCW,11,0)",,,,,,,,0,,
4963,7,12,RandomK,45,1,0,1,"Draw","Draw(CCW,TEE)",,,,,,,,0,,
4963,7,12,RandomK,45,3,1,1,"Draw","Draw(CCW,S0)",,,,,,,,0,,
4963,7,12,RandomK,45,5,2,1,"Draw","Draw(CCW,S2)",,,,,,,,0,,
4963,7,12,RandomK,45,15,3,1,"Draw","Draw(CCW,L2)",,,,,,,,0,,
4963,7,12,RandomK,45,26,4,1,"PreGuard","PreGuard(CW,G3)",,,,,,,,0,,
4963,7,12,RandomK,45,32,5,1,"Hit","Hit(CW,1,MIDDLE)",,,,,,,,0,,
4963,7,12,RandomK,45,35,6,1,"Hit","Hit(CCW,1,STRONG)",,,,,,,,0,,
4963,7,12,RandomK,45,39,7,1,"Hit","Hit(CCW,11,WEAK)",,,,,,,,0,,
4963,7,12,RandomK,45,42,8,1,"Hit","Hit(CW,11,STRONG)",,,,,,,,0,,
4963,7,12,RandomK,45,44,9,1,"Freeze","Freeze(CW,11)",,,,,,,,0,,
4963,7,12,RandomK,45,47,10,1,"PostGuard","PostGuard(CCW,4,0)",,,,,,,,0,,
4963,7,12,RandomK,45,51,11,1,"PostGuard","PostGuard(CCW,4,2)",,,,,,,,0,,
4963,7,12,RandomK,45,61,12,1,"PostGuard","PostGuard(CCW,8,1)",,,,,,,,0,,
4963,7,12,RandomK,45,63,13,1,"PostGuard","PostGuard(CCW,8,2)",,,,,,,,0,,
4963,7,12,RandomK,45,68,14,1,"PostGuard","PostGuard(CW,10,2)",,,,,,,,0,,
153,3,14,RandomK,45,3,0,1,"Draw","Draw(CCW,S0)",,,,,,,,0,,
153,3,14,RandomK,45,14,1,1,"Draw","Draw(CW,L2)",,,,,,,,0,,
153,3,14,RandomK,45,22,2,1,"Draw","Draw(CW,L6)",,,,,,,,0,,
153,3,14,RandomK,45,26,3,1,"PreGuard","PreGuard(CW,G3)",,,,,,,,0,,
153,3,14,RandomK,45,27,4,1,"PreGuard","PreGuard(CCW,G3)",,,,,,,,0,,
153,3,14,RandomK,45,31,5,1,"PreGuard","PreGuard(CCW,G5)",,,,,,,,0,,
153,3,14,RandomK,45,45,6,1,"Hit","Hit(CCW,5,WEAK)",,,,,,,,0,,
153,3,14,RandomK,45,50,7,1,"Freeze","Freeze(CW,5)",,,,,,,,0,,
153,3,14,RandomK,45,53,8,1,"Hit","Hit(CCW,7,TOUCH)",,,,,,,,0,,
153,3,14,RandomK,45,58,9,1,"Hit","Hit(CW,7,STRONG)",,,,,,,,0,,
153,3,14,RandomK,45,69,10,1,"Hit","Hit(CCW,9,STRONG)",,,,,,,,0,,
153,3,14,RandomK,45,72,11,1,"Hit","Hit(CW,11,TOUCH)",,,,,,,,0,,
153,3,14,RandomK,45,73,12,1,"Hit","Hit(CCW,11,TOUCH)",,,,,,,,0,,
153,3,14,RandomK,45,75,13,1,"Hit","Hit(CCW,11,WEAK)",,,,,,,,0,,
153,3,14,RandomK,45,76,14,1,"Hit","Hit(CW,11,MIDDLE)",,,,,,,,0,,
153,3,14,RandomK,45,83,15,1,"Hit","Hit(CCW,13,TOUCH)",,,,,,,,0,,
153,3,14,RandomK,45,89,16,1,"Hit","Hit(CCW,13,STRONG)",,,,,,,,0,,
153,3,14,RandomK,45,91,17,1,"Freeze","Freeze(CCW,13)",,,,,,,,0,,
153,3,14,RandomK,45,93,18,1,"PostGuard","PostGuard(CCW,4,0)",,,,,,,,0,,
153,3,14,RandomK,45,94,19,1,"PostGuard","PostGuard(CW,4,1)",,,,,,,,0,,
153,3,14,RandomK,45,96,20,1,"PostGuard","PostGuard(CW,4,2)",,,,,,,,0,,
153,3,14,RandomK,45,100,21,1,"PostGuard","PostGuard(CW,6,1)",,,,,,,,0,,
153,3,14,RandomK,45,105,22,1,"PostGuard","PostGuard(CCW,8,0)",,,,,,,,0,,
153,3,14,RandomK,45,114,23,1,"PostGuard","PostGuard(CW,10,2)",,,,,,,,0,,
153,3,14,RandomK,45,118,24,1,"PostGuard","PostGuard(CW,12,1)",,,,,,,,0,,
4218,1,14,RandomK,45,1,0,1,"Draw","Draw(CCW,TEE)",,,,,,,,0,,
4218,1,14,RandomK,45,13,1,1,"Draw","Draw(CCW,L1)",,,,,,,,0,,
4218,1,14,RandomK,45,14,2,1,"Draw","Draw(CW,L2)",,,,,,,,0,,
4218,1,14,RandomK,45,17,3,1,"Draw","Draw(CCW,L3)",,,,,,,,0,,
4218,1,14,RandomK,45,18,4,1,"Draw","Draw(CW,L4)",,,,,,,,0,,
4218,1,14,RandomK,45,30,5,1,"PreGuard","PreGuard(CW,G5)",,,,,,,,0,,
4218,1,14,RandomK,45,36,6,1,"Hit","Hit(CW,7,MIDDLE)",,,,,,,,0,,
4218,1,14,RandomK,45,40,7,1,"Freeze","Freeze(CW,7)",,,,,,,,0,,
4218,1,14,RandomK,45,41,8,1,"Freeze","Freeze(CCW,7)",,,,,,,,0,,
4218,1,14,RandomK,45,42,9,1,"Hit","Hit(CW,9,TOUCH)",,,,,,,,0,,
4218,1,14,RandomK,45,44,10,1,"Hit","Hit(CW,9,WEAK)",,,,,,,,0,,
4218,1,14,RandomK,45,54,11,1,"Hit","Hit(CW,11,WEAK)",,,,,,,,0,,
4218,1,14,RandomK,45,64,12,1,"Hit","Hit(CW,13,WEAK)",,,,,,,,0,,
4218,1,14,RandomK,45,69,13,1,"Hit","Hit(CCW,13,STRONG)",,,,,,,,0,,
4218,1,14,RandomK,45,71,14,1,"Freeze","Freeze(CCW,13)",,,,,,,,0,,
4218,1,14,RandomK,45,72,15,1,"PostGuard","PostGuard(CW,6,0)",,,,,,,,0,,
4218,1,14,RandomK,45,75,16,1,"PostGuard","PostGuard(CCW,6,1)",,,,,,,,0,,
4218,1,14,RandomK,45,83,17,1,"PostGuard","PostGuard(CCW,8,2)",,,,,,,,0,,
4218,1,14,RandomK,45,87,18,1,"PostGuard","PostGuard(CCW,10,1)",,,,,,,,0,,
4218,1,14,RandomK,45,95,19,1,"PostGuard","PostGuard(CCW,12,2)",,,,,,,,0,,
7559,5,13,RandomK,45,13,0,1,"Draw","Draw(CCW,L1)",,,,,,,,0,,
7559,5,13,RandomK,45,18,1,1,"Draw","Draw(CW,L4)",,,,,,,,0,,
7559,5,13,RandomK,45,19,2,1,"Draw","Draw(CCW,L4)",,,,,,,,0,,
7559,5,13,RandomK,45,25,3,1,"Draw","Draw(CCW,L7)",,,,,,,,0,,
7559,5,13,RandomK,45,34,4,1,"Hit","Hit(CW,2,WEAK)",,,,,,,,0,,
7559,5,13,RandomK,45,39,5,1,"Hit","Hit(CCW,2,STRONG)",,,,,,,,0,,
7559,5,13,RandomK,45,43,6,1,"Hit","Hit(CCW,4,TOUCH)",,,,,,,,0,,
7559,5,13,RandomK,45,45,7,1,"Hit","Hit(CCW,4,WEAK)",,,,,,,,0,,
7559,5,13,RandomK,45,46,8,1,"Hit","Hit(CW,4,MIDDLE)",,,,,,,,0,,
7559,5,13,RandomK,45,57,9,1,"Hit","Hit(CCW,6,MIDDLE)",,,,,,,,0,,
7559,5,13,RandomK,45,63,10,1,"Hit","Hit(CCW,8,TOUCH)",,,,,,,,0,,
7559,5,13,RandomK,45,65,11,1,"Hit","Hit(CCW,8,WEAK)",,,,,,,,0,,
7559,5,13,RandomK,45,75,12,1,"Hit","Hit(CCW,10,WEAK)",,,,,,,,0,,
7559,5,13,RandomK,45,80,13,1,"Freeze","Freeze(CW,10)",,,,,,,,0,,
7559,5,13,RandomK,45,81,14,1,"Freeze","Freeze(CCW,10)",,,,,,,,0,,
7559,5,13,RandomK,45,83,15,1,"Hit","Hit(CCW,12,TOUCH)",,,,,,,,0,,
7559,5,13,RandomK,45,87,16,1,"Hit","Hit(CCW,12,MIDDLE)",,,,,,,,0,,
7559,5,13,RandomK,45,88,17,1,"Hit","Hit(CW,12,STRONG)",,,,,,,,0,,
7559,5,13,RandomK,45,89,18,1,"Hit","Hit(CCW,12,STRONG)",,,,,,,,0,,
7559,5,13,RandomK,45,92,19,1,"PostGuard","PostGuard(CW,5,0)",,,,,,,,0,,
7559,5,13,RandomK,45,99,20,1,"PostGuard","PostGuard(CCW,7,0)",,,,,,,,0,,
7559,5,13,RandomK,45,105,21,1,"PostGuard","PostGuard(CCW,9,0)",,,,,,,,0,,
7559,5,13,RandomK,45,112,22,1,"PostGuard","PostGuard(CW,11,1)",,,,,,,,0,,
7559,5,13,RandomK,45,115,23,1,"PostGuard","PostGuard(CCW,11,2)",,,,,,,,0,,
1556,4,14,RandomK,45,0,0,1,"Draw","Draw(CW,TEE)",,,,,,,,0,,
1556,4,14,RandomK,45,6,1,1,"Draw","Draw(CW,S4)",,,,,,,,0,,
1556,4,14,RandomK,45,18,2,1,"Draw","Draw(CW,L4)",,,,,,,,0,,
1556,4,14,RandomK,45,22,3,1,"Draw","Draw(CW,L6)",,,,,,,,0,,
1556,4,14,RandomK,45,23,4,1,"Draw","Draw(CCW,L6)",,,,,,,,0,,
1556,4,14,RandomK,45,33,5,1,"Hit","Hit(CCW,7,TOUCH)",,,,,,,,0,,
1556,4,14,RandomK,45,39,6,1,"Hit","Hit(CCW,7,STRONG)",,,,,,,,0,,
1556,4,14,RandomK,45,43,7,1,"Hit","Hit(CCW,11,TOUCH)",,,,,,,,0,,
1556,4,14,RandomK,45,46,8,1,"Hit","Hit(CW,11,MIDDLE)",,,,,,,,0,,
1556,4,14,RandomK,45,53,9,1,"Hit","Hit(CCW,13,TOUCH)",,,,,,,,0,,
1556,4,14,RandomK,45,54,10,1,"Hit","Hit(CW,13,WEAK)",,,,,,,,0,,
1556,4,14,RandomK,45,57,11,1,"Hit","Hit(CCW,13,MIDDLE)",,,,,,,,0,,
1556,4,14,RandomK,45,67,12,1,"PostGuard","PostGuard(CCW,4,2)",,,,,,,,0,,
1556,4,14,RandomK,45,69,13,1,"PostGuard","PostGuard(CCW,8,0)",,,,,,,,0,,
1556,4,14,RandomK,45,72,14,1,"PostGuard","PostGuard(CW,8,2)",,,,,,,,0,,
1556,4,14,RandomK,45,84,15,1,"PostGuard","PostGuard(CW,12,2)",,,,,,,,0,,
1556,4,14,RandomK,45,85,16,1,"PostGuard","PostGuard(CCW,12,2)",,,,,,,,0,,
1556,4,14,RandomK,45,86,17,1,"Pass","Pass",,,,,,,,0,,
3490,3,13,RandomK,45,1,0,1,"Draw","Draw(CCW,TEE)",,,,,,,,0,,
3490,3,13,RandomK,45,2,1,1,"Draw","Draw(CW,S0)",,,,,,,,0,,
3490,3,13,RandomK,45,6,2,1,"Draw","Draw(CW,S4)",,,,,,,,0,,
3490,3,13,RandomK,45,20,3,1,"Draw","Draw(CW,L5)",,,,,,,,0,,
3490,3,13,RandomK,45,21,4,1,"Draw","Draw(CCW,L5)",,,,,,,,0,,
3490,3,13,RandomK,45,24,5,1,"Draw","Draw(CW,L7)",,,,,,,,0,,
3490,3,13,RandomK,45,25,6,1,"Draw","Draw(CCW,L7)",,,,,,,,0,,
3490,3,13,RandomK,45,28,7,1,"PreGuard","PreGuard(CW,G4)",,,,,,,,0,,
3490,3,13,RandomK,45,30,8,1,"PreGuard","PreGuard(CW,G5)",,,,,,,,0,,
3490,3,13,RandomK,45,32,9,1,"Hit","Hit(CW,2,TOUCH)",,,,,,,,0,,
3490,3,13,RandomK,45,36,10,1,"Hit","Hit(CW,2,MIDDLE)",,,,,,,,0,,
3490,3,13,RandomK,45,41,11,1,"Freeze","Freeze(CCW,2)",,,,,,,,0,,
3490,3,13,RandomK,45,43,12,1,"Hit","Hit(CCW,4,TOUCH)",,,,,,,,0,,
3490,3,13,RandomK,45,48,13,1,"Hit","Hit(CW,4,STRONG)",,,,,,,,0,,
3490,3,13,RandomK,45,67,14,1,"Hit","Hit(CCW,8,MIDDLE)",,,,,,,,0,,
3490,3,13,RandomK,45,76,15,1,"Hit","Hit(CW,10,MIDDLE)",,,,,,,,0,,
3490,3,13,RandomK,45,77,16,1,"Hit","Hit(CCW,10,MIDDLE)",,,,,,,,0,,
3490,3,13,RandomK,45,91,17,1,"PostGuard","PostGuard(CCW,7,1)",,,,,,,,0,,
3490,3,13,RandomK,45,92,18,1,"PostGuard","PostGuard(CW,7,2)",,,,,,,,0,,
3490,3,13,RandomK,45,99,19,1,"PostGuard","PostGuard(CCW,11,2)",,,,,,,,0,,
3490,3,13,RandomK,45,104,20,1,"PostGuard","PostGuard(CW,13,2)",,,,,,,,0,,
3490,3,13,RandomK,45,105,21,1,"PostGuard","PostGuard(CCW,13,2)",,,,,,,,0,,
6731,2,14,RandomK,45,4,0,1,"Draw","Draw(CW,S2)",,,,,,,,0,,
6731,2,14,RandomK,45,11,1,1,"Draw","Draw(CCW,L0)",,,,,,,,0,,
6731,2,14,RandomK,45,12,2,1,"Draw","Draw(CW,L1)",,,,,,,,0,,
6731,2,14,RandomK,45,17,3,1,"Draw","Draw(CCW,L3)",,,,,,,,0,,
6731,2,14,RandomK,45,19,4,1,"Draw","Draw(CCW,L4)",,,,,,,,0,,
6731,2,14,RandomK,45,21,5,1,"Draw","Draw(CCW,L5)",,,,,,,,0,,
6731,2,14,RandomK,45,22,6,1,"Draw","Draw(CW,L6)",,,,,,,,0,,
6731,2,14,RandomK,45,24,7,1,"Draw","Draw(CW,L7)",,,,,,,,0,,
6731,2,14,RandomK,45,25,8,1,"Draw","Draw(CCW,L7)",,,,,,,,0,,
6731,2,14,RandomK,45,27,9,1,"PreGuard","PreGuard(CCW,G3)",,,,,,,,0,,
6731,2,14,RandomK,45,28,10,1,"PreGuard","PreGuard(CW,G4)",,,,,,,,0,,
6731,2,14,RandomK,45,33,11,1,"Hit","Hit(CCW,3,TOUCH)",,,,,,,,0,,
6731,2,14,RandomK,45,37,12,1,"Hit","Hit(CCW,3,MIDDLE)",,,,,,,,0,,
6731,2,14,RandomK,45,46,13,1,"Hit","Hit(CW,5,MIDDLE)",,,,,,,,0,,
6731,2,14,RandomK,45,49,14,1,"Hit","Hit(CCW,5,STRONG)",,,,,,,,0,,
6731,2,14,RandomK,45,53,15,1,"Hit","Hit(CCW,7,TOUCH)",,,,,,,,0,,
6731,2,14,RandomK,45,61,16,1,"Freeze","Freeze(CCW,7)",,,,,,,,0,,
6731,2,14,RandomK,45,67,17,1,"Hit","Hit(CCW,9,MIDDLE)",,,,,,,,0,,
6731,2,14,RandomK,45,70,18,1,"Freeze","Freeze(CW,9)",,,,,,,,0,,
6731,2,14,RandomK,45,71,19,1,"Freeze","Freeze(CCW,9)",,,,,,,,0,,
6731,2,14,RandomK,45,82,20,1,"Hit","Hit(CW,13,TOUCH)",,,,,,,,0,,
6731,2,14,RandomK,45,87,21,1,"Hit","Hit(CCW,13,MIDDLE)",,,,,,,,0,,
6731,2,14,RandomK,45,89,22,1,"Hit","Hit(CCW,13,STRONG)",,,,,,,,0,,
6731,2,14,RandomK,45,107,23,1,"PostGuard","PostGuard(CCW,6,1)",,,,,,,,0,,
6731,2,14,RandomK,45,124,24,1,"PostGuard","PostGuard(CW,12,1)",,,,,,,,0,,
6731,2,14,RandomK,45,127,25,1,"PostGuard","PostGuard(CCW,12,2)",,,,,,,,0,,
4185,2,14,RandomK,45,3,0,1,"Draw","Draw(CCW,S0)",,,,,,,,0,,
4185,2,14,RandomK,45,6,1,1,"Draw","Draw(CW,S4)",,,,,,,,0,,
4185,2,14,RandomK,45,7,2,1,"Draw","Draw(CCW,S4)",,,,,,,,0,,
4185,2,14,RandomK,45,10,3,1,"Draw","Draw(CW,L0)",,,,,,,,0,,
4185,2,14,RandomK,45,26,4,1,"PreGuard","PreGuard(CW,G3)",,,,,,,,0,,
4185,2,14,RandomK,45,30,5,1,"PreGuard","PreGuard(CW,G5)",,,,,,,,0,,
4185,2,14,RandomK,45,32,6,1,"Hit","Hit(CW,5,TOUCH)",,,,,,,,0,,
4185,2,14,RandomK,45,45,7,1,"Hit","Hit(CCW,11,WEAK)",,,,,,,,0,,
4185,2,14,RandomK,45,46,8,1,"Hit","Hit(CW,11,MIDDLE)",,,,,,,,0,,
4185,2,14,RandomK,45,56,9,1,"Hit","Hit(CW,13,MIDDLE)",,,,,,,,0,,
4185,2,14,RandomK,45,57,10,1,"Hit","Hit(CCW,13,MIDDLE)",,,,,,,,0,,
4185,2,14,RandomK,45,58,11,1,"Hit","Hit(CW,13,STRONG)",,,,,,,,0,,
4185,2,14,RandomK,45,67,12,1,"PostGuard","PostGuard(CCW,0,2)",,,,,,,,0,,
4185,2,14,RandomK,45,68,13,1,"PostGuard","PostGuard(CW,6,0)",,,,,,,,0,,
4185,2,14,RandomK,45,70,14,1,"PostGuard","PostGuard(CW,6,1)",,,,,,,,0,,
4185,2,14,RandomK,45,75,15,1,"PostGuard","PostGuard(CCW,10,0)",,,,,,,,0,,
4185,2,14,RandomK,45,80,16,1,"PostGuard","PostGuard(CW,12,0)",,,,,,,,0,,
4185,2,14,RandomK,45,83,17,1,"PostGuard","PostGuard(CCW,12,1)",,,,,,,,0,,
7344,3,13,RandomK,45,1,0,1,"Draw","Draw(CCW,TEE)",,,,,,,,0,,
7344,3,13,RandomK,45,2,1,1,"Draw","Draw(CW,S0)",,,,,,,,0,,
7344,3,13,RandomK,45,5,2,1,"Draw","Draw(CCW,S2)",,,,,,,,0,,
7344,3,13,RandomK,45,14,3,1,"Draw","Draw(CW,L2)",,,,,,,,0,,
7344,3,13,RandomK,45,24,4,1,"Draw","Draw(CW,L7)",,,,,,,,0,,
7344,3,13,RandomK,45,25,5,1,"Draw","Draw(CCW,L7)",,,,,,,,0,,
7344,3,13,RandomK,45,26,6,1,"PreGuard","PreGuard(CW,G3)",,,,,,,,0,,
7344,3,13,RandomK,45,28,7,1,"PreGuard","PreGuard(CW,G4)",,,,,,,,0,,
7344,3,13,RandomK,45,31,8,1,"PreGuard","PreGuard(CCW,G5)",,,,,,,,0,,
7344,3,13,RandomK,45,36,9,1,"Hit","Hit(CW,0,MIDDLE)",,,,,,,,0,,
7344,3,13,RandomK,45,37,10,1,"Hit","Hit(CCW,0,MIDDLE)",,,,,,,,0,,
7344,3,13,RandomK,45,45,11,1,"Hit","Hit(CCW,6,WEAK)",,,,,,,,0,,
7344,3,13,RandomK,45,49,12,1,"Hit","Hit(CCW,6,STRONG)",,,,,,,,0,,
7344,3,13,RandomK,45,58,13,1,"Hit","Hit(CW,8,STRONG)",,,,,,,,0,,
7344,3,13,RandomK,45,64,14,1,"Hit","Hit(CW,10,WEAK)",,,,,,,,0,,
7344,3,13,RandomK,45,69,15,1,"Hit","Hit(CCW,10,STRONG)",,,,,,,,0,,
7344,3,13,RandomK,45,74,16,1,"PostGuard","PostGuard(CW,9,1)",,,,,,,,0,,
7344,3,13,RandomK,45,83,17,1,"PostGuard","PostGuard(CCW,11,2)",,,,,,,,0,,
7344,3,13,RandomK,45,89,18,1,"PostGuard","PostGuard(CCW,13,2)",,,,,,,,0,,
3529,5,12,RandomK,45,3,0,1,"Draw","Draw(CCW,S0)",,,,,,,,0,,
3529,5,12,RandomK,45,4,1,1,"Draw","Draw(CW,S2)",,,,,,,,0,,
3529,5,12,RandomK,45,6,2,1,"Draw","Draw(CW,S4)",,,,,,,,0,,
3529,5,12,RandomK,45,12,3,1,"Draw","Draw(CW,L1)",,,,,,,,0,,
3529,5,12,RandomK,45,22,4,1,"Draw","Draw(CW,L6)",,,,,,,,0,,
3529,5,12,RandomK,45,25,5,1,"Draw","Draw(CCW,L7)",,,,,,,,0,,
3529,5,12,RandomK,45,26,6,1,"PreGuard","PreGuard(CW,G3)",,,,,,,,0,,
3529,5,12,RandomK,45,31,7,1,"PreGuard","PreGuard(CCW,G5)",,,,,,,,0,,
3529,5,12,RandomK,45,32,8,1,"Hit","Hit(CW,3,MIDDLE)",,,,,,,,0,,
3529,5,12,RandomK,45,35,9,1,"Hit","Hit(CCW,3,STRONG)",,,,,,,,0,,
3529,5,12,RandomK,45,37,10,1,"Hit","Hit(CCW,9,TOUCH)",,,,,,,,0,,
3529,5,12,RandomK,45,38,11,1,"Hit","Hit(CW,9,WEAK)",,,,,,,,0,,
3529,5,12,RandomK,45,47,12,1,"Hit","Hit(CCW,11,TOUCH)",,,,,,,,0,,
3529,5,12,RandomK,45,49,13,1,"Hit","Hit(CCW,11,WEAK)",,,,,,,,0,,
3529,5,12,RandomK,45,53,14,1,"Hit","Hit(CCW,11,STRONG)",,,,,,,,0,,
3529,5,12,RandomK,45,58,15,1,"PostGuard","PostGuard(CW,2,1)",,,,,,,,0,,
3529,5,12,RandomK,45,67,16,1,"PostGuard","PostGuard(CCW,4,2)",,,,,,,,0,,
3529,5,12,RandomK,45,74,17,1,"PostGuard","PostGuard(CW,8,0)",,,,,,,,0,,
7293,1,13,RandomK,45,4,0,1,"Draw","Draw(CW,S2)",,,,,,,,0,,
7293,1,13,RandomK,45,7,1,1,"Draw","Draw(CCW,S4)",,,,,,,,0,,
7293,1,13,RandomK,45,9,2,1,"Draw","Draw(CCW,S6)",,,,,,,,0,,
7293,1,13,RandomK,45,15,3,1,"Draw","Draw(CCW,L2)",,,,,,,,0,,
7293,1,13,RandomK,45,16,4,1,"Draw","Draw(CW,L3)",,,,,,,,0,,
7293,1,13,RandomK,45,21,5,1,"Draw","Draw(CCW,L5)",,,,,,,,0,,
7293,1,13,RandomK,45,23,6,1,"Draw","Draw(CCW,L6)",,,,,,,,0,,
7293,1,13,RandomK,45,30,7,1,"PreGuard","PreGuard(CW,G5)",,,,,,,,0,,
7293,1,13,RandomK,45,31,8,1,"PreGuard","PreGuard(CCW,G5)",,,,,,,,0,,
7293,1,13,RandomK,45,46,9,1,"Hit","Hit(CW,6,MIDDLE)",,,,,,,,0,,
7293,1,13,RandomK,45,53,10,1,"Hit","Hit(CCW,8,TOUCH)",,,,,,,,0,,
7293,1,13,RandomK,45,54,11,1,"Hit","Hit(CW,8,WEAK)",,,,,,,,0,,
7293,1,13,RandomK,45,61,12,1,"Freeze","Freeze(CCW,8)",,,,,,,,0,,
7293,1,13,RandomK,45,64,13,1,"Hit","Hit(CW,10,WEAK)",,,,,,,,0,,
7293,1,13,RandomK,45,68,14,1,"Hit","Hit(CW,10,STRONG)",,,,,,,,0,,
7293,1,13,RandomK,45,73,15,1,"PostGuard","PostGuard(CCW,3,0)",,,,,,,,0,,
7293,1,13,RandomK,45,80,16,1,"PostGuard","PostGuard(CW,5,1)",,,,,,,,0,,
7293,1,13,RandomK,45,83,17,1,"PostGuard","PostGuard(CCW,5,2)",,,,,,,,0,,
7293,1,13,RandomK,45,90,18,1,"PostGuard","PostGuard(CW,11,0)",,,,,,,,0,,
7293,1,13,RandomK,45,91,19,1,"PostGuard","PostGuard(CCW,11,0)",,,,,,,,0,,
7293,1,13,RandomK,45,102,20,1,"Pass","Pass",,,,,,,,0,,
3407,2,12,RandomK,45,2,0,1,"Draw","Draw(CW,S0)",,,,,,,,0,,
3407,2,12,RandomK,45,3,1,1,"Draw","Draw(CCW,S0)",,,,,,,,0,,
3407,2,12,RandomK,45,16,2,1,"Draw","Draw(CW,L3)",,,,,,,,0,,
3407,2,12,RandomK,45,17,3,1,"Draw","Draw(CCW,L3)",,,,,,,,0,,
3407,2,12,RandomK,45,18,4,1,"Draw","Draw(CW,L4)",,,,,,,,0,,
3407,2,12,RandomK,45,21,5,1,"Draw","Draw(CCW,L5)",,,,,,,,0,,
3407,2,12,RandomK,45,22,6,1,"Draw","Draw(CW,L6)",,,,,,,,0,,
3407,2,12,RandomK,45,29,7,1,"PreGuard","PreGuard(CCW,G4)",,,,,,,,0,,
3407,2,12,RandomK,45,33,8,1,"Hit","Hit(CCW,3,TOUCH)",,,,,,,,0,,
3407,2,12,RandomK,45,42,9,1,"Hit","Hit(CW,7,TOUCH)",,,,,,,,0,,
3407,2,12,RandomK,45,46,10,1,"Hit","Hit(CW,7,MIDDLE)",,,,,,,,0,,
3407,2,12,RandomK,45,55,11,1,"Hit","Hit(CCW,9,WEAK)",,,,,,,,0,,
3407,2,12,RandomK,45,64,12,1,"Hit","Hit(CW,11,WEAK)",,,,,,,,0,,
3407,2,12,RandomK,45,68,13,1,"Hit","Hit(CW,11,STRONG)",,,,,,,,0,,
3407,2,12,RandomK,45,70,14,1,"Freeze","Freeze(CW,11)",,,,,,,,0,,
3407,2,12,RandomK,45,80,15,1,"PostGuard","PostGuard(CW,6,1)",,,,,,,,0,,
3407,2,12,RandomK,45,85,16,1,"PostGuard","PostGuard(CCW,8,0)",,,,,,,,0,,
3407,2,12,RandomK,45,86,17,1,"PostGuard","PostGuard(CW,8,1)",,,,,,,,0,,
3407,2,12,RandomK,45,93,18,1,"PostGuard","PostGuard(CCW,10,1)",,,,,,,,0,,
3407,2,12,RandomK,45,96,19,1,"Pass","Pass",,,,,,,,0,,
8160,6,13,RandomK,45,2,0,1,"Draw","Draw(CW,S0)",,,,,,,,0,,
8160,6,13,RandomK,45,11,1,1,"Draw","Draw(CCW,L0)",,,,,,,,0,,
8160,6,13,RandomK,45,17,2,1,"Draw","Draw(CCW,L3)",,,,,,,,0,,
8160,6,13,RandomK,45,20,3,1,"Draw","Draw(CW,L5)",,,,,,,,0,,
8160,6,13,RandomK,45,32,4,1,"Hit","Hit(CW,2,TOUCH)",,,,,,,,0,,
8160,6,13,RandomK,45,34,5,1,"Hit","Hit(CW,2,WEAK)",,,,,,,,0,,
8160,6,13,RandomK,45,38,6,1,"Hit","Hit(CW,2,STRONG)",,,,,,,,0,,
8160,6,13,RandomK,45,39,7,1,"Hit","Hit(CCW,2,STRONG)",,,,,,,,0,,
8160,6,13,RandomK,45,42,8,1,"Hit","Hit(CW,4,TOUCH)",,,,,,,,0,,
8160,6,13,RandomK,45,44,9,1,"Hit","Hit(CW,4,WEAK)",,,,,,,,0,,
8160,6,13,RandomK,45,54,10,1,"Hit","Hit(CW,6,WEAK)",,,,,,,,0,,
8160,6,13,RandomK,45,63,11,1,"Hit","Hit(CCW,8,TOUCH)",,,,,,,,0,,
8160,6,13,RandomK,45,65,12,1,"Hit","Hit(CCW,8,WEAK)",,,,,,,,0,,
8160,6,13,RandomK,45,70,13,1,"Freeze","Freeze(CW,8)",,,,,,,,0,,
8160,6,13,RandomK,45,78,14,1,"Hit","Hit(CW,10,STRONG)",,,,,,,,0,,
8160,6,13,RandomK,45,81,15,1,"Freeze","Freeze(CCW,10)",,,,,,,,0,,
8160,6,13,RandomK,45,82,16,1,"PostGuard","PostGuard(CW,1,0)",,,,,,,,0,,
8160,6,13,RandomK,45,85,17,1,"PostGuard","PostGuard(CCW,1,1)",,,,,,,,0,,
8160,6,13,RandomK,45,92,18,1,"PostGuard","PostGuard(CW,3,2)",,,,,,,,0,,
8160,6,13,RandomK,45,103,19,1,"PostGuard","PostGuard(CCW,7,1)",,,,,,,,0,,
8160,6,13,RandomK,45,105,20,1,"PostGuard","PostGuard(CCW,7,2)",,,,,,,,0,,
8160,6,13,RandomK,45,107,21,1,"PostGuard","PostGuard(CCW,9,0)",,,,,,,,0,,
8160,6,13,RandomK,45,111,22,1,"PostGuard","PostGuard(CCW,9,2)",,,,,,,,0,,
8160,6,13,RandomK,45,120,23,1,"PostGuard","PostGuard(CW,13,1)",,,,,,,,0,,
8160,6,13,RandomK,45,124,24,1,"Pass","Pass",,,,,,,,0,,
8793,3,13,RandomK,45,1,0,1,"Draw","Draw(CCW,TEE)",,,,,,,,0,,
8793,3,13,RandomK,45,2,1,1,"Draw","Draw(CW,S0)",,,,,,,,0,,
8793,3,13,RandomK,45,5,2,1,"Draw","Draw(CCW,S2)",,,,,,,,0,,
8793,3,13,RandomK,45,11,3,1,"Draw","Draw(CCW,L0)",,,,,,,,0,,
8793,3,13,RandomK,45,18,4,1,"Draw","Draw(CW,L4)",,,,,,,,0,,
8793,3,13,RandomK,45,19,5,1,"Draw","Draw(CCW,L4)",,,,,,,,0,,
8793,3,13,RandomK,45,22,6,1,"Draw","Draw(CW,L6)",,,,,,,,0,,
8793,3,13,RandomK,45,34,7,1,"Hit","Hit(CW,0,WEAK)",,,,,,,,0,,
8793,3,13,RandomK,45,41,8,1,"Freeze","Freeze(CCW,0)",,,,,,,,0,,
8793,3,13,RandomK,45,42,9,1,"Hit","Hit(CW,4,TOUCH)",,,,,,,,0,,
8793,3,13,RandomK,45,43,10,1,"Hit","Hit(CCW,4,TOUCH)",,,,,,,,0,,
8793,3,13,RandomK,45,54,11,1,"Hit","Hit(CW,6,WEAK)",,,,,,,,0,,
8793,3,13,RandomK,45,56,12,1,"Hit","Hit(CW,6,MIDDLE)",,,,,,,,0,,
8793,3,13,RandomK,45,61,13,1,"Freeze","Freeze(CCW,6)",,,,,,,,0,,
8793,3,13,RandomK,45,65,14,1,"Hit","Hit(CCW,10,WEAK)",,,,,,,,0,,
8793,3,13,RandomK,45,75,15,1,"Hit","Hit(CCW,12,WEAK)",,,,,,,,0,,
8793,3,13,RandomK,45,78,16,1,"Hit","Hit(CW,12,STRONG)",,,,,,,,0,,
8793,3,13,RandomK,45,82,17,1,"PostGuard","PostGuard(CW,3,0)",,,,,,,,0,,
8793,3,13,RandomK,45,86,18,1,"PostGuard","PostGuard(CW,3,2)",,,,,,,,0,,
8793,3,13,RandomK,45,92,19,1,"PostGuard","PostGuard(CW,5,2)",,,,,,,,0,,
8793,3,13,RandomK,45,93,20,1,"PostGuard","PostGuard(CCW,5,2)",,,,,,,,0,,
8793,3,13,RandomK,45,95,21,1,"PostGuard","PostGuard(CCW,9,0)",,,,,,,,0,,
2330,3,14,RandomK,45,4,0,1,"Draw","Draw(CW,S2)",,,,,,,,0,,
2330,3,14,RandomK,45,12,1,1,"Draw","Draw(CW,L1)",,,,,,,,0,,
2330,3,14,RandomK,45,16,2,1,"Draw","Draw(CW,L3)",,,,,,,,0,,
2330,3,14,RandomK,45,23,3,1,"Draw","Draw(CCW,L6)",,,,,,,,0,,
2330,3,14,RandomK,45,25,4,1,"Draw","Draw(CCW,L7)",,,,,,,,0,,
2330,3,14,RandomK,45,27,5,1,"PreGuard","PreGuard(CCW,G3)",,,,,,,,0,,
2330,3,14,RandomK,45,29,6,1,"PreGuard","PreGuard(CCW,G4)",,,,,,,,0,,
2330,3,14,RandomK,45,30,7,1,"PreGuard","PreGuard(CW,G5)",,,,,,,,0,,
2330,3,14,RandomK,45,44,8,1,"Hit","Hit(CW,3,WEAK)",,,,,,,,0,,
2330,3,14,RandomK,45,46,9,1,"Hit","Hit(CW,3,MIDDLE)",,,,,,,,0,,
2330,3,14,RandomK,45,50,10,1,"Freeze","Freeze(CW,3)",,,,,,,,0,,
2330,3,14,RandomK,45,53,11,1,"Hit","Hit(CCW,5,TOUCH)",,,,,,,,0,,
2330,3,14,RandomK,45,54,12,1,"Hit","Hit(CW,5,WEAK)",,,,,,,,0,,
2330,3,14,RandomK,45,55,13,1,"Hit","Hit(CCW,5,WEAK)",,,,,,,,0,,
2330,3,14,RandomK,45,61,14,1,"Freeze","Freeze(CCW,5)",,,,,,,,0,,
2330,3,14,RandomK,45,77,15,1,"Hit","Hit(CCW,9,MIDDLE)",,,,,,,,0,,
2330,3,14,RandomK,45,82,16,1,"Hit","Hit(CW,11,TOUCH)",,,,,,,,0,,
2330,3,14,RandomK,45,85,17,1,"Hit","Hit(CCW,11,WEAK)",,,,,,,,0,,
2330,3,14,RandomK,45,91,18,1,"Freeze","Freeze(CCW,11)",,,,,,,,0,,
2330,3,14,RandomK,45,93,19,1,"Hit","Hit(CCW,13,TOUCH)",,,,,,,,0,,
2330,3,14,RandomK,45,95,20,1,"Hit","Hit(CCW,13,WEAK)",,,,,,,,0,,
2330,3,14,RandomK,45,99,21,1,"Hit","Hit(CCW,13,STRONG)",,,,,,,,0,,
2330,3,14,RandomK,45,106,22,1,"PostGuard","PostGuard(CW,0,2)",,,,,,,,0,,
2330,3,14,RandomK,45,107,23,1,"PostGuard","PostGuard(CCW,0,2)",,,,,,,,0,,
2330,3,14,RandomK,45,117,24,1,"PostGuard","PostGuard(CCW,4,1)",,,,,,,,0,,
2330,3,14,RandomK,45,120,25,1,"PostGuard","PostGuard(CW,6,0)",,,,,,,,0,,
2330,3,14,RandomK,45,135,26,1,"PostGuard","PostGuard(CCW,10,1)",,,,,,,,0,,
2330,3,14,RandomK,45,137,27,1,"PostGuard","PostGuard(CCW,10,2)",,,,,,,,0,,
2330,3,14,RandomK,45,140,28,1,"PostGuard","PostGuard(CW,12,1)",,,,,,,,0,,
4096,6,12,RandomK,45,1,0,1,"Draw","Draw(CCW,TEE)",,,,,,,,0,,
4096,6,12,RandomK,45,4,1,1,"Draw","Draw(CW,S2)",,,,,,,,0,,
4096,6,12,RandomK,45,9,2,1,"Draw","Draw(CCW,S6)",,,,,,,,0,,
4096,6,12,RandomK,45,12,3,1,"Draw","Draw(CW,L1)",,,,,,,,0,,
4096,6,12,RandomK,45,18,4,1,"Draw","Draw(CW,L4)",,,,,,,,0,,
4096,6,12,RandomK,45,19,5,1,"Draw","Draw(CCW,L4)",,,,,,,,0,,
4096,6,12,RandomK,45,26,6,1,"PreGuard","PreGuard(CW,G3)",,,,,,,,0,,
4096,6,12,RandomK,45,27,7,1,"PreGuard","PreGuard(CCW,G3)",,,,,,,,0,,
4096,6,12,RandomK,45,32,8,1,"Hit","Hit(CW,5,TOUCH)",,,,,,,,0,,
4096,6,12,RandomK,45,39,9,1,"Hit","Hit(CCW,5,STRONG)",,,,,,,,0,,
4096,6,12,RandomK,45,56,10,1,"Hit","Hit(CW,9,MIDDLE)",,,,,,,,0,,
4096,6,12,RandomK,45,58,11,1,"Hit","Hit(CW,9,STRONG)",,,,,,,,0,,
4096,6,12,RandomK,45,60,12,1,"Freeze","Freeze(CW,9)",,,,,,,,0,,
4096,6,12,RandomK,45,63,13,1,"Hit","Hit(CCW,11,TOUCH)",,,,,,,,0,,
4096,6,12,RandomK,45,73,14,1,"PostGuard","PostGuard(CCW,0,0)",,,,,,,,0,,
4096,6,12,RandomK,45,79,15,1,"PostGuard","PostGuard(CCW,2,0)",,,,,,,,0,,
4096,6,12,RandomK,45,82,16,1,"PostGuard","PostGuard(CW,2,2)",,,,,,,,0,,
4096,6,12,RandomK,45,86,17,1,"PostGuard","PostGuard(CW,8,1)",,,,,,,,0,,
4096,6,12,RandomK,45,87,18,1,"PostGuard","PostGuard(CCW,8,1)",,,,,,,,0,,
4096,6,12,RandomK,45,88,19,1,"PostGuard","PostGuard(CW,8,2)",,,,,,,,0,,
858,1,13,RandomK,45,1,0,1,"Draw","Draw(CCW,TEE)",,,,,,,,0,,
858,1,13,RandomK,45,3,1,1,"Draw","Draw(CCW,S0)",,,,,,,,0,,
858,1,13,RandomK,45,5,2,1,"Draw","Draw(CCW,S2)",,,,,,,,0,,
858,1,13,RandomK,45,16,3,1,"Draw","Draw(CW,L3)",,,,,,,,0,,
858,1,13,RandomK,45,17,4,1,"Draw","Draw(CCW,L3)",,,,,,,,0,,
858,1,13,RandomK,45,18,5,1,"Draw","Draw(CW,L4)",,,,,,,,0,,
858,1,13,RandomK,45,30,6,1,"PreGuard","PreGuard(CW,G5)",,,,,,,,0,,
858,1,13,RandomK,45,39,7,1,"Hit","Hit(CCW,0,STRONG)",,,,,,,,0,,
858,1,13,RandomK,45,40,8,1,"Freeze","Freeze(CW,0)",,,,,,,,0,,
858,1,13,RandomK,45,47,9,1,"Hit","Hit(CCW,4,MIDDLE)",,,,,,,,0,,
858,1,13,RandomK,45,49,10,1,"Hit","Hit(CCW,4,STRONG)",,,,,,,,0,,
858,1,13,RandomK,45,52,11,1,"Hit","Hit(CW,6,TOUCH)",,,,,,,,0,,
858,1,13,RandomK,45,55,12,1,"Hit","Hit(CCW,6,WEAK)",,,,,,,,0,,
858,1,13,RandomK,45,61,13,1,"Freeze","Freeze(CCW,6)",,,,,,,,0,,
858,1,13,RandomK,45,71,14,1,"Freeze","Freeze(CCW,8)",,,,,,,,0,,
858,1,13,RandomK,45,78,15,1,"Hit","Hit(CW,10,STRONG)",,,,,,,,0,,
858,1,13,RandomK,45,79,16,1,"Hit","Hit(CCW,10,STRONG)",,,,,,,,0,,
858,1,13,RandomK,45,89,17,1,"PostGuard","PostGuard(CCW,5,0)",,,,,,,,0,,
858,1,13,RandomK,45,97,18,1,"PostGuard","PostGuard(CCW,7,1)",,,,,,,,0,,
858,1,13,RandomK,45,98,19,1,"PostGuard","PostGuard(CW,7,2)",,,,,,,,0,,
858,1,13,RandomK,45,104,20,1,"PostGuard","PostGuard(CW,9,2)",,,,,,,,0,,
858,1,13,RandomK,45,105,21,1,"PostGuard","PostGuard(CCW,9,2)",,,,,,,,0,,
858,1,13,RandomK,45,111,22,1,"PostGuard","PostGuard(CCW,11,2)",,,,,,,,0,,
858,1,13,RandomK,45,113,23,1,"ComeAround","ComeAround(CCW,13,0)",,,,,,,,0,,
7433,0,13,RandomK,45,9,0,1,"Draw","Draw(CCW,S6)",,,,,,,,0,,
7433,0,13,RandomK,45,10,1,1,"Draw","Draw(CW,L0)",,,,,,,,0,,
7433,0,13,RandomK,45,11,2,1,"Draw","Draw(CCW,L0)",,,,,,,,0,,
7433,0,13,RandomK,45,22,3,1,"Draw","Draw(CW,L6)",,,,,,,,0,,
7433,0,13,RandomK,45,27,4,1,"PreGuard","PreGuard(CCW,G3)",,,,,,,,0,,
7433,0,13,RandomK,45,36,5,1,"Hit","Hit(CW,0,MIDDLE)",,,,,,,,0,,
7433,0,13,RandomK,45,49,6,1,"Hit","Hit(CCW,4,STRONG)",,,,,,,,0,,
7433,0,13,RandomK,45,58,7,1,"Hit","Hit(CW,6,STRONG)",,,,,,,,0,,
7433,0,13,RandomK,45,67,8,1,"Hit","Hit(CCW,8,MIDDLE)",,,,,,,,0,,
7433,0,13,RandomK,45,71,9,1,"Freeze","Freeze(CCW,8)",,,,,,,,0,,
7433,0,13,RandomK,45,72,10,1,"Hit","Hit(CW,10,TOUCH)",,,,,,,,0,,
7433,0,13,RandomK,45,75,11,1,"Hit","Hit(CCW,10,WEAK)",,,,,,,,0,,
7433,0,13,RandomK,45,78,12,1,"Hit","Hit(CW,10,STRONG)",,,,,,,,0,,
7433,0,13,RandomK,45,79,13,1,"Hit","Hit(CCW,10,STRONG)",,,,,,,,0,,
7433,0,13,RandomK,45,82,14,1,"Hit","Hit(CW,12,TOUCH)",,,,,,,,0,,
7433,0,13,RandomK,45,85,15,1,"Hit","Hit(CCW,12,WEAK)",,,,,,,,0,,
7433,0,13,RandomK,45,86,16,1,"Hit","Hit(CW,12,MIDDLE)",,,,,,,,0,,
7433,0,13,RandomK,45,87,17,1,"Hit","Hit(CCW,12,MIDDLE)",,,,,,,,0,,
7433,0,13,RandomK,45,101,18,1,"PostGuard","PostGuard(CCW,3,1)",,,,,,,,0,,
7433,0,13,RandomK,45,108,19,1,"PostGuard","PostGuard(CW,5,2)",,,,,,,,0,,
7433,0,13,RandomK,45,112,20,1,"PostGuard","PostGuard(CW,7,1)",,,,,,,,0,,
7433,0,13,RandomK,45,116,21,1,"PostGuard","PostGuard(CW,9,0)",,,,,,,,0,,
7433,0,13,RandomK,45,117,22,1,"PostGuard","PostGuard(CCW,9,0)",,,,,,,,0,,
7433,0,13,RandomK,45,123,23,1,"PostGuard","PostGuard(CCW,11,0)",,,,,,,,0,,
7433,0,13,RandomK,45,124,24,1,"PostGuard","PostGuard(CW,11,1)",,,,,,,,0,,
7433,0,13,RandomK,45,126,25,1,"PostGuard","PostGuard(CW,11,2)",,,,,,,,0,,
5784,1,12,RandomK,45,0,0,1,"Draw","Draw(CW,TEE)",,,,,,,,0,,
5784,1,12,RandomK,45,3,1,1,"Draw","Draw(CCW,S0)",,,,,,,,0,,
5784,1,12,RandomK,45,7,2,1,"Draw","Draw(CCW,S4)",,,,,,,,0,,
5784,1,12,RandomK,45,12,3,1,"Draw","Draw(CW,L1)",,,,,,,,0,,
5784,1,12,RandomK,45,15,4,1,"Draw","Draw(CCW,L2)",,,,,,,,0,,
5784,1,12,RandomK,45,16,5,1,"Draw","Draw(CW,L3)",,,,,,,,0,,
5784,1,12,RandomK,45,25,6,1,"Draw","Draw(CCW,L7)",,,,,,,,0,,
5784,1,12,RandomK,45,29,7,1,"PreGuard","PreGuard(CCW,G4)",,,,,,,,0,,
5784,1,12,RandomK,45,38,8,1,"Hit","Hit(CW,1,STRONG)",,,,,,,,0,,
5784,1,12,RandomK,45,48,9,1,"Hit","Hit(CW,9,STRONG)",,,,,,,,0,,
5784,1,12,RandomK,45,51,10,1,"Freeze","Freeze(CCW,9)",,,,,,,,0,,
5784,1,12,RandomK,45,52,11,1,"Hit","Hit(CW,11,TOUCH)",,,,,,,,0,,
5784,1,12,RandomK,45,53,12,1,"Hit","Hit(CCW,11,TOUCH)",,,,,,,,0,,
5784,1,12,RandomK,45,55,13,1,"Hit","Hit(CCW,11,WEAK)",,,,,,,,0,,
5784,1,12,RandomK,45,56,14,1,"Hit","Hit(CW,11,MIDDLE)",,,,,,,,0,,
5784,1,12,RandomK,45,65,15,1,"PostGuard","PostGuard(CCW,0,1)",,,,,,,,0,,
5784,1,12,RandomK,45,71,16,1,"PostGuard","PostGuard(CCW,4,1)",,,,,,,,0,,
5784,1,12,RandomK,45,72,17,1,"PostGuard","PostGuard(CW,4,2)",,,,,,,,0,,
5784,1,12,RandomK,45,78,18,1,"PostGuard","PostGuard(CW,6,2)",,,,,,,,0,,
7848,5,13,RandomK,45,6,0,1,"Draw","Draw(CW,S4)",,,,,,,,0,,
7848,5,13,RandomK,45,9,1,1,"Draw","Draw(CCW,S6)",,,,,,,,0,,
7848,5,13,RandomK,45,22,2,1,"Draw","Draw(CW,L6)",,,,,,,,0,,
7848,5,13,RandomK,45,25,3,1,"Draw","Draw(CCW,L7)",,,,,,,,0,,
7848,5,13,RandomK,45,30,4,1,"PreGuard","PreGuard(CW,G5)",,,,,,,,0,,
7848,5,13,RandomK,45,32,5,1,"Hit","Hit(CW,2,TOUCH)",,,,,,,,0,,
7848,5,13,RandomK,45,40,6,1,"Freeze","Freeze(CW,2)",,,,,,,,0,,
7848,5,13,RandomK,45,45,7,1,"Hit","Hit(CCW,6,WEAK)",,,,,,,,0,,
7848,5,13,RandomK,45,54,8,1,"Hit","Hit(CW,8,WEAK)",,,,,,,,0,,
7848,5,13,RandomK,45,55,9,1,"Hit","Hit(CCW,8,WEAK)",,,,,,,,0,,
7848,5,13,RandomK,45,56,10,1,"Hit","Hit(CW,8,MIDDLE)",,,,,,,,0,,
7848,5,13,RandomK,45,60,11,1,"Freeze","Freeze(CW,8)",,,,,,,,0,,
7848,5,13,RandomK,45,63,12,1,"Hit","Hit(CCW,10,TOUCH)",,,,,,,,0,,
7848,5,13,RandomK,45,64,13,1,"Hit","Hit(CW,10,WEAK)",,,,,,,,0,,
7848,5,13,RandomK,45,66,14,1,"Hit","Hit(CW,10,MIDDLE)",,,,,,,,0,,
7848,5,13,RandomK,45,69,15,1,"Hit","Hit(CCW,10,STRONG)",,,,,,,,0,,
7848,5,13,RandomK,45,76,16,1,"PostGuard","PostGuard(CW,1,2)",,,,,,,,0,,
7848,5,13,RandomK,45,82,17,1,"PostGuard","PostGuard(CW,5,2)",,,,,,,,0,,
7848,5,13,RandomK,45,90,18,1,"PostGuard","PostGuard(CW,11,0)",,,,,,,,0,,
7848,5,13,RandomK,45,91,19,1,"PostGuard","PostGuard(CCW,11,0)",,,,,,,,0,,
7848,5,13,RandomK,45,101,20,1,"PostGuard","PostGuard(CCW,13,2)",,,,,,,,0,,
4599,4,13,RandomK,45,9,0,1,"Draw","Draw(CCW,S6)",,,,,,,,0,,
4599,4,13,RandomK,45,13,1,1,"Draw","Draw(CCW,L1)",,,,,,,,0,,
4599,4,13,RandomK,45,14,2,1,"Draw","Draw(CW,L2)",,,,,,,,0,,
4599,4,13,RandomK,45,15,3,1,"Draw","Draw(CCW,L2)",,,,,,,,0,,
4599,4,13,RandomK,45,20,4,1,"Draw","Draw(CW,L5)",,,,,,,,0,,
4599,4,13,RandomK,45,23,5,1,"Draw","Draw(CCW,L6)",,,,,,,,0,,
4599,4,13,RandomK,45,26,6,1,"PreGuard","PreGuard(CW,G3)",,,,,,,,0,,
4599,4,13,RandomK,45,28,7,1,"PreGuard","PreGuard(CW,G4)",,,,,,,,0,,
4599,4,13,RandomK,45,33,8,1,"Hit","Hit(CCW,2,TOUCH)",,,,,,,,0,,
4599,4,13,RandomK,45,37,9,1,"Hit","Hit(CCW,2,MIDDLE)",,,,,,,,0,,
4599,4,13,RandomK,45,38,10,1,"Hit","Hit(CW,2,STRONG)",,,,,,,,0,,
4599,4,13,RandomK,45,42,11,1,"Hit","Hit(CW,6,TOUCH)",,,,,,,,0,,
4599,4,13,RandomK,45,47,12,1,"Hit","Hit(CCW,6,MIDDLE)",,,,,,,,0,,
4599,4,13,RandomK,45,49,13,1,"Hit","Hit(CCW,6,STRONG)",,,,,,,,0,,
4599,4,13,RandomK,45,72,14,1,"PostGuard","PostGuard(CW,5,2)",,,,,,,,0,,
4599,4,13,RandomK,45,73,15,1,"PostGuard","PostGuard(CCW,5,2)",,,,,,,,0,,
4599,4,13,RandomK,45,74,16,1,"PostGuard","PostGuard(CW,9,0)",,,,,,,,0,,
4599,4,13,RandomK,45,78,17,1,"PostGuard","PostGuard(CW,9,2)",,,,,,,,0,,
4599,4,13,RandomK,45,79,18,1,"PostGuard","PostGuard(CCW,9,2)",,,,,,,,0,,
4599,4,13,RandomK,45,89,19,1,"PostGuard","PostGuard(CCW,13,1)",,,,,,,,0,,
3073,7,14,RandomK,45,3,0,1,"Draw","Draw(CCW,S0)",,,,,,,,0,,
3073,7,14,RandomK,45,5,1,1,"Draw","Draw(CCW,S2)",,,,,,,,0,,
3073,7,14,RandomK,45,10,2,1,"Draw","Draw(CW,L0)",,,,,,,,0,,
3073,7,14,RandomK,45,23,3,1,"Draw","Draw(CCW,L6)",,,,,,,,0,,
3073,7,14,RandomK,45,24,4,1,"Draw","Draw(CW,L7)",,,,,,,,0,,
3073,7,14,RandomK,45,30,5,1,"PreGuard","PreGuard(CW,G5)",,,,,,,,0,,
3073,7,14,RandomK,45,32,6,1,"Hit","Hit(CW,1,TOUCH)",,,,,,,,0,,
3073,7,14,RandomK,45,34,7,1,"Hit","Hit(CW,1,WEAK)",,,,,,,,0,,
3073,7,14,RandomK,45,47,8,1,"Hit","Hit(CCW,5,MIDDLE)",,,,,,,,0,,
3073,7,14,RandomK,45,50,9,1,"Freeze","Freeze(CW,5)",,,,,,,,0,,
3073,7,14,RandomK,45,55,10,1,"Hit","Hit(CCW,7,WEAK)",,,,,,,,0,,
3073,7,14,RandomK,45,66,11,1,"Hit","Hit(CW,9,MIDDLE)",,,,,,,,0,,
3073,7,14,RandomK,45,67,12,1,"Hit","Hit(CCW,9,MIDDLE)",,,,,,,,0,,
3073,7,14,RandomK,45,68,13,1,"Hit","Hit(CW,9,STRONG)",,,,,,,,0,,
3073,7,14,RandomK,45,75,14,1,"Hit","Hit(CCW,11,WEAK)",,,,,,,,0,,
3073,7,14,RandomK,45,79,15,1,"Hit","Hit(CCW,11,STRONG)",,,,,,,,0,,
3073,7,14,RandomK,45,84,16,1,"Hit","Hit(CW,13,WEAK)",,,,,,,,0,,
3073,7,14,RandomK,45,85,17,1,"Hit","Hit(CCW,13,WEAK)",,,,,,,,0,,
3073,7,14,RandomK,45,87,18,1,"Hit","Hit(CCW,13,MIDDLE)",,,,,,,,0,,
3073,7,14,RandomK,45,99,19,1,"PostGuard","PostGuard(CCW,4,0)",,,,,,,,0,,
3073,7,14,RandomK,45,100,20,1,"PostGuard","PostGuard(CW,4,1)",,,,,,,,0,,
3073,7,14,RandomK,45,107,21,1,"PostGuard","PostGuard(CCW,6,1)",,,,,,,,0,,
3073,7,14,RandomK,45,110,22,1,"PostGuard","PostGuard(CW,8,0)",,,,,,,,0,,
3073,7,14,RandomK,45,111,23,1,"PostGuard","PostGuard(CCW,8,0)",,,,,,,,0,,
3073,7,14,RandomK,45,122,24,1,"PostGuard","PostGuard(CW,12,0)",,,,,,,,0,,
3073,7,14,RandomK,45,128,25,1,"Pass","Pass",,,,,,,,0,,
8359,0,13,RandomK,45,10,0,1,"Draw","Draw(CW,L0)",,,,,,,,0,,
8359,0,13,RandomK,45,12,1,1,"Draw","Draw(CW,L1)",,,,,,,,0,,
8359,0,13,RandomK,45,13,2,1,"Draw","Draw(CCW,L1)",,,,,,,,0,,
8359,0,13,RandomK,45,16,3,1,"Draw","Draw(CW,L3)",,,,,,,,0,,
8359,0,13,RandomK,45,17,4,1,"Draw","Draw(CCW,L3)",,,,,,,,0,,
8359,0,13,RandomK,45,28,5,1,"PreGuard","PreGuard(CW,G4)",,,,,,,,0,,
8359,0,13,RandomK,45,30,6,1,"PreGuard","PreGuard(CW,G5)",,,,,,,,0,,
8359,0,13,RandomK,45,31,7,1,"PreGuard","PreGuard(CCW,G5)",,,,,,,,0,,
8359,0,13,RandomK,45,37,8,1,"Hit","Hit(CCW,2,MIDDLE)",,,,,,,,0,,
8359,0,13,RandomK,45,40,9,1,"Freeze","Freeze(CW,2)",,,,,,,,0,,
8359,0,13,RandomK,45,43,10,1,"Hit","Hit(CCW,4,TOUCH)",,,,,,,,0,,
8359,0,13,RandomK,45,52,11,1,"Hit","Hit(CW,6,TOUCH)",,,,,,,,0,,
8359,0,13,RandomK,45,58,12,1,"Hit","Hit(CW,6,STRONG)",,,,,,,,0,,
8359,0,13,RandomK,45,62,13,1,"Hit","Hit(CW,8,TOUCH)",,,,,,,,0,,
8359,0,13,RandomK,45,66,14,1,"Hit","Hit(CW,8,MIDDLE)",,,,,,,,0,,
8359,0,13,RandomK,45,68,15,1,"Hit","Hit(CW,8,STRONG)",,,,,,,,0,,
8359,0,13,RandomK,45,74,16,1,"Hit","Hit(CW,10,WEAK)",,,,,,,,0,,
8359,0,13,RandomK,45,75,17,1,"Hit","Hit(CCW,10,WEAK)",,,,,,,,0,,
8359,0,13,RandomK,45,79,18,1,"Hit","Hit(CCW,10,STRONG)",,,,,,,,0,,
8359,0,13,RandomK,45,88,19,1,"Hit","Hit(CW,12,STRONG)",,,,,,,,0,,
8359,0,13,RandomK,45,91,20,1,"Freeze","Freeze(CCW,12)",,,,,,,,0,,
8359,0,13,RandomK,45,98,21,1,"PostGuard","PostGuard(CW,9,0)",,,,,,,,0,,
8359,0,13,RandomK,45,106,22,1,"PostGuard","PostGuard(CW,11,1)",,,,,,,,0,,
1464,1,14,RandomK,45,0,0,1,"Draw","Draw(CW,TEE)",,,,,,,,0,,
1464,1,14,RandomK,45,1,1,1,"Draw","Draw(CCW,TEE)",,,,,,,,0,,
1464,1,14,RandomK,45,15,2,1,"Draw","Draw(CCW,L2)",,,,,,,,0,,
1464,1,14,RandomK,45,17,3,1,"Draw","Draw(CCW,L3)",,,,,,,,0,,
1464,1,14,RandomK,45,20,4,1,"Draw","Draw(CW,L5)",,,,,,,,0,,
1464,1,14,RandomK,45,24,5,1,"Draw","Draw(CW,L7)",,,,,,,,0,,
1464,1,14,RandomK,45,29,6,1,"PreGuard","PreGuard(CCW,G4)",,,,,,,,0,,
1464,1,14,RandomK,45,31,7,1,"PreGuard","PreGuard(CCW,G5)",,,,,,,,0,,
1464,1,14,RandomK,45,33,8,1,"Hit","Hit(CCW,1,TOUCH)",,,,,,,,0,,
1464,1,14,RandomK,45,40,9,1,"Freeze","Freeze(CW,1)",,,,,,,,0,,
1464,1,14,RandomK,45,50,10,1,"Freeze","Freeze(CW,3)",,,,,,,,0,,
1464,1,14,RandomK,45,59,11,1,"Hit","Hit(CCW,5,STRONG)",,,,,,,,0,,
1464,1,14,RandomK,45,64,12,1,"Hit","Hit(CW,7,WEAK)",,,,,,,,0,,
1464,1,14,RandomK,45,65,13,1,"Hit","Hit(CCW,7,WEAK)",,,,,,,,0,,
1464,1,14,RandomK,45,66,14,1,"Hit","Hit(CW,7,MIDDLE)",,,,,,,,0,,
1464,1,14,RandomK,45,69,15,1,"Hit","Hit(CCW,7,STRONG)",,,,,,,,0,,
1464,1,14,RandomK,45,72,16,1,"Hit","Hit(CW,9,TOUCH)",,,,,,,,0,,
1464,1,14,RandomK,45,75,17,1,"Hit","Hit(CCW,9,WEAK)",,,,,,,,0,,
1464,1,14,RandomK,45,77,18,1,"Hit","Hit(CCW,9,MIDDLE)",,,,,,,,0,,
1464,1,14,RandomK,45,79,19,1,"Hit","Hit(CCW,9,STRONG)",,,,,,,,0,,
1464,1,14,RandomK,45,81,20,1,"Freeze","Freeze(CCW,9)",,,,,,,,0,,
1464,1,14,RandomK,45,86,21,1,"Hit","Hit(CW,11,MIDDLE)",,,,,,,,0,,
1464,1,14,RandomK,45,95,22,1,"Hit","Hit(CCW,13,WEAK)",,,,,,,,0,,
1464,1,14,RandomK,45,102,23,1,"PostGuard","PostGuard(CW,4,0)",,,,,,,,0,,
1464,1,14,RandomK,45,103,24,1,"PostGuard","PostGuard(CCW,4,0)",,,,,,,,0,,
1464,1,14,RandomK,45,129,25,1,"PostGuard","PostGuard(CCW,12,1)",,,,,,,,0,,
1464,1,14,RandomK,45,130,26,1,"PostGuard","PostGuard(CW,12,2)",,,,,,,,0,,
