game_id,end,shot_num,method,depth,playouts,rollouts_per_visit,seed,candidate_idx,label,actual_total_sims,time_sec,arm,q_ref_mean,q_ref_sd,q_best,regret,q_adj,q_adj_best,regret_adj
7977,6,14,AllGrid,3,200,10,42,46,"Hit(CW,3,MIDDLE)",17586,1414.03,A1,-3.235,1.42119,-1.635,1.5999999999999999,-3.945595,-2.371845,1.57375
3926,6,11,AllGrid,3,200,10,42,39,"Hit(CCW,0,STRONG)",62324,3862.89,A1,-1.615,2.01166,0.425,2.04,-2.6208299999999998,-0.594115,2.026715
3883,1,14,AllGrid,3,200,10,42,0,"Draw(CW,TEE)",1014,53.7248,A1,-0.29,0.925149,-0.075,0.21499999999999997,-0.7525744999999999,-0.551806,0.2007684999999999
9222,7,5,AllGrid,3,200,10,42,17,"Draw(CCW,L3)",123674,4312.7,A1,1.315,2.00394,1.315,0.0,0.3130299999999999,0.33006500000000005,0.017035000000000133
7881,2,15,AllGrid,3,200,10,42,84,"Hit(CW,12,WEAK)",129,9.30965,A1,0.285,1.42961,1.72,1.435,-0.42980500000000005,0.6866099999999999,1.116415
6406,1,10,AllGrid,3,200,10,42,2,"Draw(CW,S0)",58176,2448.57,A1,-0.7,1.82757,-0.385,0.31499999999999995,-1.613785,-1.2389299999999999,0.37485500000000016
8452,5,15,AllGrid,3,200,10,42,34,"Hit(CW,0,WEAK)",153,13.7807,A1,1.32,0.6063,1.935,0.615,1.01685,1.8117370000000002,0.7948870000000001
1028,6,15,AllGrid,3,200,10,42,0,"Draw(CW,TEE)",151,13.5833,A1,0.77,0.668655,1.0,0.22999999999999998,0.4356725,1.0,0.5643275
2596,1,14,AllGrid,3,200,10,42,86,"Hit(CW,11,MIDDLE)",17420,1434.62,A1,0.65,1.72554,1.97,1.3199999999999998,-0.21277000000000001,1.7626545,1.9754245
4748,1,3,AllGrid,3,200,10,42,42,"PostGuard(CW,3,0)",157345,5608.91,A1,0.75,2.18804,0.985,0.235,-0.34402,0.04894999999999994,0.39296999999999993
9206,3,13,AllGrid,3,200,10,42,34,"Hit(CW,12,WEAK)",11157,705.979,A1,1.73,1.43774,1.73,0.0,1.01113,1.01113,0.0
5859,1,6,AllGrid,3,200,10,42,0,"Draw(CW,TEE)",117797,4710.57,A1,-0.015,1.98363,-0.015,0.0,-1.006815,-1.006815,0.0
6871,4,5,AllGrid,3,200,10,42,58,"PostGuard(CW,3,0)",133485,5275.3,A1,0.885,2.07889,1.32,0.43500000000000005,-0.15444499999999994,0.2883,0.44274499999999994
7163,3,13,AllGrid,3,200,10,42,63,"Hit(CCW,12,TOUCH)",22700,1439.19,A1,1.84,1.38723,2.465,0.6249999999999998,1.146385,1.7441,0.597715
5807,0,8,AllGrid,3,200,10,42,73,"PostGuard(CCW,4,2)",94985,4152.92,A1,-0.015,2.07238,0.03,0.045,-1.0511899999999998,-1.02227,0.028919999999999835
5567,2,15,AllGrid,3,200,10,42,0,"Draw(CW,TEE)",129,10.3853,A1,1.535,0.999387,1.93,0.395,1.0353065,1.7758085,0.740502
2507,3,11,AllGrid,3,200,10,42,43,"Hit(CCW,4,STRONG)",55506,3041.41,A1,0.45,1.86748,1.715,1.2650000000000001,-0.48374,0.6236950000000001,1.1074350000000002
7006,3,15,AllGrid,3,200,10,42,0,"Draw(CW,TEE)",145,13.706,A1,-1.0,0.0,-0.97,0.030000000000000027,-1.0,-1.0,0.0
1984,6,4,AllGrid,3,200,10,42,37,"Hit(CCW,1,MIDDLE)",144072,5499.66,A1,-0.645,1.87856,-0.31,0.335,-1.5842800000000001,-1.28004,0.30424000000000007
1845,7,14,AllGrid,3,200,10,42,48,"PostGuard(CW,12,0)",2935,189.284,A1,1.005,1.77904,1.44,0.43500000000000005,0.11547999999999992,0.6659849999999999,0.550505
5780,2,6,AllGrid,3,200,10,42,29,"PreGuard(CCW,G4)",112099,4151.28,A1,-0.51,1.86277,-0.375,0.135,-1.441385,-1.29075,0.15063499999999985
8645,7,5,AllGrid,3,200,10,42,34,"Hit(CW,0,WEAK)",133163,5392.52,A1,0.92,1.96306,0.92,0.0,-0.061529999999999974,-0.061529999999999974,0.0
6132,0,13,AllGrid,3,200,10,42,2,"Draw(CW,S0)",22968,1539.56,A1,1.915,1.33333,2.62,0.7050000000000001,1.248335,2.035705,0.7873700000000001
3339,4,10,AllGrid,3,200,10,42,43,"Hit(CCW,9,TOUCH)",63881,2856.6,A1,-0.705,1.9514,-0.305,0.39999999999999997,-1.6806999999999999,-1.19128,0.48941999999999997
3566,6,14,AllGrid,3,200,10,42,56,"Hit(CW,7,MIDDLE)",13524,1202.16,A1,0.34,1.21836,1.01,0.6699999999999999,-0.26918000000000003,1.0,1.26918
5523,3,9,AllGrid,3,200,10,42,55,"Hit(CCW,4,WEAK)",84080,4308.29,A1,0.74,1.9602,0.74,0.0,-0.24009999999999998,-0.24009999999999998,0.0
7015,5,14,AllGrid,3,200,10,42,46,"Hit(CW,3,MIDDLE)",17576,1564.76,A1,-3.285,0.820838,-1.135,2.1500000000000004,-3.6954190000000002,-2.098945,1.5964740000000002
743,7,3,AllGrid,3,200,10,42,1,"Draw(CCW,TEE)",158239,5897.8,A1,0.59,1.97532,0.98,0.39,-0.39766,-0.07272499999999993,0.3249350000000001
1014,4,15,AllGrid,3,200,10,42,10,"Draw(CW,L0)",61,3.33136,A1,3.325,1.27255,3.325,0.0,2.6887250000000003,2.6887250000000003,0.0
3900,0,10,AllGrid,3,200,10,42,38,"Hit(CW,9,STRONG)",57396,2369.1,A1,-0.275,1.67014,0.305,0.5800000000000001,-1.11007,-0.5656300000000001,0.5444399999999998
4543,6,5,AllGrid,3,200,10,42,6,"Draw(CW,S4)",133670,5298.96,A1,0.895,1.95805,1.09,0.19500000000000006,-0.08402500000000002,0.057780000000000165,0.14180500000000018
9231,5,14,AllGrid,3,200,10,42,7,"Draw(CCW,S4)",7737,538.021,A1,1.805,0.887116,2.025,0.21999999999999997,1.3614419999999998,1.620533,0.2590910000000002
1825,5,7,AllGrid,3,200,10,42,53,"PostGuard(CCW,1,0)",105656,4576.54,A1,0.865,2.16259,0.865,0.0,-0.2162949999999999,-0.21359499999999998,0.0026999999999999247
4062,4,15,AllGrid,3,200,10,42,35,"Hit(CCW,2,WEAK)",117,8.64169,A1,-1.275,0.824242,-0.475,0.7999999999999999,-1.6871209999999999,-1.42096,0.26616099999999987
9882,2,11,AllGrid,3,200,10,42,56,"Hit(CW,6,MIDDLE)",58524,3394.56,A1,0.37,1.68318,1.295,0.9249999999999999,-0.47158999999999995,0.2877799999999999,0.7593699999999999
2998,6,14,AllGrid,3,200,10,42,57,"Hit(CCW,5,MIDDLE)",17252,1549.1,A1,2.82,0.926067,2.895,0.07500000000000018,2.3569665,2.46373,0.10676350000000001
1555,2,3,AllGrid,3,200,10,42,18,"Draw(CW,L4)",159359,5815.36,A1,0.46,2.04167,1.1,0.6400000000000001,-0.560835,0.05477500000000002,0.61561
4372,4,14,AllGrid,3,200,10,42,0,"Draw(CW,TEE)",2176,122.616,A1,0.005,1.13357,0.095,0.09,-0.561785,-0.5266850000000001,0.03509999999999991
3732,7,7,AllGrid,3,200,10,42,21,"Draw(CCW,L5)",94018,3339.9,A1,0.44,1.94072,1.125,0.685,-0.5303599999999999,0.254745,0.7851049999999999
3858,5,5,AllGrid,3,200,10,42,40,"Freeze(CW,0)",134886,5580.05,A1,0.885,2.04494,0.885,0.0,-0.13746999999999998,-0.11504999999999999,0.022419999999999995
1938,0,14,AllGrid,3,200,10,42,46,"Hit(CW,11,MIDDLE)",7396,568.268,A1,-0.08,1.81207,1.43,1.51,-0.986035,0.9590015000000001,1.9450365
9112,3,9,AllGrid,3,200,10,42,55,"Hit(CCW,6,WEAK)",73944,3245.92,A1,0.4,1.73205,0.76,0.36,-0.466025,-0.13746000000000003,0.328565
4157,3,12,AllGrid,3,200,10,42,34,"Hit(CW,3,WEAK)",41745,2657.17,A1,-1.14,1.58127,-0.705,0.43499999999999994,-1.9306349999999999,-1.5046849999999998,0.42595000000000005
7373,1,11,AllGrid,3,200,10,42,33,"Hit(CCW,2,TOUCH)",53340,2905.23,A1,1.09,1.32359,1.175,0.08499999999999996,0.42820500000000006,0.5203300000000001,0.09212500000000001
7173,4,15,AllGrid,3,200,10,42,0,"Draw(CW,TEE)",151,15.8294,A1,1.84,0.366606,2.0,0.15999999999999992,1.656697,2.0,0.3433029999999999
196,4,4,AllGrid,3,200,10,42,35,"Hit(CCW,3,WEAK)",144042,5190.99,A1,-0.22,1.97271,-0.22,0.0,-1.206355,-1.206355,0.0
2630,2,14,AllGrid,3,200,10,42,32,"Hit(CW,11,TOUCH)",3189,183.357,A1,-1.18,1.73712,-1.07,0.10999999999999988,-2.04856,-1.5130295,0.5355305000000001
5731,2,10,AllGrid,3,200,10,42,28,"PreGuard(CW,G4)",51597,1875.62,A1,-1.205,1.92431,-0.555,0.65,-2.167155,-1.26157,0.9055850000000001
9518,4,5,AllGrid,3,200,10,42,48,"Hit(CW,2,STRONG)",132772,5219.95,A1,0.655,1.89102,0.985,0.32999999999999996,-0.29050999999999993,0.009689999999999976,0.3001999999999999
8211,7,12,AllGrid,3,200,10,42,69,"Hit(CCW,11,STRONG)",34153,1816.05,A1,-1.18,1.57721,-0.815,0.365,-1.968605,-1.69403,0.274575
7977,6,14,AllGrid,3,200,10,43,46,"Hit(CW,3,MIDDLE)",17586,1451.53,A1,-3.235,1.42119,-1.635,1.5999999999999999,-3.945595,-2.371845,1.57375
3926,6,11,AllGrid,3,200,10,43,37,"Hit(CCW,0,MIDDLE)",61576,3803.48,A1,-1.43,2.04086,0.425,1.855,-2.45043,-0.594115,1.856315
3883,1,14,AllGrid,3,200,10,43,0,"Draw(CW,TEE)",1014,53.1275,A1,-0.29,0.925149,-0.075,0.21499999999999997,-0.7525744999999999,-0.551806,0.2007684999999999
9222,7,5,AllGrid,3,200,10,43,9,"Draw(CCW,S6)",123558,4254.5,A1,0.995,1.99874,1.315,0.31999999999999995,-0.004369999999999985,0.33006500000000005,0.33443500000000004
7881,2,15,AllGrid,3,200,10,43,84,"Hit(CW,12,WEAK)",129,9.13181,A1,0.285,1.42961,1.72,1.435,-0.42980500000000005,0.6866099999999999,1.116415
6406,1,10,AllGrid,3,200,10,43,2,"Draw(CW,S0)",58120,2434.99,A1,-0.7,1.82757,-0.385,0.31499999999999995,-1.613785,-1.2389299999999999,0.37485500000000016
8452,5,15,AllGrid,3,200,10,43,34,"Hit(CW,0,WEAK)",153,13.1182,A1,1.32,0.6063,1.935,0.615,1.01685,1.8117370000000002,0.7948870000000001
1028,6,15,AllGrid,3,200,10,43,0,"Draw(CW,TEE)",151,13.4367,A1,0.77,0.668655,1.0,0.22999999999999998,0.4356725,1.0,0.5643275
2596,1,14,AllGrid,3,200,10,43,86,"Hit(CW,11,MIDDLE)",17420,1422.32,A1,0.65,1.72554,1.97,1.3199999999999998,-0.21277000000000001,1.7626545,1.9754245
4748,1,3,AllGrid,3,200,10,43,21,"Draw(CCW,L5)",156240,5588.04,A1,0.665,2.16628,0.985,0.31999999999999995,-0.41813999999999996,0.04894999999999994,0.4670899999999999
9206,3,13,AllGrid,3,200,10,43,34,"Hit(CW,12,WEAK)",11157,627.618,A1,1.73,1.43774,1.73,0.0,1.01113,1.01113,0.0
5859,1,6,AllGrid,3,200,10,43,6,"Draw(CW,S4)",118067,4762.18,A1,-0.32,1.79655,-0.015,0.305,-1.218275,-1.006815,0.21145999999999998
6871,4,5,AllGrid,3,200,10,43,40,"Freeze(CW,0)",133063,5257.88,A1,0.525,2.037,1.32,0.795,-0.49349999999999994,0.2883,0.7817999999999999
7163,3,13,AllGrid,3,200,10,43,63,"Hit(CCW,12,TOUCH)",22700,1532.62,A1,1.84,1.38723,2.465,0.6249999999999998,1.146385,1.7441,0.597715
5807,0,8,AllGrid,3,200,10,43,23,"Draw(CCW,L6)",94649,4213.52,A1,-0.275,2.10698,0.03,0.30500000000000005,-1.32849,-1.02227,0.30621999999999994
5567,2,15,AllGrid,3,200,10,43,0,"Draw(CW,TEE)",129,10.1799,A1,1.535,0.999387,1.93,0.395,1.0353065,1.7758085,0.740502
2507,3,11,AllGrid,3,200,10,43,63,"Hit(CCW,8,STRONG)",55913,2991.31,A1,1.02,1.98987,1.715,0.6950000000000001,0.025065000000000004,0.6236950000000001,0.5986300000000001
7006,3,15,AllGrid,3,200,10,43,0,"Draw(CW,TEE)",145,13.3476,A1,-1.0,0.0,-0.97,0.030000000000000027,-1.0,-1.0,0.0
1984,6,4,AllGrid,3,200,10,43,48,"Hit(CW,3,STRONG)",144494,5455.47,A1,-0.505,1.98242,-0.31,0.195,-1.49621,-1.28004,0.21616999999999997
1845,7,14,AllGrid,3,200,10,43,48,"PostGuard(CW,12,0)",2935,174.056,A1,1.005,1.77904,1.44,0.43500000000000005,0.11547999999999992,0.6659849999999999,0.550505
5780,2,6,AllGrid,3,200,10,43,17,"Draw(CCW,L3)",111911,4206.88,A1,-0.885,1.94468,-0.375,0.51,-1.85734,-1.29075,0.5665899999999999
8645,7,5,AllGrid,3,200,10,43,40,"Freeze(CW,0)",133981,5467.51,A1,0.79,1.89892,0.92,0.13,-0.15945999999999994,-0.061529999999999974,0.09792999999999996
6132,0,13,AllGrid,3,200,10,43,2,"Draw(CW,S0)",22968,1552.6,A1,1.915,1.33333,2.62,0.7050000000000001,1.248335,2.035705,0.7873700000000001
3339,4,10,AllGrid,3,200,10,43,10,"Draw(CW,L0)",63536,2765.36,A1,-0.46,2.0195,-0.305,0.15500000000000003,-1.46975,-1.19128,0.27847
3566,6,14,AllGrid,3,200,10,43,56,"Hit(CW,7,MIDDLE)",13524,1171.08,A1,0.34,1.21836,1.01,0.6699999999999999,-0.26918000000000003,1.0,1.26918
5523,3,9,AllGrid,3,200,10,43,55,"Hit(CCW,4,WEAK)",83669,4328.27,A1,0.74,1.9602,0.74,0.0,-0.24009999999999998,-0.24009999999999998,0.0
7015,5,14,AllGrid,3,200,10,43,46,"Hit(CW,3,MIDDLE)",17576,1478.72,A1,-3.285,0.820838,-1.135,2.1500000000000004,-3.6954190000000002,-2.098945,1.5964740000000002
743,7,3,AllGrid,3,200,10,43,36,"Hit(CW,0,MIDDLE)",157965,5885.31,A1,0.49,1.97228,0.98,0.49,-0.49614,-0.07272499999999993,0.4234150000000001
1014,4,15,AllGrid,3,200,10,43,10,"Draw(CW,L0)",61,4.30387,A1,3.325,1.27255,3.325,0.0,2.6887250000000003,2.6887250000000003,0.0
3900,0,10,AllGrid,3,200,10,43,0,"Draw(CW,TEE)",58037,2408.56,A1,0.305,1.74126,0.305,0.0,-0.5656300000000001,-0.5656300000000001,0.0
4543,6,5,AllGrid,3,200,10,43,34,"Hit(CW,0,WEAK)",134334,5392.01,A1,0.71,2.02136,1.09,0.3800000000000001,-0.30068000000000006,0.057780000000000165,0.3584600000000002
9231,5,14,AllGrid,3,200,10,43,7,"Draw(CCW,S4)",7737,656.851,A1,1.805,0.887116,2.025,0.21999999999999997,1.3614419999999998,1.620533,0.2590910000000002
1825,5,7,AllGrid,3,200,10,43,61,"PostGuard(CCW,3,1)",106278,4556.2,A1,0.535,1.92841,0.865,0.32999999999999996,-0.42920499999999995,-0.21359499999999998,0.21560999999999997
4062,4,15,AllGrid,3,200,10,43,35,"Hit(CCW,2,WEAK)",117,10.7699,A1,-1.275,0.824242,-0.475,0.7999999999999999,-1.6871209999999999,-1.42096,0.26616099999999987
9882,2,11,AllGrid,3,200,10,43,34,"Hit(CW,2,WEAK)",57930,3376.13,A1,0.21,1.83191,1.295,1.085,-0.705955,0.2877799999999999,0.9937349999999999
2998,6,14,AllGrid,3,200,10,43,57,"Hit(CCW,5,MIDDLE)",17252,1506.27,A1,2.82,0.926067,2.895,0.07500000000000018,2.3569665,2.46373,0.10676350000000001
1555,2,3,AllGrid,3,200,10,43,15,"Draw(CCW,L2)",158664,5826.42,A1,0.785,2.24249,1.1,0.31500000000000006,-0.336245,0.05477500000000002,0.39102000000000003
4372,4,14,AllGrid,3,200,10,43,0,"Draw(CW,TEE)",2176,125.438,A1,0.005,1.13357,0.095,0.09,-0.561785,-0.5266850000000001,0.03509999999999991
3732,7,7,AllGrid,3,200,10,43,16,"Draw(CW,L3)",94284,3311.09,A1,0.695,1.81438,1.125,0.43000000000000005,-0.2121900000000001,0.254745,0.4669350000000001
3858,5,5,AllGrid,3,200,10,43,40,"Freeze(CW,0)",135165,5564.13,A1,0.885,2.04494,0.885,0.0,-0.13746999999999998,-0.11504999999999999,0.022419999999999995
1938,0,14,AllGrid,3,200,10,43,46,"Hit(CW,11,MIDDLE)",7396,528.977,A1,-0.08,1.81207,1.43,1.51,-0.986035,0.9590015000000001,1.9450365
9112,3,9,AllGrid,3,200,10,43,56,"Hit(CW,6,MIDDLE)",74001,3268.64,A1,0.695,1.66492,0.76,0.06500000000000006,-0.13746000000000003,-0.13746000000000003,0.0
4157,3,12,AllGrid,3,200,10,43,39,"Hit(CCW,3,STRONG)",41896,2612.35,A1,-1.83,1.33458,-0.705,1.125,-2.49729,-1.5046849999999998,0.9926050000000002
7373,1,11,AllGrid,3,200,10,43,42,"Hit(CW,4,TOUCH)",52888,2876.54,A1,0.77,1.65139,1.175,0.405,-0.05569499999999994,0.5203300000000001,0.576025
7173,4,15,AllGrid,3,200,10,43,0,"Draw(CW,TEE)",151,16.9629,A1,1.84,0.366606,2.0,0.15999999999999992,1.656697,2.0,0.3433029999999999
196,4,4,AllGrid,3,200,10,43,29,"PreGuard(CCW,G4)",144501,5311.41,A1,-0.65,2.25111,-0.22,0.43000000000000005,-1.7755550000000002,-1.206355,0.5692000000000002
2630,2,14,AllGrid,3,200,10,43,32,"Hit(CW,11,TOUCH)",3189,192.599,A1,-1.18,1.73712,-1.07,0.10999999999999988,-2.04856,-1.5130295,0.5355305000000001
5731,2,10,AllGrid,3,200,10,43,29,"PreGuard(CCW,G4)",51203,2024.29,A1,-0.86,1.85483,-0.555,0.30499999999999994,-1.787415,-1.26157,0.5258449999999999
9518,4,5,AllGrid,3,200,10,43,44,"Hit(CW,2,WEAK)",134013,5337.83,A1,0.705,2.00449,0.985,0.28,-0.2972450000000001,0.009689999999999976,0.30693500000000007
8211,7,12,AllGrid,3,200,10,43,6,"Draw(CW,S4)",34850,1834.8,A1,-1.225,1.77606,-0.815,0.41000000000000014,-2.11303,-1.69403,0.41900000000000026
7977,6,14,AllGrid,3,200,10,44,46,"Hit(CW,3,MIDDLE)",17586,1444.78,A1,-3.235,1.42119,-1.635,1.5999999999999999,-3.945595,-2.371845,1.57375
3926,6,11,AllGrid,3,200,10,44,37,"Hit(CCW,0,MIDDLE)",61636,3789.13,A1,-1.43,2.04086,0.425,1.855,-2.45043,-0.594115,1.856315
3883,1,14,AllGrid,3,200,10,44,0,"Draw(CW,TEE)",1014,53.0601,A1,-0.29,0.925149,-0.075,0.21499999999999997,-0.7525744999999999,-0.551806,0.2007684999999999
9222,7,5,AllGrid,3,200,10,44,5,"Draw(CCW,S2)",122930,4268.74,A1,1.125,2.01727,1.315,0.18999999999999995,0.11636500000000005,0.33006500000000005,0.2137
7881,2,15,AllGrid,3,200,10,44,84,"Hit(CW,12,WEAK)",129,8.98374,A1,0.285,1.42961,1.72,1.435,-0.42980500000000005,0.6866099999999999,1.116415
6406,1,10,AllGrid,3,200,10,44,2,"Draw(CW,S0)",58780,2469.32,A1,-0.7,1.82757,-0.385,0.31499999999999995,-1.613785,-1.2389299999999999,0.37485500000000016
8452,5,15,AllGrid,3,200,10,44,34,"Hit(CW,0,WEAK)",153,13.2218,A1,1.32,0.6063,1.935,0.615,1.01685,1.8117370000000002,0.7948870000000001
1028,6,15,AllGrid,3,200,10,44,0,"Draw(CW,TEE)",151,13.282,A1,0.77,0.668655,1.0,0.22999999999999998,0.4356725,1.0,0.5643275
2596,1,14,AllGrid,3,200,10,44,86,"Hit(CW,11,MIDDLE)",17420,1378.72,A1,0.65,1.72554,1.97,1.3199999999999998,-0.21277000000000001,1.7626545,1.9754245
4748,1,3,AllGrid,3,200,10,44,42,"PostGuard(CW,3,0)",156720,5585.77,A1,0.75,2.18804,0.985,0.235,-0.34402,0.04894999999999994,0.39296999999999993
9206,3,13,AllGrid,3,200,10,44,34,"Hit(CW,12,WEAK)",11157,625.933,A1,1.73,1.43774,1.73,0.0,1.01113,1.01113,0.0
5859,1,6,AllGrid,3,200,10,44,3,"Draw(CCW,S0)",118413,4837.07,A1,-0.71,1.93285,-0.015,0.695,-1.676425,-1.006815,0.66961
6871,4,5,AllGrid,3,200,10,44,53,"PostGuard(CCW,1,0)",133007,5276.14,A1,0.905,1.98645,1.32,0.41500000000000004,-0.088225,0.2883,0.376525
7163,3,13,AllGrid,3,200,10,44,63,"Hit(CCW,12,TOUCH)",22700,1415.2,A1,1.84,1.38723,2.465,0.6249999999999998,1.146385,1.7441,0.597715
5807,0,8,AllGrid,3,200,10,44,42,"Hit(CW,5,TOUCH)",94427,4199.65,A1,-0.68,1.87019,0.03,0.7100000000000001,-1.6150950000000002,-1.02227,0.5928250000000002
5567,2,15,AllGrid,3,200,10,44,0,"Draw(CW,TEE)",129,10.3412,A1,1.535,0.999387,1.93,0.395,1.0353065,1.7758085,0.740502
2507,3,11,AllGrid,3,200,10,44,43,"Hit(CCW,4,STRONG)",55904,2967.91,A1,0.45,1.86748,1.715,1.2650000000000001,-0.48374,0.6236950000000001,1.1074350000000002
7006,3,15,AllGrid,3,200,10,44,0,"Draw(CW,TEE)",145,13.0355,A1,-1.0,0.0,-0.97,0.030000000000000027,-1.0,-1.0,0.0
1984,6,4,AllGrid,3,200,10,44,41,"Freeze(CCW,1)",144973,5437.94,A1,-0.535,2.11395,-0.31,0.22500000000000003,-1.5919750000000001,-1.28004,0.3119350000000001
1845,7,14,AllGrid,3,200,10,44,48,"PostGuard(CW,12,0)",2935,174.483,A1,1.005,1.77904,1.44,0.43500000000000005,0.11547999999999992,0.6659849999999999,0.550505
5780,2,6,AllGrid,3,200,10,44,28,"PreGuard(CW,G4)",111696,4076.95,A1,-0.585,2.0598,-0.375,0.20999999999999996,-1.6149,-1.29075,0.32414999999999994
8645,7,5,AllGrid,3,200,10,44,38,"Hit(CW,0,STRONG)",133072,5411.4,A1,0.71,1.81271,0.92,0.21000000000000008,-0.19635500000000006,-0.061529999999999974,0.13482500000000008
6132,0,13,AllGrid,3,200,10,44,2,"Draw(CW,S0)",22968,1550.5,A1,1.915,1.33333,2.62,0.7050000000000001,1.248335,2.035705,0.7873700000000001
3339,4,10,AllGrid,3,200,10,44,43,"Hit(CCW,9,TOUCH)",63116,2770.52,A1,-0.705,1.9514,-0.305,0.39999999999999997,-1.6806999999999999,-1.19128,0.48941999999999997
3566,6,14,AllGrid,3,200,10,44,56,"Hit(CW,7,MIDDLE)",13524,1136.23,A1,0.34,1.21836,1.01,0.6699999999999999,-0.26918000000000003,1.0,1.26918
5523,3,9,AllGrid,3,200,10,44,59,"Hit(CCW,4,STRONG)",83795,4338.17,A1,0.51,1.97987,0.74,0.22999999999999998,-0.479935,-0.24009999999999998,0.23983500000000002
7015,5,14,AllGrid,3,200,10,44,46,"Hit(CW,3,MIDDLE)",17576,1488.9,A1,-3.285,0.820838,-1.135,2.1500000000000004,-3.6954190000000002,-2.098945,1.5964740000000002
743,7,3,AllGrid,3,200,10,44,20,"Draw(CW,L5)",158914,5936.16,A1,0.98,2.15861,0.98,0.0,-0.09930499999999998,-0.07272499999999993,0.026580000000000048
1014,4,15,AllGrid,3,200,10,44,10,"Draw(CW,L0)",61,3.34005,A1,3.325,1.27255,3.325,0.0,2.6887250000000003,2.6887250000000003,0.0
3900,0,10,AllGrid,3,200,10,44,0,"Draw(CW,TEE)",58483,2432.98,A1,0.305,1.74126,0.305,0.0,-0.5656300000000001,-0.5656300000000001,0.0
4543,6,5,AllGrid,3,200,10,44,50,"Freeze(CW,2)",133454,5325.92,A1,0.285,2.17112,1.09,0.8050000000000002,-0.8005600000000002,0.057780000000000165,0.8583400000000003
9231,5,14,AllGrid,3,200,10,44,7,"Draw(CCW,S4)",7737,543.374,A1,1.805,0.887116,2.025,0.21999999999999997,1.3614419999999998,1.620533,0.2590910000000002
1825,5,7,AllGrid,3,200,10,44,68,"PostGuard(CW,5,2)",106162,4479.59,A1,0.38,2.01137,0.865,0.485,-0.6256849999999999,-0.21359499999999998,0.41208999999999996
4062,4,15,AllGrid,3,200,10,44,35,"Hit(CCW,2,WEAK)",117,10.6889,A1,-1.275,0.824242,-0.475,0.7999999999999999,-1.6871209999999999,-1.42096,0.26616099999999987
9882,2,11,AllGrid,3,200,10,44,65,"Hit(CCW,8,WEAK)",58793,3409.45,A1,0.3,1.74069,1.295,0.9949999999999999,-0.5703450000000001,0.2877799999999999,0.858125
2998,6,14,AllGrid,3,200,10,44,57,"Hit(CCW,5,MIDDLE)",17252,1508.33,A1,2.82,0.926067,2.895,0.07500000000000018,2.3569665,2.46373,0.10676350000000001
1555,2,3,AllGrid,3,200,10,44,45,"PostGuard(CCW,1,1)",158574,5856.07,A1,0.735,2.10826,1.1,0.3650000000000001,-0.31913,0.05477500000000002,0.37390500000000004
4372,4,14,AllGrid,3,200,10,44,0,"Draw(CW,TEE)",2176,134.108,A1,0.005,1.13357,0.095,0.09,-0.561785,-0.5266850000000001,0.03509999999999991
3732,7,7,AllGrid,3,200,10,44,9,"Draw(CCW,S6)",94656,3336.49,A1,0.425,1.70129,1.125,0.7,-0.425645,0.254745,0.68039
3858,5,5,AllGrid,3,200,10,44,3,"Draw(CCW,S0)",133949,5516.18,A1,0.795,1.92171,0.885,0.08999999999999997,-0.16585499999999997,-0.11504999999999999,0.05080499999999999
1938,0,14,AllGrid,3,200,10,44,46,"Hit(CW,11,MIDDLE)",7396,561.255,A1,-0.08,1.81207,1.43,1.51,-0.986035,0.9590015000000001,1.9450365
9112,3,9,AllGrid,3,200,10,44,3,"Draw(CCW,S0)",74373,3279.83,A1,-0.08,1.85569,0.76,0.84,-1.007845,-0.13746000000000003,0.8703850000000001
4157,3,12,AllGrid,3,200,10,44,39,"Hit(CCW,3,STRONG)",41862,2581.39,A1,-1.83,1.33458,-0.705,1.125,-2.49729,-1.5046849999999998,0.9926050000000002
7373,1,11,AllGrid,3,200,10,44,41,"Freeze(CCW,2)",53593,2950.61,A1,1.175,1.30934,1.175,0.0,0.5203300000000001,0.5203300000000001,0.0
7173,4,15,AllGrid,3,200,10,44,0,"Draw(CW,TEE)",151,18.3312,A1,1.84,0.366606,2.0,0.15999999999999992,1.656697,2.0,0.3433029999999999
196,4,4,AllGrid,3,200,10,44,29,"PreGuard(CCW,G4)",144591,5202.85,A1,-0.65,2.25111,-0.22,0.43000000000000005,-1.7755550000000002,-1.206355,0.5692000000000002
2630,2,14,AllGrid,3,200,10,44,32,"Hit(CW,11,TOUCH)",3189,180.327,A1,-1.18,1.73712,-1.07,0.10999999999999988,-2.04856,-1.5130295,0.5355305000000001
5731,2,10,AllGrid,3,200,10,44,28,"PreGuard(CW,G4)",51581,1942.49,A1,-1.205,1.92431,-0.555,0.65,-2.167155,-1.26157,0.9055850000000001
9518,4,5,AllGrid,3,200,10,44,44,"Hit(CW,2,WEAK)",134271,5321.44,A1,0.705,2.00449,0.985,0.28,-0.2972450000000001,0.009689999999999976,0.30693500000000007
8211,7,12,AllGrid,3,200,10,44,69,"Hit(CCW,11,STRONG)",34562,1815.95,A1,-1.18,1.57721,-0.815,0.365,-1.968605,-1.69403,0.274575
7977,6,14,AllGrid,3,200,10,45,46,"Hit(CW,3,MIDDLE)",17586,1443.68,A1,-3.235,1.42119,-1.635,1.5999999999999999,-3.945595,-2.371845,1.57375
3926,6,11,AllGrid,3,200,10,45,39,"Hit(CCW,0,STRONG)",61850,3808.78,A1,-1.615,2.01166,0.425,2.04,-2.6208299999999998,-0.594115,2.026715
3883,1,14,AllGrid,3,200,10,45,0,"Draw(CW,TEE)",1014,67.1467,A1,-0.29,0.925149,-0.075,0.21499999999999997,-0.7525744999999999,-0.551806,0.2007684999999999
9222,7,5,AllGrid,3,200,10,45,20,"Draw(CW,L5)",122254,4192.69,A1,1.125,2.01727,1.315,0.18999999999999995,0.11636500000000005,0.33006500000000005,0.2137
7881,2,15,AllGrid,3,200,10,45,84,"Hit(CW,12,WEAK)",129,9.12377,A1,0.285,1.42961,1.72,1.435,-0.42980500000000005,0.6866099999999999,1.116415
6406,1,10,AllGrid,3,200,10,45,41,"Freeze(CCW,7)",58731,2461.65,A1,-0.89,1.62416,-0.385,0.505,-1.70208,-1.2389299999999999,0.4631500000000002
8452,5,15,AllGrid,3,200,10,45,34,"Hit(CW,0,WEAK)",153,13.4571,A1,1.32,0.6063,1.935,0.615,1.01685,1.8117370000000002,0.7948870000000001
1028,6,15,AllGrid,3,200,10,45,0,"Draw(CW,TEE)",151,13.5675,A1,0.77,0.668655,1.0,0.22999999999999998,0.4356725,1.0,0.5643275
2596,1,14,AllGrid,3,200,10,45,86,"Hit(CW,11,MIDDLE)",17420,1366.89,A1,0.65,1.72554,1.97,1.3199999999999998,-0.21277000000000001,1.7626545,1.9754245
4748,1,3,AllGrid,3,200,10,45,40,"Freeze(CW,0)",156085,5574.4,A1,0.815,1.84683,0.985,0.17000000000000004,-0.10841500000000004,0.04894999999999994,0.15736499999999998
9206,3,13,AllGrid,3,200,10,45,34,"Hit(CW,12,WEAK)",11157,629.566,A1,1.73,1.43774,1.73,0.0,1.01113,1.01113,0.0
5859,1,6,AllGrid,3,200,10,45,0,"Draw(CW,TEE)",117801,4780.89,A1,-0.015,1.98363,-0.015,0.0,-1.006815,-1.006815,0.0
6871,4,5,AllGrid,3,200,10,45,0,"Draw(CW,TEE)",133210,5244.6,A1,1.005,2.19431,1.32,0.31500000000000017,-0.09215500000000021,0.2883,0.3804550000000002
7163,3,13,AllGrid,3,200,10,45,63,"Hit(CCW,12,TOUCH)",22700,1420.2,A1,1.84,1.38723,2.465,0.6249999999999998,1.146385,1.7441,0.597715
5807,0,8,AllGrid,3,200,10,45,70,"PostGuard(CW,4,1)",94611,4159.04,A1,-0.265,2.04078,0.03,0.29500000000000004,-1.28539,-1.02227,0.26312
5567,2,15,AllGrid,3,200,10,45,0,"Draw(CW,TEE)",129,10.0362,A1,1.535,0.999387,1.93,0.395,1.0353065,1.7758085,0.740502
2507,3,11,AllGrid,3,200,10,45,62,"Hit(CW,8,STRONG)",56584,3055.08,A1,1.715,2.18261,1.715,0.0,0.6236950000000001,0.6236950000000001,0.0
7006,3,15,AllGrid,3,200,10,45,0,"Draw(CW,TEE)",145,12.851,A1,-1.0,0.0,-0.97,0.030000000000000027,-1.0,-1.0,0.0
1984,6,4,AllGrid,3,200,10,45,37,"Hit(CCW,1,MIDDLE)",145342,5503.98,A1,-0.645,1.87856,-0.31,0.335,-1.5842800000000001,-1.28004,0.30424000000000007
1845,7,14,AllGrid,3,200,10,45,48,"PostGuard(CW,12,0)",2935,174.453,A1,1.005,1.77904,1.44,0.43500000000000005,0.11547999999999992,0.6659849999999999,0.550505
5780,2,6,AllGrid,3,200,10,45,34,"Hit(CW,5,WEAK)",112152,4116.28,A1,-0.375,1.8315,-0.375,0.0,-1.29075,-1.29075,0.0
8645,7,5,AllGrid,3,200,10,45,17,"Draw(CCW,L3)",132921,5421.48,A1,0.695,2.02039,0.92,0.2250000000000001,-0.315195,-0.061529999999999974,0.25366500000000003
6132,0,13,AllGrid,3,200,10,45,2,"Draw(CW,S0)",22968,1550.75,A1,1.915,1.33333,2.62,0.7050000000000001,1.248335,2.035705,0.7873700000000001
3339,4,10,AllGrid,3,200,10,45,43,"Hit(CCW,9,TOUCH)",63160,2762.92,A1,-0.705,1.9514,-0.305,0.39999999999999997,-1.6806999999999999,-1.19128,0.48941999999999997
3566,6,14,AllGrid,3,200,10,45,56,"Hit(CW,7,MIDDLE)",13524,1121.03,A1,0.34,1.21836,1.01,0.6699999999999999,-0.26918000000000003,1.0,1.26918
5523,3,9,AllGrid,3,200,10,45,55,"Hit(CCW,4,WEAK)",83756,4295.88,A1,0.74,1.9602,0.74,0.0,-0.24009999999999998,-0.24009999999999998,0.0
7015,5,14,AllGrid,3,200,10,45,46,"Hit(CW,3,MIDDLE)",17576,1466.74,A1,-3.285,0.820838,-1.135,2.1500000000000004,-3.6954190000000002,-2.098945,1.5964740000000002
743,7,3,AllGrid,3,200,10,45,32,"Hit(CW,0,TOUCH)",157145,5814.8,A1,0.75,1.97927,0.98,0.22999999999999998,-0.23963500000000004,-0.07272499999999993,0.1669100000000001
1014,4,15,AllGrid,3,200,10,45,10,"Draw(CW,L0)",61,3.34411,A1,3.325,1.27255,3.325,0.0,2.6887250000000003,2.6887250000000003,0.0
3900,0,10,AllGrid,3,200,10,45,40,"Freeze(CW,9)",58772,2447.01,A1,-0.02,1.70282,0.305,0.325,-0.87141,-0.5656300000000001,0.30577999999999994
4543,6,5,AllGrid,3,200,10,45,2,"Draw(CW,S0)",133288,5311.24,A1,0.64,1.97241,1.09,0.45000000000000007,-0.346205,0.057780000000000165,0.40398500000000015
9231,5,14,AllGrid,3,200,10,45,7,"Draw(CCW,S4)",7737,519.814,A1,1.805,0.887116,2.025,0.21999999999999997,1.3614419999999998,1.620533,0.2590910000000002
1825,5,7,AllGrid,3,200,10,45,71,"PostGuard(CCW,7,0)",106218,4497.24,A1,0.38,2.09418,0.865,0.485,-0.6670900000000001,-0.21359499999999998,0.4534950000000001
4062,4,15,AllGrid,3,200,10,45,35,"Hit(CCW,2,WEAK)",117,9.21183,A1,-1.275,0.824242,-0.475,0.7999999999999999,-1.6871209999999999,-1.42096,0.26616099999999987
9882,2,11,AllGrid,3,200,10,45,65,"Hit(CCW,8,WEAK)",58316,3395.41,A1,0.3,1.74069,1.295,0.9949999999999999,-0.5703450000000001,0.2877799999999999,0.858125
2998,6,14,AllGrid,3,200,10,45,57,"Hit(CCW,5,MIDDLE)",17252,1494.06,A1,2.82,0.926067,2.895,0.07500000000000018,2.3569665,2.46373,0.10676350000000001
1555,2,3,AllGrid,3,200,10,45,10,"Draw(CW,L0)",158765,5800.77,A1,0.655,1.96875,1.1,0.44500000000000006,-0.329375,0.05477500000000002,0.38415
4372,4,14,AllGrid,3,200,10,45,0,"Draw(CW,TEE)",2176,125.454,A1,0.005,1.13357,0.095,0.09,-0.561785,-0.5266850000000001,0.03509999999999991
3732,7,7,AllGrid,3,200,10,45,21,"Draw(CCW,L5)",94791,3319.82,A1,0.44,1.94072,1.125,0.685,-0.5303599999999999,0.254745,0.7851049999999999
3858,5,5,AllGrid,3,200,10,45,36,"Hit(CW,0,MIDDLE)",134664,5537.95,A1,0.74,1.89536,0.885,0.14500000000000002,-0.20767999999999998,-0.11504999999999999,0.09262999999999999
1938,0,14,AllGrid,3,200,10,45,46,"Hit(CW,11,MIDDLE)",7396,533.447,A1,-0.08,1.81207,1.43,1.51,-0.986035,0.9590015000000001,1.9450365
9112,3,9,AllGrid,3,200,10,45,3,"Draw(CCW,S0)",74362,3235.22,A1,-0.08,1.85569,0.76,0.84,-1.007845,-0.13746000000000003,0.8703850000000001
4157,3,12,AllGrid,3,200,10,45,37,"Hit(CCW,3,MIDDLE)",41792,2588.13,A1,-1.71,1.43384,-0.705,1.005,-2.42692,-1.5046849999999998,0.9222350000000001
7373,1,11,AllGrid,3,200,10,45,42,"Hit(CW,4,TOUCH)",53343,2888.38,A1,0.77,1.65139,1.175,0.405,-0.05569499999999994,0.5203300000000001,0.576025
7173,4,15,AllGrid,3,200,10,45,0,"Draw(CW,TEE)",151,17.1305,A1,1.84,0.366606,2.0,0.15999999999999992,1.656697,2.0,0.3433029999999999
196,4,4,AllGrid,3,200,10,45,28,"PreGuard(CW,G4)",142636,5113.28,A1,-0.605,2.22463,-0.22,0.385,-1.717315,-1.206355,0.5109599999999999
2630,2,14,AllGrid,3,200,10,45,32,"Hit(CW,11,TOUCH)",3189,211.078,A1,-1.18,1.73712,-1.07,0.10999999999999988,-2.04856,-1.5130295,0.5355305000000001
5731,2,10,AllGrid,3,200,10,45,28,"PreGuard(CW,G4)",50896,1855.95,A1,-1.205,1.92431,-0.555,0.65,-2.167155,-1.26157,0.9055850000000001
9518,4,5,AllGrid,3,200,10,45,0,"Draw(CW,TEE)",133648,5293.42,A1,0.65,2.12073,0.985,0.33499999999999996,-0.410365,0.009689999999999976,0.42005499999999996
8211,7,12,AllGrid,3,200,10,45,10,"Draw(CW,L0)",34246,1847.76,A1,-1.205,1.83384,-0.815,0.3900000000000001,-2.1219200000000003,-1.69403,0.4278900000000003
7977,6,14,AllGrid,3,200,10,46,46,"Hit(CW,3,MIDDLE)",17586,1389.51,A1,-3.235,1.42119,-1.635,1.5999999999999999,-3.945595,-2.371845,1.57375
3926,6,11,AllGrid,3,200,10,46,37,"Hit(CCW,0,MIDDLE)",61881,3798.83,A1,-1.43,2.04086,0.425,1.855,-2.45043,-0.594115,1.856315
3883,1,14,AllGrid,3,200,10,46,0,"Draw(CW,TEE)",1014,53.3571,A1,-0.29,0.925149,-0.075,0.21499999999999997,-0.7525744999999999,-0.551806,0.2007684999999999
9222,7,5,AllGrid,3,200,10,46,20,"Draw(CW,L5)",121888,4185.07,A1,1.125,2.01727,1.315,0.18999999999999995,0.11636500000000005,0.33006500000000005,0.2137
7881,2,15,AllGrid,3,200,10,46,84,"Hit(CW,12,WEAK)",129,9.08461,A1,0.285,1.42961,1.72,1.435,-0.42980500000000005,0.6866099999999999,1.116415
6406,1,10,AllGrid,3,200,10,46,2,"Draw(CW,S0)",57997,2441.37,A1,-0.7,1.82757,-0.385,0.31499999999999995,-1.613785,-1.2389299999999999,0.37485500000000016
8452,5,15,AllGrid,3,200,10,46,34,"Hit(CW,0,WEAK)",153,13.6931,A1,1.32,0.6063,1.935,0.615,1.01685,1.8117370000000002,0.7948870000000001
1028,6,15,AllGrid,3,200,10,46,0,"Draw(CW,TEE)",151,13.7527,A1,0.77,0.668655,1.0,0.22999999999999998,0.4356725,1.0,0.5643275
2596,1,14,AllGrid,3,200,10,46,86,"Hit(CW,11,MIDDLE)",17420,1430.81,A1,0.65,1.72554,1.97,1.3199999999999998,-0.21277000000000001,1.7626545,1.9754245
4748,1,3,AllGrid,3,200,10,46,43,"PostGuard(CCW,3,0)",157234,5616.69,A1,0.835,2.12315,0.985,0.15000000000000002,-0.22657499999999997,0.04894999999999994,0.2755249999999999
9206,3,13,AllGrid,3,200,10,46,34,"Hit(CW,12,WEAK)",11157,629.288,A1,1.73,1.43774,1.73,0.0,1.01113,1.01113,0.0
5859,1,6,AllGrid,3,200,10,46,0,"Draw(CW,TEE)",117771,4718.76,A1,-0.015,1.98363,-0.015,0.0,-1.006815,-1.006815,0.0
6871,4,5,AllGrid,3,200,10,46,53,"PostGuard(CCW,1,0)",132995,5245.26,A1,0.905,1.98645,1.32,0.41500000000000004,-0.088225,0.2883,0.376525
7163,3,13,AllGrid,3,200,10,46,63,"Hit(CCW,12,TOUCH)",22700,1420.96,A1,1.84,1.38723,2.465,0.6249999999999998,1.146385,1.7441,0.597715
5807,0,8,AllGrid,3,200,10,46,72,"PostGuard(CW,4,2)",94576,4159.4,A1,-0.23,2.07776,0.03,0.26,-1.26888,-1.02227,0.24661
5567,2,15,AllGrid,3,200,10,46,0,"Draw(CW,TEE)",129,10.3381,A1,1.535,0.999387,1.93,0.395,1.0353065,1.7758085,0.740502
2507,3,11,AllGrid,3,200,10,46,60,"Hit(CW,8,MIDDLE)",56028,3017.3,A1,1.42,2.26354,1.715,0.29500000000000015,0.28823,0.6236950000000001,0.3354650000000001
7006,3,15,AllGrid,3,200,10,46,0,"Draw(CW,TEE)",145,13.4573,A1,-1.0,0.0,-0.97,0.030000000000000027,-1.0,-1.0,0.0
1984,6,4,AllGrid,3,200,10,46,29,"PreGuard(CCW,G4)",145003,5473.69,A1,-0.93,2.2924,-0.31,0.6200000000000001,-2.0762,-1.28004,0.79616
1845,7,14,AllGrid,3,200,10,46,48,"PostGuard(CW,12,0)",2935,174.248,A1,1.005,1.77904,1.44,0.43500000000000005,0.11547999999999992,0.6659849999999999,0.550505
5780,2,6,AllGrid,3,200,10,46,23,"Draw(CCW,L6)",113526,4213.28,A1,-1.155,1.91598,-0.375,0.78,-2.11299,-1.29075,0.8222399999999999
8645,7,5,AllGrid,3,200,10,46,44,"Hit(CW,2,WEAK)",134048,5437.74,A1,0.78,1.97778,0.92,0.14,-0.20889000000000002,-0.061529999999999974,0.14736000000000005
6132,0,13,AllGrid,3,200,10,46,2,"Draw(CW,S0)",22968,1548.76,A1,1.915,1.33333,2.62,0.7050000000000001,1.248335,2.035705,0.7873700000000001
3339,4,10,AllGrid,3,200,10,46,43,"Hit(CCW,9,TOUCH)",63155,2766.45,A1,-0.705,1.9514,-0.305,0.39999999999999997,-1.6806999999999999,-1.19128,0.48941999999999997
3566,6,14,AllGrid,3,200,10,46,56,"Hit(CW,7,MIDDLE)",13524,1161.78,A1,0.34,1.21836,1.01,0.6699999999999999,-0.26918000000000003,1.0,1.26918
5523,3,9,AllGrid,3,200,10,46,55,"Hit(CCW,4,WEAK)",83431,4290.98,A1,0.74,1.9602,0.74,0.0,-0.24009999999999998,-0.24009999999999998,0.0
7015,5,14,AllGrid,3,200,10,46,46,"Hit(CW,3,MIDDLE)",17576,1473.75,A1,-3.285,0.820838,-1.135,2.1500000000000004,-3.6954190000000002,-2.098945,1.5964740000000002
743,7,3,AllGrid,3,200,10,46,27,"PreGuard(CCW,G3)",158652,5895.42,A1,0.48,1.92083,0.98,0.5,-0.48041500000000004,-0.07272499999999993,0.4076900000000001
1014,4,15,AllGrid,3,200,10,46,10,"Draw(CW,L0)",61,3.34421,A1,3.325,1.27255,3.325,0.0,2.6887250000000003,2.6887250000000003,0.0
3900,0,10,AllGrid,3,200,10,46,0,"Draw(CW,TEE)",57932,2423.86,A1,0.305,1.74126,0.305,0.0,-0.5656300000000001,-0.5656300000000001,0.0
4543,6,5,AllGrid,3,200,10,46,35,"Hit(CCW,0,WEAK)",132559,5306.16,A1,0.465,1.8705,1.09,0.625,-0.47025,0.057780000000000165,0.5280300000000002
9231,5,14,AllGrid,3,200,10,46,7,"Draw(CCW,S4)",7737,518.464,A1,1.805,0.887116,2.025,0.21999999999999997,1.3614419999999998,1.620533,0.2590910000000002
1825,5,7,AllGrid,3,200,10,46,3,"Draw(CCW,S0)",106090,4473.58,A1,0.785,2.08537,0.865,0.07999999999999996,-0.25768500000000005,-0.21359499999999998,0.044090000000000074
4062,4,15,AllGrid,3,200,10,46,35,"Hit(CCW,2,WEAK)",117,8.71867,A1,-1.275,0.824242,-0.475,0.7999999999999999,-1.6871209999999999,-1.42096,0.26616099999999987
9882,2,11,AllGrid,3,200,10,46,56,"Hit(CW,6,MIDDLE)",58328,3392.1,A1,0.37,1.68318,1.295,0.9249999999999999,-0.47158999999999995,0.2877799999999999,0.7593699999999999
2998,6,14,AllGrid,3,200,10,46,57,"Hit(CCW,5,MIDDLE)",17252,1492.47,A1,2.82,0.926067,2.895,0.07500000000000018,2.3569665,2.46373,0.10676350000000001
1555,2,3,AllGrid,3,200,10,46,24,"Draw(CW,L7)",158054,5852.41,A1,0.6,2.00749,1.1,0.5000000000000001,-0.40374500000000013,0.05477500000000002,0.45852000000000015
4372,4,14,AllGrid,3,200,10,46,0,"Draw(CW,TEE)",2176,122.583,A1,0.005,1.13357,0.095,0.09,-0.561785,-0.5266850000000001,0.03509999999999991
3732,7,7,AllGrid,3,200,10,46,9,"Draw(CCW,S6)",95469,3314.23,A1,0.425,1.70129,1.125,0.7,-0.425645,0.254745,0.68039
3858,5,5,AllGrid,3,200,10,46,10,"Draw(CW,L0)",134187,5508.68,A1,0.64,2.00509,0.885,0.245,-0.362545,-0.11504999999999999,0.24749500000000002
1938,0,14,AllGrid,3,200,10,46,46,"Hit(CW,11,MIDDLE)",7396,537.423,A1,-0.08,1.81207,1.43,1.51,-0.986035,0.9590015000000001,1.9450365
9112,3,9,AllGrid,3,200,10,46,58,"Hit(CW,6,STRONG)",74577,3257.16,A1,0.415,1.80632,0.76,0.34500000000000003,-0.48816,-0.13746000000000003,0.35069999999999996
4157,3,12,AllGrid,3,200,10,46,39,"Hit(CCW,3,STRONG)",41725,2529.47,A1,-1.83,1.33458,-0.705,1.125,-2.49729,-1.5046849999999998,0.9926050000000002
7373,1,11,AllGrid,3,200,10,46,33,"Hit(CCW,2,TOUCH)",53788,2943.88,A1,1.09,1.32359,1.175,0.08499999999999996,0.42820500000000006,0.5203300000000001,0.09212500000000001
7173,4,15,AllGrid,3,200,10,46,0,"Draw(CW,TEE)",151,17.0333,A1,1.84,0.366606,2.0,0.15999999999999992,1.656697,2.0,0.3433029999999999
196,4,4,AllGrid,3,200,10,46,46,"PostGuard(CW,2,2)",142849,5170.57,A1,-0.59,2.05716,-0.22,0.37,-1.6185800000000001,-1.206355,0.41222500000000006
2630,2,14,AllGrid,3,200,10,46,32,"Hit(CW,11,TOUCH)",3189,184.061,A1,-1.18,1.73712,-1.07,0.10999999999999988,-2.04856,-1.5130295,0.5355305000000001
5731,2,10,AllGrid,3,200,10,46,28,"PreGuard(CW,G4)",50527,1841.92,A1,-1.205,1.92431,-0.555,0.65,-2.167155,-1.26157,0.9055850000000001
9518,4,5,AllGrid,3,200,10,46,38,"Hit(CW,0,STRONG)",134171,5319.56,A1,0.56,1.93298,0.985,0.42499999999999993,-0.4064899999999999,0.009689999999999976,0.4161799999999999
8211,7,12,AllGrid,3,200,10,46,2,"Draw(CW,S0)",35220,1871.82,A1,-1.155,1.79749,-0.815,0.3400000000000001,-2.053745,-1.69403,0.35971500000000023
7977,6,14,AllGrid,1,200,10,42,46,"Hit(CW,3,MIDDLE)",14754,876.427,A1d1,-3.235,1.42119,-1.635,1.5999999999999999,-3.945595,-2.371845,1.57375
3926,6,11,AllGrid,1,200,10,42,37,"Hit(CCW,0,MIDDLE)",59286,2711.98,A1d1,-1.43,2.04086,0.425,1.855,-2.45043,-0.594115,1.856315
3883,1,14,AllGrid,1,200,10,42,1,"Draw(CCW,TEE)",15620,512.398,A1d1,-0.075,0.953612,-0.075,0.0,-0.551806,-0.551806,0.0
9222,7,5,AllGrid,1,200,10,42,21,"Draw(CCW,L5)",148276,4812.99,A1d1,0.95,1.87816,1.315,0.365,0.01091999999999993,0.33006500000000005,0.3191450000000001
7881,2,15,AllGrid,1,200,10,42,84,"Hit(CW,12,WEAK)",129,9.6209,A1d1,0.285,1.42961,1.72,1.435,-0.42980500000000005,0.6866099999999999,1.116415
6406,1,10,AllGrid,1,200,10,42,0,"Draw(CW,TEE)",73124,2521.22,A1d1,-0.385,1.70786,-0.385,0.0,-1.2389299999999999,-1.2389299999999999,0.0
8452,5,15,AllGrid,1,200,10,42,34,"Hit(CW,0,WEAK)",153,14.8632,A1d1,1.32,0.6063,1.935,0.615,1.01685,1.8117370000000002,0.7948870000000001
1028,6,15,AllGrid,1,200,10,42,0,"Draw(CW,TEE)",151,15.7258,A1d1,0.77,0.668655,1.0,0.22999999999999998,0.4356725,1.0,0.5643275
2596,1,14,AllGrid,1,200,10,42,86,"Hit(CW,11,MIDDLE)",14538,894.818,A1d1,0.65,1.72554,1.97,1.3199999999999998,-0.21277000000000001,1.7626545,1.9754245
4748,1,3,AllGrid,1,200,10,42,5,"Draw(CCW,S2)",178265,5909.77,A1d1,0.715,1.92452,0.985,0.27,-0.24726000000000004,0.04894999999999994,0.29621
9206,3,13,AllGrid,1,200,10,42,34,"Hit(CW,12,WEAK)",29692,980.892,A1d1,1.73,1.43774,1.73,0.0,1.01113,1.01113,0.0
5859,1,6,AllGrid,1,200,10,42,50,"Freeze(CW,5)",131957,4675.28,A1d1,-0.64,2.07133,-0.015,0.625,-1.675665,-1.006815,0.66885
6871,4,5,AllGrid,1,200,10,42,49,"Hit(CCW,2,STRONG)",146226,5038.5,A1d1,0.825,1.94792,1.32,0.4950000000000001,-0.1489600000000001,0.2883,0.4372600000000001
7163,3,13,AllGrid,1,200,10,42,68,"Hit(CW,12,STRONG)",29304,1073.65,A1d1,1.42,1.48108,2.465,1.045,0.67946,1.7441,1.06464
5807,0,8,AllGrid,1,200,10,42,55,"Hit(CCW,7,WEAK)",103301,3760.67,A1d1,-0.6,2.01742,0.03,0.63,-1.6087099999999999,-1.02227,0.5864399999999999
5567,2,15,AllGrid,1,200,10,42,0,"Draw(CW,TEE)",129,11.8816,A1d1,1.535,0.999387,1.93,0.395,1.0353065,1.7758085,0.740502
2507,3,11,AllGrid,1,200,10,42,60,"Hit(CW,8,MIDDLE)",58304,2325.67,A1d1,1.42,2.26354,1.715,0.29500000000000015,0.28823,0.6236950000000001,0.3354650000000001
7006,3,15,AllGrid,1,200,10,42,0,"Draw(CW,TEE)",145,14.988,A1d1,-1.0,0.0,-0.97,0.030000000000000027,-1.0,-1.0,0.0
1984,6,4,AllGrid,1,200,10,42,45,"Hit(CCW,3,WEAK)",160224,5430.82,A1d1,-0.475,1.99233,-0.31,0.16499999999999998,-1.471165,-1.28004,0.191125
1845,7,14,AllGrid,1,200,10,42,43,"PostGuard(CCW,10,0)",14691,492.427,A1d1,0.695,1.72973,1.44,0.745,-0.16986500000000004,0.6659849999999999,0.83585
5780,2,6,AllGrid,1,200,10,42,37,"Hit(CCW,5,MIDDLE)",132208,4356.12,A1d1,-0.75,1.94358,-0.375,0.375,-1.72179,-1.29075,0.43103999999999987
8645,7,5,AllGrid,1,200,10,42,37,"Hit(CCW,0,MIDDLE)",146956,5153.01,A1d1,0.7,1.93132,0.92,0.22000000000000008,-0.26566,-0.061529999999999974,0.20413000000000003
6132,0,13,AllGrid,1,200,10,42,44,"Hit(CW,10,WEAK)",29220,1200.97,A1d1,2.135,1.89388,2.62,0.4850000000000003,1.1880599999999997,2.035705,0.8476450000000004
3339,4,10,AllGrid,1,200,10,42,50,"Freeze(CW,9)",73858,2570.3,A1d1,-0.305,1.77256,-0.305,0.0,-1.19128,-1.19128,0.0
3566,6,14,AllGrid,1,200,10,42,43,"Hit(CCW,5,TOUCH)",14909,985.364,A1d1,0.975,0.504356,1.01,0.03500000000000003,0.722822,1.0,0.27717800000000004
5523,3,9,AllGrid,1,200,10,42,55,"Hit(CCW,4,WEAK)",88237,3537.48,A1d1,0.74,1.9602,0.74,0.0,-0.24009999999999998,-0.24009999999999998,0.0
7015,5,14,AllGrid,1,200,10,42,46,"Hit(CW,3,MIDDLE)",14745,830.498,A1d1,-3.285,0.820838,-1.135,2.1500000000000004,-3.6954190000000002,-2.098945,1.5964740000000002
743,7,3,AllGrid,1,200,10,42,24,"Draw(CW,L7)",175236,5889.32,A1d1,0.555,2.09451,0.98,0.42499999999999993,-0.492255,-0.07272499999999993,0.41953000000000007
1014,4,15,AllGrid,1,200,10,42,10,"Draw(CW,L0)",61,3.34334,A1d1,3.325,1.27255,3.325,0.0,2.6887250000000003,2.6887250000000003,0.0
3900,0,10,AllGrid,1,200,10,42,2,"Draw(CW,S0)",73075,2468.28,A1d1,0.025,1.86932,0.305,0.27999999999999997,-0.90966,-0.5656300000000001,0.34402999999999995
4543,6,5,AllGrid,1,200,10,42,34,"Hit(CW,0,WEAK)",147179,5047.62,A1d1,0.71,2.02136,1.09,0.3800000000000001,-0.30068000000000006,0.057780000000000165,0.3584600000000002
9231,5,14,AllGrid,1,200,10,42,50,"Freeze(CW,5)",14638,698.702,A1d1,1.61,1.16529,2.025,0.4149999999999998,1.027355,1.620533,0.593178
1825,5,7,AllGrid,1,200,10,42,37,"Hit(CCW,2,MIDDLE)",115627,4119.62,A1d1,0.485,2.1771,0.865,0.38,-0.6035499999999999,-0.21359499999999998,0.38995499999999994
4062,4,15,AllGrid,1,200,10,42,35,"Hit(CCW,2,WEAK)",117,9.22556,A1d1,-1.275,0.824242,-0.475,0.7999999999999999,-1.6871209999999999,-1.42096,0.26616099999999987
9882,2,11,AllGrid,1,200,10,42,10,"Draw(CW,L0)",58981,2620.96,A1d1,0.425,1.58568,1.295,0.8699999999999999,-0.36784,0.2877799999999999,0.6556199999999999
2998,6,14,AllGrid,1,200,10,42,59,"Hit(CCW,5,STRONG)",14763,948.434,A1d1,2.895,0.86254,2.895,0.0,2.46373,2.46373,0.0
1555,2,3,AllGrid,1,200,10,42,8,"Draw(CW,S6)",176363,5831.63,A1d1,0.635,2.19358,1.1,0.4650000000000001,-0.4617899999999999,0.05477500000000002,0.5165649999999999
4372,4,14,AllGrid,1,200,10,42,19,"Draw(CCW,L4)",14652,467.927,A1d1,0.02,1.24081,0.095,0.075,-0.600405,-0.5266850000000001,0.0737199999999999
3732,7,7,AllGrid,1,200,10,42,15,"Draw(CCW,L2)",118767,3837.45,A1d1,0.94,1.8375,1.125,0.18500000000000005,0.02124999999999999,0.254745,0.233495
3858,5,5,AllGrid,1,200,10,42,40,"Freeze(CW,0)",146818,5257.91,A1d1,0.885,2.04494,0.885,0.0,-0.13746999999999998,-0.11504999999999999,0.022419999999999995
1938,0,14,AllGrid,1,200,10,42,48,"Hit(CW,11,STRONG)",14954,667.692,A1d1,-0.045,1.74441,1.43,1.4749999999999999,-0.917205,0.9590015000000001,1.8762065
9112,3,9,AllGrid,1,200,10,42,39,"Hit(CCW,2,STRONG)",87524,3161.73,A1d1,0.53,1.90239,0.76,0.22999999999999998,-0.421195,-0.13746000000000003,0.28373499999999996
4157,3,12,AllGrid,1,200,10,42,34,"Hit(CW,3,WEAK)",43500,1903.35,A1d1,-1.14,1.58127,-0.705,0.43499999999999994,-1.9306349999999999,-1.5046849999999998,0.42595000000000005
7373,1,11,AllGrid,1,200,10,42,57,"Hit(CCW,6,MIDDLE)",58198,2386.03,A1d1,0.895,1.72162,1.175,0.28,0.034190000000000054,0.5203300000000001,0.48614
7173,4,15,AllGrid,1,200,10,42,0,"Draw(CW,TEE)",151,17.2402,A1d1,1.84,0.366606,2.0,0.15999999999999992,1.656697,2.0,0.3433029999999999
196,4,4,AllGrid,1,200,10,42,3,"Draw(CCW,S0)",161099,5288.31,A1d1,-0.71,2.22619,-0.22,0.49,-1.823095,-1.206355,0.6167399999999998
2630,2,14,AllGrid,1,200,10,42,0,"Draw(CW,TEE)",14443,509.002,A1d1,-1.075,1.38542,-1.07,0.004999999999999893,-1.7677100000000001,-1.5130295,0.2546805000000001
5731,2,10,AllGrid,1,200,10,42,37,"Hit(CCW,9,MIDDLE)",73882,2348.62,A1d1,-0.82,1.43792,-0.555,0.2649999999999999,-1.5389599999999999,-1.26157,0.2773899999999998
9518,4,5,AllGrid,1,200,10,42,53,"PostGuard(CCW,1,0)",146068,5136.97,A1d1,0.435,1.98136,0.985,0.55,-0.55568,0.009689999999999976,0.5653699999999999
8211,7,12,AllGrid,1,200,10,42,45,"Hit(CCW,5,WEAK)",44361,1588.79,A1d1,-1.115,1.90047,-0.815,0.30000000000000004,-2.065235,-1.69403,0.371205
7977,6,14,AllGrid,1,200,10,43,46,"Hit(CW,3,MIDDLE)",14952,855.446,A1d1,-3.235,1.42119,-1.635,1.5999999999999999,-3.945595,-2.371845,1.57375
3926,6,11,AllGrid,1,200,10,43,39,"Hit(CCW,0,STRONG)",58013,2614.01,A1d1,-1.615,2.01166,0.425,2.04,-2.6208299999999998,-0.594115,2.026715
3883,1,14,AllGrid,1,200,10,43,0,"Draw(CW,TEE)",15641,507.566,A1d1,-0.29,0.925149,-0.075,0.21499999999999997,-0.7525744999999999,-0.551806,0.2007684999999999
9222,7,5,AllGrid,1,200,10,43,17,"Draw(CCW,L3)",148505,4835.45,A1d1,1.315,2.00394,1.315,0.0,0.3130299999999999,0.33006500000000005,0.017035000000000133
7881,2,15,AllGrid,1,200,10,43,84,"Hit(CW,12,WEAK)",129,9.99943,A1d1,0.285,1.42961,1.72,1.435,-0.42980500000000005,0.6866099999999999,1.116415
6406,1,10,AllGrid,1,200,10,43,42,"Hit(CW,9,TOUCH)",73340,2507.17,A1d1,-0.66,1.80677,-0.385,0.275,-1.563385,-1.2389299999999999,0.32445500000000016
8452,5,15,AllGrid,1,200,10,43,34,"Hit(CW,0,WEAK)",153,14.849,A1d1,1.32,0.6063,1.935,0.615,1.01685,1.8117370000000002,0.7948870000000001
1028,6,15,AllGrid,1,200,10,43,0,"Draw(CW,TEE)",151,16.0238,A1d1,0.77,0.668655,1.0,0.22999999999999998,0.4356725,1.0,0.5643275
2596,1,14,AllGrid,1,200,10,43,86,"Hit(CW,11,MIDDLE)",14790,818.78,A1d1,0.65,1.72554,1.97,1.3199999999999998,-0.21277000000000001,1.7626545,1.9754245
4748,1,3,AllGrid,1,200,10,43,37,"Hit(CCW,0,MIDDLE)",176832,5862.56,A1d1,0.85,2.10654,0.985,0.135,-0.20326999999999995,0.04894999999999994,0.2522199999999999
9206,3,13,AllGrid,1,200,10,43,38,"Hit(CW,12,STRONG)",30385,994.356,A1d1,1.25,1.31053,1.73,0.48,0.594735,1.01113,0.41639500000000007
5859,1,6,AllGrid,1,200,10,43,32,"Hit(CW,1,TOUCH)",131926,4670.86,A1d1,-0.26,1.93194,-0.015,0.245,-1.22597,-1.006815,0.219155
6871,4,5,AllGrid,1,200,10,43,52,"PostGuard(CW,1,0)",146167,5043.2,A1d1,1.18,2.22207,1.32,0.14000000000000012,0.06896499999999994,0.2883,0.21933500000000006
7163,3,13,AllGrid,1,200,10,43,64,"Hit(CW,12,WEAK)",29267,1062.38,A1d1,2.285,1.58864,2.465,0.17999999999999972,1.4906800000000002,1.7441,0.25341999999999976
5807,0,8,AllGrid,1,200,10,43,55,"Hit(CCW,7,WEAK)",102310,3716.23,A1d1,-0.6,2.01742,0.03,0.63,-1.6087099999999999,-1.02227,0.5864399999999999
5567,2,15,AllGrid,1,200,10,43,0,"Draw(CW,TEE)",129,12.0322,A1d1,1.535,0.999387,1.93,0.395,1.0353065,1.7758085,0.740502
2507,3,11,AllGrid,1,200,10,43,60,"Hit(CW,8,MIDDLE)",58356,2355.36,A1d1,1.42,2.26354,1.715,0.29500000000000015,0.28823,0.6236950000000001,0.3354650000000001
7006,3,15,AllGrid,1,200,10,43,0,"Draw(CW,TEE)",145,14.7069,A1d1,-1.0,0.0,-0.97,0.030000000000000027,-1.0,-1.0,0.0
1984,6,4,AllGrid,1,200,10,43,2,"Draw(CW,S0)",160586,5442.21,A1d1,-0.635,2.04982,-0.31,0.325,-1.65991,-1.28004,0.37986999999999993
1845,7,14,AllGrid,1,200,10,43,43,"PostGuard(CCW,10,0)",14700,487.298,A1d1,0.695,1.72973,1.44,0.745,-0.16986500000000004,0.6659849999999999,0.83585
5780,2,6,AllGrid,1,200,10,43,34,"Hit(CW,5,WEAK)",132060,4349.3,A1d1,-0.375,1.8315,-0.375,0.0,-1.29075,-1.29075,0.0
8645,7,5,AllGrid,1,200,10,43,0,"Draw(CW,TEE)",147157,5155.14,A1d1,0.59,1.86062,0.92,0.33000000000000007,-0.34031,-0.061529999999999974,0.27878000000000003
6132,0,13,AllGrid,1,200,10,43,44,"Hit(CW,10,WEAK)",29514,1213.12,A1d1,2.135,1.89388,2.62,0.4850000000000003,1.1880599999999997,2.035705,0.8476450000000004
3339,4,10,AllGrid,1,200,10,43,50,"Freeze(CW,9)",72599,2536.51,A1d1,-0.305,1.77256,-0.305,0.0,-1.19128,-1.19128,0.0
3566,6,14,AllGrid,1,200,10,43,11,"Draw(CCW,L0)",14738,960.933,A1d1,1.01,0.264386,1.01,0.0,0.877807,1.0,0.122193
5523,3,9,AllGrid,1,200,10,43,56,"Hit(CW,4,MIDDLE)",87600,3524.66,A1d1,0.445,1.95371,0.74,0.295,-0.531855,-0.24009999999999998,0.291755
7015,5,14,AllGrid,1,200,10,43,48,"Hit(CW,3,STRONG)",15042,866.209,A1d1,-3.32,0.920652,-1.135,2.1849999999999996,-3.7803259999999996,-2.098945,1.6813809999999996
743,7,3,AllGrid,1,200,10,43,26,"PreGuard(CW,G3)",175764,5873.96,A1d1,0.625,1.9064,0.98,0.355,-0.32820000000000005,-0.07272499999999993,0.2554750000000001
1014,4,15,AllGrid,1,200,10,43,10,"Draw(CW,L0)",61,3.3429,A1d1,3.325,1.27255,3.325,0.0,2.6887250000000003,2.6887250000000003,0.0
3900,0,10,AllGrid,1,200,10,43,2,"Draw(CW,S0)",72807,2437.54,A1d1,0.025,1.86932,0.305,0.27999999999999997,-0.90966,-0.5656300000000001,0.34402999999999995
4543,6,5,AllGrid,1,200,10,43,34,"Hit(CW,0,WEAK)",147070,5067.67,A1d1,0.71,2.02136,1.09,0.3800000000000001,-0.30068000000000006,0.057780000000000165,0.3584600000000002
9231,5,14,AllGrid,1,200,10,43,2,"Draw(CW,S0)",14791,680.705,A1d1,1.665,1.2778,2.025,0.3599999999999999,1.0261,1.620533,0.594433
1825,5,7,AllGrid,1,200,10,43,53,"PostGuard(CCW,1,0)",116609,4153.54,A1d1,0.865,2.16259,0.865,0.0,-0.2162949999999999,-0.21359499999999998,0.0026999999999999247
4062,4,15,AllGrid,1,200,10,43,35,"Hit(CCW,2,WEAK)",117,9.03459,A1d1,-1.275,0.824242,-0.475,0.7999999999999999,-1.6871209999999999,-1.42096,0.26616099999999987
9882,2,11,AllGrid,1,200,10,43,75,"PostGuard(CCW,1,1)",58923,2580.61,A1d1,0.6,1.28062,1.295,0.695,-0.04031000000000007,0.2877799999999999,0.32809
2998,6,14,AllGrid,1,200,10,43,59,"Hit(CCW,5,STRONG)",14529,908.253,A1d1,2.895,0.86254,2.895,0.0,2.46373,2.46373,0.0
1555,2,3,AllGrid,1,200,10,43,14,"Draw(CW,L2)",176500,5866.71,A1d1,0.8,2.0025,1.1,0.30000000000000004,-0.20124999999999993,0.05477500000000002,0.25602499999999995
4372,4,14,AllGrid,1,200,10,43,19,"Draw(CCW,L4)",14651,467.033,A1d1,0.02,1.24081,0.095,0.075,-0.600405,-0.5266850000000001,0.0737199999999999
3732,7,7,AllGrid,1,200,10,43,41,"Freeze(CCW,4)",118911,3825.19,A1d1,0.85,1.9615,1.125,0.275,-0.13075000000000003,0.254745,0.38549500000000003
3858,5,5,AllGrid,1,200,10,43,18,"Draw(CW,L4)",146377,5272.11,A1d1,0.665,1.95519,0.885,0.21999999999999997,-0.31259499999999996,-0.11504999999999999,0.19754499999999997
1938,0,14,AllGrid,1,200,10,43,48,"Hit(CW,11,STRONG)",14801,696.149,A1d1,-0.045,1.74441,1.43,1.4749999999999999,-0.917205,0.9590015000000001,1.8762065
9112,3,9,AllGrid,1,200,10,43,11,"Draw(CCW,L0)",87730,3155.53,A1d1,0.555,2.00174,0.76,0.20499999999999996,-0.4458699999999999,-0.13746000000000003,0.30840999999999985
4157,3,12,AllGrid,1,200,10,43,34,"Hit(CW,3,WEAK)",43350,1919.48,A1d1,-1.14,1.58127,-0.705,0.43499999999999994,-1.9306349999999999,-1.5046849999999998,0.42595000000000005
7373,1,11,AllGrid,1,200,10,43,11,"Draw(CCW,L0)",57561,2416.73,A1d1,0.98,1.72615,1.175,0.19500000000000006,0.11692499999999995,0.5203300000000001,0.4034050000000001
7173,4,15,AllGrid,1,200,10,43,0,"Draw(CW,TEE)",151,18.8282,A1d1,1.84,0.366606,2.0,0.15999999999999992,1.656697,2.0,0.3433029999999999
196,4,4,AllGrid,1,200,10,43,6,"Draw(CW,S4)",161784,5265.02,A1d1,-0.815,2.11914,-0.22,0.595,-1.8745699999999998,-1.206355,0.6682149999999998
2630,2,14,AllGrid,1,200,10,43,0,"Draw(CW,TEE)",14623,512.229,A1d1,-1.075,1.38542,-1.07,0.004999999999999893,-1.7677100000000001,-1.5130295,0.2546805000000001
5731,2,10,AllGrid,1,200,10,43,39,"Hit(CCW,9,STRONG)",73237,2329.96,A1d1,-0.765,1.44906,-0.555,0.20999999999999996,-1.48953,-1.26157,0.22795999999999994
9518,4,5,AllGrid,1,200,10,43,45,"Hit(CCW,2,WEAK)",146931,5112.61,A1d1,0.905,2.07508,0.985,0.07999999999999996,-0.13253999999999988,0.009689999999999976,0.14222999999999986
8211,7,12,AllGrid,1,200,10,43,70,"Freeze(CW,11)",44066,1567.97,A1d1,-1.045,1.73002,-0.815,0.22999999999999998,-1.9100099999999998,-1.69403,0.21597999999999984
7977,6,14,AllGrid,1,200,10,44,46,"Hit(CW,3,MIDDLE)",14835,819.546,A1d1,-3.235,1.42119,-1.635,1.5999999999999999,-3.945595,-2.371845,1.57375
3926,6,11,AllGrid,1,200,10,44,37,"Hit(CCW,0,MIDDLE)",58408,2674.0,A1d1,-1.43,2.04086,0.425,1.855,-2.45043,-0.594115,1.856315
3883,1,14,AllGrid,1,200,10,44,0,"Draw(CW,TEE)",15579,508.998,A1d1,-0.29,0.925149,-0.075,0.21499999999999997,-0.7525744999999999,-0.551806,0.2007684999999999
9222,7,5,AllGrid,1,200,10,44,8,"Draw(CW,S6)",147715,4767.06,A1d1,1.17,1.98774,1.315,0.14500000000000002,0.1761299999999999,0.33006500000000005,0.15393500000000016
7881,2,15,AllGrid,1,200,10,44,84,"Hit(CW,12,WEAK)",129,9.86021,A1d1,0.285,1.42961,1.72,1.435,-0.42980500000000005,0.6866099999999999,1.116415
6406,1,10,AllGrid,1,200,10,44,0,"Draw(CW,TEE)",72629,2496.52,A1d1,-0.385,1.70786,-0.385,0.0,-1.2389299999999999,-1.2389299999999999,0.0
8452,5,15,AllGrid,1,200,10,44,34,"Hit(CW,0,WEAK)",153,14.4352,A1d1,1.32,0.6063,1.935,0.615,1.01685,1.8117370000000002,0.7948870000000001
1028,6,15,AllGrid,1,200,10,44,0,"Draw(CW,TEE)",151,15.4198,A1d1,0.77,0.668655,1.0,0.22999999999999998,0.4356725,1.0,0.5643275
2596,1,14,AllGrid,1,200,10,44,86,"Hit(CW,11,MIDDLE)",14538,818.79,A1d1,0.65,1.72554,1.97,1.3199999999999998,-0.21277000000000001,1.7626545,1.9754245
4748,1,3,AllGrid,1,200,10,44,33,"Hit(CCW,0,TOUCH)",176989,5852.03,A1d1,0.935,1.98009,0.985,0.04999999999999993,-0.0550449999999999,0.04894999999999994,0.10399499999999984
9206,3,13,AllGrid,1,200,10,44,35,"Hit(CCW,12,WEAK)",30061,980.742,A1d1,1.635,1.47369,1.73,0.09499999999999997,0.898155,1.01113,0.11297500000000005
5859,1,6,AllGrid,1,200,10,44,55,"PostGuard(CCW,2,1)",132485,4691.18,A1d1,-0.495,1.92093,-0.015,0.48,-1.455465,-1.006815,0.44865
6871,4,5,AllGrid,1,200,10,44,1,"Draw(CCW,TEE)",145657,5006.39,A1d1,0.795,2.07918,1.32,0.525,-0.24458999999999997,0.2883,0.53289
7163,3,13,AllGrid,1,200,10,44,64,"Hit(CW,12,WEAK)",29339,1060.42,A1d1,2.285,1.58864,2.465,0.17999999999999972,1.4906800000000002,1.7441,0.25341999999999976
5807,0,8,AllGrid,1,200,10,44,59,"Hit(CCW,7,STRONG)",101901,3720.94,A1d1,-0.735,1.99368,0.03,0.765,-1.73184,-1.02227,0.70957
5567,2,15,AllGrid,1,200,10,44,0,"Draw(CW,TEE)",129,11.3584,A1d1,1.535,0.999387,1.93,0.395,1.0353065,1.7758085,0.740502
2507,3,11,AllGrid,1,200,10,44,39,"Hit(CCW,4,WEAK)",58407,2343.7,A1d1,1.66,2.22809,1.715,0.05500000000000016,0.545955,0.6236950000000001,0.07774000000000014
7006,3,15,AllGrid,1,200,10,44,0,"Draw(CW,TEE)",145,14.6371,A1d1,-1.0,0.0,-0.97,0.030000000000000027,-1.0,-1.0,0.0
1984,6,4,AllGrid,1,200,10,44,46,"Hit(CW,3,MIDDLE)",161202,5456.48,A1d1,-0.61,1.93595,-0.31,0.3,-1.577975,-1.28004,0.29793499999999984
1845,7,14,AllGrid,1,200,10,44,42,"PostGuard(CW,10,0)",14727,490.258,A1d1,0.73,1.74559,1.44,0.71,-0.142795,0.6659849999999999,0.8087799999999999
5780,2,6,AllGrid,1,200,10,44,39,"Hit(CCW,5,STRONG)",131886,4338.81,A1d1,-0.705,1.75156,-0.375,0.32999999999999996,-1.5807799999999999,-1.29075,0.2900299999999998
8645,7,5,AllGrid,1,200,10,44,0,"Draw(CW,TEE)",146368,5134.19,A1d1,0.59,1.86062,0.92,0.33000000000000007,-0.34031,-0.061529999999999974,0.27878000000000003
6132,0,13,AllGrid,1,200,10,44,44,"Hit(CW,10,WEAK)",29308,1230.79,A1d1,2.135,1.89388,2.62,0.4850000000000003,1.1880599999999997,2.035705,0.8476450000000004
3339,4,10,AllGrid,1,200,10,44,50,"Freeze(CW,9)",72809,2535.33,A1d1,-0.305,1.77256,-0.305,0.0,-1.19128,-1.19128,0.0
3566,6,14,AllGrid,1,200,10,44,58,"Hit(CW,7,STRONG)",15017,965.973,A1d1,0.61,1.04781,1.01,0.4,0.08609500000000003,1.0,0.913905
5523,3,9,AllGrid,1,200,10,44,55,"Hit(CCW,4,WEAK)",88067,3542.98,A1d1,0.74,1.9602,0.74,0.0,-0.24009999999999998,-0.24009999999999998,0.0
7015,5,14,AllGrid,1,200,10,44,48,"Hit(CW,3,STRONG)",14862,884.134,A1d1,-3.32,0.920652,-1.135,2.1849999999999996,-3.7803259999999996,-2.098945,1.6813809999999996
743,7,3,AllGrid,1,200,10,44,13,"Draw(CCW,L1)",176787,5895.27,A1d1,0.705,1.98947,0.98,0.275,-0.2897350000000001,-0.07272499999999993,0.21701000000000015
1014,4,15,AllGrid,1,200,10,44,10,"Draw(CW,L0)",61,3.36834,A1d1,3.325,1.27255,3.325,0.0,2.6887250000000003,2.6887250000000003,0.0
3900,0,10,AllGrid,1,200,10,44,2,"Draw(CW,S0)",72988,2472.74,A1d1,0.025,1.86932,0.305,0.27999999999999997,-0.90966,-0.5656300000000001,0.34402999999999995
4543,6,5,AllGrid,1,200,10,44,11,"Draw(CCW,L0)",147056,5110.24,A1d1,0.64,1.87094,1.09,0.45000000000000007,-0.29547,0.057780000000000165,0.3532500000000002
9231,5,14,AllGrid,1,200,10,44,2,"Draw(CW,S0)",14395,662.596,A1d1,1.665,1.2778,2.025,0.3599999999999999,1.0261,1.620533,0.594433
1825,5,7,AllGrid,1,200,10,44,34,"Hit(CW,2,WEAK)",115970,4113.84,A1d1,0.505,2.21133,0.865,0.36,-0.6006649999999999,-0.21359499999999998,0.3870699999999999
4062,4,15,AllGrid,1,200,10,44,35,"Hit(CCW,2,WEAK)",117,9.232,A1d1,-1.275,0.824242,-0.475,0.7999999999999999,-1.6871209999999999,-1.42096,0.26616099999999987
9882,2,11,AllGrid,1,200,10,44,61,"Freeze(CCW,6)",58991,2615.72,A1d1,0.38,1.48176,1.295,0.9149999999999999,-0.36088,0.2877799999999999,0.6486599999999999
2998,6,14,AllGrid,1,200,10,44,59,"Hit(CCW,5,STRONG)",14430,899.941,A1d1,2.895,0.86254,2.895,0.0,2.46373,2.46373,0.0
1555,2,3,AllGrid,1,200,10,44,17,"Draw(CCW,L3)",176356,5847.67,A1d1,1.1,2.09045,1.1,0.0,0.05477500000000002,0.05477500000000002,0.0
4372,4,14,AllGrid,1,200,10,44,18,"Draw(CW,L4)",15170,483.893,A1d1,0.095,1.24337,0.095,0.0,-0.5266850000000001,-0.5266850000000001,0.0
3732,7,7,AllGrid,1,200,10,44,14,"Draw(CW,L2)",119706,3850.6,A1d1,0.915,1.96412,1.125,0.20999999999999996,-0.06706000000000001,0.254745,0.321805
3858,5,5,AllGrid,1,200,10,44,44,"Hit(CW,2,WEAK)",145292,5196.6,A1d1,0.67,2.19342,0.885,0.21499999999999997,-0.42671000000000003,-0.11504999999999999,0.31166000000000005
1938,0,14,AllGrid,1,200,10,44,48,"Hit(CW,11,STRONG)",14594,670.866,A1d1,-0.045,1.74441,1.43,1.4749999999999999,-0.917205,0.9590015000000001,1.8762065
9112,3,9,AllGrid,1,200,10,44,37,"Hit(CCW,2,MIDDLE)",88281,3174.49,A1d1,0.76,1.84997,0.76,0.0,-0.16498499999999994,-0.13746000000000003,0.02752499999999991
4157,3,12,AllGrid,1,200,10,44,34,"Hit(CW,3,WEAK)",43752,1931.03,A1d1,-1.14,1.58127,-0.705,0.43499999999999994,-1.9306349999999999,-1.5046849999999998,0.42595000000000005
7373,1,11,AllGrid,1,200,10,44,41,"Freeze(CCW,2)",58241,2408.06,A1d1,1.175,1.30934,1.175,0.0,0.5203300000000001,0.5203300000000001,0.0
7173,4,15,AllGrid,1,200,10,44,0,"Draw(CW,TEE)",151,18.8804,A1d1,1.84,0.366606,2.0,0.15999999999999992,1.656697,2.0,0.3433029999999999
196,4,4,AllGrid,1,200,10,44,9,"Draw(CCW,S6)",162349,5301.47,A1d1,-0.475,2.24486,-0.22,0.255,-1.5974300000000001,-1.206355,0.39107500000000006
2630,2,14,AllGrid,1,200,10,44,0,"Draw(CW,TEE)",14704,512.534,A1d1,-1.075,1.38542,-1.07,0.004999999999999893,-1.7677100000000001,-1.5130295,0.2546805000000001
5731,2,10,AllGrid,1,200,10,44,13,"Draw(CCW,L1)",73736,2349.19,A1d1,-0.94,1.65118,-0.555,0.3849999999999999,-1.76559,-1.26157,0.5040199999999999
9518,4,5,AllGrid,1,200,10,44,5,"Draw(CCW,S2)",146863,5115.06,A1d1,0.21,2.0435,0.985,0.775,-0.81175,0.009689999999999976,0.82144
8211,7,12,AllGrid,1,200,10,44,57,"Hit(CCW,9,MIDDLE)",43401,1547.26,A1d1,-1.12,1.68985,-0.815,0.30500000000000016,-1.964925,-1.69403,0.2708950000000001
7977,6,14,AllGrid,1,200,10,45,3,"Draw(CCW,S0)",14277,843.86,A1d1,-2.53,1.60907,-1.635,0.8949999999999998,-3.334535,-2.371845,0.9626899999999998
3926,6,11,AllGrid,1,200,10,45,37,"Hit(CCW,0,MIDDLE)",58830,2714.16,A1d1,-1.43,2.04086,0.425,1.855,-2.45043,-0.594115,1.856315
3883,1,14,AllGrid,1,200,10,45,0,"Draw(CW,TEE)",15470,506.373,A1d1,-0.29,0.925149,-0.075,0.21499999999999997,-0.7525744999999999,-0.551806,0.2007684999999999
9222,7,5,AllGrid,1,200,10,45,17,"Draw(CCW,L3)",147088,4751.88,A1d1,1.315,2.00394,1.315,0.0,0.3130299999999999,0.33006500000000005,0.017035000000000133
7881,2,15,AllGrid,1,200,10,45,84,"Hit(CW,12,WEAK)",129,9.75795,A1d1,0.285,1.42961,1.72,1.435,-0.42980500000000005,0.6866099999999999,1.116415
6406,1,10,AllGrid,1,200,10,45,50,"Freeze(CW,9)",73259,2498.84,A1d1,-0.645,1.76889,-0.385,0.26,-1.529445,-1.2389299999999999,0.2905150000000001
8452,5,15,AllGrid,1,200,10,45,34,"Hit(CW,0,WEAK)",153,14.9113,A1d1,1.32,0.6063,1.935,0.615,1.01685,1.8117370000000002,0.7948870000000001
1028,6,15,AllGrid,1,200,10,45,0,"Draw(CW,TEE)",151,14.6746,A1d1,0.77,0.668655,1.0,0.22999999999999998,0.4356725,1.0,0.5643275
2596,1,14,AllGrid,1,200,10,45,86,"Hit(CW,11,MIDDLE)",14538,896.434,A1d1,0.65,1.72554,1.97,1.3199999999999998,-0.21277000000000001,1.7626545,1.9754245
4748,1,3,AllGrid,1,200,10,45,33,"Hit(CCW,0,TOUCH)",176292,5836.34,A1d1,0.935,1.98009,0.985,0.04999999999999993,-0.0550449999999999,0.04894999999999994,0.10399499999999984
9206,3,13,AllGrid,1,200,10,45,36,"Hit(CW,12,MIDDLE)",30338,1000.89,A1d1,1.245,1.28257,1.73,0.4849999999999999,0.6037150000000001,1.01113,0.40741499999999997
5859,1,6,AllGrid,1,200,10,45,55,"PostGuard(CCW,2,1)",131532,4629.26,A1d1,-0.495,1.92093,-0.015,0.48,-1.455465,-1.006815,0.44865
6871,4,5,AllGrid,1,200,10,45,64,"PostGuard(CW,5,0)",146227,5006.92,A1d1,0.71,2.22394,1.32,0.6100000000000001,-0.40196999999999994,0.2883,0.6902699999999999
7163,3,13,AllGrid,1,200,10,45,11,"Draw(CCW,L0)",28979,1050.73,A1d1,1.68,1.82691,2.465,0.7849999999999999,0.7665449999999999,1.7441,0.9775550000000001
5807,0,8,AllGrid,1,200,10,45,55,"Hit(CCW,7,WEAK)",102388,3729.02,A1d1,-0.6,2.01742,0.03,0.63,-1.6087099999999999,-1.02227,0.5864399999999999
5567,2,15,AllGrid,1,200,10,45,0,"Draw(CW,TEE)",129,12.1213,A1d1,1.535,0.999387,1.93,0.395,1.0353065,1.7758085,0.740502
2507,3,11,AllGrid,1,200,10,45,61,"Hit(CCW,8,MIDDLE)",58705,2377.45,A1d1,0.815,1.95468,1.715,0.9000000000000001,-0.16234000000000004,0.6236950000000001,0.7860350000000002
7006,3,15,AllGrid,1,200,10,45,0,"Draw(CW,TEE)",145,15.5632,A1d1,-1.0,0.0,-0.97,0.030000000000000027,-1.0,-1.0,0.0
1984,6,4,AllGrid,1,200,10,45,47,"Hit(CCW,3,MIDDLE)",161021,5445.35,A1d1,-0.595,1.91859,-0.31,0.285,-1.554295,-1.28004,0.2742549999999999
1845,7,14,AllGrid,1,200,10,45,42,"PostGuard(CW,10,0)",14763,498.872,A1d1,0.73,1.74559,1.44,0.71,-0.142795,0.6659849999999999,0.8087799999999999
5780,2,6,AllGrid,1,200,10,45,35,"Hit(CCW,5,WEAK)",132445,4360.96,A1d1,-0.78,1.76397,-0.375,0.405,-1.661985,-1.29075,0.371235
8645,7,5,AllGrid,1,200,10,45,45,"Hit(CCW,2,WEAK)",146427,5146.7,A1d1,0.625,2.02346,0.92,0.29500000000000004,-0.38673,-0.061529999999999974,0.32520000000000004
6132,0,13,AllGrid,1,200,10,45,44,"Hit(CW,10,WEAK)",29469,1252.46,A1d1,2.135,1.89388,2.62,0.4850000000000003,1.1880599999999997,2.035705,0.8476450000000004
3339,4,10,AllGrid,1,200,10,45,42,"Hit(CW,9,TOUCH)",72916,2531.71,A1d1,-0.5,1.88944,-0.305,0.195,-1.44472,-1.19128,0.2534400000000001
3566,6,14,AllGrid,1,200,10,45,58,"Hit(CW,7,STRONG)",14873,983.695,A1d1,0.61,1.04781,1.01,0.4,0.08609500000000003,1.0,0.913905
5523,3,9,AllGrid,1,200,10,45,55,"Hit(CCW,4,WEAK)",87414,3496.91,A1d1,0.74,1.9602,0.74,0.0,-0.24009999999999998,-0.24009999999999998,0.0
7015,5,14,AllGrid,1,200,10,45,46,"Hit(CW,3,MIDDLE)",14754,876.766,A1d1,-3.285,0.820838,-1.135,2.1500000000000004,-3.6954190000000002,-2.098945,1.5964740000000002
743,7,3,AllGrid,1,200,10,45,16,"Draw(CW,L3)",174923,5870.71,A1d1,0.615,2.2993,0.98,0.365,-0.5346500000000001,-0.07272499999999993,0.46192500000000014
1014,4,15,AllGrid,1,200,10,45,10,"Draw(CW,L0)",61,3.35331,A1d1,3.325,1.27255,3.325,0.0,2.6887250000000003,2.6887250000000003,0.0
3900,0,10,AllGrid,1,200,10,45,32,"Hit(CW,9,TOUCH)",73422,2481.24,A1d1,-0.42,1.6744,0.305,0.725,-1.2572,-0.5656300000000001,0.69157
4543,6,5,AllGrid,1,200,10,45,43,"Hit(CCW,2,TOUCH)",146068,5057.1,A1d1,0.6,1.9799,1.09,0.4900000000000001,-0.38995,0.057780000000000165,0.4477300000000002
9231,5,14,AllGrid,1,200,10,45,50,"Freeze(CW,5)",14773,707.088,A1d1,1.61,1.16529,2.025,0.4149999999999998,1.027355,1.620533,0.593178
1825,5,7,AllGrid,1,200,10,45,39,"Hit(CCW,2,STRONG)",116705,4190.71,A1d1,0.58,1.84759,0.865,0.28500000000000003,-0.3437950000000001,-0.21359499999999998,0.1302000000000001
4062,4,15,AllGrid,1,200,10,45,35,"Hit(CCW,2,WEAK)",117,8.98946,A1d1,-1.275,0.824242,-0.475,0.7999999999999999,-1.6871209999999999,-1.42096,0.26616099999999987
9882,2,11,AllGrid,1,200,10,45,87,"PostGuard(CCW,5,1)",58775,2620.33,A1d1,0.64,1.11373,1.295,0.6549999999999999,0.08313499999999996,0.2877799999999999,0.20464499999999997
2998,6,14,AllGrid,1,200,10,45,57,"Hit(CCW,5,MIDDLE)",14655,931.605,A1d1,2.82,0.926067,2.895,0.07500000000000018,2.3569665,2.46373,0.10676350000000001
1555,2,3,AllGrid,1,200,10,45,27,"PreGuard(CCW,G3)",175914,5843.1,A1d1,0.465,2.18146,1.1,0.635,-0.6257299999999999,0.05477500000000002,0.6805049999999999
4372,4,14,AllGrid,1,200,10,45,19,"Draw(CCW,L4)",14594,470.472,A1d1,0.02,1.24081,0.095,0.075,-0.600405,-0.5266850000000001,0.0737199999999999
3732,7,7,AllGrid,1,200,10,45,35,"Hit(CCW,4,WEAK)",119732,3853.75,A1d1,0.885,1.90572,1.125,0.24,-0.06786000000000003,0.254745,0.32260500000000003
3858,5,5,AllGrid,1,200,10,45,32,"Hit(CW,0,TOUCH)",145904,5250.1,A1d1,0.73,2.01422,0.885,0.15500000000000003,-0.27710999999999997,-0.11504999999999999,0.16205999999999998
1938,0,14,AllGrid,1,200,10,45,46,"Hit(CW,11,MIDDLE)",14225,644.202,A1d1,-0.08,1.81207,1.43,1.51,-0.986035,0.9590015000000001,1.9450365
9112,3,9,AllGrid,1,200,10,45,37,"Hit(CCW,2,MIDDLE)",87269,3164.15,A1d1,0.76,1.84997,0.76,0.0,-0.16498499999999994,-0.13746000000000003,0.02752499999999991
4157,3,12,AllGrid,1,200,10,45,34,"Hit(CW,3,WEAK)",43933,1910.64,A1d1,-1.14,1.58127,-0.705,0.43499999999999994,-1.9306349999999999,-1.5046849999999998,0.42595000000000005
7373,1,11,AllGrid,1,200,10,45,33,"Hit(CCW,2,TOUCH)",58038,2456.84,A1d1,1.09,1.32359,1.175,0.08499999999999996,0.42820500000000006,0.5203300000000001,0.09212500000000001
7173,4,15,AllGrid,1,200,10,45,0,"Draw(CW,TEE)",151,16.6902,A1d1,1.84,0.366606,2.0,0.15999999999999992,1.656697,2.0,0.3433029999999999
196,4,4,AllGrid,1,200,10,45,35,"Hit(CCW,3,WEAK)",160629,5238.22,A1d1,-0.22,1.97271,-0.22,0.0,-1.206355,-1.206355,0.0
2630,2,14,AllGrid,1,200,10,45,0,"Draw(CW,TEE)",14407,497.81,A1d1,-1.075,1.38542,-1.07,0.004999999999999893,-1.7677100000000001,-1.5130295,0.2546805000000001
5731,2,10,AllGrid,1,200,10,45,35,"Hit(CCW,9,WEAK)",73698,2351.82,A1d1,-0.705,1.34461,-0.555,0.1499999999999999,-1.377305,-1.26157,0.11573499999999992
9518,4,5,AllGrid,1,200,10,45,44,"Hit(CW,2,WEAK)",146460,5132.91,A1d1,0.705,2.00449,0.985,0.28,-0.2972450000000001,0.009689999999999976,0.30693500000000007
8211,7,12,AllGrid,1,200,10,45,10,"Draw(CW,L0)",43651,1571.41,A1d1,-1.205,1.83384,-0.815,0.3900000000000001,-2.1219200000000003,-1.69403,0.4278900000000003
7977,6,14,AllGrid,1,200,10,46,46,"Hit(CW,3,MIDDLE)",15033,895.898,A1d1,-3.235,1.42119,-1.635,1.5999999999999999,-3.945595,-2.371845,1.57375
3926,6,11,AllGrid,1,200,10,46,39,"Hit(CCW,0,STRONG)",58382,2728.23,A1d1,-1.615,2.01166,0.425,2.04,-2.6208299999999998,-0.594115,2.026715
3883,1,14,AllGrid,1,200,10,46,0,"Draw(CW,TEE)",15833,514.049,A1d1,-0.29,0.925149,-0.075,0.21499999999999997,-0.7525744999999999,-0.551806,0.2007684999999999
9222,7,5,AllGrid,1,200,10,46,20,"Draw(CW,L5)",146321,4731.76,A1d1,1.125,2.01727,1.315,0.18999999999999995,0.11636500000000005,0.33006500000000005,0.2137
7881,2,15,AllGrid,1,200,10,46,84,"Hit(CW,12,WEAK)",129,9.75754,A1d1,0.285,1.42961,1.72,1.435,-0.42980500000000005,0.6866099999999999,1.116415
6406,1,10,AllGrid,1,200,10,46,0,"Draw(CW,TEE)",72509,2482.0,A1d1,-0.385,1.70786,-0.385,0.0,-1.2389299999999999,-1.2389299999999999,0.0
8452,5,15,AllGrid,1,200,10,46,34,"Hit(CW,0,WEAK)",153,15.0301,A1d1,1.32,0.6063,1.935,0.615,1.01685,1.8117370000000002,0.7948870000000001
1028,6,15,AllGrid,1,200,10,46,0,"Draw(CW,TEE)",151,15.6884,A1d1,0.77,0.668655,1.0,0.22999999999999998,0.4356725,1.0,0.5643275
2596,1,14,AllGrid,1,200,10,46,88,"Hit(CW,11,STRONG)",14367,892.251,A1d1,0.705,1.57733,1.97,1.2650000000000001,-0.08366499999999999,1.7626545,1.8463195
4748,1,3,AllGrid,1,200,10,46,12,"Draw(CW,L1)",177687,5880.46,A1d1,0.545,2.07557,0.985,0.43999999999999995,-0.4927849999999999,0.04894999999999994,0.5417349999999999
9206,3,13,AllGrid,1,200,10,46,36,"Hit(CW,12,MIDDLE)",30363,998.97,A1d1,1.245,1.28257,1.73,0.4849999999999999,0.6037150000000001,1.01113,0.40741499999999997
5859,1,6,AllGrid,1,200,10,46,6,"Draw(CW,S4)",131662,4672.5,A1d1,-0.32,1.79655,-0.015,0.305,-1.218275,-1.006815,0.21145999999999998
6871,4,5,AllGrid,1,200,10,46,28,"PreGuard(CW,G4)",145941,5026.68,A1d1,0.655,1.97888,1.32,0.665,-0.33443999999999996,0.2883,0.62274
7163,3,13,AllGrid,1,200,10,46,69,"Hit(CCW,12,STRONG)",29366,1084.75,A1d1,1.635,1.56581,2.465,0.8299999999999998,0.852095,1.7441,0.8920049999999999
5807,0,8,AllGrid,1,200,10,46,31,"PreGuard(CCW,G5)",102529,3723.79,A1d1,-0.275,2.06625,0.03,0.30500000000000005,-1.308125,-1.02227,0.28585499999999997
5567,2,15,AllGrid,1,200,10,46,0,"Draw(CW,TEE)",129,11.5699,A1d1,1.535,0.999387,1.93,0.395,1.0353065,1.7758085,0.740502
2507,3,11,AllGrid,1,200,10,46,63,"Hit(CCW,8,STRONG)",58685,2309.07,A1d1,1.02,1.98987,1.715,0.6950000000000001,0.025065000000000004,0.6236950000000001,0.5986300000000001
7006,3,15,AllGrid,1,200,10,46,0,"Draw(CW,TEE)",145,15.8423,A1d1,-1.0,0.0,-0.97,0.030000000000000027,-1.0,-1.0,0.0
1984,6,4,AllGrid,1,200,10,46,9,"Draw(CCW,S6)",161175,5439.47,A1d1,-0.685,1.96106,-0.31,0.37500000000000006,-1.66553,-1.28004,0.3854899999999999
1845,7,14,AllGrid,1,200,10,46,43,"PostGuard(CCW,10,0)",14952,496.769,A1d1,0.695,1.72973,1.44,0.745,-0.16986500000000004,0.6659849999999999,0.83585
5780,2,6,AllGrid,1,200,10,46,37,"Hit(CCW,5,MIDDLE)",133329,4373.83,A1d1,-0.75,1.94358,-0.375,0.375,-1.72179,-1.29075,0.43103999999999987
8645,7,5,AllGrid,1,200,10,46,45,"Hit(CCW,2,WEAK)",147404,5167.98,A1d1,0.625,2.02346,0.92,0.29500000000000004,-0.38673,-0.061529999999999974,0.32520000000000004
6132,0,13,AllGrid,1,200,10,46,44,"Hit(CW,10,WEAK)",29063,1230.27,A1d1,2.135,1.89388,2.62,0.4850000000000003,1.1880599999999997,2.035705,0.8476450000000004
3339,4,10,AllGrid,1,200,10,46,50,"Freeze(CW,9)",72711,2528.81,A1d1,-0.305,1.77256,-0.305,0.0,-1.19128,-1.19128,0.0
3566,6,14,AllGrid,1,200,10,46,58,"Hit(CW,7,STRONG)",14765,926.867,A1d1,0.61,1.04781,1.01,0.4,0.08609500000000003,1.0,0.913905
5523,3,9,AllGrid,1,200,10,46,55,"Hit(CCW,4,WEAK)",87849,3540.18,A1d1,0.74,1.9602,0.74,0.0,-0.24009999999999998,-0.24009999999999998,0.0
7015,5,14,AllGrid,1,200,10,46,46,"Hit(CW,3,MIDDLE)",15042,888.745,A1d1,-3.285,0.820838,-1.135,2.1500000000000004,-3.6954190000000002,-2.098945,1.5964740000000002
743,7,3,AllGrid,1,200,10,46,32,"Hit(CW,0,TOUCH)",176598,5897.7,A1d1,0.75,1.97927,0.98,0.22999999999999998,-0.23963500000000004,-0.07272499999999993,0.1669100000000001
1014,4,15,AllGrid,1,200,10,46,10,"Draw(CW,L0)",61,3.3548,A1d1,3.325,1.27255,3.325,0.0,2.6887250000000003,2.6887250000000003,0.0
3900,0,10,AllGrid,1,200,10,46,52,"PostGuard(CW,8,2)",72188,2445.12,A1d1,-0.035,1.83133,0.305,0.33999999999999997,-0.950665,-0.5656300000000001,0.3850349999999999
4543,6,5,AllGrid,1,200,10,46,34,"Hit(CW,0,WEAK)",145849,5055.97,A1d1,0.71,2.02136,1.09,0.3800000000000001,-0.30068000000000006,0.057780000000000165,0.3584600000000002
9231,5,14,AllGrid,1,200,10,46,2,"Draw(CW,S0)",14530,677.975,A1d1,1.665,1.2778,2.025,0.3599999999999999,1.0261,1.620533,0.594433
1825,5,7,AllGrid,1,200,10,46,38,"Hit(CW,2,STRONG)",115974,4143.73,A1d1,0.72,1.91353,0.865,0.14500000000000002,-0.236765,-0.21359499999999998,0.023170000000000024
4062,4,15,AllGrid,1,200,10,46,35,"Hit(CCW,2,WEAK)",117,9.4348,A1d1,-1.275,0.824242,-0.475,0.7999999999999999,-1.6871209999999999,-1.42096,0.26616099999999987
9882,2,11,AllGrid,1,200,10,46,53,"Hit(CCW,6,TOUCH)",58121,2607.57,A1d1,0.485,1.41767,1.295,0.8099999999999999,-0.223835,0.2877799999999999,0.5116149999999999
2998,6,14,AllGrid,1,200,10,46,57,"Hit(CCW,5,MIDDLE)",14439,915.367,A1d1,2.82,0.926067,2.895,0.07500000000000018,2.3569665,2.46373,0.10676350000000001
1555,2,3,AllGrid,1,200,10,46,43,"PostGuard(CCW,1,0)",175387,5823.61,A1d1,0.5,2.05913,1.1,0.6000000000000001,-0.5295650000000001,0.05477500000000002,0.5843400000000001
4372,4,14,AllGrid,1,200,10,46,18,"Draw(CW,L4)",14767,473.43,A1d1,0.095,1.24337,0.095,0.0,-0.5266850000000001,-0.5266850000000001,0.0
3732,7,7,AllGrid,1,200,10,46,38,"Hit(CW,4,STRONG)",119922,3868.48,A1d1,0.62,1.82088,1.125,0.505,-0.29044000000000003,0.254745,0.545185
3858,5,5,AllGrid,1,200,10,46,41,"Freeze(CCW,0)",146011,5247.62,A1d1,0.695,1.93183,0.885,0.19000000000000006,-0.270915,-0.11504999999999999,0.15586500000000003
1938,0,14,AllGrid,1,200,10,46,46,"Hit(CW,11,MIDDLE)",14729,695.746,A1d1,-0.08,1.81207,1.43,1.51,-0.986035,0.9590015000000001,1.9450365
9112,3,9,AllGrid,1,200,10,46,35,"Hit(CCW,2,WEAK)",88112,3154.88,A1d1,0.385,1.79075,0.76,0.375,-0.510375,-0.13746000000000003,0.372915
4157,3,12,AllGrid,1,200,10,46,34,"Hit(CW,3,WEAK)",44463,1928.83,A1d1,-1.14,1.58127,-0.705,0.43499999999999994,-1.9306349999999999,-1.5046849999999998,0.42595000000000005
7373,1,11,AllGrid,1,200,10,46,33,"Hit(CCW,2,TOUCH)",58576,2479.8,A1d1,1.09,1.32359,1.175,0.08499999999999996,0.42820500000000006,0.5203300000000001,0.09212500000000001
7173,4,15,AllGrid,1,200,10,46,0,"Draw(CW,TEE)",151,18.1173,A1d1,1.84,0.366606,2.0,0.15999999999999992,1.656697,2.0,0.3433029999999999
196,4,4,AllGrid,1,200,10,46,6,"Draw(CW,S4)",160384,5259.19,A1d1,-0.815,2.11914,-0.22,0.595,-1.8745699999999998,-1.206355,0.6682149999999998
2630,2,14,AllGrid,1,200,10,46,0,"Draw(CW,TEE)",14479,503.03,A1d1,-1.075,1.38542,-1.07,0.004999999999999893,-1.7677100000000001,-1.5130295,0.2546805000000001
5731,2,10,AllGrid,1,200,10,46,13,"Draw(CCW,L1)",73160,2356.4,A1d1,-0.94,1.65118,-0.555,0.3849999999999999,-1.76559,-1.26157,0.5040199999999999
9518,4,5,AllGrid,1,200,10,46,39,"Hit(CCW,0,STRONG)",147644,5165.51,A1d1,0.54,1.83259,0.985,0.44499999999999995,-0.37629499999999994,0.009689999999999976,0.3859849999999999
8211,7,12,AllGrid,1,200,10,46,10,"Draw(CW,L0)",43391,1575.26,A1d1,-1.205,1.83384,-0.815,0.3900000000000001,-2.1219200000000003,-1.69403,0.4278900000000003
7977,6,14,Proposed,3,200,10,42,46,"Hit(CW,3,MIDDLE)",3938,321.39,A2,-3.235,1.42119,-1.635,1.5999999999999999,-3.945595,-2.371845,1.57375
3926,6,11,Proposed,3,200,10,42,37,"Hit(CCW,0,MIDDLE)",47672,2293.66,A2,-1.43,2.04086,0.425,1.855,-2.45043,-0.594115,1.856315
3883,1,14,Proposed,3,200,10,42,18,"Draw(CW,L4)",367,19.2453,A2,-0.355,0.893854,-0.075,0.27999999999999997,-0.8019270000000001,-0.551806,0.25012100000000004
9222,7,5,Proposed,3,200,10,42,9,"Draw(CCW,S6)",121483,3990.42,A2,0.995,1.99874,1.315,0.31999999999999995,-0.004369999999999985,0.33006500000000005,0.33443500000000004
7881,2,15,Proposed,3,200,10,42,0,"Draw(CW,TEE)",129,9.23827,A2,-1.005,0.0705337,1.72,2.7249999999999996,-1.0402668499999999,0.6866099999999999,1.7268768499999998
6406,1,10,Proposed,3,200,10,42,0,"Draw(CW,TEE)",53509,2072.43,A2,-0.385,1.70786,-0.385,0.0,-1.2389299999999999,-1.2389299999999999,0.0
8452,5,15,Proposed,3,200,10,42,0,"Draw(CW,TEE)",153,13.147,A2,1.445,0.496966,1.935,0.49,1.196517,1.8117370000000002,0.6152200000000001
1028,6,15,Proposed,3,200,10,42,0,"Draw(CW,TEE)",151,12.6809,A2,0.77,0.668655,1.0,0.22999999999999998,0.4356725,1.0,0.5643275
2596,1,14,Proposed,3,200,10,42,45,"Hit(CCW,3,WEAK)",4096,303.911,A2,1.385,1.7137,1.97,0.585,0.52815,1.7626545,1.2345045
4748,1,3,Proposed,3,200,10,42,36,"Hit(CW,0,MIDDLE)",152916,5225.67,A2,0.31,2.13867,0.985,0.675,-0.7593349999999999,0.04894999999999994,0.8082849999999998
9206,3,13,Proposed,3,200,10,42,11,"Draw(CCW,L0)",7406,412.282,A2,1.66,1.49479,1.73,0.07000000000000006,0.9126049999999999,1.01113,0.0985250000000002
5859,1,6,Proposed,3,200,10,42,59,"PostGuard(CCW,4,0)",112777,4077.62,A2,-0.355,2.0467,-0.015,0.33999999999999997,-1.37835,-1.006815,0.37153499999999995
6871,4,5,Proposed,3,200,10,42,52,"PostGuard(CW,1,0)",130079,4787.77,A2,1.18,2.22207,1.32,0.14000000000000012,0.06896499999999994,0.2883,0.21933500000000006
7163,3,13,Proposed,3,200,10,42,67,"Hit(CCW,12,MIDDLE)",6670,427.245,A2,1.88,1.55743,2.465,0.585,1.1012849999999998,1.7441,0.6428150000000001
5807,0,8,Proposed,3,200,10,42,71,"PostGuard(CCW,4,1)",89922,3565.47,A2,-0.035,2.09136,0.03,0.065,-1.0806799999999999,-1.02227,0.05840999999999985
5567,2,15,Proposed,3,200,10,42,0,"Draw(CW,TEE)",129,10.2434,A2,1.535,0.999387,1.93,0.395,1.0353065,1.7758085,0.740502
2507,3,11,Proposed,3,200,10,42,41,"Hit(CCW,4,MIDDLE)",40846,1847.58,A2,0.645,2.16078,1.715,1.07,-0.43538999999999994,0.6236950000000001,1.059085
7006,3,15,Proposed,3,200,10,42,0,"Draw(CW,TEE)",145,15.7985,A2,-1.0,0.0,-0.97,0.030000000000000027,-1.0,-1.0,0.0
1984,6,4,Proposed,3,200,10,42,42,"Hit(CW,3,TOUCH)",139818,5035.17,A2,-0.695,2.24988,-0.31,0.38499999999999995,-1.81994,-1.28004,0.5398999999999998
1845,7,14,Proposed,3,200,10,42,48,"PostGuard(CW,12,0)",800,61.3784,A2,1.005,1.77904,1.44,0.43500000000000005,0.11547999999999992,0.6659849999999999,0.550505
5780,2,6,Proposed,3,200,10,42,37,"Hit(CCW,5,MIDDLE)",109938,3858.6,A2,-0.75,1.94358,-0.375,0.375,-1.72179,-1.29075,0.43103999999999987
8645,7,5,Proposed,3,200,10,42,46,"Hit(CW,2,MIDDLE)",129641,4800.4,A2,0.62,1.97373,0.92,0.30000000000000004,-0.366865,-0.061529999999999974,0.305335
6132,0,13,Proposed,3,200,10,42,54,"Hit(CW,12,WEAK)",19194,1191.08,A2,1.96,1.7258,2.62,0.6600000000000001,1.0971,2.035705,0.9386050000000001
3339,4,10,Proposed,3,200,10,42,62,"PostGuard(CW,6,2)",56905,2217.59,A2,-0.995,1.87483,-0.305,0.69,-1.932415,-1.19128,0.7411350000000001
3566,6,14,Proposed,3,200,10,42,55,"Hit(CCW,7,WEAK)",3121,266.701,A2,0.45,1.13027,1.01,0.56,-0.11513500000000004,1.0,1.115135
5523,3,9,Proposed,3,200,10,42,55,"Hit(CCW,4,WEAK)",71523,3073.26,A2,0.74,1.9602,0.74,0.0,-0.24009999999999998,-0.24009999999999998,0.0
7015,5,14,Proposed,3,200,10,42,11,"Draw(CCW,L0)",4010,318.215,A2,-1.135,1.92789,-1.135,0.0,-2.098945,-2.098945,0.0
743,7,3,Proposed,3,200,10,42,13,"Draw(CCW,L1)",153720,5322.76,A2,0.705,1.98947,0.98,0.275,-0.2897350000000001,-0.07272499999999993,0.21701000000000015
1014,4,15,Proposed,3,200,10,42,0,"Draw(CW,TEE)",61,4.28819,A2,1.035,1.12862,3.325,2.29,0.47068999999999994,2.6887250000000003,2.2180350000000004
3900,0,10,Proposed,3,200,10,42,40,"Freeze(CW,9)",53086,2009.68,A2,-0.02,1.70282,0.305,0.325,-0.87141,-0.5656300000000001,0.30577999999999994
4543,6,5,Proposed,3,200,10,42,44,"Hit(CW,2,WEAK)",129524,4876.18,A2,0.78,1.86322,1.09,0.31000000000000005,-0.15161000000000002,0.057780000000000165,0.2093900000000002
9231,5,14,Proposed,3,200,10,42,10,"Draw(CW,L0)",1926,127.772,A2,1.14,1.46983,2.025,0.885,0.4050849999999999,1.620533,1.215448
1825,5,7,Proposed,3,200,10,42,1,"Draw(CCW,TEE)",99539,3838.63,A2,0.79,2.03615,0.865,0.07499999999999996,-0.22807500000000003,-0.21359499999999998,0.014480000000000048
4062,4,15,Proposed,3,200,10,42,0,"Draw(CW,TEE)",117,10.6786,A2,-1.995,0.122372,-0.475,1.52,-2.0561860000000003,-1.42096,0.6352260000000003
9882,2,11,Proposed,3,200,10,42,78,"PostGuard(CW,3,0)",52770,2663.32,A2,0.51,1.29611,1.295,0.7849999999999999,-0.13805500000000004,0.2877799999999999,0.42583499999999996
2998,6,14,Proposed,3,200,10,42,57,"Hit(CCW,5,MIDDLE)",3970,314.873,A2,2.82,0.926067,2.895,0.07500000000000018,2.3569665,2.46373,0.10676350000000001
1555,2,3,Proposed,3,200,10,42,35,"Hit(CCW,0,WEAK)",154165,5283.1,A2,0.835,2.06828,1.1,0.2650000000000001,-0.1991400000000001,0.05477500000000002,0.2539150000000001
4372,4,14,Proposed,3,200,10,42,19,"Draw(CCW,L4)",603,41.2443,A2,0.02,1.24081,0.095,0.075,-0.600405,-0.5266850000000001,0.0737199999999999
3732,7,7,Proposed,3,200,10,42,37,"Hit(CCW,4,MIDDLE)",92496,3146.36,A2,0.93,1.81248,1.125,0.19499999999999995,0.023760000000000003,0.254745,0.230985
3858,5,5,Proposed,3,200,10,42,35,"Hit(CCW,0,WEAK)",130872,4967.09,A2,0.545,2.07797,0.885,0.33999999999999997,-0.493985,-0.11504999999999999,0.378935
1938,0,14,Proposed,3,200,10,42,54,"Hit(CW,13,WEAK)",2076,173.274,A2,1.175,1.5506,1.43,0.2549999999999999,0.39970000000000006,0.9590015000000001,0.5593015
9112,3,9,Proposed,3,200,10,42,56,"Hit(CW,6,MIDDLE)",69402,2706.63,A2,0.695,1.66492,0.76,0.06500000000000006,-0.13746000000000003,-0.13746000000000003,0.0
4157,3,12,Proposed,3,200,10,42,36,"Hit(CW,3,MIDDLE)",27983,1514.75,A2,-0.705,1.59937,-0.705,0.0,-1.5046849999999998,-1.5046849999999998,0.0
7373,1,11,Proposed,3,200,10,42,36,"Hit(CW,2,MIDDLE)",49176,2385.57,A2,0.335,1.76147,1.175,0.8400000000000001,-0.5457350000000001,0.5203300000000001,1.066065
7173,4,15,Proposed,3,200,10,42,0,"Draw(CW,TEE)",151,16.2963,A2,1.84,0.366606,2.0,0.15999999999999992,1.656697,2.0,0.3433029999999999
196,4,4,Proposed,3,200,10,42,43,"PostGuard(CCW,2,0)",139133,4733.97,A2,-0.685,2.00394,-0.22,0.4650000000000001,-1.68697,-1.206355,0.480615
2630,2,14,Proposed,3,200,10,42,33,"Hit(CCW,11,TOUCH)",867,64.432,A2,-1.445,1.39175,-1.07,0.375,-2.1408750000000003,-1.5130295,0.6278455000000003
5731,2,10,Proposed,3,200,10,42,13,"Draw(CCW,L1)",49772,1776.64,A2,-0.94,1.65118,-0.555,0.3849999999999999,-1.76559,-1.26157,0.5040199999999999
9518,4,5,Proposed,3,200,10,42,44,"Hit(CW,2,WEAK)",127538,4681.44,A2,0.705,2.00449,0.985,0.28,-0.2972450000000001,0.009689999999999976,0.30693500000000007
8211,7,12,Proposed,3,200,10,42,70,"Freeze(CW,11)",27524,1351.0,A2,-1.045,1.73002,-0.815,0.22999999999999998,-1.9100099999999998,-1.69403,0.21597999999999984
7977,6,14,Proposed,3,200,10,43,46,"Hit(CW,3,MIDDLE)",3938,297.122,A2,-3.235,1.42119,-1.635,1.5999999999999999,-3.945595,-2.371845,1.57375
3926,6,11,Proposed,3,200,10,43,37,"Hit(CCW,0,MIDDLE)",46500,2234.81,A2,-1.43,2.04086,0.425,1.855,-2.45043,-0.594115,1.856315
3883,1,14,Proposed,3,200,10,43,18,"Draw(CW,L4)",367,19.1655,A2,-0.355,0.893854,-0.075,0.27999999999999997,-0.8019270000000001,-0.551806,0.25012100000000004
9222,7,5,Proposed,3,200,10,43,9,"Draw(CCW,S6)",121614,3967.64,A2,0.995,1.99874,1.315,0.31999999999999995,-0.004369999999999985,0.33006500000000005,0.33443500000000004
7881,2,15,Proposed,3,200,10,43,0,"Draw(CW,TEE)",129,9.38889,A2,-1.005,0.0705337,1.72,2.7249999999999996,-1.0402668499999999,0.6866099999999999,1.7268768499999998
6406,1,10,Proposed,3,200,10,43,0,"Draw(CW,TEE)",52150,1996.36,A2,-0.385,1.70786,-0.385,0.0,-1.2389299999999999,-1.2389299999999999,0.0
8452,5,15,Proposed,3,200,10,43,0,"Draw(CW,TEE)",153,13.8899,A2,1.445,0.496966,1.935,0.49,1.196517,1.8117370000000002,0.6152200000000001
1028,6,15,Proposed,3,200,10,43,0,"Draw(CW,TEE)",151,13.9487,A2,0.77,0.668655,1.0,0.22999999999999998,0.4356725,1.0,0.5643275
2596,1,14,Proposed,3,200,10,43,45,"Hit(CCW,3,WEAK)",4096,316.122,A2,1.385,1.7137,1.97,0.585,0.52815,1.7626545,1.2345045
4748,1,3,Proposed,3,200,10,43,11,"Draw(CCW,L0)",151723,5138.32,A2,0.54,1.87307,0.985,0.44499999999999995,-0.39653499999999997,0.04894999999999994,0.4454849999999999
9206,3,13,Proposed,3,200,10,43,11,"Draw(CCW,L0)",7406,413.06,A2,1.66,1.49479,1.73,0.07000000000000006,0.9126049999999999,1.01113,0.0985250000000002
5859,1,6,Proposed,3,200,10,43,32,"Hit(CW,1,TOUCH)",112694,4064.13,A2,-0.26,1.93194,-0.015,0.245,-1.22597,-1.006815,0.219155
6871,4,5,Proposed,3,200,10,43,11,"Draw(CCW,L0)",130597,4828.49,A2,0.85,2.21754,1.32,0.4700000000000001,-0.25877000000000006,0.2883,0.5470700000000001
7163,3,13,Proposed,3,200,10,43,67,"Hit(CCW,12,MIDDLE)",6670,410.157,A2,1.88,1.55743,2.465,0.585,1.1012849999999998,1.7441,0.6428150000000001
5807,0,8,Proposed,3,200,10,43,72,"PostGuard(CW,4,2)",89301,3524.5,A2,-0.23,2.07776,0.03,0.26,-1.26888,-1.02227,0.24661
5567,2,15,Proposed,3,200,10,43,0,"Draw(CW,TEE)",129,10.2528,A2,1.535,0.999387,1.93,0.395,1.0353065,1.7758085,0.740502
2507,3,11,Proposed,3,200,10,43,39,"Hit(CCW,4,WEAK)",43590,2130.19,A2,1.66,2.22809,1.715,0.05500000000000016,0.545955,0.6236950000000001,0.07774000000000014
7006,3,15,Proposed,3,200,10,43,0,"Draw(CW,TEE)",145,13.3796,A2,-1.0,0.0,-0.97,0.030000000000000027,-1.0,-1.0,0.0
1984,6,4,Proposed,3,200,10,43,47,"Hit(CCW,3,MIDDLE)",140181,4958.76,A2,-0.595,1.91859,-0.31,0.285,-1.554295,-1.28004,0.2742549999999999
1845,7,14,Proposed,3,200,10,43,48,"PostGuard(CW,12,0)",800,47.3501,A2,1.005,1.77904,1.44,0.43500000000000005,0.11547999999999992,0.6659849999999999,0.550505
5780,2,6,Proposed,3,200,10,43,37,"Hit(CCW,5,MIDDLE)",109161,3744.4,A2,-0.75,1.94358,-0.375,0.375,-1.72179,-1.29075,0.43103999999999987
8645,7,5,Proposed,3,200,10,43,46,"Hit(CW,2,MIDDLE)",129887,4791.64,A2,0.62,1.97373,0.92,0.30000000000000004,-0.366865,-0.061529999999999974,0.305335
6132,0,13,Proposed,3,200,10,43,54,"Hit(CW,12,WEAK)",19194,1212.1,A2,1.96,1.7258,2.62,0.6600000000000001,1.0971,2.035705,0.9386050000000001
3339,4,10,Proposed,3,200,10,43,62,"PostGuard(CW,6,2)",57716,2275.89,A2,-0.995,1.87483,-0.305,0.69,-1.932415,-1.19128,0.7411350000000001
3566,6,14,Proposed,3,200,10,43,55,"Hit(CCW,7,WEAK)",3121,244.305,A2,0.45,1.13027,1.01,0.56,-0.11513500000000004,1.0,1.115135
5523,3,9,Proposed,3,200,10,43,55,"Hit(CCW,4,WEAK)",71938,3064.78,A2,0.74,1.9602,0.74,0.0,-0.24009999999999998,-0.24009999999999998,0.0
7015,5,14,Proposed,3,200,10,43,11,"Draw(CCW,L0)",4010,302.127,A2,-1.135,1.92789,-1.135,0.0,-2.098945,-2.098945,0.0
743,7,3,Proposed,3,200,10,43,34,"Hit(CW,0,WEAK)",153584,5303.54,A2,0.515,2.15633,0.98,0.46499999999999997,-0.563165,-0.07272499999999993,0.4904400000000001
1014,4,15,Proposed,3,200,10,43,0,"Draw(CW,TEE)",61,3.33783,A2,1.035,1.12862,3.325,2.29,0.47068999999999994,2.6887250000000003,2.2180350000000004
3900,0,10,Proposed,3,200,10,43,0,"Draw(CW,TEE)",52557,1998.42,A2,0.305,1.74126,0.305,0.0,-0.5656300000000001,-0.5656300000000001,0.0
4543,6,5,Proposed,3,200,10,43,46,"Hit(CW,2,MIDDLE)",129424,4743.93,A2,0.69,1.87721,1.09,0.40000000000000013,-0.24860500000000008,0.057780000000000165,0.30638500000000024
9231,5,14,Proposed,3,200,10,43,10,"Draw(CW,L0)",1926,126.795,A2,1.14,1.46983,2.025,0.885,0.4050849999999999,1.620533,1.215448
1825,5,7,Proposed,3,200,10,43,1,"Draw(CCW,TEE)",100915,3844.22,A2,0.79,2.03615,0.865,0.07499999999999996,-0.22807500000000003,-0.21359499999999998,0.014480000000000048
4062,4,15,Proposed,3,200,10,43,0,"Draw(CW,TEE)",117,8.65788,A2,-1.995,0.122372,-0.475,1.52,-2.0561860000000003,-1.42096,0.6352260000000003
9882,2,11,Proposed,3,200,10,43,65,"Hit(CCW,8,WEAK)",52193,2646.7,A2,0.3,1.74069,1.295,0.9949999999999999,-0.5703450000000001,0.2877799999999999,0.858125
2998,6,14,Proposed,3,200,10,43,57,"Hit(CCW,5,MIDDLE)",3970,313.92,A2,2.82,0.926067,2.895,0.07500000000000018,2.3569665,2.46373,0.10676350000000001
1555,2,3,Proposed,3,200,10,43,35,"Hit(CCW,0,WEAK)",153604,5262.51,A2,0.835,2.06828,1.1,0.2650000000000001,-0.1991400000000001,0.05477500000000002,0.2539150000000001
4372,4,14,Proposed,3,200,10,43,19,"Draw(CCW,L4)",603,33.9604,A2,0.02,1.24081,0.095,0.075,-0.600405,-0.5266850000000001,0.0737199999999999
3732,7,7,Proposed,3,200,10,43,8,"Draw(CW,S6)",92830,3099.79,A2,0.685,1.7366,1.125,0.43999999999999995,-0.1832999999999999,0.254745,0.4380449999999999
3858,5,5,Proposed,3,200,10,43,35,"Hit(CCW,0,WEAK)",131703,5024.96,A2,0.545,2.07797,0.885,0.33999999999999997,-0.493985,-0.11504999999999999,0.378935
1938,0,14,Proposed,3,200,10,43,54,"Hit(CW,13,WEAK)",2076,146.626,A2,1.175,1.5506,1.43,0.2549999999999999,0.39970000000000006,0.9590015000000001,0.5593015
9112,3,9,Proposed,3,200,10,43,35,"Hit(CCW,2,WEAK)",68152,2646.12,A2,0.385,1.79075,0.76,0.375,-0.510375,-0.13746000000000003,0.372915
4157,3,12,Proposed,3,200,10,43,36,"Hit(CW,3,MIDDLE)",28206,1441.62,A2,-0.705,1.59937,-0.705,0.0,-1.5046849999999998,-1.5046849999999998,0.0
7373,1,11,Proposed,3,200,10,43,36,"Hit(CW,2,MIDDLE)",48356,2317.84,A2,0.335,1.76147,1.175,0.8400000000000001,-0.5457350000000001,0.5203300000000001,1.066065
7173,4,15,Proposed,3,200,10,43,0,"Draw(CW,TEE)",151,16.4251,A2,1.84,0.366606,2.0,0.15999999999999992,1.656697,2.0,0.3433029999999999
196,4,4,Proposed,3,200,10,43,24,"Draw(CW,L7)",139225,4732.14,A2,-0.76,2.04754,-0.22,0.54,-1.78377,-1.206355,0.577415
2630,2,14,Proposed,3,200,10,43,33,"Hit(CCW,11,TOUCH)",867,49.589,A2,-1.445,1.39175,-1.07,0.375,-2.1408750000000003,-1.5130295,0.6278455000000003
5731,2,10,Proposed,3,200,10,43,36,"Hit(CW,9,MIDDLE)",49436,1710.6,A2,-0.72,1.47363,-0.555,0.16499999999999992,-1.456815,-1.26157,0.1952449999999999
9518,4,5,Proposed,3,200,10,43,46,"Hit(CW,2,MIDDLE)",129701,4789.83,A2,0.845,1.67062,0.985,0.14,0.009689999999999976,0.009689999999999976,0.0
8211,7,12,Proposed,3,200,10,43,45,"Hit(CCW,5,WEAK)",27794,1304.94,A2,-1.115,1.90047,-0.815,0.30000000000000004,-2.065235,-1.69403,0.371205
7977,6,14,Proposed,3,200,10,44,46,"Hit(CW,3,MIDDLE)",3938,293.942,A2,-3.235,1.42119,-1.635,1.5999999999999999,-3.945595,-2.371845,1.57375
3926,6,11,Proposed,3,200,10,44,37,"Hit(CCW,0,MIDDLE)",47185,2308.95,A2,-1.43,2.04086,0.425,1.855,-2.45043,-0.594115,1.856315
3883,1,14,Proposed,3,200,10,44,18,"Draw(CW,L4)",367,19.3083,A2,-0.355,0.893854,-0.075,0.27999999999999997,-0.8019270000000001,-0.551806,0.25012100000000004
9222,7,5,Proposed,3,200,10,44,12,"Draw(CW,L1)",120637,3991.26,A2,0.885,2.03268,1.315,0.42999999999999994,-0.13134,0.33006500000000005,0.46140500000000007
7881,2,15,Proposed,3,200,10,44,0,"Draw(CW,TEE)",129,9.46656,A2,-1.005,0.0705337,1.72,2.7249999999999996,-1.0402668499999999,0.6866099999999999,1.7268768499999998
6406,1,10,Proposed,3,200,10,44,50,"Freeze(CW,9)",52145,1985.34,A2,-0.645,1.76889,-0.385,0.26,-1.529445,-1.2389299999999999,0.2905150000000001
8452,5,15,Proposed,3,200,10,44,0,"Draw(CW,TEE)",153,13.4472,A2,1.445,0.496966,1.935,0.49,1.196517,1.8117370000000002,0.6152200000000001
1028,6,15,Proposed,3,200,10,44,0,"Draw(CW,TEE)",151,13.7843,A2,0.77,0.668655,1.0,0.22999999999999998,0.4356725,1.0,0.5643275
2596,1,14,Proposed,3,200,10,44,45,"Hit(CCW,3,WEAK)",4096,313.641,A2,1.385,1.7137,1.97,0.585,0.52815,1.7626545,1.2345045
4748,1,3,Proposed,3,200,10,44,36,"Hit(CW,0,MIDDLE)",151859,5161.41,A2,0.31,2.13867,0.985,0.675,-0.7593349999999999,0.04894999999999994,0.8082849999999998
9206,3,13,Proposed,3,200,10,44,11,"Draw(CCW,L0)",7406,412.911,A2,1.66,1.49479,1.73,0.07000000000000006,0.9126049999999999,1.01113,0.0985250000000002
5859,1,6,Proposed,3,200,10,44,41,"Freeze(CCW,1)",113196,4082.4,A2,-0.425,1.89588,-0.015,0.41,-1.37294,-1.006815,0.36612500000000003
6871,4,5,Proposed,3,200,10,44,52,"PostGuard(CW,1,0)",129541,4769.42,A2,1.18,2.22207,1.32,0.14000000000000012,0.06896499999999994,0.2883,0.21933500000000006
7163,3,13,Proposed,3,200,10,44,67,"Hit(CCW,12,MIDDLE)",6670,408.663,A2,1.88,1.55743,2.465,0.585,1.1012849999999998,1.7441,0.6428150000000001
5807,0,8,Proposed,3,200,10,44,45,"Hit(CCW,5,WEAK)",89317,3554.15,A2,-0.885,2.00294,0.03,0.915,-1.88647,-1.02227,0.8642000000000001
5567,2,15,Proposed,3,200,10,44,0,"Draw(CW,TEE)",129,10.4678,A2,1.535,0.999387,1.93,0.395,1.0353065,1.7758085,0.740502
2507,3,11,Proposed,3,200,10,44,39,"Hit(CCW,4,WEAK)",43073,1952.09,A2,1.66,2.22809,1.715,0.05500000000000016,0.545955,0.6236950000000001,0.07774000000000014
7006,3,15,Proposed,3,200,10,44,0,"Draw(CW,TEE)",145,12.9456,A2,-1.0,0.0,-0.97,0.030000000000000027,-1.0,-1.0,0.0
1984,6,4,Proposed,3,200,10,44,47,"Hit(CCW,3,MIDDLE)",140581,4956.28,A2,-0.595,1.91859,-0.31,0.285,-1.554295,-1.28004,0.2742549999999999
1845,7,14,Proposed,3,200,10,44,48,"PostGuard(CW,12,0)",800,47.4824,A2,1.005,1.77904,1.44,0.43500000000000005,0.11547999999999992,0.6659849999999999,0.550505
5780,2,6,Proposed,3,200,10,44,37,"Hit(CCW,5,MIDDLE)",109511,3769.55,A2,-0.75,1.94358,-0.375,0.375,-1.72179,-1.29075,0.43103999999999987
8645,7,5,Proposed,3,200,10,44,41,"Freeze(CCW,0)",128308,4703.18,A2,0.775,2.09866,0.92,0.14500000000000002,-0.2743300000000001,-0.061529999999999974,0.2128000000000001
6132,0,13,Proposed,3,200,10,44,54,"Hit(CW,12,WEAK)",19194,1184.79,A2,1.96,1.7258,2.62,0.6600000000000001,1.0971,2.035705,0.9386050000000001
3339,4,10,Proposed,3,200,10,44,36,"Hit(CW,7,MIDDLE)",56518,2230.5,A2,-0.72,1.66481,-0.305,0.415,-1.5524049999999998,-1.19128,0.3611249999999999
3566,6,14,Proposed,3,200,10,44,55,"Hit(CCW,7,WEAK)",3121,236.983,A2,0.45,1.13027,1.01,0.56,-0.11513500000000004,1.0,1.115135
5523,3,9,Proposed,3,200,10,44,55,"Hit(CCW,4,WEAK)",69978,2912.01,A2,0.74,1.9602,0.74,0.0,-0.24009999999999998,-0.24009999999999998,0.0
7015,5,14,Proposed,3,200,10,44,11,"Draw(CCW,L0)",4010,304.591,A2,-1.135,1.92789,-1.135,0.0,-2.098945,-2.098945,0.0
743,7,3,Proposed,3,200,10,44,7,"Draw(CCW,S4)",154856,5415.08,A2,0.5,1.98997,0.98,0.48,-0.494985,-0.07272499999999993,0.4222600000000001
1014,4,15,Proposed,3,200,10,44,0,"Draw(CW,TEE)",61,3.34575,A2,1.035,1.12862,3.325,2.29,0.47068999999999994,2.6887250000000003,2.2180350000000004
3900,0,10,Proposed,3,200,10,44,0,"Draw(CW,TEE)",53337,2000.16,A2,0.305,1.74126,0.305,0.0,-0.5656300000000001,-0.5656300000000001,0.0
4543,6,5,Proposed,3,200,10,44,34,"Hit(CW,0,WEAK)",129296,4744.56,A2,0.71,2.02136,1.09,0.3800000000000001,-0.30068000000000006,0.057780000000000165,0.3584600000000002
9231,5,14,Proposed,3,200,10,44,10,"Draw(CW,L0)",1926,126.333,A2,1.14,1.46983,2.025,0.885,0.4050849999999999,1.620533,1.215448
1825,5,7,Proposed,3,200,10,44,1,"Draw(CCW,TEE)",100738,3862.5,A2,0.79,2.03615,0.865,0.07499999999999996,-0.22807500000000003,-0.21359499999999998,0.014480000000000048
4062,4,15,Proposed,3,200,10,44,0,"Draw(CW,TEE)",117,8.28344,A2,-1.995,0.122372,-0.475,1.52,-2.0561860000000003,-1.42096,0.6352260000000003
9882,2,11,Proposed,3,200,10,44,65,"Hit(CCW,8,WEAK)",52969,2648.32,A2,0.3,1.74069,1.295,0.9949999999999999,-0.5703450000000001,0.2877799999999999,0.858125
2998,6,14,Proposed,3,200,10,44,57,"Hit(CCW,5,MIDDLE)",3970,311.336,A2,2.82,0.926067,2.895,0.07500000000000018,2.3569665,2.46373,0.10676350000000001
1555,2,3,Proposed,3,200,10,44,8,"Draw(CW,S6)",153555,5279.91,A2,0.635,2.19358,1.1,0.4650000000000001,-0.4617899999999999,0.05477500000000002,0.5165649999999999
4372,4,14,Proposed,3,200,10,44,19,"Draw(CCW,L4)",603,33.8772,A2,0.02,1.24081,0.095,0.075,-0.600405,-0.5266850000000001,0.0737199999999999
3732,7,7,Proposed,3,200,10,44,44,"PostGuard(CW,7,1)",92927,3114.34,A2,0.74,1.84185,1.125,0.385,-0.180925,0.254745,0.43567
3858,5,5,Proposed,3,200,10,44,41,"Freeze(CCW,0)",130914,5007.74,A2,0.695,1.93183,0.885,0.19000000000000006,-0.270915,-0.11504999999999999,0.15586500000000003
1938,0,14,Proposed,3,200,10,44,54,"Hit(CW,13,WEAK)",2076,147.314,A2,1.175,1.5506,1.43,0.2549999999999999,0.39970000000000006,0.9590015000000001,0.5593015
9112,3,9,Proposed,3,200,10,44,37,"Hit(CCW,2,MIDDLE)",67742,2567.51,A2,0.76,1.84997,0.76,0.0,-0.16498499999999994,-0.13746000000000003,0.02752499999999991
4157,3,12,Proposed,3,200,10,44,34,"Hit(CW,3,WEAK)",28198,1437.51,A2,-1.14,1.58127,-0.705,0.43499999999999994,-1.9306349999999999,-1.5046849999999998,0.42595000000000005
7373,1,11,Proposed,3,200,10,44,36,"Hit(CW,2,MIDDLE)",49263,2371.5,A2,0.335,1.76147,1.175,0.8400000000000001,-0.5457350000000001,0.5203300000000001,1.066065
7173,4,15,Proposed,3,200,10,44,0,"Draw(CW,TEE)",151,15.707,A2,1.84,0.366606,2.0,0.15999999999999992,1.656697,2.0,0.3433029999999999
196,4,4,Proposed,3,200,10,44,36,"Hit(CW,3,MIDDLE)",139637,4742.81,A2,-0.39,1.9565,-0.22,0.17,-1.36825,-1.206355,0.1618949999999999
2630,2,14,Proposed,3,200,10,44,33,"Hit(CCW,11,TOUCH)",867,49.1774,A2,-1.445,1.39175,-1.07,0.375,-2.1408750000000003,-1.5130295,0.6278455000000003
5731,2,10,Proposed,3,200,10,44,13,"Draw(CCW,L1)",49502,1700.79,A2,-0.94,1.65118,-0.555,0.3849999999999999,-1.76559,-1.26157,0.5040199999999999
9518,4,5,Proposed,3,200,10,44,44,"Hit(CW,2,WEAK)",128831,4714.49,A2,0.705,2.00449,0.985,0.28,-0.2972450000000001,0.009689999999999976,0.30693500000000007
8211,7,12,Proposed,3,200,10,44,70,"Freeze(CW,11)",27412,1289.06,A2,-1.045,1.73002,-0.815,0.22999999999999998,-1.9100099999999998,-1.69403,0.21597999999999984
7977,6,14,Proposed,3,200,10,45,46,"Hit(CW,3,MIDDLE)",3938,289.592,A2,-3.235,1.42119,-1.635,1.5999999999999999,-3.945595,-2.371845,1.57375
3926,6,11,Proposed,3,200,10,45,37,"Hit(CCW,0,MIDDLE)",47540,2340.81,A2,-1.43,2.04086,0.425,1.855,-2.45043,-0.594115,1.856315
3883,1,14,Proposed,3,200,10,45,18,"Draw(CW,L4)",367,19.1588,A2,-0.355,0.893854,-0.075,0.27999999999999997,-0.8019270000000001,-0.551806,0.25012100000000004
9222,7,5,Proposed,3,200,10,45,9,"Draw(CCW,S6)",120247,3944.85,A2,0.995,1.99874,1.315,0.31999999999999995,-0.004369999999999985,0.33006500000000005,0.33443500000000004
7881,2,15,Proposed,3,200,10,45,0,"Draw(CW,TEE)",129,9.16919,A2,-1.005,0.0705337,1.72,2.7249999999999996,-1.0402668499999999,0.6866099999999999,1.7268768499999998
6406,1,10,Proposed,3,200,10,45,0,"Draw(CW,TEE)",53023,2034.22,A2,-0.385,1.70786,-0.385,0.0,-1.2389299999999999,-1.2389299999999999,0.0
8452,5,15,Proposed,3,200,10,45,0,"Draw(CW,TEE)",153,13.8413,A2,1.445,0.496966,1.935,0.49,1.196517,1.8117370000000002,0.6152200000000001
1028,6,15,Proposed,3,200,10,45,0,"Draw(CW,TEE)",151,13.9693,A2,0.77,0.668655,1.0,0.22999999999999998,0.4356725,1.0,0.5643275
2596,1,14,Proposed,3,200,10,45,45,"Hit(CCW,3,WEAK)",4096,315.605,A2,1.385,1.7137,1.97,0.585,0.52815,1.7626545,1.2345045
4748,1,3,Proposed,3,200,10,45,20,"Draw(CW,L5)",151474,5153.76,A2,0.825,2.06987,0.985,0.16000000000000003,-0.20993499999999998,0.04894999999999994,0.2588849999999999
9206,3,13,Proposed,3,200,10,45,11,"Draw(CCW,L0)",7406,413.159,A2,1.66,1.49479,1.73,0.07000000000000006,0.9126049999999999,1.01113,0.0985250000000002
5859,1,6,Proposed,3,200,10,45,41,"Freeze(CCW,1)",112081,4042.57,A2,-0.425,1.89588,-0.015,0.41,-1.37294,-1.006815,0.36612500000000003
6871,4,5,Proposed,3,200,10,45,52,"PostGuard(CW,1,0)",130054,4823.88,A2,1.18,2.22207,1.32,0.14000000000000012,0.06896499999999994,0.2883,0.21933500000000006
7163,3,13,Proposed,3,200,10,45,67,"Hit(CCW,12,MIDDLE)",6670,408.814,A2,1.88,1.55743,2.465,0.585,1.1012849999999998,1.7441,0.6428150000000001
5807,0,8,Proposed,3,200,10,45,45,"Hit(CCW,5,WEAK)",89583,3536.43,A2,-0.885,2.00294,0.03,0.915,-1.88647,-1.02227,0.8642000000000001
5567,2,15,Proposed,3,200,10,45,0,"Draw(CW,TEE)",129,10.6824,A2,1.535,0.999387,1.93,0.395,1.0353065,1.7758085,0.740502
2507,3,11,Proposed,3,200,10,45,41,"Hit(CCW,4,MIDDLE)",41500,1838.23,A2,0.645,2.16078,1.715,1.07,-0.43538999999999994,0.6236950000000001,1.059085
7006,3,15,Proposed,3,200,10,45,0,"Draw(CW,TEE)",145,13.8148,A2,-1.0,0.0,-0.97,0.030000000000000027,-1.0,-1.0,0.0
1984,6,4,Proposed,3,200,10,45,47,"Hit(CCW,3,MIDDLE)",140124,4905.86,A2,-0.595,1.91859,-0.31,0.285,-1.554295,-1.28004,0.2742549999999999
1845,7,14,Proposed,3,200,10,45,48,"PostGuard(CW,12,0)",800,47.3332,A2,1.005,1.77904,1.44,0.43500000000000005,0.11547999999999992,0.6659849999999999,0.550505
5780,2,6,Proposed,3,200,10,45,37,"Hit(CCW,5,MIDDLE)",109502,3750.28,A2,-0.75,1.94358,-0.375,0.375,-1.72179,-1.29075,0.43103999999999987
8645,7,5,Proposed,3,200,10,45,41,"Freeze(CCW,0)",129127,4818.61,A2,0.775,2.09866,0.92,0.14500000000000002,-0.2743300000000001,-0.061529999999999974,0.2128000000000001
6132,0,13,Proposed,3,200,10,45,54,"Hit(CW,12,WEAK)",19194,1180.33,A2,1.96,1.7258,2.62,0.6600000000000001,1.0971,2.035705,0.9386050000000001
3339,4,10,Proposed,3,200,10,45,2,"Draw(CW,S0)",57563,2273.02,A2,-0.67,2.02017,-0.305,0.36500000000000005,-1.680085,-1.19128,0.48880500000000016
3566,6,14,Proposed,3,200,10,45,55,"Hit(CCW,7,WEAK)",3121,239.306,A2,0.45,1.13027,1.01,0.56,-0.11513500000000004,1.0,1.115135
5523,3,9,Proposed,3,200,10,45,55,"Hit(CCW,4,WEAK)",71159,3021.93,A2,0.74,1.9602,0.74,0.0,-0.24009999999999998,-0.24009999999999998,0.0
7015,5,14,Proposed,3,200,10,45,11,"Draw(CCW,L0)",4010,303.014,A2,-1.135,1.92789,-1.135,0.0,-2.098945,-2.098945,0.0
743,7,3,Proposed,3,200,10,45,9,"Draw(CCW,S6)",152671,5340.96,A2,0.64,2.12847,0.98,0.33999999999999997,-0.42423500000000003,-0.07272499999999993,0.3515100000000001
1014,4,15,Proposed,3,200,10,45,0,"Draw(CW,TEE)",61,3.34365,A2,1.035,1.12862,3.325,2.29,0.47068999999999994,2.6887250000000003,2.2180350000000004
3900,0,10,Proposed,3,200,10,45,0,"Draw(CW,TEE)",53322,2011.36,A2,0.305,1.74126,0.305,0.0,-0.5656300000000001,-0.5656300000000001,0.0
4543,6,5,Proposed,3,200,10,45,34,"Hit(CW,0,WEAK)",128424,4657.06,A2,0.71,2.02136,1.09,0.3800000000000001,-0.30068000000000006,0.057780000000000165,0.3584600000000002
9231,5,14,Proposed,3,200,10,45,10,"Draw(CW,L0)",1926,124.293,A2,1.14,1.46983,2.025,0.885,0.4050849999999999,1.620533,1.215448
1825,5,7,Proposed,3,200,10,45,37,"Hit(CCW,2,MIDDLE)",100141,3833.84,A2,0.485,2.1771,0.865,0.38,-0.6035499999999999,-0.21359499999999998,0.38995499999999994
4062,4,15,Proposed,3,200,10,45,0,"Draw(CW,TEE)",117,8.57593,A2,-1.995,0.122372,-0.475,1.52,-2.0561860000000003,-1.42096,0.6352260000000003
9882,2,11,Proposed,3,200,10,45,78,"PostGuard(CW,3,0)",52456,2676.58,A2,0.51,1.29611,1.295,0.7849999999999999,-0.13805500000000004,0.2877799999999999,0.42583499999999996
2998,6,14,Proposed,3,200,10,45,57,"Hit(CCW,5,MIDDLE)",3970,310.676,A2,2.82,0.926067,2.895,0.07500000000000018,2.3569665,2.46373,0.10676350000000001
1555,2,3,Proposed,3,200,10,45,36,"Hit(CW,0,MIDDLE)",152909,5207.37,A2,0.625,2.06261,1.1,0.4750000000000001,-0.4063049999999999,0.05477500000000002,0.46107999999999993
4372,4,14,Proposed,3,200,10,45,19,"Draw(CCW,L4)",603,34.0341,A2,0.02,1.24081,0.095,0.075,-0.600405,-0.5266850000000001,0.0737199999999999
3732,7,7,Proposed,3,200,10,45,37,"Hit(CCW,4,MIDDLE)",93605,3119.28,A2,0.93,1.81248,1.125,0.19499999999999995,0.023760000000000003,0.254745,0.230985
3858,5,5,Proposed,3,200,10,45,41,"Freeze(CCW,0)",131315,4993.36,A2,0.695,1.93183,0.885,0.19000000000000006,-0.270915,-0.11504999999999999,0.15586500000000003
1938,0,14,Proposed,3,200,10,45,54,"Hit(CW,13,WEAK)",2076,146.999,A2,1.175,1.5506,1.43,0.2549999999999999,0.39970000000000006,0.9590015000000001,0.5593015
9112,3,9,Proposed,3,200,10,45,37,"Hit(CCW,2,MIDDLE)",68292,2630.5,A2,0.76,1.84997,0.76,0.0,-0.16498499999999994,-0.13746000000000003,0.02752499999999991
4157,3,12,Proposed,3,200,10,45,36,"Hit(CW,3,MIDDLE)",28983,1476.34,A2,-0.705,1.59937,-0.705,0.0,-1.5046849999999998,-1.5046849999999998,0.0
7373,1,11,Proposed,3,200,10,45,36,"Hit(CW,2,MIDDLE)",48627,2350.58,A2,0.335,1.76147,1.175,0.8400000000000001,-0.5457350000000001,0.5203300000000001,1.066065
7173,4,15,Proposed,3,200,10,45,0,"Draw(CW,TEE)",151,16.0588,A2,1.84,0.366606,2.0,0.15999999999999992,1.656697,2.0,0.3433029999999999
196,4,4,Proposed,3,200,10,45,32,"Hit(CW,3,TOUCH)",137812,4691.47,A2,-0.7,2.02978,-0.22,0.48,-1.71489,-1.206355,0.508535
2630,2,14,Proposed,3,200,10,45,33,"Hit(CCW,11,TOUCH)",867,49.6212,A2,-1.445,1.39175,-1.07,0.375,-2.1408750000000003,-1.5130295,0.6278455000000003
5731,2,10,Proposed,3,200,10,45,13,"Draw(CCW,L1)",49158,1684.22,A2,-0.94,1.65118,-0.555,0.3849999999999999,-1.76559,-1.26157,0.5040199999999999
9518,4,5,Proposed,3,200,10,45,44,"Hit(CW,2,WEAK)",128632,4720.04,A2,0.705,2.00449,0.985,0.28,-0.2972450000000001,0.009689999999999976,0.30693500000000007
8211,7,12,Proposed,3,200,10,45,70,"Freeze(CW,11)",27606,1300.89,A2,-1.045,1.73002,-0.815,0.22999999999999998,-1.9100099999999998,-1.69403,0.21597999999999984
7977,6,14,Proposed,3,200,10,46,46,"Hit(CW,3,MIDDLE)",3938,292.062,A2,-3.235,1.42119,-1.635,1.5999999999999999,-3.945595,-2.371845,1.57375
3926,6,11,Proposed,3,200,10,46,37,"Hit(CCW,0,MIDDLE)",47340,2289.63,A2,-1.43,2.04086,0.425,1.855,-2.45043,-0.594115,1.856315
3883,1,14,Proposed,3,200,10,46,18,"Draw(CW,L4)",367,19.149,A2,-0.355,0.893854,-0.075,0.27999999999999997,-0.8019270000000001,-0.551806,0.25012100000000004
9222,7,5,Proposed,3,200,10,46,9,"Draw(CCW,S6)",119562,3931.04,A2,0.995,1.99874,1.315,0.31999999999999995,-0.004369999999999985,0.33006500000000005,0.33443500000000004
7881,2,15,Proposed,3,200,10,46,0,"Draw(CW,TEE)",129,9.19159,A2,-1.005,0.0705337,1.72,2.7249999999999996,-1.0402668499999999,0.6866099999999999,1.7268768499999998
6406,1,10,Proposed,3,200,10,46,0,"Draw(CW,TEE)",51352,1972.4,A2,-0.385,1.70786,-0.385,0.0,-1.2389299999999999,-1.2389299999999999,0.0
8452,5,15,Proposed,3,200,10,46,0,"Draw(CW,TEE)",153,12.9342,A2,1.445,0.496966,1.935,0.49,1.196517,1.8117370000000002,0.6152200000000001
1028,6,15,Proposed,3,200,10,46,0,"Draw(CW,TEE)",151,13.8179,A2,0.77,0.668655,1.0,0.22999999999999998,0.4356725,1.0,0.5643275
2596,1,14,Proposed,3,200,10,46,45,"Hit(CCW,3,WEAK)",4096,315.35,A2,1.385,1.7137,1.97,0.585,0.52815,1.7626545,1.2345045
4748,1,3,Proposed,3,200,10,46,11,"Draw(CCW,L0)",152912,5158.36,A2,0.54,1.87307,0.985,0.44499999999999995,-0.39653499999999997,0.04894999999999994,0.4454849999999999
9206,3,13,Proposed,3,200,10,46,11,"Draw(CCW,L0)",7406,412.255,A2,1.66,1.49479,1.73,0.07000000000000006,0.9126049999999999,1.01113,0.0985250000000002
5859,1,6,Proposed,3,200,10,46,41,"Freeze(CCW,1)",112771,4067.15,A2,-0.425,1.89588,-0.015,0.41,-1.37294,-1.006815,0.36612500000000003
6871,4,5,Proposed,3,200,10,46,52,"PostGuard(CW,1,0)",129931,4773.65,A2,1.18,2.22207,1.32,0.14000000000000012,0.06896499999999994,0.2883,0.21933500000000006
7163,3,13,Proposed,3,200,10,46,67,"Hit(CCW,12,MIDDLE)",6670,408.025,A2,1.88,1.55743,2.465,0.585,1.1012849999999998,1.7441,0.6428150000000001
5807,0,8,Proposed,3,200,10,46,45,"Hit(CCW,5,WEAK)",90124,3556.49,A2,-0.885,2.00294,0.03,0.915,-1.88647,-1.02227,0.8642000000000001
5567,2,15,Proposed,3,200,10,46,0,"Draw(CW,TEE)",129,10.6908,A2,1.535,0.999387,1.93,0.395,1.0353065,1.7758085,0.740502
2507,3,11,Proposed,3,200,10,46,39,"Hit(CCW,4,WEAK)",44097,2010.13,A2,1.66,2.22809,1.715,0.05500000000000016,0.545955,0.6236950000000001,0.07774000000000014
7006,3,15,Proposed,3,200,10,46,0,"Draw(CW,TEE)",145,13.4287,A2,-1.0,0.0,-0.97,0.030000000000000027,-1.0,-1.0,0.0
1984,6,4,Proposed,3,200,10,46,0,"Draw(CW,TEE)",140791,4938.71,A2,-0.785,2.01464,-0.31,0.47500000000000003,-1.7923200000000001,-1.28004,0.5122800000000001
1845,7,14,Proposed,3,200,10,46,48,"PostGuard(CW,12,0)",800,47.2277,A2,1.005,1.77904,1.44,0.43500000000000005,0.11547999999999992,0.6659849999999999,0.550505
5780,2,6,Proposed,3,200,10,46,37,"Hit(CCW,5,MIDDLE)",110837,3828.3,A2,-0.75,1.94358,-0.375,0.375,-1.72179,-1.29075,0.43103999999999987
8645,7,5,Proposed,3,200,10,46,50,"Freeze(CW,2)",129085,4728.94,A2,0.46,1.98202,0.92,0.46,-0.53101,-0.061529999999999974,0.46948
6132,0,13,Proposed,3,200,10,46,54,"Hit(CW,12,WEAK)",19194,1187.54,A2,1.96,1.7258,2.62,0.6600000000000001,1.0971,2.035705,0.9386050000000001
3339,4,10,Proposed,3,200,10,46,36,"Hit(CW,7,MIDDLE)",56420,2212.65,A2,-0.72,1.66481,-0.305,0.415,-1.5524049999999998,-1.19128,0.3611249999999999
3566,6,14,Proposed,3,200,10,46,55,"Hit(CCW,7,WEAK)",3121,235.677,A2,0.45,1.13027,1.01,0.56,-0.11513500000000004,1.0,1.115135
5523,3,9,Proposed,3,200,10,46,55,"Hit(CCW,4,WEAK)",70820,3028.68,A2,0.74,1.9602,0.74,0.0,-0.24009999999999998,-0.24009999999999998,0.0
7015,5,14,Proposed,3,200,10,46,11,"Draw(CCW,L0)",4010,303.169,A2,-1.135,1.92789,-1.135,0.0,-2.098945,-2.098945,0.0
743,7,3,Proposed,3,200,10,46,36,"Hit(CW,0,MIDDLE)",154603,5319.24,A2,0.49,1.97228,0.98,0.49,-0.49614,-0.07272499999999993,0.4234150000000001
1014,4,15,Proposed,3,200,10,46,0,"Draw(CW,TEE)",61,3.3409,A2,1.035,1.12862,3.325,2.29,0.47068999999999994,2.6887250000000003,2.2180350000000004
3900,0,10,Proposed,3,200,10,46,0,"Draw(CW,TEE)",52669,1980.34,A2,0.305,1.74126,0.305,0.0,-0.5656300000000001,-0.5656300000000001,0.0
4543,6,5,Proposed,3,200,10,46,34,"Hit(CW,0,WEAK)",129672,4760.0,A2,0.71,2.02136,1.09,0.3800000000000001,-0.30068000000000006,0.057780000000000165,0.3584600000000002
9231,5,14,Proposed,3,200,10,46,10,"Draw(CW,L0)",1926,126.476,A2,1.14,1.46983,2.025,0.885,0.4050849999999999,1.620533,1.215448
1825,5,7,Proposed,3,200,10,46,1,"Draw(CCW,TEE)",100477,3834.79,A2,0.79,2.03615,0.865,0.07499999999999996,-0.22807500000000003,-0.21359499999999998,0.014480000000000048
4062,4,15,Proposed,3,200,10,46,0,"Draw(CW,TEE)",117,8.46129,A2,-1.995,0.122372,-0.475,1.52,-2.0561860000000003,-1.42096,0.6352260000000003
9882,2,11,Proposed,3,200,10,46,11,"Draw(CCW,L0)",52362,2665.91,A2,0.17,1.51364,1.295,1.125,-0.58682,0.2877799999999999,0.8745999999999999
2998,6,14,Proposed,3,200,10,46,57,"Hit(CCW,5,MIDDLE)",3970,311.592,A2,2.82,0.926067,2.895,0.07500000000000018,2.3569665,2.46373,0.10676350000000001
1555,2,3,Proposed,3,200,10,46,5,"Draw(CCW,S2)",152766,5217.77,A2,0.655,2.0799,1.1,0.44500000000000006,-0.3849499999999999,0.05477500000000002,0.4397249999999999
4372,4,14,Proposed,3,200,10,46,19,"Draw(CCW,L4)",603,33.8589,A2,0.02,1.24081,0.095,0.075,-0.600405,-0.5266850000000001,0.0737199999999999
3732,7,7,Proposed,3,200,10,46,44,"PostGuard(CW,7,1)",93921,3121.99,A2,0.74,1.84185,1.125,0.385,-0.180925,0.254745,0.43567
3858,5,5,Proposed,3,200,10,46,35,"Hit(CCW,0,WEAK)",130244,4950.38,A2,0.545,2.07797,0.885,0.33999999999999997,-0.493985,-0.11504999999999999,0.378935
1938,0,14,Proposed,3,200,10,46,54,"Hit(CW,13,WEAK)",2076,144.113,A2,1.175,1.5506,1.43,0.2549999999999999,0.39970000000000006,0.9590015000000001,0.5593015
9112,3,9,Proposed,3,200,10,46,37,"Hit(CCW,2,MIDDLE)",68746,2621.68,A2,0.76,1.84997,0.76,0.0,-0.16498499999999994,-0.13746000000000003,0.02752499999999991
4157,3,12,Proposed,3,200,10,46,36,"Hit(CW,3,MIDDLE)",28524,1452.6,A2,-0.705,1.59937,-0.705,0.0,-1.5046849999999998,-1.5046849999999998,0.0
7373,1,11,Proposed,3,200,10,46,36,"Hit(CW,2,MIDDLE)",49364,2402.74,A2,0.335,1.76147,1.175,0.8400000000000001,-0.5457350000000001,0.5203300000000001,1.066065
7173,4,15,Proposed,3,200,10,46,0,"Draw(CW,TEE)",151,16.0301,A2,1.84,0.366606,2.0,0.15999999999999992,1.656697,2.0,0.3433029999999999
196,4,4,Proposed,3,200,10,46,41,"Freeze(CCW,3)",138081,4712.72,A2,-0.775,1.99107,-0.22,0.555,-1.770535,-1.206355,0.5641799999999999
2630,2,14,Proposed,3,200,10,46,33,"Hit(CCW,11,TOUCH)",867,51.1678,A2,-1.445,1.39175,-1.07,0.375,-2.1408750000000003,-1.5130295,0.6278455000000003
5731,2,10,Proposed,3,200,10,46,13,"Draw(CCW,L1)",48332,1661.03,A2,-0.94,1.65118,-0.555,0.3849999999999999,-1.76559,-1.26157,0.5040199999999999
9518,4,5,Proposed,3,200,10,46,46,"Hit(CW,2,MIDDLE)",128499,4693.97,A2,0.845,1.67062,0.985,0.14,0.009689999999999976,0.009689999999999976,0.0
8211,7,12,Proposed,3,200,10,46,70,"Freeze(CW,11)",27756,1307.58,A2,-1.045,1.73002,-0.815,0.22999999999999998,-1.9100099999999998,-1.69403,0.21597999999999984
7977,6,14,RandomK,3,200,10,42,67,"Hit(CCW,7,MIDDLE)",4072,313.601,A5,-2.275,1.51637,-1.635,0.6399999999999999,-3.033185,-2.371845,0.66134
3926,6,11,RandomK,3,200,10,42,3,"Draw(CCW,S0)",55730,3210.27,A5,-0.915,1.51914,0.425,1.34,-1.6745700000000001,-0.594115,1.0804550000000002
3883,1,14,RandomK,3,200,10,42,14,"Draw(CW,L2)",342,17.8958,A5,-0.77,0.614085,-0.075,0.6950000000000001,-1.0770425000000001,-0.551806,0.5252365000000001
9222,7,5,RandomK,3,200,10,42,19,"Draw(CCW,L4)",121291,3992.93,A5,0.9,1.93907,1.315,0.4149999999999999,-0.06953500000000001,0.33006500000000005,0.39960000000000007
7881,2,15,RandomK,3,200,10,42,3,"Draw(CCW,S0)",129,9.2825,A5,-1.325,0.468375,1.72,3.045,-1.5591875,0.6866099999999999,2.2457975
6406,1,10,RandomK,3,200,10,42,10,"Draw(CW,L0)",50615,1915.18,A5,-1.015,1.7014,-0.385,0.6299999999999999,-1.8657,-1.2389299999999999,0.62677
8452,5,15,RandomK,3,200,10,42,0,"Draw(CW,TEE)",153,13.5503,A5,1.445,0.496966,1.935,0.49,1.196517,1.8117370000000002,0.6152200000000001
1028,6,15,RandomK,3,200,10,42,2,"Draw(CW,S0)",151,13.3356,A5,-0.045,1.41879,1.0,1.045,-0.754395,1.0,1.7543950000000001
2596,1,14,RandomK,3,200,10,42,45,"Hit(CCW,3,WEAK)",4194,331.341,A5,1.385,1.7137,1.97,0.585,0.52815,1.7626545,1.2345045
4748,1,3,RandomK,3,200,10,42,43,"PostGuard(CCW,3,0)",152513,5253.28,A5,0.835,2.12315,0.985,0.15000000000000002,-0.22657499999999997,0.04894999999999994,0.2755249999999999
9206,3,13,RandomK,3,200,10,42,11,"Draw(CCW,L0)",3763,211.594,A5,1.66,1.49479,1.73,0.07000000000000006,0.9126049999999999,1.01113,0.0985250000000002
5859,1,6,RandomK,3,200,10,42,51,"Freeze(CCW,5)",114698,4320.09,A5,-0.915,1.97174,-0.015,0.9,-1.90087,-1.006815,0.894055
6871,4,5,RandomK,3,200,10,42,52,"PostGuard(CW,1,0)",130068,4833.0,A5,1.18,2.22207,1.32,0.14000000000000012,0.06896499999999994,0.2883,0.21933500000000006
7163,3,13,RandomK,3,200,10,42,3,"Draw(CCW,S0)",11392,702.083,A5,1.735,1.49492,2.465,0.7299999999999998,0.9875400000000001,1.7441,0.7565599999999999
5807,0,8,RandomK,3,200,10,42,60,"Freeze(CW,7)",90188,3711.85,A5,-0.49,2.06153,0.03,0.52,-1.520765,-1.02227,0.4984949999999999
5567,2,15,RandomK,3,200,10,42,32,"Hit(CW,2,TOUCH)",129,10.5141,A5,1.575,0.982026,1.93,0.355,1.083987,1.7758085,0.6918214999999999
2507,3,11,RandomK,3,200,10,42,39,"Hit(CCW,4,WEAK)",41482,1871.98,A5,1.66,2.22809,1.715,0.05500000000000016,0.545955,0.6236950000000001,0.07774000000000014
7006,3,15,RandomK,3,200,10,42,11,"Draw(CCW,L0)",145,13.6958,A5,-1.0,0.0,-0.97,0.030000000000000027,-1.0,-1.0,0.0
1984,6,4,RandomK,3,200,10,42,0,"Draw(CW,TEE)",140224,4980.45,A5,-0.785,2.01464,-0.31,0.47500000000000003,-1.7923200000000001,-1.28004,0.5122800000000001
1845,7,14,RandomK,3,200,10,42,7,"Draw(CCW,S4)",800,47.2146,A5,0.515,1.69699,1.44,0.9249999999999999,-0.333495,0.6659849999999999,0.9994799999999999
5780,2,6,RandomK,3,200,10,42,39,"Hit(CCW,5,STRONG)",109343,3749.0,A5,-0.705,1.75156,-0.375,0.32999999999999996,-1.5807799999999999,-1.29075,0.2900299999999998
8645,7,5,RandomK,3,200,10,42,47,"Hit(CCW,2,MIDDLE)",127488,4716.94,A5,0.685,1.7366,0.92,0.235,-0.1832999999999999,-0.061529999999999974,0.12176999999999993
6132,0,13,RandomK,3,200,10,42,82,"PostGuard(CW,11,1)",20872,1326.27,A5,2.255,0.959153,2.62,0.3650000000000002,1.7754234999999998,2.035705,0.2602815000000003
3339,4,10,RandomK,3,200,10,42,50,"Freeze(CW,9)",55497,2196.25,A5,-0.305,1.77256,-0.305,0.0,-1.19128,-1.19128,0.0
3566,6,14,RandomK,3,200,10,42,50,"Freeze(CW,5)",3257,272.328,A5,0.705,0.719705,1.01,0.30500000000000005,0.34514749999999994,1.0,0.6548525000000001
5523,3,9,RandomK,3,200,10,42,57,"Hit(CCW,4,MIDDLE)",68689,2835.37,A5,0.605,1.89973,0.74,0.135,-0.344865,-0.24009999999999998,0.104765
7015,5,14,RandomK,3,200,10,42,37,"Hit(CCW,1,MIDDLE)",4201,339.872,A5,-2.6,1.17473,-1.135,1.465,-3.1873650000000002,-2.098945,1.0884200000000002
743,7,3,RandomK,3,200,10,42,21,"Draw(CCW,L5)",154023,5375.54,A5,0.93,2.18977,0.98,0.04999999999999993,-0.16488500000000006,-0.07272499999999993,0.09216000000000013
1014,4,15,RandomK,3,200,10,42,4,"Draw(CW,S2)",61,3.34711,A5,1.0,0.0,3.325,2.325,1.0,2.6887250000000003,1.6887250000000003
3900,0,10,RandomK,3,200,10,42,2,"Draw(CW,S0)",50216,1850.12,A5,0.025,1.86932,0.305,0.27999999999999997,-0.90966,-0.5656300000000001,0.34402999999999995
4543,6,5,RandomK,3,200,10,42,7,"Draw(CCW,S4)",127932,4688.58,A5,0.535,1.99469,1.09,0.555,-0.462345,0.057780000000000165,0.5201250000000002
9231,5,14,RandomK,3,200,10,42,10,"Draw(CW,L0)",2097,140.876,A5,1.14,1.46983,2.025,0.885,0.4050849999999999,1.620533,1.215448
1825,5,7,RandomK,3,200,10,42,3,"Draw(CCW,S0)",102758,4050.24,A5,0.785,2.08537,0.865,0.07999999999999996,-0.25768500000000005,-0.21359499999999998,0.044090000000000074
4062,4,15,RandomK,3,200,10,42,35,"Hit(CCW,2,WEAK)",117,8.55214,A5,-1.275,0.824242,-0.475,0.7999999999999999,-1.6871209999999999,-1.42096,0.26616099999999987
9882,2,11,RandomK,3,200,10,42,53,"Hit(CCW,6,TOUCH)",52857,2753.18,A5,0.485,1.41767,1.295,0.8099999999999999,-0.223835,0.2877799999999999,0.5116149999999999
2998,6,14,RandomK,3,200,10,42,59,"Hit(CCW,5,STRONG)",4384,365.612,A5,2.895,0.86254,2.895,0.0,2.46373,2.46373,0.0
1555,2,3,RandomK,3,200,10,42,41,"Freeze(CCW,0)",154939,5354.34,A5,0.58,1.94772,1.1,0.5200000000000001,-0.39386,0.05477500000000002,0.448635
4372,4,14,RandomK,3,200,10,42,2,"Draw(CW,S0)",643,36.0786,A5,-0.545,0.978762,0.095,0.64,-1.034381,-0.5266850000000001,0.5076959999999999
3732,7,7,RandomK,3,200,10,42,17,"Draw(CCW,L3)",92281,3072.53,A5,0.89,1.68757,1.125,0.235,0.046215000000000006,0.254745,0.20853
3858,5,5,RandomK,3,200,10,42,52,"Hit(CW,4,TOUCH)",131936,5148.56,A5,0.53,2.05161,0.885,0.355,-0.49580500000000005,-0.11504999999999999,0.38075500000000007
1938,0,14,RandomK,3,200,10,42,48,"Hit(CW,11,STRONG)",1748,123.839,A5,-0.045,1.74441,1.43,1.4749999999999999,-0.917205,0.9590015000000001,1.8762065
9112,3,9,RandomK,3,200,10,42,58,"Hit(CW,6,STRONG)",68188,2633.64,A5,0.415,1.80632,0.76,0.34500000000000003,-0.48816,-0.13746000000000003,0.35069999999999996
4157,3,12,RandomK,3,200,10,42,36,"Hit(CW,3,MIDDLE)",28573,1527.61,A5,-0.705,1.59937,-0.705,0.0,-1.5046849999999998,-1.5046849999999998,0.0
7373,1,11,RandomK,3,200,10,42,11,"Draw(CCW,L0)",44667,2225.55,A5,0.98,1.72615,1.175,0.19500000000000006,0.11692499999999995,0.5203300000000001,0.4034050000000001
7173,4,15,RandomK,3,200,10,42,5,"Draw(CCW,S2)",151,16.0778,A5,2.0,0.0,2.0,0.0,2.0,2.0,0.0
196,4,4,RandomK,3,200,10,42,17,"Draw(CCW,L3)",137758,4684.09,A5,-0.83,2.01025,-0.22,0.61,-1.8351250000000001,-1.206355,0.62877
2630,2,14,RandomK,3,200,10,42,34,"Hit(CW,11,WEAK)",877,50.2071,A5,-1.285,1.1974,-1.07,0.21499999999999986,-1.8837,-1.5130295,0.3706704999999999
5731,2,10,RandomK,3,200,10,42,39,"Hit(CCW,9,STRONG)",48685,1639.53,A5,-0.765,1.44906,-0.555,0.20999999999999996,-1.48953,-1.26157,0.22795999999999994
9518,4,5,RandomK,3,200,10,42,34,"Hit(CW,0,WEAK)",128244,4788.17,A5,0.695,1.97281,0.985,0.29000000000000004,-0.291405,0.009689999999999976,0.301095
8211,7,12,RandomK,3,200,10,42,6,"Draw(CW,S4)",26362,1249.06,A5,-1.225,1.77606,-0.815,0.41000000000000014,-2.11303,-1.69403,0.41900000000000026
7977,6,14,RandomK,3,200,10,43,36,"Hit(CW,1,MIDDLE)",4118,326.029,A5,-2.385,1.53192,-1.635,0.7499999999999998,-3.1509599999999995,-2.371845,0.7791149999999996
3926,6,11,RandomK,3,200,10,43,69,"Hit(CCW,6,STRONG)",47591,2496.2,A5,-0.42,1.92966,0.425,0.845,-1.38483,-0.594115,0.7907150000000001
3883,1,14,RandomK,3,200,10,43,0,"Draw(CW,TEE)",340,17.9799,A5,-0.29,0.925149,-0.075,0.21499999999999997,-0.7525744999999999,-0.551806,0.2007684999999999
9222,7,5,RandomK,3,200,10,43,18,"Draw(CW,L4)",120971,3964.63,A5,0.705,2.10428,1.315,0.61,-0.3471400000000001,0.33006500000000005,0.6772050000000002
7881,2,15,RandomK,3,200,10,43,2,"Draw(CW,S0)",129,9.15826,A5,-1.0,0.0,1.72,2.7199999999999998,-1.0,0.6866099999999999,1.68661
6406,1,10,RandomK,3,200,10,43,51,"Freeze(CCW,9)",51340,1954.81,A5,-0.79,1.73663,-0.385,0.405,-1.658315,-1.2389299999999999,0.4193850000000001
8452,5,15,RandomK,3,200,10,43,88,"Hit(CW,10,STRONG)",153,13.4205,A5,1.35,0.726292,1.935,0.585,0.9868540000000001,1.8117370000000002,0.824883
1028,6,15,RandomK,3,200,10,43,7,"Draw(CCW,S4)",151,13.3949,A5,1.0,0.0,1.0,0.0,1.0,1.0,0.0
2596,1,14,RandomK,3,200,10,43,45,"Hit(CCW,3,WEAK)",4327,345.332,A5,1.385,1.7137,1.97,0.585,0.52815,1.7626545,1.2345045
4748,1,3,RandomK,3,200,10,43,37,"Hit(CCW,0,MIDDLE)",151158,5138.15,A5,0.85,2.10654,0.985,0.135,-0.20326999999999995,0.04894999999999994,0.2522199999999999
9206,3,13,RandomK,3,200,10,43,37,"Hit(CCW,12,MIDDLE)",2053,113.965,A5,1.255,1.23692,1.73,0.4750000000000001,0.6365399999999999,1.01113,0.3745900000000002
5859,1,6,RandomK,3,200,10,43,2,"Draw(CW,S0)",112572,4197.58,A5,-0.22,1.95745,-0.015,0.20500000000000002,-1.198725,-1.006815,0.19191000000000003
6871,4,5,RandomK,3,200,10,43,57,"PostGuard(CCW,1,2)",130677,4831.47,A5,0.705,2.09475,1.32,0.6150000000000001,-0.342375,0.2883,0.630675
7163,3,13,RandomK,3,200,10,43,67,"Hit(CCW,12,MIDDLE)",11746,723.362,A5,1.88,1.55743,2.465,0.585,1.1012849999999998,1.7441,0.6428150000000001
5807,0,8,RandomK,3,200,10,43,75,"PostGuard(CCW,6,0)",91609,3808.53,A5,-0.575,1.9658,0.03,0.605,-1.5579,-1.02227,0.53563
5567,2,15,RandomK,3,200,10,43,6,"Draw(CW,S4)",129,10.2847,A5,1.875,0.478931,1.93,0.05499999999999994,1.6355345,1.7758085,0.140274
2507,3,11,RandomK,3,200,10,43,60,"Hit(CW,8,MIDDLE)",39633,1733.42,A5,1.42,2.26354,1.715,0.29500000000000015,0.28823,0.6236950000000001,0.3354650000000001
7006,3,15,RandomK,3,200,10,43,4,"Draw(CW,S2)",145,13.3006,A5,-1.0,0.0,-0.97,0.030000000000000027,-1.0,-1.0,0.0
1984,6,4,RandomK,3,200,10,43,41,"Freeze(CCW,1)",141093,5059.03,A5,-0.535,2.11395,-0.31,0.22500000000000003,-1.5919750000000001,-1.28004,0.3119350000000001
1845,7,14,RandomK,3,200,10,43,42,"PostGuard(CW,10,0)",745,44.3242,A5,0.73,1.74559,1.44,0.71,-0.142795,0.6659849999999999,0.8087799999999999
5780,2,6,RandomK,3,200,10,43,38,"Hit(CW,5,STRONG)",107881,3685.38,A5,-0.575,1.56664,-0.375,0.19999999999999996,-1.35832,-1.29075,0.06756999999999991
8645,7,5,RandomK,3,200,10,43,49,"Hit(CCW,2,STRONG)",128592,4752.33,A5,0.35,2.03899,0.92,0.5700000000000001,-0.6694950000000001,-0.061529999999999974,0.6079650000000001
6132,0,13,RandomK,3,200,10,43,78,"PostGuard(CW,9,2)",18369,1158.92,A5,2.485,0.979681,2.62,0.13500000000000023,1.9951594999999998,2.035705,0.040545500000000345
3339,4,10,RandomK,3,200,10,43,50,"Freeze(CW,9)",54693,2166.35,A5,-0.305,1.77256,-0.305,0.0,-1.19128,-1.19128,0.0
3566,6,14,RandomK,3,200,10,43,1,"Draw(CCW,TEE)",3355,279.799,A5,0.75,0.68374,1.01,0.26,0.40813,1.0,0.59187
5523,3,9,RandomK,3,200,10,43,55,"Hit(CCW,4,WEAK)",68941,2896.12,A5,0.74,1.9602,0.74,0.0,-0.24009999999999998,-0.24009999999999998,0.0
7015,5,14,RandomK,3,200,10,43,48,"Hit(CW,3,STRONG)",4084,329.191,A5,-3.32,0.920652,-1.135,2.1849999999999996,-3.7803259999999996,-2.098945,1.6813809999999996
743,7,3,RandomK,3,200,10,43,38,"Hit(CW,0,STRONG)",153031,5294.89,A5,0.76,2.04998,0.98,0.21999999999999997,-0.26499000000000006,-0.07272499999999993,0.19226500000000013
1014,4,15,RandomK,3,200,10,43,15,"Draw(CCW,L2)",61,3.35013,A5,1.0,0.0,3.325,2.325,1.0,2.6887250000000003,1.6887250000000003
3900,0,10,RandomK,3,200,10,43,37,"Hit(CCW,9,MIDDLE)",50248,1850.5,A5,-0.52,1.60611,0.305,0.825,-1.323055,-0.5656300000000001,0.757425
4543,6,5,RandomK,3,200,10,43,49,"Hit(CCW,2,STRONG)",129166,4729.44,A5,0.705,1.80775,1.09,0.3850000000000001,-0.19887500000000002,0.057780000000000165,0.2566550000000002
9231,5,14,RandomK,3,200,10,43,42,"Hit(CW,5,TOUCH)",2015,133.147,A5,1.86,1.21672,2.025,0.1649999999999998,1.25164,1.620533,0.3688929999999999
1825,5,7,RandomK,3,200,10,43,53,"PostGuard(CCW,1,0)",102059,4001.62,A5,0.865,2.16259,0.865,0.0,-0.2162949999999999,-0.21359499999999998,0.0026999999999999247
4062,4,15,RandomK,3,200,10,43,56,"Hit(CW,6,MIDDLE)",117,8.29701,A5,-1.585,1.11927,-0.475,1.1099999999999999,-2.144635,-1.42096,0.7236750000000001
9882,2,11,RandomK,3,200,10,43,53,"Hit(CCW,6,TOUCH)",53583,2821.32,A5,0.485,1.41767,1.295,0.8099999999999999,-0.223835,0.2877799999999999,0.5116149999999999
2998,6,14,RandomK,3,200,10,43,65,"Hit(CCW,7,WEAK)",3985,325.553,A5,2.795,0.716223,2.895,0.10000000000000009,2.4368885,2.46373,0.026841500000000185
1555,2,3,RandomK,3,200,10,43,38,"Hit(CW,0,STRONG)",153934,5292.59,A5,0.73,1.89924,1.1,0.3700000000000001,-0.21962000000000004,0.05477500000000002,0.27439500000000006
4372,4,14,RandomK,3,200,10,43,30,"PreGuard(CW,G5)",554,30.7057,A5,-0.47,0.926876,0.095,0.565,-0.933438,-0.5266850000000001,0.4067529999999999
3732,7,7,RandomK,3,200,10,43,43,"PostGuard(CCW,7,0)",92592,3100.26,A5,0.6,1.86815,1.125,0.525,-0.334075,0.254745,0.58882
3858,5,5,RandomK,3,200,10,43,32,"Hit(CW,0,TOUCH)",130934,5067.25,A5,0.73,2.01422,0.885,0.15500000000000003,-0.27710999999999997,-0.11504999999999999,0.16205999999999998
1938,0,14,RandomK,3,200,10,43,49,"Hit(CCW,11,STRONG)",2043,143.865,A5,0.935,1.9107,1.43,0.4949999999999999,-0.02034999999999998,0.9590015000000001,0.9793515
9112,3,9,RandomK,3,200,10,43,35,"Hit(CCW,2,WEAK)",69737,2774.56,A5,0.385,1.79075,0.76,0.375,-0.510375,-0.13746000000000003,0.372915
4157,3,12,RandomK,3,200,10,43,33,"Hit(CCW,3,TOUCH)",38127,2236.99,A5,-1.825,1.30552,-0.705,1.12,-2.47776,-1.5046849999999998,0.9730750000000001
7373,1,11,RandomK,3,200,10,43,55,"Hit(CCW,6,WEAK)",48757,2394.79,A5,0.93,1.90397,1.175,0.245,-0.02198499999999992,0.5203300000000001,0.542315
7173,4,15,RandomK,3,200,10,43,2,"Draw(CW,S0)",151,14.5158,A5,1.905,0.293215,2.0,0.09499999999999997,1.7583925,2.0,0.24160749999999998
196,4,4,RandomK,3,200,10,43,2,"Draw(CW,S0)",138357,4755.8,A5,-0.86,1.98504,-0.22,0.64,-1.85252,-1.206355,0.6461649999999999
2630,2,14,RandomK,3,200,10,43,10,"Draw(CW,L0)",879,50.1522,A5,-1.27,1.37735,-1.07,0.19999999999999996,-1.958675,-1.5130295,0.4456454999999999
5731,2,10,RandomK,3,200,10,43,35,"Hit(CCW,9,WEAK)",48509,1645.03,A5,-0.705,1.34461,-0.555,0.1499999999999999,-1.377305,-1.26157,0.11573499999999992
9518,4,5,RandomK,3,200,10,43,36,"Hit(CW,0,MIDDLE)",129780,4869.18,A5,0.595,1.95217,0.985,0.39,-0.381085,0.009689999999999976,0.390775
8211,7,12,RandomK,3,200,10,43,55,"Hit(CCW,9,WEAK)",24411,1116.01,A5,-1.395,1.6938,-0.815,0.5800000000000001,-2.2419000000000002,-1.69403,0.5478700000000003
7977,6,14,RandomK,3,200,10,44,3,"Draw(CCW,S0)",4308,341.164,A5,-2.53,1.60907,-1.635,0.8949999999999998,-3.334535,-2.371845,0.9626899999999998
3926,6,11,RandomK,3,200,10,44,68,"Hit(CW,6,STRONG)",49492,2665.7,A5,0.295,2.03911,0.425,0.13,-0.7245550000000001,-0.594115,0.1304400000000001
3883,1,14,RandomK,3,200,10,44,4,"Draw(CW,S2)",367,19.1377,A5,-0.645,0.754304,-0.075,0.5700000000000001,-1.022152,-0.551806,0.47034599999999993
9222,7,5,RandomK,3,200,10,44,18,"Draw(CW,L4)",119687,3917.12,A5,0.705,2.10428,1.315,0.61,-0.3471400000000001,0.33006500000000005,0.6772050000000002
7881,2,15,RandomK,3,200,10,44,37,"Hit(CCW,2,MIDDLE)",129,9.26421,A5,-1.01,0.529056,1.72,2.73,-1.274528,0.6866099999999999,1.961138
6406,1,10,RandomK,3,200,10,44,32,"Hit(CW,7,TOUCH)",51195,1935.05,A5,-0.85,1.7371,-0.385,0.46499999999999997,-1.71855,-1.2389299999999999,0.47962000000000016
8452,5,15,RandomK,3,200,10,44,86,"Hit(CW,10,MIDDLE)",153,13.5661,A5,1.37,0.658103,1.935,0.565,1.0409485,1.8117370000000002,0.7707885000000001
1028,6,15,RandomK,3,200,10,44,1,"Draw(CCW,TEE)",151,13.7085,A5,1.0,0.0,1.0,0.0,1.0,1.0,0.0
2596,1,14,RandomK,3,200,10,44,47,"Hit(CCW,3,MIDDLE)",4414,347.061,A5,1.555,1.38816,1.97,0.41500000000000004,0.8609199999999999,1.7626545,0.9017345000000001
4748,1,3,RandomK,3,200,10,44,22,"Draw(CW,L6)",151864,5237.8,A5,0.69,2.01343,0.985,0.29500000000000004,-0.3167150000000001,0.04894999999999994,0.365665
9206,3,13,RandomK,3,200,10,44,39,"Hit(CCW,12,STRONG)",3997,225.137,A5,1.23,1.32178,1.73,0.5,0.56911,1.01113,0.4420200000000001
5859,1,6,RandomK,3,200,10,44,60,"PostGuard(CW,4,1)",115177,4448.93,A5,-0.88,1.95591,-0.015,0.865,-1.857955,-1.006815,0.85114
6871,4,5,RandomK,3,200,10,44,55,"PostGuard(CCW,1,1)",130480,4859.86,A5,0.715,2.04053,1.32,0.6050000000000001,-0.305265,0.2883,0.593565
7163,3,13,RandomK,3,200,10,44,68,"Hit(CW,12,STRONG)",10949,669.986,A5,1.42,1.48108,2.465,1.045,0.67946,1.7441,1.06464
5807,0,8,RandomK,3,200,10,44,74,"PostGuard(CW,6,0)",90987,3772.42,A5,-0.165,1.87291,0.03,0.195,-1.101455,-1.02227,0.07918500000000006
5567,2,15,RandomK,3,200,10,44,12,"Draw(CW,L1)",129,10.8767,A5,1.76,0.736478,1.93,0.16999999999999993,1.391761,1.7758085,0.3840474999999999
2507,3,11,RandomK,3,200,10,44,71,"Hit(CCW,10,MIDDLE)",44044,2075.25,A5,0.93,2.17603,1.715,0.785,-0.1580149999999999,0.6236950000000001,0.78171
7006,3,15,RandomK,3,200,10,44,3,"Draw(CCW,S0)",145,12.7887,A5,-1.0,0.0,-0.97,0.030000000000000027,-1.0,-1.0,0.0
1984,6,4,RandomK,3,200,10,44,47,"Hit(CCW,3,MIDDLE)",141124,5035.03,A5,-0.595,1.91859,-0.31,0.285,-1.554295,-1.28004,0.2742549999999999
1845,7,14,RandomK,3,200,10,44,44,"PostGuard(CW,10,1)",747,44.2601,A5,1.44,1.54803,1.44,0.0,0.6659849999999999,0.6659849999999999,0.0
5780,2,6,RandomK,3,200,10,44,37,"Hit(CCW,5,MIDDLE)",108799,3761.76,A5,-0.75,1.94358,-0.375,0.375,-1.72179,-1.29075,0.43103999999999987
8645,7,5,RandomK,3,200,10,44,34,"Hit(CW,0,WEAK)",128982,4805.34,A5,0.92,1.96306,0.92,0.0,-0.061529999999999974,-0.061529999999999974,0.0
6132,0,13,RandomK,3,200,10,44,30,"PreGuard(CW,G5)",19158,1209.08,A5,2.41,0.928386,2.62,0.20999999999999996,1.945807,2.035705,0.08989800000000003
3339,4,10,RandomK,3,200,10,44,37,"Hit(CCW,7,MIDDLE)",54352,2146.52,A5,-0.57,1.7678,-0.305,0.26499999999999996,-1.4539,-1.19128,0.2626200000000001
3566,6,14,RandomK,3,200,10,44,83,"Hit(CCW,13,TOUCH)",3200,258.035,A5,0.925,0.446514,1.01,0.08499999999999996,0.701743,1.0,0.298257
5523,3,9,RandomK,3,200,10,44,56,"Hit(CW,4,MIDDLE)",70602,2969.48,A5,0.445,1.95371,0.74,0.295,-0.531855,-0.24009999999999998,0.291755
7015,5,14,RandomK,3,200,10,44,57,"Hit(CCW,5,MIDDLE)",4410,358.754,A5,-1.88,1.07963,-1.135,0.7449999999999999,-2.419815,-2.098945,0.32086999999999977
743,7,3,RandomK,3,200,10,44,25,"Draw(CCW,L7)",153411,5344.93,A5,0.46,2.02198,0.98,0.52,-0.5509900000000001,-0.07272499999999993,0.47826500000000016
1014,4,15,RandomK,3,200,10,44,11,"Draw(CCW,L0)",61,3.34166,A5,1.965,1.79549,3.325,1.36,1.067255,2.6887250000000003,1.6214700000000002
3900,0,10,RandomK,3,200,10,44,2,"Draw(CW,S0)",51493,1913.07,A5,0.025,1.86932,0.305,0.27999999999999997,-0.90966,-0.5656300000000001,0.34402999999999995
4543,6,5,RandomK,3,200,10,44,34,"Hit(CW,0,WEAK)",128503,4729.34,A5,0.71,2.02136,1.09,0.3800000000000001,-0.30068000000000006,0.057780000000000165,0.3584600000000002
9231,5,14,RandomK,3,200,10,44,63,"Hit(CCW,11,TOUCH)",1932,130.385,A5,1.685,1.00288,2.025,0.33999999999999986,1.18356,1.620533,0.43697300000000006
1825,5,7,RandomK,3,200,10,44,3,"Draw(CCW,S0)",102157,3975.34,A5,0.785,2.08537,0.865,0.07999999999999996,-0.25768500000000005,-0.21359499999999998,0.044090000000000074
4062,4,15,RandomK,3,200,10,44,35,"Hit(CCW,2,WEAK)",117,8.52957,A5,-1.275,0.824242,-0.475,0.7999999999999999,-1.6871209999999999,-1.42096,0.26616099999999987
9882,2,11,RandomK,3,200,10,44,18,"Draw(CW,L4)",51471,2693.39,A5,0.575,1.34699,1.295,0.72,-0.098495,0.2877799999999999,0.3862749999999999
2998,6,14,RandomK,3,200,10,44,57,"Hit(CCW,5,MIDDLE)",4100,349.142,A5,2.82,0.926067,2.895,0.07500000000000018,2.3569665,2.46373,0.10676350000000001
1555,2,3,RandomK,3,200,10,44,40,"Freeze(CW,0)",153243,5303.69,A5,0.8,2.14009,1.1,0.30000000000000004,-0.27004499999999987,0.05477500000000002,0.3248199999999999
4372,4,14,RandomK,3,200,10,44,43,"PostGuard(CCW,12,0)",635,35.6869,A5,-0.255,1.24498,0.095,0.35,-0.87749,-0.5266850000000001,0.3508049999999999
3732,7,7,RandomK,3,200,10,44,20,"Draw(CW,L5)",93362,3110.45,A5,0.87,1.58212,1.125,0.255,0.07894000000000001,0.254745,0.175805
3858,5,5,RandomK,3,200,10,44,41,"Freeze(CCW,0)",131586,5102.05,A5,0.695,1.93183,0.885,0.19000000000000006,-0.270915,-0.11504999999999999,0.15586500000000003
1938,0,14,RandomK,3,200,10,44,46,"Hit(CW,11,MIDDLE)",2041,144.589,A5,-0.08,1.81207,1.43,1.51,-0.986035,0.9590015000000001,1.9450365
9112,3,9,RandomK,3,200,10,44,35,"Hit(CCW,2,WEAK)",68927,2709.92,A5,0.385,1.79075,0.76,0.375,-0.510375,-0.13746000000000003,0.372915
4157,3,12,RandomK,3,200,10,44,34,"Hit(CW,3,WEAK)",29208,1621.61,A5,-1.14,1.58127,-0.705,0.43499999999999994,-1.9306349999999999,-1.5046849999999998,0.42595000000000005
7373,1,11,RandomK,3,200,10,44,0,"Draw(CW,TEE)",50840,2619.75,A5,0.5,1.70587,1.175,0.675,-0.352935,0.5203300000000001,0.8732650000000001
7173,4,15,RandomK,3,200,10,44,19,"Draw(CCW,L4)",151,15.6549,A5,2.0,0.0,2.0,0.0,2.0,2.0,0.0
196,4,4,RandomK,3,200,10,44,45,"PostGuard(CCW,2,1)",139988,4850.15,A5,-0.495,1.99248,-0.22,0.275,-1.49124,-1.206355,0.28488499999999983
2630,2,14,RandomK,3,200,10,44,41,"Freeze(CCW,11)",877,50.1156,A5,-1.355,1.08581,-1.07,0.2849999999999999,-1.897905,-1.5130295,0.3848754999999999
5731,2,10,RandomK,3,200,10,44,3,"Draw(CCW,S0)",49852,1724.69,A5,-1.135,1.67833,-0.555,0.58,-1.9741650000000002,-1.26157,0.7125950000000001
9518,4,5,RandomK,3,200,10,44,39,"Hit(CCW,0,STRONG)",129390,4909.25,A5,0.54,1.83259,0.985,0.44499999999999995,-0.37629499999999994,0.009689999999999976,0.3859849999999999
8211,7,12,RandomK,3,200,10,44,64,"Hit(CW,11,WEAK)",27033,1284.01,A5,-1.295,1.57733,-0.815,0.48,-2.083665,-1.69403,0.38963499999999995
7977,6,14,RandomK,3,200,10,45,84,"Hit(CW,11,WEAK)",4255,341.027,A5,-2.83,1.69443,-1.635,1.195,-3.6772150000000003,-2.371845,1.3053700000000004
3926,6,11,RandomK,3,200,10,45,68,"Hit(CW,6,STRONG)",48381,2583.99,A5,0.295,2.03911,0.425,0.13,-0.7245550000000001,-0.594115,0.1304400000000001
3883,1,14,RandomK,3,200,10,45,0,"Draw(CW,TEE)",385,20.2049,A5,-0.29,0.925149,-0.075,0.21499999999999997,-0.7525744999999999,-0.551806,0.2007684999999999
9222,7,5,RandomK,3,200,10,45,20,"Draw(CW,L5)",119747,4006.41,A5,1.125,2.01727,1.315,0.18999999999999995,0.11636500000000005,0.33006500000000005,0.2137
7881,2,15,RandomK,3,200,10,45,37,"Hit(CCW,2,MIDDLE)",129,9.07196,A5,-1.01,0.529056,1.72,2.73,-1.274528,0.6866099999999999,1.961138
6406,1,10,RandomK,3,200,10,45,6,"Draw(CW,S4)",53702,2062.91,A5,-0.435,1.88037,-0.385,0.04999999999999999,-1.375185,-1.2389299999999999,0.13625500000000024
8452,5,15,RandomK,3,200,10,45,88,"Hit(CW,10,STRONG)",153,13.3072,A5,1.35,0.726292,1.935,0.585,0.9868540000000001,1.8117370000000002,0.824883
1028,6,15,RandomK,3,200,10,45,1,"Draw(CCW,TEE)",151,13.0343,A5,1.0,0.0,1.0,0.0,1.0,1.0,0.0
2596,1,14,RandomK,3,200,10,45,35,"Hit(CCW,1,WEAK)",4405,343.064,A5,1.58,1.11964,1.97,0.3899999999999999,1.02018,1.7626545,0.7424744999999999
4748,1,3,RandomK,3,200,10,45,35,"Hit(CCW,0,WEAK)",150715,5117.94,A5,0.88,2.1132,0.985,0.10499999999999998,-0.17659999999999998,0.04894999999999994,0.22554999999999992
9206,3,13,RandomK,3,200,10,45,38,"Hit(CW,12,STRONG)",6127,341.701,A5,1.25,1.31053,1.73,0.48,0.594735,1.01113,0.41639500000000007
5859,1,6,RandomK,3,200,10,45,28,"PreGuard(CW,G4)",114299,4335.33,A5,-0.62,1.95336,-0.015,0.605,-1.59668,-1.006815,0.5898650000000001
6871,4,5,RandomK,3,200,10,45,53,"PostGuard(CCW,1,0)",129551,4805.39,A5,0.905,1.98645,1.32,0.41500000000000004,-0.088225,0.2883,0.376525
7163,3,13,RandomK,3,200,10,45,69,"Hit(CCW,12,STRONG)",10846,664.079,A5,1.635,1.56581,2.465,0.8299999999999998,0.852095,1.7441,0.8920049999999999
5807,0,8,RandomK,3,200,10,45,75,"PostGuard(CCW,6,0)",90179,3649.2,A5,-0.575,1.9658,0.03,0.605,-1.5579,-1.02227,0.53563
5567,2,15,RandomK,3,200,10,45,2,"Draw(CW,S0)",129,10.3455,A5,1.735,0.784076,1.93,0.19499999999999984,1.342962,1.7758085,0.4328464999999999
2507,3,11,RandomK,3,200,10,45,43,"Hit(CCW,4,STRONG)",38534,1681.77,A5,0.45,1.86748,1.715,1.2650000000000001,-0.48374,0.6236950000000001,1.1074350000000002
7006,3,15,RandomK,3,200,10,45,2,"Draw(CW,S0)",145,13.3627,A5,-1.0,0.0,-0.97,0.030000000000000027,-1.0,-1.0,0.0
1984,6,4,RandomK,3,200,10,45,45,"Hit(CCW,3,WEAK)",139463,4906.33,A5,-0.475,1.99233,-0.31,0.16499999999999998,-1.471165,-1.28004,0.191125
1845,7,14,RandomK,3,200,10,45,48,"PostGuard(CW,12,0)",812,48.3967,A5,1.005,1.77904,1.44,0.43500000000000005,0.11547999999999992,0.6659849999999999,0.550505
5780,2,6,RandomK,3,200,10,45,38,"Hit(CW,5,STRONG)",108665,3720.19,A5,-0.575,1.56664,-0.375,0.19999999999999996,-1.35832,-1.29075,0.06756999999999991
8645,7,5,RandomK,3,200,10,45,47,"Hit(CCW,2,MIDDLE)",128660,4768.03,A5,0.685,1.7366,0.92,0.235,-0.1832999999999999,-0.061529999999999974,0.12176999999999993
6132,0,13,RandomK,3,200,10,45,51,"Freeze(CCW,10)",17201,1081.07,A5,1.985,1.17251,2.62,0.635,1.3987450000000001,2.035705,0.63696
3339,4,10,RandomK,3,200,10,45,10,"Draw(CW,L0)",57725,2315.24,A5,-0.46,2.0195,-0.305,0.15500000000000003,-1.46975,-1.19128,0.27847
3566,6,14,RandomK,3,200,10,45,53,"Hit(CCW,7,TOUCH)",3395,272.531,A5,0.98,0.457821,1.01,0.030000000000000027,0.7510895,1.0,0.24891050000000003
5523,3,9,RandomK,3,200,10,45,58,"Hit(CW,4,STRONG)",68715,2893.59,A5,0.455,2.10902,0.74,0.285,-0.59951,-0.24009999999999998,0.35941
7015,5,14,RandomK,3,200,10,45,11,"Draw(CCW,L0)",4042,323.526,A5,-1.135,1.92789,-1.135,0.0,-2.098945,-2.098945,0.0
743,7,3,RandomK,3,200,10,45,8,"Draw(CW,S6)",150758,5219.69,A5,0.81,2.22124,0.98,0.16999999999999993,-0.3006199999999999,-0.07272499999999993,0.22789499999999996
1014,4,15,RandomK,3,200,10,45,2,"Draw(CW,S0)",61,3.34267,A5,1.655,1.8644,3.325,1.6700000000000002,0.7228,2.6887250000000003,1.9659250000000004
3900,0,10,RandomK,3,200,10,45,2,"Draw(CW,S0)",51349,1906.19,A5,0.025,1.86932,0.305,0.27999999999999997,-0.90966,-0.5656300000000001,0.34402999999999995
4543,6,5,RandomK,3,200,10,45,47,"Hit(CCW,2,MIDDLE)",127651,4654.36,A5,0.73,2.06812,1.09,0.3600000000000001,-0.30406,0.057780000000000165,0.36184000000000016
9231,5,14,RandomK,3,200,10,45,2,"Draw(CW,S0)",1879,127.033,A5,1.665,1.2778,2.025,0.3599999999999999,1.0261,1.620533,0.594433
1825,5,7,RandomK,3,200,10,45,40,"Freeze(CW,2)",99492,3860.95,A5,0.565,1.96616,0.865,0.30000000000000004,-0.41808,-0.21359499999999998,0.20448500000000003
4062,4,15,RandomK,3,200,10,45,58,"Hit(CW,6,STRONG)",117,8.52708,A5,-1.565,1.16866,-0.475,1.0899999999999999,-2.14933,-1.42096,0.72837
9882,2,11,RandomK,3,200,10,45,19,"Draw(CCW,L4)",51939,2699.85,A5,0.335,1.54038,1.295,0.96,-0.43519,0.2877799999999999,0.7229699999999999
2998,6,14,RandomK,3,200,10,45,57,"Hit(CCW,5,MIDDLE)",4104,343.945,A5,2.82,0.926067,2.895,0.07500000000000018,2.3569665,2.46373,0.10676350000000001
1555,2,3,RandomK,3,200,10,45,14,"Draw(CW,L2)",152917,5267.11,A5,0.8,2.0025,1.1,0.30000000000000004,-0.20124999999999993,0.05477500000000002,0.25602499999999995
4372,4,14,RandomK,3,200,10,45,1,"Draw(CCW,TEE)",572,32.1571,A5,0.005,1.12026,0.095,0.09,-0.55513,-0.5266850000000001,0.028444999999999943
3732,7,7,RandomK,3,200,10,45,14,"Draw(CW,L2)",94033,3152.17,A5,0.915,1.96412,1.125,0.20999999999999996,-0.06706000000000001,0.254745,0.321805
3858,5,5,RandomK,3,200,10,45,3,"Draw(CCW,S0)",130559,5011.43,A5,0.795,1.92171,0.885,0.08999999999999997,-0.16585499999999997,-0.11504999999999999,0.05080499999999999
1938,0,14,RandomK,3,200,10,45,11,"Draw(CCW,L0)",1912,133.419,A5,1.17,1.09138,1.43,0.26,0.6243099999999999,0.9590015000000001,0.33469150000000014
9112,3,9,RandomK,3,200,10,45,39,"Hit(CCW,2,STRONG)",64612,2404.63,A5,0.53,1.90239,0.76,0.22999999999999998,-0.421195,-0.13746000000000003,0.28373499999999996
4157,3,12,RandomK,3,200,10,45,36,"Hit(CW,3,MIDDLE)",35324,2011.73,A5,-0.705,1.59937,-0.705,0.0,-1.5046849999999998,-1.5046849999999998,0.0
7373,1,11,RandomK,3,200,10,45,48,"Hit(CW,4,STRONG)",51371,2613.94,A5,1.015,1.77617,1.175,0.16000000000000014,0.1269149999999999,0.5203300000000001,0.3934150000000002
7173,4,15,RandomK,3,200,10,45,11,"Draw(CCW,L0)",151,15.0708,A5,1.81,0.392301,2.0,0.18999999999999995,1.6138495000000002,2.0,0.38615049999999984
196,4,4,RandomK,3,200,10,45,34,"Hit(CW,3,WEAK)",137851,4746.78,A5,-0.59,1.84442,-0.22,0.37,-1.51221,-1.206355,0.305855
2630,2,14,RandomK,3,200,10,45,41,"Freeze(CCW,11)",885,49.9138,A5,-1.355,1.08581,-1.07,0.2849999999999999,-1.897905,-1.5130295,0.3848754999999999
5731,2,10,RandomK,3,200,10,45,41,"Freeze(CCW,9)",48845,1687.89,A5,-1.145,1.81493,-0.555,0.59,-2.0524649999999998,-1.26157,0.7908949999999997
9518,4,5,RandomK,3,200,10,45,33,"Hit(CCW,0,TOUCH)",129816,4977.59,A5,0.985,1.98363,0.985,0.0,-0.0068150000000000155,0.009689999999999976,0.016504999999999992
8211,7,12,RandomK,3,200,10,45,55,"Hit(CCW,9,WEAK)",22279,984.729,A5,-1.395,1.6938,-0.815,0.5800000000000001,-2.2419000000000002,-1.69403,0.5478700000000003
7977,6,14,RandomK,3,200,10,46,34,"Hit(CW,1,WEAK)",4142,327.321,A5,-2.045,1.53394,-1.635,0.4099999999999999,-2.81197,-2.371845,0.4401250000000001
3926,6,11,RandomK,3,200,10,46,79,"Hit(CCW,8,STRONG)",46161,2402.71,A5,-1.42,1.81758,0.425,1.845,-2.3287899999999997,-0.594115,1.7346749999999997
3883,1,14,RandomK,3,200,10,46,0,"Draw(CW,TEE)",383,20.3128,A5,-0.29,0.925149,-0.075,0.21499999999999997,-0.7525744999999999,-0.551806,0.2007684999999999
9222,7,5,RandomK,3,200,10,46,19,"Draw(CCW,L4)",118935,3926.05,A5,0.9,1.93907,1.315,0.4149999999999999,-0.06953500000000001,0.33006500000000005,0.39960000000000007
7881,2,15,RandomK,3,200,10,46,87,"Hit(CCW,12,MIDDLE)",129,9.2301,A5,-0.705,0.893294,1.72,2.425,-1.151647,0.6866099999999999,1.838257
6406,1,10,RandomK,3,200,10,46,10,"Draw(CW,L0)",52322,1994.93,A5,-1.015,1.7014,-0.385,0.6299999999999999,-1.8657,-1.2389299999999999,0.62677
8452,5,15,RandomK,3,200,10,46,6,"Draw(CW,S4)",153,13.3366,A5,1.395,0.488851,1.935,0.54,1.1505745,1.8117370000000002,0.6611625000000001
1028,6,15,RandomK,3,200,10,46,1,"Draw(CCW,TEE)",151,13.177,A5,1.0,0.0,1.0,0.0,1.0,1.0,0.0
2596,1,14,RandomK,3,200,10,46,45,"Hit(CCW,3,WEAK)",4474,353.554,A5,1.385,1.7137,1.97,0.585,0.52815,1.7626545,1.2345045
4748,1,3,RandomK,3,200,10,46,34,"Hit(CW,0,WEAK)",152106,5137.71,A5,0.71,2.14381,0.985,0.275,-0.36190500000000014,0.04894999999999994,0.4108550000000001
9206,3,13,RandomK,3,200,10,46,41,"Freeze(CCW,12)",6778,379.385,A5,-0.28,1.62222,1.73,2.01,-1.09111,1.01113,2.10224
5859,1,6,RandomK,3,200,10,46,50,"Freeze(CW,5)",113754,4297.35,A5,-0.64,2.07133,-0.015,0.625,-1.675665,-1.006815,0.66885
6871,4,5,RandomK,3,200,10,46,47,"Hit(CCW,2,MIDDLE)",129684,4800.76,A5,0.9,2.09523,1.32,0.42000000000000004,-0.14761499999999994,0.2883,0.43591499999999994
7163,3,13,RandomK,3,200,10,46,11,"Draw(CCW,L0)",8325,514.332,A5,1.68,1.82691,2.465,0.7849999999999999,0.7665449999999999,1.7441,0.9775550000000001
5807,0,8,RandomK,3,200,10,46,74,"PostGuard(CW,6,0)",91515,3834.59,A5,-0.165,1.87291,0.03,0.195,-1.101455,-1.02227,0.07918500000000006
5567,2,15,RandomK,3,200,10,46,2,"Draw(CW,S0)",129,10.0349,A5,1.735,0.784076,1.93,0.19499999999999984,1.342962,1.7758085,0.4328464999999999
2507,3,11,RandomK,3,200,10,46,60,"Hit(CW,8,MIDDLE)",44285,2055.55,A5,1.42,2.26354,1.715,0.29500000000000015,0.28823,0.6236950000000001,0.3354650000000001
7006,3,15,RandomK,3,200,10,46,5,"Draw(CCW,S2)",145,13.0203,A5,-1.0,0.0,-0.97,0.030000000000000027,-1.0,-1.0,0.0
1984,6,4,RandomK,3,200,10,46,45,"Hit(CCW,3,WEAK)",140438,4920.45,A5,-0.475,1.99233,-0.31,0.16499999999999998,-1.471165,-1.28004,0.191125
1845,7,14,RandomK,3,200,10,46,18,"Draw(CW,L4)",735,43.4183,A5,1.13,1.37953,1.44,0.31000000000000005,0.44023499999999993,0.6659849999999999,0.22575
5780,2,6,RandomK,3,200,10,46,35,"Hit(CCW,5,WEAK)",110356,3758.6,A5,-0.78,1.76397,-0.375,0.405,-1.661985,-1.29075,0.371235
8645,7,5,RandomK,3,200,10,46,45,"Hit(CCW,2,WEAK)",130698,4889.91,A5,0.625,2.02346,0.92,0.29500000000000004,-0.38673,-0.061529999999999974,0.32520000000000004
6132,0,13,RandomK,3,200,10,46,78,"PostGuard(CW,9,2)",20516,1310.65,A5,2.485,0.979681,2.62,0.13500000000000023,1.9951594999999998,2.035705,0.040545500000000345
3339,4,10,RandomK,3,200,10,46,34,"Hit(CW,7,WEAK)",58706,2379.04,A5,-0.77,1.72253,-0.305,0.465,-1.631265,-1.19128,0.43998500000000007
3566,6,14,RandomK,3,200,10,46,51,"Freeze(CCW,5)",3240,272.18,A5,0.93,0.5245,1.01,0.07999999999999996,0.6677500000000001,1.0,0.33224999999999993
5523,3,9,RandomK,3,200,10,46,57,"Hit(CCW,4,MIDDLE)",69525,2967.22,A5,0.605,1.89973,0.74,0.135,-0.344865,-0.24009999999999998,0.104765
7015,5,14,RandomK,3,200,10,46,48,"Hit(CW,3,STRONG)",4194,345.415,A5,-3.32,0.920652,-1.135,2.1849999999999996,-3.7803259999999996,-2.098945,1.6813809999999996
743,7,3,RandomK,3,200,10,46,27,"PreGuard(CCW,G3)",153945,5379.84,A5,0.48,1.92083,0.98,0.5,-0.48041500000000004,-0.07272499999999993,0.4076900000000001
1014,4,15,RandomK,3,200,10,46,2,"Draw(CW,S0)",61,3.33284,A5,1.655,1.8644,3.325,1.6700000000000002,0.7228,2.6887250000000003,1.9659250000000004
3900,0,10,RandomK,3,200,10,46,41,"Freeze(CCW,9)",52179,1977.98,A5,-0.77,1.85664,0.305,1.075,-1.69832,-0.5656300000000001,1.13269
4543,6,5,RandomK,3,200,10,46,49,"Hit(CCW,2,STRONG)",127337,4661.96,A5,0.705,1.80775,1.09,0.3850000000000001,-0.19887500000000002,0.057780000000000165,0.2566550000000002
9231,5,14,RandomK,3,200,10,46,10,"Draw(CW,L0)",2138,145.07,A5,1.14,1.46983,2.025,0.885,0.4050849999999999,1.620533,1.215448
1825,5,7,RandomK,3,200,10,46,34,"Hit(CW,2,WEAK)",100638,3846.67,A5,0.505,2.21133,0.865,0.36,-0.6006649999999999,-0.21359499999999998,0.3870699999999999
4062,4,15,RandomK,3,200,10,46,35,"Hit(CCW,2,WEAK)",117,8.38298,A5,-1.275,0.824242,-0.475,0.7999999999999999,-1.6871209999999999,-1.42096,0.26616099999999987
9882,2,11,RandomK,3,200,10,46,90,"PostGuard(CW,7,0)",52660,2775.55,A5,0.75,1.252,1.295,0.5449999999999999,0.124,0.2877799999999999,0.16377999999999993
2998,6,14,RandomK,3,200,10,46,69,"Hit(CCW,7,STRONG)",3937,320.131,A5,2.61,0.90989,2.895,0.28500000000000014,2.155055,2.46373,0.30867500000000003
1555,2,3,RandomK,3,200,10,46,41,"Freeze(CCW,0)",152851,5269.55,A5,0.58,1.94772,1.1,0.5200000000000001,-0.39386,0.05477500000000002,0.448635
4372,4,14,RandomK,3,200,10,46,14,"Draw(CW,L2)",619,34.6206,A5,-0.705,0.779728,0.095,0.7999999999999999,-1.0948639999999998,-0.5266850000000001,0.5681789999999998
3732,7,7,RandomK,3,200,10,46,14,"Draw(CW,L2)",94786,3198.43,A5,0.915,1.96412,1.125,0.20999999999999996,-0.06706000000000001,0.254745,0.321805
3858,5,5,RandomK,3,200,10,46,7,"Draw(CCW,S4)",132632,5218.26,A5,0.855,1.9401,0.885,0.030000000000000027,-0.11504999999999999,-0.11504999999999999,0.0
1938,0,14,RandomK,3,200,10,46,55,"Hit(CCW,13,WEAK)",2057,142.907,A5,0.7,1.92873,1.43,0.73,-0.26436500000000007,0.9590015000000001,1.2233665
9112,3,9,RandomK,3,200,10,46,35,"Hit(CCW,2,WEAK)",68726,2705.84,A5,0.385,1.79075,0.76,0.375,-0.510375,-0.13746000000000003,0.372915
4157,3,12,RandomK,3,200,10,46,39,"Hit(CCW,3,STRONG)",27286,1428.36,A5,-1.83,1.33458,-0.705,1.125,-2.49729,-1.5046849999999998,0.9926050000000002
7373,1,11,RandomK,3,200,10,46,63,"Hit(CCW,8,TOUCH)",50053,2509.3,A5,0.835,1.53876,1.175,0.3400000000000001,0.06562000000000001,0.5203300000000001,0.45471000000000006
7173,4,15,RandomK,3,200,10,46,6,"Draw(CW,S4)",151,15.0748,A5,1.84,0.366606,2.0,0.15999999999999992,1.656697,2.0,0.3433029999999999
196,4,4,RandomK,3,200,10,46,45,"PostGuard(CCW,2,1)",137765,4749.56,A5,-0.495,1.99248,-0.22,0.275,-1.49124,-1.206355,0.28488499999999983
2630,2,14,RandomK,3,200,10,46,41,"Freeze(CCW,11)",816,45.851,A5,-1.355,1.08581,-1.07,0.2849999999999999,-1.897905,-1.5130295,0.3848754999999999
5731,2,10,RandomK,3,200,10,46,13,"Draw(CCW,L1)",47761,1626.78,A5,-0.94,1.65118,-0.555,0.3849999999999999,-1.76559,-1.26157,0.5040199999999999
9518,4,5,RandomK,3,200,10,46,36,"Hit(CW,0,MIDDLE)",129060,4800.98,A5,0.595,1.95217,0.985,0.39,-0.381085,0.009689999999999976,0.390775
8211,7,12,RandomK,3,200,10,46,70,"Freeze(CW,11)",27159,1302.65,A5,-1.045,1.73002,-0.815,0.22999999999999998,-1.9100099999999998,-1.69403,0.21597999999999984
7977,6,14,ScoreScreen,3,200,10,42,72,"Hit(CW,9,TOUCH)",3802,540.738,A7,-2.335,1.49759,-1.635,0.7,-3.083795,-2.371845,0.7119499999999999
3926,6,11,ScoreScreen,3,200,10,42,39,"Hit(CCW,0,STRONG)",45523,3417.39,A7,-1.615,2.01166,0.425,2.04,-2.6208299999999998,-0.594115,2.026715
3883,1,14,ScoreScreen,3,200,10,42,19,"Draw(CCW,L4)",1055,50.9251,A7,-0.335,0.890379,-0.075,0.26,-0.7801895000000001,-0.551806,0.22838350000000007
9222,7,5,ScoreScreen,3,200,10,42,4,"Draw(CW,S2)",128076,5895.53,A7,1.29,1.91987,1.315,0.02499999999999991,0.33006500000000005,0.33006500000000005,0.0
7881,2,15,ScoreScreen,3,200,10,42,84,"Hit(CW,12,WEAK)",129,16.861,A7,0.285,1.42961,1.72,1.435,-0.42980500000000005,0.6866099999999999,1.116415
6406,1,10,ScoreScreen,3,200,10,42,51,"Freeze(CCW,9)",52439,2991.55,A7,-0.79,1.73663,-0.385,0.405,-1.658315,-1.2389299999999999,0.4193850000000001
8452,5,15,ScoreScreen,3,200,10,42,34,"Hit(CW,0,WEAK)",153,29.1313,A7,1.32,0.6063,1.935,0.615,1.01685,1.8117370000000002,0.7948870000000001
1028,6,15,ScoreScreen,3,200,10,42,0,"Draw(CW,TEE)",151,29.0269,A7,0.77,0.668655,1.0,0.22999999999999998,0.4356725,1.0,0.5643275
2596,1,14,ScoreScreen,3,200,10,42,86,"Hit(CW,11,MIDDLE)",3824,579.132,A7,0.65,1.72554,1.97,1.3199999999999998,-0.21277000000000001,1.7626545,1.9754245
4748,1,3,ScoreScreen,3,200,10,42,23,"Draw(CCW,L6)",162777,7721.31,A7,0.655,2.0799,0.985,0.32999999999999996,-0.3849499999999999,0.04894999999999994,0.43389999999999984
9206,3,13,ScoreScreen,3,200,10,42,37,"Hit(CCW,12,MIDDLE)",4574,295.347,A7,1.255,1.23692,1.73,0.4750000000000001,0.6365399999999999,1.01113,0.3745900000000002
5859,1,6,ScoreScreen,3,200,10,42,43,"Hit(CCW,5,TOUCH)",119867,6394.85,A7,-0.52,2.07355,-0.015,0.505,-1.556775,-1.006815,0.54996
6871,4,5,ScoreScreen,3,200,10,42,55,"PostGuard(CCW,1,1)",136736,7037.82,A7,0.715,2.04053,1.32,0.6050000000000001,-0.305265,0.2883,0.593565
7163,3,13,ScoreScreen,3,200,10,42,67,"Hit(CCW,12,MIDDLE)",9024,717.055,A7,1.88,1.55743,2.465,0.585,1.1012849999999998,1.7441,0.6428150000000001
5807,0,8,ScoreScreen,3,200,10,42,29,"PreGuard(CCW,G4)",92239,5238.82,A7,-0.15,2.13483,0.03,0.18,-1.217415,-1.02227,0.1951449999999999
5567,2,15,ScoreScreen,3,200,10,42,0,"Draw(CW,TEE)",129,22.0755,A7,1.535,0.999387,1.93,0.395,1.0353065,1.7758085,0.740502
2507,3,11,ScoreScreen,3,200,10,42,62,"Hit(CW,8,STRONG)",40277,2575.97,A7,1.715,2.18261,1.715,0.0,0.6236950000000001,0.6236950000000001,0.0
7006,3,15,ScoreScreen,3,200,10,42,0,"Draw(CW,TEE)",145,29.1172,A7,-1.0,0.0,-0.97,0.030000000000000027,-1.0,-1.0,0.0
1984,6,4,ScoreScreen,3,200,10,42,33,"Hit(CCW,1,TOUCH)",148899,7575.84,A7,-0.65,1.94872,-0.31,0.34,-1.62436,-1.28004,0.34431999999999996
1845,7,14,ScoreScreen,3,200,10,42,44,"PostGuard(CW,10,1)",1569,92.8104,A7,1.44,1.54803,1.44,0.0,0.6659849999999999,0.6659849999999999,0.0
5780,2,6,ScoreScreen,3,200,10,42,41,"Freeze(CCW,5)",115247,5732.82,A7,-1.035,1.97073,-0.375,0.6599999999999999,-2.020365,-1.29075,0.7296149999999999
8645,7,5,ScoreScreen,3,200,10,42,48,"Hit(CW,2,STRONG)",136423,6881.2,A7,0.625,1.73907,0.92,0.29500000000000004,-0.24453499999999995,-0.061529999999999974,0.18300499999999997
6132,0,13,ScoreScreen,3,200,10,42,5,"Draw(CCW,S2)",11350,1069.59,A7,2.47,1.20379,2.62,0.1499999999999999,1.8681050000000003,2.035705,0.16759999999999975
3339,4,10,ScoreScreen,3,200,10,42,14,"Draw(CW,L2)",55000,3177.13,A7,-1.1,1.88414,-0.305,0.7950000000000002,-2.04207,-1.19128,0.8507899999999999
3566,6,14,ScoreScreen,3,200,10,42,30,"PreGuard(CW,G5)",3578,573.56,A7,0.91,0.449333,1.01,0.09999999999999998,0.6853335,1.0,0.31466649999999996
5523,3,9,ScoreScreen,3,200,10,42,59,"Hit(CCW,4,STRONG)",74455,4583.8,A7,0.51,1.97987,0.74,0.22999999999999998,-0.479935,-0.24009999999999998,0.23983500000000002
7015,5,14,ScoreScreen,3,200,10,42,46,"Hit(CW,3,MIDDLE)",3830,574.274,A7,-3.285,0.820838,-1.135,2.1500000000000004,-3.6954190000000002,-2.098945,1.5964740000000002
743,7,3,ScoreScreen,3,200,10,42,39,"Hit(CCW,0,STRONG)",163104,7782.15,A7,0.63,1.80086,0.98,0.35,-0.27042999999999995,-0.07272499999999993,0.19770500000000002
1014,4,15,ScoreScreen,3,200,10,42,10,"Draw(CW,L0)",61,4.30649,A7,3.325,1.27255,3.325,0.0,2.6887250000000003,2.6887250000000003,0.0
3900,0,10,ScoreScreen,3,200,10,42,40,"Freeze(CW,9)",50729,2916.38,A7,-0.02,1.70282,0.305,0.325,-0.87141,-0.5656300000000001,0.30577999999999994
4543,6,5,ScoreScreen,3,200,10,42,49,"Hit(CCW,2,STRONG)",137852,7061.79,A7,0.705,1.80775,1.09,0.3850000000000001,-0.19887500000000002,0.057780000000000165,0.2566550000000002
9231,5,14,ScoreScreen,3,200,10,42,2,"Draw(CW,S0)",2706,273.841,A7,1.665,1.2778,2.025,0.3599999999999999,1.0261,1.620533,0.594433
1825,5,7,ScoreScreen,3,200,10,42,39,"Hit(CCW,2,STRONG)",105364,5796.52,A7,0.58,1.84759,0.865,0.28500000000000003,-0.3437950000000001,-0.21359499999999998,0.1302000000000001
4062,4,15,ScoreScreen,3,200,10,42,35,"Hit(CCW,2,WEAK)",117,16.4801,A7,-1.275,0.824242,-0.475,0.7999999999999999,-1.6871209999999999,-1.42096,0.26616099999999987
9882,2,11,ScoreScreen,3,200,10,42,75,"PostGuard(CCW,1,1)",47205,3782.01,A7,0.6,1.28062,1.295,0.695,-0.04031000000000007,0.2877799999999999,0.32809
2998,6,14,ScoreScreen,3,200,10,42,59,"Hit(CCW,5,STRONG)",3851,582.105,A7,2.895,0.86254,2.895,0.0,2.46373,2.46373,0.0
1555,2,3,ScoreScreen,3,200,10,42,16,"Draw(CW,L3)",164279,7827.13,A7,0.94,2.27956,1.1,0.16000000000000014,-0.19978000000000007,0.05477500000000002,0.2545550000000001
4372,4,14,ScoreScreen,3,200,10,42,9,"Draw(CCW,S6)",1202,59.9043,A7,-0.355,1.3671,0.095,0.44999999999999996,-1.0385499999999999,-0.5266850000000001,0.5118649999999998
3732,7,7,ScoreScreen,3,200,10,42,15,"Draw(CCW,L2)",98492,4594.92,A7,0.94,1.8375,1.125,0.18500000000000005,0.02124999999999999,0.254745,0.233495
3858,5,5,ScoreScreen,3,200,10,42,32,"Hit(CW,0,TOUCH)",139020,7484.53,A7,0.73,2.01422,0.885,0.15500000000000003,-0.27710999999999997,-0.11504999999999999,0.16205999999999998
1938,0,14,ScoreScreen,3,200,10,42,35,"Hit(CCW,9,WEAK)",2361,243.014,A7,1.37,1.80086,1.43,0.05999999999999983,0.46957000000000015,0.9590015000000001,0.4894314999999999
9112,3,9,ScoreScreen,3,200,10,42,44,"Hit(CW,4,WEAK)",72054,4291.62,A7,0.14,1.94689,0.76,0.62,-0.833445,-0.13746000000000003,0.695985
4157,3,12,ScoreScreen,3,200,10,42,34,"Hit(CW,3,WEAK)",25166,2128.06,A7,-1.14,1.58127,-0.705,0.43499999999999994,-1.9306349999999999,-1.5046849999999998,0.42595000000000005
7373,1,11,ScoreScreen,3,200,10,42,58,"Hit(CW,6,STRONG)",45654,3383.45,A7,0.41,2.06928,1.175,0.7650000000000001,-0.6246400000000001,0.5203300000000001,1.1449700000000003
7173,4,15,ScoreScreen,3,200,10,42,0,"Draw(CW,TEE)",151,37.4404,A7,1.84,0.366606,2.0,0.15999999999999992,1.656697,2.0,0.3433029999999999
196,4,4,ScoreScreen,3,200,10,42,28,"PreGuard(CW,G4)",146351,6981.64,A7,-0.605,2.22463,-0.22,0.385,-1.717315,-1.206355,0.5109599999999999
2630,2,14,ScoreScreen,3,200,10,42,0,"Draw(CW,TEE)",1643,102.658,A7,-1.075,1.38542,-1.07,0.004999999999999893,-1.7677100000000001,-1.5130295,0.2546805000000001
5731,2,10,ScoreScreen,3,200,10,42,21,"Draw(CCW,L5)",51697,2488.3,A7,-1.2,1.61555,-0.555,0.6449999999999999,-2.007775,-1.26157,0.746205
9518,4,5,ScoreScreen,3,200,10,42,48,"Hit(CW,2,STRONG)",136351,7183.91,A7,0.655,1.89102,0.985,0.32999999999999996,-0.29050999999999993,0.009689999999999976,0.3001999999999999
8211,7,12,ScoreScreen,3,200,10,42,6,"Draw(CW,S4)",24942,1592.85,A7,-1.225,1.77606,-0.815,0.41000000000000014,-2.11303,-1.69403,0.41900000000000026
7977,6,14,ScoreScreen,3,200,10,43,46,"Hit(CW,3,MIDDLE)",3901,540.159,A7,-3.235,1.42119,-1.635,1.5999999999999999,-3.945595,-2.371845,1.57375
3926,6,11,ScoreScreen,3,200,10,43,37,"Hit(CCW,0,MIDDLE)",43665,3205.2,A7,-1.43,2.04086,0.425,1.855,-2.45043,-0.594115,1.856315
3883,1,14,ScoreScreen,3,200,10,43,0,"Draw(CW,TEE)",1004,47.7642,A7,-0.29,0.925149,-0.075,0.21499999999999997,-0.7525744999999999,-0.551806,0.2007684999999999
9222,7,5,ScoreScreen,3,200,10,43,4,"Draw(CW,S2)",127637,5873.14,A7,1.29,1.91987,1.315,0.02499999999999991,0.33006500000000005,0.33006500000000005,0.0
7881,2,15,ScoreScreen,3,200,10,43,84,"Hit(CW,12,WEAK)",129,16.8606,A7,0.285,1.42961,1.72,1.435,-0.42980500000000005,0.6866099999999999,1.116415
6406,1,10,ScoreScreen,3,200,10,43,38,"Hit(CW,7,STRONG)",53435,2997.61,A7,-0.61,1.63948,-0.385,0.22499999999999998,-1.42974,-1.2389299999999999,0.19081000000000015
8452,5,15,ScoreScreen,3,200,10,43,34,"Hit(CW,0,WEAK)",153,30.0567,A7,1.32,0.6063,1.935,0.615,1.01685,1.8117370000000002,0.7948870000000001
1028,6,15,ScoreScreen,3,200,10,43,0,"Draw(CW,TEE)",151,30.8879,A7,0.77,0.668655,1.0,0.22999999999999998,0.4356725,1.0,0.5643275
2596,1,14,ScoreScreen,3,200,10,43,86,"Hit(CW,11,MIDDLE)",3743,521.408,A7,0.65,1.72554,1.97,1.3199999999999998,-0.21277000000000001,1.7626545,1.9754245
4748,1,3,ScoreScreen,3,200,10,43,40,"Freeze(CW,0)",161727,7858.19,A7,0.815,1.84683,0.985,0.17000000000000004,-0.10841500000000004,0.04894999999999994,0.15736499999999998
9206,3,13,ScoreScreen,3,200,10,43,39,"Hit(CCW,12,STRONG)",4547,292.461,A7,1.23,1.32178,1.73,0.5,0.56911,1.01113,0.4420200000000001
5859,1,6,ScoreScreen,3,200,10,43,28,"PreGuard(CW,G4)",119166,6435.13,A7,-0.62,1.95336,-0.015,0.605,-1.59668,-1.006815,0.5898650000000001
6871,4,5,ScoreScreen,3,200,10,43,10,"Draw(CW,L0)",136767,7119.43,A7,0.695,2.04499,1.32,0.6250000000000001,-0.327495,0.2883,0.615795
7163,3,13,ScoreScreen,3,200,10,43,64,"Hit(CW,12,WEAK)",9078,720.786,A7,2.285,1.58864,2.465,0.17999999999999972,1.4906800000000002,1.7441,0.25341999999999976
5807,0,8,ScoreScreen,3,200,10,43,31,"PreGuard(CCW,G5)",92384,5429.43,A7,-0.275,2.06625,0.03,0.30500000000000005,-1.308125,-1.02227,0.28585499999999997
5567,2,15,ScoreScreen,3,200,10,43,0,"Draw(CW,TEE)",129,21.7363,A7,1.535,0.999387,1.93,0.395,1.0353065,1.7758085,0.740502
2507,3,11,ScoreScreen,3,200,10,43,63,"Hit(CCW,8,STRONG)",43177,2866.78,A7,1.02,1.98987,1.715,0.6950000000000001,0.025065000000000004,0.6236950000000001,0.5986300000000001
7006,3,15,ScoreScreen,3,200,10,43,0,"Draw(CW,TEE)",145,30.8896,A7,-1.0,0.0,-0.97,0.030000000000000027,-1.0,-1.0,0.0
1984,6,4,ScoreScreen,3,200,10,43,32,"Hit(CW,1,TOUCH)",148032,7423.76,A7,-0.92,2.08892,-0.31,0.6100000000000001,-1.9644599999999999,-1.28004,0.6844199999999998
1845,7,14,ScoreScreen,3,200,10,43,49,"PostGuard(CCW,12,0)",1587,93.9576,A7,1.13,1.82841,1.44,0.31000000000000005,0.21579499999999985,0.6659849999999999,0.4501900000000001
5780,2,6,ScoreScreen,3,200,10,43,37,"Hit(CCW,5,MIDDLE)",114928,5678.04,A7,-0.75,1.94358,-0.375,0.375,-1.72179,-1.29075,0.43103999999999987
8645,7,5,ScoreScreen,3,200,10,43,41,"Freeze(CCW,0)",137702,7446.13,A7,0.775,2.09866,0.92,0.14500000000000002,-0.2743300000000001,-0.061529999999999974,0.2128000000000001
6132,0,13,ScoreScreen,3,200,10,43,1,"Draw(CCW,TEE)",11286,1053.85,A7,2.62,1.16859,2.62,0.0,2.035705,2.035705,0.0
3339,4,10,ScoreScreen,3,200,10,43,51,"Freeze(CCW,9)",53157,2965.1,A7,-0.36,1.84943,-0.305,0.05499999999999999,-1.2847149999999998,-1.19128,0.09343499999999993
3566,6,14,ScoreScreen,3,200,10,43,76,"Hit(CW,11,MIDDLE)",3344,531.735,A7,-1.155,1.53002,1.01,2.165,-1.92001,1.0,2.92001
5523,3,9,ScoreScreen,3,200,10,43,57,"Hit(CCW,4,MIDDLE)",75930,4698.11,A7,0.605,1.89973,0.74,0.135,-0.344865,-0.24009999999999998,0.104765
7015,5,14,ScoreScreen,3,200,10,43,11,"Draw(CCW,L0)",3713,543.845,A7,-1.135,1.92789,-1.135,0.0,-2.098945,-2.098945,0.0
743,7,3,ScoreScreen,3,200,10,43,9,"Draw(CCW,S6)",163452,8035.89,A7,0.64,2.12847,0.98,0.33999999999999997,-0.42423500000000003,-0.07272499999999993,0.3515100000000001
1014,4,15,ScoreScreen,3,200,10,43,10,"Draw(CW,L0)",61,4.2671,A7,3.325,1.27255,3.325,0.0,2.6887250000000003,2.6887250000000003,0.0
3900,0,10,ScoreScreen,3,200,10,43,40,"Freeze(CW,9)",53454,2972.46,A7,-0.02,1.70282,0.305,0.325,-0.87141,-0.5656300000000001,0.30577999999999994
4543,6,5,ScoreScreen,3,200,10,43,34,"Hit(CW,0,WEAK)",137755,7379.53,A7,0.71,2.02136,1.09,0.3800000000000001,-0.30068000000000006,0.057780000000000165,0.3584600000000002
9231,5,14,ScoreScreen,3,200,10,43,42,"Hit(CW,5,TOUCH)",2895,289.336,A7,1.86,1.21672,2.025,0.1649999999999998,1.25164,1.620533,0.3688929999999999
1825,5,7,ScoreScreen,3,200,10,43,39,"Hit(CCW,2,STRONG)",103359,5648.79,A7,0.58,1.84759,0.865,0.28500000000000003,-0.3437950000000001,-0.21359499999999998,0.1302000000000001
4062,4,15,ScoreScreen,3,200,10,43,35,"Hit(CCW,2,WEAK)",117,16.0797,A7,-1.275,0.824242,-0.475,0.7999999999999999,-1.6871209999999999,-1.42096,0.26616099999999987
9882,2,11,ScoreScreen,3,200,10,43,65,"Hit(CCW,8,WEAK)",46886,3590.44,A7,0.3,1.74069,1.295,0.9949999999999999,-0.5703450000000001,0.2877799999999999,0.858125
2998,6,14,ScoreScreen,3,200,10,43,59,"Hit(CCW,5,STRONG)",3628,569.296,A7,2.895,0.86254,2.895,0.0,2.46373,2.46373,0.0
1555,2,3,ScoreScreen,3,200,10,43,5,"Draw(CCW,S2)",161966,7734.37,A7,0.655,2.0799,1.1,0.44500000000000006,-0.3849499999999999,0.05477500000000002,0.4397249999999999
4372,4,14,ScoreScreen,3,200,10,43,18,"Draw(CW,L4)",1344,67.7769,A7,0.095,1.24337,0.095,0.0,-0.5266850000000001,-0.5266850000000001,0.0
3732,7,7,ScoreScreen,3,200,10,43,15,"Draw(CCW,L2)",98713,4638.5,A7,0.94,1.8375,1.125,0.18500000000000005,0.02124999999999999,0.254745,0.233495
3858,5,5,ScoreScreen,3,200,10,43,32,"Hit(CW,0,TOUCH)",139496,7710.72,A7,0.73,2.01422,0.885,0.15500000000000003,-0.27710999999999997,-0.11504999999999999,0.16205999999999998
1938,0,14,ScoreScreen,3,200,10,43,7,"Draw(CCW,S4)",2187,232.48,A7,1.015,0.945925,1.43,0.41500000000000004,0.5420375,0.9590015000000001,0.4169640000000001
9112,3,9,ScoreScreen,3,200,10,43,37,"Hit(CCW,2,MIDDLE)",70935,3938.9,A7,0.76,1.84997,0.76,0.0,-0.16498499999999994,-0.13746000000000003,0.02752499999999991
4157,3,12,ScoreScreen,3,200,10,43,37,"Hit(CCW,3,MIDDLE)",24496,1822.15,A7,-1.71,1.43384,-0.705,1.005,-2.42692,-1.5046849999999998,0.9222350000000001
7373,1,11,ScoreScreen,3,200,10,43,7,"Draw(CCW,S4)",46793,3665.59,A7,0.905,1.70469,1.175,0.27,0.05265500000000001,0.5203300000000001,0.46767500000000006
7173,4,15,ScoreScreen,3,200,10,43,0,"Draw(CW,TEE)",151,39.7364,A7,1.84,0.366606,2.0,0.15999999999999992,1.656697,2.0,0.3433029999999999
196,4,4,ScoreScreen,3,200,10,43,40,"Freeze(CW,3)",146819,7126.35,A7,-0.695,1.98544,-0.22,0.475,-1.68772,-1.206355,0.48136500000000004
2630,2,14,ScoreScreen,3,200,10,43,0,"Draw(CW,TEE)",1466,89.0529,A7,-1.075,1.38542,-1.07,0.004999999999999893,-1.7677100000000001,-1.5130295,0.2546805000000001
5731,2,10,ScoreScreen,3,200,10,43,37,"Hit(CCW,9,MIDDLE)",51156,2380.99,A7,-0.82,1.43792,-0.555,0.2649999999999999,-1.5389599999999999,-1.26157,0.2773899999999998
9518,4,5,ScoreScreen,3,200,10,43,8,"Draw(CW,S6)",134578,7156.83,A7,0.4,1.96214,0.985,0.585,-0.58107,0.009689999999999976,0.59076
8211,7,12,ScoreScreen,3,200,10,43,62,"Hit(CW,11,TOUCH)",22889,1459.95,A7,-1.295,1.73723,-0.815,0.48,-2.163615,-1.69403,0.46958500000000014
7977,6,14,ScoreScreen,3,200,10,44,48,"Hit(CW,3,STRONG)",3772,516.537,A7,-3.36,1.38939,-1.635,1.7249999999999999,-4.054695,-2.371845,1.6828499999999997
3926,6,11,ScoreScreen,3,200,10,44,39,"Hit(CCW,0,STRONG)",44809,3492.01,A7,-1.615,2.01166,0.425,2.04,-2.6208299999999998,-0.594115,2.026715
3883,1,14,ScoreScreen,3,200,10,44,19,"Draw(CCW,L4)",1066,50.9975,A7,-0.335,0.890379,-0.075,0.26,-0.7801895000000001,-0.551806,0.22838350000000007
9222,7,5,ScoreScreen,3,200,10,44,17,"Draw(CCW,L3)",126690,5899.41,A7,1.315,2.00394,1.315,0.0,0.3130299999999999,0.33006500000000005,0.017035000000000133
7881,2,15,ScoreScreen,3,200,10,44,84,"Hit(CW,12,WEAK)",129,17.3155,A7,0.285,1.42961,1.72,1.435,-0.42980500000000005,0.6866099999999999,1.116415
6406,1,10,ScoreScreen,3,200,10,44,41,"Freeze(CCW,7)",54551,3170.71,A7,-0.89,1.62416,-0.385,0.505,-1.70208,-1.2389299999999999,0.4631500000000002
8452,5,15,ScoreScreen,3,200,10,44,34,"Hit(CW,0,WEAK)",153,30.0789,A7,1.32,0.6063,1.935,0.615,1.01685,1.8117370000000002,0.7948870000000001
1028,6,15,ScoreScreen,3,200,10,44,0,"Draw(CW,TEE)",151,30.7601,A7,0.77,0.668655,1.0,0.22999999999999998,0.4356725,1.0,0.5643275
2596,1,14,ScoreScreen,3,200,10,44,86,"Hit(CW,11,MIDDLE)",3655,506.94,A7,0.65,1.72554,1.97,1.3199999999999998,-0.21277000000000001,1.7626545,1.9754245
4748,1,3,ScoreScreen,3,200,10,44,16,"Draw(CW,L3)",161623,7729.03,A7,0.885,1.89256,0.985,0.09999999999999998,-0.06128,0.04894999999999994,0.11022999999999994
9206,3,13,ScoreScreen,3,200,10,44,39,"Hit(CCW,12,STRONG)",4106,249.938,A7,1.23,1.32178,1.73,0.5,0.56911,1.01113,0.4420200000000001
5859,1,6,ScoreScreen,3,200,10,44,43,"Hit(CCW,5,TOUCH)",120479,6512.16,A7,-0.52,2.07355,-0.015,0.505,-1.556775,-1.006815,0.54996
6871,4,5,ScoreScreen,3,200,10,44,11,"Draw(CCW,L0)",136522,7105.57,A7,0.85,2.21754,1.32,0.4700000000000001,-0.25877000000000006,0.2883,0.5470700000000001
7163,3,13,ScoreScreen,3,200,10,44,11,"Draw(CCW,L0)",10767,851.209,A7,1.68,1.82691,2.465,0.7849999999999999,0.7665449999999999,1.7441,0.9775550000000001
5807,0,8,ScoreScreen,3,200,10,44,31,"PreGuard(CCW,G5)",91430,5274.48,A7,-0.275,2.06625,0.03,0.30500000000000005,-1.308125,-1.02227,0.28585499999999997
5567,2,15,ScoreScreen,3,200,10,44,0,"Draw(CW,TEE)",129,22.234,A7,1.535,0.999387,1.93,0.395,1.0353065,1.7758085,0.740502
2507,3,11,ScoreScreen,3,200,10,44,62,"Hit(CW,8,STRONG)",42188,2770.73,A7,1.715,2.18261,1.715,0.0,0.6236950000000001,0.6236950000000001,0.0
7006,3,15,ScoreScreen,3,200,10,44,0,"Draw(CW,TEE)",145,30.8286,A7,-1.0,0.0,-0.97,0.030000000000000027,-1.0,-1.0,0.0
1984,6,4,ScoreScreen,3,200,10,44,27,"PreGuard(CCW,G3)",149778,7663.44,A7,-0.75,2.16968,-0.31,0.44,-1.83484,-1.28004,0.5548
1845,7,14,ScoreScreen,3,200,10,44,43,"PostGuard(CCW,10,0)",1666,96.7183,A7,0.695,1.72973,1.44,0.745,-0.16986500000000004,0.6659849999999999,0.83585
5780,2,6,ScoreScreen,3,200,10,44,41,"Freeze(CCW,5)",115176,5756.67,A7,-1.035,1.97073,-0.375,0.6599999999999999,-2.020365,-1.29075,0.7296149999999999
8645,7,5,ScoreScreen,3,200,10,44,46,"Hit(CW,2,MIDDLE)",134277,6927.41,A7,0.62,1.97373,0.92,0.30000000000000004,-0.366865,-0.061529999999999974,0.305335
6132,0,13,ScoreScreen,3,200,10,44,73,"PostGuard(CCW,7,2)",11564,1060.93,A7,2.275,1.0195,2.62,0.3450000000000002,1.76525,2.035705,0.2704550000000001
3339,4,10,ScoreScreen,3,200,10,44,51,"Freeze(CCW,9)",56768,3260.26,A7,-0.36,1.84943,-0.305,0.05499999999999999,-1.2847149999999998,-1.19128,0.09343499999999993
3566,6,14,ScoreScreen,3,200,10,44,98,"PostGuard(CW,4,0)",3474,559.344,A7,0.98,0.3995,1.01,0.030000000000000027,0.78025,1.0,0.21975
5523,3,9,ScoreScreen,3,200,10,44,56,"Hit(CW,4,MIDDLE)",76259,4655.32,A7,0.445,1.95371,0.74,0.295,-0.531855,-0.24009999999999998,0.291755
7015,5,14,ScoreScreen,3,200,10,44,48,"Hit(CW,3,STRONG)",3558,515.741,A7,-3.32,0.920652,-1.135,2.1849999999999996,-3.7803259999999996,-2.098945,1.6813809999999996
743,7,3,ScoreScreen,3,200,10,44,23,"Draw(CCW,L6)",164753,8006.91,A7,0.74,2.00808,0.98,0.24,-0.26404000000000005,-0.07272499999999993,0.19131500000000012
1014,4,15,ScoreScreen,3,200,10,44,10,"Draw(CW,L0)",61,4.22729,A7,3.325,1.27255,3.325,0.0,2.6887250000000003,2.6887250000000003,0.0
3900,0,10,ScoreScreen,3,200,10,44,0,"Draw(CW,TEE)",54076,3035.83,A7,0.305,1.74126,0.305,0.0,-0.5656300000000001,-0.5656300000000001,0.0
4543,6,5,ScoreScreen,3,200,10,44,50,"Freeze(CW,2)",137798,7323.65,A7,0.285,2.17112,1.09,0.8050000000000002,-0.8005600000000002,0.057780000000000165,0.8583400000000003
9231,5,14,ScoreScreen,3,200,10,44,2,"Draw(CW,S0)",2661,264.136,A7,1.665,1.2778,2.025,0.3599999999999999,1.0261,1.620533,0.594433
1825,5,7,ScoreScreen,3,200,10,44,52,"PostGuard(CW,1,0)",105911,5974.41,A7,0.74,1.98303,0.865,0.125,-0.25151500000000004,-0.21359499999999998,0.037920000000000065
4062,4,15,ScoreScreen,3,200,10,44,35,"Hit(CCW,2,WEAK)",117,15.5924,A7,-1.275,0.824242,-0.475,0.7999999999999999,-1.6871209999999999,-1.42096,0.26616099999999987
9882,2,11,ScoreScreen,3,200,10,44,61,"Freeze(CCW,6)",47175,3759.96,A7,0.38,1.48176,1.295,0.9149999999999999,-0.36088,0.2877799999999999,0.6486599999999999
2998,6,14,ScoreScreen,3,200,10,44,59,"Hit(CCW,5,STRONG)",3733,553.324,A7,2.895,0.86254,2.895,0.0,2.46373,2.46373,0.0
1555,2,3,ScoreScreen,3,200,10,44,24,"Draw(CW,L7)",163800,7764.4,A7,0.6,2.00749,1.1,0.5000000000000001,-0.40374500000000013,0.05477500000000002,0.45852000000000015
4372,4,14,ScoreScreen,3,200,10,44,19,"Draw(CCW,L4)",1264,64.0681,A7,0.02,1.24081,0.095,0.075,-0.600405,-0.5266850000000001,0.0737199999999999
3732,7,7,ScoreScreen,3,200,10,44,36,"Hit(CW,4,MIDDLE)",99046,4624.06,A7,0.675,1.67313,1.125,0.44999999999999996,-0.16156499999999996,0.254745,0.41630999999999996
3858,5,5,ScoreScreen,3,200,10,44,35,"Hit(CCW,0,WEAK)",135311,7277.27,A7,0.545,2.07797,0.885,0.33999999999999997,-0.493985,-0.11504999999999999,0.378935
1938,0,14,ScoreScreen,3,200,10,44,48,"Hit(CW,11,STRONG)",2121,220.832,A7,-0.045,1.74441,1.43,1.4749999999999999,-0.917205,0.9590015000000001,1.8762065
9112,3,9,ScoreScreen,3,200,10,44,43,"Hit(CCW,4,TOUCH)",72269,4433.43,A7,-0.17,2.02265,0.76,0.93,-1.181325,-0.13746000000000003,1.0438649999999998
4157,3,12,ScoreScreen,3,200,10,44,36,"Hit(CW,3,MIDDLE)",25477,1909.86,A7,-0.705,1.59937,-0.705,0.0,-1.5046849999999998,-1.5046849999999998,0.0
7373,1,11,ScoreScreen,3,200,10,44,55,"Hit(CCW,6,WEAK)",41781,2856.85,A7,0.93,1.90397,1.175,0.245,-0.02198499999999992,0.5203300000000001,0.542315
7173,4,15,ScoreScreen,3,200,10,44,0,"Draw(CW,TEE)",151,39.1767,A7,1.84,0.366606,2.0,0.15999999999999992,1.656697,2.0,0.3433029999999999
196,4,4,ScoreScreen,3,200,10,44,47,"PostGuard(CCW,2,2)",147607,7114.52,A7,-0.41,2.12177,-0.22,0.18999999999999997,-1.470885,-1.206355,0.26452999999999993
2630,2,14,ScoreScreen,3,200,10,44,6,"Draw(CW,S4)",1523,93.5779,A7,-1.21,1.62355,-1.07,0.1399999999999999,-2.021775,-1.5130295,0.5087454999999999
5731,2,10,ScoreScreen,3,200,10,44,29,"PreGuard(CCW,G4)",51357,2455.54,A7,-0.86,1.85483,-0.555,0.30499999999999994,-1.787415,-1.26157,0.5258449999999999
9518,4,5,ScoreScreen,3,200,10,44,35,"Hit(CCW,0,WEAK)",136956,7094.85,A7,0.71,2.07266,0.985,0.275,-0.32633,0.009689999999999976,0.33602
8211,7,12,ScoreScreen,3,200,10,44,65,"Hit(CCW,11,WEAK)",21715,1186.69,A7,-1.605,1.74327,-0.815,0.79,-2.476635,-1.69403,0.782605
7977,6,14,ScoreScreen,3,200,10,45,46,"Hit(CW,3,MIDDLE)",3908,576.107,A7,-3.235,1.42119,-1.635,1.5999999999999999,-3.945595,-2.371845,1.57375
3926,6,11,ScoreScreen,3,200,10,45,39,"Hit(CCW,0,STRONG)",47339,3700.22,A7,-1.615,2.01166,0.425,2.04,-2.6208299999999998,-0.594115,2.026715
3883,1,14,ScoreScreen,3,200,10,45,19,"Draw(CCW,L4)",1068,49.9796,A7,-0.335,0.890379,-0.075,0.26,-0.7801895000000001,-0.551806,0.22838350000000007
9222,7,5,ScoreScreen,3,200,10,45,10,"Draw(CW,L0)",126221,5877.63,A7,0.84,1.8178,1.315,0.475,-0.06890000000000007,0.33006500000000005,0.3989650000000001
7881,2,15,ScoreScreen,3,200,10,45,84,"Hit(CW,12,WEAK)",129,17.4799,A7,0.285,1.42961,1.72,1.435,-0.42980500000000005,0.6866099999999999,1.116415
6406,1,10,ScoreScreen,3,200,10,45,10,"Draw(CW,L0)",53320,2929.64,A7,-1.015,1.7014,-0.385,0.6299999999999999,-1.8657,-1.2389299999999999,0.62677
8452,5,15,ScoreScreen,3,200,10,45,34,"Hit(CW,0,WEAK)",153,29.4159,A7,1.32,0.6063,1.935,0.615,1.01685,1.8117370000000002,0.7948870000000001
1028,6,15,ScoreScreen,3,200,10,45,0,"Draw(CW,TEE)",151,30.1406,A7,0.77,0.668655,1.0,0.22999999999999998,0.4356725,1.0,0.5643275
2596,1,14,ScoreScreen,3,200,10,45,88,"Hit(CW,11,STRONG)",3748,533.756,A7,0.705,1.57733,1.97,1.2650000000000001,-0.08366499999999999,1.7626545,1.8463195
4748,1,3,ScoreScreen,3,200,10,45,4,"Draw(CW,S2)",160563,7704.0,A7,0.495,1.97484,0.985,0.49,-0.49241999999999997,0.04894999999999994,0.5413699999999999
9206,3,13,ScoreScreen,3,200,10,45,37,"Hit(CCW,12,MIDDLE)",4356,272.447,A7,1.255,1.23692,1.73,0.4750000000000001,0.6365399999999999,1.01113,0.3745900000000002
5859,1,6,ScoreScreen,3,200,10,45,28,"PreGuard(CW,G4)",117392,6386.65,A7,-0.62,1.95336,-0.015,0.605,-1.59668,-1.006815,0.5898650000000001
6871,4,5,ScoreScreen,3,200,10,45,53,"PostGuard(CCW,1,0)",136710,7234.13,A7,0.905,1.98645,1.32,0.41500000000000004,-0.088225,0.2883,0.376525
7163,3,13,ScoreScreen,3,200,10,45,69,"Hit(CCW,12,STRONG)",7626,590.79,A7,1.635,1.56581,2.465,0.8299999999999998,0.852095,1.7441,0.8920049999999999
5807,0,8,ScoreScreen,3,200,10,45,73,"PostGuard(CCW,4,2)",92243,5455.28,A7,-0.015,2.07238,0.03,0.045,-1.0511899999999998,-1.02227,0.028919999999999835
5567,2,15,ScoreScreen,3,200,10,45,0,"Draw(CW,TEE)",129,21.9476,A7,1.535,0.999387,1.93,0.395,1.0353065,1.7758085,0.740502
2507,3,11,ScoreScreen,3,200,10,45,43,"Hit(CCW,4,STRONG)",41206,2753.65,A7,0.45,1.86748,1.715,1.2650000000000001,-0.48374,0.6236950000000001,1.1074350000000002
7006,3,15,ScoreScreen,3,200,10,45,0,"Draw(CW,TEE)",145,29.7924,A7,-1.0,0.0,-0.97,0.030000000000000027,-1.0,-1.0,0.0
1984,6,4,ScoreScreen,3,200,10,45,53,"PostGuard(CCW,2,0)",146503,7217.33,A7,-0.83,2.1145,-0.31,0.52,-1.8872499999999999,-1.28004,0.6072099999999998
1845,7,14,ScoreScreen,3,200,10,45,49,"PostGuard(CCW,12,0)",1540,92.4501,A7,1.13,1.82841,1.44,0.31000000000000005,0.21579499999999985,0.6659849999999999,0.4501900000000001
5780,2,6,ScoreScreen,3,200,10,45,34,"Hit(CW,5,WEAK)",115449,5713.91,A7,-0.375,1.8315,-0.375,0.0,-1.29075,-1.29075,0.0
8645,7,5,ScoreScreen,3,200,10,45,46,"Hit(CW,2,MIDDLE)",134279,6930.52,A7,0.62,1.97373,0.92,0.30000000000000004,-0.366865,-0.061529999999999974,0.305335
6132,0,13,ScoreScreen,3,200,10,45,73,"PostGuard(CCW,7,2)",11062,1028.47,A7,2.275,1.0195,2.62,0.3450000000000002,1.76525,2.035705,0.2704550000000001
3339,4,10,ScoreScreen,3,200,10,45,35,"Hit(CCW,7,WEAK)",56609,3222.65,A7,-0.6,1.83576,-0.305,0.295,-1.51788,-1.19128,0.3266
3566,6,14,ScoreScreen,3,200,10,45,57,"Hit(CCW,7,MIDDLE)",3233,504.375,A7,0.51,0.974628,1.01,0.5,0.022685999999999984,1.0,0.977314
5523,3,9,ScoreScreen,3,200,10,45,55,"Hit(CCW,4,WEAK)",76145,5196.9,A7,0.74,1.9602,0.74,0.0,-0.24009999999999998,-0.24009999999999998,0.0
7015,5,14,ScoreScreen,3,200,10,45,48,"Hit(CW,3,STRONG)",3908,614.684,A7,-3.32,0.920652,-1.135,2.1849999999999996,-3.7803259999999996,-2.098945,1.6813809999999996
743,7,3,ScoreScreen,3,200,10,45,21,"Draw(CCW,L5)",162266,7807.55,A7,0.93,2.18977,0.98,0.04999999999999993,-0.16488500000000006,-0.07272499999999993,0.09216000000000013
1014,4,15,ScoreScreen,3,200,10,45,10,"Draw(CW,L0)",61,4.3483,A7,3.325,1.27255,3.325,0.0,2.6887250000000003,2.6887250000000003,0.0
3900,0,10,ScoreScreen,3,200,10,45,6,"Draw(CW,S4)",53154,2972.16,A7,-0.195,1.84851,0.305,0.5,-1.119255,-0.5656300000000001,0.553625
4543,6,5,ScoreScreen,3,200,10,45,7,"Draw(CCW,S4)",137502,7382.96,A7,0.535,1.99469,1.09,0.555,-0.462345,0.057780000000000165,0.5201250000000002
9231,5,14,ScoreScreen,3,200,10,45,2,"Draw(CW,S0)",2625,266.965,A7,1.665,1.2778,2.025,0.3599999999999999,1.0261,1.620533,0.594433
1825,5,7,ScoreScreen,3,200,10,45,2,"Draw(CW,S0)",103680,5684.64,A7,0.43,1.93005,0.865,0.435,-0.5350250000000001,-0.21359499999999998,0.3214300000000001
4062,4,15,ScoreScreen,3,200,10,45,35,"Hit(CCW,2,WEAK)",117,15.6707,A7,-1.275,0.824242,-0.475,0.7999999999999999,-1.6871209999999999,-1.42096,0.26616099999999987
9882,2,11,ScoreScreen,3,200,10,45,19,"Draw(CCW,L4)",47905,3892.23,A7,0.335,1.54038,1.295,0.96,-0.43519,0.2877799999999999,0.7229699999999999
2998,6,14,ScoreScreen,3,200,10,45,67,"Hit(CCW,7,MIDDLE)",3860,567.606,A7,2.505,1.12249,2.895,0.3900000000000001,1.943755,2.46373,0.5199750000000001
1555,2,3,ScoreScreen,3,200,10,45,11,"Draw(CCW,L0)",162409,7827.26,A7,0.805,2.0315,1.1,0.29500000000000004,-0.21074999999999988,0.05477500000000002,0.2655249999999999
4372,4,14,ScoreScreen,3,200,10,45,0,"Draw(CW,TEE)",1305,71.1397,A7,0.005,1.13357,0.095,0.09,-0.561785,-0.5266850000000001,0.03509999999999991
3732,7,7,ScoreScreen,3,200,10,45,25,"Draw(CCW,L7)",98486,4520.28,A7,0.535,1.71429,1.125,0.59,-0.322145,0.254745,0.57689
3858,5,5,ScoreScreen,3,200,10,45,36,"Hit(CW,0,MIDDLE)",137559,7319.92,A7,0.74,1.89536,0.885,0.14500000000000002,-0.20767999999999998,-0.11504999999999999,0.09262999999999999
1938,0,14,ScoreScreen,3,200,10,45,56,"Hit(CW,13,MIDDLE)",2295,247.593,A7,-0.1,1.71756,1.43,1.53,-0.95878,0.9590015000000001,1.9177815
9112,3,9,ScoreScreen,3,200,10,45,35,"Hit(CCW,2,WEAK)",71686,4098.58,A7,0.385,1.79075,0.76,0.375,-0.510375,-0.13746000000000003,0.372915
4157,3,12,ScoreScreen,3,200,10,45,37,"Hit(CCW,3,MIDDLE)",25583,1937.17,A7,-1.71,1.43384,-0.705,1.005,-2.42692,-1.5046849999999998,0.9222350000000001
7373,1,11,ScoreScreen,3,200,10,45,55,"Hit(CCW,6,WEAK)",46117,3362.66,A7,0.93,1.90397,1.175,0.245,-0.02198499999999992,0.5203300000000001,0.542315
7173,4,15,ScoreScreen,3,200,10,45,0,"Draw(CW,TEE)",151,43.891,A7,1.84,0.366606,2.0,0.15999999999999992,1.656697,2.0,0.3433029999999999
196,4,4,ScoreScreen,3,200,10,45,31,"PreGuard(CCW,G5)",145046,6929.86,A7,-0.87,2.26563,-0.22,0.65,-2.002815,-1.206355,0.79646
2630,2,14,ScoreScreen,3,200,10,45,32,"Hit(CW,11,TOUCH)",1577,97.7109,A7,-1.18,1.73712,-1.07,0.10999999999999988,-2.04856,-1.5130295,0.5355305000000001
5731,2,10,ScoreScreen,3,200,10,45,13,"Draw(CCW,L1)",51003,2470.53,A7,-0.94,1.65118,-0.555,0.3849999999999999,-1.76559,-1.26157,0.5040199999999999
9518,4,5,ScoreScreen,3,200,10,45,46,"Hit(CW,2,MIDDLE)",137218,7172.27,A7,0.845,1.67062,0.985,0.14,0.009689999999999976,0.009689999999999976,0.0
8211,7,12,ScoreScreen,3,200,10,45,66,"Hit(CW,11,MIDDLE)",23580,1540.56,A7,-1.34,1.69835,-0.815,0.5250000000000001,-2.189175,-1.69403,0.49514500000000017
7977,6,14,ScoreScreen,3,200,10,46,46,"Hit(CW,3,MIDDLE)",3764,547.27,A7,-3.235,1.42119,-1.635,1.5999999999999999,-3.945595,-2.371845,1.57375
3926,6,11,ScoreScreen,3,200,10,46,39,"Hit(CCW,0,STRONG)",43259,3128.62,A7,-1.615,2.01166,0.425,2.04,-2.6208299999999998,-0.594115,2.026715
3883,1,14,ScoreScreen,3,200,10,46,19,"Draw(CCW,L4)",1076,52.0131,A7,-0.335,0.890379,-0.075,0.26,-0.7801895000000001,-0.551806,0.22838350000000007
9222,7,5,ScoreScreen,3,200,10,46,16,"Draw(CW,L3)",125894,5952.24,A7,1.13,2.10549,1.315,0.18500000000000005,0.07725499999999985,0.33006500000000005,0.2528100000000002
7881,2,15,ScoreScreen,3,200,10,46,84,"Hit(CW,12,WEAK)",129,16.7976,A7,0.285,1.42961,1.72,1.435,-0.42980500000000005,0.6866099999999999,1.116415
6406,1,10,ScoreScreen,3,200,10,46,50,"Freeze(CW,9)",53285,3142.1,A7,-0.645,1.76889,-0.385,0.26,-1.529445,-1.2389299999999999,0.2905150000000001
8452,5,15,ScoreScreen,3,200,10,46,34,"Hit(CW,0,WEAK)",153,29.4009,A7,1.32,0.6063,1.935,0.615,1.01685,1.8117370000000002,0.7948870000000001
1028,6,15,ScoreScreen,3,200,10,46,0,"Draw(CW,TEE)",151,29.6066,A7,0.77,0.668655,1.0,0.22999999999999998,0.4356725,1.0,0.5643275
2596,1,14,ScoreScreen,3,200,10,46,88,"Hit(CW,11,STRONG)",3794,524.861,A7,0.705,1.57733,1.97,1.2650000000000001,-0.08366499999999999,1.7626545,1.8463195
4748,1,3,ScoreScreen,3,200,10,46,4,"Draw(CW,S2)",162365,7858.03,A7,0.495,1.97484,0.985,0.49,-0.49241999999999997,0.04894999999999994,0.5413699999999999
9206,3,13,ScoreScreen,3,200,10,46,35,"Hit(CCW,12,WEAK)",5201,339.17,A7,1.635,1.47369,1.73,0.09499999999999997,0.898155,1.01113,0.11297500000000005
5859,1,6,ScoreScreen,3,200,10,46,41,"Freeze(CCW,1)",119567,6549.47,A7,-0.425,1.89588,-0.015,0.41,-1.37294,-1.006815,0.36612500000000003
6871,4,5,ScoreScreen,3,200,10,46,67,"PostGuard(CCW,5,1)",136951,7261.88,A7,0.85,2.02916,1.32,0.4700000000000001,-0.16458000000000006,0.2883,0.45288000000000006
7163,3,13,ScoreScreen,3,200,10,46,68,"Hit(CW,12,STRONG)",6273,473.691,A7,1.42,1.48108,2.465,1.045,0.67946,1.7441,1.06464
5807,0,8,ScoreScreen,3,200,10,46,32,"Hit(CW,3,TOUCH)",92821,5593.72,A7,-0.305,2.08853,0.03,0.33499999999999996,-1.349265,-1.02227,0.3269949999999999
5567,2,15,ScoreScreen,3,200,10,46,0,"Draw(CW,TEE)",129,22.229,A7,1.535,0.999387,1.93,0.395,1.0353065,1.7758085,0.740502
2507,3,11,ScoreScreen,3,200,10,46,60,"Hit(CW,8,MIDDLE)",41860,2743.37,A7,1.42,2.26354,1.715,0.29500000000000015,0.28823,0.6236950000000001,0.3354650000000001
7006,3,15,ScoreScreen,3,200,10,46,0,"Draw(CW,TEE)",145,30.7138,A7,-1.0,0.0,-0.97,0.030000000000000027,-1.0,-1.0,0.0
1984,6,4,ScoreScreen,3,200,10,46,15,"Draw(CCW,L2)",149919,7803.34,A7,-0.92,2.20309,-0.31,0.6100000000000001,-2.021545,-1.28004,0.7415050000000001
1845,7,14,ScoreScreen,3,200,10,46,48,"PostGuard(CW,12,0)",1551,90.0054,A7,1.005,1.77904,1.44,0.43500000000000005,0.11547999999999992,0.6659849999999999,0.550505
5780,2,6,ScoreScreen,3,200,10,46,38,"Hit(CW,5,STRONG)",116456,5784.33,A7,-0.575,1.56664,-0.375,0.19999999999999996,-1.35832,-1.29075,0.06756999999999991
8645,7,5,ScoreScreen,3,200,10,46,16,"Draw(CW,L3)",137620,7324.98,A7,0.575,2.00858,0.92,0.3450000000000001,-0.42928999999999995,-0.061529999999999974,0.36776
6132,0,13,ScoreScreen,3,200,10,46,3,"Draw(CCW,S0)",12032,1150.31,A7,2.105,1.18489,2.62,0.5150000000000001,1.5125549999999999,2.035705,0.5231500000000002
3339,4,10,ScoreScreen,3,200,10,46,50,"Freeze(CW,9)",56961,3254.51,A7,-0.305,1.77256,-0.305,0.0,-1.19128,-1.19128,0.0
3566,6,14,ScoreScreen,3,200,10,46,76,"Hit(CW,11,MIDDLE)",3534,564.988,A7,-1.155,1.53002,1.01,2.165,-1.92001,1.0,2.92001
5523,3,9,ScoreScreen,3,200,10,46,22,"Draw(CW,L6)",80442,5902.74,A7,-0.34,1.83967,0.74,1.08,-1.259835,-0.24009999999999998,1.019735
7015,5,14,ScoreScreen,3,200,10,46,46,"Hit(CW,3,MIDDLE)",3585,526.21,A7,-3.285,0.820838,-1.135,2.1500000000000004,-3.6954190000000002,-2.098945,1.5964740000000002
743,7,3,ScoreScreen,3,200,10,46,34,"Hit(CW,0,WEAK)",162973,7832.33,A7,0.515,2.15633,0.98,0.46499999999999997,-0.563165,-0.07272499999999993,0.4904400000000001
1014,4,15,ScoreScreen,3,200,10,46,10,"Draw(CW,L0)",61,4.43629,A7,3.325,1.27255,3.325,0.0,2.6887250000000003,2.6887250000000003,0.0
3900,0,10,ScoreScreen,3,200,10,46,52,"PostGuard(CW,8,2)",52330,2851.92,A7,-0.035,1.83133,0.305,0.33999999999999997,-0.950665,-0.5656300000000001,0.3850349999999999
4543,6,5,ScoreScreen,3,200,10,46,45,"Hit(CCW,2,WEAK)",136666,7163.92,A7,1.09,2.06444,1.09,0.0,0.057780000000000165,0.057780000000000165,0.0
9231,5,14,ScoreScreen,3,200,10,46,2,"Draw(CW,S0)",2760,273.17,A7,1.665,1.2778,2.025,0.3599999999999999,1.0261,1.620533,0.594433
1825,5,7,ScoreScreen,3,200,10,46,37,"Hit(CCW,2,MIDDLE)",105673,5962.04,A7,0.485,2.1771,0.865,0.38,-0.6035499999999999,-0.21359499999999998,0.38995499999999994
4062,4,15,ScoreScreen,3,200,10,46,35,"Hit(CCW,2,WEAK)",117,18.337,A7,-1.275,0.824242,-0.475,0.7999999999999999,-1.6871209999999999,-1.42096,0.26616099999999987
9882,2,11,ScoreScreen,3,200,10,46,46,"Hit(CW,4,MIDDLE)",44831,3426.61,A7,1.295,2.01444,1.295,0.0,0.2877799999999999,0.2877799999999999,0.0
2998,6,14,ScoreScreen,3,200,10,46,57,"Hit(CCW,5,MIDDLE)",3704,570.868,A7,2.82,0.926067,2.895,0.07500000000000018,2.3569665,2.46373,0.10676350000000001
1555,2,3,ScoreScreen,3,200,10,46,38,"Hit(CW,0,STRONG)",162964,7847.58,A7,0.73,1.89924,1.1,0.3700000000000001,-0.21962000000000004,0.05477500000000002,0.27439500000000006
4372,4,14,ScoreScreen,3,200,10,46,19,"Draw(CCW,L4)",1218,60.4425,A7,0.02,1.24081,0.095,0.075,-0.600405,-0.5266850000000001,0.0737199999999999
3732,7,7,ScoreScreen,3,200,10,46,34,"Hit(CW,4,WEAK)",100199,4797.9,A7,1.125,1.74051,1.125,0.0,0.254745,0.254745,0.0
3858,5,5,ScoreScreen,3,200,10,46,42,"Hit(CW,2,TOUCH)",138705,7817.69,A7,0.555,2.10641,0.885,0.32999999999999996,-0.4982049999999999,-0.11504999999999999,0.3831549999999999
1938,0,14,ScoreScreen,3,200,10,46,56,"Hit(CW,13,MIDDLE)",2355,244.326,A7,-0.1,1.71756,1.43,1.53,-0.95878,0.9590015000000001,1.9177815
9112,3,9,ScoreScreen,3,200,10,46,39,"Hit(CCW,2,STRONG)",70821,3870.74,A7,0.53,1.90239,0.76,0.22999999999999998,-0.421195,-0.13746000000000003,0.28373499999999996
4157,3,12,ScoreScreen,3,200,10,46,39,"Hit(CCW,3,STRONG)",24572,1827.94,A7,-1.83,1.33458,-0.705,1.125,-2.49729,-1.5046849999999998,0.9926050000000002
7373,1,11,ScoreScreen,3,200,10,46,57,"Hit(CCW,6,MIDDLE)",47197,3468.71,A7,0.895,1.72162,1.175,0.28,0.034190000000000054,0.5203300000000001,0.48614
7173,4,15,ScoreScreen,3,200,10,46,0,"Draw(CW,TEE)",151,43.3904,A7,1.84,0.366606,2.0,0.15999999999999992,1.656697,2.0,0.3433029999999999
196,4,4,ScoreScreen,3,200,10,46,29,"PreGuard(CCW,G4)",144576,6970.8,A7,-0.65,2.25111,-0.22,0.43000000000000005,-1.7755550000000002,-1.206355,0.5692000000000002
2630,2,14,ScoreScreen,3,200,10,46,2,"Draw(CW,S0)",1652,105.144,A7,-1.315,1.66306,-1.07,0.24499999999999988,-2.14653,-1.5130295,0.6335004999999998
5731,2,10,ScoreScreen,3,200,10,46,36,"Hit(CW,9,MIDDLE)",50480,2418.57,A7,-0.72,1.47363,-0.555,0.16499999999999992,-1.456815,-1.26157,0.1952449999999999
9518,4,5,ScoreScreen,3,200,10,46,35,"Hit(CCW,0,WEAK)",138018,7336.7,A7,0.71,2.07266,0.985,0.275,-0.32633,0.009689999999999976,0.33602
8211,7,12,ScoreScreen,3,200,10,46,45,"Hit(CCW,5,WEAK)",25628,1720.72,A7,-1.115,1.90047,-0.815,0.30000000000000004,-2.065235,-1.69403,0.371205
7977,6,14,ScoreTopK,3,200,10,42,48,"Hit(CW,3,STRONG)",3749,555.899,A8,-3.36,1.38939,-1.635,1.7249999999999999,-4.054695,-2.371845,1.6828499999999997
3926,6,11,ScoreTopK,3,200,10,42,39,"Hit(CCW,0,STRONG)",44945,3437.2,A8,-1.615,2.01166,0.425,2.04,-2.6208299999999998,-0.594115,2.026715
3883,1,14,ScoreTopK,3,200,10,42,18,"Draw(CW,L4)",1057,50.7955,A8,-0.355,0.893854,-0.075,0.27999999999999997,-0.8019270000000001,-0.551806,0.25012100000000004
9222,7,5,ScoreTopK,3,200,10,42,16,"Draw(CW,L3)",128060,6030.44,A8,1.13,2.10549,1.315,0.18500000000000005,0.07725499999999985,0.33006500000000005,0.2528100000000002
7881,2,15,ScoreTopK,3,200,10,42,89,"Hit(CCW,12,STRONG)",129,17.3339,A8,-0.755,0.809305,1.72,2.475,-1.1596525,0.6866099999999999,1.8462625
6406,1,10,ScoreTopK,3,200,10,42,10,"Draw(CW,L0)",53599,3054.12,A8,-1.015,1.7014,-0.385,0.6299999999999999,-1.8657,-1.2389299999999999,0.62677
8452,5,15,ScoreTopK,3,200,10,42,34,"Hit(CW,0,WEAK)",153,31.6327,A8,1.32,0.6063,1.935,0.615,1.01685,1.8117370000000002,0.7948870000000001
1028,6,15,ScoreTopK,3,200,10,42,110,"PostGuard(CW,3,1)",151,29.0263,A8,1.0,0.0,1.0,0.0,1.0,1.0,0.0
2596,1,14,ScoreTopK,3,200,10,42,89,"Hit(CCW,11,STRONG)",3740,542.962,A8,1.015,1.5858,1.97,0.9550000000000001,0.22209999999999985,1.7626545,1.5405545000000003
4748,1,3,ScoreTopK,3,200,10,42,43,"PostGuard(CCW,3,0)",162725,7892.32,A8,0.835,2.12315,0.985,0.15000000000000002,-0.22657499999999997,0.04894999999999994,0.2755249999999999
9206,3,13,ScoreTopK,3,200,10,42,37,"Hit(CCW,12,MIDDLE)",4924,316.287,A8,1.255,1.23692,1.73,0.4750000000000001,0.6365399999999999,1.01113,0.3745900000000002
5859,1,6,ScoreTopK,3,200,10,42,6,"Draw(CW,S4)",119743,6574.42,A8,-0.32,1.79655,-0.015,0.305,-1.218275,-1.006815,0.21145999999999998
6871,4,5,ScoreTopK,3,200,10,42,67,"PostGuard(CCW,5,1)",137209,7241.97,A8,0.85,2.02916,1.32,0.4700000000000001,-0.16458000000000006,0.2883,0.45288000000000006
7163,3,13,ScoreTopK,3,200,10,42,65,"Hit(CCW,12,WEAK)",7580,599.596,A8,2.465,1.4418,2.465,0.0,1.7441,1.7441,0.0
5807,0,8,ScoreTopK,3,200,10,42,72,"PostGuard(CW,4,2)",92705,5541.74,A8,-0.23,2.07776,0.03,0.26,-1.26888,-1.02227,0.24661
5567,2,15,ScoreTopK,3,200,10,42,32,"Hit(CW,2,TOUCH)",129,21.8598,A8,1.575,0.982026,1.93,0.355,1.083987,1.7758085,0.6918214999999999
2507,3,11,ScoreTopK,3,200,10,42,61,"Hit(CCW,8,MIDDLE)",40568,2618.37,A8,0.815,1.95468,1.715,0.9000000000000001,-0.16234000000000004,0.6236950000000001,0.7860350000000002
7006,3,15,ScoreTopK,3,200,10,42,100,"Freeze(CW,14)",145,33.7134,A8,-1.0,0.0,-0.97,0.030000000000000027,-1.0,-1.0,0.0
1984,6,4,ScoreTopK,3,200,10,42,6,"Draw(CW,S4)",148682,7599.99,A8,-0.47,1.9207,-0.31,0.15999999999999998,-1.43035,-1.28004,0.15030999999999994
1845,7,14,ScoreTopK,3,200,10,42,44,"PostGuard(CW,10,1)",1561,94.2037,A8,1.44,1.54803,1.44,0.0,0.6659849999999999,0.6659849999999999,0.0
5780,2,6,ScoreTopK,3,200,10,42,34,"Hit(CW,5,WEAK)",115163,5729.65,A8,-0.375,1.8315,-0.375,0.0,-1.29075,-1.29075,0.0
8645,7,5,ScoreTopK,3,200,10,42,48,"Hit(CW,2,STRONG)",137068,7295.31,A8,0.625,1.73907,0.92,0.29500000000000004,-0.24453499999999995,-0.061529999999999974,0.18300499999999997
6132,0,13,ScoreTopK,3,200,10,42,18,"Draw(CW,L4)",11814,1108.19,A8,2.41,1.06391,2.62,0.20999999999999996,1.8780450000000002,2.035705,0.1576599999999999
3339,4,10,ScoreTopK,3,200,10,42,12,"Draw(CW,L1)",57377,3347.44,A8,-1.05,1.7371,-0.305,0.7450000000000001,-1.9185500000000002,-1.19128,0.7272700000000003
3566,6,14,ScoreTopK,3,200,10,42,56,"Hit(CW,7,MIDDLE)",3516,559.765,A8,0.34,1.21836,1.01,0.6699999999999999,-0.26918000000000003,1.0,1.26918
5523,3,9,ScoreTopK,3,200,10,42,55,"Hit(CCW,4,WEAK)",75360,5163.5,A8,0.74,1.9602,0.74,0.0,-0.24009999999999998,-0.24009999999999998,0.0
7015,5,14,ScoreTopK,3,200,10,42,46,"Hit(CW,3,MIDDLE)",3788,566.573,A8,-3.285,0.820838,-1.135,2.1500000000000004,-3.6954190000000002,-2.098945,1.5964740000000002
743,7,3,ScoreTopK,3,200,10,42,16,"Draw(CW,L3)",163256,8102.83,A8,0.615,2.2993,0.98,0.365,-0.5346500000000001,-0.07272499999999993,0.46192500000000014
1014,4,15,ScoreTopK,3,200,10,42,10,"Draw(CW,L0)",61,4.32574,A8,3.325,1.27255,3.325,0.0,2.6887250000000003,2.6887250000000003,0.0
3900,0,10,ScoreTopK,3,200,10,42,34,"Hit(CW,9,WEAK)",53220,3005.77,A8,-0.105,1.78997,0.305,0.41,-0.999985,-0.5656300000000001,0.43435499999999994
4543,6,5,ScoreTopK,3,200,10,42,1,"Draw(CCW,TEE)",137203,7213.37,A8,0.775,1.91947,1.09,0.31500000000000006,-0.18473499999999998,0.057780000000000165,0.24251500000000015
9231,5,14,ScoreTopK,3,200,10,42,3,"Draw(CCW,S0)",2706,279.902,A8,1.62,0.946361,2.025,0.4049999999999998,1.1468195,1.620533,0.4737134999999999
1825,5,7,ScoreTopK,3,200,10,42,52,"PostGuard(CW,1,0)",105673,6073.93,A8,0.74,1.98303,0.865,0.125,-0.25151500000000004,-0.21359499999999998,0.037920000000000065
4062,4,15,ScoreTopK,3,200,10,42,57,"Hit(CCW,6,MIDDLE)",117,16.0814,A8,-1.68,0.785875,-0.475,1.205,-2.0729375,-1.42096,0.6519775000000001
9882,2,11,ScoreTopK,3,200,10,42,28,"PreGuard(CW,G4)",49444,4109.93,A8,0.325,1.3962,1.295,0.97,-0.37310000000000004,0.2877799999999999,0.6608799999999999
2998,6,14,ScoreTopK,3,200,10,42,59,"Hit(CCW,5,STRONG)",3907,619.265,A8,2.895,0.86254,2.895,0.0,2.46373,2.46373,0.0
1555,2,3,ScoreTopK,3,200,10,42,8,"Draw(CW,S6)",163342,7934.56,A8,0.635,2.19358,1.1,0.4650000000000001,-0.4617899999999999,0.05477500000000002,0.5165649999999999
4372,4,14,ScoreTopK,3,200,10,42,18,"Draw(CW,L4)",1320,69.9283,A8,0.095,1.24337,0.095,0.0,-0.5266850000000001,-0.5266850000000001,0.0
3732,7,7,ScoreTopK,3,200,10,42,25,"Draw(CCW,L7)",98505,4682.01,A8,0.535,1.71429,1.125,0.59,-0.322145,0.254745,0.57689
3858,5,5,ScoreTopK,3,200,10,42,7,"Draw(CCW,S4)",139744,7853.53,A8,0.855,1.9401,0.885,0.030000000000000027,-0.11504999999999999,-0.11504999999999999,0.0
1938,0,14,ScoreTopK,3,200,10,42,58,"Hit(CW,13,STRONG)",2460,267.495,A8,-0.01,1.6852,1.43,1.44,-0.8526,0.9590015000000001,1.8116015
9112,3,9,ScoreTopK,3,200,10,42,11,"Draw(CCW,L0)",71409,4387.63,A8,0.555,2.00174,0.76,0.20499999999999996,-0.4458699999999999,-0.13746000000000003,0.30840999999999985
4157,3,12,ScoreTopK,3,200,10,42,7,"Draw(CCW,S4)",29027,2636.64,A8,-1.785,1.2078,-0.705,1.08,-2.3889,-1.5046849999999998,0.8842150000000002
7373,1,11,ScoreTopK,3,200,10,42,1,"Draw(CCW,TEE)",46552,3592.97,A8,1.055,1.54012,1.175,0.1200000000000001,0.28493999999999997,0.5203300000000001,0.2353900000000001
7173,4,15,ScoreTopK,3,200,10,42,131,"PostGuard(CCW,9,2)",151,37.8914,A8,2.0,0.0,2.0,0.0,2.0,2.0,0.0
196,4,4,ScoreTopK,3,200,10,42,37,"Hit(CCW,3,MIDDLE)",146382,7117.6,A8,-0.585,1.74436,-0.22,0.365,-1.45718,-1.206355,0.25082499999999985
2630,2,14,ScoreTopK,3,200,10,42,41,"Freeze(CCW,11)",1637,101.833,A8,-1.355,1.08581,-1.07,0.2849999999999999,-1.897905,-1.5130295,0.3848754999999999
5731,2,10,ScoreTopK,3,200,10,42,13,"Draw(CCW,L1)",51593,2494.74,A8,-0.94,1.65118,-0.555,0.3849999999999999,-1.76559,-1.26157,0.5040199999999999
9518,4,5,ScoreTopK,3,200,10,42,43,"Hit(CCW,2,TOUCH)",136541,7317.0,A8,0.465,1.99469,0.985,0.52,-0.5323450000000001,0.009689999999999976,0.542035
8211,7,12,ScoreTopK,3,200,10,42,55,"Hit(CCW,9,WEAK)",22234,1443.16,A8,-1.395,1.6938,-0.815,0.5800000000000001,-2.2419000000000002,-1.69403,0.5478700000000003
7977,6,14,ScoreTopK,3,200,10,43,46,"Hit(CW,3,MIDDLE)",3947,565.058,A8,-3.235,1.42119,-1.635,1.5999999999999999,-3.945595,-2.371845,1.57375
3926,6,11,ScoreTopK,3,200,10,43,77,"Hit(CCW,8,MIDDLE)",43106,3205.42,A8,-1.16,1.82055,0.425,1.585,-2.0702749999999996,-0.594115,1.4761599999999997
3883,1,14,ScoreTopK,3,200,10,43,19,"Draw(CCW,L4)",1049,49.821,A8,-0.335,0.890379,-0.075,0.26,-0.7801895000000001,-0.551806,0.22838350000000007
9222,7,5,ScoreTopK,3,200,10,43,21,"Draw(CCW,L5)",128044,5950.96,A8,0.95,1.87816,1.315,0.365,0.01091999999999993,0.33006500000000005,0.3191450000000001
7881,2,15,ScoreTopK,3,200,10,43,89,"Hit(CCW,12,STRONG)",129,16.6516,A8,-0.755,0.809305,1.72,2.475,-1.1596525,0.6866099999999999,1.8462625
6406,1,10,ScoreTopK,3,200,10,43,10,"Draw(CW,L0)",54064,3064.89,A8,-1.015,1.7014,-0.385,0.6299999999999999,-1.8657,-1.2389299999999999,0.62677
8452,5,15,ScoreTopK,3,200,10,43,34,"Hit(CW,0,WEAK)",153,30.2457,A8,1.32,0.6063,1.935,0.615,1.01685,1.8117370000000002,0.7948870000000001
1028,6,15,ScoreTopK,3,200,10,43,110,"PostGuard(CW,3,1)",151,30.0566,A8,1.0,0.0,1.0,0.0,1.0,1.0,0.0
2596,1,14,ScoreTopK,3,200,10,43,87,"Hit(CCW,11,MIDDLE)",3878,553.229,A8,0.94,1.64207,1.97,1.03,0.11896499999999999,1.7626545,1.6436895
4748,1,3,ScoreTopK,3,200,10,43,20,"Draw(CW,L5)",161634,7777.75,A8,0.825,2.06987,0.985,0.16000000000000003,-0.20993499999999998,0.04894999999999994,0.2588849999999999
9206,3,13,ScoreTopK,3,200,10,43,35,"Hit(CCW,12,WEAK)",5192,331.555,A8,1.635,1.47369,1.73,0.09499999999999997,0.898155,1.01113,0.11297500000000005
5859,1,6,ScoreTopK,3,200,10,43,2,"Draw(CW,S0)",119747,6623.22,A8,-0.22,1.95745,-0.015,0.20500000000000002,-1.198725,-1.006815,0.19191000000000003
6871,4,5,ScoreTopK,3,200,10,43,29,"PreGuard(CCW,G4)",136765,7151.16,A8,0.785,1.99969,1.32,0.535,-0.21484499999999995,0.2883,0.503145
7163,3,13,ScoreTopK,3,200,10,43,64,"Hit(CW,12,WEAK)",8973,702.96,A8,2.285,1.58864,2.465,0.17999999999999972,1.4906800000000002,1.7441,0.25341999999999976
5807,0,8,ScoreTopK,3,200,10,43,74,"PostGuard(CW,6,0)",92593,5676.91,A8,-0.165,1.87291,0.03,0.195,-1.101455,-1.02227,0.07918500000000006
5567,2,15,ScoreTopK,3,200,10,43,32,"Hit(CW,2,TOUCH)",129,21.7401,A8,1.575,0.982026,1.93,0.355,1.083987,1.7758085,0.6918214999999999
2507,3,11,ScoreTopK,3,200,10,43,43,"Hit(CCW,4,STRONG)",41409,2748.57,A8,0.45,1.86748,1.715,1.2650000000000001,-0.48374,0.6236950000000001,1.1074350000000002
7006,3,15,ScoreTopK,3,200,10,43,100,"Freeze(CW,14)",145,33.7076,A8,-1.0,0.0,-0.97,0.030000000000000027,-1.0,-1.0,0.0
1984,6,4,ScoreTopK,3,200,10,43,41,"Freeze(CCW,1)",148954,7807.61,A8,-0.535,2.11395,-0.31,0.22500000000000003,-1.5919750000000001,-1.28004,0.3119350000000001
1845,7,14,ScoreTopK,3,200,10,43,45,"PostGuard(CCW,10,1)",1587,91.6295,A8,1.22,1.56576,1.44,0.21999999999999997,0.43711999999999995,0.6659849999999999,0.22886499999999999
5780,2,6,ScoreTopK,3,200,10,43,34,"Hit(CW,5,WEAK)",114987,5700.91,A8,-0.375,1.8315,-0.375,0.0,-1.29075,-1.29075,0.0
8645,7,5,ScoreTopK,3,200,10,43,3,"Draw(CCW,S0)",136308,7381.11,A8,0.67,2.02017,0.92,0.25,-0.34008499999999986,-0.061529999999999974,0.2785549999999999
6132,0,13,ScoreTopK,3,200,10,43,7,"Draw(CCW,S4)",11412,1071.43,A8,2.37,1.28573,2.62,0.25,1.727135,2.035705,0.30857
3339,4,10,ScoreTopK,3,200,10,43,10,"Draw(CW,L0)",56384,3184.89,A8,-0.46,2.0195,-0.305,0.15500000000000003,-1.46975,-1.19128,0.27847
3566,6,14,ScoreTopK,3,200,10,43,58,"Hit(CW,7,STRONG)",3368,555.025,A8,0.61,1.04781,1.01,0.4,0.08609500000000003,1.0,0.913905
5523,3,9,ScoreTopK,3,200,10,43,56,"Hit(CW,4,MIDDLE)",76333,4734.38,A8,0.445,1.95371,0.74,0.295,-0.531855,-0.24009999999999998,0.291755
7015,5,14,ScoreTopK,3,200,10,43,48,"Hit(CW,3,STRONG)",3697,558.682,A8,-3.32,0.920652,-1.135,2.1849999999999996,-3.7803259999999996,-2.098945,1.6813809999999996
743,7,3,ScoreTopK,3,200,10,43,2,"Draw(CW,S0)",163751,7918.39,A8,0.705,2.0342,0.98,0.275,-0.31209999999999993,-0.07272499999999993,0.239375
1014,4,15,ScoreTopK,3,200,10,43,10,"Draw(CW,L0)",61,4.34835,A8,3.325,1.27255,3.325,0.0,2.6887250000000003,2.6887250000000003,0.0
3900,0,10,ScoreTopK,3,200,10,43,0,"Draw(CW,TEE)",53318,3029.83,A8,0.305,1.74126,0.305,0.0,-0.5656300000000001,-0.5656300000000001,0.0
4543,6,5,ScoreTopK,3,200,10,43,33,"Hit(CCW,0,TOUCH)",137398,7382.19,A8,0.655,1.98141,1.09,0.43500000000000005,-0.3357049999999999,0.057780000000000165,0.3934850000000001
9231,5,14,ScoreTopK,3,200,10,43,2,"Draw(CW,S0)",2877,290.356,A8,1.665,1.2778,2.025,0.3599999999999999,1.0261,1.620533,0.594433
1825,5,7,ScoreTopK,3,200,10,43,37,"Hit(CCW,2,MIDDLE)",106065,6037.75,A8,0.485,2.1771,0.865,0.38,-0.6035499999999999,-0.21359499999999998,0.38995499999999994
4062,4,15,ScoreTopK,3,200,10,43,57,"Hit(CCW,6,MIDDLE)",117,16.0736,A8,-1.68,0.785875,-0.475,1.205,-2.0729375,-1.42096,0.6519775000000001
9882,2,11,ScoreTopK,3,200,10,43,86,"PostGuard(CW,5,1)",48073,3941.85,A8,0.76,1.22572,1.295,0.5349999999999999,0.14714000000000005,0.2877799999999999,0.14063999999999988
2998,6,14,ScoreTopK,3,200,10,43,57,"Hit(CCW,5,MIDDLE)",3701,577.045,A8,2.82,0.926067,2.895,0.07500000000000018,2.3569665,2.46373,0.10676350000000001
1555,2,3,ScoreTopK,3,200,10,43,21,"Draw(CCW,L5)",164143,7885.95,A8,0.805,1.97408,1.1,0.29500000000000004,-0.18203999999999998,0.05477500000000002,0.236815
4372,4,14,ScoreTopK,3,200,10,43,19,"Draw(CCW,L4)",1344,67.4047,A8,0.02,1.24081,0.095,0.075,-0.600405,-0.5266850000000001,0.0737199999999999
3732,7,7,ScoreTopK,3,200,10,43,39,"Hit(CCW,4,STRONG)",98136,4641.94,A8,0.495,1.67928,1.125,0.63,-0.34464000000000006,0.254745,0.5993850000000001
3858,5,5,ScoreTopK,3,200,10,43,40,"Freeze(CW,0)",139358,7783.15,A8,0.885,2.04494,0.885,0.0,-0.13746999999999998,-0.11504999999999999,0.022419999999999995
1938,0,14,ScoreTopK,3,200,10,43,35,"Hit(CCW,9,WEAK)",2292,248.524,A8,1.37,1.80086,1.43,0.05999999999999983,0.46957000000000015,0.9590015000000001,0.4894314999999999
9112,3,9,ScoreTopK,3,200,10,43,11,"Draw(CCW,L0)",72504,4496.71,A8,0.555,2.00174,0.76,0.20499999999999996,-0.4458699999999999,-0.13746000000000003,0.30840999999999985
4157,3,12,ScoreTopK,3,200,10,43,38,"Hit(CW,3,STRONG)",25388,1994.31,A8,-0.885,1.81983,-0.705,0.18000000000000005,-1.794915,-1.5046849999999998,0.2902300000000002
7373,1,11,ScoreTopK,3,200,10,43,11,"Draw(CCW,L0)",42933,3446.83,A8,0.98,1.72615,1.175,0.19500000000000006,0.11692499999999995,0.5203300000000001,0.4034050000000001
7173,4,15,ScoreTopK,3,200,10,43,131,"PostGuard(CCW,9,2)",151,37.8907,A8,2.0,0.0,2.0,0.0,2.0,2.0,0.0
196,4,4,ScoreTopK,3,200,10,43,7,"Draw(CCW,S4)",146973,7229.98,A8,-0.565,2.07744,-0.22,0.345,-1.60372,-1.206355,0.39736499999999997
2630,2,14,ScoreTopK,3,200,10,43,40,"Freeze(CW,11)",1535,98.1441,A8,-1.155,1.26924,-1.07,0.08499999999999996,-1.78962,-1.5130295,0.27659049999999996
5731,2,10,ScoreTopK,3,200,10,43,35,"Hit(CCW,9,WEAK)",51162,2473.55,A8,-0.705,1.34461,-0.555,0.1499999999999999,-1.377305,-1.26157,0.11573499999999992
9518,4,5,ScoreTopK,3,200,10,43,45,"Hit(CCW,2,WEAK)",138013,7470.57,A8,0.905,2.07508,0.985,0.07999999999999996,-0.13253999999999988,0.009689999999999976,0.14222999999999986
8211,7,12,ScoreTopK,3,200,10,43,55,"Hit(CCW,9,WEAK)",24596,1560.27,A8,-1.395,1.6938,-0.815,0.5800000000000001,-2.2419000000000002,-1.69403,0.5478700000000003
7977,6,14,ScoreTopK,3,200,10,44,48,"Hit(CW,3,STRONG)",3755,539.194,A8,-3.36,1.38939,-1.635,1.7249999999999999,-4.054695,-2.371845,1.6828499999999997
3926,6,11,ScoreTopK,3,200,10,44,37,"Hit(CCW,0,MIDDLE)",47060,3551.31,A8,-1.43,2.04086,0.425,1.855,-2.45043,-0.594115,1.856315
3883,1,14,ScoreTopK,3,200,10,44,0,"Draw(CW,TEE)",980,45.203,A8,-0.29,0.925149,-0.075,0.21499999999999997,-0.7525744999999999,-0.551806,0.2007684999999999
9222,7,5,ScoreTopK,3,200,10,44,15,"Draw(CCW,L2)",127085,5838.03,A8,1.05,2.08267,1.315,0.2649999999999999,0.008665000000000145,0.33006500000000005,0.3213999999999999
7881,2,15,ScoreTopK,3,200,10,44,89,"Hit(CCW,12,STRONG)",129,16.7427,A8,-0.755,0.809305,1.72,2.475,-1.1596525,0.6866099999999999,1.8462625
6406,1,10,ScoreTopK,3,200,10,44,6,"Draw(CW,S4)",53927,3002.79,A8,-0.435,1.88037,-0.385,0.04999999999999999,-1.375185,-1.2389299999999999,0.13625500000000024
8452,5,15,ScoreTopK,3,200,10,44,34,"Hit(CW,0,WEAK)",153,29.6774,A8,1.32,0.6063,1.935,0.615,1.01685,1.8117370000000002,0.7948870000000001
1028,6,15,ScoreTopK,3,200,10,44,110,"PostGuard(CW,3,1)",151,30.2017,A8,1.0,0.0,1.0,0.0,1.0,1.0,0.0
2596,1,14,ScoreTopK,3,200,10,44,45,"Hit(CCW,3,WEAK)",3788,528.555,A8,1.385,1.7137,1.97,0.585,0.52815,1.7626545,1.2345045
4748,1,3,ScoreTopK,3,200,10,44,35,"Hit(CCW,0,WEAK)",161747,7687.28,A8,0.88,2.1132,0.985,0.10499999999999998,-0.17659999999999998,0.04894999999999994,0.22554999999999992
9206,3,13,ScoreTopK,3,200,10,44,38,"Hit(CW,12,STRONG)",5092,331.113,A8,1.25,1.31053,1.73,0.48,0.594735,1.01113,0.41639500000000007
5859,1,6,ScoreTopK,3,200,10,44,28,"PreGuard(CW,G4)",120097,6544.32,A8,-0.62,1.95336,-0.015,0.605,-1.59668,-1.006815,0.5898650000000001
6871,4,5,ScoreTopK,3,200,10,44,54,"PostGuard(CW,1,1)",136554,7069.8,A8,0.575,2.07951,1.32,0.7450000000000001,-0.46475500000000003,0.2883,0.753055
7163,3,13,ScoreTopK,3,200,10,44,3,"Draw(CCW,S0)",7863,623.503,A8,1.735,1.49492,2.465,0.7299999999999998,0.9875400000000001,1.7441,0.7565599999999999
5807,0,8,ScoreTopK,3,200,10,44,45,"Hit(CCW,5,WEAK)",91681,5438.36,A8,-0.885,2.00294,0.03,0.915,-1.88647,-1.02227,0.8642000000000001
5567,2,15,ScoreTopK,3,200,10,44,32,"Hit(CW,2,TOUCH)",129,22.6496,A8,1.575,0.982026,1.93,0.355,1.083987,1.7758085,0.6918214999999999
2507,3,11,ScoreTopK,3,200,10,44,63,"Hit(CCW,8,STRONG)",40931,2671.31,A8,1.02,1.98987,1.715,0.6950000000000001,0.025065000000000004,0.6236950000000001,0.5986300000000001
7006,3,15,ScoreTopK,3,200,10,44,100,"Freeze(CW,14)",145,33.1717,A8,-1.0,0.0,-0.97,0.030000000000000027,-1.0,-1.0,0.0
1984,6,4,ScoreTopK,3,200,10,44,35,"Hit(CCW,1,WEAK)",149039,7460.0,A8,-0.705,1.81328,-0.31,0.39499999999999996,-1.61164,-1.28004,0.3315999999999999
1845,7,14,ScoreTopK,3,200,10,44,42,"PostGuard(CW,10,0)",1666,98.8796,A8,0.73,1.74559,1.44,0.71,-0.142795,0.6659849999999999,0.8087799999999999
5780,2,6,ScoreTopK,3,200,10,44,35,"Hit(CCW,5,WEAK)",114973,5688.65,A8,-0.78,1.76397,-0.375,0.405,-1.661985,-1.29075,0.371235
8645,7,5,ScoreTopK,3,200,10,44,35,"Hit(CCW,0,WEAK)",136400,7208.92,A8,0.74,1.7951,0.92,0.18000000000000005,-0.15754999999999997,-0.061529999999999974,0.09602
6132,0,13,ScoreTopK,3,200,10,44,1,"Draw(CCW,TEE)",11100,1040.78,A8,2.62,1.16859,2.62,0.0,2.035705,2.035705,0.0
3339,4,10,ScoreTopK,3,200,10,44,5,"Draw(CCW,S2)",56760,3330.64,A8,-0.89,1.75724,-0.305,0.585,-1.7686199999999999,-1.19128,0.57734
3566,6,14,ScoreTopK,3,200,10,44,64,"Hit(CW,9,WEAK)",3506,580.8,A8,0.955,0.72317,1.01,0.05500000000000005,0.593415,1.0,0.406585
5523,3,9,ScoreTopK,3,200,10,44,59,"Hit(CCW,4,STRONG)",75692,4768.6,A8,0.51,1.97987,0.74,0.22999999999999998,-0.479935,-0.24009999999999998,0.23983500000000002
7015,5,14,ScoreTopK,3,200,10,44,48,"Hit(CW,3,STRONG)",3713,554.619,A8,-3.32,0.920652,-1.135,2.1849999999999996,-3.7803259999999996,-2.098945,1.6813809999999996
743,7,3,ScoreTopK,3,200,10,44,20,"Draw(CW,L5)",164522,8027.67,A8,0.98,2.15861,0.98,0.0,-0.09930499999999998,-0.07272499999999993,0.026580000000000048
1014,4,15,ScoreTopK,3,200,10,44,10,"Draw(CW,L0)",61,4.34407,A8,3.325,1.27255,3.325,0.0,2.6887250000000003,2.6887250000000003,0.0
3900,0,10,ScoreTopK,3,200,10,44,0,"Draw(CW,TEE)",54152,3068.47,A8,0.305,1.74126,0.305,0.0,-0.5656300000000001,-0.5656300000000001,0.0
4543,6,5,ScoreTopK,3,200,10,44,33,"Hit(CCW,0,TOUCH)",136842,7113.6,A8,0.655,1.98141,1.09,0.43500000000000005,-0.3357049999999999,0.057780000000000165,0.3934850000000001
9231,5,14,ScoreTopK,3,200,10,44,2,"Draw(CW,S0)",2663,279.582,A8,1.665,1.2778,2.025,0.3599999999999999,1.0261,1.620533,0.594433
1825,5,7,ScoreTopK,3,200,10,44,35,"Hit(CCW,2,WEAK)",105842,5947.89,A8,0.61,2.04399,0.865,0.255,-0.411995,-0.21359499999999998,0.19840000000000002
4062,4,15,ScoreTopK,3,200,10,44,57,"Hit(CCW,6,MIDDLE)",117,16.2103,A8,-1.68,0.785875,-0.475,1.205,-2.0729375,-1.42096,0.6519775000000001
9882,2,11,ScoreTopK,3,200,10,44,53,"Hit(CCW,6,TOUCH)",46878,3877.97,A8,0.485,1.41767,1.295,0.8099999999999999,-0.223835,0.2877799999999999,0.5116149999999999
2998,6,14,ScoreTopK,3,200,10,44,59,"Hit(CCW,5,STRONG)",3908,613.956,A8,2.895,0.86254,2.895,0.0,2.46373,2.46373,0.0
1555,2,3,ScoreTopK,3,200,10,44,12,"Draw(CW,L1)",163967,7863.99,A8,1.01,1.98492,1.1,0.09000000000000008,0.01754,0.05477500000000002,0.03723500000000002
4372,4,14,ScoreTopK,3,200,10,44,18,"Draw(CW,L4)",1266,63.8155,A8,0.095,1.24337,0.095,0.0,-0.5266850000000001,-0.5266850000000001,0.0
3732,7,7,ScoreTopK,3,200,10,44,40,"Freeze(CW,4)",99009,4684.1,A8,0.82,1.95131,1.125,0.30500000000000005,-0.1556550000000001,0.254745,0.4104000000000001
3858,5,5,ScoreTopK,3,200,10,44,3,"Draw(CCW,S0)",138513,7704.06,A8,0.795,1.92171,0.885,0.08999999999999997,-0.16585499999999997,-0.11504999999999999,0.05080499999999999
1938,0,14,ScoreTopK,3,200,10,44,58,"Hit(CW,13,STRONG)",2309,247.325,A8,-0.01,1.6852,1.43,1.44,-0.8526,0.9590015000000001,1.8116015
9112,3,9,ScoreTopK,3,200,10,44,39,"Hit(CCW,2,STRONG)",71812,3978.61,A8,0.53,1.90239,0.76,0.22999999999999998,-0.421195,-0.13746000000000003,0.28373499999999996
4157,3,12,ScoreTopK,3,200,10,44,36,"Hit(CW,3,MIDDLE)",25961,2106.16,A8,-0.705,1.59937,-0.705,0.0,-1.5046849999999998,-1.5046849999999998,0.0
7373,1,11,ScoreTopK,3,200,10,44,42,"Hit(CW,4,TOUCH)",44251,3285.15,A8,0.77,1.65139,1.175,0.405,-0.05569499999999994,0.5203300000000001,0.576025
7173,4,15,ScoreTopK,3,200,10,44,131,"PostGuard(CCW,9,2)",151,46.9444,A8,2.0,0.0,2.0,0.0,2.0,2.0,0.0
196,4,4,ScoreTopK,3,200,10,44,40,"Freeze(CW,3)",146765,7145.18,A8,-0.695,1.98544,-0.22,0.475,-1.68772,-1.206355,0.48136500000000004
2630,2,14,ScoreTopK,3,200,10,44,6,"Draw(CW,S4)",1586,99.6272,A8,-1.21,1.62355,-1.07,0.1399999999999999,-2.021775,-1.5130295,0.5087454999999999
5731,2,10,ScoreTopK,3,200,10,44,35,"Hit(CCW,9,WEAK)",51206,2429.08,A8,-0.705,1.34461,-0.555,0.1499999999999999,-1.377305,-1.26157,0.11573499999999992
9518,4,5,ScoreTopK,3,200,10,44,38,"Hit(CW,0,STRONG)",136472,7131.03,A8,0.56,1.93298,0.985,0.42499999999999993,-0.4064899999999999,0.009689999999999976,0.4161799999999999
8211,7,12,ScoreTopK,3,200,10,44,62,"Hit(CW,11,TOUCH)",23459,1539.2,A8,-1.295,1.73723,-0.815,0.48,-2.163615,-1.69403,0.46958500000000014
7977,6,14,ScoreTopK,3,200,10,45,46,"Hit(CW,3,MIDDLE)",3609,528.905,A8,-3.235,1.42119,-1.635,1.5999999999999999,-3.945595,-2.371845,1.57375
3926,6,11,ScoreTopK,3,200,10,45,89,"Hit(CCW,10,STRONG)",44403,3285.34,A8,-0.365,2.01042,0.425,0.79,-1.37021,-0.594115,0.776095
3883,1,14,ScoreTopK,3,200,10,45,18,"Draw(CW,L4)",1068,49.8025,A8,-0.355,0.893854,-0.075,0.27999999999999997,-0.8019270000000001,-0.551806,0.25012100000000004
9222,7,5,ScoreTopK,3,200,10,45,21,"Draw(CCW,L5)",126773,5932.25,A8,0.95,1.87816,1.315,0.365,0.01091999999999993,0.33006500000000005,0.3191450000000001
7881,2,15,ScoreTopK,3,200,10,45,89,"Hit(CCW,12,STRONG)",129,17.263,A8,-0.755,0.809305,1.72,2.475,-1.1596525,0.6866099999999999,1.8462625
6406,1,10,ScoreTopK,3,200,10,45,1,"Draw(CCW,TEE)",53263,3070.57,A8,-0.975,1.86932,-0.385,0.59,-1.9096600000000001,-1.2389299999999999,0.6707300000000003
8452,5,15,ScoreTopK,3,200,10,45,34,"Hit(CW,0,WEAK)",153,29.9755,A8,1.32,0.6063,1.935,0.615,1.01685,1.8117370000000002,0.7948870000000001
1028,6,15,ScoreTopK,3,200,10,45,110,"PostGuard(CW,3,1)",151,30.2728,A8,1.0,0.0,1.0,0.0,1.0,1.0,0.0
2596,1,14,ScoreTopK,3,200,10,45,86,"Hit(CW,11,MIDDLE)",3748,542.693,A8,0.65,1.72554,1.97,1.3199999999999998,-0.21277000000000001,1.7626545,1.9754245
4748,1,3,ScoreTopK,3,200,10,45,33,"Hit(CCW,0,TOUCH)",161060,7848.42,A8,0.935,1.98009,0.985,0.04999999999999993,-0.0550449999999999,0.04894999999999994,0.10399499999999984
9206,3,13,ScoreTopK,3,200,10,45,37,"Hit(CCW,12,MIDDLE)",5134,329.25,A8,1.255,1.23692,1.73,0.4750000000000001,0.6365399999999999,1.01113,0.3745900000000002
5859,1,6,ScoreTopK,3,200,10,45,37,"Hit(CCW,1,MIDDLE)",118728,6258.57,A8,-0.57,1.97107,-0.015,0.5549999999999999,-1.555535,-1.006815,0.5487199999999999
6871,4,5,ScoreTopK,3,200,10,45,1,"Draw(CCW,TEE)",136493,7316.25,A8,0.795,2.07918,1.32,0.525,-0.24458999999999997,0.2883,0.53289
7163,3,13,ScoreTopK,3,200,10,45,67,"Hit(CCW,12,MIDDLE)",7359,568.408,A8,1.88,1.55743,2.465,0.585,1.1012849999999998,1.7441,0.6428150000000001
5807,0,8,ScoreTopK,3,200,10,45,73,"PostGuard(CCW,4,2)",92591,5627.78,A8,-0.015,2.07238,0.03,0.045,-1.0511899999999998,-1.02227,0.028919999999999835
5567,2,15,ScoreTopK,3,200,10,45,32,"Hit(CW,2,TOUCH)",129,22.5217,A8,1.575,0.982026,1.93,0.355,1.083987,1.7758085,0.6918214999999999
2507,3,11,ScoreTopK,3,200,10,45,41,"Hit(CCW,4,MIDDLE)",42628,2936.2,A8,0.645,2.16078,1.715,1.07,-0.43538999999999994,0.6236950000000001,1.059085
7006,3,15,ScoreTopK,3,200,10,45,100,"Freeze(CW,14)",145,30.3318,A8,-1.0,0.0,-0.97,0.030000000000000027,-1.0,-1.0,0.0
1984,6,4,ScoreTopK,3,200,10,45,19,"Draw(CCW,L4)",148535,7641.13,A8,-0.925,2.11881,-0.31,0.615,-1.984405,-1.28004,0.7043649999999999
1845,7,14,ScoreTopK,3,200,10,45,44,"PostGuard(CW,10,1)",1540,91.9215,A8,1.44,1.54803,1.44,0.0,0.6659849999999999,0.6659849999999999,0.0
5780,2,6,ScoreTopK,3,200,10,45,39,"Hit(CCW,5,STRONG)",115501,5731.66,A8,-0.705,1.75156,-0.375,0.32999999999999996,-1.5807799999999999,-1.29075,0.2900299999999998
8645,7,5,ScoreTopK,3,200,10,45,36,"Hit(CW,0,MIDDLE)",136628,7189.88,A8,0.41,1.8116,0.92,0.51,-0.4958000000000001,-0.061529999999999974,0.4342700000000001
6132,0,13,ScoreTopK,3,200,10,45,14,"Draw(CW,L2)",11496,1081.01,A8,2.125,1.16163,2.62,0.4950000000000001,1.5441850000000001,2.035705,0.49151999999999996
3339,4,10,ScoreTopK,3,200,10,45,42,"Hit(CW,9,TOUCH)",56059,3229.83,A8,-0.5,1.88944,-0.305,0.195,-1.44472,-1.19128,0.2534400000000001
3566,6,14,ScoreTopK,3,200,10,45,56,"Hit(CW,7,MIDDLE)",3239,531.342,A8,0.34,1.21836,1.01,0.6699999999999999,-0.26918000000000003,1.0,1.26918
5523,3,9,ScoreTopK,3,200,10,45,6,"Draw(CW,S4)",76257,5407.76,A8,-0.2,1.9105,0.74,0.94,-1.15525,-0.24009999999999998,0.9151500000000001
7015,5,14,ScoreTopK,3,200,10,45,48,"Hit(CW,3,STRONG)",3785,572.285,A8,-3.32,0.920652,-1.135,2.1849999999999996,-3.7803259999999996,-2.098945,1.6813809999999996
743,7,3,ScoreTopK,3,200,10,45,9,"Draw(CCW,S6)",162328,7984.7,A8,0.64,2.12847,0.98,0.33999999999999997,-0.42423500000000003,-0.07272499999999993,0.3515100000000001
1014,4,15,ScoreTopK,3,200,10,45,10,"Draw(CW,L0)",61,4.84773,A8,3.325,1.27255,3.325,0.0,2.6887250000000003,2.6887250000000003,0.0
3900,0,10,ScoreTopK,3,200,10,45,52,"PostGuard(CW,8,2)",54283,3006.01,A8,-0.035,1.83133,0.305,0.33999999999999997,-0.950665,-0.5656300000000001,0.3850349999999999
4543,6,5,ScoreTopK,3,200,10,45,35,"Hit(CCW,0,WEAK)",136214,7040.07,A8,0.465,1.8705,1.09,0.625,-0.47025,0.057780000000000165,0.5280300000000002
9231,5,14,ScoreTopK,3,200,10,45,2,"Draw(CW,S0)",2625,272.045,A8,1.665,1.2778,2.025,0.3599999999999999,1.0261,1.620533,0.594433
1825,5,7,ScoreTopK,3,200,10,45,7,"Draw(CCW,S4)",106042,6133.31,A8,0.58,1.91144,0.865,0.28500000000000003,-0.37572000000000005,-0.21359499999999998,0.16212500000000007
4062,4,15,ScoreTopK,3,200,10,45,57,"Hit(CCW,6,MIDDLE)",117,16.7863,A8,-1.68,0.785875,-0.475,1.205,-2.0729375,-1.42096,0.6519775000000001
9882,2,11,ScoreTopK,3,200,10,45,11,"Draw(CCW,L0)",49086,4025.72,A8,0.17,1.51364,1.295,1.125,-0.58682,0.2877799999999999,0.8745999999999999
2998,6,14,ScoreTopK,3,200,10,45,59,"Hit(CCW,5,STRONG)",3765,579.286,A8,2.895,0.86254,2.895,0.0,2.46373,2.46373,0.0
1555,2,3,ScoreTopK,3,200,10,45,11,"Draw(CCW,L0)",163785,8007.22,A8,0.805,2.0315,1.1,0.29500000000000004,-0.21074999999999988,0.05477500000000002,0.2655249999999999
4372,4,14,ScoreTopK,3,200,10,45,0,"Draw(CW,TEE)",1305,69.6422,A8,0.005,1.13357,0.095,0.09,-0.561785,-0.5266850000000001,0.03509999999999991
3732,7,7,ScoreTopK,3,200,10,45,33,"Hit(CCW,4,TOUCH)",99127,4701.52,A8,0.9,1.78326,1.125,0.22499999999999998,0.008369999999999989,0.254745,0.246375
3858,5,5,ScoreTopK,3,200,10,45,52,"Hit(CW,4,TOUCH)",137704,7682.08,A8,0.53,2.05161,0.885,0.355,-0.49580500000000005,-0.11504999999999999,0.38075500000000007
1938,0,14,ScoreTopK,3,200,10,45,56,"Hit(CW,13,MIDDLE)",2295,255.509,A8,-0.1,1.71756,1.43,1.53,-0.95878,0.9590015000000001,1.9177815
9112,3,9,ScoreTopK,3,200,10,45,32,"Hit(CW,2,TOUCH)",72024,4414.97,A8,-0.28,2.28727,0.76,1.04,-1.423635,-0.13746000000000003,1.286175
4157,3,12,ScoreTopK,3,200,10,45,1,"Draw(CCW,TEE)",29325,2755.12,A8,-2.135,1.21523,-0.705,1.4299999999999997,-2.742615,-1.5046849999999998,1.23793
7373,1,11,ScoreTopK,3,200,10,45,1,"Draw(CCW,TEE)",45171,3321.29,A8,1.055,1.54012,1.175,0.1200000000000001,0.28493999999999997,0.5203300000000001,0.2353900000000001
7173,4,15,ScoreTopK,3,200,10,45,131,"PostGuard(CCW,9,2)",151,41.5144,A8,2.0,0.0,2.0,0.0,2.0,2.0,0.0
196,4,4,ScoreTopK,3,200,10,45,38,"Hit(CW,3,STRONG)",145593,7171.58,A8,-0.74,1.8145,-0.22,0.52,-1.64725,-1.206355,0.44089500000000004
2630,2,14,ScoreTopK,3,200,10,45,6,"Draw(CW,S4)",1577,98.8709,A8,-1.21,1.62355,-1.07,0.1399999999999999,-2.021775,-1.5130295,0.5087454999999999
5731,2,10,ScoreTopK,3,200,10,45,40,"Freeze(CW,9)",51212,2560.92,A8,-1.145,1.47783,-0.555,0.59,-1.883915,-1.26157,0.6223449999999999
9518,4,5,ScoreTopK,3,200,10,45,35,"Hit(CCW,0,WEAK)",137306,7531.38,A8,0.71,2.07266,0.985,0.275,-0.32633,0.009689999999999976,0.33602
8211,7,12,ScoreTopK,3,200,10,45,45,"Hit(CCW,5,WEAK)",23756,1510.25,A8,-1.115,1.90047,-0.815,0.30000000000000004,-2.065235,-1.69403,0.371205
7977,6,14,ScoreTopK,3,200,10,46,48,"Hit(CW,3,STRONG)",3748,540.993,A8,-3.36,1.38939,-1.635,1.7249999999999999,-4.054695,-2.371845,1.6828499999999997
3926,6,11,ScoreTopK,3,200,10,46,37,"Hit(CCW,0,MIDDLE)",44299,3382.36,A8,-1.43,2.04086,0.425,1.855,-2.45043,-0.594115,1.856315
3883,1,14,ScoreTopK,3,200,10,46,18,"Draw(CW,L4)",1074,51.8046,A8,-0.355,0.893854,-0.075,0.27999999999999997,-0.8019270000000001,-0.551806,0.25012100000000004
9222,7,5,ScoreTopK,3,200,10,46,24,"Draw(CW,L7)",125653,5781.19,A8,0.93,1.96089,1.315,0.3849999999999999,-0.05044499999999996,0.33006500000000005,0.38051
7881,2,15,ScoreTopK,3,200,10,46,89,"Hit(CCW,12,STRONG)",129,16.7,A8,-0.755,0.809305,1.72,2.475,-1.1596525,0.6866099999999999,1.8462625
6406,1,10,ScoreTopK,3,200,10,46,34,"Hit(CW,7,WEAK)",53171,3100.84,A8,-0.945,1.66492,-0.385,0.5599999999999999,-1.77746,-1.2389299999999999,0.5385300000000002
8452,5,15,ScoreTopK,3,200,10,46,34,"Hit(CW,0,WEAK)",153,29.7456,A8,1.32,0.6063,1.935,0.615,1.01685,1.8117370000000002,0.7948870000000001
1028,6,15,ScoreTopK,3,200,10,46,110,"PostGuard(CW,3,1)",151,31.0122,A8,1.0,0.0,1.0,0.0,1.0,1.0,0.0
2596,1,14,ScoreTopK,3,200,10,46,88,"Hit(CW,11,STRONG)",3719,544.952,A8,0.705,1.57733,1.97,1.2650000000000001,-0.08366499999999999,1.7626545,1.8463195
4748,1,3,ScoreTopK,3,200,10,46,36,"Hit(CW,0,MIDDLE)",162467,7803.31,A8,0.31,2.13867,0.985,0.675,-0.7593349999999999,0.04894999999999994,0.8082849999999998
9206,3,13,ScoreTopK,3,200,10,46,35,"Hit(CCW,12,WEAK)",4224,257.833,A8,1.635,1.47369,1.73,0.09499999999999997,0.898155,1.01113,0.11297500000000005
5859,1,6,ScoreTopK,3,200,10,46,2,"Draw(CW,S0)",119338,6622.92,A8,-0.22,1.95745,-0.015,0.20500000000000002,-1.198725,-1.006815,0.19191000000000003
6871,4,5,ScoreTopK,3,200,10,46,18,"Draw(CW,L4)",136862,7318.61,A8,0.815,2.01762,1.32,0.5050000000000001,-0.19381000000000004,0.2883,0.48211000000000004
7163,3,13,ScoreTopK,3,200,10,46,68,"Hit(CW,12,STRONG)",10027,798.221,A8,1.42,1.48108,2.465,1.045,0.67946,1.7441,1.06464
5807,0,8,ScoreTopK,3,200,10,46,27,"PreGuard(CCW,G3)",92725,5596.26,A8,-0.13,1.91914,0.03,0.16,-1.0895700000000001,-1.02227,0.06730000000000014
5567,2,15,ScoreTopK,3,200,10,46,32,"Hit(CW,2,TOUCH)",129,21.6336,A8,1.575,0.982026,1.93,0.355,1.083987,1.7758085,0.6918214999999999
2507,3,11,ScoreTopK,3,200,10,46,42,"Hit(CW,4,STRONG)",45568,3407.14,A8,1.4,2.29347,1.715,0.31500000000000017,0.25326499999999985,0.6236950000000001,0.37043000000000026
7006,3,15,ScoreTopK,3,200,10,46,100,"Freeze(CW,14)",145,30.5186,A8,-1.0,0.0,-0.97,0.030000000000000027,-1.0,-1.0,0.0
1984,6,4,ScoreTopK,3,200,10,46,49,"Hit(CCW,3,STRONG)",149360,7455.41,A8,-0.575,1.88796,-0.31,0.26499999999999996,-1.51898,-1.28004,0.23893999999999993
1845,7,14,ScoreTopK,3,200,10,46,48,"PostGuard(CW,12,0)",1551,90.4062,A8,1.005,1.77904,1.44,0.43500000000000005,0.11547999999999992,0.6659849999999999,0.550505
5780,2,6,ScoreTopK,3,200,10,46,39,"Hit(CCW,5,STRONG)",116514,5778.38,A8,-0.705,1.75156,-0.375,0.32999999999999996,-1.5807799999999999,-1.29075,0.2900299999999998
8645,7,5,ScoreTopK,3,200,10,46,48,"Hit(CW,2,STRONG)",137304,7261.29,A8,0.625,1.73907,0.92,0.29500000000000004,-0.24453499999999995,-0.061529999999999974,0.18300499999999997
6132,0,13,ScoreTopK,3,200,10,46,1,"Draw(CCW,TEE)",11443,1068.36,A8,2.62,1.16859,2.62,0.0,2.035705,2.035705,0.0
3339,4,10,ScoreTopK,3,200,10,46,12,"Draw(CW,L1)",56039,3226.15,A8,-1.05,1.7371,-0.305,0.7450000000000001,-1.9185500000000002,-1.19128,0.7272700000000003
3566,6,14,ScoreTopK,3,200,10,46,56,"Hit(CW,7,MIDDLE)",3500,571.404,A8,0.34,1.21836,1.01,0.6699999999999999,-0.26918000000000003,1.0,1.26918
5523,3,9,ScoreTopK,3,200,10,46,54,"Hit(CW,4,WEAK)",77938,5430.66,A8,0.68,2.0488,0.74,0.05999999999999994,-0.34439999999999993,-0.24009999999999998,0.10429999999999995
7015,5,14,ScoreTopK,3,200,10,46,48,"Hit(CW,3,STRONG)",3585,539.411,A8,-3.32,0.920652,-1.135,2.1849999999999996,-3.7803259999999996,-2.098945,1.6813809999999996
743,7,3,ScoreTopK,3,200,10,46,16,"Draw(CW,L3)",164489,8078.86,A8,0.615,2.2993,0.98,0.365,-0.5346500000000001,-0.07272499999999993,0.46192500000000014
1014,4,15,ScoreTopK,3,200,10,46,10,"Draw(CW,L0)",61,4.37067,A8,3.325,1.27255,3.325,0.0,2.6887250000000003,2.6887250000000003,0.0
3900,0,10,ScoreTopK,3,200,10,46,40,"Freeze(CW,9)",53133,3055.87,A8,-0.02,1.70282,0.305,0.325,-0.87141,-0.5656300000000001,0.30577999999999994
4543,6,5,ScoreTopK,3,200,10,46,65,"PostGuard(CCW,5,0)",136826,7348.12,A8,0.085,2.09709,1.09,1.0050000000000001,-0.9635450000000001,0.057780000000000165,1.0213250000000003
9231,5,14,ScoreTopK,3,200,10,46,42,"Hit(CW,5,TOUCH)",2778,283.867,A8,1.86,1.21672,2.025,0.1649999999999998,1.25164,1.620533,0.3688929999999999
1825,5,7,ScoreTopK,3,200,10,46,25,"Draw(CCW,L7)",106108,6121.73,A8,0.485,2.08321,0.865,0.38,-0.5566049999999999,-0.21359499999999998,0.3430099999999999
4062,4,15,ScoreTopK,3,200,10,46,57,"Hit(CCW,6,MIDDLE)",117,15.5088,A8,-1.68,0.785875,-0.475,1.205,-2.0729375,-1.42096,0.6519775000000001
9882,2,11,ScoreTopK,3,200,10,46,53,"Hit(CCW,6,TOUCH)",48475,4134.54,A8,0.485,1.41767,1.295,0.8099999999999999,-0.223835,0.2877799999999999,0.5116149999999999
2998,6,14,ScoreTopK,3,200,10,46,59,"Hit(CCW,5,STRONG)",3811,582.015,A8,2.895,0.86254,2.895,0.0,2.46373,2.46373,0.0
1555,2,3,ScoreTopK,3,200,10,46,16,"Draw(CW,L3)",162973,7945.17,A8,0.94,2.27956,1.1,0.16000000000000014,-0.19978000000000007,0.05477500000000002,0.2545550000000001
4372,4,14,ScoreTopK,3,200,10,46,21,"Draw(CCW,L5)",1336,69.7357,A8,-0.585,0.90154,0.095,0.6799999999999999,-1.0357699999999999,-0.5266850000000001,0.5090849999999998
3732,7,7,ScoreTopK,3,200,10,46,36,"Hit(CW,4,MIDDLE)",100305,4758.24,A8,0.675,1.67313,1.125,0.44999999999999996,-0.16156499999999996,0.254745,0.41630999999999996
3858,5,5,ScoreTopK,3,200,10,46,1,"Draw(CCW,TEE)",138510,7818.52,A8,0.78,1.95745,0.885,0.10499999999999998,-0.19872499999999993,-0.11504999999999999,0.08367499999999994
1938,0,14,ScoreTopK,3,200,10,46,56,"Hit(CW,13,MIDDLE)",2466,265.536,A8,-0.1,1.71756,1.43,1.53,-0.95878,0.9590015000000001,1.9177815
9112,3,9,ScoreTopK,3,200,10,46,33,"Hit(CCW,2,TOUCH)",73435,4562.72,A8,0.19,1.94265,0.76,0.5700000000000001,-0.781325,-0.13746000000000003,0.643865
4157,3,12,ScoreTopK,3,200,10,46,36,"Hit(CW,3,MIDDLE)",25728,2042.72,A8,-0.705,1.59937,-0.705,0.0,-1.5046849999999998,-1.5046849999999998,0.0
7373,1,11,ScoreTopK,3,200,10,46,51,"Freeze(CCW,4)",46752,3746.1,A8,0.965,1.44353,1.175,0.21000000000000008,0.24323499999999998,0.5203300000000001,0.2770950000000001
7173,4,15,ScoreTopK,3,200,10,46,131,"PostGuard(CCW,9,2)",151,38.3286,A8,2.0,0.0,2.0,0.0,2.0,2.0,0.0
196,4,4,ScoreTopK,3,200,10,46,38,"Hit(CW,3,STRONG)",145269,7051.44,A8,-0.74,1.8145,-0.22,0.52,-1.64725,-1.206355,0.44089500000000004
2630,2,14,ScoreTopK,3,200,10,46,32,"Hit(CW,11,TOUCH)",1652,103.077,A8,-1.18,1.73712,-1.07,0.10999999999999988,-2.04856,-1.5130295,0.5355305000000001
5731,2,10,ScoreTopK,3,200,10,46,34,"Hit(CW,9,WEAK)",50293,2373.5,A8,-0.555,1.41314,-0.555,0.0,-1.26157,-1.26157,0.0
9518,4,5,ScoreTopK,3,200,10,46,35,"Hit(CCW,0,WEAK)",138248,7518.07,A8,0.71,2.07266,0.985,0.275,-0.32633,0.009689999999999976,0.33602
8211,7,12,ScoreTopK,3,200,10,46,6,"Draw(CW,S4)",22354,1432.76,A8,-1.225,1.77606,-0.815,0.41000000000000014,-2.11303,-1.69403,0.41900000000000026
7977,6,14,ClusterValue,3,200,10,42,48,"Hit(CW,3,STRONG)",3784,237.347,A9,-3.36,1.38939,-1.635,1.7249999999999999,-4.054695,-2.371845,1.6828499999999997
3926,6,11,ClusterValue,3,200,10,42,37,"Hit(CCW,0,MIDDLE)",47951,2097.06,A9,-1.43,2.04086,0.425,1.855,-2.45043,-0.594115,1.856315
3883,1,14,ClusterValue,3,200,10,42,18,"Draw(CW,L4)",1055,39.5457,A9,-0.355,0.893854,-0.075,0.27999999999999997,-0.8019270000000001,-0.551806,0.25012100000000004
9222,7,5,ClusterValue,3,200,10,42,5,"Draw(CCW,S2)",128062,4262.66,A9,1.125,2.01727,1.315,0.18999999999999995,0.11636500000000005,0.33006500000000005,0.2137
7881,2,15,ClusterValue,3,200,10,42,84,"Hit(CW,12,WEAK)",129,10.4864,A9,0.285,1.42961,1.72,1.435,-0.42980500000000005,0.6866099999999999,1.116415
6406,1,10,ClusterValue,3,200,10,42,0,"Draw(CW,TEE)",53839,1990.42,A9,-0.385,1.70786,-0.385,0.0,-1.2389299999999999,-1.2389299999999999,0.0
8452,5,15,ClusterValue,3,200,10,42,34,"Hit(CW,0,WEAK)",153,16.084,A9,1.32,0.6063,1.935,0.615,1.01685,1.8117370000000002,0.7948870000000001
1028,6,15,ClusterValue,3,200,10,42,0,"Draw(CW,TEE)",151,15.7899,A9,0.77,0.668655,1.0,0.22999999999999998,0.4356725,1.0,0.5643275
2596,1,14,ClusterValue,3,200,10,42,86,"Hit(CW,11,MIDDLE)",3818,239.16,A9,0.65,1.72554,1.97,1.3199999999999998,-0.21277000000000001,1.7626545,1.9754245
4748,1,3,ClusterValue,3,200,10,42,11,"Draw(CCW,L0)",162921,5570.62,A9,0.54,1.87307,0.985,0.44499999999999995,-0.39653499999999997,0.04894999999999994,0.4454849999999999
9206,3,13,ClusterValue,3,200,10,42,35,"Hit(CCW,12,WEAK)",5247,249.485,A9,1.635,1.47369,1.73,0.09499999999999997,0.898155,1.01113,0.11297500000000005
5859,1,6,ClusterValue,3,200,10,42,7,"Draw(CCW,S4)",118752,4250.57,A9,-0.65,1.81315,-0.015,0.635,-1.556575,-1.006815,0.54976
6871,4,5,ClusterValue,3,200,10,42,23,"Draw(CCW,L6)",137163,4943.72,A9,0.925,2.04435,1.32,0.395,-0.09717500000000001,0.2883,0.385475
7163,3,13,ClusterValue,3,200,10,42,68,"Hit(CW,12,STRONG)",7516,383.898,A9,1.42,1.48108,2.465,1.045,0.67946,1.7441,1.06464
5807,0,8,ClusterValue,3,200,10,42,45,"Hit(CCW,5,WEAK)",92508,3533.31,A9,-0.885,2.00294,0.03,0.915,-1.88647,-1.02227,0.8642000000000001
5567,2,15,ClusterValue,3,200,10,42,0,"Draw(CW,TEE)",129,12.3817,A9,1.535,0.999387,1.93,0.395,1.0353065,1.7758085,0.740502
2507,3,11,ClusterValue,3,200,10,42,61,"Hit(CCW,8,MIDDLE)",42739,1697.59,A9,0.815,1.95468,1.715,0.9000000000000001,-0.16234000000000004,0.6236950000000001,0.7860350000000002
7006,3,15,ClusterValue,3,200,10,42,0,"Draw(CW,TEE)",145,15.4102,A9,-1.0,0.0,-0.97,0.030000000000000027,-1.0,-1.0,0.0
1984,6,4,ClusterValue,3,200,10,42,47,"Hit(CCW,3,MIDDLE)",148330,5240.93,A9,-0.595,1.91859,-0.31,0.285,-1.554295,-1.28004,0.2742549999999999
1845,7,14,ClusterValue,3,200,10,42,43,"PostGuard(CCW,10,0)",1563,62.3905,A9,0.695,1.72973,1.44,0.745,-0.16986500000000004,0.6659849999999999,0.83585
5780,2,6,ClusterValue,3,200,10,42,34,"Hit(CW,5,WEAK)",115464,3972.47,A9,-0.375,1.8315,-0.375,0.0,-1.29075,-1.29075,0.0
8645,7,5,ClusterValue,3,200,10,42,48,"Hit(CW,2,STRONG)",136673,4964.83,A9,0.625,1.73907,0.92,0.29500000000000004,-0.24453499999999995,-0.061529999999999974,0.18300499999999997
6132,0,13,ClusterValue,3,200,10,42,72,"PostGuard(CW,7,2)",12332,712.573,A9,2.095,1.10271,2.62,0.5249999999999999,1.5436450000000002,2.035705,0.49205999999999994
3339,4,10,ClusterValue,3,200,10,42,6,"Draw(CW,S4)",57007,2142.68,A9,-0.655,1.85094,-0.305,0.35000000000000003,-1.58047,-1.19128,0.38919000000000015
3566,6,14,ClusterValue,3,200,10,42,58,"Hit(CW,7,STRONG)",3528,246.336,A9,0.61,1.04781,1.01,0.4,0.08609500000000003,1.0,0.913905
5523,3,9,ClusterValue,3,200,10,42,55,"Hit(CCW,4,WEAK)",76399,3068.24,A9,0.74,1.9602,0.74,0.0,-0.24009999999999998,-0.24009999999999998,0.0
7015,5,14,ClusterValue,3,200,10,42,46,"Hit(CW,3,MIDDLE)",3953,260.673,A9,-3.285,0.820838,-1.135,2.1500000000000004,-3.6954190000000002,-2.098945,1.5964740000000002
743,7,3,ClusterValue,3,200,10,42,10,"Draw(CW,L0)",163207,5724.97,A9,0.7,1.86548,0.98,0.28,-0.23274000000000006,-0.07272499999999993,0.16001500000000013
1014,4,15,ClusterValue,3,200,10,42,10,"Draw(CW,L0)",61,3.47149,A9,3.325,1.27255,3.325,0.0,2.6887250000000003,2.6887250000000003,0.0
3900,0,10,ClusterValue,3,200,10,42,32,"Hit(CW,9,TOUCH)",53427,1924.18,A9,-0.42,1.6744,0.305,0.725,-1.2572,-0.5656300000000001,0.69157
4543,6,5,ClusterValue,3,200,10,42,35,"Hit(CCW,0,WEAK)",137158,4859.14,A9,0.465,1.8705,1.09,0.625,-0.47025,0.057780000000000165,0.5280300000000002
9231,5,14,ClusterValue,3,200,10,42,10,"Draw(CW,L0)",2688,141.948,A9,1.14,1.46983,2.025,0.885,0.4050849999999999,1.620533,1.215448
1825,5,7,ClusterValue,3,200,10,42,39,"Hit(CCW,2,STRONG)",105171,3869.34,A9,0.58,1.84759,0.865,0.28500000000000003,-0.3437950000000001,-0.21359499999999998,0.1302000000000001
4062,4,15,ClusterValue,3,200,10,42,35,"Hit(CCW,2,WEAK)",117,9.69495,A9,-1.275,0.824242,-0.475,0.7999999999999999,-1.6871209999999999,-1.42096,0.26616099999999987
9882,2,11,ClusterValue,3,200,10,42,64,"Hit(CW,8,WEAK)",46916,2083.87,A9,0.225,1.75624,1.295,1.0699999999999998,-0.65312,0.2877799999999999,0.9409
2998,6,14,ClusterValue,3,200,10,42,59,"Hit(CCW,5,STRONG)",3813,251.412,A9,2.895,0.86254,2.895,0.0,2.46373,2.46373,0.0
1555,2,3,ClusterValue,3,200,10,42,16,"Draw(CW,L3)",164143,5703.27,A9,0.94,2.27956,1.1,0.16000000000000014,-0.19978000000000007,0.05477500000000002,0.2545550000000001
4372,4,14,ClusterValue,3,200,10,42,18,"Draw(CW,L4)",1320,50.899,A9,0.095,1.24337,0.095,0.0,-0.5266850000000001,-0.5266850000000001,0.0
3732,7,7,ClusterValue,3,200,10,42,32,"Hit(CW,4,TOUCH)",98172,3290.0,A9,1.075,1.92597,1.125,0.050000000000000044,0.11201499999999998,0.254745,0.14273000000000002
3858,5,5,ClusterValue,3,200,10,42,39,"Hit(CCW,0,STRONG)",138801,5178.03,A9,0.355,1.73464,0.885,0.53,-0.51232,-0.11504999999999999,0.39727
1938,0,14,ClusterValue,3,200,10,42,39,"Hit(CCW,9,STRONG)",2561,137.635,A9,0.37,1.52089,1.43,1.06,-0.39044500000000004,0.9590015000000001,1.3494465
9112,3,9,ClusterValue,3,200,10,42,37,"Hit(CCW,2,MIDDLE)",70818,2516.31,A9,0.76,1.84997,0.76,0.0,-0.16498499999999994,-0.13746000000000003,0.02752499999999991
4157,3,12,ClusterValue,3,200,10,42,39,"Hit(CCW,3,STRONG)",27455,1264.02,A9,-1.83,1.33458,-0.705,1.125,-2.49729,-1.5046849999999998,0.9926050000000002
7373,1,11,ClusterValue,3,200,10,42,44,"Hit(CW,4,WEAK)",44551,1864.26,A9,0.85,1.9564,1.175,0.32500000000000007,-0.12819999999999998,0.5203300000000001,0.64853
7173,4,15,ClusterValue,3,200,10,42,0,"Draw(CW,TEE)",151,18.7909,A9,1.84,0.366606,2.0,0.15999999999999992,1.656697,2.0,0.3433029999999999
196,4,4,ClusterValue,3,200,10,42,46,"PostGuard(CW,2,2)",146494,5023.86,A9,-0.59,2.05716,-0.22,0.37,-1.6185800000000001,-1.206355,0.41222500000000006
2630,2,14,ClusterValue,3,200,10,42,40,"Freeze(CW,11)",1643,66.796,A9,-1.155,1.26924,-1.07,0.08499999999999996,-1.78962,-1.5130295,0.27659049999999996
5731,2,10,ClusterValue,3,200,10,42,13,"Draw(CCW,L1)",51412,1744.29,A9,-0.94,1.65118,-0.555,0.3849999999999999,-1.76559,-1.26157,0.5040199999999999
9518,4,5,ClusterValue,3,200,10,42,38,"Hit(CW,0,STRONG)",136493,4951.8,A9,0.56,1.93298,0.985,0.42499999999999993,-0.4064899999999999,0.009689999999999976,0.4161799999999999
8211,7,12,ClusterValue,3,200,10,42,70,"Freeze(CW,11)",24614,1031.13,A9,-1.045,1.73002,-0.815,0.22999999999999998,-1.9100099999999998,-1.69403,0.21597999999999984
7977,6,14,ClusterValue,3,200,10,43,46,"Hit(CW,3,MIDDLE)",3919,243.079,A9,-3.235,1.42119,-1.635,1.5999999999999999,-3.945595,-2.371845,1.57375
3926,6,11,ClusterValue,3,200,10,43,79,"Hit(CCW,8,STRONG)",47772,2126.55,A9,-1.42,1.81758,0.425,1.845,-2.3287899999999997,-0.594115,1.7346749999999997
3883,1,14,ClusterValue,3,200,10,43,18,"Draw(CW,L4)",1047,39.3933,A9,-0.355,0.893854,-0.075,0.27999999999999997,-0.8019270000000001,-0.551806,0.25012100000000004
9222,7,5,ClusterValue,3,200,10,43,14,"Draw(CW,L2)",128004,4263.03,A9,1.23,2.00676,1.315,0.08499999999999996,0.22662000000000004,0.33006500000000005,0.10344500000000001
7881,2,15,ClusterValue,3,200,10,43,84,"Hit(CW,12,WEAK)",129,10.8584,A9,0.285,1.42961,1.72,1.435,-0.42980500000000005,0.6866099999999999,1.116415
6406,1,10,ClusterValue,3,200,10,43,51,"Freeze(CCW,9)",53934,1985.19,A9,-0.79,1.73663,-0.385,0.405,-1.658315,-1.2389299999999999,0.4193850000000001
8452,5,15,ClusterValue,3,200,10,43,34,"Hit(CW,0,WEAK)",153,15.132,A9,1.32,0.6063,1.935,0.615,1.01685,1.8117370000000002,0.7948870000000001
1028,6,15,ClusterValue,3,200,10,43,0,"Draw(CW,TEE)",151,15.9455,A9,0.77,0.668655,1.0,0.22999999999999998,0.4356725,1.0,0.5643275
2596,1,14,ClusterValue,3,200,10,43,88,"Hit(CW,11,STRONG)",3860,247.7,A9,0.705,1.57733,1.97,1.2650000000000001,-0.08366499999999999,1.7626545,1.8463195
4748,1,3,ClusterValue,3,200,10,43,48,Pass,161591,5613.54,A9,0.41,1.99045,0.985,0.575,-0.5852250000000001,0.04894999999999994,0.634175
9206,3,13,ClusterValue,3,200,10,43,39,"Hit(CCW,12,STRONG)",5370,259.845,A9,1.23,1.32178,1.73,0.5,0.56911,1.01113,0.4420200000000001
5859,1,6,ClusterValue,3,200,10,43,0,"Draw(CW,TEE)",118483,4234.22,A9,-0.015,1.98363,-0.015,0.0,-1.006815,-1.006815,0.0
6871,4,5,ClusterValue,3,200,10,43,47,"Hit(CCW,2,MIDDLE)",136356,4858.87,A9,0.9,2.09523,1.32,0.42000000000000004,-0.14761499999999994,0.2883,0.43591499999999994
7163,3,13,ClusterValue,3,200,10,43,64,"Hit(CW,12,WEAK)",7644,395.991,A9,2.285,1.58864,2.465,0.17999999999999972,1.4906800000000002,1.7441,0.25341999999999976
5807,0,8,ClusterValue,3,200,10,43,76,"PostGuard(CW,6,1)",91991,3503.53,A9,-0.415,2.03538,0.03,0.44499999999999995,-1.43269,-1.02227,0.41042
5567,2,15,ClusterValue,3,200,10,43,0,"Draw(CW,TEE)",129,11.9456,A9,1.535,0.999387,1.93,0.395,1.0353065,1.7758085,0.740502
2507,3,11,ClusterValue,3,200,10,43,61,"Hit(CCW,8,MIDDLE)",43594,1784.78,A9,0.815,1.95468,1.715,0.9000000000000001,-0.16234000000000004,0.6236950000000001,0.7860350000000002
7006,3,15,ClusterValue,3,200,10,43,0,"Draw(CW,TEE)",145,16.1671,A9,-1.0,0.0,-0.97,0.030000000000000027,-1.0,-1.0,0.0
1984,6,4,ClusterValue,3,200,10,43,48,"Hit(CW,3,STRONG)",148708,5291.62,A9,-0.505,1.98242,-0.31,0.195,-1.49621,-1.28004,0.21616999999999997
1845,7,14,ClusterValue,3,200,10,43,5,"Draw(CCW,S2)",1579,62.6102,A9,-0.055,1.28529,1.44,1.4949999999999999,-0.6976450000000001,0.6659849999999999,1.3636300000000001
5780,2,6,ClusterValue,3,200,10,43,37,"Hit(CCW,5,MIDDLE)",115075,3949.43,A9,-0.75,1.94358,-0.375,0.375,-1.72179,-1.29075,0.43103999999999987
8645,7,5,ClusterValue,3,200,10,43,49,"Hit(CCW,2,STRONG)",136753,4897.03,A9,0.35,2.03899,0.92,0.5700000000000001,-0.6694950000000001,-0.061529999999999974,0.6079650000000001
6132,0,13,ClusterValue,3,200,10,43,60,"Freeze(CW,12)",11193,636.952,A9,2.3,1.06301,2.62,0.3200000000000003,1.7684949999999997,2.035705,0.2672100000000004
3339,4,10,ClusterValue,3,200,10,43,51,"Freeze(CCW,9)",56498,2113.01,A9,-0.36,1.84943,-0.305,0.05499999999999999,-1.2847149999999998,-1.19128,0.09343499999999993
3566,6,14,ClusterValue,3,200,10,43,56,"Hit(CW,7,MIDDLE)",3358,226.602,A9,0.34,1.21836,1.01,0.6699999999999999,-0.26918000000000003,1.0,1.26918
5523,3,9,ClusterValue,3,200,10,43,58,"Hit(CW,4,STRONG)",77658,3044.48,A9,0.455,2.10902,0.74,0.285,-0.59951,-0.24009999999999998,0.35941
7015,5,14,ClusterValue,3,200,10,43,48,"Hit(CW,3,STRONG)",3836,251.745,A9,-3.32,0.920652,-1.135,2.1849999999999996,-3.7803259999999996,-2.098945,1.6813809999999996
743,7,3,ClusterValue,3,200,10,43,10,"Draw(CW,L0)",163559,5756.9,A9,0.7,1.86548,0.98,0.28,-0.23274000000000006,-0.07272499999999993,0.16001500000000013
1014,4,15,ClusterValue,3,200,10,43,10,"Draw(CW,L0)",61,3.48409,A9,3.325,1.27255,3.325,0.0,2.6887250000000003,2.6887250000000003,0.0
3900,0,10,ClusterValue,3,200,10,43,40,"Freeze(CW,9)",53366,1937.98,A9,-0.02,1.70282,0.305,0.325,-0.87141,-0.5656300000000001,0.30577999999999994
4543,6,5,ClusterValue,3,200,10,43,34,"Hit(CW,0,WEAK)",136992,4800.05,A9,0.71,2.02136,1.09,0.3800000000000001,-0.30068000000000006,0.057780000000000165,0.3584600000000002
9231,5,14,ClusterValue,3,200,10,43,10,"Draw(CW,L0)",2855,145.434,A9,1.14,1.46983,2.025,0.885,0.4050849999999999,1.620533,1.215448
1825,5,7,ClusterValue,3,200,10,43,0,"Draw(CW,TEE)",105952,3968.09,A9,0.38,2.00888,0.865,0.485,-0.62444,-0.21359499999999998,0.410845
4062,4,15,ClusterValue,3,200,10,43,35,"Hit(CCW,2,WEAK)",117,9.55333,A9,-1.275,0.824242,-0.475,0.7999999999999999,-1.6871209999999999,-1.42096,0.26616099999999987
9882,2,11,ClusterValue,3,200,10,43,49,"Hit(CCW,4,STRONG)",47275,2124.35,A9,0.025,1.80676,1.295,1.27,-0.8783799999999999,0.2877799999999999,1.1661599999999999
2998,6,14,ClusterValue,3,200,10,43,59,"Hit(CCW,5,STRONG)",3659,244.487,A9,2.895,0.86254,2.895,0.0,2.46373,2.46373,0.0
1555,2,3,ClusterValue,3,200,10,43,35,"Hit(CCW,0,WEAK)",163599,5622.86,A9,0.835,2.06828,1.1,0.2650000000000001,-0.1991400000000001,0.05477500000000002,0.2539150000000001
4372,4,14,ClusterValue,3,200,10,43,18,"Draw(CW,L4)",1403,53.0292,A9,0.095,1.24337,0.095,0.0,-0.5266850000000001,-0.5266850000000001,0.0
3732,7,7,ClusterValue,3,200,10,43,37,"Hit(CCW,4,MIDDLE)",98581,3291.8,A9,0.93,1.81248,1.125,0.19499999999999995,0.023760000000000003,0.254745,0.230985
3858,5,5,ClusterValue,3,200,10,43,23,"Draw(CCW,L6)",138692,5185.36,A9,0.64,2.09771,0.885,0.245,-0.4088550000000001,-0.11504999999999999,0.2938050000000001
1938,0,14,ClusterValue,3,200,10,43,54,"Hit(CW,13,WEAK)",2387,134.983,A9,1.175,1.5506,1.43,0.2549999999999999,0.39970000000000006,0.9590015000000001,0.5593015
9112,3,9,ClusterValue,3,200,10,43,35,"Hit(CCW,2,WEAK)",70659,2554.03,A9,0.385,1.79075,0.76,0.375,-0.510375,-0.13746000000000003,0.372915
4157,3,12,ClusterValue,3,200,10,43,39,"Hit(CCW,3,STRONG)",27977,1317.6,A9,-1.83,1.33458,-0.705,1.125,-2.49729,-1.5046849999999998,0.9926050000000002
7373,1,11,ClusterValue,3,200,10,43,1,"Draw(CCW,TEE)",45906,2047.21,A9,1.055,1.54012,1.175,0.1200000000000001,0.28493999999999997,0.5203300000000001,0.2353900000000001
7173,4,15,ClusterValue,3,200,10,43,0,"Draw(CW,TEE)",151,18.5644,A9,1.84,0.366606,2.0,0.15999999999999992,1.656697,2.0,0.3433029999999999
196,4,4,ClusterValue,3,200,10,43,44,"PostGuard(CW,2,1)",146715,5030.76,A9,-0.385,2.08489,-0.22,0.165,-1.427445,-1.206355,0.22109
2630,2,14,ClusterValue,3,200,10,43,6,"Draw(CW,S4)",1541,63.9276,A9,-1.21,1.62355,-1.07,0.1399999999999999,-2.021775,-1.5130295,0.5087454999999999
5731,2,10,ClusterValue,3,200,10,43,35,"Hit(CCW,9,WEAK)",51010,1722.07,A9,-0.705,1.34461,-0.555,0.1499999999999999,-1.377305,-1.26157,0.11573499999999992
9518,4,5,ClusterValue,3,200,10,43,39,"Hit(CCW,0,STRONG)",137972,4924.2,A9,0.54,1.83259,0.985,0.44499999999999995,-0.37629499999999994,0.009689999999999976,0.3859849999999999
8211,7,12,ClusterValue,3,200,10,43,55,"Hit(CCW,9,WEAK)",24220,974.811,A9,-1.395,1.6938,-0.815,0.5800000000000001,-2.2419000000000002,-1.69403,0.5478700000000003
7977,6,14,ClusterValue,3,200,10,44,46,"Hit(CW,3,MIDDLE)",3876,244.942,A9,-3.235,1.42119,-1.635,1.5999999999999999,-3.945595,-2.371845,1.57375
3926,6,11,ClusterValue,3,200,10,44,39,"Hit(CCW,0,STRONG)",46027,2014.72,A9,-1.615,2.01166,0.425,2.04,-2.6208299999999998,-0.594115,2.026715
3883,1,14,ClusterValue,3,200,10,44,18,"Draw(CW,L4)",1066,39.795,A9,-0.355,0.893854,-0.075,0.27999999999999997,-0.8019270000000001,-0.551806,0.25012100000000004
9222,7,5,ClusterValue,3,200,10,44,17,"Draw(CCW,L3)",126915,4203.45,A9,1.315,2.00394,1.315,0.0,0.3130299999999999,0.33006500000000005,0.017035000000000133
7881,2,15,ClusterValue,3,200,10,44,84,"Hit(CW,12,WEAK)",129,10.4395,A9,0.285,1.42961,1.72,1.435,-0.42980500000000005,0.6866099999999999,1.116415
6406,1,10,ClusterValue,3,200,10,44,41,"Freeze(CCW,7)",54134,1985.13,A9,-0.89,1.62416,-0.385,0.505,-1.70208,-1.2389299999999999,0.4631500000000002
8452,5,15,ClusterValue,3,200,10,44,34,"Hit(CW,0,WEAK)",153,16.2478,A9,1.32,0.6063,1.935,0.615,1.01685,1.8117370000000002,0.7948870000000001
1028,6,15,ClusterValue,3,200,10,44,0,"Draw(CW,TEE)",151,15.2124,A9,0.77,0.668655,1.0,0.22999999999999998,0.4356725,1.0,0.5643275
2596,1,14,ClusterValue,3,200,10,44,45,"Hit(CCW,3,WEAK)",3788,249.994,A9,1.385,1.7137,1.97,0.585,0.52815,1.7626545,1.2345045
4748,1,3,ClusterValue,3,200,10,44,32,"Hit(CW,0,TOUCH)",161460,5574.57,A9,0.755,1.89868,0.985,0.22999999999999998,-0.19433999999999996,0.04894999999999994,0.2432899999999999
9206,3,13,ClusterValue,3,200,10,44,11,"Draw(CCW,L0)",5196,246.645,A9,1.66,1.49479,1.73,0.07000000000000006,0.9126049999999999,1.01113,0.0985250000000002
5859,1,6,ClusterValue,3,200,10,44,8,"Draw(CW,S6)",119239,4221.23,A9,-0.7,1.80555,-0.015,0.6849999999999999,-1.6027749999999998,-1.006815,0.5959599999999998
6871,4,5,ClusterValue,3,200,10,44,11,"Draw(CCW,L0)",136398,4907.38,A9,0.85,2.21754,1.32,0.4700000000000001,-0.25877000000000006,0.2883,0.5470700000000001
7163,3,13,ClusterValue,3,200,10,44,64,"Hit(CW,12,WEAK)",6048,292.603,A9,2.285,1.58864,2.465,0.17999999999999972,1.4906800000000002,1.7441,0.25341999999999976
5807,0,8,ClusterValue,3,200,10,44,45,"Hit(CCW,5,WEAK)",91625,3493.99,A9,-0.885,2.00294,0.03,0.915,-1.88647,-1.02227,0.8642000000000001
5567,2,15,ClusterValue,3,200,10,44,0,"Draw(CW,TEE)",129,11.8049,A9,1.535,0.999387,1.93,0.395,1.0353065,1.7758085,0.740502
2507,3,11,ClusterValue,3,200,10,44,61,"Hit(CCW,8,MIDDLE)",42170,1680.6,A9,0.815,1.95468,1.715,0.9000000000000001,-0.16234000000000004,0.6236950000000001,0.7860350000000002
7006,3,15,ClusterValue,3,200,10,44,0,"Draw(CW,TEE)",145,15.5439,A9,-1.0,0.0,-0.97,0.030000000000000027,-1.0,-1.0,0.0
1984,6,4,ClusterValue,3,200,10,44,44,"Hit(CW,3,WEAK)",149387,5277.37,A9,-0.54,1.88902,-0.31,0.23000000000000004,-1.48451,-1.28004,0.20446999999999993
1845,7,14,ClusterValue,3,200,10,44,43,"PostGuard(CCW,10,0)",1662,64.4513,A9,0.695,1.72973,1.44,0.745,-0.16986500000000004,0.6659849999999999,0.83585
5780,2,6,ClusterValue,3,200,10,44,41,"Freeze(CCW,5)",114970,4010.75,A9,-1.035,1.97073,-0.375,0.6599999999999999,-2.020365,-1.29075,0.7296149999999999
8645,7,5,ClusterValue,3,200,10,44,41,"Freeze(CCW,0)",136552,5050.75,A9,0.775,2.09866,0.92,0.14500000000000002,-0.2743300000000001,-0.061529999999999974,0.2128000000000001
6132,0,13,ClusterValue,3,200,10,44,1,"Draw(CCW,TEE)",11562,665.676,A9,2.62,1.16859,2.62,0.0,2.035705,2.035705,0.0
3339,4,10,ClusterValue,3,200,10,44,34,"Hit(CW,7,WEAK)",55431,2039.85,A9,-0.77,1.72253,-0.305,0.465,-1.631265,-1.19128,0.43998500000000007
3566,6,14,ClusterValue,3,200,10,44,78,"Hit(CW,11,STRONG)",3428,242.968,A9,-1.26,1.6132,1.01,2.27,-2.0666,1.0,3.0666
5523,3,9,ClusterValue,3,200,10,44,66,"Hit(CW,6,MIDDLE)",77948,3114.21,A9,-0.015,1.88541,0.74,0.755,-0.957705,-0.24009999999999998,0.717605
7015,5,14,ClusterValue,3,200,10,44,48,"Hit(CW,3,STRONG)",3836,252.053,A9,-3.32,0.920652,-1.135,2.1849999999999996,-3.7803259999999996,-2.098945,1.6813809999999996
743,7,3,ClusterValue,3,200,10,44,20,"Draw(CW,L5)",164700,5705.75,A9,0.98,2.15861,0.98,0.0,-0.09930499999999998,-0.07272499999999993,0.026580000000000048
1014,4,15,ClusterValue,3,200,10,44,10,"Draw(CW,L0)",61,3.49223,A9,3.325,1.27255,3.325,0.0,2.6887250000000003,2.6887250000000003,0.0
3900,0,10,ClusterValue,3,200,10,44,0,"Draw(CW,TEE)",53717,1958.4,A9,0.305,1.74126,0.305,0.0,-0.5656300000000001,-0.5656300000000001,0.0
4543,6,5,ClusterValue,3,200,10,44,34,"Hit(CW,0,WEAK)",136798,4891.62,A9,0.71,2.02136,1.09,0.3800000000000001,-0.30068000000000006,0.057780000000000165,0.3584600000000002
9231,5,14,ClusterValue,3,200,10,44,50,"Freeze(CW,5)",2627,140.056,A9,1.61,1.16529,2.025,0.4149999999999998,1.027355,1.620533,0.593178
1825,5,7,ClusterValue,3,200,10,44,6,"Draw(CW,S4)",105426,3935.9,A9,0.55,2.15116,0.865,0.31499999999999995,-0.5255799999999999,-0.21359499999999998,0.31198499999999996
4062,4,15,ClusterValue,3,200,10,44,35,"Hit(CCW,2,WEAK)",117,9.09089,A9,-1.275,0.824242,-0.475,0.7999999999999999,-1.6871209999999999,-1.42096,0.26616099999999987
9882,2,11,ClusterValue,3,200,10,44,11,"Draw(CCW,L0)",48556,2220.18,A9,0.17,1.51364,1.295,1.125,-0.58682,0.2877799999999999,0.8745999999999999
2998,6,14,ClusterValue,3,200,10,44,59,"Hit(CCW,5,STRONG)",3890,256.655,A9,2.895,0.86254,2.895,0.0,2.46373,2.46373,0.0
1555,2,3,ClusterValue,3,200,10,44,20,"Draw(CW,L5)",163312,5604.93,A9,1.035,2.34601,1.1,0.06500000000000017,-0.13800500000000016,0.05477500000000002,0.19278000000000017
4372,4,14,ClusterValue,3,200,10,44,18,"Draw(CW,L4)",1311,50.0216,A9,0.095,1.24337,0.095,0.0,-0.5266850000000001,-0.5266850000000001,0.0
3732,7,7,ClusterValue,3,200,10,44,33,"Hit(CCW,4,TOUCH)",98120,3304.21,A9,0.9,1.78326,1.125,0.22499999999999998,0.008369999999999989,0.254745,0.246375
3858,5,5,ClusterValue,3,200,10,44,35,"Hit(CCW,0,WEAK)",137988,5182.61,A9,0.545,2.07797,0.885,0.33999999999999997,-0.493985,-0.11504999999999999,0.378935
1938,0,14,ClusterValue,3,200,10,44,37,"Hit(CCW,9,MIDDLE)",2416,130.125,A9,0.43,1.50502,1.43,1.0,-0.32251,0.9590015000000001,1.2815115000000001
9112,3,9,ClusterValue,3,200,10,44,39,"Hit(CCW,2,STRONG)",71182,2544.32,A9,0.53,1.90239,0.76,0.22999999999999998,-0.421195,-0.13746000000000003,0.28373499999999996
4157,3,12,ClusterValue,3,200,10,44,37,"Hit(CCW,3,MIDDLE)",25300,1094.89,A9,-1.71,1.43384,-0.705,1.005,-2.42692,-1.5046849999999998,0.9222350000000001
7373,1,11,ClusterValue,3,200,10,44,58,"Hit(CW,6,STRONG)",46386,2032.74,A9,0.41,2.06928,1.175,0.7650000000000001,-0.6246400000000001,0.5203300000000001,1.1449700000000003
7173,4,15,ClusterValue,3,200,10,44,0,"Draw(CW,TEE)",151,19.1236,A9,1.84,0.366606,2.0,0.15999999999999992,1.656697,2.0,0.3433029999999999
196,4,4,ClusterValue,3,200,10,44,40,"Freeze(CW,3)",147249,5047.74,A9,-0.695,1.98544,-0.22,0.475,-1.68772,-1.206355,0.48136500000000004
2630,2,14,ClusterValue,3,200,10,44,6,"Draw(CW,S4)",1580,63.9958,A9,-1.21,1.62355,-1.07,0.1399999999999999,-2.021775,-1.5130295,0.5087454999999999
5731,2,10,ClusterValue,3,200,10,44,13,"Draw(CCW,L1)",51199,1722.09,A9,-0.94,1.65118,-0.555,0.3849999999999999,-1.76559,-1.26157,0.5040199999999999
9518,4,5,ClusterValue,3,200,10,44,38,"Hit(CW,0,STRONG)",137505,4925.01,A9,0.56,1.93298,0.985,0.42499999999999993,-0.4064899999999999,0.009689999999999976,0.4161799999999999
8211,7,12,ClusterValue,3,200,10,44,45,"Hit(CCW,5,WEAK)",25616,1077.29,A9,-1.115,1.90047,-0.815,0.30000000000000004,-2.065235,-1.69403,0.371205
7977,6,14,ClusterValue,3,200,10,45,48,"Hit(CW,3,STRONG)",3750,235.083,A9,-3.36,1.38939,-1.635,1.7249999999999999,-4.054695,-2.371845,1.6828499999999997
3926,6,11,ClusterValue,3,200,10,45,79,"Hit(CCW,8,STRONG)",45131,1910.4,A9,-1.42,1.81758,0.425,1.845,-2.3287899999999997,-0.594115,1.7346749999999997
3883,1,14,ClusterValue,3,200,10,45,19,"Draw(CCW,L4)",1111,42.6102,A9,-0.335,0.890379,-0.075,0.26,-0.7801895000000001,-0.551806,0.22838350000000007
9222,7,5,ClusterValue,3,200,10,45,24,"Draw(CW,L7)",126623,4207.18,A9,0.93,1.96089,1.315,0.3849999999999999,-0.05044499999999996,0.33006500000000005,0.38051
7881,2,15,ClusterValue,3,200,10,45,84,"Hit(CW,12,WEAK)",129,10.2178,A9,0.285,1.42961,1.72,1.435,-0.42980500000000005,0.6866099999999999,1.116415
6406,1,10,ClusterValue,3,200,10,45,50,"Freeze(CW,9)",53942,1982.75,A9,-0.645,1.76889,-0.385,0.26,-1.529445,-1.2389299999999999,0.2905150000000001
8452,5,15,ClusterValue,3,200,10,45,34,"Hit(CW,0,WEAK)",153,15.2769,A9,1.32,0.6063,1.935,0.615,1.01685,1.8117370000000002,0.7948870000000001
1028,6,15,ClusterValue,3,200,10,45,0,"Draw(CW,TEE)",151,15.6497,A9,0.77,0.668655,1.0,0.22999999999999998,0.4356725,1.0,0.5643275
2596,1,14,ClusterValue,3,200,10,45,86,"Hit(CW,11,MIDDLE)",3839,244.678,A9,0.65,1.72554,1.97,1.3199999999999998,-0.21277000000000001,1.7626545,1.9754245
4748,1,3,ClusterValue,3,200,10,45,17,"Draw(CCW,L3)",160987,5564.0,A9,0.755,2.10831,0.985,0.22999999999999998,-0.29915499999999995,0.04894999999999994,0.3481049999999999
9206,3,13,ClusterValue,3,200,10,45,38,"Hit(CW,12,STRONG)",5102,240.264,A9,1.25,1.31053,1.73,0.48,0.594735,1.01113,0.41639500000000007
5859,1,6,ClusterValue,3,200,10,45,45,"Hit(CCW,5,WEAK)",118394,4168.68,A9,-0.945,1.89525,-0.015,0.9299999999999999,-1.892625,-1.006815,0.88581
6871,4,5,ClusterValue,3,200,10,45,47,"Hit(CCW,2,MIDDLE)",136403,4850.52,A9,0.9,2.09523,1.32,0.42000000000000004,-0.14761499999999994,0.2883,0.43591499999999994
7163,3,13,ClusterValue,3,200,10,45,66,"Hit(CW,12,MIDDLE)",8943,478.02,A9,1.57,1.61403,2.465,0.8949999999999998,0.762985,1.7441,0.981115
5807,0,8,ClusterValue,3,200,10,45,6,"Draw(CW,S4)",91814,3511.69,A9,-0.435,1.92244,0.03,0.46499999999999997,-1.39622,-1.02227,0.37395
5567,2,15,ClusterValue,3,200,10,45,0,"Draw(CW,TEE)",129,12.2404,A9,1.535,0.999387,1.93,0.395,1.0353065,1.7758085,0.740502
2507,3,11,ClusterValue,3,200,10,45,39,"Hit(CCW,4,WEAK)",43070,1747.32,A9,1.66,2.22809,1.715,0.05500000000000016,0.545955,0.6236950000000001,0.07774000000000014
7006,3,15,ClusterValue,3,200,10,45,0,"Draw(CW,TEE)",145,15.8932,A9,-1.0,0.0,-0.97,0.030000000000000027,-1.0,-1.0,0.0
1984,6,4,ClusterValue,3,200,10,45,35,"Hit(CCW,1,WEAK)",148760,5202.09,A9,-0.705,1.81328,-0.31,0.39499999999999996,-1.61164,-1.28004,0.3315999999999999
1845,7,14,ClusterValue,3,200,10,45,43,"PostGuard(CCW,10,0)",1536,61.2966,A9,0.695,1.72973,1.44,0.745,-0.16986500000000004,0.6659849999999999,0.83585
5780,2,6,ClusterValue,3,200,10,45,39,"Hit(CCW,5,STRONG)",114984,3943.17,A9,-0.705,1.75156,-0.375,0.32999999999999996,-1.5807799999999999,-1.29075,0.2900299999999998
8645,7,5,ClusterValue,3,200,10,45,1,"Draw(CCW,TEE)",136317,4909.82,A9,0.76,1.898,0.92,0.16000000000000003,-0.18899999999999995,-0.061529999999999974,0.12746999999999997
6132,0,13,ClusterValue,3,200,10,45,33,"Hit(CCW,8,TOUCH)",11520,656.982,A9,2.08,1.17627,2.62,0.54,1.4918650000000002,2.035705,0.5438399999999999
3339,4,10,ClusterValue,3,200,10,45,44,"Hit(CW,9,WEAK)",56111,2080.5,A9,-0.7,1.78606,-0.305,0.39499999999999996,-1.59303,-1.19128,0.40175000000000005
3566,6,14,ClusterValue,3,200,10,45,58,"Hit(CW,7,STRONG)",3261,232.504,A9,0.61,1.04781,1.01,0.4,0.08609500000000003,1.0,0.913905
5523,3,9,ClusterValue,3,200,10,45,55,"Hit(CCW,4,WEAK)",77039,3138.7,A9,0.74,1.9602,0.74,0.0,-0.24009999999999998,-0.24009999999999998,0.0
7015,5,14,ClusterValue,3,200,10,45,46,"Hit(CW,3,MIDDLE)",3908,257.379,A9,-3.285,0.820838,-1.135,2.1500000000000004,-3.6954190000000002,-2.098945,1.5964740000000002
743,7,3,ClusterValue,3,200,10,45,9,"Draw(CCW,S6)",162467,5645.23,A9,0.64,2.12847,0.98,0.33999999999999997,-0.42423500000000003,-0.07272499999999993,0.3515100000000001
1014,4,15,ClusterValue,3,200,10,45,10,"Draw(CW,L0)",61,3.45896,A9,3.325,1.27255,3.325,0.0,2.6887250000000003,2.6887250000000003,0.0
3900,0,10,ClusterValue,3,200,10,45,0,"Draw(CW,TEE)",54272,1982.46,A9,0.305,1.74126,0.305,0.0,-0.5656300000000001,-0.5656300000000001,0.0
4543,6,5,ClusterValue,3,200,10,45,35,"Hit(CCW,0,WEAK)",136704,4828.16,A9,0.465,1.8705,1.09,0.625,-0.47025,0.057780000000000165,0.5280300000000002
9231,5,14,ClusterValue,3,200,10,45,10,"Draw(CW,L0)",2607,139.2,A9,1.14,1.46983,2.025,0.885,0.4050849999999999,1.620533,1.215448
1825,5,7,ClusterValue,3,200,10,45,0,"Draw(CW,TEE)",106140,3975.9,A9,0.38,2.00888,0.865,0.485,-0.62444,-0.21359499999999998,0.410845
4062,4,15,ClusterValue,3,200,10,45,35,"Hit(CCW,2,WEAK)",117,9.49497,A9,-1.275,0.824242,-0.475,0.7999999999999999,-1.6871209999999999,-1.42096,0.26616099999999987
9882,2,11,ClusterValue,3,200,10,45,64,"Hit(CW,8,WEAK)",47874,2168.16,A9,0.225,1.75624,1.295,1.0699999999999998,-0.65312,0.2877799999999999,0.9409
2998,6,14,ClusterValue,3,200,10,45,59,"Hit(CCW,5,STRONG)",3860,259.307,A9,2.895,0.86254,2.895,0.0,2.46373,2.46373,0.0
1555,2,3,ClusterValue,3,200,10,45,11,"Draw(CCW,L0)",163922,5682.86,A9,0.805,2.0315,1.1,0.29500000000000004,-0.21074999999999988,0.05477500000000002,0.2655249999999999
4372,4,14,ClusterValue,3,200,10,45,0,"Draw(CW,TEE)",1279,48.7378,A9,0.005,1.13357,0.095,0.09,-0.561785,-0.5266850000000001,0.03509999999999991
3732,7,7,ClusterValue,3,200,10,45,35,"Hit(CCW,4,WEAK)",99169,3359.26,A9,0.885,1.90572,1.125,0.24,-0.06786000000000003,0.254745,0.32260500000000003
3858,5,5,ClusterValue,3,200,10,45,41,"Freeze(CCW,0)",138412,5120.69,A9,0.695,1.93183,0.885,0.19000000000000006,-0.270915,-0.11504999999999999,0.15586500000000003
1938,0,14,ClusterValue,3,200,10,45,35,"Hit(CCW,9,WEAK)",2386,134.764,A9,1.37,1.80086,1.43,0.05999999999999983,0.46957000000000015,0.9590015000000001,0.4894314999999999
9112,3,9,ClusterValue,3,200,10,45,35,"Hit(CCW,2,WEAK)",70339,2513.83,A9,0.385,1.79075,0.76,0.375,-0.510375,-0.13746000000000003,0.372915
4157,3,12,ClusterValue,3,200,10,45,36,"Hit(CW,3,MIDDLE)",28458,1305.65,A9,-0.705,1.59937,-0.705,0.0,-1.5046849999999998,-1.5046849999999998,0.0
7373,1,11,ClusterValue,3,200,10,45,54,"Hit(CW,6,WEAK)",44496,1887.79,A9,0.83,1.66466,1.175,0.3450000000000001,-0.0023300000000000542,0.5203300000000001,0.5226600000000001
7173,4,15,ClusterValue,3,200,10,45,0,"Draw(CW,TEE)",151,18.575,A9,1.84,0.366606,2.0,0.15999999999999992,1.656697,2.0,0.3433029999999999
196,4,4,ClusterValue,3,200,10,45,8,"Draw(CW,S6)",145819,5049.47,A9,-0.51,1.9026,-0.22,0.29000000000000004,-1.4613,-1.206355,0.254945
2630,2,14,ClusterValue,3,200,10,45,2,"Draw(CW,S0)",1571,63.8453,A9,-1.315,1.66306,-1.07,0.24499999999999988,-2.14653,-1.5130295,0.6335004999999998
5731,2,10,ClusterValue,3,200,10,45,13,"Draw(CCW,L1)",51101,1733.31,A9,-0.94,1.65118,-0.555,0.3849999999999999,-1.76559,-1.26157,0.5040199999999999
9518,4,5,ClusterValue,3,200,10,45,38,"Hit(CW,0,STRONG)",136799,4901.03,A9,0.56,1.93298,0.985,0.42499999999999993,-0.4064899999999999,0.009689999999999976,0.4161799999999999
8211,7,12,ClusterValue,3,200,10,45,66,"Hit(CW,11,MIDDLE)",24946,1040.87,A9,-1.34,1.69835,-0.815,0.5250000000000001,-2.189175,-1.69403,0.49514500000000017
7977,6,14,ClusterValue,3,200,10,46,67,"Hit(CCW,7,MIDDLE)",3680,241.796,A9,-2.275,1.51637,-1.635,0.6399999999999999,-3.033185,-2.371845,0.66134
3926,6,11,ClusterValue,3,200,10,46,65,"Hit(CCW,6,WEAK)",47455,2135.55,A9,0.32,1.88881,0.425,0.10499999999999998,-0.6244050000000001,-0.594115,0.03029000000000015
3883,1,14,ClusterValue,3,200,10,46,19,"Draw(CCW,L4)",1074,40.2052,A9,-0.335,0.890379,-0.075,0.26,-0.7801895000000001,-0.551806,0.22838350000000007
9222,7,5,ClusterValue,3,200,10,46,13,"Draw(CCW,L1)",125770,4193.52,A9,1.24,1.96784,1.315,0.07499999999999996,0.25608,0.33006500000000005,0.07398500000000008
7881,2,15,ClusterValue,3,200,10,46,84,"Hit(CW,12,WEAK)",129,10.0748,A9,0.285,1.42961,1.72,1.435,-0.42980500000000005,0.6866099999999999,1.116415
6406,1,10,ClusterValue,3,200,10,46,50,"Freeze(CW,9)",53167,1968.59,A9,-0.645,1.76889,-0.385,0.26,-1.529445,-1.2389299999999999,0.2905150000000001
8452,5,15,ClusterValue,3,200,10,46,34,"Hit(CW,0,WEAK)",153,16.1578,A9,1.32,0.6063,1.935,0.615,1.01685,1.8117370000000002,0.7948870000000001
1028,6,15,ClusterValue,3,200,10,46,0,"Draw(CW,TEE)",151,15.3107,A9,0.77,0.668655,1.0,0.22999999999999998,0.4356725,1.0,0.5643275
2596,1,14,ClusterValue,3,200,10,46,45,"Hit(CCW,3,WEAK)",3848,247.222,A9,1.385,1.7137,1.97,0.585,0.52815,1.7626545,1.2345045
4748,1,3,ClusterValue,3,200,10,46,36,"Hit(CW,0,MIDDLE)",162569,5590.87,A9,0.31,2.13867,0.985,0.675,-0.7593349999999999,0.04894999999999994,0.8082849999999998
9206,3,13,ClusterValue,3,200,10,46,35,"Hit(CCW,12,WEAK)",5392,258.487,A9,1.635,1.47369,1.73,0.09499999999999997,0.898155,1.01113,0.11297500000000005
5859,1,6,ClusterValue,3,200,10,46,4,"Draw(CW,S2)",118580,4192.35,A9,-0.7,2.0,-0.015,0.6849999999999999,-1.7,-1.006815,0.6931849999999999
6871,4,5,ClusterValue,3,200,10,46,25,"Draw(CCW,L7)",136791,4925.01,A9,0.53,1.95681,1.32,0.79,-0.44840499999999994,0.2883,0.7367049999999999
7163,3,13,ClusterValue,3,200,10,46,64,"Hit(CW,12,WEAK)",7851,405.705,A9,2.285,1.58864,2.465,0.17999999999999972,1.4906800000000002,1.7441,0.25341999999999976
5807,0,8,ClusterValue,3,200,10,46,56,"Hit(CW,7,MIDDLE)",91404,3383.44,A9,-0.76,1.9653,0.03,0.79,-1.74265,-1.02227,0.72038
5567,2,15,ClusterValue,3,200,10,46,0,"Draw(CW,TEE)",129,12.0007,A9,1.535,0.999387,1.93,0.395,1.0353065,1.7758085,0.740502
2507,3,11,ClusterValue,3,200,10,46,39,"Hit(CCW,4,WEAK)",42164,1714.41,A9,1.66,2.22809,1.715,0.05500000000000016,0.545955,0.6236950000000001,0.07774000000000014
7006,3,15,ClusterValue,3,200,10,46,0,"Draw(CW,TEE)",145,16.0268,A9,-1.0,0.0,-0.97,0.030000000000000027,-1.0,-1.0,0.0
1984,6,4,ClusterValue,3,200,10,46,48,"Hit(CW,3,STRONG)",148881,5202.39,A9,-0.505,1.98242,-0.31,0.195,-1.49621,-1.28004,0.21616999999999997
1845,7,14,ClusterValue,3,200,10,46,45,"PostGuard(CCW,10,1)",1543,61.7103,A9,1.22,1.56576,1.44,0.21999999999999997,0.43711999999999995,0.6659849999999999,0.22886499999999999
5780,2,6,ClusterValue,3,200,10,46,34,"Hit(CW,5,WEAK)",116438,4007.23,A9,-0.375,1.8315,-0.375,0.0,-1.29075,-1.29075,0.0
8645,7,5,ClusterValue,3,200,10,46,46,"Hit(CW,2,MIDDLE)",137300,4946.79,A9,0.62,1.97373,0.92,0.30000000000000004,-0.366865,-0.061529999999999974,0.305335
6132,0,13,ClusterValue,3,200,10,46,54,"Hit(CW,12,WEAK)",11459,660.496,A9,1.96,1.7258,2.62,0.6600000000000001,1.0971,2.035705,0.9386050000000001
3339,4,10,ClusterValue,3,200,10,46,42,"Hit(CW,9,TOUCH)",56576,2118.9,A9,-0.5,1.88944,-0.305,0.195,-1.44472,-1.19128,0.2534400000000001
3566,6,14,ClusterValue,3,200,10,46,56,"Hit(CW,7,MIDDLE)",3520,252.749,A9,0.34,1.21836,1.01,0.6699999999999999,-0.26918000000000003,1.0,1.26918
5523,3,9,ClusterValue,3,200,10,46,56,"Hit(CW,4,MIDDLE)",75958,2892.3,A9,0.445,1.95371,0.74,0.295,-0.531855,-0.24009999999999998,0.291755
7015,5,14,ClusterValue,3,200,10,46,46,"Hit(CW,3,MIDDLE)",3879,263.414,A9,-3.285,0.820838,-1.135,2.1500000000000004,-3.6954190000000002,-2.098945,1.5964740000000002
743,7,3,ClusterValue,3,200,10,46,9,"Draw(CCW,S6)",164489,5759.25,A9,0.64,2.12847,0.98,0.33999999999999997,-0.42423500000000003,-0.07272499999999993,0.3515100000000001
1014,4,15,ClusterValue,3,200,10,46,10,"Draw(CW,L0)",61,3.48335,A9,3.325,1.27255,3.325,0.0,2.6887250000000003,2.6887250000000003,0.0
3900,0,10,ClusterValue,3,200,10,46,2,"Draw(CW,S0)",53028,1917.88,A9,0.025,1.86932,0.305,0.27999999999999997,-0.90966,-0.5656300000000001,0.34402999999999995
4543,6,5,ClusterValue,3,200,10,46,48,"Hit(CW,2,STRONG)",136268,4830.21,A9,0.785,1.89177,1.09,0.30500000000000005,-0.16088499999999994,0.057780000000000165,0.2186650000000001
9231,5,14,ClusterValue,3,200,10,46,10,"Draw(CW,L0)",2750,146.111,A9,1.14,1.46983,2.025,0.885,0.4050849999999999,1.620533,1.215448
1825,5,7,ClusterValue,3,200,10,46,39,"Hit(CCW,2,STRONG)",105086,3873.86,A9,0.58,1.84759,0.865,0.28500000000000003,-0.3437950000000001,-0.21359499999999998,0.1302000000000001
4062,4,15,ClusterValue,3,200,10,46,35,"Hit(CCW,2,WEAK)",117,9.48439,A9,-1.275,0.824242,-0.475,0.7999999999999999,-1.6871209999999999,-1.42096,0.26616099999999987
9882,2,11,ClusterValue,3,200,10,46,12,"Draw(CW,L1)",48219,2223.01,A9,-0.11,1.58047,1.295,1.405,-0.900235,0.2877799999999999,1.188015
2998,6,14,ClusterValue,3,200,10,46,57,"Hit(CCW,5,MIDDLE)",3807,262.678,A9,2.82,0.926067,2.895,0.07500000000000018,2.3569665,2.46373,0.10676350000000001
1555,2,3,ClusterValue,3,200,10,46,6,"Draw(CW,S4)",162648,5661.85,A9,0.625,2.12235,1.1,0.4750000000000001,-0.436175,0.05477500000000002,0.49095
4372,4,14,ClusterValue,3,200,10,46,18,"Draw(CW,L4)",1324,50.5501,A9,0.095,1.24337,0.095,0.0,-0.5266850000000001,-0.5266850000000001,0.0
3732,7,7,ClusterValue,3,200,10,46,22,"Draw(CW,L6)",99914,3316.76,A9,0.705,1.66072,1.125,0.42000000000000004,-0.12536000000000003,0.254745,0.380105
3858,5,5,ClusterValue,3,200,10,46,54,"Hit(CW,4,WEAK)",137213,5079.42,A9,0.525,2.22472,0.885,0.36,-0.58736,-0.11504999999999999,0.47231
1938,0,14,ClusterValue,3,200,10,46,39,"Hit(CCW,9,STRONG)",2561,139.613,A9,0.37,1.52089,1.43,1.06,-0.39044500000000004,0.9590015000000001,1.3494465
9112,3,9,ClusterValue,3,200,10,46,34,"Hit(CW,2,WEAK)",72472,2661.05,A9,0.625,1.77324,0.76,0.135,-0.26161999999999996,-0.13746000000000003,0.12415999999999994
4157,3,12,ClusterValue,3,200,10,46,36,"Hit(CW,3,MIDDLE)",27176,1231.3,A9,-0.705,1.59937,-0.705,0.0,-1.5046849999999998,-1.5046849999999998,0.0
7373,1,11,ClusterValue,3,200,10,46,38,"Hit(CW,2,STRONG)",45440,1897.62,A9,0.435,1.85628,1.175,0.74,-0.49313999999999997,0.5203300000000001,1.01347
7173,4,15,ClusterValue,3,200,10,46,0,"Draw(CW,TEE)",151,18.8042,A9,1.84,0.366606,2.0,0.15999999999999992,1.656697,2.0,0.3433029999999999
196,4,4,ClusterValue,3,200,10,46,34,"Hit(CW,3,WEAK)",145411,4959.85,A9,-0.59,1.84442,-0.22,0.37,-1.51221,-1.206355,0.305855
2630,2,14,ClusterValue,3,200,10,46,33,"Hit(CCW,11,TOUCH)",1658,67.0601,A9,-1.445,1.39175,-1.07,0.375,-2.1408750000000003,-1.5130295,0.6278455000000003
5731,2,10,ClusterValue,3,200,10,46,13,"Draw(CCW,L1)",50513,1702.18,A9,-0.94,1.65118,-0.555,0.3849999999999999,-1.76559,-1.26157,0.5040199999999999
9518,4,5,ClusterValue,3,200,10,46,34,"Hit(CW,0,WEAK)",138443,5017.08,A9,0.695,1.97281,0.985,0.29000000000000004,-0.291405,0.009689999999999976,0.301095
8211,7,12,ClusterValue,3,200,10,46,10,"Draw(CW,L0)",24820,1035.17,A9,-1.205,1.83384,-0.815,0.3900000000000001,-2.1219200000000003,-1.69403,0.4278900000000003
