game_id,end,shot_num,method,depth,playouts,rollouts_per_visit,seed,candidate_idx,label,actual_total_sims,time_sec,risk_lambda,num_candidates,num_children,arm,q_ref_mean,q_ref_sd,q_best,regret
7977,6,14,AllGrid,3,400,10,42,37,"Hit(CCW,1,MIDDLE)",18386,1386.03,0,145,145,A1N,-1.635,1.47369,-1.635,0.0
3926,6,11,AllGrid,3,400,10,42,38,"Hit(CW,0,STRONG)",115043,9622.49,0,123,123,A1N,0.12,1.94566,0.425,0.305
3883,1,14,AllGrid,3,400,10,42,1,"Draw(CCW,TEE)",1814,103.332,0,37,37,A1N,-0.075,0.953612,-0.075,0.0
9222,7,5,AllGrid,3,400,10,42,15,"Draw(CCW,L2)",247453,12281.9,0,37,37,A1N,1.05,2.08267,1.315,0.2649999999999999
7881,2,15,AllGrid,3,400,10,42,88,"Hit(CW,12,STRONG)",529,28.7182,0,129,129,A1N,1.72,2.06678,1.72,0.0
6406,1,10,AllGrid,3,400,10,42,6,"Draw(CW,S4)",114911,7082.39,0,59,59,A1N,-0.435,1.88037,-0.385,0.04999999999999999
8452,5,15,AllGrid,3,400,10,42,89,"Hit(CCW,10,STRONG)",553,37.9552,0,153,153,A1N,1.935,0.246526,1.935,0.0
1028,6,15,AllGrid,3,400,10,42,0,"Draw(CW,TEE)",551,37.1529,0,151,151,A1N,0.77,0.668655,1.0,0.22999999999999998
2596,1,14,AllGrid,3,400,10,42,47,"Hit(CCW,3,MIDDLE)",18220,1803.7,0,145,145,A1N,1.555,1.38816,1.97,0.41500000000000004
4748,1,3,AllGrid,3,400,10,42,7,"Draw(CCW,S4)",314153,15935.8,0,49,49,A1N,0.445,1.85121,0.985,0.54
9206,3,13,AllGrid,3,400,10,42,11,"Draw(CCW,L0)",16254,1202.2,0,49,49,A1N,1.66,1.49479,1.73,0.07000000000000006
5859,1,6,AllGrid,3,400,10,42,2,"Draw(CW,S0)",234182,13429.6,0,65,65,A1N,-0.22,1.95745,-0.015,0.20500000000000002
6871,4,5,AllGrid,3,400,10,42,53,"PostGuard(CCW,1,0)",262264,14462.3,0,71,71,A1N,0.905,1.98645,1.32,0.41500000000000004
7163,3,13,AllGrid,3,400,10,42,69,"Hit(CCW,12,STRONG)",37364,3484.15,0,85,85,A1N,1.635,1.56581,2.465,0.8299999999999998
5807,0,8,AllGrid,3,400,10,42,72,"PostGuard(CW,4,2)",185496,11435.7,0,81,81,A1N,-0.23,2.07776,0.03,0.26
5567,2,15,AllGrid,3,400,10,42,6,"Draw(CW,S4)",529,32.6173,0,129,129,A1N,1.875,0.478931,1.93,0.05499999999999994
2507,3,11,AllGrid,3,400,10,42,39,"Hit(CCW,4,WEAK)",103552,7784.0,0,107,107,A1N,1.66,2.22809,1.715,0.05500000000000016
7006,3,15,AllGrid,3,400,10,42,0,"Draw(CW,TEE)",545,38.8172,0,145,145,A1N,-1.0,0.0,-0.97,0.030000000000000027
1984,6,4,AllGrid,3,400,10,42,51,"Freeze(CCW,3)",287991,12800.8,0,59,59,A1N,-0.585,1.98816,-0.31,0.27499999999999997
1845,7,14,AllGrid,3,400,10,42,43,"PostGuard(CCW,10,0)",3735,268.504,0,55,55,A1N,0.695,1.72973,1.44,0.745
5780,2,6,AllGrid,3,400,10,42,44,"PostGuard(CW,0,1)",223900,11779.4,0,49,49,A1N,-0.69,2.05521,-0.375,0.31499999999999995
8645,7,5,AllGrid,3,400,10,42,35,"Hit(CCW,0,WEAK)",263797,14938.7,0,71,71,A1N,0.74,1.7951,0.92,0.18000000000000005
6132,0,13,AllGrid,3,400,10,42,19,"Draw(CCW,L4)",43252,4268.96,0,87,87,A1N,2.285,1.18481,2.62,0.33499999999999996
3339,4,10,AllGrid,3,400,10,42,42,"Hit(CW,9,TOUCH)",123716,7833.63,0,71,71,A1N,-0.5,1.88944,-0.305,0.195
3566,6,14,AllGrid,3,400,10,42,67,"Hit(CCW,9,MIDDLE)",14324,1443.46,0,129,129,A1N,0.69,1.51456,1.01,0.32000000000000006
5523,3,9,AllGrid,3,400,10,42,55,"Hit(CCW,4,WEAK)",159640,11037.3,0,103,103,A1N,0.74,1.9602,0.74,0.0
7015,5,14,AllGrid,3,400,10,42,11,"Draw(CCW,L0)",18376,1851.41,0,145,145,A1N,-1.135,1.92789,-1.135,0.0
743,7,3,AllGrid,3,400,10,42,6,"Draw(CW,S4)",312916,16416.4,0,55,55,A1N,0.595,2.0859,0.98,0.385
1014,4,15,AllGrid,3,400,10,42,10,"Draw(CW,L0)",461,21.8458,0,61,61,A1N,3.325,1.27255,3.325,0.0
3900,0,10,AllGrid,3,400,10,42,6,"Draw(CW,S4)",114254,6952.71,0,55,55,A1N,-0.195,1.84851,0.305,0.5
4543,6,5,AllGrid,3,400,10,42,6,"Draw(CW,S4)",265125,14844.5,0,71,71,A1N,0.895,1.95805,1.09,0.19500000000000006
9231,5,14,AllGrid,3,400,10,42,47,"Hit(CCW,5,MIDDLE)",8537,718.773,0,101,101,A1N,1.265,1.65975,2.025,0.76
1825,5,7,AllGrid,3,400,10,42,3,"Draw(CCW,S0)",208007,12332.0,0,77,77,A1N,0.785,2.08537,0.865,0.07999999999999996
4062,4,15,AllGrid,3,400,10,42,47,"Hit(CCW,4,MIDDLE)",517,27.1563,0,117,117,A1N,-0.475,1.89192,-0.475,0.0
9882,2,11,AllGrid,3,400,10,42,46,"Hit(CW,4,MIDDLE)",106890,8357.53,0,109,109,A1N,1.295,2.01444,1.295,0.0
2998,6,14,AllGrid,3,400,10,42,38,"Hit(CW,1,STRONG)",18052,1947.86,0,145,145,A1N,2.555,0.840818,2.895,0.33999999999999986
1555,2,3,AllGrid,3,400,10,42,1,"Draw(CCW,TEE)",316846,16491.8,0,55,55,A1N,0.645,1.96188,1.1,0.45500000000000007
4372,4,14,AllGrid,3,400,10,42,1,"Draw(CCW,TEE)",2976,198.129,0,49,49,A1N,0.005,1.12026,0.095,0.09
3732,7,7,AllGrid,3,400,10,42,41,"Freeze(CCW,4)",189168,9832.92,0,49,49,A1N,0.85,1.9615,1.125,0.275
3858,5,5,AllGrid,3,400,10,42,1,"Draw(CCW,TEE)",266623,15589.5,0,75,75,A1N,0.78,1.95745,0.885,0.10499999999999998
1938,0,14,AllGrid,3,400,10,42,47,"Hit(CCW,11,MIDDLE)",8196,1020.18,0,93,93,A1N,1.1,1.86815,1.43,0.32999999999999985
9112,3,9,AllGrid,3,400,10,42,34,"Hit(CW,2,WEAK)",145321,8506.34,0,75,75,A1N,0.625,1.77324,0.76,0.135
4157,3,12,AllGrid,3,400,10,42,36,"Hit(CW,3,MIDDLE)",75510,6031.06,0,107,107,A1N,-0.705,1.59937,-0.705,0.0
7373,1,11,AllGrid,3,400,10,42,1,"Draw(CCW,TEE)",102306,7281.48,0,103,103,A1N,1.055,1.54012,1.175,0.1200000000000001
7173,4,15,AllGrid,3,400,10,42,0,"Draw(CW,TEE)",551,40.654,0,151,151,A1N,1.84,0.366606,2.0,0.15999999999999992
196,4,4,AllGrid,3,400,10,42,43,"PostGuard(CCW,2,0)",287985,14139.4,0,49,49,A1N,-0.685,2.00394,-0.22,0.4650000000000001
2630,2,14,AllGrid,3,400,10,42,10,"Draw(CW,L0)",3989,276.69,0,59,59,A1N,-1.27,1.37735,-1.07,0.19999999999999996
5731,2,10,AllGrid,3,400,10,42,1,"Draw(CCW,TEE)",102658,4987.33,0,43,43,A1N,-0.87,1.83932,-0.555,0.31499999999999995
9518,4,5,AllGrid,3,400,10,42,45,"Hit(CCW,2,WEAK)",263095,12999.5,0,71,71,A1N,0.905,2.07508,0.985,0.07999999999999996
8211,7,12,AllGrid,3,400,10,42,2,"Draw(CW,S0)",65935,4539.02,0,79,79,A1N,-1.155,1.79749,-0.815,0.3400000000000001
5392,3,13,AllGrid,3,400,10,42,36,"Hit(CW,0,MIDDLE)",59986,5910.23,0,135,135,A1N,-1.21,1.59872,-1.005,0.20500000000000007
4262,4,2,AllGrid,3,400,10,42,40,"Freeze(CW,1)",345638,17093.7,0,49,49,A1N,-0.475,2.14228,-0.465,0.009999999999999953
6230,1,12,AllGrid,3,400,10,42,35,"Hit(CCW,11,WEAK)",50585,2927.21,0,49,49,A1N,-0.215,1.43484,-0.215,0.0
3543,4,7,AllGrid,3,400,10,42,42,"PostGuard(CW,1,0)",192538,9530.15,0,55,55,A1N,0.985,1.87477,1.025,0.039999999999999925
1784,6,5,AllGrid,3,400,10,42,46,"Hit(CW,2,MIDDLE)",262629,13964.5,0,71,71,A1N,0.855,2.05766,1.05,0.19500000000000006
4905,4,14,AllGrid,3,400,10,42,34,"Hit(CW,5,WEAK)",8847,717.228,0,101,101,A1N,-1.98,1.72325,-1.65,0.33000000000000007
3837,2,10,AllGrid,3,400,10,42,32,"Hit(CW,7,TOUCH)",121985,7266.06,0,71,71,A1N,-0.7,1.72916,-0.455,0.24499999999999994
2854,0,15,AllGrid,3,400,10,42,66,"Hit(CW,14,MIDDLE)",503,26.6658,0,103,103,A1N,1.025,1.63229,1.18,0.15500000000000003
1221,1,10,AllGrid,3,400,10,42,66,"Hit(CW,7,MIDDLE)",136504,9551.55,0,113,113,A1N,-0.785,1.75464,-0.575,0.21000000000000008
7301,6,14,AllGrid,3,400,10,42,0,"Draw(CW,TEE)",17890,1830.05,0,145,145,A1N,0.875,1.39261,1.985,1.11
5248,0,3,AllGrid,3,400,10,42,3,"Draw(CCW,S0)",318184,15731.2,0,49,49,A1N,0.95,2.24666,1.33,0.3800000000000001
2545,3,15,AllGrid,3,400,10,42,0,"Draw(CW,TEE)",461,19.7843,0,61,61,A1N,2.98,0.14,2.98,0.0
6335,1,11,AllGrid,3,400,10,42,46,"Hit(CW,10,MIDDLE)",73851,3833.74,0,53,53,A1N,0.76,1.5008,1.125,0.365
8275,4,5,AllGrid,3,400,10,42,48,"Hit(CW,2,STRONG)",261301,13864.8,0,71,71,A1N,0.83,1.89238,1.005,0.17499999999999993
963,5,13,AllGrid,3,400,10,42,32,"Hit(CW,8,TOUCH)",42786,3603.15,0,89,89,A1N,0.93,1.75645,1.235,0.30500000000000005
176,5,11,AllGrid,3,400,10,42,86,"PostGuard(CW,5,1)",102549,5395.75,0,97,97,A1N,1.295,1.95396,1.585,0.29000000000000004
2199,1,13,AllGrid,3,400,10,42,74,"Hit(CW,10,WEAK)",54230,5084.69,0,119,119,A1N,-0.19,1.78715,0.25,0.44
8298,3,11,AllGrid,3,400,10,42,46,"Hit(CW,2,MIDDLE)",110006,8325.81,0,119,119,A1N,0.765,2.01737,1.185,0.42000000000000004
6729,2,14,AllGrid,3,400,10,42,6,"Draw(CW,S4)",15743,1555.49,0,135,135,A1N,0.665,1.04536,0.665,0.0
8119,5,4,AllGrid,3,400,10,42,40,"Freeze(CW,1)",293676,15481.8,0,65,65,A1N,-0.625,1.96326,-0.18,0.445
8189,0,14,AllGrid,3,400,10,42,34,"Hit(CW,13,WEAK)",3938,275.381,0,55,55,A1N,-0.055,1.26173,0.025,0.08
9791,0,8,AllGrid,3,400,10,42,7,"Draw(CCW,S4)",173799,8958.94,0,55,55,A1N,-0.58,1.76454,-0.11,0.47
5487,5,5,AllGrid,3,400,10,42,26,"PreGuard(CW,G3)",262406,14202.3,0,71,71,A1N,0.475,1.81366,1.085,0.61
4950,0,15,AllGrid,3,400,10,42,48,"Hit(CW,14,STRONG)",471,17.6394,0,71,71,A1N,0.83,1.64046,0.83,0.0
9143,3,7,AllGrid,3,400,10,42,75,"PostGuard(CCW,7,0)",210241,10741.7,0,81,81,A1N,0.665,1.79799,1.135,0.47
4517,4,13,AllGrid,3,400,10,42,12,"Draw(CW,L1)",56949,5546.95,0,123,123,A1N,1.155,1.16661,1.535,0.3799999999999999
2994,5,10,AllGrid,3,400,10,42,69,"Hit(CCW,7,STRONG)",140706,9893.76,0,113,113,A1N,-0.375,2.16203,0.045,0.42
961,6,13,AllGrid,3,400,10,42,11,"Draw(CCW,L0)",65752,6346.43,0,139,139,A1N,-1.77,1.43426,-1.735,0.03499999999999992
1566,1,3,AllGrid,3,400,10,42,45,"Hit(CCW,2,WEAK)",317737,16479.4,0,59,59,A1N,0.605,2.04425,0.975,0.37
1686,6,15,AllGrid,3,400,10,42,0,"Draw(CW,TEE)",449,17.9416,0,49,49,A1N,1.0,0.0,1.0,0.0
1201,0,6,AllGrid,3,400,10,42,7,"Draw(CCW,S4)",229987,11520.2,0,53,53,A1N,-0.385,1.91749,-0.385,0.0
5494,4,5,AllGrid,3,400,10,42,59,"Hit(CCW,4,STRONG)",267891,14777.2,0,75,75,A1N,0.775,2.02098,1.21,0.43499999999999994
2492,4,15,AllGrid,3,400,10,42,42,"Hit(CW,10,TOUCH)",475,22.6323,0,75,75,A1N,1.65,0.638357,1.65,0.0
8959,1,11,AllGrid,3,400,10,42,49,"Hit(CCW,6,STRONG)",100697,7099.73,0,97,97,A1N,0.875,1.69097,1.26,0.385
1671,0,15,AllGrid,3,400,10,42,47,"Hit(CCW,6,MIDDLE)",517,27.3068,0,117,117,A1N,1.63,2.4603,2.74,1.1100000000000003
1385,7,11,AllGrid,3,400,10,42,80,"PostGuard(CW,5,1)",101865,6831.72,0,103,103,A1N,1.045,1.71259,1.18,0.135
6872,1,14,AllGrid,3,400,10,42,84,"Hit(CW,13,WEAK)",16513,1293.67,0,135,135,A1N,0.885,0.949618,1.02,0.135
8785,1,4,AllGrid,3,400,10,42,28,"PreGuard(CW,G4)",285123,14091.4,0,49,49,A1N,-0.425,1.94535,-0.32,0.10499999999999998
1835,0,15,AllGrid,3,400,10,42,55,"Hit(CCW,14,WEAK)",469,16.5114,0,69,69,A1N,1.235,1.19573,1.235,0.0
6216,7,8,AllGrid,3,400,10,42,28,"PreGuard(CW,G4)",172736,8813.67,0,55,55,A1N,-0.43,1.87219,0.075,0.505
8471,6,5,AllGrid,3,400,10,42,42,"Hit(CW,2,TOUCH)",267720,11028.1,0,75,75,A1N,0.77,2.02166,1.06,0.29000000000000004
256,3,12,AllGrid,3,400,10,42,48,"Hit(CW,11,STRONG)",60793,4082.81,0,77,77,A1N,0.35,1.91768,0.495,0.14500000000000002
5778,2,9,AllGrid,3,400,10,42,6,"Draw(CW,S4)",159604,9994.07,0,97,97,A1N,0.635,1.9214,0.915,0.28
6320,4,15,AllGrid,3,400,10,42,58,"Hit(CW,10,STRONG)",503,17.4215,0,103,103,A1N,-0.175,1.75908,-0.055,0.12
1638,4,11,AllGrid,3,400,10,42,47,"Hit(CCW,4,MIDDLE)",101250,5248.07,0,103,103,A1N,0.4,1.77482,0.715,0.31499999999999995
2310,6,15,AllGrid,3,400,10,42,78,"Hit(CW,10,STRONG)",535,29.3454,0,135,135,A1N,2.15,2.12779,2.215,0.06499999999999995
7921,5,4,AllGrid,3,400,10,42,1,"Draw(CCW,TEE)",284645,14288.0,0,49,49,A1N,-0.455,1.94113,-0.205,0.25
1361,1,12,AllGrid,3,400,10,42,37,"Hit(CCW,9,MIDDLE)",55970,3485.78,0,59,59,A1N,-0.415,1.42224,0.19,0.605
5041,1,8,AllGrid,3,400,10,42,41,"Freeze(CCW,7)",172040,9094.23,0,55,55,A1N,0.14,1.91583,0.14,0.0
5033,7,5,AllGrid,3,400,10,42,47,"Hit(CCW,2,MIDDLE)",263748,14135.4,0,71,71,A1N,0.8,2.03961,1.165,0.365
5022,1,15,AllGrid,3,400,10,42,37,"Hit(CCW,4,MIDDLE)",489,23.6121,0,89,89,A1N,1.06,0.828493,1.25,0.18999999999999995
9907,7,9,AllGrid,3,400,10,42,45,"Hit(CCW,6,WEAK)",141888,7437.24,0,65,65,A1N,1.01,1.98492,1.01,0.0
8627,2,12,AllGrid,3,400,10,42,19,"Draw(CCW,L4)",73085,5683.19,0,103,103,A1N,0.145,1.39067,0.415,0.27
1641,6,10,AllGrid,3,400,10,42,73,"Hit(CCW,9,TOUCH)",141911,10627.0,0,113,113,A1N,0.31,1.8259,0.31,0.0
7249,2,15,AllGrid,3,400,10,42,0,"Draw(CW,TEE)",539,31.9556,0,139,139,A1N,1.0,0.0,1.0,0.0
4837,7,2,AllGrid,3,400,10,42,17,"Draw(CCW,L3)",343921,17127.0,0,49,49,A1N,-0.73,1.98925,-0.18,0.55
1039,2,15,AllGrid,3,400,10,42,34,"Hit(CW,14,WEAK)",443,14.5592,0,43,43,A1N,0.945,0.22798,0.955,0.010000000000000009
7846,3,10,AllGrid,3,400,10,42,39,"Hit(CCW,7,STRONG)",114784,6386.9,0,65,65,A1N,-0.21,1.80994,-0.12,0.09
5246,2,5,AllGrid,3,400,10,42,41,"Freeze(CCW,0)",268090,14931.8,0,75,75,A1N,0.74,1.94741,1.025,0.2849999999999999
4166,2,12,AllGrid,3,400,10,42,49,"Hit(CCW,11,WEAK)",62636,4095.27,0,75,75,A1N,0.19,1.65647,0.19,0.0
6533,4,6,AllGrid,3,400,10,42,11,"Draw(CCW,L0)",241265,12210.2,0,81,81,A1N,-0.01,2.04937,0.615,0.625
5721,0,12,AllGrid,3,400,10,42,43,"Hit(CCW,3,TOUCH)",87933,5493.46,0,123,123,A1N,1.605,1.48626,1.945,0.3400000000000001
4463,7,9,AllGrid,3,400,10,42,73,"PostGuard(CCW,1,0)",162407,10323.9,0,103,103,A1N,0.835,1.95391,1.03,0.19500000000000006
5606,2,14,AllGrid,3,400,10,42,46,"Hit(CW,3,MIDDLE)",16564,1607.06,0,139,139,A1N,0.515,1.59993,0.54,0.025000000000000022
1123,4,3,AllGrid,3,400,10,42,5,"Draw(CCW,S2)",312562,15577.7,0,55,55,A1N,0.85,2.01432,1.04,0.19000000000000006
8113,3,15,AllGrid,3,400,10,42,33,"Hit(CCW,8,TOUCH)",469,20.8746,0,69,69,A1N,1.0,0.0,1.0,0.0
716,6,7,AllGrid,3,400,10,42,39,"Hit(CCW,4,STRONG)",197741,9991.45,0,55,55,A1N,0.63,1.65925,1.015,0.3849999999999999
459,3,5,AllGrid,3,400,10,42,45,"Hit(CCW,2,WEAK)",261952,14052.1,0,71,71,A1N,0.86,1.96987,1.05,0.19000000000000006
9287,7,12,AllGrid,3,400,10,42,39,"Hit(CCW,11,WEAK)",58032,3595.55,0,65,65,A1N,-0.335,1.29336,-0.31,0.025000000000000022
5647,1,10,AllGrid,3,400,10,42,0,"Draw(CW,TEE)",128301,8029.31,0,91,91,A1N,0.28,1.88987,0.33,0.04999999999999999
4562,4,13,AllGrid,3,400,10,42,76,"Hit(CW,8,MIDDLE)",60160,5816.9,0,129,129,A1N,1.765,1.36006,1.765,0.0
6201,5,11,AllGrid,3,400,10,42,63,"Hit(CCW,6,TOUCH)",107302,7917.11,0,107,107,A1N,0.765,1.64005,0.765,0.0
9166,3,14,AllGrid,3,400,10,42,54,"Hit(CW,5,WEAK)",15223,1529.54,0,139,139,A1N,0.35,1.85405,0.995,0.645
8703,4,3,AllGrid,3,400,10,42,37,"Hit(CCW,0,MIDDLE)",312947,11368.6,0,49,49,A1N,0.795,1.87162,1.18,0.3849999999999999
1616,0,14,AllGrid,3,400,10,42,33,"Hit(CCW,7,TOUCH)",4469,320.433,0,69,69,A1N,0.86,1.35292,0.86,0.0
5809,3,9,AllGrid,3,400,10,42,45,"Hit(CCW,8,WEAK)",136250,6844.77,0,53,53,A1N,0.705,1.72278,0.78,0.07500000000000007
4651,6,5,AllGrid,3,400,10,42,52,"PostGuard(CW,1,0)",264647,14060.7,0,71,71,A1N,0.64,2.0026,0.915,0.275
8894,2,15,AllGrid,3,400,10,42,2,"Draw(CW,S0)",479,21.7625,0,79,79,A1N,1.885,0.437921,1.885,0.0
2369,6,9,AllGrid,3,400,10,42,50,"Freeze(CW,2)",149998,8621.97,0,79,79,A1N,0.37,1.85556,0.69,0.31999999999999995
1083,7,15,AllGrid,3,400,10,42,57,"Hit(CCW,12,MIDDLE)",503,25.4102,0,103,103,A1N,0.61,1.73433,0.74,0.13
366,3,11,AllGrid,3,400,10,42,6,"Draw(CW,S4)",111580,8533.22,0,119,119,A1N,1.285,1.51782,1.555,0.27
6354,2,15,AllGrid,3,400,10,42,109,"PostGuard(CCW,3,0)",551,35.0862,0,151,151,A1N,1.505,0.499975,1.535,0.030000000000000027
9260,7,2,AllGrid,3,400,10,42,3,"Draw(CCW,S0)",344370,17117.7,0,49,49,A1N,-0.665,1.92426,-0.21,0.45500000000000007
6267,4,12,AllGrid,3,400,10,42,2,"Draw(CW,S0)",55670,2548.85,0,55,55,A1N,-0.4,1.52971,-0.025,0.375
1158,6,8,AllGrid,3,400,10,42,58,"PostGuard(CW,6,0)",174900,9162.52,0,65,65,A1N,0.005,2.06033,0.39,0.385
6520,1,5,AllGrid,3,400,10,42,0,"Draw(CW,TEE)",266342,14850.4,0,75,75,A1N,1.01,1.81931,1.215,0.20500000000000007
2099,0,14,AllGrid,3,400,10,42,7,"Draw(CCW,S4)",7790,627.63,0,91,91,A1N,0.535,1.32241,0.56,0.025000000000000022
4892,6,10,AllGrid,3,400,10,42,2,"Draw(CW,S0)",130916,8792.58,0,101,101,A1N,-0.065,2.03489,0.185,0.25
7859,3,14,AllGrid,3,400,10,42,33,"Hit(CCW,1,TOUCH)",14574,1377.61,0,129,129,A1N,0.515,1.1224,0.515,0.0
2084,7,10,AllGrid,3,400,10,42,2,"Draw(CW,S0)",143404,8031.98,0,113,113,A1N,2.13,2.14315,2.465,0.33499999999999996
5335,1,14,AllGrid,3,400,10,42,85,"Hit(CCW,11,WEAK)",19065,1979.38,0,145,145,A1N,0.485,1.67026,0.485,0.0
5272,2,4,AllGrid,3,400,10,42,45,"Hit(CCW,3,WEAK)",287226,14329.6,0,53,53,A1N,-0.565,2.11324,-0.41,0.15499999999999997
5472,3,13,AllGrid,3,400,10,42,58,"Hit(CW,12,STRONG)",25208,2030.23,0,69,69,A1N,0.14,1.36396,0.7,0.5599999999999999
4526,5,9,AllGrid,3,400,10,42,3,"Draw(CCW,S0)",144491,7919.83,0,65,65,A1N,0.315,1.73372,0.685,0.37000000000000005
6392,2,5,AllGrid,3,400,10,42,54,"Hit(CW,4,WEAK)",265490,14606.0,0,75,75,A1N,0.77,1.89132,1.075,0.30499999999999994
1255,4,13,AllGrid,3,400,10,42,67,"Hit(CCW,12,MIDDLE)",41756,3616.65,0,91,91,A1N,2.26,1.78112,2.34,0.08000000000000007
5259,3,8,AllGrid,3,400,10,42,40,"Freeze(CW,1)",194509,12235.2,0,97,97,A1N,0.61,2.21763,0.965,0.355
7905,3,15,AllGrid,3,400,10,42,58,"Hit(CW,10,STRONG)",503,24.388,0,103,103,A1N,2.865,0.993365,2.865,0.0
4159,5,11,AllGrid,3,400,10,42,3,"Draw(CCW,S0)",104633,8035.92,0,103,103,A1N,0.425,1.79287,0.765,0.34
2788,5,13,AllGrid,3,400,10,42,79,"Hit(CCW,8,STRONG)",64179,6450.02,0,139,139,A1N,3.075,2.20213,3.115,0.040000000000000036
4360,7,4,AllGrid,3,400,10,42,49,"Hit(CCW,3,STRONG)",286451,14605.0,0,59,59,A1N,-0.51,1.88412,-0.47,0.040000000000000036
8248,7,13,AllGrid,3,400,10,42,1,"Draw(CCW,TEE)",24562,1941.54,0,59,59,A1N,1.49,1.16615,1.49,0.0
2081,5,9,AllGrid,3,400,10,42,6,"Draw(CW,S4)",142099,7292.53,0,53,53,A1N,0.545,1.6757,0.865,0.31999999999999995
1265,4,5,AllGrid,3,400,10,42,43,"Hit(CCW,2,TOUCH)",262840,13835.6,0,71,71,A1N,0.485,1.92088,0.89,0.405
3677,7,15,AllGrid,3,400,10,42,11,"Draw(CCW,L0)",475,20.2225,0,75,75,A1N,1.365,1.11883,1.695,0.33000000000000007
477,2,10,AllGrid,3,400,10,42,1,"Draw(CCW,TEE)",126292,7790.58,0,81,81,A1N,-0.37,1.96548,-0.245,0.125
8462,7,13,AllGrid,3,400,10,42,91,"PostGuard(CCW,7,0)",52119,4819.92,0,115,115,A1N,2.47,1.06259,2.63,0.1599999999999997
3186,1,11,AllGrid,3,400,10,42,56,"Hit(CW,4,MIDDLE)",100547,7348.51,0,119,119,A1N,1.3,2.06398,1.3,0.0
8936,4,15,AllGrid,3,400,10,42,1,"Draw(CCW,TEE)",545,35.7615,0,145,145,A1N,0.825,0.578252,1.015,0.18999999999999995
966,6,3,AllGrid,3,400,10,42,43,"PostGuard(CCW,1,0)",315210,15266.8,0,55,55,A1N,0.805,2.01419,1.15,0.34499999999999986
232,1,13,AllGrid,3,400,10,42,1,"Draw(CCW,TEE)",27224,2163.92,0,59,59,A1N,1.47,1.11315,1.575,0.10499999999999998
3968,6,10,AllGrid,3,400,10,42,37,"PostGuard(CCW,6,0)",105687,5324.28,0,49,49,A1N,0.055,1.72104,0.95,0.8949999999999999
2440,2,5,AllGrid,3,400,10,42,0,"Draw(CW,TEE)",265191,13773.8,0,71,71,A1N,0.67,2.05939,1.17,0.4999999999999999
1624,6,15,AllGrid,3,400,10,42,48,"Hit(CW,8,STRONG)",491,17.1374,0,91,91,A1N,1.265,1.15532,1.265,0.0
9851,7,8,AllGrid,3,400,10,42,53,"Hit(CCW,7,TOUCH)",180781,8162.14,0,81,81,A1N,0.155,2.0423,0.155,0.0
9879,2,15,AllGrid,3,400,10,42,74,"Hit(CW,12,WEAK)",517,28.3697,0,117,117,A1N,2.995,0.122372,3.125,0.1299999999999999
9832,1,9,AllGrid,3,400,10,42,6,"Draw(CW,S4)",160335,10709.8,0,103,103,A1N,1.035,1.58549,1.24,0.20500000000000007
4221,2,14,AllGrid,3,400,10,42,19,"Draw(CCW,L4)",17434,1816.45,0,145,145,A1N,0.7,1.50665,1.555,0.855
1999,2,5,AllGrid,3,400,10,42,35,"Hit(CCW,2,WEAK)",250601,8998.99,0,53,53,A1N,0.6,1.76918,0.875,0.275
99,4,13,AllGrid,3,400,10,42,49,"Hit(CCW,12,WEAK)",18725,1404.74,0,57,57,A1N,0.635,1.17974,0.635,0.0
964,0,8,AllGrid,3,400,10,42,2,"Draw(CW,S0)",173336,9100.13,0,63,63,A1N,-0.825,1.9556,-0.295,0.53
6357,7,5,AllGrid,3,400,10,42,46,"Hit(CW,2,MIDDLE)",264921,13586.7,0,75,75,A1N,0.69,1.95548,0.895,0.20500000000000007
632,7,12,AllGrid,3,400,10,42,56,"Hit(CW,11,MIDDLE)",64126,4391.36,0,81,81,A1N,-0.215,1.88382,-0.195,0.01999999999999999
3130,2,11,AllGrid,3,400,10,42,0,"Draw(CW,TEE)",97559,6638.85,0,91,91,A1N,0.97,1.7202,1.315,0.345
2941,4,13,AllGrid,3,400,10,42,19,"Draw(CCW,L4)",58750,5564.94,0,125,125,A1N,1.225,1.35808,1.365,0.1399999999999999
6374,0,11,AllGrid,3,400,10,42,46,"Hit(CW,4,MIDDLE)",102399,7078.32,0,113,113,A1N,0.475,2.02962,1.54,1.065
156,7,14,AllGrid,3,400,10,42,89,"Hit(CCW,11,STRONG)",18199,1834.55,0,145,145,A1N,1.1,0.911043,1.105,0.004999999999999893
1570,1,4,AllGrid,3,400,10,42,43,"PostGuard(CCW,0,0)",284938,12673.7,0,49,49,A1N,-0.405,2.03002,-0.32,0.08500000000000002
7117,6,12,AllGrid,3,400,10,42,34,"Hit(CW,11,WEAK)",52111,3024.23,0,49,49,A1N,-0.185,1.42505,-0.14,0.044999999999999984
6164,7,6,AllGrid,3,400,10,42,45,"PostGuard(CCW,4,1)",228240,10438.4,0,49,49,A1N,-0.515,2.11418,-0.25,0.265
4376,5,5,AllGrid,3,400,10,42,48,"Hit(CW,2,STRONG)",263742,12208.0,0,75,75,A1N,0.355,1.84905,0.9,0.545
4444,0,12,AllGrid,3,400,10,42,3,"Draw(CCW,S0)",65924,4489.93,0,75,75,A1N,-0.575,1.62308,-0.345,0.22999999999999998
5083,5,6,AllGrid,3,400,10,42,52,"Hit(CW,5,TOUCH)",241509,12082.7,0,81,81,A1N,-0.835,2.23109,-0.245,0.59
894,4,13,AllGrid,3,400,10,42,41,"Freeze(CCW,2)",45540,3955.76,0,105,105,A1N,1.235,1.32279,2.14,0.905
8445,1,11,AllGrid,3,400,10,42,87,"PostGuard(CCW,5,1)",108168,6634.46,0,103,103,A1N,2.34,1.70716,2.34,0.0
7871,7,15,AllGrid,3,400,10,42,59,"Hit(CCW,4,STRONG)",551,39.0709,0,151,151,A1N,3.185,1.37869,3.185,0.0
8198,0,4,AllGrid,3,400,10,42,53,"PostGuard(CCW,2,0)",289499,11953.0,0,59,59,A1N,-0.71,2.01144,-0.365,0.345
6829,6,13,AllGrid,3,400,10,42,44,"Hit(CW,12,WEAK)",20517,1571.27,0,53,53,A1N,0.295,1.2915,0.45,0.15500000000000003
4702,2,8,AllGrid,3,400,10,42,35,"Hit(CCW,7,WEAK)",169885,7583.41,0,49,49,A1N,-0.5,1.68523,-0.045,0.455
4058,3,5,AllGrid,3,400,10,42,7,"Draw(CCW,S4)",265803,11330.0,0,71,71,A1N,0.875,1.90509,0.985,0.10999999999999999
7591,4,13,AllGrid,3,400,10,42,1,"Draw(CCW,TEE)",41531,3467.04,0,97,97,A1N,2.64,1.40371,3.245,0.605
1445,7,8,AllGrid,3,400,10,42,6,"Draw(CW,S4)",176668,7646.95,0,65,65,A1N,-0.23,1.71088,-0.23,0.0
5373,5,13,AllGrid,3,400,10,42,43,"Hit(CCW,4,TOUCH)",49060,3447.11,0,107,107,A1N,1.71,1.57032,1.945,0.2350000000000001
5423,3,9,AllGrid,3,400,10,42,11,"Draw(CCW,L0)",161896,8664.4,0,103,103,A1N,0.735,1.91697,0.97,0.235
1644,5,15,AllGrid,3,400,10,42,37,"Hit(CCW,2,MIDDLE)",535,34.3629,0,135,135,A1N,-1.64,2.06165,-0.35,1.29
6839,5,3,AllGrid,3,400,10,42,17,"Draw(CCW,L3)",314089,11751.4,0,55,55,A1N,0.925,2.21119,1.225,0.30000000000000004
1063,2,15,AllGrid,3,400,10,42,34,"Hit(CW,12,WEAK)",455,11.501,0,55,55,A1N,1.905,0.293215,1.905,0.0
3774,5,6,AllGrid,3,400,10,42,51,"Freeze(CCW,5)",235236,9065.22,0,65,65,A1N,-0.34,1.99359,-0.215,0.12500000000000003
7844,2,5,AllGrid,3,400,10,42,5,"Draw(CCW,S2)",263368,10601.1,0,71,71,A1N,0.34,2.01604,1.02,0.6799999999999999
5770,5,13,AllGrid,3,400,10,42,38,"Hit(CW,0,STRONG)",37138,2706.77,0,91,91,A1N,0.79,1.51192,1.12,0.33000000000000007
7977,6,14,AllGrid,3,400,10,43,37,"Hit(CCW,1,MIDDLE)",18386,1360.8,0,145,145,A1N,-1.635,1.47369,-1.635,0.0
3926,6,11,AllGrid,3,400,10,43,68,"Hit(CW,6,STRONG)",113939,9615.5,0,123,123,A1N,0.295,2.03911,0.425,0.13
3883,1,14,AllGrid,3,400,10,43,1,"Draw(CCW,TEE)",1814,76.6883,0,37,37,A1N,-0.075,0.953612,-0.075,0.0
9222,7,5,AllGrid,3,400,10,43,22,"Draw(CW,L6)",247191,10386.0,0,37,37,A1N,0.965,2.02331,1.315,0.35
7881,2,15,AllGrid,3,400,10,43,86,"Hit(CW,12,MIDDLE)",529,29.0184,0,129,129,A1N,1.48,2.06388,1.72,0.24
6406,1,10,AllGrid,3,400,10,43,10,"Draw(CW,L0)",115531,7147.05,0,59,59,A1N,-1.015,1.7014,-0.385,0.6299999999999999
8452,5,15,AllGrid,3,400,10,43,58,"Hit(CW,4,STRONG)",553,37.3855,0,153,153,A1N,1.355,1.0904,1.935,0.5800000000000001
1028,6,15,AllGrid,3,400,10,43,0,"Draw(CW,TEE)",551,36.5863,0,151,151,A1N,0.77,0.668655,1.0,0.22999999999999998
2596,1,14,AllGrid,3,400,10,43,48,"Hit(CW,3,STRONG)",18220,1485.51,0,145,145,A1N,1.185,1.7694,1.97,0.7849999999999999
4748,1,3,AllGrid,3,400,10,43,21,"Draw(CCW,L5)",312807,15871.9,0,49,49,A1N,0.665,2.16628,0.985,0.31999999999999995
9206,3,13,AllGrid,3,400,10,43,34,"Hit(CW,12,WEAK)",17360,1274.33,0,49,49,A1N,1.73,1.43774,1.73,0.0
5859,1,6,AllGrid,3,400,10,43,7,"Draw(CCW,S4)",233618,13353.7,0,65,65,A1N,-0.65,1.81315,-0.015,0.635
6871,4,5,AllGrid,3,400,10,43,52,"PostGuard(CW,1,0)",263949,14745.5,0,71,71,A1N,1.18,2.22207,1.32,0.14000000000000012
7163,3,13,AllGrid,3,400,10,43,65,"Hit(CCW,12,WEAK)",33392,2985.14,0,85,85,A1N,2.465,1.4418,2.465,0.0
5807,0,8,AllGrid,3,400,10,43,75,"PostGuard(CCW,6,0)",185378,11482.0,0,81,81,A1N,-0.575,1.9658,0.03,0.605
5567,2,15,AllGrid,3,400,10,43,43,"Hit(CCW,4,TOUCH)",529,32.429,0,129,129,A1N,1.665,0.907069,1.93,0.2649999999999999
2507,3,11,AllGrid,3,400,10,43,40,"Hit(CW,4,MIDDLE)",102350,7598.39,0,107,107,A1N,1.665,2.33298,1.715,0.050000000000000044
7006,3,15,AllGrid,3,400,10,43,47,"Hit(CCW,4,MIDDLE)",545,38.5475,0,145,145,A1N,-0.97,0.314802,-0.97,0.0
1984,6,4,AllGrid,3,400,10,43,42,"Hit(CW,3,TOUCH)",289265,15154.3,0,59,59,A1N,-0.695,2.24988,-0.31,0.38499999999999995
1845,7,14,AllGrid,3,400,10,43,49,"PostGuard(CCW,12,0)",3735,267.695,0,55,55,A1N,1.13,1.82841,1.44,0.31000000000000005
5780,2,6,AllGrid,3,400,10,43,43,"PostGuard(CCW,0,0)",224285,11767.4,0,49,49,A1N,-1.08,1.87446,-0.375,0.7050000000000001
8645,7,5,AllGrid,3,400,10,43,40,"Freeze(CW,0)",264753,14990.0,0,71,71,A1N,0.79,1.89892,0.92,0.13
6132,0,13,AllGrid,3,400,10,43,19,"Draw(CCW,L4)",42925,4342.47,0,87,87,A1N,2.285,1.18481,2.62,0.33499999999999996
3339,4,10,AllGrid,3,400,10,43,10,"Draw(CW,L0)",122544,7784.09,0,71,71,A1N,-0.46,2.0195,-0.305,0.15500000000000003
3566,6,14,AllGrid,3,400,10,43,67,"Hit(CCW,9,MIDDLE)",14324,1432.76,0,129,129,A1N,0.69,1.51456,1.01,0.32000000000000006
5523,3,9,AllGrid,3,400,10,43,54,"Hit(CW,4,WEAK)",159577,11075.6,0,103,103,A1N,0.68,2.0488,0.74,0.05999999999999994
7015,5,14,AllGrid,3,400,10,43,11,"Draw(CCW,L0)",18376,1825.08,0,145,145,A1N,-1.135,1.92789,-1.135,0.0
743,7,3,AllGrid,3,400,10,43,42,"PostGuard(CW,1,0)",314975,16502.5,0,55,55,A1N,0.665,2.17779,0.98,0.31499999999999995
1014,4,15,AllGrid,3,400,10,43,10,"Draw(CW,L0)",461,21.649,0,61,61,A1N,3.325,1.27255,3.325,0.0
3900,0,10,AllGrid,3,400,10,43,6,"Draw(CW,S4)",114673,6957.31,0,55,55,A1N,-0.195,1.84851,0.305,0.5
4543,6,5,AllGrid,3,400,10,43,39,"Hit(CCW,0,STRONG)",264406,14634.7,0,71,71,A1N,0.785,2.07576,1.09,0.30500000000000005
9231,5,14,AllGrid,3,400,10,43,3,"Draw(CCW,S0)",8537,717.064,0,101,101,A1N,1.62,0.946361,2.025,0.4049999999999998
1825,5,7,AllGrid,3,400,10,43,41,"Freeze(CCW,2)",209503,12328.6,0,77,77,A1N,0.575,2.04068,0.865,0.29000000000000004
4062,4,15,AllGrid,3,400,10,43,49,"Hit(CCW,4,STRONG)",517,27.7999,0,117,117,A1N,-0.55,1.82414,-0.475,0.07500000000000007
9882,2,11,AllGrid,3,400,10,43,48,"Hit(CW,4,STRONG)",108770,8545.82,0,109,109,A1N,1.23,2.06085,1.295,0.06499999999999995
2998,6,14,AllGrid,3,400,10,43,66,"Hit(CW,7,MIDDLE)",18052,1878.01,0,145,145,A1N,2.69,0.907689,2.895,0.20500000000000007
1555,2,3,AllGrid,3,400,10,43,16,"Draw(CW,L3)",316841,13280.5,0,55,55,A1N,0.94,2.27956,1.1,0.16000000000000014
4372,4,14,AllGrid,3,400,10,43,0,"Draw(CW,TEE)",2976,148.719,0,49,49,A1N,0.005,1.13357,0.095,0.09
3732,7,7,AllGrid,3,400,10,43,9,"Draw(CCW,S6)",189144,9526.97,0,49,49,A1N,0.425,1.70129,1.125,0.7
3858,5,5,AllGrid,3,400,10,43,0,"Draw(CW,TEE)",266168,15464.8,0,75,75,A1N,0.575,1.981,0.885,0.31000000000000005
1938,0,14,AllGrid,3,400,10,43,36,"Hit(CW,9,MIDDLE)",8196,1010.25,0,93,93,A1N,0.885,2.36892,1.43,0.5449999999999999
9112,3,9,AllGrid,3,400,10,43,39,"Hit(CCW,2,STRONG)",146556,8427.89,0,75,75,A1N,0.53,1.90239,0.76,0.22999999999999998
4157,3,12,AllGrid,3,400,10,43,38,"Hit(CW,3,STRONG)",75846,6145.31,0,107,107,A1N,-0.885,1.81983,-0.705,0.18000000000000005
7373,1,11,AllGrid,3,400,10,43,7,"Draw(CCW,S4)",101285,7160.04,0,103,103,A1N,0.905,1.70469,1.175,0.27
7173,4,15,AllGrid,3,400,10,43,4,"Draw(CW,S2)",551,41.3776,0,151,151,A1N,2.0,0.0,2.0,0.0
196,4,4,AllGrid,3,400,10,43,43,"PostGuard(CCW,2,0)",286745,13984.0,0,49,49,A1N,-0.685,2.00394,-0.22,0.4650000000000001
2630,2,14,AllGrid,3,400,10,43,32,"Hit(CW,11,TOUCH)",3989,276.963,0,59,59,A1N,-1.18,1.73712,-1.07,0.10999999999999988
5731,2,10,AllGrid,3,400,10,43,4,"Draw(CW,S2)",101773,4964.95,0,43,43,A1N,-1.2,1.74069,-0.555,0.6449999999999999
9518,4,5,AllGrid,3,400,10,43,0,"Draw(CW,TEE)",264732,14071.3,0,71,71,A1N,0.65,2.12073,0.985,0.33499999999999996
8211,7,12,AllGrid,3,400,10,43,6,"Draw(CW,S4)",66457,4571.73,0,79,79,A1N,-1.225,1.77606,-0.815,0.41000000000000014
5392,3,13,AllGrid,3,400,10,43,36,"Hit(CW,0,MIDDLE)",64143,6329.27,0,135,135,A1N,-1.21,1.59872,-1.005,0.20500000000000007
4262,4,2,AllGrid,3,400,10,43,25,"Draw(CCW,L7)",343942,17051.8,0,49,49,A1N,-0.835,1.93074,-0.465,0.36999999999999994
6230,1,12,AllGrid,3,400,10,43,34,"Hit(CW,11,WEAK)",50102,2895.51,0,49,49,A1N,-0.53,1.39968,-0.215,0.31500000000000006
3543,4,7,AllGrid,3,400,10,43,0,"Draw(CW,TEE)",194361,7302.38,0,55,55,A1N,0.51,1.68816,1.025,0.5149999999999999
1784,6,5,AllGrid,3,400,10,43,46,"Hit(CW,2,MIDDLE)",263609,14014.1,0,71,71,A1N,0.855,2.05766,1.05,0.19500000000000006
4905,4,14,AllGrid,3,400,10,43,34,"Hit(CW,5,WEAK)",8847,717.046,0,101,101,A1N,-1.98,1.72325,-1.65,0.33000000000000007
3837,2,10,AllGrid,3,400,10,43,39,"Hit(CCW,7,STRONG)",118961,7017.54,0,71,71,A1N,-0.555,1.77397,-0.455,0.10000000000000003
2854,0,15,AllGrid,3,400,10,43,66,"Hit(CW,14,MIDDLE)",503,26.6964,0,103,103,A1N,1.025,1.63229,1.18,0.15500000000000003
1221,1,10,AllGrid,3,400,10,43,66,"Hit(CW,7,MIDDLE)",136611,9599.2,0,113,113,A1N,-0.785,1.75464,-0.575,0.21000000000000008
7301,6,14,AllGrid,3,400,10,43,0,"Draw(CW,TEE)",17890,1778.91,0,145,145,A1N,0.875,1.39261,1.985,1.11
5248,0,3,AllGrid,3,400,10,43,43,"PostGuard(CCW,1,0)",314772,15483.5,0,49,49,A1N,0.95,2.24221,1.33,0.3800000000000001
2545,3,15,AllGrid,3,400,10,43,0,"Draw(CW,TEE)",461,20.0295,0,61,61,A1N,2.98,0.14,2.98,0.0
6335,1,11,AllGrid,3,400,10,43,35,"Hit(CCW,6,WEAK)",73905,3803.14,0,53,53,A1N,0.965,1.54395,1.125,0.16000000000000003
8275,4,5,AllGrid,3,400,10,43,44,"Hit(CW,2,WEAK)",261782,13913.9,0,71,71,A1N,1.005,1.98871,1.005,0.0
963,5,13,AllGrid,3,400,10,43,10,"Draw(CW,L0)",42157,3551.69,0,89,89,A1N,1.01,2.06153,1.235,0.2250000000000001
176,5,11,AllGrid,3,400,10,43,28,"PreGuard(CW,G4)",104384,7282.17,0,97,97,A1N,1.585,1.83379,1.585,0.0
2199,1,13,AllGrid,3,400,10,43,112,"PostGuard(CW,13,0)",54563,5153.03,0,119,119,A1N,-0.68,1.64851,0.25,0.93
8298,3,11,AllGrid,3,400,10,43,79,"Hit(CCW,8,STRONG)",112279,8502.14,0,119,119,A1N,1.135,1.97656,1.185,0.050000000000000044
6729,2,14,AllGrid,3,400,10,43,0,"Draw(CW,TEE)",15743,1508.32,0,135,135,A1N,0.62,1.07963,0.665,0.04500000000000004
8119,5,4,AllGrid,3,400,10,43,40,"Freeze(CW,1)",292795,15427.4,0,65,65,A1N,-0.625,1.96326,-0.18,0.445
8189,0,14,AllGrid,3,400,10,43,35,"Hit(CCW,13,WEAK)",3938,208.445,0,55,55,A1N,0.025,1.36542,0.025,0.0
9791,0,8,AllGrid,3,400,10,43,32,"Hit(CW,7,TOUCH)",172889,8908.03,0,55,55,A1N,-0.66,1.89061,-0.11,0.55
5487,5,5,AllGrid,3,400,10,43,52,"PostGuard(CW,1,0)",261954,10789.5,0,71,71,A1N,0.93,2.10597,1.085,0.15499999999999992
4950,0,15,AllGrid,3,400,10,43,48,"Hit(CW,14,STRONG)",471,16.7748,0,71,71,A1N,0.83,1.64046,0.83,0.0
9143,3,7,AllGrid,3,400,10,43,33,"Hit(CCW,0,TOUCH)",209866,11482.7,0,81,81,A1N,0.815,1.87637,1.135,0.32000000000000006
4517,4,13,AllGrid,3,400,10,43,12,"Draw(CW,L1)",57805,5649.61,0,123,123,A1N,1.155,1.16661,1.535,0.3799999999999999
2994,5,10,AllGrid,3,400,10,43,40,"Freeze(CW,1)",140138,9530.36,0,113,113,A1N,-0.35,1.85135,0.045,0.39499999999999996
961,6,13,AllGrid,3,400,10,43,11,"Draw(CCW,L0)",66437,6399.42,0,139,139,A1N,-1.77,1.43426,-1.735,0.03499999999999992
1566,1,3,AllGrid,3,400,10,43,5,"Draw(CCW,S2)",318352,16481.6,0,59,59,A1N,0.62,2.01385,0.975,0.355
1686,6,15,AllGrid,3,400,10,43,0,"Draw(CW,TEE)",449,17.9397,0,49,49,A1N,1.0,0.0,1.0,0.0
1201,0,6,AllGrid,3,400,10,43,1,"Draw(CCW,TEE)",230238,11507.3,0,53,53,A1N,-0.59,1.98794,-0.385,0.20499999999999996
5494,4,5,AllGrid,3,400,10,43,0,"Draw(CW,TEE)",266273,14691.5,0,75,75,A1N,0.8,1.97484,1.21,0.4099999999999999
2492,4,15,AllGrid,3,400,10,43,42,"Hit(CW,10,TOUCH)",475,22.2758,0,75,75,A1N,1.65,0.638357,1.65,0.0
8959,1,11,AllGrid,3,400,10,43,44,"Hit(CW,6,WEAK)",100553,7044.48,0,97,97,A1N,0.955,1.71259,1.26,0.30500000000000005
1671,0,15,AllGrid,3,400,10,43,77,"Hit(CCW,12,MIDDLE)",517,27.7025,0,117,117,A1N,2.74,1.75568,2.74,0.0
1385,7,11,AllGrid,3,400,10,43,80,"PostGuard(CW,5,1)",102020,6883.2,0,103,103,A1N,1.045,1.71259,1.18,0.135
6872,1,14,AllGrid,3,400,10,43,33,"Hit(CCW,3,TOUCH)",16513,1303.43,0,135,135,A1N,1.02,0.647765,1.02,0.0
8785,1,4,AllGrid,3,400,10,43,0,"Draw(CW,TEE)",285323,14217.1,0,49,49,A1N,-0.53,1.88391,-0.32,0.21000000000000002
1835,0,15,AllGrid,3,400,10,43,56,"Hit(CW,14,MIDDLE)",469,16.0411,0,69,69,A1N,1.215,0.773806,1.235,0.020000000000000018
6216,7,8,AllGrid,3,400,10,43,18,"Draw(CW,L4)",172603,8864.14,0,55,55,A1N,-0.335,2.00069,0.075,0.41000000000000003
8471,6,5,AllGrid,3,400,10,43,52,"Hit(CW,4,TOUCH)",267350,11034.8,0,75,75,A1N,0.405,2.01022,1.06,0.655
256,3,12,AllGrid,3,400,10,43,33,"Hit(CCW,9,TOUCH)",67367,4689.12,0,77,77,A1N,-0.415,1.85277,0.495,0.9099999999999999
5778,2,9,AllGrid,3,400,10,43,72,"PostGuard(CW,1,0)",160000,10032.6,0,97,97,A1N,0.915,1.80493,0.915,0.0
6320,4,15,AllGrid,3,400,10,43,69,"Hit(CCW,12,STRONG)",503,22.8141,0,103,103,A1N,-0.235,1.75208,-0.055,0.18
1638,4,11,AllGrid,3,400,10,43,49,"Hit(CCW,4,STRONG)",101875,6900.3,0,103,103,A1N,0.67,1.78076,0.715,0.04499999999999993
2310,6,15,AllGrid,3,400,10,43,78,"Hit(CW,10,STRONG)",535,29.7608,0,135,135,A1N,2.15,2.12779,2.215,0.06499999999999995
7921,5,4,AllGrid,3,400,10,43,2,"Draw(CW,S0)",285884,14281.8,0,49,49,A1N,-0.655,1.99649,-0.205,0.45000000000000007
1361,1,12,AllGrid,3,400,10,43,32,"Hit(CW,9,TOUCH)",52646,3178.85,0,59,59,A1N,-0.235,1.75778,0.19,0.425
5041,1,8,AllGrid,3,400,10,43,33,"Hit(CCW,7,TOUCH)",171068,9065.63,0,55,55,A1N,-0.215,1.99969,0.14,0.355
5033,7,5,AllGrid,3,400,10,43,32,"Hit(CW,0,TOUCH)",262569,14041.8,0,71,71,A1N,0.72,2.08844,1.165,0.44500000000000006
5022,1,15,AllGrid,3,400,10,43,7,"Draw(CCW,S4)",489,23.9016,0,89,89,A1N,1.25,0.466369,1.25,0.0
9907,7,9,AllGrid,3,400,10,43,10,"Draw(CW,L0)",140938,7440.72,0,65,65,A1N,0.575,1.8559,1.01,0.43500000000000005
8627,2,12,AllGrid,3,400,10,43,43,"Hit(CCW,7,TOUCH)",74066,5794.36,0,103,103,A1N,0.005,1.49164,0.415,0.41
1641,6,10,AllGrid,3,400,10,43,69,"Hit(CCW,7,STRONG)",141628,10618.1,0,113,113,A1N,-0.255,2.00997,0.31,0.565
7249,2,15,AllGrid,3,400,10,43,0,"Draw(CW,TEE)",539,31.1164,0,139,139,A1N,1.0,0.0,1.0,0.0
4837,7,2,AllGrid,3,400,10,43,45,"PostGuard(CCW,0,1)",345000,16704.1,0,49,49,A1N,-0.48,2.12123,-0.18,0.3
1039,2,15,AllGrid,3,400,10,43,34,"Hit(CW,14,WEAK)",443,14.4915,0,43,43,A1N,0.945,0.22798,0.955,0.010000000000000009
7846,3,10,AllGrid,3,400,10,43,39,"Hit(CCW,7,STRONG)",117265,6565.21,0,65,65,A1N,-0.21,1.80994,-0.12,0.09
5246,2,5,AllGrid,3,400,10,43,41,"Freeze(CCW,0)",268478,12980.6,0,75,75,A1N,0.74,1.94741,1.025,0.2849999999999999
4166,2,12,AllGrid,3,400,10,43,49,"Hit(CCW,11,WEAK)",61566,3975.39,0,75,75,A1N,0.19,1.65647,0.19,0.0
6533,4,6,AllGrid,3,400,10,43,61,"Freeze(CCW,5)",241319,11764.1,0,81,81,A1N,0.295,2.09475,0.615,0.32
5721,0,12,AllGrid,3,400,10,43,75,"Hit(CCW,9,WEAK)",88908,7282.84,0,123,123,A1N,1.255,1.67331,1.945,0.6900000000000002
4463,7,9,AllGrid,3,400,10,43,41,"Freeze(CCW,0)",163474,10217.4,0,103,103,A1N,0.72,2.00788,1.03,0.31000000000000005
5606,2,14,AllGrid,3,400,10,43,48,"Hit(CW,3,STRONG)",16564,1604.47,0,139,139,A1N,0.54,1.4207,0.54,0.0
1123,4,3,AllGrid,3,400,10,43,40,"Freeze(CW,0)",315294,15656.6,0,55,55,A1N,0.72,2.02771,1.04,0.32000000000000006
8113,3,15,AllGrid,3,400,10,43,33,"Hit(CCW,8,TOUCH)",469,21.1326,0,69,69,A1N,1.0,0.0,1.0,0.0
716,6,7,AllGrid,3,400,10,43,32,"Hit(CW,4,TOUCH)",197210,10043.7,0,55,55,A1N,0.73,2.02413,1.015,0.2849999999999999
459,3,5,AllGrid,3,400,10,43,39,"Hit(CCW,0,STRONG)",262433,13993.9,0,71,71,A1N,0.9,1.88414,1.05,0.15000000000000002
9287,7,12,AllGrid,3,400,10,43,2,"Draw(CW,S0)",59781,3728.2,0,65,65,A1N,-0.675,1.5841,-0.31,0.36500000000000005
5647,1,10,AllGrid,3,400,10,43,11,"Draw(CCW,L0)",128557,8097.08,0,91,91,A1N,-0.335,1.8689,0.33,0.665
4562,4,13,AllGrid,3,400,10,43,78,"Hit(CW,8,STRONG)",58955,5735.22,0,129,129,A1N,1.755,1.39103,1.765,0.010000000000000009
6201,5,11,AllGrid,3,400,10,43,63,"Hit(CCW,6,TOUCH)",106951,7954.14,0,107,107,A1N,0.765,1.64005,0.765,0.0
9166,3,14,AllGrid,3,400,10,43,64,"Hit(CW,7,WEAK)",15223,1180.13,0,139,139,A1N,0.66,1.65964,0.995,0.33499999999999996
8703,4,3,AllGrid,3,400,10,43,34,"Hit(CW,0,WEAK)",313337,15143.1,0,49,49,A1N,0.905,2.00648,1.18,0.2749999999999999
1616,0,14,AllGrid,3,400,10,43,33,"Hit(CCW,7,TOUCH)",4469,321.188,0,69,69,A1N,0.86,1.35292,0.86,0.0
5809,3,9,AllGrid,3,400,10,43,45,"Hit(CCW,8,WEAK)",135302,6754.48,0,53,53,A1N,0.705,1.72278,0.78,0.07500000000000007
4651,6,5,AllGrid,3,400,10,43,7,"Draw(CCW,S4)",264578,14260.0,0,71,71,A1N,0.38,2.0039,0.915,0.535
8894,2,15,AllGrid,3,400,10,43,2,"Draw(CW,S0)",479,21.5602,0,79,79,A1N,1.885,0.437921,1.885,0.0
2369,6,9,AllGrid,3,400,10,43,42,"Hit(CW,2,TOUCH)",150199,6648.47,0,79,79,A1N,0.69,1.80939,0.69,0.0
1083,7,15,AllGrid,3,400,10,43,57,"Hit(CCW,12,MIDDLE)",503,25.5513,0,103,103,A1N,0.61,1.73433,0.74,0.13
366,3,11,AllGrid,3,400,10,43,45,"Hit(CCW,2,WEAK)",114200,8908.34,0,119,119,A1N,1.335,1.67713,1.555,0.21999999999999997
6354,2,15,AllGrid,3,400,10,43,109,"PostGuard(CCW,3,0)",551,26.7554,0,151,151,A1N,1.505,0.499975,1.535,0.030000000000000027
9260,7,2,AllGrid,3,400,10,43,42,"PostGuard(CW,0,0)",342431,13020.5,0,49,49,A1N,-0.345,2.00399,-0.21,0.13499999999999998
6267,4,12,AllGrid,3,400,10,43,2,"Draw(CW,S0)",55459,3346.28,0,55,55,A1N,-0.4,1.52971,-0.025,0.375
1158,6,8,AllGrid,3,400,10,43,54,"PostGuard(CW,4,1)",175098,7439.54,0,65,65,A1N,0.34,2.02099,0.39,0.04999999999999999
6520,1,5,AllGrid,3,400,10,43,32,"Hit(CW,0,TOUCH)",267484,14982.3,0,75,75,A1N,1.07,2.22825,1.215,0.14500000000000002
2099,0,14,AllGrid,3,400,10,43,3,"Draw(CCW,S0)",7790,631.151,0,91,91,A1N,0.16,1.4193,0.56,0.4
4892,6,10,AllGrid,3,400,10,43,6,"Draw(CW,S4)",128722,8670.08,0,101,101,A1N,0.025,1.80952,0.185,0.16
7859,3,14,AllGrid,3,400,10,43,41,"Freeze(CCW,1)",14574,1389.05,0,129,129,A1N,0.45,1.1565,0.515,0.065
2084,7,10,AllGrid,3,400,10,43,10,"Draw(CW,L0)",142870,10503.2,0,113,113,A1N,2.04,2.08768,2.465,0.4249999999999998
5335,1,14,AllGrid,3,400,10,43,88,"Hit(CW,11,STRONG)",19065,1998.88,0,145,145,A1N,-0.13,1.48428,0.485,0.615
5272,2,4,AllGrid,3,400,10,43,1,"Draw(CCW,TEE)",286784,14432.9,0,53,53,A1N,-0.8,2.14709,-0.41,0.39000000000000007
5472,3,13,AllGrid,3,400,10,43,36,"Hit(CW,4,MIDDLE)",25874,2083.14,0,69,69,A1N,0.63,1.42937,0.7,0.06999999999999995
4526,5,9,AllGrid,3,400,10,43,2,"Draw(CW,S0)",144853,7992.14,0,65,65,A1N,0.185,1.8223,0.685,0.5
6392,2,5,AllGrid,3,400,10,43,6,"Draw(CW,S4)",265943,14729.1,0,75,75,A1N,0.745,1.81658,1.075,0.32999999999999996
1255,4,13,AllGrid,3,400,10,43,3,"Draw(CCW,S0)",42144,3676.62,0,91,91,A1N,1.785,1.44526,2.34,0.5549999999999999
5259,3,8,AllGrid,3,400,10,43,93,"PostGuard(CCW,6,1)",194701,11956.5,0,97,97,A1N,0.925,1.92597,0.965,0.039999999999999925
7905,3,15,AllGrid,3,400,10,43,58,"Hit(CW,10,STRONG)",503,24.6917,0,103,103,A1N,2.865,0.993365,2.865,0.0
4159,5,11,AllGrid,3,400,10,43,48,"Hit(CW,6,STRONG)",106866,8371.91,0,103,103,A1N,0.69,1.83409,0.765,0.07500000000000007
2788,5,13,AllGrid,3,400,10,43,77,"Hit(CCW,8,MIDDLE)",63302,6390.9,0,139,139,A1N,2.82,2.21531,3.115,0.2950000000000004
4360,7,4,AllGrid,3,400,10,43,49,"Hit(CCW,3,STRONG)",290734,14856.5,0,59,59,A1N,-0.51,1.88412,-0.47,0.040000000000000036
8248,7,13,AllGrid,3,400,10,43,0,"Draw(CW,TEE)",24586,1940.43,0,59,59,A1N,1.11,1.37764,1.49,0.3799999999999999
2081,5,9,AllGrid,3,400,10,43,44,"Hit(CW,8,WEAK)",141160,7227.84,0,53,53,A1N,0.585,1.70669,0.865,0.28
1265,4,5,AllGrid,3,400,10,43,36,"Hit(CW,0,MIDDLE)",262608,13938.0,0,71,71,A1N,0.555,1.824,0.89,0.33499999999999996
3677,7,15,AllGrid,3,400,10,43,54,"Hit(CW,14,WEAK)",475,14.4587,0,75,75,A1N,1.695,0.960195,1.695,0.0
477,2,10,AllGrid,3,400,10,43,3,"Draw(CCW,S0)",125818,5946.89,0,81,81,A1N,-0.59,2.00796,-0.245,0.345
8462,7,13,AllGrid,3,400,10,43,53,"Hit(CCW,8,TOUCH)",52527,3731.3,0,115,115,A1N,2.32,1.34818,2.63,0.31000000000000005
3186,1,11,AllGrid,3,400,10,43,56,"Hit(CW,4,MIDDLE)",102442,5901.71,0,119,119,A1N,1.3,2.06398,1.3,0.0
8936,4,15,AllGrid,3,400,10,43,1,"Draw(CCW,TEE)",545,35.9905,0,145,145,A1N,0.825,0.578252,1.015,0.18999999999999995
966,6,3,AllGrid,3,400,10,43,16,"Draw(CW,L3)",315753,15062.9,0,55,55,A1N,0.795,2.02558,1.15,0.35499999999999987
232,1,13,AllGrid,3,400,10,43,7,"Draw(CCW,S4)",25103,1990.72,0,59,59,A1N,1.575,1.22245,1.575,0.0
3968,6,10,AllGrid,3,400,10,43,36,"PostGuard(CW,6,0)",104917,5333.19,0,49,49,A1N,0.03,1.93884,0.95,0.9199999999999999
2440,2,5,AllGrid,3,400,10,43,53,"PostGuard(CCW,1,0)",263381,13572.8,0,71,71,A1N,0.755,2.12955,1.17,0.4149999999999999
1624,6,15,AllGrid,3,400,10,43,48,"Hit(CW,8,STRONG)",491,22.8046,0,91,91,A1N,1.265,1.15532,1.265,0.0
9851,7,8,AllGrid,3,400,10,43,68,"PostGuard(CW,4,0)",181193,10686.3,0,81,81,A1N,-0.095,2.00897,0.155,0.25
9879,2,15,AllGrid,3,400,10,43,45,"Hit(CCW,6,WEAK)",517,21.8815,0,117,117,A1N,3.125,0.599479,3.125,0.0
9832,1,9,AllGrid,3,400,10,43,90,"PostGuard(CW,7,0)",161154,8234.78,0,103,103,A1N,0.29,1.67209,1.24,0.95
4221,2,14,AllGrid,3,400,10,43,17,"Draw(CCW,L3)",17434,1829.62,0,145,145,A1N,0.63,1.36861,1.555,0.9249999999999999
1999,2,5,AllGrid,3,400,10,43,26,"PreGuard(CW,G3)",251052,11972.7,0,53,53,A1N,0.37,1.75588,0.875,0.505
99,4,13,AllGrid,3,400,10,43,48,"Hit(CW,12,WEAK)",19738,1497.14,0,57,57,A1N,0.335,1.3277,0.635,0.3
964,0,8,AllGrid,3,400,10,43,10,"Draw(CW,L0)",171766,8949.83,0,63,63,A1N,-0.435,1.93282,-0.295,0.14
6357,7,5,AllGrid,3,400,10,43,2,"Draw(CW,S0)",265831,13546.6,0,75,75,A1N,0.415,1.86622,0.895,0.48000000000000004
632,7,12,AllGrid,3,400,10,43,58,"Hit(CW,11,STRONG)",65446,3469.97,0,81,81,A1N,-0.215,1.79688,-0.195,0.01999999999999999
3130,2,11,AllGrid,3,400,10,43,2,"Draw(CW,S0)",99218,6813.54,0,91,91,A1N,0.855,1.68937,1.315,0.45999999999999996
2941,4,13,AllGrid,3,400,10,43,80,"Freeze(CW,10)",59141,4271.76,0,125,125,A1N,0.42,1.5374,1.365,0.9450000000000001
6374,0,11,AllGrid,3,400,10,43,57,"Hit(CCW,6,MIDDLE)",101327,7017.46,0,113,113,A1N,1.12,2.31853,1.54,0.41999999999999993
156,7,14,AllGrid,3,400,10,43,56,"Hit(CW,5,MIDDLE)",18199,1877.81,0,145,145,A1N,1.105,1.00696,1.105,0.0
1570,1,4,AllGrid,3,400,10,43,44,"PostGuard(CW,0,1)",288183,11256.7,0,49,49,A1N,-0.48,1.82746,-0.32,0.15999999999999998
7117,6,12,AllGrid,3,400,10,43,3,"Draw(CCW,S0)",51746,3005.46,0,49,49,A1N,-0.7,1.42478,-0.14,0.5599999999999999
6164,7,6,AllGrid,3,400,10,43,43,"PostGuard(CCW,4,0)",227802,10569.4,0,49,49,A1N,-0.325,2.0419,-0.25,0.07500000000000001
4376,5,5,AllGrid,3,400,10,43,47,"Hit(CCW,2,MIDDLE)",262753,12732.3,0,75,75,A1N,0.62,1.92759,0.9,0.28
4444,0,12,AllGrid,3,400,10,43,2,"Draw(CW,S0)",64257,4389.07,0,75,75,A1N,-1.245,1.62326,-0.345,0.9000000000000001
5083,5,6,AllGrid,3,400,10,43,52,"Hit(CW,5,TOUCH)",240250,11819.5,0,81,81,A1N,-0.835,2.23109,-0.245,0.59
894,4,13,AllGrid,3,400,10,43,35,"Hit(CCW,2,WEAK)",44800,3902.68,0,105,105,A1N,1.315,1.26719,2.14,0.8250000000000002
8445,1,11,AllGrid,3,400,10,43,85,"PostGuard(CCW,5,0)",107819,6078.17,0,103,103,A1N,2.135,1.8157,2.34,0.20500000000000007
7871,7,15,AllGrid,3,400,10,43,57,"Hit(CCW,4,MIDDLE)",551,39.7868,0,151,151,A1N,3.095,1.50863,3.185,0.08999999999999986
8198,0,4,AllGrid,3,400,10,43,42,"Hit(CW,3,TOUCH)",288638,12381.7,0,59,59,A1N,-0.745,2.01742,-0.365,0.38
6829,6,13,AllGrid,3,400,10,43,45,"Hit(CCW,12,WEAK)",20836,1593.13,0,53,53,A1N,0.45,1.30671,0.45,0.0
4702,2,8,AllGrid,3,400,10,43,7,"Draw(CCW,S4)",169765,6664.8,0,49,49,A1N,-0.045,1.91128,-0.045,0.0
4058,3,5,AllGrid,3,400,10,43,44,"Hit(CW,2,WEAK)",264564,11500.0,0,71,71,A1N,0.985,1.97352,0.985,0.0
7591,4,13,AllGrid,3,400,10,43,56,"Hit(CW,8,MIDDLE)",41628,3582.24,0,97,97,A1N,2.365,1.48384,3.245,0.8799999999999999
1445,7,8,AllGrid,3,400,10,43,45,"Freeze(CCW,7)",177673,7822.36,0,65,65,A1N,-0.635,1.79771,-0.23,0.405
5373,5,13,AllGrid,3,400,10,43,43,"Hit(CCW,4,TOUCH)",49303,4002.28,0,107,107,A1N,1.71,1.57032,1.945,0.2350000000000001
5423,3,9,AllGrid,3,400,10,43,6,"Draw(CW,S4)",160813,7530.75,0,103,103,A1N,0.735,2.11063,0.97,0.235
1644,5,15,AllGrid,3,400,10,43,25,"Draw(CCW,L7)",535,35.5906,0,135,135,A1N,-0.35,1.16512,-0.35,0.0
6839,5,3,AllGrid,3,400,10,43,16,"Draw(CW,L3)",314320,12142.2,0,55,55,A1N,0.855,2.18494,1.225,0.3700000000000001
1063,2,15,AllGrid,3,400,10,43,35,"Hit(CCW,12,WEAK)",455,15.4187,0,55,55,A1N,1.895,0.306553,1.905,0.010000000000000009
3774,5,6,AllGrid,3,400,10,43,41,"Freeze(CCW,1)",234769,9916.72,0,65,65,A1N,-0.29,2.01393,-0.215,0.07499999999999998
7844,2,5,AllGrid,3,400,10,43,32,"Hit(CW,0,TOUCH)",263913,10664.9,0,71,71,A1N,0.59,1.95241,1.02,0.43000000000000005
5770,5,13,AllGrid,3,400,10,43,49,"Hit(CCW,4,STRONG)",37250,3154.46,0,91,91,A1N,1.09,1.37182,1.12,0.030000000000000027
7977,6,14,AllGrid,3,400,10,44,37,"Hit(CCW,1,MIDDLE)",18386,1796.68,0,145,145,A1N,-1.635,1.47369,-1.635,0.0
3926,6,11,AllGrid,3,400,10,44,65,"Hit(CCW,6,WEAK)",113801,8929.68,0,123,123,A1N,0.32,1.88881,0.425,0.10499999999999998
3883,1,14,AllGrid,3,400,10,44,0,"Draw(CW,TEE)",1814,77.0573,0,37,37,A1N,-0.29,0.925149,-0.075,0.21499999999999997
9222,7,5,AllGrid,3,400,10,44,17,"Draw(CCW,L3)",246541,12296.6,0,37,37,A1N,1.315,2.00394,1.315,0.0
7881,2,15,AllGrid,3,400,10,44,86,"Hit(CW,12,MIDDLE)",529,28.7569,0,129,129,A1N,1.48,2.06388,1.72,0.24
6406,1,10,AllGrid,3,400,10,44,0,"Draw(CW,TEE)",114335,7049.6,0,59,59,A1N,-0.385,1.70786,-0.385,0.0
8452,5,15,AllGrid,3,400,10,44,89,"Hit(CCW,10,STRONG)",553,38.1245,0,153,153,A1N,1.935,0.246526,1.935,0.0
1028,6,15,AllGrid,3,400,10,44,0,"Draw(CW,TEE)",551,37.5095,0,151,151,A1N,0.77,0.668655,1.0,0.22999999999999998
2596,1,14,AllGrid,3,400,10,44,48,"Hit(CW,3,STRONG)",18220,1798.81,0,145,145,A1N,1.185,1.7694,1.97,0.7849999999999999
4748,1,3,AllGrid,3,400,10,44,17,"Draw(CCW,L3)",312483,15849.4,0,49,49,A1N,0.755,2.10831,0.985,0.22999999999999998
9206,3,13,AllGrid,3,400,10,44,34,"Hit(CW,12,WEAK)",17853,1319.4,0,49,49,A1N,1.73,1.43774,1.73,0.0
5859,1,6,AllGrid,3,400,10,44,54,"PostGuard(CW,2,1)",234238,13405.0,0,65,65,A1N,-0.605,1.89446,-0.015,0.59
6871,4,5,AllGrid,3,400,10,44,54,"PostGuard(CW,1,1)",263265,14548.0,0,71,71,A1N,0.575,2.07951,1.32,0.7450000000000001
7163,3,13,AllGrid,3,400,10,44,64,"Hit(CW,12,WEAK)",32782,2953.62,0,85,85,A1N,2.285,1.58864,2.465,0.17999999999999972
5807,0,8,AllGrid,3,400,10,44,74,"PostGuard(CW,6,0)",184525,11551.1,0,81,81,A1N,-0.165,1.87291,0.03,0.195
5567,2,15,AllGrid,3,400,10,44,74,"Hit(CW,10,WEAK)",529,32.9833,0,129,129,A1N,1.835,0.371181,1.93,0.09499999999999997
2507,3,11,AllGrid,3,400,10,44,60,"Hit(CW,8,MIDDLE)",101526,7452.66,0,107,107,A1N,1.42,2.26354,1.715,0.29500000000000015
7006,3,15,AllGrid,3,400,10,44,0,"Draw(CW,TEE)",545,38.4553,0,145,145,A1N,-1.0,0.0,-0.97,0.030000000000000027
1984,6,4,AllGrid,3,400,10,44,1,"Draw(CCW,TEE)",289284,13272.5,0,59,59,A1N,-0.755,2.08925,-0.31,0.445
1845,7,14,AllGrid,3,400,10,44,48,"PostGuard(CW,12,0)",3735,269.103,0,55,55,A1N,1.005,1.77904,1.44,0.43500000000000005
5780,2,6,AllGrid,3,400,10,44,44,"PostGuard(CW,0,1)",224129,11733.4,0,49,49,A1N,-0.69,2.05521,-0.375,0.31499999999999995
8645,7,5,AllGrid,3,400,10,44,10,"Draw(CW,L0)",263325,14973.3,0,71,71,A1N,0.66,1.93246,0.92,0.26
6132,0,13,AllGrid,3,400,10,44,50,"Freeze(CW,10)",43347,4338.4,0,87,87,A1N,2.115,1.10534,2.62,0.5049999999999999
3339,4,10,AllGrid,3,400,10,44,10,"Draw(CW,L0)",122623,7772.4,0,71,71,A1N,-0.46,2.0195,-0.305,0.15500000000000003
3566,6,14,AllGrid,3,400,10,44,69,"Hit(CCW,9,STRONG)",14324,1428.84,0,129,129,A1N,0.43,1.63557,1.01,0.5800000000000001
5523,3,9,AllGrid,3,400,10,44,54,"Hit(CW,4,WEAK)",160005,11060.3,0,103,103,A1N,0.68,2.0488,0.74,0.05999999999999994
7015,5,14,AllGrid,3,400,10,44,11,"Draw(CCW,L0)",18376,1848.14,0,145,145,A1N,-1.135,1.92789,-1.135,0.0
743,7,3,AllGrid,3,400,10,44,22,"Draw(CW,L6)",316125,16614.5,0,55,55,A1N,0.8,2.26053,0.98,0.17999999999999994
1014,4,15,AllGrid,3,400,10,44,10,"Draw(CW,L0)",461,21.5953,0,61,61,A1N,3.325,1.27255,3.325,0.0
3900,0,10,AllGrid,3,400,10,44,0,"Draw(CW,TEE)",115147,6877.56,0,55,55,A1N,0.305,1.74126,0.305,0.0
4543,6,5,AllGrid,3,400,10,44,44,"Hit(CW,2,WEAK)",263843,14183.4,0,71,71,A1N,0.78,1.86322,1.09,0.31000000000000005
9231,5,14,AllGrid,3,400,10,44,1,"Draw(CCW,TEE)",8537,719.027,0,101,101,A1N,1.71,0.828191,2.025,0.31499999999999995
1825,5,7,AllGrid,3,400,10,44,53,"PostGuard(CCW,1,0)",208679,12266.6,0,77,77,A1N,0.865,2.16259,0.865,0.0
4062,4,15,AllGrid,3,400,10,44,49,"Hit(CCW,4,STRONG)",517,27.6707,0,117,117,A1N,-0.55,1.82414,-0.475,0.07500000000000007
9882,2,11,AllGrid,3,400,10,44,48,"Hit(CW,4,STRONG)",107844,8462.92,0,109,109,A1N,1.23,2.06085,1.295,0.06499999999999995
2998,6,14,AllGrid,3,400,10,44,36,"Hit(CW,1,MIDDLE)",18175,2267.05,0,145,145,A1N,2.595,1.01537,2.895,0.2999999999999998
1555,2,3,AllGrid,3,400,10,44,36,"Hit(CW,0,MIDDLE)",315481,16452.6,0,55,55,A1N,0.625,2.06261,1.1,0.4750000000000001
4372,4,14,AllGrid,3,400,10,44,1,"Draw(CCW,TEE)",2976,197.695,0,49,49,A1N,0.005,1.12026,0.095,0.09
3732,7,7,AllGrid,3,400,10,44,21,"Draw(CCW,L5)",189005,9469.61,0,49,49,A1N,0.44,1.94072,1.125,0.685
3858,5,5,AllGrid,3,400,10,44,3,"Draw(CCW,S0)",264482,14799.8,0,75,75,A1N,0.795,1.92171,0.885,0.08999999999999997
1938,0,14,AllGrid,3,400,10,44,36,"Hit(CW,9,MIDDLE)",8196,1078.69,0,93,93,A1N,0.885,2.36892,1.43,0.5449999999999999
9112,3,9,AllGrid,3,400,10,44,35,"Hit(CCW,2,WEAK)",145207,8375.68,0,75,75,A1N,0.385,1.79075,0.76,0.375
4157,3,12,AllGrid,3,400,10,44,38,"Hit(CW,3,STRONG)",76736,6104.1,0,107,107,A1N,-0.885,1.81983,-0.705,0.18000000000000005
7373,1,11,AllGrid,3,400,10,44,1,"Draw(CCW,TEE)",102008,7240.72,0,103,103,A1N,1.055,1.54012,1.175,0.1200000000000001
7173,4,15,AllGrid,3,400,10,44,0,"Draw(CW,TEE)",551,40.8362,0,151,151,A1N,1.84,0.366606,2.0,0.15999999999999992
196,4,4,AllGrid,3,400,10,44,10,"Draw(CW,L0)",287991,13644.9,0,49,49,A1N,-0.54,2.18367,-0.22,0.32000000000000006
2630,2,14,AllGrid,3,400,10,44,32,"Hit(CW,11,TOUCH)",3989,275.935,0,59,59,A1N,-1.18,1.73712,-1.07,0.10999999999999988
5731,2,10,AllGrid,3,400,10,44,13,"Draw(CCW,L1)",102493,4992.72,0,43,43,A1N,-0.94,1.65118,-0.555,0.3849999999999999
9518,4,5,AllGrid,3,400,10,44,33,"Hit(CCW,0,TOUCH)",263841,13689.5,0,71,71,A1N,0.985,1.98363,0.985,0.0
8211,7,12,AllGrid,3,400,10,44,2,"Draw(CW,S0)",64123,4375.65,0,79,79,A1N,-1.155,1.79749,-0.815,0.3400000000000001
5392,3,13,AllGrid,3,400,10,44,38,"Hit(CW,0,STRONG)",62001,6121.31,0,135,135,A1N,-1.09,1.68579,-1.005,0.08500000000000019
4262,4,2,AllGrid,3,400,10,44,43,"PostGuard(CCW,0,0)",345951,17147.8,0,49,49,A1N,-0.865,1.93307,-0.465,0.39999999999999997
6230,1,12,AllGrid,3,400,10,44,35,"Hit(CCW,11,WEAK)",48286,2664.46,0,49,49,A1N,-0.215,1.43484,-0.215,0.0
3543,4,7,AllGrid,3,400,10,44,35,"Hit(CCW,2,WEAK)",194322,9634.25,0,55,55,A1N,0.805,1.84037,1.025,0.21999999999999986
1784,6,5,AllGrid,3,400,10,44,45,"Hit(CCW,2,WEAK)",263606,13594.5,0,71,71,A1N,0.885,2.30256,1.05,0.16500000000000004
4905,4,14,AllGrid,3,400,10,44,37,"Hit(CCW,5,MIDDLE)",8847,714.289,0,101,101,A1N,-2.09,1.94471,-1.65,0.43999999999999995
3837,2,10,AllGrid,3,400,10,44,37,"Hit(CCW,7,MIDDLE)",118638,7008.52,0,71,71,A1N,-0.54,1.58063,-0.455,0.08500000000000002
2854,0,15,AllGrid,3,400,10,44,68,"Hit(CW,14,STRONG)",503,26.7606,0,103,103,A1N,0.895,1.76181,1.18,0.2849999999999999
1221,1,10,AllGrid,3,400,10,44,65,"Hit(CCW,7,WEAK)",138005,9759.33,0,113,113,A1N,-1.245,2.07725,-0.575,0.6700000000000002
7301,6,14,AllGrid,3,400,10,44,47,"Hit(CCW,3,MIDDLE)",17890,1844.31,0,145,145,A1N,1.415,1.28949,1.985,0.5700000000000001
5248,0,3,AllGrid,3,400,10,44,35,"Hit(CCW,2,WEAK)",317268,15612.7,0,49,49,A1N,1.175,2.27032,1.33,0.15500000000000003
2545,3,15,AllGrid,3,400,10,44,0,"Draw(CW,TEE)",461,19.8625,0,61,61,A1N,2.98,0.14,2.98,0.0
6335,1,11,AllGrid,3,400,10,44,48,"Hit(CW,10,STRONG)",74299,3861.85,0,53,53,A1N,0.74,1.40442,1.125,0.385
8275,4,5,AllGrid,3,400,10,44,5,"Draw(CCW,S2)",263218,13967.1,0,71,71,A1N,0.555,2.06324,1.005,0.44999999999999984
963,5,13,AllGrid,3,400,10,44,34,"Hit(CW,8,WEAK)",39949,3351.92,0,89,89,A1N,1.235,1.95953,1.235,0.0
176,5,11,AllGrid,3,400,10,44,81,"PostGuard(CCW,3,1)",105112,7041.53,0,97,97,A1N,1.15,1.97421,1.585,0.43500000000000005
2199,1,13,AllGrid,3,400,10,44,87,"PostGuard(CCW,3,2)",55369,5216.09,0,119,119,A1N,-1.235,1.44906,0.25,1.485
8298,3,11,AllGrid,3,400,10,44,77,"Hit(CCW,8,MIDDLE)",113030,6672.47,0,119,119,A1N,1.185,2.06659,1.185,0.0
6729,2,14,AllGrid,3,400,10,44,0,"Draw(CW,TEE)",15743,1565.98,0,135,135,A1N,0.62,1.07963,0.665,0.04500000000000004
8119,5,4,AllGrid,3,400,10,44,41,"Freeze(CCW,1)",290153,15317.0,0,65,65,A1N,-0.665,2.14541,-0.18,0.48500000000000004
8189,0,14,AllGrid,3,400,10,44,34,"Hit(CW,13,WEAK)",3938,275.217,0,55,55,A1N,-0.055,1.26173,0.025,0.08
9791,0,8,AllGrid,3,400,10,44,49,"PostGuard(CCW,6,0)",172536,8882.53,0,55,55,A1N,-0.58,1.8851,-0.11,0.47
5487,5,5,AllGrid,3,400,10,44,0,"Draw(CW,TEE)",262415,14234.2,0,71,71,A1N,0.735,1.99117,1.085,0.35
4950,0,15,AllGrid,3,400,10,44,48,"Hit(CW,14,STRONG)",471,18.404,0,71,71,A1N,0.83,1.64046,0.83,0.0
9143,3,7,AllGrid,3,400,10,44,32,"Hit(CW,0,TOUCH)",210819,11841.0,0,81,81,A1N,0.61,2.07796,1.135,0.525
4517,4,13,AllGrid,3,400,10,44,70,"Freeze(CW,8)",57057,5600.42,0,123,123,A1N,1.41,0.895489,1.535,0.125
2994,5,10,AllGrid,3,400,10,44,49,"Hit(CCW,3,STRONG)",139149,9757.98,0,113,113,A1N,-0.645,1.8652,0.045,0.6900000000000001
961,6,13,AllGrid,3,400,10,44,11,"Draw(CCW,L0)",66280,6401.96,0,139,139,A1N,-1.77,1.43426,-1.735,0.03499999999999992
1566,1,3,AllGrid,3,400,10,44,11,"Draw(CCW,L0)",319466,16516.1,0,59,59,A1N,0.9,2.14243,0.975,0.07499999999999996
1686,6,15,AllGrid,3,400,10,44,0,"Draw(CW,TEE)",449,17.8892,0,49,49,A1N,1.0,0.0,1.0,0.0
1201,0,6,AllGrid,3,400,10,44,3,"Draw(CCW,S0)",228263,11463.4,0,53,53,A1N,-0.77,2.08976,-0.385,0.385
5494,4,5,AllGrid,3,400,10,44,20,"Draw(CW,L5)",266853,14335.9,0,75,75,A1N,0.49,2.28252,1.21,0.72
2492,4,15,AllGrid,3,400,10,44,42,"Hit(CW,10,TOUCH)",475,17.2132,0,75,75,A1N,1.65,0.638357,1.65,0.0
8959,1,11,AllGrid,3,400,10,44,49,"Hit(CCW,6,STRONG)",101162,6712.96,0,97,97,A1N,0.875,1.69097,1.26,0.385
1671,0,15,AllGrid,3,400,10,44,77,"Hit(CCW,12,MIDDLE)",517,27.4933,0,117,117,A1N,2.74,1.75568,2.74,0.0
1385,7,11,AllGrid,3,400,10,44,90,"PostGuard(CW,9,0)",102106,6895.18,0,103,103,A1N,1.13,1.76156,1.18,0.050000000000000044
6872,1,14,AllGrid,3,400,10,44,84,"Hit(CW,13,WEAK)",16513,1709.93,0,135,135,A1N,0.885,0.949618,1.02,0.135
8785,1,4,AllGrid,3,400,10,44,40,"Freeze(CW,1)",284901,14108.0,0,49,49,A1N,-0.32,1.79933,-0.32,0.0
1835,0,15,AllGrid,3,400,10,44,58,"Hit(CW,14,STRONG)",469,15.8566,0,69,69,A1N,1.19,0.611474,1.235,0.04500000000000015
6216,7,8,AllGrid,3,400,10,44,52,"PostGuard(CW,6,2)",171754,8513.8,0,55,55,A1N,-0.755,1.719,0.075,0.83
8471,6,5,AllGrid,3,400,10,44,7,"Draw(CCW,S4)",267702,13855.0,0,75,75,A1N,0.62,1.97119,1.06,0.44000000000000006
256,3,12,AllGrid,3,400,10,44,46,"Hit(CW,11,MIDDLE)",64043,4393.01,0,77,77,A1N,0.495,1.85741,0.495,0.0
5778,2,9,AllGrid,3,400,10,44,72,"PostGuard(CW,1,0)",159672,9989.97,0,97,97,A1N,0.915,1.80493,0.915,0.0
6320,4,15,AllGrid,3,400,10,44,37,"Hit(CCW,4,MIDDLE)",503,21.9939,0,103,103,A1N,-0.275,1.58094,-0.055,0.22000000000000003
1638,4,11,AllGrid,3,400,10,44,48,"Hit(CW,4,STRONG)",101661,6698.36,0,103,103,A1N,0.535,1.84358,0.715,0.17999999999999994
2310,6,15,AllGrid,3,400,10,44,78,"Hit(CW,10,STRONG)",535,29.4303,0,135,135,A1N,2.15,2.12779,2.215,0.06499999999999995
7921,5,4,AllGrid,3,400,10,44,18,"Draw(CW,L4)",284029,14218.8,0,49,49,A1N,-0.565,1.94827,-0.205,0.36
1361,1,12,AllGrid,3,400,10,44,34,"Hit(CW,9,WEAK)",55636,3337.77,0,59,59,A1N,-0.665,1.49759,0.19,0.855
5041,1,8,AllGrid,3,400,10,44,3,"Draw(CCW,S0)",172499,9106.9,0,55,55,A1N,-0.455,1.84607,0.14,0.595
5033,7,5,AllGrid,3,400,10,44,45,"Hit(CCW,2,WEAK)",261250,13925.0,0,71,71,A1N,0.845,2.18197,1.165,0.32000000000000006
5022,1,15,AllGrid,3,400,10,44,37,"Hit(CCW,4,MIDDLE)",489,23.6533,0,89,89,A1N,1.06,0.828493,1.25,0.18999999999999995
9907,7,9,AllGrid,3,400,10,44,10,"Draw(CW,L0)",140159,7365.32,0,65,65,A1N,0.575,1.8559,1.01,0.43500000000000005
8627,2,12,AllGrid,3,400,10,44,97,"PostGuard(CCW,10,0)",75514,5712.53,0,103,103,A1N,0.07,1.43705,0.415,0.345
1641,6,10,AllGrid,3,400,10,44,67,"Hit(CCW,7,MIDDLE)",141347,10304.7,0,113,113,A1N,-0.11,1.89945,0.31,0.42
7249,2,15,AllGrid,3,400,10,44,59,"Hit(CCW,4,STRONG)",539,31.9641,0,139,139,A1N,0.805,0.914863,1.0,0.19499999999999995
4837,7,2,AllGrid,3,400,10,44,44,"PostGuard(CW,0,1)",345550,17247.6,0,49,49,A1N,-0.18,2.14886,-0.18,0.0
1039,2,15,AllGrid,3,400,10,44,34,"Hit(CW,14,WEAK)",443,14.612,0,43,43,A1N,0.945,0.22798,0.955,0.010000000000000009
7846,3,10,AllGrid,3,400,10,44,39,"Hit(CCW,7,STRONG)",116299,6492.74,0,65,65,A1N,-0.21,1.80994,-0.12,0.09
5246,2,5,AllGrid,3,400,10,44,43,"Hit(CCW,2,TOUCH)",267997,14439.3,0,75,75,A1N,0.72,2.11225,1.025,0.30499999999999994
4166,2,12,AllGrid,3,400,10,44,50,"Hit(CW,11,MIDDLE)",59941,3877.61,0,75,75,A1N,0.185,1.67056,0.19,0.0050000000000000044
6533,4,6,AllGrid,3,400,10,44,63,"PostGuard(CCW,0,0)",240604,13975.0,0,81,81,A1N,0.355,2.01221,0.615,0.26
5721,0,12,AllGrid,3,400,10,44,11,"Draw(CCW,L0)",86864,7059.53,0,123,123,A1N,1.65,1.85135,1.945,0.29500000000000015
4463,7,9,AllGrid,3,400,10,44,41,"Freeze(CCW,0)",162356,10405.4,0,103,103,A1N,0.72,2.00788,1.03,0.31000000000000005
5606,2,14,AllGrid,3,400,10,44,46,"Hit(CW,3,MIDDLE)",16564,1553.26,0,139,139,A1N,0.515,1.59993,0.54,0.025000000000000022
1123,4,3,AllGrid,3,400,10,44,41,"Freeze(CCW,0)",311579,15461.0,0,55,55,A1N,0.6,2.0445,1.04,0.44000000000000006
8113,3,15,AllGrid,3,400,10,44,0,"Draw(CW,TEE)",469,21.1476,0,69,69,A1N,0.93,0.36756,1.0,0.06999999999999995
716,6,7,AllGrid,3,400,10,44,40,"Freeze(CW,4)",198786,10057.6,0,55,55,A1N,0.555,1.87536,1.015,0.45999999999999985
459,3,5,AllGrid,3,400,10,44,35,"Hit(CCW,0,WEAK)",261911,13404.0,0,71,71,A1N,0.55,2.01184,1.05,0.5
9287,7,12,AllGrid,3,400,10,44,6,"Draw(CW,S4)",59736,3726.85,0,65,65,A1N,-0.475,1.46607,-0.31,0.16499999999999998
5647,1,10,AllGrid,3,400,10,44,63,"Hit(CCW,9,TOUCH)",128406,7807.6,0,91,91,A1N,-0.07,1.77626,0.33,0.4
4562,4,13,AllGrid,3,400,10,44,78,"Hit(CW,8,STRONG)",58953,5738.72,0,129,129,A1N,1.755,1.39103,1.765,0.010000000000000009
6201,5,11,AllGrid,3,400,10,44,51,"Freeze(CCW,2)",107354,7717.57,0,107,107,A1N,0.35,1.74571,0.765,0.41500000000000004
9166,3,14,AllGrid,3,400,10,44,74,"Hit(CW,9,WEAK)",15223,1544.6,0,139,139,A1N,0.06,1.93556,0.995,0.935
8703,4,3,AllGrid,3,400,10,44,21,"Draw(CCW,L5)",313197,15136.7,0,49,49,A1N,0.83,2.06182,1.18,0.35
1616,0,14,AllGrid,3,400,10,44,33,"Hit(CCW,7,TOUCH)",4469,320.929,0,69,69,A1N,0.86,1.35292,0.86,0.0
5809,3,9,AllGrid,3,400,10,44,45,"Hit(CCW,8,WEAK)",136124,6815.42,0,53,53,A1N,0.705,1.72278,0.78,0.07500000000000007
4651,6,5,AllGrid,3,400,10,44,3,"Draw(CCW,S0)",262642,14096.0,0,71,71,A1N,0.835,1.95647,0.915,0.08000000000000007
8894,2,15,AllGrid,3,400,10,44,2,"Draw(CW,S0)",479,21.5051,0,79,79,A1N,1.885,0.437921,1.885,0.0
2369,6,9,AllGrid,3,400,10,44,42,"Hit(CW,2,TOUCH)",152422,8734.82,0,79,79,A1N,0.69,1.80939,0.69,0.0
1083,7,15,AllGrid,3,400,10,44,59,"Hit(CCW,12,STRONG)",503,25.2702,0,103,103,A1N,0.74,1.80621,0.74,0.0
366,3,11,AllGrid,3,400,10,44,56,"Hit(CW,4,MIDDLE)",112435,8453.81,0,119,119,A1N,0.8,1.96723,1.555,0.7549999999999999
6354,2,15,AllGrid,3,400,10,44,109,"PostGuard(CCW,3,0)",551,35.1702,0,151,151,A1N,1.505,0.499975,1.535,0.030000000000000027
9260,7,2,AllGrid,3,400,10,44,33,"Hit(CCW,1,TOUCH)",342081,16999.7,0,49,49,A1N,-0.37,1.99075,-0.21,0.16
6267,4,12,AllGrid,3,400,10,44,3,"Draw(CCW,S0)",56093,3396.2,0,55,55,A1N,-0.395,1.60903,-0.025,0.37
1158,6,8,AllGrid,3,400,10,44,56,"PostGuard(CW,4,2)",175451,9287.02,0,65,65,A1N,0.39,2.06589,0.39,0.0
6520,1,5,AllGrid,3,400,10,44,0,"Draw(CW,TEE)",265347,14866.4,0,75,75,A1N,1.01,1.81931,1.215,0.20500000000000007
2099,0,14,AllGrid,3,400,10,44,41,"Freeze(CCW,7)",7790,627.549,0,91,91,A1N,-0.255,1.51327,0.56,0.8150000000000001
4892,6,10,AllGrid,3,400,10,44,2,"Draw(CW,S0)",130592,8702.36,0,101,101,A1N,-0.065,2.03489,0.185,0.25
7859,3,14,AllGrid,3,400,10,44,33,"Hit(CCW,1,TOUCH)",14574,1388.68,0,129,129,A1N,0.515,1.1224,0.515,0.0
2084,7,10,AllGrid,3,400,10,44,109,"PostGuard(CCW,8,1)",143123,10209.2,0,113,113,A1N,2.21,1.80718,2.465,0.2549999999999999
5335,1,14,AllGrid,3,400,10,44,86,"Hit(CW,11,MIDDLE)",19065,1999.9,0,145,145,A1N,-0.105,1.45395,0.485,0.59
5272,2,4,AllGrid,3,400,10,44,19,"Draw(CCW,L4)",288350,14424.3,0,53,53,A1N,-0.995,2.11778,-0.41,0.585
5472,3,13,AllGrid,3,400,10,44,38,"Hit(CW,4,STRONG)",23640,1919.08,0,69,69,A1N,0.535,1.53583,0.7,0.16499999999999992
4526,5,9,AllGrid,3,400,10,44,0,"Draw(CW,TEE)",143975,7913.26,0,65,65,A1N,0.685,1.68694,0.685,0.0
6392,2,5,AllGrid,3,400,10,44,40,"Freeze(CW,0)",265395,14696.7,0,75,75,A1N,0.89,1.95138,1.075,0.18499999999999994
1255,4,13,AllGrid,3,400,10,44,67,"Hit(CCW,12,MIDDLE)",38334,3208.11,0,91,91,A1N,2.26,1.78112,2.34,0.08000000000000007
5259,3,8,AllGrid,3,400,10,44,6,"Draw(CW,S4)",193605,12297.8,0,97,97,A1N,0.33,2.18886,0.965,0.635
7905,3,15,AllGrid,3,400,10,44,58,"Hit(CW,10,STRONG)",503,23.8543,0,103,103,A1N,2.865,0.993365,2.865,0.0
4159,5,11,AllGrid,3,400,10,44,46,"Hit(CW,6,MIDDLE)",103464,7778.53,0,103,103,A1N,0.69,1.86384,0.765,0.07500000000000007
2788,5,13,AllGrid,3,400,10,44,79,"Hit(CCW,8,STRONG)",62487,6326.1,0,139,139,A1N,3.075,2.20213,3.115,0.040000000000000036
4360,7,4,AllGrid,3,400,10,44,45,"Hit(CCW,3,WEAK)",287815,14668.1,0,59,59,A1N,-0.54,1.9996,-0.47,0.07000000000000006
8248,7,13,AllGrid,3,400,10,44,1,"Draw(CCW,TEE)",23739,1877.21,0,59,59,A1N,1.49,1.16615,1.49,0.0
2081,5,9,AllGrid,3,400,10,44,11,"Draw(CCW,L0)",142506,7321.27,0,53,53,A1N,0.365,1.90834,0.865,0.5
1265,4,5,AllGrid,3,400,10,44,12,"Draw(CW,L1)",264170,13499.7,0,71,71,A1N,0.165,1.92036,0.89,0.725
3677,7,15,AllGrid,3,400,10,44,54,"Hit(CW,14,WEAK)",475,18.6682,0,75,75,A1N,1.695,0.960195,1.695,0.0
477,2,10,AllGrid,3,400,10,44,2,"Draw(CW,S0)",126934,7531.81,0,81,81,A1N,-0.58,2.0009,-0.245,0.33499999999999996
8462,7,13,AllGrid,3,400,10,44,55,"Hit(CCW,8,WEAK)",52508,4854.54,0,115,115,A1N,2.285,1.37977,2.63,0.34499999999999975
3186,1,11,AllGrid,3,400,10,44,58,"Hit(CW,4,STRONG)",102644,7612.91,0,119,119,A1N,0.815,2.07624,1.3,0.4850000000000001
8936,4,15,AllGrid,3,400,10,44,3,"Draw(CCW,S0)",545,33.9552,0,145,145,A1N,0.58,0.885212,1.015,0.43499999999999994
966,6,3,AllGrid,3,400,10,44,34,"Hit(CW,0,WEAK)",316534,15037.7,0,55,55,A1N,0.86,1.8629,1.15,0.2899999999999999
232,1,13,AllGrid,3,400,10,44,3,"Draw(CCW,S0)",25824,2039.06,0,59,59,A1N,1.465,1.35232,1.575,0.10999999999999988
3968,6,10,AllGrid,3,400,10,44,36,"PostGuard(CW,6,0)",106021,5216.93,0,49,49,A1N,0.03,1.93884,0.95,0.9199999999999999
2440,2,5,AllGrid,3,400,10,44,54,"PostGuard(CW,1,1)",263804,13333.6,0,71,71,A1N,0.725,1.88398,1.17,0.44499999999999995
1624,6,15,AllGrid,3,400,10,44,48,"Hit(CW,8,STRONG)",491,22.5805,0,91,91,A1N,1.265,1.15532,1.265,0.0
9851,7,8,AllGrid,3,400,10,44,68,"PostGuard(CW,4,0)",181175,10803.5,0,81,81,A1N,-0.095,2.00897,0.155,0.25
9879,2,15,AllGrid,3,400,10,44,45,"Hit(CCW,6,WEAK)",517,28.4211,0,117,117,A1N,3.125,0.599479,3.125,0.0
9832,1,9,AllGrid,3,400,10,44,2,"Draw(CW,S0)",163016,10906.5,0,103,103,A1N,0.815,1.81129,1.24,0.42500000000000004
4221,2,14,AllGrid,3,400,10,44,4,"Draw(CW,S2)",17434,1798.01,0,145,145,A1N,0.45,1.54191,1.555,1.105
1999,2,5,AllGrid,3,400,10,44,9,"Draw(CCW,S6)",250501,11595.1,0,53,53,A1N,0.495,1.81107,0.875,0.38
99,4,13,AllGrid,3,400,10,44,49,"Hit(CCW,12,WEAK)",19775,1500.39,0,57,57,A1N,0.635,1.17974,0.635,0.0
964,0,8,AllGrid,3,400,10,44,44,"Hit(CW,5,WEAK)",171447,8819.84,0,63,63,A1N,-0.38,1.82088,-0.295,0.08500000000000002
6357,7,5,AllGrid,3,400,10,44,47,"Hit(CCW,2,MIDDLE)",267701,13147.4,0,75,75,A1N,0.66,2.0036,0.895,0.235
632,7,12,AllGrid,3,400,10,44,58,"Hit(CW,11,STRONG)",63016,4294.73,0,81,81,A1N,-0.215,1.79688,-0.195,0.01999999999999999
3130,2,11,AllGrid,3,400,10,44,6,"Draw(CW,S4)",99073,6544.3,0,91,91,A1N,1.08,1.58543,1.315,0.23499999999999988
2941,4,13,AllGrid,3,400,10,44,19,"Draw(CCW,L4)",57274,5445.6,0,125,125,A1N,1.225,1.35808,1.365,0.1399999999999999
6374,0,11,AllGrid,3,400,10,44,57,"Hit(CCW,6,MIDDLE)",101258,6777.6,0,113,113,A1N,1.12,2.31853,1.54,0.41999999999999993
156,7,14,AllGrid,3,400,10,44,69,"Hit(CCW,7,STRONG)",18199,1849.52,0,145,145,A1N,0.25,1.43091,1.105,0.855
1570,1,4,AllGrid,3,400,10,44,28,"PreGuard(CW,G4)",284206,12551.8,0,49,49,A1N,-0.605,1.97964,-0.32,0.285
7117,6,12,AllGrid,3,400,10,44,35,"Hit(CCW,11,WEAK)",51264,2964.63,0,49,49,A1N,-0.14,1.36396,-0.14,0.0
6164,7,6,AllGrid,3,400,10,44,30,"PreGuard(CW,G5)",228211,10111.5,0,49,49,A1N,-0.295,1.95652,-0.25,0.044999999999999984
4376,5,5,AllGrid,3,400,10,44,45,"Hit(CCW,2,WEAK)",264530,11996.9,0,75,75,A1N,0.565,2.03366,0.9,0.3350000000000001
4444,0,12,AllGrid,3,400,10,44,7,"Draw(CCW,S4)",63076,4120.15,0,75,75,A1N,-0.705,1.80221,-0.345,0.36
5083,5,6,AllGrid,3,400,10,44,0,"Draw(CW,TEE)",240809,12128.8,0,81,81,A1N,-0.335,2.14308,-0.245,0.09000000000000002
894,4,13,AllGrid,3,400,10,44,53,"Hit(CCW,6,MIDDLE)",44205,3832.2,0,105,105,A1N,1.39,1.24415,2.14,0.7500000000000002
8445,1,11,AllGrid,3,400,10,44,85,"PostGuard(CCW,5,0)",106930,6720.69,0,103,103,A1N,2.135,1.8157,2.34,0.20500000000000007
7871,7,15,AllGrid,3,400,10,44,59,"Hit(CCW,4,STRONG)",551,40.2691,0,151,151,A1N,3.185,1.37869,3.185,0.0
8198,0,4,AllGrid,3,400,10,44,54,"PostGuard(CW,2,1)",288038,11417.0,0,59,59,A1N,-0.715,2.01588,-0.365,0.35
6829,6,13,AllGrid,3,400,10,44,44,"Hit(CW,12,WEAK)",19766,1501.75,0,53,53,A1N,0.295,1.2915,0.45,0.15500000000000003
4702,2,8,AllGrid,3,400,10,44,3,"Draw(CCW,S0)",169895,7215.25,0,49,49,A1N,-0.29,1.80164,-0.045,0.245
4058,3,5,AllGrid,3,400,10,44,58,"PostGuard(CW,3,0)",264840,11376.3,0,71,71,A1N,0.605,1.95933,0.985,0.38
7591,4,13,AllGrid,3,400,10,44,1,"Draw(CCW,TEE)",42029,3380.1,0,97,97,A1N,2.64,1.40371,3.245,0.605
1445,7,8,AllGrid,3,400,10,44,6,"Draw(CW,S4)",178248,7465.63,0,65,65,A1N,-0.23,1.71088,-0.23,0.0
5373,5,13,AllGrid,3,400,10,44,43,"Hit(CCW,4,TOUCH)",48115,3702.92,0,107,107,A1N,1.71,1.57032,1.945,0.2350000000000001
5423,3,9,AllGrid,3,400,10,44,11,"Draw(CCW,L0)",162129,8247.39,0,103,103,A1N,0.735,1.91697,0.97,0.235
1644,5,15,AllGrid,3,400,10,44,49,"Hit(CCW,4,STRONG)",535,33.666,0,135,135,A1N,-0.595,1.08212,-0.35,0.245
6839,5,3,AllGrid,3,400,10,44,15,"Draw(CCW,L2)",315918,11731.4,0,55,55,A1N,0.91,1.92403,1.225,0.31500000000000006
1063,2,15,AllGrid,3,400,10,44,34,"Hit(CW,12,WEAK)",455,15.4469,0,55,55,A1N,1.905,0.293215,1.905,0.0
3774,5,6,AllGrid,3,400,10,44,43,"Hit(CCW,5,TOUCH)",234755,9355.2,0,65,65,A1N,-0.4,1.93907,-0.215,0.18500000000000003
7844,2,5,AllGrid,3,400,10,44,44,"Hit(CW,2,WEAK)",262609,10129.8,0,71,71,A1N,0.81,1.93233,1.02,0.20999999999999996
5770,5,13,AllGrid,3,400,10,44,44,"Hit(CW,4,WEAK)",37711,2933.48,0,91,91,A1N,0.95,1.66057,1.12,0.17000000000000015
7977,6,14,AllGrid,3,400,10,45,64,"Hit(CW,7,WEAK)",18386,1370.13,0,145,145,A1N,-2.4,1.55563,-1.635,0.7649999999999999
3926,6,11,AllGrid,3,400,10,45,66,"Hit(CW,6,MIDDLE)",113441,9530.67,0,123,123,A1N,0.18,1.95131,0.425,0.245
3883,1,14,AllGrid,3,400,10,45,1,"Draw(CCW,TEE)",1814,103.079,0,37,37,A1N,-0.075,0.953612,-0.075,0.0
9222,7,5,AllGrid,3,400,10,45,5,"Draw(CCW,S2)",246530,12253.1,0,37,37,A1N,1.125,2.01727,1.315,0.18999999999999995
7881,2,15,AllGrid,3,400,10,45,88,"Hit(CW,12,STRONG)",529,28.9017,0,129,129,A1N,1.72,2.06678,1.72,0.0
6406,1,10,AllGrid,3,400,10,45,42,"Hit(CW,9,TOUCH)",115362,7124.32,0,59,59,A1N,-0.66,1.80677,-0.385,0.275
8452,5,15,AllGrid,3,400,10,45,87,"Hit(CCW,10,MIDDLE)",553,36.8613,0,153,153,A1N,1.93,0.255147,1.935,0.0050000000000001155
1028,6,15,AllGrid,3,400,10,45,0,"Draw(CW,TEE)",551,36.3778,0,151,151,A1N,0.77,0.668655,1.0,0.22999999999999998
2596,1,14,AllGrid,3,400,10,45,48,"Hit(CW,3,STRONG)",18220,1798.96,0,145,145,A1N,1.185,1.7694,1.97,0.7849999999999999
4748,1,3,AllGrid,3,400,10,45,8,"Draw(CW,S6)",312486,15519.6,0,49,49,A1N,0.545,2.14196,0.985,0.43999999999999995
9206,3,13,AllGrid,3,400,10,45,34,"Hit(CW,12,WEAK)",15166,1110.9,0,49,49,A1N,1.73,1.43774,1.73,0.0
5859,1,6,AllGrid,3,400,10,45,58,"PostGuard(CW,4,0)",234440,13394.6,0,65,65,A1N,-0.46,1.92832,-0.015,0.445
6871,4,5,AllGrid,3,400,10,45,52,"PostGuard(CW,1,0)",263790,12187.1,0,71,71,A1N,1.18,2.22207,1.32,0.14000000000000012
7163,3,13,AllGrid,3,400,10,45,65,"Hit(CCW,12,WEAK)",35896,3389.4,0,85,85,A1N,2.465,1.4418,2.465,0.0
5807,0,8,AllGrid,3,400,10,45,28,"PreGuard(CW,G4)",185664,11479.1,0,81,81,A1N,-0.23,1.92278,0.03,0.26
5567,2,15,AllGrid,3,400,10,45,34,"Hit(CW,2,WEAK)",529,32.3118,0,129,129,A1N,1.93,0.308383,1.93,0.0
2507,3,11,AllGrid,3,400,10,45,39,"Hit(CCW,4,WEAK)",104832,7075.09,0,107,107,A1N,1.66,2.22809,1.715,0.05500000000000016
7006,3,15,AllGrid,3,400,10,45,0,"Draw(CW,TEE)",545,38.4749,0,145,145,A1N,-1.0,0.0,-0.97,0.030000000000000027
1984,6,4,AllGrid,3,400,10,45,3,"Draw(CCW,S0)",288500,15500.2,0,59,59,A1N,-0.67,2.13801,-0.31,0.36000000000000004
1845,7,14,AllGrid,3,400,10,45,49,"PostGuard(CCW,12,0)",3735,215.266,0,55,55,A1N,1.13,1.82841,1.44,0.31000000000000005
5780,2,6,AllGrid,3,400,10,45,42,"PostGuard(CW,0,0)",224902,11796.7,0,49,49,A1N,-0.725,2.14228,-0.375,0.35
8645,7,5,AllGrid,3,400,10,45,0,"Draw(CW,TEE)",264582,15029.3,0,71,71,A1N,0.59,1.86062,0.92,0.33000000000000007
6132,0,13,AllGrid,3,400,10,45,82,"PostGuard(CW,11,1)",42728,4319.75,0,87,87,A1N,2.255,0.959153,2.62,0.3650000000000002
3339,4,10,AllGrid,3,400,10,45,6,"Draw(CW,S4)",123208,7797.31,0,71,71,A1N,-0.655,1.85094,-0.305,0.35000000000000003
3566,6,14,AllGrid,3,400,10,45,67,"Hit(CCW,9,MIDDLE)",14324,1442.64,0,129,129,A1N,0.69,1.51456,1.01,0.32000000000000006
5523,3,9,AllGrid,3,400,10,45,54,"Hit(CW,4,WEAK)",158556,10960.2,0,103,103,A1N,0.68,2.0488,0.74,0.05999999999999994
7015,5,14,AllGrid,3,400,10,45,11,"Draw(CCW,L0)",18376,1843.15,0,145,145,A1N,-1.135,1.92789,-1.135,0.0
743,7,3,AllGrid,3,400,10,45,0,"Draw(CW,TEE)",313996,16516.6,0,55,55,A1N,0.61,1.99196,0.98,0.37
1014,4,15,AllGrid,3,400,10,45,10,"Draw(CW,L0)",461,21.7499,0,61,61,A1N,3.325,1.27255,3.325,0.0
3900,0,10,AllGrid,3,400,10,45,40,"Freeze(CW,9)",114832,6944.85,0,55,55,A1N,-0.02,1.70282,0.305,0.325
4543,6,5,AllGrid,3,400,10,45,44,"Hit(CW,2,WEAK)",262722,14685.2,0,71,71,A1N,0.78,1.86322,1.09,0.31000000000000005
9231,5,14,AllGrid,3,400,10,45,44,"Hit(CW,5,WEAK)",8537,544.576,0,101,101,A1N,1.315,1.7366,2.025,0.71
1825,5,7,AllGrid,3,400,10,45,52,"PostGuard(CW,1,0)",208615,10050.5,0,77,77,A1N,0.74,1.98303,0.865,0.125
4062,4,15,AllGrid,3,400,10,45,49,"Hit(CCW,4,STRONG)",517,27.4368,0,117,117,A1N,-0.55,1.82414,-0.475,0.07500000000000007
9882,2,11,AllGrid,3,400,10,45,48,"Hit(CW,4,STRONG)",108369,8535.04,0,109,109,A1N,1.23,2.06085,1.295,0.06499999999999995
2998,6,14,AllGrid,3,400,10,45,68,"Hit(CW,7,STRONG)",18052,2011.4,0,145,145,A1N,2.735,1.06526,2.895,0.16000000000000014
1555,2,3,AllGrid,3,400,10,45,14,"Draw(CW,L2)",316142,16530.4,0,55,55,A1N,0.8,2.0025,1.1,0.30000000000000004
4372,4,14,AllGrid,3,400,10,45,1,"Draw(CCW,TEE)",2976,198.133,0,49,49,A1N,0.005,1.12026,0.095,0.09
3732,7,7,AllGrid,3,400,10,45,20,"Draw(CW,L5)",189914,9735.93,0,49,49,A1N,0.87,1.58212,1.125,0.255
3858,5,5,AllGrid,3,400,10,45,40,"Freeze(CW,0)",265979,15388.9,0,75,75,A1N,0.885,2.04494,0.885,0.0
1938,0,14,AllGrid,3,400,10,45,59,"Hit(CCW,13,STRONG)",8196,1022.5,0,93,93,A1N,1.085,1.89414,1.43,0.345
9112,3,9,AllGrid,3,400,10,45,35,"Hit(CCW,2,WEAK)",145381,8353.83,0,75,75,A1N,0.385,1.79075,0.76,0.375
4157,3,12,AllGrid,3,400,10,45,59,"Hit(CCW,7,STRONG)",77020,5960.13,0,107,107,A1N,-2.51,1.80552,-0.705,1.8049999999999997
7373,1,11,AllGrid,3,400,10,45,33,"Hit(CCW,2,TOUCH)",101193,5482.38,0,103,103,A1N,1.09,1.32359,1.175,0.08499999999999996
7173,4,15,AllGrid,3,400,10,45,2,"Draw(CW,S0)",551,40.6679,0,151,151,A1N,1.905,0.293215,2.0,0.09499999999999997
196,4,4,AllGrid,3,400,10,45,39,"Hit(CCW,3,STRONG)",285329,13957.4,0,49,49,A1N,-0.735,1.88276,-0.22,0.515
2630,2,14,AllGrid,3,400,10,45,2,"Draw(CW,S0)",3989,208.324,0,59,59,A1N,-1.315,1.66306,-1.07,0.24499999999999988
5731,2,10,AllGrid,3,400,10,45,5,"Draw(CCW,S2)",102914,5040.4,0,43,43,A1N,-1.13,1.87965,-0.555,0.5749999999999998
9518,4,5,AllGrid,3,400,10,45,33,"Hit(CCW,0,TOUCH)",264026,10673.6,0,71,71,A1N,0.985,1.98363,0.985,0.0
8211,7,12,AllGrid,3,400,10,45,2,"Draw(CW,S0)",65067,4478.47,0,79,79,A1N,-1.155,1.79749,-0.815,0.3400000000000001
5392,3,13,AllGrid,3,400,10,45,87,"Hit(CCW,10,MIDDLE)",59484,5863.98,0,135,135,A1N,-1.09,1.6679,-1.005,0.08500000000000019
4262,4,2,AllGrid,3,400,10,45,46,"PostGuard(CW,0,2)",345253,17140.0,0,49,49,A1N,-0.645,2.29978,-0.465,0.18
6230,1,12,AllGrid,3,400,10,45,35,"Hit(CCW,11,WEAK)",48793,2108.32,0,49,49,A1N,-0.215,1.43484,-0.215,0.0
3543,4,7,AllGrid,3,400,10,45,35,"Hit(CCW,2,WEAK)",193070,9268.74,0,55,55,A1N,0.805,1.84037,1.025,0.21999999999999986
1784,6,5,AllGrid,3,400,10,45,53,"PostGuard(CCW,1,0)",264148,10720.2,0,71,71,A1N,0.52,1.83565,1.05,0.53
4905,4,14,AllGrid,3,400,10,45,34,"Hit(CW,5,WEAK)",8847,715.964,0,101,101,A1N,-1.98,1.72325,-1.65,0.33000000000000007
3837,2,10,AllGrid,3,400,10,45,6,"Draw(CW,S4)",120586,7173.29,0,71,71,A1N,-0.765,1.67026,-0.455,0.31
2854,0,15,AllGrid,3,400,10,45,58,"Hit(CW,12,STRONG)",503,27.001,0,103,103,A1N,0.95,1.35185,1.18,0.22999999999999998
1221,1,10,AllGrid,3,400,10,45,65,"Hit(CCW,7,WEAK)",138846,9942.29,0,113,113,A1N,-1.245,2.07725,-0.575,0.6700000000000002
7301,6,14,AllGrid,3,400,10,45,1,"Draw(CCW,TEE)",17890,1854.24,0,145,145,A1N,1.945,0.22798,1.985,0.040000000000000036
5248,0,3,AllGrid,3,400,10,45,39,"Hit(CCW,2,STRONG)",316875,15083.5,0,49,49,A1N,0.97,2.09502,1.33,0.3600000000000001
2545,3,15,AllGrid,3,400,10,45,6,"Draw(CW,S4)",461,19.8418,0,61,61,A1N,2.905,0.293215,2.98,0.07500000000000018
6335,1,11,AllGrid,3,400,10,45,0,"Draw(CW,TEE)",74993,3885.21,0,53,53,A1N,0.225,1.59197,1.125,0.9
8275,4,5,AllGrid,3,400,10,45,38,"Hit(CW,0,STRONG)",262153,13031.4,0,71,71,A1N,0.9,1.98242,1.005,0.10499999999999987
963,5,13,AllGrid,3,400,10,45,40,"Freeze(CW,8)",41403,3494.29,0,89,89,A1N,1.06,1.84293,1.235,0.17500000000000004
176,5,11,AllGrid,3,400,10,45,90,"PostGuard(CW,9,0)",105677,5605.6,0,97,97,A1N,1.06,1.80178,1.585,0.5249999999999999
2199,1,13,AllGrid,3,400,10,45,98,"PostGuard(CW,7,2)",54687,5169.59,0,119,119,A1N,-0.9,1.5,0.25,1.15
8298,3,11,AllGrid,3,400,10,45,38,"Hit(CW,0,STRONG)",111755,8438.03,0,119,119,A1N,0.945,2.09809,1.185,0.2400000000000001
6729,2,14,AllGrid,3,400,10,45,2,"Draw(CW,S0)",15743,1568.66,0,135,135,A1N,0.6,1.1619,0.665,0.06500000000000006
8119,5,4,AllGrid,3,400,10,45,3,"Draw(CCW,S0)",290137,15351.4,0,65,65,A1N,-0.285,2.06489,-0.18,0.10499999999999998
8189,0,14,AllGrid,3,400,10,45,34,"Hit(CW,13,WEAK)",3938,276.187,0,55,55,A1N,-0.055,1.26173,0.025,0.08
9791,0,8,AllGrid,3,400,10,45,3,"Draw(CCW,S0)",171258,8826.16,0,55,55,A1N,-0.415,1.83106,-0.11,0.305
5487,5,5,AllGrid,3,400,10,45,48,"Hit(CW,2,STRONG)",263149,14164.1,0,71,71,A1N,0.975,2.07711,1.085,0.10999999999999999
4950,0,15,AllGrid,3,400,10,45,48,"Hit(CW,14,STRONG)",471,18.8028,0,71,71,A1N,0.83,1.64046,0.83,0.0
9143,3,7,AllGrid,3,400,10,45,76,"PostGuard(CW,7,1)",209464,11813.8,0,81,81,A1N,0.495,1.88679,1.135,0.64
4517,4,13,AllGrid,3,400,10,45,6,"Draw(CW,S4)",56836,5557.78,0,123,123,A1N,1.105,1.03633,1.535,0.42999999999999994
2994,5,10,AllGrid,3,400,10,45,40,"Freeze(CW,1)",140187,9860.14,0,113,113,A1N,-0.35,1.85135,0.045,0.39499999999999996
961,6,13,AllGrid,3,400,10,45,39,"Hit(CCW,0,STRONG)",66314,6372.55,0,139,139,A1N,-1.87,1.81193,-1.735,0.135
1566,1,3,AllGrid,3,400,10,45,0,"Draw(CW,TEE)",317009,16449.3,0,59,59,A1N,0.855,2.03322,0.975,0.12
1686,6,15,AllGrid,3,400,10,45,0,"Draw(CW,TEE)",449,17.8948,0,49,49,A1N,1.0,0.0,1.0,0.0
1201,0,6,AllGrid,3,400,10,45,45,"Hit(CCW,5,WEAK)",228351,11441.2,0,53,53,A1N,-0.855,2.01096,-0.385,0.47
5494,4,5,AllGrid,3,400,10,45,6,"Draw(CW,S4)",266632,14847.7,0,75,75,A1N,1.0,2.12603,1.21,0.20999999999999996
2492,4,15,AllGrid,3,400,10,45,42,"Hit(CW,10,TOUCH)",475,22.5557,0,75,75,A1N,1.65,0.638357,1.65,0.0
8959,1,11,AllGrid,3,400,10,45,63,"Hit(CCW,10,TOUCH)",101325,7129.88,0,97,97,A1N,0.995,1.83439,1.26,0.265
1671,0,15,AllGrid,3,400,10,45,77,"Hit(CCW,12,MIDDLE)",517,27.6915,0,117,117,A1N,2.74,1.75568,2.74,0.0
1385,7,11,AllGrid,3,400,10,45,98,"PostGuard(CW,11,1)",102999,6946.7,0,103,103,A1N,0.845,1.73233,1.18,0.33499999999999996
6872,1,14,AllGrid,3,400,10,45,85,"Hit(CCW,13,WEAK)",16513,1296.57,0,135,135,A1N,0.25,1.4344,1.02,0.77
8785,1,4,AllGrid,3,400,10,45,40,"Freeze(CW,1)",288081,10813.4,0,49,49,A1N,-0.32,1.79933,-0.32,0.0
1835,0,15,AllGrid,3,400,10,45,55,"Hit(CCW,14,WEAK)",469,16.8245,0,69,69,A1N,1.235,1.19573,1.235,0.0
6216,7,8,AllGrid,3,400,10,45,48,"PostGuard(CW,6,0)",171867,8830.37,0,55,55,A1N,-0.065,1.88169,0.075,0.14
8471,6,5,AllGrid,3,400,10,45,45,"Hit(CCW,2,WEAK)",266588,14530.8,0,75,75,A1N,0.65,2.15812,1.06,0.41000000000000003
256,3,12,AllGrid,3,400,10,45,46,"Hit(CW,11,MIDDLE)",65933,3447.84,0,77,77,A1N,0.495,1.85741,0.495,0.0
5778,2,9,AllGrid,3,400,10,45,6,"Draw(CW,S4)",157967,9485.24,0,97,97,A1N,0.635,1.9214,0.915,0.28
6320,4,15,AllGrid,3,400,10,45,58,"Hit(CW,10,STRONG)",503,22.8465,0,103,103,A1N,-0.175,1.75908,-0.055,0.12
1638,4,11,AllGrid,3,400,10,45,59,"Hit(CCW,6,STRONG)",100603,6805.71,0,103,103,A1N,0.445,1.85121,0.715,0.26999999999999996
2310,6,15,AllGrid,3,400,10,45,76,"Hit(CW,10,MIDDLE)",535,29.561,0,135,135,A1N,2.215,2.13044,2.215,0.0
7921,5,4,AllGrid,3,400,10,45,6,"Draw(CW,S4)",285334,14279.3,0,49,49,A1N,-0.82,2.08988,-0.205,0.615
1361,1,12,AllGrid,3,400,10,45,37,"Hit(CCW,9,MIDDLE)",54582,3377.32,0,59,59,A1N,-0.415,1.42224,0.19,0.605
5041,1,8,AllGrid,3,400,10,45,40,"Freeze(CW,7)",173399,8916.44,0,55,55,A1N,-0.28,1.87393,0.14,0.42000000000000004
5033,7,5,AllGrid,3,400,10,45,44,"Hit(CW,2,WEAK)",263468,14094.5,0,71,71,A1N,0.925,1.93891,1.165,0.24
5022,1,15,AllGrid,3,400,10,45,1,"Draw(CCW,TEE)",489,23.5596,0,89,89,A1N,1.145,0.392396,1.25,0.10499999999999998
9907,7,9,AllGrid,3,400,10,45,44,"Hit(CW,6,WEAK)",140279,5645.16,0,65,65,A1N,0.98,1.9338,1.01,0.030000000000000027
8627,2,12,AllGrid,3,400,10,45,83,"PostGuard(CCW,4,2)",74250,4408.14,0,103,103,A1N,0.17,1.50037,0.415,0.24499999999999997
1641,6,10,AllGrid,3,400,10,45,52,"Hit(CW,5,TOUCH)",141229,10671.3,0,113,113,A1N,-0.26,1.86344,0.31,0.5700000000000001
7249,2,15,AllGrid,3,400,10,45,0,"Draw(CW,TEE)",539,31.9588,0,139,139,A1N,1.0,0.0,1.0,0.0
4837,7,2,AllGrid,3,400,10,45,45,"PostGuard(CCW,0,1)",343193,17205.7,0,49,49,A1N,-0.48,2.12123,-0.18,0.3
1039,2,15,AllGrid,3,400,10,45,34,"Hit(CW,14,WEAK)",443,14.5791,0,43,43,A1N,0.945,0.22798,0.955,0.010000000000000009
7846,3,10,AllGrid,3,400,10,45,44,"Hit(CW,9,WEAK)",116948,6525.0,0,65,65,A1N,-0.24,1.86612,-0.12,0.12
5246,2,5,AllGrid,3,400,10,45,49,"Hit(CCW,2,STRONG)",266803,14756.7,0,75,75,A1N,1.0,2.13776,1.025,0.02499999999999991
4166,2,12,AllGrid,3,400,10,45,52,"Hit(CW,11,STRONG)",62657,4134.53,0,75,75,A1N,0.06,1.79622,0.19,0.13
6533,4,6,AllGrid,3,400,10,45,28,"PreGuard(CW,G4)",241645,14188.8,0,81,81,A1N,0.385,2.02898,0.615,0.22999999999999998
5721,0,12,AllGrid,3,400,10,45,41,"Freeze(CCW,1)",87841,7200.06,0,123,123,A1N,1.945,1.42196,1.945,0.0
4463,7,9,AllGrid,3,400,10,45,73,"PostGuard(CCW,1,0)",163510,10239.4,0,103,103,A1N,0.835,1.95391,1.03,0.19500000000000006
5606,2,14,AllGrid,3,400,10,45,48,"Hit(CW,3,STRONG)",16564,1612.29,0,139,139,A1N,0.54,1.4207,0.54,0.0
1123,4,3,AllGrid,3,400,10,45,16,"Draw(CW,L3)",312846,15478.5,0,55,55,A1N,0.94,2.09914,1.04,0.10000000000000009
8113,3,15,AllGrid,3,400,10,45,33,"Hit(CCW,8,TOUCH)",469,16.0731,0,69,69,A1N,1.0,0.0,1.0,0.0
716,6,7,AllGrid,3,400,10,45,4,"Draw(CW,S2)",197534,7568.76,0,55,55,A1N,0.55,1.91768,1.015,0.46499999999999986
459,3,5,AllGrid,3,400,10,45,45,"Hit(CCW,2,WEAK)",263748,14067.5,0,71,71,A1N,0.86,1.96987,1.05,0.19000000000000006
9287,7,12,AllGrid,3,400,10,45,38,"Hit(CW,11,WEAK)",58696,3633.46,0,65,65,A1N,-0.31,1.57286,-0.31,0.0
5647,1,10,AllGrid,3,400,10,45,70,"Freeze(CW,9)",128865,6788.11,0,91,91,A1N,0.045,1.84472,0.33,0.28500000000000003
4562,4,13,AllGrid,3,400,10,45,78,"Hit(CW,8,STRONG)",60301,5886.55,0,129,129,A1N,1.755,1.39103,1.765,0.010000000000000009
6201,5,11,AllGrid,3,400,10,45,63,"Hit(CCW,6,TOUCH)",106408,6014.8,0,107,107,A1N,0.765,1.64005,0.765,0.0
9166,3,14,AllGrid,3,400,10,45,75,"Hit(CCW,9,WEAK)",15223,1547.69,0,139,139,A1N,0.42,1.77865,0.995,0.575
8703,4,3,AllGrid,3,400,10,45,39,"Hit(CCW,0,STRONG)",314196,14688.7,0,49,49,A1N,0.92,1.98837,1.18,0.2599999999999999
1616,0,14,AllGrid,3,400,10,45,33,"Hit(CCW,7,TOUCH)",4469,322.989,0,69,69,A1N,0.86,1.35292,0.86,0.0
5809,3,9,AllGrid,3,400,10,45,36,"Hit(CW,6,MIDDLE)",135664,6807.61,0,53,53,A1N,0.61,1.80497,0.78,0.17000000000000004
4651,6,5,AllGrid,3,400,10,45,7,"Draw(CCW,S4)",263608,14228.4,0,71,71,A1N,0.38,2.0039,0.915,0.535
8894,2,15,AllGrid,3,400,10,45,2,"Draw(CW,S0)",479,22.0865,0,79,79,A1N,1.885,0.437921,1.885,0.0
2369,6,9,AllGrid,3,400,10,45,50,"Freeze(CW,2)",151492,8731.42,0,79,79,A1N,0.37,1.85556,0.69,0.31999999999999995
1083,7,15,AllGrid,3,400,10,45,57,"Hit(CCW,12,MIDDLE)",503,25.8517,0,103,103,A1N,0.61,1.73433,0.74,0.13
366,3,11,AllGrid,3,400,10,45,48,"Hit(CW,2,STRONG)",111786,8647.53,0,119,119,A1N,1.16,1.80677,1.555,0.395
6354,2,15,AllGrid,3,400,10,45,4,"Draw(CW,S2)",551,35.1578,0,151,151,A1N,1.535,0.498773,1.535,0.0
9260,7,2,AllGrid,3,400,10,45,40,"Freeze(CW,1)",343783,17165.9,0,49,49,A1N,-0.325,1.87066,-0.21,0.11500000000000002
6267,4,12,AllGrid,3,400,10,45,10,"Draw(CW,L0)",56635,3436.84,0,55,55,A1N,-0.165,1.58675,-0.025,0.14
1158,6,8,AllGrid,3,400,10,45,56,"PostGuard(CW,4,2)",174953,9281.28,0,65,65,A1N,0.39,2.06589,0.39,0.0
6520,1,5,AllGrid,3,400,10,45,62,"PostGuard(CW,1,0)",267964,15101.8,0,75,75,A1N,0.665,2.03538,1.215,0.55
2099,0,14,AllGrid,3,400,10,45,3,"Draw(CCW,S0)",7790,629.207,0,91,91,A1N,0.16,1.4193,0.56,0.4
4892,6,10,AllGrid,3,400,10,45,10,"Draw(CW,L0)",131632,8829.82,0,101,101,A1N,-0.27,2.11118,0.185,0.455
7859,3,14,AllGrid,3,400,10,45,41,"Freeze(CCW,1)",14574,1384.47,0,129,129,A1N,0.45,1.1565,0.515,0.065
2084,7,10,AllGrid,3,400,10,45,108,"PostGuard(CW,8,1)",142047,10434.9,0,113,113,A1N,2.26,1.64997,2.465,0.20500000000000007
5335,1,14,AllGrid,3,400,10,45,85,"Hit(CCW,11,WEAK)",19065,1987.49,0,145,145,A1N,0.485,1.67026,0.485,0.0
5272,2,4,AllGrid,3,400,10,45,50,"Freeze(CW,3)",286533,14418.6,0,53,53,A1N,-0.445,2.11825,-0.41,0.03500000000000003
5472,3,13,AllGrid,3,400,10,45,38,"Hit(CW,4,STRONG)",25614,1584.86,0,69,69,A1N,0.535,1.53583,0.7,0.16499999999999992
4526,5,9,AllGrid,3,400,10,45,6,"Draw(CW,S4)",145180,7947.61,0,65,65,A1N,0.475,1.83013,0.685,0.21000000000000008
6392,2,5,AllGrid,3,400,10,45,41,"Freeze(CCW,0)",265810,11161.0,0,75,75,A1N,0.495,2.00748,1.075,0.58
1255,4,13,AllGrid,3,400,10,45,69,"Hit(CCW,12,STRONG)",39599,3427.94,0,91,91,A1N,2.34,1.67762,2.34,0.0
5259,3,8,AllGrid,3,400,10,45,62,"Hit(CW,7,TOUCH)",193668,12310.2,0,97,97,A1N,0.355,2.2111,0.965,0.61
7905,3,15,AllGrid,3,400,10,45,55,"Hit(CCW,10,WEAK)",503,25.0876,0,103,103,A1N,2.775,1.40868,2.865,0.0900000000000003
4159,5,11,AllGrid,3,400,10,45,48,"Hit(CW,6,STRONG)",106282,8326.86,0,103,103,A1N,0.69,1.83409,0.765,0.07500000000000007
2788,5,13,AllGrid,3,400,10,45,77,"Hit(CCW,8,MIDDLE)",64508,6516.78,0,139,139,A1N,2.82,2.21531,3.115,0.2950000000000004
4360,7,4,AllGrid,3,400,10,45,6,"Draw(CW,S4)",288780,11179.7,0,59,59,A1N,-0.615,2.02898,-0.47,0.14500000000000002
8248,7,13,AllGrid,3,400,10,45,7,"Draw(CCW,S4)",24620,1949.03,0,59,59,A1N,1.2,1.34907,1.49,0.29000000000000004
2081,5,9,AllGrid,3,400,10,45,44,"Hit(CW,8,WEAK)",140879,6970.08,0,53,53,A1N,0.585,1.70669,0.865,0.28
1265,4,5,AllGrid,3,400,10,45,35,"Hit(CCW,0,WEAK)",264678,13962.4,0,71,71,A1N,0.605,2.00224,0.89,0.28500000000000003
3677,7,15,AllGrid,3,400,10,45,54,"Hit(CW,14,WEAK)",475,19.2451,0,75,75,A1N,1.695,0.960195,1.695,0.0
477,2,10,AllGrid,3,400,10,45,41,"Freeze(CCW,5)",126563,7811.03,0,81,81,A1N,-0.62,1.85354,-0.245,0.375
8462,7,13,AllGrid,3,400,10,45,13,"Draw(CCW,L1)",52141,4832.33,0,115,115,A1N,1.94,1.53831,2.63,0.69
3186,1,11,AllGrid,3,400,10,45,56,"Hit(CW,4,MIDDLE)",103674,7730.04,0,119,119,A1N,1.3,2.06398,1.3,0.0
8936,4,15,AllGrid,3,400,10,45,4,"Draw(CW,S2)",545,35.5896,0,145,145,A1N,1.0,0.0,1.015,0.014999999999999902
966,6,3,AllGrid,3,400,10,45,21,"Draw(CCW,L5)",317392,15043.4,0,55,55,A1N,1.15,2.12073,1.15,0.0
232,1,13,AllGrid,3,400,10,45,1,"Draw(CCW,TEE)",25278,2007.43,0,59,59,A1N,1.47,1.11315,1.575,0.10499999999999998
3968,6,10,AllGrid,3,400,10,45,43,"PostGuard(CCW,8,0)",107829,5529.44,0,49,49,A1N,0.335,1.78403,0.95,0.615
2440,2,5,AllGrid,3,400,10,45,1,"Draw(CCW,TEE)",265488,13666.8,0,71,71,A1N,0.905,2.00648,1.17,0.2649999999999999
1624,6,15,AllGrid,3,400,10,45,2,"Draw(CW,S0)",491,23.0433,0,91,91,A1N,1.26,0.58515,1.265,0.004999999999999893
9851,7,8,AllGrid,3,400,10,45,67,"PostGuard(CCW,0,2)",180243,10601.4,0,81,81,A1N,-0.22,1.84976,0.155,0.375
9879,2,15,AllGrid,3,400,10,45,1,"Draw(CCW,TEE)",517,28.8685,0,117,117,A1N,2.875,0.386491,3.125,0.25
9832,1,9,AllGrid,3,400,10,45,2,"Draw(CW,S0)",162210,10940.3,0,103,103,A1N,0.815,1.81129,1.24,0.42500000000000004
4221,2,14,AllGrid,3,400,10,45,28,"PreGuard(CW,G4)",17434,1816.74,0,145,145,A1N,1.095,1.32135,1.555,0.45999999999999996
1999,2,5,AllGrid,3,400,10,45,35,"Hit(CCW,2,WEAK)",252634,11374.9,0,53,53,A1N,0.6,1.76918,0.875,0.275
99,4,13,AllGrid,3,400,10,45,48,"Hit(CW,12,WEAK)",18989,1426.24,0,57,57,A1N,0.335,1.3277,0.635,0.3
964,0,8,AllGrid,3,400,10,45,45,"Hit(CCW,5,WEAK)",173909,9105.73,0,63,63,A1N,-0.295,1.76011,-0.295,0.0
6357,7,5,AllGrid,3,400,10,45,18,"Draw(CW,L4)",264949,13626.4,0,75,75,A1N,0.675,2.11881,0.895,0.21999999999999997
632,7,12,AllGrid,3,400,10,45,56,"Hit(CW,11,MIDDLE)",62827,4128.45,0,81,81,A1N,-0.215,1.88382,-0.195,0.01999999999999999
3130,2,11,AllGrid,3,400,10,45,32,"Hit(CW,0,TOUCH)",97412,6666.18,0,91,91,A1N,0.93,1.5922,1.315,0.3849999999999999
2941,4,13,AllGrid,3,400,10,45,18,"Draw(CW,L4)",61211,5826.78,0,125,125,A1N,0.96,1.56474,1.365,0.405
6374,0,11,AllGrid,3,400,10,45,38,"Hit(CW,2,STRONG)",100941,7111.53,0,113,113,A1N,0.86,2.09294,1.54,0.68
156,7,14,AllGrid,3,400,10,45,67,"Hit(CCW,7,MIDDLE)",18199,1794.39,0,145,145,A1N,0.565,1.4338,1.105,0.54
1570,1,4,AllGrid,3,400,10,45,17,"Draw(CCW,L3)",285896,12930.0,0,49,49,A1N,-0.62,1.8071,-0.32,0.3
7117,6,12,AllGrid,3,400,10,45,35,"Hit(CCW,11,WEAK)",51581,3004.04,0,49,49,A1N,-0.14,1.36396,-0.14,0.0
6164,7,6,AllGrid,3,400,10,45,44,"PostGuard(CW,4,1)",228914,10404.6,0,49,49,A1N,-0.38,1.97626,-0.25,0.13
4376,5,5,AllGrid,3,400,10,45,36,"Hit(CW,0,MIDDLE)",264843,10605.5,0,75,75,A1N,0.45,2.0994,0.9,0.45
4444,0,12,AllGrid,3,400,10,45,66,"PostGuard(CW,6,2)",64609,4395.46,0,75,75,A1N,-0.845,1.77228,-0.345,0.5
5083,5,6,AllGrid,3,400,10,45,52,"Hit(CW,5,TOUCH)",241773,12030.3,0,81,81,A1N,-0.835,2.23109,-0.245,0.59
894,4,13,AllGrid,3,400,10,45,88,"PostGuard(CW,3,1)",44213,3836.96,0,105,105,A1N,1.355,1.29575,2.14,0.7850000000000001
8445,1,11,AllGrid,3,400,10,45,97,"PostGuard(CCW,9,0)",108825,7612.95,0,103,103,A1N,2.31,1.82316,2.34,0.029999999999999805
7871,7,15,AllGrid,3,400,10,45,57,"Hit(CCW,4,MIDDLE)",551,30.4653,0,151,151,A1N,3.095,1.50863,3.185,0.08999999999999986
8198,0,4,AllGrid,3,400,10,45,56,"PostGuard(CW,2,2)",287121,10631.3,0,59,59,A1N,-0.93,2.18062,-0.365,0.5650000000000001
6829,6,13,AllGrid,3,400,10,45,45,"Hit(CCW,12,WEAK)",19738,1502.21,0,53,53,A1N,0.45,1.30671,0.45,0.0
4702,2,8,AllGrid,3,400,10,45,1,"Draw(CCW,TEE)",170272,7697.13,0,49,49,A1N,-0.225,1.82329,-0.045,0.18
4058,3,5,AllGrid,3,400,10,45,53,"PostGuard(CCW,1,0)",264041,11653.4,0,71,71,A1N,0.75,2.05852,0.985,0.235
7591,4,13,AllGrid,3,400,10,45,0,"Draw(CW,TEE)",43181,3750.72,0,97,97,A1N,2.94,1.27922,3.245,0.30500000000000016
1445,7,8,AllGrid,3,400,10,45,37,"Hit(CCW,7,TOUCH)",177022,8543.31,0,65,65,A1N,-0.54,1.83259,-0.23,0.31000000000000005
5373,5,13,AllGrid,3,400,10,45,43,"Hit(CCW,4,TOUCH)",47992,4269.11,0,107,107,A1N,1.71,1.57032,1.945,0.2350000000000001
5423,3,9,AllGrid,3,400,10,45,59,"Hit(CCW,4,STRONG)",162805,8796.77,0,103,103,A1N,0.97,2.27796,0.97,0.0
1644,5,15,AllGrid,3,400,10,45,25,"Draw(CCW,L7)",535,34.7999,0,135,135,A1N,-0.35,1.16512,-0.35,0.0
6839,5,3,AllGrid,3,400,10,45,27,"PreGuard(CCW,G3)",314861,11564.9,0,55,55,A1N,0.77,1.97917,1.225,0.45500000000000007
1063,2,15,AllGrid,3,400,10,45,34,"Hit(CW,12,WEAK)",455,15.3266,0,55,55,A1N,1.905,0.293215,1.905,0.0
3774,5,6,AllGrid,3,400,10,45,3,"Draw(CCW,S0)",234075,9480.01,0,65,65,A1N,-0.395,1.92067,-0.215,0.18000000000000002
7844,2,5,AllGrid,3,400,10,45,36,"Hit(CW,0,MIDDLE)",263914,10850.2,0,71,71,A1N,0.51,1.94933,1.02,0.51
5770,5,13,AllGrid,3,400,10,45,42,"Hit(CW,4,TOUCH)",37559,3213.63,0,91,91,A1N,0.855,1.43665,1.12,0.2650000000000001
7977,6,14,AllGrid,3,400,10,46,39,"Hit(CCW,1,STRONG)",18386,1804.65,0,145,145,A1N,-1.79,1.50197,-1.635,0.15500000000000003
3926,6,11,AllGrid,3,400,10,46,65,"Hit(CCW,6,WEAK)",114912,8989.06,0,123,123,A1N,0.32,1.88881,0.425,0.10499999999999998
3883,1,14,AllGrid,3,400,10,46,0,"Draw(CW,TEE)",1814,102.58,0,37,37,A1N,-0.29,0.925149,-0.075,0.21499999999999997
9222,7,5,AllGrid,3,400,10,46,4,"Draw(CW,S2)",245416,11968.9,0,37,37,A1N,1.29,1.91987,1.315,0.02499999999999991
7881,2,15,AllGrid,3,400,10,46,86,"Hit(CW,12,MIDDLE)",529,29.1536,0,129,129,A1N,1.48,2.06388,1.72,0.24
6406,1,10,AllGrid,3,400,10,46,42,"Hit(CW,9,TOUCH)",113940,6946.33,0,59,59,A1N,-0.66,1.80677,-0.385,0.275
8452,5,15,AllGrid,3,400,10,46,89,"Hit(CCW,10,STRONG)",553,37.9238,0,153,153,A1N,1.935,0.246526,1.935,0.0
1028,6,15,AllGrid,3,400,10,46,1,"Draw(CCW,TEE)",551,36.7986,0,151,151,A1N,1.0,0.0,1.0,0.0
2596,1,14,AllGrid,3,400,10,46,45,"Hit(CCW,3,WEAK)",18220,1804.09,0,145,145,A1N,1.385,1.7137,1.97,0.585
4748,1,3,AllGrid,3,400,10,46,7,"Draw(CCW,S4)",312473,15889.7,0,49,49,A1N,0.445,1.85121,0.985,0.54
9206,3,13,AllGrid,3,400,10,46,34,"Hit(CW,12,WEAK)",18469,1368.92,0,49,49,A1N,1.73,1.43774,1.73,0.0
5859,1,6,AllGrid,3,400,10,46,40,"Freeze(CW,1)",233834,13334.6,0,65,65,A1N,-0.36,1.87094,-0.015,0.345
6871,4,5,AllGrid,3,400,10,46,35,"Hit(CCW,0,WEAK)",262421,14498.2,0,71,71,A1N,0.5,2.02731,1.32,0.8200000000000001
7163,3,13,AllGrid,3,400,10,46,64,"Hit(CW,12,WEAK)",34496,3116.93,0,85,85,A1N,2.285,1.58864,2.465,0.17999999999999972
5807,0,8,AllGrid,3,400,10,46,64,"PostGuard(CW,2,1)",185775,11463.9,0,81,81,A1N,-0.215,1.98211,0.03,0.245
5567,2,15,AllGrid,3,400,10,46,2,"Draw(CW,S0)",529,33.3484,0,129,129,A1N,1.735,0.784076,1.93,0.19499999999999984
2507,3,11,AllGrid,3,400,10,46,40,"Hit(CW,4,MIDDLE)",102833,7660.86,0,107,107,A1N,1.665,2.33298,1.715,0.050000000000000044
7006,3,15,AllGrid,3,400,10,46,47,"Hit(CCW,4,MIDDLE)",545,39.1105,0,145,145,A1N,-0.97,0.314802,-0.97,0.0
1984,6,4,AllGrid,3,400,10,46,45,"Hit(CCW,3,WEAK)",288623,15487.8,0,59,59,A1N,-0.475,1.99233,-0.31,0.16499999999999998
1845,7,14,AllGrid,3,400,10,46,49,"PostGuard(CCW,12,0)",3735,269.565,0,55,55,A1N,1.13,1.82841,1.44,0.31000000000000005
5780,2,6,AllGrid,3,400,10,46,43,"PostGuard(CCW,0,0)",225638,11810.2,0,49,49,A1N,-1.08,1.87446,-0.375,0.7050000000000001
8645,7,5,AllGrid,3,400,10,46,45,"Hit(CCW,2,WEAK)",265409,14958.7,0,71,71,A1N,0.625,2.02346,0.92,0.29500000000000004
6132,0,13,AllGrid,3,400,10,46,84,"PostGuard(CW,11,2)",42026,4214.83,0,87,87,A1N,2.32,0.988737,2.62,0.30000000000000027
3339,4,10,AllGrid,3,400,10,46,42,"Hit(CW,9,TOUCH)",122617,7670.37,0,71,71,A1N,-0.5,1.88944,-0.305,0.195
3566,6,14,AllGrid,3,400,10,46,67,"Hit(CCW,9,MIDDLE)",14324,1435.02,0,129,129,A1N,0.69,1.51456,1.01,0.32000000000000006
5523,3,9,AllGrid,3,400,10,46,39,"Hit(CCW,0,STRONG)",159054,10998.3,0,103,103,A1N,0.265,1.92478,0.74,0.475
7015,5,14,AllGrid,3,400,10,46,11,"Draw(CCW,L0)",18376,1834.72,0,145,145,A1N,-1.135,1.92789,-1.135,0.0
743,7,3,AllGrid,3,400,10,46,23,"Draw(CCW,L6)",316667,16182.5,0,55,55,A1N,0.74,2.00808,0.98,0.24
1014,4,15,AllGrid,3,400,10,46,10,"Draw(CW,L0)",461,21.7794,0,61,61,A1N,3.325,1.27255,3.325,0.0
3900,0,10,AllGrid,3,400,10,46,6,"Draw(CW,S4)",113441,6889.27,0,55,55,A1N,-0.195,1.84851,0.305,0.5
4543,6,5,AllGrid,3,400,10,46,38,"Hit(CW,0,STRONG)",262612,14667.2,0,71,71,A1N,0.865,1.93307,1.09,0.2250000000000001
9231,5,14,AllGrid,3,400,10,46,49,"Hit(CCW,5,STRONG)",8537,718.158,0,101,101,A1N,1.235,1.50989,2.025,0.7899999999999998
1825,5,7,AllGrid,3,400,10,46,33,"Hit(CCW,2,TOUCH)",208217,11998.9,0,77,77,A1N,0.68,2.02919,0.865,0.18499999999999994
4062,4,15,AllGrid,3,400,10,46,89,"Hit(CCW,14,STRONG)",517,27.8765,0,117,117,A1N,-1.225,1.01211,-0.475,0.7500000000000001
9882,2,11,AllGrid,3,400,10,46,46,"Hit(CW,4,MIDDLE)",102456,7916.46,0,109,109,A1N,1.295,2.01444,1.295,0.0
2998,6,14,AllGrid,3,400,10,46,36,"Hit(CW,1,MIDDLE)",18175,2254.15,0,145,145,A1N,2.595,1.01537,2.895,0.2999999999999998
1555,2,3,AllGrid,3,400,10,46,24,"Draw(CW,L7)",315381,16371.0,0,55,55,A1N,0.6,2.00749,1.1,0.5000000000000001
4372,4,14,AllGrid,3,400,10,46,7,"Draw(CCW,S4)",2976,197.522,0,49,49,A1N,-0.345,1.09361,0.095,0.43999999999999995
3732,7,7,AllGrid,3,400,10,46,4,"Draw(CW,S2)",191193,9813.04,0,49,49,A1N,0.635,1.71224,1.125,0.49
3858,5,5,AllGrid,3,400,10,46,59,"Hit(CCW,4,STRONG)",265664,15451.7,0,75,75,A1N,0.605,2.08542,0.885,0.28
1938,0,14,AllGrid,3,400,10,46,35,"Hit(CCW,9,WEAK)",8196,1024.38,0,93,93,A1N,1.37,1.80086,1.43,0.05999999999999983
9112,3,9,AllGrid,3,400,10,46,11,"Draw(CCW,L0)",146973,8489.01,0,75,75,A1N,0.555,2.00174,0.76,0.20499999999999996
4157,3,12,AllGrid,3,400,10,46,36,"Hit(CW,3,MIDDLE)",76501,5925.28,0,107,107,A1N,-0.705,1.59937,-0.705,0.0
7373,1,11,AllGrid,3,400,10,46,33,"Hit(CCW,2,TOUCH)",101830,7264.08,0,103,103,A1N,1.09,1.32359,1.175,0.08499999999999996
7173,4,15,AllGrid,3,400,10,46,2,"Draw(CW,S0)",551,40.0912,0,151,151,A1N,1.905,0.293215,2.0,0.09499999999999997
196,4,4,AllGrid,3,400,10,46,9,"Draw(CCW,S6)",285003,13981.3,0,49,49,A1N,-0.475,2.24486,-0.22,0.255
2630,2,14,AllGrid,3,400,10,46,35,"Hit(CCW,11,WEAK)",3989,266.509,0,59,59,A1N,-1.175,1.17234,-1.07,0.10499999999999998
5731,2,10,AllGrid,3,400,10,46,9,"Draw(CCW,S6)",101828,4799.53,0,43,43,A1N,-1.34,1.80122,-0.555,0.785
9518,4,5,AllGrid,3,400,10,46,48,"Hit(CW,2,STRONG)",265838,14244.3,0,71,71,A1N,0.655,1.89102,0.985,0.32999999999999996
8211,7,12,AllGrid,3,400,10,46,2,"Draw(CW,S0)",65977,4372.34,0,79,79,A1N,-1.155,1.79749,-0.815,0.3400000000000001
5392,3,13,AllGrid,3,400,10,46,54,"Hit(CW,4,WEAK)",62915,5985.67,0,135,135,A1N,-1.365,1.89256,-1.005,0.3600000000000001
4262,4,2,AllGrid,3,400,10,46,0,"Draw(CW,TEE)",345398,16529.3,0,49,49,A1N,-0.875,1.90771,-0.465,0.41
6230,1,12,AllGrid,3,400,10,46,35,"Hit(CCW,11,WEAK)",48489,2673.9,0,49,49,A1N,-0.215,1.43484,-0.215,0.0
3543,4,7,AllGrid,3,400,10,46,42,"PostGuard(CW,1,0)",193542,9586.62,0,55,55,A1N,0.985,1.87477,1.025,0.039999999999999925
1784,6,5,AllGrid,3,400,10,46,44,"Hit(CW,2,WEAK)",264143,14069.8,0,71,71,A1N,1.05,2.16044,1.05,0.0
4905,4,14,AllGrid,3,400,10,46,34,"Hit(CW,5,WEAK)",8847,716.33,0,101,101,A1N,-1.98,1.72325,-1.65,0.33000000000000007
3837,2,10,AllGrid,3,400,10,46,39,"Hit(CCW,7,STRONG)",120693,7132.24,0,71,71,A1N,-0.555,1.77397,-0.455,0.10000000000000003
2854,0,15,AllGrid,3,400,10,46,68,"Hit(CW,14,STRONG)",503,26.5518,0,103,103,A1N,0.895,1.76181,1.18,0.2849999999999999
1221,1,10,AllGrid,3,400,10,46,66,"Hit(CW,7,MIDDLE)",137699,9754.14,0,113,113,A1N,-0.785,1.75464,-0.575,0.21000000000000008
7301,6,14,AllGrid,3,400,10,46,1,"Draw(CCW,TEE)",17890,1765.02,0,145,145,A1N,1.945,0.22798,1.985,0.040000000000000036
5248,0,3,AllGrid,3,400,10,46,35,"Hit(CCW,2,WEAK)",316429,15019.7,0,49,49,A1N,1.175,2.27032,1.33,0.15500000000000003
2545,3,15,AllGrid,3,400,10,46,0,"Draw(CW,TEE)",461,18.9863,0,61,61,A1N,2.98,0.14,2.98,0.0
6335,1,11,AllGrid,3,400,10,46,34,"Hit(CW,6,WEAK)",74434,3729.72,0,53,53,A1N,1.125,1.49645,1.125,0.0
8275,4,5,AllGrid,3,400,10,46,46,"Hit(CW,2,MIDDLE)",260693,13878.5,0,71,71,A1N,0.635,1.97782,1.005,0.3699999999999999
963,5,13,AllGrid,3,400,10,46,32,"Hit(CW,8,TOUCH)",40634,3416.75,0,89,89,A1N,0.93,1.75645,1.235,0.30500000000000005
176,5,11,AllGrid,3,400,10,46,84,"PostGuard(CW,5,0)",104278,6953.32,0,97,97,A1N,1.505,2.11423,1.585,0.08000000000000007
2199,1,13,AllGrid,3,400,10,46,18,"Draw(CW,L4)",54766,4977.93,0,119,119,A1N,-0.395,1.59655,0.25,0.645
8298,3,11,AllGrid,3,400,10,46,79,"Hit(CCW,8,STRONG)",111776,8414.69,0,119,119,A1N,1.135,1.97656,1.185,0.050000000000000044
6729,2,14,AllGrid,3,400,10,46,66,"Hit(CW,9,MIDDLE)",15743,1498.98,0,135,135,A1N,-0.345,1.32513,0.665,1.01
8119,5,4,AllGrid,3,400,10,46,33,"Hit(CCW,1,TOUCH)",291769,15250.5,0,65,65,A1N,-0.405,1.97256,-0.18,0.22500000000000003
8189,0,14,AllGrid,3,400,10,46,34,"Hit(CW,13,WEAK)",3938,274.804,0,55,55,A1N,-0.055,1.26173,0.025,0.08
9791,0,8,AllGrid,3,400,10,46,48,"PostGuard(CW,6,0)",173509,8919.19,0,55,55,A1N,-0.11,1.88359,-0.11,0.0
5487,5,5,AllGrid,3,400,10,46,52,"PostGuard(CW,1,0)",262375,13723.7,0,71,71,A1N,0.93,2.10597,1.085,0.15499999999999992
4950,0,15,AllGrid,3,400,10,46,48,"Hit(CW,14,STRONG)",471,18.3797,0,71,71,A1N,0.83,1.64046,0.83,0.0
9143,3,7,AllGrid,3,400,10,46,75,"PostGuard(CCW,7,0)",209939,11868.1,0,81,81,A1N,0.665,1.79799,1.135,0.47
4517,4,13,AllGrid,3,400,10,46,62,"Hit(CW,8,TOUCH)",57731,5432.81,0,123,123,A1N,1.27,0.779166,1.535,0.2649999999999999
2994,5,10,AllGrid,3,400,10,46,45,"Hit(CCW,3,WEAK)",140865,9941.47,0,113,113,A1N,-0.405,1.97762,0.045,0.45
961,6,13,AllGrid,3,400,10,46,37,"Hit(CCW,0,MIDDLE)",64849,6202.67,0,139,139,A1N,-2.09,1.63153,-1.735,0.35499999999999976
1566,1,3,AllGrid,3,400,10,46,32,"Hit(CW,0,TOUCH)",316896,15858.1,0,59,59,A1N,0.795,2.18013,0.975,0.17999999999999994
1686,6,15,AllGrid,3,400,10,46,0,"Draw(CW,TEE)",449,17.8347,0,49,49,A1N,1.0,0.0,1.0,0.0
1201,0,6,AllGrid,3,400,10,46,7,"Draw(CCW,S4)",229749,11456.1,0,53,53,A1N,-0.385,1.91749,-0.385,0.0
5494,4,5,AllGrid,3,400,10,46,24,"Draw(CW,L7)",266561,14233.9,0,75,75,A1N,0.46,2.00709,1.21,0.75
2492,4,15,AllGrid,3,400,10,46,42,"Hit(CW,10,TOUCH)",475,22.2653,0,75,75,A1N,1.65,0.638357,1.65,0.0
8959,1,11,AllGrid,3,400,10,46,43,"Hit(CCW,6,TOUCH)",102261,7209.81,0,97,97,A1N,0.785,1.8327,1.26,0.475
1671,0,15,AllGrid,3,400,10,46,79,"Hit(CCW,12,STRONG)",517,26.8593,0,117,117,A1N,2.485,1.71749,2.74,0.25500000000000034
1385,7,11,AllGrid,3,400,10,46,79,"PostGuard(CCW,5,0)",102214,6637.26,0,103,103,A1N,1.075,1.71737,1.18,0.10499999999999998
6872,1,14,AllGrid,3,400,10,46,37,"Hit(CCW,3,MIDDLE)",16513,1681.35,0,135,135,A1N,-0.395,1.79693,1.02,1.415
8785,1,4,AllGrid,3,400,10,46,3,"Draw(CCW,S0)",286465,14140.9,0,49,49,A1N,-0.335,1.88753,-0.32,0.015000000000000013
1835,0,15,AllGrid,3,400,10,46,55,"Hit(CCW,14,WEAK)",469,15.9369,0,69,69,A1N,1.235,1.19573,1.235,0.0
6216,7,8,AllGrid,3,400,10,46,29,"PreGuard(CCW,G4)",171062,8493.02,0,55,55,A1N,-0.34,1.89853,0.075,0.41500000000000004
8471,6,5,AllGrid,3,400,10,46,0,"Draw(CW,TEE)",265766,14327.2,0,75,75,A1N,0.745,1.83575,1.06,0.31500000000000006
256,3,12,AllGrid,3,400,10,46,46,"Hit(CW,11,MIDDLE)",64867,4452.8,0,77,77,A1N,0.495,1.85741,0.495,0.0
5778,2,9,AllGrid,3,400,10,46,72,"PostGuard(CW,1,0)",159218,9597.42,0,97,97,A1N,0.915,1.80493,0.915,0.0
6320,4,15,AllGrid,3,400,10,46,39,"Hit(CCW,4,STRONG)",503,23.3689,0,103,103,A1N,-0.22,1.52368,-0.055,0.165
1638,4,11,AllGrid,3,400,10,46,57,"Hit(CCW,6,MIDDLE)",102768,6964.63,0,103,103,A1N,0.5,1.93132,0.715,0.21499999999999997
2310,6,15,AllGrid,3,400,10,46,75,"Hit(CCW,10,WEAK)",535,30.6311,0,135,135,A1N,1.315,2.48913,2.215,0.8999999999999999
7921,5,4,AllGrid,3,400,10,46,40,"Freeze(CW,1)",284668,14198.2,0,49,49,A1N,-0.595,2.02509,-0.205,0.39
1361,1,12,AllGrid,3,400,10,46,46,"Hit(CW,11,MIDDLE)",54331,3301.5,0,59,59,A1N,-0.465,1.52603,0.19,0.655
5041,1,8,AllGrid,3,400,10,46,41,"Freeze(CCW,7)",172217,9075.44,0,55,55,A1N,0.14,1.91583,0.14,0.0
5033,7,5,AllGrid,3,400,10,46,52,"PostGuard(CW,1,0)",262544,14110.0,0,71,71,A1N,0.645,1.8652,1.165,0.52
5022,1,15,AllGrid,3,400,10,46,39,"Hit(CCW,4,STRONG)",489,23.9246,0,89,89,A1N,1.105,0.902206,1.25,0.14500000000000002
9907,7,9,AllGrid,3,400,10,46,49,"Hit(CCW,6,STRONG)",139836,7358.47,0,65,65,A1N,0.59,1.70936,1.01,0.42000000000000004
8627,2,12,AllGrid,3,400,10,46,89,"PostGuard(CCW,6,2)",74023,5585.09,0,103,103,A1N,0.415,1.28949,0.415,0.0
1641,6,10,AllGrid,3,400,10,46,69,"Hit(CCW,7,STRONG)",141450,10637.7,0,113,113,A1N,-0.255,2.00997,0.31,0.565
7249,2,15,AllGrid,3,400,10,46,0,"Draw(CW,TEE)",539,31.807,0,139,139,A1N,1.0,0.0,1.0,0.0
4837,7,2,AllGrid,3,400,10,46,46,"PostGuard(CW,0,2)",344457,17223.5,0,49,49,A1N,-0.525,2.06625,-0.18,0.34500000000000003
1039,2,15,AllGrid,3,400,10,46,34,"Hit(CW,14,WEAK)",443,14.4547,0,43,43,A1N,0.945,0.22798,0.955,0.010000000000000009
7846,3,10,AllGrid,3,400,10,46,44,"Hit(CW,9,WEAK)",116112,6449.93,0,65,65,A1N,-0.24,1.86612,-0.12,0.12
5246,2,5,AllGrid,3,400,10,46,44,"Hit(CW,2,WEAK)",267289,14668.1,0,75,75,A1N,0.945,1.94987,1.025,0.07999999999999996
4166,2,12,AllGrid,3,400,10,46,49,"Hit(CCW,11,WEAK)",61388,3996.33,0,75,75,A1N,0.19,1.65647,0.19,0.0
6533,4,6,AllGrid,3,400,10,46,7,"Draw(CCW,S4)",240782,13623.3,0,81,81,A1N,0.04,2.08768,0.615,0.575
5721,0,12,AllGrid,3,400,10,46,34,"Hit(CW,1,WEAK)",87673,7215.97,0,123,123,A1N,1.28,1.88457,1.945,0.665
4463,7,9,AllGrid,3,400,10,46,54,"Hit(CW,4,WEAK)",161683,10385.5,0,103,103,A1N,0.81,1.83409,1.03,0.21999999999999997
5606,2,14,AllGrid,3,400,10,46,46,"Hit(CW,3,MIDDLE)",16564,1548.51,0,139,139,A1N,0.515,1.59993,0.54,0.025000000000000022
1123,4,3,AllGrid,3,400,10,46,43,"PostGuard(CCW,1,0)",313157,15434.3,0,55,55,A1N,0.505,1.93907,1.04,0.535
8113,3,15,AllGrid,3,400,10,46,33,"Hit(CCW,8,TOUCH)",469,21.1519,0,69,69,A1N,1.0,0.0,1.0,0.0
716,6,7,AllGrid,3,400,10,46,34,"Hit(CW,4,WEAK)",198156,10014.5,0,55,55,A1N,0.795,1.80914,1.015,0.21999999999999986
459,3,5,AllGrid,3,400,10,46,39,"Hit(CCW,0,STRONG)",261496,13309.2,0,71,71,A1N,0.9,1.88414,1.05,0.15000000000000002
9287,7,12,AllGrid,3,400,10,46,38,"Hit(CW,11,WEAK)",57558,3429.58,0,65,65,A1N,-0.31,1.57286,-0.31,0.0
5647,1,10,AllGrid,3,400,10,46,53,"Hit(CCW,7,TOUCH)",129565,7867.32,0,91,91,A1N,-0.23,1.95885,0.33,0.56
4562,4,13,AllGrid,3,400,10,46,78,"Hit(CW,8,STRONG)",60744,5894.23,0,129,129,A1N,1.755,1.39103,1.765,0.010000000000000009
6201,5,11,AllGrid,3,400,10,46,63,"Hit(CCW,6,TOUCH)",108049,7997.96,0,107,107,A1N,0.765,1.64005,0.765,0.0
9166,3,14,AllGrid,3,400,10,46,59,"Hit(CCW,5,STRONG)",15223,1485.19,0,139,139,A1N,0.22,1.69458,0.995,0.775
8703,4,3,AllGrid,3,400,10,46,39,"Hit(CCW,0,STRONG)",315064,14663.4,0,49,49,A1N,0.92,1.98837,1.18,0.2599999999999999
1616,0,14,AllGrid,3,400,10,46,33,"Hit(CCW,7,TOUCH)",4469,310.734,0,69,69,A1N,0.86,1.35292,0.86,0.0
5809,3,9,AllGrid,3,400,10,46,45,"Hit(CCW,8,WEAK)",134674,6552.8,0,53,53,A1N,0.705,1.72278,0.78,0.07500000000000007
4651,6,5,AllGrid,3,400,10,46,0,"Draw(CW,TEE)",263495,14050.8,0,71,71,A1N,0.58,2.06243,0.915,0.3350000000000001
8894,2,15,AllGrid,3,400,10,46,2,"Draw(CW,S0)",479,21.5272,0,79,79,A1N,1.885,0.437921,1.885,0.0
2369,6,9,AllGrid,3,400,10,46,6,"Draw(CW,S4)",151469,8680.88,0,79,79,A1N,0.34,1.82603,0.69,0.3499999999999999
1083,7,15,AllGrid,3,400,10,46,59,"Hit(CCW,12,STRONG)",503,25.8275,0,103,103,A1N,0.74,1.80621,0.74,0.0
366,3,11,AllGrid,3,400,10,46,76,"Hit(CW,8,MIDDLE)",111904,8517.84,0,119,119,A1N,1.315,2.30126,1.555,0.24
6354,2,15,AllGrid,3,400,10,46,83,"Hit(CCW,10,TOUCH)",551,34.2406,0,151,151,A1N,1.34,0.473709,1.535,0.19499999999999984
9260,7,2,AllGrid,3,400,10,46,46,"PostGuard(CW,0,2)",343349,16546.7,0,49,49,A1N,-0.5,2.0567,-0.21,0.29000000000000004
6267,4,12,AllGrid,3,400,10,46,2,"Draw(CW,S0)",55748,3266.24,0,55,55,A1N,-0.4,1.52971,-0.025,0.375
1158,6,8,AllGrid,3,400,10,46,56,"PostGuard(CW,4,2)",174744,8944.88,0,65,65,A1N,0.39,2.06589,0.39,0.0
6520,1,5,AllGrid,3,400,10,46,50,"Freeze(CW,2)",265537,14845.4,0,75,75,A1N,1.175,1.89324,1.215,0.040000000000000036
2099,0,14,AllGrid,3,400,10,46,33,"Hit(CCW,7,TOUCH)",7790,630.068,0,91,91,A1N,0.09,1.26171,0.56,0.4700000000000001
4892,6,10,AllGrid,3,400,10,46,74,"Hit(CW,9,WEAK)",128444,8501.19,0,101,101,A1N,-0.61,1.91779,0.185,0.7949999999999999
7859,3,14,AllGrid,3,400,10,46,78,"Hit(CW,11,STRONG)",14574,1377.4,0,129,129,A1N,-0.09,1.65587,0.515,0.605
2084,7,10,AllGrid,3,400,10,46,93,"PostGuard(CCW,2,2)",142790,10129.5,0,113,113,A1N,1.86,1.81119,2.465,0.6049999999999998
5335,1,14,AllGrid,3,400,10,46,88,"Hit(CW,11,STRONG)",19065,1997.04,0,145,145,A1N,-0.13,1.48428,0.485,0.615
5272,2,4,AllGrid,3,400,10,46,40,"Freeze(CW,1)",287041,14315.5,0,53,53,A1N,-0.54,2.14905,-0.41,0.13000000000000006
5472,3,13,AllGrid,3,400,10,46,38,"Hit(CW,4,STRONG)",23639,1885.32,0,69,69,A1N,0.535,1.53583,0.7,0.16499999999999992
4526,5,9,AllGrid,3,400,10,46,0,"Draw(CW,TEE)",144461,7940.17,0,65,65,A1N,0.685,1.68694,0.685,0.0
6392,2,5,AllGrid,3,400,10,46,57,"Hit(CCW,4,MIDDLE)",265263,14733.8,0,75,75,A1N,0.785,1.98463,1.075,0.2899999999999999
1255,4,13,AllGrid,3,400,10,46,69,"Hit(CCW,12,STRONG)",37054,3099.21,0,91,91,A1N,2.34,1.67762,2.34,0.0
5259,3,8,AllGrid,3,400,10,46,83,"PostGuard(CCW,2,2)",193608,12367.4,0,97,97,A1N,0.765,2.01985,0.965,0.19999999999999996
7905,3,15,AllGrid,3,400,10,46,56,"Hit(CW,10,MIDDLE)",503,23.9058,0,103,103,A1N,2.765,1.17037,2.865,0.10000000000000009
4159,5,11,AllGrid,3,400,10,46,60,"Freeze(CW,8)",105965,8338.29,0,103,103,A1N,0.42,1.80931,0.765,0.34500000000000003
2788,5,13,AllGrid,3,400,10,46,77,"Hit(CCW,8,MIDDLE)",61596,5990.13,0,139,139,A1N,2.82,2.21531,3.115,0.2950000000000004
4360,7,4,AllGrid,3,400,10,46,49,"Hit(CCW,3,STRONG)",288713,14668.7,0,59,59,A1N,-0.51,1.88412,-0.47,0.040000000000000036
8248,7,13,AllGrid,3,400,10,46,51,"Freeze(CCW,8)",26247,2083.72,0,59,59,A1N,1.03,1.44537,1.49,0.45999999999999996
2081,5,9,AllGrid,3,400,10,46,44,"Hit(CW,8,WEAK)",141713,7260.29,0,53,53,A1N,0.585,1.70669,0.865,0.28
1265,4,5,AllGrid,3,400,10,46,39,"Hit(CCW,0,STRONG)",263161,13473.7,0,71,71,A1N,0.665,1.9603,0.89,0.22499999999999998
3677,7,15,AllGrid,3,400,10,46,54,"Hit(CW,14,WEAK)",475,18.3857,0,75,75,A1N,1.695,0.960195,1.695,0.0
477,2,10,AllGrid,3,400,10,46,43,"Hit(CCW,7,TOUCH)",126489,7527.57,0,81,81,A1N,-0.375,2.01603,-0.245,0.13
8462,7,13,AllGrid,3,400,10,46,63,"Hit(CCW,10,TOUCH)",52810,4895.97,0,115,115,A1N,1.845,1.73522,2.63,0.7849999999999999
3186,1,11,AllGrid,3,400,10,46,58,"Hit(CW,4,STRONG)",100944,7474.12,0,119,119,A1N,0.815,2.07624,1.3,0.4850000000000001
8936,4,15,AllGrid,3,400,10,46,1,"Draw(CCW,TEE)",545,34.5458,0,145,145,A1N,0.825,0.578252,1.015,0.18999999999999995
966,6,3,AllGrid,3,400,10,46,19,"Draw(CCW,L4)",316047,15106.2,0,55,55,A1N,0.64,2.12377,1.15,0.5099999999999999
232,1,13,AllGrid,3,400,10,46,7,"Draw(CCW,S4)",25337,2008.17,0,59,59,A1N,1.575,1.22245,1.575,0.0
3968,6,10,AllGrid,3,400,10,46,29,"PreGuard(CCW,G4)",107436,5301.72,0,49,49,A1N,0.95,1.78536,0.95,0.0
2440,2,5,AllGrid,3,400,10,46,30,"PreGuard(CW,G5)",262780,13573.3,0,71,71,A1N,0.645,1.89182,1.17,0.5249999999999999
1624,6,15,AllGrid,3,400,10,46,2,"Draw(CW,S0)",491,22.5966,0,91,91,A1N,1.26,0.58515,1.265,0.004999999999999893
9851,7,8,AllGrid,3,400,10,46,61,"Freeze(CCW,7)",180836,10687.9,0,81,81,A1N,-0.06,2.07036,0.155,0.215
9879,2,15,AllGrid,3,400,10,46,0,"Draw(CW,TEE)",517,28.7302,0,117,117,A1N,2.8,0.519615,3.125,0.3250000000000002
9832,1,9,AllGrid,3,400,10,46,6,"Draw(CW,S4)",162552,10888.5,0,103,103,A1N,1.035,1.58549,1.24,0.20500000000000007
4221,2,14,AllGrid,3,400,10,46,5,"Draw(CCW,S2)",17434,1812.09,0,145,145,A1N,0.32,1.69635,1.555,1.2349999999999999
1999,2,5,AllGrid,3,400,10,46,24,"Draw(CW,L7)",251339,11428.6,0,53,53,A1N,0.42,1.94515,0.875,0.455
99,4,13,AllGrid,3,400,10,46,49,"Hit(CCW,12,WEAK)",18403,1336.94,0,57,57,A1N,0.635,1.17974,0.635,0.0
964,0,8,AllGrid,3,400,10,46,7,"Draw(CCW,S4)",173013,9069.34,0,63,63,A1N,-0.76,1.9551,-0.295,0.465
6357,7,5,AllGrid,3,400,10,46,28,"PreGuard(CW,G4)",266671,13204.3,0,75,75,A1N,0.525,1.93116,0.895,0.37
632,7,12,AllGrid,3,400,10,46,56,"Hit(CW,11,MIDDLE)",64288,4261.16,0,81,81,A1N,-0.215,1.88382,-0.195,0.01999999999999999
3130,2,11,AllGrid,3,400,10,46,6,"Draw(CW,S4)",99713,6781.96,0,91,91,A1N,1.08,1.58543,1.315,0.23499999999999988
2941,4,13,AllGrid,3,400,10,46,111,"PostGuard(CCW,9,2)",57957,5299.71,0,125,125,A1N,0.97,1.46257,1.365,0.395
6374,0,11,AllGrid,3,400,10,46,46,"Hit(CW,4,MIDDLE)",101484,6996.98,0,113,113,A1N,0.475,2.02962,1.54,1.065
156,7,14,AllGrid,3,400,10,46,58,"Hit(CW,5,STRONG)",18199,1785.32,0,145,145,A1N,1.04,0.921086,1.105,0.06499999999999995
1570,1,4,AllGrid,3,400,10,46,0,"Draw(CW,TEE)",286998,12969.2,0,49,49,A1N,-0.655,1.83738,-0.32,0.335
7117,6,12,AllGrid,3,400,10,46,3,"Draw(CCW,S0)",51135,2984.2,0,49,49,A1N,-0.7,1.42478,-0.14,0.5599999999999999
6164,7,6,AllGrid,3,400,10,46,0,"Draw(CW,TEE)",228334,10024.4,0,49,49,A1N,-0.31,2.04301,-0.25,0.06
4376,5,5,AllGrid,3,400,10,46,48,"Hit(CW,2,STRONG)",265826,11768.4,0,75,75,A1N,0.355,1.84905,0.9,0.545
4444,0,12,AllGrid,3,400,10,46,7,"Draw(CCW,S4)",63983,4186.66,0,75,75,A1N,-0.705,1.80221,-0.345,0.36
5083,5,6,AllGrid,3,400,10,46,63,"PostGuard(CCW,0,0)",243305,11940.9,0,81,81,A1N,-0.74,2.05971,-0.245,0.495
894,4,13,AllGrid,3,400,10,46,58,"Hit(CW,8,WEAK)",44328,3825.64,0,105,105,A1N,1.945,1.41491,2.14,0.19500000000000006
8445,1,11,AllGrid,3,400,10,46,85,"PostGuard(CCW,5,0)",110217,6804.01,0,103,103,A1N,2.135,1.8157,2.34,0.20500000000000007
7871,7,15,AllGrid,3,400,10,46,59,"Hit(CCW,4,STRONG)",551,40.5141,0,151,151,A1N,3.185,1.37869,3.185,0.0
8198,0,4,AllGrid,3,400,10,46,29,"PreGuard(CCW,G4)",290489,12115.9,0,59,59,A1N,-0.715,1.99092,-0.365,0.35
6829,6,13,AllGrid,3,400,10,46,45,"Hit(CCW,12,WEAK)",19437,1426.98,0,53,53,A1N,0.45,1.30671,0.45,0.0
4702,2,8,AllGrid,3,400,10,46,1,"Draw(CCW,TEE)",168650,7711.62,0,49,49,A1N,-0.225,1.82329,-0.045,0.18
4058,3,5,AllGrid,3,400,10,46,59,"PostGuard(CCW,3,0)",265158,11363.7,0,71,71,A1N,0.765,1.88408,0.985,0.21999999999999997
7591,4,13,AllGrid,3,400,10,46,1,"Draw(CCW,TEE)",43023,3537.06,0,97,97,A1N,2.64,1.40371,3.245,0.605
1445,7,8,AllGrid,3,400,10,46,2,"Draw(CW,S0)",177459,7714.65,0,65,65,A1N,-0.51,1.80275,-0.23,0.28
5373,5,13,AllGrid,3,400,10,46,43,"Hit(CCW,4,TOUCH)",48880,4136.59,0,107,107,A1N,1.71,1.57032,1.945,0.2350000000000001
5423,3,9,AllGrid,3,400,10,46,11,"Draw(CCW,L0)",161968,7931.67,0,103,103,A1N,0.735,1.91697,0.97,0.235
1644,5,15,AllGrid,3,400,10,46,87,"Hit(CCW,12,MIDDLE)",535,33.6024,0,135,135,A1N,-1.655,1.90682,-0.35,1.3050000000000002
6839,5,3,AllGrid,3,400,10,46,21,"Draw(CCW,L5)",314212,11310.5,0,55,55,A1N,0.92,2.06969,1.225,0.30500000000000005
1063,2,15,AllGrid,3,400,10,46,34,"Hit(CW,12,WEAK)",455,15.4248,0,55,55,A1N,1.905,0.293215,1.905,0.0
3774,5,6,AllGrid,3,400,10,46,3,"Draw(CCW,S0)",234460,9323.49,0,65,65,A1N,-0.395,1.92067,-0.215,0.18000000000000002
7844,2,5,AllGrid,3,400,10,46,45,"Hit(CCW,2,WEAK)",263417,10542.1,0,71,71,A1N,0.815,2.17733,1.02,0.20500000000000007
5770,5,13,AllGrid,3,400,10,46,44,"Hit(CW,4,WEAK)",37238,2759.28,0,91,91,A1N,0.95,1.66057,1.12,0.17000000000000015
7977,6,14,ClusterValue,3,400,10,42,37,"Hit(CCW,1,MIDDLE)",8007,401.778,0,145,8,A9P5N,-1.635,1.47369,-1.635,0.0
3926,6,11,ClusterValue,3,400,10,42,76,"Hit(CW,8,MIDDLE)",89891,4865.6,0,123,8,A9P5N,0.38,1.95591,0.425,0.044999999999999984
3883,1,14,ClusterValue,3,400,10,42,18,"Draw(CW,L4)",2742,84.9023,0,37,8,A9P5N,-0.355,0.893854,-0.075,0.27999999999999997
9222,7,5,ClusterValue,3,400,10,42,20,"Draw(CW,L5)",253500,11210.7,0,37,8,A9P5N,1.125,2.01727,1.315,0.18999999999999995
7881,2,15,ClusterValue,3,400,10,42,84,"Hit(CW,12,WEAK)",529,23.0241,0,129,8,A9P5N,0.285,1.42961,1.72,1.435
6406,1,10,ClusterValue,3,400,10,42,0,"Draw(CW,TEE)",107550,4968.86,0,59,8,A9P5N,-0.385,1.70786,-0.385,0.0
8452,5,15,ClusterValue,3,400,10,42,34,"Hit(CW,0,WEAK)",553,29.431,0,153,8,A9P5N,1.32,0.6063,1.935,0.615
1028,6,15,ClusterValue,3,400,10,42,135,"PostGuard(CCW,11,1)",551,25.1559,0,151,8,A9P5N,1.0,0.0,1.0,0.0
2596,1,14,ClusterValue,3,400,10,42,76,"Hit(CW,9,MIDDLE)",7911,406.134,0,145,8,A9P5N,1.81,1.20578,1.97,0.15999999999999992
4748,1,3,ClusterValue,3,400,10,42,34,"Hit(CW,0,WEAK)",321996,14634.6,0,49,8,A9P5N,0.71,2.14381,0.985,0.275
9206,3,13,ClusterValue,3,400,10,42,11,"Draw(CCW,L0)",10372,447.188,0,49,8,A9P5N,1.66,1.49479,1.73,0.07000000000000006
5859,1,6,ClusterValue,3,400,10,42,2,"Draw(CW,S0)",234382,11191.1,0,65,8,A9P5N,-0.22,1.95745,-0.015,0.20500000000000002
6871,4,5,ClusterValue,3,400,10,42,11,"Draw(CCW,L0)",269022,9767.39,0,71,8,A9P5N,0.85,2.21754,1.32,0.4700000000000001
7163,3,13,ClusterValue,3,400,10,42,64,"Hit(CW,12,WEAK)",19065,1043.78,0,85,8,A9P5N,2.285,1.58864,2.465,0.17999999999999972
5807,0,8,ClusterValue,3,400,10,42,34,"Hit(CW,3,WEAK)",181236,8855.81,0,81,8,A9P5N,-0.515,1.89731,0.03,0.545
5567,2,15,ClusterValue,3,400,10,42,0,"Draw(CW,TEE)",529,27.4436,0,129,8,A9P5N,1.535,0.999387,1.93,0.395
2507,3,11,ClusterValue,3,400,10,42,40,"Hit(CW,4,MIDDLE)",84766,4117.26,0,107,8,A9P5N,1.665,2.33298,1.715,0.050000000000000044
7006,3,15,ClusterValue,3,400,10,42,0,"Draw(CW,TEE)",545,25.1646,0,145,8,A9P5N,-1.0,0.0,-0.97,0.030000000000000027
1984,6,4,ClusterValue,3,400,10,42,44,"Hit(CW,3,WEAK)",294093,13631.7,0,59,8,A9P5N,-0.54,1.88902,-0.31,0.23000000000000004
1845,7,14,ClusterValue,3,400,10,42,50,"PostGuard(CW,12,1)",3665,122.146,0,55,8,A9P5N,1.04,1.38145,1.44,0.3999999999999999
5780,2,6,ClusterValue,3,400,10,42,38,"Hit(CW,5,STRONG)",228165,10354.4,0,49,8,A9P5N,-0.575,1.56664,-0.375,0.19999999999999996
8645,7,5,ClusterValue,3,400,10,42,35,"Hit(CCW,0,WEAK)",269373,12819.3,0,71,8,A9P5N,0.74,1.7951,0.92,0.18000000000000005
6132,0,13,ClusterValue,3,400,10,42,1,"Draw(CCW,TEE)",21891,1351.25,0,87,8,A9P5N,2.62,1.16859,2.62,0.0
3339,4,10,ClusterValue,3,400,10,42,50,"Freeze(CW,9)",113014,4170.73,0,71,8,A9P5N,-0.305,1.77256,-0.305,0.0
3566,6,14,ClusterValue,3,400,10,42,69,"Hit(CCW,9,STRONG)",7380,388.391,0,129,8,A9P5N,0.43,1.63557,1.01,0.5800000000000001
5523,3,9,ClusterValue,3,400,10,42,54,"Hit(CW,4,WEAK)",152493,7973.16,0,103,8,A9P5N,0.68,2.0488,0.74,0.05999999999999994
7015,5,14,ClusterValue,3,400,10,42,11,"Draw(CCW,L0)",8001,401.38,0,145,8,A9P5N,-1.135,1.92789,-1.135,0.0
743,7,3,ClusterValue,3,400,10,42,20,"Draw(CW,L5)",321381,14884.7,0,55,8,A9P5N,0.98,2.15861,0.98,0.0
1014,4,15,ClusterValue,3,400,10,42,10,"Draw(CW,L0)",461,16.4914,0,61,8,A9P5N,3.325,1.27255,3.325,0.0
3900,0,10,ClusterValue,3,400,10,42,40,"Freeze(CW,9)",107078,4620.25,0,55,8,A9P5N,-0.02,1.70282,0.305,0.325
4543,6,5,ClusterValue,3,400,10,42,37,"Hit(CCW,0,MIDDLE)",269409,12673.7,0,71,8,A9P5N,0.735,2.1295,1.09,0.3550000000000001
9231,5,14,ClusterValue,3,400,10,42,45,"Hit(CCW,5,WEAK)",5848,247.379,0,101,8,A9P5N,1.135,1.53843,2.025,0.8899999999999999
1825,5,7,ClusterValue,3,400,10,42,10,"Draw(CW,L0)",206585,7791.23,0,77,8,A9P5N,0.555,2.05109,0.865,0.30999999999999994
4062,4,15,ClusterValue,3,400,10,42,35,"Hit(CCW,2,WEAK)",517,21.6627,0,117,8,A9P5N,-1.275,0.824242,-0.475,0.7999999999999999
9882,2,11,ClusterValue,3,400,10,42,46,"Hit(CW,4,MIDDLE)",90715,4913.35,0,109,8,A9P5N,1.295,2.01444,1.295,0.0
2998,6,14,ClusterValue,3,400,10,42,59,"Hit(CCW,5,STRONG)",7969,457.675,0,145,8,A9P5N,2.895,0.86254,2.895,0.0
1555,2,3,ClusterValue,3,400,10,42,5,"Draw(CCW,S2)",324748,11784.0,0,55,8,A9P5N,0.655,2.0799,1.1,0.44500000000000006
4372,4,14,ClusterValue,3,400,10,42,19,"Draw(CCW,L4)",3314,107.73,0,49,8,A9P5N,0.02,1.24081,0.095,0.075
3732,7,7,ClusterValue,3,400,10,42,20,"Draw(CW,L5)",196025,8768.43,0,49,8,A9P5N,0.87,1.58212,1.125,0.255
3858,5,5,ClusterValue,3,400,10,42,41,"Freeze(CCW,0)",272764,13564.7,0,75,8,A9P5N,0.695,1.93183,0.885,0.19000000000000006
1938,0,14,ClusterValue,3,400,10,42,47,"Hit(CCW,11,MIDDLE)",5713,318.61,0,93,8,A9P5N,1.1,1.86815,1.43,0.32999999999999985
9112,3,9,ClusterValue,3,400,10,42,55,"Hit(CCW,6,WEAK)",141118,6848.17,0,75,8,A9P5N,0.4,1.73205,0.76,0.36
4157,3,12,ClusterValue,3,400,10,42,36,"Hit(CW,3,MIDDLE)",56113,3363.64,0,107,8,A9P5N,-0.705,1.59937,-0.705,0.0
7373,1,11,ClusterValue,3,400,10,42,59,"Hit(CCW,6,STRONG)",86892,4739.65,0,103,8,A9P5N,1.015,1.82065,1.175,0.16000000000000014
7173,4,15,ClusterValue,3,400,10,42,135,"PostGuard(CCW,11,1)",551,34.667,0,151,8,A9P5N,2.0,0.0,2.0,0.0
196,4,4,ClusterValue,3,400,10,42,3,"Draw(CCW,S0)",291260,13531.9,0,49,8,A9P5N,-0.71,2.22619,-0.22,0.49
2630,2,14,ClusterValue,3,400,10,42,10,"Draw(CW,L0)",3842,138.085,0,59,8,A9P5N,-1.27,1.37735,-1.07,0.19999999999999996
5731,2,10,ClusterValue,3,400,10,42,37,"Hit(CCW,9,MIDDLE)",102653,3520.89,0,43,8,A9P5N,-0.82,1.43792,-0.555,0.2649999999999999
9518,4,5,ClusterValue,3,400,10,42,34,"Hit(CW,0,WEAK)",269685,13160.8,0,71,8,A9P5N,0.695,1.97281,0.985,0.29000000000000004
8211,7,12,ClusterValue,3,400,10,42,70,"Freeze(CW,11)",47716,1885.3,0,79,8,A9P5N,-1.045,1.73002,-0.815,0.22999999999999998
5392,3,13,ClusterValue,3,400,10,42,57,"Hit(CCW,4,MIDDLE)",29760,2318.99,0,135,8,A9P5N,-1.35,1.85944,-1.005,0.3450000000000002
4262,4,2,ClusterValue,3,400,10,42,47,"PostGuard(CCW,0,2)",352541,16565.5,0,49,8,A9P5N,-0.65,2.23998,-0.465,0.185
6230,1,12,ClusterValue,3,400,10,42,34,"Hit(CW,11,WEAK)",42003,2043.32,0,49,8,A9P5N,-0.53,1.39968,-0.215,0.31500000000000006
3543,4,7,ClusterValue,3,400,10,42,34,"Hit(CW,2,WEAK)",199172,9335.38,0,55,8,A9P5N,0.86,1.87894,1.025,0.16499999999999992
1784,6,5,ClusterValue,3,400,10,42,44,"Hit(CW,2,WEAK)",269414,9905.86,0,71,8,A9P5N,1.05,2.16044,1.05,0.0
4905,4,14,ClusterValue,3,400,10,42,11,"Draw(CCW,L0)",5867,301.5,0,101,8,A9P5N,-1.68,1.66961,-1.65,0.030000000000000027
3837,2,10,ClusterValue,3,400,10,42,37,"Hit(CCW,7,MIDDLE)",112103,5662.16,0,71,8,A9P5N,-0.54,1.58063,-0.455,0.08500000000000002
2854,0,15,ClusterValue,3,400,10,42,92,"PostGuard(CW,11,1)",503,23.8347,0,103,8,A9P5N,1.0,0.0,1.18,0.17999999999999994
1221,1,10,ClusterValue,3,400,10,42,66,"Hit(CW,7,MIDDLE)",125281,7058.85,0,113,8,A9P5N,-0.785,1.75464,-0.575,0.21000000000000008
7301,6,14,ClusterValue,3,400,10,42,128,"PostGuard(CW,8,1)",7954,416.335,0,145,8,A9P5N,1.94,0.237487,1.985,0.04500000000000015
5248,0,3,ClusterValue,3,400,10,42,17,"Draw(CCW,L3)",323036,15152.9,0,49,8,A9P5N,0.85,2.11128,1.33,0.4800000000000001
2545,3,15,ClusterValue,3,400,10,42,0,"Draw(CW,TEE)",461,21.3167,0,61,8,A9P5N,2.98,0.14,2.98,0.0
6335,1,11,ClusterValue,3,400,10,42,34,"Hit(CW,6,WEAK)",73838,3480.47,0,53,8,A9P5N,1.125,1.49645,1.125,0.0
8275,4,5,ClusterValue,3,400,10,42,36,"Hit(CW,0,MIDDLE)",268889,9658.25,0,71,8,A9P5N,0.89,1.93336,1.005,0.11499999999999988
963,5,13,ClusterValue,3,400,10,42,10,"Draw(CW,L0)",21852,1143.05,0,89,8,A9P5N,1.01,2.06153,1.235,0.2250000000000001
176,5,11,ClusterValue,3,400,10,42,84,"PostGuard(CW,5,0)",88558,4978.75,0,97,8,A9P5N,1.505,2.11423,1.585,0.08000000000000007
2199,1,13,ClusterValue,3,400,10,42,57,"Hit(CCW,6,MIDDLE)",20499,1462.39,0,119,8,A9P5N,0.25,1.54839,0.25,0.0
8298,3,11,ClusterValue,3,400,10,42,36,"Hit(CW,0,MIDDLE)",88711,3779.88,0,119,8,A9P5N,1.15,2.19488,1.185,0.03500000000000014
6729,2,14,ClusterValue,3,400,10,42,6,"Draw(CW,S4)",7698,377.311,0,135,8,A9P5N,0.665,1.04536,0.665,0.0
8119,5,4,ClusterValue,3,400,10,42,3,"Draw(CCW,S0)",297432,11228.2,0,65,8,A9P5N,-0.285,2.06489,-0.18,0.10499999999999998
8189,0,14,ClusterValue,3,400,10,42,35,"Hit(CCW,13,WEAK)",3678,172.448,0,55,8,A9P5N,0.025,1.36542,0.025,0.0
9791,0,8,ClusterValue,3,400,10,42,35,"Hit(CCW,7,WEAK)",170021,8009.76,0,55,8,A9P5N,-0.24,1.74425,-0.11,0.13
5487,5,5,ClusterValue,3,400,10,42,6,"Draw(CW,S4)",268884,13264.5,0,71,8,A9P5N,0.695,2.13354,1.085,0.39
4950,0,15,ClusterValue,3,400,10,42,35,"Hit(CCW,12,WEAK)",471,19.8941,0,71,8,A9P5N,-0.6,1.02956,0.83,1.43
9143,3,7,ClusterValue,3,400,10,42,6,"Draw(CW,S4)",209812,9887.6,0,81,8,A9P5N,0.845,1.96239,1.135,0.29000000000000004
4517,4,13,ClusterValue,3,400,10,42,69,"Hit(CCW,8,STRONG)",29419,2322.1,0,123,8,A9P5N,1.225,1.18506,1.535,0.30999999999999983
2994,5,10,ClusterValue,3,400,10,42,45,"Hit(CCW,3,WEAK)",124592,7021.44,0,113,8,A9P5N,-0.405,1.97762,0.045,0.45
961,6,13,ClusterValue,3,400,10,42,66,"Hit(CW,6,MIDDLE)",26118,1982.98,0,139,8,A9P5N,-1.745,1.59686,-1.735,0.010000000000000009
1566,1,3,ClusterValue,3,400,10,42,11,"Draw(CCW,L0)",325592,15613.2,0,59,8,A9P5N,0.9,2.14243,0.975,0.07499999999999996
1686,6,15,ClusterValue,3,400,10,42,0,"Draw(CW,TEE)",449,18.6781,0,49,8,A9P5N,1.0,0.0,1.0,0.0
1201,0,6,ClusterValue,3,400,10,42,3,"Draw(CCW,S0)",230273,10772.9,0,53,8,A9P5N,-0.77,2.08976,-0.385,0.385
5494,4,5,ClusterValue,3,400,10,42,48,"Hit(CW,2,STRONG)",273842,13523.4,0,75,8,A9P5N,0.76,1.86612,1.21,0.44999999999999996
2492,4,15,ClusterValue,3,400,10,42,2,"Draw(CW,S0)",475,17.981,0,75,8,A9P5N,1.175,1.24675,1.65,0.47499999999999987
8959,1,11,ClusterValue,3,400,10,42,44,"Hit(CW,6,WEAK)",88278,3807.88,0,97,8,A9P5N,0.955,1.71259,1.26,0.30500000000000005
1671,0,15,ClusterValue,3,400,10,42,76,"Hit(CW,12,MIDDLE)",517,26.0804,0,117,8,A9P5N,-0.015,1.8179,2.74,2.7550000000000003
1385,7,11,ClusterValue,3,400,10,42,97,"PostGuard(CCW,11,0)",90114,4943.07,0,103,8,A9P5N,1.06,1.64511,1.18,0.11999999999999988
6872,1,14,ClusterValue,3,400,10,42,85,"Hit(CCW,13,WEAK)",7827,542.423,0,135,8,A9P5N,0.25,1.4344,1.02,0.77
8785,1,4,ClusterValue,3,400,10,42,40,"Freeze(CW,1)",289512,13638.5,0,49,8,A9P5N,-0.32,1.79933,-0.32,0.0
1835,0,15,ClusterValue,3,400,10,42,56,"Hit(CW,14,MIDDLE)",469,14.0688,0,69,8,A9P5N,1.215,0.773806,1.235,0.020000000000000018
6216,7,8,ClusterValue,3,400,10,42,50,"PostGuard(CW,6,1)",170916,8068.9,0,55,8,A9P5N,0.075,1.99984,0.075,0.0
8471,6,5,ClusterValue,3,400,10,42,7,"Draw(CCW,S4)",272657,13428.7,0,75,8,A9P5N,0.62,1.97119,1.06,0.44000000000000006
256,3,12,ClusterValue,3,400,10,42,48,"Hit(CW,11,STRONG)",46564,2419.87,0,77,8,A9P5N,0.35,1.91768,0.495,0.14500000000000002
5778,2,9,ClusterValue,3,400,10,42,6,"Draw(CW,S4)",152952,8095.81,0,97,8,A9P5N,0.635,1.9214,0.915,0.28
6320,4,15,ClusterValue,3,400,10,42,64,"Hit(CW,12,WEAK)",503,24.2964,0,103,8,A9P5N,-0.5,1.85203,-0.055,0.445
1638,4,11,ClusterValue,3,400,10,42,68,"Hit(CW,8,STRONG)",88875,4909.71,0,103,8,A9P5N,0.455,1.75156,0.715,0.25999999999999995
2310,6,15,ClusterValue,3,400,10,42,55,"Hit(CCW,6,WEAK)",535,30.3782,0,135,8,A9P5N,-0.39,1.5388,2.215,2.605
7921,5,4,ClusterValue,3,400,10,42,35,"Hit(CCW,1,WEAK)",290666,13724.0,0,49,8,A9P5N,-0.47,1.97461,-0.205,0.265
1361,1,12,ClusterValue,3,400,10,42,40,"Freeze(CW,9)",43419,2162.29,0,59,8,A9P5N,-0.24,1.74997,0.19,0.43
5041,1,8,ClusterValue,3,400,10,42,19,"Draw(CCW,L4)",170344,6973.63,0,55,8,A9P5N,-0.265,1.89862,0.14,0.405
5033,7,5,ClusterValue,3,400,10,42,37,"Hit(CCW,0,MIDDLE)",270149,13055.4,0,71,8,A9P5N,1.115,2.10518,1.165,0.050000000000000044
5022,1,15,ClusterValue,3,400,10,42,7,"Draw(CCW,S4)",489,18.1428,0,89,8,A9P5N,1.25,0.466369,1.25,0.0
9907,7,9,ClusterValue,3,400,10,42,10,"Draw(CW,L0)",141721,5900.43,0,65,8,A9P5N,0.575,1.8559,1.01,0.43500000000000005
8627,2,12,ClusterValue,3,400,10,42,100,"PostGuard(CW,10,2)",55628,3089.96,0,103,8,A9P5N,0.015,1.33969,0.415,0.39999999999999997
1641,6,10,ClusterValue,3,400,10,42,81,"Freeze(CCW,9)",126801,7569.25,0,113,8,A9P5N,0.085,1.69345,0.31,0.22499999999999998
7249,2,15,ClusterValue,3,400,10,42,0,"Draw(CW,TEE)",539,28.8159,0,139,8,A9P5N,1.0,0.0,1.0,0.0
4837,7,2,ClusterValue,3,400,10,42,45,"PostGuard(CCW,0,1)",352593,16814.6,0,49,8,A9P5N,-0.48,2.12123,-0.18,0.3
1039,2,15,ClusterValue,3,400,10,42,35,"Hit(CCW,14,WEAK)",443,9.79909,0,43,8,A9P5N,0.955,0.207304,0.955,0.0
7846,3,10,ClusterValue,3,400,10,42,45,"Hit(CCW,9,WEAK)",107230,3899.63,0,65,8,A9P5N,-0.415,1.75293,-0.12,0.295
5246,2,5,ClusterValue,3,400,10,42,38,"Hit(CW,0,STRONG)",272279,13607.0,0,75,8,A9P5N,0.945,2.06688,1.025,0.07999999999999996
4166,2,12,ClusterValue,3,400,10,42,52,"Hit(CW,11,STRONG)",47119,2441.41,0,75,8,A9P5N,0.06,1.79622,0.19,0.13
6533,4,6,ClusterValue,3,400,10,42,67,"PostGuard(CCW,0,2)",244522,12790.8,0,81,8,A9P5N,0.135,2.00668,0.615,0.48
5721,0,12,ClusterValue,3,400,10,42,28,"PreGuard(CW,G4)",67590,4505.37,0,123,8,A9P5N,1.81,0.891011,1.945,0.135
4463,7,9,ClusterValue,3,400,10,42,59,"Hit(CCW,4,STRONG)",152662,6979.04,0,103,8,A9P5N,0.74,2.03529,1.03,0.29000000000000004
5606,2,14,ClusterValue,3,400,10,42,46,"Hit(CW,3,MIDDLE)",7502,479.112,0,139,8,A9P5N,0.515,1.59993,0.54,0.025000000000000022
1123,4,3,ClusterValue,3,400,10,42,11,"Draw(CCW,L0)",323092,11443.4,0,55,8,A9P5N,0.8,1.84662,1.04,0.24
8113,3,15,ClusterValue,3,400,10,42,0,"Draw(CW,TEE)",469,20.7733,0,69,8,A9P5N,0.93,0.36756,1.0,0.06999999999999995
716,6,7,ClusterValue,3,400,10,42,22,"Draw(CW,L6)",198808,9052.36,0,55,8,A9P5N,0.87,1.98824,1.015,0.1449999999999999
459,3,5,ClusterValue,3,400,10,42,46,"Hit(CW,2,MIDDLE)",268202,12728.4,0,71,8,A9P5N,0.66,2.03578,1.05,0.39
9287,7,12,ClusterValue,3,400,10,42,40,"Hit(CW,11,MIDDLE)",47690,2507.34,0,65,8,A9P5N,-0.355,1.46594,-0.31,0.044999999999999984
5647,1,10,ClusterValue,3,400,10,42,28,"PreGuard(CW,G4)",119983,4809.58,0,91,8,A9P5N,0.05,1.81315,0.33,0.28
4562,4,13,ClusterValue,3,400,10,42,76,"Hit(CW,8,MIDDLE)",31544,2512.29,0,129,8,A9P5N,1.765,1.36006,1.765,0.0
6201,5,11,ClusterValue,3,400,10,42,63,"Hit(CCW,6,TOUCH)",84103,4629.7,0,107,8,A9P5N,0.765,1.64005,0.765,0.0
9166,3,14,ClusterValue,3,400,10,42,76,"Hit(CW,9,MIDDLE)",7683,519.779,0,139,8,A9P5N,0.64,1.43192,0.995,0.355
8703,4,3,ClusterValue,3,400,10,42,39,"Hit(CCW,0,STRONG)",319945,14765.3,0,49,8,A9P5N,0.92,1.98837,1.18,0.2599999999999999
1616,0,14,ClusterValue,3,400,10,42,33,"Hit(CCW,7,TOUCH)",4215,202.532,0,69,8,A9P5N,0.86,1.35292,0.86,0.0
5809,3,9,ClusterValue,3,400,10,42,45,"Hit(CCW,8,WEAK)",136757,4882.21,0,53,8,A9P5N,0.705,1.72278,0.78,0.07500000000000007
4651,6,5,ClusterValue,3,400,10,42,6,"Draw(CW,S4)",271265,13267.7,0,71,8,A9P5N,0.725,1.97974,0.915,0.19000000000000006
8894,2,15,ClusterValue,3,400,10,42,2,"Draw(CW,S0)",479,22.0029,0,79,8,A9P5N,1.885,0.437921,1.885,0.0
2369,6,9,ClusterValue,3,400,10,42,42,"Hit(CW,2,TOUCH)",143615,6789.42,0,79,8,A9P5N,0.69,1.80939,0.69,0.0
1083,7,15,ClusterValue,3,400,10,42,0,"Draw(CW,TEE)",503,24.1673,0,103,8,A9P5N,-0.98,0.198997,0.74,1.72
366,3,11,ClusterValue,3,400,10,42,78,"Hit(CW,8,STRONG)",91299,5169.47,0,119,8,A9P5N,1.555,2.48334,1.555,0.0
6354,2,15,ClusterValue,3,400,10,42,127,"PostGuard(CCW,9,0)",551,33.6668,0,151,8,A9P5N,1.45,0.497494,1.535,0.08499999999999996
9260,7,2,ClusterValue,3,400,10,42,30,"PreGuard(CW,G5)",352373,16658.3,0,49,8,A9P5N,-0.465,1.96438,-0.21,0.255
6267,4,12,ClusterValue,3,400,10,42,11,"Draw(CCW,L0)",43241,2152.81,0,55,8,A9P5N,-0.36,1.72928,-0.025,0.33499999999999996
1158,6,8,ClusterValue,3,400,10,42,55,"PostGuard(CCW,4,1)",173546,8319.34,0,65,8,A9P5N,0.225,1.84238,0.39,0.165
6520,1,5,ClusterValue,3,400,10,42,34,"Hit(CW,0,WEAK)",271259,13301.3,0,75,8,A9P5N,1.04,1.95407,1.215,0.17500000000000004
2099,0,14,ClusterValue,3,400,10,42,7,"Draw(CCW,S4)",5378,283.275,0,91,8,A9P5N,0.535,1.32241,0.56,0.025000000000000022
4892,6,10,ClusterValue,3,400,10,42,74,"Hit(CW,9,WEAK)",121373,6531.54,0,101,8,A9P5N,-0.61,1.91779,0.185,0.7949999999999999
7859,3,14,ClusterValue,3,400,10,42,87,"Hit(CCW,13,MIDDLE)",7241,340.876,0,129,8,A9P5N,0.095,1.88573,0.515,0.42000000000000004
2084,7,10,ClusterValue,3,400,10,42,86,"PostGuard(CW,0,2)",127811,7658.74,0,113,8,A9P5N,2.015,1.71895,2.465,0.44999999999999973
5335,1,14,ClusterValue,3,400,10,42,85,"Hit(CCW,11,WEAK)",7842,420.984,0,145,8,A9P5N,0.485,1.67026,0.485,0.0
5272,2,4,ClusterValue,3,400,10,42,50,"Freeze(CW,3)",291276,13739.7,0,53,8,A9P5N,-0.445,2.11825,-0.41,0.03500000000000003
5472,3,13,ClusterValue,3,400,10,42,34,"Hit(CW,4,WEAK)",12930,612.825,0,69,8,A9P5N,0.265,1.60149,0.7,0.43499999999999994
4526,5,9,ClusterValue,3,400,10,42,7,"Draw(CCW,S4)",139914,6860.67,0,65,8,A9P5N,0.42,1.801,0.685,0.26500000000000007
6392,2,5,ClusterValue,3,400,10,42,38,"Hit(CW,0,STRONG)",271253,13194.7,0,75,8,A9P5N,0.69,1.94008,1.075,0.385
1255,4,13,ClusterValue,3,400,10,42,67,"Hit(CCW,12,MIDDLE)",16811,1127.4,0,91,8,A9P5N,2.26,1.78112,2.34,0.08000000000000007
5259,3,8,ClusterValue,3,400,10,42,0,"Draw(CW,TEE)",187633,7450.8,0,97,8,A9P5N,0.62,2.0894,0.965,0.345
7905,3,15,ClusterValue,3,400,10,42,56,"Hit(CW,10,MIDDLE)",503,16.8622,0,103,8,A9P5N,2.765,1.17037,2.865,0.10000000000000009
4159,5,11,ClusterValue,3,400,10,42,45,"Hit(CCW,6,WEAK)",91929,4322.8,0,103,8,A9P5N,0.495,1.772,0.765,0.27
2788,5,13,ClusterValue,3,400,10,42,77,"Hit(CCW,8,MIDDLE)",32251,2606.85,0,139,8,A9P5N,2.82,2.21531,3.115,0.2950000000000004
4360,7,4,ClusterValue,3,400,10,42,49,"Hit(CCW,3,STRONG)",293213,13889.7,0,59,8,A9P5N,-0.51,1.88412,-0.47,0.040000000000000036
8248,7,13,ClusterValue,3,400,10,42,1,"Draw(CCW,TEE)",12981,827.0,0,59,8,A9P5N,1.49,1.16615,1.49,0.0
2081,5,9,ClusterValue,3,400,10,42,11,"Draw(CCW,L0)",136345,6321.23,0,53,8,A9P5N,0.365,1.90834,0.865,0.5
1265,4,5,ClusterValue,3,400,10,42,38,"Hit(CW,0,STRONG)",268100,12978.4,0,71,8,A9P5N,0.835,1.90204,0.89,0.05500000000000005
3677,7,15,ClusterValue,3,400,10,42,3,"Draw(CCW,S0)",475,22.3103,0,75,8,A9P5N,1.56,0.75921,1.695,0.135
477,2,10,ClusterValue,3,400,10,42,1,"Draw(CCW,TEE)",116266,6006.34,0,81,8,A9P5N,-0.37,1.96548,-0.245,0.125
8462,7,13,ClusterValue,3,400,10,42,76,"PostGuard(CW,1,2)",30551,2294.5,0,115,8,A9P5N,2.405,0.995477,2.63,0.2250000000000001
3186,1,11,ClusterValue,3,400,10,42,56,"Hit(CW,4,MIDDLE)",87403,4715.31,0,119,8,A9P5N,1.3,2.06398,1.3,0.0
8936,4,15,ClusterValue,3,400,10,42,130,"PostGuard(CW,9,2)",545,30.9884,0,145,8,A9P5N,1.0,0.0,1.015,0.014999999999999902
966,6,3,ClusterValue,3,400,10,42,17,"Draw(CCW,L3)",323407,14125.4,0,55,8,A9P5N,0.8,2.06155,1.15,0.34999999999999987
232,1,13,ClusterValue,3,400,10,42,0,"Draw(CW,TEE)",12235,768.326,0,59,8,A9P5N,1.33,1.16666,1.575,0.24499999999999988
3968,6,10,ClusterValue,3,400,10,42,40,"PostGuard(CW,6,2)",104030,4802.28,0,49,8,A9P5N,0.66,1.80677,0.95,0.2899999999999999
2440,2,5,ClusterValue,3,400,10,42,45,"Hit(CCW,2,WEAK)",271375,13027.0,0,71,8,A9P5N,0.91,2.00297,1.17,0.2599999999999999
1624,6,15,ClusterValue,3,400,10,42,2,"Draw(CW,S0)",491,17.2478,0,91,8,A9P5N,1.26,0.58515,1.265,0.004999999999999893
9851,7,8,ClusterValue,3,400,10,42,60,"Freeze(CW,7)",178690,6785.52,0,81,8,A9P5N,-0.305,2.0957,0.155,0.45999999999999996
9879,2,15,ClusterValue,3,400,10,42,116,Pass,517,19.2553,0,117,8,A9P5N,3.0,0.0,3.125,0.125
9832,1,9,ClusterValue,3,400,10,42,46,"Hit(CW,2,MIDDLE)",152636,6195.2,0,103,8,A9P5N,0.91,2.02284,1.24,0.32999999999999996
4221,2,14,ClusterValue,3,400,10,42,9,"Draw(CCW,S6)",7916,544.568,0,145,8,A9P5N,0.59,1.40424,1.555,0.965
1999,2,5,ClusterValue,3,400,10,42,35,"Hit(CCW,2,WEAK)",260290,11817.0,0,53,8,A9P5N,0.6,1.76918,0.875,0.275
99,4,13,ClusterValue,3,400,10,42,49,"Hit(CCW,12,WEAK)",9752,561.413,0,57,8,A9P5N,0.635,1.17974,0.635,0.0
964,0,8,ClusterValue,3,400,10,42,44,"Hit(CW,5,WEAK)",170576,7783.36,0,63,8,A9P5N,-0.38,1.82088,-0.295,0.08500000000000002
6357,7,5,ClusterValue,3,400,10,42,56,"Hit(CW,4,MIDDLE)",271349,11949.1,0,75,8,A9P5N,0.57,1.93781,0.895,0.32500000000000007
632,7,12,ClusterValue,3,400,10,42,3,"Draw(CCW,S0)",48473,2611.3,0,81,8,A9P5N,-0.365,1.75265,-0.195,0.16999999999999998
3130,2,11,ClusterValue,3,400,10,42,51,"Freeze(CCW,4)",83839,4532.03,0,91,8,A9P5N,1.175,1.6954,1.315,0.1399999999999999
2941,4,13,ClusterValue,3,400,10,42,108,"PostGuard(CW,9,1)",32587,2531.29,0,125,8,A9P5N,0.7,1.6,1.365,0.665
6374,0,11,ClusterValue,3,400,10,42,79,"Hit(CCW,10,STRONG)",88250,4749.61,0,113,8,A9P5N,0.715,2.19858,1.54,0.8250000000000001
156,7,14,ClusterValue,3,400,10,42,47,"Hit(CCW,3,MIDDLE)",7770,497.855,0,145,8,A9P5N,0.62,1.147,1.105,0.485
1570,1,4,ClusterValue,3,400,10,42,40,"Freeze(CW,1)",290304,10914.8,0,49,8,A9P5N,-0.515,2.10233,-0.32,0.195
7117,6,12,ClusterValue,3,400,10,42,11,"Draw(CCW,L0)",42535,2079.71,0,49,8,A9P5N,-0.575,1.59197,-0.14,0.43499999999999994
6164,7,6,ClusterValue,3,400,10,42,30,"PreGuard(CW,G5)",227792,9849.02,0,49,8,A9P5N,-0.295,1.95652,-0.25,0.044999999999999984
4376,5,5,ClusterValue,3,400,10,42,46,"Hit(CW,2,MIDDLE)",268419,11714.9,0,75,8,A9P5N,0.565,1.88568,0.9,0.3350000000000001
4444,0,12,ClusterValue,3,400,10,42,53,"Hit(CCW,11,TOUCH)",48008,2586.51,0,75,8,A9P5N,-0.975,1.70129,-0.345,0.63
5083,5,6,ClusterValue,3,400,10,42,0,"Draw(CW,TEE)",245089,10776.4,0,81,8,A9P5N,-0.335,2.14308,-0.245,0.09000000000000002
894,4,13,ClusterValue,3,400,10,42,103,"PostGuard(CCW,11,2)",26922,1937.49,0,105,8,A9P5N,1.895,0.986902,2.14,0.2450000000000001
8445,1,11,ClusterValue,3,400,10,42,66,"Hit(CW,10,MIDDLE)",87947,4837.41,0,103,8,A9P5N,1.88,1.99389,2.34,0.45999999999999996
7871,7,15,ClusterValue,3,400,10,42,35,"Hit(CCW,0,WEAK)",551,42.2348,0,151,8,A9P5N,2.485,1.88674,3.185,0.7000000000000002
8198,0,4,ClusterValue,3,400,10,42,44,"Hit(CW,3,WEAK)",295606,11661.7,0,59,8,A9P5N,-0.925,2.09985,-0.365,0.56
6829,6,13,ClusterValue,3,400,10,42,45,"Hit(CCW,12,WEAK)",10502,630.981,0,53,8,A9P5N,0.45,1.30671,0.45,0.0
4702,2,8,ClusterValue,3,400,10,42,34,"Hit(CW,7,WEAK)",166522,7046.12,0,49,8,A9P5N,-0.5,1.72047,-0.045,0.455
4058,3,5,ClusterValue,3,400,10,42,10,"Draw(CW,L0)",270573,10319.7,0,71,8,A9P5N,0.85,1.99937,0.985,0.135
7591,4,13,ClusterValue,3,400,10,42,81,"PostGuard(CCW,9,1)",22006,1552.9,0,97,8,A9P5N,2.855,1.00696,3.245,0.3900000000000001
1445,7,8,ClusterValue,3,400,10,42,7,"Draw(CCW,S4)",172852,7480.04,0,65,8,A9P5N,-0.45,1.79374,-0.23,0.22
5373,5,13,ClusterValue,3,400,10,42,68,"Hit(CW,8,STRONG)",23434,1276.69,0,107,8,A9P5N,1.35,1.52889,1.945,0.595
5423,3,9,ClusterValue,3,400,10,42,35,"Hit(CCW,0,WEAK)",155859,7257.47,0,103,8,A9P5N,0.43,1.89871,0.97,0.54
1644,5,15,ClusterValue,3,400,10,42,0,"Draw(CW,TEE)",535,22.1626,0,135,8,A9P5N,-1.0,0.0,-0.35,0.65
6839,5,3,ClusterValue,3,400,10,42,17,"Draw(CCW,L3)",322861,11083.6,0,55,8,A9P5N,0.925,2.21119,1.225,0.30000000000000004
1063,2,15,ClusterValue,3,400,10,42,34,"Hit(CW,12,WEAK)",455,14.5101,0,55,8,A9P5N,1.905,0.293215,1.905,0.0
3774,5,6,ClusterValue,3,400,10,42,7,"Draw(CCW,S4)",236988,9119.81,0,65,8,A9P5N,-0.44,1.95612,-0.215,0.225
7844,2,5,ClusterValue,3,400,10,42,45,"Hit(CCW,2,WEAK)",269515,9306.62,0,71,8,A9P5N,0.815,2.17733,1.02,0.20500000000000007
5770,5,13,ClusterValue,3,400,10,42,47,"Hit(CCW,4,MIDDLE)",19040,1306.12,0,91,8,A9P5N,1.015,1.30184,1.12,0.1050000000000002
7977,6,14,ClusterValue,3,400,10,43,37,"Hit(CCW,1,MIDDLE)",7968,385.472,0,145,8,A9P5N,-1.635,1.47369,-1.635,0.0
3926,6,11,ClusterValue,3,400,10,43,38,"Hit(CW,0,STRONG)",87386,4720.82,0,123,8,A9P5N,0.12,1.94566,0.425,0.305
3883,1,14,ClusterValue,3,400,10,43,19,"Draw(CCW,L4)",2826,87.0991,0,37,8,A9P5N,-0.335,0.890379,-0.075,0.26
9222,7,5,ClusterValue,3,400,10,43,21,"Draw(CCW,L5)",253978,11444.0,0,37,8,A9P5N,0.95,1.87816,1.315,0.365
7881,2,15,ClusterValue,3,400,10,43,84,"Hit(CW,12,WEAK)",529,21.8852,0,129,8,A9P5N,0.285,1.42961,1.72,1.435
6406,1,10,ClusterValue,3,400,10,43,48,"Hit(CW,9,STRONG)",107371,5124.88,0,59,8,A9P5N,-0.655,1.50532,-0.385,0.27
8452,5,15,ClusterValue,3,400,10,43,34,"Hit(CW,0,WEAK)",553,29.6721,0,153,8,A9P5N,1.32,0.6063,1.935,0.615
1028,6,15,ClusterValue,3,400,10,43,135,"PostGuard(CCW,11,1)",551,24.959,0,151,8,A9P5N,1.0,0.0,1.0,0.0
2596,1,14,ClusterValue,3,400,10,43,38,"Hit(CW,1,STRONG)",8110,413.43,0,145,8,A9P5N,1.84,1.21425,1.97,0.1299999999999999
4748,1,3,ClusterValue,3,400,10,43,37,"Hit(CCW,0,MIDDLE)",320747,14744.7,0,49,8,A9P5N,0.85,2.10654,0.985,0.135
9206,3,13,ClusterValue,3,400,10,43,3,"Draw(CCW,S0)",11056,600.827,0,49,8,A9P5N,1.07,1.40538,1.73,0.6599999999999999
5859,1,6,ClusterValue,3,400,10,43,32,"Hit(CW,1,TOUCH)",234772,11205.3,0,65,8,A9P5N,-0.26,1.93194,-0.015,0.245
6871,4,5,ClusterValue,3,400,10,43,19,"Draw(CCW,L4)",269406,12868.3,0,71,8,A9P5N,1.32,2.0634,1.32,0.0
7163,3,13,ClusterValue,3,400,10,43,2,"Draw(CW,S0)",20665,1370.35,0,85,8,A9P5N,1.07,1.63251,2.465,1.3949999999999998
5807,0,8,ClusterValue,3,400,10,43,35,"Hit(CCW,3,WEAK)",180078,9018.67,0,81,8,A9P5N,-0.34,2.24375,0.03,0.37
5567,2,15,ClusterValue,3,400,10,43,0,"Draw(CW,TEE)",529,27.7853,0,129,8,A9P5N,1.535,0.999387,1.93,0.395
2507,3,11,ClusterValue,3,400,10,43,62,"Hit(CW,8,STRONG)",84583,4374.27,0,107,8,A9P5N,1.715,2.18261,1.715,0.0
7006,3,15,ClusterValue,3,400,10,43,0,"Draw(CW,TEE)",545,25.9004,0,145,8,A9P5N,-1.0,0.0,-0.97,0.030000000000000027
1984,6,4,ClusterValue,3,400,10,43,36,"Hit(CW,1,MIDDLE)",294933,13778.5,0,59,8,A9P5N,-0.41,1.87933,-0.31,0.09999999999999998
1845,7,14,ClusterValue,3,400,10,43,19,"Draw(CCW,L4)",3741,126.522,0,55,8,A9P5N,1.255,1.31529,1.44,0.18500000000000005
5780,2,6,ClusterValue,3,400,10,43,9,"Draw(CCW,S6)",228089,10534.2,0,49,8,A9P5N,-0.94,1.96632,-0.375,0.565
8645,7,5,ClusterValue,3,400,10,43,1,"Draw(CCW,TEE)",270856,13193.5,0,71,8,A9P5N,0.76,1.898,0.92,0.16000000000000003
6132,0,13,ClusterValue,3,400,10,43,63,"PostGuard(CCW,5,0)",20569,1387.97,0,87,8,A9P5N,2.255,1.18742,2.62,0.3650000000000002
3339,4,10,ClusterValue,3,400,10,43,42,"Hit(CW,9,TOUCH)",111335,5287.01,0,71,8,A9P5N,-0.5,1.88944,-0.305,0.195
3566,6,14,ClusterValue,3,400,10,43,64,"Hit(CW,9,WEAK)",7245,426.598,0,129,8,A9P5N,0.955,0.72317,1.01,0.05500000000000005
5523,3,9,ClusterValue,3,400,10,43,55,"Hit(CCW,4,WEAK)",151772,7872.51,0,103,8,A9P5N,0.74,1.9602,0.74,0.0
7015,5,14,ClusterValue,3,400,10,43,11,"Draw(CCW,L0)",8030,421.253,0,145,8,A9P5N,-1.135,1.92789,-1.135,0.0
743,7,3,ClusterValue,3,400,10,43,35,"Hit(CCW,0,WEAK)",323851,15052.8,0,55,8,A9P5N,0.505,1.88414,0.98,0.475
1014,4,15,ClusterValue,3,400,10,43,10,"Draw(CW,L0)",461,16.3769,0,61,8,A9P5N,3.325,1.27255,3.325,0.0
3900,0,10,ClusterValue,3,400,10,43,40,"Freeze(CW,9)",107309,5111.89,0,55,8,A9P5N,-0.02,1.70282,0.305,0.325
4543,6,5,ClusterValue,3,400,10,43,34,"Hit(CW,0,WEAK)",269971,9764.33,0,71,8,A9P5N,0.71,2.02136,1.09,0.3800000000000001
9231,5,14,ClusterValue,3,400,10,43,47,"Hit(CCW,5,MIDDLE)",6007,247.915,0,101,8,A9P5N,1.265,1.65975,2.025,0.76
1825,5,7,ClusterValue,3,400,10,43,0,"Draw(CW,TEE)",209961,10404.0,0,77,8,A9P5N,0.38,2.00888,0.865,0.485
4062,4,15,ClusterValue,3,400,10,43,35,"Hit(CCW,2,WEAK)",517,21.0835,0,117,8,A9P5N,-1.275,0.824242,-0.475,0.7999999999999999
9882,2,11,ClusterValue,3,400,10,43,46,"Hit(CW,4,MIDDLE)",92058,4997.44,0,109,8,A9P5N,1.295,2.01444,1.295,0.0
2998,6,14,ClusterValue,3,400,10,43,66,"Hit(CW,7,MIDDLE)",7925,520.956,0,145,8,A9P5N,2.69,0.907689,2.895,0.20500000000000007
1555,2,3,ClusterValue,3,400,10,43,11,"Draw(CCW,L0)",324919,15174.1,0,55,8,A9P5N,0.805,2.0315,1.1,0.29500000000000004
4372,4,14,ClusterValue,3,400,10,43,30,"PreGuard(CW,G5)",3338,152.781,0,49,8,A9P5N,-0.47,0.926876,0.095,0.565
3732,7,7,ClusterValue,3,400,10,43,16,"Draw(CW,L3)",196122,8947.91,0,49,8,A9P5N,0.695,1.81438,1.125,0.43000000000000005
3858,5,5,ClusterValue,3,400,10,43,7,"Draw(CCW,S4)",271425,13661.2,0,75,8,A9P5N,0.855,1.9401,0.885,0.030000000000000027
1938,0,14,ClusterValue,3,400,10,43,44,"Hit(CW,11,WEAK)",5495,312.27,0,93,8,A9P5N,1.43,1.45434,1.43,0.0
9112,3,9,ClusterValue,3,400,10,43,39,"Hit(CCW,2,STRONG)",140612,6641.03,0,75,8,A9P5N,0.53,1.90239,0.76,0.22999999999999998
4157,3,12,ClusterValue,3,400,10,43,36,"Hit(CW,3,MIDDLE)",51156,2878.51,0,107,8,A9P5N,-0.705,1.59937,-0.705,0.0
7373,1,11,ClusterValue,3,400,10,43,59,"Hit(CCW,6,STRONG)",87354,4732.81,0,103,8,A9P5N,1.015,1.82065,1.175,0.16000000000000014
7173,4,15,ClusterValue,3,400,10,43,135,"PostGuard(CCW,11,1)",551,34.8019,0,151,8,A9P5N,2.0,0.0,2.0,0.0
196,4,4,ClusterValue,3,400,10,43,42,"PostGuard(CW,2,0)",291221,13539.2,0,49,8,A9P5N,-0.39,2.02433,-0.22,0.17
2630,2,14,ClusterValue,3,400,10,43,10,"Draw(CW,L0)",3789,181.714,0,59,8,A9P5N,-1.27,1.37735,-1.07,0.19999999999999996
5731,2,10,ClusterValue,3,400,10,43,13,"Draw(CCW,L1)",102171,4646.14,0,43,8,A9P5N,-0.94,1.65118,-0.555,0.3849999999999999
9518,4,5,ClusterValue,3,400,10,43,45,"Hit(CCW,2,WEAK)",270428,13015.5,0,71,8,A9P5N,0.905,2.07508,0.985,0.07999999999999996
8211,7,12,ClusterValue,3,400,10,43,70,"Freeze(CW,11)",46090,2381.66,0,79,8,A9P5N,-1.045,1.73002,-0.815,0.22999999999999998
5392,3,13,ClusterValue,3,400,10,43,89,"Hit(CCW,10,STRONG)",26761,2017.38,0,135,8,A9P5N,-1.005,1.57638,-1.005,0.0
4262,4,2,ClusterValue,3,400,10,43,16,"Draw(CW,L3)",350981,16406.2,0,49,8,A9P5N,-1.065,2.08585,-0.465,0.5999999999999999
6230,1,12,ClusterValue,3,400,10,43,35,"Hit(CCW,11,WEAK)",42409,2003.81,0,49,8,A9P5N,-0.215,1.43484,-0.215,0.0
3543,4,7,ClusterValue,3,400,10,43,34,"Hit(CW,2,WEAK)",200417,9027.32,0,55,8,A9P5N,0.86,1.87894,1.025,0.16499999999999992
1784,6,5,ClusterValue,3,400,10,43,46,"Hit(CW,2,MIDDLE)",271304,13144.8,0,71,8,A9P5N,0.855,2.05766,1.05,0.19500000000000006
4905,4,14,ClusterValue,3,400,10,43,39,"Hit(CCW,5,STRONG)",5825,286.48,0,101,8,A9P5N,-2.19,2.11279,-1.65,0.54
3837,2,10,ClusterValue,3,400,10,43,34,"Hit(CW,7,WEAK)",111881,5600.97,0,71,8,A9P5N,-0.465,1.83814,-0.455,0.010000000000000009
2854,0,15,ClusterValue,3,400,10,43,92,"PostGuard(CW,11,1)",503,23.0844,0,103,8,A9P5N,1.0,0.0,1.18,0.17999999999999994
1221,1,10,ClusterValue,3,400,10,43,44,"Hit(CW,3,WEAK)",126020,6899.93,0,113,8,A9P5N,-1.285,2.07455,-0.575,0.71
7301,6,14,ClusterValue,3,400,10,43,118,"PostGuard(CW,4,2)",8300,572.351,0,145,8,A9P5N,1.975,0.210654,1.985,0.010000000000000009
5248,0,3,ClusterValue,3,400,10,43,8,"Draw(CW,S6)",320442,14993.0,0,49,8,A9P5N,1.01,2.49197,1.33,0.32000000000000006
2545,3,15,ClusterValue,3,400,10,43,0,"Draw(CW,TEE)",461,21.1954,0,61,8,A9P5N,2.98,0.14,2.98,0.0
6335,1,11,ClusterValue,3,400,10,43,35,"Hit(CCW,6,WEAK)",74019,3484.14,0,53,8,A9P5N,0.965,1.54395,1.125,0.16000000000000003
8275,4,5,ClusterValue,3,400,10,43,36,"Hit(CW,0,MIDDLE)",269456,13020.1,0,71,8,A9P5N,0.89,1.93336,1.005,0.11499999999999988
963,5,13,ClusterValue,3,400,10,43,86,"PostGuard(CW,13,2)",19429,1309.53,0,89,8,A9P5N,0.83,1.36055,1.235,0.40500000000000014
176,5,11,ClusterValue,3,400,10,43,84,"PostGuard(CW,5,0)",88159,4993.07,0,97,8,A9P5N,1.505,2.11423,1.585,0.08000000000000007
2199,1,13,ClusterValue,3,400,10,43,57,"Hit(CCW,6,MIDDLE)",25722,1444.4,0,119,8,A9P5N,0.25,1.54839,0.25,0.0
8298,3,11,ClusterValue,3,400,10,43,79,"Hit(CCW,8,STRONG)",90353,5101.2,0,119,8,A9P5N,1.135,1.97656,1.185,0.050000000000000044
6729,2,14,ClusterValue,3,400,10,43,0,"Draw(CW,TEE)",7554,490.411,0,135,8,A9P5N,0.62,1.07963,0.665,0.04500000000000004
8119,5,4,ClusterValue,3,400,10,43,37,"Hit(CCW,1,MIDDLE)",299952,14526.7,0,65,8,A9P5N,-0.445,1.90446,-0.18,0.265
8189,0,14,ClusterValue,3,400,10,43,34,"Hit(CW,13,WEAK)",3605,169.544,0,55,8,A9P5N,-0.055,1.26173,0.025,0.08
9791,0,8,ClusterValue,3,400,10,43,35,"Hit(CCW,7,WEAK)",169049,7958.12,0,55,8,A9P5N,-0.24,1.74425,-0.11,0.13
5487,5,5,ClusterValue,3,400,10,43,35,"Hit(CCW,0,WEAK)",268508,13172.0,0,71,8,A9P5N,0.525,1.95432,1.085,0.5599999999999999
4950,0,15,ClusterValue,3,400,10,43,35,"Hit(CCW,12,WEAK)",471,14.6584,0,71,8,A9P5N,-0.6,1.02956,0.83,1.43
9143,3,7,ClusterValue,3,400,10,43,33,"Hit(CCW,0,TOUCH)",207741,7674.83,0,81,8,A9P5N,0.815,1.87637,1.135,0.32000000000000006
4517,4,13,ClusterValue,3,400,10,43,111,"PostGuard(CCW,9,0)",29248,2268.52,0,123,8,A9P5N,1.19,0.695629,1.535,0.345
2994,5,10,ClusterValue,3,400,10,43,44,"Hit(CW,3,WEAK)",124191,7050.75,0,113,8,A9P5N,-0.135,1.98916,0.045,0.18
961,6,13,ClusterValue,3,400,10,43,86,"Hit(CW,10,MIDDLE)",25939,1920.43,0,139,8,A9P5N,-1.735,1.69846,-1.735,0.0
1566,1,3,ClusterValue,3,400,10,43,44,"Hit(CW,2,WEAK)",326651,15736.7,0,59,8,A9P5N,0.67,2.0715,0.975,0.30499999999999994
1686,6,15,ClusterValue,3,400,10,43,0,"Draw(CW,TEE)",449,18.656,0,49,8,A9P5N,1.0,0.0,1.0,0.0
1201,0,6,ClusterValue,3,400,10,43,1,"Draw(CCW,TEE)",230500,10718.0,0,53,8,A9P5N,-0.59,1.98794,-0.385,0.20499999999999996
5494,4,5,ClusterValue,3,400,10,43,16,"Draw(CW,L3)",274011,13693.4,0,75,8,A9P5N,0.345,2.04352,1.21,0.865
2492,4,15,ClusterValue,3,400,10,43,2,"Draw(CW,S0)",475,23.6293,0,75,8,A9P5N,1.175,1.24675,1.65,0.47499999999999987
8959,1,11,ClusterValue,3,400,10,43,49,"Hit(CCW,6,STRONG)",85716,4648.81,0,97,8,A9P5N,0.875,1.69097,1.26,0.385
1671,0,15,ClusterValue,3,400,10,43,76,"Hit(CW,12,MIDDLE)",517,26.2494,0,117,8,A9P5N,-0.015,1.8179,2.74,2.7550000000000003
1385,7,11,ClusterValue,3,400,10,43,63,"Hit(CCW,8,TOUCH)",91160,5065.05,0,103,8,A9P5N,0.57,1.82896,1.18,0.61
6872,1,14,ClusterValue,3,400,10,43,0,"Draw(CW,TEE)",7899,543.89,0,135,8,A9P5N,0.895,0.945503,1.02,0.125
8785,1,4,ClusterValue,3,400,10,43,9,"Draw(CCW,S6)",290709,13246.4,0,49,8,A9P5N,-0.715,1.83406,-0.32,0.39499999999999996
1835,0,15,ClusterValue,3,400,10,43,58,"Hit(CW,14,STRONG)",469,14.2237,0,69,8,A9P5N,1.19,0.611474,1.235,0.04500000000000015
6216,7,8,ClusterValue,3,400,10,43,0,"Draw(CW,TEE)",169917,7099.26,0,55,8,A9P5N,-0.45,1.75143,0.075,0.525
8471,6,5,ClusterValue,3,400,10,43,57,"Hit(CCW,4,MIDDLE)",271767,13116.1,0,75,8,A9P5N,0.65,2.01432,1.06,0.41000000000000003
256,3,12,ClusterValue,3,400,10,43,46,"Hit(CW,11,MIDDLE)",48305,2589.71,0,77,8,A9P5N,0.495,1.85741,0.495,0.0
5778,2,9,ClusterValue,3,400,10,43,56,"Hit(CW,4,MIDDLE)",152276,7800.67,0,97,8,A9P5N,0.475,2.02469,0.915,0.44000000000000006
6320,4,15,ClusterValue,3,400,10,43,64,"Hit(CW,12,WEAK)",503,23.6011,0,103,8,A9P5N,-0.5,1.85203,-0.055,0.445
1638,4,11,ClusterValue,3,400,10,43,68,"Hit(CW,8,STRONG)",89556,4741.01,0,103,8,A9P5N,0.455,1.75156,0.715,0.25999999999999995
2310,6,15,ClusterValue,3,400,10,43,55,"Hit(CCW,6,WEAK)",535,30.1885,0,135,8,A9P5N,-0.39,1.5388,2.215,2.605
7921,5,4,ClusterValue,3,400,10,43,19,"Draw(CCW,L4)",291522,13759.8,0,49,8,A9P5N,-0.69,2.00846,-0.205,0.485
1361,1,12,ClusterValue,3,400,10,43,46,"Hit(CW,11,MIDDLE)",43934,2199.63,0,59,8,A9P5N,-0.465,1.52603,0.19,0.655
5041,1,8,ClusterValue,3,400,10,43,48,"PostGuard(CW,6,0)",168159,8072.25,0,55,8,A9P5N,-0.405,1.69144,0.14,0.545
5033,7,5,ClusterValue,3,400,10,43,39,"Hit(CCW,0,STRONG)",270083,13116.2,0,71,8,A9P5N,0.92,2.13392,1.165,0.245
5022,1,15,ClusterValue,3,400,10,43,7,"Draw(CCW,S4)",489,23.8291,0,89,8,A9P5N,1.25,0.466369,1.25,0.0
9907,7,9,ClusterValue,3,400,10,43,45,"Hit(CCW,6,WEAK)",140110,6692.63,0,65,8,A9P5N,1.01,1.98492,1.01,0.0
8627,2,12,ClusterValue,3,400,10,43,28,"PreGuard(CW,G4)",59265,3699.38,0,103,8,A9P5N,-0.015,1.38014,0.415,0.43
1641,6,10,ClusterValue,3,400,10,43,56,"Hit(CW,5,MIDDLE)",128521,7488.15,0,113,8,A9P5N,-0.045,1.68017,0.31,0.355
7249,2,15,ClusterValue,3,400,10,43,0,"Draw(CW,TEE)",539,21.4166,0,139,8,A9P5N,1.0,0.0,1.0,0.0
4837,7,2,ClusterValue,3,400,10,43,2,"Draw(CW,S0)",353422,12661.5,0,49,8,A9P5N,-0.83,1.98774,-0.18,0.6499999999999999
1039,2,15,ClusterValue,3,400,10,43,35,"Hit(CCW,14,WEAK)",443,13.2708,0,43,8,A9P5N,0.955,0.207304,0.955,0.0
7846,3,10,ClusterValue,3,400,10,43,44,"Hit(CW,9,WEAK)",108936,5244.37,0,65,8,A9P5N,-0.24,1.86612,-0.12,0.12
5246,2,5,ClusterValue,3,400,10,43,36,"Hit(CW,0,MIDDLE)",271806,13263.1,0,75,8,A9P5N,0.81,2.00097,1.025,0.21499999999999986
4166,2,12,ClusterValue,3,400,10,43,49,"Hit(CCW,11,WEAK)",47149,2466.07,0,75,8,A9P5N,0.19,1.65647,0.19,0.0
6533,4,6,ClusterValue,3,400,10,43,72,"PostGuard(CW,2,2)",244353,12186.9,0,81,8,A9P5N,0.615,1.85924,0.615,0.0
5721,0,12,ClusterValue,3,400,10,43,30,"PreGuard(CW,G5)",66815,4414.82,0,123,8,A9P5N,1.71,1.09357,1.945,0.2350000000000001
4463,7,9,ClusterValue,3,400,10,43,57,"Hit(CCW,4,MIDDLE)",152890,7997.24,0,103,8,A9P5N,0.8,1.78606,1.03,0.22999999999999998
5606,2,14,ClusterValue,3,400,10,43,46,"Hit(CW,3,MIDDLE)",7821,490.762,0,139,8,A9P5N,0.515,1.59993,0.54,0.025000000000000022
1123,4,3,ClusterValue,3,400,10,43,34,"Hit(CW,0,WEAK)",326388,15468.6,0,55,8,A9P5N,0.73,2.10881,1.04,0.31000000000000005
8113,3,15,ClusterValue,3,400,10,43,0,"Draw(CW,TEE)",469,16.2524,0,69,8,A9P5N,0.93,0.36756,1.0,0.06999999999999995
716,6,7,ClusterValue,3,400,10,43,11,"Draw(CCW,L0)",198838,7015.25,0,55,8,A9P5N,0.83,1.86309,1.015,0.18499999999999994
459,3,5,ClusterValue,3,400,10,43,39,"Hit(CCW,0,STRONG)",269111,12887.7,0,71,8,A9P5N,0.9,1.88414,1.05,0.15000000000000002
9287,7,12,ClusterValue,3,400,10,43,38,"Hit(CW,11,WEAK)",47582,2479.73,0,65,8,A9P5N,-0.31,1.57286,-0.31,0.0
5647,1,10,ClusterValue,3,400,10,43,81,"PostGuard(CCW,6,1)",119363,6315.73,0,91,8,A9P5N,0.155,1.69734,0.33,0.17500000000000002
4562,4,13,ClusterValue,3,400,10,43,76,"Hit(CW,8,MIDDLE)",28874,2294.43,0,129,8,A9P5N,1.765,1.36006,1.765,0.0
6201,5,11,ClusterValue,3,400,10,43,63,"Hit(CCW,6,TOUCH)",86805,4959.89,0,107,8,A9P5N,0.765,1.64005,0.765,0.0
9166,3,14,ClusterValue,3,400,10,43,64,"Hit(CW,7,WEAK)",7716,525.368,0,139,8,A9P5N,0.66,1.65964,0.995,0.33499999999999996
8703,4,3,ClusterValue,3,400,10,43,3,"Draw(CCW,S0)",320434,14811.2,0,49,8,A9P5N,0.52,1.89462,1.18,0.6599999999999999
1616,0,14,ClusterValue,3,400,10,43,33,"Hit(CCW,7,TOUCH)",4101,204.615,0,69,8,A9P5N,0.86,1.35292,0.86,0.0
5809,3,9,ClusterValue,3,400,10,43,49,"Hit(CCW,8,STRONG)",136484,6345.13,0,53,8,A9P5N,0.29,1.66009,0.78,0.49000000000000005
4651,6,5,ClusterValue,3,400,10,43,32,"Hit(CW,0,TOUCH)",269144,13256.8,0,71,8,A9P5N,0.52,1.90515,0.915,0.395
8894,2,15,ClusterValue,3,400,10,43,2,"Draw(CW,S0)",479,22.7736,0,79,8,A9P5N,1.885,0.437921,1.885,0.0
2369,6,9,ClusterValue,3,400,10,43,47,"Hit(CCW,2,MIDDLE)",143561,6993.36,0,79,8,A9P5N,0.48,1.61852,0.69,0.20999999999999996
1083,7,15,ClusterValue,3,400,10,43,0,"Draw(CW,TEE)",503,24.0982,0,103,8,A9P5N,-0.98,0.198997,0.74,1.72
366,3,11,ClusterValue,3,400,10,43,78,"Hit(CW,8,STRONG)",93614,5365.56,0,119,8,A9P5N,1.555,2.48334,1.555,0.0
6354,2,15,ClusterValue,3,400,10,43,4,"Draw(CW,S2)",551,33.2776,0,151,8,A9P5N,1.535,0.498773,1.535,0.0
9260,7,2,ClusterValue,3,400,10,43,45,"PostGuard(CCW,0,1)",352348,16635.8,0,49,8,A9P5N,-0.385,2.00917,-0.21,0.17500000000000002
6267,4,12,ClusterValue,3,400,10,43,39,"Hit(CCW,11,STRONG)",44317,2202.36,0,55,8,A9P5N,-0.575,1.36175,-0.025,0.5499999999999999
1158,6,8,ClusterValue,3,400,10,43,58,"PostGuard(CW,6,0)",172138,8207.85,0,65,8,A9P5N,0.005,2.06033,0.39,0.385
6520,1,5,ClusterValue,3,400,10,43,47,"Hit(CCW,2,MIDDLE)",272922,13366.4,0,75,8,A9P5N,0.87,1.87699,1.215,0.3450000000000001
2099,0,14,ClusterValue,3,400,10,43,33,"Hit(CCW,7,TOUCH)",5328,281.786,0,91,8,A9P5N,0.09,1.26171,0.56,0.4700000000000001
4892,6,10,ClusterValue,3,400,10,43,54,"Hit(CW,5,WEAK)",120431,6544.31,0,101,8,A9P5N,-0.195,1.96392,0.185,0.38
7859,3,14,ClusterValue,3,400,10,43,41,"Freeze(CCW,1)",7211,455.116,0,129,8,A9P5N,0.45,1.1565,0.515,0.065
2084,7,10,ClusterValue,3,400,10,43,98,"PostGuard(CW,4,2)",129890,7616.59,0,113,8,A9P5N,2.1,1.81384,2.465,0.36499999999999977
5335,1,14,ClusterValue,3,400,10,43,85,"Hit(CCW,11,WEAK)",8118,577.75,0,145,8,A9P5N,0.485,1.67026,0.485,0.0
5272,2,4,ClusterValue,3,400,10,43,36,"Hit(CW,1,MIDDLE)",291311,13583.1,0,53,8,A9P5N,-0.57,2.00127,-0.41,0.15999999999999998
5472,3,13,ClusterValue,3,400,10,43,36,"Hit(CW,4,MIDDLE)",11837,707.245,0,69,8,A9P5N,0.63,1.42937,0.7,0.06999999999999995
4526,5,9,ClusterValue,3,400,10,43,2,"Draw(CW,S0)",139692,6810.4,0,65,8,A9P5N,0.185,1.8223,0.685,0.5
6392,2,5,ClusterValue,3,400,10,43,34,"Hit(CW,0,WEAK)",272223,9949.08,0,75,8,A9P5N,1.01,1.84659,1.075,0.06499999999999995
1255,4,13,ClusterValue,3,400,10,43,69,"Hit(CCW,12,STRONG)",18807,1299.17,0,91,8,A9P5N,2.34,1.67762,2.34,0.0
5259,3,8,ClusterValue,3,400,10,43,76,"PostGuard(CW,0,2)",186666,9959.14,0,97,8,A9P5N,0.79,1.94059,0.965,0.17499999999999993
7905,3,15,ClusterValue,3,400,10,43,56,"Hit(CW,10,MIDDLE)",503,21.9724,0,103,8,A9P5N,2.765,1.17037,2.865,0.10000000000000009
4159,5,11,ClusterValue,3,400,10,43,48,"Hit(CW,6,STRONG)",85990,4894.27,0,103,8,A9P5N,0.69,1.83409,0.765,0.07500000000000007
2788,5,13,ClusterValue,3,400,10,43,54,"Hit(CW,4,WEAK)",29604,2401.17,0,139,8,A9P5N,2.49,1.29996,3.115,0.625
4360,7,4,ClusterValue,3,400,10,43,7,"Draw(CCW,S4)",296099,14081.3,0,59,8,A9P5N,-0.505,2.04938,-0.47,0.03500000000000003
8248,7,13,ClusterValue,3,400,10,43,49,"Hit(CCW,8,STRONG)",11784,720.268,0,59,8,A9P5N,0.74,1.201,1.49,0.75
2081,5,9,ClusterValue,3,400,10,43,47,"Hit(CCW,8,MIDDLE)",136692,6327.66,0,53,8,A9P5N,0.73,1.62392,0.865,0.135
1265,4,5,ClusterValue,3,400,10,43,45,"Hit(CCW,2,WEAK)",268299,12834.0,0,71,8,A9P5N,0.77,2.05599,0.89,0.12
3677,7,15,ClusterValue,3,400,10,43,3,"Draw(CCW,S0)",475,22.3974,0,75,8,A9P5N,1.56,0.75921,1.695,0.135
477,2,10,ClusterValue,3,400,10,43,3,"Draw(CCW,S0)",115699,6061.86,0,81,8,A9P5N,-0.59,2.00796,-0.245,0.345
8462,7,13,ClusterValue,3,400,10,43,28,"PreGuard(CW,G4)",30082,2286.93,0,115,8,A9P5N,2.34,0.862786,2.63,0.29000000000000004
3186,1,11,ClusterValue,3,400,10,43,58,"Hit(CW,4,STRONG)",87879,3781.76,0,119,8,A9P5N,0.815,2.07624,1.3,0.4850000000000001
8936,4,15,ClusterValue,3,400,10,43,130,"PostGuard(CW,9,2)",545,30.8102,0,145,8,A9P5N,1.0,0.0,1.015,0.014999999999999902
966,6,3,ClusterValue,3,400,10,43,21,"Draw(CCW,L5)",323853,14468.0,0,55,8,A9P5N,1.15,2.12073,1.15,0.0
232,1,13,ClusterValue,3,400,10,43,7,"Draw(CCW,S4)",13018,823.575,0,59,8,A9P5N,1.575,1.22245,1.575,0.0
3968,6,10,ClusterValue,3,400,10,43,37,"PostGuard(CCW,6,0)",104703,4716.35,0,49,8,A9P5N,0.055,1.72104,0.95,0.8949999999999999
2440,2,5,ClusterValue,3,400,10,43,39,"Hit(CCW,0,STRONG)",269591,13003.7,0,71,8,A9P5N,0.425,1.99358,1.17,0.7449999999999999
1624,6,15,ClusterValue,3,400,10,43,2,"Draw(CW,S0)",491,23.297,0,91,8,A9P5N,1.26,0.58515,1.265,0.004999999999999893
9851,7,8,ClusterValue,3,400,10,43,39,"Hit(CCW,1,STRONG)",178267,8924.04,0,81,8,A9P5N,-0.255,1.84932,0.155,0.41000000000000003
9879,2,15,ClusterValue,3,400,10,43,116,Pass,517,25.9165,0,117,8,A9P5N,3.0,0.0,3.125,0.125
9832,1,9,ClusterValue,3,400,10,43,68,"Hit(CW,6,STRONG)",154132,8293.99,0,103,8,A9P5N,0.59,1.9005,1.24,0.65
4221,2,14,ClusterValue,3,400,10,43,133,"PostGuard(CCW,10,0)",7959,561.504,0,145,8,A9P5N,0.435,1.33633,1.555,1.1199999999999999
1999,2,5,ClusterValue,3,400,10,43,12,"Draw(CW,L1)",260239,11743.6,0,53,8,A9P5N,0.405,1.96748,0.875,0.47
99,4,13,ClusterValue,3,400,10,43,48,"Hit(CW,12,WEAK)",10723,632.814,0,57,8,A9P5N,0.335,1.3277,0.635,0.3
964,0,8,ClusterValue,3,400,10,43,10,"Draw(CW,L0)",169258,7798.7,0,63,8,A9P5N,-0.435,1.93282,-0.295,0.14
6357,7,5,ClusterValue,3,400,10,43,45,"Hit(CCW,2,WEAK)",272633,12540.8,0,75,8,A9P5N,0.79,2.05327,0.895,0.10499999999999998
632,7,12,ClusterValue,3,400,10,43,3,"Draw(CCW,S0)",49663,2733.79,0,81,8,A9P5N,-0.365,1.75265,-0.195,0.16999999999999998
3130,2,11,ClusterValue,3,400,10,43,54,"Hit(CW,8,WEAK)",84399,3424.43,0,91,8,A9P5N,0.67,1.5592,1.315,0.6449999999999999
2941,4,13,ClusterValue,3,400,10,43,19,"Draw(CCW,L4)",30297,2233.99,0,125,8,A9P5N,1.225,1.35808,1.365,0.1399999999999999
6374,0,11,ClusterValue,3,400,10,43,59,"Hit(CCW,6,STRONG)",89069,4835.07,0,113,8,A9P5N,1.19,2.28996,1.54,0.3500000000000001
156,7,14,ClusterValue,3,400,10,43,89,"Hit(CCW,11,STRONG)",7880,515.981,0,145,8,A9P5N,1.1,0.911043,1.105,0.004999999999999893
1570,1,4,ClusterValue,3,400,10,43,34,"Hit(CW,1,WEAK)",291872,11976.6,0,49,8,A9P5N,-0.625,1.81228,-0.32,0.305
7117,6,12,ClusterValue,3,400,10,43,34,"Hit(CW,11,WEAK)",42131,2059.22,0,49,8,A9P5N,-0.185,1.42505,-0.14,0.044999999999999984
6164,7,6,ClusterValue,3,400,10,43,3,"Draw(CCW,S0)",228404,9651.25,0,49,8,A9P5N,-0.6,2.0664,-0.25,0.35
4376,5,5,ClusterValue,3,400,10,43,59,"Hit(CCW,4,STRONG)",268798,10928.3,0,75,8,A9P5N,0.845,1.92898,0.9,0.05500000000000005
4444,0,12,ClusterValue,3,400,10,43,54,"Hit(CW,11,WEAK)",49695,2720.95,0,75,8,A9P5N,-1.365,1.88196,-0.345,1.02
5083,5,6,ClusterValue,3,400,10,43,45,"Hit(CCW,3,WEAK)",244961,10951.2,0,81,8,A9P5N,-0.57,1.86148,-0.245,0.32499999999999996
894,4,13,ClusterValue,3,400,10,43,102,"PostGuard(CW,11,2)",27792,2024.4,0,105,8,A9P5N,1.855,1.06957,2.14,0.28500000000000014
8445,1,11,ClusterValue,3,400,10,43,33,"Hit(CCW,4,TOUCH)",92169,3947.93,0,103,8,A9P5N,1.485,1.73775,2.34,0.8549999999999998
7871,7,15,ClusterValue,3,400,10,43,35,"Hit(CCW,0,WEAK)",551,32.0661,0,151,8,A9P5N,2.485,1.88674,3.185,0.7000000000000002
8198,0,4,ClusterValue,3,400,10,43,29,"PreGuard(CCW,G4)",294342,10671.7,0,59,8,A9P5N,-0.715,1.99092,-0.365,0.35
6829,6,13,ClusterValue,3,400,10,43,2,"Draw(CW,S0)",10278,613.202,0,53,8,A9P5N,0.02,1.46615,0.45,0.43
4702,2,8,ClusterValue,3,400,10,43,35,"Hit(CCW,7,WEAK)",166160,6784.01,0,49,8,A9P5N,-0.5,1.68523,-0.045,0.455
4058,3,5,ClusterValue,3,400,10,43,10,"Draw(CW,L0)",270294,10330.3,0,71,8,A9P5N,0.85,1.99937,0.985,0.135
7591,4,13,ClusterValue,3,400,10,43,86,"PostGuard(CW,11,1)",22759,1605.33,0,97,8,A9P5N,3.245,1.07934,3.245,0.0
1445,7,8,ClusterValue,3,400,10,43,6,"Draw(CW,S4)",173280,7043.63,0,65,8,A9P5N,-0.23,1.71088,-0.23,0.0
5373,5,13,ClusterValue,3,400,10,43,96,"PostGuard(CW,11,1)",25266,1820.22,0,107,8,A9P5N,1.305,1.04975,1.945,0.6400000000000001
5423,3,9,ClusterValue,3,400,10,43,11,"Draw(CCW,L0)",153603,7192.59,0,103,8,A9P5N,0.735,1.91697,0.97,0.235
1644,5,15,ClusterValue,3,400,10,43,0,"Draw(CW,TEE)",535,30.1992,0,135,8,A9P5N,-1.0,0.0,-0.35,0.65
6839,5,3,ClusterValue,3,400,10,43,20,"Draw(CW,L5)",322413,11585.5,0,55,8,A9P5N,0.835,2.14657,1.225,0.3900000000000001
1063,2,15,ClusterValue,3,400,10,43,34,"Hit(CW,12,WEAK)",455,14.2694,0,55,8,A9P5N,1.905,0.293215,1.905,0.0
3774,5,6,ClusterValue,3,400,10,43,7,"Draw(CCW,S4)",235496,9255.43,0,65,8,A9P5N,-0.44,1.95612,-0.215,0.225
7844,2,5,ClusterValue,3,400,10,43,48,"Hit(CW,2,STRONG)",269804,9805.83,0,71,8,A9P5N,0.59,2.26758,1.02,0.43000000000000005
5770,5,13,ClusterValue,3,400,10,43,47,"Hit(CCW,4,MIDDLE)",18250,1219.89,0,91,8,A9P5N,1.015,1.30184,1.12,0.1050000000000002
7977,6,14,ClusterValue,3,400,10,44,39,"Hit(CCW,1,STRONG)",8019,500.847,0,145,8,A9P5N,-1.79,1.50197,-1.635,0.15500000000000003
3926,6,11,ClusterValue,3,400,10,44,76,"Hit(CW,8,MIDDLE)",87680,4772.08,0,123,8,A9P5N,0.38,1.95591,0.425,0.044999999999999984
3883,1,14,ClusterValue,3,400,10,44,19,"Draw(CCW,L4)",2709,88.4763,0,37,8,A9P5N,-0.335,0.890379,-0.075,0.26
9222,7,5,ClusterValue,3,400,10,44,16,"Draw(CW,L3)",253518,8572.18,0,37,8,A9P5N,1.13,2.10549,1.315,0.18500000000000005
7881,2,15,ClusterValue,3,400,10,44,84,"Hit(CW,12,WEAK)",529,22.9726,0,129,8,A9P5N,0.285,1.42961,1.72,1.435
6406,1,10,ClusterValue,3,400,10,44,38,"Hit(CW,7,STRONG)",107273,5087.99,0,59,8,A9P5N,-0.61,1.63948,-0.385,0.22499999999999998
8452,5,15,ClusterValue,3,400,10,44,34,"Hit(CW,0,WEAK)",553,30.6097,0,153,8,A9P5N,1.32,0.6063,1.935,0.615
1028,6,15,ClusterValue,3,400,10,44,135,"PostGuard(CCW,11,1)",551,24.4239,0,151,8,A9P5N,1.0,0.0,1.0,0.0
2596,1,14,ClusterValue,3,400,10,44,45,"Hit(CCW,3,WEAK)",7923,421.455,0,145,8,A9P5N,1.385,1.7137,1.97,0.585
4748,1,3,ClusterValue,3,400,10,44,39,"Hit(CCW,0,STRONG)",320769,14870.8,0,49,8,A9P5N,0.985,1.8721,0.985,0.0
9206,3,13,ClusterValue,3,400,10,44,3,"Draw(CCW,S0)",10712,543.362,0,49,8,A9P5N,1.07,1.40538,1.73,0.6599999999999999
5859,1,6,ClusterValue,3,400,10,44,33,"Hit(CCW,1,TOUCH)",236195,11437.9,0,65,8,A9P5N,-0.47,1.98472,-0.015,0.45499999999999996
6871,4,5,ClusterValue,3,400,10,44,44,"Hit(CW,2,WEAK)",270235,13067.1,0,71,8,A9P5N,0.835,2.16974,1.32,0.4850000000000001
7163,3,13,ClusterValue,3,400,10,44,62,"Hit(CW,12,TOUCH)",16559,1041.66,0,85,8,A9P5N,1.695,1.40783,2.465,0.7699999999999998
5807,0,8,ClusterValue,3,400,10,44,18,"Draw(CW,L4)",178705,8627.25,0,81,8,A9P5N,-0.325,2.0759,0.03,0.355
5567,2,15,ClusterValue,3,400,10,44,0,"Draw(CW,TEE)",529,35.9847,0,129,8,A9P5N,1.535,0.999387,1.93,0.395
2507,3,11,ClusterValue,3,400,10,44,40,"Hit(CW,4,MIDDLE)",83767,4357.43,0,107,8,A9P5N,1.665,2.33298,1.715,0.050000000000000044
7006,3,15,ClusterValue,3,400,10,44,0,"Draw(CW,TEE)",545,34.1248,0,145,8,A9P5N,-1.0,0.0,-0.97,0.030000000000000027
1984,6,4,ClusterValue,3,400,10,44,44,"Hit(CW,3,WEAK)",296321,14086.9,0,59,8,A9P5N,-0.54,1.88902,-0.31,0.23000000000000004
1845,7,14,ClusterValue,3,400,10,44,18,"Draw(CW,L4)",3784,169.65,0,55,8,A9P5N,1.13,1.37953,1.44,0.31000000000000005
5780,2,6,ClusterValue,3,400,10,44,44,"PostGuard(CW,0,1)",229152,10322.1,0,49,8,A9P5N,-0.69,2.05521,-0.375,0.31499999999999995
8645,7,5,ClusterValue,3,400,10,44,34,"Hit(CW,0,WEAK)",266841,12869.7,0,71,8,A9P5N,0.92,1.96306,0.92,0.0
6132,0,13,ClusterValue,3,400,10,44,76,"PostGuard(CW,9,1)",21675,1565.17,0,87,8,A9P5N,2.46,1.10833,2.62,0.16000000000000014
3339,4,10,ClusterValue,3,400,10,44,50,"Freeze(CW,9)",110754,5418.23,0,71,8,A9P5N,-0.305,1.77256,-0.305,0.0
3566,6,14,ClusterValue,3,400,10,44,64,"Hit(CW,9,WEAK)",7390,394.019,0,129,8,A9P5N,0.955,0.72317,1.01,0.05500000000000005
5523,3,9,ClusterValue,3,400,10,44,54,"Hit(CW,4,WEAK)",151036,7626.59,0,103,8,A9P5N,0.68,2.0488,0.74,0.05999999999999994
7015,5,14,ClusterValue,3,400,10,44,11,"Draw(CCW,L0)",7985,523.966,0,145,8,A9P5N,-1.135,1.92789,-1.135,0.0
743,7,3,ClusterValue,3,400,10,44,35,"Hit(CCW,0,WEAK)",324924,15317.5,0,55,8,A9P5N,0.505,1.88414,0.98,0.475
1014,4,15,ClusterValue,3,400,10,44,10,"Draw(CW,L0)",461,21.8158,0,61,8,A9P5N,3.325,1.27255,3.325,0.0
3900,0,10,ClusterValue,3,400,10,44,40,"Freeze(CW,9)",107270,5105.28,0,55,8,A9P5N,-0.02,1.70282,0.305,0.325
4543,6,5,ClusterValue,3,400,10,44,34,"Hit(CW,0,WEAK)",269391,12895.1,0,71,8,A9P5N,0.71,2.02136,1.09,0.3800000000000001
9231,5,14,ClusterValue,3,400,10,44,47,"Hit(CCW,5,MIDDLE)",5636,308.473,0,101,8,A9P5N,1.265,1.65975,2.025,0.76
1825,5,7,ClusterValue,3,400,10,44,0,"Draw(CW,TEE)",208384,9190.26,0,77,8,A9P5N,0.38,2.00888,0.865,0.485
4062,4,15,ClusterValue,3,400,10,44,35,"Hit(CCW,2,WEAK)",517,28.909,0,117,8,A9P5N,-1.275,0.824242,-0.475,0.7999999999999999
9882,2,11,ClusterValue,3,400,10,44,48,"Hit(CW,4,STRONG)",91455,5171.1,0,109,8,A9P5N,1.23,2.06085,1.295,0.06499999999999995
2998,6,14,ClusterValue,3,400,10,44,66,"Hit(CW,7,MIDDLE)",8052,528.529,0,145,8,A9P5N,2.69,0.907689,2.895,0.20500000000000007
1555,2,3,ClusterValue,3,400,10,44,34,"Hit(CW,0,WEAK)",324260,13825.2,0,55,8,A9P5N,0.59,1.94728,1.1,0.5100000000000001
4372,4,14,ClusterValue,3,400,10,44,18,"Draw(CW,L4)",3354,152.355,0,49,8,A9P5N,0.095,1.24337,0.095,0.0
3732,7,7,ClusterValue,3,400,10,44,40,"Freeze(CW,4)",196386,8991.05,0,49,8,A9P5N,0.82,1.95131,1.125,0.30500000000000005
3858,5,5,ClusterValue,3,400,10,44,10,"Draw(CW,L0)",271598,13744.6,0,75,8,A9P5N,0.64,2.00509,0.885,0.245
1938,0,14,ClusterValue,3,400,10,44,54,"Hit(CW,13,WEAK)",5445,312.257,0,93,8,A9P5N,1.175,1.5506,1.43,0.2549999999999999
9112,3,9,ClusterValue,3,400,10,44,39,"Hit(CCW,2,STRONG)",141818,6606.86,0,75,8,A9P5N,0.53,1.90239,0.76,0.22999999999999998
4157,3,12,ClusterValue,3,400,10,44,38,"Hit(CW,3,STRONG)",52046,2968.79,0,107,8,A9P5N,-0.885,1.81983,-0.705,0.18000000000000005
7373,1,11,ClusterValue,3,400,10,44,55,"Hit(CCW,6,WEAK)",89388,5067.08,0,103,8,A9P5N,0.93,1.90397,1.175,0.245
7173,4,15,ClusterValue,3,400,10,44,135,"PostGuard(CCW,11,1)",551,34.8289,0,151,8,A9P5N,2.0,0.0,2.0,0.0
196,4,4,ClusterValue,3,400,10,44,18,"Draw(CW,L4)",291627,13522.3,0,49,8,A9P5N,-0.54,2.07567,-0.22,0.32000000000000006
2630,2,14,ClusterValue,3,400,10,44,35,"Hit(CCW,11,WEAK)",3827,181.234,0,59,8,A9P5N,-1.175,1.17234,-1.07,0.10499999999999998
5731,2,10,ClusterValue,3,400,10,44,13,"Draw(CCW,L1)",102223,4671.68,0,43,8,A9P5N,-0.94,1.65118,-0.555,0.3849999999999999
9518,4,5,ClusterValue,3,400,10,44,44,"Hit(CW,2,WEAK)",269760,13067.8,0,71,8,A9P5N,0.705,2.00449,0.985,0.28
8211,7,12,ClusterValue,3,400,10,44,70,"Freeze(CW,11)",49511,2701.1,0,79,8,A9P5N,-1.045,1.73002,-0.815,0.22999999999999998
5392,3,13,ClusterValue,3,400,10,44,89,"Hit(CCW,10,STRONG)",24996,1825.94,0,135,8,A9P5N,-1.005,1.57638,-1.005,0.0
4262,4,2,ClusterValue,3,400,10,44,32,"Hit(CW,1,TOUCH)",353654,16607.0,0,49,8,A9P5N,-0.565,1.99644,-0.465,0.09999999999999992
6230,1,12,ClusterValue,3,400,10,44,34,"Hit(CW,11,WEAK)",42143,2070.83,0,49,8,A9P5N,-0.53,1.39968,-0.215,0.31500000000000006
3543,4,7,ClusterValue,3,400,10,44,4,"Draw(CW,S2)",200199,9346.23,0,55,8,A9P5N,0.62,1.85084,1.025,0.4049999999999999
1784,6,5,ClusterValue,3,400,10,44,0,"Draw(CW,TEE)",270530,12811.7,0,71,8,A9P5N,0.535,2.00219,1.05,0.515
4905,4,14,ClusterValue,3,400,10,44,11,"Draw(CCW,L0)",5798,290.008,0,101,8,A9P5N,-1.68,1.66961,-1.65,0.030000000000000027
3837,2,10,ClusterValue,3,400,10,44,43,"Hit(CCW,9,TOUCH)",111026,5494.81,0,71,8,A9P5N,-0.76,1.80344,-0.455,0.305
2854,0,15,ClusterValue,3,400,10,44,92,"PostGuard(CW,11,1)",503,23.9189,0,103,8,A9P5N,1.0,0.0,1.18,0.17999999999999994
1221,1,10,ClusterValue,3,400,10,44,44,"Hit(CW,3,WEAK)",121831,6781.38,0,113,8,A9P5N,-1.285,2.07455,-0.575,0.71
7301,6,14,ClusterValue,3,400,10,44,144,Pass,8189,559.629,0,145,8,A9P5N,1.965,0.209225,1.985,0.020000000000000018
5248,0,3,ClusterValue,3,400,10,44,14,"Draw(CW,L2)",323018,14683.5,0,49,8,A9P5N,0.905,2.39916,1.33,0.42500000000000004
2545,3,15,ClusterValue,3,400,10,44,0,"Draw(CW,TEE)",461,21.236,0,61,8,A9P5N,2.98,0.14,2.98,0.0
6335,1,11,ClusterValue,3,400,10,44,34,"Hit(CW,6,WEAK)",73746,3467.51,0,53,8,A9P5N,1.125,1.49645,1.125,0.0
8275,4,5,ClusterValue,3,400,10,44,35,"Hit(CCW,0,WEAK)",269541,9717.11,0,71,8,A9P5N,0.935,2.10018,1.005,0.06999999999999984
963,5,13,ClusterValue,3,400,10,44,87,"PostGuard(CCW,13,2)",20119,1306.41,0,89,8,A9P5N,0.965,1.3243,1.235,0.27000000000000013
176,5,11,ClusterValue,3,400,10,44,40,"Freeze(CW,0)",88285,4898.08,0,97,8,A9P5N,0.64,1.91322,1.585,0.945
2199,1,13,ClusterValue,3,400,10,44,57,"Hit(CCW,6,MIDDLE)",26090,1988.93,0,119,8,A9P5N,0.25,1.54839,0.25,0.0
8298,3,11,ClusterValue,3,400,10,44,79,"Hit(CCW,8,STRONG)",89173,4872.39,0,119,8,A9P5N,1.135,1.97656,1.185,0.050000000000000044
6729,2,14,ClusterValue,3,400,10,44,6,"Draw(CW,S4)",7595,481.043,0,135,8,A9P5N,0.665,1.04536,0.665,0.0
8119,5,4,ClusterValue,3,400,10,44,63,"PostGuard(CCW,2,2)",297388,14120.1,0,65,8,A9P5N,-0.58,2.01584,-0.18,0.39999999999999997
8189,0,14,ClusterValue,3,400,10,44,35,"Hit(CCW,13,WEAK)",3676,166.61,0,55,8,A9P5N,0.025,1.36542,0.025,0.0
9791,0,8,ClusterValue,3,400,10,44,34,"Hit(CW,7,WEAK)",170135,7793.91,0,55,8,A9P5N,-0.425,1.60137,-0.11,0.315
5487,5,5,ClusterValue,3,400,10,44,11,"Draw(CCW,L0)",269473,13370.2,0,71,8,A9P5N,0.48,2.07355,1.085,0.605
4950,0,15,ClusterValue,3,400,10,44,35,"Hit(CCW,12,WEAK)",471,19.511,0,71,8,A9P5N,-0.6,1.02956,0.83,1.43
9143,3,7,ClusterValue,3,400,10,44,62,"PostGuard(CW,3,0)",209251,10313.0,0,81,8,A9P5N,0.565,2.0508,1.135,0.5700000000000001
4517,4,13,ClusterValue,3,400,10,44,37,"Hit(CCW,2,MIDDLE)",28926,2205.49,0,123,8,A9P5N,1.535,1.29181,1.535,0.0
2994,5,10,ClusterValue,3,400,10,44,32,"Hit(CW,1,TOUCH)",127066,7314.86,0,113,8,A9P5N,-0.025,1.98856,0.045,0.07
961,6,13,ClusterValue,3,400,10,44,68,"Hit(CW,6,STRONG)",24752,1849.35,0,139,8,A9P5N,-1.985,1.5921,-1.735,0.25
1566,1,3,ClusterValue,3,400,10,44,43,"Hit(CCW,2,TOUCH)",327782,15926.9,0,59,8,A9P5N,0.63,2.02561,0.975,0.345
1686,6,15,ClusterValue,3,400,10,44,0,"Draw(CW,TEE)",449,18.0381,0,49,8,A9P5N,1.0,0.0,1.0,0.0
1201,0,6,ClusterValue,3,400,10,44,41,"Freeze(CCW,1)",229288,10395.8,0,53,8,A9P5N,-0.94,1.86183,-0.385,0.5549999999999999
5494,4,5,ClusterValue,3,400,10,44,48,"Hit(CW,2,STRONG)",272414,13487.9,0,75,8,A9P5N,0.76,1.86612,1.21,0.44999999999999996
2492,4,15,ClusterValue,3,400,10,44,2,"Draw(CW,S0)",475,23.5538,0,75,8,A9P5N,1.175,1.24675,1.65,0.47499999999999987
8959,1,11,ClusterValue,3,400,10,44,49,"Hit(CCW,6,STRONG)",84824,4593.13,0,97,8,A9P5N,0.875,1.69097,1.26,0.385
1671,0,15,ClusterValue,3,400,10,44,76,"Hit(CW,12,MIDDLE)",517,26.1495,0,117,8,A9P5N,-0.015,1.8179,2.74,2.7550000000000003
1385,7,11,ClusterValue,3,400,10,44,97,"PostGuard(CCW,11,0)",89732,4930.69,0,103,8,A9P5N,1.06,1.64511,1.18,0.11999999999999988
6872,1,14,ClusterValue,3,400,10,44,85,"Hit(CCW,13,WEAK)",7631,402.031,0,135,8,A9P5N,0.25,1.4344,1.02,0.77
8785,1,4,ClusterValue,3,400,10,44,40,"Freeze(CW,1)",289620,13654.2,0,49,8,A9P5N,-0.32,1.79933,-0.32,0.0
1835,0,15,ClusterValue,3,400,10,44,56,"Hit(CW,14,MIDDLE)",469,13.9847,0,69,8,A9P5N,1.215,0.773806,1.235,0.020000000000000018
6216,7,8,ClusterValue,3,400,10,44,49,"PostGuard(CCW,6,0)",168976,7719.92,0,55,8,A9P5N,-0.14,1.96479,0.075,0.21500000000000002
8471,6,5,ClusterValue,3,400,10,44,35,"Hit(CCW,0,WEAK)",271272,13207.8,0,75,8,A9P5N,0.82,1.99188,1.06,0.2400000000000001
256,3,12,ClusterValue,3,400,10,44,46,"Hit(CW,11,MIDDLE)",48389,1989.19,0,77,8,A9P5N,0.495,1.85741,0.495,0.0
5778,2,9,ClusterValue,3,400,10,44,64,"Hit(CW,6,WEAK)",151371,7893.11,0,97,8,A9P5N,0.52,1.81373,0.915,0.395
6320,4,15,ClusterValue,3,400,10,44,64,"Hit(CW,12,WEAK)",503,24.3599,0,103,8,A9P5N,-0.5,1.85203,-0.055,0.445
1638,4,11,ClusterValue,3,400,10,44,66,"Hit(CW,8,MIDDLE)",85809,4570.74,0,103,8,A9P5N,0.55,1.67257,0.715,0.16499999999999992
2310,6,15,ClusterValue,3,400,10,44,55,"Hit(CCW,6,WEAK)",535,29.857,0,135,8,A9P5N,-0.39,1.5388,2.215,2.605
7921,5,4,ClusterValue,3,400,10,44,3,"Draw(CCW,S0)",288817,13653.1,0,49,8,A9P5N,-0.705,1.90735,-0.205,0.5
1361,1,12,ClusterValue,3,400,10,44,40,"Freeze(CW,9)",43738,2190.06,0,59,8,A9P5N,-0.24,1.74997,0.19,0.43
5041,1,8,ClusterValue,3,400,10,44,52,"PostGuard(CW,6,2)",168855,6079.22,0,55,8,A9P5N,-0.395,1.81631,0.14,0.535
5033,7,5,ClusterValue,3,400,10,44,45,"Hit(CCW,2,WEAK)",269006,13041.1,0,71,8,A9P5N,0.845,2.18197,1.165,0.32000000000000006
5022,1,15,ClusterValue,3,400,10,44,7,"Draw(CCW,S4)",489,23.2857,0,89,8,A9P5N,1.25,0.466369,1.25,0.0
9907,7,9,ClusterValue,3,400,10,44,10,"Draw(CW,L0)",141236,6793.23,0,65,8,A9P5N,0.575,1.8559,1.01,0.43500000000000005
8627,2,12,ClusterValue,3,400,10,44,101,"PostGuard(CCW,10,2)",58562,3647.09,0,103,8,A9P5N,0.06,1.38072,0.415,0.355
1641,6,10,ClusterValue,3,400,10,44,81,"Freeze(CCW,9)",128746,5803.74,0,113,8,A9P5N,0.085,1.69345,0.31,0.22499999999999998
7249,2,15,ClusterValue,3,400,10,44,0,"Draw(CW,TEE)",539,28.1895,0,139,8,A9P5N,1.0,0.0,1.0,0.0
4837,7,2,ClusterValue,3,400,10,44,10,"Draw(CW,L0)",353393,16315.1,0,49,8,A9P5N,-0.495,1.88679,-0.18,0.315
1039,2,15,ClusterValue,3,400,10,44,35,"Hit(CCW,14,WEAK)",443,13.173,0,43,8,A9P5N,0.955,0.207304,0.955,0.0
7846,3,10,ClusterValue,3,400,10,44,44,"Hit(CW,9,WEAK)",108275,5300.82,0,65,8,A9P5N,-0.24,1.86612,-0.12,0.12
5246,2,5,ClusterValue,3,400,10,44,38,"Hit(CW,0,STRONG)",272462,13589.5,0,75,8,A9P5N,0.945,2.06688,1.025,0.07999999999999996
4166,2,12,ClusterValue,3,400,10,44,49,"Hit(CCW,11,WEAK)",49378,2626.89,0,75,8,A9P5N,0.19,1.65647,0.19,0.0
6533,4,6,ClusterValue,3,400,10,44,66,"PostGuard(CW,0,2)",244941,12379.1,0,81,8,A9P5N,0.28,1.85246,0.615,0.33499999999999996
5721,0,12,ClusterValue,3,400,10,44,29,"PreGuard(CCW,G4)",65420,4302.71,0,123,8,A9P5N,1.925,0.9107,1.945,0.020000000000000018
4463,7,9,ClusterValue,3,400,10,44,54,"Hit(CW,4,WEAK)",152885,8014.95,0,103,8,A9P5N,0.81,1.83409,1.03,0.21999999999999997
5606,2,14,ClusterValue,3,400,10,44,46,"Hit(CW,3,MIDDLE)",7630,493.005,0,139,8,A9P5N,0.515,1.59993,0.54,0.025000000000000022
1123,4,3,ClusterValue,3,400,10,44,35,"Hit(CCW,0,WEAK)",323217,15252.1,0,55,8,A9P5N,0.5,2.05913,1.04,0.54
8113,3,15,ClusterValue,3,400,10,44,0,"Draw(CW,TEE)",469,21.3596,0,69,8,A9P5N,0.93,0.36756,1.0,0.06999999999999995
716,6,7,ClusterValue,3,400,10,44,8,"Draw(CW,S6)",200005,9425.69,0,55,8,A9P5N,0.55,1.96914,1.015,0.46499999999999986
459,3,5,ClusterValue,3,400,10,44,34,"Hit(CW,0,WEAK)",267950,12291.2,0,71,8,A9P5N,0.845,2.09547,1.05,0.20500000000000007
9287,7,12,ClusterValue,3,400,10,44,42,"Hit(CW,11,STRONG)",47288,2470.03,0,65,8,A9P5N,-0.395,1.4032,-0.31,0.08500000000000002
5647,1,10,ClusterValue,3,400,10,44,51,"Freeze(CCW,5)",120776,6225.45,0,91,8,A9P5N,-0.625,2.03086,0.33,0.9550000000000001
4562,4,13,ClusterValue,3,400,10,44,74,"Hit(CW,8,WEAK)",31332,2514.71,0,129,8,A9P5N,1.255,1.35277,1.765,0.51
6201,5,11,ClusterValue,3,400,10,44,63,"Hit(CCW,6,TOUCH)",88130,3857.37,0,107,8,A9P5N,0.765,1.64005,0.765,0.0
9166,3,14,ClusterValue,3,400,10,44,67,"Hit(CCW,7,MIDDLE)",7691,506.941,0,139,8,A9P5N,0.505,1.45258,0.995,0.49
8703,4,3,ClusterValue,3,400,10,44,5,"Draw(CCW,S2)",320696,14930.7,0,49,8,A9P5N,0.475,2.11409,1.18,0.705
1616,0,14,ClusterValue,3,400,10,44,33,"Hit(CCW,7,TOUCH)",4202,201.182,0,69,8,A9P5N,0.86,1.35292,0.86,0.0
5809,3,9,ClusterValue,3,400,10,44,43,"Hit(CCW,8,TOUCH)",136305,4755.81,0,53,8,A9P5N,0.295,1.79387,0.78,0.48500000000000004
4651,6,5,ClusterValue,3,400,10,44,45,"Hit(CCW,2,WEAK)",268803,12683.3,0,71,8,A9P5N,0.18,1.87286,0.915,0.7350000000000001
8894,2,15,ClusterValue,3,400,10,44,2,"Draw(CW,S0)",479,21.521,0,79,8,A9P5N,1.885,0.437921,1.885,0.0
2369,6,9,ClusterValue,3,400,10,44,6,"Draw(CW,S4)",145952,7035.23,0,79,8,A9P5N,0.34,1.82603,0.69,0.3499999999999999
1083,7,15,ClusterValue,3,400,10,44,0,"Draw(CW,TEE)",503,24.4728,0,103,8,A9P5N,-0.98,0.198997,0.74,1.72
366,3,11,ClusterValue,3,400,10,44,76,"Hit(CW,8,MIDDLE)",93470,5402.9,0,119,8,A9P5N,1.315,2.30126,1.555,0.24
6354,2,15,ClusterValue,3,400,10,44,127,"PostGuard(CCW,9,0)",551,33.5723,0,151,8,A9P5N,1.45,0.497494,1.535,0.08499999999999996
9260,7,2,ClusterValue,3,400,10,44,8,"Draw(CW,S6)",351625,16622.9,0,49,8,A9P5N,-0.73,2.14408,-0.21,0.52
6267,4,12,ClusterValue,3,400,10,44,2,"Draw(CW,S0)",43309,2149.66,0,55,8,A9P5N,-0.4,1.52971,-0.025,0.375
1158,6,8,ClusterValue,3,400,10,44,54,"PostGuard(CW,4,1)",173035,8310.44,0,65,8,A9P5N,0.34,2.02099,0.39,0.04999999999999999
6520,1,5,ClusterValue,3,400,10,44,0,"Draw(CW,TEE)",271119,13747.1,0,75,8,A9P5N,1.01,1.81931,1.215,0.20500000000000007
2099,0,14,ClusterValue,3,400,10,44,33,"Hit(CCW,7,TOUCH)",5434,214.274,0,91,8,A9P5N,0.09,1.26171,0.56,0.4700000000000001
4892,6,10,ClusterValue,3,400,10,44,70,"Freeze(CW,7)",122095,5172.78,0,101,8,A9P5N,-0.485,1.86005,0.185,0.6699999999999999
7859,3,14,ClusterValue,3,400,10,44,33,"Hit(CCW,1,TOUCH)",7240,461.727,0,129,8,A9P5N,0.515,1.1224,0.515,0.0
2084,7,10,ClusterValue,3,400,10,44,110,"PostGuard(CW,8,2)",128180,7745.6,0,113,8,A9P5N,2.22,1.70047,2.465,0.24499999999999966
5335,1,14,ClusterValue,3,400,10,44,85,"Hit(CCW,11,WEAK)",8193,580.94,0,145,8,A9P5N,0.485,1.67026,0.485,0.0
5272,2,4,ClusterValue,3,400,10,44,1,"Draw(CCW,TEE)",293026,13819.3,0,53,8,A9P5N,-0.8,2.14709,-0.41,0.39000000000000007
5472,3,13,ClusterValue,3,400,10,44,47,"Hit(CCW,10,MIDDLE)",10729,613.551,0,69,8,A9P5N,0.7,1.44222,0.7,0.0
4526,5,9,ClusterValue,3,400,10,44,0,"Draw(CW,TEE)",139666,6850.75,0,65,8,A9P5N,0.685,1.68694,0.685,0.0
6392,2,5,ClusterValue,3,400,10,44,54,"Hit(CW,4,WEAK)",271295,13332.5,0,75,8,A9P5N,0.77,1.89132,1.075,0.30499999999999994
1255,4,13,ClusterValue,3,400,10,44,3,"Draw(CCW,S0)",16107,1036.88,0,91,8,A9P5N,1.785,1.44526,2.34,0.5549999999999999
5259,3,8,ClusterValue,3,400,10,44,6,"Draw(CW,S4)",188087,7618.18,0,97,8,A9P5N,0.33,2.18886,0.965,0.635
7905,3,15,ClusterValue,3,400,10,44,56,"Hit(CW,10,MIDDLE)",503,21.8715,0,103,8,A9P5N,2.765,1.17037,2.865,0.10000000000000009
4159,5,11,ClusterValue,3,400,10,44,46,"Hit(CW,6,MIDDLE)",87736,5122.09,0,103,8,A9P5N,0.69,1.86384,0.765,0.07500000000000007
2788,5,13,ClusterValue,3,400,10,44,74,"Hit(CW,8,WEAK)",31984,2603.54,0,139,8,A9P5N,1.75,1.64545,3.115,1.3650000000000002
4360,7,4,ClusterValue,3,400,10,44,1,"Draw(CCW,TEE)",293855,13275.5,0,59,8,A9P5N,-0.715,2.04298,-0.47,0.245
8248,7,13,ClusterValue,3,400,10,44,52,"PostGuard(CW,11,0)",13164,809.586,0,59,8,A9P5N,1.195,1.18616,1.49,0.29499999999999993
2081,5,9,ClusterValue,3,400,10,44,11,"Draw(CCW,L0)",136042,6312.95,0,53,8,A9P5N,0.365,1.90834,0.865,0.5
1265,4,5,ClusterValue,3,400,10,44,39,"Hit(CCW,0,STRONG)",269713,12611.8,0,71,8,A9P5N,0.665,1.9603,0.89,0.22499999999999998
3677,7,15,ClusterValue,3,400,10,44,3,"Draw(CCW,S0)",475,22.2107,0,75,8,A9P5N,1.56,0.75921,1.695,0.135
477,2,10,ClusterValue,3,400,10,44,40,"Freeze(CW,5)",117884,6152.18,0,81,8,A9P5N,-1.07,1.85879,-0.245,0.8250000000000001
8462,7,13,ClusterValue,3,400,10,44,94,"PostGuard(CW,7,2)",29077,2168.45,0,115,8,A9P5N,2.4,1.08628,2.63,0.22999999999999998
3186,1,11,ClusterValue,3,400,10,44,56,"Hit(CW,4,MIDDLE)",85124,4702.97,0,119,8,A9P5N,1.3,2.06398,1.3,0.0
8936,4,15,ClusterValue,3,400,10,44,130,"PostGuard(CW,9,2)",545,31.4775,0,145,8,A9P5N,1.0,0.0,1.015,0.014999999999999902
966,6,3,ClusterValue,3,400,10,44,4,"Draw(CW,S2)",324115,14102.6,0,55,8,A9P5N,0.92,2.22567,1.15,0.22999999999999987
232,1,13,ClusterValue,3,400,10,44,7,"Draw(CCW,S4)",13141,625.453,0,59,8,A9P5N,1.575,1.22245,1.575,0.0
3968,6,10,ClusterValue,3,400,10,44,19,"Draw(CCW,L4)",104671,4718.89,0,49,8,A9P5N,0.33,1.81138,0.95,0.6199999999999999
2440,2,5,ClusterValue,3,400,10,44,10,"Draw(CW,L0)",269432,12753.8,0,71,8,A9P5N,0.555,2.13939,1.17,0.6149999999999999
1624,6,15,ClusterValue,3,400,10,44,2,"Draw(CW,S0)",491,17.6906,0,91,8,A9P5N,1.26,0.58515,1.265,0.004999999999999893
9851,7,8,ClusterValue,3,400,10,44,51,"Freeze(CCW,5)",180436,7142.43,0,81,8,A9P5N,-0.46,1.87574,0.155,0.615
9879,2,15,ClusterValue,3,400,10,44,105,"PostGuard(CCW,11,0)",517,26.2161,0,117,8,A9P5N,2.985,0.157401,3.125,0.14000000000000012
9832,1,9,ClusterValue,3,400,10,44,39,"Hit(CCW,0,STRONG)",155570,8480.68,0,103,8,A9P5N,0.51,2.01492,1.24,0.73
4221,2,14,ClusterValue,3,400,10,44,144,Pass,8243,575.59,0,145,8,A9P5N,0.645,1.3187,1.555,0.9099999999999999
1999,2,5,ClusterValue,3,400,10,44,37,"Hit(CCW,2,MIDDLE)",260232,11013.1,0,53,8,A9P5N,0.685,1.74808,0.875,0.18999999999999995
99,4,13,ClusterValue,3,400,10,44,49,"Hit(CCW,12,WEAK)",10595,603.546,0,57,8,A9P5N,0.635,1.17974,0.635,0.0
964,0,8,ClusterValue,3,400,10,44,10,"Draw(CW,L0)",169031,7750.13,0,63,8,A9P5N,-0.435,1.93282,-0.295,0.14
6357,7,5,ClusterValue,3,400,10,44,59,"Hit(CCW,4,STRONG)",271965,11683.1,0,75,8,A9P5N,0.59,1.95497,0.895,0.30500000000000005
632,7,12,ClusterValue,3,400,10,44,3,"Draw(CCW,S0)",48930,2603.39,0,81,8,A9P5N,-0.365,1.75265,-0.195,0.16999999999999998
3130,2,11,ClusterValue,3,400,10,44,54,"Hit(CW,8,WEAK)",85291,4680.3,0,91,8,A9P5N,0.67,1.5592,1.315,0.6449999999999999
2941,4,13,ClusterValue,3,400,10,44,115,"PostGuard(CCW,11,1)",30744,2370.3,0,125,8,A9P5N,1.1,1.37113,1.365,0.2649999999999999
6374,0,11,ClusterValue,3,400,10,44,59,"Hit(CCW,6,STRONG)",87304,4615.67,0,113,8,A9P5N,1.19,2.28996,1.54,0.3500000000000001
156,7,14,ClusterValue,3,400,10,44,89,"Hit(CCW,11,STRONG)",7993,528.865,0,145,8,A9P5N,1.1,0.911043,1.105,0.004999999999999893
1570,1,4,ClusterValue,3,400,10,44,41,"Freeze(CCW,1)",288785,9990.28,0,49,8,A9P5N,-0.505,2.05669,-0.32,0.185
7117,6,12,ClusterValue,3,400,10,44,35,"Hit(CCW,11,WEAK)",42356,2078.17,0,49,8,A9P5N,-0.14,1.36396,-0.14,0.0
6164,7,6,ClusterValue,3,400,10,44,1,"Draw(CCW,TEE)",228439,8998.62,0,49,8,A9P5N,-0.65,1.9666,-0.25,0.4
4376,5,5,ClusterValue,3,400,10,44,47,"Hit(CCW,2,MIDDLE)",269941,10777.6,0,75,8,A9P5N,0.62,1.92759,0.9,0.28
4444,0,12,ClusterValue,3,400,10,44,18,"Draw(CW,L4)",48301,2581.88,0,75,8,A9P5N,-0.345,1.60187,-0.345,0.0
5083,5,6,ClusterValue,3,400,10,44,0,"Draw(CW,TEE)",244787,10426.5,0,81,8,A9P5N,-0.335,2.14308,-0.245,0.09000000000000002
894,4,13,ClusterValue,3,400,10,44,101,"PostGuard(CCW,11,1)",27364,1923.76,0,105,8,A9P5N,1.76,1.04518,2.14,0.3800000000000001
8445,1,11,ClusterValue,3,400,10,44,26,"PreGuard(CW,G3)",92200,5286.57,0,103,8,A9P5N,1.705,1.88891,2.34,0.6349999999999998
7871,7,15,ClusterValue,3,400,10,44,35,"Hit(CCW,0,WEAK)",551,41.0841,0,151,8,A9P5N,2.485,1.88674,3.185,0.7000000000000002
8198,0,4,ClusterValue,3,400,10,44,0,"Draw(CW,TEE)",294414,11620.2,0,59,8,A9P5N,-0.655,1.94833,-0.365,0.29000000000000004
6829,6,13,ClusterValue,3,400,10,44,47,"Hit(CCW,12,MIDDLE)",10302,619.207,0,53,8,A9P5N,0.35,1.22372,0.45,0.10000000000000003
4702,2,8,ClusterValue,3,400,10,44,36,"Hit(CW,7,MIDDLE)",166545,6730.35,0,49,8,A9P5N,-0.59,1.62539,-0.045,0.5449999999999999
4058,3,5,ClusterValue,3,400,10,44,44,"Hit(CW,2,WEAK)",270179,10147.0,0,71,8,A9P5N,0.985,1.97352,0.985,0.0
7591,4,13,ClusterValue,3,400,10,44,82,"PostGuard(CW,9,2)",24641,1762.39,0,97,8,A9P5N,2.87,1.00155,3.245,0.375
1445,7,8,ClusterValue,3,400,10,44,7,"Draw(CCW,S4)",173915,7362.14,0,65,8,A9P5N,-0.45,1.79374,-0.23,0.22
5373,5,13,ClusterValue,3,400,10,44,51,"Freeze(CCW,4)",22810,1624.8,0,107,8,A9P5N,1.945,1.18405,1.945,0.0
5423,3,9,ClusterValue,3,400,10,44,49,"Hit(CCW,2,STRONG)",155221,6791.15,0,103,8,A9P5N,0.665,1.82559,0.97,0.30499999999999994
1644,5,15,ClusterValue,3,400,10,44,0,"Draw(CW,TEE)",535,29.6702,0,135,8,A9P5N,-1.0,0.0,-0.35,0.65
6839,5,3,ClusterValue,3,400,10,44,4,"Draw(CW,S2)",324833,11319.7,0,55,8,A9P5N,1.225,2.29878,1.225,0.0
1063,2,15,ClusterValue,3,400,10,44,34,"Hit(CW,12,WEAK)",455,14.2639,0,55,8,A9P5N,1.905,0.293215,1.905,0.0
3774,5,6,ClusterValue,3,400,10,44,7,"Draw(CCW,S4)",236259,9196.81,0,65,8,A9P5N,-0.44,1.95612,-0.215,0.225
7844,2,5,ClusterValue,3,400,10,44,45,"Hit(CCW,2,WEAK)",268783,9525.76,0,71,8,A9P5N,0.815,2.17733,1.02,0.20500000000000007
5770,5,13,ClusterValue,3,400,10,44,47,"Hit(CCW,4,MIDDLE)",19466,1333.1,0,91,8,A9P5N,1.015,1.30184,1.12,0.1050000000000002
7977,6,14,ClusterValue,3,400,10,45,39,"Hit(CCW,1,STRONG)",7811,510.614,0,145,8,A9P5N,-1.79,1.50197,-1.635,0.15500000000000003
3926,6,11,ClusterValue,3,400,10,45,78,"Hit(CW,8,STRONG)",88270,4926.39,0,123,8,A9P5N,0.425,2.03823,0.425,0.0
3883,1,14,ClusterValue,3,400,10,45,18,"Draw(CW,L4)",2751,111.901,0,37,8,A9P5N,-0.355,0.893854,-0.075,0.27999999999999997
9222,7,5,ClusterValue,3,400,10,45,17,"Draw(CCW,L3)",252257,11440.3,0,37,8,A9P5N,1.315,2.00394,1.315,0.0
7881,2,15,ClusterValue,3,400,10,45,84,"Hit(CW,12,WEAK)",529,28.914,0,129,8,A9P5N,0.285,1.42961,1.72,1.435
6406,1,10,ClusterValue,3,400,10,45,44,"Hit(CW,9,WEAK)",107653,5194.83,0,59,8,A9P5N,-0.63,1.75017,-0.385,0.245
8452,5,15,ClusterValue,3,400,10,45,34,"Hit(CW,0,WEAK)",553,39.0963,0,153,8,A9P5N,1.32,0.6063,1.935,0.615
1028,6,15,ClusterValue,3,400,10,45,135,"PostGuard(CCW,11,1)",551,32.1575,0,151,8,A9P5N,1.0,0.0,1.0,0.0
2596,1,14,ClusterValue,3,400,10,45,38,"Hit(CW,1,STRONG)",8040,534.663,0,145,8,A9P5N,1.84,1.21425,1.97,0.1299999999999999
4748,1,3,ClusterValue,3,400,10,45,35,"Hit(CCW,0,WEAK)",320808,14903.3,0,49,8,A9P5N,0.88,2.1132,0.985,0.10499999999999998
9206,3,13,ClusterValue,3,400,10,45,11,"Draw(CCW,L0)",11233,681.027,0,49,8,A9P5N,1.66,1.49479,1.73,0.07000000000000006
5859,1,6,ClusterValue,3,400,10,45,11,"Draw(CCW,L0)",235829,11476.1,0,65,8,A9P5N,-0.42,1.97575,-0.015,0.40499999999999997
6871,4,5,ClusterValue,3,400,10,45,53,"PostGuard(CCW,1,0)",269767,13142.5,0,71,8,A9P5N,0.905,1.98645,1.32,0.41500000000000004
7163,3,13,ClusterValue,3,400,10,45,7,"Draw(CCW,S4)",14361,898.296,0,85,8,A9P5N,1.79,1.38416,2.465,0.6749999999999998
5807,0,8,ClusterValue,3,400,10,45,36,"Hit(CW,3,MIDDLE)",180498,9033.51,0,81,8,A9P5N,-0.115,1.88462,0.03,0.14500000000000002
5567,2,15,ClusterValue,3,400,10,45,0,"Draw(CW,TEE)",529,35.0651,0,129,8,A9P5N,1.535,0.999387,1.93,0.395
2507,3,11,ClusterValue,3,400,10,45,40,"Hit(CW,4,MIDDLE)",85836,4595.6,0,107,8,A9P5N,1.665,2.33298,1.715,0.050000000000000044
7006,3,15,ClusterValue,3,400,10,45,0,"Draw(CW,TEE)",545,33.1642,0,145,8,A9P5N,-1.0,0.0,-0.97,0.030000000000000027
1984,6,4,ClusterValue,3,400,10,45,42,"Hit(CW,3,TOUCH)",294755,14056.0,0,59,8,A9P5N,-0.695,2.24988,-0.31,0.38499999999999995
1845,7,14,ClusterValue,3,400,10,45,45,"PostGuard(CCW,10,1)",3627,163.517,0,55,8,A9P5N,1.22,1.56576,1.44,0.21999999999999997
5780,2,6,ClusterValue,3,400,10,45,35,"Hit(CCW,5,WEAK)",228713,10655.0,0,49,8,A9P5N,-0.78,1.76397,-0.375,0.405
8645,7,5,ClusterValue,3,400,10,45,3,"Draw(CCW,S0)",269572,13078.6,0,71,8,A9P5N,0.67,2.02017,0.92,0.25
6132,0,13,ClusterValue,3,400,10,45,72,"PostGuard(CW,7,2)",21774,1579.71,0,87,8,A9P5N,2.095,1.10271,2.62,0.5249999999999999
3339,4,10,ClusterValue,3,400,10,45,50,"Freeze(CW,9)",111882,5560.87,0,71,8,A9P5N,-0.305,1.77256,-0.305,0.0
3566,6,14,ClusterValue,3,400,10,45,97,"PostGuard(CCW,0,2)",7126,494.755,0,129,8,A9P5N,0.88,0.505569,1.01,0.13
5523,3,9,ClusterValue,3,400,10,45,54,"Hit(CW,4,WEAK)",150035,5923.53,0,103,8,A9P5N,0.68,2.0488,0.74,0.05999999999999994
7015,5,14,ClusterValue,3,400,10,45,11,"Draw(CCW,L0)",8033,550.952,0,145,8,A9P5N,-1.135,1.92789,-1.135,0.0
743,7,3,ClusterValue,3,400,10,45,38,"Hit(CW,0,STRONG)",322861,15277.1,0,55,8,A9P5N,0.76,2.04998,0.98,0.21999999999999997
1014,4,15,ClusterValue,3,400,10,45,10,"Draw(CW,L0)",461,21.4485,0,61,8,A9P5N,3.325,1.27255,3.325,0.0
3900,0,10,ClusterValue,3,400,10,45,40,"Freeze(CW,9)",107348,5175.75,0,55,8,A9P5N,-0.02,1.70282,0.305,0.325
4543,6,5,ClusterValue,3,400,10,45,45,"Hit(CCW,2,WEAK)",268697,12917.6,0,71,8,A9P5N,1.09,2.06444,1.09,0.0
9231,5,14,ClusterValue,3,400,10,45,10,"Draw(CW,L0)",5777,330.534,0,101,8,A9P5N,1.14,1.46983,2.025,0.885
1825,5,7,ClusterValue,3,400,10,45,53,"PostGuard(CCW,1,0)",208352,10280.7,0,77,8,A9P5N,0.865,2.16259,0.865,0.0
4062,4,15,ClusterValue,3,400,10,45,35,"Hit(CCW,2,WEAK)",517,28.6279,0,117,8,A9P5N,-1.275,0.824242,-0.475,0.7999999999999999
9882,2,11,ClusterValue,3,400,10,45,11,"Draw(CCW,L0)",93853,5542.48,0,109,8,A9P5N,0.17,1.51364,1.295,1.125
2998,6,14,ClusterValue,3,400,10,45,66,"Hit(CW,7,MIDDLE)",8051,534.986,0,145,8,A9P5N,2.69,0.907689,2.895,0.20500000000000007
1555,2,3,ClusterValue,3,400,10,45,5,"Draw(CCW,S2)",324380,15217.2,0,55,8,A9P5N,0.655,2.0799,1.1,0.44500000000000006
4372,4,14,ClusterValue,3,400,10,45,28,"PreGuard(CW,G4)",3265,150.542,0,49,8,A9P5N,-0.3,0.974679,0.095,0.395
3732,7,7,ClusterValue,3,400,10,45,20,"Draw(CW,L5)",197022,8985.02,0,49,8,A9P5N,0.87,1.58212,1.125,0.255
3858,5,5,ClusterValue,3,400,10,45,52,"Hit(CW,4,TOUCH)",272633,13697.5,0,75,8,A9P5N,0.53,2.05161,0.885,0.355
1938,0,14,ClusterValue,3,400,10,45,54,"Hit(CW,13,WEAK)",5502,318.663,0,93,8,A9P5N,1.175,1.5506,1.43,0.2549999999999999
9112,3,9,ClusterValue,3,400,10,45,39,"Hit(CCW,2,STRONG)",140583,6701.45,0,75,8,A9P5N,0.53,1.90239,0.76,0.22999999999999998
4157,3,12,ClusterValue,3,400,10,45,36,"Hit(CW,3,MIDDLE)",50946,2866.79,0,107,8,A9P5N,-0.705,1.59937,-0.705,0.0
7373,1,11,ClusterValue,3,400,10,45,43,"Hit(CCW,4,TOUCH)",89370,5073.59,0,103,8,A9P5N,0.83,1.66766,1.175,0.3450000000000001
7173,4,15,ClusterValue,3,400,10,45,135,"PostGuard(CCW,11,1)",551,35.0756,0,151,8,A9P5N,2.0,0.0,2.0,0.0
196,4,4,ClusterValue,3,400,10,45,34,"Hit(CW,3,WEAK)",290208,13507.0,0,49,8,A9P5N,-0.59,1.84442,-0.22,0.37
2630,2,14,ClusterValue,3,400,10,45,6,"Draw(CW,S4)",3823,182.748,0,59,8,A9P5N,-1.21,1.62355,-1.07,0.1399999999999999
5731,2,10,ClusterValue,3,400,10,45,13,"Draw(CCW,L1)",102626,4691.58,0,43,8,A9P5N,-0.94,1.65118,-0.555,0.3849999999999999
9518,4,5,ClusterValue,3,400,10,45,34,"Hit(CW,0,WEAK)",269802,13116.6,0,71,8,A9P5N,0.695,1.97281,0.985,0.29000000000000004
8211,7,12,ClusterValue,3,400,10,45,70,"Freeze(CW,11)",49432,2707.2,0,79,8,A9P5N,-1.045,1.73002,-0.815,0.22999999999999998
5392,3,13,ClusterValue,3,400,10,45,36,"Hit(CW,0,MIDDLE)",26899,2074.41,0,135,8,A9P5N,-1.21,1.59872,-1.005,0.20500000000000007
4262,4,2,ClusterValue,3,400,10,45,0,"Draw(CW,TEE)",352218,16622.7,0,49,8,A9P5N,-0.875,1.90771,-0.465,0.41
6230,1,12,ClusterValue,3,400,10,45,38,"Hit(CW,11,STRONG)",41886,1534.75,0,49,8,A9P5N,-0.435,1.30605,-0.215,0.22
3543,4,7,ClusterValue,3,400,10,45,15,"Draw(CCW,L2)",198782,9268.46,0,55,8,A9P5N,0.705,2.01196,1.025,0.31999999999999995
1784,6,5,ClusterValue,3,400,10,45,46,"Hit(CW,2,MIDDLE)",270334,13116.0,0,71,8,A9P5N,0.855,2.05766,1.05,0.19500000000000006
4905,4,14,ClusterValue,3,400,10,45,34,"Hit(CW,5,WEAK)",5870,303.436,0,101,8,A9P5N,-1.98,1.72325,-1.65,0.33000000000000007
3837,2,10,ClusterValue,3,400,10,45,37,"Hit(CCW,7,MIDDLE)",111772,4173.31,0,71,8,A9P5N,-0.54,1.58063,-0.455,0.08500000000000002
2854,0,15,ClusterValue,3,400,10,45,92,"PostGuard(CW,11,1)",503,23.8543,0,103,8,A9P5N,1.0,0.0,1.18,0.17999999999999994
1221,1,10,ClusterValue,3,400,10,45,57,"Hit(CCW,5,MIDDLE)",126582,7161.19,0,113,8,A9P5N,-1.11,1.88359,-0.575,0.5350000000000001
7301,6,14,ClusterValue,3,400,10,45,18,"Draw(CW,L4)",8102,558.56,0,145,8,A9P5N,1.915,0.328291,1.985,0.07000000000000006
5248,0,3,ClusterValue,3,400,10,45,21,"Draw(CCW,L5)",322855,15075.1,0,49,8,A9P5N,0.835,2.28424,1.33,0.4950000000000001
2545,3,15,ClusterValue,3,400,10,45,0,"Draw(CW,TEE)",461,21.1457,0,61,8,A9P5N,2.98,0.14,2.98,0.0
6335,1,11,ClusterValue,3,400,10,45,35,"Hit(CCW,6,WEAK)",74506,3509.58,0,53,8,A9P5N,0.965,1.54395,1.125,0.16000000000000003
8275,4,5,ClusterValue,3,400,10,45,35,"Hit(CCW,0,WEAK)",270204,13131.2,0,71,8,A9P5N,0.935,2.10018,1.005,0.06999999999999984
963,5,13,ClusterValue,3,400,10,45,34,"Hit(CW,8,WEAK)",18819,1253.35,0,89,8,A9P5N,1.235,1.95953,1.235,0.0
176,5,11,ClusterValue,3,400,10,45,44,"Hit(CW,6,WEAK)",88763,4905.58,0,97,8,A9P5N,1.325,1.87333,1.585,0.26
2199,1,13,ClusterValue,3,400,10,45,74,"Hit(CW,10,WEAK)",27253,2103.74,0,119,8,A9P5N,-0.19,1.78715,0.25,0.44
8298,3,11,ClusterValue,3,400,10,45,36,"Hit(CW,0,MIDDLE)",90063,5048.26,0,119,8,A9P5N,1.15,2.19488,1.185,0.03500000000000014
6729,2,14,ClusterValue,3,400,10,45,0,"Draw(CW,TEE)",7598,497.829,0,135,8,A9P5N,0.62,1.07963,0.665,0.04500000000000004
8119,5,4,ClusterValue,3,400,10,45,3,"Draw(CCW,S0)",297523,14553.7,0,65,8,A9P5N,-0.285,2.06489,-0.18,0.10499999999999998
8189,0,14,ClusterValue,3,400,10,45,35,"Hit(CCW,13,WEAK)",3729,174.164,0,55,8,A9P5N,0.025,1.36542,0.025,0.0
9791,0,8,ClusterValue,3,400,10,45,35,"Hit(CCW,7,WEAK)",167980,7903.38,0,55,8,A9P5N,-0.24,1.74425,-0.11,0.13
5487,5,5,ClusterValue,3,400,10,45,11,"Draw(CCW,L0)",269883,13274.9,0,71,8,A9P5N,0.48,2.07355,1.085,0.605
4950,0,15,ClusterValue,3,400,10,45,35,"Hit(CCW,12,WEAK)",471,14.5366,0,71,8,A9P5N,-0.6,1.02956,0.83,1.43
9143,3,7,ClusterValue,3,400,10,45,10,"Draw(CW,L0)",208456,7723.71,0,81,8,A9P5N,0.575,1.8315,1.135,0.56
4517,4,13,ClusterValue,3,400,10,45,114,"PostGuard(CW,9,2)",29819,2374.13,0,123,8,A9P5N,1.29,0.718262,1.535,0.24499999999999988
2994,5,10,ClusterValue,3,400,10,45,38,"Hit(CW,1,STRONG)",127940,7271.47,0,113,8,A9P5N,-0.54,2.16065,0.045,0.5850000000000001
961,6,13,ClusterValue,3,400,10,45,66,"Hit(CW,6,MIDDLE)",27797,2122.32,0,139,8,A9P5N,-1.745,1.59686,-1.735,0.010000000000000009
1566,1,3,ClusterValue,3,400,10,45,3,"Draw(CCW,S0)",325697,15722.3,0,59,8,A9P5N,0.88,1.9989,0.975,0.09499999999999997
1686,6,15,ClusterValue,3,400,10,45,0,"Draw(CW,TEE)",449,18.6377,0,49,8,A9P5N,1.0,0.0,1.0,0.0
1201,0,6,ClusterValue,3,400,10,45,3,"Draw(CCW,S0)",228808,10699.1,0,53,8,A9P5N,-0.77,2.08976,-0.385,0.385
5494,4,5,ClusterValue,3,400,10,45,59,"Hit(CCW,4,STRONG)",272766,13619.0,0,75,8,A9P5N,0.775,2.02098,1.21,0.43499999999999994
2492,4,15,ClusterValue,3,400,10,45,2,"Draw(CW,S0)",475,23.5449,0,75,8,A9P5N,1.175,1.24675,1.65,0.47499999999999987
8959,1,11,ClusterValue,3,400,10,45,66,"Hit(CW,10,MIDDLE)",88624,4883.72,0,97,8,A9P5N,0.795,1.93468,1.26,0.46499999999999997
1671,0,15,ClusterValue,3,400,10,45,76,"Hit(CW,12,MIDDLE)",517,25.8743,0,117,8,A9P5N,-0.015,1.8179,2.74,2.7550000000000003
1385,7,11,ClusterValue,3,400,10,45,18,"Draw(CW,L4)",89717,4913.06,0,103,8,A9P5N,1.06,1.81835,1.18,0.11999999999999988
6872,1,14,ClusterValue,3,400,10,45,84,"Hit(CW,13,WEAK)",7687,524.665,0,135,8,A9P5N,0.885,0.949618,1.02,0.135
8785,1,4,ClusterValue,3,400,10,45,43,"PostGuard(CCW,2,0)",292742,13715.6,0,49,8,A9P5N,-0.58,2.0034,-0.32,0.25999999999999995
1835,0,15,ClusterValue,3,400,10,45,56,"Hit(CW,14,MIDDLE)",469,14.363,0,69,8,A9P5N,1.215,0.773806,1.235,0.020000000000000018
6216,7,8,ClusterValue,3,400,10,45,50,"PostGuard(CW,6,1)",169350,8005.34,0,55,8,A9P5N,0.075,1.99984,0.075,0.0
8471,6,5,ClusterValue,3,400,10,45,45,"Hit(CCW,2,WEAK)",271445,13195.3,0,75,8,A9P5N,0.65,2.15812,1.06,0.41000000000000003
256,3,12,ClusterValue,3,400,10,45,46,"Hit(CW,11,MIDDLE)",47334,2475.35,0,77,8,A9P5N,0.495,1.85741,0.495,0.0
5778,2,9,ClusterValue,3,400,10,45,66,"Hit(CW,6,MIDDLE)",152783,8033.16,0,97,8,A9P5N,0.4,2.00749,0.915,0.515
6320,4,15,ClusterValue,3,400,10,45,64,"Hit(CW,12,WEAK)",503,24.3188,0,103,8,A9P5N,-0.5,1.85203,-0.055,0.445
1638,4,11,ClusterValue,3,400,10,45,66,"Hit(CW,8,MIDDLE)",88594,4854.33,0,103,8,A9P5N,0.55,1.67257,0.715,0.16499999999999992
2310,6,15,ClusterValue,3,400,10,45,55,"Hit(CCW,6,WEAK)",535,30.5346,0,135,8,A9P5N,-0.39,1.5388,2.215,2.605
7921,5,4,ClusterValue,3,400,10,45,18,"Draw(CW,L4)",291032,13748.3,0,49,8,A9P5N,-0.565,1.94827,-0.205,0.36
1361,1,12,ClusterValue,3,400,10,45,7,"Draw(CCW,S4)",43081,2162.94,0,59,8,A9P5N,0.19,1.55367,0.19,0.0
5041,1,8,ClusterValue,3,400,10,45,52,"PostGuard(CW,6,2)",170135,8159.7,0,55,8,A9P5N,-0.395,1.81631,0.14,0.535
5033,7,5,ClusterValue,3,400,10,45,37,"Hit(CCW,0,MIDDLE)",271467,13315.0,0,71,8,A9P5N,1.115,2.10518,1.165,0.050000000000000044
5022,1,15,ClusterValue,3,400,10,45,7,"Draw(CCW,S4)",489,23.717,0,89,8,A9P5N,1.25,0.466369,1.25,0.0
9907,7,9,ClusterValue,3,400,10,45,45,"Hit(CCW,6,WEAK)",140480,6759.52,0,65,8,A9P5N,1.01,1.98492,1.01,0.0
8627,2,12,ClusterValue,3,400,10,45,28,"PreGuard(CW,G4)",59837,3782.32,0,103,8,A9P5N,-0.015,1.38014,0.415,0.43
1641,6,10,ClusterValue,3,400,10,45,75,"Hit(CCW,9,WEAK)",130352,7837.53,0,113,8,A9P5N,-0.23,1.99176,0.31,0.54
7249,2,15,ClusterValue,3,400,10,45,0,"Draw(CW,TEE)",539,28.8538,0,139,8,A9P5N,1.0,0.0,1.0,0.0
4837,7,2,ClusterValue,3,400,10,45,45,"PostGuard(CCW,0,1)",351725,16813.9,0,49,8,A9P5N,-0.48,2.12123,-0.18,0.3
1039,2,15,ClusterValue,3,400,10,45,35,"Hit(CCW,14,WEAK)",443,13.2616,0,43,8,A9P5N,0.955,0.207304,0.955,0.0
7846,3,10,ClusterValue,3,400,10,45,44,"Hit(CW,9,WEAK)",107995,3902.3,0,65,8,A9P5N,-0.24,1.86612,-0.12,0.12
5246,2,5,ClusterValue,3,400,10,45,38,"Hit(CW,0,STRONG)",272262,13620.0,0,75,8,A9P5N,0.945,2.06688,1.025,0.07999999999999996
4166,2,12,ClusterValue,3,400,10,45,52,"Hit(CW,11,STRONG)",46763,2416.34,0,75,8,A9P5N,0.06,1.79622,0.19,0.13
6533,4,6,ClusterValue,3,400,10,45,66,"PostGuard(CW,0,2)",245540,12832.7,0,81,8,A9P5N,0.28,1.85246,0.615,0.33499999999999996
5721,0,12,ClusterValue,3,400,10,45,95,"PostGuard(CCW,2,1)",65820,4317.32,0,123,8,A9P5N,1.625,1.35439,1.945,0.32000000000000006
4463,7,9,ClusterValue,3,400,10,45,57,"Hit(CCW,4,MIDDLE)",153386,8064.33,0,103,8,A9P5N,0.8,1.78606,1.03,0.22999999999999998
5606,2,14,ClusterValue,3,400,10,45,48,"Hit(CW,3,STRONG)",7703,491.54,0,139,8,A9P5N,0.54,1.4207,0.54,0.0
1123,4,3,ClusterValue,3,400,10,45,39,"Hit(CCW,0,STRONG)",324701,15410.8,0,55,8,A9P5N,0.71,2.10853,1.04,0.33000000000000007
8113,3,15,ClusterValue,3,400,10,45,0,"Draw(CW,TEE)",469,21.4534,0,69,8,A9P5N,0.93,0.36756,1.0,0.06999999999999995
716,6,7,ClusterValue,3,400,10,45,37,"Hit(CCW,4,MIDDLE)",200251,9406.74,0,55,8,A9P5N,0.615,1.7991,1.015,0.3999999999999999
459,3,5,ClusterValue,3,400,10,45,34,"Hit(CW,0,WEAK)",267747,12667.1,0,71,8,A9P5N,0.845,2.09547,1.05,0.20500000000000007
9287,7,12,ClusterValue,3,400,10,45,2,"Draw(CW,S0)",47681,2501.37,0,65,8,A9P5N,-0.675,1.5841,-0.31,0.36500000000000005
5647,1,10,ClusterValue,3,400,10,45,87,"PostGuard(CCW,8,1)",120825,6380.49,0,91,8,A9P5N,-0.235,1.77476,0.33,0.565
4562,4,13,ClusterValue,3,400,10,45,78,"Hit(CW,8,STRONG)",30115,1806.97,0,129,8,A9P5N,1.755,1.39103,1.765,0.010000000000000009
6201,5,11,ClusterValue,3,400,10,45,63,"Hit(CCW,6,TOUCH)",84815,4792.0,0,107,8,A9P5N,0.765,1.64005,0.765,0.0
9166,3,14,ClusterValue,3,400,10,45,85,"Hit(CCW,11,WEAK)",7851,538.38,0,139,8,A9P5N,0.115,1.92919,0.995,0.88
8703,4,3,ClusterValue,3,400,10,45,36,"Hit(CW,0,MIDDLE)",322177,14945.3,0,49,8,A9P5N,0.675,1.91817,1.18,0.5049999999999999
1616,0,14,ClusterValue,3,400,10,45,33,"Hit(CCW,7,TOUCH)",4316,213.072,0,69,8,A9P5N,0.86,1.35292,0.86,0.0
5809,3,9,ClusterValue,3,400,10,45,34,"Hit(CW,6,WEAK)",136235,6363.3,0,53,8,A9P5N,0.41,1.71228,0.78,0.37000000000000005
4651,6,5,ClusterValue,3,400,10,45,45,"Hit(CCW,2,WEAK)",267989,12963.2,0,71,8,A9P5N,0.18,1.87286,0.915,0.7350000000000001
8894,2,15,ClusterValue,3,400,10,45,2,"Draw(CW,S0)",479,22.1919,0,79,8,A9P5N,1.885,0.437921,1.885,0.0
2369,6,9,ClusterValue,3,400,10,45,44,"Hit(CW,2,WEAK)",144385,7019.02,0,79,8,A9P5N,0.34,1.59512,0.69,0.3499999999999999
1083,7,15,ClusterValue,3,400,10,45,0,"Draw(CW,TEE)",503,17.8527,0,103,8,A9P5N,-0.98,0.198997,0.74,1.72
366,3,11,ClusterValue,3,400,10,45,78,"Hit(CW,8,STRONG)",91159,3877.95,0,119,8,A9P5N,1.555,2.48334,1.555,0.0
6354,2,15,ClusterValue,3,400,10,45,4,"Draw(CW,S2)",551,33.9424,0,151,8,A9P5N,1.535,0.498773,1.535,0.0
9260,7,2,ClusterValue,3,400,10,45,6,"Draw(CW,S4)",352122,16646.9,0,49,8,A9P5N,-0.84,1.96581,-0.21,0.63
6267,4,12,ClusterValue,3,400,10,45,11,"Draw(CCW,L0)",43467,2158.67,0,55,8,A9P5N,-0.36,1.72928,-0.025,0.33499999999999996
1158,6,8,ClusterValue,3,400,10,45,54,"PostGuard(CW,4,1)",172399,8182.67,0,65,8,A9P5N,0.34,2.02099,0.39,0.04999999999999999
6520,1,5,ClusterValue,3,400,10,45,49,"Hit(CCW,2,STRONG)",271271,13109.5,0,75,8,A9P5N,0.66,1.97596,1.215,0.555
2099,0,14,ClusterValue,3,400,10,45,7,"Draw(CCW,S4)",5323,279.533,0,91,8,A9P5N,0.535,1.32241,0.56,0.025000000000000022
4892,6,10,ClusterValue,3,400,10,45,74,"Hit(CW,9,WEAK)",120927,6537.2,0,101,8,A9P5N,-0.61,1.91779,0.185,0.7949999999999999
7859,3,14,ClusterValue,3,400,10,45,33,"Hit(CCW,1,TOUCH)",7168,449.129,0,129,8,A9P5N,0.515,1.1224,0.515,0.0
2084,7,10,ClusterValue,3,400,10,45,106,"PostGuard(CW,8,0)",126767,7592.53,0,113,8,A9P5N,2.465,1.73746,2.465,0.0
5335,1,14,ClusterValue,3,400,10,45,85,"Hit(CCW,11,WEAK)",8119,567.167,0,145,8,A9P5N,0.485,1.67026,0.485,0.0
5272,2,4,ClusterValue,3,400,10,45,0,"Draw(CW,TEE)",291429,13731.5,0,53,8,A9P5N,-0.635,2.07648,-0.41,0.22500000000000003
5472,3,13,ClusterValue,3,400,10,45,34,"Hit(CW,4,WEAK)",12285,743.858,0,69,8,A9P5N,0.265,1.60149,0.7,0.43499999999999994
4526,5,9,ClusterValue,3,400,10,45,1,"Draw(CCW,TEE)",140459,6822.93,0,65,8,A9P5N,0.365,1.78095,0.685,0.32000000000000006
6392,2,5,ClusterValue,3,400,10,45,39,"Hit(CCW,0,STRONG)",270833,13080.1,0,75,8,A9P5N,0.86,1.97747,1.075,0.21499999999999997
1255,4,13,ClusterValue,3,400,10,45,3,"Draw(CCW,S0)",14959,735.888,0,91,8,A9P5N,1.785,1.44526,2.34,0.5549999999999999
5259,3,8,ClusterValue,3,400,10,45,82,"PostGuard(CW,2,2)",186177,10053.2,0,97,8,A9P5N,0.745,1.89736,0.965,0.21999999999999997
7905,3,15,ClusterValue,3,400,10,45,56,"Hit(CW,10,MIDDLE)",503,21.5537,0,103,8,A9P5N,2.765,1.17037,2.865,0.10000000000000009
4159,5,11,ClusterValue,3,400,10,45,48,"Hit(CW,6,STRONG)",89119,5174.52,0,103,8,A9P5N,0.69,1.83409,0.765,0.07500000000000007
2788,5,13,ClusterValue,3,400,10,45,69,"Hit(CCW,6,STRONG)",34281,2802.22,0,139,8,A9P5N,2.67,1.62822,3.115,0.4450000000000003
4360,7,4,ClusterValue,3,400,10,45,47,"Hit(CCW,3,MIDDLE)",294713,10522.0,0,59,8,A9P5N,-0.535,1.88912,-0.47,0.06500000000000006
8248,7,13,ClusterValue,3,400,10,45,29,"PreGuard(CCW,G4)",12814,812.017,0,59,8,A9P5N,0.42,1.48445,1.49,1.07
2081,5,9,ClusterValue,3,400,10,45,11,"Draw(CCW,L0)",135566,6286.46,0,53,8,A9P5N,0.365,1.90834,0.865,0.5
1265,4,5,ClusterValue,3,400,10,45,3,"Draw(CCW,S0)",270850,13043.4,0,71,8,A9P5N,0.74,2.03774,0.89,0.15000000000000002
3677,7,15,ClusterValue,3,400,10,45,3,"Draw(CCW,S0)",475,22.4817,0,75,8,A9P5N,1.56,0.75921,1.695,0.135
477,2,10,ClusterValue,3,400,10,45,1,"Draw(CCW,TEE)",116366,6098.63,0,81,8,A9P5N,-0.37,1.96548,-0.245,0.125
8462,7,13,ClusterValue,3,400,10,45,77,"PostGuard(CCW,1,2)",30242,2376.2,0,115,8,A9P5N,2.445,1.01832,2.63,0.18500000000000005
3186,1,11,ClusterValue,3,400,10,45,56,"Hit(CW,4,MIDDLE)",83559,4582.35,0,119,8,A9P5N,1.3,2.06398,1.3,0.0
8936,4,15,ClusterValue,3,400,10,45,130,"PostGuard(CW,9,2)",545,30.6202,0,145,8,A9P5N,1.0,0.0,1.015,0.014999999999999902
966,6,3,ClusterValue,3,400,10,45,24,"Draw(CW,L7)",325842,13437.4,0,55,8,A9P5N,0.51,2.07603,1.15,0.6399999999999999
232,1,13,ClusterValue,3,400,10,45,6,"Draw(CW,S4)",12743,807.104,0,59,8,A9P5N,1.2,1.26886,1.575,0.375
3968,6,10,ClusterValue,3,400,10,45,36,"PostGuard(CW,6,0)",104949,4869.17,0,49,8,A9P5N,0.03,1.93884,0.95,0.9199999999999999
2440,2,5,ClusterValue,3,400,10,45,11,"Draw(CCW,L0)",271500,12560.7,0,71,8,A9P5N,0.87,2.02808,1.17,0.29999999999999993
1624,6,15,ClusterValue,3,400,10,45,2,"Draw(CW,S0)",491,22.6159,0,91,8,A9P5N,1.26,0.58515,1.265,0.004999999999999893
9851,7,8,ClusterValue,3,400,10,45,39,"Hit(CCW,1,STRONG)",178895,9196.42,0,81,8,A9P5N,-0.255,1.84932,0.155,0.41000000000000003
9879,2,15,ClusterValue,3,400,10,45,105,"PostGuard(CCW,11,0)",517,26.3415,0,117,8,A9P5N,2.985,0.157401,3.125,0.14000000000000012
9832,1,9,ClusterValue,3,400,10,45,68,"Hit(CW,6,STRONG)",152945,8205.43,0,103,8,A9P5N,0.59,1.9005,1.24,0.65
4221,2,14,ClusterValue,3,400,10,45,18,"Draw(CW,L4)",8098,577.096,0,145,8,A9P5N,0.99,1.0954,1.555,0.565
1999,2,5,ClusterValue,3,400,10,45,12,"Draw(CW,L1)",261390,10965.8,0,53,8,A9P5N,0.405,1.96748,0.875,0.47
99,4,13,ClusterValue,3,400,10,45,10,"Draw(CW,L0)",10383,611.988,0,57,8,A9P5N,0.465,1.43484,0.635,0.16999999999999998
964,0,8,ClusterValue,3,400,10,45,45,"Hit(CCW,5,WEAK)",171476,7981.3,0,63,8,A9P5N,-0.295,1.76011,-0.295,0.0
6357,7,5,ClusterValue,3,400,10,45,6,"Draw(CW,S4)",271679,11275.4,0,75,8,A9P5N,0.895,2.03813,0.895,0.0
632,7,12,ClusterValue,3,400,10,45,56,"Hit(CW,11,MIDDLE)",50970,2842.72,0,81,8,A9P5N,-0.215,1.88382,-0.195,0.01999999999999999
3130,2,11,ClusterValue,3,400,10,45,54,"Hit(CW,8,WEAK)",82640,4408.53,0,91,8,A9P5N,0.67,1.5592,1.315,0.6449999999999999
2941,4,13,ClusterValue,3,400,10,45,46,"Hit(CW,4,MIDDLE)",30596,2340.39,0,125,8,A9P5N,0.705,1.48593,1.365,0.66
6374,0,11,ClusterValue,3,400,10,45,57,"Hit(CCW,6,MIDDLE)",86470,4598.94,0,113,8,A9P5N,1.12,2.31853,1.54,0.41999999999999993
156,7,14,ClusterValue,3,400,10,45,55,"Hit(CCW,5,WEAK)",7952,523.926,0,145,8,A9P5N,0.54,1.21178,1.105,0.565
1570,1,4,ClusterValue,3,400,10,45,6,"Draw(CW,S4)",290801,11382.1,0,49,8,A9P5N,-0.41,1.81711,-0.32,0.08999999999999997
7117,6,12,ClusterValue,3,400,10,45,35,"Hit(CCW,11,WEAK)",42568,2097.12,0,49,8,A9P5N,-0.14,1.36396,-0.14,0.0
6164,7,6,ClusterValue,3,400,10,45,7,"Draw(CCW,S4)",228451,9192.85,0,49,8,A9P5N,-0.48,1.90515,-0.25,0.22999999999999998
4376,5,5,ClusterValue,3,400,10,45,36,"Hit(CW,0,MIDDLE)",271162,10949.2,0,75,8,A9P5N,0.45,2.0994,0.9,0.45
4444,0,12,ClusterValue,3,400,10,45,70,"PostGuard(CW,10,1)",48050,2610.87,0,75,8,A9P5N,-0.955,1.70674,-0.345,0.61
5083,5,6,ClusterValue,3,400,10,45,59,"Hit(CCW,5,STRONG)",245194,10152.7,0,81,8,A9P5N,-0.635,2.17296,-0.245,0.39
894,4,13,ClusterValue,3,400,10,45,59,"Hit(CCW,8,WEAK)",25428,1834.66,0,105,8,A9P5N,1.83,1.43217,2.14,0.31000000000000005
8445,1,11,ClusterValue,3,400,10,45,68,"Hit(CW,10,STRONG)",91384,5006.98,0,103,8,A9P5N,1.99,1.8547,2.34,0.34999999999999987
7871,7,15,ClusterValue,3,400,10,45,35,"Hit(CCW,0,WEAK)",551,42.049,0,151,8,A9P5N,2.485,1.88674,3.185,0.7000000000000002
8198,0,4,ClusterValue,3,400,10,45,29,"PreGuard(CCW,G4)",294183,11531.0,0,59,8,A9P5N,-0.715,1.99092,-0.365,0.35
6829,6,13,ClusterValue,3,400,10,45,45,"Hit(CCW,12,WEAK)",10700,652.774,0,53,8,A9P5N,0.45,1.30671,0.45,0.0
4702,2,8,ClusterValue,3,400,10,45,35,"Hit(CCW,7,WEAK)",166587,6826.2,0,49,8,A9P5N,-0.5,1.68523,-0.045,0.455
4058,3,5,ClusterValue,3,400,10,45,0,"Draw(CW,TEE)",269664,10363.9,0,71,8,A9P5N,0.655,1.94061,0.985,0.32999999999999996
7591,4,13,ClusterValue,3,400,10,45,87,"PostGuard(CCW,11,1)",22759,1516.54,0,97,8,A9P5N,3.125,1.06742,3.245,0.1200000000000001
1445,7,8,ClusterValue,3,400,10,45,0,"Draw(CW,TEE)",172543,7022.57,0,65,8,A9P5N,-0.58,1.67141,-0.23,0.35
5373,5,13,ClusterValue,3,400,10,45,51,"Freeze(CCW,4)",24192,1751.4,0,107,8,A9P5N,1.945,1.18405,1.945,0.0
5423,3,9,ClusterValue,3,400,10,45,59,"Hit(CCW,4,STRONG)",153103,6737.8,0,103,8,A9P5N,0.97,2.27796,0.97,0.0
1644,5,15,ClusterValue,3,400,10,45,0,"Draw(CW,TEE)",535,30.0392,0,135,8,A9P5N,-1.0,0.0,-0.35,0.65
6839,5,3,ClusterValue,3,400,10,45,5,"Draw(CCW,S2)",324124,11420.6,0,55,8,A9P5N,0.925,2.15392,1.225,0.30000000000000004
1063,2,15,ClusterValue,3,400,10,45,34,"Hit(CW,12,WEAK)",455,10.4961,0,55,8,A9P5N,1.905,0.293215,1.905,0.0
3774,5,6,ClusterValue,3,400,10,45,45,"Hit(CCW,5,WEAK)",235748,8189.29,0,65,8,A9P5N,-0.635,1.90572,-0.215,0.42000000000000004
7844,2,5,ClusterValue,3,400,10,45,45,"Hit(CCW,2,WEAK)",270555,9534.29,0,71,8,A9P5N,0.815,2.17733,1.02,0.20500000000000007
5770,5,13,ClusterValue,3,400,10,45,44,"Hit(CW,4,WEAK)",18745,1238.63,0,91,8,A9P5N,0.95,1.66057,1.12,0.17000000000000015
7977,6,14,ClusterValue,3,400,10,46,79,"Hit(CCW,9,STRONG)",7980,528.886,0,145,8,A9P5N,-2.485,1.4628,-1.635,0.8499999999999999
3926,6,11,ClusterValue,3,400,10,46,65,"Hit(CCW,6,WEAK)",89495,5144.9,0,123,8,A9P5N,0.32,1.88881,0.425,0.10499999999999998
3883,1,14,ClusterValue,3,400,10,46,18,"Draw(CW,L4)",2742,119.742,0,37,8,A9P5N,-0.355,0.893854,-0.075,0.27999999999999997
9222,7,5,ClusterValue,3,400,10,46,13,"Draw(CCW,L1)",251386,11406.4,0,37,8,A9P5N,1.24,1.96784,1.315,0.07499999999999996
7881,2,15,ClusterValue,3,400,10,46,84,"Hit(CW,12,WEAK)",529,29.6271,0,129,8,A9P5N,0.285,1.42961,1.72,1.435
6406,1,10,ClusterValue,3,400,10,46,2,"Draw(CW,S0)",106705,5190.28,0,59,8,A9P5N,-0.7,1.82757,-0.385,0.31499999999999995
8452,5,15,ClusterValue,3,400,10,46,150,"ComeAround(CW,12,2)",553,39.1885,0,153,8,A9P5N,1.36,0.48,1.935,0.575
1028,6,15,ClusterValue,3,400,10,46,135,"PostGuard(CCW,11,1)",551,33.0083,0,151,8,A9P5N,1.0,0.0,1.0,0.0
2596,1,14,ClusterValue,3,400,10,46,46,"Hit(CW,3,MIDDLE)",8051,544.313,0,145,8,A9P5N,1.47,1.63985,1.97,0.5
4748,1,3,ClusterValue,3,400,10,46,4,"Draw(CW,S2)",321565,14950.9,0,49,8,A9P5N,0.495,1.97484,0.985,0.49
9206,3,13,ClusterValue,3,400,10,46,34,"Hit(CW,12,WEAK)",10906,663.628,0,49,8,A9P5N,1.73,1.43774,1.73,0.0
5859,1,6,ClusterValue,3,400,10,46,42,"Hit(CW,5,TOUCH)",235073,11554.7,0,65,8,A9P5N,-0.61,2.04154,-0.015,0.595
6871,4,5,ClusterValue,3,400,10,46,11,"Draw(CCW,L0)",269246,13065.8,0,71,8,A9P5N,0.85,2.21754,1.32,0.4700000000000001
7163,3,13,ClusterValue,3,400,10,46,64,"Hit(CW,12,WEAK)",16099,1045.2,0,85,8,A9P5N,2.285,1.58864,2.465,0.17999999999999972
5807,0,8,ClusterValue,3,400,10,46,29,"PreGuard(CCW,G4)",179310,8948.43,0,81,8,A9P5N,-0.15,2.13483,0.03,0.18
5567,2,15,ClusterValue,3,400,10,46,0,"Draw(CW,TEE)",529,35.797,0,129,8,A9P5N,1.535,0.999387,1.93,0.395
2507,3,11,ClusterValue,3,400,10,46,40,"Hit(CW,4,MIDDLE)",81690,4136.57,0,107,8,A9P5N,1.665,2.33298,1.715,0.050000000000000044
7006,3,15,ClusterValue,3,400,10,46,0,"Draw(CW,TEE)",545,34.1081,0,145,8,A9P5N,-1.0,0.0,-0.97,0.030000000000000027
1984,6,4,ClusterValue,3,400,10,46,46,"Hit(CW,3,MIDDLE)",294495,13962.2,0,59,8,A9P5N,-0.61,1.93595,-0.31,0.3
1845,7,14,ClusterValue,3,400,10,46,44,"PostGuard(CW,10,1)",3661,171.656,0,55,8,A9P5N,1.44,1.54803,1.44,0.0
5780,2,6,ClusterValue,3,400,10,46,35,"Hit(CCW,5,WEAK)",229860,10682.2,0,49,8,A9P5N,-0.78,1.76397,-0.375,0.405
8645,7,5,ClusterValue,3,400,10,46,34,"Hit(CW,0,WEAK)",270183,13120.3,0,71,8,A9P5N,0.92,1.96306,0.92,0.0
6132,0,13,ClusterValue,3,400,10,46,19,"Draw(CCW,L4)",21624,1536.47,0,87,8,A9P5N,2.285,1.18481,2.62,0.33499999999999996
3339,4,10,ClusterValue,3,400,10,46,2,"Draw(CW,S0)",111321,5498.56,0,71,8,A9P5N,-0.67,2.02017,-0.305,0.36500000000000005
3566,6,14,ClusterValue,3,400,10,46,67,"Hit(CCW,9,MIDDLE)",7265,505.59,0,129,8,A9P5N,0.69,1.51456,1.01,0.32000000000000006
5523,3,9,ClusterValue,3,400,10,46,55,"Hit(CCW,4,WEAK)",151256,8027.84,0,103,8,A9P5N,0.74,1.9602,0.74,0.0
7015,5,14,ClusterValue,3,400,10,46,11,"Draw(CCW,L0)",8250,563.151,0,145,8,A9P5N,-1.135,1.92789,-1.135,0.0
743,7,3,ClusterValue,3,400,10,46,5,"Draw(CCW,S2)",325483,15428.6,0,55,8,A9P5N,0.785,1.98463,0.98,0.19499999999999995
1014,4,15,ClusterValue,3,400,10,46,10,"Draw(CW,L0)",461,22.4682,0,61,8,A9P5N,3.325,1.27255,3.325,0.0
3900,0,10,ClusterValue,3,400,10,46,6,"Draw(CW,S4)",105696,4829.59,0,55,8,A9P5N,-0.195,1.84851,0.305,0.5
4543,6,5,ClusterValue,3,400,10,46,45,"Hit(CCW,2,WEAK)",268143,12720.9,0,71,8,A9P5N,1.09,2.06444,1.09,0.0
9231,5,14,ClusterValue,3,400,10,46,49,"Hit(CCW,5,STRONG)",5871,327.486,0,101,8,A9P5N,1.235,1.50989,2.025,0.7899999999999998
1825,5,7,ClusterValue,3,400,10,46,53,"PostGuard(CCW,1,0)",208890,10421.1,0,77,8,A9P5N,0.865,2.16259,0.865,0.0
4062,4,15,ClusterValue,3,400,10,46,35,"Hit(CCW,2,WEAK)",517,28.8941,0,117,8,A9P5N,-1.275,0.824242,-0.475,0.7999999999999999
9882,2,11,ClusterValue,3,400,10,46,46,"Hit(CW,4,MIDDLE)",86359,4672.56,0,109,8,A9P5N,1.295,2.01444,1.295,0.0
2998,6,14,ClusterValue,3,400,10,46,66,"Hit(CW,7,MIDDLE)",7949,530.114,0,145,8,A9P5N,2.69,0.907689,2.895,0.20500000000000007
1555,2,3,ClusterValue,3,400,10,46,17,"Draw(CCW,L3)",323587,15058.6,0,55,8,A9P5N,1.1,2.09045,1.1,0.0
4372,4,14,ClusterValue,3,400,10,46,18,"Draw(CW,L4)",3381,152.321,0,49,8,A9P5N,0.095,1.24337,0.095,0.0
3732,7,7,ClusterValue,3,400,10,46,8,"Draw(CW,S6)",198029,9014.07,0,49,8,A9P5N,0.685,1.7366,1.125,0.43999999999999995
3858,5,5,ClusterValue,3,400,10,46,17,"Draw(CCW,L3)",273012,13836.3,0,75,8,A9P5N,0.375,2.08911,0.885,0.51
1938,0,14,ClusterValue,3,400,10,46,54,"Hit(CW,13,WEAK)",5582,316.868,0,93,8,A9P5N,1.175,1.5506,1.43,0.2549999999999999
9112,3,9,ClusterValue,3,400,10,46,37,"Hit(CCW,2,MIDDLE)",142405,6794.43,0,75,8,A9P5N,0.76,1.84997,0.76,0.0
4157,3,12,ClusterValue,3,400,10,46,36,"Hit(CW,3,MIDDLE)",52553,2960.13,0,107,8,A9P5N,-0.705,1.59937,-0.705,0.0
7373,1,11,ClusterValue,3,400,10,46,59,"Hit(CCW,6,STRONG)",88439,4754.75,0,103,8,A9P5N,1.015,1.82065,1.175,0.16000000000000014
7173,4,15,ClusterValue,3,400,10,46,135,"PostGuard(CCW,11,1)",551,35.0044,0,151,8,A9P5N,2.0,0.0,2.0,0.0
196,4,4,ClusterValue,3,400,10,46,35,"Hit(CCW,3,WEAK)",289759,13421.7,0,49,8,A9P5N,-0.22,1.97271,-0.22,0.0
2630,2,14,ClusterValue,3,400,10,46,6,"Draw(CW,S4)",3923,185.638,0,59,8,A9P5N,-1.21,1.62355,-1.07,0.1399999999999999
5731,2,10,ClusterValue,3,400,10,46,13,"Draw(CCW,L1)",101916,4647.7,0,43,8,A9P5N,-0.94,1.65118,-0.555,0.3849999999999999
9518,4,5,ClusterValue,3,400,10,46,39,"Hit(CCW,0,STRONG)",271069,12676.8,0,71,8,A9P5N,0.54,1.83259,0.985,0.44499999999999995
8211,7,12,ClusterValue,3,400,10,46,64,"Hit(CW,11,WEAK)",48538,2579.71,0,79,8,A9P5N,-1.295,1.57733,-0.815,0.48
5392,3,13,ClusterValue,3,400,10,46,87,"Hit(CCW,10,MIDDLE)",29281,2314.74,0,135,8,A9P5N,-1.09,1.6679,-1.005,0.08500000000000019
4262,4,2,ClusterValue,3,400,10,46,34,"Hit(CW,1,WEAK)",353391,16588.7,0,49,8,A9P5N,-0.7,2.08567,-0.465,0.23499999999999993
6230,1,12,ClusterValue,3,400,10,46,34,"Hit(CW,11,WEAK)",41517,2012.25,0,49,8,A9P5N,-0.53,1.39968,-0.215,0.31500000000000006
3543,4,7,ClusterValue,3,400,10,46,10,"Draw(CW,L0)",199601,9048.11,0,55,8,A9P5N,0.67,1.87912,1.025,0.35499999999999987
1784,6,5,ClusterValue,3,400,10,46,38,"Hit(CW,0,STRONG)",269614,13150.4,0,71,8,A9P5N,0.86,2.02741,1.05,0.19000000000000006
4905,4,14,ClusterValue,3,400,10,46,37,"Hit(CCW,5,MIDDLE)",5607,285.889,0,101,8,A9P5N,-2.09,1.94471,-1.65,0.43999999999999995
3837,2,10,ClusterValue,3,400,10,46,37,"Hit(CCW,7,MIDDLE)",112408,5642.58,0,71,8,A9P5N,-0.54,1.58063,-0.455,0.08500000000000002
2854,0,15,ClusterValue,3,400,10,46,92,"PostGuard(CW,11,1)",503,23.6442,0,103,8,A9P5N,1.0,0.0,1.18,0.17999999999999994
1221,1,10,ClusterValue,3,400,10,46,68,"Hit(CW,7,STRONG)",127420,7379.93,0,113,8,A9P5N,-0.575,1.97848,-0.575,0.0
7301,6,14,ClusterValue,3,400,10,46,3,"Draw(CCW,S0)",8093,553.037,0,145,8,A9P5N,1.885,0.402213,1.985,0.10000000000000009
5248,0,3,ClusterValue,3,400,10,46,39,"Hit(CCW,2,STRONG)",322590,15083.2,0,49,8,A9P5N,0.97,2.09502,1.33,0.3600000000000001
2545,3,15,ClusterValue,3,400,10,46,0,"Draw(CW,TEE)",461,21.2056,0,61,8,A9P5N,2.98,0.14,2.98,0.0
6335,1,11,ClusterValue,3,400,10,46,34,"Hit(CW,6,WEAK)",74098,3493.87,0,53,8,A9P5N,1.125,1.49645,1.125,0.0
8275,4,5,ClusterValue,3,400,10,46,45,"Hit(CCW,2,WEAK)",269978,13206.4,0,71,8,A9P5N,0.53,2.2179,1.005,0.47499999999999987
963,5,13,ClusterValue,3,400,10,46,87,"PostGuard(CCW,13,2)",18475,1231.59,0,89,8,A9P5N,0.965,1.3243,1.235,0.27000000000000013
176,5,11,ClusterValue,3,400,10,46,29,"PreGuard(CCW,G4)",87970,4897.68,0,97,8,A9P5N,1.43,1.89079,1.585,0.15500000000000003
2199,1,13,ClusterValue,3,400,10,46,14,"Draw(CW,L2)",30061,2353.19,0,119,8,A9P5N,-0.85,1.51575,0.25,1.1
8298,3,11,ClusterValue,3,400,10,46,79,"Hit(CCW,8,STRONG)",88274,4963.7,0,119,8,A9P5N,1.135,1.97656,1.185,0.050000000000000044
6729,2,14,ClusterValue,3,400,10,46,6,"Draw(CW,S4)",7722,508.111,0,135,8,A9P5N,0.665,1.04536,0.665,0.0
8119,5,4,ClusterValue,3,400,10,46,29,"PreGuard(CCW,G4)",299492,14661.8,0,65,8,A9P5N,-1.085,1.94365,-0.18,0.905
8189,0,14,ClusterValue,3,400,10,46,34,"Hit(CW,13,WEAK)",3602,169.631,0,55,8,A9P5N,-0.055,1.26173,0.025,0.08
9791,0,8,ClusterValue,3,400,10,46,34,"Hit(CW,7,WEAK)",170119,7989.48,0,55,8,A9P5N,-0.425,1.60137,-0.11,0.315
5487,5,5,ClusterValue,3,400,10,46,0,"Draw(CW,TEE)",269171,13343.7,0,71,8,A9P5N,0.735,1.99117,1.085,0.35
4950,0,15,ClusterValue,3,400,10,46,35,"Hit(CCW,12,WEAK)",471,19.5434,0,71,8,A9P5N,-0.6,1.02956,0.83,1.43
9143,3,7,ClusterValue,3,400,10,46,0,"Draw(CW,TEE)",208819,10306.9,0,81,8,A9P5N,1.135,1.97908,1.135,0.0
4517,4,13,ClusterValue,3,400,10,46,85,"Hit(CCW,12,WEAK)",28045,2207.23,0,123,8,A9P5N,1.265,0.971995,1.535,0.27
2994,5,10,ClusterValue,3,400,10,46,0,"Draw(CW,TEE)",124752,6970.25,0,113,8,A9P5N,0.035,1.9631,0.045,0.009999999999999995
961,6,13,ClusterValue,3,400,10,46,11,"Draw(CCW,L0)",26256,1989.3,0,139,8,A9P5N,-1.77,1.43426,-1.735,0.03499999999999992
1566,1,3,ClusterValue,3,400,10,46,48,"Hit(CW,2,STRONG)",325819,15636.1,0,59,8,A9P5N,0.465,2.03194,0.975,0.51
1686,6,15,ClusterValue,3,400,10,46,0,"Draw(CW,TEE)",449,18.6354,0,49,8,A9P5N,1.0,0.0,1.0,0.0
1201,0,6,ClusterValue,3,400,10,46,44,"Hit(CW,5,WEAK)",230097,10684.0,0,53,8,A9P5N,-0.705,1.92041,-0.385,0.31999999999999995
5494,4,5,ClusterValue,3,400,10,46,59,"Hit(CCW,4,STRONG)",272050,13663.3,0,75,8,A9P5N,0.775,2.02098,1.21,0.43499999999999994
2492,4,15,ClusterValue,3,400,10,46,2,"Draw(CW,S0)",475,23.5787,0,75,8,A9P5N,1.175,1.24675,1.65,0.47499999999999987
8959,1,11,ClusterValue,3,400,10,46,44,"Hit(CW,6,WEAK)",86184,4715.5,0,97,8,A9P5N,0.955,1.71259,1.26,0.30500000000000005
1671,0,15,ClusterValue,3,400,10,46,76,"Hit(CW,12,MIDDLE)",517,25.8893,0,117,8,A9P5N,-0.015,1.8179,2.74,2.7550000000000003
1385,7,11,ClusterValue,3,400,10,46,83,"PostGuard(CCW,5,2)",89770,4879.13,0,103,8,A9P5N,1.005,1.63859,1.18,0.17500000000000004
6872,1,14,ClusterValue,3,400,10,46,84,"Hit(CW,13,WEAK)",7585,527.494,0,135,8,A9P5N,0.885,0.949618,1.02,0.135
8785,1,4,ClusterValue,3,400,10,46,47,"PostGuard(CCW,2,2)",292002,13783.0,0,49,8,A9P5N,-0.545,2.04401,-0.32,0.22500000000000003
1835,0,15,ClusterValue,3,400,10,46,56,"Hit(CW,14,MIDDLE)",469,13.7808,0,69,8,A9P5N,1.215,0.773806,1.235,0.020000000000000018
6216,7,8,ClusterValue,3,400,10,46,48,"PostGuard(CW,6,0)",168539,7978.68,0,55,8,A9P5N,-0.065,1.88169,0.075,0.14
8471,6,5,ClusterValue,3,400,10,46,40,"Freeze(CW,0)",272374,13401.2,0,75,8,A9P5N,0.635,2.09088,1.06,0.42500000000000004
256,3,12,ClusterValue,3,400,10,46,48,"Hit(CW,11,STRONG)",48898,2568.64,0,77,8,A9P5N,0.35,1.91768,0.495,0.14500000000000002
5778,2,9,ClusterValue,3,400,10,46,0,"Draw(CW,TEE)",152335,7963.25,0,97,8,A9P5N,0.525,1.79426,0.915,0.39
6320,4,15,ClusterValue,3,400,10,46,64,"Hit(CW,12,WEAK)",503,24.2781,0,103,8,A9P5N,-0.5,1.85203,-0.055,0.445
1638,4,11,ClusterValue,3,400,10,46,66,"Hit(CW,8,MIDDLE)",89774,4877.63,0,103,8,A9P5N,0.55,1.67257,0.715,0.16499999999999992
2310,6,15,ClusterValue,3,400,10,46,55,"Hit(CCW,6,WEAK)",535,30.0029,0,135,8,A9P5N,-0.39,1.5388,2.215,2.605
7921,5,4,ClusterValue,3,400,10,46,3,"Draw(CCW,S0)",290875,13801.7,0,49,8,A9P5N,-0.705,1.90735,-0.205,0.5
1361,1,12,ClusterValue,3,400,10,46,45,"Hit(CCW,11,WEAK)",44040,2197.23,0,59,8,A9P5N,-0.195,1.48222,0.19,0.385
5041,1,8,ClusterValue,3,400,10,46,40,"Freeze(CW,7)",169259,7826.02,0,55,8,A9P5N,-0.28,1.87393,0.14,0.42000000000000004
5033,7,5,ClusterValue,3,400,10,46,45,"Hit(CCW,2,WEAK)",269159,13156.3,0,71,8,A9P5N,0.845,2.18197,1.165,0.32000000000000006
5022,1,15,ClusterValue,3,400,10,46,7,"Draw(CCW,S4)",489,23.5962,0,89,8,A9P5N,1.25,0.466369,1.25,0.0
9907,7,9,ClusterValue,3,400,10,46,44,"Hit(CW,6,WEAK)",140152,6765.62,0,65,8,A9P5N,0.98,1.9338,1.01,0.030000000000000027
8627,2,12,ClusterValue,3,400,10,46,83,"PostGuard(CCW,4,2)",58109,3443.13,0,103,8,A9P5N,0.17,1.50037,0.415,0.24499999999999997
1641,6,10,ClusterValue,3,400,10,46,67,"Hit(CCW,7,MIDDLE)",129158,7588.61,0,113,8,A9P5N,-0.11,1.89945,0.31,0.42
7249,2,15,ClusterValue,3,400,10,46,0,"Draw(CW,TEE)",539,28.5733,0,139,8,A9P5N,1.0,0.0,1.0,0.0
4837,7,2,ClusterValue,3,400,10,46,39,"Hit(CCW,1,STRONG)",353162,16779.9,0,49,8,A9P5N,-0.92,1.88775,-0.18,0.74
1039,2,15,ClusterValue,3,400,10,46,35,"Hit(CCW,14,WEAK)",443,13.2525,0,43,8,A9P5N,0.955,0.207304,0.955,0.0
7846,3,10,ClusterValue,3,400,10,46,45,"Hit(CCW,9,WEAK)",106780,5132.51,0,65,8,A9P5N,-0.415,1.75293,-0.12,0.295
5246,2,5,ClusterValue,3,400,10,46,1,"Draw(CCW,TEE)",272298,13497.4,0,75,8,A9P5N,0.74,2.07904,1.025,0.2849999999999999
4166,2,12,ClusterValue,3,400,10,46,52,"Hit(CW,11,STRONG)",46103,2362.19,0,75,8,A9P5N,0.06,1.79622,0.19,0.13
6533,4,6,ClusterValue,3,400,10,46,72,"PostGuard(CW,2,2)",243478,12491.4,0,81,8,A9P5N,0.615,1.85924,0.615,0.0
5721,0,12,ClusterValue,3,400,10,46,97,"PostGuard(CCW,2,2)",66118,4235.95,0,123,8,A9P5N,1.695,1.13224,1.945,0.25
4463,7,9,ClusterValue,3,400,10,46,3,"Draw(CCW,S0)",153755,8223.65,0,103,8,A9P5N,0.7,2.09045,1.03,0.33000000000000007
5606,2,14,ClusterValue,3,400,10,46,46,"Hit(CW,3,MIDDLE)",7758,494.934,0,139,8,A9P5N,0.515,1.59993,0.54,0.025000000000000022
1123,4,3,ClusterValue,3,400,10,46,11,"Draw(CCW,L0)",324700,15395.4,0,55,8,A9P5N,0.8,1.84662,1.04,0.24
8113,3,15,ClusterValue,3,400,10,46,0,"Draw(CW,TEE)",469,21.1783,0,69,8,A9P5N,0.93,0.36756,1.0,0.06999999999999995
716,6,7,ClusterValue,3,400,10,46,32,"Hit(CW,4,TOUCH)",200333,9439.46,0,55,8,A9P5N,0.73,2.02413,1.015,0.2849999999999999
459,3,5,ClusterValue,3,400,10,46,34,"Hit(CW,0,WEAK)",267608,12665.6,0,71,8,A9P5N,0.845,2.09547,1.05,0.20500000000000007
9287,7,12,ClusterValue,3,400,10,46,41,"Hit(CCW,11,MIDDLE)",46066,2379.14,0,65,8,A9P5N,-0.475,1.20805,-0.31,0.16499999999999998
5647,1,10,ClusterValue,3,400,10,46,7,"Draw(CCW,S4)",120071,6328.06,0,91,8,A9P5N,-0.25,2.00187,0.33,0.5800000000000001
4562,4,13,ClusterValue,3,400,10,46,76,"Hit(CW,8,MIDDLE)",33088,2708.45,0,129,8,A9P5N,1.765,1.36006,1.765,0.0
6201,5,11,ClusterValue,3,400,10,46,43,"Hit(CCW,2,TOUCH)",89364,5139.31,0,107,8,A9P5N,0.24,1.85537,0.765,0.525
9166,3,14,ClusterValue,3,400,10,46,64,"Hit(CW,7,WEAK)",7805,530.362,0,139,8,A9P5N,0.66,1.65964,0.995,0.33499999999999996
8703,4,3,ClusterValue,3,400,10,46,37,"Hit(CCW,0,MIDDLE)",322894,14879.1,0,49,8,A9P5N,0.795,1.87162,1.18,0.3849999999999999
1616,0,14,ClusterValue,3,400,10,46,33,"Hit(CCW,7,TOUCH)",4302,212.415,0,69,8,A9P5N,0.86,1.35292,0.86,0.0
5809,3,9,ClusterValue,3,400,10,46,45,"Hit(CCW,8,WEAK)",134939,6295.15,0,53,8,A9P5N,0.705,1.72278,0.78,0.07500000000000007
4651,6,5,ClusterValue,3,400,10,46,45,"Hit(CCW,2,WEAK)",269656,13266.1,0,71,8,A9P5N,0.18,1.87286,0.915,0.7350000000000001
8894,2,15,ClusterValue,3,400,10,46,2,"Draw(CW,S0)",479,22.0436,0,79,8,A9P5N,1.885,0.437921,1.885,0.0
2369,6,9,ClusterValue,3,400,10,46,42,"Hit(CW,2,TOUCH)",144246,6820.19,0,79,8,A9P5N,0.69,1.80939,0.69,0.0
1083,7,15,ClusterValue,3,400,10,46,0,"Draw(CW,TEE)",503,24.2535,0,103,8,A9P5N,-0.98,0.198997,0.74,1.72
366,3,11,ClusterValue,3,400,10,46,78,"Hit(CW,8,STRONG)",91194,5088.96,0,119,8,A9P5N,1.555,2.48334,1.555,0.0
6354,2,15,ClusterValue,3,400,10,46,127,"PostGuard(CCW,9,0)",551,32.6908,0,151,8,A9P5N,1.45,0.497494,1.535,0.08499999999999996
9260,7,2,ClusterValue,3,400,10,46,19,"Draw(CCW,L4)",352153,16041.7,0,49,8,A9P5N,-0.42,2.05514,-0.21,0.21
6267,4,12,ClusterValue,3,400,10,46,2,"Draw(CW,S0)",44004,2202.93,0,55,8,A9P5N,-0.4,1.52971,-0.025,0.375
1158,6,8,ClusterValue,3,400,10,46,28,"PreGuard(CW,G4)",172264,8174.23,0,65,8,A9P5N,0.015,2.10114,0.39,0.375
6520,1,5,ClusterValue,3,400,10,46,6,"Draw(CW,S4)",272049,13491.2,0,75,8,A9P5N,1.05,2.13951,1.215,0.16500000000000004
2099,0,14,ClusterValue,3,400,10,46,1,"Draw(CCW,TEE)",5518,287.565,0,91,8,A9P5N,0.56,1.20681,0.56,0.0
4892,6,10,ClusterValue,3,400,10,46,46,"Hit(CW,3,MIDDLE)",122543,6821.87,0,101,8,A9P5N,-0.525,1.92857,0.185,0.71
7859,3,14,ClusterValue,3,400,10,46,33,"Hit(CCW,1,TOUCH)",7200,451.941,0,129,8,A9P5N,0.515,1.1224,0.515,0.0
2084,7,10,ClusterValue,3,400,10,46,104,"PostGuard(CW,6,2)",128271,7669.59,0,113,8,A9P5N,2.13,1.59471,2.465,0.33499999999999996
5335,1,14,ClusterValue,3,400,10,46,85,"Hit(CCW,11,WEAK)",7984,561.171,0,145,8,A9P5N,0.485,1.67026,0.485,0.0
5272,2,4,ClusterValue,3,400,10,46,0,"Draw(CW,TEE)",292504,13703.8,0,53,8,A9P5N,-0.635,2.07648,-0.41,0.22500000000000003
5472,3,13,ClusterValue,3,400,10,46,49,"Hit(CCW,10,STRONG)",11383,672.937,0,69,8,A9P5N,0.61,1.49262,0.7,0.08999999999999997
4526,5,9,ClusterValue,3,400,10,46,1,"Draw(CCW,TEE)",139478,6817.59,0,65,8,A9P5N,0.365,1.78095,0.685,0.32000000000000006
6392,2,5,ClusterValue,3,400,10,46,49,"Hit(CCW,2,STRONG)",271505,13036.2,0,75,8,A9P5N,0.735,1.94802,1.075,0.33999999999999997
1255,4,13,ClusterValue,3,400,10,46,69,"Hit(CCW,12,STRONG)",16058,1071.48,0,91,8,A9P5N,2.34,1.67762,2.34,0.0
5259,3,8,ClusterValue,3,400,10,46,40,"Freeze(CW,1)",187850,10135.8,0,97,8,A9P5N,0.61,2.21763,0.965,0.355
7905,3,15,ClusterValue,3,400,10,46,56,"Hit(CW,10,MIDDLE)",503,22.028,0,103,8,A9P5N,2.765,1.17037,2.865,0.10000000000000009
4159,5,11,ClusterValue,3,400,10,46,48,"Hit(CW,6,STRONG)",85483,4836.62,0,103,8,A9P5N,0.69,1.83409,0.765,0.07500000000000007
2788,5,13,ClusterValue,3,400,10,46,77,"Hit(CCW,8,MIDDLE)",28990,2313.58,0,139,8,A9P5N,2.82,2.21531,3.115,0.2950000000000004
4360,7,4,ClusterValue,3,400,10,46,45,"Hit(CCW,3,WEAK)",294836,13239.7,0,59,8,A9P5N,-0.54,1.9996,-0.47,0.07000000000000006
8248,7,13,ClusterValue,3,400,10,46,41,"Freeze(CCW,6)",12463,790.528,0,59,8,A9P5N,0.46,1.24032,1.49,1.03
2081,5,9,ClusterValue,3,400,10,46,11,"Draw(CCW,L0)",136184,6281.24,0,53,8,A9P5N,0.365,1.90834,0.865,0.5
1265,4,5,ClusterValue,3,400,10,46,35,"Hit(CCW,0,WEAK)",269303,11997.6,0,71,8,A9P5N,0.605,2.00224,0.89,0.28500000000000003
3677,7,15,ClusterValue,3,400,10,46,3,"Draw(CCW,S0)",475,22.5034,0,75,8,A9P5N,1.56,0.75921,1.695,0.135
477,2,10,ClusterValue,3,400,10,46,7,"Draw(CCW,S4)",115797,5999.1,0,81,8,A9P5N,-0.245,1.81521,-0.245,0.0
8462,7,13,ClusterValue,3,400,10,46,77,"PostGuard(CCW,1,2)",30955,2399.24,0,115,8,A9P5N,2.445,1.01832,2.63,0.18500000000000005
3186,1,11,ClusterValue,3,400,10,46,58,"Hit(CW,4,STRONG)",83940,4484.4,0,119,8,A9P5N,0.815,2.07624,1.3,0.4850000000000001
8936,4,15,ClusterValue,3,400,10,46,130,"PostGuard(CW,9,2)",545,31.0733,0,145,8,A9P5N,1.0,0.0,1.015,0.014999999999999902
966,6,3,ClusterValue,3,400,10,46,35,"Hit(CCW,0,WEAK)",323460,14043.5,0,55,8,A9P5N,0.72,2.0692,1.15,0.42999999999999994
232,1,13,ClusterValue,3,400,10,46,43,"Hit(CCW,8,TOUCH)",13349,853.643,0,59,8,A9P5N,1.18,1.38838,1.575,0.395
3968,6,10,ClusterValue,3,400,10,46,36,"PostGuard(CW,6,0)",105058,4855.96,0,49,8,A9P5N,0.03,1.93884,0.95,0.9199999999999999
2440,2,5,ClusterValue,3,400,10,46,35,"Hit(CCW,0,WEAK)",269256,12456.7,0,71,8,A9P5N,0.55,1.84052,1.17,0.6199999999999999
1624,6,15,ClusterValue,3,400,10,46,2,"Draw(CW,S0)",491,23.1873,0,91,8,A9P5N,1.26,0.58515,1.265,0.004999999999999893
9851,7,8,ClusterValue,3,400,10,46,63,"PostGuard(CCW,0,0)",179309,8840.55,0,81,8,A9P5N,-0.22,1.96764,0.155,0.375
9879,2,15,ClusterValue,3,400,10,46,116,Pass,517,26.1719,0,117,8,A9P5N,3.0,0.0,3.125,0.125
9832,1,9,ClusterValue,3,400,10,46,46,"Hit(CW,2,MIDDLE)",154964,8182.05,0,103,8,A9P5N,0.91,2.02284,1.24,0.32999999999999996
4221,2,14,ClusterValue,3,400,10,46,14,"Draw(CW,L2)",8064,569.049,0,145,8,A9P5N,0.645,1.37076,1.555,0.9099999999999999
1999,2,5,ClusterValue,3,400,10,46,33,"Hit(CCW,2,TOUCH)",260364,10702.4,0,53,8,A9P5N,0.46,2.01455,0.875,0.415
99,4,13,ClusterValue,3,400,10,46,49,"Hit(CCW,12,WEAK)",10834,644.148,0,57,8,A9P5N,0.635,1.17974,0.635,0.0
964,0,8,ClusterValue,3,400,10,46,45,"Hit(CCW,5,WEAK)",170468,7967.11,0,63,8,A9P5N,-0.295,1.76011,-0.295,0.0
6357,7,5,ClusterValue,3,400,10,46,39,"Hit(CCW,0,STRONG)",273954,11464.3,0,75,8,A9P5N,0.57,1.95323,0.895,0.32500000000000007
632,7,12,ClusterValue,3,400,10,46,7,"Draw(CCW,S4)",49277,2722.59,0,81,8,A9P5N,-0.195,1.67838,-0.195,0.0
3130,2,11,ClusterValue,3,400,10,46,0,"Draw(CW,TEE)",86378,4757.7,0,91,8,A9P5N,0.97,1.7202,1.315,0.345
2941,4,13,ClusterValue,3,400,10,46,56,"Hit(CW,6,MIDDLE)",27764,2083.78,0,125,8,A9P5N,-0.175,1.80676,1.365,1.54
6374,0,11,ClusterValue,3,400,10,46,57,"Hit(CCW,6,MIDDLE)",87629,4474.3,0,113,8,A9P5N,1.12,2.31853,1.54,0.41999999999999993
156,7,14,ClusterValue,3,400,10,46,87,"Hit(CCW,11,MIDDLE)",8178,538.224,0,145,8,A9P5N,1.085,0.936896,1.105,0.020000000000000018
1570,1,4,ClusterValue,3,400,10,46,29,"PreGuard(CCW,G4)",291449,10945.3,0,49,8,A9P5N,-0.755,1.95575,-0.32,0.435
7117,6,12,ClusterValue,3,400,10,46,0,"Draw(CW,TEE)",42374,2107.29,0,49,8,A9P5N,-0.895,1.51128,-0.14,0.755
6164,7,6,ClusterValue,3,400,10,46,34,"Hit(CW,5,WEAK)",228308,8271.55,0,49,8,A9P5N,-0.515,1.80825,-0.25,0.265
4376,5,5,ClusterValue,3,400,10,46,36,"Hit(CW,0,MIDDLE)",270791,11099.3,0,75,8,A9P5N,0.45,2.0994,0.9,0.45
4444,0,12,ClusterValue,3,400,10,46,51,"Freeze(CCW,9)",49134,2670.0,0,75,8,A9P5N,-0.46,1.79399,-0.345,0.11500000000000005
5083,5,6,ClusterValue,3,400,10,46,60,"Freeze(CW,5)",245624,10462.7,0,81,8,A9P5N,-0.405,2.03002,-0.245,0.16000000000000003
894,4,13,ClusterValue,3,400,10,46,19,"Draw(CCW,L4)",26499,1906.14,0,105,8,A9P5N,1.6,1.1619,2.14,0.54
8445,1,11,ClusterValue,3,400,10,46,66,"Hit(CW,10,MIDDLE)",90875,4940.21,0,103,8,A9P5N,1.88,1.99389,2.34,0.45999999999999996
7871,7,15,ClusterValue,3,400,10,46,35,"Hit(CCW,0,WEAK)",551,41.3881,0,151,8,A9P5N,2.485,1.88674,3.185,0.7000000000000002
8198,0,4,ClusterValue,3,400,10,46,6,"Draw(CW,S4)",297027,11399.6,0,59,8,A9P5N,-0.64,2.09533,-0.365,0.275
6829,6,13,ClusterValue,3,400,10,46,2,"Draw(CW,S0)",10761,650.88,0,53,8,A9P5N,0.02,1.46615,0.45,0.43
4702,2,8,ClusterValue,3,400,10,46,35,"Hit(CCW,7,WEAK)",164286,6554.2,0,49,8,A9P5N,-0.5,1.68523,-0.045,0.455
4058,3,5,ClusterValue,3,400,10,46,44,"Hit(CW,2,WEAK)",270565,9231.92,0,71,8,A9P5N,0.985,1.97352,0.985,0.0
7591,4,13,ClusterValue,3,400,10,46,87,"PostGuard(CCW,11,1)",24622,1372.35,0,97,8,A9P5N,3.125,1.06742,3.245,0.1200000000000001
1445,7,8,ClusterValue,3,400,10,46,36,"Hit(CW,7,TOUCH)",173019,6233.82,0,65,8,A9P5N,-0.71,1.74811,-0.23,0.48
5373,5,13,ClusterValue,3,400,10,46,51,"Freeze(CCW,4)",25123,1399.02,0,107,8,A9P5N,1.945,1.18405,1.945,0.0
5423,3,9,ClusterValue,3,400,10,46,59,"Hit(CCW,4,STRONG)",152473,6221.85,0,103,8,A9P5N,0.97,2.27796,0.97,0.0
1644,5,15,ClusterValue,3,400,10,46,0,"Draw(CW,TEE)",535,29.895,0,135,8,A9P5N,-1.0,0.0,-0.35,0.65
6839,5,3,ClusterValue,3,400,10,46,20,"Draw(CW,L5)",323406,11540.2,0,55,8,A9P5N,0.835,2.14657,1.225,0.3900000000000001
1063,2,15,ClusterValue,3,400,10,46,34,"Hit(CW,12,WEAK)",455,10.441,0,55,8,A9P5N,1.905,0.293215,1.905,0.0
3774,5,6,ClusterValue,3,400,10,46,7,"Draw(CCW,S4)",235656,8082.44,0,65,8,A9P5N,-0.44,1.95612,-0.215,0.225
7844,2,5,ClusterValue,3,400,10,46,45,"Hit(CCW,2,WEAK)",269198,9092.31,0,71,8,A9P5N,0.815,2.17733,1.02,0.20500000000000007
5770,5,13,ClusterValue,3,400,10,46,2,"Draw(CW,S0)",16974,1097.35,0,91,8,A9P5N,1.12,1.35853,1.12,0.0
