game_id,end,shot_num,team,remaining,has_hammer,phase_shot,phase_r,n_stones,n_stones_bin,n_my,n_op,n_my_house,n_op_house,n_house,house_diff,n_my_guard,n_op_guard,n_guard,n_center_guard,center_lane_blocked,n_front_house,n_back_house,n_within_0.61,n_within_1.22,d_no1,no1_mine,d_no2,no1_no2_gap,counting_my,counting_op,score_now,min_pair_dist,mean_nn_dist,x_spread,y_spread,house_mean_nn_dist,house_density,n_cand,q_star,q_2nd,q_gap12,q_median,q_mean,q_min,q_range,q_iqr,q_star_minus_median,n_near_best_025,n_near_best_050,frac_near_best_050,q_sd_mean,q_sd_median,q_sd_best,best_type,n_types,frac_hit,frac_draw,frac_guard,best_type_margin,n_types_near_best_050,best_type_is_hit,best_hist_entropy,best_p_negative,best_p_ge2,qadj_star_l0.5,qadj_best_same_as_q_best_l0.5,qadj_best_type_l0.5,lookahead_gain_best,lookahead_gain_mean,n_cand_ct,K_clusters,n_reps,largest_frac,n_singleton,singleton_frac,size_entropy_norm,mean_cluster_size,type_purity,eta2_q,within_sd_q,between_range_q,best_is_rep,best_cluster_selected,best_cluster_size,rep_q_max,screen_loss,true_top_cluster_selected,rho_cand,rho_cluster,rho_gain,cluster_sd_mean,best_cluster_rank,rho_cluster_risk_l0.5,rho_cand_risk_l0.5,topk_overlap_l0.5,n_seeds_ct,rho_gain_sd,regret_A9P5,regret_A9P5_sd,n_seeds_A9P5,regret_adj_A9P5,regret_adj_A9P5_sd,regret_A9R05,regret_A9R05_sd,n_seeds_A9R05,regret_adj_A9R05,regret_adj_A9R05_sd,d_A9R05_A9P5,dadj_A9R05_A9P5
7977,6,14,0,2,0,late,late_r2-4,14,13-16,7,7,7,7,14,0,0,0,0,0,1,7,7,6,12,0.01418547287785671,0,0.29505560837916645,0.28087013550130974,0,4,-4,0.3036838640352964,0.44159459370705456,0.43508556669292114,0.7336336828849028,0.44159459370705456,1.143625594371477,145,-1.635,-1.79,0.15500000000000003,-3.26,-3.15203448275862,-3.92,2.285,0.625,1.6249999999999998,2,6,0.041379310344827586,1.278533144827586,1.27858,1.47369,Hit,6,0.38620689655172413,0.27586206896551724,0.3310344827586207,0.615,1,1,2.2468739688063124,0.855,0.005,-2.371845,1,Hit,,,145.0,29.0,4.0,0.3724137931034483,12.0,0.4137931034482759,0.6514810822890371,5.0,0.6344827586206897,0.7527032998271416,0.22978535432956898,2.2075,0.0,0.0,2.0,-2.331,0.6959999999999997,0.0,0.5372339151156125,0.5013178081753445,-0.03591610694026801,0.9743148026725862,12.6,0.4470024405975826,0.4852079012037807,0.85,5,0.025326183051802148,1.495,0.44770246816384657,5,1.4620999999999997,0.43519496205723684,1.2280000000000002,0.509823498869952,5,1.214158,0.4924831921700475,-0.2669999999999999,-0.24794199999999966
3926,6,11,1,5,1,mid,mid_r5-8,11,9-12,5,6,5,6,11,-1,0,0,0,0,1,7,4,4,11,0.009360052610127588,0,0.301312957505979,0.2919529048958514,0,1,-1,0.3062448411572414,0.4286427965624183,0.4315171582871523,0.5183962706158578,0.4286427965624183,0.8985629670061606,123,0.425,0.38,0.044999999999999984,-0.955,-0.8897560975609756,-1.81,2.235,0.25250000000000006,1.38,6,8,0.06504065040650407,1.647981300813008,1.60487,2.03823,Hit,6,0.3902439024390244,0.3089430894308943,0.2926829268292683,1.1,1,1,2.6481851518305324,0.465,0.3,-0.594115,1,Hit,,,123.0,25.0,4.0,0.2601626016260163,9.0,0.36,0.7230757566067733,4.92,0.6666666666666666,0.8572865123976193,0.13826217107010844,2.2125,0.0,0.0,2.0,0.23000000000000004,0.19499999999999998,0.0,0.13707087904077975,0.23686927626202095,0.0997983972212412,1.5839002947202203,15.6,0.2576512085590132,0.14198967338739146,0.8,5,0.063206502299338,1.875,0.18664806454930094,5,1.848444,0.22487795624515985,1.966,0.10132867313845577,5,1.9585549999999998,0.09333192379888024,0.09099999999999997,0.11011099999999985
3883,1,14,0,2,0,late,late_r2-4,1,0-1,0,1,0,0,0,0,0,1,1,0,0,0,0,0,0,,-1,,,0,0,0,,,,,,0.0,37,-0.075,-0.29,0.21499999999999997,-0.74,-0.6963513513513513,-0.965,0.89,0.16000000000000003,0.665,2,6,0.16216216216216217,0.6193887837837838,0.626418,0.953612,Draw,4,0.10810810810810811,0.7027027027027027,0.16216216216216217,0.645,1,0,1.3301170037619596,0.495,0.0,-0.551806,1,Draw,,,37.0,8.0,4.0,0.21621621621621623,1.0,0.125,0.9389229686062194,4.625,1.0,0.637192193412843,0.0886536661096447,0.61,0.2,1.0,8.0,-0.273,0.198,1.0,0.4164912544612848,0.880387546716444,0.46389629225515916,0.5605072693147918,2.0,0.6247533332392168,0.3887795475912229,0.65,5,0.10911499432957929,0.26799999999999996,0.010954451150103258,5,0.23707849999999997,0.01190611909376854,0.26799999999999996,0.010954451150103265,5,0.23707849999999997,0.011906119093768541,0.0,0.0
9222,7,5,1,11,1,early,early_r9+,1,0-1,0,1,0,0,0,0,0,0,0,0,0,0,0,0,0,,-1,,,0,0,0,,,,,,0.0,37,1.315,1.29,0.02499999999999991,0.85,0.8502702702702702,0.485,0.83,0.4,0.46499999999999997,8,21,0.5675675675675675,1.9320159459459463,1.94673,2.00394,Draw,4,0.10810810810810811,0.7027027027027027,0.16216216216216217,0.31000000000000005,2,0,2.7324933184373914,0.28,0.475,0.33006500000000005,0,Draw,,,37.0,8.0,4.0,0.3783783783783784,1.0,0.125,0.8418631136888711,4.625,1.0,0.4550572198803226,0.1610423608293979,0.5325,0.2,0.6,14.0,1.1480000000000001,0.16699999999999998,0.8,0.09222517442098764,0.279243535286513,0.18701836086552542,1.7370337767350126,4.0,0.12857142857142861,0.043859712234635015,0.85,5,0.13127055774589194,0.23699999999999993,0.17824140933015536,5,0.242557,0.19807962867241044,0.16699999999999995,0.16388257991623148,5,0.16371700000000003,0.15076618609621986,-0.06999999999999998,-0.07883999999999997
7881,2,15,1,1,1,late,r1,12,9-12,6,6,6,6,12,0,0,0,0,0,1,8,4,2,10,0.014822125959525131,0,0.4882572316156722,0.47343510565614705,0,1,-1,0.37762290525867287,0.5234538528574366,0.5080996970342488,0.7532608307201571,0.5234538528574366,0.980250509461266,129,1.72,1.48,0.24,-1.0,-0.8709689922480619,-1.755,3.4749999999999996,0.0,2.7199999999999998,2,2,0.015503875968992248,0.2855194891472868,0.0,2.06678,Hit,6,0.37209302325581395,0.29457364341085274,0.32558139534883723,2.7199999999999998,1,1,2.108873391677536,0.325,0.62,0.6866099999999999,1,Hit,,,129.0,26.0,4.0,0.8062015503875969,25.0,0.9615384615384615,0.3423769823423499,4.961538461538462,0.5658914728682171,0.01511942008393787,0.5686562666599977,0.160048076923077,0.0,1.0,104.0,0.285,1.435,1.0,0.5667678395997436,1.0,0.43323216040025636,0.0314131494461271,1.0,1.0,0.40123504281621336,0.75,5,0.0,1.435,0.0,5,1.116415,0.0,1.435,0.0,5,1.116415,0.0,0.0,0.0
6406,1,10,0,6,0,mid,mid_r5-8,3,2-4,1,2,1,2,3,-1,0,0,0,0,0,1,2,2,2,0.0022233709268578363,0,0.4384417636357202,0.43621839270886237,0,2,-2,0.4365568471719112,0.6001684149769125,0.5203338332536309,0.14628069668354318,0.6001684149769125,0.2450626273653165,59,-0.385,-0.435,0.04999999999999999,-1.17,-1.073813559322034,-1.655,1.27,0.4724999999999999,0.7849999999999999,5,19,0.3220338983050847,1.7285954237288137,1.7085,1.70786,Draw,6,0.2711864406779661,0.5084745762711864,0.2033898305084746,0.15500000000000003,3,0,2.380744465258137,0.575,0.125,-1.2389299999999999,1,Draw,,,59.0,12.0,4.0,0.13559322033898305,3.0,0.25,0.9304178119030612,4.916666666666667,0.7966101694915254,0.7852713003680415,0.13800716777469144,0.6591666666666668,0.0,0.4,5.0,-0.707,0.322,0.4,0.3959092647940443,0.6150107569014869,0.21910149210744262,1.66881358263915,4.0,0.5622377622377622,0.3904521211371722,0.85,5,0.18001937858506253,0.316,0.22333830840229804,5,0.3178010000000001,0.20868859657992822,0.363,0.16192590898309012,5,0.3835400000000001,0.14697503937743986,0.046999999999999986,0.06573899999999999
8452,5,15,1,1,1,late,r1,15,13-16,8,7,8,6,14,2,0,1,1,1,1,11,3,6,13,0.15058174883099099,1,0.3529086573038427,0.2023269084728517,1,0,1,0.29942263131566765,0.36087435508020693,0.4365047461459077,0.6140298865690494,0.33942703497560994,1.143625594371477,153,1.935,1.93,0.0050000000000001155,1.0,0.866732026143791,-1.51,3.4450000000000003,0.0,0.935,2,7,0.0457516339869281,0.26027919215686274,0.0,0.246526,Hit,8,0.35294117647058826,0.2875816993464052,0.35294117647058826,0.49,2,1,0.34698128810061335,0.0,0.935,1.8117370000000002,1,Hit,,,153.0,31.0,4.0,0.803921568627451,30.0,0.967741935483871,0.3383294860212367,4.935483870967742,0.5359477124183006,0.020344098803349194,0.6481282328570886,0.5308536585365855,0.0,1.0,123.0,1.32,0.615,0.0,0.5709861418675929,0.5966984201371583,0.02571227826956546,0.023271849516369278,31.0,0.5966984201371583,0.5161190316579237,1.0,5,0.0,0.615,0.0,5,0.7948870000000001,0.0,0.615,0.0,5,0.7948870000000001,0.0,0.0,0.0
1028,6,15,1,1,1,late,r1,15,13-16,8,7,8,7,15,1,0,0,0,0,1,11,4,4,12,0.2320554152977253,1,0.23580853301778537,0.0037531177200600674,1,0,1,0.30138272144235656,0.4219444519719928,0.45618251718167874,0.6454421614159812,0.4219444519719928,1.2253131368265826,151,1.0,1.0,0.0,1.0,-0.1473841059602649,-4.71,5.71,2.2125,0.0,94,100,0.6622516556291391,0.5775171390728477,0.0,0.0,Draw,6,0.3708609271523179,0.26490066225165565,0.3576158940397351,0.0,6,0,-0.0,0.0,0.0,1.0,1,Draw,,,151.0,31.0,4.0,0.8013245033112583,30.0,0.967741935483871,0.3419626486511174,4.870967741935484,0.5695364238410596,0.1074060435462103,1.83986166972737,1.4318595041322313,0.0,1.0,121.0,1.0,0.0,0.0,0.8022782419823502,1.0,0.1977217580176498,0.06525222821159131,31.0,1.0,0.7968310701941422,1.0,5,0.0,0.2299999999999999,0.0,5,0.5643275,0.0,0.2299999999999999,0.0,5,0.5643275,0.0,0.0,0.0
2596,1,14,0,2,0,late,late_r2-4,14,13-16,7,7,7,7,14,0,0,0,0,0,1,9,5,6,12,0.2050375341272904,1,0.3137797109836782,0.10874217685638779,2,0,2,0.2949209172486073,0.4086926556264054,0.511515288034565,0.6949194110154953,0.4086926556264054,1.143625594371477,145,1.97,1.965,0.004999999999999893,1.51,1.464551724137931,0.65,1.3199999999999998,0.20500000000000007,0.45999999999999996,22,87,0.6,0.9029097379310345,0.779679,0.457275,PostGuard,6,0.38620689655172413,0.27586206896551724,0.3310344827586207,0.07000000000000006,6,0,0.7846218756660164,0.005,0.915,1.7626545,0,PostGuard,,,145.0,29.0,4.0,0.2482758620689655,10.0,0.3448275862068966,0.7718287674208493,5.0,0.6827586206896552,0.6227440306606409,0.15550286473115024,1.1925000000000001,0.0,0.0,36.0,1.582,0.38799999999999996,0.0,0.39960664175225397,0.231165763039405,-0.1684408787128489,0.8547505334522306,8.6,0.10728681691820732,0.3936516150728265,0.85,5,0.08917106827848689,1.178,0.17286555469497092,5,1.7962825000000002,0.19708427596462366,1.2249999999999999,0.15341935992566255,5,1.8368085,0.17774711085556327,0.04699999999999993,0.04052599999999984
4748,1,3,1,13,1,early,early_r9+,2,2-4,1,1,1,1,2,0,0,0,0,0,0,2,0,1,2,0.34483096172037614,0,0.6299526034901355,0.28512164176975935,0,1,-1,0.9473629474288089,0.9473629474288089,0.4706845,0.05320000000000036,0.9473629474288089,0.16337508491021102,49,0.985,0.935,0.04999999999999993,0.655,0.6210204081632654,0.21,0.775,0.335,0.32999999999999996,17,34,0.6938775510204082,2.0008346938775508,1.99974,1.8721,Hit,6,0.16326530612244897,0.5714285714285714,0.24489795918367346,0.07499999999999996,5,1,2.5908791844822927,0.315,0.4,0.04894999999999994,1,Hit,,,49.0,10.0,4.0,0.24489795918367346,2.0,0.2,0.9172644747925618,4.9,0.7959183673469388,0.5016459200167448,0.13649265337866348,0.39583333333333337,0.0,0.4,6.0,0.8480000000000001,0.137,1.0,0.13204282995062158,0.5058901438571233,0.3738473139065016,1.9895978405763877,4.6,0.36,0.09952678074699384,0.85,5,0.117383258274817,0.3169999999999999,0.2574538793648292,5,0.39087199999999983,0.2888063787730458,0.22999999999999998,0.08681877677092661,5,0.25356299999999987,0.09953679574659814,-0.08699999999999991,-0.13730899999999996
9206,3,13,1,3,1,late,late_r2-4,2,2-4,1,1,1,1,2,0,0,0,0,0,1,2,0,1,2,0.28898727765076676,0,1.0431921163505806,0.7542048386998139,0,1,-1,0.7719536419785841,0.7719536419785841,0.347279,0.16845,0.7719536419785841,0.16337508491021102,49,1.73,1.66,0.07000000000000006,-0.315,-0.016734693877551027,-0.855,2.585,0.71,2.045,3,7,0.14285714285714285,1.4927455102040816,1.50652,1.43774,Hit,6,0.16326530612244897,0.5714285714285714,0.24489795918367346,0.07000000000000006,2,1,1.8896205850892915,0.175,0.67,1.01113,1,Hit,,,49.0,10.0,4.0,0.22448979591836732,3.0,0.3,0.8966247171057129,4.9,0.7551020408163265,0.9076958550348696,0.1944804596004394,2.36625,0.2,1.0,6.0,1.674,0.05600000000000005,1.0,0.5419313262624919,0.8538868146191708,0.31195548835667897,1.3737607291137408,1.4,0.7544116979699753,0.5042434417009136,0.95,5,0.031288717954966114,0.42400000000000004,0.323156308928048,5,0.4257020000000001,0.29867037199477947,0.20299999999999993,0.25570001955416427,5,0.21625400000000009,0.23909854522769478,-0.2210000000000001,-0.209448
5859,1,6,0,10,0,mid,early_r9+,4,2-4,2,2,2,2,4,0,0,0,0,0,1,2,2,4,4,0.21957962268671255,1,0.23572835600413383,0.016148733317421282,1,0,1,0.3852683735972122,0.387977138465162,0.14052261605667565,0.3788128660697798,0.387977138465162,0.32675016982042204,65,-0.015,-0.22,0.20500000000000002,-0.625,-0.6077692307692308,-1.0,0.985,0.20999999999999996,0.61,3,18,0.27692307692307694,1.9285818461538464,1.93285,1.98363,Draw,6,0.24615384615384617,0.46153846153846156,0.27692307692307694,0.245,4,0,2.640499767533917,0.515,0.25,-1.006815,1,Draw,,,65.0,13.0,4.0,0.36923076923076925,5.0,0.38461538461538464,0.7637573284708598,5.0,0.6615384615384615,0.5417497958483847,0.1290219288708927,0.6625,0.0,0.4,4.0,-0.366,0.351,0.4,0.15436800265957265,0.19701646635688813,0.04264846369731552,1.8363096901722937,4.4,0.04835921133595015,0.12789286285278406,0.7,5,0.27990060108974923,0.418,0.33336541512280493,5,0.36203899999999994,0.3244154902166356,0.601,0.3101894582348021,5,0.597251,0.27970684574210913,0.183,0.23521200000000003
6871,4,5,1,11,1,early,early_r9+,5,5-8,3,2,3,2,5,1,0,0,0,0,1,3,2,3,5,0.35795637714226186,1,0.4822865077119577,0.12433013056969583,2,0,2,0.39475779758227636,0.48462785532219643,0.30216578722224924,0.49410742394746626,0.48462785532219643,0.40843771227552755,71,1.32,1.18,0.14000000000000012,0.71,0.6915492957746479,0.3,1.02,0.26749999999999985,0.6100000000000001,2,17,0.23943661971830985,2.044839154929577,2.04499,2.0634,Draw,6,0.22535211267605634,0.4225352112676056,0.3380281690140845,0.14000000000000012,4,0,2.7365142754446796,0.24,0.44,0.2883,1,Draw,,,71.0,15.0,4.0,0.2535211267605634,6.0,0.4,0.8149106051292072,4.733333333333333,0.7323943661971831,0.4060608158512465,0.14750811099378638,0.47666666666666657,0.0,0.2,18.0,0.8320000000000001,0.4880000000000001,0.2,0.11746323533584113,0.1893842377717957,0.07192100243595456,1.8787329718243417,9.4,0.09571428571428571,0.08903522395431565,0.7,5,0.11960614425169497,0.6060000000000001,0.1387173384981128,5,0.627049,0.07337528095346546,0.4950000000000001,0.06726812023536859,5,0.514832,0.09585323303102514,-0.11099999999999999,-0.11221700000000001
7163,3,13,1,3,1,late,late_r2-4,6,5-8,2,4,2,4,6,-2,0,0,0,0,0,3,3,2,3,0.11160692688825569,0,0.44124018370497436,0.3296332568167187,0,1,-1,0.3741416695796391,0.6963795788748359,1.1808856106690717,0.44364115754364714,0.6963795788748359,0.490125254730633,85,2.465,2.285,0.17999999999999972,0.55,0.6668235294117646,-0.48,2.945,0.39,1.9149999999999998,2,2,0.023529411764705882,1.8312270588235295,1.84529,1.4418,Hit,6,0.3764705882352941,0.4,0.21176470588235294,0.6749999999999998,1,1,2.235501134919471,0.07,0.765,1.7441,1,Hit,,,85.0,17.0,4.0,0.18823529411764706,6.0,0.35294117647058826,0.886177120017239,5.0,0.7176470588235294,0.7951962103135277,0.2455480313311996,1.8558333333333334,0.2,1.0,6.0,2.0149999999999997,0.44999999999999984,1.0,0.47969947029954935,0.5873402733708739,0.10764080307132459,1.740734151836455,1.8,0.5426470588235295,0.4823068924284485,1.0,5,0.17370999882107968,0.5769999999999997,0.3985693164306556,5,0.6390819999999999,0.38586606362506165,0.5599999999999998,0.4345543694406949,5,0.6215309999999998,0.46194263255029844,-0.016999999999999904,-0.017551000000000094
5807,0,8,0,8,0,mid,mid_r5-8,6,5-8,3,3,3,3,6,0,0,0,0,0,1,3,3,3,6,0.22126171786949797,1,0.32838561208585276,0.10712389421635479,2,0,2,0.38897009830006246,0.5298505136282948,0.5561160692019926,0.35717060077161505,0.5298505136282948,0.490125254730633,81,0.03,-0.015,0.045,-0.38,-0.3920370370370371,-1.265,1.295,0.24,0.41000000000000003,14,57,0.7037037037037037,2.0142104938271608,2.0267,2.10454,Hit,6,0.2962962962962963,0.3950617283950617,0.2962962962962963,0.045,5,1,2.7537374863723514,0.52,0.24,-1.02227,1,Hit,,,81.0,17.0,4.0,0.24691358024691357,6.0,0.35294117647058826,0.8212070844630969,4.764705882352941,0.7037037037037037,0.6669240258357457,0.1263290889716596,0.796875,0.0,0.0,6.0,-0.30700000000000005,0.337,0.2,0.0681726227063091,0.07539794078131733,0.007225318075008247,1.9131201318926347,8.2,0.03529411764705882,0.029688058180149635,0.9,5,0.28034046524413175,0.671,0.26798787285994863,5,0.6470739999999999,0.22338271414771563,0.875,0.0575543221661067,5,0.8249320000000001,0.06271495770547889,0.20399999999999996,0.17785800000000018
5567,2,15,1,1,1,late,r1,12,9-12,6,6,6,6,12,0,0,0,0,0,1,9,3,6,10,0.14966462332829378,0,0.1927494832574151,0.04308485992912131,0,1,-1,0.29411596195378176,0.41448157103171074,0.5577148116449688,0.5575132212557833,0.41448157103171074,0.980250509461266,129,1.93,1.885,0.04499999999999993,-0.98,-0.13213178294573644,-2.26,4.1899999999999995,2.04,2.91,12,16,0.12403100775193798,0.44366627906976747,0.253722,0.308383,Hit,6,0.37209302325581395,0.29457364341085274,0.32558139534883723,0.05499999999999994,2,1,0.35227393017269426,0.005,0.94,1.7758085,1,Hit,,,129.0,26.0,4.0,0.8062015503875969,25.0,0.9615384615384615,0.3423769823423499,4.961538461538462,0.5658914728682171,0.14782095256156252,1.1368045200998185,1.076298076923077,0.0,1.0,104.0,1.535,0.395,1.0,0.8319099917993773,0.7211102550927979,-0.11079973670657939,0.05070615581906057,1.0,0.7211102550927979,0.8313921477344147,1.0,5,0.0,0.395,0.0,5,0.740502,0.0,0.395,0.0,5,0.740502,0.0,0.0,0.0
2507,3,11,1,5,1,mid,mid_r5-8,10,9-12,5,5,5,4,9,1,0,0,0,0,1,5,4,2,6,0.11571993156997264,0,0.5292780057483966,0.41355807417842394,0,1,-1,0.2927845965893745,0.615557193065499,0.806156484553792,0.9415142559196855,0.5064971014727425,0.7351878820959495,107,1.715,1.665,0.050000000000000044,0.215,0.30014018691588773,-0.31,2.025,0.4175,1.5,3,6,0.056074766355140186,2.118046261682243,2.12441,2.18261,Hit,6,0.3364485981308411,0.3177570093457944,0.3364485981308411,0.9900000000000001,1,1,2.765906397488888,0.275,0.57,0.6236950000000001,1,Hit,,,107.0,22.0,4.0,0.2803738317757009,8.0,0.36363636363636365,0.7498826311346027,4.863636363636363,0.7009345794392523,0.8243629713652316,0.17823271278451233,1.775,0.0,0.2,2.0,1.52,0.19500000000000015,0.8,0.32371676412886974,0.5480368762756868,0.22432011214681696,1.986677171425368,8.4,0.5968379446640316,0.3378128402685304,0.85,5,0.12652269220380416,0.4050000000000001,0.5333385416412356,5,0.3845720000000001,0.5015170610582457,0.466,0.5773906822940598,5,0.42533800000000016,0.48934439611331004,0.06099999999999994,0.04076600000000008
7006,3,15,1,1,1,late,r1,14,13-16,7,7,7,7,14,0,0,0,0,0,1,12,2,6,12,0.07914776878750233,0,0.2963113287220048,0.21716355993450243,0,1,-1,0.29027673864614373,0.34740970615113703,0.43869286430681353,0.5694621806169943,0.34740970615113703,1.143625594371477,145,-0.97,-0.97,0.0,-1.0,-0.999758620689655,-1.01,0.040000000000000036,0.0,0.030000000000000027,145,145,1.0,0.008146686206896554,0.0,0.314802,Hit,6,0.38620689655172413,0.27586206896551724,0.3310344827586207,0.030000000000000027,6,1,0.09079313589591118,0.99,0.005,-1.0,0,Draw,,,145.0,29.0,4.0,0.8068965517241379,28.0,0.9655172413793103,0.33681389250740446,5.0,0.5793103448275863,0.0009331924022359857,0.004301192355585001,0.0002991452991453203,0.0,1.0,117.0,-1.0,0.030000000000000027,1.0,,,,0.0,1.0,,,1.0,5,,0.03,0.0,5,0.0,0.0,0.03,0.0,5,0.0,0.0,0.0,0.0
1984,6,4,0,12,0,early,early_r9+,3,2-4,1,2,1,2,3,-1,0,0,0,0,1,2,1,3,3,0.4659920091256923,1,0.4762142346529466,0.010222225527254325,1,0,1,0.7752851440960289,0.7877738227350942,0.29910147653771657,0.39344495873699487,0.7877738227350942,0.2450626273653165,59,-0.31,-0.41,0.09999999999999998,-0.75,-0.7399152542372881,-1.09,0.78,0.23749999999999993,0.44,9,36,0.6101694915254238,2.034315593220339,2.02731,1.94008,PostGuard,6,0.2711864406779661,0.5084745762711864,0.2033898305084746,0.09999999999999998,5,0,2.6077736656896047,0.55,0.16,-1.28004,1,PostGuard,,,59.0,12.0,4.0,0.3389830508474576,4.0,0.3333333333333333,0.7790966612337228,4.916666666666667,0.7627118644067796,0.3338512398881408,0.13750026851786692,0.3425,0.0,0.4,12.0,-0.512,0.202,0.2,0.16114947139488783,0.06396230850931742,-0.09718716288557046,1.7924397105220664,6.8,0.15524475524475526,0.13371869495313224,0.85,5,0.376845672183075,0.24499999999999997,0.05678908345800276,5,0.23918699999999987,0.05390535926510453,0.23499999999999996,0.045689167206242665,5,0.22265199999999993,0.0338500019571639,-0.010000000000000009,-0.01653499999999994
1845,7,14,0,2,0,late,late_r2-4,3,2-4,2,1,2,1,3,1,0,0,0,0,0,1,2,1,2,0.06426342403607241,1,0.774913088516966,0.7106496644808936,2,0,2,0.7142861975101845,0.9397579341519767,0.3115253058181122,0.7982388155600244,0.9397579341519767,0.2450626273653165,55,1.44,1.255,0.18500000000000005,0.08,0.1587272727272727,-0.6,2.04,1.0875,1.3599999999999999,3,9,0.16363636363636364,1.3914945454545453,1.34235,1.54803,PostGuard,6,0.14545454545454545,0.509090909090909,0.32727272727272727,0.18500000000000005,2,0,2.1232952816879,0.185,0.63,0.6659849999999999,1,PostGuard,,,55.0,11.0,4.0,0.2545454545454545,2.0,0.18181818181818182,0.8888635157830519,5.0,0.7454545454545455,0.4868412831636076,0.38765766759231596,1.1738888888888888,0.2,1.0,9.0,1.0939999999999999,0.346,1.0,0.624402188591519,0.7892267680826457,0.16482457949112664,1.3064639433766394,1.2,0.7600000000000001,0.6187261402442619,1.0,5,0.10514743770711973,0.354,0.20403431084011336,5,0.433378,0.23724622369492002,0.484,0.3504532779130479,5,0.5418689999999999,0.3986491740302493,0.13,0.10849099999999995
5780,2,6,0,10,0,mid,early_r9+,2,2-4,1,1,1,1,2,0,0,0,0,0,0,1,1,1,2,0.5942243752733481,1,0.871516726423538,0.2772923511501898,1,0,1,1.1165099888711258,1.1165099888711258,0.2115965,0.5166000000000004,1.1165099888711258,0.16337508491021102,49,-0.375,-0.485,0.10999999999999999,-0.86,-0.8423469387755101,-1.19,0.815,0.30500000000000005,0.485,8,25,0.5102040816326531,1.9552791836734695,1.96632,1.8315,Hit,6,0.16326530612244897,0.5714285714285714,0.24489795918367346,0.135,4,1,2.4484871580882523,0.615,0.13,-1.29075,1,Hit,,,49.0,10.0,4.0,0.20408163265306123,2.0,0.2,0.9270973315923852,4.9,0.7551020408163265,0.33941558395747295,0.16090823216864633,0.42833333333333334,0.2,1.0,6.0,-0.539,0.16399999999999998,1.0,0.1975669395714648,0.4545454545454545,0.2569785149739897,2.014143235755287,2.0,0.5127272727272727,0.2310203965535476,0.8,5,0.31395749956747493,0.31099999999999994,0.10206615501722405,5,0.2736909999999999,0.18973928218742683,0.19999999999999996,0.17947841095797573,5,0.22492499999999996,0.1750781182429717,-0.11099999999999999,-0.04876599999999995
8645,7,5,1,11,1,early,early_r9+,5,5-8,3,2,3,2,5,1,0,0,0,0,1,2,3,4,5,0.17290126144421308,0,0.2849665692954158,0.11206530785120272,0,1,-1,0.4110911396685798,0.47239452410947597,0.13639162107302044,0.5006172885548416,0.47239452410947597,0.40843771227552755,71,0.92,0.835,0.08500000000000008,0.615,0.5590845070422535,0.14,0.78,0.33999999999999997,0.30500000000000005,26,50,0.704225352112676,1.9847581690140845,1.99539,1.96306,Hit,6,0.22535211267605634,0.4225352112676056,0.3380281690140845,0.08500000000000008,5,1,2.627995868630726,0.355,0.4,-0.061529999999999974,1,Hit,,,71.0,15.0,4.0,0.2535211267605634,5.0,0.3333333333333333,0.8208649290372108,4.733333333333333,0.7323943661971831,0.5599977007242687,0.12711378667266152,0.4450000000000001,0.8,1.0,2.0,0.884,0.03600000000000001,0.2,0.09673756281257742,0.10938775833271486,0.012650195520137441,1.8678477377601095,2.8,0.057857142857142864,0.10426439164103059,0.95,5,0.25019950231794136,0.279,0.20308249555291563,5,0.24758799999999997,0.23302154161686428,0.12,0.16431676725154984,5,0.122134,0.1672388670958399,-0.15900000000000003,-0.12545399999999995
6132,0,13,1,3,1,late,late_r2-4,7,5-8,4,3,4,3,7,1,0,0,0,0,1,4,3,5,6,0.06325034617486476,1,0.3061811460965566,0.24293079992169186,3,0,3,0.29758690487990336,0.5458766033556187,0.3969943315187402,0.6004004259063885,0.5458766033556187,0.5718127971857385,87,2.62,2.485,0.13500000000000023,2.175,2.109425287356322,1.445,1.175,0.4025000000000001,0.4450000000000003,9,52,0.5977011494252874,1.2564643678160918,1.16859,1.16859,Draw,6,0.27586206896551724,0.367816091954023,0.3448275862068966,0.13500000000000023,6,0,2.130222588187827,0.025,0.85,2.035705,1,Draw,,,87.0,18.0,4.0,0.27586206896551724,6.0,0.3333333333333333,0.7935042088277037,4.833333333333333,0.735632183908046,0.6939751927743896,0.12047301259283347,0.8410416666666667,0.0,0.2,19.0,2.3939999999999997,0.22600000000000006,0.4,0.35847361529657173,0.551501488357741,0.1930278730611693,1.2029426552397342,5.2,0.5329761730649665,0.3879150870307507,0.75,5,0.07033642704925513,0.49300000000000016,0.34479341641046457,5,0.5654240000000001,0.456953176668573,0.2740000000000001,0.11540147312751256,5,0.25068000000000007,0.13570335004155207,-0.21900000000000008,-0.3147440000000001
3339,4,10,0,6,0,mid,mid_r5-8,5,5-8,3,2,3,2,5,1,0,0,0,0,1,2,3,1,2,0.1904200005146532,0,0.9896158927200006,0.7991958922053475,0,2,-2,0.3519618986481325,0.7397810485470547,0.7001852360608298,0.6214209986796387,0.7397810485470547,0.40843771227552755,71,-0.305,-0.36,0.05499999999999999,-0.945,-0.91,-1.465,1.1600000000000001,0.28500000000000003,0.6399999999999999,4,21,0.29577464788732394,1.8555540845070426,1.85331,1.77256,Freeze,6,0.22535211267605634,0.4225352112676056,0.3380281690140845,0.15500000000000003,5,0,2.4107779917943883,0.55,0.115,-1.19128,1,Freeze,,,71.0,15.0,4.0,0.2535211267605634,4.0,0.26666666666666666,0.840821621612472,4.733333333333333,0.7183098591549296,0.6274223193375711,0.12486322562462022,0.866,0.6,0.6,3.0,-0.43499999999999994,0.13,0.4,0.13773188386416876,0.19108965398232983,0.05335777011816106,1.678562847396298,3.0,0.1779446324971996,0.15525992264300867,0.95,5,0.28374221560383195,0.22999999999999998,0.16941074346097415,5,0.25469300000000006,0.16153591410271587,0.41500000000000004,0.3031295102757236,5,0.4129760000000001,0.3025933557267906,0.18500000000000005,0.15828300000000006
3566,6,14,0,2,0,late,late_r2-4,12,9-12,6,6,6,6,12,0,0,0,0,0,1,7,5,8,11,0.11112070014178263,1,0.2941935852301334,0.18307288508835076,1,0,1,0.293653475867388,0.34859873212220066,0.319321270510811,0.49808821591494584,0.34859873212220066,0.980250509461266,129,1.01,1.005,0.0050000000000001155,0.905,0.6829457364341085,-1.26,2.27,0.255,0.10499999999999998,91,108,0.8372093023255814,0.6540406333333333,0.491833,0.264386,Draw,6,0.37209302325581395,0.29457364341085274,0.32558139534883723,0.0050000000000001155,6,0,0.2747433140607801,0.01,0.03,1.0,0,PostGuard,,,129.0,26.0,4.0,0.2713178294573643,6.0,0.23076923076923078,0.7435424473809369,4.961538461538462,0.6976744186046512,0.9529093466524075,0.08633801264203707,2.2075,0.0,0.4,35.0,1.0,0.010000000000000009,1.0,0.545069971652922,0.432494820971835,-0.11257515068108699,0.8266942557941188,10.6,0.518848552863485,0.6132388298444831,0.65,5,0.03553623791437873,0.388,0.2906157256584716,5,0.8296148999999999,0.4667348667568666,0.787,0.8631019638489997,5,1.3283996,1.0424972430339086,0.399,0.4987847000000001
5523,3,9,1,7,1,mid,mid_r5-8,9,9-12,5,4,5,4,9,1,0,0,0,0,1,5,4,6,9,0.16114699267749127,0,0.30062899078432276,0.13948199810683148,0,3,-3,0.32238576542534886,0.4271299593096109,0.32137624596208947,0.5647353403952661,0.4271299593096109,0.7351878820959495,103,0.74,0.68,0.05999999999999994,-0.195,-0.24616504854368929,-1.075,1.815,0.505,0.935,4,10,0.0970873786407767,1.9581179611650485,1.93845,1.9602,Hit,6,0.3106796116504854,0.3300970873786408,0.34951456310679613,0.655,1,1,2.6795569301034257,0.35,0.37,-0.24009999999999998,1,Hit,,,103.0,21.0,4.0,0.45631067961165056,11.0,0.5238095238095238,0.618517744018145,4.904761904761905,0.6699029126213593,0.6648862315452172,0.2223888020406907,1.3596153846153847,0.4,0.4,1.0,0.5459999999999999,0.194,0.4,0.4486874471668475,0.5275851864497795,0.07889773928293191,1.7204074485478162,5.4,0.4860412882580777,0.4684222675258723,0.95,5,0.1552341968950241,0.027000000000000003,0.06037383539249433,5,0.020953,0.04685233233255309,0.22599999999999998,0.31661096001244177,5,0.212297,0.29877690449146166,0.19899999999999998,0.19134400000000001
7015,5,14,0,2,0,late,late_r2-4,14,13-16,7,7,7,7,14,0,0,0,0,0,1,9,5,5,14,0.20450949402441743,0,0.2609537093988129,0.05644421537439548,0,3,-3,0.30612015185054137,0.40353114676231117,0.43699906801440813,0.6169548953182415,0.40353114676231117,1.143625594371477,145,-1.135,-1.88,0.7449999999999999,-3.145,-3.050724137931035,-3.735,2.5999999999999996,0.29499999999999993,2.01,1,1,0.006896551724137931,0.9134988758620689,0.803103,1.92789,Draw,6,0.38620689655172413,0.27586206896551724,0.3310344827586207,0.7449999999999999,1,0,2.1862866282116338,0.62,0.0,-2.098945,1,Draw,,,145.0,29.0,4.0,0.2620689655172414,8.0,0.27586206896551724,0.7499909572142948,5.0,0.7310344827586207,0.8432676040522654,0.13446376219688783,2.4400000000000004,0.8,0.8,1.0,-1.2839999999999998,0.14899999999999997,0.8,0.5509533011830354,0.6545686916629242,0.10361539047988874,0.7034896992715323,2.6,0.5870094294276054,0.4635699449331513,0.9,5,0.041727184092276035,2.164,0.01917028951268064,5,1.6304368,0.04650547919009082,2.164,0.01917028951268063,5,1.6304368,0.04650547919009078,0.0,0.0
743,7,3,1,13,1,early,early_r9+,3,2-4,2,1,2,1,3,1,0,0,0,0,1,2,1,3,3,0.13922010521472836,0,0.39759931451454966,0.2583792092998213,0,1,-1,0.4130406358275671,0.4257335723557047,0.06763700154769002,0.33665912862848374,0.4257335723557047,0.2450626273653165,55,0.98,0.97,0.010000000000000009,0.585,0.5993636363636364,0.18,0.8,0.21499999999999997,0.395,12,43,0.7818181818181819,2.038584909090909,2.0342,2.15861,Draw,6,0.14545454545454545,0.509090909090909,0.32727272727272727,0.16999999999999993,5,0,2.8517002391257953,0.325,0.41,-0.07272499999999993,0,Draw,,,55.0,11.0,4.0,0.2545454545454545,2.0,0.18181818181818182,0.8621320287650471,5.0,0.7272727272727273,0.5714110355334403,0.10543978975843596,0.4016666666666667,0.2,0.2,6.0,0.78,0.2,0.2,0.12915572865436714,0.19779017500930127,0.06863444635493414,1.9016628441934056,7.2,0.25090909090909097,0.1492246162678284,0.9,5,0.22349505750544085,0.45899999999999996,0.06484597134749391,5,0.396675,0.054390503422012945,0.23499999999999996,0.1970406049523803,5,0.16441600000000003,0.13074348609012992,-0.224,-0.23225899999999997
1014,4,15,1,1,1,late,r1,4,2-4,3,1,3,1,4,2,0,0,0,0,1,2,2,3,4,0.20015348392921029,1,0.303902371838388,0.10374888790917769,1,0,1,0.3875847366241334,0.4695474412925491,0.30894739653570075,0.2802547178461065,0.4695474412925491,0.32675016982042204,61,3.325,1.965,1.36,1.0,0.9392622950819672,-0.845,4.17,0.0,2.325,1,1,0.01639344262295082,0.35029099999999996,0.0,1.27255,Draw,6,0.13114754098360656,0.45901639344262296,0.39344262295081966,1.7850000000000001,1,0,1.4712005639088976,0.05,0.91,2.6887250000000003,1,Draw,,,61.0,13.0,4.0,0.8032786885245902,12.0,0.9230769230769231,0.38388966872551344,4.6923076923076925,0.6229508196721312,0.002848815529457257,0.627431297688799,0.07561224489795915,1.0,1.0,49.0,3.325,0.0,1.0,0.6414621296284959,1.0,0.3585378703715041,0.060107346056755565,13.0,1.0,0.48606216274095654,1.0,5,0.0,0.0,0.0,5,0.0,0.0,0.0,0.0,5,0.0,0.0,0.0,0.0
3900,0,10,0,6,0,mid,mid_r5-8,3,2-4,2,1,2,1,3,1,0,0,0,0,0,2,1,2,2,0.23096763425815714,0,0.3754381974186974,0.14447056316054024,0,1,-1,0.5290806211246183,0.8823660939115832,0.29515379415947807,0.7685858052293172,0.8823660939115832,0.2450626273653165,55,0.305,0.025,0.27999999999999997,-0.69,-0.6002727272727271,-1.015,1.3199999999999998,0.365,0.9949999999999999,1,6,0.10909090909090909,1.7577809090909087,1.77228,1.74126,Draw,6,0.14545454545454545,0.509090909090909,0.32727272727272727,0.325,4,0,2.4156251680548655,0.43,0.275,-0.5656300000000001,1,Draw,,,55.0,11.0,4.0,0.32727272727272727,5.0,0.4545454545454545,0.7657424651867702,5.0,0.7636363636363637,0.4660008623571895,0.2051803781030531,0.7649999999999999,0.2,1.0,4.0,0.05399999999999999,0.251,0.6,0.3686415781378476,0.4217035197602662,0.05306194162241862,1.6031029433364647,2.0,0.5374074843669849,0.43472380564857255,0.95,5,0.28437570829230313,0.40199999999999997,0.4315176705535939,5,0.372456,0.39568201201217124,0.33099999999999996,0.2585875093657851,5,0.32943199999999995,0.24545942102514626,-0.07100000000000001,-0.04302400000000006
4543,6,5,1,11,1,early,early_r9+,5,5-8,3,2,3,2,5,1,0,0,0,0,1,3,2,3,5,0.13130816754219596,0,0.24922206087142698,0.11791389332923102,0,2,-2,0.3312899237877462,0.4848831849415938,0.20299042271219594,0.5178741839481866,0.4848831849415938,0.40843771227552755,71,1.09,0.895,0.19500000000000006,0.535,0.5112676056338027,-0.02,1.11,0.39749999999999996,0.555,5,29,0.4084507042253521,2.008315633802817,1.9956,2.06444,Hit,6,0.22535211267605634,0.4225352112676056,0.3380281690140845,0.19500000000000006,4,1,2.792863151398793,0.285,0.405,0.057780000000000165,1,Hit,,,71.0,15.0,4.0,0.28169014084507044,8.0,0.5333333333333333,0.7897713487331965,4.733333333333333,0.7183098591549296,0.6311049290877832,0.14930165469692197,0.8480000000000001,0.2,0.2,1.0,0.8140000000000001,0.2760000000000001,0.2,0.19018224335242034,0.22536566668164498,0.03518342332922464,1.906053184829421,4.8,0.26499999999999996,0.1666147510058527,0.9,5,0.18275428371160074,0.3430000000000001,0.225211012164148,5,0.2804530000000002,0.19477921268708331,0.3810000000000001,0.0022360679774997916,5,0.33809900000000026,0.045528580089873226,0.038000000000000034,0.057646000000000086
9231,5,14,0,2,0,late,late_r2-4,8,5-8,3,5,3,5,8,-2,0,0,0,0,1,3,5,6,7,0.2170906649547374,1,0.3487157213103536,0.13162505635561622,1,0,1,0.3306363919610179,0.4961291307266907,0.5643504517403719,0.37330468705201214,0.4961291307266907,0.6535003396408441,101,2.025,1.89,0.135,1.34,1.1734158415841582,-0.41,2.435,0.20999999999999996,0.6849999999999998,5,15,0.1485148514851485,0.9402074455445543,0.746927,0.808934,Hit,6,0.39603960396039606,0.3564356435643564,0.2376237623762376,0.135,3,1,1.6189866875619563,0.015,0.795,1.620533,1,Hit,,,101.0,21.0,4.0,0.21782178217821785,8.0,0.38095238095238093,0.7858230005670651,4.809523809523809,0.6534653465346535,0.892635436132424,0.12386015911111928,1.9789999999999999,0.0,1.0,20.0,1.629,0.3959999999999998,1.0,0.5893375079157692,0.7253680397747615,0.13603053185899233,0.8754305517548279,2.6,0.6875672947901854,0.5450529924449481,0.75,5,0.03333136738649747,0.741,0.3219937887599698,5,1.046137,0.37859090533846695,0.5879999999999999,0.2717443651669709,5,0.8016791,0.38025528750570986,-0.15300000000000014,-0.24445790000000012
1825,5,7,1,9,1,mid,early_r9+,6,5-8,4,2,4,2,6,2,0,0,0,0,1,4,2,2,6,0.37076613593510693,1,0.4836837038561463,0.11291756792103935,3,0,3,0.3278838176807299,0.4877516263453083,0.3648412343952275,0.5405001215438237,0.4877516263453083,0.490125254730633,77,0.865,0.79,0.07499999999999996,0.485,0.47623376623376623,0.125,0.74,0.19499999999999995,0.38,13,60,0.7792207792207793,2.041492597402598,2.04068,2.16259,PostGuard,6,0.2077922077922078,0.38961038961038963,0.38961038961038963,0.07499999999999996,6,0,2.743400760536485,0.395,0.35,-0.21359499999999998,0,Draw,,,77.0,16.0,4.0,0.3116883116883117,6.0,0.375,0.7503628425033598,4.8125,0.7142857142857143,0.2815576268605569,0.13720374589140355,0.5925,0.2,0.2,2.0,0.7540000000000001,0.11099999999999999,0.2,0.11270810190509291,0.21940410471063337,0.10669600280554048,1.7892020204891257,7.4,0.251764705882353,0.10647571388651825,0.75,5,0.23742386389185524,0.302,0.1833234845839452,5,0.26415399999999994,0.18624872641846438,0.231,0.1967676294515945,5,0.16996799999999995,0.21065012386063295,-0.07099999999999998,-0.09418599999999999
4062,4,15,1,1,1,late,r1,10,9-12,4,6,4,6,10,-2,0,0,0,0,1,7,3,5,8,0.1791769327368901,0,0.4447194660871543,0.26554253335026423,0,2,-2,0.32560943672571846,0.47981251108251904,0.4273050123505055,0.5945311880801545,0.47981251108251904,0.8168754245510551,117,-0.475,-0.55,0.07500000000000007,-2.0,-1.926068376068376,-2.62,2.145,0.09499999999999997,1.525,2,2,0.017094017094017096,0.3671345478632479,0.195959,1.89192,Hit,6,0.41025641025641024,0.3247863247863248,0.2564102564102564,1.2650000000000001,1,1,2.059906838057595,0.595,0.285,-1.42096,1,Hit,,,117.0,24.0,4.0,0.8034188034188035,23.0,0.9583333333333334,0.3499013977135025,4.875,0.6068376068376068,0.015485736840157327,0.32531516563805474,0.09202127659574466,0.0,1.0,94.0,-1.275,0.7999999999999999,1.0,0.4592220984682299,-1.0,-1.45922209846823,0.020079346902315828,24.0,1.0,0.4171813012161919,1.0,5,0.0,0.7999999999999999,0.0,5,0.2661609999999998,0.0,0.7999999999999999,0.0,5,0.2661609999999998,0.0,0.0,0.0
9882,2,11,1,5,1,mid,mid_r5-8,10,9-12,6,4,6,4,10,2,0,0,0,0,1,7,3,5,9,0.12983532815069931,1,0.36821510243877864,0.23837977428807933,1,0,1,0.32519504947709454,0.4062250097905869,0.26896624079436904,0.6688945543955331,0.4062250097905869,0.8168754245510551,109,1.295,1.23,0.06499999999999995,0.235,0.24839449541284403,-0.225,1.52,0.35,1.06,2,2,0.01834862385321101,1.5067004587155959,1.5012,2.01444,Hit,6,0.29357798165137616,0.3119266055045872,0.3853211009174312,0.5349999999999999,1,1,2.7071875474868934,0.285,0.455,0.2877799999999999,1,Hit,,,109.0,22.0,4.0,0.27522935779816515,8.0,0.36363636363636365,0.7619283396762472,4.954545454545454,0.7155963302752294,0.4397649715321573,0.1932155273145396,1.3691666666666666,0.0,0.0,2.0,0.466,0.829,0.0,0.2145503983834031,0.18407023260542932,-0.030480165777973762,1.4258305185636027,7.8,0.1937055679665314,0.23702782854706275,0.95,5,0.06290985439609244,1.1219999999999999,0.30380092165758815,5,0.8567859999999999,0.3722430279971675,0.944,0.23977593707459477,5,0.632315,0.29470806364095303,-0.17799999999999994,-0.22447099999999998
2998,6,14,0,2,0,late,late_r2-4,14,13-16,7,7,7,7,14,0,0,0,0,0,1,8,6,6,13,0.1062733268510963,1,0.2464067604916716,0.1401334336405753,2,0,2,0.2945573175869181,0.37035405209048333,0.3840961315223029,0.6000006511901231,0.37035405209048333,1.143625594371477,145,2.895,2.82,0.07500000000000018,2.095,2.113586206896552,0.965,1.9300000000000002,0.19500000000000028,0.7999999999999998,7,26,0.1793103448275862,0.6097560344827586,0.523235,0.86254,Hit,6,0.38620689655172413,0.27586206896551724,0.3310344827586207,0.2549999999999999,3,1,1.7002303420711369,0.005,0.955,2.46373,1,Hit,,,145.0,29.0,4.0,0.30344827586206896,12.0,0.4137931034482759,0.6893186878952323,5.0,0.6896551724137931,0.7308767123197297,0.12395756826181789,1.8850000000000002,0.4,0.4,2.0,2.787,0.10800000000000001,0.4,0.43444317634119606,0.5788343891385139,0.14439121279731781,0.6184398490062876,2.0,0.3794479929003791,0.3428141791072849,0.85,5,0.05546853026887273,0.030000000000000037,0.04107919181288751,5,0.0427054,0.0584767772682028,0.364,0.384112613695515,5,0.4204484999999999,0.4455698867663747,0.33399999999999996,0.3777430999999999
1555,2,3,1,13,1,early,early_r9+,3,2-4,2,1,2,1,3,1,0,0,0,0,1,1,2,3,3,0.09102162291285526,0,0.3196009187971794,0.22857929588432413,0,1,-1,0.3696884516996605,0.4218933973969054,0.08894981852019461,0.3364325225393983,0.4218933973969054,0.2450626273653165,55,1.1,1.035,0.06500000000000017,0.635,0.6378181818181818,0.18,0.9200000000000002,0.2875000000000001,0.4650000000000001,6,32,0.5818181818181818,2.0203978181818183,2.0025,2.09045,Draw,6,0.14545454545454545,0.509090909090909,0.32727272727272727,0.20000000000000007,5,0,2.725945521189851,0.34,0.405,0.05477500000000002,1,Draw,,,55.0,11.0,4.0,0.2545454545454545,4.0,0.36363636363636365,0.8678406193235693,5.0,0.7090909090909091,0.5078310945171118,0.13785968962114434,0.4185714285714285,0.0,0.0,6.0,0.834,0.2660000000000001,0.8,0.18178434879328015,0.2739180747128187,0.09213372591953857,1.8000384011295818,8.6,0.44727272727272727,0.1429156875401651,0.9,5,0.38061543350589017,0.2720000000000001,0.12417729261020309,5,0.27539900000000006,0.07177498810518881,0.402,0.10627793750351011,5,0.357133,0.10802041043247333,0.12999999999999995,0.08173399999999992
4372,4,14,0,2,0,late,late_r2-4,2,2-4,1,1,1,1,2,0,0,0,0,0,0,1,1,0,0,1.2236985985527629,1,1.49479366134594,0.2710950627931772,1,0,1,1.4798420557951415,1.4798420557951415,0.031505000000000005,0.7392499999999984,1.4798420557951415,0.16337508491021102,49,0.095,0.02,0.075,-0.585,-0.5820408163265306,-1.645,1.74,0.19500000000000006,0.6799999999999999,4,11,0.22448979591836735,0.970169612244898,0.942125,1.24337,Draw,6,0.16326530612244897,0.5714285714285714,0.24489795918367346,0.35,3,0,1.4376272345458077,0.545,0.185,-0.5266850000000001,1,Draw,,,49.0,10.0,4.0,0.20408163265306123,2.0,0.2,0.9008975084120351,4.9,0.7959183673469388,0.726388206133653,0.14289122740240706,1.1130555555555557,0.6,1.0,10.0,0.062,0.032999999999999995,1.0,0.4785797369897695,0.8236002024638343,0.3450204654740646,0.7765626613243761,2.4,0.8118905977226427,0.4793749589614018,0.75,5,0.0960132020193112,0.015,0.03354101966249685,5,0.01474399999999998,0.03296858626025685,0.13099999999999998,0.2530908927638448,5,0.10334899999999995,0.19254915607449433,0.11599999999999998,0.08860499999999998
3732,7,7,1,9,1,mid,early_r9+,2,2-4,1,1,1,1,2,0,0,0,0,0,0,0,2,1,1,0.1896999378323803,1,1.699079138945564,1.5093792011131837,1,0,1,1.6705290985306456,1.6705290985306456,0.8189659499999999,0.164200000000001,1.6705290985306456,0.16337508491021102,49,1.125,1.075,0.050000000000000044,0.675,0.6903061224489795,0.395,0.73,0.2699999999999999,0.44999999999999996,10,28,0.5714285714285714,1.7577306122448981,1.73735,1.74051,Hit,6,0.16326530612244897,0.5714285714285714,0.24489795918367346,0.13,5,1,2.4917177926322784,0.27,0.425,0.254745,1,Hit,,,49.0,10.0,4.0,0.20408163265306123,1.0,0.1,0.9146516976658491,4.9,0.8367346938775511,0.2765558320923662,0.14846255851873474,0.4325,0.0,0.4,6.0,0.95,0.17500000000000002,0.4,0.24337992985481627,0.13397820040051575,-0.10940172945430046,1.6517565520483704,4.0,0.0012121212121212089,0.20472531419899337,0.85,5,0.293795721515198,0.23899999999999996,0.2614717958021477,5,0.310087,0.26999277056525045,0.20400000000000001,0.09370165420097983,5,0.271149,0.1095221642750909,-0.03499999999999995,-0.03893800000000003
3858,5,5,1,11,1,early,early_r9+,5,5-8,2,3,2,3,5,-1,0,0,0,0,1,3,2,5,5,0.16928769552451267,0,0.30635237800213305,0.13706468247762038,0,1,-1,0.3224110972423283,0.4086597342848524,0.33454077048861114,0.23189008258224555,0.4086597342848524,0.40843771227552755,75,0.885,0.855,0.030000000000000027,0.55,0.5306000000000001,0.19,0.6950000000000001,0.2425,0.33499999999999996,19,58,0.7733333333333333,2.0355146666666664,2.0446,2.04494,Freeze,6,0.32,0.4266666666666667,0.24,0.030000000000000027,6,0,2.7008677045418206,0.335,0.4,-0.11504999999999999,0,Draw,,,75.0,15.0,4.0,0.17333333333333334,4.0,0.26666666666666666,0.8905378676543461,5.0,0.6933333333333334,0.3022420310548734,0.1331283925143641,0.4058333333333334,0.0,0.0,13.0,0.6519999999999999,0.233,0.6,0.12428411515871467,0.12988364830006915,0.005599533141354476,1.9250065210475884,8.0,0.031428571428571424,0.07331277884784404,0.85,5,0.10615122480101365,0.254,0.09229030284921597,5,0.2608309999999999,0.11574478791721032,0.44899999999999995,0.1548547706723949,5,0.505782,0.15209346844950308,0.19499999999999995,0.24495100000000003
1938,0,14,0,2,0,late,late_r2-4,8,5-8,5,3,5,3,8,2,0,0,0,0,1,6,2,4,8,0.17536378199617042,1,0.2550663575150591,0.07970257551888865,1,0,1,0.36961271260739603,0.4132654877912053,0.43494556350823954,0.3318971640433225,0.4132654877912053,0.6535003396408441,93,1.43,1.37,0.05999999999999983,1.005,0.9606451612903226,-0.1,1.53,0.13,0.42500000000000004,6,76,0.8172043010752689,0.8582796451612904,0.653835,1.45434,Hit,6,0.25806451612903225,0.34408602150537637,0.3870967741935484,0.10499999999999998,6,1,2.1842404285098898,0.135,0.485,0.9590015000000001,0,PostGuard,,,93.0,19.0,4.0,0.3010752688172043,6.0,0.3157894736842105,0.7667484737083854,4.894736842105263,0.7096774193548387,0.5506803402537137,0.13164250314977036,1.2375,0.0,0.0,2.0,1.1389999999999998,0.291,0.0,0.11960925056822067,-0.02525087037241709,-0.14486012094063777,0.9143313875526283,14.6,0.17152466539255623,0.2743384467253177,0.8,5,0.1885817485405421,0.352,0.21132321216563033,5,0.6022705,0.36491435763066377,0.45099999999999996,0.34395493890915424,5,0.5630591,0.44788036494280475,0.09899999999999998,-0.03921140000000001
9112,3,9,1,7,1,mid,mid_r5-8,5,5-8,2,3,2,3,5,-1,0,0,0,0,1,3,2,3,5,0.27263670740566176,0,0.4167572424913558,0.14412053508569406,0,2,-2,0.4026424871781394,0.4816975836397292,0.2743942961035451,0.45178405195402765,0.4816975836397292,0.40843771227552755,75,0.76,0.695,0.06500000000000006,-0.175,-0.11446666666666667,-0.845,1.605,0.5225,0.935,6,15,0.2,1.950138933333333,1.94689,1.84997,Hit,6,0.32,0.4266666666666667,0.24,0.20499999999999996,2,1,2.545518409768759,0.335,0.35,-0.13746000000000003,0,Hit,,,75.0,15.0,4.0,0.26666666666666666,4.0,0.26666666666666666,0.8184367681077089,5.0,0.7333333333333333,0.8112000981790903,0.15877626706976117,1.145,0.2,0.6,2.0,0.6249999999999999,0.135,0.6,0.3157062281604358,0.5285922809201348,0.21288605275969905,1.7830606332606724,4.6,0.5671428571428571,0.3223907452116588,0.75,5,0.13906545419956043,0.11499999999999999,0.15568397476940266,5,0.11042499999999995,0.15413318181851696,0.22299999999999995,0.16103571032538092,5,0.23624999999999993,0.15470921384972525,0.10799999999999996,0.12582499999999996
4157,3,12,0,4,0,late,late_r2-4,9,9-12,4,5,4,5,9,-1,0,0,0,0,1,7,2,5,8,0.15014477030186565,0,0.2838301662332602,0.13368539593139453,0,2,-2,0.39014227154846665,0.45508877043543106,0.35604451128914616,0.5250974787810572,0.45508877043543106,0.7351878820959495,107,-0.705,-0.885,0.18000000000000005,-2.21,-2.1602803738317755,-3.175,2.4699999999999998,0.4275,1.505,2,4,0.037383177570093455,1.5479919626168226,1.53216,1.59937,Hit,6,0.37383177570093457,0.3364485981308411,0.2803738317757009,0.975,1,1,2.262337503311009,0.715,0.1,-1.5046849999999998,1,Hit,,,107.0,22.0,4.0,0.2803738317757009,9.0,0.40909090909090906,0.7125162126681207,4.863636363636363,0.6635514018691588,0.8006104647590144,0.16345643029102774,2.38,0.6,0.8,2.0,-0.828,0.123,0.8,0.45431454533505605,0.6502615931760545,0.1959470478409985,1.4884050352177909,1.8,0.6669214847230498,0.509220722804039,0.95,5,0.08820057201509975,0.5489999999999999,0.4975615539810124,5,0.5262040000000001,0.4233779896764829,0.6869999999999999,0.5508697668233391,5,0.6395350000000002,0.463749700552464,0.138,0.11333100000000007
7373,1,11,1,5,1,mid,mid_r5-8,9,9-12,5,4,5,4,9,1,0,0,0,0,1,5,4,5,8,0.17391954061864354,1,0.29915628031014,0.12523673969149648,1,0,1,0.3413374216358329,0.45911725758535954,0.5232465112078367,0.41978098022424154,0.45911725758535954,0.7351878820959495,103,1.175,1.09,0.08499999999999996,0.51,0.5587864077669902,0.155,1.02,0.33999999999999997,0.665,8,31,0.30097087378640774,1.6056432038834951,1.56767,1.30934,Freeze,6,0.3106796116504854,0.3300970873786408,0.34951456310679613,0.08499999999999996,4,0,2.053063474642021,0.17,0.43,0.5203300000000001,1,Freeze,,,103.0,21.0,4.0,0.2524271844660194,7.0,0.3333333333333333,0.8012102407113731,4.904761904761905,0.7475728155339806,0.48715517243780304,0.15474415036011815,0.7689285714285715,0.2,0.8,2.0,1.092,0.083,0.8,0.15747286897859503,0.22539579986090433,0.06792293088230929,1.6817111946037193,3.4,0.17662337662337663,0.13939853320508983,0.8,5,0.15608922754479196,0.52,0.27313000567495327,5,0.7723990000000001,0.26834307321505424,0.41800000000000004,0.3074613796885716,5,0.687763,0.32553589904955177,-0.10199999999999998,-0.08463600000000004
7173,4,15,1,1,1,late,r1,15,13-16,8,7,8,7,15,1,0,0,0,0,1,11,4,8,15,0.15902744462513435,1,0.18730604802034576,0.028278603395211405,2,0,2,0.2947814112185503,0.32118960709931815,0.3684191144793643,0.4702478462352477,0.32118960709931815,1.2253131368265826,151,2.0,2.0,0.0,2.0,1.630298013245033,-0.735,2.735,0.6000000000000001,0.0,99,104,0.6887417218543046,0.21898243841059603,0.0,0.0,Draw,6,0.3708609271523179,0.26490066225165565,0.3576158940397351,0.0,6,0,-0.0,0.0,1.0,2.0,1,Draw,,,151.0,31.0,4.0,0.8013245033112583,30.0,0.967741935483871,0.3419626486511174,4.870967741935484,0.5695364238410596,0.09372591075460521,0.638892549368582,0.46128099173553716,0.0,1.0,121.0,2.0,0.0,0.0,0.8567231156568432,0.7187952884282609,-0.13792782722858243,0.028467114894076707,31.0,0.7187952884282609,0.8517232614659271,1.0,5,0.0,0.1599999999999999,0.0,5,0.3433029999999999,0.0,0.1599999999999999,0.0,5,0.3433029999999999,0.0,0.0,0.0
196,4,4,0,12,0,early,early_r9+,2,2-4,1,1,1,1,2,0,0,0,0,0,1,2,0,1,1,0.3693055984974802,1,1.295667158223902,0.9263615597264219,1,0,1,1.2113145927887519,1.2113145927887519,0.603231745,0.05414999999999992,1.2113145927887519,0.16337508491021102,49,-0.22,-0.385,0.165,-0.695,-0.7033673469387755,-1.385,1.165,0.31999999999999995,0.475,6,28,0.5714285714285714,2.063376326530612,2.07567,1.97271,Hit,6,0.16326530612244897,0.5714285714285714,0.24489795918367346,0.165,5,1,2.639739817605518,0.555,0.19,-1.206355,1,Hit,,,49.0,10.0,4.0,0.24489795918367346,2.0,0.2,0.905136231522038,4.9,0.7755102040816326,0.47031645008179945,0.15820778059209878,0.8883333333333333,0.4,1.0,6.0,-0.365,0.14500000000000002,0.4,0.12996224846505217,0.39843549850642523,0.268473250041373,1.9703937302789463,2.8,0.37939393939393934,0.14350805469789313,0.95,5,0.35581281234332746,0.417,0.15106290080625356,5,0.4621569999999998,0.18019961190995937,0.24,0.19624601906790365,5,0.24501899999999996,0.18921049070413615,-0.177,-0.21713799999999986
2630,2,14,0,2,0,late,late_r2-4,4,2-4,2,2,1,2,3,-1,0,0,0,0,1,2,1,2,2,0.19699501275159267,0,0.5155714188199354,0.3185764060683427,0,2,-2,0.6564024063217645,0.9229310770532257,0.8572641003758337,0.41546485110054937,0.8479735268799274,0.2450626273653165,59,-1.07,-1.075,0.004999999999999893,-2.58,-2.197457627118644,-2.85,1.78,1.3625000000000003,1.51,11,16,0.2711864406779661,0.7211799152542373,0.57426,0.886059,Hit,6,0.2711864406779661,0.5084745762711864,0.2033898305084746,0.004999999999999893,3,1,1.353112525394352,0.88,0.0,-1.5130295,1,Hit,,,59.0,12.0,4.0,0.20338983050847456,2.0,0.16666666666666666,0.912770682506215,4.916666666666667,0.7966101694915254,0.928598687853522,0.1521092595257259,1.5700000000000003,0.2,0.6,6.0,-1.09,0.019999999999999928,1.0,0.8012681005079425,0.8575471462351392,0.05627904572719644,0.707671084645822,4.8,0.861786680305262,0.8127391183239501,0.9,5,0.051554933860961036,0.11199999999999988,0.027522717889045777,5,0.42124049999999996,0.1324987727773356,0.08499999999999985,0.05012484413940859,5,0.3704275,0.13910338141109296,-0.027000000000000024,-0.05081299999999994
5731,2,10,0,6,0,mid,mid_r5-8,2,2-4,1,1,0,1,1,-1,0,0,0,0,0,1,0,0,0,1.455355535565107,0,,,0,1,-1,3.4558268290526355,3.4558268290526355,1.6971599999999998,0.32454999999999856,,0.08168754245510551,43,-0.555,-0.59,0.03499999999999992,-1.145,-1.0958139534883722,-1.45,0.8949999999999999,0.2975000000000001,0.59,6,16,0.37209302325581395,1.6846786046511628,1.67929,1.41314,Hit,5,0.18604651162790697,0.6511627906976745,0.13953488372093023,0.21499999999999997,3,1,2.0391477645679075,0.675,0.075,-1.26157,1,Hit,,,43.0,9.0,4.0,0.23255813953488375,2.0,0.22222222222222224,0.9121752454045418,4.777777777777778,0.8604651162790697,0.6540452874443362,0.12754367856311383,0.6325000000000001,0.0,1.0,6.0,-0.731,0.1759999999999999,1.0,0.17465815134317467,0.52,0.3453418486568253,1.601779596171068,2.6,0.6166666666666666,0.24696634446651955,0.95,5,0.1584941959585547,0.3499999999999999,0.07826237921249264,5,0.44880799999999993,0.12345778517371839,0.3609999999999999,0.05366563145999494,5,0.4586939999999998,0.1013520171481555,0.010999999999999954,0.009885999999999895
9518,4,5,1,11,1,early,early_r9+,5,5-8,3,2,3,2,5,1,0,0,0,0,1,3,2,4,5,0.13302576473002822,0,0.18792247478364624,0.054896710053618014,0,2,-2,0.3174027137653952,0.413007230766285,0.147266450555249,0.45911124839193435,0.413007230766285,0.40843771227552755,71,0.985,0.905,0.07999999999999996,0.345,0.3641549295774648,-0.205,1.19,0.37500000000000006,0.64,4,22,0.30985915492957744,2.0161205633802823,1.99624,1.98363,Hit,6,0.22535211267605634,0.4225352112676056,0.3380281690140845,0.24,3,1,2.6967769817842706,0.325,0.41,0.009689999999999976,0,Hit,,,71.0,15.0,4.0,0.22535211267605634,3.0,0.2,0.8792806682496563,4.733333333333333,0.7183098591549296,0.6578774903693747,0.14251187228907028,0.746875,0.0,0.6,16.0,0.6829999999999999,0.30199999999999994,0.4,0.12309856703619795,-0.026426435358953115,-0.14952500239515107,1.964388017297607,5.6,0.0007142857142856968,0.13254068517018575,0.9,5,0.13813431273474175,0.312,0.10347705059577218,5,0.29203199999999996,0.17209371068548665,0.32899999999999996,0.12213721791493364,5,0.3090099999999999,0.17590154462084745,0.01699999999999996,0.016977999999999938
8211,7,12,0,4,0,late,late_r2-4,5,5-8,1,4,1,4,5,-3,0,0,0,0,1,3,2,1,5,0.08425626557882765,0,0.645079950443352,0.5608236848645243,0,3,-3,0.6622696041849544,0.7160139694615374,0.4698622552367432,0.4653317758331151,0.7160139694615374,0.40843771227552755,79,-0.815,-0.97,0.15500000000000003,-1.885,-1.8398101265822784,-2.865,2.0500000000000003,0.7525,1.07,4,14,0.17721518987341772,1.8562311392405066,1.83624,1.75806,Draw,6,0.4050632911392405,0.43037974683544306,0.1518987341772152,0.15500000000000003,3,0,2.374916257375404,0.63,0.055,-1.69403,1,Draw,,,79.0,16.0,4.0,0.24050632911392406,5.0,0.3125,0.8437334362346981,4.9375,0.7215189873417721,0.7395834724107311,0.2405227799117618,1.36125,0.0,0.0,4.0,-1.059,0.244,0.8,0.4684388886295694,0.6594984748457139,0.19105958621614452,1.724102768927257,10.8,0.7047058823529412,0.5126693034734432,0.8,5,0.0981088843001949,0.34800000000000003,0.06942621983083923,5,0.37187300000000023,0.09201108259334873,0.4050000000000001,0.1473940297298368,5,0.4116180000000001,0.12817330341182614,0.05700000000000005,0.039744999999999864
5392,3,13,1,3,1,late,late_r2-4,13,13-16,7,6,7,6,13,1,0,0,0,0,1,9,4,5,11,0.11817197386051226,0,0.34734862780209724,0.22917665394158498,0,1,-1,0.29927726499685814,0.39770298874452514,0.38126115802966715,0.6402627169729336,0.39770298874452514,1.0619380519163715,135,-1.005,-1.09,0.08500000000000019,-2.55,-2.4569259259259257,-3.37,2.365,0.935,1.545,4,7,0.05185185185185185,1.7858902962962964,1.81493,1.57638,Hit,6,0.35555555555555557,0.2814814814814815,0.35555555555555557,0.7000000000000002,1,1,2.2551615687374365,0.72,0.045,-1.7931899999999998,1,Hit,0.9700000000000002,-0.9890000000000001,135.0,27.0,4.0,0.32592592592592595,9.0,0.3333333333333333,0.6838738387865786,5.0,0.6888888888888889,0.6039313675329282,0.33397278770614713,2.0825,0.0,0.4,2.0,-1.3820000000000001,0.37700000000000017,0.4,0.5951585404868356,0.5963228755163136,0.001164335029477992,1.4994831990021347,5.4,0.5931623931623932,0.6417008363995285,0.85,5,0.09683229225905132,0.633,0.0027386127875257773,5,0.8062120000000002,0.026246864955647535,0.7870000000000001,0.21839184966477124,5,0.9105110000000003,0.16822296760549685,0.15400000000000014,0.10429900000000014
4262,4,2,0,14,0,early,early_r9+,2,2-4,1,1,1,1,2,0,0,0,0,0,1,2,0,2,2,0.04434492057542037,1,0.40726940032476144,0.36292447974934106,1,0,1,0.36512666380346365,0.36512666380346365,0.02670225,0.18059999999999832,0.36512666380346365,0.16337508491021102,49,-0.465,-0.47,0.004999999999999949,-0.76,-0.735204081632653,-1.1,0.635,0.235,0.295,21,45,0.9183673469387755,2.042222448979592,2.04592,1.95673,Draw,6,0.16326530612244897,0.5714285714285714,0.24489795918367346,0.004999999999999949,5,0,2.604161782183489,0.58,0.155,-1.40741,0,Draw,-1.465,-1.4230612244897958,49.0,10.0,4.0,0.24489795918367346,1.0,0.1,0.8950719019061234,4.9,0.7551020408163265,0.2840731081852448,0.12599896303264424,0.55,0.0,0.4,8.0,-0.509,0.04399999999999996,0.2,0.10097553305384357,0.23264872984405596,0.1316731967902124,1.9201705874734327,4.6,0.10545454545454544,0.08338682865529272,0.95,5,0.22582009131821154,0.282,0.10103217309352504,5,0.338393,0.145840043480863,0.29399999999999993,0.1605225840808701,5,0.375931,0.219991325806269,0.011999999999999955,0.037538000000000016
6230,1,12,0,4,0,late,late_r2-4,2,2-4,1,1,1,1,2,0,0,0,0,0,1,1,1,1,2,0.29975706359436627,0,0.7062257714251128,0.4064687078307465,0,1,-1,0.9900457166138402,0.9900457166138402,0.143556845,0.473749999999999,0.9900457166138402,0.16337508491021102,49,-0.215,-0.435,0.22,-1.255,-1.1003061224489796,-1.615,1.4,0.5399999999999999,1.0399999999999998,2,8,0.16326530612244897,1.350999387755102,1.3461,1.43484,Hit,6,0.16326530612244897,0.5714285714285714,0.24489795918367346,0.31000000000000005,3,1,2.0669458550866313,0.575,0.13,-0.9324199999999999,1,Hit,-1.6500000000000001,-0.4325510204081633,49.0,10.0,4.0,0.20408163265306123,1.0,0.1,0.926938636264379,4.9,0.7959183673469388,0.8118363321760281,0.1384888945203797,0.9320833333333332,0.2,0.8,3.0,-0.41600000000000004,0.20099999999999998,1.0,0.5051660117292007,0.7407649938447337,0.23559898211553296,1.3828560410082595,2.4,0.709090909090909,0.5218602328072282,0.9,5,0.07516255180617973,0.213,0.12235195135346226,5,0.16773600000000008,0.10657855919461477,0.251,0.03879432948254165,5,0.1938940000000001,0.05918788953409303,0.038000000000000006,0.026158000000000015
3543,4,7,1,9,1,mid,early_r9+,3,2-4,2,1,2,1,3,1,0,0,0,0,1,1,2,2,3,0.06162735300955835,1,0.4057504679676901,0.34412311495813175,1,0,1,0.4292071009258859,0.4739987324542103,0.15719419023519562,0.3165606875290877,0.4739987324542103,0.2450626273653165,55,1.025,1.0,0.02499999999999991,0.58,0.6082727272727272,0.135,0.8899999999999999,0.3125,0.44499999999999995,16,35,0.6363636363636364,1.8940992727272725,1.8906,2.06746,Draw,6,0.14545454545454545,0.509090909090909,0.32727272727272727,0.039999999999999925,6,0,2.694899423759909,0.325,0.37,0.04929500000000009,0,Hit,2.025,1.1405454545454545,55.0,11.0,4.0,0.2545454545454545,3.0,0.2727272727272727,0.8878137850640531,5.0,0.7090909090909091,0.49418617834457645,0.15273868189788023,0.43892857142857145,0.2,0.4,6.0,0.8619999999999999,0.16299999999999992,0.8,0.22345002075221015,0.2768902256242737,0.05344020487206356,1.713816365925569,8.2,0.3236363636363636,0.19768935959506226,0.85,5,0.2831482866650383,0.3019999999999999,0.17523555575282088,5,0.21385000000000004,0.15393789969497437,0.21399999999999988,0.130019229347047,5,0.17834000000000008,0.11554595709067454,-0.088,-0.03550999999999996
1784,6,5,1,11,1,early,early_r9+,5,5-8,3,2,3,2,5,1,0,0,0,0,1,3,2,4,5,0.0774752228538251,0,0.24738632290157164,0.16991110004774654,0,1,-1,0.3155813810255769,0.41099704256972497,0.24477910626014143,0.3569792016350543,0.41099704256972497,0.40843771227552755,71,1.05,1.01,0.040000000000000036,0.545,0.5493661971830985,0.05,1.0,0.2925,0.505,7,35,0.49295774647887325,2.04305985915493,2.02396,2.16044,Hit,6,0.22535211267605634,0.4225352112676056,0.3380281690140845,0.040000000000000036,4,1,2.8455626515397334,0.335,0.435,0.0025399999999999867,0,Draw,1.925,1.1007042253521127,71.0,15.0,4.0,0.2535211267605634,4.0,0.26666666666666666,0.8325636978432935,4.733333333333333,0.7464788732394366,0.42808004897550866,0.16065535139823253,0.4875,0.0,0.4,6.0,0.726,0.32400000000000007,0.4,0.1231722017619978,0.172758828072285,0.0495866263102872,1.8510056159362214,3.8,0.046842869926481304,0.07606713863005776,0.75,5,0.21722107354364734,0.336,0.12074767078498863,5,0.34223799999999993,0.06431617454031291,0.36500000000000005,0.10289557813628339,5,0.32053699999999996,0.09608280371637788,0.029000000000000026,-0.02170099999999997
4905,4,14,0,2,0,late,late_r2-4,8,5-8,3,5,3,5,8,-2,0,0,0,0,1,5,3,2,6,0.1323954820709895,0,0.25156530892792056,0.11916982685693106,0,2,-2,0.32291138484111936,0.5760187450449437,0.4796588217826564,0.6786836292365908,0.5760187450449437,0.6535003396408441,101,-1.65,-1.68,0.030000000000000027,-2.96,-2.8783168316831675,-3.775,2.125,0.8650000000000002,1.31,6,11,0.10891089108910891,1.2374143465346532,1.23252,0.920598,Hit,6,0.39603960396039606,0.3564356435643564,0.2376237623762376,0.030000000000000027,2,1,1.5664382218427462,0.935,0.005,-2.110299,1,Hit,-0.1499999999999999,-0.8213366336633663,101.0,21.0,4.0,0.19801980198019803,7.0,0.3333333333333333,0.8022458966548429,4.809523809523809,0.7227722772277227,0.5700359425152114,0.3284160058801543,1.8650000000000002,0.0,0.0,2.0,-1.6800000000000002,0.030000000000000027,0.0,0.6382595571190991,0.7423250952368974,0.10406553811779835,0.8576881954949703,10.4,0.7592618975858254,0.686294264313206,0.8,5,0.07416175812745208,0.03,0.0,5,0.4045059999999999,0.0,0.03,0.0,5,0.4045059999999999,0.0,0.0,0.0
3837,2,10,0,6,0,mid,mid_r5-8,5,5-8,3,2,3,2,5,1,0,0,0,0,1,4,1,4,5,0.27423541981654886,1,0.3601867671097877,0.08595134729323883,1,0,1,0.4264985463386241,0.4891059499706465,0.29152209995398976,0.3499917976181729,0.4891059499706465,0.40843771227552755,71,-0.455,-0.465,0.010000000000000009,-0.925,-0.907112676056338,-1.27,0.815,0.33000000000000007,0.47000000000000003,15,39,0.5492957746478874,1.6983232394366197,1.70111,1.9152,Hit,6,0.22535211267605634,0.4225352112676056,0.3380281690140845,0.05499999999999999,5,1,2.6071128948135045,0.59,0.15,-1.3303150000000001,0,Hit,1.22,-1.3825352112676057,71.0,15.0,4.0,0.22535211267605634,2.0,0.13333333333333333,0.8556490495748083,4.733333333333333,0.6901408450704225,0.5737036671893039,0.12972159179638262,0.7024999999999999,0.2,0.4,2.0,-0.563,0.10800000000000001,0.4,0.21505255314551616,0.23150779128939267,0.016455238143876495,1.606965869124402,7.2,0.2821428571428571,0.18252745130356215,0.85,5,0.2879763074250181,0.25799999999999995,0.30719700519373555,5,0.28778399999999993,0.28687751169706555,0.366,0.37739899310941466,5,0.3833059999999999,0.35460807720284654,0.10800000000000004,0.095522
2854,0,15,1,1,1,late,r1,9,9-12,5,4,5,4,9,1,0,0,0,0,1,5,4,5,9,0.180610390221603,1,0.226010052274232,0.04539966205262899,1,0,1,0.2974445832772891,0.4162909991607476,0.35172431335667176,0.5132974253915376,0.4162909991607476,0.7351878820959495,103,1.18,1.025,0.15500000000000003,1.0,0.7927184466019418,-0.845,2.025,0.05249999999999999,0.17999999999999994,79,83,0.8058252427184466,0.3453978640776699,0.0,1.23191,Hit,6,0.3106796116504854,0.3300970873786408,0.34951456310679613,0.17999999999999994,6,1,1.6498066980301846,0.2,0.575,1.0,0,Draw,0.0,0.0,103.0,21.0,4.0,0.8058252427184465,20.0,0.9523809523809523,0.3527369907383066,4.904761904761905,0.5048543689320388,0.05083976362510454,0.48976097748544534,0.2572289156626505,0.0,1.0,83.0,1.0,0.17999999999999994,0.0,0.23406913550052422,1.0,0.7659308644994758,0.041244293185568395,21.0,1.0,0.15511384617126706,1.0,5,0.0,2.005,0.0,5,2.42591,0.0,2.005,0.0,5,2.42591,0.0,0.0,0.0
1221,1,10,0,6,0,mid,mid_r5-8,10,9-12,5,5,5,5,10,0,0,0,0,0,1,6,4,5,9,0.06569629161193065,0,0.4160109626632448,0.35031467105131414,0,2,-2,0.30362568895928504,0.3854998755981042,0.34816625682311947,0.6232616353506759,0.3854998755981042,0.8168754245510551,113,-0.575,-0.64,0.06500000000000006,-1.565,-1.5368141592920355,-2.205,1.6300000000000001,0.3999999999999999,0.99,4,11,0.09734513274336283,1.8313450442477877,1.82143,1.97848,Hit,6,0.35398230088495575,0.3185840707964602,0.3185840707964602,0.54,1,1,2.667919812153199,0.625,0.145,-1.5642399999999999,1,Hit,1.3800000000000001,0.5035840707964602,113.0,23.0,4.0,0.23008849557522124,9.0,0.391304347826087,0.751361984402086,4.913043478260869,0.672566371681416,0.5582014534582067,0.19943996116031965,1.165,0.4,0.4,2.0,-0.766,0.191,0.4,0.33728578371352425,0.42873622896135527,0.09145044524783102,1.756900617120806,10.2,0.4415434408993944,0.3364406931086406,0.75,5,0.19185446715167714,0.502,0.09549869109050668,5,0.504605,0.12013435062462358,0.6319999999999999,0.24803225596683995,5,0.6017110000000001,0.21247830731629994,0.1299999999999999,0.09710600000000014
7301,6,14,0,2,0,late,late_r2-4,14,13-16,7,7,7,7,14,0,0,0,0,0,1,11,3,7,13,0.13027714993029557,1,0.18891087855388244,0.05863372862358687,2,0,2,0.3159071422534805,0.3802318222170781,0.4162723490841641,0.5520689840158066,0.3802318222170781,1.143625594371477,145,1.985,1.975,0.010000000000000009,1.785,1.4727241379310345,-0.27,2.255,0.855,0.20000000000000018,84,95,0.6551724137931034,0.736237303448276,0.493052,0.211601,Draw,6,0.38620689655172413,0.27586206896551724,0.3310344827586207,0.010000000000000009,6,0,0.3060883464681327,0.0,0.97,1.8847065,0,Draw,-0.014999999999999902,-0.41886206896551725,145.0,29.0,4.0,0.23448275862068962,12.0,0.4137931034482759,0.7454823268599269,5.0,0.6758620689655173,0.9018240183016545,0.15636282366322796,2.2350000000000003,0.2,0.2,17.0,1.9580000000000002,0.027000000000000045,0.6,0.6408982760215063,0.6561607490009277,0.01526247297942136,0.8662668042638529,6.8,0.6521306239769264,0.6505175734613005,0.9,5,0.04139575136624821,0.6770000000000002,0.6031749331661587,5,1.0376529,0.8224429035169707,0.367,0.6058836521973505,5,0.5303931,0.8138578010969882,-0.31000000000000016,-0.5072598000000001
5248,0,3,1,13,1,early,early_r9+,2,2-4,1,1,1,1,2,0,0,0,0,0,1,2,0,1,2,0.1366614770738264,0,0.793122089270625,0.6564606121967986,0,1,-1,0.661473869755262,0.661473869755262,0.2917685,0.15575000000000117,0.661473869755262,0.16337508491021102,49,1.33,1.27,0.06000000000000005,0.89,0.8927551020408163,0.53,0.8,0.16999999999999993,0.44000000000000006,9,30,0.6122448979591837,2.189506530612245,2.19681,2.02758,Draw,6,0.16326530612244897,0.5714285714285714,0.24489795918367346,0.15500000000000003,5,0,2.7476389025554906,0.245,0.445,0.3162100000000001,1,Draw,1.5950000000000002,1.2945918367346938,49.0,10.0,4.0,0.16326530612244897,1.0,0.1,0.9344292513409627,4.9,0.7551020408163265,0.26152596953605095,0.14155058767892267,0.3350000000000001,0.0,0.2,4.0,1.218,0.11200000000000006,0.6,0.1280756602970948,0.21307084363078274,0.08499518333368797,2.047857011029255,5.0,0.3236363636363636,0.11688678240401536,0.85,5,0.42517468822326887,0.261,0.18036074961032963,5,0.3291360000000001,0.2280634122179619,0.45600000000000007,0.24102385774026605,5,0.48271800000000004,0.24942902288526894,0.19500000000000006,0.15358199999999994
2545,3,15,1,1,1,late,r1,4,2-4,3,1,3,1,4,2,0,0,0,0,1,3,1,2,4,0.1379387298656893,1,0.4002212937376064,0.26228256387191706,2,0,2,0.36250933540531005,0.5070027825877275,0.21808787484115205,0.44044782537208693,0.5070027825877275,0.32675016982042204,61,2.98,2.965,0.015000000000000124,2.0,2.1115573770491802,1.23,1.75,0.0,0.98,8,9,0.14754098360655737,0.12449303934426229,0.0,0.14,Draw,6,0.13114754098360656,0.45901639344262296,0.39344262295081966,0.20000000000000018,2,0,0.14144054254182067,0.0,1.0,2.91,1,Draw,0.0,0.0,61.0,13.0,4.0,0.8032786885245902,12.0,0.9230769230769231,0.38388966872551344,4.6923076923076925,0.6229508196721312,0.025743654364196518,0.3775383891985254,0.13877551020408152,1.0,1.0,49.0,2.98,0.0,1.0,0.3324192764781088,0.7359800721939873,0.4035607957158785,0.033961236503585464,1.0,0.7359800721939873,0.3324192764781088,1.0,5,0.0,0.0,0.0,5,0.0,0.0,0.0,0.0,5,0.0,0.0,0.0,0.0
6335,1,11,1,5,1,mid,mid_r5-8,2,2-4,0,2,0,2,2,-2,0,0,0,0,0,2,0,0,2,0.6972553560611778,0,0.9527815931098792,0.25552623704870137,0,2,-2,0.3238659754296524,0.3238659754296524,0.09621449999999998,0.1302500000000002,0.3238659754296524,0.16337508491021102,53,1.125,0.965,0.16000000000000003,0.135,0.18339622641509434,-0.45,1.575,0.39,0.99,2,5,0.09433962264150944,1.6078462264150943,1.62073,1.49645,Hit,5,0.3018867924528302,0.5660377358490566,0.11320754716981132,0.7,1,1,2.1982918886624767,0.24,0.455,0.37677499999999997,1,Hit,0.31499999999999995,1.2635849056603774,53.0,11.0,4.0,0.1509433962264151,2.0,0.18181818181818182,0.934148555226181,4.818181818181818,0.8301886792452831,0.7685820546911007,0.13853893112181806,0.8635416666666667,0.2,1.0,6.0,0.835,0.29000000000000004,1.0,0.2112484224333607,0.23429024367348356,0.02304182124012281,1.5143066472391196,1.6,0.2781818181818182,0.21140981513675525,0.85,5,0.08961402767611736,0.15,0.17578395831246946,5,0.13993099999999997,0.14137860978592198,0.306,0.30672463220289303,5,0.27879899999999996,0.26044130462543763,0.156,0.138868
8275,4,5,1,11,1,early,early_r9+,5,5-8,3,2,3,2,5,1,0,0,0,0,1,2,3,3,5,0.26305334684052206,0,0.3305802272610996,0.06752688042057753,0,2,-2,0.3442200427691576,0.4833236269591305,0.2188477530471719,0.457892278161578,0.4833236269591305,0.40843771227552755,71,1.005,0.935,0.06999999999999984,0.555,0.5565492957746478,0.135,0.8699999999999999,0.2849999999999999,0.44999999999999984,14,41,0.5774647887323944,2.0161392957746473,2.0024,1.98871,Hit,6,0.22535211267605634,0.4225352112676056,0.3380281690140845,0.06999999999999984,4,1,2.6655316501023023,0.335,0.415,0.037675000000000014,0,Draw,-0.5750000000000002,1.568661971830986,71.0,15.0,4.0,0.2535211267605634,7.0,0.4666666666666667,0.7964126325213763,4.733333333333333,0.676056338028169,0.47262507098202466,0.15236224877460527,0.7699999999999999,0.2,0.2,1.0,0.89,0.11499999999999988,0.2,0.16873432071492073,0.15438514595807687,-0.01434917475684384,1.7113303111044071,9.6,0.2107142857142857,0.20369064514915397,0.8,5,0.28714466548114026,0.3589999999999999,0.20577293310831718,5,0.45369800000000005,0.2576524931860742,0.27699999999999986,0.22678734532596825,5,0.351628,0.2671141396856408,-0.08200000000000002,-0.10207000000000005
963,5,13,1,3,1,late,late_r2-4,8,5-8,6,2,6,2,8,4,0,0,0,0,1,3,5,3,8,0.31602984431853853,1,0.4593563715678729,0.14332652724933437,1,0,1,0.31260140526820807,0.4396715257687147,0.3776292004028255,0.6634237775311879,0.4396715257687147,0.6535003396408441,89,1.235,1.225,0.010000000000000009,0.81,0.7187640449438202,-0.315,1.55,0.39,0.42500000000000004,14,54,0.6067415730337079,1.6887747191011233,1.713,1.95953,Hit,6,0.1797752808988764,0.33707865168539325,0.47191011235955055,0.10000000000000009,5,1,2.513085534707235,0.345,0.495,0.508345,0,Hit,-0.4849999999999999,-0.07410112359550565,89.0,18.0,4.0,0.29213483146067415,7.0,0.3888888888888889,0.7496576497580033,4.944444444444445,0.6629213483146067,0.6069489455549089,0.19856236614400133,1.4649999999999999,0.0,0.2,5.0,0.991,0.24400000000000016,0.4,0.23242351198097194,0.29118423056954923,0.058760718588577274,1.566432823933497,9.2,0.22541801261458905,0.2676233479241629,0.9,5,0.09684215802325308,0.3750000000000001,0.0,5,0.685215,0.0,0.3750000000000001,0.0,5,0.685215,0.0,0.0,0.0
176,5,11,1,5,1,mid,mid_r5-8,8,5-8,4,4,4,4,8,0,0,0,0,0,1,4,4,4,7,0.1394823748722376,1,0.4793334847473105,0.33985110987507294,3,0,3,0.2941253367460884,0.4217919810843709,0.3710311923955207,0.6638490452231977,0.4217919810843709,0.6535003396408441,97,1.585,1.505,0.08000000000000007,0.985,0.9622680412371134,0.28,1.305,0.35499999999999987,0.6,8,34,0.35051546391752575,1.9084549484536084,1.89997,1.83379,PreGuard,6,0.32989690721649484,0.35051546391752575,0.30927835051546393,0.08000000000000007,5,0,2.5944065815140784,0.21,0.51,0.668105,1,PreGuard,-1.415,-1.5368556701030927,97.0,20.0,4.0,0.2268041237113402,9.0,0.45,0.7749501491185365,4.85,0.7010309278350515,0.6562908329238253,0.1719595114866305,1.1849999999999998,0.0,0.4,22.0,1.419,0.166,0.6,0.2435964560365838,0.24503324608314406,0.0014367900465602878,1.7868444001977166,6.6,0.2762559304039439,0.23067971740214208,0.9,5,0.13787303613365104,0.8039999999999999,0.40805024200458445,5,0.8988530000000001,0.3860892449065372,0.6759999999999999,0.4668029562888393,5,0.7257629999999999,0.4369825689115071,-0.128,-0.1730900000000002
2199,1,13,1,3,1,late,late_r2-4,11,9-12,6,5,6,5,11,1,0,0,0,0,1,8,3,3,10,0.2812336910133643,1,0.3679630632020013,0.08672937218863697,1,0,1,0.31848208270011386,0.48187092968254536,0.591284477019403,0.5503356989034999,0.48187092968254536,0.8985629670061606,119,0.25,0.21,0.04000000000000001,-0.93,-0.9113025210084035,-1.765,2.0149999999999997,0.375,1.1800000000000002,2,6,0.05042016806722689,1.6228573109243696,1.56652,1.54839,Hit,6,0.33613445378151263,0.3025210084033613,0.35294117647058826,0.645,1,1,2.118908129335429,0.385,0.155,-0.524195,1,Hit,-0.73,-1.0441596638655462,119.0,24.0,4.0,0.2773109243697479,8.0,0.3333333333333333,0.7498470552190996,4.958333333333333,0.7142857142857143,0.4944397443148928,0.1989618009570239,1.435,0.0,0.0,6.0,-0.19899999999999998,0.449,0.0,0.09766665972161655,0.23245326575256225,0.13478660603094572,1.4697941267688992,12.8,0.12297313532606986,0.05292454037912932,0.9,5,0.0861121775818548,1.611,0.17253260561412728,5,1.931165,0.2171035287311103,1.6740000000000002,0.17253260561412728,5,2.01044,0.2171035287311103,0.06300000000000017,0.07927499999999998
8298,3,11,1,5,1,mid,mid_r5-8,11,9-12,6,5,6,5,11,1,0,0,0,0,1,5,6,5,10,0.2229512457445338,1,0.2664152174407483,0.04346397169621452,1,0,1,0.3634157620260877,0.5154096515019706,0.41360929389012074,0.6333860761712428,0.5154096515019706,0.8985629670061606,119,1.185,1.15,0.03500000000000014,0.025,0.08941176470588234,-0.61,1.795,0.4275,1.1600000000000001,5,8,0.06722689075630252,1.8108553781512609,1.78459,2.06659,Hit,6,0.33613445378151263,0.3025210084033613,0.35294117647058826,0.45000000000000007,2,1,2.7279583876444096,0.3,0.43,0.15170499999999998,1,Hit,0.9800000000000001,-0.4751680672268907,119.0,24.0,4.0,0.25210084033613445,10.0,0.4166666666666667,0.7546887151323951,4.958333333333333,0.7394957983193278,0.6340174750022506,0.20843912066790643,1.685,0.0,0.0,2.0,0.8,0.385,0.0,0.2473378287501101,0.2215196374578349,-0.025818191292275257,1.5956722399987187,12.0,0.2034168906575478,0.24719826871890782,0.9,5,0.1219251592921022,0.43499999999999994,0.11180339887498948,5,0.4403309999999999,0.08370944080568209,0.385,0.0,5,0.402895,0.0,-0.04999999999999993,-0.037435999999999914
6729,2,14,0,2,0,late,late_r2-4,13,13-16,7,6,7,6,13,1,0,0,0,0,1,7,6,4,12,0.2785736106112692,0,0.4210685209333513,0.1424949103220821,0,1,-1,0.2970931888078205,0.40232781959856845,0.4493066634973121,0.6676819516212122,0.40232781959856845,1.0619380519163715,135,0.665,0.62,0.04500000000000004,-0.67,-0.7257407407407409,-1.73,2.395,0.3374999999999999,1.335,3,3,0.022222222222222223,0.9621481333333335,0.934866,1.04536,Draw,6,0.35555555555555557,0.2814814814814815,0.35555555555555557,0.78,1,0,1.3950645806596687,0.225,0.115,0.14232,1,Draw,0.17500000000000004,0.2846296296296296,135.0,27.0,4.0,0.2074074074074074,8.0,0.2962962962962963,0.8040695620239378,5.0,0.6888888888888889,0.8787415459904994,0.13213612253999996,2.3583333333333334,0.0,1.0,3.0,0.616,0.049000000000000044,1.0,0.45643191675011996,0.5749137339899905,0.11848181723987039,0.6789716323844058,1.0,0.4671023383201954,0.4474902980496348,0.9,5,0.07960316021884739,0.045,0.0,5,0.06213500000000001,0.0,0.049,0.00894427190999916,5,0.07436199999999998,0.02734040316088988,0.0040000000000000036,0.012226999999999974
8119,5,4,0,12,0,early,early_r9+,4,2-4,2,2,2,2,4,0,0,0,0,0,1,2,2,2,4,0.32544571817714857,0,0.4046024460677406,0.07915672789059203,0,2,-2,0.44973703178350927,0.5382196305602692,0.197723921183351,0.5528081781911344,0.5382196305602692,0.32675016982042204,65,-0.18,-0.285,0.10499999999999998,-0.655,-0.6516153846153846,-1.115,0.935,0.255,0.47500000000000003,8,37,0.5692307692307692,2.0222324615384615,2.02672,2.02178,Draw,6,0.24615384615384617,0.46153846153846156,0.27692307692307694,0.195,6,0,2.6219768543804784,0.565,0.165,-1.19089,1,Draw,1.23,1.1205384615384615,65.0,13.0,4.0,0.21538461538461542,3.0,0.23076923076923078,0.8735420857426124,5.0,0.7538461538461538,0.39238396249524243,0.14206898130403178,0.5466666666666666,0.2,0.4,3.0,-0.41899999999999993,0.23900000000000002,0.4,0.01530661402390932,0.01940821594605423,0.00410160192214491,1.925211682486235,5.4,-0.013186813186813182,0.04496632048053382,0.9,5,0.19548602525760778,0.26399999999999996,0.3067857558622955,5,0.2747750000000001,0.31730552662221323,0.262,0.1896905374550876,5,0.276175,0.19469828819226942,-0.0019999999999999463,0.0013999999999999013
8189,0,14,0,2,0,late,late_r2-4,3,2-4,2,1,2,1,3,1,0,0,0,0,1,3,0,1,1,0.2607868748614497,0,1.355400591559559,1.0946137166981094,0,1,-1,0.8679862974148865,0.972139666246019,0.6887411273878999,0.2752102509395731,0.972139666246019,0.2450626273653165,55,0.025,-0.055,0.08,-1.75,-1.4526363636363635,-1.86,1.885,0.7525,1.775,2,3,0.05454545454545454,0.6528961272727273,0.498773,1.36542,Hit,6,0.14545454545454545,0.509090909090909,0.32727272727272727,0.81,1,1,1.509626435877142,0.615,0.205,-0.65771,1,Hit,-2.93,-0.9454545454545454,55.0,11.0,4.0,0.21818181818181817,2.0,0.18181818181818182,0.9199715735432552,5.0,0.7818181818181819,0.7789929505880768,0.19563680975365944,1.4808333333333334,0.0,1.0,6.0,-0.294,0.31900000000000006,1.0,0.6737132605557212,0.8209334279592518,0.14722016740353058,0.6470140686132227,1.0,0.8589171389381465,0.6975608776537154,0.95,5,0.1362830807235323,0.8100000000000002,0.0,5,0.6971100000000001,0.0,0.518,0.39983746697877126,5,0.4295280000000001,0.36640174345586846,-0.29200000000000015,-0.26758200000000004
9791,0,8,0,8,0,mid,mid_r5-8,3,2-4,2,1,2,1,3,1,0,0,0,0,1,3,0,1,2,0.5089075229351626,1,0.7310487994682726,0.22214127653311,1,0,1,0.4488035267062852,0.797371366142583,0.803679303711513,0.16348802878362692,0.797371366142583,0.2450626273653165,55,-0.11,-0.24,0.13,-0.755,-0.7413636363636364,-1.2,1.0899999999999999,0.4574999999999999,0.645,3,21,0.38181818181818183,1.8501927272727274,1.8412,1.88359,PostGuard,6,0.14545454545454545,0.509090909090909,0.32727272727272727,0.13,5,0,2.534202115509512,0.555,0.195,-1.051795,1,PostGuard,-1.11,-1.6593636363636362,55.0,11.0,4.0,0.2545454545454545,2.0,0.18181818181818182,0.8793539588062839,5.0,0.7454545454545455,0.34595198738313254,0.2023930708819134,0.7916666666666665,0.0,0.0,14.0,-0.39099999999999996,0.281,1.0,0.3066555534467272,0.4332994720813511,0.12664391863462393,1.717679747880951,6.0,0.36,0.31343930498748623,0.95,5,0.2776326874347799,0.275,0.2555386467836127,5,0.21132199999999993,0.28494248045877607,0.301,0.10406728592598156,5,0.17252499999999993,0.07442562092451763,0.025999999999999968,-0.038797
5487,5,5,1,11,1,early,early_r9+,5,5-8,3,2,3,2,5,1,0,0,0,0,1,2,3,5,5,0.13143140970102976,0,0.16571963341740767,0.03428822371637791,0,1,-1,0.2966544424005811,0.37797186933108284,0.24690428244127316,0.33194420374514744,0.37797186933108284,0.40843771227552755,71,1.085,1.06,0.02499999999999991,0.525,0.5307746478873239,0.08,1.005,0.26750000000000007,0.5599999999999999,5,29,0.4084507042253521,2.0279259154929576,2.02692,2.11608,Draw,6,0.22535211267605634,0.4225352112676056,0.3380281690140845,0.02499999999999991,6,0,2.812362784162976,0.3,0.44,0.03208999999999995,0,Hit,1.2449999999999999,1.2867605633802817,71.0,15.0,4.0,0.2535211267605634,4.0,0.26666666666666666,0.8618571817757565,4.733333333333333,0.7464788732394366,0.5311636124858525,0.14047870483772204,0.6691666666666665,0.0,0.2,6.0,0.714,0.371,0.4,0.0629520311622483,0.07575470453094574,0.012802673368697438,1.8178290212077877,7.4,0.02071428571428572,0.052641988562488515,0.8,5,0.2965303376273236,0.501,0.24651064885720456,5,0.45076399999999994,0.22621290945699804,0.44399999999999995,0.19181371171008607,5,0.415776,0.16563229725056644,-0.05700000000000005,-0.034987999999999964
4950,0,15,1,1,1,late,r1,5,5-8,3,2,3,2,5,1,0,0,0,0,1,4,1,2,3,0.32351025582661475,0,0.471355112170219,0.14784485634360428,0,1,-1,0.6671148869124756,0.7932543992604949,0.608777579388926,0.593079348485511,0.7932543992604949,0.40843771227552755,71,0.83,0.645,0.18499999999999994,-1.0,-0.9356338028169014,-1.75,2.58,0.0,1.83,2,2,0.028169014084507043,0.2678627943661972,0.0,1.64046,Hit,6,0.22535211267605634,0.4225352112676056,0.3380281690140845,1.1199999999999999,1,1,1.8650211849113498,0.35,0.295,0.009769999999999945,1,Hit,0.0,0.0,71.0,15.0,4.0,0.8028169014084507,14.0,0.9333333333333333,0.3754915568215845,4.733333333333333,0.5633802816901409,0.006784160565196998,0.4307744605799716,0.08017543859649123,0.0,1.0,57.0,-0.6,1.43,1.0,0.30582908905890566,-0.9999999999999998,-1.3058290890589055,0.028696711453532857,15.0,0.9999999999999998,0.30162428948431025,1.0,5,0.0,1.43,0.0,5,1.1245500000000002,0.0,1.43,0.0,5,1.1245500000000002,0.0,0.0,0.0
9143,3,7,1,9,1,mid,early_r9+,6,5-8,3,3,3,3,6,0,0,0,0,0,1,5,1,4,5,0.21966432488415255,1,0.3682152775551281,0.14855095267097557,1,0,1,0.2912736684305707,0.390640979509803,0.2847179087581274,0.5378470313822205,0.390640979509803,0.490125254730633,81,1.135,1.09,0.04499999999999993,0.62,0.632962962962963,0.16,0.975,0.21499999999999997,0.515,8,39,0.48148148148148145,1.9467032098765433,1.95943,1.97908,Draw,6,0.2962962962962963,0.3950617283950617,0.2962962962962963,0.04499999999999993,5,0,2.722008619413706,0.28,0.455,0.14546000000000003,1,Draw,-0.24499999999999988,-0.020123456790123444,81.0,17.0,4.0,0.2962962962962963,6.0,0.35294117647058826,0.7531073246065421,4.764705882352941,0.7160493827160493,0.398103328661902,0.13470211737638393,0.6975,0.0,0.2,2.0,0.861,0.274,0.2,0.041351376817148254,0.1457199379067571,0.10436856108960883,1.799844020604628,6.8,0.12626983483169069,0.024061506897278026,0.85,5,0.15521634502870604,0.497,0.29284381502773804,5,0.5066189999999999,0.2924517818034283,0.37,0.21854633376014343,5,0.34987899999999994,0.2203373503970673,-0.127,-0.15674
4517,4,13,1,3,1,late,late_r2-4,11,9-12,5,6,5,6,11,-1,0,0,0,0,1,7,4,6,10,0.04022114374740002,1,0.33854057407028476,0.29831943032288477,1,0,1,0.3031081650971122,0.4271815395642582,0.378231283716816,0.5421853691731773,0.4271815395642582,0.8985629670061606,123,1.535,1.41,0.125,1.15,1.034878048780488,-0.765,2.3,0.19000000000000017,0.385,13,92,0.7479674796747967,0.8905034552845529,0.779166,1.29181,Hit,6,0.3902439024390244,0.3089430894308943,0.2926829268292683,0.125,6,1,1.5881061223602833,0.04,0.26,0.9989605,0,PostGuard,0.5349999999999999,0.09991869918699187,123.0,25.0,4.0,0.2601626016260163,8.0,0.32,0.7521985246165976,4.92,0.6910569105691057,0.766370938109666,0.13889532170769742,2.0325,0.0,0.4,2.0,1.325,0.2099999999999999,0.4,0.2420983526755664,0.08926247283366474,-0.15283587984190167,1.0035713429471504,8.4,0.12181205193356974,0.3039073134303586,0.8,5,0.06149728505776704,0.15199999999999997,0.14407463343697943,5,0.19539659999999998,0.1605078512754127,0.28299999999999986,0.109235983082499,5,0.2505658,0.20420116933174015,0.1309999999999999,0.05516920000000003
2994,5,10,0,6,0,mid,mid_r5-8,10,9-12,5,5,5,5,10,0,0,0,0,0,1,7,3,4,8,0.2269056840980413,0,0.3669229194817312,0.14001723538368993,0,3,-3,0.3723134684858969,0.5292430576982248,0.4839153013606927,0.6366401778870063,0.5292430576982248,0.8168754245510551,113,0.045,0.035,0.009999999999999995,-0.76,-0.7399557522123893,-1.33,1.375,0.36,0.805,8,17,0.1504424778761062,1.8890269911504427,1.8905,1.90341,Hit,6,0.35398230088495575,0.3185840707964602,0.3185840707964602,0.009999999999999995,3,1,2.5509232497495806,0.485,0.2,-0.823865,0,Draw,1.095,1.870884955752212,113.0,23.0,4.0,0.24778761061946902,10.0,0.43478260869565216,0.7721233292824431,4.913043478260869,0.672566371681416,0.6544894229150386,0.17658587771507644,1.2100000000000002,0.0,0.0,6.0,-0.139,0.184,0.4,0.2577014381366807,0.36957054815450674,0.11186911001782603,1.7319461692192,9.6,0.35761941589122065,0.22696720733827527,0.85,5,0.1482616433704907,0.49700000000000005,0.4142704430682932,5,0.63604,0.4282267267902601,0.709,0.40150342464292876,5,0.860263,0.40765064262490747,0.2119999999999999,0.22422299999999995
961,6,13,1,3,1,late,late_r2-4,13,13-16,6,7,6,7,13,-1,0,0,0,0,1,8,5,4,11,0.16346256707882695,0,0.18678067943178592,0.02331811235295897,0,4,-4,0.3150717826289745,0.4575614537194156,0.5216917942361444,0.6769732495392388,0.4575614537194156,1.0619380519163715,139,-1.735,-1.745,0.010000000000000009,-3.195,-2.9643884892086336,-3.51,1.7749999999999997,0.625,1.4599999999999997,7,19,0.1366906474820144,1.4047782014388488,1.37273,1.69846,Hit,6,0.4028776978417266,0.28776978417266186,0.302158273381295,0.03499999999999992,2,1,2.451874969045009,0.86,0.045,-2.48713,0,Draw,0.5849999999999997,0.6971223021582734,139.0,28.0,4.0,0.381294964028777,7.0,0.25,0.687805300764106,4.964285714285714,0.6690647482014388,0.8750181173784004,0.13717660617583124,1.5674528301886796,0.0,0.0,2.0,-2.006,0.27099999999999985,0.0,0.4192148688756251,0.3660298099957645,-0.05318505887986058,1.2629140790780506,24.6,0.38509400590347054,0.4564358642849444,0.85,5,0.11199570277018317,0.4159999999999998,0.21941399226120464,5,0.47176799999999985,0.2684163662484089,0.5599999999999998,0.1454303957224899,5,0.7010239999999998,0.14737367477775673,0.14400000000000002,0.2292559999999999
1566,1,3,1,13,1,early,early_r9+,3,2-4,1,2,1,2,3,-1,0,0,0,0,1,1,2,3,3,0.20012488444978305,0,0.286714031091958,0.08658914664217493,0,1,-1,0.33576071728991735,0.37196381377362725,0.1974709947100755,0.19212531211570066,0.37196381377362725,0.2450626273653165,59,0.975,0.91,0.06499999999999995,0.665,0.6552542372881356,0.26,0.715,0.20750000000000002,0.30999999999999994,19,52,0.8813559322033898,2.0570179661016947,2.04518,1.99609,Draw,6,0.2711864406779661,0.5084745762711864,0.2033898305084746,0.06499999999999995,6,0,2.69163460499961,0.325,0.385,-0.023044999999999982,1,Draw,1.25,1.3393220338983052,59.0,12.0,4.0,0.20338983050847456,4.0,0.3333333333333333,0.8715010455513118,4.916666666666667,0.7457627118644068,0.32914459834545323,0.12101825002709277,0.33291666666666664,0.0,0.4,6.0,0.8560000000000001,0.11899999999999995,0.6,0.07628073809429964,0.050548224933749164,-0.025732513160550474,1.9415241206980796,6.4,0.06013986013986013,0.09756491807747551,0.75,5,0.31014579427633854,0.1749999999999999,0.13481468762712762,5,0.232366,0.1543628208718019,0.2049999999999999,0.1730967937311376,5,0.22358499999999992,0.19369022887719453,0.03,-0.008781000000000067
1686,6,15,1,1,1,late,r1,2,2-4,1,1,1,1,2,0,0,0,0,0,0,0,2,1,1,0.2751286952461314,1,1.573680380382242,1.2985516851361105,1,0,1,1.503377843036088,1.503377843036088,0.7513536,0.022449999999999193,1.503377843036088,0.16337508491021102,49,1.0,1.0,0.0,0.2,0.15540816326530615,-1.0,2.0,1.34,0.8,15,17,0.3469387755102041,0.458341612244898,0.375633,0.0,Draw,6,0.16326530612244897,0.5714285714285714,0.24489795918367346,0.0,3,0,-0.0,0.0,0.0,1.0,1,Draw,0.0,0.0,49.0,10.0,4.0,0.8163265306122449,9.0,0.9,0.3823920054750749,4.9,0.7142857142857143,0.26418756987589803,0.6750279508101868,2.0,1.0,1.0,40.0,1.0,0.0,1.0,0.771734724997983,0.9185586535436918,0.1468239285457088,0.08,5.0,0.8845379626717029,0.7716746030981816,1.0,5,0.0,0.0,0.0,5,0.0,0.0,0.0,0.0,5,0.0,0.0,0.0,0.0
1201,0,6,0,10,0,mid,early_r9+,2,2-4,0,2,0,2,2,-2,0,0,0,0,1,2,0,1,2,0.4721983710076192,0,0.6233173866851461,0.15111901567752695,0,2,-2,0.6972533090278243,0.6972533090278243,0.26722525,0.22390000000000043,0.6972533090278243,0.16337508491021102,53,-0.385,-0.59,0.20499999999999996,-1.14,-1.110754716981132,-1.545,1.16,0.33999999999999997,0.7549999999999999,2,10,0.18867924528301888,2.0512392452830186,2.05255,1.91749,Draw,5,0.3018867924528302,0.5660377358490566,0.11320754716981132,0.31999999999999995,3,0,2.5535355411274985,0.55,0.15,-1.343745,1,Draw,1.44,0.4935849056603774,53.0,11.0,4.0,0.20754716981132076,3.0,0.2727272727272727,0.9093654852559407,4.818181818181818,0.8113207547169811,0.6330292608903794,0.14504873444001623,0.7075000000000001,0.0,0.4,4.0,-0.729,0.344,0.4,0.0815622447047638,0.1262191898170145,0.0446569451122507,2.0216748228332504,4.4,0.20000000000000004,0.11856097333912774,0.95,5,0.23148090277056954,0.45599999999999985,0.2678245694479877,5,0.507531,0.2967821181523577,0.4619999999999999,0.22788703341787578,5,0.501628,0.2381619602969794,0.006000000000000061,-0.005902999999999992
5494,4,5,1,11,1,early,early_r9+,5,5-8,2,3,2,3,5,-1,0,0,0,0,1,4,1,3,5,0.1605349949419175,1,0.21701687174964038,0.056481876807722875,1,0,1,0.36566529936678827,0.392349753245382,0.23085780333304742,0.30371138536446074,0.392349753245382,0.40843771227552755,75,1.21,1.0,0.20999999999999996,0.555,0.5644666666666667,0.21,1.0,0.22000000000000003,0.6549999999999999,2,14,0.18666666666666668,1.9894389333333333,1.98907,2.17391,Hit,6,0.32,0.4266666666666667,0.24,0.20999999999999996,3,1,2.8447421218169904,0.26,0.435,0.12304500000000007,1,Hit,0.20999999999999996,-0.19673333333333334,75.0,15.0,4.0,0.18666666666666668,5.0,0.3333333333333333,0.8757178993805821,5.0,0.6933333333333334,0.2520118749979105,0.15456671485803766,0.5,0.0,0.2,6.0,0.733,0.477,0.2,0.0604019088896179,0.14524527831244582,0.0848433694228279,1.8361475173767716,9.2,-0.006327670967775989,0.016860879807133078,0.75,5,0.2361287767232625,0.6119999999999999,0.35250177304518626,5,0.5464640000000001,0.31890016540055294,0.675,0.13833835332256927,5,0.6014229999999999,0.17507964189905117,0.06300000000000017,0.05495899999999987
2492,4,15,1,1,1,late,r1,5,5-8,2,3,2,3,5,-1,0,0,0,0,1,2,3,4,4,0.07692507439222894,0,0.27978261925287534,0.2028575448606464,0,1,-1,0.3024149362254617,0.5199441956746944,0.393948461861176,0.61340282686013,0.5199441956746944,0.40843771227552755,75,1.65,1.175,0.47499999999999987,-1.0,-0.8219333333333333,-2.11,3.76,0.03750000000000009,2.65,1,2,0.02666666666666667,0.3864280093333333,0.0,0.638357,Hit,6,0.32,0.4266666666666667,0.24,0.47499999999999987,2,1,1.0078725331880818,0.03,0.71,1.3308214999999999,1,Hit,0.0,0.0,75.0,15.0,4.0,0.8133333333333332,14.0,0.9333333333333333,0.3596600130525386,5.0,0.5333333333333333,0.01778189257604115,0.7002515096978973,0.21877049180327868,0.0,1.0,61.0,1.175,0.4749999999999998,1.0,0.08035108644150102,0.7319250547113998,0.6515739682698988,0.06642435584272237,1.0,-0.6273643326097713,0.08262380622339843,1.0,5,0.0,0.4749999999999998,0.0,5,0.7791964999999998,0.0,0.4749999999999998,0.0,5,0.7791964999999998,0.0,0.0,0.0
8959,1,11,1,5,1,mid,mid_r5-8,8,5-8,4,4,4,4,8,0,0,0,0,0,1,6,2,5,7,0.1293541483061138,1,0.257187509854194,0.12783336154808017,1,0,1,0.290518905699785,0.4947929856051303,0.7051171399342838,0.3310081107389968,0.4947929856051303,0.6535003396408441,97,1.26,1.21,0.050000000000000044,0.31,0.42139175257731964,-0.145,1.405,0.445,0.95,4,21,0.21649484536082475,1.8436662886597937,1.84662,1.75283,Freeze,6,0.32989690721649484,0.35051546391752575,0.30927835051546393,0.050000000000000044,3,0,2.502271315133667,0.255,0.455,0.38358499999999995,1,Freeze,0.485,-0.46067010309278345,97.0,20.0,4.0,0.21649484536082478,6.0,0.3,0.7948828842296127,4.85,0.6701030927835051,0.2682491116944381,0.26895956150628314,0.8299999999999998,0.0,0.0,21.0,0.679,0.5810000000000001,0.0,0.2581729532585729,0.02664809185110213,-0.2315248614074708,1.7465748764335036,12.8,-0.00992481203007518,0.25278213992546206,0.85,5,0.23197377375604783,1.053,0.10022474744293441,5,1.128791,0.11067638035055175,1.085,0.0685565460040104,5,1.1695550000000001,0.09218230470106506,0.03200000000000003,0.04076400000000002
1671,0,15,1,1,1,late,r1,10,9-12,4,6,4,6,10,-2,0,0,0,0,1,7,3,5,8,0.18854737751822412,0,0.4027541826424649,0.21420680512424076,0,2,-2,0.32340198209813165,0.47565175658987185,0.5385554945118619,0.5275006586725746,0.47565175658987185,0.8168754245510551,117,2.74,2.485,0.25500000000000034,-1.985,-1.1558547008547009,-2.0,4.74,1.6400000000000001,4.7250000000000005,1,2,0.017094017094017096,0.6336486393162394,0.121552,1.75568,Hit,6,0.41025641025641024,0.3247863247863248,0.2564102564102564,2.43,1,1,2.0631179685687893,0.085,0.88,1.8621600000000003,1,Hit,0.0,0.0,117.0,24.0,4.0,0.8034188034188035,23.0,0.9583333333333334,0.3499013977135025,4.875,0.6068376068376068,0.11888520892114925,1.2679056348793492,1.0506382978723408,0.0,1.0,94.0,-0.015,2.7550000000000003,1.0,0.7914532990292152,0.7223151185146153,-0.06913818051459997,0.08664051132586131,1.0,0.7223151185146153,0.7962019199410141,1.0,5,0.0,2.7550000000000003,0.0,5,2.7861100000000003,0.0,2.7550000000000003,0.0,5,2.7861100000000003,0.0,0.0,0.0
1385,7,11,1,5,1,mid,mid_r5-8,9,9-12,5,4,5,4,9,1,0,0,0,0,1,5,4,4,7,0.15705547846541268,1,0.39677587993727537,0.2397204014718627,2,0,2,0.31894264054215615,0.6507854938653578,0.8442040747867625,0.6013454786488033,0.6507854938653578,0.7351878820959495,103,1.18,1.16,0.020000000000000018,0.68,0.6867961165048543,0.075,1.105,0.29499999999999993,0.4999999999999999,16,53,0.5145631067961165,1.7500159223300973,1.74338,1.52892,Draw,6,0.3106796116504854,0.3300970873786408,0.34951456310679613,0.020000000000000018,6,0,2.280075684219501,0.205,0.475,0.4155399999999999,1,Draw,-0.8200000000000001,-1.0781553398058252,103.0,21.0,4.0,0.3106796116504854,8.0,0.38095238095238093,0.7369138696634067,4.904761904761905,0.6893203883495146,0.36257523342340653,0.18696343629043366,0.8433333333333334,0.0,0.6,24.0,0.985,0.19499999999999998,0.2,0.16052557327700806,0.12191293916781813,-0.03861263410918993,1.5059751411621272,10.6,0.044935064935064925,0.15327178743507436,1.0,5,0.14143376413398578,0.45999999999999985,0.27690250992000776,5,0.5880809999999999,0.25834260419547533,0.3719999999999999,0.14087228258248677,5,0.5535709999999999,0.16147541292716985,-0.08799999999999997,-0.03450999999999993
6872,1,14,0,2,0,late,late_r2-4,13,13-16,7,6,7,6,13,1,0,0,0,0,1,10,3,6,12,0.247354973469304,1,0.4019253031148946,0.15457032964559062,1,0,1,0.29018351505383105,0.38538904660142465,0.36261030221273677,0.5373196024229239,0.38538904660142465,1.0619380519163715,135,1.02,1.015,0.0050000000000001155,0.74,0.3803703703703703,-1.585,2.605,1.0,0.28,62,81,0.6,0.8568994962962965,0.872224,0.647765,Hit,6,0.35555555555555557,0.2814814814814815,0.35555555555555557,0.0050000000000001155,6,1,0.9033420090600253,0.055,0.14,1.0,0,PostGuard,0.020000000000000018,-0.344962962962963,135.0,27.0,4.0,0.26666666666666666,11.0,0.40740740740740733,0.7367943226045147,5.0,0.7111111111111111,0.9029530267126706,0.18854414306593667,2.2162499999999996,0.0,0.4,33.0,0.9650000000000001,0.05500000000000005,0.0,0.6988364176474626,0.7810180627004509,0.0821816450529883,0.667047888357959,10.8,0.7713539400673015,0.7123518465703624,0.65,5,0.0349894145799078,0.6300000000000001,0.5082691216275096,5,1.2245566,0.6201901896130735,0.905,0.44899888641287294,5,1.5684770000000001,0.4797875930633263,0.2749999999999999,0.3439204
8785,1,4,0,12,0,early,early_r9+,2,2-4,1,1,1,1,2,0,0,0,0,0,1,1,1,1,2,0.1571274230966708,0,0.7699684517589056,0.6128410286622348,0,1,-1,0.8577789198628097,0.8577789198628097,0.008759500000000003,0.4288000000000025,0.8577789198628097,0.16337508491021102,49,-0.32,-0.335,0.015000000000000013,-0.615,-0.6094897959183673,-0.88,0.56,0.18499999999999994,0.295,19,45,0.9183673469387755,1.9744842857142857,1.96794,1.79933,Freeze,6,0.16326530612244897,0.5714285714285714,0.24489795918367346,0.015000000000000013,5,0,2.497831453048018,0.58,0.16,-1.219665,1,Freeze,0.12,0.08244897959183674,49.0,10.0,4.0,0.20408163265306123,1.0,0.1,0.9276124801637853,4.9,0.7959183673469388,0.49628629722325635,0.09471385400270844,0.373,0.0,0.2,5.0,-0.5029999999999999,0.183,0.2,0.08423973826161808,-0.09449010641687079,-0.17872984467848888,1.9362057124452718,5.6,-0.14666666666666664,0.07952581839888032,0.95,5,0.07873207681418119,0.33599999999999997,0.1270039369468521,5,0.391574,0.13413467031308493,0.31099999999999994,0.20197153264754908,5,0.373294,0.22122830694217235,-0.025000000000000022,-0.018279999999999963
1835,0,15,1,1,1,late,r1,4,2-4,1,3,1,3,4,-2,0,0,0,0,1,3,1,1,2,0.4603072314233622,0,0.6975201703893577,0.23721293896599543,0,1,-1,1.149499828036803,1.2733031394263306,0.7852166785132672,0.7767407369901486,1.2733031394263306,0.32675016982042204,69,1.235,1.215,0.020000000000000018,-1.0,-0.7899275362318839,-1.45,2.685,0.06000000000000005,2.2350000000000003,3,4,0.057971014492753624,0.3283091115942029,0.0,1.19573,Hit,6,0.34782608695652173,0.463768115942029,0.17391304347826086,1.0450000000000002,1,1,1.5283534284789368,0.135,0.57,0.884263,0,Hit,0.0,0.0,69.0,14.0,4.0,0.8115942028985508,13.0,0.9285714285714286,0.3664772253771886,4.928571428571429,0.5652173913043478,0.4295731015910471,0.4557498918999726,2.3449999999999998,1.0,1.0,56.0,1.235,0.0,1.0,0.4504963327445739,0.40822312955721285,-0.04227320318736105,0.03976647262275484,6.0,-0.10990622718848038,0.3268056417061043,1.0,5,0.0,0.0,0.0,5,0.24712799999999993,0.0,0.0,0.0,5,0.24712799999999993,0.0,0.0,0.0
6216,7,8,0,8,0,mid,mid_r5-8,3,2-4,2,1,2,1,3,1,0,0,0,0,0,2,1,1,1,0.14859698696824317,1,1.2256058848177913,1.0770088978495482,2,0,2,1.2830203261866282,1.4575075224099592,1.1605497832067964,0.3476020937157254,1.4575075224099592,0.2450626273653165,55,0.075,-0.04,0.11499999999999999,-0.555,-0.5126363636363637,-0.85,0.9249999999999999,0.2025,0.63,6,12,0.21818181818181817,1.7844223636363639,1.75413,1.99984,PostGuard,6,0.14545454545454545,0.509090909090909,0.32727272727272727,0.11499999999999999,4,0,2.5287325097290196,0.565,0.23,-0.9249200000000001,1,PostGuard,-2.355,-3.0407272727272723,55.0,11.0,4.0,0.2909090909090909,3.0,0.2727272727272727,0.8500395499285572,5.0,0.7636363636363637,0.2623213753525282,0.15756382842534034,0.37199999999999994,0.0,0.4,16.0,-0.259,0.334,0.8,0.12296787368021497,0.24036902711965924,0.11740115343944431,1.6381823981252885,6.0,0.24363636363636365,0.14107670357036434,0.8,5,0.2056289745361476,0.28099999999999997,0.2024660465362032,5,0.23320999999999997,0.17018702972759123,0.44799999999999995,0.24063977227382843,5,0.37777599999999995,0.1618108678133209,0.16699999999999998,0.14456599999999997
8471,6,5,1,11,1,early,early_r9+,5,5-8,2,3,2,3,5,-1,0,0,0,0,1,3,2,3,5,0.37875472272171123,0,0.45972204174261544,0.0809673190209042,0,1,-1,0.4444981132063479,0.6077140697719846,0.31235999724074787,0.5226616129007364,0.6077140697719846,0.40843771227552755,75,1.06,1.04,0.020000000000000018,0.64,0.6450666666666668,0.29,0.77,0.25249999999999995,0.42000000000000004,13,52,0.6933333333333334,2.0262111999999997,2.0195,2.10628,PreGuard,6,0.32,0.4266666666666667,0.24,0.09000000000000008,6,0,2.788642265426805,0.3,0.425,0.03025000000000011,0,PreGuard,2.06,1.4365333333333332,75.0,15.0,4.0,0.28,5.0,0.3333333333333333,0.782667632166528,5.0,0.7066666666666667,0.2269208329755777,0.1437609576090295,0.36,0.0,0.0,18.0,0.7899999999999999,0.27000000000000013,0.0,-0.008054414002511858,0.049876800437017386,0.057931214439529234,1.8812494185246966,9.2,-0.035714285714285726,-0.020685752546966075,0.85,5,0.3271147024243044,0.364,0.1334353776177817,5,0.40633600000000014,0.16154574276346628,0.382,0.058906705900092574,5,0.38378000000000007,0.1018884603991051,0.018000000000000016,-0.022556000000000076
256,3,12,0,4,0,late,late_r2-4,6,5-8,4,2,4,2,6,2,0,0,0,0,1,3,3,3,6,0.25418872628226613,0,0.33358064188588654,0.07939191560362041,0,2,-2,0.29985606574488316,0.5213935487844957,0.3751696523952882,0.4532932641605569,0.5213935487844957,0.490125254730633,77,0.495,0.35,0.14500000000000002,-0.92,-0.8382467532467532,-1.505,2.0,0.30500000000000005,1.415,2,3,0.03896103896103896,1.682315974025974,1.67504,1.85741,Hit,6,0.2077922077922078,0.38961038961038963,0.38961038961038963,0.45,2,1,2.5022433839759426,0.445,0.31,-0.433705,1,Hit,-1.88,0.7377272727272728,77.0,16.0,4.0,0.2857142857142857,7.0,0.4375,0.7176123490411035,4.8125,0.7012987012987013,0.6571726790589723,0.18462776159679747,1.7599999999999998,0.0,0.0,2.0,-0.4029999999999999,0.898,0.0,0.29186635965967567,0.2737938981695415,-0.018072461490134167,1.455910612781879,13.4,0.23913393335955252,0.333152732483134,0.9,5,0.19200992374526965,0.819,0.3368493728656771,5,0.814222,0.4298636175812045,1.014,0.11403946685248922,5,1.054727,0.1641788191119671,0.19500000000000006,0.24050499999999997
5778,2,9,1,7,1,mid,mid_r5-8,8,5-8,4,4,4,4,8,0,0,0,0,0,1,4,4,3,8,0.09724930805147183,1,0.29744157080173106,0.20019226275025923,1,0,1,0.38035578643960744,0.5015484339339831,0.4449653596997692,0.5530744728334517,0.5015484339339831,0.6535003396408441,97,0.915,0.635,0.28,0.21,0.19649484536082476,-0.355,1.27,0.36,0.7050000000000001,1,20,0.20618556701030927,1.954989587628866,1.96565,1.80493,PostGuard,6,0.32989690721649484,0.35051546391752575,0.30927835051546393,0.28,4,0,2.524477410514375,0.3,0.38,0.012535000000000074,1,PostGuard,-0.08499999999999996,-0.12711340206185567,97.0,20.0,4.0,0.4020618556701031,7.0,0.35,0.6852298500966506,4.85,0.6701030927835051,0.526049090511164,0.16911833026622056,0.6516666666666666,0.4,0.6,39.0,0.7380000000000001,0.17700000000000002,0.4,0.18944279766472,0.19316484645399948,0.003722048789279475,1.757706790683996,9.0,0.1705583311308184,0.18979181271647833,0.85,5,0.10783215113799968,0.524,0.20057417580536138,5,0.586317,0.22135031840388214,0.493,0.338740313514645,5,0.5326200000000001,0.3621676670238524,-0.031000000000000028,-0.053696999999999884
6320,4,15,1,1,1,late,r1,9,9-12,5,4,5,4,9,1,0,0,0,0,1,7,2,2,9,0.323054990862237,0,0.4444322952981681,0.12137730443593109,0,3,-3,0.31474235145750096,0.4422829296129319,0.5172001625133027,0.4085788350422039,0.4422829296129319,0.7351878820959495,103,-0.055,-0.175,0.12,-2.995,-2.470242718446602,-3.0,2.945,0.75,2.94,6,7,0.06796116504854369,0.4470799009708738,0.0705337,1.73262,Hit,6,0.3106796116504854,0.3300970873786408,0.34951456310679613,1.8900000000000001,1,1,1.623168208837928,0.72,0.225,-0.9213100000000001,1,Hit,0.0,0.0,103.0,21.0,4.0,0.8058252427184465,20.0,0.9523809523809523,0.3527369907383066,4.904761904761905,0.5048543689320388,0.09751989871178202,0.8812611996881362,0.657409638554217,0.0,1.0,83.0,-0.5,0.445,1.0,0.7451766770146415,1.0,0.2548233229853585,0.04913967436687058,1.0,1.0,0.7547190116178252,1.0,5,0.0,0.445,0.0,5,0.504705,0.0,0.445,0.0,5,0.504705,0.0,0.0,0.0
1638,4,11,1,5,1,mid,mid_r5-8,9,9-12,5,4,5,4,9,1,0,0,0,0,1,6,3,4,8,0.31428325201957624,1,0.396632868360267,0.08234961634069077,1,0,1,0.2909684812638643,0.5631278037204378,0.6221237911892652,0.5757630848504823,0.5631278037204378,0.7351878820959495,103,0.715,0.715,0.0,0.205,0.19776699029126216,-0.375,1.0899999999999999,0.25,0.51,14,48,0.46601941747572817,1.7707223300970873,1.77471,1.83133,Draw,6,0.3106796116504854,0.3300970873786408,0.34951456310679613,0.0,5,0,2.407069546901561,0.395,0.305,-0.20066499999999998,1,Draw,0.7849999999999999,-0.4405339805825242,103.0,21.0,4.0,0.2524271844660194,6.0,0.2857142857142857,0.8083832074048882,4.904761904761905,0.7281553398058253,0.5062719371639124,0.14938467490413054,0.89625,0.0,0.4,4.0,0.58,0.13499999999999993,0.6,0.1762211980676544,0.22254627110817596,0.046325073040521546,1.6359894323162887,7.2,0.19558441558441558,0.1795187400510771,0.75,5,0.1997268754220627,0.24999999999999992,0.13932874793092773,5,0.26958499999999996,0.16811928666872225,0.20999999999999996,0.22792542640082966,5,0.18525499999999995,0.22684109980887507,-0.03999999999999995,-0.08433000000000002
2310,6,15,1,1,1,late,r1,13,13-16,7,6,6,6,12,0,1,0,1,1,1,5,7,4,9,0.036155815046685025,0,0.3789272776887954,0.3427714626421104,0,1,-1,0.3492546962948372,0.5240233706294207,0.5999006393366909,0.9206985532285582,0.5166515703444704,0.980250509461266,135,2.215,2.15,0.06499999999999995,-1.0,-0.7272592592592593,-1.38,3.5949999999999998,0.23249999999999993,3.215,2,2,0.014814814814814815,0.4741769985185185,0.0,2.13044,Hit,7,0.35555555555555557,0.32592592592592595,0.3111111111111111,2.1149999999999998,1,1,2.5051578826070795,0.25,0.7,1.1497799999999998,1,Hit,0.0,0.0,135.0,27.0,4.0,0.8074074074074075,26.0,0.962962962962963,0.33904765103143236,5.0,0.5481481481481482,0.0550270993423098,0.6420679414812658,0.5446330275229359,0.0,1.0,109.0,-0.39,2.605,1.0,0.4949563369641351,0.6240199689585152,0.1290636319943801,0.03704482955054393,1.0,-0.0018462129259127669,0.3688036343505877,0.75,5,0.0,2.605,0.0,5,2.30918,0.0,2.605,0.0,5,2.30918,0.0,0.0,0.0
7921,5,4,0,12,0,early,early_r9+,2,2-4,1,1,1,1,2,0,0,0,0,0,1,1,1,2,2,0.16870756749179805,1,0.18606838451493918,0.01736081702314113,1,0,1,0.3499721354065174,0.3499721354065174,0.1302095,0.11689999999999756,0.3499721354065174,0.16337508491021102,49,-0.205,-0.295,0.09,-0.635,-0.6206122448979591,-1.07,0.8650000000000001,0.24,0.43000000000000005,7,35,0.7142857142857143,2.0004355102040816,1.99574,2.02558,PostGuard,6,0.16326530612244897,0.5714285714285714,0.24489795918367346,0.09,5,0,2.741421828083245,0.53,0.195,-1.2177900000000002,1,PostGuard,-1.205,-1.4438775510204083,49.0,10.0,4.0,0.20408163265306123,2.0,0.2,0.9293367980253521,4.9,0.7551020408163265,0.14936021057385648,0.14751157488988925,0.30500000000000005,0.0,0.4,8.0,-0.5360000000000001,0.33100000000000007,0.4,-0.044922024517318485,0.07468783400521892,0.1196098585225374,1.8540721728497087,6.8,0.13696969696969696,0.0006855103135528159,0.75,5,0.2757020549047263,0.457,0.0816700679563817,5,0.4482689999999999,0.08380759209343754,0.453,0.12132600710482483,5,0.39501099999999983,0.10266722952091396,-0.0040000000000000036,-0.05325800000000008
1361,1,12,0,4,0,late,late_r2-4,4,2-4,2,2,1,2,3,-1,0,0,0,0,1,2,1,2,3,0.3924822164837553,1,0.5582891002669124,0.16580688378315706,1,0,1,0.908071959826971,1.1418612602638067,0.8628054002708302,0.6284748140339431,0.9091434913024851,0.2450626273653165,59,0.19,0.06,0.13,-0.735,-0.6647457627118644,-1.565,1.755,0.42749999999999994,0.925,4,9,0.15254237288135594,1.7328633898305084,1.75641,1.55367,Draw,6,0.2711864406779661,0.5084745762711864,0.2033898305084746,0.18,3,0,2.1655102786737706,0.41,0.21,-0.586835,1,Draw,-1.185,-1.4722881355932202,59.0,12.0,4.0,0.3389830508474576,3.0,0.25,0.8197092906902513,4.916666666666667,0.7627118644067796,0.6771074885690088,0.17589589909538242,1.515,0.4,0.8,5.0,-0.057999999999999996,0.248,0.8,0.335264909466524,0.4414100304806693,0.1061451210141453,1.54285988860367,3.8,0.504895104895105,0.38244938906163517,0.9,5,0.19867670827562564,0.601,0.12074767078498866,5,0.634355,0.15936456475640998,0.953,0.4080533053413487,5,0.96868,0.39050516389031276,0.352,0.334325
5041,1,8,0,8,0,mid,mid_r5-8,3,2-4,2,1,2,1,3,1,0,0,0,0,1,2,1,3,3,0.31503686745522247,0,0.4411704710048093,0.1261336035495868,0,1,-1,0.3295695652699948,0.466435569920818,0.058521054140419124,0.43660733184661815,0.466435569920818,0.2450626273653165,55,0.14,0.08,0.06000000000000001,-0.395,-0.39872727272727265,-0.835,0.975,0.20999999999999996,0.535,2,24,0.43636363636363634,1.8190274545454548,1.81813,1.91583,Freeze,6,0.14545454545454545,0.509090909090909,0.32727272727272727,0.06000000000000001,5,0,2.5914093973726366,0.47,0.27,-0.817915,1,Freeze,1.03,0.184,55.0,11.0,4.0,0.2363636363636364,4.0,0.36363636363636365,0.8505336647519763,5.0,0.7636363636363637,0.269595896854329,0.15128940272973165,0.37,0.0,0.2,13.0,-0.24900000000000003,0.38899999999999996,0.4,0.14379433808477765,0.18581527982994267,0.04202094174516504,1.675101659618327,6.6,0.1545454545454546,0.17000722042146182,0.85,5,0.33765882261958813,0.5690000000000001,0.07056911505750943,5,0.5025190000000002,0.07164212957471323,0.627,0.2012647510121929,5,0.530405,0.20560609131905597,0.05799999999999994,0.027885999999999855
5033,7,5,1,11,1,early,early_r9+,5,5-8,3,2,3,2,5,1,0,0,0,0,1,3,2,4,5,0.3128975171585742,0,0.37951899679594175,0.06662147963736753,0,1,-1,0.39792797994737533,0.44904944708822203,0.29186442586009276,0.38997352422953047,0.44904944708822203,0.40843771227552755,71,1.165,1.115,0.050000000000000044,0.535,0.5517605633802819,0.195,0.97,0.3,0.63,4,21,0.29577464788732394,2.0782836619718306,2.09762,2.08992,Hit,6,0.22535211267605634,0.4225352112676056,0.3380281690140845,0.3500000000000001,4,1,2.800673287229685,0.28,0.43,0.12003999999999992,1,Hit,0.135,1.2592957746478874,71.0,15.0,4.0,0.2535211267605634,5.0,0.3333333333333333,0.8517748456336525,4.733333333333333,0.7887323943661971,0.6496142796997544,0.12404580569733462,0.97,0.6,0.6,1.0,1.107,0.05800000000000001,0.6,0.18326593622989415,0.19235029467918077,0.009084358449286617,1.9496713685410842,4.8,0.14076090428161528,0.16266370675654312,0.8,5,0.2914163780144958,0.152,0.1391312330140145,5,0.16590999999999992,0.15190223994398497,0.10300000000000001,0.141315250415516,5,0.11250999999999996,0.15439098257346504,-0.04899999999999999,-0.05339999999999996
5022,1,15,1,1,1,late,r1,6,5-8,1,5,1,5,6,-4,0,0,0,0,1,3,3,3,4,0.06007215247425534,1,0.3774814073567101,0.31740925488245475,1,0,1,0.4187650587907203,0.5594387237112327,0.5992855380155061,0.5299266007875272,0.5594387237112327,0.490125254730633,89,1.25,1.155,0.09499999999999997,1.0,-0.09089887640449439,-4.425,5.675,2.02,0.25,49,56,0.6292134831460674,0.5832577752808988,0.223383,0.466369,Draw,6,0.449438202247191,0.4044943820224719,0.1348314606741573,0.14500000000000002,6,0,0.8699826896033129,0.005,0.26,1.0168155,1,Draw,0.0,0.0,89.0,18.0,4.0,0.8089887640449438,17.0,0.9444444444444444,0.3559616610097724,4.944444444444445,0.550561797752809,0.26395110994291576,1.626336843270107,5.3,1.0,1.0,72.0,1.25,0.0,0.0,0.7976263648717908,0.9051392757105037,0.10751291083871273,0.08320463312783069,11.0,0.9051392757105037,0.7758541030544963,1.0,5,0.0,0.0,0.0,5,0.0,0.0,0.0,0.0,5,0.0,0.0,0.0,0.0
9907,7,9,1,7,1,mid,mid_r5-8,5,5-8,3,2,2,2,4,0,0,0,0,0,0,2,2,1,4,0.5606831675732762,0,0.6893569279328358,0.12867376035955957,0,2,-2,0.9772656843847527,1.0574882587870897,1.1054028760871577,0.3669016838336935,0.9914615015110837,0.32675016982042204,65,1.01,0.98,0.030000000000000027,0.315,0.3395384615384616,-0.095,1.105,0.22000000000000003,0.6950000000000001,3,13,0.2,1.8641906153846155,1.84953,1.98492,Hit,6,0.24615384615384617,0.46153846153846156,0.27692307692307694,0.43500000000000005,3,1,2.6386407820490705,0.32,0.375,0.01754,1,Hit,1.63,1.6116153846153847,65.0,13.0,4.0,0.15384615384615385,3.0,0.23076923076923078,0.9160951015069541,5.0,0.6923076923076923,0.7003582145812502,0.11423853025200363,0.7433333333333333,0.2,0.6,6.0,0.671,0.3390000000000001,0.6,0.20531899418088714,0.31648902770125775,0.11117003352037055,1.7925727889967518,4.4,0.2990266444405088,0.1872728344960844,0.85,5,0.24153589137394368,0.449,0.30227057415501096,5,0.35292599999999996,0.27589539384067285,0.544,0.11923715863773338,5,0.45263600000000004,0.1146567282914527,0.09500000000000003,0.09971000000000008
8627,2,12,0,4,0,late,late_r2-4,9,9-12,5,4,5,4,9,1,0,0,0,0,1,4,5,6,8,0.2402010970520334,1,0.3532528538044662,0.11305175675243279,1,0,1,0.2988054316256617,0.4314054250426766,0.44750404029043134,0.5582364413440277,0.4314054250426766,0.7351878820959495,103,0.415,0.325,0.08999999999999997,-0.32,-0.30597087378640775,-1.33,1.745,0.48,0.735,6,31,0.30097087378640774,1.5428021359223298,1.51786,1.28949,PostGuard,6,0.3106796116504854,0.3300970873786408,0.34951456310679613,0.27,4,0,1.7935809999307726,0.33,0.14,-0.22974500000000003,1,PostGuard,-0.585,-1.1949999999999998,103.0,21.0,4.0,0.11650485436893203,4.0,0.19047619047619047,0.9172536169643545,4.904761904761905,0.6893203883495146,0.6728277393427484,0.18026018478562011,1.373,0.2,1.0,10.0,0.10699999999999998,0.30799999999999994,1.0,0.29118018083292496,0.35476172943399276,0.06358154860106782,1.4687599313526325,3.0,0.3363636363636363,0.28768695508960274,0.65,5,0.19708152748285368,0.48999999999999994,0.2567829823021768,5,0.648253,0.34569388905865833,0.4699999999999999,0.33168132295925257,5,0.6555829999999999,0.46035527603145804,-0.020000000000000018,0.007329999999999948
1641,6,10,0,6,0,mid,mid_r5-8,10,9-12,5,5,5,5,10,0,0,0,0,0,1,6,4,7,10,0.13017676734444752,1,0.3919496257633116,0.2617728584188641,1,0,1,0.3210687325318467,0.37551707809111684,0.32215625001023107,0.45931242754795915,0.37551707809111684,0.8168754245510551,113,0.31,0.19,0.12,-0.395,-0.3968584070796461,-1.065,1.375,0.33000000000000007,0.7050000000000001,4,25,0.22123893805309736,1.8015409734513275,1.804,1.8259,Hit,6,0.35398230088495575,0.3185840707964602,0.3185840707964602,0.175,6,1,2.4936468727732204,0.435,0.29,-0.6029500000000001,1,Hit,-0.6699999999999999,-1.2016814159292035,113.0,23.0,4.0,0.25663716814159293,6.0,0.2608695652173913,0.7866229940142047,4.913043478260869,0.7079646017699115,0.4041555886331114,0.19195346096776636,1.255,0.0,0.8,29.0,-0.06100000000000001,0.371,0.2,0.24128548736716482,0.31746103069588394,0.07617554332871909,1.683973848372256,13.8,0.2686927633261983,0.2173327910392464,0.75,5,0.08858516637541779,0.44699999999999995,0.1932808836900328,5,0.5034479999999999,0.24719129251452204,0.476,0.3204372013359248,5,0.4806329999999999,0.303738999154702,0.029000000000000026,-0.022814999999999974
7249,2,15,1,1,1,late,r1,13,13-16,6,7,6,7,13,-1,0,0,0,0,1,8,5,5,9,0.14375591719647743,1,0.38057707987870204,0.2368211626822246,1,0,1,0.31493745732288053,0.42111910147827936,0.4508733721024531,0.7106765932804355,0.42111910147827936,1.0619380519163715,139,1.0,1.0,0.0,1.0,0.5485251798561152,-1.06,2.06,0.9,0.0,94,97,0.697841726618705,0.40405140287769786,0.0,0.0,Draw,6,0.4028776978417266,0.28776978417266186,0.302158273381295,0.0,6,0,-0.0,0.0,0.0,1.0,1,Draw,0.0,0.0,139.0,28.0,4.0,0.8057553956834532,27.0,0.9642857142857142,0.3398704985243654,4.964285714285714,0.5971223021582733,0.10436749368659652,0.723414300769646,0.5603125,1.0,1.0,112.0,1.0,0.0,0.0,0.7086659014033405,0.9999999999999998,0.29133409859665926,0.03744334016093289,28.0,0.9999999999999998,0.715745690911517,1.0,5,0.0,0.0,0.0,5,0.0,0.0,0.0,0.0,5,0.0,0.0,0.0,0.0
4837,7,2,0,14,0,early,early_r9+,2,2-4,1,1,1,1,2,0,0,0,0,0,1,1,1,2,2,0.19808246291885473,0,0.21194578639123726,0.013863323472382533,0,1,-1,0.40787281115685925,0.40787281115685925,0.1631205,0.12239999999999895,0.40787281115685925,0.16337508491021102,49,-0.18,-0.195,0.015000000000000013,-0.6,-0.6038775510204082,-0.965,0.7849999999999999,0.28,0.42,7,32,0.6530612244897959,2.0355548979591838,2.037,2.14886,PostGuard,6,0.16326530612244897,0.5714285714285714,0.24489795918367346,0.015000000000000013,5,0,2.758056887468096,0.55,0.2,-1.21198,0,Draw,0.8200000000000001,-0.19010204081632653,49.0,10.0,4.0,0.16326530612244897,1.0,0.1,0.9515125134614388,4.9,0.7551020408163265,0.21302417152149,0.15256105740367576,0.3012499999999999,0.0,0.4,8.0,-0.43600000000000005,0.256,0.6,-0.0019110590778614821,-0.03050966331640964,-0.028598604238548164,1.8613378134382628,5.4,-0.023030303030303047,0.00024366164590248763,0.95,5,0.49221683408621686,0.356,0.15626099961282724,5,0.3551779999999999,0.13344270842762446,0.437,0.18437733049374586,5,0.419795,0.14467418342606958,0.08100000000000002,0.06461700000000009
1039,2,15,1,1,1,late,r1,2,2-4,1,1,0,1,1,-1,0,0,0,0,1,1,0,1,1,0.38757888722870515,0,,,0,1,-1,2.0754094269000127,2.0754094269000127,1.0374306,0.023849999999999483,,0.08168754245510551,43,0.955,0.945,0.010000000000000009,-1.0,-0.7043023255813954,-1.0,1.955,0.30499999999999994,1.955,2,2,0.046511627906976744,0.2026878372093023,0.0,0.207304,Hit,5,0.18604651162790697,0.6511627906976745,0.13953488372093023,0.835,1,1,0.2647650339356807,0.0,0.0,0.851348,1,Hit,0.0,0.0,43.0,9.0,4.0,0.813953488372093,8.0,0.888888888888889,0.3947307742746859,4.777777777777778,0.7906976744186046,0.5307714690643245,0.40817728241237405,1.955,1.0,1.0,1.0,0.9549999999999998,0.0,1.0,0.7771699797893011,0.9097176522946843,0.13254767250538302,0.06220926330877914,1.0,0.7960029457578487,0.7771699797893011,1.0,5,0.0,0.9549999999999998,0.0,5,1.351348,0.0,0.9549999999999998,0.0,5,1.351348,0.0,0.0,0.0
7846,3,10,0,6,0,mid,mid_r5-8,4,2-4,2,2,2,2,4,0,0,0,0,0,1,3,1,2,4,0.24307686738149095,0,0.5722577134962878,0.3291808461147969,0,1,-1,0.5325147258722157,0.6933506176168547,0.5453535493881628,0.3156580537147739,0.6933506176168547,0.32675016982042204,65,-0.12,-0.21,0.09,-1.165,-1.0828461538461542,-1.68,1.56,0.3749999999999999,1.045,4,7,0.1076923076923077,1.7439824615384616,1.75014,1.73943,Hit,6,0.24615384615384617,0.46153846153846156,0.27692307692307694,0.44499999999999995,2,1,2.2762798441600625,0.605,0.17,-0.989715,1,Hit,-0.895,-0.18838461538461534,65.0,13.0,4.0,0.15384615384615385,4.0,0.3076923076923077,0.9056753941724656,5.0,0.6923076923076923,0.7657430897096221,0.16198254205703114,1.44,0.0,0.8,5.0,-0.269,0.14899999999999997,0.6,0.4200832893634415,0.5120264231200367,0.09194313375659521,1.6337091382507687,3.2,0.5351648351648352,0.4136912380987942,0.85,5,0.1642540636481912,0.516,0.1662227421263408,5,0.48872400000000005,0.14389423708925936,0.497,0.17031588299392397,5,0.487575,0.14431455414302463,-0.019000000000000017,-0.0011490000000000666
5246,2,5,1,11,1,early,early_r9+,5,5-8,2,3,2,3,5,-1,0,0,0,0,1,4,1,3,5,0.1484947801966096,0,0.16942954760017512,0.020934767403565507,0,2,-2,0.29121464434612326,0.41419677871444616,0.28514669258643416,0.316821530834002,0.41419677871444616,0.40843771227552755,75,1.025,1.01,0.014999999999999902,0.595,0.5893999999999999,0.08,0.945,0.29500000000000004,0.42999999999999994,15,46,0.6133333333333333,2.088088533333334,2.09759,1.94792,Draw,6,0.32,0.4266666666666667,0.24,0.014999999999999902,6,0,2.6419654646307453,0.305,0.425,0.05103999999999986,1,Draw,2.605,1.8599333333333326,75.0,15.0,4.0,0.24,5.0,0.3333333333333333,0.8270998461770409,5.0,0.6933333333333334,0.3846161631071518,0.16466313738284452,0.5275000000000001,0.2,0.2,10.0,0.9279999999999999,0.09699999999999993,0.4,0.15160128447346916,0.29648039183829067,0.14487910736482154,1.9209470866682676,8.6,0.2890099942687702,0.12773942632418034,0.8,5,0.1067517141352243,0.17999999999999985,0.10295630140987001,5,0.23332499999999984,0.09455649693437251,0.19299999999999987,0.09210048859805252,5,0.25492899999999985,0.10276996906927625,0.013000000000000012,0.021604000000000012
4166,2,12,0,4,0,late,late_r2-4,6,5-8,3,3,3,2,5,1,0,0,0,0,1,3,2,3,4,0.039076530050786276,0,0.4522748805582734,0.41319835050748716,0,2,-2,0.46381653851064586,0.9280469207032681,1.2441718681345353,0.3386273303927016,0.7509264018911047,0.40843771227552755,75,0.19,0.185,0.0050000000000000044,-0.41,-0.41859999999999997,-0.98,1.17,0.21750000000000003,0.6,5,20,0.26666666666666666,1.5495509333333335,1.54038,1.65647,Hit,6,0.26666666666666666,0.4,0.32,0.175,4,1,2.1372947315140363,0.555,0.25,-0.6382350000000001,1,Hit,-2.72,0.8625999999999999,75.0,15.0,4.0,0.24,3.0,0.2,0.8686161085101537,5.0,0.76,0.5763513407948967,0.11972282828913675,1.0333333333333332,0.6,0.6,1.0,0.129,0.061,0.6,0.19562010708000527,0.22005590878499567,0.0244358017049904,1.4679378452411094,6.2,0.2207142857142857,0.15067868044992194,0.75,5,0.19469067294416262,0.133,0.29739704100747205,5,0.11832899999999999,0.2645916877095726,0.266,0.36423550074093547,5,0.23665799999999998,0.32405731253514397,0.133,0.11832899999999999
6533,4,6,0,10,0,mid,early_r9+,6,5-8,3,3,3,3,6,0,0,0,0,0,1,3,3,5,6,0.16938439277572193,1,0.28390619229773656,0.11452179952201463,1,0,1,0.33807951597576713,0.4119091953530946,0.24672240501395096,0.42046651075521513,0.4119091953530946,0.490125254730633,81,0.615,0.53,0.08499999999999996,0.04,0.01222222222222222,-1.12,1.735,0.42000000000000004,0.575,10,36,0.4444444444444444,1.990351234567901,2.00274,1.85924,PostGuard,6,0.2962962962962963,0.3950617283950617,0.2962962962962963,0.16999999999999998,5,0,2.578974336671392,0.355,0.34,-0.31462,1,PostGuard,-0.385,-1.1101851851851854,81.0,17.0,4.0,0.1728395061728395,6.0,0.35294117647058826,0.8556209499339669,4.764705882352941,0.7160493827160493,0.6861428206300104,0.18691285066072966,1.3954166666666667,0.0,0.2,10.0,0.31700000000000006,0.29799999999999993,0.6,0.2200597128911478,0.26711100067494387,0.047051287783796095,1.8417423593724387,5.0,0.14068627450980392,0.1957595694791258,0.85,5,0.09391836802396275,0.3749999999999999,0.20817660771566054,5,0.4471279999999999,0.23255730255143578,0.4159999999999999,0.18355516881853257,5,0.46482799999999996,0.22052639928702414,0.041000000000000036,0.01770000000000005
5721,0,12,0,4,0,late,late_r2-4,11,9-12,5,6,5,6,11,-1,0,0,0,0,1,7,4,5,9,0.10364740434574055,1,0.2600080012061953,0.15636059686045478,2,0,2,0.3485998503201633,0.4790812122516403,0.3363883053882787,0.801713806131683,0.4790812122516403,0.8985629670061606,123,1.945,1.925,0.020000000000000018,1.595,1.44869918699187,0.48,1.465,0.5099999999999998,0.3500000000000001,44,74,0.6016260162601627,1.3580670894308942,1.26396,1.42196,Freeze,6,0.3902439024390244,0.3089430894308943,0.2926829268292683,0.020000000000000018,6,0,2.252942156451392,0.105,0.735,1.528588,0,PostGuard,-0.6249999999999998,-0.5665040650406503,123.0,25.0,4.0,0.2113821138211382,11.0,0.44000000000000006,0.788069712693449,4.92,0.6991869918699187,0.8840335092016925,0.12604652691895743,1.2325,0.0,0.0,16.0,1.832,0.11300000000000007,0.8,0.46328831613301463,0.6518219891939255,0.1885336730609109,1.330640315177444,8.6,0.6264275786791671,0.4878091837668236,0.95,5,0.06141908622327388,0.48200000000000004,0.5568729657650836,5,0.6925117000000001,0.7722517011674044,0.31600000000000006,0.28660512905389535,5,0.47949970000000003,0.49510060360705993,-0.16599999999999998,-0.21301200000000003
4463,7,9,1,7,1,mid,mid_r5-8,9,9-12,5,4,5,4,9,1,0,0,0,0,1,6,3,5,9,0.1442573509747455,1,0.2069284523694114,0.06267110139466589,1,0,1,0.2929925521237722,0.4630240727669265,0.38688718195747973,0.5723533118452687,0.4630240727669265,0.7351878820959495,103,1.03,1.025,0.0050000000000001155,0.335,0.37456310679611643,-0.33,1.36,0.3775,0.6950000000000001,8,29,0.2815533980582524,1.9743918446601947,1.981,1.95425,Draw,6,0.3106796116504854,0.3300970873786408,0.34951456310679613,0.09999999999999998,4,0,2.6529828080227826,0.29,0.38,0.06656499999999987,0,Draw,-0.865,-0.5468446601941749,103.0,21.0,4.0,0.30097087378640774,9.0,0.42857142857142855,0.728619558962509,4.904761904761905,0.6601941747572816,0.431478862836504,0.1949583038542994,1.0716666666666668,0.6,0.6,1.0,0.99,0.039999999999999994,0.6,0.16311852183414016,0.31224646055763133,0.14912793872349117,1.8452187874198434,4.6,0.3241558441558442,0.15413641467064887,0.8,5,0.0877256970648971,0.22399999999999992,0.09883066325791812,5,0.22245599999999985,0.06983294883147931,0.2029999999999999,0.11333578428722328,5,0.23052899999999985,0.06628540189966418,-0.02100000000000002,0.008072999999999997
5606,2,14,0,2,0,late,late_r2-4,13,13-16,6,7,6,7,13,-1,0,0,0,0,1,6,7,4,11,0.1488543119160465,0,0.3545575295265919,0.2057032176105454,0,1,-1,0.2939699963193511,0.3870886150877332,0.37753066395390467,0.6788427220658522,0.3870886150877332,1.0619380519163715,139,0.54,0.515,0.025000000000000022,-1.115,-1.0499640287769785,-1.905,2.4450000000000003,0.2300000000000001,1.655,2,3,0.02158273381294964,0.9189236043165467,0.735119,1.4207,Hit,6,0.4028776978417266,0.28776978417266186,0.302158273381295,0.7150000000000001,1,1,2.0016892628775396,0.32,0.285,-0.17035,1,Hit,-0.43999999999999995,-0.2152158273381295,139.0,28.0,4.0,0.37410071942446044,10.0,0.35714285714285715,0.6319315633706559,4.964285714285714,0.5971223021582733,0.7115939584999457,0.1696028315741456,1.898333333333333,0.0,0.0,3.0,-0.027000000000000003,0.567,0.0,0.3458737323751107,0.4998651156447547,0.15399138326964396,0.8713503092895006,10.2,0.2888705920771753,0.32643743462239383,0.95,5,0.0558515368678458,1.4769999999999999,0.20750301202633184,5,1.6018630000000003,0.35955905426994883,1.355,0.178009831189179,5,1.416386,0.32497200920617764,-0.12199999999999989,-0.18547700000000034
1123,4,3,1,13,1,early,early_r9+,3,2-4,2,1,2,1,3,1,0,0,0,0,1,1,2,3,3,0.3313244483885847,0,0.4807667910161851,0.14944234262760037,0,1,-1,0.5788597612582874,0.6020271957365736,0.18034213505714322,0.39340131615890117,0.6020271957365736,0.2450626273653165,55,1.04,1.015,0.025000000000000133,0.65,0.6423636363636364,0.27,0.77,0.24499999999999988,0.39,12,38,0.6909090909090909,2.0338449090909094,2.02771,1.94124,Draw,6,0.14545454545454545,0.509090909090909,0.32727272727272727,0.17000000000000004,5,0,2.6367964089791536,0.305,0.395,0.06938,1,Draw,2.04,1.0365454545454544,55.0,11.0,4.0,0.2545454545454545,3.0,0.2727272727272727,0.8753864783571487,5.0,0.7272727272727273,0.46065109064806886,0.13025623382012558,0.4375,0.0,0.2,6.0,0.827,0.21300000000000002,0.2,0.0906720667206381,0.29810255034161304,0.2074304836209749,1.8072545119069172,5.2,0.39468643119790864,0.10559861373131998,0.8,5,0.26683208174953954,0.3,0.1341640786499874,5,0.3169269999999999,0.1665581104524785,0.233,0.01565247584249853,5,0.1901779999999999,0.005617002759479416,-0.06699999999999998,-0.126749
8113,3,15,1,1,1,late,r1,4,2-4,1,3,1,3,4,-2,0,0,0,0,0,2,2,1,2,0.5359103335680295,0,0.7721007263019504,0.23619039273392084,0,3,-3,0.5442253858981622,0.9556545948293574,0.986601610242294,0.4373603691465418,0.9556545948293574,0.32675016982042204,69,1.0,0.95,0.050000000000000044,-1.98,-1.7952173913043479,-3.0,4.0,1.915,2.98,7,9,0.13043478260869565,0.3974537347826087,0.308383,0.0,Hit,6,0.34782608695652173,0.463768115942029,0.17391304347826086,0.050000000000000044,3,1,-0.0,0.0,0.0,1.0,1,Hit,0.0,0.0,69.0,14.0,4.0,0.8115942028985508,13.0,0.9285714285714286,0.3664772253771886,4.928571428571429,0.5652173913043478,0.13308252490904873,1.4173025183677013,2.485,0.0,1.0,56.0,0.93,0.06999999999999995,0.0,0.9176897922550303,0.9071558770111873,-0.01053391524384295,0.12105929099698645,1.0,0.9071558770111873,0.9010385246898827,0.75,5,0.0,0.0699999999999999,0.0,5,0.2537799999999999,0.0,0.0699999999999999,0.0,5,0.2537799999999999,0.0,0.0,0.0
716,6,7,1,9,1,mid,early_r9+,3,2-4,2,1,2,1,3,1,0,0,0,0,1,1,2,3,3,0.28543678206208906,1,0.31457483828812277,0.029138056226033715,1,0,1,0.3309865227603698,0.4094676134105833,0.14998330710164604,0.3247697064416903,0.4094676134105833,0.2450626273653165,55,1.015,0.995,0.019999999999999907,0.615,0.6036363636363636,0.085,0.9299999999999999,0.2850000000000001,0.3999999999999999,13,37,0.6727272727272727,1.8930774545454547,1.88878,1.97858,Draw,6,0.14545454545454545,0.509090909090909,0.32727272727272727,0.04999999999999993,5,0,2.654027011476324,0.31,0.375,0.07372500000000004,0,Draw,2.0149999999999997,1.1954545454545455,55.0,11.0,4.0,0.2545454545454545,1.0,0.09090909090909091,0.8855422426775098,5.0,0.7272727272727273,0.4876361255793206,0.13982226204322873,0.4482142857142858,0.2,0.2,4.0,0.9049999999999999,0.10999999999999992,0.6,0.22881709435433578,0.3999788511643301,0.17116175680999435,1.7899052032768008,6.4,0.38181818181818183,0.24763355534373374,0.8,5,0.3568485438445905,0.3669999999999999,0.10299271818920011,5,0.33043,0.1415094439427984,0.3049999999999999,0.11363318177363513,5,0.31073500000000004,0.08641348585435031,-0.062,-0.019694999999999963
459,3,5,1,11,1,early,early_r9+,5,5-8,3,2,3,2,5,1,0,0,0,0,1,3,2,3,5,0.26806659384593184,0,0.3235085128416253,0.05544191899569345,0,1,-1,0.33566408999952446,0.3659710228290449,0.16068820393465105,0.4817612064083206,0.3659710228290449,0.40843771227552755,71,1.05,0.9,0.15000000000000002,0.55,0.5177464788732395,-0.09,1.1400000000000001,0.25750000000000006,0.5,7,36,0.5070422535211268,2.0154767605633808,2.00047,2.03162,Hit,6,0.22535211267605634,0.4225352112676056,0.3380281690140845,0.20000000000000007,5,1,2.7342929812183403,0.31,0.41,0.03418999999999994,1,Hit,0.3400000000000001,1.290281690140845,71.0,15.0,4.0,0.2676056338028169,5.0,0.3333333333333333,0.8029288137061392,4.733333333333333,0.704225352112676,0.4118544576100708,0.16355921407891066,0.7113888888888888,0.4,0.4,1.0,0.9339999999999999,0.11600000000000003,0.4,0.088757426950601,0.21379636729765705,0.1250389403470561,1.8878428462950052,8.6,0.2228571428571428,0.08779705885486787,0.75,5,0.2632201483048639,0.18,0.20133926591700885,5,0.18801199999999998,0.19549687633693788,0.262,0.08363611660042573,5,0.29265099999999994,0.07712362522275515,0.08200000000000002,0.10463899999999995
9287,7,12,0,4,0,late,late_r2-4,5,5-8,3,2,3,1,4,2,0,0,0,0,1,4,0,1,1,0.11065589451115111,0,1.3062952698758425,1.1956393753646914,0,1,-1,0.4139189896586041,0.66761786356023,1.5035750160353192,0.13562882584465571,0.9386696757697648,0.32675016982042204,65,-0.31,-0.335,0.025000000000000022,-1.23,-1.0686153846153845,-1.55,1.24,0.36,0.9199999999999999,10,16,0.24615384615384617,1.435487076923077,1.43519,1.57286,Hit,6,0.18461538461538463,0.4307692307692308,0.36923076923076925,0.14,3,1,1.9340891372217426,0.7,0.13,-0.9816800000000001,0,Hit,-4.26,-0.657,65.0,13.0,4.0,0.23076923076923078,4.0,0.3076923076923077,0.8608544461759144,5.0,0.7846153846153846,0.6850763381735807,0.17080048849545,0.9683333333333334,0.2,1.0,6.0,-0.365,0.05499999999999999,1.0,0.39821616170637697,0.5339197997742567,0.13570363806787983,1.2528063113256072,1.2,0.5314827980780304,0.36752633592022166,0.75,5,0.27399382854959276,0.08799999999999993,0.05953990258641681,5,0.1025059999999998,0.005194236469395539,0.05499999999999994,0.05135659646043537,5,0.10598699999999979,0.006530949012203345,-0.03299999999999999,0.003480999999999984
5647,1,10,0,6,0,mid,mid_r5-8,7,5-8,3,4,3,4,7,-1,0,0,0,0,1,5,2,4,5,0.26063859745632495,1,0.3158920633091124,0.05525346585278745,1,0,1,0.4401820748150599,0.7678973920291733,0.9418780009354771,0.41791412212246165,0.7678973920291733,0.5718127971857385,91,0.33,0.28,0.04999999999999999,-0.36,-0.3562087912087912,-0.985,1.315,0.395,0.69,9,24,0.26373626373626374,1.8863536263736265,1.88308,1.58149,PostGuard,6,0.3516483516483517,0.37362637362637363,0.26373626373626374,0.04999999999999999,5,0,2.217680803142303,0.375,0.195,-0.460745,1,PostGuard,-0.6699999999999999,-1.2095054945054944,91.0,19.0,4.0,0.2197802197802198,7.0,0.3684210526315789,0.7835289793104413,4.7894736842105265,0.7142857142857143,0.4938554247800475,0.21201174124180175,0.7694444444444444,0.0,0.0,20.0,-0.34400000000000003,0.674,0.4,0.2644408855668118,0.410682559848802,0.14624167428199014,1.7961735631328684,8.2,0.30736842105263157,0.24628671371731228,0.7,5,0.17535417286377022,0.42799999999999994,0.2871106058647085,5,0.528689,0.3330153299662044,0.845,0.21607290436331913,5,1.013707,0.24490992845840284,0.41700000000000004,0.48501799999999995
4562,4,13,1,3,1,late,late_r2-4,12,9-12,6,6,6,6,12,0,0,0,0,0,1,8,4,5,11,0.18252417573844998,0,0.2109620432234207,0.028437867484970708,0,1,-1,0.3032722464321461,0.4034180417690513,0.4132104744139981,0.6440416754544865,0.4034180417690513,0.980250509461266,129,1.765,1.755,0.010000000000000009,0.905,0.8645348837209302,-0.2,1.9649999999999999,0.43500000000000005,0.8599999999999999,2,11,0.08527131782945736,1.5051277519379844,1.43867,1.36006,Hit,6,0.37209302325581395,0.29457364341085274,0.32558139534883723,0.41999999999999993,3,1,2.2307462984911206,0.11,0.64,1.0849699999999998,1,Hit,-0.32000000000000006,1.0746511627906976,129.0,26.0,4.0,0.24806201550387597,10.0,0.38461538461538464,0.7904581331101628,4.961538461538462,0.7209302325581395,0.7254982629017573,0.17083246849659256,1.9,0.2,0.4,2.0,1.508,0.25699999999999995,0.4,0.27717023646345484,0.48801375173977257,0.21084351527631773,1.3840307778245042,8.2,0.47135752464264974,0.24815953975012697,0.85,5,0.15809932263898324,0.4959999999999999,0.019170289512680922,5,0.5591969999999998,0.07235688845921986,0.44799999999999995,0.33418931760306164,5,0.45901999999999976,0.3795579166444825,-0.04799999999999993,-0.10017700000000007
6201,5,11,1,5,1,mid,mid_r5-8,9,9-12,4,5,4,5,9,-1,0,0,0,0,1,6,3,4,9,0.17877515484697717,0,0.21451612509086335,0.03574097024388617,0,1,-1,0.311070141132192,0.35990591332863914,0.3628530935456386,0.4782191805975133,0.35990591332863914,0.7351878820959495,107,0.765,0.59,0.17500000000000004,-0.465,-0.3932242990654206,-1.31,2.075,0.33999999999999997,1.23,3,7,0.06542056074766354,1.7936995327102803,1.79248,1.64005,Hit,6,0.37383177570093457,0.3364485981308411,0.2803738317757009,0.17500000000000004,3,1,2.332243731155536,0.305,0.365,-0.05502499999999999,1,Hit,-0.08999999999999997,0.5199532710280375,107.0,22.0,4.0,0.3364485981308411,10.0,0.4545454545454545,0.724891884144667,4.863636363636363,0.7009345794392523,0.41252383959569555,0.2482140225620523,1.6800000000000002,0.8,0.8,1.0,0.66,0.10500000000000001,0.8,0.2838425316214661,0.3491282477345016,0.06528571611303553,1.658953903019783,2.2,0.3025814462342806,0.2549533274887646,0.9,5,0.12195449069358409,0.31999999999999995,0.4793876302117108,5,0.365248,0.5380198380357365,0.10500000000000001,0.23478713763747794,5,0.126532,0.2829341533290034,-0.21499999999999994,-0.238716
9166,3,14,0,2,0,late,late_r2-4,13,13-16,6,7,6,7,13,-1,0,0,0,0,1,9,4,6,12,0.0662479626868628,0,0.24357866581660972,0.1773307031297469,0,1,-1,0.29489962916389334,0.34609408290447596,0.31217052067346424,0.568817107283582,0.34609408290447596,1.0619380519163715,139,0.995,0.95,0.04500000000000004,-0.895,-0.6448561151079136,-1.0,1.995,0.2849999999999999,1.8900000000000001,4,10,0.07194244604316546,0.7510696618705036,0.562117,1.35461,Hit,6,0.4028776978417266,0.28776978417266186,0.302158273381295,1.285,1,1,1.7111420631319132,0.27,0.535,0.31769499999999995,1,Hit,-0.89,-0.2535251798561151,139.0,28.0,4.0,0.23741007194244604,11.0,0.39285714285714285,0.8024514174740002,4.964285714285714,0.762589928057554,0.9063847546575186,0.12041820118174473,1.95,0.0,0.0,2.0,0.922,0.07300000000000002,0.8,0.4846053720535906,0.5791332507703219,0.09452787871673134,0.7034116017793618,8.0,0.39718935101663144,0.24690861455680385,0.9,5,0.12923739478427354,0.6890000000000001,0.33803476152608924,5,0.874986,0.4814921679581093,0.5860000000000001,0.37054689311880623,5,0.737849,0.48719650726631863,-0.10299999999999998,-0.13713700000000006
8703,4,3,1,13,1,early,early_r9+,2,2-4,1,1,1,1,2,0,0,0,0,0,1,2,0,2,2,0.2969670590637995,0,0.6064240673285382,0.30945700826473865,0,1,-1,0.3669098082146151,0.3669098082146151,0.06147015,0.17284999999999684,0.3669098082146151,0.16337508491021102,49,1.18,0.93,0.2499999999999999,0.575,0.5883673469387755,0.06,1.1199999999999999,0.19500000000000006,0.605,2,13,0.2653061224489796,2.0090369387755103,2.0,1.98686,Hit,6,0.16326530612244897,0.5714285714285714,0.24489795918367346,0.2499999999999999,3,1,2.676421166471655,0.295,0.425,0.1865699999999999,1,Hit,0.19999999999999996,1.2472448979591837,49.0,10.0,4.0,0.24489795918367346,2.0,0.2,0.9117562589426627,4.9,0.7551020408163265,0.6082752732757396,0.12597510100836304,0.7324999999999999,0.0,0.8,6.0,0.8390000000000001,0.3409999999999999,0.8,0.08716429308883036,0.07185462003713187,-0.015309673051698475,1.8936944022259883,5.0,0.09333333333333334,0.0683442302792735,0.75,5,0.3175940935348833,0.43899999999999995,0.20443214033023283,5,0.4587209999999999,0.23946264247790308,0.418,0.15610893632332515,5,0.4128809999999999,0.15001827361191708,-0.020999999999999963,-0.04583999999999999
1616,0,14,0,2,0,late,late_r2-4,4,2-4,1,3,1,3,4,-2,0,0,0,0,1,2,2,3,4,0.4819910983451881,0,0.5099633449387896,0.02797224659360148,0,1,-1,0.37010047288292364,0.4453318202329377,0.16915043609775293,0.5743921629644683,0.4453318202329377,0.32675016982042204,69,0.86,0.65,0.20999999999999996,-0.38,-0.2856521739130435,-1.08,1.94,0.505,1.24,2,7,0.10144927536231885,1.1212016666666667,1.04679,1.35292,Hit,6,0.34782608695652173,0.463768115942029,0.17391304347826086,0.31999999999999995,3,1,1.7980118577545672,0.24,0.43,0.18354000000000004,1,Hit,-0.9349999999999999,-0.25028985507246376,69.0,14.0,4.0,0.18840579710144928,4.0,0.2857142857142857,0.8978529562173645,4.928571428571429,0.7681159420289855,0.7411201672544891,0.1867845641554645,1.660625,0.6,0.6,1.0,0.776,0.08399999999999999,0.6,0.3247428888498854,0.45352870679992635,0.1287858179500409,1.099442542194561,4.6,0.3148341367273013,0.26430340857228035,0.95,5,0.07653417746274624,0.9829999999999999,0.8097036494915901,5,1.010333,0.8376318233015625,0.5559999999999999,0.6615360912301006,5,0.579766,0.6868545433932864,-0.42699999999999994,-0.4305669999999999
5809,3,9,1,7,1,mid,mid_r5-8,2,2-4,0,2,0,2,2,-2,0,0,0,0,0,2,0,1,2,0.5300874876103012,0,0.8583717648408518,0.32828427723055054,0,2,-2,1.227717959966782,1.227717959966782,0.5923425,0.16109999999999758,1.227717959966782,0.16337508491021102,53,0.78,0.705,0.07500000000000007,0.13,0.1600943396226415,-0.235,1.0150000000000001,0.315,0.65,4,16,0.3018867924528302,1.7929730188679245,1.79833,1.72962,Hit,5,0.3018867924528302,0.5660377358490566,0.11320754716981132,0.49000000000000005,2,1,2.5106332969323994,0.32,0.36,-0.08480999999999994,1,Hit,0.8350000000000001,1.4100943396226415,53.0,11.0,4.0,0.22641509433962265,3.0,0.2727272727272727,0.9055414319581641,4.818181818181818,0.8490566037735849,0.6758216489181609,0.13221011246383815,0.583125,0.2,0.6,6.0,0.5609999999999999,0.21900000000000003,0.6,0.20050143874754983,0.40060250634492356,0.20010106759737364,1.6514933024510192,3.6,0.3163636363636364,0.17647405182205822,0.95,5,0.02639810792368107,0.354,0.17155174146594956,5,0.269025,0.12038885714633227,0.231,0.21422534864016443,5,0.26286000000000004,0.2441490815311416,-0.12299999999999997,-0.006164999999999976
4651,6,5,1,11,1,early,early_r9+,5,5-8,3,2,3,2,5,1,0,0,0,0,1,2,3,3,5,0.3492464200088526,1,0.35458364654902247,0.0053372265401698815,1,0,1,0.3948693467161001,0.49811088158391004,0.2496600172354396,0.5572259635013442,0.49811088158391004,0.40843771227552755,71,0.915,0.835,0.08000000000000007,0.435,0.400774647887324,-0.015,0.93,0.32500000000000007,0.48000000000000004,5,37,0.5211267605633803,2.023718732394366,2.01975,2.0243,Hit,6,0.22535211267605634,0.4225352112676056,0.3380281690140845,0.08000000000000007,5,1,2.6919422502137733,0.33,0.38,-0.09715000000000007,1,Hit,0.5,-0.22119718309859157,71.0,15.0,4.0,0.28169014084507044,5.0,0.3333333333333333,0.8315767638548746,4.733333333333333,0.704225352112676,0.515345808309429,0.14459267676761053,0.55,0.0,0.6,3.0,0.704,0.21100000000000002,0.4,0.14785085780691135,0.21964923611878598,0.07179837831187466,1.7954226109293057,5.0,0.17857142857142852,0.13774902853903168,0.8,5,0.16994496432177794,0.391,0.06949820141557621,5,0.36074199999999984,0.07649133959148571,0.354,0.09410100955887774,5,0.31701599999999985,0.10620183192864426,-0.03700000000000003,-0.04372599999999999
8894,2,15,1,1,1,late,r1,5,5-8,1,4,1,4,5,-3,0,0,0,0,0,2,3,2,3,0.16514476803398953,0,0.32392890531102647,0.15878413727703694,0,1,-1,0.37894940205916605,0.5162155194738984,0.9933767946958294,0.26807774543963814,0.5162155194738984,0.40843771227552755,79,1.885,1.835,0.050000000000000044,-1.0,-0.615506329113924,-1.65,3.535,0.12250000000000005,2.885,3,7,0.08860759493670886,0.37354077215189874,0.0,0.437921,Draw,6,0.4050632911392405,0.43037974683544306,0.1518987341772152,0.050000000000000044,2,0,0.4767015556899762,0.015,0.915,1.6660395000000001,1,Draw,0.0,0.0,79.0,16.0,4.0,0.8101265822784811,15.0,0.9375,0.3607553136265543,4.9375,0.5189873417721519,0.2395012560936089,0.819322661729454,3.3600000000000003,1.0,1.0,64.0,1.8850000000000002,0.0,1.0,0.5397544309750621,0.317915878372988,-0.22183855260207413,0.05898308152555274,7.0,0.19762338385347905,0.5360290693876457,1.0,5,0.0,0.0,0.0,5,0.0,0.0,0.0,0.0,5,0.0,0.0,0.0,0.0
2369,6,9,1,7,1,mid,mid_r5-8,5,5-8,1,4,1,4,5,-3,0,0,0,0,1,3,2,3,4,0.12976733870801574,0,0.44705073211036334,0.31728339340234757,0,1,-1,0.3003131333118959,0.591287372974308,0.6399980838428178,0.4854872299041454,0.591287372974308,0.40843771227552755,79,0.69,0.595,0.09499999999999997,0.245,0.23594936708860761,-0.31,1.0,0.29500000000000004,0.44499999999999995,13,52,0.6582278481012658,1.7600670886075955,1.76281,1.80939,Hit,6,0.4050632911392405,0.43037974683544306,0.1518987341772152,0.11499999999999999,5,1,2.4726592650006456,0.285,0.305,-0.21469500000000008,1,Hit,-0.4950000000000001,1.0335443037974685,79.0,16.0,4.0,0.3037974683544304,7.0,0.4375,0.7869190800564441,4.9375,0.7215189873417721,0.3620036689664448,0.1610106462080675,0.505,0.2,0.4,2.0,0.49799999999999994,0.19199999999999998,0.4,0.1302687586606511,0.26538197977040245,0.13511322110975135,1.5597774900611483,4.4,0.14915856589785298,0.1129752637145732,0.85,5,0.14945768515063812,0.2399999999999999,0.061644140029689765,5,0.1792219999999999,0.1058759683308729,0.31199999999999994,0.19308676806037225,5,0.2838149999999999,0.2280963899319759,0.07200000000000004,0.10459299999999996
1083,7,15,1,1,1,late,r1,9,9-12,5,4,5,4,9,1,0,0,0,0,1,6,3,4,7,0.2318980574898369,0,0.2768049182294271,0.04490686073959019,0,1,-1,0.3412627943019281,0.44565611576780984,0.4512148202274848,0.5733939886089139,0.44565611576780984,0.7351878820959495,103,0.74,0.61,0.13,-1.0,-0.9468932038834952,-1.46,2.2,0.0,1.74,2,2,0.019417475728155338,0.18857012621359223,0.0,1.80621,Hit,6,0.3106796116504854,0.3300970873786408,0.34951456310679613,1.0899999999999999,1,1,2.037294452065645,0.445,0.41,-0.16310500000000006,1,Hit,0.0,0.0,103.0,21.0,4.0,0.8058252427184465,20.0,0.9523809523809523,0.3527369907383066,4.904761904761905,0.5048543689320388,0.009184473039765793,0.3016302537659903,0.06590361445783133,0.0,1.0,83.0,-0.9800000000000001,1.72,1.0,,,,0.0,1.0,,,1.0,5,,1.72,0.0,5,0.9163935000000001,0.0,1.72,0.0,5,0.9163935000000001,0.0,0.0,0.0
366,3,11,1,5,1,mid,mid_r5-8,11,9-12,6,5,6,5,11,1,0,0,0,0,1,6,5,5,11,0.30017271805960727,1,0.3025201996974741,0.002347481637866855,1,0,1,0.29057532211803194,0.38937791736481075,0.31755158693780217,0.649367478893599,0.38937791736481075,0.8985629670061606,119,1.555,1.37,0.18499999999999983,0.655,0.6776050420168069,-0.37,1.9249999999999998,0.4900000000000001,0.8999999999999999,4,17,0.14285714285714285,1.6255241176470587,1.60247,2.48334,Hit,6,0.33613445378151263,0.3025210084033613,0.35294117647058826,0.27,2,1,2.9367540205382494,0.345,0.515,0.5517699999999999,0,Hit,-2.215,-0.2660084033613445,119.0,24.0,4.0,0.25210084033613445,7.0,0.2916666666666667,0.8045124358495899,4.958333333333333,0.7226890756302521,0.5767741198214487,0.20511411064403076,1.2341666666666666,0.0,0.0,2.0,1.1880000000000002,0.36699999999999994,0.0,0.22587700318543144,0.19510136602877498,-0.030775637156656453,1.6877959701504373,10.6,0.20269947319158158,0.1605872228981974,0.75,5,0.2559527018092776,0.43199999999999994,0.10022474744293448,5,0.26454899999999987,0.2095312477114094,0.7409999999999999,0.3840312487285378,5,0.6453979999999999,0.5431663323582381,0.30899999999999994,0.38084900000000005
6354,2,15,1,1,1,late,r1,15,13-16,8,7,8,7,15,1,0,0,0,0,1,9,6,5,12,0.15337113032119187,1,0.5098839448590243,0.35651281453783246,1,0,1,0.3340233531715996,0.4299795348369325,0.4106668464791563,0.8001195381247039,0.4299795348369325,1.2253131368265826,151,1.535,1.51,0.02499999999999991,1.0,0.8727152317880796,-1.49,3.025,0.03750000000000009,0.5349999999999999,7,11,0.0728476821192053,0.297778223178808,0.0,0.498773,Draw,6,0.3708609271523179,0.26490066225165565,0.3576158940397351,0.030000000000000027,3,0,0.9964625048848763,0.0,0.535,1.2856135,1,Draw,0.0,0.0,151.0,31.0,4.0,0.8013245033112583,30.0,0.967741935483871,0.3419626486511174,4.870967741935484,0.5695364238410596,0.031280138811790495,0.4940531120871602,0.6125619834710744,1.0,1.0,121.0,1.535,0.0,1.0,0.4287001176040873,0.9999999999999998,0.5712998823959126,0.030192463756560123,31.0,0.9999999999999998,0.529885777707012,1.0,5,0.0,0.0,0.0,5,0.0,0.0,0.0,0.0,5,0.0,0.0,0.0,0.0
9260,7,2,0,14,0,early,early_r9+,2,2-4,1,1,1,1,2,0,0,0,0,0,1,1,1,2,2,0.2372657115387944,0,0.2690623955681853,0.0317966840293909,0,1,-1,0.5061111082788462,0.5061111082788462,0.0313991,0.251100000000001,0.5061111082788462,0.16337508491021102,49,-0.21,-0.255,0.04500000000000001,-0.5,-0.5151020408163265,-0.84,0.63,0.22499999999999998,0.29000000000000004,18,43,0.8775510204081632,2.0106365306122447,1.99569,1.99397,Draw,6,0.16326530612244897,0.5714285714285714,0.24489795918367346,0.09,6,0,2.63098065997839,0.55,0.165,-1.206985,1,Draw,0.79,-0.0693877551020408,49.0,10.0,4.0,0.24489795918367346,2.0,0.2,0.8832007258418824,4.9,0.7551020408163265,0.18884505218124784,0.13381246035735012,0.2991666666666667,0.0,0.4,8.0,-0.34500000000000003,0.135,0.4,0.094082537909359,0.07030446897945003,-0.02377806892990897,1.89625872689303,5.8,0.07878787878787878,0.027982458564913056,0.85,5,0.2915254597757437,0.29300000000000004,0.13250471689717316,5,0.31683799999999995,0.15605327313933542,0.242,0.08430599029724996,5,0.254257,0.1339969409445605,-0.051000000000000045,-0.06258099999999994
6267,4,12,0,4,0,late,late_r2-4,3,2-4,2,1,2,1,3,1,0,0,0,0,1,3,0,1,2,0.03745036181400662,0,0.9627519008031131,0.9253015389891065,0,1,-1,0.968924492465747,0.972874591517478,0.4153964635798753,0.46254416966262757,0.972874591517478,0.2450626273653165,55,-0.025,-0.06,0.034999999999999996,-1.19,-1.0025454545454544,-1.49,1.465,0.6500000000000001,1.165,4,11,0.2,1.4726696363636362,1.469,1.67463,Hit,6,0.14545454545454545,0.509090909090909,0.32727272727272727,0.034999999999999996,3,1,2.329151688587887,0.495,0.175,-0.859435,0,Draw,-0.445,-0.3883636363636364,55.0,11.0,4.0,0.2909090909090909,4.0,0.36363636363636365,0.8559228888548555,5.0,0.7818181818181819,0.6431091936918384,0.2231951720168846,1.1512499999999999,0.4,1.0,4.0,-0.08800000000000001,0.06300000000000001,0.8,0.5185297959701488,0.7432849597788926,0.22475516380874377,1.353600213387256,2.0,0.7641836847576561,0.5075086059771255,0.95,5,0.12772001675941766,0.2869999999999999,0.08445412956155544,5,0.28054900000000005,0.12218589195361299,0.29599999999999993,0.08720665112249175,5,0.311952,0.11907732800579626,0.009000000000000008,0.03140299999999996
1158,6,8,0,8,0,mid,mid_r5-8,4,2-4,2,2,2,2,4,0,0,0,0,0,1,3,1,1,3,0.343547013121931,1,0.7101067890367555,0.3665597759148245,2,0,2,0.674813835565106,1.0114663775541795,0.7619647419626395,0.5163029972796983,1.0114663775541795,0.32675016982042204,65,0.39,0.34,0.04999999999999999,-0.195,-0.20130769230769235,-0.93,1.32,0.33,0.585,6,24,0.36923076923076925,1.9480358461538463,1.95599,2.06589,PostGuard,6,0.24615384615384617,0.46153846153846156,0.27692307692307694,0.25,5,0,2.7016606778984564,0.465,0.33,-0.642945,1,PostGuard,-1.6099999999999999,-2.113923076923077,65.0,13.0,4.0,0.24615384615384617,5.0,0.38461538461538464,0.8144771463647624,5.0,0.7538461538461538,0.576098243473832,0.17794887968801232,0.8234375,0.0,0.6,16.0,-0.032999999999999995,0.42300000000000004,0.6,0.27547018203615997,0.494749845504178,0.21927966346801794,1.6288393533797918,4.4,0.3637362637362638,0.2210465490174976,0.85,5,0.21116129727580782,0.4640000000000001,0.2738704073097347,5,0.38740600000000003,0.30742608738524463,0.662,0.30217130902850453,5,0.573224,0.30266404711742695,0.19799999999999995,0.18581799999999993
6520,1,5,1,11,1,early,early_r9+,5,5-8,2,3,2,3,5,-1,0,0,0,0,1,4,1,4,5,0.20857973019457263,0,0.26534765695027324,0.05676792675570061,0,2,-2,0.30121023275154524,0.3771228883992991,0.19164056601514826,0.3727001829889567,0.3771228883992991,0.40843771227552755,75,1.215,1.175,0.040000000000000036,0.83,0.8392000000000002,0.35,0.8650000000000001,0.26,0.3850000000000001,20,56,0.7466666666666667,1.9897365333333334,1.99799,2.02207,PostGuard,6,0.32,0.4266666666666667,0.24,0.040000000000000036,6,0,2.7240534654351287,0.295,0.445,0.23157499999999998,0,Hit,3.215,1.7768666666666668,75.0,15.0,4.0,0.29333333333333333,5.0,0.3333333333333333,0.7827151142498606,5.0,0.7066666666666667,0.2111135241973065,0.15249826753032059,0.375,0.0,0.4,16.0,1.0150000000000001,0.2000000000000001,0.0,0.05047669966363948,-0.16221352461465915,-0.21269022427829865,1.74828767784301,7.2,-0.2307142857142857,0.029462098091801548,0.75,5,0.22970616484093717,0.20300000000000007,0.030331501776206245,5,0.23933400000000002,0.03967192811044109,0.36000000000000004,0.19019726601610237,5,0.33274099999999995,0.21592718441062483,0.15699999999999997,0.09340699999999993
2099,0,14,0,2,0,late,late_r2-4,7,5-8,3,4,3,4,7,-1,0,0,0,0,1,5,2,3,6,0.33040511625729996,0,0.3376219407577055,0.007216824500405561,0,1,-1,0.3069738027975706,0.46597589067828604,0.48482428337828265,0.49065377210578065,0.46597589067828604,0.5718127971857385,91,0.56,0.535,0.025000000000000022,-1.365,-1.330054945054945,-2.76,3.32,0.20999999999999996,1.925,2,4,0.04395604395604396,1.1167274395604396,1.02,1.20681,Draw,6,0.3516483516483517,0.37362637362637363,0.26373626373626374,0.4700000000000001,2,0,1.7032916044219055,0.28,0.165,-0.043404999999999916,1,Draw,-0.3799999999999999,-0.4830219780219781,91.0,19.0,4.0,0.2197802197802198,7.0,0.3684210526315789,0.7953127645462884,4.7894736842105265,0.7142857142857143,0.7616539926643267,0.19443182621858165,3.3,1.0,1.0,1.0,0.56,0.0,1.0,0.1806155588976331,0.2254992638903494,0.04488370499271635,0.9445743605790955,1.2,0.20882059218941573,0.15553048143560155,0.95,5,0.03791247447863078,1.051,0.9366055733338343,5,1.1431140000000002,0.9679298263975544,1.278,1.20583788296769,5,1.414196,1.2692588124886115,0.2270000000000001,0.2710819999999998
4892,6,10,0,6,0,mid,mid_r5-8,8,5-8,3,5,3,5,8,-2,0,0,0,0,1,4,4,4,7,0.07512224288451388,0,0.31232225602572605,0.23720001314121217,0,1,-1,0.29653730952784063,0.37808844395567665,0.2264328573932869,0.6408540624627416,0.37808844395567665,0.6535003396408441,101,0.185,0.025,0.16,-0.63,-0.6349009900990099,-1.14,1.325,0.33499999999999996,0.815,3,8,0.07920792079207921,1.8247172277227721,1.85038,1.7061,Hit,6,0.39603960396039606,0.3564356435643564,0.2376237623762376,0.16,2,1,2.309949115778079,0.445,0.22,-0.66805,1,Hit,1.3050000000000002,0.2345049504950495,101.0,21.0,4.0,0.19801980198019803,8.0,0.38095238095238093,0.8262482115686163,4.809523809523809,0.7128712871287128,0.23357707441153425,0.2002418795327486,0.8124999999999998,0.0,0.2,20.0,-0.258,0.44299999999999995,0.4,0.19474505696059546,0.2233279738448693,0.028582916884273786,1.6672369227599397,12.4,0.16885504620503441,0.17367754262745622,1.0,5,0.10979141606571527,0.852,0.42146470789379264,5,0.960075,0.4010853855010177,0.89,0.27852288954410914,5,0.9889519999999999,0.3004247033284712,0.038000000000000034,0.02887699999999993
7859,3,14,0,2,0,late,late_r2-4,12,9-12,6,6,6,6,12,0,0,0,0,0,1,8,4,4,11,0.2129274141204002,0,0.34265870586342595,0.12973129174302575,0,2,-2,0.2920565955016253,0.4438846071926957,0.6761964186935745,0.5774337630965908,0.4438846071926957,0.980250509461266,129,0.515,0.45,0.065,-1.765,-1.596279069767442,-2.765,3.2800000000000002,0.29500000000000015,2.28,3,5,0.03875968992248062,1.2167932170542635,1.17872,1.1224,Hit,6,0.37209302325581395,0.29457364341085274,0.32558139534883723,0.065,2,1,1.4650044383995096,0.295,0.09,-0.04620000000000002,1,Hit,-0.29999999999999993,0.13189922480620156,129.0,26.0,4.0,0.24806201550387597,9.0,0.34615384615384615,0.7662894538864187,4.961538461538462,0.689922480620155,0.910954820498252,0.17155664262922796,2.70875,0.0,1.0,4.0,0.152,0.363,1.0,0.19664657710312672,0.17971191410029888,-0.01693466300282786,0.8788103831389591,3.0,0.19076910171857658,0.2794191202555102,1.0,5,0.06541267296681613,0.49800000000000005,0.1068058987135074,5,0.8835709999999999,0.11215440948754535,0.5369999999999999,0.1068058987135074,5,0.9245239999999999,0.11215440948754532,0.03899999999999987,0.04095300000000002
2084,7,10,0,6,0,mid,mid_r5-8,10,9-12,5,5,5,5,10,0,0,0,0,0,1,6,4,5,9,0.08820600057598255,1,0.3211260588631795,0.23292005828719697,3,0,3,0.31428814621140416,0.39687662741826035,0.30465603378848743,0.6404324933199441,0.39687662741826035,0.8168754245510551,113,2.465,2.41,0.054999999999999716,1.485,1.4175221238938056,0.165,2.3,0.73,0.9799999999999998,5,21,0.18584070796460178,1.8984958407079646,1.89418,1.73746,PostGuard,6,0.35398230088495575,0.3185840707964602,0.3185840707964602,0.2599999999999998,4,0,2.531487466254482,0.09,0.755,1.623885,0,PostGuard,-0.5350000000000001,-1.288451327433628,113.0,23.0,4.0,0.23008849557522124,7.0,0.30434782608695654,0.7585729161275231,4.913043478260869,0.6902654867256637,0.7428597145867539,0.24646056164969443,2.095,0.2,0.8,26.0,2.345,0.11999999999999975,1.0,0.4583599202603077,0.5886122157151664,0.1302522954548587,1.816892371574737,3.8,0.5791718090443043,0.43804586437648096,0.8,5,0.16223888344151002,0.49099999999999977,0.23471791580533438,5,0.5593379999999999,0.30021895952371164,0.11999999999999973,0.11629703349612994,5,0.10717099999999999,0.1346183687503306,-0.37100000000000005,-0.4521669999999999
5335,1,14,0,2,0,late,late_r2-4,14,13-16,7,7,7,7,14,0,0,0,0,0,1,10,4,5,13,0.11078076970128889,0,0.28991193105665813,0.17913116135536925,0,1,-1,0.30587640484516043,0.38338381092541285,0.4044648249481145,0.6150962888368099,0.38338381092541285,1.143625594371477,145,0.485,-0.105,0.59,-0.87,-0.8696206896551724,-1.695,2.18,0.19999999999999996,1.355,1,1,0.006896551724137931,0.7940005448275862,0.766485,1.67026,Hit,6,0.38620689655172413,0.27586206896551724,0.3310344827586207,0.9450000000000001,1,1,2.136232932604102,0.425,0.2,-0.35013000000000005,1,Hit,-0.8250000000000001,0.10737931034482759,145.0,29.0,4.0,0.2827586206896552,8.0,0.27586206896551724,0.8035777904117543,5.0,0.7310344827586207,0.6888831694443623,0.11606304033554152,1.8674999999999997,0.8,0.8,1.0,0.24699999999999997,0.238,0.8,0.3500785354706514,0.435955552289378,0.0858770168187267,0.5648916416006797,2.4,0.24898978009478717,0.24989858700175044,0.8,5,0.0759249392023923,0.0,0.0,5,0.0,0.0,0.27,0.6037383539249432,5,0.19279469999999996,0.4311020549016786,0.27,0.19279469999999996
5272,2,4,0,12,0,early,early_r9+,2,2-4,0,2,0,2,2,-2,0,0,0,0,1,1,1,2,2,0.17210209230570064,0,0.22476293391927557,0.05266084161357493,0,2,-2,0.3954110891515316,0.3954110891515316,0.190934,0.051300000000001234,0.3954110891515316,0.16337508491021102,53,-0.41,-0.445,0.03500000000000003,-0.82,-0.8326415094339622,-1.31,0.9000000000000001,0.235,0.41,9,32,0.6037735849056604,2.041618867924529,2.03514,2.03517,Hit,5,0.3018867924528302,0.5660377358490566,0.11320754716981132,0.03500000000000003,4,1,2.688168647852275,0.585,0.175,-1.4275849999999999,1,Hit,0.5,0.5900943396226415,53.0,11.0,4.0,0.18867924528301888,3.0,0.2727272727272727,0.9097995152962189,4.818181818181818,0.8113207547169811,0.33057729451865464,0.15049022768771894,0.51,0.0,0.2,6.0,-0.597,0.18700000000000003,1.0,0.10903866731739002,0.40043270456980784,0.29139403725241786,1.971242713604605,6.2,0.40545454545454546,0.0926012404816317,0.85,5,0.35098473649700196,0.21200000000000002,0.11278297743897348,5,0.2294940000000001,0.093665161239385,0.257,0.054152562266249225,5,0.2519070000000001,0.05210067437183512,0.044999999999999984,0.022413000000000016
5472,3,13,1,3,1,late,late_r2-4,4,2-4,1,3,1,3,4,-2,0,0,0,0,1,3,1,3,4,0.20311678615023357,1,0.46200945925489223,0.2588926731046587,1,0,1,0.48732533133840944,0.539454915871022,0.2723725009582775,0.3453661390466637,0.539454915871022,0.32675016982042204,69,0.7,0.63,0.06999999999999995,0.03,0.018043478260869564,-0.85,1.5499999999999998,0.22500000000000003,0.6699999999999999,4,13,0.18840579710144928,1.6263195652173912,1.64298,1.44222,Hit,6,0.34782608695652173,0.463768115942029,0.17391304347826086,0.25499999999999995,4,1,2.0992622484724883,0.295,0.305,-0.021110000000000073,1,Hit,-0.03500000000000003,-0.5160144927536232,69.0,14.0,4.0,0.2028985507246377,5.0,0.35714285714285715,0.8569902314857869,4.928571428571429,0.7101449275362319,0.3509843643443683,0.21930750084096884,0.8306666666666667,0.0,0.2,3.0,0.3,0.4,0.2,0.18008538346849934,0.1592262308284313,-0.020859152640068084,1.4683584640787672,5.6,0.268031244743708,0.21117414704021295,0.75,5,0.20954654466377945,0.6849999999999999,0.14035668847618205,5,0.8168099999999999,0.182854923846748,0.6910000000000001,0.1431083505599866,5,0.849147,0.18699789282235244,0.006000000000000116,0.03233700000000006
4526,5,9,1,7,1,mid,mid_r5-8,4,2-4,2,2,2,2,4,0,0,0,0,0,1,2,2,4,4,0.19391352274660817,1,0.2737041635799514,0.07979064083334325,1,0,1,0.3477688183851444,0.4476476125476393,0.27288453578883415,0.24315023133856942,0.4476476125476393,0.32675016982042204,65,0.685,0.64,0.04500000000000004,0.245,0.23315384615384616,-0.295,0.98,0.31,0.44000000000000006,10,41,0.6307692307692307,1.7866647692307696,1.78185,1.68694,Draw,6,0.24615384615384617,0.46153846153846156,0.27692307692307694,0.04500000000000004,5,0,2.3822405040497427,0.315,0.325,-0.15847,1,Draw,-0.7549999999999999,-0.3434615384615385,65.0,13.0,4.0,0.24615384615384617,2.0,0.15384615384615385,0.8936585119416003,5.0,0.7076923076923077,0.39822676001037327,0.15597533902327335,0.41125000000000006,0.0,0.2,4.0,0.4600000000000001,0.22500000000000003,0.2,0.18479159787249116,0.25623783776596004,0.07144623989346889,1.698189044617721,7.0,0.22967032967032966,0.187283691716123,0.9,5,0.25610783620253763,0.298,0.04919349550499539,5,0.34992300000000004,0.038196513191651425,0.388,0.07319494518066125,5,0.430832,0.07612164578817252,0.09000000000000002,0.08090899999999995
6392,2,5,1,11,1,early,early_r9+,5,5-8,2,3,2,3,5,-1,0,0,0,0,1,4,1,5,5,0.16253636322066484,0,0.2217303517541069,0.05919398853344207,0,1,-1,0.38186428793486304,0.4235543517831288,0.2104328837132676,0.32816123719903206,0.4235543517831288,0.40843771227552755,75,1.075,1.01,0.06499999999999995,0.64,0.6223333333333333,-0.04,1.115,0.29000000000000004,0.43499999999999994,12,46,0.6133333333333333,1.9969684000000003,1.98874,1.9492,Hit,6,0.32,0.4266666666666667,0.24,0.12,4,1,2.6610974232146356,0.285,0.41,0.10039999999999993,1,Hit,1.4,1.5326,75.0,15.0,4.0,0.22666666666666666,3.0,0.2,0.8854834903542457,5.0,0.6666666666666666,0.3664807760409358,0.16372354612101284,0.5575,0.0,0.0,6.0,0.892,0.18299999999999997,0.2,0.13839155946236759,0.06806987189201417,-0.07032168757035342,1.8791567576096349,8.0,0.06357142857142857,0.1364273407946548,0.75,5,0.32796807511668274,0.24499999999999988,0.10588909292273685,5,0.24642799999999987,0.07794848536052515,0.2739999999999999,0.10014988766843425,5,0.307076,0.07953650147888076,0.029000000000000026,0.060648000000000146
1255,4,13,1,3,1,late,late_r2-4,7,5-8,3,4,3,4,7,-1,0,0,0,0,1,5,2,4,6,0.3033664282167676,1,0.3629420457442207,0.05957561752745305,1,0,1,0.32533897706853415,0.5906773210676182,0.8027530133531936,0.3937943480694321,0.5906773210676182,0.5718127971857385,91,2.34,2.26,0.08000000000000007,0.745,0.7663736263736263,-0.335,2.675,0.4624999999999999,1.5949999999999998,2,4,0.04395604395604396,1.7583647252747252,1.74298,1.67762,Hit,6,0.3516483516483517,0.37362637362637363,0.26373626373626374,0.46999999999999975,2,1,2.4456530891504404,0.11,0.73,1.5011899999999998,1,Hit,-0.685,-0.14785714285714285,91.0,19.0,4.0,0.18681318681318682,4.0,0.21052631578947367,0.8584110771822164,4.7894736842105265,0.7032967032967034,0.5804997744301306,0.284089390013912,2.0025,0.0,0.4,5.0,1.848,0.4919999999999998,0.8,0.4886452853071656,0.5523178695475963,0.06367258424043079,1.548409176319076,4.4,0.5189473684210526,0.4691818863997548,0.9,5,0.1476659772942514,0.5209999999999999,0.04655641738793923,5,0.39598999999999973,0.058647392844865684,0.5039999999999998,0.046556417387939246,5,0.3745749999999997,0.058647392844865684,-0.017000000000000126,-0.021415000000000017
5259,3,8,0,8,0,mid,mid_r5-8,8,5-8,4,4,4,4,8,0,0,0,0,0,1,5,3,3,8,0.23084584308323747,1,0.3705104994477199,0.13966465636448244,3,0,3,0.31387944190246186,0.44638340286094436,0.32823404093523506,0.6032345137620618,0.44638340286094436,0.6535003396408441,97,0.965,0.95,0.015000000000000013,0.225,0.2295360824742268,-1.07,2.035,0.465,0.74,12,29,0.29896907216494845,2.037685154639175,2.03945,2.02084,PostGuard,6,0.32989690721649484,0.35051546391752575,0.30927835051546393,0.17999999999999994,5,0,2.735543682855098,0.31,0.46,-0.026920000000000055,0,PostGuard,-2.035,-2.292783505154639,97.0,20.0,4.0,0.25773195876288657,8.0,0.4,0.763349979065371,4.85,0.6701030927835051,0.691772204371355,0.2208551789777135,1.5764583333333333,0.0,0.4,24.0,0.4779999999999999,0.487,0.4,0.28592283848625666,0.17046908522667703,-0.11545375325957966,1.8578597148511065,5.6,0.05323308270676691,0.2575153137615918,0.85,5,0.189999514974637,0.23499999999999996,0.1584692399174048,5,0.26991,0.2129244193663564,0.516,0.3757392713039189,5,0.522079,0.4567602345651382,0.281,0.252169
7905,3,15,1,1,1,late,r1,9,9-12,5,4,5,4,9,1,0,0,0,0,1,6,3,3,8,0.18685923024140424,1,0.42638619400843636,0.23952696376703211,1,0,1,0.33230225138510544,0.4755754552903435,0.42136668513122283,0.6889525785970719,0.4755754552903435,0.7351878820959495,103,2.865,2.775,0.0900000000000003,1.0,1.002864077669903,-0.48,3.345,0.0,1.8650000000000002,3,4,0.038834951456310676,0.3754608902912621,0.0,0.993365,Hit,6,0.3106796116504854,0.3300970873786408,0.34951456310679613,1.7500000000000002,1,1,1.88542993659231,0.005,0.92,2.3683175000000003,1,Hit,0.0,0.0,103.0,21.0,4.0,0.8058252427184465,20.0,0.9523809523809523,0.3527369907383066,4.904761904761905,0.5048543689320388,9.18380792867241e-06,0.5168052522442842,0.003554216867469817,0.0,1.0,83.0,2.765,0.10000000000000009,1.0,0.6696185179582499,-1.0,-1.66961851795825,0.04758793196403379,21.0,1.0,0.47348069195633935,1.0,5,0.0,0.1,0.0,5,0.1885025000000002,0.0,0.1,0.0,5,0.1885025000000002,0.0,0.0,0.0
4159,5,11,1,5,1,mid,mid_r5-8,9,9-12,5,4,5,4,9,1,0,0,0,0,1,7,2,7,9,0.12438478862385068,0,0.19865266158800973,0.07426787296415906,0,1,-1,0.2929631376402143,0.3169759207413154,0.3385392511529293,0.3392201906988698,0.3169759207413154,0.7351878820959495,103,0.765,0.69,0.07500000000000007,0.185,0.179126213592233,-0.3,1.065,0.4025,0.5800000000000001,12,41,0.39805825242718446,1.8035630097087376,1.8072,1.7262,Draw,6,0.3106796116504854,0.3300970873786408,0.34951456310679613,0.07500000000000007,5,0,2.371379006341911,0.335,0.395,-0.09809999999999997,1,Draw,1.7650000000000001,1.1793203883495145,103.0,21.0,4.0,0.2233009708737864,5.0,0.23809523809523808,0.8174880291683081,4.904761904761905,0.7087378640776699,0.5432941778026643,0.16772974736119894,0.8799999999999999,0.0,0.6,23.0,0.41600000000000004,0.34900000000000003,0.0,0.21334550684784642,0.12852757465528564,-0.0848179321925608,1.6545053321716399,5.2,0.1567762382174813,0.2218103745963657,0.7,5,0.20075353624509648,0.4149999999999999,0.1871496727221291,5,0.497541,0.23093484312138782,0.42699999999999994,0.13530521054268388,5,0.465321,0.16274714565085316,0.01200000000000001,-0.032220000000000026
2788,5,13,1,3,1,late,late_r2-4,13,13-16,6,7,6,7,13,-1,0,0,0,0,1,8,5,6,10,0.15295949060483433,1,0.27996398094219294,0.1270044903373586,1,0,1,0.29433917797160436,0.36206024690116834,0.39611104308131434,0.7191900048505421,0.36206024690116834,1.0619380519163715,139,3.115,3.075,0.040000000000000036,1.61,1.6439208633093525,1.12,1.995,0.37749999999999995,1.5050000000000001,2,4,0.02877697841726619,1.162328489208633,1.18085,1.36813,Hit,6,0.4028776978417266,0.28776978417266186,0.302158273381295,0.9750000000000001,1,1,2.4468784400969943,0.005,0.87,2.4309350000000003,1,Hit,0.14000000000000012,0.39820143884892084,139.0,28.0,4.0,0.23741007194244604,10.0,0.35714285714285715,0.7674631710769009,4.964285714285714,0.697841726618705,0.5209008834413339,0.1736131746840343,1.2150000000000003,0.2,0.4,4.0,2.5799999999999996,0.5350000000000001,0.2,0.42052649290890676,0.698699548269618,0.27817305536071124,1.0495924517634028,6.4,0.6694506107285482,0.2959022257616771,0.75,5,0.06986063388042751,0.975,0.0,5,0.9673950000000001,0.0,0.9310000000000003,0.0245967477524975,5,0.9124310000000004,0.030725810078824526,-0.043999999999999706,-0.05496399999999968
4360,7,4,0,12,0,early,early_r9+,3,2-4,1,2,1,2,3,-1,0,0,0,0,1,3,0,2,3,0.10348752632931091,0,0.48911827786743006,0.38563075153811915,0,2,-2,0.5638789017795934,0.6126012197501572,0.27925695932390937,0.32378787294564926,0.6126012197501572,0.2450626273653165,59,-0.47,-0.505,0.03500000000000003,-0.72,-0.7017796610169492,-1.075,0.605,0.21250000000000013,0.25,31,58,0.9830508474576272,2.064187627118644,2.04938,1.88921,Hit,6,0.2711864406779661,0.5084745762711864,0.2033898305084746,0.03500000000000003,6,1,2.565457209650758,0.64,0.125,-1.414605,1,Hit,-0.6749999999999999,0.6257627118644067,59.0,12.0,4.0,0.3389830508474576,3.0,0.25,0.8245295666674133,4.916666666666667,0.7796610169491526,0.2908779812936719,0.11390121662222039,0.4325,0.0,0.0,2.0,-0.5079999999999999,0.038000000000000034,0.6,0.00861029028418749,0.1643838774041703,0.1557735871199828,2.0040846399658454,9.8,0.05734265734265733,-0.018042207566098874,0.85,5,0.1851540693653153,0.084,0.05412947441089743,5,0.21945000000000014,0.10894084931741625,0.10600000000000001,0.03612478373637688,5,0.22118700000000002,0.05524688968620763,0.022000000000000006,0.0017369999999998775
8248,7,13,1,3,1,late,late_r2-4,3,2-4,1,2,1,2,3,-1,0,0,0,0,0,1,2,2,2,0.10613846457910446,1,0.6018087897696427,0.4956703251905382,1,0,1,0.505854133867475,0.9854603814910484,0.9289617027255047,0.46341723700738174,0.9854603814910484,0.2450626273653165,59,1.49,1.255,0.2350000000000001,0.745,0.7422033898305085,-0.1,1.59,0.3025000000000001,0.745,2,10,0.1694915254237288,1.407962542372881,1.42334,1.16615,Draw,6,0.2711864406779661,0.5084745762711864,0.2033898305084746,0.2350000000000001,4,0,1.880314596423324,0.125,0.58,0.906925,1,Draw,-0.4850000000000001,-0.28745762711864414,59.0,12.0,4.0,0.3050847457627119,4.0,0.3333333333333333,0.801435215297654,4.916666666666667,0.7966101694915254,0.5911460918884003,0.17821736838327756,1.148,0.6,0.8,10.0,1.3080000000000003,0.182,0.8,0.37445083315418176,0.4178077766595777,0.043356943505395915,1.220242890642305,1.4,0.2063317051338734,0.29504157080891363,0.8,5,0.30188139377247936,0.7859999999999999,0.7457077175408607,5,0.8566179999999999,0.7560453721305356,0.518,0.7393375413165492,5,0.543977,0.7720761434405289,-0.2679999999999999,-0.31264099999999984
2081,5,9,1,7,1,mid,mid_r5-8,2,2-4,0,2,0,2,2,-2,0,0,0,0,1,2,0,0,1,0.7267152349091103,0,1.2825952177128996,0.5558799828037894,0,2,-2,1.702529199705251,1.702529199705251,0.7876465,0.32290000000000063,1.702529199705251,0.16337508491021102,53,0.865,0.73,0.135,0.25,0.27339622641509437,-0.12,0.985,0.28,0.615,2,17,0.32075471698113206,1.7520386792452831,1.75071,1.51221,Hit,5,0.3018867924528302,0.5660377358490566,0.11320754716981132,0.28500000000000003,3,1,2.214248391332314,0.265,0.34,0.10889499999999996,1,Hit,0.97,1.4105660377358489,53.0,11.0,4.0,0.24528301886792453,3.0,0.2727272727272727,0.8872658328105034,4.818181818181818,0.8113207547169811,0.6609089231748919,0.12411002666300217,0.6177083333333333,0.0,0.4,6.0,0.557,0.308,0.4,0.18259220225189648,0.36339158599579724,0.18079938374390075,1.6265650162035605,4.2,0.3290909090909091,0.16676278966528774,0.8,5,0.26267444746179414,0.41899999999999993,0.08173126696681023,5,0.541752,0.1540185071509265,0.381,0.1697939928266015,5,0.5163449999999999,0.25162726611001435,-0.03799999999999992,-0.02540700000000007
1265,4,5,1,11,1,early,early_r9+,5,5-8,3,2,3,2,5,1,0,0,0,0,1,2,3,3,5,0.23865963403139628,1,0.5069841779000559,0.2683245438686596,1,0,1,0.38613422824842125,0.4374375702290024,0.22231813737462267,0.5694614698116119,0.4374375702290024,0.40843771227552755,71,0.89,0.87,0.020000000000000018,0.505,0.49887323943661976,0.05,0.84,0.28250000000000003,0.385,17,49,0.6901408450704225,2.028621971830986,2.03664,2.03664,Draw,6,0.22535211267605634,0.4225352112676056,0.3380281690140845,0.020000000000000018,5,0,2.7198464690776465,0.31,0.365,-0.11019000000000001,0,Hit,-0.10999999999999999,-0.11598591549295774,71.0,15.0,4.0,0.2535211267605634,2.0,0.13333333333333333,0.8789410282973705,4.733333333333333,0.7323943661971831,0.5278177494847892,0.1261411914352256,0.4966666666666667,0.0,0.0,10.0,0.7849999999999999,0.10500000000000002,0.2,0.13505535850281833,0.26976579967911757,0.13471044117629924,1.860770125982659,10.4,0.32499999999999996,0.1696459251439637,0.85,5,0.12843133466354478,0.23900000000000002,0.15076471735787525,5,0.21026199999999995,0.14430938888374514,0.176,0.12953763931769016,5,0.14261599999999997,0.1318099426447034,-0.06300000000000003,-0.06764599999999998
3677,7,15,1,1,1,late,r1,5,5-8,2,3,2,3,5,-1,0,0,0,0,1,4,1,1,2,0.1931385643132925,0,0.6312198993567895,0.438081335043497,0,1,-1,0.7756878465265475,1.0529219033342403,1.091292162806203,0.6348133602878868,1.0529219033342403,0.40843771227552755,75,1.695,1.65,0.04500000000000015,-1.0,-0.654,-1.125,2.8200000000000003,0.13250000000000006,2.6950000000000003,3,4,0.05333333333333334,0.33296076933333335,0.0,0.960195,Hit,6,0.32,0.4266666666666667,0.24,0.135,2,1,0.7629027728689579,0.055,0.865,1.2149025,1,Hit,0.0,0.0,75.0,15.0,4.0,0.8133333333333332,14.0,0.9333333333333333,0.3596600130525386,5.0,0.5333333333333333,0.05036725954362721,0.785396688010776,0.42409836065573786,0.0,1.0,61.0,1.56,0.135,1.0,0.6052285886062109,0.5557189302262112,-0.049509658379999655,0.07295440117280277,1.0,0.5557189302262112,0.4934674278928564,1.0,5,0.0,0.135,0.0,5,0.0345074999999999,0.0,0.135,0.0,5,0.0345074999999999,0.0,0.0,0.0
477,2,10,0,6,0,mid,mid_r5-8,6,5-8,3,3,3,3,6,0,0,0,0,0,1,3,3,3,6,0.3079030047855971,0,0.3306714593563967,0.022768454570799568,0,1,-1,0.3601092964587288,0.5783839225247341,0.49563946370182704,0.46816739764983956,0.5783839225247341,0.490125254730633,81,-0.245,-0.37,0.125,-1.14,-1.0705555555555555,-1.605,1.3599999999999999,0.3849999999999999,0.8949999999999999,6,14,0.1728395061728395,1.9226235802469134,1.92743,1.81521,Draw,6,0.2962962962962963,0.3950617283950617,0.2962962962962963,0.13,4,0,2.469586046694435,0.525,0.17,-1.1526049999999999,1,Draw,-0.88,-0.28580246913580243,81.0,17.0,4.0,0.22222222222222224,5.0,0.29411764705882354,0.8361021671472015,4.764705882352941,0.7160493827160493,0.5680468678570393,0.18420347263386522,1.105,0.0,0.0,2.0,-0.42400000000000004,0.179,0.6,0.2785014038391004,0.5205870962939232,0.24208569245482287,1.807671760432433,8.0,0.5200980392156863,0.3174433780662689,0.85,5,0.17301058527310773,0.341,0.22897598127314575,5,0.4066440000000001,0.19488625869978612,0.325,0.24007811228847997,5,0.36516100000000007,0.22180748641558515,-0.016000000000000014,-0.04148300000000005
8462,7,13,1,3,1,late,late_r2-4,11,9-12,7,4,7,4,11,3,0,0,0,0,1,9,2,3,10,0.10579777426018874,1,0.3594054774554764,0.2536077031952877,3,0,3,0.2960574827309768,0.37903217681788487,0.5007952203313253,0.4456974081923979,0.37903217681788487,0.8985629670061606,115,2.63,2.615,0.01499999999999968,2.185,2.0238695652173915,0.01,2.62,0.3799999999999999,0.44499999999999984,17,63,0.5478260869565217,1.2865577999999998,1.23288,1.02132,PostGuard,6,0.2782608695652174,0.2956521739130435,0.41739130434782606,0.01499999999999968,6,0,1.8745304601602724,0.005,0.91,2.11934,1,PostGuard,-0.3700000000000001,-0.7345217391304347,115.0,23.0,4.0,0.17391304347826086,7.0,0.30434782608695654,0.8323048725918119,5.0,0.7565217391304347,0.7863975597793351,0.19100615542417085,2.2275,0.0,0.4,18.0,2.2950000000000004,0.33499999999999985,0.0,0.4059470368900671,0.5527123826435554,0.1467653457534882,1.320691933534684,7.8,0.49121409002594224,0.4168960782341423,0.65,5,0.17331232751261028,0.37899999999999984,0.05067050424063289,5,0.5523979999999998,0.12483579022059334,0.5669999999999998,0.2960489824336508,5,0.7271513999999997,0.37344866924023173,0.188,0.17475339999999984
3186,1,11,1,5,1,mid,mid_r5-8,11,9-12,6,5,6,5,11,1,0,0,0,0,1,9,2,5,11,0.07600417569818435,0,0.31805699862572967,0.24205282292754532,0,3,-3,0.30062700002895415,0.3661890429307302,0.3848036557336555,0.42476564039031867,0.3661890429307302,0.8985629670061606,119,1.3,0.815,0.4850000000000001,-1.62,-1.4021848739495801,-2.305,3.6050000000000004,0.9125000000000001,2.92,1,2,0.01680672268907563,1.8230679831932772,1.79377,2.06398,Hit,6,0.33613445378151263,0.3025210084033613,0.35294117647058826,2.005,1,1,2.779826386455033,0.285,0.485,0.2680100000000001,1,Hit,0.51,1.2966386554621845,119.0,24.0,4.0,0.3865546218487395,11.0,0.4583333333333333,0.6711255937217284,4.958333333333333,0.6554621848739496,0.7970840408484823,0.320619609922338,3.10625,0.0,0.0,2.0,0.28099999999999997,1.019,0.0,0.5584670907501247,0.6594000134147509,0.10093292266462613,1.7099443949614248,10.8,0.6181564115794609,0.5531716947801529,1.0,5,0.06019328037441522,1.48,0.20515238238928646,5,1.464704,0.2110514095072573,1.574,0.2270572615002657,5,1.592095,0.2388317669406647,0.09400000000000008,0.12739100000000003
8936,4,15,1,1,1,late,r1,14,13-16,7,7,7,7,14,0,0,0,0,0,1,10,4,5,12,0.13990804346069585,1,0.4226590849798436,0.28275104151914776,1,0,1,0.3154572163955043,0.3920501147430313,0.4697500164287665,0.6617780666044898,0.3920501147430313,1.143625594371477,145,1.015,1.0,0.014999999999999902,1.0,0.2243448275862069,-2.935,3.95,1.6949999999999998,0.014999999999999902,87,92,0.6344827586206897,0.5137587931034483,0.0,0.121552,Draw,6,0.38620689655172413,0.27586206896551724,0.3310344827586207,0.014999999999999902,6,0,0.11236071009937675,0.0,0.015,1.0,0,Draw,0.0,0.0,145.0,29.0,4.0,0.8068965517241379,28.0,0.9655172413793103,0.33681389250740446,5.0,0.5793103448275863,0.11712449851060928,1.159769567785603,0.9612820512820512,0.0,1.0,117.0,1.0,0.014999999999999902,0.0,0.7663752883023968,1.0,0.23362471169760327,0.05709748698385765,29.0,1.0,0.7615388801942021,1.0,5,3.1031676915590914e-17,0.1899999999999999,0.0,5,0.464126,0.0,0.1899999999999999,0.0,5,0.464126,0.0,0.0,0.0
966,6,3,1,13,1,early,early_r9+,3,2-4,2,1,2,1,3,1,0,0,0,0,1,1,2,2,3,0.17143287223866516,0,0.2555387713068199,0.08410589906815474,0,1,-1,0.40552509712839624,0.4544405972096534,0.10280154004142587,0.3784604690937569,0.4544405972096534,0.2450626273653165,55,1.15,1.125,0.02499999999999991,0.675,0.6842727272727275,0.27,0.8799999999999999,0.20000000000000018,0.47499999999999987,6,31,0.5636363636363636,2.0303290909090905,2.02877,2.12073,Draw,6,0.14545454545454545,0.509090909090909,0.32727272727272727,0.07499999999999996,6,0,2.766057657128716,0.305,0.4,0.15993499999999994,0,Pass,2.15,1.1379090909090912,55.0,11.0,4.0,0.2545454545454545,2.0,0.18181818181818182,0.8793539588062839,5.0,0.7818181818181819,0.45094609168690203,0.12388427487223053,0.5257142857142857,0.2,0.2,6.0,1.033,0.11699999999999995,0.6,0.024964032109677896,0.09299549741001181,0.06803146530033391,1.8762803405980908,4.4,0.0709090909090909,0.012211330152949623,1.0,5,0.26002254171228745,0.2999999999999999,0.1820370841339753,5,0.3449079999999999,0.1700617807812796,0.3679999999999998,0.07831028029575683,5,0.3760369999999999,0.10196477851444587,0.06799999999999995,0.031129000000000018
232,1,13,1,3,1,late,late_r2-4,3,2-4,1,2,1,2,3,-1,0,0,0,0,1,1,2,2,2,0.09805498502391603,1,0.49222195960867093,0.3941669745847549,1,0,1,0.590234676322429,0.8908838226553017,0.41225763166335144,0.710039324419586,0.8908838226553017,0.2450626273653165,59,1.575,1.47,0.10499999999999998,1.07,0.9951694915254238,0.075,1.5,0.39749999999999996,0.5049999999999999,7,29,0.4915254237288136,1.2572822033898303,1.27121,1.22245,Draw,6,0.2711864406779661,0.5084745762711864,0.2033898305084746,0.10499999999999998,4,0,1.9404638864813233,0.125,0.615,0.9637749999999999,1,Draw,-0.41500000000000004,-0.0012711864406779484,59.0,12.0,4.0,0.13559322033898305,2.0,0.16666666666666666,0.9316690956177023,4.916666666666667,0.7627118644067796,0.7876618322278178,0.13336978798211496,1.1195238095238096,0.0,1.0,7.0,1.3969999999999998,0.17799999999999994,1.0,0.48945847805202425,0.7739634602650629,0.28450498221303866,1.2098604336408392,1.4,0.7426573426573427,0.4465393138424395,0.9,5,0.14654493682108624,0.36099999999999993,0.3492742475476829,5,0.32003299999999996,0.36499137324736874,0.45899999999999996,0.3803189450974011,5,0.43304,0.41627634973656624,0.09800000000000003,0.11300700000000002
3968,6,10,0,6,0,mid,mid_r5-8,3,2-4,2,1,2,0,2,2,0,0,0,0,1,1,1,2,2,0.16851730885656274,1,0.49495470333234326,0.3264373944757805,2,0,2,0.6633747575032525,1.1432308868495598,0.9862595497210869,0.35526915930820196,0.6633747575032525,0.16337508491021102,49,0.95,0.8,0.1499999999999999,-0.105,0.049285714285714266,-0.5,1.45,0.5700000000000001,1.055,2,12,0.24489795918367346,1.7352446938775516,1.7099,1.78536,PreGuard,5,0.08163265306122448,0.5306122448979592,0.3673469387755102,0.2799999999999999,3,0,2.4729183127858008,0.325,0.42,0.05731999999999993,1,PreGuard,-1.05,-2.59469387755102,49.0,10.0,4.0,0.20408163265306123,1.0,0.1,0.9086283332445497,4.9,0.8367346938775511,0.5393492704628937,0.21533074545372957,0.925,0.0,0.8,10.0,0.649,0.30099999999999993,1.0,0.38960342111573987,0.6893593489164718,0.2997559278007319,1.6561720035439458,3.8,0.6945454545454545,0.3526546993494876,0.85,5,0.20974118399843325,0.45299999999999996,0.1021396103380074,5,0.48895999999999995,0.10933367853731073,0.701,0.26754438884043147,5,0.6995439999999998,0.2289367858001417,0.248,0.21058399999999988
2440,2,5,1,11,1,early,early_r9+,5,5-8,3,2,3,2,5,1,0,0,0,0,1,3,2,4,5,0.28237576483119103,1,0.38886779967618945,0.10649203484499842,2,0,2,0.4157840788498278,0.4518594260158661,0.23867910047710506,0.534067285648541,0.4518594260158661,0.40843771227552755,71,1.17,1.03,0.1399999999999999,0.625,0.6114788732394366,0.13,1.04,0.24999999999999994,0.5449999999999999,5,30,0.4225352112676056,2.0035783098591553,2.00858,2.08593,Hit,6,0.22535211267605634,0.4225352112676056,0.3380281690140845,0.1399999999999999,5,1,2.758512450265799,0.31,0.42,0.127035,1,Hit,0.125,-1.2397887323943664,71.0,15.0,4.0,0.2535211267605634,6.0,0.4,0.8310987096272244,4.733333333333333,0.7464788732394366,0.28416984279810664,0.17946692621176738,0.505,0.0,0.4,5.0,0.9460000000000001,0.22399999999999992,0.2,0.05746482548932248,0.18355284049041626,0.12608801500109382,1.8559622985108402,4.8,0.24112028227554783,0.03269676628729761,0.8,5,0.3142542516512977,0.3279999999999999,0.14554209013203023,5,0.2639969999999999,0.12299060460051413,0.3049999999999998,0.055226805085936345,5,0.24408899999999994,0.05634776541709533,-0.023000000000000076,-0.01990799999999998
1624,6,15,1,1,1,late,r1,7,5-8,3,4,3,4,7,-1,0,0,0,0,1,3,4,3,5,0.15061279701568903,1,0.21027980296585877,0.059667005950169744,1,0,1,0.2906741851642332,0.732490607349299,0.8267519035041075,0.5559321464248794,0.732490607349299,0.5718127971857385,91,1.265,1.26,0.004999999999999893,1.0,0.5285164835164835,-3.05,4.3149999999999995,0.345,0.2649999999999999,7,64,0.7032967032967034,0.3732340549450549,0.0,1.15532,Hit,6,0.3516483516483517,0.37362637362637363,0.26373626373626374,0.004999999999999893,6,1,1.4933471756701153,0.105,0.555,1.0,0,Draw,0.0,0.0,91.0,19.0,4.0,0.8021978021978022,18.0,0.9473684210526315,0.36307846077742373,4.7894736842105265,0.5494505494505495,0.05701152318024823,1.066005912620641,1.25,0.0,1.0,73.0,1.26,0.004999999999999893,0.0,0.6124273415654068,0.7474093186836598,0.134981977118253,0.04485171165103328,18.0,0.7474093186836598,0.559140706649323,1.0,5,0.0,0.0049999999999998,0.0,5,0.032575,0.0,0.0049999999999998,0.0,5,0.032575,0.0,0.0,0.0
9851,7,8,0,8,0,mid,mid_r5-8,6,5-8,3,3,3,3,6,0,0,0,0,0,1,2,4,3,6,0.16740154151021736,1,0.2629055797950268,0.09550403828480947,1,0,1,0.37252800004511194,0.3996649172262152,0.261969340162977,0.45975658686599136,0.3996649172262152,0.490125254730633,81,0.155,-0.06,0.215,-0.445,-0.46685185185185185,-1.155,1.31,0.26499999999999996,0.6,4,24,0.2962962962962963,1.9028020987654322,1.90378,2.0423,Hit,6,0.2962962962962963,0.3950617283950617,0.2962962962962963,0.215,5,1,2.651655008833409,0.535,0.265,-0.86615,1,Hit,1.105,-0.9941975308641976,81.0,17.0,4.0,0.19753086419753085,5.0,0.29411764705882354,0.8432777123889823,4.764705882352941,0.654320987654321,0.49732743168502164,0.1592321775150506,0.7988636363636363,0.0,0.4,11.0,-0.248,0.4029999999999999,0.4,0.14356707772515837,0.291094823535686,0.14752774581052763,1.6699516759625248,6.4,0.2475490196078432,0.12004948918959543,0.85,5,0.13757527448683493,0.611,0.4577581239038801,5,0.60106,0.487460272368426,0.537,0.14960782065119457,5,0.4722760000000001,0.19035419904089318,-0.07399999999999995,-0.12878399999999995
9879,2,15,1,1,1,late,r1,10,9-12,4,6,4,6,10,-2,0,0,0,0,1,4,6,4,8,0.27271807784596974,1,0.4696014787754537,0.19688340092948398,3,0,3,0.3110764538566039,0.44255923827604204,0.36136551137599504,0.7949739306417538,0.44255923827604204,0.8168754245510551,117,3.125,3.0,0.125,2.955,2.650769230769231,0.18,2.945,0.3849999999999998,0.16999999999999993,69,86,0.7350427350427351,0.3532337324786325,0.259808,0.599479,Hit,6,0.41025641025641024,0.3247863247863248,0.2564102564102564,0.125,6,1,1.0131889832468746,0.0,0.96,3.0,0,Draw,0.0,0.0,117.0,24.0,4.0,0.8034188034188035,23.0,0.9583333333333334,0.3499013977135025,4.875,0.6068376068376068,0.07417269349654805,0.6376913430347315,0.46499999999999986,0.0,1.0,94.0,3.0,0.125,0.0,0.6508449707526978,0.44536594457558853,-0.20547902617710925,0.03285229426185777,24.0,0.44536594457558853,0.6472008950238499,1.0,5,3.1031676915590914e-17,0.3250000000000002,0.0,5,0.45980750000000004,0.0,0.3250000000000002,0.0,5,0.45980750000000004,0.0,0.0,0.0
9832,1,9,1,7,1,mid,mid_r5-8,9,9-12,5,4,5,4,9,1,0,0,0,0,1,6,3,5,9,0.20610657200827018,1,0.28102198578445803,0.07491541377618785,1,0,1,0.341426636482862,0.4444343705846437,0.29156901344478536,0.5167205436664128,0.4444343705846437,0.7351878820959495,103,1.24,1.165,0.07499999999999996,0.335,0.39135922330097084,-0.105,1.345,0.3275,0.905,4,10,0.0970873786407767,1.8354704854368928,1.8315,1.80067,Hit,6,0.3106796116504854,0.3300970873786408,0.34951456310679613,0.07499999999999996,3,1,2.5316167291481153,0.23,0.425,0.362225,0,Freeze,0.2350000000000001,-0.26359223300970874,103.0,21.0,4.0,0.3883495145631068,8.0,0.38095238095238093,0.669664031289582,4.904761904761905,0.6990291262135923,0.4199622863047775,0.18987130568482166,1.1283333333333334,0.6,0.6,1.0,1.012,0.22799999999999998,0.6,0.13527282375463773,0.11175397725657943,-0.023518846498058268,1.6715342488927665,5.6,0.1575676086144994,0.1570560237718624,0.8,5,0.12528519818947678,0.27599999999999997,0.4498249659589827,5,0.32970299999999997,0.4806138837934252,0.6679999999999999,0.4869240187133923,5,0.7589819999999999,0.5081569593959134,0.39199999999999996,0.42927899999999997
4221,2,14,0,2,0,late,late_r2-4,14,13-16,7,7,7,7,14,0,0,0,0,0,1,13,1,3,12,0.161538045948934,1,0.2811561183755393,0.11961807242660527,2,0,2,0.2964143195748169,0.3882622006635516,0.5167703289109976,0.43399761878637627,0.3882622006635516,1.143625594371477,145,1.555,1.505,0.050000000000000044,0.45,-0.0167241379310345,-2.795,4.35,1.425,1.105,4,6,0.041379310344827586,1.647066751724138,1.53528,0.766143,PostGuard,6,0.38620689655172413,0.27586206896551724,0.3310344827586207,0.45999999999999996,2,0,1.1448969450851392,0.045,0.655,1.1719285,1,PostGuard,-0.44500000000000006,-1.2799310344827584,145.0,29.0,4.0,0.2896551724137931,9.0,0.3103448275862069,0.7329840378216925,5.0,0.6896551724137931,0.9116929358337286,0.2628076076541454,3.098690476190476,0.2,1.0,42.0,1.144,0.4109999999999999,1.0,0.706265789407082,0.5058231728078604,-0.2004426165992216,1.2277774918617381,2.2,0.3985767097812658,0.6858793843502594,0.85,5,0.028875577559358215,0.8139999999999998,0.1679434428609822,5,1.0618725,0.20073131031929223,0.9410000000000001,0.33431646683943045,5,1.2792105,0.4190570806823339,0.12700000000000022,0.21733800000000003
1999,2,5,1,11,1,early,early_r9+,2,2-4,0,2,0,2,2,-2,0,0,0,0,0,2,0,0,1,0.9202163481969904,0,1.3170087077920178,0.39679235959502746,0,2,-2,2.034820655883216,2.034820655883216,1.0081985,0.1366000000000014,2.034820655883216,0.16337508491021102,53,0.875,0.81,0.06499999999999995,0.42,0.43867924528301894,0.16,0.715,0.23500000000000004,0.455,8,32,0.6037735849056604,1.915393018867925,1.92715,1.9873,Draw,5,0.3018867924528302,0.5660377358490566,0.11320754716981132,0.06499999999999995,5,0,2.5865103015823228,0.245,0.36,-0.07230999999999999,0,Hit,2.8449999999999998,1.4803773584905657,53.0,11.0,4.0,0.20754716981132076,3.0,0.2727272727272727,0.9040180587189248,4.818181818181818,0.8301886792452831,0.3705871374321858,0.12878327123867528,0.39874999999999994,0.0,0.2,8.0,0.596,0.279,0.4,0.07923008265979285,0.07510820817364808,-0.0041218744861447835,1.7762447330772884,5.4,0.040000000000000015,0.07037952925899595,0.95,5,0.2595810149695992,0.21499999999999994,0.15297058540778355,5,0.159013,0.1987212705839513,0.35,0.18031222920256965,5,0.34631399999999996,0.23173794473499582,0.13500000000000004,0.18730099999999997
99,4,13,1,3,1,late,late_r2-4,3,2-4,0,3,0,2,2,-2,0,0,0,0,1,1,1,1,2,0.33259525857264094,0,0.6773669126913426,0.3447716541187017,0,2,-2,0.9125965760203172,1.2229030407239645,0.939270816521341,0.46977423182725686,0.9125965760203172,0.16337508491021102,57,0.635,0.48,0.15500000000000003,-0.86,-0.5702631578947369,-1.375,2.01,1.0550000000000002,1.495,3,9,0.15789473684210525,1.4699384210526316,1.49157,1.17974,Hit,5,0.3508771929824561,0.5263157894736842,0.10526315789473684,0.15500000000000003,2,1,1.8801390535518974,0.255,0.235,0.04513,1,Hit,0.37,0.7958771929824561,57.0,12.0,4.0,0.17543859649122806,1.0,0.08333333333333333,0.9246796535245204,4.75,0.8771929824561402,0.9309138524466809,0.13801564853418788,1.659375,0.4,1.0,3.0,0.5359999999999999,0.099,1.0,0.6941558536141966,0.8778218664120111,0.18366601279781442,1.337424124888811,1.4,0.8587412587412586,0.7054356241044376,0.95,5,0.05237212136443851,0.143,0.23647410006171923,5,0.16637600000000002,0.24271366078158849,0.13599999999999993,0.0760263112349928,5,0.23803999999999995,0.13306840534101247,-0.007000000000000062,0.07166399999999992
964,0,8,0,8,0,mid,mid_r5-8,4,2-4,1,3,1,2,3,-1,0,0,0,0,1,3,0,1,3,0.36190999549036995,0,0.7888155829824899,0.42690558749211993,0,2,-2,0.4504449910937441,0.9548508353703564,0.8702030140316727,0.7497092415563525,0.48283363129464063,0.2450626273653165,63,-0.295,-0.38,0.08500000000000002,-1.185,-1.067142857142857,-1.59,1.2950000000000002,0.5449999999999999,0.8900000000000001,5,16,0.25396825396825395,1.9345234920634922,1.93282,1.76011,Hit,6,0.31746031746031744,0.47619047619047616,0.19047619047619047,0.14,3,1,2.4373736388350147,0.59,0.16,-1.175055,1,Hit,-0.685,0.46182539682539675,63.0,13.0,4.0,0.2857142857142857,4.0,0.3076923076923077,0.8359400997673024,4.846153846153846,0.7777777777777778,0.7531544686738086,0.15979558649939501,1.2750000000000001,0.6,0.6,1.0,-0.354,0.05900000000000001,0.6,0.2978189244940319,0.6252084116077511,0.3273894871137193,1.7859597749457312,4.6,0.6516483516483516,0.3447663084949637,0.85,5,0.09849261138637933,0.12,0.11302654555457314,5,0.15070199999999997,0.1191188547523019,0.17400000000000002,0.149390428073555,5,0.20920099999999997,0.1587023143892363,0.05400000000000002,0.058498999999999995
6357,7,5,1,11,1,early,early_r9+,5,5-8,2,3,2,3,5,-1,0,0,0,0,1,3,2,4,5,0.2418171591653685,1,0.2745015417971272,0.03268438263175871,1,0,1,0.3813097449602013,0.41357540848159846,0.23639607765206597,0.35328293816713013,0.41357540848159846,0.40843771227552755,75,0.895,0.87,0.025000000000000022,0.54,0.5252666666666667,0.04,0.855,0.23250000000000004,0.355,20,58,0.7733333333333333,2.034582133333333,2.03313,2.03813,Draw,6,0.32,0.4266666666666667,0.24,0.025000000000000022,6,0,2.698667948970207,0.315,0.355,-0.06181499999999995,0,Hit,0.21499999999999997,-0.0002666666666666728,75.0,15.0,4.0,0.18666666666666668,4.0,0.26666666666666666,0.8896551654806248,5.0,0.7333333333333333,0.2828016902346145,0.14980038421878294,0.4483333333333334,0.0,0.4,14.0,0.78,0.11499999999999999,0.6,0.14597515252501347,0.2908579799430493,0.14488282741803582,1.9032800728273744,9.0,0.35785714285714276,0.15330599001438006,0.9,5,0.3483017629096486,0.19799999999999995,0.12940247292845683,5,0.23485199999999998,0.1481149126776234,0.25799999999999995,0.09378166132032428,5,0.31504000000000004,0.08154624937727063,0.06,0.08018800000000006
632,7,12,0,4,0,late,late_r2-4,6,5-8,3,3,3,3,6,0,0,0,0,0,1,3,3,4,6,0.28975744541398935,0,0.33503120977156914,0.04527376435757979,0,2,-2,0.4478866076183129,0.5279734740526503,0.4607324105114233,0.35158354941922726,0.5279734740526503,0.490125254730633,81,-0.195,-0.215,0.01999999999999999,-1.085,-1.0645679012345677,-2.115,1.9200000000000002,0.4800000000000001,0.8899999999999999,6,16,0.19753086419753085,1.7162154320987653,1.71694,1.67838,Draw,6,0.2962962962962963,0.3950617283950617,0.2962962962962963,0.01999999999999999,3,0,2.3350059029213264,0.54,0.135,-1.03419,1,Draw,0.95,0.4146913580246913,81.0,17.0,4.0,0.2716049382716049,6.0,0.35294117647058826,0.7783229894721307,4.764705882352941,0.6666666666666666,0.5720764640579064,0.22923609722655341,1.7899999999999998,0.0,0.6,12.0,-0.358,0.16299999999999998,0.0,0.43128287867818305,0.5076209615483389,0.07633808287015591,1.5140053733832588,7.4,0.5236358388901754,0.4142180188018198,0.9,5,0.10541076512845063,0.29999999999999993,0.25973544232545553,5,0.36939700000000003,0.2139628125866735,0.20799999999999996,0.17155902774264026,5,0.29591900000000004,0.15750627981131418,-0.09199999999999997,-0.07347799999999999
3130,2,11,1,5,1,mid,mid_r5-8,7,5-8,3,4,3,4,7,-1,0,0,0,0,1,4,3,5,7,0.35879523254915296,0,0.38154951589570846,0.022754283346555493,0,3,-3,0.3038567019517567,0.41420105555462633,0.2631215637369867,0.590848498486088,0.41420105555462633,0.5718127971857385,91,1.315,1.175,0.1399999999999999,0.365,0.40928571428571425,-0.19,1.505,0.455,0.95,3,13,0.14285714285714285,1.741156043956044,1.74929,1.43728,Freeze,6,0.3516483516483517,0.37362637362637363,0.26373626373626374,0.23499999999999988,4,0,2.2241255678886978,0.16,0.475,0.59636,1,Freeze,0.5399999999999999,2.2574175824175824,91.0,19.0,4.0,0.2857142857142857,9.0,0.47368421052631576,0.7684762083486606,4.7894736842105265,0.6483516483516484,0.6008247610668886,0.2063346166268422,0.75,0.0,0.2,10.0,0.8880000000000001,0.42699999999999994,0.2,0.28206387872276756,0.34384342747500846,0.0617795487522409,1.5590296418409608,5.0,0.35873410560220986,0.2558310218280558,0.85,5,0.16615362927054292,0.619,0.3241604540964243,5,0.7516499999999999,0.37302612470509344,0.8320000000000001,0.27332672756245413,5,1.013644,0.2952349954570087,0.21300000000000008,0.26199400000000006
2941,4,13,1,3,1,late,late_r2-4,12,9-12,7,5,6,5,11,1,1,0,1,1,1,5,6,5,10,0.2369321152250174,1,0.2745580709722456,0.03762595574722821,2,0,2,0.31805052320914495,0.5104981338384967,0.570896176767283,0.8407215364643645,0.4267828687928797,0.8985629670061606,125,1.365,1.26,0.10499999999999998,0.29,0.30876,-0.625,1.99,0.31,1.075,5,11,0.088,1.5522820000000002,1.5446,1.08249,PreGuard,7,0.32,0.336,0.336,0.10499999999999998,3,0,1.4774856589585732,0.14,0.635,0.823755,1,PreGuard,-0.635,-1.3188000000000002,125.0,25.0,4.0,0.28,12.0,0.48,0.7509011799891063,5.0,0.696,0.6366138332828624,0.20771793237886702,1.3943750000000001,0.2,0.8,24.0,1.003,0.362,0.8,0.39661050981218815,0.670188279569789,0.2735777697576008,1.3194050192634965,4.2,0.6931154226444883,0.3834969128085298,0.8,5,0.08470464070835605,1.3050000000000002,0.03354101966249685,5,1.617005,0.015746146353949587,1.209,0.1674962686151545,5,1.500272,0.19672131438280913,-0.09600000000000009,-0.11673299999999998
6374,0,11,1,5,1,mid,mid_r5-8,10,9-12,5,5,5,5,10,0,0,0,0,0,1,6,4,6,9,0.1672493061300995,0,0.24110000912691604,0.07385070299681654,0,2,-2,0.31178982687701634,0.3907161063602181,0.3094211609412543,0.5812611603229656,0.3907161063602181,0.8168754245510551,113,1.54,1.19,0.3500000000000001,-0.665,-0.5029646017699115,-1.19,2.73,0.45499999999999996,2.205,1,3,0.02654867256637168,1.9015834513274337,1.88053,2.19281,Hit,6,0.35398230088495575,0.3185840707964602,0.3185840707964602,1.62,1,1,2.8683327539349923,0.245,0.515,0.44359499999999996,1,Hit,0.04499999999999993,1.1100442477876107,113.0,23.0,4.0,0.24778761061946902,8.0,0.34782608695652173,0.741230492721555,4.913043478260869,0.7168141592920354,0.8306973311722011,0.18055229641970774,2.3449999999999998,0.2,0.6,4.0,0.6519999999999999,0.8880000000000001,0.0,0.36122799938649336,0.6258032543806817,0.2645752549941883,1.6379815543897158,5.4,0.667917682729285,0.3968910582998086,0.95,5,0.10542239108153652,1.1720000000000002,0.3621394758929216,5,1.151853,0.307927789903737,1.173,0.17409049370944982,5,1.141084,0.12487247486936423,0.0009999999999998899,-0.010769000000000029
156,7,14,0,2,0,late,late_r2-4,14,13-16,7,7,7,7,14,0,0,0,0,0,1,9,5,6,12,0.08285630542336189,1,0.3028276359977735,0.21997133057441162,1,0,1,0.31534376330412633,0.4234551971507593,0.4370573250842874,0.6734332617343793,0.4234551971507593,1.143625594371477,145,1.105,1.1,0.004999999999999893,0.25,0.29051724137931034,-1.485,2.59,0.485,0.855,9,34,0.23448275862068965,1.1154813172413793,1.15064,1.00696,Hit,6,0.38620689655172413,0.27586206896551724,0.3310344827586207,0.16999999999999993,5,1,1.4704763204697695,0.085,0.21,0.7474000000000001,0,PostGuard,-0.08499999999999996,-0.6078620689655173,145.0,29.0,4.0,0.2896551724137931,11.0,0.3793103448275862,0.7429633052193106,5.0,0.6620689655172414,0.6574961398756618,0.25070787710432546,2.535,0.0,0.0,5.0,0.546,0.5589999999999999,0.0,0.4774122651920121,0.4245882636595907,-0.05282400153242147,0.9456201523114174,15.6,0.4153607711723872,0.48122240795007104,0.95,5,0.034762373023392884,0.6449999999999999,0.17888543819998318,5,0.9081410000000002,0.2120932837338326,0.6449999999999999,0.17888543819998318,5,0.9081410000000002,0.21209328373383257,0.0,0.0
1570,1,4,0,12,0,early,early_r9+,2,2-4,1,1,1,1,2,0,0,0,0,0,0,0,2,2,2,0.20443595550685148,1,0.3582745026163556,0.1538385471095041,1,0,1,0.35033115032637213,0.35033115032637213,0.1471665,0.09499999999999886,0.35033115032637213,0.16337508491021102,49,-0.32,-0.325,0.0050000000000000044,-0.62,-0.6302040816326531,-1.015,0.6949999999999998,0.21499999999999997,0.3,17,41,0.8367346938775511,1.94232693877551,1.95867,1.9307,Draw,6,0.16326530612244897,0.5714285714285714,0.24489795918367346,0.0050000000000000044,6,0,2.6467196177604224,0.58,0.165,-1.28535,1,Draw,-1.32,-1.749795918367347,49.0,10.0,4.0,0.20408163265306123,1.0,0.1,0.9299503184750287,4.9,0.7959183673469388,0.1518190647117449,0.1503407609007932,0.21750000000000003,0.0,0.0,8.0,-0.45500000000000007,0.135,0.6,0.04657990363974688,0.004737788591317326,-0.04184211504842955,1.9070500842952764,5.4,-0.12484848484848483,0.015206609094452334,0.85,5,0.15498292110065723,0.22799999999999992,0.18896428233928236,5,0.1989329999999999,0.22693241002554043,0.29399999999999993,0.20628863274548115,5,0.339008,0.16859280172949265,0.066,0.1400750000000001
7117,6,12,0,4,0,late,late_r2-4,3,2-4,2,1,1,1,2,0,0,0,0,0,1,2,0,1,1,0.2212969964210978,0,1.5339474361594025,1.3126504397383048,0,1,-1,1.5792751663421436,1.6664632160736061,1.3468367518642421,0.22951241070292377,1.5792751663421436,0.16337508491021102,49,-0.14,-0.185,0.044999999999999984,-1.365,-1.1603061224489797,-1.68,1.54,0.78,1.225,2,10,0.20408163265306123,1.2976826530612244,1.27922,1.36396,Hit,6,0.16326530612244897,0.5714285714285714,0.24489795918367346,0.43499999999999994,2,1,1.868988803729021,0.59,0.14,-0.82198,1,Hit,-2.055,-0.6512244897959184,49.0,10.0,4.0,0.24489795918367346,3.0,0.3,0.8549591941439532,4.9,0.7959183673469388,0.7533191595405556,0.18522898705059415,1.1166666666666665,0.2,1.0,6.0,-0.397,0.25699999999999995,1.0,0.5290497354081632,0.788804946563756,0.25975521115559264,1.144068514725138,1.8,0.7627378818195503,0.5243446273584985,0.95,5,0.06106487577599595,0.22699999999999995,0.19841874911408955,5,0.18233199999999994,0.1464529804920337,0.358,0.17967331465746383,5,0.33204799999999995,0.17171757916707311,0.13100000000000003,0.14971600000000002
6164,7,6,0,10,0,mid,early_r9+,2,2-4,1,1,1,1,2,0,0,0,0,0,1,2,0,1,2,0.3337644597556788,1,1.0247903837560182,0.6910259240003394,1,0,1,1.011373114181707,1.011373114181707,0.13920155,0.4861499999999985,1.011373114181707,0.16337508491021102,49,-0.25,-0.295,0.044999999999999984,-0.595,-0.5826530612244898,-0.93,0.68,0.26999999999999996,0.345,18,40,0.8163265306122449,1.933373469387755,1.92379,1.88613,Hit,6,0.16326530612244897,0.5714285714285714,0.24489795918367346,0.044999999999999984,6,1,2.547136756401684,0.56,0.18,-1.193065,1,Hit,-0.82,-1.6355102040816327,49.0,10.0,4.0,0.24489795918367346,1.0,0.1,0.9174063126702162,4.9,0.7551020408163265,0.20637630190669481,0.15827273593480734,0.2385714285714285,0.0,0.4,7.0,-0.49099999999999994,0.24100000000000002,0.4,-0.02544878474293829,0.008359858876425888,0.03380864361936418,1.8902201078892567,5.4,0.010909090909090913,-0.05048615120723662,0.95,5,0.4173344467189529,0.35,0.21313141485947118,5,0.31544799999999995,0.1886785268850168,0.418,0.1325047168971732,5,0.39435699999999996,0.09435195099996607,0.068,0.078909
4376,5,5,1,11,1,early,early_r9+,5,5-8,2,3,2,3,5,-1,0,0,0,0,1,4,1,4,5,0.08965228874763946,0,0.3097153990424122,0.2200631102947727,0,2,-2,0.3456779657364514,0.3867023723998365,0.1408322340698975,0.39275051928673504,0.3867023723998365,0.40843771227552755,75,0.9,0.845,0.05500000000000005,0.205,0.20866666666666667,-0.22,1.12,0.29750000000000004,0.6950000000000001,3,16,0.21333333333333335,2.039916266666667,2.05031,1.96469,Hit,6,0.32,0.4266666666666667,0.24,0.42500000000000004,3,1,2.6623843547399675,0.315,0.37,-0.082345,1,Hit,1.82,2.0076000000000005,75.0,15.0,4.0,0.30666666666666664,7.0,0.4666666666666667,0.7272821524554033,5.0,0.6533333333333333,0.49327680877017455,0.16739567717527565,0.65,0.0,0.2,4.0,0.6039999999999999,0.2960000000000001,0.4,0.1993253288358559,0.14197339655187108,-0.05735193228398481,1.7962722114092788,5.6,0.22071428571428564,0.2005546682071287,0.85,5,0.21908798861808607,0.49800000000000005,0.2400676987851552,5,0.458697,0.26830259541700296,0.43900000000000006,0.26147179580214763,5,0.38076499999999996,0.2942071885381117,-0.059,-0.07793200000000006
4444,0,12,0,4,0,late,late_r2-4,6,5-8,3,3,2,3,5,-1,0,0,0,0,1,2,3,3,4,0.17143329105223376,1,0.31387386396608485,0.1424405729138511,1,0,1,0.3340145692930194,0.8635053407942109,1.0718767471733146,0.4483788294759496,0.673505657584159,0.40843771227552755,75,-0.345,-0.395,0.050000000000000044,-0.905,-0.9302,-1.64,1.295,0.28749999999999987,0.56,5,31,0.41333333333333333,1.7246906666666666,1.7258,1.60187,Draw,6,0.32,0.4266666666666667,0.24,0.11500000000000005,5,0,2.183561038537683,0.525,0.08,-1.145935,1,Draw,-1.345,-1.5351333333333335,75.0,15.0,4.0,0.29333333333333333,4.0,0.26666666666666666,0.8142525689621888,5.0,0.6933333333333334,0.726378644408642,0.143155469743825,0.95,0.0,0.4,14.0,-0.6779999999999999,0.333,0.2,0.2514845980129307,0.0831263923433785,-0.16835820566955223,1.6057510501951842,6.0,0.05857015135040583,0.23825280061477655,0.85,5,0.12911452979615393,0.8619999999999999,0.35329874044496684,5,0.976157,0.4111860682464813,0.64,0.3574912586343895,5,0.747475,0.38449637282099286,-0.22199999999999986,-0.22868200000000005
5083,5,6,0,10,0,mid,early_r9+,6,5-8,3,3,3,3,6,0,0,0,0,0,1,3,3,6,6,0.0190400458321399,1,0.31008666666983903,0.2910466208376991,1,0,1,0.3088541703253488,0.3909313098854055,0.2720002429812727,0.34628461158737883,0.3909313098854055,0.490125254730633,81,-0.245,-0.255,0.010000000000000009,-0.755,-0.7453703703703703,-1.22,0.975,0.29000000000000004,0.51,12,39,0.48148148148148145,2.023844444444444,2.01323,2.01121,PostGuard,6,0.2962962962962963,0.3950617283950617,0.2962962962962963,0.09000000000000002,5,0,2.664636097197914,0.54,0.2,-1.2506050000000002,1,PostGuard,-1.245,-1.4439506172839505,81.0,17.0,4.0,0.22222222222222224,4.0,0.23529411764705882,0.8738273562381895,4.764705882352941,0.7037037037037037,0.3775741679970061,0.16349961507103375,0.5599999999999999,0.0,0.2,18.0,-0.635,0.39,0.2,0.04035020310155242,-0.07645452469093712,-0.11680472779248956,1.925207411183995,11.2,-0.0887447312583102,0.04697721096882005,0.8,5,0.2011467112499478,0.43599999999999994,0.21087318463948898,5,0.49516899999999975,0.19964596894878692,0.5740000000000001,0.17001470524634038,5,0.6289049999999997,0.17587595692703428,0.13800000000000012,0.13373599999999997
894,4,13,1,3,1,late,late_r2-4,9,9-12,3,6,3,5,8,-2,0,0,0,0,1,6,2,3,5,0.24522121675681374,1,0.3478679739800713,0.10264675722325756,2,0,2,0.3264562020812148,0.7618548380636359,1.0257727283814926,0.7797367159322687,0.7466405361033029,0.6535003396408441,105,2.14,1.995,0.14500000000000002,1.31,1.2635714285714288,-0.245,2.3850000000000002,0.33999999999999986,0.8300000000000001,4,15,0.14285714285714285,1.3560674476190475,1.32279,1.20433,Draw,6,0.41904761904761906,0.34285714285714286,0.22857142857142856,0.14500000000000002,5,0,2.129241914738375,0.055,0.76,1.5378350000000003,1,Draw,-0.29499999999999993,-0.5149047619047619,105.0,21.0,4.0,0.19047619047619047,6.0,0.2857142857142857,0.814281352832128,5.0,0.7047619047619048,0.7300199184004872,0.1877252693082864,2.3425000000000002,0.8,0.8,1.0,2.0780000000000003,0.06200000000000001,0.8,0.3248298499274286,0.49860074637918206,0.17377089645175348,1.2348585662539546,3.0,0.5057142857142857,0.3046883331179873,0.8,5,0.09267209844104417,0.562,0.6770395114023997,5,0.6821330000000001,0.7432341700769683,0.6180000000000001,0.6549102992013487,5,0.7884520000000002,0.7007657503634862,0.05600000000000005,0.10631900000000005
8445,1,11,1,5,1,mid,mid_r5-8,9,9-12,5,4,5,4,9,1,0,0,0,0,1,6,3,4,8,0.26772963238851627,1,0.42741593351792617,0.1596863011294099,3,0,3,0.3093307610550396,0.4877185638118439,0.4518037795388539,0.584313656257399,0.4877185638118439,0.7351878820959495,103,2.34,2.31,0.029999999999999805,1.6,1.5166504854368932,0.44,1.9,0.355,0.7399999999999998,5,17,0.1650485436893204,1.8692620388349515,1.84905,1.70716,PostGuard,6,0.3106796116504854,0.3300970873786408,0.34951456310679613,0.10999999999999988,5,0,2.6179274708183224,0.09,0.73,1.4864199999999999,1,PostGuard,-0.6600000000000001,-1.2083495145631067,103.0,21.0,4.0,0.2524271844660194,9.0,0.42857142857142855,0.7442960931875153,4.904761904761905,0.6796116504854369,0.682744542388883,0.20499396132620135,1.415,0.0,0.2,19.0,1.7659999999999996,0.5739999999999998,0.2,0.308808631521979,0.38069936089138945,0.07189072936941038,1.6658114676998914,6.0,0.33044208998870717,0.3059164177104211,0.75,5,0.12485671895826646,0.6209999999999999,0.2795845131619418,5,0.6753599999999998,0.2506028815177512,0.9049999999999999,0.4044595158974505,5,1.041751,0.4654350880547147,0.28400000000000003,0.36639100000000024
7871,7,15,1,1,1,late,r1,15,13-16,8,7,8,7,15,1,0,0,0,0,1,9,6,8,12,0.20682640063589564,0,0.2478529396557551,0.041026539019859476,0,1,-1,0.30697755129813664,0.4144003065248703,0.3776885454961956,0.7151660620210295,0.4144003065248703,1.2253131368265826,151,3.185,3.095,0.08999999999999986,-0.985,-0.4807284768211921,-1.0,4.1850000000000005,0.8075,4.17,2,2,0.013245033112582781,0.4927760794701987,0.198997,1.37869,Hit,6,0.3708609271523179,0.26490066225165565,0.3576158940397351,2.73,1,1,2.2642828944917412,0.03,0.885,2.495655,1,Hit,0.0,0.0,151.0,31.0,4.0,0.8013245033112583,30.0,0.967741935483871,0.3419626486511174,4.870967741935484,0.5695364238410596,0.0864678226821785,0.937655513591151,0.6478512396694215,0.0,1.0,121.0,2.485,0.7000000000000002,1.0,0.6655071230311331,0.7187952884282609,0.053288165397127774,0.042540167222471774,1.0,0.7187952884282609,0.664544463681878,1.0,5,0.0,0.7000000000000002,0.0,5,0.9540250000000003,0.0,0.7000000000000002,0.0,5,0.9540250000000003,0.0,0.0,0.0
8198,0,4,0,12,0,early,early_r9+,3,2-4,1,2,1,2,3,-1,0,0,0,0,1,1,2,2,2,0.08192252671494146,0,0.36484834606312894,0.2829258193481875,0,1,-1,0.4440722927276175,0.8109728044150817,0.7901915672848453,0.19521860111736894,0.8109728044150817,0.2450626273653165,59,-0.365,-0.375,0.010000000000000009,-0.76,-0.781864406779661,-1.335,0.97,0.22750000000000004,0.395,10,43,0.7288135593220338,2.032356949152543,2.01588,1.88727,Hit,6,0.2711864406779661,0.5084745762711864,0.2033898305084746,0.135,5,1,2.604768440969862,0.595,0.175,-1.308635,1,Hit,0.635,-0.0821186440677966,59.0,12.0,4.0,0.13559322033898305,1.0,0.08333333333333333,0.9603234645720283,4.916666666666667,0.7627118644067796,0.36802759022499404,0.1343485722683136,0.5283333333333332,0.0,0.2,6.0,-0.603,0.238,0.0,0.12648193336793684,0.16429879423783725,0.03781686086990044,1.9936556430694865,5.6,0.17202797202797204,0.13436722315137112,0.9,5,0.40599844244278394,0.387,0.12347064428438044,5,0.46340000000000003,0.13498691691234377,0.5149999999999999,0.3205074102107469,5,0.585421,0.3424746009633414,0.1279999999999999,0.12202099999999994
6829,6,13,1,3,1,late,late_r2-4,2,2-4,0,2,0,2,2,-2,0,0,0,0,1,2,0,1,2,0.5841687809847066,0,0.8012909691341843,0.2171221881494777,0,2,-2,0.9119164082578832,0.9119164082578832,0.4089193,0.20169999999999888,0.9119164082578832,0.16337508491021102,53,0.45,0.35,0.10000000000000003,-0.72,-0.6121698113207548,-1.5,1.95,0.8049999999999999,1.17,5,9,0.16981132075471697,1.4580609433962262,1.50834,1.30671,Hit,5,0.3018867924528302,0.5660377358490566,0.11320754716981132,0.23500000000000001,2,1,1.7916153663285412,0.3,0.18,-0.203355,1,Hit,1.44,0.9750943396226414,53.0,11.0,4.0,0.1509433962264151,3.0,0.2727272727272727,0.9200220637046872,4.818181818181818,0.8113207547169811,0.8538781605594311,0.1815565890621766,1.4800000000000002,0.0,1.0,6.0,0.271,0.17900000000000005,1.0,0.6111599083887221,0.8396416916354932,0.2284817832467711,1.378787499184717,1.6,0.8185715771621325,0.6224613512573316,0.95,5,0.12418263671914774,0.179,0.15553938408004578,5,0.17988899999999997,0.19395711063918228,0.199,0.13131070024944655,5,0.19158999999999995,0.18177382869929326,0.020000000000000018,0.01170099999999999
4702,2,8,0,8,0,mid,mid_r5-8,3,2-4,2,1,1,1,2,0,0,0,0,0,1,1,1,2,2,0.34088950059409096,0,0.37229401451138094,0.03140451391728999,0,1,-1,0.618737871331381,1.0137992327639802,0.912025884763267,0.3006615964095763,0.618737871331381,0.16337508491021102,49,-0.045,-0.225,0.18,-0.855,-0.786734693877551,-1.245,1.2000000000000002,0.355,0.8099999999999999,3,10,0.20408163265306123,1.7613028571428573,1.76057,1.91128,Draw,6,0.16326530612244897,0.5714285714285714,0.24489795918367346,0.445,3,0,2.5680255496361832,0.515,0.19,-1.00064,1,Draw,-0.53,-0.15438775510204084,49.0,10.0,4.0,0.2857142857142857,4.0,0.4,0.8323117961358444,4.9,0.7551020408163265,0.5496853491625013,0.175796548111081,0.9349999999999999,0.6,0.6,1.0,-0.185,0.13999999999999999,0.6,0.092862933324337,0.24250702407640698,0.14964409075207002,1.6869865373182045,2.4,0.0834334204982232,0.06670594866985216,0.9,5,0.27463362966336974,0.483,0.20145098659475458,5,0.399338,0.19300416846534688,0.689,0.2315005399561737,5,0.59085,0.24365322699484204,0.20599999999999996,0.19151199999999996
4058,3,5,1,11,1,early,early_r9+,5,5-8,3,2,3,2,5,1,0,0,0,0,1,3,2,3,5,0.10995631634426478,1,0.25332781600292004,0.14337149965865525,1,0,1,0.2962460501313231,0.45900186403524473,0.23845316458683957,0.45810116349994257,0.45900186403524473,0.40843771227552755,71,0.985,0.935,0.04999999999999993,0.64,0.6196478873239437,0.12,0.865,0.2525,0.345,19,55,0.7746478873239436,2.005121549295774,2.00234,1.97352,Hit,6,0.22535211267605634,0.4225352112676056,0.3380281690140845,0.04999999999999993,6,1,2.6792097755471835,0.315,0.385,-0.0017599999999999838,1,Hit,-0.42000000000000004,-0.4353521126760564,71.0,15.0,4.0,0.2535211267605634,5.0,0.3333333333333333,0.8545539727353347,4.733333333333333,0.7464788732394366,0.4611235183663564,0.1254015271736545,0.48583333333333345,0.2,0.4,6.0,0.884,0.10099999999999998,0.4,0.10561820780899867,0.23177155653112907,0.1261533487221304,1.7950336070968198,5.4,0.2275047895788352,0.08162695870142253,0.75,5,0.11387898571065566,0.253,0.16965405978048392,5,0.23353399999999996,0.14395094964952476,0.23399999999999999,0.1444126033281029,5,0.24272300000000002,0.12632657284791668,-0.019000000000000017,0.009189000000000058
7591,4,13,1,3,1,late,late_r2-4,8,5-8,4,4,4,4,8,0,0,0,0,0,1,4,4,3,7,0.03654506647975652,1,0.3226430069039153,0.28609794042415876,3,0,3,0.3591807446654235,0.5195724087684908,0.41975348285819924,0.7478727816279988,0.5195724087684908,0.6535003396408441,97,3.245,3.175,0.07000000000000028,2.19,2.2296907216494843,0.63,2.615,0.7600000000000002,1.0550000000000002,5,21,0.21649484536082475,1.29611106185567,1.31697,1.07934,PostGuard,6,0.32989690721649484,0.35051546391752575,0.30927835051546393,0.30500000000000016,4,0,1.974377028288004,0.005,0.905,2.70533,1,PostGuard,0.2450000000000001,-0.745257731958763,97.0,20.0,4.0,0.24742268041237114,6.0,0.3,0.8363572247418176,4.85,0.7422680412371134,0.6514205826252147,0.2934457403589435,2.1075,0.0,0.8,24.0,2.9549999999999996,0.29000000000000015,0.6,0.5560471275217733,0.5935109779817829,0.037463850460009517,1.2356833169638768,3.8,0.5278195488721804,0.5201087591275463,0.85,5,0.09952263541125965,0.4120000000000001,0.3905220864432638,5,0.46976690000000004,0.45133572310620407,0.914,0.3815822322907606,5,0.9885901,0.4776322340541413,0.502,0.5188231999999999
1445,7,8,0,8,0,mid,mid_r5-8,5,5-8,3,2,3,1,4,2,0,0,0,0,1,2,2,2,3,0.06651779277945057,0,0.49123346772079507,0.4247156749413445,0,1,-1,0.5415905486899176,0.9572128644953434,0.7804004880124307,0.7584751924750065,0.7712899929551437,0.32675016982042204,65,-0.23,-0.405,0.17500000000000002,-0.72,-0.7003076923076923,-0.99,0.76,0.20999999999999996,0.49,6,36,0.5538461538461539,1.8033276923076924,1.7983,1.71088,Draw,6,0.18461538461538463,0.4307692307692308,0.36923076923076925,0.19499999999999998,6,0,2.376559345850683,0.58,0.145,-1.08544,1,Draw,0.345,-0.01338461538461538,65.0,13.0,4.0,0.24615384615384617,2.0,0.15384615384615385,0.8812850289840422,5.0,0.7384615384615385,0.48341244977560754,0.106499800092161,0.40999999999999986,0.4,0.8,7.0,-0.40700000000000003,0.177,0.2,0.11481440858848062,0.15564525315260527,0.040830844564124655,1.7239665828906017,3.6,0.19450549450549448,0.10238354755904992,0.85,5,0.10556285765068826,0.28300000000000003,0.19791412279066897,5,0.34205399999999997,0.23549483591471815,0.271,0.27295604041676746,5,0.302871,0.2958068791542888,-0.01200000000000001,-0.03918299999999997
5373,5,13,1,3,1,late,late_r2-4,10,9-12,5,5,4,5,9,-1,0,0,0,0,1,6,3,5,8,0.28017059857165594,1,0.322056828477521,0.04188622990586505,2,0,2,0.2979577550116133,0.5371267407863465,0.7370516686413456,0.5484812412471374,0.4364135400367702,0.7351878820959495,107,1.945,1.845,0.10000000000000009,1.015,1.0153271028037383,-0.515,2.46,0.645,0.9300000000000002,7,21,0.19626168224299065,1.5724235981308416,1.5433,1.18405,Freeze,6,0.37383177570093457,0.3364485981308411,0.2803738317757009,0.10000000000000009,4,0,2.0470134718468516,0.05,0.705,1.352975,1,Freeze,-0.03499999999999992,0.1558411214953271,107.0,22.0,4.0,0.3364485981308411,9.0,0.40909090909090906,0.7328179039342899,4.863636363636363,0.6635514018691588,0.6689628325083826,0.2692206259423032,2.185,0.0,0.6,8.0,1.588,0.3570000000000001,0.6,0.45801414512823424,0.47740617703370986,0.019392031905475615,1.4039650268205932,5.0,0.46671012875260376,0.4284882082336837,0.7,5,0.0434239470556906,1.083,0.6177641135579178,5,1.4793470000000002,0.9895429229927322,0.8190000000000002,0.7327380159374837,5,1.21831,1.08567033717653,-0.2639999999999998,-0.2610370000000002
5423,3,9,1,7,1,mid,mid_r5-8,9,9-12,5,4,5,4,9,1,0,0,0,0,1,6,3,5,8,0.0999476808599864,0,0.27028280762934004,0.17033512676935364,0,1,-1,0.324464548194853,0.400845456490521,0.41601767201734335,0.4808163174343298,0.400845456490521,0.7351878820959495,103,0.97,0.83,0.14,0.025,0.08922330097087378,-0.7,1.67,0.595,0.945,5,21,0.20388349514563106,1.9454022330097087,1.9402,2.27796,Hit,6,0.3106796116504854,0.3300970873786408,0.34951456310679613,0.235,3,1,2.8811412179301614,0.365,0.39,-0.140965,0,Hit,1.97,1.0580097087378644,103.0,21.0,4.0,0.3300970873786408,9.0,0.42857142857142855,0.6999308383447341,4.904761904761905,0.6893203883495146,0.5567897871896083,0.22710726163862907,1.2,0.0,0.0,6.0,0.7060000000000001,0.26399999999999996,0.4,0.2607914879295566,0.16959313316063923,-0.09119835476891733,1.7681536456864688,14.8,0.24025991632112187,0.2648335150176671,0.8,5,0.17239184135078428,0.26799999999999996,0.07379024325749307,5,0.13179199999999996,0.1101755413873696,0.521,0.32801295706115025,5,0.412494,0.36004861224562446,0.25300000000000006,0.28070200000000006
1644,5,15,1,1,1,late,r1,13,13-16,7,6,7,6,13,1,0,0,0,0,1,9,4,5,13,0.3332029852747407,0,0.37667759827337766,0.043474612998636974,0,1,-1,0.36022243550478483,0.39210647891616396,0.41575662515511025,0.5393529827487745,0.39210647891616396,1.0619380519163715,135,-0.35,-0.595,0.245,-1.0,-1.1592592592592592,-2.635,2.2849999999999997,0.022499999999999964,0.65,2,4,0.02962962962962963,0.24711384222222224,0.0,1.16512,Draw,6,0.35555555555555557,0.2814814814814815,0.35555555555555557,0.245,2,0,1.0314262700780112,0.755,0.16,-0.93256,1,Draw,0.0,0.0,135.0,27.0,4.0,0.8074074074074075,26.0,0.962962962962963,0.33904765103143236,5.0,0.5481481481481482,0.042346435157177086,0.4116494490665058,0.1972477064220184,0.0,1.0,109.0,-1.0,0.65,0.0,0.6400247517268296,1.0,0.3599752482731704,0.02166140326266969,27.0,1.0,0.7269471456659002,1.0,5,0.0,0.65,0.0,5,0.06744,0.0,0.65,0.0,5,0.06744,0.0,0.0,0.0
6839,5,3,1,13,1,early,early_r9+,3,2-4,2,1,2,1,3,1,0,0,0,0,1,1,2,2,3,0.43080245215643986,0,0.4490406089249538,0.018238156768513925,0,1,-1,0.4127931115222816,0.5674820624030841,0.07865007058383497,0.5179431049835505,0.5674820624030841,0.2450626273653165,55,1.225,1.075,0.15000000000000013,0.73,0.7384545454545456,0.34,0.885,0.2450000000000001,0.4950000000000001,4,28,0.509090909090909,2.0220896363636367,2.02084,2.29878,Draw,6,0.14545454545454545,0.509090909090909,0.32727272727272727,0.15000000000000013,5,0,2.9640077034895786,0.31,0.445,0.07561000000000018,1,Draw,2.225,1.1258181818181818,55.0,11.0,4.0,0.2545454545454545,2.0,0.18181818181818182,0.8718080997727042,5.0,0.7090909090909091,0.4343553009096498,0.12759848353245365,0.3817857142857144,0.0,0.2,4.0,0.9199999999999999,0.30500000000000005,0.4,0.05681103267497176,0.05393817250939422,-0.0028728601655775344,1.8874090882314492,6.8,0.14363636363636367,0.031196351077387562,0.8,5,0.266603965412136,0.29100000000000004,0.1671601028953979,5,0.1994900000000001,0.11981624743748245,0.43000000000000005,0.11953033087881924,5,0.29525900000000016,0.11496433563283875,0.139,0.09576900000000005
1063,2,15,1,1,1,late,r1,3,2-4,2,1,2,1,3,1,0,0,0,0,1,2,1,0,1,0.6467584578503786,0,1.410477664602687,0.7637192067523085,0,1,-1,1.555931138030999,1.6832585699172364,0.976353317925118,0.5934109668312137,1.6832585699172364,0.2450626273653165,55,1.905,1.895,0.010000000000000009,-1.0,-0.4790909090909091,-1.0,2.9050000000000002,0.905,2.9050000000000002,2,2,0.03636363636363636,0.19542269090909092,0.0,0.293215,Hit,6,0.14545454545454545,0.509090909090909,0.32727272727272727,0.9550000000000001,1,1,0.4529425481872832,0.0,0.905,1.7583925,1,Hit,0.0,0.0,55.0,11.0,4.0,0.8181818181818181,10.0,0.909090909090909,0.3723228275544189,5.0,0.6545454545454545,0.07744879454510481,0.9369548785530946,0.6366666666666667,1.0,1.0,45.0,1.905,0.0,1.0,0.8989497662493223,1.0,0.10105023375067768,0.10524457598085743,1.0,1.0,0.8989497662493223,1.0,5,0.0,0.0,0.0,5,0.0,0.0,0.0,0.0,5,0.0,0.0,0.0,0.0
3774,5,6,0,10,0,mid,early_r9+,4,2-4,2,2,2,2,4,0,0,0,0,0,1,1,3,4,4,0.13252577156779716,0,0.31450039624935183,0.18197462468155468,0,1,-1,0.3556279306030393,0.37186904728485687,0.13811665151677946,0.35056569641081375,0.37186904728485687,0.32675016982042204,65,-0.215,-0.29,0.07499999999999998,-0.625,-0.6194615384615385,-1.15,0.9349999999999999,0.24,0.41000000000000003,15,48,0.7384615384615385,1.9253293846153847,1.91749,1.9154,PostGuard,6,0.24615384615384617,0.46153846153846156,0.27692307692307694,0.07499999999999998,6,0,2.5816681848928194,0.53,0.18,-1.1727,1,PostGuard,0.785,-0.07438461538461537,65.0,13.0,4.0,0.21538461538461542,3.0,0.23076923076923078,0.8433424776927566,5.0,0.6615384615384615,0.39023708447253036,0.13264796981223206,0.5643749999999998,0.0,0.0,14.0,-0.55,0.335,0.0,0.008854050857863333,-0.2679275789693504,-0.2767816298272137,1.840165262214359,8.4,-0.29450549450549457,-0.022278384308961,0.8,5,0.2808790015520907,0.42400000000000004,0.24853068221046676,5,0.40618099999999985,0.20275906876758928,0.764,0.2535350074447314,5,0.781197,0.2746271117260639,0.33999999999999997,0.3750160000000002
7844,2,5,1,11,1,early,early_r9+,5,5-8,3,2,3,2,5,1,0,0,0,0,1,3,2,3,5,0.2049086315101788,0,0.3063988654417844,0.10149023393160561,0,1,-1,0.505225434965545,0.5272542892824309,0.3129703152840066,0.4242387676768833,0.5272542892824309,0.40843771227552755,71,1.02,1.0,0.020000000000000018,0.545,0.5602112676056339,0.205,0.8150000000000001,0.3075,0.475,10,39,0.5492957746478874,2.0299918309859155,2.03283,1.99489,Draw,6,0.22535211267605634,0.4225352112676056,0.3380281690140845,0.020000000000000018,5,0,2.6896410009697655,0.28,0.41,0.030464999999999964,0,Hit,0.31000000000000005,1.099295774647887,71.0,15.0,4.0,0.2535211267605634,5.0,0.3333333333333333,0.8640248009803069,4.733333333333333,0.704225352112676,0.39341926086785356,0.15955589652328597,0.5549999999999999,0.2,0.8,5.0,0.9030000000000001,0.11700000000000003,0.2,0.020220540032181007,0.12296818350760297,0.10274764347542195,1.8258834385353175,5.0,0.09671770226625402,0.015126613773160788,0.9,5,0.3304451368361268,0.32399999999999995,0.2047376369893919,5,0.384731,0.16682386656291115,0.19899999999999995,0.18622566955175646,5,0.22672999999999993,0.19594831703793733,-0.125,-0.15800100000000006
5770,5,13,1,3,1,late,late_r2-4,8,5-8,4,4,3,4,7,-1,0,0,0,0,1,4,3,6,7,0.12926082159726493,1,0.2444880857301613,0.11522726413289636,1,0,1,0.3088368372846728,0.5549066321693787,0.7518823728632691,0.43360035440915995,0.3519871160206019,0.5718127971857385,91,1.12,1.09,0.030000000000000027,-0.065,0.058901098901098896,-1.545,2.665,1.0,1.185,12,23,0.25274725274725274,1.5990839120879121,1.63088,1.35853,Draw,6,0.3516483516483517,0.37362637362637363,0.26373626373626374,0.030000000000000027,4,0,2.0388506786495126,0.145,0.37,0.592917,0,Draw,-0.009999999999999787,-0.6317582417582417,91.0,19.0,4.0,0.4175824175824176,9.0,0.47368421052631576,0.6858683286713709,4.7894736842105265,0.7032967032967034,0.6071329947079604,0.4166712529887159,2.4825,0.4,0.4,38.0,1.0870000000000002,0.03300000000000005,0.8,0.6568164309653133,0.8177511309208054,0.16093469995549212,1.4066056508041873,8.0,0.8059977516856834,0.6308966817403133,0.9,5,0.04849312894055643,0.39700000000000013,0.3923423250173246,5,0.5937910000000001,0.43883126880385365,0.2000000000000001,0.12708265027138838,5,0.41641200000000006,0.19174658579098613,-0.19700000000000004,-0.177379
