game_id,end,shot_num,candidate_idx,label,shot_type,q_ref_mean,q_ref_sd,n_rollouts,resampled,score_hist,q_immediate_mean
7977,6,14,0,"Draw(CW,TEE)",1,-2.76,1.42211,200,1,"-6:1;-5:1;-4:102;-3:11;-2:17;-1:67;1:1",-3.19
7977,6,14,1,"Draw(CCW,TEE)",1,-2.76,1.49746,200,1,"-6:3;-5:14;-4:78;-3:10;-2:27;-1:68",-2.51
7977,6,14,2,"Draw(CW,S0)",1,-3.06,1.39871,200,1,"-6:3;-5:2;-4:119;-3:9;-2:18;-1:47;1:2",-3.72
7977,6,14,3,"Draw(CCW,S0)",1,-2.64,1.60012,200,1,"-6:1;-5:11;-4:80;-3:18;-2:21;-1:60;1:9",-2.45
7977,6,14,4,"Draw(CW,S2)",1,-3.035,1.38339,200,1,"-7:1;-6:1;-5:2;-4:117;-3:14;-2:9;-1:56",-3.94
7977,6,14,5,"Draw(CCW,S2)",1,-3.145,1.36527,200,1,"-6:1;-5:6;-4:127;-3:5;-2:9;-1:52",-4
7977,6,14,6,"Draw(CW,S4)",1,-2.875,1.41752,200,1,"-5:6;-4:107;-3:8;-2:14;-1:65",-3.33
7977,6,14,7,"Draw(CCW,S4)",1,-2.775,1.67761,200,1,"-7:5;-6:1;-5:9;-4:88;-3:7;-2:12;-1:75;1:3",-2.47
7977,6,14,8,"Draw(CW,S6)",1,-3.125,1.3818,200,1,"-6:1;-5:4;-4:130;-3:6;-2:2;-1:57",-4
7977,6,14,9,"Draw(CCW,S6)",1,-3.07,1.21865,200,1,"-5:4;-4:110;-3:13;-2:44;-1:28;1:1",-3.575
7977,6,14,10,"Draw(CW,L0)",1,-3.35,1.17792,200,1,"-5:5;-4:136;-3:18;-2:6;-1:35",-3.905
7977,6,14,11,"Draw(CCW,L0)",1,-3.515,1.3114,200,1,"-6:5;-5:17;-4:124;-3:17;-2:12;-1:21;1:4",-3.395
7977,6,14,12,"Draw(CW,L1)",1,-2.765,1.22873,200,1,"-6:1;-5:2;-4:64;-3:66;-2:20;-1:45;1:2",-3.305
7977,6,14,13,"Draw(CCW,L1)",1,-3.225,1.29011,200,1,"-5:3;-4:139;-3:4;-2:8;-1:46",-4
7977,6,14,14,"Draw(CW,L2)",1,-3.04,1.38867,200,1,"-6:2;-5:1;-4:124;-3:7;-2:8;-1:58",-4
7977,6,14,15,"Draw(CCW,L2)",1,-3.14,1.35292,200,1,"-5:5;-4:130;-3:7;-2:4;-1:54",-4
7977,6,14,16,"Draw(CW,L3)",1,-3.15,1.34071,200,1,"-6:2;-5:3;-4:126;-3:11;-2:8;-1:50",-4
7977,6,14,17,"Draw(CCW,L3)",1,-3.05,1.3775,200,1,"-5:2;-4:129;-3:6;-2:3;-1:60",-4
7977,6,14,18,"Draw(CW,L4)",1,-3.795,0.86196,200,1,"-6:2;-5:7;-4:170;-3:4;-2:3;-1:14",-4
7977,6,14,19,"Draw(CCW,L4)",1,-3.925,0.599479,200,1,"-6:4;-5:2;-4:180;-3:7;-2:3;-1:4",-4
7977,6,14,20,"Draw(CW,L5)",1,-3.07,1.36934,200,1,"-6:2;-5:1;-4:125;-3:8;-2:9;-1:55",-4
7977,6,14,21,"Draw(CCW,L5)",1,-3.1,1.32665,200,1,"-5:1;-4:132;-3:5;-2:10;-1:52",-3.98
7977,6,14,22,"Draw(CW,L6)",1,-3.05,1.36657,200,1,"-6:1;-5:2;-4:124;-3:8;-2:9;-1:56",-4
7977,6,14,23,"Draw(CCW,L6)",1,-3.18,1.32197,200,1,"-6:1;-5:3;-4:131;-3:11;-2:4;-1:50",-4
7977,6,14,24,"Draw(CW,L7)",1,-3.1,1.33041,200,1,"-6:1;-5:3;-4:123;-3:11;-2:12;-1:50",-4
7977,6,14,25,"Draw(CCW,L7)",1,-2.335,1.07832,200,1,"-6:2;-4:44;-3:3;-2:122;-1:28;2:1",-2.51
7977,6,14,26,"PreGuard(CW,G3)",2,-3.245,1.25498,200,1,"-6:1;-5:1;-4:137;-3:10;-2:9;-1:42",-4
7977,6,14,27,"PreGuard(CCW,G3)",2,-3.085,1.35195,200,1,"-6:1;-5:3;-4:124;-3:9;-2:10;-1:53",-4
7977,6,14,28,"PreGuard(CW,G4)",2,-3.645,0.904972,200,1,"-5:1;-4:170;-3:1;-2:13;-1:15",-4
7977,6,14,29,"PreGuard(CCW,G4)",2,-3.655,0.935935,200,1,"-4:175;-3:2;-2:2;-1:21",-4
7977,6,14,30,"PreGuard(CW,G5)",2,-3.31,1.25853,200,1,"-6:1;-5:5;-4:138;-3:7;-2:9;-1:40",-4
7977,6,14,31,"PreGuard(CCW,G5)",2,-3.1,1.35277,200,1,"-5:3;-4:130;-3:6;-2:6;-1:55",-4
7977,6,14,32,"Hit(CW,1,TOUCH)",3,-3.475,1.18295,200,1,"-7:1;-5:4;-4:153;-3:4;-2:8;-1:29;1:1",-3.96
7977,6,14,33,"Hit(CCW,1,TOUCH)",3,-3.92,1.18895,200,1,"-6:6;-5:51;-4:108;-3:12;-2:2;-1:21",-4.145
7977,6,14,34,"Hit(CW,1,WEAK)",3,-2.085,1.47911,200,1,"-6:1;-5:7;-4:31;-3:26;-2:77;-1:39;1:19",-2.545
7977,6,14,35,"Hit(CCW,1,WEAK)",3,-2.97,1.47618,200,1,"-7:1;-5:17;-4:74;-3:43;-2:30;-1:26;1:9",-3.095
7977,6,14,36,"Hit(CW,1,MIDDLE)",3,-2.69,1.6715,200,1,"-7:1;-6:4;-5:14;-4:51;-3:47;-2:42;-1:26;1:14;4:1",-2.55
7977,6,14,37,"Hit(CCW,1,MIDDLE)",3,-1.725,1.43853,200,1,"-5:2;-4:16;-3:45;-2:49;-1:65;1:20;2:2;3:1",-1.805
7977,6,14,38,"Hit(CW,1,STRONG)",3,-2.555,1.54498,200,1,"-6:2;-5:17;-4:47;-3:38;-2:32;-1:56;1:8",-2.525
7977,6,14,39,"Hit(CCW,1,STRONG)",3,-1.645,1.39963,200,1,"-4:15;-3:47;-2:44;-1:67;1:27",-1.74
7977,6,14,40,"Freeze(CW,1)",4,-3.61,1.03339,200,1,"-6:3;-5:3;-4:158;-3:5;-2:11;-1:20",-3.93
7977,6,14,41,"Freeze(CCW,1)",4,-3.65,1.20312,200,1,"-6:2;-5:32;-4:119;-3:13;-2:9;-1:25",-3.98
7977,6,14,42,"Hit(CW,3,TOUCH)",3,-3.32,1.31057,200,1,"-6:4;-5:4;-4:135;-3:9;-2:5;-1:43",-3.83
7977,6,14,43,"Hit(CCW,3,TOUCH)",3,-3.07,1.51165,200,1,"-6:3;-5:24;-4:87;-3:12;-2:20;-1:53;1:1",-3.05
7977,6,14,44,"Hit(CW,3,WEAK)",3,-2.73,1.64533,200,1,"-7:1;-6:4;-5:25;-4:49;-3:27;-2:31;-1:57;1:6",-2.56
7977,6,14,45,"Hit(CCW,3,WEAK)",3,-3.78,1.03518,200,1,"-7:1;-6:7;-5:28;-4:101;-3:46;-2:8;-1:9",-3.65
7977,6,14,46,"Hit(CW,3,MIDDLE)",3,-3.44,1.50546,200,1,"-7:5;-6:9;-5:19;-4:71;-3:56;-2:24;-1:12;1:3;5:1",-3.355
7977,6,14,47,"Hit(CCW,3,MIDDLE)",3,-2.205,1.51426,200,1,"-5:8;-4:36;-3:47;-2:41;-1:51;1:17",-2.33
7977,6,14,48,"Hit(CW,3,STRONG)",3,-3.48,1.23272,200,1,"-7:2;-6:7;-5:17;-4:91;-3:44;-2:20;-1:19",-3.475
7977,6,14,49,"Hit(CCW,3,STRONG)",3,-2.475,1.50312,200,1,"-5:9;-4:52;-3:47;-2:35;-1:44;1:13",-2.485
7977,6,14,50,"Freeze(CW,3)",4,-3.345,1.25139,200,1,"-6:2;-5:4;-4:139;-3:8;-2:12;-1:34;1:1",-3.795
7977,6,14,51,"Freeze(CCW,3)",4,-3.085,1.52242,200,1,"-7:1;-6:1;-5:19;-4:98;-3:10;-2:26;-1:40;1:5",-3.02
7977,6,14,52,"Hit(CW,5,TOUCH)",3,-3.01,1.37837,200,1,"-7:1;-6:1;-5:8;-4:97;-3:23;-2:26;-1:42;1:2",-2.86
7977,6,14,53,"Hit(CCW,5,TOUCH)",3,-2.715,1.17634,200,1,"-5:4;-4:52;-3:78;-2:17;-1:48;1:1",-3.3
7977,6,14,54,"Hit(CW,5,WEAK)",3,-3.21,1.19411,200,1,"-6:2;-5:15;-4:76;-3:66;-2:16;-1:23;1:2",-3.36
7977,6,14,55,"Hit(CCW,5,WEAK)",3,-2.365,1.26956,200,1,"-4:38;-3:61;-2:59;-1:32;1:8;2:2",-2.75
7977,6,14,56,"Hit(CW,5,MIDDLE)",3,-1.785,1.15705,200,1,"-4:8;-3:51;-2:59;-1:68;1:14",-2.33
7977,6,14,57,"Hit(CCW,5,MIDDLE)",3,-3.2,1.10454,200,1,"-6:2;-5:6;-4:90;-3:57;-2:24;-1:20;1:1",-3.375
7977,6,14,58,"Hit(CW,5,STRONG)",3,-1.64,1.27687,200,1,"-4:11;-3:32;-2:81;-1:51;1:25",-2.24
7977,6,14,59,"Hit(CCW,5,STRONG)",3,-3.245,1.35092,200,1,"-7:5;-6:3;-5:11;-4:77;-3:51;-2:33;-1:17;1:3",-3.275
7977,6,14,60,"Freeze(CW,5)",4,-3.425,1.21011,200,1,"-6:2;-5:16;-4:121;-3:13;-2:22;-1:26",-3.665
7977,6,14,61,"Freeze(CCW,5)",4,-3.02,1.3891,200,1,"-6:2;-5:7;-4:98;-3:33;-2:10;-1:49;3:1",-3.72
7977,6,14,62,"Hit(CW,7,TOUCH)",3,-3.5,1.04403,200,1,"-5:3;-4:153;-3:7;-2:15;-1:22",-3.92
7977,6,14,63,"Hit(CCW,7,TOUCH)",3,-3.755,0.961756,200,1,"-6:1;-5:14;-4:155;-3:11;-2:7;-1:10;1:2",-4.015
7977,6,14,64,"Hit(CW,7,WEAK)",3,-2.27,1.54178,200,1,"-6:2;-5:4;-4:50;-3:27;-2:58;-1:42;1:17",-2.875
7977,6,14,65,"Hit(CCW,7,WEAK)",3,-2.385,1.5089,200,1,"-5:12;-4:43;-3:38;-2:52;-1:41;1:14",-2.9
7977,6,14,66,"Hit(CW,7,MIDDLE)",3,-2.325,1.68801,200,1,"-5:14;-4:46;-3:37;-2:37;-1:48;1:16;2:1;4:1",-2.43
7977,6,14,67,"Hit(CCW,7,MIDDLE)",3,-2.125,1.54899,200,1,"-6:1;-5:4;-4:35;-3:55;-2:29;-1:56;1:20",-2.42
7977,6,14,68,"Hit(CW,7,STRONG)",3,-2.58,1.60112,200,1,"-5:23;-4:46;-3:36;-2:38;-1:45;1:12",-2.585
7977,6,14,69,"Hit(CCW,7,STRONG)",3,-2.225,1.5409,200,1,"-7:2;-5:1;-4:45;-3:49;-2:26;-1:62;1:15",-2.695
7977,6,14,70,"Freeze(CW,7)",4,-3.545,1.10362,200,1,"-6:4;-5:2;-4:152;-3:7;-2:11;-1:24",-3.95
7977,6,14,71,"Freeze(CCW,7)",4,-3.63,1.03107,200,1,"-6:1;-5:4;-4:164;-3:6;-2:3;-1:21;1:1",-4
7977,6,14,72,"Hit(CW,9,TOUCH)",3,-2.49,1.5362,200,1,"-7:1;-6:1;-5:5;-4:82;-3:5;-2:13;-1:92;1:1",-2.625
7977,6,14,73,"Hit(CCW,9,TOUCH)",3,-2.7,1.51327,200,1,"-6:1;-5:8;-4:87;-3:14;-2:24;-1:61;1:5",-2.745
7977,6,14,74,"Hit(CW,9,WEAK)",3,-3.07,1.52483,200,1,"-7:1;-6:7;-5:20;-4:65;-3:42;-2:22;-1:39;1:4",-3.015
7977,6,14,75,"Hit(CCW,9,WEAK)",3,-3.97,1.24864,200,1,"-6:15;-5:48;-4:92;-3:24;-2:5;-1:15;1:1",-3.855
7977,6,14,76,"Hit(CW,9,MIDDLE)",3,-3.895,1.48794,200,1,"-7:8;-6:15;-5:37;-4:77;-3:38;-2:7;-1:15;1:3",-3.73
7977,6,14,77,"Hit(CCW,9,MIDDLE)",3,-2.82,1.45863,200,1,"-5:20;-4:52;-3:59;-2:28;-1:32;1:9",-2.55
7977,6,14,78,"Hit(CW,9,STRONG)",3,-3.725,1.44547,200,1,"-7:8;-6:10;-5:24;-4:83;-3:51;-2:10;-1:9;1:5",-3.615
7977,6,14,79,"Hit(CCW,9,STRONG)",3,-2.635,1.50059,200,1,"-7:1;-6:1;-5:10;-4:54;-3:52;-2:30;-1:42;1:10",-2.41
7977,6,14,80,"Freeze(CW,9)",4,-2.675,1.50312,200,1,"-7:1;-6:1;-5:4;-4:89;-3:14;-2:19;-1:69;1:3",-2.985
7977,6,14,81,"Freeze(CCW,9)",4,-2.73,1.40965,200,1,"-6:2;-5:9;-4:76;-3:17;-2:42;-1:52;1:2",-2.74
7977,6,14,82,"Hit(CW,11,TOUCH)",3,-3.77,1.00851,200,1,"-7:1;-6:4;-5:10;-4:156;-3:9;-2:2;-1:18",-4.05
7977,6,14,83,"Hit(CCW,11,TOUCH)",3,-3.5,1.11803,200,1,"-6:1;-5:4;-4:154;-3:4;-2:9;-1:28",-4
7977,6,14,84,"Hit(CW,11,WEAK)",3,-3.12,1.84543,200,1,"-8:1;-7:6;-6:9;-5:31;-4:46;-3:35;-2:16;-1:50;1:6",-2.4
7977,6,14,85,"Hit(CCW,11,WEAK)",3,-3.5,1.67332,200,1,"-8:1;-6:16;-5:26;-4:90;-3:20;-2:15;-1:25;1:6;3:1",-2.93
7977,6,14,86,"Hit(CW,11,MIDDLE)",3,-3.47,1.56176,200,1,"-7:8;-6:6;-5:19;-4:85;-3:40;-2:17;-1:19;1:6",-2.77
7977,6,14,87,"Hit(CCW,11,MIDDLE)",3,-3.025,1.81504,200,1,"-7:2;-6:12;-5:30;-4:42;-3:48;-2:13;-1:42;1:11",-2.8
7977,6,14,88,"Hit(CW,11,STRONG)",3,-3.365,1.4703,200,1,"-7:4;-6:11;-5:17;-4:71;-3:48;-2:21;-1:26;1:2",-2.72
7977,6,14,89,"Hit(CCW,11,STRONG)",3,-2.645,1.96951,200,1,"-7:3;-6:12;-5:22;-4:36;-3:38;-2:13;-1:59;1:17",-2.42
7977,6,14,90,"Freeze(CW,11)",4,-3.55,1.18638,200,1,"-6:2;-5:12;-4:146;-3:3;-2:10;-1:26;1:1",-4.02
7977,6,14,91,"Freeze(CCW,11)",4,-3.5,1.13578,200,1,"-6:1;-5:2;-4:159;-3:2;-2:8;-1:27;1:1",-4
7977,6,14,92,"Hit(CW,13,TOUCH)",3,-3.545,1.07609,200,1,"-6:1;-5:6;-4:151;-3:10;-2:7;-1:25",-4
7977,6,14,93,"Hit(CCW,13,TOUCH)",3,-3.745,0.854386,200,1,"-6:1;-5:2;-4:174;-3:5;-2:6;-1:11;1:1",-4
7977,6,14,94,"Hit(CW,13,WEAK)",3,-3.515,1.49659,200,1,"-6:10;-5:40;-4:74;-3:34;-2:9;-1:30;1:3",-3.545
7977,6,14,95,"Hit(CCW,13,WEAK)",3,-3.04,1.64268,200,1,"-7:1;-6:5;-5:31;-4:61;-3:33;-2:14;-1:50;1:5",-2.67
7977,6,14,96,"Hit(CW,13,MIDDLE)",3,-2.68,1.92291,200,1,"-7:2;-6:8;-5:28;-4:42;-3:29;-2:22;-1:52;1:17",-1.9
7977,6,14,97,"Hit(CCW,13,MIDDLE)",3,-3.88,1.46479,200,1,"-8:1;-7:3;-6:15;-5:43;-4:79;-3:33;-2:9;-1:13;1:4",-3.775
7977,6,14,98,"Hit(CW,13,STRONG)",3,-2.695,1.86064,200,1,"-7:4;-6:5;-5:25;-4:41;-3:39;-2:17;-1:55;1:14",-1.945
7977,6,14,99,"Hit(CCW,13,STRONG)",3,-3.78,1.57213,200,1,"-8:1;-7:10;-6:7;-5:33;-4:87;-3:30;-2:9;-1:19;1:4",-3.73
7977,6,14,100,"Freeze(CW,13)",4,-3.545,1.05734,200,1,"-6:1;-5:3;-4:157;-3:6;-2:9;-1:24",-4
7977,6,14,101,"Freeze(CCW,13)",4,-3.555,1.11219,200,1,"-6:4;-5:1;-4:155;-3:10;-2:2;-1:28",-4
7977,6,14,102,"PostGuard(CW,0,0)",7,-3.765,0.836526,200,1,"-5:6;-4:173;-3:3;-2:4;-1:14",-4
7977,6,14,103,"PostGuard(CCW,0,0)",7,-3.735,0.940625,200,1,"-5:12;-4:160;-3:8;-2:5;-1:14;1:1",-3.97
7977,6,14,104,"PostGuard(CW,0,1)",7,-3.54,1.06226,200,1,"-6:1;-5:1;-4:161;-3:5;-2:6;-1:26",-4
7977,6,14,105,"PostGuard(CCW,0,1)",7,-3.7,0.894427,200,1,"-6:1;-5:3;-4:169;-3:4;-2:8;-1:15",-4
7977,6,14,106,"PostGuard(CW,0,2)",7,-3.32,1.27185,200,1,"-6:2;-5:4;-4:139;-3:7;-2:7;-1:41",-4
7977,6,14,107,"PostGuard(CCW,0,2)",7,-3.25,1.26787,200,1,"-5:3;-4:140;-3:4;-2:10;-1:43",-4
7977,6,14,108,"PostGuard(CW,2,0)",7,-3.15,1.40979,200,1,"-6:3;-5:11;-4:113;-3:11;-2:10;-1:52",-4
7977,6,14,109,"PostGuard(CCW,2,0)",7,-3.045,1.43631,200,1,"-6:3;-5:5;-4:119;-3:3;-2:11;-1:59",-4
7977,6,14,110,"PostGuard(CW,2,1)",7,-3.1,1.35277,200,1,"-6:1;-5:1;-4:131;-3:5;-2:8;-1:54",-4
7977,6,14,111,"PostGuard(CCW,2,1)",7,-3.075,1.34884,200,1,"-5:2;-4:129;-3:6;-2:8;-1:55",-4
7977,6,14,112,"PostGuard(CW,2,2)",7,-2.995,1.37294,200,1,"-5:1;-4:124;-3:9;-2:5;-1:61",-4
7977,6,14,113,"PostGuard(CCW,2,2)",7,-2.955,1.44671,200,1,"-6:2;-5:4;-4:116;-3:4;-2:9;-1:65",-4
7977,6,14,114,"PostGuard(CW,4,0)",7,-3.315,1.24731,200,1,"-6:2;-5:1;-4:143;-3:5;-2:10;-1:39",-3.98
7977,6,14,115,"PostGuard(CCW,4,0)",7,-3.6,1.03441,200,1,"-6:1;-5:6;-4:155;-3:12;-2:2;-1:24",-4
7977,6,14,116,"PostGuard(CW,4,1)",7,-3.555,1.05687,200,1,"-6:1;-5:2;-4:160;-3:7;-2:4;-1:26",-4
7977,6,14,117,"PostGuard(CCW,4,1)",7,-3.52,1.05338,200,1,"-5:3;-4:155;-3:11;-2:5;-1:26",-4
7977,6,14,118,"PostGuard(CW,4,2)",7,-3.515,1.0343,200,1,"-5:3;-4:155;-3:5;-2:16;-1:21",-4
7977,6,14,119,"PostGuard(CCW,4,2)",7,-3.565,0.967355,200,1,"-5:5;-4:151;-3:12;-2:16;-1:16",-4
7977,6,14,120,"PostGuard(CW,6,0)",7,-3.445,1.12115,200,1,"-6:1;-5:5;-4:142;-3:13;-2:12;-1:27",-4
7977,6,14,121,"PostGuard(CCW,6,0)",7,-3.595,1.05876,200,1,"-6:2;-5:6;-4:153;-3:11;-2:4;-1:24",-4
7977,6,14,122,"PostGuard(CW,6,1)",7,-3.855,0.658768,200,1,"-5:2;-4:187;-2:2;-1:9",-4
7977,6,14,123,"PostGuard(CCW,6,1)",7,-3.835,0.712583,200,1,"-6:1;-5:2;-4:182;-3:3;-2:2;-1:10",-4
7977,6,14,124,"PostGuard(CW,6,2)",7,-3.795,0.770049,200,1,"-5:3;-4:181;-2:4;-1:12",-4
7977,6,14,125,"PostGuard(CCW,6,2)",7,-3.79,0.778396,200,1,"-6:1;-4:183;-3:1;-2:2;-1:13",-4
7977,6,14,126,"PostGuard(CW,8,0)",7,-3.77,0.816762,200,1,"-6:2;-5:3;-4:170;-3:9;-2:4;-1:12",-4
7977,6,14,127,"PostGuard(CCW,8,0)",7,-3.655,0.957066,200,1,"-6:1;-5:5;-4:159;-3:14;-2:1;-1:20",-4
7977,6,14,128,"PostGuard(CW,8,1)",7,-3.56,1.08,200,1,"-6:1;-5:6;-4:155;-3:5;-2:8;-1:25",-4
7977,6,14,129,"PostGuard(CCW,8,1)",7,-3.53,1.06729,200,1,"-6:1;-5:3;-4:155;-3:8;-2:8;-1:25",-4
7977,6,14,130,"PostGuard(CW,8,2)",7,-3.69,0.833007,200,1,"-5:1;-4:171;-3:5;-2:11;-1:12",-4
7977,6,14,131,"PostGuard(CCW,8,2)",7,-3.565,1.00786,200,1,"-5:4;-4:157;-3:8;-2:10;-1:21",-4
7977,6,14,132,"PostGuard(CW,10,0)",7,-3.2,1.34907,200,1,"-6:3;-5:3;-4:129;-3:11;-2:4;-1:50",-4
7977,6,14,133,"PostGuard(CCW,10,0)",7,-3.155,1.31186,200,1,"-5:2;-4:134;-3:7;-2:7;-1:50",-4
7977,6,14,134,"PostGuard(CW,10,1)",7,-3.4,1.18743,200,1,"-5:5;-4:147;-3:6;-2:7;-1:35",-4
7977,6,14,135,"PostGuard(CCW,10,1)",7,-3.26,1.30092,200,1,"-6:2;-5:4;-4:134;-3:8;-2:8;-1:44",-4
7977,6,14,136,"PostGuard(CW,10,2)",7,-3.335,1.1928,200,1,"-5:3;-4:142;-3:10;-2:9;-1:36",-4
7977,6,14,137,"PostGuard(CCW,10,2)",7,-3.35,1.25996,200,1,"-5:7;-4:143;-3:5;-2:3;-1:42",-4
7977,6,14,138,"PostGuard(CW,12,0)",7,-3.235,1.33033,200,1,"-6:3;-5:5;-4:127;-3:12;-2:7;-1:46",-4
7977,6,14,139,"PostGuard(CCW,12,0)",7,-3.025,1.37636,200,1,"-5:3;-4:125;-3:4;-2:10;-1:58",-4
7977,6,14,140,"PostGuard(CW,12,1)",7,-3.4,1.18322,200,1,"-5:5;-4:147;-3:5;-2:9;-1:34",-4
7977,6,14,141,"PostGuard(CCW,12,1)",7,-3.335,1.22588,200,1,"-6:2;-5:3;-4:137;-3:13;-2:8;-1:37",-4
7977,6,14,142,"PostGuard(CW,12,2)",7,-3.625,0.97179,200,1,"-6:1;-5:4;-4:160;-3:7;-2:10;-1:18",-4
7977,6,14,143,"PostGuard(CCW,12,2)",7,-3.58,1.00678,200,1,"-6:2;-4:161;-3:6;-2:11;-1:20",-4
7977,6,14,144,"Pass",0,-3.19,1.32435,200,1,"-6:1;-5:2;-4:137;-3:3;-2:8;-1:49",-4
3926,6,11,0,"Draw(CW,TEE)",1,-0.9,1.60312,200,1,"-4:5;-3:12;-2:58;-1:82;1:26;2:7;3:7;4:2;5:1",-1.05
3926,6,11,1,"Draw(CCW,TEE)",1,-0.745,1.59059,200,1,"-4:4;-3:14;-2:48;-1:78;1:36;2:16;3:1;4:3",-1.285
3926,6,11,2,"Draw(CW,S0)",1,-0.785,1.64584,200,1,"-5:2;-4:1;-3:17;-2:34;-1:103;1:24;2:9;3:6;4:2;5:1;6:1",-1.015
3926,6,11,3,"Draw(CCW,S0)",1,-0.905,1.67212,200,1,"-6:1;-5:1;-4:3;-3:9;-2:63;-1:82;1:22;2:8;3:7;4:2;5:2",-1.59
3926,6,11,4,"Draw(CW,S2)",1,-1.09,1.6619,200,1,"-5:4;-4:6;-3:14;-2:55;-1:85;1:23;2:6;3:2;4:3;5:2",-1
3926,6,11,5,"Draw(CCW,S2)",1,-0.895,1.60747,200,1,"-5:2;-4:4;-3:14;-2:44;-1:94;1:25;2:10;3:4;4:1;5:2",-1
3926,6,11,6,"Draw(CW,S4)",1,-0.895,1.63217,200,1,"-6:1;-5:1;-4:4;-3:20;-2:38;-1:89;1:30;2:10;3:5;4:2",-1.05
3926,6,11,7,"Draw(CCW,S4)",1,-0.95,1.66658,200,1,"-5:3;-4:5;-3:12;-2:56;-1:82;1:20;2:13;3:7;4:2",-1.415
3926,6,11,8,"Draw(CW,S6)",1,-1.095,1.46491,200,1,"-7:1;-5:2;-4:3;-3:20;-2:39;-1:100;1:26;2:7;4:2",-1
3926,6,11,9,"Draw(CCW,S6)",1,-0.34,1.71301,200,1,"-4:3;-3:9;-2:34;-1:84;1:31;2:27;3:10;4:2",-1
3926,6,11,10,"Draw(CW,L0)",1,-0.635,1.82257,200,1,"-4:7;-3:18;-2:41;-1:72;1:29;2:21;3:10;4:2",-1
3926,6,11,11,"Draw(CCW,L0)",1,-1.025,1.79565,200,1,"-5:3;-4:12;-3:15;-2:56;-1:63;1:35;2:8;3:7;6:1",-1.715
3926,6,11,12,"Draw(CW,L1)",1,-0.775,1.80121,200,1,"-5:3;-4:3;-3:16;-2:42;-1:87;1:26;2:14;3:3;4:4;5:1;7:1",-0.9
3926,6,11,13,"Draw(CCW,L1)",1,-1.01,1.49663,200,1,"-4:4;-3:18;-2:49;-1:93;1:22;2:9;3:3;4:1;6:1",-1
3926,6,11,14,"Draw(CW,L2)",1,-0.91,1.47034,200,1,"-5:1;-4:4;-3:13;-2:45;-1:94;1:31;2:7;3:3;4:2",-1
3926,6,11,15,"Draw(CCW,L2)",1,-1.015,1.39813,200,1,"-4:5;-3:10;-2:53;-1:99;1:23;2:4;3:4;4:1;5:1",-1
3926,6,11,16,"Draw(CW,L3)",1,-1.06,1.57683,200,1,"-5:3;-4:6;-3:16;-2:44;-1:97;1:18;2:7;3:8;4:1",-1
3926,6,11,17,"Draw(CCW,L3)",1,-0.935,1.43205,200,1,"-5:1;-4:3;-3:7;-2:50;-1:106;1:20;2:8;3:1;4:2;5:2",-1
3926,6,11,18,"Draw(CW,L4)",1,-0.835,1.66667,200,1,"-6:1;-5:1;-4:4;-3:12;-2:40;-1:101;1:20;2:13;3:4;4:2;5:1;6:1",-1
3926,6,11,19,"Draw(CCW,L4)",1,-0.82,1.4858,200,1,"-5:1;-4:4;-3:10;-2:39;-1:101;1:33;2:8;3:1;4:1;5:2",-1
3926,6,11,20,"Draw(CW,L5)",1,-0.85,1.68152,200,1,"-6:1;-5:1;-4:2;-3:15;-2:43;-1:97;1:23;2:9;3:4;4:2;5:2;6:1",-1
3926,6,11,21,"Draw(CCW,L5)",1,-1.01,1.49328,200,1,"-5:1;-4:3;-3:15;-2:53;-1:91;1:28;2:4;3:2;4:1;5:1;6:1",-1
3926,6,11,22,"Draw(CW,L6)",1,-0.925,1.61226,200,1,"-6:1;-5:1;-4:8;-3:8;-2:36;-1:111;1:20;2:6;3:6;4:1;5:1;6:1",-1
3926,6,11,23,"Draw(CCW,L6)",1,-1.235,1.44561,200,1,"-7:1;-6:1;-5:1;-4:3;-3:21;-2:46;-1:102;1:16;2:6;3:1;4:1;5:1",-1
3926,6,11,24,"Draw(CW,L7)",1,-0.85,1.73997,200,1,"-5:1;-4:5;-3:8;-2:53;-1:98;1:14;2:5;3:9;4:3;5:4",-1
3926,6,11,25,"Draw(CCW,L7)",1,-0.44,1.77099,200,1,"-4:5;-3:8;-2:35;-1:90;1:28;2:20;3:11;4:1;5:1;6:1",-1
3926,6,11,26,"PreGuard(CW,G3)",2,-1.005,1.50498,200,1,"-4:4;-3:15;-2:52;-1:97;1:15;2:8;3:7;4:1;5:1",-1
3926,6,11,27,"PreGuard(CCW,G3)",2,-0.795,1.61337,200,1,"-7:1;-4:2;-3:8;-2:49;-1:100;1:17;2:14;3:4;4:4;5:1",-1
3926,6,11,28,"PreGuard(CW,G4)",2,-0.965,1.23036,200,1,"-4:3;-3:7;-2:43;-1:118;1:20;2:4;3:4;4:1",-1
3926,6,11,29,"PreGuard(CCW,G4)",2,-1.19,1.40139,200,1,"-7:1;-6:1;-5:1;-4:3;-3:13;-2:45;-1:117;1:10;2:2;3:5;4:1;5:1",-1
3926,6,11,30,"PreGuard(CW,G5)",2,-0.965,1.50458,200,1,"-6:1;-5:1;-4:3;-3:14;-2:44;-1:101;1:18;2:12;3:5;4:1",-1
3926,6,11,31,"PreGuard(CCW,G5)",2,-1.02,1.25682,200,1,"-5:1;-3:12;-2:53;-1:102;1:22;2:7;3:3",-1
3926,6,11,32,"Hit(CW,0,TOUCH)",3,-0.795,1.78689,200,1,"-6:1;-4:6;-3:14;-2:52;-1:73;1:35;2:10;3:6;5:1;6:2",-1
3926,6,11,33,"Hit(CCW,0,TOUCH)",3,-1.16,1.67762,200,1,"-6:1;-5:4;-4:6;-3:16;-2:66;-1:66;1:25;2:10;3:5;4:1",-1.49
3926,6,11,34,"Hit(CW,0,WEAK)",3,-0.7,1.92094,200,1,"-4:6;-3:28;-2:38;-1:66;1:35;2:15;3:5;4:5;5:2",-1.635
3926,6,11,35,"Hit(CCW,0,WEAK)",3,-0.355,1.93106,200,1,"-5:1;-4:8;-3:10;-2:31;-1:76;1:38;2:22;3:6;4:7;6:1",-1.005
3926,6,11,36,"Hit(CW,0,MIDDLE)",3,0.385,2.04127,200,1,"-4:1;-3:9;-2:29;-1:55;1:42;2:30;3:20;4:12;5:1;6:1",0.565
3926,6,11,37,"Hit(CCW,0,MIDDLE)",3,-0.515,1.89731,200,1,"-6:1;-5:3;-4:7;-3:18;-2:34;-1:49;1:68;2:15;3:2;4:2;5:1",-2.075
3926,6,11,38,"Hit(CW,0,STRONG)",3,0.665,1.93979,200,1,"-5:1;-4:1;-3:3;-2:19;-1:56;1:53;2:22;3:34;4:9;5:2",0.55
3926,6,11,39,"Hit(CCW,0,STRONG)",3,-0.59,1.83355,200,1,"-6:1;-5:2;-4:11;-3:17;-2:34;-1:45;1:78;2:8;3:4",-2.235
3926,6,11,40,"Freeze(CW,0)",4,-1.11,1.76859,200,1,"-6:2;-5:2;-4:4;-3:21;-2:61;-1:70;1:25;2:6;3:4;4:3;5:2",-1.005
3926,6,11,41,"Freeze(CCW,0)",4,-1.005,1.50166,200,1,"-5:1;-4:4;-3:8;-2:70;-1:79;1:20;2:13;3:4;5:1",-1.325
3926,6,11,42,"Hit(CW,2,TOUCH)",3,-1.07,1.39467,200,1,"-5:2;-4:4;-3:10;-2:50;-1:105;1:20;2:3;3:4;4:1;5:1",-1
3926,6,11,43,"Hit(CCW,2,TOUCH)",3,-0.45,1.76847,200,1,"-4:5;-3:9;-2:35;-1:89;1:28;2:19;3:11;4:3;5:1",-1
3926,6,11,44,"Hit(CW,2,WEAK)",3,-0.96,1.44513,200,1,"-4:1;-3:13;-2:55;-1:98;1:21;2:4;3:2;4:6",-1
3926,6,11,45,"Hit(CCW,2,WEAK)",3,-1.035,1.51782,200,1,"-4:6;-3:16;-2:49;-1:95;1:21;2:7;3:3;4:2;6:1",-1.05
3926,6,11,46,"Hit(CW,2,MIDDLE)",3,-0.4,1.62481,200,1,"-6:1;-3:6;-2:40;-1:85;1:41;2:15;3:11;5:1",-1.015
3926,6,11,47,"Hit(CCW,2,MIDDLE)",3,-1.03,1.46257,200,1,"-4:4;-3:17;-2:50;-1:95;1:23;2:3;3:5;4:3",-1
3926,6,11,48,"Hit(CW,2,STRONG)",3,-0.38,1.80986,200,1,"-5:3;-4:1;-3:12;-2:36;-1:72;1:46;2:20;3:5;4:3;5:2",-1.025
3926,6,11,49,"Hit(CCW,2,STRONG)",3,-0.81,1.58868,200,1,"-5:1;-4:5;-3:12;-2:41;-1:96;1:23;2:13;3:8;4:1",-1
3926,6,11,50,"Freeze(CW,2)",4,-1.16,1.398,200,1,"-4:5;-3:13;-2:57;-1:103;1:12;2:5;3:1;4:1;5:3",-1
3926,6,11,51,"Freeze(CCW,2)",4,-0.24,1.94997,200,1,"-4:5;-3:11;-2:31;-1:79;1:35;2:20;3:8;4:8;5:3",-1
3926,6,11,52,"Hit(CW,4,TOUCH)",3,-1,1.66132,200,1,"-6:1;-4:4;-3:19;-2:56;-1:79;1:27;2:6;3:4;4:1;5:3",-1.06
3926,6,11,53,"Hit(CCW,4,TOUCH)",3,-0.895,1.62603,200,1,"-6:1;-5:2;-4:4;-3:12;-2:56;-1:73;1:37;2:9;3:5;4:1",-1.215
3926,6,11,54,"Hit(CW,4,WEAK)",3,-1.25,1.89407,200,1,"-6:2;-5:6;-4:5;-3:36;-2:49;-1:54;1:34;2:8;3:4;4:1;6:1",-2.175
3926,6,11,55,"Hit(CCW,4,WEAK)",3,-0.46,1.9996,200,1,"-6:1;-5:2;-4:7;-3:15;-2:40;-1:56;1:46;2:16;3:14;4:2;5:1",-1.83
3926,6,11,56,"Hit(CW,4,MIDDLE)",3,-0.545,1.8352,200,1,"-5:3;-4:2;-3:19;-2:39;-1:63;1:51;2:15;3:3;4:3;5:2",-1.59
3926,6,11,57,"Hit(CCW,4,MIDDLE)",3,-0.615,1.99669,200,1,"-5:4;-4:13;-3:27;-2:23;-1:42;1:71;2:14;3:5;4:1",-2.325
3926,6,11,58,"Hit(CW,4,STRONG)",3,-0.53,1.82732,200,1,"-5:4;-4:6;-3:17;-2:29;-1:64;1:59;2:12;3:8;4:1",-1.605
3926,6,11,59,"Hit(CCW,4,STRONG)",3,-0.235,1.76629,200,1,"-5:1;-4:6;-3:17;-2:27;-1:45;1:83;2:17;3:1;4:3",-2.3
3926,6,11,60,"Freeze(CW,4)",4,-1.02,1.58101,200,1,"-4:3;-3:28;-2:50;-1:75;1:29;2:9;3:4;4:2",-1.015
3926,6,11,61,"Freeze(CCW,4)",4,-0.82,1.7685,200,1,"-6:1;-5:4;-4:6;-3:9;-2:43;-1:85;1:35;2:6;3:9;5:2",-1.14
3926,6,11,62,"Hit(CW,6,TOUCH)",3,-0.545,1.8352,200,1,"-4:1;-3:10;-2:51;-1:86;1:23;2:12;3:6;4:7;5:4",-1
3926,6,11,63,"Hit(CCW,6,TOUCH)",3,-0.77,1.48563,200,1,"-5:1;-4:3;-3:13;-2:39;-1:91;1:41;2:8;3:2;4:2",-1
3926,6,11,64,"Hit(CW,6,WEAK)",3,0.135,1.97403,200,1,"-5:1;-4:1;-3:9;-2:33;-1:56;1:51;2:29;3:10;4:5;5:4;6:1",0.365
3926,6,11,65,"Hit(CCW,6,WEAK)",3,0.22,2.01534,200,1,"-5:1;-4:4;-3:6;-2:31;-1:51;1:57;2:29;3:10;4:5;5:5;6:1",0.975
3926,6,11,66,"Hit(CW,6,MIDDLE)",3,0.295,2.06106,200,1,"-5:2;-4:4;-3:8;-2:22;-1:54;1:55;2:30;3:15;4:5;5:4;7:1",-0.5
3926,6,11,67,"Hit(CCW,6,MIDDLE)",3,0.235,2.09518,200,1,"-5:1;-4:4;-3:6;-2:32;-1:57;1:43;2:25;3:16;4:14;5:2",-0.065
3926,6,11,68,"Hit(CW,6,STRONG)",3,0.2,1.98746,200,1,"-6:1;-5:1;-4:1;-3:15;-2:25;-1:45;1:58;2:35;3:10;4:8;5:1",-0.455
3926,6,11,69,"Hit(CCW,6,STRONG)",3,-0.31,1.96822,200,1,"-6:1;-5:1;-4:2;-3:13;-2:44;-1:60;1:42;2:17;3:13;4:6;5:1",-0.185
3926,6,11,70,"Freeze(CW,6)",4,-0.925,1.46266,200,1,"-5:1;-4:1;-3:15;-2:44;-1:104;1:20;2:8;3:3;4:4",-1
3926,6,11,71,"Freeze(CCW,6)",4,-0.96,1.48607,200,1,"-5:3;-4:3;-3:13;-2:49;-1:88;1:33;2:6;3:5",-1
3926,6,11,72,"Hit(CW,8,TOUCH)",3,-0.815,1.60024,200,1,"-5:2;-4:3;-3:8;-2:55;-1:85;1:27;2:12;3:6;4:1;5:1",-1.005
3926,6,11,73,"Hit(CCW,8,TOUCH)",3,-0.985,1.43345,200,1,"-5:1;-4:4;-3:14;-2:53;-1:85;1:33;2:6;3:4",-1.26
3926,6,11,74,"Hit(CW,8,WEAK)",3,-0.78,2.04245,200,1,"-6:2;-5:2;-4:7;-3:25;-2:49;-1:46;1:42;2:18;3:3;4:4;5:2",-1.38
3926,6,11,75,"Hit(CCW,8,WEAK)",3,-0.255,1.97484,200,1,"-6:1;-5:4;-4:4;-3:11;-2:30;-1:60;1:58;2:18;3:7;4:6;5:1",-1.23
3926,6,11,76,"Hit(CW,8,MIDDLE)",3,0.81,2.09616,200,1,"-4:1;-3:6;-2:18;-1:56;1:41;2:26;3:29;4:20;5:2;6:1",0.635
3926,6,11,77,"Hit(CCW,8,MIDDLE)",3,-0.61,1.74296,200,1,"-5:2;-4:4;-3:23;-2:40;-1:48;0:1;1:69;2:8;3:4;4:1",-2.035
3926,6,11,78,"Hit(CW,8,STRONG)",3,0.555,1.81851,200,1,"-6:1;-3:1;-2:15;-1:70;1:49;2:32;3:24;4:5;5:3",0.705
3926,6,11,79,"Hit(CCW,8,STRONG)",3,-0.675,1.93891,200,1,"-5:1;-4:15;-3:21;-2:37;-1:44;1:64;2:10;3:5;4:3",-2.14
3926,6,11,80,"Freeze(CW,8)",4,-0.69,1.80108,200,1,"-5:1;-4:3;-3:15;-2:50;-1:77;1:27;2:15;3:7;4:3;5:1;6:1",-1
3926,6,11,81,"Freeze(CCW,8)",4,-0.745,1.76635,200,1,"-5:1;-4:6;-3:13;-2:52;-1:72;1:34;2:9;3:10;4:2;5:1",-1
3926,6,11,82,"Hit(CW,10,TOUCH)",3,-0.735,1.71895,200,1,"-6:1;-4:3;-3:19;-2:45;-1:72;0:1;1:41;2:9;3:7;4:1;6:1",-1
3926,6,11,83,"Hit(CCW,10,TOUCH)",3,-0.995,1.53133,200,1,"-4:5;-3:18;-2:56;-1:77;1:31;2:8;3:4;5:1",-1
3926,6,11,84,"Hit(CW,10,WEAK)",3,-1.085,1.98438,200,1,"-6:3;-5:4;-4:11;-3:29;-2:40;-1:53;1:46;2:6;3:6;4:1;5:1",-2.125
3926,6,11,85,"Hit(CCW,10,WEAK)",3,-1.075,1.88928,200,1,"-5:2;-4:17;-3:32;-2:37;-1:50;1:46;2:12;3:3;4:1",-2.42
3926,6,11,86,"Hit(CW,10,MIDDLE)",3,-0.72,1.91614,200,1,"-5:2;-4:13;-3:24;-2:32;-1:50;1:64;2:10;3:1;4:3;5:1",-2.095
3926,6,11,87,"Hit(CCW,10,MIDDLE)",3,-0.195,1.8566,200,1,"-5:2;-4:4;-3:17;-2:30;-1:45;1:75;2:18;3:5;4:3;5:1",-2
3926,6,11,88,"Hit(CW,10,STRONG)",3,-0.68,1.87019,200,1,"-6:1;-5:1;-4:11;-3:20;-2:40;-1:45;1:67;2:11;3:2;4:1;5:1",-2.155
3926,6,11,89,"Hit(CCW,10,STRONG)",3,0.3,1.8,200,1,"-5:1;-4:5;-3:9;-2:23;-1:31;0:1;1:89;2:27;3:12;4:1;6:1",-2.1
3926,6,11,90,"Freeze(CW,10)",4,-1.045,1.58839,200,1,"-6:1;-5:3;-4:3;-3:15;-2:45;-1:101;1:17;2:5;3:7;4:3",-1
3926,6,11,91,"Freeze(CCW,10)",4,-0.94,1.35514,200,1,"-5:1;-4:1;-3:11;-2:47;-1:106;1:21;2:7;3:5;4:1",-1
3926,6,11,92,"PostGuard(CW,1,0)",7,-0.675,1.5998,200,1,"-5:2;-4:1;-3:8;-2:42;-1:97;1:32;2:9;3:3;4:5;5:1",-1
3926,6,11,93,"PostGuard(CCW,1,0)",7,-0.91,1.42895,200,1,"-5:1;-4:3;-3:9;-2:50;-1:98;1:24;2:12;3:1;4:1;5:1",-1
3926,6,11,94,"PostGuard(CW,1,1)",7,-1.03,1.47618,200,1,"-5:3;-4:3;-3:18;-2:42;-1:96;1:25;2:10;3:2;4:1",-1
3926,6,11,95,"PostGuard(CCW,1,1)",7,-0.825,1.60137,200,1,"-5:1;-4:3;-3:17;-2:42;-1:89;1:31;2:9;3:7;6:1",-1
3926,6,11,96,"PostGuard(CW,1,2)",7,-0.74,1.5819,200,1,"-5:1;-4:1;-3:10;-2:43;-1:102;1:26;2:5;3:6;4:5;5:1",-1
3926,6,11,97,"PostGuard(CCW,1,2)",7,-1.1,1.3784,200,1,"-5:1;-4:6;-3:13;-2:43;-1:109;1:21;2:3;3:2;4:1;6:1",-1
3926,6,11,98,"PostGuard(CW,3,0)",7,-1.165,1.39204,200,1,"-6:1;-4:4;-3:20;-2:46;-1:102;1:19;2:1;3:6;4:1",-1
3926,6,11,99,"PostGuard(CCW,3,0)",7,-0.89,1.44149,200,1,"-5:1;-4:3;-3:16;-2:36;-1:102;1:28;2:10;3:3;4:1",-1
3926,6,11,100,"PostGuard(CW,3,1)",7,-0.895,1.55691,200,1,"-5:1;-4:1;-3:13;-2:55;-1:92;1:20;2:6;3:10;4:1;5:1",-1
3926,6,11,101,"PostGuard(CCW,3,1)",7,-0.825,1.5081,200,1,"-5:1;-4:3;-3:13;-2:46;-1:88;1:33;2:11;3:4;4:1",-1
3926,6,11,102,"PostGuard(CW,3,2)",7,-0.95,1.53867,200,1,"-4:6;-3:16;-2:39;-1:101;1:27;2:7;4:1;5:2;6:1",-1
3926,6,11,103,"PostGuard(CCW,3,2)",7,-0.795,1.54045,200,1,"-6:1;-4:3;-3:8;-2:49;-1:93;1:27;2:13;3:4;4:1;5:1",-1
3926,6,11,104,"PostGuard(CW,5,0)",7,-0.71,1.45805,200,1,"-4:2;-3:4;-2:39;-1:116;1:20;2:11;3:5;4:1;5:1;6:1",-1
3926,6,11,105,"PostGuard(CCW,5,0)",7,-0.815,1.44941,200,1,"-5:1;-4:2;-3:9;-2:39;-1:109;1:26;2:9;3:3;5:1;6:1",-1
3926,6,11,106,"PostGuard(CW,5,1)",7,-1.095,1.37694,200,1,"-5:2;-4:3;-3:14;-2:42;-1:115;1:14;2:4;3:2;4:4",-1
3926,6,11,107,"PostGuard(CCW,5,1)",7,-0.995,1.51821,200,1,"-5:4;-4:3;-3:12;-2:38;-1:112;1:15;2:10;3:3;4:2;5:1",-1
3926,6,11,108,"PostGuard(CW,5,2)",7,-1.04,1.47594,200,1,"-5:2;-4:2;-3:14;-2:49;-1:105;1:13;2:7;3:5;4:2;5:1",-1
3926,6,11,109,"PostGuard(CCW,5,2)",7,-0.855,1.32815,200,1,"-4:1;-3:5;-2:52;-1:107;1:17;2:14;3:2;4:2",-1
3926,6,11,110,"PostGuard(CW,7,0)",7,-0.905,1.52839,200,1,"-4:5;-3:14;-2:43;-1:99;1:23;2:10;3:2;4:3;5:1",-1
3926,6,11,111,"PostGuard(CCW,7,0)",7,-0.875,1.62769,200,1,"-5:2;-4:1;-3:11;-2:48;-1:106;1:12;2:5;3:10;4:3;5:2",-1
3926,6,11,112,"PostGuard(CW,7,1)",7,-0.82,1.46888,200,1,"-4:5;-3:5;-2:41;-1:113;1:18;2:11;3:4;4:1;5:2",-1
3926,6,11,113,"PostGuard(CCW,7,1)",7,-0.86,1.31545,200,1,"-4:3;-3:4;-2:41;-1:121;1:15;2:11;3:2;4:3",-1
3926,6,11,114,"PostGuard(CW,7,2)",7,-0.875,1.42105,200,1,"-5:1;-4:1;-3:8;-2:42;-1:118;1:13;2:9;3:4;4:3;5:1",-1
3926,6,11,115,"PostGuard(CCW,7,2)",7,-0.9,1.52971,200,1,"-6:1;-5:1;-4:1;-3:11;-2:48;-1:103;1:15;2:10;3:8;4:2",-1
3926,6,11,116,"PostGuard(CW,9,0)",7,-0.89,1.44149,200,1,"-4:2;-3:13;-2:41;-1:110;1:19;2:8;3:3;4:3;5:1",-1
3926,6,11,117,"PostGuard(CCW,9,0)",7,-0.94,1.29476,200,1,"-5:2;-4:3;-3:2;-2:47;-1:113;1:25;2:5;3:1;4:1;5:1",-1
3926,6,11,118,"PostGuard(CW,9,1)",7,-0.785,1.55202,200,1,"-5:2;-4:1;-3:6;-2:46;-1:108;1:15;2:10;3:9;4:2;5:1",-1
3926,6,11,119,"PostGuard(CCW,9,1)",7,-0.665,1.49425,200,1,"-3:7;-2:41;-1:110;1:20;2:10;3:9;4:2;5:1",-1
3926,6,11,120,"PostGuard(CW,9,2)",7,-1.06,1.31773,200,1,"-6:1;-5:1;-4:4;-3:5;-2:54;-1:106;1:17;2:9;3:3",-1
3926,6,11,121,"PostGuard(CCW,9,2)",7,-1.255,1.19999,200,1,"-5:1;-4:5;-3:11;-2:57;-1:109;1:6;2:10;4:1",-1
3926,6,11,122,"Pass",0,-0.955,1.51426,200,1,"-5:3;-4:3;-3:12;-2:40;-1:108;1:19;2:8;3:3;4:4",-1
3883,1,14,0,"Draw(CW,TEE)",1,-0.41,0.884251,200,1,"-1:136;0:10;1:54",1
3883,1,14,1,"Draw(CCW,TEE)",1,-0.275,0.93775,200,1,"-1:123;0:9;1:68",1
3883,1,14,2,"Draw(CW,S0)",1,-0.84,0.542586,200,1,"-1:184;1:16",1
3883,1,14,3,"Draw(CCW,S0)",1,-0.91,0.414608,200,1,"-1:191;1:9",1
3883,1,14,4,"Draw(CW,S2)",1,-1,0,200,1,"-1:200",1
3883,1,14,5,"Draw(CCW,S2)",1,-1,0,200,1,"-1:200",1
3883,1,14,6,"Draw(CW,S4)",1,-0.63,0.77013,200,1,"-1:162;0:2;1:36",1
3883,1,14,7,"Draw(CCW,S4)",1,-0.565,0.81595,200,1,"-1:155;0:3;1:42",1
3883,1,14,8,"Draw(CW,S6)",1,-1,0,200,1,"-1:200",1
3883,1,14,9,"Draw(CCW,S6)",1,-1,0,200,1,"-1:200",1
3883,1,14,10,"Draw(CW,L0)",1,-1,0,200,1,"-1:200",0.93
3883,1,14,11,"Draw(CCW,L0)",1,-1,0,200,1,"-1:200",0.955
3883,1,14,12,"Draw(CW,L1)",1,-1,0,200,1,"-1:200",0.97
3883,1,14,13,"Draw(CCW,L1)",1,-1,0,200,1,"-1:200",0.995
3883,1,14,14,"Draw(CW,L2)",1,-1,0,200,1,"-1:200",1
3883,1,14,15,"Draw(CCW,L2)",1,-1,0,200,1,"-1:200",1
3883,1,14,16,"Draw(CW,L3)",1,-1,0,200,1,"-1:200",0.975
3883,1,14,17,"Draw(CCW,L3)",1,-1,0,200,1,"-1:200",0.975
3883,1,14,18,"Draw(CW,L4)",1,-0.53,0.842081,200,1,"-1:152;0:2;1:46",0.685
3883,1,14,19,"Draw(CCW,L4)",1,-0.45,0.893029,200,1,"-1:145;1:55",0.73
3883,1,14,20,"Draw(CW,L5)",1,-1,0,200,1,"-1:200",0.99
3883,1,14,21,"Draw(CCW,L5)",1,-1,0,200,1,"-1:200",0.985
3883,1,14,22,"Draw(CW,L6)",1,-1,0,200,1,"-1:200",1
3883,1,14,23,"Draw(CCW,L6)",1,-1,0,200,1,"-1:200",1
3883,1,14,24,"Draw(CW,L7)",1,-1,0,200,1,"-1:200",0.97
3883,1,14,25,"Draw(CCW,L7)",1,-1,0,200,1,"-1:200",0.97
3883,1,14,26,"PreGuard(CW,G3)",2,-1,0,200,1,"-1:200",0.14
3883,1,14,27,"PreGuard(CCW,G3)",2,-1,0,200,1,"-1:200",0.12
3883,1,14,28,"PreGuard(CW,G4)",2,-0.85,0.396863,200,1,"-1:173;0:24;1:3",0
3883,1,14,29,"PreGuard(CCW,G4)",2,-0.885,0.389583,200,1,"-1:182;0:13;1:5",0
3883,1,14,30,"PreGuard(CW,G5)",2,-0.805,0.589046,200,1,"-1:180;0:1;1:19",0.125
3883,1,14,31,"PreGuard(CCW,G5)",2,-0.865,0.496765,200,1,"-1:186;0:1;1:13",0.115
3883,1,14,32,"Hit(CW,9,MIDDLE)",3,-1,0,200,1,"-1:200",0
3883,1,14,33,"Hit(CCW,9,MIDDLE)",3,-0.98,0.198997,200,1,"-1:198;1:2",0.18
3883,1,14,34,"Hit(CW,9,STRONG)",3,-1,0,200,1,"-1:200",0
3883,1,14,35,"Hit(CCW,9,STRONG)",3,-0.98,0.198997,200,1,"-1:198;1:2",0.18
3883,1,14,36,"Pass",0,-1,0,200,1,"-1:200",0
9222,7,5,0,"Draw(CW,TEE)",1,0.995,1.79304,200,1,"-3:1;-2:18;-1:38;1:71;2:35;3:18;4:14;5:5",1
9222,7,5,1,"Draw(CCW,TEE)",1,0.93,1.60471,200,1,"-2:16;-1:38;1:78;2:37;3:22;4:7;5:2",1
9222,7,5,2,"Draw(CW,S0)",1,0.945,1.76691,200,1,"-4:1;-3:6;-2:13;-1:33;1:76;2:32;3:27;4:11;5:1",1
9222,7,5,3,"Draw(CCW,S0)",1,1.08,1.90882,200,1,"-4:1;-3:4;-2:11;-1:38;0:1;1:74;2:28;3:21;4:12;5:9;6:1",1
9222,7,5,4,"Draw(CW,S2)",1,1.875,1.83559,200,1,"-2:3;-1:30;1:59;2:35;3:29;4:25;5:19",1
9222,7,5,5,"Draw(CCW,S2)",1,1.675,1.98227,200,1,"-3:1;-2:4;-1:42;1:51;2:29;3:30;4:27;5:15;6:1",1
9222,7,5,6,"Draw(CW,S4)",1,1.08,1.64122,200,1,"-4:1;-3:2;-2:10;-1:34;1:74;2:46;3:20;4:11;5:2",1
9222,7,5,7,"Draw(CCW,S4)",1,0.92,1.74172,200,1,"-3:4;-2:16;-1:37;1:68;2:42;3:23;4:6;5:4",1
9222,7,5,8,"Draw(CW,S6)",1,2.03,1.96954,200,1,"-3:1;-2:4;-1:31;1:44;2:29;3:41;4:31;5:15;6:4",1
9222,7,5,9,"Draw(CCW,S6)",1,1.645,2.05158,200,1,"-3:1;-2:12;-1:32;0:1;1:48;2:39;3:30;4:19;5:12;6:6",1
9222,7,5,10,"Draw(CW,L0)",1,1.035,1.74177,200,1,"-4:1;-3:2;-2:10;-1:42;1:70;2:35;3:22;4:17;5:1",0.94
9222,7,5,11,"Draw(CCW,L0)",1,1.2,1.69411,200,1,"-3:2;-2:9;-1:36;1:69;2:42;3:26;4:11;5:5",0.935
9222,7,5,12,"Draw(CW,L1)",1,2.025,1.99358,200,1,"-3:1;-2:9;-1:26;1:34;2:44;3:38;4:28;5:16;6:4",0.98
9222,7,5,13,"Draw(CCW,L1)",1,1.835,1.95902,200,1,"-4:2;-2:7;-1:31;0:2;1:31;2:43;3:48;4:23;5:11;6:2",0.975
9222,7,5,14,"Draw(CW,L2)",1,2.12,2.05563,200,1,"-3:1;-2:4;-1:32;1:42;2:27;3:34;4:36;5:19;6:5",1
9222,7,5,15,"Draw(CCW,L2)",1,2.305,1.98292,200,1,"-3:1;-2:3;-1:27;0:1;1:34;2:30;3:44;4:35;5:19;6:6",1
9222,7,5,16,"Draw(CW,L3)",1,2.41,1.94214,200,1,"-2:6;-1:23;1:26;2:36;3:48;4:36;5:19;6:6",0.985
9222,7,5,17,"Draw(CCW,L3)",1,2.325,1.89984,200,1,"-2:6;-1:21;1:40;2:26;3:45;4:44;5:13;6:5",0.98
9222,7,5,18,"Draw(CW,L4)",1,1.195,1.88864,200,1,"-4:1;-3:3;-2:7;-1:43;1:64;2:33;3:27;4:14;5:6;6:2",0.73
9222,7,5,19,"Draw(CCW,L4)",1,1.31,2.10331,200,1,"-4:3;-3:2;-2:11;-1:40;1:49;2:40;3:24;4:16;5:13;6:2",0.71
9222,7,5,20,"Draw(CW,L5)",1,2.29,1.83191,200,1,"-2:3;-1:23;0:1;1:33;2:48;3:34;4:39;5:14;6:5",0.995
9222,7,5,21,"Draw(CCW,L5)",1,2.265,1.98866,200,1,"-3:1;-2:5;-1:21;1:45;2:35;3:37;4:29;5:17;6:10",0.995
9222,7,5,22,"Draw(CW,L6)",1,2.16,1.9986,200,1,"-2:6;-1:28;1:38;2:36;3:36;4:30;5:22;6:4",1
9222,7,5,23,"Draw(CCW,L6)",1,2.105,1.95294,200,1,"-3:1;-2:3;-1:27;1:51;2:30;3:33;4:33;5:17;6:5",1
9222,7,5,24,"Draw(CW,L7)",1,1.9,2.08087,200,1,"-4:1;-3:3;-2:5;-1:32;0:1;1:40;2:29;3:38;4:36;5:11;6:4",0.98
9222,7,5,25,"Draw(CCW,L7)",1,1.895,2.09856,200,1,"-4:2;-3:2;-2:8;-1:26;1:43;2:39;3:29;4:32;5:15;6:4",0.97
9222,7,5,26,"PreGuard(CW,G3)",2,1,1.74642,200,1,"-4:1;-3:3;-2:11;-1:39;1:70;2:42;3:21;4:10;5:1;6:2",0.09
9222,7,5,27,"PreGuard(CCW,G3)",2,1.205,1.88493,200,1,"-3:3;-2:15;-1:34;0:1;1:58;2:38;3:33;4:11;5:5;6:2",0.11
9222,7,5,28,"PreGuard(CW,G4)",2,0.73,1.84312,200,1,"-3:6;-2:16;-1:50;1:59;2:36;3:20;4:10;5:3",0
9222,7,5,29,"PreGuard(CCW,G4)",2,0.815,1.71195,200,1,"-4:2;-3:4;-2:9;-1:42;1:87;2:28;3:16;4:9;5:2;6:1",0
9222,7,5,30,"PreGuard(CW,G5)",2,1.185,1.78067,200,1,"-4:1;-3:4;-2:7;-1:35;1:75;2:32;3:25;4:17;5:4",0.16
9222,7,5,31,"PreGuard(CCW,G5)",2,1.3,1.90526,200,1,"-3:3;-2:13;-1:35;1:57;2:36;3:30;4:19;5:7",0.125
9222,7,5,32,"Hit(CW,4,MIDDLE)",3,0.91,1.61923,200,1,"-4:1;-3:2;-2:11;-1:38;0:2;1:82;2:33;3:22;4:7;5:2",0
9222,7,5,33,"Hit(CCW,4,MIDDLE)",3,0.915,1.71399,200,1,"-3:3;-2:13;-1:40;1:83;2:27;3:18;4:13;5:3",0
9222,7,5,34,"Hit(CW,4,STRONG)",3,0.915,1.70815,200,1,"-3:5;-2:10;-1:43;1:71;2:35;3:26;4:8;5:2",0
9222,7,5,35,"Hit(CCW,4,STRONG)",3,0.82,1.6179,200,1,"-3:4;-2:9;-1:46;0:1;1:78;2:35;3:17;4:9;5:1",0
9222,7,5,36,"Pass",0,1.23,1.50901,200,1,"-2:8;-1:31;0:1;1:82;2:35;3:32;4:10;5:1",0
7881,2,15,0,"Draw(CW,TEE)",1,-1.025,0.156125,200,1,"-2:5;-1:195",-1.025
7881,2,15,1,"Draw(CCW,TEE)",1,-1.68,0.466476,200,1,"-2:136;-1:64",-1.68
7881,2,15,2,"Draw(CW,S0)",1,-1,0,200,1,"-1:200",-1
7881,2,15,3,"Draw(CCW,S0)",1,-1.335,0.47199,200,1,"-2:67;-1:133",-1.335
7881,2,15,4,"Draw(CW,S2)",1,-1.085,0.278882,200,1,"-2:17;-1:183",-1.085
7881,2,15,5,"Draw(CCW,S2)",1,-1,0,200,1,"-1:200",-1
7881,2,15,6,"Draw(CW,S4)",1,-1,0,200,1,"-1:200",-1
7881,2,15,7,"Draw(CCW,S4)",1,-1.425,0.494343,200,1,"-2:85;-1:115",-1.425
7881,2,15,8,"Draw(CW,S6)",1,-1,0,200,1,"-1:200",-1
7881,2,15,9,"Draw(CCW,S6)",1,-1,0,200,1,"-1:200",-1
7881,2,15,10,"Draw(CW,L0)",1,-1,0,200,1,"-1:200",-1
7881,2,15,11,"Draw(CCW,L0)",1,-1.255,0.435861,200,1,"-2:51;-1:149",-1.255
7881,2,15,12,"Draw(CW,L1)",1,-1.355,0.478513,200,1,"-2:71;-1:129",-1.355
7881,2,15,13,"Draw(CCW,L1)",1,-1,0,200,1,"-1:200",-1
7881,2,15,14,"Draw(CW,L2)",1,-1,0,200,1,"-1:200",-1
7881,2,15,15,"Draw(CCW,L2)",1,-1,0,200,1,"-1:200",-1
7881,2,15,16,"Draw(CW,L3)",1,-1,0,200,1,"-1:200",-1
7881,2,15,17,"Draw(CCW,L3)",1,-1,0,200,1,"-1:200",-1
7881,2,15,18,"Draw(CW,L4)",1,-1,0,200,1,"-1:200",-1
7881,2,15,19,"Draw(CCW,L4)",1,-1,0,200,1,"-1:200",-1
7881,2,15,20,"Draw(CW,L5)",1,-1,0,200,1,"-1:200",-1
7881,2,15,21,"Draw(CCW,L5)",1,-1,0,200,1,"-1:200",-1
7881,2,15,22,"Draw(CW,L6)",1,-1,0,200,1,"-1:200",-1
7881,2,15,23,"Draw(CCW,L6)",1,-1,0,200,1,"-1:200",-1
7881,2,15,24,"Draw(CW,L7)",1,-1,0,200,1,"-1:200",-1
7881,2,15,25,"Draw(CCW,L7)",1,-1,0,200,1,"-1:200",-1
7881,2,15,26,"PreGuard(CW,G3)",2,-1,0,200,1,"-1:200",-1
7881,2,15,27,"PreGuard(CCW,G3)",2,-1,0,200,1,"-1:200",-1
7881,2,15,28,"PreGuard(CW,G4)",2,-1,0,200,1,"-1:200",-1
7881,2,15,29,"PreGuard(CCW,G4)",2,-1,0,200,1,"-1:200",-1
7881,2,15,30,"PreGuard(CW,G5)",2,-1,0,200,1,"-1:200",-1
7881,2,15,31,"PreGuard(CCW,G5)",2,-1,0,200,1,"-1:200",-1
7881,2,15,32,"Hit(CW,2,TOUCH)",3,-1,0,200,1,"-1:200",-1
7881,2,15,33,"Hit(CCW,2,TOUCH)",3,-1.01,0.0994987,200,1,"-2:2;-1:198",-1.01
7881,2,15,34,"Hit(CW,2,WEAK)",3,-0.775,0.879986,200,1,"-2:16;-1:158;1:17;2:9",-0.775
7881,2,15,35,"Hit(CCW,2,WEAK)",3,-0.655,0.908832,200,1,"-2:17;-1:140;1:43",-0.655
7881,2,15,36,"Hit(CW,2,MIDDLE)",3,0.02,1.24081,200,1,"-1:116;1:48;2:36",0.02
7881,2,15,37,"Hit(CCW,2,MIDDLE)",3,-0.975,0.551702,200,1,"-2:16;-1:174;1:9;2:1",-0.975
7881,2,15,38,"Hit(CW,2,STRONG)",3,-0.03,1.1658,200,1,"-1:115;1:61;2:24",-0.03
7881,2,15,39,"Hit(CCW,2,STRONG)",3,-0.96,0.639062,200,1,"-2:21;-1:165;1:13;2:1",-0.96
7881,2,15,40,"Freeze(CW,2)",4,-1,0,200,1,"-1:200",-1
7881,2,15,41,"Freeze(CCW,2)",4,-1.04,0.195959,200,1,"-2:8;-1:192",-1.04
7881,2,15,42,"Hit(CW,4,TOUCH)",3,-1.005,0.0705337,200,1,"-2:1;-1:199",-1.005
7881,2,15,43,"Hit(CCW,4,TOUCH)",3,-1.485,0.499775,200,1,"-2:97;-1:103",-1.485
7881,2,15,44,"Hit(CW,4,WEAK)",3,-0.975,0.253722,200,1,"-2:1;-1:196;1:3",-0.975
7881,2,15,45,"Hit(CCW,4,WEAK)",3,-0.61,1.00891,200,1,"-2:2;-1:170;1:4;2:24",-0.61
7881,2,15,46,"Hit(CW,4,MIDDLE)",3,0.03,1.42797,200,1,"-1:131;1:3;2:64;3:2",0.03
7881,2,15,47,"Hit(CCW,4,MIDDLE)",3,-0.585,0.856023,200,1,"-2:1;-1:159;1:36;2:4",-0.585
7881,2,15,48,"Hit(CW,4,STRONG)",3,-0.06,1.41294,200,1,"-1:138;1:1;2:59;3:1;4:1",-0.06
7881,2,15,49,"Hit(CCW,4,STRONG)",3,-0.555,0.875771,200,1,"-2:2;-1:154;1:41;2:3",-0.555
7881,2,15,50,"Freeze(CW,4)",4,-1.015,0.121552,200,1,"-2:3;-1:197",-1.015
7881,2,15,51,"Freeze(CCW,4)",4,-1.75,0.433013,200,1,"-2:150;-1:50",-1.75
7881,2,15,52,"Hit(CW,6,TOUCH)",3,-1,0,200,1,"-1:200",-1
7881,2,15,53,"Hit(CCW,6,TOUCH)",3,-1,0,200,1,"-1:200",-1
7881,2,15,54,"Hit(CW,6,WEAK)",3,-1,0,200,1,"-1:200",-1
7881,2,15,55,"Hit(CCW,6,WEAK)",3,-1,0,200,1,"-1:200",-1
7881,2,15,56,"Hit(CW,6,MIDDLE)",3,0.53,1.13539,200,1,"-1:66;1:96;2:38",0.53
7881,2,15,57,"Hit(CCW,6,MIDDLE)",3,-0.985,0.211601,200,1,"-1:199;2:1",-0.985
7881,2,15,58,"Hit(CW,6,STRONG)",3,0.53,1.09503,200,1,"-1:63;1:105;2:32",0.53
7881,2,15,59,"Hit(CCW,6,STRONG)",3,-0.985,0.211601,200,1,"-1:199;2:1",-0.985
7881,2,15,60,"Freeze(CW,6)",4,-1,0,200,1,"-1:200",-1
7881,2,15,61,"Freeze(CCW,6)",4,-1,0,200,1,"-1:200",-1
7881,2,15,62,"Hit(CW,8,TOUCH)",3,-1,0,200,1,"-1:200",-1
7881,2,15,63,"Hit(CCW,8,TOUCH)",3,-1,0,200,1,"-1:200",-1
7881,2,15,64,"Hit(CW,8,WEAK)",3,0.455,1.5093,200,1,"-2:2;-1:100;1:1;2:97",0.455
7881,2,15,65,"Hit(CCW,8,WEAK)",3,-1,0,200,1,"-1:200",-1
7881,2,15,66,"Hit(CW,8,MIDDLE)",3,-1.025,0.569539,200,1,"-2:22;-1:171;1:4;2:3",-1.025
7881,2,15,67,"Hit(CCW,8,MIDDLE)",3,0.67,0.781729,200,1,"-1:35;1:161;2:4",0.67
7881,2,15,68,"Hit(CW,8,STRONG)",3,-0.815,0.860683,200,1,"-2:16;-1:163;1:10;2:11",-0.815
7881,2,15,69,"Hit(CCW,8,STRONG)",3,0.66,0.770973,200,1,"-1:35;1:163;2:2",0.66
7881,2,15,70,"Freeze(CW,8)",4,-1,0,200,1,"-1:200",-1
7881,2,15,71,"Freeze(CCW,8)",4,-1,0,200,1,"-1:200",-1
7881,2,15,72,"Hit(CW,10,TOUCH)",3,-1,0,200,1,"-1:200",-1
7881,2,15,73,"Hit(CCW,10,TOUCH)",3,-1.005,0.0705337,200,1,"-2:1;-1:199",-1.005
7881,2,15,74,"Hit(CW,10,WEAK)",3,-1.12,0.505569,200,1,"-2:34;-1:161;1:5",-1.12
7881,2,15,75,"Hit(CCW,10,WEAK)",3,-1.205,0.750317,200,1,"-3:1;-2:61;-1:129;1:5;2:4",-1.205
7881,2,15,76,"Hit(CW,10,MIDDLE)",3,-1.06,0.596992,200,1,"-2:30;-1:162;1:6;2:2",-1.06
7881,2,15,77,"Hit(CCW,10,MIDDLE)",3,-0.865,0.766012,200,1,"-2:4;-1:187;1:1;2:5;3:2;5:1",-0.865
7881,2,15,78,"Hit(CW,10,STRONG)",3,-0.955,0.763528,200,1,"-2:29;-1:154;1:13;2:4",-0.955
7881,2,15,79,"Hit(CCW,10,STRONG)",3,-0.885,0.672142,200,1,"-2:6;-1:184;1:2;2:7;3:1",-0.885
7881,2,15,80,"Freeze(CW,10)",4,-1,0,200,1,"-1:200",-1
7881,2,15,81,"Freeze(CCW,10)",4,-1,0,200,1,"-1:200",-1
7881,2,15,82,"Hit(CW,12,TOUCH)",3,-1.61,0.48775,200,1,"-2:122;-1:78",-1.61
7881,2,15,83,"Hit(CCW,12,TOUCH)",3,-1.685,0.464516,200,1,"-2:137;-1:63",-1.685
7881,2,15,84,"Hit(CW,12,WEAK)",3,0.195,1.39175,200,1,"-1:113;1:22;2:65",0.195
7881,2,15,85,"Hit(CCW,12,WEAK)",3,0.495,1.50996,200,1,"-1:97;1:23;2:67;3:13",0.495
7881,2,15,86,"Hit(CW,12,MIDDLE)",3,1.56,2.0872,200,1,"-1:71;1:11;2:40;3:23;4:53;5:1;6:1",1.56
7881,2,15,87,"Hit(CCW,12,MIDDLE)",3,-0.72,0.866949,200,1,"-1:181;1:1;2:18",-0.72
7881,2,15,88,"Hit(CW,12,STRONG)",3,1.745,1.9723,200,1,"-1:58;1:14;2:48;3:25;4:53;5:2",1.745
7881,2,15,89,"Hit(CCW,12,STRONG)",3,-0.695,0.895531,200,1,"-1:179;1:2;2:19",-0.695
7881,2,15,90,"Freeze(CW,12)",4,-1.03,0.170587,200,1,"-2:6;-1:194",-1.03
7881,2,15,91,"Freeze(CCW,12)",4,-1.04,0.195959,200,1,"-2:8;-1:192",-1.04
7881,2,15,92,"PostGuard(CW,5,0)",7,-1,0,200,1,"-1:200",-1
7881,2,15,93,"PostGuard(CCW,5,0)",7,-1,0,200,1,"-1:200",-1
7881,2,15,94,"PostGuard(CW,5,1)",7,-1,0,200,1,"-1:200",-1
7881,2,15,95,"PostGuard(CCW,5,1)",7,-1,0,200,1,"-1:200",-1
7881,2,15,96,"PostGuard(CW,5,2)",7,-1,0,200,1,"-1:200",-1
7881,2,15,97,"PostGuard(CCW,5,2)",7,-1,0,200,1,"-1:200",-1
7881,2,15,98,"PostGuard(CW,7,0)",7,-1.155,0.361905,200,1,"-2:31;-1:169",-1.155
7881,2,15,99,"PostGuard(CCW,7,0)",7,-1.345,0.475368,200,1,"-2:69;-1:131",-1.345
7881,2,15,100,"PostGuard(CW,7,1)",7,-1,0,200,1,"-1:200",-1
7881,2,15,101,"PostGuard(CCW,7,1)",7,-1,0,200,1,"-1:200",-1
7881,2,15,102,"PostGuard(CW,7,2)",7,-1,0,200,1,"-1:200",-1
7881,2,15,103,"PostGuard(CCW,7,2)",7,-1,0,200,1,"-1:200",-1
7881,2,15,104,"PostGuard(CW,9,0)",7,-1,0,200,1,"-1:200",-1
7881,2,15,105,"PostGuard(CCW,9,0)",7,-1,0,200,1,"-1:200",-1
7881,2,15,106,"PostGuard(CW,9,1)",7,-1,0,200,1,"-1:200",-1
7881,2,15,107,"PostGuard(CCW,9,1)",7,-1,0,200,1,"-1:200",-1
7881,2,15,108,"PostGuard(CW,9,2)",7,-1,0,200,1,"-1:200",-1
7881,2,15,109,"PostGuard(CCW,9,2)",7,-1,0,200,1,"-1:200",-1
7881,2,15,110,"PostGuard(CW,11,0)",7,-1,0,200,1,"-1:200",-1
7881,2,15,111,"PostGuard(CCW,11,0)",7,-1,0,200,1,"-1:200",-1
7881,2,15,112,"PostGuard(CW,11,1)",7,-1,0,200,1,"-1:200",-1
7881,2,15,113,"PostGuard(CCW,11,1)",7,-1,0,200,1,"-1:200",-1
7881,2,15,114,"PostGuard(CW,11,2)",7,-1,0,200,1,"-1:200",-1
7881,2,15,115,"PostGuard(CCW,11,2)",7,-1,0,200,1,"-1:200",-1
7881,2,15,116,"PostGuard(CW,13,0)",7,-1,0,200,1,"-1:200",-1
7881,2,15,117,"PostGuard(CCW,13,0)",7,-1,0,200,1,"-1:200",-1
7881,2,15,118,"PostGuard(CW,13,1)",7,-1,0,200,1,"-1:200",-1
7881,2,15,119,"PostGuard(CCW,13,1)",7,-1,0,200,1,"-1:200",-1
7881,2,15,120,"PostGuard(CW,13,2)",7,-1,0,200,1,"-1:200",-1
7881,2,15,121,"PostGuard(CCW,13,2)",7,-1,0,200,1,"-1:200",-1
7881,2,15,122,"PostGuard(CW,15,0)",7,-1,0,200,1,"-1:200",-1
7881,2,15,123,"PostGuard(CCW,15,0)",7,-1,0,200,1,"-1:200",-1
7881,2,15,124,"PostGuard(CW,15,1)",7,-1,0,200,1,"-1:200",-1
7881,2,15,125,"PostGuard(CCW,15,1)",7,-1,0,200,1,"-1:200",-1
7881,2,15,126,"PostGuard(CW,15,2)",7,-1,0,200,1,"-1:200",-1
7881,2,15,127,"PostGuard(CCW,15,2)",7,-1,0,200,1,"-1:200",-1
7881,2,15,128,"Pass",0,-1,0,200,1,"-1:200",-1
6406,1,10,0,"Draw(CW,TEE)",1,-0.88,1.69871,200,1,"-5:1;-4:10;-3:23;-2:35;-1:72;1:41;2:15;3:3",-0.25
6406,1,10,1,"Draw(CCW,TEE)",1,-0.99,1.67628,200,1,"-5:1;-4:13;-3:16;-2:51;-1:63;1:44;2:9;3:2;4:1",-0.25
6406,1,10,2,"Draw(CW,S0)",1,-1.11,1.6087,200,1,"-4:17;-3:21;-2:36;-1:78;1:37;2:11",0.92
6406,1,10,3,"Draw(CCW,S0)",1,-1.56,1.77099,200,1,"-5:3;-4:22;-3:46;-2:43;-1:38;1:43;2:5",0.285
6406,1,10,4,"Draw(CW,S2)",1,-1.35,1.51575,200,1,"-5:1;-4:11;-3:33;-2:54;-1:59;1:39;2:3",-2
6406,1,10,5,"Draw(CCW,S2)",1,-1.455,1.45189,200,1,"-4:12;-3:29;-2:69;-1:57;1:30;2:1;3:1;4:1",-2
6406,1,10,6,"Draw(CW,S4)",1,-0.735,1.59524,200,1,"-5:1;-4:3;-3:21;-2:32;-1:85;1:40;2:12;3:6",0.6
6406,1,10,7,"Draw(CCW,S4)",1,-1.385,1.78515,200,1,"-4:34;-3:22;-2:38;-1:56;1:43;2:7",0.415
6406,1,10,8,"Draw(CW,S6)",1,-1.225,1.45065,200,1,"-5:2;-4:6;-3:24;-2:58;-1:69;1:37;2:3;3:1",-2
6406,1,10,9,"Draw(CCW,S6)",1,-1.32,1.46547,200,1,"-5:1;-4:7;-3:33;-2:54;-1:68;1:31;2:5;3:1",-2
6406,1,10,10,"Draw(CW,L0)",1,-1.295,1.54207,200,1,"-5:2;-4:15;-3:27;-2:32;-1:88;1:29;2:6;3:1",0.53
6406,1,10,11,"Draw(CCW,L0)",1,-1.535,1.68487,200,1,"-5:4;-4:23;-3:34;-2:38;-1:61;1:36;2:4",-0.895
6406,1,10,12,"Draw(CW,L1)",1,-1.375,1.4472,200,1,"-4:11;-3:33;-2:52;-1:68;1:32;2:4",-2
6406,1,10,13,"Draw(CCW,L1)",1,-1.505,1.38924,200,1,"-4:8;-3:41;-2:56;-1:68;1:21;2:5;3:1",-2
6406,1,10,14,"Draw(CW,L2)",1,-1.445,1.58018,200,1,"-4:20;-3:24;-2:64;-1:55;1:31;2:3;3:3",-2
6406,1,10,15,"Draw(CCW,L2)",1,-1.275,1.48976,200,1,"-4:4;-3:37;-2:60;-1:58;1:35;2:3;3:3",-2
6406,1,10,16,"Draw(CW,L3)",1,-1.43,1.50834,200,1,"-4:14;-3:31;-2:56;-1:67;1:25;2:5;3:1;4:1",-2
6406,1,10,17,"Draw(CCW,L3)",1,-1.445,1.49231,200,1,"-5:2;-4:10;-3:35;-2:56;-1:62;1:31;2:3;3:1",-2
6406,1,10,18,"Draw(CW,L4)",1,-1.495,1.75783,200,1,"-5:5;-4:18;-3:39;-2:41;-1:56;1:31;2:8;3:2",-2
6406,1,10,19,"Draw(CCW,L4)",1,-1.57,1.73928,200,1,"-5:6;-4:18;-3:40;-2:46;-1:49;1:34;2:6;3:1",-2
6406,1,10,20,"Draw(CW,L5)",1,-1.31,1.56649,200,1,"-5:2;-4:10;-3:33;-2:47;-1:68;1:33;2:5;3:2",-2
6406,1,10,21,"Draw(CCW,L5)",1,-1.445,1.5385,200,1,"-5:1;-4:17;-3:35;-2:41;-1:69;1:34;2:3",-2
6406,1,10,22,"Draw(CW,L6)",1,-1.365,1.55621,200,1,"-4:18;-3:23;-2:59;-1:61;1:32;2:6;3:1",-2
6406,1,10,23,"Draw(CCW,L6)",1,-1.5,1.46969,200,1,"-5:1;-4:12;-3:34;-2:62;-1:59;1:27;2:4;3:1",-2
6406,1,10,24,"Draw(CW,L7)",1,-1.395,1.45567,200,1,"-4:10;-3:31;-2:65;-1:58;1:31;2:4;3:1",-2
6406,1,10,25,"Draw(CCW,L7)",1,-1.43,1.47821,200,1,"-5:2;-4:9;-3:37;-2:50;-1:68;0:1;1:27;2:6",-2
6406,1,10,26,"PreGuard(CW,G3)",2,-1.315,1.59555,200,1,"-5:1;-4:11;-3:36;-2:50;-1:58;1:38;2:4;3:2",-2
6406,1,10,27,"PreGuard(CCW,G3)",2,-1.465,1.46928,200,1,"-5:1;-4:9;-3:38;-2:60;-1:58;1:28;2:6",-2
6406,1,10,28,"PreGuard(CW,G4)",2,-1.39,1.71694,200,1,"-5:6;-4:18;-3:28;-2:43;-1:57;1:45;2:3",-2
6406,1,10,29,"PreGuard(CCW,G4)",2,-1.765,1.89467,200,1,"-5:13;-4:26;-3:40;-2:34;-1:44;1:39;2:3;3:1",-2
6406,1,10,30,"PreGuard(CW,G5)",2,-1.15,1.66057,200,1,"-5:1;-4:9;-3:32;-2:49;-1:60;1:36;2:10;3:3",-2
6406,1,10,31,"PreGuard(CCW,G5)",2,-1.165,1.6905,200,1,"-5:1;-4:13;-3:34;-2:41;-1:56;1:47;2:7;3:1",-2
6406,1,10,32,"Hit(CW,7,TOUCH)",3,-1.235,1.54912,200,1,"-5:1;-4:12;-3:27;-2:45;-1:74;1:31;2:10",-1.075
6406,1,10,33,"Hit(CCW,7,TOUCH)",3,-1.29,1.62355,200,1,"-5:2;-4:14;-3:32;-2:40;-1:68;1:37;2:6;3:1",-0.97
6406,1,10,34,"Hit(CW,7,WEAK)",3,-0.95,1.43788,200,1,"-3:27;-2:38;-1:93;1:29;2:8;3:5",-0.625
6406,1,10,35,"Hit(CCW,7,WEAK)",3,-0.92,1.52434,200,1,"-4:4;-3:22;-2:48;-1:74;1:39;2:10;3:3",-0.64
6406,1,10,36,"Hit(CW,7,MIDDLE)",3,-0.765,1.28832,200,1,"-4:1;-3:13;-2:30;-1:109;0:1;1:34;2:11;3:1",1.055
6406,1,10,37,"Hit(CCW,7,MIDDLE)",3,-0.965,1.40135,200,1,"-4:3;-3:16;-2:47;-1:95;0:1;1:25;2:9;3:3;4:1",-0.99
6406,1,10,38,"Hit(CW,7,STRONG)",3,-0.81,1.23041,200,1,"-4:3;-3:5;-2:38;-1:112;1:32;2:9;3:1",1.1
6406,1,10,39,"Hit(CCW,7,STRONG)",3,-1.065,1.17506,200,1,"-4:3;-3:15;-2:41;-1:110;1:26;2:5",-1.005
6406,1,10,40,"Freeze(CW,7)",4,-1.145,1.48794,200,1,"-5:1;-4:10;-3:25;-2:37;-1:84;1:38;2:4;3:1",-1.505
6406,1,10,41,"Freeze(CCW,7)",4,-1.13,1.51099,200,1,"-4:7;-3:30;-2:43;-1:77;0:1;1:29;2:13",-1.43
6406,1,10,42,"Hit(CW,9,TOUCH)",3,-0.975,1.58252,200,1,"-4:9;-3:21;-2:46;-1:71;0:1;1:40;2:9;3:3",0.56
6406,1,10,43,"Hit(CCW,9,TOUCH)",3,-1.23,1.60533,200,1,"-5:4;-4:15;-3:21;-2:37;-1:79;1:38;2:6",0.49
6406,1,10,44,"Hit(CW,9,WEAK)",3,-1.11,1.50263,200,1,"-4:8;-3:26;-2:44;-1:79;1:32;2:10;3:1",0.275
6406,1,10,45,"Hit(CCW,9,WEAK)",3,-1.125,1.59668,200,1,"-4:8;-3:30;-2:52;-1:61;0:1;1:37;2:8;3:3",0.375
6406,1,10,46,"Hit(CW,9,MIDDLE)",3,-0.74,1.39011,200,1,"-4:3;-3:12;-2:42;-1:84;1:51;2:7;3:1",0.045
6406,1,10,47,"Hit(CCW,9,MIDDLE)",3,-0.865,1.3292,200,1,"-4:4;-3:15;-2:37;-1:93;1:47;2:4",0.045
6406,1,10,48,"Hit(CW,9,STRONG)",3,-1.09,1.29688,200,1,"-4:4;-3:24;-2:36;-1:99;1:34;2:2;3:1",-0.07
6406,1,10,49,"Hit(CCW,9,STRONG)",3,-0.885,1.36447,200,1,"-4:4;-3:16;-2:38;-1:94;1:39;2:9",0.05
6406,1,10,50,"Freeze(CW,9)",4,-0.81,1.61676,200,1,"-5:1;-4:3;-3:27;-2:34;-1:75;0:1;1:43;2:12;3:4",-1.06
6406,1,10,51,"Freeze(CCW,9)",4,-0.98,1.82198,200,1,"-5:2;-4:14;-3:30;-2:33;-1:57;1:46;2:17;3:1",-1.115
6406,1,10,52,"PostGuard(CW,8,0)",7,-1.43,1.36202,200,1,"-4:7;-3:33;-2:62;-1:70;1:23;2:3;3:2",-2
6406,1,10,53,"PostGuard(CCW,8,0)",7,-1.21,1.583,200,1,"-5:1;-4:12;-3:29;-2:44;-1:68;1:39;2:6;3:1",-2
6406,1,10,54,"PostGuard(CW,8,1)",7,-1.425,1.36908,200,1,"-5:1;-4:8;-3:34;-2:53;-1:73;1:29;2:2",-2
6406,1,10,55,"PostGuard(CCW,8,1)",7,-1.405,1.5136,200,1,"-5:1;-4:13;-3:30;-2:60;-1:57;1:36;2:2;3:1",-2
6406,1,10,56,"PostGuard(CW,8,2)",7,-1.445,1.41668,200,1,"-5:2;-4:12;-3:31;-2:43;-1:84;1:25;2:2;3:1",-2
6406,1,10,57,"PostGuard(CCW,8,2)",7,-1.56,1.4479,200,1,"-5:2;-4:9;-3:41;-2:61;-1:56;1:27;2:4",-2
6406,1,10,58,"Pass",0,-1.635,1.48384,200,1,"-5:2;-4:16;-3:38;-2:58;-1:56;1:27;2:3",-2
8452,5,15,0,"Draw(CW,TEE)",1,1.45,0.497494,200,1,"1:110;2:90",1.45
8452,5,15,1,"Draw(CCW,TEE)",1,1,0,200,1,"1:200",1
8452,5,15,2,"Draw(CW,S0)",1,1.355,0.478513,200,1,"1:129;2:71",1.355
8452,5,15,3,"Draw(CCW,S0)",1,1,0,200,1,"1:200",1
8452,5,15,4,"Draw(CW,S2)",1,1,0,200,1,"1:200",1
8452,5,15,5,"Draw(CCW,S2)",1,1,0,200,1,"1:200",1
8452,5,15,6,"Draw(CW,S4)",1,1.425,0.494343,200,1,"1:115;2:85",1.425
8452,5,15,7,"Draw(CCW,S4)",1,1,0,200,1,"1:200",1
8452,5,15,8,"Draw(CW,S6)",1,1,0,200,1,"1:200",1
8452,5,15,9,"Draw(CCW,S6)",1,1,0,200,1,"1:200",1
8452,5,15,10,"Draw(CW,L0)",1,1.06,0.237487,200,1,"1:188;2:12",1.06
8452,5,15,11,"Draw(CCW,L0)",1,1,0,200,1,"1:200",1
8452,5,15,12,"Draw(CW,L1)",1,1,0,200,1,"1:200",1
8452,5,15,13,"Draw(CCW,L1)",1,1,0,200,1,"1:200",1
8452,5,15,14,"Draw(CW,L2)",1,1,0,200,1,"1:200",1
8452,5,15,15,"Draw(CCW,L2)",1,1,0,200,1,"1:200",1
8452,5,15,16,"Draw(CW,L3)",1,1,0,200,1,"1:200",1
8452,5,15,17,"Draw(CCW,L3)",1,1,0,200,1,"1:200",1
8452,5,15,18,"Draw(CW,L4)",1,1,0,200,1,"1:200",1
8452,5,15,19,"Draw(CCW,L4)",1,1,0,200,1,"1:200",1
8452,5,15,20,"Draw(CW,L5)",1,1,0,200,1,"1:200",1
8452,5,15,21,"Draw(CCW,L5)",1,1,0,200,1,"1:200",1
8452,5,15,22,"Draw(CW,L6)",1,1,0,200,1,"1:200",1
8452,5,15,23,"Draw(CCW,L6)",1,1,0,200,1,"1:200",1
8452,5,15,24,"Draw(CW,L7)",1,1,0,200,1,"1:200",1
8452,5,15,25,"Draw(CCW,L7)",1,1,0,200,1,"1:200",1
8452,5,15,26,"PreGuard(CW,G3)",2,1,0,200,1,"1:200",1
8452,5,15,27,"PreGuard(CCW,G3)",2,1,0,200,1,"1:200",1
8452,5,15,28,"PreGuard(CW,G4)",2,1,0,200,1,"1:200",1
8452,5,15,29,"PreGuard(CCW,G4)",2,1,0,200,1,"1:200",1
8452,5,15,30,"PreGuard(CW,G5)",2,1,0,200,1,"1:200",1
8452,5,15,31,"PreGuard(CCW,G5)",2,1,0,200,1,"1:200",1
8452,5,15,32,"Hit(CW,0,TOUCH)",3,1.06,0.237487,200,1,"1:188;2:12",1.06
8452,5,15,33,"Hit(CCW,0,TOUCH)",3,1,0,200,1,"1:200",1
8452,5,15,34,"Hit(CW,0,WEAK)",3,1.37,0.626977,200,1,"1:142;2:42;3:16",1.37
8452,5,15,35,"Hit(CCW,0,WEAK)",3,-1.16,1.53766,200,1,"-3:31;-2:97;-1:9;1:62;2:1",-1.16
8452,5,15,36,"Hit(CW,0,MIDDLE)",3,-1.045,1.29344,200,1,"-3:7;-2:97;-1:46;1:48;2:2",-1.045
8452,5,15,37,"Hit(CCW,0,MIDDLE)",3,1.415,0.928857,200,1,"-3:2;-2:3;-1:1;1:113;2:60;3:21",1.415
8452,5,15,38,"Hit(CW,0,STRONG)",3,-0.935,1.39312,200,1,"-3:7;-2:93;-1:44;1:50;2:4;3:2",-0.935
8452,5,15,39,"Hit(CCW,0,STRONG)",3,1.415,0.955393,200,1,"-3:1;-2:4;-1:1;1:123;2:41;3:30",1.415
8452,5,15,40,"Freeze(CW,0)",4,1.055,0.22798,200,1,"1:189;2:11",1.055
8452,5,15,41,"Freeze(CCW,0)",4,1,0,200,1,"1:200",1
8452,5,15,42,"Hit(CW,2,TOUCH)",3,1,0,200,1,"1:200",1
8452,5,15,43,"Hit(CCW,2,TOUCH)",3,1,0,200,1,"1:200",1
8452,5,15,44,"Hit(CW,2,WEAK)",3,1.02,0.222711,200,1,"-1:1;1:193;2:6",1.02
8452,5,15,45,"Hit(CCW,2,WEAK)",3,1.075,0.263391,200,1,"1:185;2:15",1.075
8452,5,15,46,"Hit(CW,2,MIDDLE)",3,0.925,0.399218,200,1,"-1:8;1:191;2:1",0.925
8452,5,15,47,"Hit(CCW,2,MIDDLE)",3,0.29,1.29842,200,1,"-4:4;-3:2;-2:22;-1:26;1:142;2:4",0.29
8452,5,15,48,"Hit(CW,2,STRONG)",3,0.97,0.298496,200,1,"-1:4;1:194;2:2",0.97
8452,5,15,49,"Hit(CCW,2,STRONG)",3,0.37,1.30885,200,1,"-4:5;-3:1;-2:21;-1:21;1:144;2:8",0.37
8452,5,15,50,"Freeze(CW,2)",4,1,0,200,1,"1:200",1
8452,5,15,51,"Freeze(CCW,2)",4,1,0,200,1,"1:200",1
8452,5,15,52,"Hit(CW,4,TOUCH)",3,1,0,200,1,"1:200",1
8452,5,15,53,"Hit(CCW,4,TOUCH)",3,1,0,200,1,"1:200",1
8452,5,15,54,"Hit(CW,4,WEAK)",3,1.085,0.328291,200,1,"1:186;2:11;3:3",1.085
8452,5,15,55,"Hit(CCW,4,WEAK)",3,1.13,0.416053,200,1,"-2:1;1:170;2:29",1.13
8452,5,15,56,"Hit(CW,4,MIDDLE)",3,1.465,0.994372,200,1,"-3:2;-2:3;-1:2;1:109;2:54;3:30",1.465
8452,5,15,57,"Hit(CCW,4,MIDDLE)",3,1.455,0.507912,200,1,"1:110;2:89;3:1",1.455
8452,5,15,58,"Hit(CW,4,STRONG)",3,1.355,0.969007,200,1,"-3:1;-2:4;-1:4;1:121;2:45;3:25",1.355
8452,5,15,59,"Hit(CCW,4,STRONG)",3,1.475,0.519013,200,1,"1:107;2:91;3:2",1.475
8452,5,15,60,"Freeze(CW,4)",4,1,0,200,1,"1:200",1
8452,5,15,61,"Freeze(CCW,4)",4,1,0,200,1,"1:200",1
8452,5,15,62,"Hit(CW,6,TOUCH)",3,1,0,200,1,"1:200",1
8452,5,15,63,"Hit(CCW,6,TOUCH)",3,1,0,200,1,"1:200",1
8452,5,15,64,"Hit(CW,6,WEAK)",3,-0.805,1.89393,200,1,"-3:73;-2:21;-1:3;1:103",-0.805
8452,5,15,65,"Hit(CCW,6,WEAK)",3,0.81,0.833007,200,1,"-3:8;-2:2;1:190",0.81
8452,5,15,66,"Hit(CW,6,MIDDLE)",3,0.83,0.648922,200,1,"-3:2;-2:2;-1:10;1:186",0.83
8452,5,15,67,"Hit(CCW,6,MIDDLE)",3,-1.265,1.30949,200,1,"-3:14;-2:117;-1:23;1:46",-1.265
8452,5,15,68,"Hit(CW,6,STRONG)",3,0.89,0.455961,200,1,"-1:11;1:189",0.89
8452,5,15,69,"Hit(CCW,6,STRONG)",3,-1.225,1.33581,200,1,"-3:14;-2:115;-1:22;1:49",-1.225
8452,5,15,70,"Freeze(CW,6)",4,1,0,200,1,"1:200",1
8452,5,15,71,"Freeze(CCW,6)",4,1,0,200,1,"1:200",1
8452,5,15,72,"Hit(CW,8,TOUCH)",3,1,0,200,1,"1:200",1
8452,5,15,73,"Hit(CCW,8,TOUCH)",3,1,0,200,1,"1:200",1
8452,5,15,74,"Hit(CW,8,WEAK)",3,0.525,1.26466,200,1,"-3:20;-2:5;1:175",0.525
8452,5,15,75,"Hit(CCW,8,WEAK)",3,0.83,0.557763,200,1,"-1:17;1:183",0.83
8452,5,15,76,"Hit(CW,8,MIDDLE)",3,0.53,1.0436,200,1,"-4:3;-3:1;-2:6;-1:29;1:160;2:1",0.53
8452,5,15,77,"Hit(CCW,8,MIDDLE)",3,0.315,1.30988,200,1,"-3:8;-2:33;-1:3;1:156",0.315
8452,5,15,78,"Hit(CW,8,STRONG)",3,0.5,1.21244,200,1,"-4:6;-3:3;-2:4;-1:26;1:155;2:6",0.5
8452,5,15,79,"Hit(CCW,8,STRONG)",3,0.46,1.21178,200,1,"-3:8;-2:24;-1:2;1:166",0.46
8452,5,15,80,"Freeze(CW,8)",4,1,0,200,1,"1:200",1
8452,5,15,81,"Freeze(CCW,8)",4,1,0,200,1,"1:200",1
8452,5,15,82,"Hit(CW,10,TOUCH)",3,1,0,200,1,"1:200",1
8452,5,15,83,"Hit(CCW,10,TOUCH)",3,1,0,200,1,"1:200",1
8452,5,15,84,"Hit(CW,10,WEAK)",3,1.065,0.246526,200,1,"1:187;2:13",1.065
8452,5,15,85,"Hit(CCW,10,WEAK)",3,1.005,0.0705337,200,1,"1:199;2:1",1.005
8452,5,15,86,"Hit(CW,10,MIDDLE)",3,1.38,0.64467,200,1,"1:142;2:40;3:18",1.38
8452,5,15,87,"Hit(CCW,10,MIDDLE)",3,1.915,0.278882,200,1,"1:17;2:183",1.915
8452,5,15,88,"Hit(CW,10,STRONG)",3,1.4,0.69282,200,1,"-1:1;1:138;2:40;3:21",1.4
8452,5,15,89,"Hit(CCW,10,STRONG)",3,1.95,0.217945,200,1,"1:10;2:190",1.95
8452,5,15,90,"Freeze(CW,10)",4,1,0,200,1,"1:200",1
8452,5,15,91,"Freeze(CCW,10)",4,1,0,200,1,"1:200",1
8452,5,15,92,"Hit(CW,12,MIDDLE)",3,0.19,1.37619,200,1,"-3:9;-2:38;-1:6;1:147",0.19
8452,5,15,93,"Hit(CCW,12,MIDDLE)",3,-1.43,0.977292,200,1,"-3:5;-2:119;-1:55;1:20;2:1",-1.43
8452,5,15,94,"Hit(CW,12,STRONG)",3,0.115,1.40776,200,1,"-3:8;-2:45;-1:5;1:142",0.115
8452,5,15,95,"Hit(CCW,12,STRONG)",3,-1.43,1.04168,200,1,"-3:3;-2:131;-1:42;1:21;2:3",-1.43
8452,5,15,96,"Peel(CW,12)",5,-1.16,1.33207,200,1,"-3:14;-2:104;-1:32;1:50",-1.16
8452,5,15,97,"Peel(CCW,12)",5,-1.58,0.945304,200,1,"-3:8;-2:138;-1:35;1:19",-1.58
8452,5,15,98,"PostGuard(CW,1,0)",7,1.005,0.0705337,200,1,"1:199;2:1",1.005
8452,5,15,99,"PostGuard(CCW,1,0)",7,1,0,200,1,"1:200",1
8452,5,15,100,"PostGuard(CW,1,1)",7,1,0,200,1,"1:200",1
8452,5,15,101,"PostGuard(CCW,1,1)",7,1,0,200,1,"1:200",1
8452,5,15,102,"PostGuard(CW,1,2)",7,1,0,200,1,"1:200",1
8452,5,15,103,"PostGuard(CCW,1,2)",7,1,0,200,1,"1:200",1
8452,5,15,104,"PostGuard(CW,3,0)",7,1,0,200,1,"1:200",1
8452,5,15,105,"PostGuard(CCW,3,0)",7,1,0,200,1,"1:200",1
8452,5,15,106,"PostGuard(CW,3,1)",7,1,0,200,1,"1:200",1
8452,5,15,107,"PostGuard(CCW,3,1)",7,1,0,200,1,"1:200",1
8452,5,15,108,"PostGuard(CW,3,2)",7,1,0,200,1,"1:200",1
8452,5,15,109,"PostGuard(CCW,3,2)",7,1,0,200,1,"1:200",1
8452,5,15,110,"PostGuard(CW,5,0)",7,1,0,200,1,"1:200",1
8452,5,15,111,"PostGuard(CCW,5,0)",7,1,0,200,1,"1:200",1
8452,5,15,112,"PostGuard(CW,5,1)",7,1,0,200,1,"1:200",1
8452,5,15,113,"PostGuard(CCW,5,1)",7,1,0,200,1,"1:200",1
8452,5,15,114,"PostGuard(CW,5,2)",7,1,0,200,1,"1:200",1
8452,5,15,115,"PostGuard(CCW,5,2)",7,1,0,200,1,"1:200",1
8452,5,15,116,"PostGuard(CW,7,0)",7,1,0,200,1,"1:200",1
8452,5,15,117,"PostGuard(CCW,7,0)",7,1,0,200,1,"1:200",1
8452,5,15,118,"PostGuard(CW,7,1)",7,1,0,200,1,"1:200",1
8452,5,15,119,"PostGuard(CCW,7,1)",7,1,0,200,1,"1:200",1
8452,5,15,120,"PostGuard(CW,7,2)",7,1,0,200,1,"1:200",1
8452,5,15,121,"PostGuard(CCW,7,2)",7,1,0,200,1,"1:200",1
8452,5,15,122,"PostGuard(CW,9,0)",7,1,0,200,1,"1:200",1
8452,5,15,123,"PostGuard(CCW,9,0)",7,1,0,200,1,"1:200",1
8452,5,15,124,"PostGuard(CW,9,1)",7,1,0,200,1,"1:200",1
8452,5,15,125,"PostGuard(CCW,9,1)",7,1,0,200,1,"1:200",1
8452,5,15,126,"PostGuard(CW,9,2)",7,1,0,200,1,"1:200",1
8452,5,15,127,"PostGuard(CCW,9,2)",7,1,0,200,1,"1:200",1
8452,5,15,128,"PostGuard(CW,11,0)",7,1,0,200,1,"1:200",1
8452,5,15,129,"PostGuard(CCW,11,0)",7,1,0,200,1,"1:200",1
8452,5,15,130,"PostGuard(CW,11,1)",7,1,0,200,1,"1:200",1
8452,5,15,131,"PostGuard(CCW,11,1)",7,1,0,200,1,"1:200",1
8452,5,15,132,"PostGuard(CW,11,2)",7,1,0,200,1,"1:200",1
8452,5,15,133,"PostGuard(CCW,11,2)",7,1,0,200,1,"1:200",1
8452,5,15,134,"PostGuard(CW,13,0)",7,1,0,200,1,"1:200",1
8452,5,15,135,"PostGuard(CCW,13,0)",7,1,0,200,1,"1:200",1
8452,5,15,136,"PostGuard(CW,13,1)",7,1,0,200,1,"1:200",1
8452,5,15,137,"PostGuard(CCW,13,1)",7,1,0,200,1,"1:200",1
8452,5,15,138,"PostGuard(CW,13,2)",7,1,0,200,1,"1:200",1
8452,5,15,139,"PostGuard(CCW,13,2)",7,1,0,200,1,"1:200",1
8452,5,15,140,"PostGuard(CW,15,0)",7,1,0,200,1,"1:200",1
8452,5,15,141,"PostGuard(CCW,15,0)",7,1,0,200,1,"1:200",1
8452,5,15,142,"PostGuard(CW,15,1)",7,1,0,200,1,"1:200",1
8452,5,15,143,"PostGuard(CCW,15,1)",7,1,0,200,1,"1:200",1
8452,5,15,144,"PostGuard(CW,15,2)",7,1,0,200,1,"1:200",1
8452,5,15,145,"PostGuard(CCW,15,2)",7,1,0,200,1,"1:200",1
8452,5,15,146,"ComeAround(CW,12,0)",6,1,0,200,1,"1:200",1
8452,5,15,147,"ComeAround(CCW,12,0)",6,1,0,200,1,"1:200",1
8452,5,15,148,"ComeAround(CW,12,1)",6,1.295,0.456043,200,1,"1:141;2:59",1.295
8452,5,15,149,"ComeAround(CCW,12,1)",6,1,0,200,1,"1:200",1
8452,5,15,150,"ComeAround(CW,12,2)",6,1.295,0.456043,200,1,"1:141;2:59",1.295
8452,5,15,151,"ComeAround(CCW,12,2)",6,1,0,200,1,"1:200",1
8452,5,15,152,"Pass",0,1,0,200,1,"1:200",1
1028,6,15,0,"Draw(CW,TEE)",1,0.82,0.572364,200,1,"-1:18;1:182",0.82
1028,6,15,1,"Draw(CCW,TEE)",1,1,0,200,1,"1:200",1
1028,6,15,2,"Draw(CW,S0)",1,-0.075,1.41752,200,1,"-4:8;-3:10;-2:1;-1:66;1:115",-0.075
1028,6,15,3,"Draw(CCW,S0)",1,1,0,200,1,"1:200",1
1028,6,15,4,"Draw(CW,S2)",1,1,0,200,1,"1:200",1
1028,6,15,5,"Draw(CCW,S2)",1,1,0,200,1,"1:200",1
1028,6,15,6,"Draw(CW,S4)",1,0.465,0.926701,200,1,"-4:1;-1:51;1:148",0.465
1028,6,15,7,"Draw(CCW,S4)",1,1,0,200,1,"1:200",1
1028,6,15,8,"Draw(CW,S6)",1,0.55,0.835165,200,1,"-1:45;1:155",0.55
1028,6,15,9,"Draw(CCW,S6)",1,0.645,1.08581,200,1,"-4:4;-3:7;-2:1;-1:10;1:178",0.645
1028,6,15,10,"Draw(CW,L0)",1,-2.35,1.72554,200,1,"-4:81;-3:27;-2:23;-1:44;1:25",-2.35
1028,6,15,11,"Draw(CCW,L0)",1,1,0,200,1,"1:200",1
1028,6,15,12,"Draw(CW,L1)",1,1,0,200,1,"1:200",1
1028,6,15,13,"Draw(CCW,L1)",1,1,0,200,1,"1:200",1
1028,6,15,14,"Draw(CW,L2)",1,1,0,200,1,"1:200",1
1028,6,15,15,"Draw(CCW,L2)",1,1,0,200,1,"1:200",1
1028,6,15,16,"Draw(CW,L3)",1,1,0,200,1,"1:200",1
1028,6,15,17,"Draw(CCW,L3)",1,1,0,200,1,"1:200",1
1028,6,15,18,"Draw(CW,L4)",1,1,0,200,1,"1:200",1
1028,6,15,19,"Draw(CCW,L4)",1,1,0,200,1,"1:200",1
1028,6,15,20,"Draw(CW,L5)",1,1,0,200,1,"1:200",1
1028,6,15,21,"Draw(CCW,L5)",1,1,0,200,1,"1:200",1
1028,6,15,22,"Draw(CW,L6)",1,1,0,200,1,"1:200",1
1028,6,15,23,"Draw(CCW,L6)",1,1,0,200,1,"1:200",1
1028,6,15,24,"Draw(CW,L7)",1,1,0,200,1,"1:200",1
1028,6,15,25,"Draw(CCW,L7)",1,0.84,0.751266,200,1,"-4:2;-3:3;-1:5;1:190",0.84
1028,6,15,26,"PreGuard(CW,G3)",2,1,0,200,1,"1:200",1
1028,6,15,27,"PreGuard(CCW,G3)",2,1,0,200,1,"1:200",1
1028,6,15,28,"PreGuard(CW,G4)",2,1,0,200,1,"1:200",1
1028,6,15,29,"PreGuard(CCW,G4)",2,1,0,200,1,"1:200",1
1028,6,15,30,"PreGuard(CW,G5)",2,1,0,200,1,"1:200",1
1028,6,15,31,"PreGuard(CCW,G5)",2,1,0,200,1,"1:200",1
1028,6,15,32,"Hit(CW,0,TOUCH)",3,-0.06,1.42352,200,1,"-4:8;-3:10;-2:2;-1:63;1:117",-0.06
1028,6,15,33,"Hit(CCW,0,TOUCH)",3,1,0,200,1,"1:200",1
1028,6,15,34,"Hit(CW,0,WEAK)",3,-1.075,1.45924,200,1,"-6:1;-5:5;-4:18;-3:4;-1:136;1:36",-1.075
1028,6,15,35,"Hit(CCW,0,WEAK)",3,-0.795,1.91911,200,1,"-4:36;-3:15;-2:1;-1:58;1:90",-0.795
1028,6,15,36,"Hit(CW,0,MIDDLE)",3,-2.31,2.21899,200,1,"-5:27;-4:67;-3:23;-2:5;-1:29;1:49",-2.31
1028,6,15,37,"Hit(CCW,0,MIDDLE)",3,-3.35,1.40979,200,1,"-5:13;-4:118;-3:42;-2:8;-1:5;1:14",-3.35
1028,6,15,38,"Hit(CW,0,STRONG)",3,-2.295,2.29956,200,1,"-5:30;-4:68;-3:18;-2:9;-1:20;1:55",-2.295
1028,6,15,39,"Hit(CCW,0,STRONG)",3,-3.25,1.63325,200,1,"-6:1;-5:19;-4:107;-3:40;-2:10;-1:2;1:21",-3.25
1028,6,15,40,"Freeze(CW,0)",4,0.23,1.26771,200,1,"-4:4;-3:9;-1:49;1:138",0.23
1028,6,15,41,"Freeze(CCW,0)",4,1,0,200,1,"1:200",1
1028,6,15,42,"Hit(CW,2,TOUCH)",3,-1.765,1.67325,200,1,"-4:46;-3:34;-2:7;-1:83;1:30",-1.765
1028,6,15,43,"Hit(CCW,2,TOUCH)",3,1,0,200,1,"1:200",1
1028,6,15,44,"Hit(CW,2,WEAK)",3,-3.905,1.3878,200,1,"-6:11;-5:61;-4:86;-3:12;-1:30",-3.905
1028,6,15,45,"Hit(CCW,2,WEAK)",3,-1.055,2.30911,200,1,"-5:18;-4:34;-3:18;-2:1;-1:29;1:100",-1.055
1028,6,15,46,"Hit(CW,2,MIDDLE)",3,-2.925,1.79705,200,1,"-6:1;-5:2;-4:126;-3:20;-2:8;-1:16;1:27",-2.925
1028,6,15,47,"Hit(CCW,2,MIDDLE)",3,-3.23,0.668655,200,1,"-6:2;-5:11;-4:28;-3:149;-2:10",-3.23
1028,6,15,48,"Hit(CW,2,STRONG)",3,-2.82,1.79377,200,1,"-5:1;-4:121;-3:21;-2:9;-1:21;1:27",-2.82
1028,6,15,49,"Hit(CCW,2,STRONG)",3,-3.18,0.526878,200,1,"-6:1;-5:4;-4:31;-3:158;-2:6",-3.18
1028,6,15,50,"Freeze(CW,2)",4,-0.62,1.57975,200,1,"-4:10;-3:26;-2:6;-1:76;1:82",-0.62
1028,6,15,51,"Freeze(CCW,2)",4,1,0,200,1,"1:200",1
1028,6,15,52,"Hit(CW,4,TOUCH)",3,0.91,0.501896,200,1,"-3:2;-1:5;1:193",0.91
1028,6,15,53,"Hit(CCW,4,TOUCH)",3,-3.78,0.775629,200,1,"-4:177;-3:15;-2:1;-1:4;1:3",-3.78
1028,6,15,54,"Hit(CW,4,WEAK)",3,-1.875,2.55722,200,1,"-6:7;-5:7;-4:91;-3:3;-2:3;-1:4;1:85",-1.875
1028,6,15,55,"Hit(CCW,4,WEAK)",3,-4.435,1.09808,200,1,"-6:4;-5:111;-4:77;-3:2;1:6",-4.435
1028,6,15,56,"Hit(CW,4,MIDDLE)",3,-3.64,0.735119,200,1,"-5:31;-4:66;-3:103",-3.64
1028,6,15,57,"Hit(CCW,4,MIDDLE)",3,-0.93,2.18062,200,1,"-5:6;-4:38;-3:24;-2:6;-1:23;1:103",-0.93
1028,6,15,58,"Hit(CW,4,STRONG)",3,-3.635,0.794843,200,1,"-5:30;-4:71;-3:98;1:1",-3.635
1028,6,15,59,"Hit(CCW,4,STRONG)",3,-1.1,2.24722,200,1,"-5:8;-4:40;-3:31;-2:4;-1:18;1:99",-1.1
1028,6,15,60,"Freeze(CW,4)",4,0.875,0.59108,200,1,"-4:1;-3:1;-1:8;1:190",0.875
1028,6,15,61,"Freeze(CCW,4)",4,-3.375,1.06507,200,1,"-4:120;-3:62;-2:3;-1:9;1:6",-3.375
1028,6,15,62,"Hit(CW,6,TOUCH)",3,1,0,200,1,"1:200",1
1028,6,15,63,"Hit(CCW,6,TOUCH)",3,1,0,200,1,"1:200",1
1028,6,15,64,"Hit(CW,6,WEAK)",3,-1.195,1.8992,200,1,"-4:44;-3:18;-2:1;-1:72;1:65",-1.195
1028,6,15,65,"Hit(CCW,6,WEAK)",3,-1.14,2.06407,200,1,"-4:48;-3:24;-1:46;1:82",-1.14
1028,6,15,66,"Hit(CW,6,MIDDLE)",3,-1.32,1.98937,200,1,"-5:9;-4:32;-3:11;-2:52;-1:25;1:71",-1.32
1028,6,15,67,"Hit(CCW,6,MIDDLE)",3,-1.93,2.06521,200,1,"-5:3;-4:59;-3:54;-2:3;-1:24;1:57",-1.93
1028,6,15,68,"Hit(CW,6,STRONG)",3,-1.36,2.02988,200,1,"-5:14;-4:29;-3:8;-2:53;-1:26;1:70",-1.36
1028,6,15,69,"Hit(CCW,6,STRONG)",3,-1.96,2.02938,200,1,"-5:7;-4:55;-3:48;-2:5;-1:34;1:51",-1.96
1028,6,15,70,"Freeze(CW,6)",4,1,0,200,1,"1:200",1
1028,6,15,71,"Freeze(CCW,6)",4,1,0,200,1,"1:200",1
1028,6,15,72,"Hit(CW,8,TOUCH)",3,-0.755,1.54757,200,1,"-4:11;-3:27;-2:4;-1:88;1:70",-0.755
1028,6,15,73,"Hit(CCW,8,TOUCH)",3,0.91,0.414608,200,1,"-1:9;1:191",0.91
1028,6,15,74,"Hit(CW,8,WEAK)",3,-4.075,1.16163,200,1,"-6:11;-5:53;-4:114;-3:3;-1:19",-4.075
1028,6,15,75,"Hit(CCW,8,WEAK)",3,-3.07,2.26608,200,1,"-5:66;-4:67;-3:15;-2:1;-1:10;1:41",-3.07
1028,6,15,76,"Hit(CW,8,MIDDLE)",3,-3.445,1.32551,200,1,"-5:7;-4:143;-3:22;-2:12;-1:4;1:12",-3.445
1028,6,15,77,"Hit(CCW,8,MIDDLE)",3,-3.06,0.341174,200,1,"-6:1;-5:2;-4:6;-3:190;-2:1",-3.06
1028,6,15,78,"Hit(CW,8,STRONG)",3,-3.52,1.30752,200,1,"-6:1;-5:15;-4:133;-3:25;-2:10;-1:6;1:10",-3.52
1028,6,15,79,"Hit(CCW,8,STRONG)",3,-3.085,0.371181,200,1,"-5:5;-4:8;-3:186;-2:1",-3.085
1028,6,15,80,"Freeze(CW,8)",4,0.64,0.842852,200,1,"-3:3;-1:30;1:167",0.64
1028,6,15,81,"Freeze(CCW,8)",4,0.99,0.141067,200,1,"-1:1;1:199",0.99
1028,6,15,82,"Hit(CW,10,TOUCH)",3,0.99,0.141067,200,1,"-1:1;1:199",0.99
1028,6,15,83,"Hit(CCW,10,TOUCH)",3,0.87,0.532071,200,1,"-3:1;-1:11;1:188",0.87
1028,6,15,84,"Hit(CW,10,WEAK)",3,0.685,1.07507,200,1,"-5:3;-4:3;-3:1;-1:13;1:180",0.685
1028,6,15,85,"Hit(CCW,10,WEAK)",3,0.715,1.11525,200,1,"-4:9;-3:2;-1:2;1:187",0.715
1028,6,15,86,"Hit(CW,10,MIDDLE)",3,-2.545,2.03174,200,1,"-5:16;-4:84;-3:32;-2:7;-1:22;1:39",-2.545
1028,6,15,87,"Hit(CCW,10,MIDDLE)",3,-0.015,1.85061,200,1,"-5:11;-4:9;-3:10;-2:2;-1:23;1:145",-0.015
1028,6,15,88,"Hit(CW,10,STRONG)",3,-2.345,2.0847,200,1,"-5:12;-4:78;-3:37;-2:5;-1:22;1:46",-2.345
1028,6,15,89,"Hit(CCW,10,STRONG)",3,-0.13,2.05502,200,1,"-5:18;-4:11;-3:6;-2:1;-1:18;1:146",-0.13
1028,6,15,90,"Freeze(CW,10)",4,1,0,200,1,"1:200",1
1028,6,15,91,"Freeze(CCW,10)",4,0.99,0.141067,200,1,"-1:1;1:199",0.99
1028,6,15,92,"Hit(CW,12,TOUCH)",3,-1.265,1.65069,200,1,"-4:19;-3:43;-2:12;-1:75;1:51",-1.265
1028,6,15,93,"Hit(CCW,12,TOUCH)",3,-0.01,1.1269,200,1,"-4:1;-3:3;-2:5;-1:85;1:106",-0.01
1028,6,15,94,"Hit(CW,12,WEAK)",3,-4.32,0.545527,200,1,"-6:8;-5:48;-4:144",-4.32
1028,6,15,95,"Hit(CCW,12,WEAK)",3,-4.735,0.59563,200,1,"-5:153;-4:45;-3:1;1:1",-4.735
1028,6,15,96,"Hit(CW,12,MIDDLE)",3,-3.32,0.74,200,1,"-6:1;-5:15;-4:46;-3:123;-2:15",-3.32
1028,6,15,97,"Hit(CCW,12,MIDDLE)",3,-3.665,0.723032,200,1,"-5:30;-4:73;-3:97",-3.665
1028,6,15,98,"Hit(CW,12,STRONG)",3,-3.385,0.804223,200,1,"-6:1;-5:24;-4:40;-3:121;-2:14",-3.385
1028,6,15,99,"Hit(CCW,12,STRONG)",3,-3.565,0.809799,200,1,"-5:28;-4:63;-3:107;-1:1;1:1",-3.565
1028,6,15,100,"Freeze(CW,12)",4,0.68,0.810925,200,1,"-3:3;-1:26;1:171",0.68
1028,6,15,101,"Freeze(CCW,12)",4,0.91,0.414608,200,1,"-1:9;1:191",0.91
1028,6,15,102,"PostGuard(CW,1,0)",7,1,0,200,1,"1:200",1
1028,6,15,103,"PostGuard(CCW,1,0)",7,1,0,200,1,"1:200",1
1028,6,15,104,"PostGuard(CW,1,1)",7,1,0,200,1,"1:200",1
1028,6,15,105,"PostGuard(CCW,1,1)",7,1,0,200,1,"1:200",1
1028,6,15,106,"PostGuard(CW,1,2)",7,1,0,200,1,"1:200",1
1028,6,15,107,"PostGuard(CCW,1,2)",7,1,0,200,1,"1:200",1
1028,6,15,108,"PostGuard(CW,3,0)",7,1,0,200,1,"1:200",1
1028,6,15,109,"PostGuard(CCW,3,0)",7,1,0,200,1,"1:200",1
1028,6,15,110,"PostGuard(CW,3,1)",7,1,0,200,1,"1:200",1
1028,6,15,111,"PostGuard(CCW,3,1)",7,1,0,200,1,"1:200",1
1028,6,15,112,"PostGuard(CW,3,2)",7,1,0,200,1,"1:200",1
1028,6,15,113,"PostGuard(CCW,3,2)",7,1,0,200,1,"1:200",1
1028,6,15,114,"PostGuard(CW,5,0)",7,1,0,200,1,"1:200",1
1028,6,15,115,"PostGuard(CCW,5,0)",7,1,0,200,1,"1:200",1
1028,6,15,116,"PostGuard(CW,5,1)",7,1,0,200,1,"1:200",1
1028,6,15,117,"PostGuard(CCW,5,1)",7,1,0,200,1,"1:200",1
1028,6,15,118,"PostGuard(CW,5,2)",7,1,0,200,1,"1:200",1
1028,6,15,119,"PostGuard(CCW,5,2)",7,1,0,200,1,"1:200",1
1028,6,15,120,"PostGuard(CW,7,0)",7,1,0,200,1,"1:200",1
1028,6,15,121,"PostGuard(CCW,7,0)",7,1,0,200,1,"1:200",1
1028,6,15,122,"PostGuard(CW,7,1)",7,1,0,200,1,"1:200",1
1028,6,15,123,"PostGuard(CCW,7,1)",7,1,0,200,1,"1:200",1
1028,6,15,124,"PostGuard(CW,7,2)",7,1,0,200,1,"1:200",1
1028,6,15,125,"PostGuard(CCW,7,2)",7,1,0,200,1,"1:200",1
1028,6,15,126,"PostGuard(CW,9,0)",7,1,0,200,1,"1:200",1
1028,6,15,127,"PostGuard(CCW,9,0)",7,1,0,200,1,"1:200",1
1028,6,15,128,"PostGuard(CW,9,1)",7,1,0,200,1,"1:200",1
1028,6,15,129,"PostGuard(CCW,9,1)",7,1,0,200,1,"1:200",1
1028,6,15,130,"PostGuard(CW,9,2)",7,1,0,200,1,"1:200",1
1028,6,15,131,"PostGuard(CCW,9,2)",7,1,0,200,1,"1:200",1
1028,6,15,132,"PostGuard(CW,11,0)",7,1,0,200,1,"1:200",1
1028,6,15,133,"PostGuard(CCW,11,0)",7,1,0,200,1,"1:200",1
1028,6,15,134,"PostGuard(CW,11,1)",7,1,0,200,1,"1:200",1
1028,6,15,135,"PostGuard(CCW,11,1)",7,1,0,200,1,"1:200",1
1028,6,15,136,"PostGuard(CW,11,2)",7,1,0,200,1,"1:200",1
1028,6,15,137,"PostGuard(CCW,11,2)",7,1,0,200,1,"1:200",1
1028,6,15,138,"PostGuard(CW,13,0)",7,1,0,200,1,"1:200",1
1028,6,15,139,"PostGuard(CCW,13,0)",7,1,0,200,1,"1:200",1
1028,6,15,140,"PostGuard(CW,13,1)",7,1,0,200,1,"1:200",1
1028,6,15,141,"PostGuard(CCW,13,1)",7,1,0,200,1,"1:200",1
1028,6,15,142,"PostGuard(CW,13,2)",7,1,0,200,1,"1:200",1
1028,6,15,143,"PostGuard(CCW,13,2)",7,1,0,200,1,"1:200",1
1028,6,15,144,"PostGuard(CW,15,0)",7,1,0,200,1,"1:200",1
1028,6,15,145,"PostGuard(CCW,15,0)",7,1,0,200,1,"1:200",1
1028,6,15,146,"PostGuard(CW,15,1)",7,1,0,200,1,"1:200",1
1028,6,15,147,"PostGuard(CCW,15,1)",7,1,0,200,1,"1:200",1
1028,6,15,148,"PostGuard(CW,15,2)",7,1,0,200,1,"1:200",1
1028,6,15,149,"PostGuard(CCW,15,2)",7,1,0,200,1,"1:200",1
1028,6,15,150,"Pass",0,1,0,200,1,"1:200",1
2596,1,14,0,"Draw(CW,TEE)",1,0.91,1.04971,200,1,"-2:1;-1:35;1:117;2:40;3:6;4:1",1.305
2596,1,14,1,"Draw(CCW,TEE)",1,1.395,0.979273,200,1,"-2:2;-1:17;1:70;2:104;3:6;4:1",1.855
2596,1,14,2,"Draw(CW,S0)",1,0.545,1.08535,200,1,"-2:5;-1:50;1:125;2:16;3:4",1.155
2596,1,14,3,"Draw(CCW,S0)",1,1.51,0.854342,200,1,"-2:1;-1:11;1:70;2:109;3:9",1.945
2596,1,14,4,"Draw(CW,S2)",1,0.405,1.22922,200,1,"-1:79;1:87;2:32;4:1;5:1",1.61
2596,1,14,5,"Draw(CCW,S2)",1,1.44,0.75921,200,1,"-1:3;1:123;2:58;3:12;4:4",2
2596,1,14,6,"Draw(CW,S4)",1,0.69,0.971545,200,1,"-1:44;1:133;2:20;3:3",1.175
2596,1,14,7,"Draw(CCW,S4)",1,1.41,0.861336,200,1,"-2:2;-1:11;1:81;2:103;3:2;4:1",1.875
2596,1,14,8,"Draw(CW,S6)",1,1.395,0.699267,200,1,"-1:2;1:132;2:51;3:13;4:2",2
2596,1,14,9,"Draw(CCW,S6)",1,1.385,0.66089,200,1,"-1:3;1:123;2:67;3:5;4:2",2
2596,1,14,10,"Draw(CW,L0)",1,0.785,1.17421,200,1,"-2:2;-1:47;1:105;2:35;3:11",1.52
2596,1,14,11,"Draw(CCW,L0)",1,1.125,1.16592,200,1,"-2:4;-1:27;1:94;2:62;3:11;4:1;5:1",1.965
2596,1,14,12,"Draw(CW,L1)",1,0.78,1.16688,200,1,"-2:5;-1:41;1:110;2:36;3:7;4:1",1.63
2596,1,14,13,"Draw(CCW,L1)",1,1.465,0.647128,200,1,"1:121;2:68;3:8;4:3",2
2596,1,14,14,"Draw(CW,L2)",1,1.44,0.725534,200,1,"-1:3;1:121;2:59;3:16;4:1",2
2596,1,14,15,"Draw(CCW,L2)",1,1.405,0.768749,200,1,"-1:5;1:121;2:60;3:11;4:3",2
2596,1,14,16,"Draw(CW,L3)",1,1.35,0.661438,200,1,"-1:4;1:126;2:63;3:6;4:1",2
2596,1,14,17,"Draw(CCW,L3)",1,1.455,0.733468,200,1,"-1:2;1:123;2:58;3:14;4:3",2
2596,1,14,18,"Draw(CW,L4)",1,1.505,0.591587,200,1,"-1:3;1:91;2:105;3:1",2
2596,1,14,19,"Draw(CCW,L4)",1,1.53,0.70647,200,1,"-1:4;1:92;2:97;3:4;4:3",2
2596,1,14,20,"Draw(CW,L5)",1,1.38,0.65238,200,1,"-1:3;1:125;2:62;3:10",2
2596,1,14,21,"Draw(CCW,L5)",1,1.39,0.676683,200,1,"-1:3;1:124;2:64;3:7;4:2",2
2596,1,14,22,"Draw(CW,L6)",1,1.415,0.672886,200,1,"-1:2;1:125;2:60;3:12;4:1",2
2596,1,14,23,"Draw(CCW,L6)",1,1.43,0.667158,200,1,"-1:1;1:126;2:60;3:11;4:2",2
2596,1,14,24,"Draw(CW,L7)",1,1.375,0.651441,200,1,"-1:2;1:131;2:56;3:10;4:1",2
2596,1,14,25,"Draw(CCW,L7)",1,1.385,0.778958,200,1,"-1:7;1:114;2:71;3:4;4:4",2
2596,1,14,26,"PreGuard(CW,G3)",2,1.465,0.817787,200,1,"-1:6;1:111;2:63;3:18;4:2",2
2596,1,14,27,"PreGuard(CCW,G3)",2,1.395,0.720399,200,1,"-1:2;1:133;2:51;3:10;4:4",2
2596,1,14,28,"PreGuard(CW,G4)",2,1.5,0.547723,200,1,"-1:1;1:99;2:98;3:2",2
2596,1,14,29,"PreGuard(CCW,G4)",2,1.525,0.509289,200,1,"1:96;2:103;3:1",2
2596,1,14,30,"PreGuard(CW,G5)",2,1.45,0.739932,200,1,"-1:5;1:108;2:76;3:9;4:2",2
2596,1,14,31,"PreGuard(CCW,G5)",2,1.485,0.91092,200,1,"-1:10;1:97;2:73;3:16;4:4",2
2596,1,14,32,"Hit(CW,1,TOUCH)",3,0.86,1.1749,200,1,"-2:3;-1:41;1:105;2:40;3:10;4:1",1.32
2596,1,14,33,"Hit(CCW,1,TOUCH)",3,1.285,0.896535,200,1,"-1:16;1:106;2:68;3:9;4:1",2
2596,1,14,34,"Hit(CW,1,WEAK)",3,0.85,1.45516,200,1,"-5:1;-3:1;-2:3;-1:51;1:76;2:49;3:15;4:4",1.83
2596,1,14,35,"Hit(CCW,1,WEAK)",3,1.445,1.11219,200,1,"-1:17;1:101;2:47;3:30;4:4;5:1",2.31
2596,1,14,36,"Hit(CW,1,MIDDLE)",3,1.745,1.24096,200,1,"-2:2;-1:16;1:59;2:68;3:48;4:5;5:2",2.53
2596,1,14,37,"Hit(CCW,1,MIDDLE)",3,0.955,1.33902,200,1,"-6:1;-2:2;-1:39;1:98;2:42;3:15;4:2;5:1",1.97
2596,1,14,38,"Hit(CW,1,STRONG)",3,1.705,1.25617,200,1,"-2:1;-1:19;1:61;2:66;3:44;4:8;5:1",2.46
2596,1,14,39,"Hit(CCW,1,STRONG)",3,0.8,1.50333,200,1,"-6:2;-3:1;-2:11;-1:33;1:93;2:45;3:13;4:2",2.035
2596,1,14,40,"Freeze(CW,1)",4,0.88,1.01764,200,1,"-2:1;-1:34;1:125;2:35;3:3;4:2",1.315
2596,1,14,41,"Freeze(CCW,1)",4,1.18,0.973447,200,1,"-2:2;-1:21;1:98;2:74;3:5",1.99
2596,1,14,42,"Hit(CW,3,TOUCH)",3,1.085,1.39204,200,1,"-1:50;1:60;2:70;3:15;4:3;5:2",2
2596,1,14,43,"Hit(CCW,3,TOUCH)",3,1.31,1.18908,200,1,"-1:32;1:57;2:102;3:5;4:3;6:1",1.845
2596,1,14,44,"Hit(CW,3,WEAK)",3,1.29,1.29457,200,1,"-2:1;-1:29;1:93;2:46;3:21;4:9;5:1",2.05
2596,1,14,45,"Hit(CCW,3,WEAK)",3,1.36,1.65239,200,1,"-3:1;-2:6;-1:37;1:65;2:29;3:48;4:13;5:1",2.525
2596,1,14,46,"Hit(CW,3,MIDDLE)",3,1.025,1.79565,200,1,"-4:1;-3:2;-2:5;-1:57;1:59;2:18;3:45;4:13",2.45
2596,1,14,47,"Hit(CCW,3,MIDDLE)",3,1.585,1.50092,200,1,"-3:1;-2:3;-1:24;1:71;2:47;3:32;4:21;5:1",2.19
2596,1,14,48,"Hit(CW,3,STRONG)",3,0.89,1.69053,200,1,"-3:1;-2:8;-1:60;1:58;2:26;3:42;4:4;5:1",2.33
2596,1,14,49,"Hit(CCW,3,STRONG)",3,1.425,1.41576,200,1,"-2:2;-1:29;1:80;2:45;3:29;4:14;5:1",2.205
2596,1,14,50,"Freeze(CW,3)",4,1.125,1.27255,200,1,"-1:42;1:70;2:70;3:16;4:1;5:1",2
2596,1,14,51,"Freeze(CCW,3)",4,1.295,1.228,200,1,"-1:37;1:43;2:112;3:4;4:3;5:1",1.885
2596,1,14,52,"Hit(CW,5,TOUCH)",3,1.38,0.703989,200,1,"-1:3;1:127;2:62;3:5;4:2;5:1",2
2596,1,14,53,"Hit(CCW,5,TOUCH)",3,1.3,0.774597,200,1,"-2:1;-1:8;1:120;2:64;3:6;4:1",2
2596,1,14,54,"Hit(CW,5,WEAK)",3,1.475,0.921615,200,1,"-2:1;-1:10;1:88;2:91;3:3;4:7",2.01
2596,1,14,55,"Hit(CCW,5,WEAK)",3,1.5,0.806226,200,1,"-1:7;1:94;2:88;3:7;4:4",2.02
2596,1,14,56,"Hit(CW,5,MIDDLE)",3,1.64,1.35292,200,1,"-2:2;-1:24;1:47;2:92;3:16;4:18;5:1",2.115
2596,1,14,57,"Hit(CCW,5,MIDDLE)",3,1.445,0.746308,200,1,"-1:4;1:114;2:71;3:7;4:4",2
2596,1,14,58,"Hit(CW,5,STRONG)",3,1.435,1.34751,200,1,"-2:1;-1:33;1:49;2:91;3:13;4:13",2.135
2596,1,14,59,"Hit(CCW,5,STRONG)",3,1.305,0.715524,200,1,"-1:6;1:130;2:58;3:3;4:3",2
2596,1,14,60,"Freeze(CW,5)",4,1.39,0.779679,200,1,"-1:5;1:123;2:61;3:7;4:3;5:1",2
2596,1,14,61,"Freeze(CCW,5)",4,1.465,0.684671,200,1,"-1:2;1:115;2:71;3:10;4:2",2
2596,1,14,62,"Hit(CW,7,TOUCH)",3,1.415,0.776386,200,1,"-1:6;1:114;2:68;3:9;4:3",2
2596,1,14,63,"Hit(CCW,7,TOUCH)",3,1.345,0.704255,200,1,"-1:6;1:122;2:63;3:9",2
2596,1,14,64,"Hit(CW,7,WEAK)",3,1.5,0.748331,200,1,"-1:4;1:104;2:79;3:10;4:3",2
2596,1,14,65,"Hit(CCW,7,WEAK)",3,1.34,0.569561,200,1,"1:139;2:56;3:4;5:1",2
2596,1,14,66,"Hit(CW,7,MIDDLE)",3,1.31,0.94016,200,1,"-2:1;-1:14;1:110;2:58;3:16;4:1",2
2596,1,14,67,"Hit(CCW,7,MIDDLE)",3,0.99,1.28837,200,1,"-2:1;-1:49;1:62;2:80;3:5;4:3",1.84
2596,1,14,68,"Hit(CW,7,STRONG)",3,1.44,0.75921,200,1,"-1:5;1:113;2:68;3:12;4:2",2
2596,1,14,69,"Hit(CCW,7,STRONG)",3,0.845,1.37876,200,1,"-2:1;-1:60;1:63;2:65;3:7;4:3;5:1",1.84
2596,1,14,70,"Freeze(CW,7)",4,1.39,0.63867,200,1,"-1:2;1:125;2:66;3:5;4:2",2
2596,1,14,71,"Freeze(CCW,7)",4,1.405,0.73551,200,1,"-1:4;1:124;2:56;3:15;4:1",2
2596,1,14,72,"Hit(CW,9,TOUCH)",3,1.285,1.13744,200,1,"-1:32;1:59;2:98;3:10;4:1",1.83
2596,1,14,73,"Hit(CCW,9,TOUCH)",3,1.225,1.10651,200,1,"-1:32;1:67;2:94;3:6;4:1",1.775
2596,1,14,74,"Hit(CW,9,WEAK)",3,1.3,1.11803,200,1,"-1:24;1:97;2:53;3:23;4:3",2.055
2596,1,14,75,"Hit(CCW,9,WEAK)",3,1.4,1.21655,200,1,"-1:24;1:95;2:38;3:40;4:2;5:1",2.335
2596,1,14,76,"Hit(CW,9,MIDDLE)",3,1.41,1.22143,200,1,"-2:2;-1:22;1:86;2:53;3:32;4:5",2.455
2596,1,14,77,"Hit(CCW,9,MIDDLE)",3,0.805,1.37731,200,1,"-2:13;-1:38;1:90;2:46;3:9;4:4",1.935
2596,1,14,78,"Hit(CW,9,STRONG)",3,1.605,1.29189,200,1,"-2:1;-1:23;1:67;2:54;3:50;4:4;5:1",2.495
2596,1,14,79,"Hit(CCW,9,STRONG)",3,0.79,1.50197,200,1,"-3:1;-2:16;-1:39;1:80;2:44;3:16;4:4",1.85
2596,1,14,80,"Freeze(CW,9)",4,1.46,1.04805,200,1,"-3:1;-2:2;-1:15;1:64;2:108;3:6;4:4",1.905
2596,1,14,81,"Freeze(CCW,9)",4,1.445,0.881462,200,1,"-1:13;1:81;2:101;3:2;4:2;5:1",1.925
2596,1,14,82,"Hit(CW,11,TOUCH)",3,1.37,0.757034,200,1,"-1:7;1:116;2:68;3:7;4:2",2.015
2596,1,14,83,"Hit(CCW,11,TOUCH)",3,1.28,0.775629,200,1,"-1:10;1:123;2:59;3:7;4:1",2
2596,1,14,84,"Hit(CW,11,WEAK)",3,0.82,1.46547,200,1,"-3:1;-2:7;-1:53;1:66;2:54;3:16;4:3",1.95
2596,1,14,85,"Hit(CCW,11,WEAK)",3,0.475,1.32264,200,1,"-3:1;-2:2;-1:74;1:80;2:34;3:8;4:1",1.79
2596,1,14,86,"Hit(CW,11,MIDDLE)",3,0.455,1.61492,200,1,"-3:1;-2:13;-1:77;1:44;2:45;3:17;4:3",2.085
2596,1,14,87,"Hit(CCW,11,MIDDLE)",3,0.605,1.47614,200,1,"-2:6;-1:69;1:74;2:29;3:18;4:4",2.28
2596,1,14,88,"Hit(CW,11,STRONG)",3,0.325,1.50644,200,1,"-2:8;-1:90;1:52;2:34;3:13;4:3",2.065
2596,1,14,89,"Hit(CCW,11,STRONG)",3,0.635,1.64978,200,1,"-2:11;-1:68;1:66;2:24;3:22;4:8;5:1",2.16
2596,1,14,90,"Freeze(CW,11)",4,1.295,0.64651,200,1,"-1:6;1:126;2:65;3:3",1.995
2596,1,14,91,"Freeze(CCW,11)",4,1.24,0.701712,200,1,"-1:8;1:134;2:53;3:4;4:1",2
2596,1,14,92,"Hit(CW,13,TOUCH)",3,1.455,0.931652,200,1,"-1:16;1:71;2:107;3:2;4:4",1.94
2596,1,14,93,"Hit(CCW,13,TOUCH)",3,1.235,1.04392,200,1,"-1:28;1:75;2:92;3:4;4:1",1.825
2596,1,14,94,"Hit(CW,13,WEAK)",3,1.335,1.16738,200,1,"-1:25;1:92;2:53;3:27;4:2;5:1",2.13
2596,1,14,95,"Hit(CCW,13,WEAK)",3,1.37,1.21371,200,1,"-2:1;-1:24;1:94;2:39;3:40;4:2",2.335
2596,1,14,96,"Hit(CW,13,MIDDLE)",3,1.53,1.14416,200,1,"-1:21;1:73;2:65;3:40;4:1",2.465
2596,1,14,97,"Hit(CCW,13,MIDDLE)",3,1.04,1.4827,200,1,"-6:1;-3:2;-2:9;-1:26;1:91;2:45;3:21;4:5",1.91
2596,1,14,98,"Hit(CW,13,STRONG)",3,1.73,1.02815,200,1,"-1:9;1:80;2:64;3:41;4:6",2.445
2596,1,14,99,"Hit(CCW,13,STRONG)",3,0.935,1.45629,200,1,"-6:1;-2:10;-1:34;1:85;2:54;3:11;4:4;5:1",1.965
2596,1,14,100,"Freeze(CW,13)",4,1.615,0.936363,200,1,"-2:1;-1:11;1:59;2:116;3:7;4:6",1.975
2596,1,14,101,"Freeze(CCW,13)",4,1.535,0.760773,200,1,"-1:7;1:81;2:106;3:3;4:3",1.98
2596,1,14,102,"PostGuard(CW,0,0)",7,0.97,1.14852,200,1,"-2:1;-1:38;1:100;2:52;3:6;4:3",1.485
2596,1,14,103,"PostGuard(CCW,0,0)",7,1.155,1.14498,200,1,"-1:37;1:65;2:91;3:7",1.79
2596,1,14,104,"PostGuard(CW,0,1)",7,1.535,0.734013,200,1,"-1:4;1:94;2:92;3:8;4:1;5:1",1.995
2596,1,14,105,"PostGuard(CCW,0,1)",7,1.555,0.645736,200,1,"-1:3;1:87;2:104;3:5;4:1",2
2596,1,14,106,"PostGuard(CW,0,2)",7,1.66,0.62,200,1,"-1:2;1:70;2:122;3:4;4:2",2
2596,1,14,107,"PostGuard(CCW,0,2)",7,1.68,0.572364,200,1,"1:72;2:123;3:2;4:3",2
2596,1,14,108,"PostGuard(CW,2,0)",7,1.375,0.950986,200,1,"-2:2;-1:12;1:98;2:73;3:13;4:2",1.955
2596,1,14,109,"PostGuard(CCW,2,0)",7,1.23,0.90945,200,1,"-1:19;1:105;2:68;3:8",1.955
2596,1,14,110,"PostGuard(CW,2,1)",7,1.47,0.720486,200,1,"-1:2;1:120;2:59;3:18;4:1",2
2596,1,14,111,"PostGuard(CCW,2,1)",7,1.4,0.707107,200,1,"-1:4;1:121;2:63;3:11;4:1",2
2596,1,14,112,"PostGuard(CW,2,2)",7,1.355,0.720399,200,1,"-1:4;1:131;2:54;3:8;4:3",2
2596,1,14,113,"PostGuard(CCW,2,2)",7,1.47,0.699357,200,1,"-1:1;1:122;2:60;3:15;4:2",2
2596,1,14,114,"PostGuard(CW,4,0)",7,1.44,0.925419,200,1,"-2:1;-1:13;1:83;2:91;3:10;4:2",1.83
2596,1,14,115,"PostGuard(CCW,4,0)",7,1.855,0.681157,200,1,"-1:2;1:44;2:139;3:10;4:4;5:1",2
2596,1,14,116,"PostGuard(CW,4,1)",7,1.64,0.781281,200,1,"-1:5;1:77;2:101;3:14;4:3",2
2596,1,14,117,"PostGuard(CCW,4,1)",7,1.575,0.80273,200,1,"-1:4;1:97;2:79;3:16;4:4",2
2596,1,14,118,"PostGuard(CW,4,2)",7,1.82,0.517301,200,1,"-1:1;1:41;2:151;3:6;4:1",2
2596,1,14,119,"PostGuard(CCW,4,2)",7,1.83,0.480729,200,1,"1:42;2:151;3:6;4:1",2
2596,1,14,120,"PostGuard(CW,6,0)",7,1.56,0.596992,200,1,"-1:1;1:93;2:98;3:8",2
2596,1,14,121,"PostGuard(CCW,6,0)",7,1.475,0.713705,200,1,"-1:3;1:111;2:73;3:11;4:2",2
2596,1,14,122,"PostGuard(CW,6,1)",7,1.75,0.580948,200,1,"-1:1;1:58;2:131;3:9;4:1",2
2596,1,14,123,"PostGuard(CCW,6,1)",7,1.7,0.583095,200,1,"-1:1;1:66;2:125;3:7;4:1",2
2596,1,14,124,"PostGuard(CW,6,2)",7,1.88,0.430813,200,1,"-1:1;1:25;2:171;3:2;4:1",2
2596,1,14,125,"PostGuard(CCW,6,2)",7,1.945,0.303274,200,1,"1:15;2:181;3:4",2
2596,1,14,126,"PostGuard(CW,8,0)",7,1.52,0.727736,200,1,"-1:1;1:114;2:68;3:13;4:4",2
2596,1,14,127,"PostGuard(CCW,8,0)",7,1.465,0.691936,200,1,"-1:1;1:122;2:61;3:14;4:2",2
2596,1,14,128,"PostGuard(CW,8,1)",7,1.35,0.668954,200,1,"-1:3;1:133;2:53;3:10;4:1",2
2596,1,14,129,"PostGuard(CCW,8,1)",7,1.485,0.685401,200,1,"-1:1;1:117;2:67;3:13;4:2",2
2596,1,14,130,"PostGuard(CW,8,2)",7,1.46,0.631189,200,1,"1:121;2:68;3:9;4:2",2
2596,1,14,131,"PostGuard(CCW,8,2)",7,1.44,0.629603,200,1,"-1:1;1:119;2:72;3:6;4:2",2
2596,1,14,132,"PostGuard(CW,10,0)",7,1.445,0.739578,200,1,"-1:4;1:114;2:70;3:9;4:3",2
2596,1,14,133,"PostGuard(CCW,10,0)",7,1.415,0.769919,200,1,"-1:6;1:115;2:64;3:14;4:1",2
2596,1,14,134,"PostGuard(CW,10,1)",7,1.505,0.768098,200,1,"-1:2;1:117;2:61;3:16;4:4",2
2596,1,14,135,"PostGuard(CCW,10,1)",7,1.42,0.643117,200,1,"-1:1;1:125;2:64;3:8;4:2",2
2596,1,14,136,"PostGuard(CW,10,2)",7,1.475,0.761167,200,1,"-1:2;1:122;2:57;3:15;4:4",2
2596,1,14,137,"PostGuard(CCW,10,2)",7,1.41,0.7496,200,1,"-1:4;1:122;2:61;3:11;4:1;5:1",2
2596,1,14,138,"PostGuard(CW,12,0)",7,1.88,0.667533,200,1,"-1:3;1:39;2:135;3:22;4:1",2
2596,1,14,139,"PostGuard(CCW,12,0)",7,1.855,0.681157,200,1,"-1:3;1:42;2:136;3:16;4:3",2
2596,1,14,140,"PostGuard(CW,12,1)",7,1.9,0.374166,200,1,"1:25;2:170;3:5",2
2596,1,14,141,"PostGuard(CCW,12,1)",7,1.875,0.423527,200,1,"1:31;2:164;3:4;4:1",2
2596,1,14,142,"PostGuard(CW,12,2)",7,1.66,0.523832,200,1,"-1:1;1:67;2:130;3:2",2
2596,1,14,143,"PostGuard(CCW,12,2)",7,1.74,0.52192,200,1,"1:59;2:135;3:5;4:1",2
2596,1,14,144,"Pass",0,1.4,0.648074,200,1,"-1:3;1:120;2:68;3:9",2
4748,1,3,0,"Draw(CW,TEE)",1,0.765,1.89467,200,1,"-5:1;-3:7;-2:15;-1:43;1:69;2:32;3:18;4:10;5:5",0.62
4748,1,3,1,"Draw(CCW,TEE)",1,0.63,1.87166,200,1,"-5:1;-4:2;-3:7;-2:18;-1:37;1:78;2:31;3:15;4:8;5:2;6:1",0.72
4748,1,3,2,"Draw(CW,S0)",1,0.805,1.76266,200,1,"-4:2;-3:8;-2:9;-1:37;1:82;2:33;3:20;4:5;5:4",-0.69
4748,1,3,3,"Draw(CCW,S0)",1,0.79,1.68698,200,1,"-4:1;-3:5;-2:14;-1:35;1:89;2:31;3:14;4:8;5:3",0.79
4748,1,3,4,"Draw(CW,S2)",1,1.33,1.87912,200,1,"-3:4;-2:6;-1:40;1:59;2:37;3:29;4:16;5:8;6:1",-1
4748,1,3,5,"Draw(CCW,S2)",1,1.07,1.88019,200,1,"-5:1;-3:3;-2:11;-1:42;1:65;2:33;3:25;4:15;5:4;6:1",-1
4748,1,3,6,"Draw(CW,S4)",1,0.92,1.6473,200,1,"-3:3;-2:13;-1:36;0:1;1:83;2:35;3:18;4:7;5:4",0.25
4748,1,3,7,"Draw(CCW,S4)",1,0.83,1.73813,200,1,"-3:5;-2:14;-1:42;1:71;2:39;3:17;4:9;5:3",0.81
4748,1,3,8,"Draw(CW,S6)",1,1.395,2.00224,200,1,"-3:1;-2:13;-1:37;1:63;2:25;3:27;4:22;5:10;6:1;7:1",-1
4748,1,3,9,"Draw(CCW,S6)",1,1.34,2.01107,200,1,"-4:2;-3:1;-2:7;-1:41;1:63;2:37;3:19;4:16;5:10;6:2;7:2",-1
4748,1,3,10,"Draw(CW,L0)",1,0.855,1.75042,200,1,"-3:7;-2:14;-1:35;1:80;2:31;3:22;4:8;5:3",-1
4748,1,3,11,"Draw(CCW,L0)",1,1.16,1.67762,200,1,"-4:1;-3:3;-2:10;-1:28;0:1;1:78;2:41;3:21;4:15;5:2",0.96
4748,1,3,12,"Draw(CW,L1)",1,1.17,1.99527,200,1,"-4:1;-3:4;-2:13;-1:35;1:70;2:30;3:23;4:11;5:10;6:3",-1
4748,1,3,13,"Draw(CCW,L1)",1,1.16,1.96071,200,1,"-4:1;-3:4;-2:12;-1:37;1:67;2:32;3:20;4:19;5:6;6:2",-1
4748,1,3,14,"Draw(CW,L2)",1,1.415,2.028,200,1,"-3:4;-2:9;-1:36;1:61;2:34;3:23;4:20;5:7;6:6",-1
4748,1,3,15,"Draw(CCW,L2)",1,1.47,2.04673,200,1,"-3:3;-2:7;-1:37;1:66;2:33;3:20;4:17;5:10;6:5;7:2",-1
4748,1,3,16,"Draw(CW,L3)",1,1.45,2.15812,200,1,"-4:1;-3:6;-2:12;-1:31;1:54;2:32;3:27;4:20;5:14;6:3",-1
4748,1,3,17,"Draw(CCW,L3)",1,1.515,1.95698,200,1,"-4:1;-3:2;-2:10;-1:28;1:64;2:38;3:25;4:18;5:10;6:4",-1
4748,1,3,18,"Draw(CW,L4)",1,0.94,1.88584,200,1,"-4:3;-3:1;-2:17;-1:37;1:69;2:39;3:18;4:8;5:7;6:1",-1
4748,1,3,19,"Draw(CCW,L4)",1,1,1.95448,200,1,"-4:1;-3:5;-2:10;-1:45;1:69;2:28;3:19;4:16;5:5;6:1;7:1",-1
4748,1,3,20,"Draw(CW,L5)",1,1.265,2.06271,200,1,"-3:3;-2:10;-1:51;1:43;2:31;3:33;4:20;5:5;6:4",-1
4748,1,3,21,"Draw(CCW,L5)",1,1.49,2.02235,200,1,"-4:1;-3:6;-2:8;-1:25;1:66;2:39;3:25;4:13;5:12;6:5",-1
4748,1,3,22,"Draw(CW,L6)",1,1.365,1.95494,200,1,"-4:2;-3:3;-2:6;-1:36;1:62;2:38;3:26;4:18;5:5;6:3;7:1",-1
4748,1,3,23,"Draw(CCW,L6)",1,1.45,1.98179,200,1,"-3:2;-2:11;-1:33;1:68;2:26;3:27;4:18;5:12;6:3",-1
4748,1,3,24,"Draw(CW,L7)",1,1.315,2.02874,200,1,"-3:4;-2:10;-1:42;1:53;2:35;3:24;4:20;5:10;6:2",-1
4748,1,3,25,"Draw(CCW,L7)",1,1.235,1.99243,200,1,"-3:2;-2:14;-1:40;1:62;2:29;3:26;4:15;5:9;6:3",-1
4748,1,3,26,"PreGuard(CW,G3)",2,0.595,1.86037,200,1,"-4:2;-3:8;-2:17;-1:43;1:74;2:29;3:16;4:8;5:2;6:1",-1
4748,1,3,27,"PreGuard(CCW,G3)",2,0.895,1.79833,200,1,"-5:1;-3:4;-2:15;-1:37;0:1;1:73;2:33;3:24;4:8;5:4",-1
4748,1,3,28,"PreGuard(CW,G4)",2,0.96,2.09485,200,1,"-5:2;-4:1;-3:5;-2:14;-1:37;1:74;2:28;3:17;4:11;5:6;6:4;7:1",-1
4748,1,3,29,"PreGuard(CCW,G4)",2,0.73,1.97157,200,1,"-6:1;-5:1;-4:1;-3:10;-2:9;-1:42;0:1;1:73;2:27;3:21;4:9;5:5",-1
4748,1,3,30,"PreGuard(CW,G5)",2,0.895,1.91154,200,1,"-5:2;-3:3;-2:14;-1:43;1:61;2:47;3:16;4:7;5:5;6:1;7:1",-1
4748,1,3,31,"PreGuard(CCW,G5)",2,0.865,1.94082,200,1,"-5:1;-4:2;-3:8;-2:11;-1:34;1:78;2:34;3:19;4:4;5:7;6:2",-1
4748,1,3,32,"Hit(CW,0,TOUCH)",3,1.08,1.72151,200,1,"-4:1;-3:3;-2:8;-1:38;1:73;2:42;3:19;4:11;5:5",0.19
4748,1,3,33,"Hit(CCW,0,TOUCH)",3,1.255,1.86815,200,1,"-3:1;-2:11;-1:40;1:67;2:30;3:24;4:20;5:5;6:2",-0.37
4748,1,3,34,"Hit(CW,0,WEAK)",3,1.595,2.04963,200,1,"-3:2;-2:11;-1:33;1:52;2:36;3:30;4:21;5:8;6:7",0.925
4748,1,3,35,"Hit(CCW,0,WEAK)",3,1.385,2.00668,200,1,"-2:14;-1:38;1:62;2:23;3:35;4:16;5:8;6:2;7:2",0.93
4748,1,3,36,"Hit(CW,0,MIDDLE)",3,1.135,1.87797,200,1,"-4:1;-3:3;-2:12;-1:37;1:67;2:35;3:25;4:12;5:7;6:1",0.17
4748,1,3,37,"Hit(CCW,0,MIDDLE)",3,1.035,1.80659,200,1,"-3:3;-2:10;-1:45;1:69;2:31;3:26;4:8;5:8",0.22
4748,1,3,38,"Hit(CW,0,STRONG)",3,1.105,1.81217,200,1,"-3:5;-2:10;-1:38;1:66;2:35;3:33;4:8;5:3;6:2",0.215
4748,1,3,39,"Hit(CCW,0,STRONG)",3,1.04,1.89694,200,1,"-5:1;-4:1;-3:2;-2:16;-1:33;0:1;1:74;2:27;3:26;4:15;5:3;7:1",0.245
4748,1,3,40,"Freeze(CW,0)",4,1.035,2.01091,200,1,"-5:1;-4:1;-3:7;-2:12;-1:34;1:67;2:39;3:18;4:12;5:7;6:1;7:1",-0.85
4748,1,3,41,"Freeze(CCW,0)",4,0.93,1.87752,200,1,"-3:8;-2:14;-1:38;1:65;2:31;3:31;4:9;5:4",-0.99
4748,1,3,42,"PostGuard(CW,3,0)",7,1.205,2.06712,200,1,"-5:1;-4:1;-3:2;-2:10;-1:42;1:66;2:28;3:23;4:15;5:6;6:5;7:1",-1
4748,1,3,43,"PostGuard(CCW,3,0)",7,1.32,2.18119,200,1,"-4:1;-3:4;-2:10;-1:47;1:48;2:27;3:26;4:22;5:11;6:4",-1
4748,1,3,44,"PostGuard(CW,3,1)",7,0.89,1.87827,200,1,"-5:1;-4:1;-3:8;-2:7;-1:43;1:67;2:37;3:21;4:11;5:4",-1
4748,1,3,45,"PostGuard(CCW,3,1)",7,0.9,2.01742,200,1,"-4:2;-3:8;-2:13;-1:42;1:59;2:33;3:25;4:11;5:6;6:1",-1
4748,1,3,46,"PostGuard(CW,3,2)",7,0.845,1.79471,200,1,"-4:2;-3:4;-2:16;-1:36;1:74;2:35;3:23;4:7;5:2;6:1",-1
4748,1,3,47,"PostGuard(CCW,3,2)",7,0.89,1.76859,200,1,"-4:1;-3:2;-2:19;-1:36;0:1;1:67;2:42;3:21;4:8;5:2;6:1",-1
4748,1,3,48,"Pass",0,0.785,1.88912,200,1,"-5:1;-4:3;-3:7;-2:8;-1:40;0:1;1:81;2:26;3:21;4:5;5:7",-1
9206,3,13,0,"Draw(CW,TEE)",1,0.49,1.36378,200,1,"-2:11;-1:63;1:77;2:41;3:8",0.18
9206,3,13,1,"Draw(CCW,TEE)",1,0.795,1.36124,200,1,"-2:12;-1:40;0:1;1:88;2:42;3:17",-0.605
9206,3,13,2,"Draw(CW,S0)",1,-0.225,1.40512,200,1,"-2:37;-1:81;1:59;2:18;3:5",-0.29
9206,3,13,3,"Draw(CCW,S0)",1,1.28,1.13649,200,1,"-2:4;-1:23;1:75;2:82;3:16",0.925
9206,3,13,4,"Draw(CW,S2)",1,-0.5,1.35647,200,1,"-2:37;-1:109;0:1;1:32;2:12;3:9",-1
9206,3,13,5,"Draw(CCW,S2)",1,-0.28,1.43234,200,1,"-2:33;-1:97;1:41;2:21;3:8",-1
9206,3,13,6,"Draw(CW,S4)",1,0.195,1.40249,200,1,"-2:21;-1:70;1:73;2:30;3:6",0.04
9206,3,13,7,"Draw(CCW,S4)",1,0.925,1.28428,200,1,"-2:8;-1:36;0:1;1:89;2:50;3:16",0.25
9206,3,13,8,"Draw(CW,S6)",1,-0.555,1.31794,200,1,"-2:35;-1:117;1:30;2:8;3:10",-1
9206,3,13,9,"Draw(CCW,S6)",1,-0.515,1.34528,200,1,"-2:35;-1:114;1:31;2:10;3:10",-1
9206,3,13,10,"Draw(CW,L0)",1,-0.5,1.36748,200,1,"-2:40;-1:104;0:1;1:35;2:11;3:9",-0.98
9206,3,13,11,"Draw(CCW,L0)",1,1.905,1.21077,200,1,"-1:20;1:37;2:65;3:78",1.935
9206,3,13,12,"Draw(CW,L1)",1,-0.565,1.28288,200,1,"-2:37;-1:113;1:31;2:14;3:5",-1
9206,3,13,13,"Draw(CCW,L1)",1,-0.54,1.26032,200,1,"-2:33;-1:116;1:32;2:15;3:4",-1
9206,3,13,14,"Draw(CW,L2)",1,-0.495,1.3304,200,1,"-2:31;-1:118;1:31;2:10;3:10",-1
9206,3,13,15,"Draw(CCW,L2)",1,-0.46,1.37782,200,1,"-2:34;-1:112;1:29;2:16;3:9",-1
9206,3,13,16,"Draw(CW,L3)",1,-0.465,1.37068,200,1,"-2:28;-1:123;1:24;2:13;3:12",-1
9206,3,13,17,"Draw(CCW,L3)",1,-0.54,1.32981,200,1,"-2:37;-1:113;1:28;2:15;3:7",-1
9206,3,13,18,"Draw(CW,L4)",1,-0.15,1.51245,200,1,"-2:30;-1:94;1:42;2:20;3:14",-1
9206,3,13,19,"Draw(CCW,L4)",1,-0.05,1.71683,200,1,"-2:35;-1:90;0:1;1:27;2:18;3:29",-1
9206,3,13,20,"Draw(CW,L5)",1,-0.435,1.33633,200,1,"-2:25;-1:122;0:2;1:27;2:14;3:10",-1
9206,3,13,21,"Draw(CCW,L5)",1,-0.525,1.33018,200,1,"-2:38;-1:109;1:33;2:13;3:7",-1
9206,3,13,22,"Draw(CW,L6)",1,-0.455,1.39928,200,1,"-2:33;-1:114;1:30;2:10;3:13",-1
9206,3,13,23,"Draw(CCW,L6)",1,-0.4,1.37477,200,1,"-2:33;-1:107;1:33;2:21;3:6",-1
9206,3,13,24,"Draw(CW,L7)",1,-0.485,1.31901,200,1,"-2:31;-1:116;0:2;1:28;2:16;3:7",-1
9206,3,13,25,"Draw(CCW,L7)",1,-0.665,1.30107,200,1,"-2:40;-1:121;1:20;2:9;3:10",-1
9206,3,13,26,"PreGuard(CW,G3)",2,-0.675,1.13109,200,1,"-2:40;-1:111;0:3;1:36;2:10",-1
9206,3,13,27,"PreGuard(CCW,G3)",2,-0.625,1.15947,200,1,"-2:37;-1:112;0:2;1:38;2:10;3:1",-1
9206,3,13,28,"PreGuard(CW,G4)",2,-0.555,1.51558,200,1,"-2:67;-1:73;1:30;2:24;3:6",-1
9206,3,13,29,"PreGuard(CCW,G4)",2,-0.67,1.47685,200,1,"-2:77;-1:66;1:32;2:21;3:4",-1
9206,3,13,30,"PreGuard(CW,G5)",2,-0.45,1.27181,200,1,"-2:32;-1:106;0:4;1:39;2:16;3:3",-1
9206,3,13,31,"PreGuard(CCW,G5)",2,-0.285,1.33558,200,1,"-2:26;-1:102;0:3;1:48;2:14;3:7",-1
9206,3,13,32,"Hit(CW,12,TOUCH)",3,0.51,1.48657,200,1,"-2:18;-1:58;1:64;2:48;3:12",-0.34
9206,3,13,33,"Hit(CCW,12,TOUCH)",3,0.465,1.7172,200,1,"-2:28;-1:59;0:1;1:47;2:34;3:31",-0.67
9206,3,13,34,"Hit(CW,12,WEAK)",3,2.135,1.12106,200,1,"-1:15;1:24;2:65;3:96",1.93
9206,3,13,35,"Hit(CCW,12,WEAK)",3,2.15,1.12138,200,1,"-1:15;0:1;1:20;2:67;3:97",1.925
9206,3,13,36,"Hit(CW,12,MIDDLE)",3,1.745,1.0677,200,1,"-2:2;-1:15;1:36;2:109;3:38",1.295
9206,3,13,37,"Hit(CCW,12,MIDDLE)",3,1.605,1.11758,200,1,"-2:1;-1:21;1:44;2:102;3:32",1.175
9206,3,13,38,"Hit(CW,12,STRONG)",3,1.605,1.13533,200,1,"-2:1;-1:21;1:48;2:94;3:36",1.22
9206,3,13,39,"Hit(CCW,12,STRONG)",3,1.51,1.05825,200,1,"-2:1;-1:21;0:3;1:40;2:120;3:15",1.175
9206,3,13,40,"Freeze(CW,12)",4,-0.115,1.41484,200,1,"-2:26;-1:91;1:53;2:23;3:7",-0.98
9206,3,13,41,"Freeze(CCW,12)",4,-0.245,1.48154,200,1,"-2:32;-1:99;1:34;2:25;3:10",-1
9206,3,13,42,"PostGuard(CW,11,0)",7,-0.4,1.38924,200,1,"-2:35;-1:103;1:41;2:11;3:10",-1
9206,3,13,43,"PostGuard(CCW,11,0)",7,-0.405,1.45979,200,1,"-2:39;-1:102;0:1;1:27;2:21;3:10",-1
9206,3,13,44,"PostGuard(CW,11,1)",7,-0.685,1.10262,200,1,"-2:37;-1:117;0:1;1:36;2:9",-1
9206,3,13,45,"PostGuard(CCW,11,1)",7,-0.755,1.03198,200,1,"-2:36;-1:124;0:2;1:31;2:7",-1
9206,3,13,46,"PostGuard(CW,11,2)",7,-0.475,1.18295,200,1,"-2:28;-1:112;0:1;1:45;2:14",-1
9206,3,13,47,"PostGuard(CCW,11,2)",7,-0.705,1.11713,200,1,"-2:40;-1:115;0:1;1:34;2:10",-1
9206,3,13,48,"Pass",0,-0.625,1.11999,200,1,"-2:37;-1:109;0:3;1:44;2:7",-1
5859,1,6,0,"Draw(CW,TEE)",1,-0.735,1.74779,200,1,"-5:1;-4:5;-3:23;-2:41;-1:65;1:47;2:9;3:7;4:2",0.895
5859,1,6,1,"Draw(CCW,TEE)",1,-1.125,1.79983,200,1,"-5:5;-4:20;-3:21;-2:24;-1:76;1:42;2:11;3:1",-0.56
5859,1,6,2,"Draw(CW,S0)",1,-0.635,1.8579,200,1,"-6:1;-5:1;-4:5;-3:20;-2:43;-1:60;1:42;2:18;3:8;4:2",1.22
5859,1,6,3,"Draw(CCW,S0)",1,-0.51,1.76349,200,1,"-6:1;-5:1;-4:7;-3:15;-2:30;-1:67;0:1;1:51;2:23;3:4",-0.9
5859,1,6,4,"Draw(CW,S2)",1,-0.91,1.83082,200,1,"-5:3;-4:10;-3:27;-2:33;-1:66;1:44;2:12;3:3;4:1;5:1",1
5859,1,6,5,"Draw(CCW,S2)",1,-0.825,1.77606,200,1,"-5:3;-4:8;-3:22;-2:30;-1:78;1:42;2:10;3:5;4:1;5:1",1
5859,1,6,6,"Draw(CW,S4)",1,-0.68,1.87553,200,1,"-6:2;-5:2;-4:9;-3:14;-2:34;-1:71;1:43;2:17;3:6;4:2",0.995
5859,1,6,7,"Draw(CCW,S4)",1,-0.97,1.91026,200,1,"-5:4;-4:15;-3:28;-2:28;-1:62;0:1;1:42;2:14;3:6",-0.82
5859,1,6,8,"Draw(CW,S6)",1,-0.895,1.79554,200,1,"-5:4;-4:11;-3:20;-2:32;-1:75;1:36;2:19;3:2;4:1",1
5859,1,6,9,"Draw(CCW,S6)",1,-0.705,1.70528,200,1,"-5:3;-4:4;-3:19;-2:34;-1:76;1:44;2:13;3:7",1
5859,1,6,10,"Draw(CW,L0)",1,-0.92,1.84217,200,1,"-6:2;-5:4;-4:8;-3:17;-2:43;-1:68;0:1;1:36;2:14;3:7",1.685
5859,1,6,11,"Draw(CCW,L0)",1,-1.045,1.81466,200,1,"-5:7;-4:8;-3:20;-2:44;-1:71;1:30;2:14;3:5;4:1",-0.67
5859,1,6,12,"Draw(CW,L1)",1,-1.1,1.76352,200,1,"-5:5;-4:11;-3:22;-2:45;-1:65;1:39;2:10;3:1;4:2",1
5859,1,6,13,"Draw(CCW,L1)",1,-1.04,1.7054,200,1,"-5:4;-4:10;-3:21;-2:43;-1:68;1:44;2:5;3:5",1
5859,1,6,14,"Draw(CW,L2)",1,-0.845,1.87109,200,1,"-5:4;-4:14;-3:18;-2:32;-1:67;1:43;2:19;3:2;5:1",1
5859,1,6,15,"Draw(CCW,L2)",1,-0.905,1.88573,200,1,"-5:7;-4:13;-3:18;-2:28;-1:72;1:39;2:20;3:3",1
5859,1,6,16,"Draw(CW,L3)",1,-0.895,1.57923,200,1,"-4:5;-3:22;-2:41;-1:83;1:32;2:13;3:2;4:2",1
5859,1,6,17,"Draw(CCW,L3)",1,-0.81,1.83954,200,1,"-6:1;-5:2;-4:8;-3:22;-2:29;-1:81;1:37;2:10;3:8;5:2",1
5859,1,6,18,"Draw(CW,L4)",1,-0.64,1.83041,200,1,"-5:1;-4:6;-3:21;-2:36;-1:71;1:37;2:18;3:6;4:4",1
5859,1,6,19,"Draw(CCW,L4)",1,-0.795,1.77848,200,1,"-6:2;-4:10;-3:21;-2:32;-1:69;1:46;2:17;3:3",1
5859,1,6,20,"Draw(CW,L5)",1,-0.74,1.66505,200,1,"-6:2;-5:2;-4:5;-3:14;-2:31;-1:84;1:45;2:14;3:3",1
5859,1,6,21,"Draw(CCW,L5)",1,-0.77,1.87806,200,1,"-6:1;-5:2;-4:13;-3:11;-2:42;-1:68;1:37;2:18;3:6;4:2",1
5859,1,6,22,"Draw(CW,L6)",1,-0.81,1.67448,200,1,"-5:3;-4:10;-3:20;-2:22;-1:81;1:51;2:12;3:1",1
5859,1,6,23,"Draw(CCW,L6)",1,-1.065,1.76374,200,1,"-5:3;-4:11;-3:26;-2:42;-1:66;1:36;2:10;3:6",1
5859,1,6,24,"Draw(CW,L7)",1,-1.145,1.72162,200,1,"-6:1;-5:3;-4:13;-3:25;-2:34;-1:76;0:1;1:33;2:12;3:2",1
5859,1,6,25,"Draw(CCW,L7)",1,-1.295,1.83793,200,1,"-5:10;-4:12;-3:27;-2:38;-1:67;0:1;1:31;2:10;3:4",1
5859,1,6,26,"PreGuard(CW,G3)",2,-1.015,1.97098,200,1,"-6:1;-5:6;-4:14;-3:23;-2:37;-1:57;1:43;2:12;3:6;4:1",1
5859,1,6,27,"PreGuard(CCW,G3)",2,-0.9,1.81384,200,1,"-6:1;-5:4;-4:13;-3:15;-2:36;-1:67;1:51;2:9;3:3;4:1",1
5859,1,6,28,"PreGuard(CW,G4)",2,-0.79,1.8428,200,1,"-4:14;-3:18;-2:39;-1:67;1:38;2:16;3:5;4:3",1
5859,1,6,29,"PreGuard(CCW,G4)",2,-0.67,1.78076,200,1,"-5:3;-4:3;-3:20;-2:42;-1:64;1:45;2:14;3:8;4:1",1
5859,1,6,30,"PreGuard(CW,G5)",2,-0.915,1.74865,200,1,"-6:1;-5:1;-4:11;-3:25;-2:30;-1:72;1:45;2:11;3:4",1
5859,1,6,31,"PreGuard(CCW,G5)",2,-1.045,1.81466,200,1,"-5:7;-4:9;-3:19;-2:42;-1:71;1:39;2:8;3:3;5:2",1
5859,1,6,32,"Hit(CW,1,TOUCH)",3,-0.665,1.87157,200,1,"-6:1;-5:2;-4:5;-3:20;-2:34;-1:74;1:40;2:12;3:8;4:3;5:1",1.715
5859,1,6,33,"Hit(CCW,1,TOUCH)",3,-0.88,1.8643,200,1,"-6:2;-5:3;-4:10;-3:19;-2:30;-1:78;1:42;2:8;3:4;4:4",0.83
5859,1,6,34,"Hit(CW,1,WEAK)",3,-0.905,1.77087,200,1,"-5:3;-4:13;-3:16;-2:30;-1:86;1:33;2:12;3:5;4:2",1.22
5859,1,6,35,"Hit(CCW,1,WEAK)",3,-0.97,1.69974,200,1,"-4:13;-3:22;-2:35;-1:80;1:34;2:9;3:6;4:1",0.875
5859,1,6,36,"Hit(CW,1,MIDDLE)",3,-1.115,1.63149,200,1,"-5:3;-4:9;-3:23;-2:48;-1:69;1:36;2:10;3:2",0.805
5859,1,6,37,"Hit(CCW,1,MIDDLE)",3,-0.955,1.5978,200,1,"-5:3;-4:7;-3:23;-2:32;-1:80;0:1;1:45;2:7;3:2",1.19
5859,1,6,38,"Hit(CW,1,STRONG)",3,-0.95,1.73997,200,1,"-5:1;-4:15;-3:21;-2:40;-1:60;0:1;1:47;2:14;3:1",0.765
5859,1,6,39,"Hit(CCW,1,STRONG)",3,-1.015,1.72185,200,1,"-5:4;-4:13;-3:18;-2:31;-1:85;1:32;2:13;3:4",1.18
5859,1,6,40,"Freeze(CW,1)",4,-0.73,1.83497,200,1,"-5:2;-4:8;-3:18;-2:37;-1:74;1:38;2:15;3:4;4:3;6:1",1.41
5859,1,6,41,"Freeze(CCW,1)",4,-0.79,1.80718,200,1,"-6:1;-5:2;-4:8;-3:22;-2:39;-1:59;1:50;2:14;3:5",0.85
5859,1,6,42,"Hit(CW,5,TOUCH)",3,-1.085,1.87557,200,1,"-6:1;-5:5;-4:14;-3:24;-2:37;-1:61;0:1;1:42;2:11;3:3;4:1",-0.05
5859,1,6,43,"Hit(CCW,5,TOUCH)",3,-1.06,1.74539,200,1,"-5:2;-4:14;-3:27;-2:37;-1:63;0:1;1:41;2:14;3:1",-0.74
5859,1,6,44,"Hit(CW,5,WEAK)",3,-1.045,1.79805,200,1,"-5:1;-4:21;-3:21;-2:33;-1:66;0:1;1:42;2:12;3:3",-0.43
5859,1,6,45,"Hit(CCW,5,WEAK)",3,-1.03,1.73756,200,1,"-5:6;-4:9;-3:19;-2:40;-1:74;1:37;2:11;3:4",-0.69
5859,1,6,46,"Hit(CW,5,MIDDLE)",3,-0.95,1.80485,200,1,"-6:2;-5:1;-4:11;-3:26;-2:33;-1:66;0:2;1:38;2:20;3:1",0.45
5859,1,6,47,"Hit(CCW,5,MIDDLE)",3,-1.135,1.86193,200,1,"-6:1;-5:3;-4:16;-3:30;-2:36;-1:56;1:41;2:16;3:1",0.5
5859,1,6,48,"Hit(CW,5,STRONG)",3,-1.02,1.84109,200,1,"-6:1;-5:5;-4:9;-3:25;-2:37;-1:68;1:34;2:18;3:2;4:1",0.38
5859,1,6,49,"Hit(CCW,5,STRONG)",3,-1.19,1.68639,200,1,"-5:1;-4:19;-3:24;-2:33;-1:78;1:35;2:7;3:2;4:1",0.505
5859,1,6,50,"Freeze(CW,5)",4,-0.875,1.92338,200,1,"-7:1;-6:2;-5:1;-4:14;-3:20;-2:31;-1:64;1:50;2:11;3:5;4:1",0.765
5859,1,6,51,"Freeze(CCW,5)",4,-0.93,1.80142,200,1,"-6:1;-5:3;-4:9;-3:22;-2:33;-1:77;1:38;2:13;3:2;4:1;6:1",0.3
5859,1,6,52,"PostGuard(CW,2,0)",7,-0.835,1.9073,200,1,"-6:1;-5:6;-4:10;-3:14;-2:36;-1:71;1:40;2:13;3:8;4:1",0.99
5859,1,6,53,"PostGuard(CCW,2,0)",7,-1.015,1.80133,200,1,"-6:1;-5:5;-4:10;-3:18;-2:47;-1:60;1:46;2:11;3:1;5:1",0.87
5859,1,6,54,"PostGuard(CW,2,1)",7,-0.42,2.00838,200,1,"-5:4;-4:6;-3:16;-2:24;-1:77;0:1;1:37;2:18;3:10;4:5;5:2",1
5859,1,6,55,"PostGuard(CCW,2,1)",7,-0.795,1.95012,200,1,"-6:3;-5:2;-4:11;-3:22;-2:26;-1:67;1:50;2:12;3:5;4:1;5:1",1
5859,1,6,56,"PostGuard(CW,2,2)",7,-0.765,1.86542,200,1,"-5:2;-4:13;-3:22;-2:32;-1:60;1:49;2:17;3:4;4:1",1
5859,1,6,57,"PostGuard(CCW,2,2)",7,-0.8,1.84932,200,1,"-5:4;-4:9;-3:20;-2:32;-1:73;1:41;2:15;3:4;5:2",1
5859,1,6,58,"PostGuard(CW,4,0)",7,-0.765,1.88408,200,1,"-5:5;-4:8;-3:15;-2:38;-1:73;0:1;1:35;2:17;3:5;4:1;5:2",1
5859,1,6,59,"PostGuard(CCW,4,0)",7,-0.85,1.9564,200,1,"-6:2;-5:2;-4:15;-3:18;-2:28;-1:73;1:43;2:10;3:5;4:3;5:1",1
5859,1,6,60,"PostGuard(CW,4,1)",7,-1.055,1.85256,200,1,"-5:3;-4:16;-3:24;-2:37;-1:66;1:35;2:13;3:5;4:1",1
5859,1,6,61,"PostGuard(CCW,4,1)",7,-0.845,1.72944,200,1,"-5:2;-4:8;-3:19;-2:44;-1:67;1:41;2:14;3:4;4:1",1
5859,1,6,62,"PostGuard(CW,4,2)",7,-0.8,1.73781,200,1,"-5:1;-4:15;-3:14;-2:32;-1:74;1:48;2:12;3:3;4:1",1
5859,1,6,63,"PostGuard(CCW,4,2)",7,-1.05,1.83235,200,1,"-5:5;-4:13;-3:20;-2:41;-1:69;1:32;2:16;3:2;4:2",1
5859,1,6,64,"Pass",0,-1.015,1.99117,200,1,"-7:1;-6:1;-5:4;-4:16;-3:21;-2:35;-1:62;1:40;2:12;3:7;4:1",1
6871,4,5,0,"Draw(CW,TEE)",1,0.92,1.88245,200,1,"-4:2;-3:4;-2:16;-1:39;1:60;2:39;3:28;4:8;5:3;6:1",1.75
6871,4,5,1,"Draw(CCW,TEE)",1,1,1.77482,200,1,"-3:1;-2:11;-1:49;1:65;2:32;3:30;4:9;6:2;7:1",2.01
6871,4,5,2,"Draw(CW,S0)",1,1.07,1.90397,200,1,"-5:1;-3:2;-2:9;-1:49;1:58;2:35;3:29;4:13;5:1;6:1;7:2",1.515
6871,4,5,3,"Draw(CCW,S0)",1,1.16,1.72174,200,1,"-3:1;-2:9;-1:40;1:72;2:36;3:26;4:12;5:2;6:1;7:1",2.38
6871,4,5,4,"Draw(CW,S2)",1,0.775,1.94792,200,1,"-5:1;-4:3;-3:3;-2:12;-1:47;0:1;1:76;2:23;3:13;4:14;5:7",1.96
6871,4,5,5,"Draw(CCW,S2)",1,0.83,1.86577,200,1,"-3:6;-2:15;-1:44;1:70;2:30;3:17;4:13;5:5",2
6871,4,5,6,"Draw(CW,S4)",1,0.8,1.93391,200,1,"-5:1;-4:2;-3:1;-2:22;-1:40;1:68;2:29;3:16;4:19;5:2",1.705
6871,4,5,7,"Draw(CCW,S4)",1,1.055,1.88467,200,1,"-4:1;-3:4;-2:13;-1:36;1:69;2:41;3:17;4:10;5:7;6:2",2.11
6871,4,5,8,"Draw(CW,S6)",1,1,1.98494,200,1,"-5:1;-4:2;-3:3;-2:17;-1:35;1:65;2:31;3:27;4:13;5:5;6:1",2
6871,4,5,9,"Draw(CCW,S6)",1,1.075,1.82192,200,1,"-4:2;-3:4;-2:14;-1:27;0:1;1:75;2:37;3:26;4:7;5:7",2
6871,4,5,10,"Draw(CW,L0)",1,1.035,2.09613,200,1,"-4:1;-3:5;-2:18;-1:41;1:54;2:32;3:22;4:20;5:3;6:4",1.375
6871,4,5,11,"Draw(CCW,L0)",1,1.13,1.96038,200,1,"-4:1;-3:2;-2:12;-1:43;0:1;1:62;2:32;3:25;4:11;5:8;6:3",2.47
6871,4,5,12,"Draw(CW,L1)",1,0.835,1.82969,200,1,"-3:5;-2:15;-1:41;0:1;1:82;2:22;3:14;4:16;5:3;6:1",2
6871,4,5,13,"Draw(CCW,L1)",1,0.975,1.82876,200,1,"-6:1;-3:2;-2:13;-1:40;1:77;2:28;3:21;4:14;5:3;6:1",2
6871,4,5,14,"Draw(CW,L2)",1,0.775,1.81779,200,1,"-4:3;-3:2;-2:9;-1:54;0:1;1:70;2:27;3:19;4:11;5:4",2
6871,4,5,15,"Draw(CCW,L2)",1,0.84,1.85591,200,1,"-4:2;-3:4;-2:13;-1:45;1:70;2:27;3:25;4:11;5:2;6:1",2
6871,4,5,16,"Draw(CW,L3)",1,0.915,2.07069,200,1,"-5:1;-3:5;-2:19;-1:40;1:64;2:33;3:16;4:12;5:6;6:3;7:1",2
6871,4,5,17,"Draw(CCW,L3)",1,0.995,2.13658,200,1,"-5:1;-3:8;-2:16;-1:41;1:58;2:22;3:25;4:22;5:6;6:1",2
6871,4,5,18,"Draw(CW,L4)",1,1.22,1.95745,200,1,"-3:5;-2:9;-1:42;1:52;2:41;3:32;4:11;5:5;6:2;8:1",2
6871,4,5,19,"Draw(CCW,L4)",1,0.92,2.10798,200,1,"-5:1;-4:2;-3:5;-2:11;-1:51;1:51;2:40;3:17;4:11;5:8;6:2;7:1",2
6871,4,5,20,"Draw(CW,L5)",1,1.05,1.96405,200,1,"-4:3;-3:5;-2:9;-1:39;1:67;2:32;3:26;4:14;5:2;6:2;7:1",2
6871,4,5,21,"Draw(CCW,L5)",1,1.035,1.89044,200,1,"-4:2;-3:2;-2:14;-1:38;1:71;2:31;3:21;4:15;5:5;6:1",2
6871,4,5,22,"Draw(CW,L6)",1,0.945,1.95499,200,1,"-4:1;-3:6;-2:13;-1:44;1:60;2:32;3:26;4:13;5:3;6:2",2
6871,4,5,23,"Draw(CCW,L6)",1,1.195,1.8566,200,1,"-3:1;-2:11;-1:42;1:67;2:32;3:23;4:16;5:6;6:2",2
6871,4,5,24,"Draw(CW,L7)",1,0.885,1.88991,200,1,"-3:6;-2:16;-1:42;1:66;2:28;3:25;4:13;5:4",2
6871,4,5,25,"Draw(CCW,L7)",1,0.585,1.83923,200,1,"-5:2;-4:2;-3:7;-2:11;-1:44;1:83;2:28;3:14;4:5;5:3;6:1",2
6871,4,5,26,"PreGuard(CW,G3)",2,0.66,1.79008,200,1,"-3:7;-2:18;-1:45;1:67;2:33;3:20;4:9;5:1",2
6871,4,5,27,"PreGuard(CCW,G3)",2,0.575,1.98605,200,1,"-5:2;-4:4;-3:5;-2:15;-1:45;1:78;2:19;3:19;4:9;5:2;6:2",2
6871,4,5,28,"PreGuard(CW,G4)",2,0.78,1.82527,200,1,"-5:1;-3:3;-2:16;-1:49;1:58;2:40;3:23;4:7;5:2;6:1",2
6871,4,5,29,"PreGuard(CCW,G4)",2,0.685,1.8346,200,1,"-5:1;-3:5;-2:19;-1:43;1:69;2:37;3:13;4:9;5:4",2
6871,4,5,30,"PreGuard(CW,G5)",2,0.755,1.81796,200,1,"-4:2;-3:3;-2:14;-1:49;1:69;2:28;3:24;4:8;5:2;6:1",2
6871,4,5,31,"PreGuard(CCW,G5)",2,0.79,1.95855,200,1,"-4:1;-3:6;-2:21;-1:37;1:64;2:44;3:14;4:4;5:6;6:2;7:1",2
6871,4,5,32,"Hit(CW,0,TOUCH)",3,0.965,1.74177,200,1,"-4:1;-3:4;-2:10;-1:42;1:64;2:45;3:21;4:11;5:2",2.55
6871,4,5,33,"Hit(CCW,0,TOUCH)",3,1.01,1.8788,200,1,"-3:5;-2:12;-1:43;1:64;2:34;3:23;4:12;5:7",2.54
6871,4,5,34,"Hit(CW,0,WEAK)",3,1.025,1.75624,200,1,"-3:3;-2:12;-1:39;1:77;2:28;3:24;4:13;5:4",2.47
6871,4,5,35,"Hit(CCW,0,WEAK)",3,0.97,1.90502,200,1,"-3:8;-2:12;-1:37;1:67;2:45;3:14;4:7;5:8;6:2",2.445
6871,4,5,36,"Hit(CW,0,MIDDLE)",3,0.9,1.7,200,1,"-3:3;-2:14;-1:37;1:89;2:24;3:20;4:9;5:3;6:1",1.645
6871,4,5,37,"Hit(CCW,0,MIDDLE)",3,0.615,1.74263,200,1,"-5:1;-3:4;-2:22;-1:39;1:77;2:37;3:11;4:6;5:3",2.03
6871,4,5,38,"Hit(CW,0,STRONG)",3,0.96,1.60262,200,1,"-3:2;-2:13;-1:35;1:85;2:35;3:16;4:14",1.65
6871,4,5,39,"Hit(CCW,0,STRONG)",3,0.7,1.82209,200,1,"-5:2;-3:5;-2:18;-1:37;1:81;2:27;3:20;4:8;5:1;6:1",2.025
6871,4,5,40,"Freeze(CW,0)",4,0.735,1.90913,200,1,"-4:2;-3:8;-2:15;-1:40;1:73;2:31;3:15;4:11;5:5",2.77
6871,4,5,41,"Freeze(CCW,0)",4,0.93,1.95834,200,1,"-4:2;-3:1;-2:18;-1:43;1:67;2:28;3:22;4:10;5:7;6:2",2.73
6871,4,5,42,"Hit(CW,2,TOUCH)",3,0.95,1.85944,200,1,"-4:1;-3:5;-2:12;-1:40;0:1;1:68;2:38;3:19;4:10;5:4;6:2",1.595
6871,4,5,43,"Hit(CCW,2,TOUCH)",3,0.93,1.96853,200,1,"-3:5;-2:18;-1:42;1:63;2:29;3:22;4:15;5:4;6:2",-0.145
6871,4,5,44,"Hit(CW,2,WEAK)",3,1.295,2.09713,200,1,"-4:1;-3:2;-2:10;-1:47;1:55;2:23;3:31;4:18;5:8;6:5",1.68
6871,4,5,45,"Hit(CCW,2,WEAK)",3,1.265,1.86407,200,1,"-3:2;-2:13;-1:34;1:64;2:40;3:24;4:14;5:7;6:2",1.235
6871,4,5,46,"Hit(CW,2,MIDDLE)",3,0.835,1.84602,200,1,"-5:1;-4:2;-3:5;-2:13;-1:35;1:82;2:31;3:18;4:8;5:4;6:1",0.455
6871,4,5,47,"Hit(CCW,2,MIDDLE)",3,1.235,2.08081,200,1,"-3:2;-2:15;-1:43;1:57;2:31;3:20;4:16;5:13;6:3",2.16
6871,4,5,48,"Hit(CW,2,STRONG)",3,0.88,1.75374,200,1,"-4:2;-3:3;-2:10;-1:42;1:82;2:29;3:18;4:9;5:5",0.53
6871,4,5,49,"Hit(CCW,2,STRONG)",3,1.335,1.99569,200,1,"-3:3;-2:12;-1:35;1:65;2:33;3:21;4:18;5:9;6:4",2.13
6871,4,5,50,"Freeze(CW,2)",4,0.88,1.97373,200,1,"-3:9;-2:11;-1:49;1:56;2:31;3:27;4:11;5:5;6:1",1.895
6871,4,5,51,"Freeze(CCW,2)",4,1.01,1.92351,200,1,"-5:1;-4:1;-3:2;-2:13;-1:44;1:59;2:39;3:21;4:14;5:5;6:1",1.565
6871,4,5,52,"PostGuard(CW,1,0)",7,1.165,1.83515,200,1,"-3:6;-2:13;-1:31;1:59;2:45;3:29;4:13;5:4",2.02
6871,4,5,53,"PostGuard(CCW,1,0)",7,1.2,1.94679,200,1,"-5:1;-2:11;-1:45;1:58;2:38;3:24;4:14;5:5;6:3;7:1",1.92
6871,4,5,54,"PostGuard(CW,1,1)",7,0.895,1.87989,200,1,"-4:1;-3:5;-2:12;-1:48;1:56;2:41;3:21;4:11;5:5",2
6871,4,5,55,"PostGuard(CCW,1,1)",7,0.83,2.05939,200,1,"-4:3;-3:5;-2:15;-1:49;1:57;2:28;3:19;4:21;6:3",2
6871,4,5,56,"PostGuard(CW,1,2)",7,0.595,1.93932,200,1,"-5:1;-4:2;-3:8;-2:13;-1:52;1:59;2:35;3:22;4:2;5:5;6:1",2
6871,4,5,57,"PostGuard(CCW,1,2)",7,0.74,1.98555,200,1,"-5:4;-3:6;-2:20;-1:33;1:62;2:41;3:24;4:8;5:1;6:1",2
6871,4,5,58,"PostGuard(CW,3,0)",7,0.865,1.99669,200,1,"-5:1;-3:5;-2:20;-1:38;1:69;2:30;3:15;4:14;5:7;6:1",2
6871,4,5,59,"PostGuard(CCW,3,0)",7,1.03,1.94399,200,1,"-3:2;-2:15;-1:47;0:1;1:61;2:27;3:23;4:16;5:7;6:1",2
6871,4,5,60,"PostGuard(CW,3,1)",7,1.09,1.89787,200,1,"-6:1;-4:1;-3:2;-2:11;-1:37;0:1;1:66;2:43;3:23;4:7;5:6;6:1;8:1",2
6871,4,5,61,"PostGuard(CCW,3,1)",7,1.075,1.90247,200,1,"-3:1;-2:10;-1:53;1:58;2:35;3:20;4:15;5:6;6:1;7:1",2
6871,4,5,62,"PostGuard(CW,3,2)",7,0.8,2.13542,200,1,"-5:2;-4:1;-3:10;-2:15;-1:39;1:65;2:27;3:22;4:8;5:10;6:1",2
6871,4,5,63,"PostGuard(CCW,3,2)",7,0.655,1.88838,200,1,"-6:1;-4:1;-3:6;-2:13;-1:52;1:63;2:33;3:20;4:8;5:2;6:1",2
6871,4,5,64,"PostGuard(CW,5,0)",7,0.845,1.87643,200,1,"-5:1;-3:6;-2:12;-1:47;1:58;2:42;3:19;4:11;5:4",2
6871,4,5,65,"PostGuard(CCW,5,0)",7,1.065,1.85493,200,1,"-4:1;-3:3;-2:17;-1:30;0:2;1:70;2:35;3:26;4:9;5:6;6:1",2
6871,4,5,66,"PostGuard(CW,5,1)",7,0.985,2.03341,200,1,"-4:1;-3:6;-2:14;-1:42;1:64;2:29;3:22;4:12;5:7;6:3",2
6871,4,5,67,"PostGuard(CCW,5,1)",7,1.165,2.05372,200,1,"-5:1;-4:2;-3:5;-2:16;-1:28;1:58;2:40;3:27;4:14;5:8;6:1",2
6871,4,5,68,"PostGuard(CW,5,2)",7,1.21,1.76236,200,1,"-3:1;-2:7;-1:43;1:67;2:38;3:28;4:9;5:3;6:4",2
6871,4,5,69,"PostGuard(CCW,5,2)",7,0.86,1.95969,200,1,"-7:1;-4:1;-3:3;-2:14;-1:48;1:58;2:40;3:16;4:13;5:6",2
6871,4,5,70,"Pass",0,0.8,1.76635,200,1,"-4:2;-3:5;-2:16;-1:35;1:75;2:37;3:21;4:8;6:1",2
7163,3,13,0,"Draw(CW,TEE)",1,1.255,1.59059,200,1,"-2:6;-1:41;1:63;2:43;3:33;4:14",0.355
7163,3,13,1,"Draw(CCW,TEE)",1,1.565,1.51518,200,1,"-3:1;-2:2;-1:30;1:58;2:54;3:36;4:19",0.63
7163,3,13,2,"Draw(CW,S0)",1,1.22,1.55615,200,1,"-3:1;-2:6;-1:39;1:60;2:56;3:26;4:12",1.33
7163,3,13,3,"Draw(CCW,S0)",1,1.955,1.36491,200,1,"-2:2;-1:16;1:48;2:66;3:41;4:27",1.965
7163,3,13,4,"Draw(CW,S2)",1,1.21,2.08708,200,1,"-2:11;-1:66;1:27;2:29;3:23;4:44",-1
7163,3,13,5,"Draw(CCW,S2)",1,1.315,2.16697,200,1,"-2:15;-1:60;1:23;2:28;3:22;4:52",-1
7163,3,13,6,"Draw(CW,S4)",1,1.21,1.57032,200,1,"-3:1;-2:6;-1:41;1:57;2:54;3:31;4:10",1.23
7163,3,13,7,"Draw(CCW,S4)",1,1.985,1.42996,200,1,"-3:1;-2:4;-1:12;1:50;2:58;3:46;4:29",1.44
7163,3,13,8,"Draw(CW,S6)",1,1.03,2.10929,200,1,"-4:1;-2:18;-1:62;1:28;2:28;3:28;4:35",-1
7163,3,13,9,"Draw(CCW,S6)",1,1.355,1.91284,200,1,"-2:9;-1:50;1:46;2:28;3:31;4:36",-1
7163,3,13,10,"Draw(CW,L0)",1,1.355,1.89446,200,1,"-4:1;-2:5;-1:56;1:32;2:35;3:45;4:26",-0.05
7163,3,13,11,"Draw(CCW,L0)",1,1.65,1.77975,200,1,"-3:1;-2:10;-1:28;1:46;2:45;3:35;4:35",1.75
7163,3,13,12,"Draw(CW,L1)",1,1.195,1.77115,200,1,"-2:9;-1:52;1:43;2:36;3:46;4:14",-1
7163,3,13,13,"Draw(CCW,L1)",1,1.105,2.03322,200,1,"-2:11;-1:66;1:36;2:29;3:17;4:41",-1
7163,3,13,14,"Draw(CW,L2)",1,1.05,1.71974,200,1,"-2:9;-1:57;1:43;2:37;3:48;4:6",-1
7163,3,13,15,"Draw(CCW,L2)",1,1,1.82757,200,1,"-2:13;-1:59;1:39;2:32;3:46;4:11",-1
7163,3,13,16,"Draw(CW,L3)",1,0.735,1.69552,200,1,"-2:12;-1:68;1:42;2:41;3:33;4:4",-1
7163,3,13,17,"Draw(CCW,L3)",1,1.15,1.74284,200,1,"-2:12;-1:48;1:41;2:48;3:39;4:12",-1
7163,3,13,18,"Draw(CW,L4)",1,-0.185,1.80299,200,1,"-3:1;-2:56;-1:69;1:28;2:23;3:19;4:4",-1
7163,3,13,19,"Draw(CCW,L4)",1,-0.18,1.96408,200,1,"-5:3;-2:58;-1:63;1:30;2:17;3:22;4:7",-1
7163,3,13,20,"Draw(CW,L5)",1,1.075,1.85186,200,1,"-2:8;-1:64;1:41;2:23;3:48;4:16",-1
7163,3,13,21,"Draw(CCW,L5)",1,1.245,1.7986,200,1,"-2:9;-1:53;1:35;2:37;3:53;4:13",-1
7163,3,13,22,"Draw(CW,L6)",1,0.945,1.78941,200,1,"-2:13;-1:59;1:42;2:37;3:38;4:11",-1
7163,3,13,23,"Draw(CCW,L6)",1,0.795,1.75584,200,1,"-2:13;-1:65;1:46;2:32;3:36;4:8",-1
7163,3,13,24,"Draw(CW,L7)",1,0.695,1.7123,200,1,"-2:17;-1:60;1:57;2:29;3:30;4:7",-1
7163,3,13,25,"Draw(CCW,L7)",1,0.74,1.81174,200,1,"-3:1;-2:13;-1:71;1:36;2:31;3:42;4:6",-1
7163,3,13,26,"PreGuard(CW,G3)",2,1.155,1.70909,200,1,"-2:8;-1:55;1:35;2:42;3:57;4:3",-1
7163,3,13,27,"PreGuard(CCW,G3)",2,0.845,1.77791,200,1,"-2:14;-1:64;1:39;2:29;3:52;4:2",-1
7163,3,13,28,"PreGuard(CW,G4)",2,-0.405,1.62818,200,1,"-2:58;-1:79;1:30;2:15;3:18",-1
7163,3,13,29,"PreGuard(CCW,G4)",2,-0.485,1.67624,200,1,"-5:1;-2:61;-1:81;1:23;2:14;3:20",-1
7163,3,13,30,"PreGuard(CW,G5)",2,0.91,1.6649,200,1,"-3:1;-2:9;-1:59;1:46;2:39;3:46",-1
7163,3,13,31,"PreGuard(CCW,G5)",2,0.625,1.82329,200,1,"-3:1;-2:21;-1:67;1:32;2:32;3:47",-1
7163,3,13,32,"Hit(CW,2,TOUCH)",3,0.82,1.7486,200,1,"-2:12;-1:66;1:42;2:33;3:42;4:5",-1
7163,3,13,33,"Hit(CCW,2,TOUCH)",3,0.6,1.61555,200,1,"-3:1;-2:13;-1:66;1:54;2:39;3:25;4:2",-1
7163,3,13,34,"Hit(CW,2,WEAK)",3,0.56,1.78225,200,1,"-5:1;-3:1;-2:13;-1:75;1:42;2:29;3:35;4:4",-1
7163,3,13,35,"Hit(CCW,2,WEAK)",3,0.77,1.68437,200,1,"-4:1;-3:2;-2:11;-1:57;1:55;2:34;3:40",-1
7163,3,13,36,"Hit(CW,2,MIDDLE)",3,0.035,1.42259,200,1,"-4:3;-3:6;-2:14;-1:65;1:102;2:2;3:8",-1
7163,3,13,37,"Hit(CCW,2,MIDDLE)",3,0.85,1.75997,200,1,"-2:16;-1:60;1:37;2:36;3:51",-1
7163,3,13,38,"Hit(CW,2,STRONG)",3,0.01,1.44219,200,1,"-5:1;-4:2;-3:7;-2:9;-1:74;1:94;2:5;3:8",-1
7163,3,13,39,"Hit(CCW,2,STRONG)",3,0.9,1.68819,200,1,"-2:12;-1:59;1:42;2:40;3:47",-1
7163,3,13,40,"Freeze(CW,2)",4,0.805,1.80194,200,1,"-2:17;-1:63;1:36;2:33;3:48;4:3",-1
7163,3,13,41,"Freeze(CCW,2)",4,1.02,1.81923,200,1,"-3:1;-2:15;-1:54;1:28;2:51;3:43;4:8",-1
7163,3,13,42,"Hit(CW,6,TOUCH)",3,0.8,1.772,200,1,"-4:1;-2:13;-1:64;1:40;2:35;3:44;4:3",-1
7163,3,13,43,"Hit(CCW,6,TOUCH)",3,0.835,1.74292,200,1,"-3:1;-2:9;-1:68;1:42;2:27;3:52;4:1",-1
7163,3,13,44,"Hit(CW,6,WEAK)",3,1.05,1.82414,200,1,"-2:12;-1:59;1:34;2:36;3:49;4:10",-1
7163,3,13,45,"Hit(CCW,6,WEAK)",3,0.92,1.83946,200,1,"-2:13;-1:65;1:34;2:32;3:47;4:9",-1
7163,3,13,46,"Hit(CW,6,MIDDLE)",3,0.685,1.7017,200,1,"-2:18;-1:62;1:42;2:41;3:37",-1.015
7163,3,13,47,"Hit(CCW,6,MIDDLE)",3,0.975,1.92727,200,1,"-2:12;-1:67;1:35;2:29;3:35;4:22",-0.79
7163,3,13,48,"Hit(CW,6,STRONG)",3,0.725,1.68504,200,1,"-4:1;-3:1;-2:12;-1:62;1:46;2:42;3:36",-1
7163,3,13,49,"Hit(CCW,6,STRONG)",3,0.995,1.85067,200,1,"-2:11;-1:63;1:38;2:36;3:34;4:18",-0.775
7163,3,13,50,"Freeze(CW,6)",4,0.895,1.65951,200,1,"-2:10;-1:60;1:47;2:38;3:44;4:1",-1
7163,3,13,51,"Freeze(CCW,6)",4,0.69,1.69231,200,1,"-2:7;-1:80;1:39;2:29;3:45",-1
7163,3,13,52,"Hit(CW,10,TOUCH)",3,1.16,2.02099,200,1,"-2:15;-1:57;1:37;2:25;3:32;4:34",-1
7163,3,13,53,"Hit(CCW,10,TOUCH)",3,0.755,1.81796,200,1,"-3:1;-2:15;-1:66;1:38;2:39;3:30;4:11",-1
7163,3,13,54,"Hit(CW,10,WEAK)",3,1.03,1.95425,200,1,"-2:9;-1:68;1:40;2:32;3:16;4:35",-1
7163,3,13,55,"Hit(CCW,10,WEAK)",3,1.28,1.92135,200,1,"-2:3;-1:65;1:37;2:31;3:28;4:36",-1
7163,3,13,56,"Hit(CW,10,MIDDLE)",3,0.99,1.86545,200,1,"-2:15;-1:57;1:39;2:41;3:28;4:20",-0.99
7163,3,13,57,"Hit(CCW,10,MIDDLE)",3,1.005,1.68374,200,1,"-3:1;-2:12;-1:43;1:75;2:25;3:30;4:14",-0.455
7163,3,13,58,"Hit(CW,10,STRONG)",3,0.995,1.90918,200,1,"-2:9;-1:71;1:27;2:41;3:29;4:23",-0.99
7163,3,13,59,"Hit(CCW,10,STRONG)",3,0.95,1.62404,200,1,"-3:1;-2:7;-1:50;1:79;2:26;3:22;4:15",-0.525
7163,3,13,60,"Freeze(CW,10)",4,1.165,1.91514,200,1,"-2:11;-1:59;1:35;2:27;3:47;4:21",-1
7163,3,13,61,"Freeze(CCW,10)",4,0.99,1.9026,200,1,"-2:12;-1:65;1:35;2:32;3:36;4:20",-1
7163,3,13,62,"Hit(CW,12,TOUCH)",3,1.865,1.31407,200,1,"-2:3;-1:16;1:48;2:66;3:53;4:14",1.62
7163,3,13,63,"Hit(CCW,12,TOUCH)",3,1.915,1.42048,200,1,"-2:4;-1:16;1:47;2:67;3:38;4:28",1.515
7163,3,13,64,"Hit(CW,12,WEAK)",3,2.685,1.28677,200,1,"-1:9;1:24;2:45;3:56;4:66",2.89
7163,3,13,65,"Hit(CCW,12,WEAK)",3,2.595,1.32702,200,1,"-2:1;-1:10;1:22;2:52;3:55;4:60",2.9
7163,3,13,66,"Hit(CW,12,MIDDLE)",3,1.735,1.45423,200,1,"-3:4;-1:16;1:72;2:38;3:53;4:17",1.785
7163,3,13,67,"Hit(CCW,12,MIDDLE)",3,2.11,1.30687,200,1,"-3:1;-1:18;1:30;2:48;3:95;4:8",2.01
7163,3,13,68,"Hit(CW,12,STRONG)",3,1.87,1.35022,200,1,"-3:1;-2:1;-1:15;1:65;2:42;3:59;4:17",1.72
7163,3,13,69,"Hit(CCW,12,STRONG)",3,1.995,1.4195,200,1,"-3:2;-1:21;1:35;2:46;3:85;4:11",1.89
7163,3,13,70,"Freeze(CW,12)",4,1.43,1.70737,200,1,"-3:1;-2:7;-1:38;1:50;2:39;3:47;4:18",-0.37
7163,3,13,71,"Freeze(CCW,12)",4,1.4,1.74929,200,1,"-2:12;-1:34;1:55;2:37;3:39;4:23",-0.435
7163,3,13,72,"PostGuard(CW,9,0)",7,0.785,2.09494,200,1,"-2:19;-1:76;1:26;2:28;3:15;4:36",-1
7163,3,13,73,"PostGuard(CCW,9,0)",7,1.11,2.19497,200,1,"-4:1;-2:23;-1:56;1:20;2:35;3:22;4:43",-1
7163,3,13,74,"PostGuard(CW,9,1)",7,0.63,1.80917,200,1,"-2:17;-1:75;1:30;2:31;3:45;4:2",-1
7163,3,13,75,"PostGuard(CCW,9,1)",7,0.655,1.93028,200,1,"-4:2;-2:22;-1:66;1:27;2:30;3:50;4:3",-1
7163,3,13,76,"PostGuard(CW,9,2)",7,0.715,1.84764,200,1,"-2:21;-1:67;1:23;2:38;3:51",-1
7163,3,13,77,"PostGuard(CCW,9,2)",7,0.53,1.91288,200,1,"-2:33;-1:63;1:21;2:35;3:48",-1
7163,3,13,78,"PostGuard(CW,11,0)",7,1.275,1.87066,200,1,"-2:13;-1:50;1:28;2:41;3:51;4:17",-1
7163,3,13,79,"PostGuard(CCW,11,0)",7,1.06,1.93814,200,1,"-2:14;-1:62;1:29;2:29;3:49;4:17",-1
7163,3,13,80,"PostGuard(CW,11,1)",7,1.12,1.59236,200,1,"-2:9;-1:46;1:53;2:41;3:51",-1
7163,3,13,81,"PostGuard(CCW,11,1)",7,0.685,1.82641,200,1,"-4:1;-2:17;-1:69;1:32;2:32;3:48;4:1",-1
7163,3,13,82,"PostGuard(CW,11,2)",7,0.93,1.73928,200,1,"-3:1;-2:14;-1:56;1:33;2:48;3:48",-1
7163,3,13,83,"PostGuard(CCW,11,2)",7,0.71,1.78491,200,1,"-3:1;-2:14;-1:71;1:33;2:32;3:49",-1
7163,3,13,84,"Pass",0,1.01,1.68223,200,1,"-2:9;-1:60;1:30;2:53;3:48",-1
5807,0,8,0,"Draw(CW,TEE)",1,-0.535,1.92322,200,1,"-6:1;-5:6;-4:6;-3:16;-2:20;-1:75;1:45;2:23;3:7;4:1",1.635
5807,0,8,1,"Draw(CCW,TEE)",1,-0.76,1.87147,200,1,"-5:5;-4:9;-3:23;-2:23;-1:74;1:40;2:20;3:6",2
5807,0,8,2,"Draw(CW,S0)",1,-0.68,2.05124,200,1,"-6:2;-5:4;-4:11;-3:13;-2:35;-1:67;1:38;2:18;3:7;4:4;5:1",1.605
5807,0,8,3,"Draw(CCW,S0)",1,-0.68,1.86751,200,1,"-6:1;-5:2;-4:7;-3:25;-2:33;-1:57;1:49;2:21;3:5",1.98
5807,0,8,4,"Draw(CW,S2)",1,-0.68,1.80211,200,1,"-5:1;-4:11;-3:18;-2:28;-1:77;1:39;2:18;3:7;4:1",2
5807,0,8,5,"Draw(CCW,S2)",1,-0.705,1.89947,200,1,"-7:1;-6:1;-5:3;-4:8;-3:22;-2:24;-1:68;1:51;2:17;3:4;4:1",2
5807,0,8,6,"Draw(CW,S4)",1,-0.665,2.01811,200,1,"-6:1;-5:4;-4:11;-3:16;-2:32;-1:66;1:41;2:19;3:6;4:2;5:2",1.67
5807,0,8,7,"Draw(CCW,S4)",1,-0.905,1.88573,200,1,"-6:1;-5:4;-4:11;-3:24;-2:33;-1:63;1:42;2:19;3:2;4:1",1.98
5807,0,8,8,"Draw(CW,S6)",1,-0.69,1.85038,200,1,"-6:1;-5:2;-4:10;-3:18;-2:27;-1:76;1:37;2:22;3:7",2
5807,0,8,9,"Draw(CCW,S6)",1,-0.425,2.05533,200,1,"-6:3;-5:2;-4:4;-3:21;-2:23;-1:69;1:40;2:23;3:9;4:6",2
5807,0,8,10,"Draw(CW,L0)",1,-0.91,1.98542,200,1,"-7:1;-5:5;-4:11;-3:20;-2:36;-1:71;1:27;2:20;3:6;4:3",1.21
5807,0,8,11,"Draw(CCW,L0)",1,-0.985,1.90913,200,1,"-6:3;-5:5;-4:9;-3:25;-2:27;-1:72;1:40;2:14;3:5",1.63
5807,0,8,12,"Draw(CW,L1)",1,-0.81,1.8692,200,1,"-6:1;-5:4;-4:9;-3:21;-2:26;-1:77;1:42;2:13;3:5;4:1;5:1",2
5807,0,8,13,"Draw(CCW,L1)",1,-0.695,1.85795,200,1,"-5:5;-4:10;-3:16;-2:27;-1:72;1:49;2:12;3:9",2
5807,0,8,14,"Draw(CW,L2)",1,-0.63,1.89555,200,1,"-5:4;-4:9;-3:20;-2:28;-1:64;1:48;2:20;3:6;4:1",2
5807,0,8,15,"Draw(CCW,L2)",1,-0.465,1.92062,200,1,"-5:4;-4:6;-3:15;-2:25;-1:76;1:46;2:14;3:10;4:2;5:2",2
5807,0,8,16,"Draw(CW,L3)",1,-0.665,1.91384,200,1,"-6:1;-5:1;-4:8;-3:22;-2:34;-1:66;1:40;2:18;3:7;4:2;5:1",2
5807,0,8,17,"Draw(CCW,L3)",1,-0.63,1.88231,200,1,"-5:2;-4:9;-3:20;-2:31;-1:68;1:43;2:17;3:7;4:3",2
5807,0,8,18,"Draw(CW,L4)",1,-0.665,1.85007,200,1,"-6:1;-5:2;-4:14;-3:9;-2:24;-1:85;1:43;2:14;3:5;4:2;5:1",2
5807,0,8,19,"Draw(CCW,L4)",1,-0.84,1.96835,200,1,"-6:1;-5:4;-4:12;-3:21;-2:33;-1:66;1:35;2:20;3:6;4:2",2
5807,0,8,20,"Draw(CW,L5)",1,-0.615,1.75122,200,1,"-5:2;-4:7;-3:19;-2:34;-1:61;1:58;2:14;3:5",2
5807,0,8,21,"Draw(CCW,L5)",1,-0.665,2.08873,200,1,"-7:1;-6:1;-5:4;-4:8;-3:21;-2:35;-1:57;1:40;2:21;3:9;4:2;5:1",2
5807,0,8,22,"Draw(CW,L6)",1,-0.725,1.94149,200,1,"-5:4;-4:12;-3:20;-2:29;-1:66;1:41;2:19;3:8;4:1",2
5807,0,8,23,"Draw(CCW,L6)",1,-0.51,1.91047,200,1,"-5:1;-4:13;-3:20;-2:23;-1:60;1:55;2:18;3:10",2
5807,0,8,24,"Draw(CW,L7)",1,-0.89,1.73433,200,1,"-6:1;-5:3;-4:8;-3:25;-2:23;-1:82;1:40;2:16;3:2",2
5807,0,8,25,"Draw(CCW,L7)",1,-0.415,1.92166,200,1,"-6:2;-4:11;-3:12;-2:25;-1:69;1:44;2:30;3:4;4:3",2
5807,0,8,26,"PreGuard(CW,G3)",2,-0.75,1.93067,200,1,"-5:3;-4:10;-3:23;-2:37;-1:59;1:39;2:21;3:6;4:2",2
5807,0,8,27,"PreGuard(CCW,G3)",2,-0.62,2.09657,200,1,"-6:1;-5:4;-4:10;-3:20;-2:34;-1:57;1:40;2:21;3:9;4:2;5:2",2
5807,0,8,28,"PreGuard(CW,G4)",2,-0.565,1.99393,200,1,"-6:1;-5:3;-4:10;-3:19;-2:31;-1:55;1:54;2:16;3:8;4:3",2
5807,0,8,29,"PreGuard(CCW,G4)",2,-0.4,2.01742,200,1,"-5:7;-4:10;-3:12;-2:23;-1:59;1:52;2:28;3:8;4:1",2
5807,0,8,30,"PreGuard(CW,G5)",2,-0.58,2.01832,200,1,"-6:1;-5:4;-4:8;-3:19;-2:28;-1:66;1:45;2:18;3:6;4:3;5:2",2
5807,0,8,31,"PreGuard(CCW,G5)",2,-0.855,2.03813,200,1,"-6:1;-5:4;-4:13;-3:26;-2:35;-1:52;1:42;2:17;3:9;4:1",2
5807,0,8,32,"Hit(CW,3,TOUCH)",3,-0.79,1.92247,200,1,"-6:1;-5:5;-4:11;-3:19;-2:23;-1:78;1:36;2:20;3:6;4:1",2
5807,0,8,33,"Hit(CCW,3,TOUCH)",3,-0.51,1.81381,200,1,"-6:1;-5:1;-4:6;-3:17;-2:30;-1:70;1:44;2:24;3:6;4:1",2
5807,0,8,34,"Hit(CW,3,WEAK)",3,-0.48,1.76907,200,1,"-4:11;-3:10;-2:25;-1:83;1:45;2:14;3:10;4:2",2.125
5807,0,8,35,"Hit(CCW,3,WEAK)",3,-0.73,1.56112,200,1,"-6:1;-5:2;-4:3;-3:14;-2:35;-1:83;1:49;2:11;3:2",2.195
5807,0,8,36,"Hit(CW,3,MIDDLE)",3,-0.51,1.70584,200,1,"-4:6;-3:9;-2:35;-1:87;1:34;2:19;3:7;4:2;5:1",2.785
5807,0,8,37,"Hit(CCW,3,MIDDLE)",3,-0.64,1.7608,200,1,"-5:1;-4:7;-3:21;-2:30;-1:73;1:42;2:20;3:5;4:1",2.015
5807,0,8,38,"Hit(CW,3,STRONG)",3,-0.51,1.62785,200,1,"-5:2;-3:11;-2:38;-1:84;1:40;2:15;3:9;4:1",2.845
5807,0,8,39,"Hit(CCW,3,STRONG)",3,-0.665,1.72417,200,1,"-5:2;-4:9;-3:13;-2:36;-1:70;1:52;2:14;3:2;4:2",1.995
5807,0,8,40,"Freeze(CW,3)",4,-0.61,1.84334,200,1,"-5:5;-4:8;-3:9;-2:33;-1:77;1:42;2:19;3:4;4:2;5:1",2
5807,0,8,41,"Freeze(CCW,3)",4,-0.67,1.95987,200,1,"-6:1;-5:9;-4:5;-3:13;-2:38;-1:57;1:54;2:14;3:9",2
5807,0,8,42,"Hit(CW,5,TOUCH)",3,-0.635,1.82257,200,1,"-5:3;-4:4;-3:24;-2:30;-1:69;1:46;2:15;3:7;4:2",2.185
5807,0,8,43,"Hit(CCW,5,TOUCH)",3,-0.835,1.71691,200,1,"-5:2;-4:7;-3:26;-2:30;-1:74;1:45;2:10;3:6",1.535
5807,0,8,44,"Hit(CW,5,WEAK)",3,-1.175,1.82329,200,1,"-6:2;-5:6;-4:10;-3:21;-2:44;-1:70;1:32;2:10;3:4;4:1",0.795
5807,0,8,45,"Hit(CCW,5,WEAK)",3,-1.08,2.04783,200,1,"-6:3;-5:7;-4:16;-3:21;-2:33;-1:59;1:37;2:20;3:4",1.12
5807,0,8,46,"Hit(CW,5,MIDDLE)",3,-1.34,1.872,200,1,"-5:7;-4:23;-3:27;-2:30;-1:63;1:38;2:11;3:1",0.97
5807,0,8,47,"Hit(CCW,5,MIDDLE)",3,-0.85,1.78816,200,1,"-5:3;-4:9;-3:21;-2:32;-1:77;1:42;2:9;3:4;4:2;5:1",1.825
5807,0,8,48,"Hit(CW,5,STRONG)",3,-1.215,1.88382,200,1,"-6:3;-5:9;-4:10;-3:26;-2:32;-1:63;0:1;1:49;2:5;3:2",1.12
5807,0,8,49,"Hit(CCW,5,STRONG)",3,-0.61,1.82425,200,1,"-4:9;-3:19;-2:28;-1:78;1:43;2:15;3:2;4:4;5:2",2.045
5807,0,8,50,"Freeze(CW,5)",4,-0.58,1.86912,200,1,"-6:1;-5:3;-4:10;-3:12;-2:28;-1:71;1:53;2:14;3:6;4:1;5:1",2.125
5807,0,8,51,"Freeze(CCW,5)",4,-0.705,1.99949,200,1,"-6:1;-5:3;-4:14;-3:17;-2:30;-1:65;1:41;2:18;3:9;4:2",1.785
5807,0,8,52,"Hit(CW,7,TOUCH)",3,-0.84,1.93505,200,1,"-5:3;-4:14;-3:23;-2:33;-1:61;1:44;2:13;3:7;4:2",1.85
5807,0,8,53,"Hit(CCW,7,TOUCH)",3,-0.96,1.92312,200,1,"-7:1;-6:2;-5:4;-4:10;-3:19;-2:38;-1:66;1:41;2:13;3:5;4:1",2
5807,0,8,54,"Hit(CW,7,WEAK)",3,-1.015,1.89071,200,1,"-6:1;-5:5;-4:10;-3:24;-2:38;-1:67;1:35;2:16;3:1;4:2;5:1",1.235
5807,0,8,55,"Hit(CCW,7,WEAK)",3,-1.155,1.91598,200,1,"-5:9;-4:13;-3:29;-2:31;-1:61;1:41;2:14;3:1;4:1",1.21
5807,0,8,56,"Hit(CW,7,MIDDLE)",3,-1.44,1.63291,200,1,"-5:5;-4:18;-3:27;-2:37;-1:79;1:27;2:5;3:2",1.03
5807,0,8,57,"Hit(CCW,7,MIDDLE)",3,-1.39,1.92299,200,1,"-6:1;-5:7;-4:19;-3:36;-2:31;-1:57;1:34;2:14;4:1",0.63
5807,0,8,58,"Hit(CW,7,STRONG)",3,-1.06,1.81835,200,1,"-6:1;-5:6;-4:14;-3:15;-2:35;-1:76;0:1;1:40;2:6;3:5;4:1",1.055
5807,0,8,59,"Hit(CCW,7,STRONG)",3,-1.25,1.95895,200,1,"-6:2;-5:7;-4:15;-3:35;-2:27;-1:57;1:44;2:11;3:1;4:1",0.745
5807,0,8,60,"Freeze(CW,7)",4,-0.51,1.8248,200,1,"-6:1;-5:4;-4:1;-3:21;-2:26;-1:70;1:48;2:24;3:3;4:2",2
5807,0,8,61,"Freeze(CCW,7)",4,-0.715,1.7787,200,1,"-5:2;-4:9;-3:20;-2:35;-1:64;1:46;2:21;3:3",2
5807,0,8,62,"PostGuard(CW,2,0)",7,-0.685,1.97883,200,1,"-6:1;-4:14;-3:20;-2:36;-1:58;1:39;2:23;3:7;4:1;5:1",2
5807,0,8,63,"PostGuard(CCW,2,0)",7,-0.86,1.85753,200,1,"-6:2;-5:3;-4:10;-3:22;-2:26;-1:75;1:42;2:15;3:4;4:1",2
5807,0,8,64,"PostGuard(CW,2,1)",7,-0.755,1.89076,200,1,"-6:1;-5:5;-4:9;-3:15;-2:31;-1:75;1:39;2:19;3:3;4:3",2
5807,0,8,65,"PostGuard(CCW,2,1)",7,-0.795,1.84472,200,1,"-5:6;-4:8;-3:21;-2:31;-1:65;1:49;2:17;3:2;4:1",2
5807,0,8,66,"PostGuard(CW,2,2)",7,-0.755,2.11068,200,1,"-6:1;-5:5;-4:16;-3:21;-2:30;-1:50;1:49;2:19;3:7;4:1;5:1",2
5807,0,8,67,"PostGuard(CCW,2,2)",7,-0.645,2.03199,200,1,"-7:1;-6:1;-5:5;-4:10;-3:18;-2:21;-1:70;1:44;2:21;3:7;4:2",2
5807,0,8,68,"PostGuard(CW,4,0)",7,-0.39,1.88359,200,1,"-5:2;-4:5;-3:17;-2:38;-1:52;1:52;2:27;3:4;4:2;5:1",2
5807,0,8,69,"PostGuard(CCW,4,0)",7,-0.53,1.7886,200,1,"-5:3;-4:4;-3:15;-2:29;-1:81;1:40;2:18;3:8;4:1;5:1",2
5807,0,8,70,"PostGuard(CW,4,1)",7,-0.25,2.0168,200,1,"-5:2;-4:8;-3:17;-2:29;-1:53;1:47;2:29;3:11;4:4",2
5807,0,8,71,"PostGuard(CCW,4,1)",7,-0.33,1.84421,200,1,"-6:1;-5:1;-4:6;-3:14;-2:26;-1:67;1:52;2:23;3:8;4:2",2
5807,0,8,72,"PostGuard(CW,4,2)",7,-0.585,1.95263,200,1,"-5:2;-4:10;-3:20;-2:33;-1:61;1:41;2:24;3:6;4:2;5:1",2
5807,0,8,73,"PostGuard(CCW,4,2)",7,-0.455,2.00199,200,1,"-6:1;-5:4;-4:7;-3:12;-2:35;-1:62;1:44;2:24;3:7;4:2;5:2",2
5807,0,8,74,"PostGuard(CW,6,0)",7,-0.49,1.9157,200,1,"-5:4;-4:5;-3:14;-2:35;-1:68;1:44;2:18;3:7;4:4;5:1",2
5807,0,8,75,"PostGuard(CCW,6,0)",7,-0.745,1.87616,200,1,"-5:3;-4:11;-3:18;-2:32;-1:71;1:43;2:15;3:3;4:3;5:1",2
5807,0,8,76,"PostGuard(CW,6,1)",7,-0.735,2.04811,200,1,"-6:1;-5:4;-4:14;-3:19;-2:28;-1:66;1:35;2:23;3:7;4:3",2
5807,0,8,77,"PostGuard(CCW,6,1)",7,-0.59,1.90313,200,1,"-6:1;-5:1;-4:10;-3:17;-2:26;-1:76;1:40;2:21;3:3;4:4;5:1",2
5807,0,8,78,"PostGuard(CW,6,2)",7,-0.405,2.01022,200,1,"-6:2;-5:5;-4:5;-3:9;-2:33;-1:64;1:50;2:20;3:5;4:7",2
5807,0,8,79,"PostGuard(CCW,6,2)",7,-0.555,2.11115,200,1,"-6:2;-5:3;-4:15;-3:16;-2:24;-1:59;1:46;2:23;3:9;4:3",2
5807,0,8,80,"Pass",0,-0.585,1.8146,200,1,"-5:1;-4:11;-3:19;-2:30;-1:60;1:52;2:24;3:3",2
5567,2,15,0,"Draw(CW,TEE)",1,1.6,0.9,200,1,"-1:19;1:23;2:158",1.6
5567,2,15,1,"Draw(CCW,TEE)",1,-0.76,0.649923,200,1,"-1:176;1:24",-0.76
5567,2,15,2,"Draw(CW,S0)",1,1.76,0.776144,200,1,"-1:14;1:6;2:180",1.76
5567,2,15,3,"Draw(CCW,S0)",1,0.1,0.994987,200,1,"-1:90;1:110",0.1
5567,2,15,4,"Draw(CW,S2)",1,1.29,0.771946,200,1,"-1:13;1:103;2:84",1.29
5567,2,15,5,"Draw(CCW,S2)",1,-0.755,0.689184,200,1,"-1:177;1:20;2:3",-0.755
5567,2,15,6,"Draw(CW,S4)",1,1.81,0.627615,200,1,"-1:8;1:14;2:178",1.81
5567,2,15,7,"Draw(CCW,S4)",1,-0.28,0.96,200,1,"-1:128;1:72",-0.28
5567,2,15,8,"Draw(CW,S6)",1,-1,0,200,1,"-1:200",-1
5567,2,15,9,"Draw(CCW,S6)",1,-1,0,200,1,"-1:200",-1
5567,2,15,10,"Draw(CW,L0)",1,1.005,1.37658,200,1,"-1:63;1:10;2:127",1.005
5567,2,15,11,"Draw(CCW,L0)",1,0.37,0.929032,200,1,"-1:63;1:137",0.37
5567,2,15,12,"Draw(CW,L1)",1,1.73,0.726017,200,1,"-1:11;1:21;2:168",1.73
5567,2,15,13,"Draw(CCW,L1)",1,-1,0,200,1,"-1:200",-1
5567,2,15,14,"Draw(CW,L2)",1,-1,0,200,1,"-1:200",-1
5567,2,15,15,"Draw(CCW,L2)",1,-1,0,200,1,"-1:200",-1
5567,2,15,16,"Draw(CW,L3)",1,-1,0,200,1,"-1:200",-1
5567,2,15,17,"Draw(CCW,L3)",1,-1,0,200,1,"-1:200",-1
5567,2,15,18,"Draw(CW,L4)",1,-1,0,200,1,"-1:200",-1
5567,2,15,19,"Draw(CCW,L4)",1,-1,0,200,1,"-1:200",-1
5567,2,15,20,"Draw(CW,L5)",1,-1,0,200,1,"-1:200",-1
5567,2,15,21,"Draw(CCW,L5)",1,-1,0,200,1,"-1:200",-1
5567,2,15,22,"Draw(CW,L6)",1,-1,0,200,1,"-1:200",-1
5567,2,15,23,"Draw(CCW,L6)",1,-1,0,200,1,"-1:200",-1
5567,2,15,24,"Draw(CW,L7)",1,-1,0,200,1,"-1:200",-1
5567,2,15,25,"Draw(CCW,L7)",1,-1,0,200,1,"-1:200",-1
5567,2,15,26,"PreGuard(CW,G3)",2,-1,0,200,1,"-1:200",-1
5567,2,15,27,"PreGuard(CCW,G3)",2,-1,0,200,1,"-1:200",-1
5567,2,15,28,"PreGuard(CW,G4)",2,-1,0,200,1,"-1:200",-1
5567,2,15,29,"PreGuard(CCW,G4)",2,-1,0,200,1,"-1:200",-1
5567,2,15,30,"PreGuard(CW,G5)",2,-1,0,200,1,"-1:200",-1
5567,2,15,31,"PreGuard(CCW,G5)",2,-1,0,200,1,"-1:200",-1
5567,2,15,32,"Hit(CW,2,TOUCH)",3,1.37,1.15892,200,1,"-1:37;1:15;2:148",1.37
5567,2,15,33,"Hit(CCW,2,TOUCH)",3,-0.005,1.00746,200,1,"-1:101;1:98;2:1",-0.005
5567,2,15,34,"Hit(CW,2,WEAK)",3,1.905,0.340551,200,1,"-1:1;1:16;2:183",1.905
5567,2,15,35,"Hit(CCW,2,WEAK)",3,0.33,1.02034,200,1,"-1:72;1:118;2:10",0.33
5567,2,15,36,"Hit(CW,2,MIDDLE)",3,0.565,1.16438,200,1,"-1:66;1:89;2:45",0.565
5567,2,15,37,"Hit(CCW,2,MIDDLE)",3,1.67,0.470213,200,1,"1:66;2:134",1.67
5567,2,15,38,"Hit(CW,2,STRONG)",3,0.62,1.11606,200,1,"-1:59;1:99;2:42",0.62
5567,2,15,39,"Hit(CCW,2,STRONG)",3,1.61,0.517591,200,1,"-1:1;1:75;2:124",1.61
5567,2,15,40,"Freeze(CW,2)",4,1.385,1.1076,200,1,"-1:33;1:24;2:143",1.385
5567,2,15,41,"Freeze(CCW,2)",4,-0.465,0.910371,200,1,"-1:148;1:49;2:3",-0.465
5567,2,15,42,"Hit(CW,4,TOUCH)",3,-1,0,200,1,"-1:200",-1
5567,2,15,43,"Hit(CCW,4,TOUCH)",3,1.755,0.758271,200,1,"-1:13;1:10;2:177",1.755
5567,2,15,44,"Hit(CW,4,WEAK)",3,-1.3,1.18743,200,1,"-4:1;-3:36;-2:39;-1:97;1:27",-1.3
5567,2,15,45,"Hit(CCW,4,WEAK)",3,0.21,1.31754,200,1,"-3:3;-2:6;-1:83;1:70;2:38",0.21
5567,2,15,46,"Hit(CW,4,MIDDLE)",3,1.2,1.45602,200,1,"-3:10;-2:3;-1:26;1:20;2:141",1.2
5567,2,15,47,"Hit(CCW,4,MIDDLE)",3,-2.155,0.938603,200,1,"-3:79;-2:88;-1:27;1:3;2:3",-2.155
5567,2,15,48,"Hit(CW,4,STRONG)",3,1.145,1.37622,200,1,"-3:6;-2:5;-1:29;1:34;2:126",1.145
5567,2,15,49,"Hit(CCW,4,STRONG)",3,-2.205,0.901651,200,1,"-3:82;-2:91;-1:21;1:4;2:2",-2.205
5567,2,15,50,"Freeze(CW,4)",4,-1,0,200,1,"-1:200",-1
5567,2,15,51,"Freeze(CCW,4)",4,1.255,1.24096,200,1,"-1:45;1:14;2:141",1.255
5567,2,15,52,"Hit(CW,6,TOUCH)",3,-0.99,0.141067,200,1,"-1:199;1:1",-0.99
5567,2,15,53,"Hit(CCW,6,TOUCH)",3,-0.03,1.19126,200,1,"-1:117;1:55;2:28",-0.03
5567,2,15,54,"Hit(CW,6,WEAK)",3,0.53,1.42797,200,1,"-1:89;1:33;2:72;3:6",0.53
5567,2,15,55,"Hit(CCW,6,WEAK)",3,1.305,1.28918,200,1,"-1:43;1:26;2:115;3:16",1.305
5567,2,15,56,"Hit(CW,6,MIDDLE)",3,1.035,0.322141,200,1,"-1:2;1:188;2:9;3:1",1.035
5567,2,15,57,"Hit(CCW,6,MIDDLE)",3,-0.12,1.35115,200,1,"-1:140;1:4;2:56",-0.12
5567,2,15,58,"Hit(CW,6,STRONG)",3,1.03,0.262869,200,1,"-1:1;1:192;2:6;3:1",1.03
5567,2,15,59,"Hit(CCW,6,STRONG)",3,-0.27,1.27165,200,1,"-1:150;1:4;2:46",-0.27
5567,2,15,60,"Freeze(CW,6)",4,-1,0,200,1,"-1:200",-1
5567,2,15,61,"Freeze(CCW,6)",4,-0.82,0.572364,200,1,"-1:182;1:18",-0.82
5567,2,15,62,"Hit(CW,8,TOUCH)",3,1.005,1.30957,200,1,"-1:57;1:28;2:115",1.005
5567,2,15,63,"Hit(CCW,8,TOUCH)",3,0.015,1.29413,200,1,"-1:121;1:34;2:45",0.015
5567,2,15,64,"Hit(CW,8,WEAK)",3,1.85,0.357071,200,1,"1:30;2:170",1.85
5567,2,15,65,"Hit(CCW,8,WEAK)",3,1.32,0.630555,200,1,"-1:6;1:118;2:76",1.32
5567,2,15,66,"Hit(CW,8,MIDDLE)",3,0.97,0.83012,200,1,"-1:24;1:134;2:42",0.97
5567,2,15,67,"Hit(CCW,8,MIDDLE)",3,1.89,0.433474,200,1,"-1:3;1:13;2:184",1.89
5567,2,15,68,"Hit(CW,8,STRONG)",3,1.09,0.76935,200,1,"-1:17;1:131;2:52",1.09
5567,2,15,69,"Hit(CCW,8,STRONG)",3,1.865,0.454725,200,1,"-1:3;1:18;2:179",1.865
5567,2,15,70,"Freeze(CW,8)",4,0.295,1.3069,200,1,"-1:97;1:50;2:53",0.295
5567,2,15,71,"Freeze(CCW,8)",4,-0.39,1.05731,200,1,"-1:148;1:34;2:18",-0.39
5567,2,15,72,"Hit(CW,10,TOUCH)",3,1.115,1.2049,200,1,"-1:45;1:42;2:113",1.115
5567,2,15,73,"Hit(CCW,10,TOUCH)",3,0.595,1.31946,200,1,"-1:77;1:50;2:73",0.595
5567,2,15,74,"Hit(CW,10,WEAK)",3,1.835,0.409603,200,1,"-1:1;1:30;2:169",1.835
5567,2,15,75,"Hit(CCW,10,WEAK)",3,1.6,0.547723,200,1,"-1:2;1:74;2:124",1.6
5567,2,15,76,"Hit(CW,10,MIDDLE)",3,1.14,0.735119,200,1,"-1:14;1:130;2:56",1.14
5567,2,15,77,"Hit(CCW,10,MIDDLE)",3,1.855,0.586494,200,1,"-3:1;-1:4;1:12;2:183",1.855
5567,2,15,78,"Hit(CW,10,STRONG)",3,1.18,0.753392,200,1,"-1:14;1:122;2:64",1.18
5567,2,15,79,"Hit(CCW,10,STRONG)",3,1.865,0.580323,200,1,"-3:1;-1:4;1:10;2:185",1.865
5567,2,15,80,"Freeze(CW,10)",4,-0.605,0.893854,200,1,"-1:166;1:23;2:11",-0.605
5567,2,15,81,"Freeze(CCW,10)",4,-0.66,0.827285,200,1,"-1:170;1:22;2:8",-0.66
5567,2,15,82,"Hit(CW,12,TOUCH)",3,-0.14,1.00519,200,1,"-1:115;1:83;2:2",-0.14
5567,2,15,83,"Hit(CCW,12,TOUCH)",3,1.06,1.08,200,1,"-1:37;1:77;2:86",1.06
5567,2,15,84,"Hit(CW,12,WEAK)",3,1.295,0.527233,200,1,"-1:2;1:136;2:61;3:1",1.295
5567,2,15,85,"Hit(CCW,12,WEAK)",3,1.115,0.334328,200,1,"1:178;2:21;3:1",1.115
5567,2,15,86,"Hit(CW,12,MIDDLE)",3,0.97,0.243105,200,1,"-1:3;1:197",0.97
5567,2,15,87,"Hit(CCW,12,MIDDLE)",3,1.14,0.741889,200,1,"-1:11;1:149;2:30;3:10",1.14
5567,2,15,88,"Hit(CW,12,STRONG)",3,0.98,0.198997,200,1,"-1:2;1:198",0.98
5567,2,15,89,"Hit(CCW,12,STRONG)",3,1.115,0.729229,200,1,"-1:13;1:142;2:41;3:4",1.115
5567,2,15,90,"Freeze(CW,12)",4,-0.97,0.243105,200,1,"-1:197;1:3",-0.97
5567,2,15,91,"Freeze(CCW,12)",4,-0.715,0.709771,200,1,"-1:172;1:27;2:1",-0.715
5567,2,15,92,"PostGuard(CW,3,0)",7,-1,0,200,1,"-1:200",-1
5567,2,15,93,"PostGuard(CCW,3,0)",7,-1,0,200,1,"-1:200",-1
5567,2,15,94,"PostGuard(CW,3,1)",7,-1,0,200,1,"-1:200",-1
5567,2,15,95,"PostGuard(CCW,3,1)",7,-1,0,200,1,"-1:200",-1
5567,2,15,96,"PostGuard(CW,3,2)",7,-1,0,200,1,"-1:200",-1
5567,2,15,97,"PostGuard(CCW,3,2)",7,-1,0,200,1,"-1:200",-1
5567,2,15,98,"PostGuard(CW,7,0)",7,-1,0,200,1,"-1:200",-1
5567,2,15,99,"PostGuard(CCW,7,0)",7,-1,0,200,1,"-1:200",-1
5567,2,15,100,"PostGuard(CW,7,1)",7,-1,0,200,1,"-1:200",-1
5567,2,15,101,"PostGuard(CCW,7,1)",7,-1,0,200,1,"-1:200",-1
5567,2,15,102,"PostGuard(CW,7,2)",7,-1,0,200,1,"-1:200",-1
5567,2,15,103,"PostGuard(CCW,7,2)",7,-1,0,200,1,"-1:200",-1
5567,2,15,104,"PostGuard(CW,9,0)",7,-1,0,200,1,"-1:200",-1
5567,2,15,105,"PostGuard(CCW,9,0)",7,-1,0,200,1,"-1:200",-1
5567,2,15,106,"PostGuard(CW,9,1)",7,-1,0,200,1,"-1:200",-1
5567,2,15,107,"PostGuard(CCW,9,1)",7,-1,0,200,1,"-1:200",-1
5567,2,15,108,"PostGuard(CW,9,2)",7,-1,0,200,1,"-1:200",-1
5567,2,15,109,"PostGuard(CCW,9,2)",7,-1,0,200,1,"-1:200",-1
5567,2,15,110,"PostGuard(CW,11,0)",7,-1,0,200,1,"-1:200",-1
5567,2,15,111,"PostGuard(CCW,11,0)",7,-1,0,200,1,"-1:200",-1
5567,2,15,112,"PostGuard(CW,11,1)",7,-1,0,200,1,"-1:200",-1
5567,2,15,113,"PostGuard(CCW,11,1)",7,-1,0,200,1,"-1:200",-1
5567,2,15,114,"PostGuard(CW,11,2)",7,-1,0,200,1,"-1:200",-1
5567,2,15,115,"PostGuard(CCW,11,2)",7,-1,0,200,1,"-1:200",-1
5567,2,15,116,"PostGuard(CW,13,0)",7,-1,0,200,1,"-1:200",-1
5567,2,15,117,"PostGuard(CCW,13,0)",7,-1,0,200,1,"-1:200",-1
5567,2,15,118,"PostGuard(CW,13,1)",7,-1,0,200,1,"-1:200",-1
5567,2,15,119,"PostGuard(CCW,13,1)",7,-1,0,200,1,"-1:200",-1
5567,2,15,120,"PostGuard(CW,13,2)",7,-1,0,200,1,"-1:200",-1
5567,2,15,121,"PostGuard(CCW,13,2)",7,-1,0,200,1,"-1:200",-1
5567,2,15,122,"PostGuard(CW,15,0)",7,-1,0,200,1,"-1:200",-1
5567,2,15,123,"PostGuard(CCW,15,0)",7,-1,0,200,1,"-1:200",-1
5567,2,15,124,"PostGuard(CW,15,1)",7,-1,0,200,1,"-1:200",-1
5567,2,15,125,"PostGuard(CCW,15,1)",7,-1,0,200,1,"-1:200",-1
5567,2,15,126,"PostGuard(CW,15,2)",7,-1,0,200,1,"-1:200",-1
5567,2,15,127,"PostGuard(CCW,15,2)",7,-1,0,200,1,"-1:200",-1
5567,2,15,128,"Pass",0,-1,0,200,1,"-1:200",-1
2507,3,11,0,"Draw(CW,TEE)",1,-0.125,2.1655,200,1,"-5:1;-4:1;-3:15;-2:34;-1:75;1:30;2:15;3:14;4:8;5:5;6:1;7:1",-1.445
2507,3,11,1,"Draw(CCW,TEE)",1,0.685,2.10137,200,1,"-3:5;-2:20;-1:62;1:52;2:17;3:18;4:17;5:8;6:1",-0.385
2507,3,11,2,"Draw(CW,S0)",1,0.455,2.26229,200,1,"-4:1;-3:3;-2:33;-1:67;1:35;2:24;3:14;4:10;5:8;6:3;7:2",-1.12
2507,3,11,3,"Draw(CCW,S0)",1,0.67,2.06182,200,1,"-3:2;-2:22;-1:65;1:45;2:27;3:20;4:8;5:8;6:3",-0.225
2507,3,11,4,"Draw(CW,S2)",1,0.505,1.92613,200,1,"-5:1;-3:5;-2:21;-1:60;1:52;2:28;3:20;4:10;5:3",-0.37
2507,3,11,5,"Draw(CCW,S2)",1,0.085,2.01687,200,1,"-5:1;-4:1;-3:6;-2:29;-1:79;1:36;2:17;3:20;4:5;5:5;6:1",-1
2507,3,11,6,"Draw(CW,S4)",1,0.47,2.39355,200,1,"-5:1;-3:8;-2:38;-1:55;1:34;2:19;3:16;4:14;5:12;6:3",-1.305
2507,3,11,7,"Draw(CCW,S4)",1,0.89,2.0995,200,1,"-3:5;-2:19;-1:51;1:48;2:32;3:23;4:14;5:5;6:2;8:1",-0.125
2507,3,11,8,"Draw(CW,S6)",1,0.125,2.18846,200,1,"-3:9;-2:47;-1:57;1:31;2:22;3:17;4:12;5:2;6:2;7:1",-1
2507,3,11,9,"Draw(CCW,S6)",1,0.28,2.36677,200,1,"-4:1;-3:8;-2:37;-1:71;1:23;2:20;3:13;4:11;5:13;6:3",-1.015
2507,3,11,10,"Draw(CW,L0)",1,0.77,2.28629,200,1,"-4:2;-3:4;-2:22;-1:62;1:35;2:24;3:23;4:17;5:8;6:2;8:1",-1.025
2507,3,11,11,"Draw(CCW,L0)",1,-0.03,1.9259,200,1,"-3:9;-2:37;-1:70;1:39;2:24;3:12;4:4;5:4;6:1",-0.92
2507,3,11,12,"Draw(CW,L1)",1,0.37,2.01323,200,1,"-4:1;-3:8;-2:27;-1:58;1:51;2:22;3:17;4:12;5:4",0.155
2507,3,11,13,"Draw(CCW,L1)",1,0.345,2.29477,200,1,"-4:1;-3:12;-2:30;-1:61;1:37;2:24;3:10;4:14;5:9;6:1;8:1",-1
2507,3,11,14,"Draw(CW,L2)",1,0.31,2.33322,200,1,"-4:1;-3:5;-2:40;-1:69;1:26;2:15;3:18;4:14;5:9;6:2;7:1",-1
2507,3,11,15,"Draw(CCW,L2)",1,0.285,2.07937,200,1,"-4:1;-3:8;-2:32;-1:62;1:40;2:21;3:19;4:13;5:4",-1
2507,3,11,16,"Draw(CW,L3)",1,0.325,2.31071,200,1,"-4:2;-3:7;-2:43;-1:53;1:35;2:18;3:16;4:19;5:6;8:1",-1
2507,3,11,17,"Draw(CCW,L3)",1,0.22,2.07403,200,1,"-3:7;-2:39;-1:63;1:32;2:21;3:22;4:14;5:2",-1
2507,3,11,18,"Draw(CW,L4)",1,0.265,2.06271,200,1,"-4:1;-3:6;-2:28;-1:74;1:35;2:21;3:18;4:12;5:4;6:1",-1
2507,3,11,19,"Draw(CCW,L4)",1,0.045,2.03051,200,1,"-5:1;-3:6;-2:37;-1:76;1:27;2:20;3:20;4:10;5:3",-1
2507,3,11,20,"Draw(CW,L5)",1,0.19,2.0332,200,1,"-4:1;-3:8;-2:32;-1:67;1:37;2:23;3:18;4:10;5:4",-1
2507,3,11,21,"Draw(CCW,L5)",1,0.18,2.16278,200,1,"-3:7;-2:38;-1:68;1:35;2:22;3:11;4:11;5:5;6:2;8:1",-1
2507,3,11,22,"Draw(CW,L6)",1,0.065,2.03489,200,1,"-5:1;-3:9;-2:39;-1:64;1:30;2:28;3:16;4:12;5:1",-1
2507,3,11,23,"Draw(CCW,L6)",1,0.15,2.16968,200,1,"-4:1;-3:12;-2:37;-1:60;1:36;2:17;3:22;4:7;5:8",-1
2507,3,11,24,"Draw(CW,L7)",1,0.495,2.1886,200,1,"-3:7;-2:28;-1:64;1:43;2:13;3:17;4:20;5:8",-1
2507,3,11,25,"Draw(CCW,L7)",1,0.33,2.09311,200,1,"-5:1;-3:4;-2:37;-1:60;1:36;2:28;3:17;4:12;5:4;6:1",-1.005
2507,3,11,26,"PreGuard(CW,G3)",2,0.05,1.97927,200,1,"-3:6;-2:37;-1:76;1:32;2:17;3:18;4:13;6:1",-1
2507,3,11,27,"PreGuard(CCW,G3)",2,0.185,2.08825,200,1,"-4:1;-3:5;-2:32;-1:78;1:30;2:17;3:21;4:11;5:4;7:1",-1
2507,3,11,28,"PreGuard(CW,G4)",2,0.075,2.14228,200,1,"-4:1;-3:7;-2:44;-1:66;1:30;2:17;3:15;4:15;5:5",-1
2507,3,11,29,"PreGuard(CCW,G4)",2,-0.335,1.80077,200,1,"-3:8;-2:49;-1:74;1:35;2:18;3:9;4:5;5:1;6:1",-1
2507,3,11,30,"PreGuard(CW,G5)",2,0.205,2.15011,200,1,"-3:9;-2:38;-1:64;1:31;2:21;3:20;4:13;5:1;6:3",-1
2507,3,11,31,"PreGuard(CCW,G5)",2,0.105,2.04548,200,1,"-3:9;-2:40;-1:65;1:28;2:22;3:24;4:11;5:1",-1
2507,3,11,32,"Hit(CW,2,MIDDLE)",3,0.175,1.92986,200,1,"-4:2;-3:4;-2:32;-1:68;1:43;2:22;3:18;4:9;5:2",-0.565
2507,3,11,33,"Hit(CCW,2,MIDDLE)",3,0.36,2.05922,200,1,"-3:5;-2:34;-1:65;1:31;2:26;3:20;4:18;5:1",-0.91
2507,3,11,34,"Hit(CW,2,STRONG)",3,0.185,1.95468,200,1,"-3:7;-2:33;-1:64;1:50;2:19;3:13;4:9;5:5",-0.695
2507,3,11,35,"Hit(CCW,2,STRONG)",3,0.415,2.19608,200,1,"-3:10;-2:32;-1:59;1:32;2:25;3:21;4:15;5:5;6:1",-0.91
2507,3,11,36,"Hit(CW,4,TOUCH)",3,0.025,2.18503,200,1,"-5:1;-3:9;-2:44;-1:65;1:32;2:18;3:12;4:10;5:8;6:1",-1.265
2507,3,11,37,"Hit(CCW,4,TOUCH)",3,0.575,2.1574,200,1,"-4:1;-3:3;-2:29;-1:61;1:42;2:20;3:23;4:11;5:8;6:2",-0.665
2507,3,11,38,"Hit(CW,4,WEAK)",3,0.25,2.16506,200,1,"-3:9;-2:35;-1:61;1:42;2:25;3:10;4:11;5:3;6:2;7:1;8:1",-0.99
2507,3,11,39,"Hit(CCW,4,WEAK)",3,1.79,2.34433,200,1,"-3:3;-2:10;-1:48;1:22;2:27;3:30;4:33;5:25;6:2",1.655
2507,3,11,40,"Hit(CW,4,MIDDLE)",3,1.96,2.20645,200,1,"-3:1;-2:9;-1:38;1:39;2:20;3:25;4:44;5:23;6:1",2.05
2507,3,11,41,"Hit(CCW,4,MIDDLE)",3,0.81,2.00097,200,1,"-3:4;-2:17;-1:58;1:48;2:27;3:27;4:14;5:3;6:2",0.36
2507,3,11,42,"Hit(CW,4,STRONG)",3,2.38,2.10133,200,1,"-3:1;-2:7;-1:27;1:31;2:21;3:37;4:44;5:32",2.185
2507,3,11,43,"Hit(CCW,4,STRONG)",3,0.85,1.86481,200,1,"-3:5;-2:17;-1:43;1:63;2:37;3:21;4:10;5:3;7:1",0.275
2507,3,11,44,"Freeze(CW,4)",4,-0.105,2.05036,200,1,"-4:1;-3:3;-2:47;-1:78;1:28;2:20;3:7;4:8;5:6;6:1;7:1",-1.255
2507,3,11,45,"Freeze(CCW,4)",4,0.43,2.1622,200,1,"-3:3;-2:35;-1:67;1:29;2:25;3:22;4:12;5:3;6:4",-0.735
2507,3,11,46,"Hit(CW,6,TOUCH)",3,0.28,2.31335,200,1,"-5:1;-4:3;-3:11;-2:33;-1:57;1:31;2:24;3:20;4:13;5:5;6:1;7:1",-1.325
2507,3,11,47,"Hit(CCW,6,TOUCH)",3,0.5,1.9799,200,1,"-4:1;-3:3;-2:23;-1:64;1:52;2:24;3:17;4:10;5:5;7:1",-0.32
2507,3,11,48,"Hit(CW,6,WEAK)",3,0.935,2.1356,200,1,"-3:4;-2:21;-1:49;1:50;2:30;3:20;4:13;5:11;6:1;7:1",-0.145
2507,3,11,49,"Hit(CCW,6,WEAK)",3,0.415,2.09351,200,1,"-5:1;-4:2;-3:8;-2:21;-1:58;1:57;2:23;3:14;4:9;5:4;6:2;7:1",0.64
2507,3,11,50,"Hit(CW,6,MIDDLE)",3,-0.075,1.83013,200,1,"-5:1;-4:2;-3:17;-2:28;-1:48;1:70;2:25;3:6;4:1;5:1;6:1",-0.755
2507,3,11,51,"Hit(CCW,6,MIDDLE)",3,1.5,2.21359,200,1,"-3:3;-2:12;-1:45;1:37;2:30;3:31;4:30;5:7;6:2;7:3",0.64
2507,3,11,52,"Hit(CW,6,STRONG)",3,0.035,1.83406,200,1,"-4:5;-3:8;-2:28;-1:56;1:68;2:19;3:8;4:7;5:1",-0.71
2507,3,11,53,"Hit(CCW,6,STRONG)",3,1.615,2.15796,200,1,"-3:2;-2:14;-1:37;1:40;2:30;3:34;4:26;5:15;6:1;7:1",0.7
2507,3,11,54,"Freeze(CW,6)",4,0.15,2.15116,200,1,"-4:2;-3:6;-2:37;-1:71;1:30;2:16;3:20;4:11;5:7",-1.315
2507,3,11,55,"Freeze(CCW,6)",4,0.935,2.12621,200,1,"-3:3;-2:13;-1:62;1:52;2:23;3:20;4:16;5:6;6:4;8:1",-0.89
2507,3,11,56,"Hit(CW,8,TOUCH)",3,-0.085,1.94365,200,1,"-4:1;-3:9;-2:38;-1:72;1:33;2:26;3:12;4:5;5:3;6:1",-1.455
2507,3,11,57,"Hit(CCW,8,TOUCH)",3,-0.12,2.02376,200,1,"-3:6;-2:40;-1:86;1:26;2:16;3:13;4:6;5:3;6:4",-1.01
2507,3,11,58,"Hit(CW,8,WEAK)",3,1.155,2.49819,200,1,"-4:1;-3:5;-2:19;-1:60;1:25;2:25;3:14;4:27;5:22;6:1;7:1",0.21
2507,3,11,59,"Hit(CCW,8,WEAK)",3,1.535,2.19972,200,1,"-4:1;-2:16;-1:41;1:42;2:23;3:30;4:29;5:18",0.86
2507,3,11,60,"Hit(CW,8,MIDDLE)",3,1.895,2.16194,200,1,"-3:1;-2:8;-1:40;1:34;2:30;3:29;4:35;5:21;6:2",1.755
2507,3,11,61,"Hit(CCW,8,MIDDLE)",3,0.81,2.04056,200,1,"-4:2;-3:1;-2:22;-1:50;1:55;2:29;3:23;4:6;5:11;6:1",0.14
2507,3,11,62,"Hit(CW,8,STRONG)",3,2.125,2.19758,200,1,"-3:3;-2:9;-1:31;1:29;2:24;3:37;4:41;5:25;6:1",1.805
2507,3,11,63,"Hit(CCW,8,STRONG)",3,0.92,2.13157,200,1,"-4:1;-3:3;-2:24;-1:43;1:56;2:30;3:13;4:19;5:10;7:1",0.22
2507,3,11,64,"Freeze(CW,8)",4,-0.23,1.9409,200,1,"-3:6;-2:54;-1:70;1:29;2:17;3:12;4:9;5:3",-1.005
2507,3,11,65,"Freeze(CCW,8)",4,0.01,1.97987,200,1,"-4:1;-3:5;-2:34;-1:82;1:30;2:24;3:10;4:8;5:5;6:1",-1
2507,3,11,66,"Hit(CW,10,TOUCH)",3,0.525,2.10461,200,1,"-3:2;-2:29;-1:68;1:37;2:23;3:21;4:10;5:9;6:1",-1
2507,3,11,67,"Hit(CCW,10,TOUCH)",3,0.51,1.89997,200,1,"-4:1;-3:4;-2:27;-1:50;1:58;2:35;3:10;4:11;5:4",-0.605
2507,3,11,68,"Hit(CW,10,WEAK)",3,0.87,2.17557,200,1,"-4:1;-3:10;-2:18;-1:40;1:55;2:38;3:18;4:9;5:5;6:4;7:2",1.89
2507,3,11,69,"Hit(CCW,10,WEAK)",3,0.825,2.07229,200,1,"-3:3;-2:24;-1:44;0:1;1:66;2:24;3:18;4:9;5:7;6:2;7:1;8:1",2.1
2507,3,11,70,"Hit(CW,10,MIDDLE)",3,0.75,2.00187,200,1,"-3:5;-2:12;-1:64;1:54;2:28;3:17;4:12;5:5;6:2;7:1",1.79
2507,3,11,71,"Hit(CCW,10,MIDDLE)",3,0.74,2.14532,200,1,"-4:1;-3:2;-2:28;-1:52;1:45;2:31;3:17;4:18;5:3;7:3",1.52
2507,3,11,72,"Hit(CW,10,STRONG)",3,0.845,1.84146,200,1,"-2:17;-1:51;1:67;2:33;3:20;4:5;5:2;6:4;7:1",1.705
2507,3,11,73,"Hit(CCW,10,STRONG)",3,0.655,1.91467,200,1,"-4:1;-3:5;-2:12;-1:64;1:56;2:24;3:23;4:11;5:3;6:1",1.5
2507,3,11,74,"Freeze(CW,10)",4,0.275,2.18618,200,1,"-5:1;-3:8;-2:42;-1:49;1:46;2:19;3:17;4:10;5:6;6:2",-1
2507,3,11,75,"Freeze(CCW,10)",4,0.485,2.0371,200,1,"-4:1;-3:4;-2:25;-1:70;1:29;2:24;3:33;4:13;5:1",-0.99
2507,3,11,76,"PostGuard(CW,1,0)",7,0.37,2.00577,200,1,"-3:3;-2:30;-1:69;1:39;2:27;3:17;4:9;5:4;6:2",-1
2507,3,11,77,"PostGuard(CCW,1,0)",7,0.215,2.14913,200,1,"-4:3;-3:11;-2:33;-1:55;1:43;2:19;3:21;4:12;5:2;7:1",-0.865
2507,3,11,78,"PostGuard(CW,1,1)",7,0.25,2.23551,200,1,"-3:7;-2:43;-1:63;1:26;2:18;3:21;4:18;5:3;8:1",-1
2507,3,11,79,"PostGuard(CCW,1,1)",7,0.66,2.37369,200,1,"-4:2;-3:4;-2:35;-1:57;1:26;2:19;3:23;4:26;5:7;7:1",-1
2507,3,11,80,"PostGuard(CW,1,2)",7,0.375,2.10104,200,1,"-4:1;-3:3;-2:28;-1:75;1:33;2:23;3:17;4:12;5:7;6:1",-1
2507,3,11,81,"PostGuard(CCW,1,2)",7,0.22,2.20943,200,1,"-4:1;-3:8;-2:41;-1:61;1:28;2:25;3:16;4:11;5:9",-1
2507,3,11,82,"PostGuard(CW,3,0)",7,0.25,2.22205,200,1,"-4:2;-3:8;-2:35;-1:65;1:33;2:19;3:13;4:19;5:5;6:1",-1
2507,3,11,83,"PostGuard(CCW,3,0)",7,0.555,2.12296,200,1,"-4:1;-3:6;-2:24;-1:62;1:41;2:25;3:21;4:13;5:5;6:2",-0.96
2507,3,11,84,"PostGuard(CW,3,1)",7,0.625,2.17586,200,1,"-3:7;-2:27;-1:60;1:26;2:36;3:22;4:15;5:6;6:1",-1
2507,3,11,85,"PostGuard(CCW,3,1)",7,0.52,2.20898,200,1,"-4:1;-3:4;-2:33;-1:62;1:27;2:26;3:29;4:12;5:4;6:1;8:1",-1
2507,3,11,86,"PostGuard(CW,3,2)",7,0.345,2.24855,200,1,"-3:8;-2:32;-1:73;1:24;2:17;3:21;4:16;5:9",-1
2507,3,11,87,"PostGuard(CCW,3,2)",7,0.55,2.18575,200,1,"-3:4;-2:26;-1:75;1:19;2:32;3:18;4:20;5:4;6:2",-1
2507,3,11,88,"PostGuard(CW,5,0)",7,0.165,2.02676,200,1,"-3:6;-2:34;-1:74;1:30;2:26;3:15;4:9;5:6",-1
2507,3,11,89,"PostGuard(CCW,5,0)",7,0.28,2.21396,200,1,"-4:1;-3:1;-2:39;-1:77;1:21;2:19;3:20;4:15;5:4;6:2;7:1",-1
2507,3,11,90,"PostGuard(CW,5,1)",7,-0.09,2.05473,200,1,"-3:7;-2:48;-1:71;1:29;2:17;3:10;4:13;5:5",-1
2507,3,11,91,"PostGuard(CCW,5,1)",7,0.23,2.19479,200,1,"-4:1;-3:3;-2:39;-1:75;1:25;2:17;3:14;4:20;5:5;6:1",-1
2507,3,11,92,"PostGuard(CW,5,2)",7,-0.15,2.06821,200,1,"-3:6;-2:47;-1:84;1:13;2:19;3:15;4:10;5:6",-1
2507,3,11,93,"PostGuard(CCW,5,2)",7,0.145,2.27464,200,1,"-3:8;-2:42;-1:74;1:17;2:16;3:22;4:10;5:10;6:1",-1
2507,3,11,94,"PostGuard(CW,7,0)",7,0.15,2.10891,200,1,"-4:1;-3:9;-2:40;-1:59;1:35;2:24;3:16;4:12;5:3;6:1",-1
2507,3,11,95,"PostGuard(CCW,7,0)",7,0.005,2.1691,200,1,"-5:1;-4:2;-3:10;-2:30;-1:80;1:32;2:14;3:5;4:21;5:5",-1
2507,3,11,96,"PostGuard(CW,7,1)",7,0.105,1.98846,200,1,"-4:2;-3:5;-2:38;-1:63;1:47;2:16;3:16;4:10;5:2;6:1",-1
2507,3,11,97,"PostGuard(CCW,7,1)",7,0.35,2.08746,200,1,"-3:7;-2:32;-1:63;1:35;2:31;3:15;4:11;5:4;6:2",-1
2507,3,11,98,"PostGuard(CW,7,2)",7,0.235,2.18856,200,1,"-5:1;-4:1;-3:6;-2:43;-1:55;1:34;2:25;3:17;4:10;5:8",-1
2507,3,11,99,"PostGuard(CCW,7,2)",7,0.1,2.20907,200,1,"-5:1;-4:1;-3:8;-2:39;-1:69;1:27;2:23;3:9;4:15;5:8",-1
2507,3,11,100,"PostGuard(CW,9,0)",7,-0.065,1.95212,200,1,"-4:2;-3:9;-2:35;-1:73;1:33;2:24;3:15;4:7;5:1;6:1",-1
2507,3,11,101,"PostGuard(CCW,9,0)",7,0.025,2.03577,200,1,"-4:3;-3:7;-2:36;-1:69;1:38;2:17;3:17;4:10;5:2;6:1",-1
2507,3,11,102,"PostGuard(CW,9,1)",7,-0.06,2.00659,200,1,"-5:1;-3:9;-2:44;-1:62;1:35;2:27;3:14;4:2;5:5;6:1",-1
2507,3,11,103,"PostGuard(CCW,9,1)",7,0.035,2.06247,200,1,"-4:1;-3:8;-2:40;-1:65;1:43;2:14;3:15;4:9;5:3;6:1;7:1",-1
2507,3,11,104,"PostGuard(CW,9,2)",7,-0.175,2.03823,200,1,"-3:10;-2:48;-1:70;1:28;2:19;3:12;4:7;5:5;6:1",-1
2507,3,11,105,"PostGuard(CCW,9,2)",7,-0.08,2.08413,200,1,"-5:1;-3:15;-2:42;-1:59;1:30;2:26;3:17;4:6;5:4",-1
2507,3,11,106,"Pass",0,0.295,2.05377,200,1,"-4:1;-3:8;-2:30;-1:63;1:39;2:25;3:20;4:10;5:3;6:1",-1
7006,3,15,0,"Draw(CW,TEE)",1,-1,0,200,1,"-1:200",-1
7006,3,15,1,"Draw(CCW,TEE)",1,-1,0,200,1,"-1:200",-1
7006,3,15,2,"Draw(CW,S0)",1,-1,0,200,1,"-1:200",-1
7006,3,15,3,"Draw(CCW,S0)",1,-1,0,200,1,"-1:200",-1
7006,3,15,4,"Draw(CW,S2)",1,-1,0,200,1,"-1:200",-1
7006,3,15,5,"Draw(CCW,S2)",1,-1,0,200,1,"-1:200",-1
7006,3,15,6,"Draw(CW,S4)",1,-1,0,200,1,"-1:200",-1
7006,3,15,7,"Draw(CCW,S4)",1,-1,0,200,1,"-1:200",-1
7006,3,15,8,"Draw(CW,S6)",1,-1,0,200,1,"-1:200",-1
7006,3,15,9,"Draw(CCW,S6)",1,-1,0,200,1,"-1:200",-1
7006,3,15,10,"Draw(CW,L0)",1,-1,0,200,1,"-1:200",-1
7006,3,15,11,"Draw(CCW,L0)",1,-1,0,200,1,"-1:200",-1
7006,3,15,12,"Draw(CW,L1)",1,-1,0,200,1,"-1:200",-1
7006,3,15,13,"Draw(CCW,L1)",1,-1,0,200,1,"-1:200",-1
7006,3,15,14,"Draw(CW,L2)",1,-1,0,200,1,"-1:200",-1
7006,3,15,15,"Draw(CCW,L2)",1,-1,0,200,1,"-1:200",-1
7006,3,15,16,"Draw(CW,L3)",1,-1,0,200,1,"-1:200",-1
7006,3,15,17,"Draw(CCW,L3)",1,-1,0,200,1,"-1:200",-1
7006,3,15,18,"Draw(CW,L4)",1,-1,0,200,1,"-1:200",-1
7006,3,15,19,"Draw(CCW,L4)",1,-1,0,200,1,"-1:200",-1
7006,3,15,20,"Draw(CW,L5)",1,-1,0,200,1,"-1:200",-1
7006,3,15,21,"Draw(CCW,L5)",1,-1,0,200,1,"-1:200",-1
7006,3,15,22,"Draw(CW,L6)",1,-1,0,200,1,"-1:200",-1
7006,3,15,23,"Draw(CCW,L6)",1,-1,0,200,1,"-1:200",-1
7006,3,15,24,"Draw(CW,L7)",1,-1,0,200,1,"-1:200",-1
7006,3,15,25,"Draw(CCW,L7)",1,-1,0,200,1,"-1:200",-1
7006,3,15,26,"PreGuard(CW,G3)",2,-1,0,200,1,"-1:200",-1
7006,3,15,27,"PreGuard(CCW,G3)",2,-1,0,200,1,"-1:200",-1
7006,3,15,28,"PreGuard(CW,G4)",2,-1,0,200,1,"-1:200",-1
7006,3,15,29,"PreGuard(CCW,G4)",2,-1,0,200,1,"-1:200",-1
7006,3,15,30,"PreGuard(CW,G5)",2,-1,0,200,1,"-1:200",-1
7006,3,15,31,"PreGuard(CCW,G5)",2,-1,0,200,1,"-1:200",-1
7006,3,15,32,"Hit(CW,2,TOUCH)",3,-1,0,200,1,"-1:200",-1
7006,3,15,33,"Hit(CCW,2,TOUCH)",3,-1,0,200,1,"-1:200",-1
7006,3,15,34,"Hit(CW,2,WEAK)",3,-1,0,200,1,"-1:200",-1
7006,3,15,35,"Hit(CCW,2,WEAK)",3,-1,0,200,1,"-1:200",-1
7006,3,15,36,"Hit(CW,2,MIDDLE)",3,-1,0,200,1,"-1:200",-1
7006,3,15,37,"Hit(CCW,2,MIDDLE)",3,-1,0,200,1,"-1:200",-1
7006,3,15,38,"Hit(CW,2,STRONG)",3,-1,0,200,1,"-1:200",-1
7006,3,15,39,"Hit(CCW,2,STRONG)",3,-1,0,200,1,"-1:200",-1
7006,3,15,40,"Freeze(CW,2)",4,-1,0,200,1,"-1:200",-1
7006,3,15,41,"Freeze(CCW,2)",4,-1,0,200,1,"-1:200",-1
7006,3,15,42,"Hit(CW,4,TOUCH)",3,-1,0,200,1,"-1:200",-1
7006,3,15,43,"Hit(CCW,4,TOUCH)",3,-1,0,200,1,"-1:200",-1
7006,3,15,44,"Hit(CW,4,WEAK)",3,-1,0,200,1,"-1:200",-1
7006,3,15,45,"Hit(CCW,4,WEAK)",3,-1,0,200,1,"-1:200",-1
7006,3,15,46,"Hit(CW,4,MIDDLE)",3,-1,0,200,1,"-1:200",-1
7006,3,15,47,"Hit(CCW,4,MIDDLE)",3,-0.91,0.540278,200,1,"-1:194;1:3;3:3",-0.91
7006,3,15,48,"Hit(CW,4,STRONG)",3,-1,0,200,1,"-1:200",-1
7006,3,15,49,"Hit(CCW,4,STRONG)",3,-0.93,0.463789,200,1,"-1:195;1:3;3:2",-0.93
7006,3,15,50,"Freeze(CW,4)",4,-1,0,200,1,"-1:200",-1
7006,3,15,51,"Freeze(CCW,4)",4,-1,0,200,1,"-1:200",-1
7006,3,15,52,"Hit(CW,6,TOUCH)",3,-1,0,200,1,"-1:200",-1
7006,3,15,53,"Hit(CCW,6,TOUCH)",3,-1,0,200,1,"-1:200",-1
7006,3,15,54,"Hit(CW,6,WEAK)",3,-1,0,200,1,"-1:200",-1
7006,3,15,55,"Hit(CCW,6,WEAK)",3,-1,0,200,1,"-1:200",-1
7006,3,15,56,"Hit(CW,6,MIDDLE)",3,-1,0,200,1,"-1:200",-1
7006,3,15,57,"Hit(CCW,6,MIDDLE)",3,-1,0,200,1,"-1:200",-1
7006,3,15,58,"Hit(CW,6,STRONG)",3,-1,0,200,1,"-1:200",-1
7006,3,15,59,"Hit(CCW,6,STRONG)",3,-1,0,200,1,"-1:200",-1
7006,3,15,60,"Freeze(CW,6)",4,-1,0,200,1,"-1:200",-1
7006,3,15,61,"Freeze(CCW,6)",4,-1,0,200,1,"-1:200",-1
7006,3,15,62,"Hit(CW,8,TOUCH)",3,-1,0,200,1,"-1:200",-1
7006,3,15,63,"Hit(CCW,8,TOUCH)",3,-1,0,200,1,"-1:200",-1
7006,3,15,64,"Hit(CW,8,WEAK)",3,-1,0,200,1,"-1:200",-1
7006,3,15,65,"Hit(CCW,8,WEAK)",3,-1,0,200,1,"-1:200",-1
7006,3,15,66,"Hit(CW,8,MIDDLE)",3,-1.005,0.0705337,200,1,"-2:1;-1:199",-1.005
7006,3,15,67,"Hit(CCW,8,MIDDLE)",3,-1,0,200,1,"-1:200",-1
7006,3,15,68,"Hit(CW,8,STRONG)",3,-1.01,0.0994987,200,1,"-2:2;-1:198",-1.01
7006,3,15,69,"Hit(CCW,8,STRONG)",3,-1,0,200,1,"-1:200",-1
7006,3,15,70,"Freeze(CW,8)",4,-1,0,200,1,"-1:200",-1
7006,3,15,71,"Freeze(CCW,8)",4,-1,0,200,1,"-1:200",-1
7006,3,15,72,"Hit(CW,10,TOUCH)",3,-1,0,200,1,"-1:200",-1
7006,3,15,73,"Hit(CCW,10,TOUCH)",3,-1,0,200,1,"-1:200",-1
7006,3,15,74,"Hit(CW,10,WEAK)",3,-1,0,200,1,"-1:200",-1
7006,3,15,75,"Hit(CCW,10,WEAK)",3,-1,0,200,1,"-1:200",-1
7006,3,15,76,"Hit(CW,10,MIDDLE)",3,-1,0,200,1,"-1:200",-1
7006,3,15,77,"Hit(CCW,10,MIDDLE)",3,-1.01,0.0994987,200,1,"-2:2;-1:198",-1.01
7006,3,15,78,"Hit(CW,10,STRONG)",3,-1,0,200,1,"-1:200",-1
7006,3,15,79,"Hit(CCW,10,STRONG)",3,-1.01,0.0994987,200,1,"-2:2;-1:198",-1.01
7006,3,15,80,"Freeze(CW,10)",4,-1,0,200,1,"-1:200",-1
7006,3,15,81,"Freeze(CCW,10)",4,-1,0,200,1,"-1:200",-1
7006,3,15,82,"Hit(CW,12,TOUCH)",3,-1,0,200,1,"-1:200",-1
7006,3,15,83,"Hit(CCW,12,TOUCH)",3,-1,0,200,1,"-1:200",-1
7006,3,15,84,"Hit(CW,12,WEAK)",3,-1,0,200,1,"-1:200",-1
7006,3,15,85,"Hit(CCW,12,WEAK)",3,-1,0,200,1,"-1:200",-1
7006,3,15,86,"Hit(CW,12,MIDDLE)",3,-1,0,200,1,"-1:200",-1
7006,3,15,87,"Hit(CCW,12,MIDDLE)",3,-1,0,200,1,"-1:200",-1
7006,3,15,88,"Hit(CW,12,STRONG)",3,-1,0,200,1,"-1:200",-1
7006,3,15,89,"Hit(CCW,12,STRONG)",3,-1,0,200,1,"-1:200",-1
7006,3,15,90,"Freeze(CW,12)",4,-1,0,200,1,"-1:200",-1
7006,3,15,91,"Freeze(CCW,12)",4,-1,0,200,1,"-1:200",-1
7006,3,15,92,"Hit(CW,14,TOUCH)",3,-1,0,200,1,"-1:200",-1
7006,3,15,93,"Hit(CCW,14,TOUCH)",3,-1,0,200,1,"-1:200",-1
7006,3,15,94,"Hit(CW,14,WEAK)",3,-1,0,200,1,"-1:200",-1
7006,3,15,95,"Hit(CCW,14,WEAK)",3,-1,0,200,1,"-1:200",-1
7006,3,15,96,"Hit(CW,14,MIDDLE)",3,-1.015,0.121552,200,1,"-2:3;-1:197",-1.015
7006,3,15,97,"Hit(CCW,14,MIDDLE)",3,-1,0,200,1,"-1:200",-1
7006,3,15,98,"Hit(CW,14,STRONG)",3,-1.02,0.14,200,1,"-2:4;-1:196",-1.02
7006,3,15,99,"Hit(CCW,14,STRONG)",3,-1,0,200,1,"-1:200",-1
7006,3,15,100,"Freeze(CW,14)",4,-1,0,200,1,"-1:200",-1
7006,3,15,101,"Freeze(CCW,14)",4,-1,0,200,1,"-1:200",-1
7006,3,15,102,"PostGuard(CW,1,0)",7,-1,0,200,1,"-1:200",-1
7006,3,15,103,"PostGuard(CCW,1,0)",7,-1,0,200,1,"-1:200",-1
7006,3,15,104,"PostGuard(CW,1,1)",7,-1,0,200,1,"-1:200",-1
7006,3,15,105,"PostGuard(CCW,1,1)",7,-1,0,200,1,"-1:200",-1
7006,3,15,106,"PostGuard(CW,1,2)",7,-1,0,200,1,"-1:200",-1
7006,3,15,107,"PostGuard(CCW,1,2)",7,-1,0,200,1,"-1:200",-1
7006,3,15,108,"PostGuard(CW,3,0)",7,-1,0,200,1,"-1:200",-1
7006,3,15,109,"PostGuard(CCW,3,0)",7,-1,0,200,1,"-1:200",-1
7006,3,15,110,"PostGuard(CW,3,1)",7,-1,0,200,1,"-1:200",-1
7006,3,15,111,"PostGuard(CCW,3,1)",7,-1,0,200,1,"-1:200",-1
7006,3,15,112,"PostGuard(CW,3,2)",7,-1,0,200,1,"-1:200",-1
7006,3,15,113,"PostGuard(CCW,3,2)",7,-1,0,200,1,"-1:200",-1
7006,3,15,114,"PostGuard(CW,5,0)",7,-1,0,200,1,"-1:200",-1
7006,3,15,115,"PostGuard(CCW,5,0)",7,-1,0,200,1,"-1:200",-1
7006,3,15,116,"PostGuard(CW,5,1)",7,-1,0,200,1,"-1:200",-1
7006,3,15,117,"PostGuard(CCW,5,1)",7,-1,0,200,1,"-1:200",-1
7006,3,15,118,"PostGuard(CW,5,2)",7,-1,0,200,1,"-1:200",-1
7006,3,15,119,"PostGuard(CCW,5,2)",7,-1,0,200,1,"-1:200",-1
7006,3,15,120,"PostGuard(CW,7,0)",7,-1,0,200,1,"-1:200",-1
7006,3,15,121,"PostGuard(CCW,7,0)",7,-1,0,200,1,"-1:200",-1
7006,3,15,122,"PostGuard(CW,7,1)",7,-1,0,200,1,"-1:200",-1
7006,3,15,123,"PostGuard(CCW,7,1)",7,-1,0,200,1,"-1:200",-1
7006,3,15,124,"PostGuard(CW,7,2)",7,-1,0,200,1,"-1:200",-1
7006,3,15,125,"PostGuard(CCW,7,2)",7,-1,0,200,1,"-1:200",-1
7006,3,15,126,"PostGuard(CW,9,0)",7,-1,0,200,1,"-1:200",-1
7006,3,15,127,"PostGuard(CCW,9,0)",7,-1,0,200,1,"-1:200",-1
7006,3,15,128,"PostGuard(CW,9,1)",7,-1,0,200,1,"-1:200",-1
7006,3,15,129,"PostGuard(CCW,9,1)",7,-1,0,200,1,"-1:200",-1
7006,3,15,130,"PostGuard(CW,9,2)",7,-1,0,200,1,"-1:200",-1
7006,3,15,131,"PostGuard(CCW,9,2)",7,-1,0,200,1,"-1:200",-1
7006,3,15,132,"PostGuard(CW,11,0)",7,-1,0,200,1,"-1:200",-1
7006,3,15,133,"PostGuard(CCW,11,0)",7,-1,0,200,1,"-1:200",-1
7006,3,15,134,"PostGuard(CW,11,1)",7,-1,0,200,1,"-1:200",-1
7006,3,15,135,"PostGuard(CCW,11,1)",7,-1,0,200,1,"-1:200",-1
7006,3,15,136,"PostGuard(CW,11,2)",7,-1,0,200,1,"-1:200",-1
7006,3,15,137,"PostGuard(CCW,11,2)",7,-1,0,200,1,"-1:200",-1
7006,3,15,138,"PostGuard(CW,13,0)",7,-1,0,200,1,"-1:200",-1
7006,3,15,139,"PostGuard(CCW,13,0)",7,-1,0,200,1,"-1:200",-1
7006,3,15,140,"PostGuard(CW,13,1)",7,-1,0,200,1,"-1:200",-1
7006,3,15,141,"PostGuard(CCW,13,1)",7,-1,0,200,1,"-1:200",-1
7006,3,15,142,"PostGuard(CW,13,2)",7,-1,0,200,1,"-1:200",-1
7006,3,15,143,"PostGuard(CCW,13,2)",7,-1,0,200,1,"-1:200",-1
7006,3,15,144,"Pass",0,-1,0,200,1,"-1:200",-1
1984,6,4,0,"Draw(CW,TEE)",1,-0.885,1.67683,200,1,"-6:2;-5:1;-4:7;-3:17;-2:43;-1:70;0:1;1:47;2:8;3:4",1.895
1984,6,4,1,"Draw(CCW,TEE)",1,-1.015,1.92478,200,1,"-7:1;-6:1;-5:4;-4:11;-3:26;-2:31;-1:70;1:36;2:13;3:6;4:1",0.77
1984,6,4,2,"Draw(CW,S0)",1,-1.16,1.78168,200,1,"-5:6;-4:15;-3:18;-2:45;-1:65;1:39;2:8;3:4",1.71
1984,6,4,3,"Draw(CCW,S0)",1,-0.74,2.07181,200,1,"-7:1;-6:3;-5:6;-4:9;-3:15;-2:29;-1:62;0:2;1:48;2:17;3:7;5:1",0.835
1984,6,4,4,"Draw(CW,S2)",1,-1.015,1.94288,200,1,"-6:2;-5:6;-4:11;-3:23;-2:33;-1:65;1:46;2:9;3:3;5:2",1
1984,6,4,5,"Draw(CCW,S2)",1,-0.91,1.93698,200,1,"-5:4;-4:12;-3:28;-2:26;-1:72;1:31;2:21;3:5;6:1",1
1984,6,4,6,"Draw(CW,S4)",1,-0.81,1.92195,200,1,"-5:7;-4:11;-3:16;-2:35;-1:62;1:50;2:11;3:7;4:1",1.875
1984,6,4,7,"Draw(CCW,S4)",1,-0.88,1.83183,200,1,"-5:3;-4:11;-3:26;-2:32;-1:63;1:48;2:13;3:2;4:2",0.84
1984,6,4,8,"Draw(CW,S6)",1,-1.13,1.90869,200,1,"-7:3;-5:7;-4:8;-3:22;-2:37;-1:71;1:32;2:19;3:1",1
1984,6,4,9,"Draw(CCW,S6)",1,-1.01,1.95701,200,1,"-6:1;-5:6;-4:18;-3:20;-2:24;-1:71;1:41;2:14;3:4;4:1",1
1984,6,4,10,"Draw(CW,L0)",1,-1.285,1.93747,200,1,"-7:1;-6:5;-5:3;-4:13;-3:28;-2:32;-1:71;1:34;2:8;3:4;4:1",0.85
1984,6,4,11,"Draw(CCW,L0)",1,-0.64,1.97494,200,1,"-6:1;-5:4;-4:7;-3:20;-2:32;-1:63;1:50;2:13;3:4;4:5;5:1",0.275
1984,6,4,12,"Draw(CW,L1)",1,-1.115,1.8713,200,1,"-7:1;-5:4;-4:20;-3:19;-2:32;-1:68;0:1;1:39;2:14;3:2",1
1984,6,4,13,"Draw(CCW,L1)",1,-1.39,1.94111,200,1,"-6:5;-5:6;-4:18;-3:28;-2:30;-1:63;1:41;2:7;3:2",1
1984,6,4,14,"Draw(CW,L2)",1,-1.295,2.03911,200,1,"-6:3;-5:9;-4:18;-3:26;-2:29;-1:61;1:42;2:9;4:2;5:1",1
1984,6,4,15,"Draw(CCW,L2)",1,-1.135,1.77109,200,1,"-6:1;-5:6;-4:12;-3:23;-2:33;-1:73;1:41;2:9;3:2",1
1984,6,4,16,"Draw(CW,L3)",1,-0.99,1.8547,200,1,"-5:7;-4:14;-3:15;-2:36;-1:69;1:45;2:10;3:3;5:1",1
1984,6,4,17,"Draw(CCW,L3)",1,-1.23,1.78525,200,1,"-6:1;-5:5;-4:13;-3:30;-2:35;-1:66;1:40;2:7;3:3",1
1984,6,4,18,"Draw(CW,L4)",1,-0.815,1.89493,200,1,"-5:5;-4:10;-3:23;-2:31;-1:63;1:47;2:16;3:4;5:1",1
1984,6,4,19,"Draw(CCW,L4)",1,-0.93,1.95323,200,1,"-6:1;-5:6;-4:8;-3:25;-2:36;-1:62;0:1;1:43;2:11;3:4;4:2;6:1",1
1984,6,4,20,"Draw(CW,L5)",1,-1.135,1.79632,200,1,"-6:2;-5:3;-4:11;-3:31;-2:32;-1:67;1:44;2:7;3:2;4:1",1
1984,6,4,21,"Draw(CCW,L5)",1,-1.18,1.70223,200,1,"-5:10;-4:10;-3:17;-2:30;-1:89;1:37;2:6;5:1",1
1984,6,4,22,"Draw(CW,L6)",1,-1.285,1.91149,200,1,"-7:1;-6:1;-5:11;-4:12;-3:27;-2:27;-1:69;1:43;2:7;3:2",1
1984,6,4,23,"Draw(CCW,L6)",1,-1.24,1.78953,200,1,"-6:1;-5:6;-4:15;-3:19;-2:42;-1:73;1:31;2:9;3:3;4:1",1
1984,6,4,24,"Draw(CW,L7)",1,-1.215,1.83814,200,1,"-6:1;-5:4;-4:17;-3:30;-2:29;-1:68;0:1;1:37;2:9;3:4",1
1984,6,4,25,"Draw(CCW,L7)",1,-1.16,1.91687,200,1,"-8:1;-6:2;-5:4;-4:14;-3:24;-2:35;-1:66;1:42;2:7;3:4;4:1",1
1984,6,4,26,"PreGuard(CW,G3)",2,-1.22,1.85515,200,1,"-6:1;-5:7;-4:15;-3:20;-2:48;-1:56;1:40;2:10;3:3",1
1984,6,4,27,"PreGuard(CCW,G3)",2,-1.33,1.98522,200,1,"-6:2;-5:9;-4:18;-3:26;-2:39;-1:52;0:1;1:39;2:10;3:4",1
1984,6,4,28,"PreGuard(CW,G4)",2,-0.925,2.00733,200,1,"-5:7;-4:13;-3:23;-2:40;-1:49;1:43;2:18;3:7",1
1984,6,4,29,"PreGuard(CCW,G4)",2,-1.03,2.03693,200,1,"-7:1;-6:4;-5:4;-4:13;-3:17;-2:40;-1:61;1:39;2:15;3:4;4:2",1
1984,6,4,30,"PreGuard(CW,G5)",2,-1.09,1.99296,200,1,"-5:11;-4:10;-3:27;-2:37;-1:55;1:38;2:17;3:5",1
1984,6,4,31,"PreGuard(CCW,G5)",2,-1.09,1.95752,200,1,"-6:3;-5:7;-4:10;-3:27;-2:30;-1:64;1:43;2:12;3:3;4:1",1
1984,6,4,32,"Hit(CW,1,TOUCH)",3,-1.39,1.98189,200,1,"-7:1;-6:4;-5:9;-4:13;-3:29;-2:26;-1:73;1:33;2:8;3:3;4:1",1.865
1984,6,4,33,"Hit(CCW,1,TOUCH)",3,-0.96,1.93608,200,1,"-7:1;-6:1;-5:3;-4:11;-3:27;-2:38;-1:52;1:52;2:10;3:3;4:2",0.74
1984,6,4,34,"Hit(CW,1,WEAK)",3,-1.16,1.70423,200,1,"-6:1;-5:4;-4:11;-3:23;-2:40;-1:74;1:37;2:6;3:4",0.865
1984,6,4,35,"Hit(CCW,1,WEAK)",3,-1.05,1.64241,200,1,"-5:5;-4:11;-3:16;-2:31;-1:92;1:32;2:10;3:3",0.13
1984,6,4,36,"Hit(CW,1,MIDDLE)",3,-0.885,1.67086,200,1,"-5:3;-4:6;-3:23;-2:35;-1:75;0:1;1:42;2:11;3:4",0.355
1984,6,4,37,"Hit(CCW,1,MIDDLE)",3,-1.255,1.86279,200,1,"-7:2;-6:2;-5:6;-4:12;-3:16;-2:38;-1:84;1:26;2:7;3:7",0.71
1984,6,4,38,"Hit(CW,1,STRONG)",3,-0.765,1.63394,200,1,"-5:2;-4:9;-3:14;-2:29;-1:86;0:1;1:44;2:10;3:5",0.405
1984,6,4,39,"Hit(CCW,1,STRONG)",3,-1.125,1.85456,200,1,"-6:2;-5:6;-4:10;-3:28;-2:30;-1:70;1:42;2:8;3:3;4:1",0.705
1984,6,4,40,"Freeze(CW,1)",4,-1.035,1.80936,200,1,"-6:1;-5:5;-4:9;-3:20;-2:41;-1:74;1:32;2:11;3:6;4:1",1.895
1984,6,4,41,"Freeze(CCW,1)",4,-0.955,1.90078,200,1,"-6:2;-5:5;-4:12;-3:14;-2:36;-1:77;1:32;2:15;3:5;4:2",0.025
1984,6,4,42,"Hit(CW,3,TOUCH)",3,-1.04,1.93091,200,1,"-6:2;-5:8;-4:9;-3:21;-2:31;-1:76;1:35;2:8;3:10",-0.18
1984,6,4,43,"Hit(CCW,3,TOUCH)",3,-1.085,1.89678,200,1,"-6:1;-5:6;-4:18;-3:15;-2:32;-1:76;1:35;2:12;3:3;4:2",-0.84
1984,6,4,44,"Hit(CW,3,WEAK)",3,-0.685,2.00643,200,1,"-6:1;-5:2;-4:12;-3:18;-2:29;-1:73;0:1;1:36;2:15;3:9;4:2;5:1;6:1",1.095
1984,6,4,45,"Hit(CCW,3,WEAK)",3,-0.665,1.75008,200,1,"-5:4;-4:5;-3:17;-2:30;-1:78;1:43;2:16;3:7",0.925
1984,6,4,46,"Hit(CW,3,MIDDLE)",3,-1.005,1.79304,200,1,"-5:4;-4:12;-3:26;-2:28;-1:75;0:1;1:38;2:10;3:6",0.8
1984,6,4,47,"Hit(CCW,3,MIDDLE)",3,-0.94,1.72232,200,1,"-6:1;-5:2;-4:7;-3:27;-2:31;-1:77;1:39;2:11;3:5",0.165
1984,6,4,48,"Hit(CW,3,STRONG)",3,-0.87,1.84746,200,1,"-6:1;-5:4;-4:10;-3:22;-2:28;-1:74;1:40;2:15;3:6",0.655
1984,6,4,49,"Hit(CCW,3,STRONG)",3,-0.755,1.71609,200,1,"-5:1;-4:9;-3:18;-2:31;-1:81;1:42;2:12;3:4;4:1;5:1",0.34
1984,6,4,50,"Freeze(CW,3)",4,-1.055,1.91624,200,1,"-7:1;-6:1;-5:5;-4:11;-3:22;-2:35;-1:73;1:34;2:10;3:6;4:2",0.49
1984,6,4,51,"Freeze(CCW,3)",4,-0.96,1.8189,200,1,"-5:3;-4:11;-3:27;-2:31;-1:72;1:38;2:13;3:2;4:3",0.31
1984,6,4,52,"PostGuard(CW,2,0)",7,-1.015,1.8721,200,1,"-7:1;-5:6;-4:12;-3:16;-2:44;-1:63;1:38;2:17;3:3",1
1984,6,4,53,"PostGuard(CCW,2,0)",7,-1.185,1.87904,200,1,"-5:6;-4:15;-3:32;-2:32;-1:60;1:42;2:9;3:3;4:1",1
1984,6,4,54,"PostGuard(CW,2,1)",7,-1.015,2.02602,200,1,"-6:1;-5:6;-4:16;-3:30;-2:21;-1:63;1:41;2:17;3:3;4:2",1
1984,6,4,55,"PostGuard(CCW,2,1)",7,-0.78,1.84976,200,1,"-5:5;-4:10;-3:17;-2:31;-1:71;1:47;2:15;3:1;4:2;5:1",1
1984,6,4,56,"PostGuard(CW,2,2)",7,-0.99,1.8547,200,1,"-7:1;-6:1;-5:4;-4:10;-3:22;-2:34;-1:71;1:38;2:15;3:4",1
1984,6,4,57,"PostGuard(CCW,2,2)",7,-0.835,2.04885,200,1,"-5:6;-4:12;-3:25;-2:29;-1:62;1:43;2:12;3:6;4:4;5:1",1
1984,6,4,58,"Pass",0,-1.13,1.82841,200,1,"-5:7;-4:16;-3:21;-2:32;-1:70;1:40;2:12;3:2",1
1845,7,14,0,"Draw(CW,TEE)",1,0.185,1.48013,200,1,"-2:31;-1:59;1:66;2:40;3:4",3
1845,7,14,1,"Draw(CCW,TEE)",1,0.255,1.58113,200,1,"-2:40;-1:43;1:71;2:35;3:11",3
1845,7,14,2,"Draw(CW,S0)",1,0.035,1.2664,200,1,"-2:10;-1:96;1:67;2:25;3:2",2.995
1845,7,14,3,"Draw(CCW,S0)",1,-0.06,1.31393,200,1,"-2:18;-1:94;1:59;2:28;3:1",2.98
1845,7,14,4,"Draw(CW,S2)",1,-0.07,1.15978,200,1,"-2:8;-1:101;1:84;2:2;3:5",3
1845,7,14,5,"Draw(CCW,S2)",1,-0.045,1.21777,200,1,"-2:5;-1:108;1:73;2:6;3:8",3
1845,7,14,6,"Draw(CW,S4)",1,0.07,1.33608,200,1,"-2:20;-1:79;1:70;2:30;3:1",2.995
1845,7,14,7,"Draw(CCW,S4)",1,0.045,1.43282,200,1,"-2:33;-1:64;1:69;2:32;3:2",3
1845,7,14,8,"Draw(CW,S6)",1,-0.225,1.10199,200,1,"-2:13;-1:105;1:79;2:2;3:1",2.895
1845,7,14,9,"Draw(CCW,S6)",1,-0.835,1.13039,200,1,"-2:64;-1:88;1:47;2:1",1.4
1845,7,14,10,"Draw(CW,L0)",1,-0.585,0.950145,200,1,"-2:8;-1:150;1:37;2:3;3:2",2.88
1845,7,14,11,"Draw(CCW,L0)",1,-0.74,0.849941,200,1,"-2:16;-1:151;1:31;2:2",2.71
1845,7,14,12,"Draw(CW,L1)",1,-0.66,0.992169,200,1,"-2:25;-1:130;1:42;2:3",2.13
1845,7,14,13,"Draw(CCW,L1)",1,-0.6,1.04403,200,1,"-2:27;-1:121;1:49;2:3",2.09
1845,7,14,14,"Draw(CW,L2)",1,-0.915,1.00885,200,1,"-2:55;-1:110;1:33;2:2",2
1845,7,14,15,"Draw(CCW,L2)",1,-0.81,1.06014,200,1,"-2:51;-1:105;1:43;2:1",2
1845,7,14,16,"Draw(CW,L3)",1,-0.625,1.07906,200,1,"-2:33;-1:115;1:48;2:4",2.1
1845,7,14,17,"Draw(CCW,L3)",1,-0.59,1.07791,200,1,"-2:33;-1:110;1:56;2:1",2.105
1845,7,14,18,"Draw(CW,L4)",1,0.79,1.39853,200,1,"-2:3;-1:64;1:49;2:73;3:11",2.025
1845,7,14,19,"Draw(CCW,L4)",1,0.695,1.42547,200,1,"-2:8;-1:62;1:52;2:69;3:9",2.035
1845,7,14,20,"Draw(CW,L5)",1,-0.64,1.049,200,1,"-2:31;-1:119;1:47;2:3",2.095
1845,7,14,21,"Draw(CCW,L5)",1,-0.79,1.04685,200,1,"-2:44;-1:115;1:37;2:4",2.095
1845,7,14,22,"Draw(CW,L6)",1,-0.895,0.996983,200,1,"-2:51;-1:114;1:33;2:2",2.005
1845,7,14,23,"Draw(CCW,L6)",1,-0.85,1.05712,200,1,"-2:54;-1:105;1:39;2:2",2
1845,7,14,24,"Draw(CW,L7)",1,-0.595,1.09589,200,1,"-2:33;-1:112;1:51;2:4",2.1
1845,7,14,25,"Draw(CCW,L7)",1,-0.525,1.24474,200,1,"-2:48;-1:84;1:61;2:7",1.665
1845,7,14,26,"PreGuard(CW,G3)",2,-0.875,1.04373,200,1,"-2:51;-1:114;1:29;2:6",2
1845,7,14,27,"PreGuard(CCW,G3)",2,-0.75,1.1034,200,1,"-2:47;-1:107;1:41;2:5",2
1845,7,14,28,"PreGuard(CW,G4)",2,0.345,1.27514,200,1,"-1:90;1:62;2:47;3:1",2
1845,7,14,29,"PreGuard(CCW,G4)",2,0.375,1.26269,200,1,"-1:87;1:64;2:49",2
1845,7,14,30,"PreGuard(CW,G5)",2,-0.82,1.05243,200,1,"-2:43;-1:122;1:26;2:9",2
1845,7,14,31,"PreGuard(CCW,G5)",2,-0.82,1.06658,200,1,"-2:52;-1:105;1:41;2:2",2
1845,7,14,32,"Hit(CW,13,TOUCH)",3,-0.975,1.06037,200,1,"-2:68;-1:97;1:33;2:1;3:1",1.66
1845,7,14,33,"Hit(CCW,13,TOUCH)",3,-0.83,1.0301,200,1,"-2:48;-1:112;1:38;2:2",2
1845,7,14,34,"Hit(CW,13,WEAK)",3,-0.085,1.12151,200,1,"-2:4;-1:109;1:75;2:11;3:1",2.67
1845,7,14,35,"Hit(CCW,13,WEAK)",3,0.1,1.18743,200,1,"-2:2;-1:99;1:78;2:18;3:3",2.865
1845,7,14,36,"Hit(CW,13,MIDDLE)",3,-0.12,1.12942,200,1,"-2:1;-1:118;0:2;1:65;2:11;3:3",2.205
1845,7,14,37,"Hit(CCW,13,MIDDLE)",3,-0.65,0.998749,200,1,"-2:26;-1:126;0:3;1:42;2:3",1.22
1845,7,14,38,"Hit(CW,13,STRONG)",3,0.055,1.14977,200,1,"-2:2;-1:99;0:4;1:79;2:13;3:3",2.3
1845,7,14,39,"Hit(CCW,13,STRONG)",3,-0.64,1.0346,200,1,"-2:32;-1:115;0:3;1:49;2:1",1.135
1845,7,14,40,"Freeze(CW,13)",4,-0.98,0.95373,200,1,"-2:57;-1:113;1:29;2:1",1.995
1845,7,14,41,"Freeze(CCW,13)",4,-0.76,1.12801,200,1,"-2:51;-1:102;1:43;2:3;3:1",2
1845,7,14,42,"PostGuard(CW,10,0)",7,0.315,1.45457,200,1,"-2:32;-1:44;1:80;2:41;3:3",3
1845,7,14,43,"PostGuard(CCW,10,0)",7,0.41,1.5754,200,1,"-2:39;-1:34;1:66;2:55;3:6",3
1845,7,14,44,"PostGuard(CW,10,1)",7,0.84,1.61691,200,1,"-2:24;-1:38;1:44;2:72;3:22",2.64
1845,7,14,45,"PostGuard(CCW,10,1)",7,0.895,1.62603,200,1,"-2:28;-1:28;1:49;2:71;3:24",2.63
1845,7,14,46,"PostGuard(CW,10,2)",7,0.66,1.30169,200,1,"-2:1;-1:68;1:65;2:61;3:5",2
1845,7,14,47,"PostGuard(CCW,10,2)",7,0.58,1.31286,200,1,"-1:76;1:60;2:60;3:4",2
1845,7,14,48,"PostGuard(CW,12,0)",7,0.86,1.68535,200,1,"-2:32;-1:27;1:46;2:68;3:27",2.915
1845,7,14,49,"PostGuard(CCW,12,0)",7,0.66,1.68357,200,1,"-2:37;-1:29;1:53;2:61;3:20",2.925
1845,7,14,50,"PostGuard(CW,12,1)",7,0.865,1.35158,200,1,"-2:5;-1:54;1:51;2:84;3:6",2
1845,7,14,51,"PostGuard(CCW,12,1)",7,0.71,1.38777,200,1,"-2:3;-1:67;1:56;2:63;3:11",2
1845,7,14,52,"PostGuard(CW,12,2)",7,0.155,1.21284,200,1,"-1:101;1:66;2:33",2
1845,7,14,53,"PostGuard(CCW,12,2)",7,0.305,1.36087,200,1,"-1:100;1:42;2:55;3:3",2
1845,7,14,54,"Pass",0,-0.975,0.966631,200,1,"-2:57;-1:113;1:28;2:2",2
5780,2,6,0,"Draw(CW,TEE)",1,-1.45,2.05122,200,1,"-6:1;-5:7;-4:28;-3:32;-2:34;-1:47;1:34;2:11;3:6",2
5780,2,6,1,"Draw(CCW,TEE)",1,-1.66,2.16204,200,1,"-6:8;-5:13;-4:19;-3:30;-2:36;-1:46;1:35;2:10;3:2;4:1",2
5780,2,6,2,"Draw(CW,S0)",1,-1.465,2.00219,200,1,"-6:2;-5:8;-4:23;-3:30;-2:38;-1:50;1:36;2:10;3:2;5:1",1.82
5780,2,6,3,"Draw(CCW,S0)",1,-1.515,1.86809,200,1,"-5:9;-4:25;-3:27;-2:41;-1:51;1:38;2:9",1.835
5780,2,6,4,"Draw(CW,S2)",1,-1.04,1.79956,200,1,"-6:1;-5:7;-4:12;-3:18;-2:28;-1:79;1:43;2:10;3:1;4:1",1.19
5780,2,6,5,"Draw(CCW,S2)",1,-1.23,1.87005,200,1,"-5:10;-4:15;-3:15;-2:39;-1:80;1:24;2:10;3:5;4:2",1.205
5780,2,6,6,"Draw(CW,S4)",1,-1.63,1.98068,200,1,"-6:5;-5:14;-4:17;-3:25;-2:41;-1:54;1:35;2:9",1.98
5780,2,6,7,"Draw(CCW,S4)",1,-1.41,2.00297,200,1,"-6:1;-5:10;-4:21;-3:30;-2:38;-1:47;1:36;2:16;3:1",1.995
5780,2,6,8,"Draw(CW,S6)",1,-1.085,1.84872,200,1,"-5:4;-4:16;-3:24;-2:35;-1:67;1:40;2:8;3:4;4:2",0.64
5780,2,6,9,"Draw(CCW,S6)",1,-1.065,1.70317,200,1,"-5:4;-4:11;-3:25;-2:36;-1:69;1:44;2:10;3:1",0.76
5780,2,6,10,"Draw(CW,L0)",1,-1.59,1.96517,200,1,"-6:4;-5:9;-4:21;-3:30;-2:43;-1:47;1:35;2:10;3:1",1.045
5780,2,6,11,"Draw(CCW,L0)",1,-1.435,1.85628,200,1,"-5:8;-4:25;-3:26;-2:24;-1:76;1:32;2:5;3:3;4:1",1.01
5780,2,6,12,"Draw(CW,L1)",1,-1.65,1.79652,200,1,"-5:6;-4:32;-3:27;-2:43;-1:52;1:33;2:7",1
5780,2,6,13,"Draw(CCW,L1)",1,-1.21,1.79329,200,1,"-6:1;-5:4;-4:17;-3:27;-2:29;-1:73;1:35;2:13;3:1",1
5780,2,6,14,"Draw(CW,L2)",1,-1.375,1.90115,200,1,"-5:9;-4:28;-3:18;-2:27;-1:70;1:38;2:8;3:2",1
5780,2,6,15,"Draw(CCW,L2)",1,-1.48,1.86805,200,1,"-5:8;-4:23;-3:35;-2:27;-1:62;1:34;2:10;3:1",1
5780,2,6,16,"Draw(CW,L3)",1,-1.485,1.75778,200,1,"-6:2;-5:5;-4:21;-3:30;-2:31;-1:71;1:33;2:7",1
5780,2,6,17,"Draw(CCW,L3)",1,-1.23,1.93057,200,1,"-6:2;-5:3;-4:18;-3:34;-2:27;-1:65;1:34;2:12;3:4;4:1",1
5780,2,6,18,"Draw(CW,L4)",1,-1.005,1.88281,200,1,"-5:4;-4:14;-3:20;-2:46;-1:59;1:36;2:15;3:4;4:2",1
5780,2,6,19,"Draw(CCW,L4)",1,-0.995,1.88015,200,1,"-6:1;-5:2;-4:16;-3:24;-2:32;-1:66;1:42;2:13;3:2;4:1;5:1",1
5780,2,6,20,"Draw(CW,L5)",1,-1.245,1.83439,200,1,"-6:1;-5:6;-4:17;-3:27;-2:27;-1:74;1:34;2:12;3:2",1
5780,2,6,21,"Draw(CCW,L5)",1,-1.53,1.783,200,1,"-6:3;-5:5;-4:23;-3:29;-2:27;-1:75;1:31;2:7",1
5780,2,6,22,"Draw(CW,L6)",1,-1.68,1.81868,200,1,"-5:8;-4:30;-3:30;-2:38;-1:57;1:27;2:10",1
5780,2,6,23,"Draw(CCW,L6)",1,-1.56,1.90955,200,1,"-5:10;-4:29;-3:27;-2:30;-1:60;1:34;2:9;3:1",1
5780,2,6,24,"Draw(CW,L7)",1,-1.52,1.87606,200,1,"-5:12;-4:22;-3:27;-2:33;-1:62;0:1;1:35;2:6;3:2",1
5780,2,6,25,"Draw(CCW,L7)",1,-0.91,1.64678,200,1,"-5:2;-4:8;-3:24;-2:28;-1:84;1:41;2:8;3:5",0.415
5780,2,6,26,"PreGuard(CW,G3)",2,-1.475,1.84374,200,1,"-5:9;-4:19;-3:32;-2:39;-1:56;0:1;1:35;2:6;3:3",1
5780,2,6,27,"PreGuard(CCW,G3)",2,-1.495,1.9723,200,1,"-6:3;-5:6;-4:24;-3:29;-2:37;-1:57;1:31;2:9;3:2;4:2",1
5780,2,6,28,"PreGuard(CW,G4)",2,-0.96,1.83532,200,1,"-5:8;-4:10;-3:21;-2:29;-1:71;1:44;2:15;3:2",1
5780,2,6,29,"PreGuard(CCW,G4)",2,-0.99,1.93129,200,1,"-5:7;-4:12;-3:26;-2:34;-1:57;1:45;2:15;3:3;4:1",1
5780,2,6,30,"PreGuard(CW,G5)",2,-1.67,1.97765,200,1,"-6:2;-5:9;-4:21;-3:48;-2:30;-1:49;1:25;2:14;3:1;4:1",1
5780,2,6,31,"PreGuard(CCW,G5)",2,-1.34,2.00858,200,1,"-6:3;-5:5;-4:22;-3:34;-2:29;-1:50;1:43;2:12;3:2",1
5780,2,6,32,"Hit(CW,5,TOUCH)",3,-1.145,1.77594,200,1,"-5:7;-4:13;-3:24;-2:28;-1:79;1:36;2:10;3:3",0.3
5780,2,6,33,"Hit(CCW,5,TOUCH)",3,-1.315,1.681,200,1,"-6:1;-5:4;-4:11;-3:31;-2:41;-1:71;1:33;2:4;3:4",1.15
5780,2,6,34,"Hit(CW,5,WEAK)",3,-0.63,1.34651,200,1,"-4:3;-3:9;-2:20;-1:117;1:36;2:11;3:4",1.51
5780,2,6,35,"Hit(CCW,5,WEAK)",3,-0.665,1.54686,200,1,"-5:1;-4:3;-3:9;-2:34;-1:102;1:33;2:10;3:5;4:2;5:1",1.765
5780,2,6,36,"Hit(CW,5,MIDDLE)",3,-0.945,1.64377,200,1,"-5:4;-4:6;-3:21;-2:34;-1:83;0:2;1:35;2:11;3:4",1.175
5780,2,6,37,"Hit(CCW,5,MIDDLE)",3,-1.225,1.57936,200,1,"-5:2;-4:11;-3:27;-2:44;-1:75;1:30;2:10;3:1",0.185
5780,2,6,38,"Hit(CW,5,STRONG)",3,-0.99,1.72044,200,1,"-5:2;-4:15;-3:16;-2:34;-1:83;0:1;1:33;2:13;3:1;4:1;5:1",1.195
5780,2,6,39,"Hit(CCW,5,STRONG)",3,-1.105,1.64438,200,1,"-6:1;-4:8;-3:30;-2:42;-1:73;1:32;2:11;3:2;4:1",0.265
5780,2,6,40,"Freeze(CW,5)",4,-1.165,1.81322,200,1,"-6:1;-5:2;-4:13;-3:32;-2:40;-1:61;1:35;2:12;3:3;4:1",0.92
5780,2,6,41,"Freeze(CCW,5)",4,-1.155,1.76663,200,1,"-5:3;-4:15;-3:29;-2:34;-1:67;0:1;1:41;2:7;3:2;5:1",1.01
5780,2,6,42,"PostGuard(CW,0,0)",7,-1.635,1.92919,200,1,"-6:1;-5:13;-4:22;-3:32;-2:34;-1:57;1:33;2:4;3:4",1.87
5780,2,6,43,"PostGuard(CCW,0,0)",7,-1.545,1.86225,200,1,"-5:10;-4:25;-3:27;-2:36;-1:58;0:1;1:37;2:3;3:3",1.905
5780,2,6,44,"PostGuard(CW,0,1)",7,-1.155,1.96748,200,1,"-6:1;-5:4;-4:23;-3:24;-2:39;-1:43;0:1;1:53;2:11;5:1",1
5780,2,6,45,"PostGuard(CCW,0,1)",7,-1.34,1.87467,200,1,"-6:1;-5:7;-4:17;-3:28;-2:43;-1:54;1:38;2:9;3:3",1
5780,2,6,46,"PostGuard(CW,0,2)",7,-1.065,1.83597,200,1,"-4:18;-3:21;-2:48;-1:62;1:34;2:8;3:7;4:1;5:1",1
5780,2,6,47,"PostGuard(CCW,0,2)",7,-0.94,1.84564,200,1,"-6:1;-5:3;-4:7;-3:32;-2:38;-1:55;1:42;2:20;3:2",1
5780,2,6,48,"Pass",0,-1.535,1.83542,200,1,"-5:8;-4:25;-3:30;-2:38;-1:54;1:37;2:8",1
8645,7,5,0,"Draw(CW,TEE)",1,0.915,1.85143,200,1,"-4:3;-3:4;-2:10;-1:41;1:75;2:29;3:21;4:13;5:4",-0.35
8645,7,5,1,"Draw(CCW,TEE)",1,0.82,1.86215,200,1,"-5:1;-4:1;-3:4;-2:12;-1:45;0:1;1:70;2:36;3:15;4:10;5:4;7:1",0.255
8645,7,5,2,"Draw(CW,S0)",1,1.03,1.7914,200,1,"-3:2;-2:10;-1:49;1:60;2:37;3:27;4:10;5:4;6:1",0.26
8645,7,5,3,"Draw(CCW,S0)",1,0.89,1.93336,200,1,"-4:1;-3:7;-2:10;-1:47;1:64;2:34;3:18;4:12;5:6;6:1",0.65
8645,7,5,4,"Draw(CW,S2)",1,0.835,1.92556,200,1,"-4:2;-3:6;-2:17;-1:40;1:62;2:31;3:27;4:13;5:2",-1
8645,7,5,5,"Draw(CCW,S2)",1,1.005,1.89076,200,1,"-4:1;-3:5;-2:12;-1:39;1:68;2:38;3:17;4:14;5:4;6:2",-1
8645,7,5,6,"Draw(CW,S4)",1,1.1,1.86011,200,1,"-4:1;-3:2;-2:14;-1:38;1:68;2:27;3:31;4:15;5:3;6:1",0.1
8645,7,5,7,"Draw(CCW,S4)",1,0.82,1.81041,200,1,"-4:1;-3:4;-2:14;-1:44;0:1;1:71;2:31;3:24;4:5;5:3;6:2",1.04
8645,7,5,8,"Draw(CW,S6)",1,1.085,1.99944,200,1,"-4:2;-3:4;-2:12;-1:42;1:54;2:45;3:15;4:17;5:8;6:1",-1
8645,7,5,9,"Draw(CCW,S6)",1,1.09,2.02284,200,1,"-4:3;-3:5;-2:10;-1:41;1:54;2:40;3:25;4:17;5:2;6:2;7:1",-1
8645,7,5,10,"Draw(CW,L0)",1,1.005,2.00374,200,1,"-4:2;-3:6;-2:11;-1:41;1:66;2:31;3:21;4:13;5:7;6:2",-0.56
8645,7,5,11,"Draw(CCW,L0)",1,0.885,1.75834,200,1,"-5:1;-3:2;-2:15;-1:36;0:1;1:87;2:30;3:12;4:10;5:5;6:1",-0.485
8645,7,5,12,"Draw(CW,L1)",1,1.075,1.8109,200,1,"-3:3;-2:7;-1:48;1:66;2:34;3:25;4:10;5:5;6:2",-1
8645,7,5,13,"Draw(CCW,L1)",1,1.09,1.86866,200,1,"-3:2;-2:11;-1:47;1:62;2:34;3:20;4:18;5:5;6:1",-1
8645,7,5,14,"Draw(CW,L2)",1,1.01,1.9442,200,1,"-4:2;-3:6;-2:8;-1:43;1:66;2:35;3:17;4:15;5:8",-1
8645,7,5,15,"Draw(CCW,L2)",1,0.855,1.94524,200,1,"-3:5;-2:24;-1:35;1:69;2:26;3:21;4:15;5:5",-1
8645,7,5,16,"Draw(CW,L3)",1,1.1,1.89737,200,1,"-3:5;-2:14;-1:34;1:72;2:32;3:19;4:16;5:8",-1
8645,7,5,17,"Draw(CCW,L3)",1,1.195,1.92275,200,1,"-3:4;-2:12;-1:36;1:69;2:31;3:24;4:14;5:8;6:2",-1
8645,7,5,18,"Draw(CW,L4)",1,1.145,1.92457,200,1,"-4:2;-3:1;-2:11;-1:44;1:59;2:34;3:24;4:18;5:7",-1
8645,7,5,19,"Draw(CCW,L4)",1,0.965,1.85574,200,1,"-3:3;-2:16;-1:44;1:59;2:38;3:21;4:15;5:4",-1
8645,7,5,20,"Draw(CW,L5)",1,1.295,2.16748,200,1,"-5:1;-4:1;-3:5;-2:11;-1:37;1:55;2:35;3:24;4:16;5:9;6:6",-1
8645,7,5,21,"Draw(CCW,L5)",1,1.255,1.98745,200,1,"-4:1;-3:6;-2:9;-1:33;1:67;2:36;3:21;4:16;5:9;6:1;7:1",-1
8645,7,5,22,"Draw(CW,L6)",1,1.125,2.08791,200,1,"-4:1;-3:6;-2:16;-1:34;1:66;2:29;3:16;4:20;5:11;6:1",-1
8645,7,5,23,"Draw(CCW,L6)",1,1.355,1.90236,200,1,"-4:2;-3:2;-2:8;-1:31;1:72;2:37;3:20;4:16;5:10;6:2",-1
8645,7,5,24,"Draw(CW,L7)",1,0.94,1.70775,200,1,"-4:1;-3:2;-2:13;-1:40;1:73;2:35;3:25;4:10;6:1",-1
8645,7,5,25,"Draw(CCW,L7)",1,1.16,1.79566,200,1,"-7:1;-4:1;-2:7;-1:39;1:74;2:39;3:17;4:18;5:3;6:1",-1
8645,7,5,26,"PreGuard(CW,G3)",2,0.875,1.77183,200,1,"-4:1;-3:4;-2:15;-1:37;0:1;1:77;2:31;3:20;4:11;5:3",-1
8645,7,5,27,"PreGuard(CCW,G3)",2,0.825,1.67761,200,1,"-4:1;-3:2;-2:11;-1:46;1:80;2:33;3:15;4:8;5:4",-1
8645,7,5,28,"PreGuard(CW,G4)",2,0.5,1.8303,200,1,"-4:2;-3:7;-2:18;-1:53;1:54;2:43;3:16;4:5;5:2",-1
8645,7,5,29,"PreGuard(CCW,G4)",2,0.7,1.79444,200,1,"-4:2;-3:3;-2:18;-1:43;1:75;2:32;3:15;4:9;5:2;6:1",-1
8645,7,5,30,"PreGuard(CW,G5)",2,0.46,1.82439,200,1,"-5:1;-4:2;-3:7;-2:17;-1:51;1:63;2:38;3:13;4:7;5:1",-1
8645,7,5,31,"PreGuard(CCW,G5)",2,0.79,1.8724,200,1,"-4:8;-3:4;-2:12;-1:29;1:79;2:40;3:20;4:5;5:2;6:1",-1
8645,7,5,32,"Hit(CW,0,TOUCH)",3,1.005,1.93778,200,1,"-3:7;-2:17;-1:35;1:60;2:34;3:30;4:14;5:1;6:2",0.03
8645,7,5,33,"Hit(CCW,0,TOUCH)",3,1.045,1.78969,200,1,"-5:1;-4:1;-3:3;-2:9;-1:40;1:61;2:49;3:22;4:10;5:4",1.58
8645,7,5,34,"Hit(CW,0,WEAK)",3,1.735,1.9811,200,1,"-4:1;-3:2;-2:7;-1:30;1:50;2:37;3:31;4:27;5:14;6:1",1.06
8645,7,5,35,"Hit(CCW,0,WEAK)",3,1.475,1.94406,200,1,"-3:2;-2:15;-1:26;1:61;2:40;3:20;4:25;5:10;6:1",0.32
8645,7,5,36,"Hit(CW,0,MIDDLE)",3,1.155,1.61894,200,1,"-2:7;-1:42;1:68;2:48;3:24;4:7;5:1;6:3",-0.05
8645,7,5,37,"Hit(CCW,0,MIDDLE)",3,1.2,1.96469,200,1,"-3:4;-2:11;-1:41;1:65;2:24;3:29;4:16;5:9;6:1",1.075
8645,7,5,38,"Hit(CW,0,STRONG)",3,1.22,1.87126,200,1,"-4:2;-3:4;-2:8;-1:30;0:1;1:78;2:33;3:20;4:16;5:6;6:2",-0.115
8645,7,5,39,"Hit(CCW,0,STRONG)",3,1.1,1.88414,200,1,"-4:2;-3:5;-2:5;-1:42;1:69;2:36;3:17;4:17;5:7",1.095
8645,7,5,40,"Freeze(CW,0)",4,1.205,1.8036,200,1,"-2:13;-1:39;1:67;2:30;3:33;4:13;5:2;6:3",-0.46
8645,7,5,41,"Freeze(CCW,0)",4,0.855,1.84227,200,1,"-3:5;-2:11;-1:50;1:68;2:32;3:17;4:11;5:5;6:1",1.09
8645,7,5,42,"Hit(CW,2,TOUCH)",3,0.865,1.8157,200,1,"-4:2;-3:2;-2:13;-1:48;1:65;2:31;3:22;4:17",-0.885
8645,7,5,43,"Hit(CCW,2,TOUCH)",3,1,1.84391,200,1,"-3:4;-2:15;-1:40;0:1;1:64;2:30;3:29;4:14;5:3",0.8
8645,7,5,44,"Hit(CW,2,WEAK)",3,1.16,1.94792,200,1,"-4:1;-3:3;-2:11;-1:42;1:60;2:34;3:25;4:16;5:6;6:2",0.795
8645,7,5,45,"Hit(CCW,2,WEAK)",3,1.25,1.87016,200,1,"-3:3;-2:5;-1:43;0:1;1:68;2:35;3:19;4:18;5:3;6:5",1.45
8645,7,5,46,"Hit(CW,2,MIDDLE)",3,1.235,1.84385,200,1,"-4:1;-3:1;-2:11;-1:38;1:61;2:41;3:25;4:16;5:4;6:2",0.325
8645,7,5,47,"Hit(CCW,2,MIDDLE)",3,0.84,1.77888,200,1,"-6:1;-4:2;-3:1;-2:12;-1:42;1:83;2:26;3:18;4:13;5:2",-1.06
8645,7,5,48,"Hit(CW,2,STRONG)",3,1.03,1.78581,200,1,"-4:1;-3:6;-2:8;-1:38;1:68;2:42;3:21;4:14;5:1;6:1",0.325
8645,7,5,49,"Hit(CCW,2,STRONG)",3,1.28,1.81428,200,1,"-3:1;-2:12;-1:36;1:62;2:42;3:22;4:19;5:5;6:1",-0.925
8645,7,5,50,"Freeze(CW,2)",4,0.98,1.89989,200,1,"-4:2;-3:5;-2:11;-1:41;1:67;2:29;3:28;4:12;5:5",-1
8645,7,5,51,"Freeze(CCW,2)",4,1,1.79722,200,1,"-5:1;-3:2;-2:10;-1:44;1:71;2:34;3:22;4:12;5:2;6:2",-0.765
8645,7,5,52,"PostGuard(CW,1,0)",7,1.215,1.53583,200,1,"-4:2;-2:5;-1:29;0:1;1:88;2:39;3:23;4:10;5:3",-0.38
8645,7,5,53,"PostGuard(CCW,1,0)",7,1.12,1.73078,200,1,"-3:5;-2:6;-1:39;1:69;2:43;3:22;4:12;5:3;6:1",-0.04
8645,7,5,54,"PostGuard(CW,1,1)",7,1.175,1.89324,200,1,"-5:1;-4:1;-3:3;-2:13;-1:31;1:65;2:40;3:25;4:16;5:4;6:1",-1
8645,7,5,55,"PostGuard(CCW,1,1)",7,0.975,1.90378,200,1,"-4:3;-3:2;-2:10;-1:44;0:2;1:67;2:32;3:25;4:7;5:5;6:3",-1
8645,7,5,56,"PostGuard(CW,1,2)",7,0.75,1.85944,200,1,"-4:1;-3:6;-2:17;-1:43;1:66;2:36;3:17;4:10;5:4",-1
8645,7,5,57,"PostGuard(CCW,1,2)",7,0.81,1.81491,200,1,"-4:2;-3:4;-2:16;-1:40;1:68;2:39;3:20;4:8;5:2;6:1",-1
8645,7,5,58,"PostGuard(CW,3,0)",7,0.75,1.85135,200,1,"-5:1;-3:4;-2:16;-1:45;1:79;2:22;3:16;4:12;5:5",-1
8645,7,5,59,"PostGuard(CCW,3,0)",7,0.79,1.73663,200,1,"-4:1;-3:4;-2:14;-1:40;0:1;1:83;2:29;3:15;4:10;5:2;6:1",-1
8645,7,5,60,"PostGuard(CW,3,1)",7,0.595,2.09547,200,1,"-5:4;-3:10;-2:19;-1:41;1:54;2:40;3:20;4:7;5:4;6:1",-1
8645,7,5,61,"PostGuard(CCW,3,1)",7,0.385,1.97149,200,1,"-5:2;-4:6;-3:9;-2:9;-1:53;1:68;2:33;3:8;4:9;5:3",-1
8645,7,5,62,"PostGuard(CW,3,2)",7,0.505,2.08086,200,1,"-5:3;-4:4;-3:6;-2:18;-1:50;1:51;2:35;3:18;4:14;5:1",-1
8645,7,5,63,"PostGuard(CCW,3,2)",7,0.55,1.92029,200,1,"-4:2;-3:10;-2:15;-1:49;1:65;2:32;3:15;4:8;5:3;6:1",-1
8645,7,5,64,"PostGuard(CW,5,0)",7,0.63,1.82019,200,1,"-4:2;-3:5;-2:17;-1:49;1:62;2:36;3:20;4:7;5:2",-1
8645,7,5,65,"PostGuard(CCW,5,0)",7,0.755,1.77622,200,1,"-3:3;-2:12;-1:56;1:68;2:31;3:16;4:8;5:6",-1
8645,7,5,66,"PostGuard(CW,5,1)",7,0.8,1.91833,200,1,"-3:8;-2:17;-1:42;1:64;2:32;3:21;4:11;5:5",-1
8645,7,5,67,"PostGuard(CCW,5,1)",7,0.69,1.91152,200,1,"-5:2;-4:1;-3:10;-2:13;-1:37;1:75;2:28;3:24;4:8;5:2",-1
8645,7,5,68,"PostGuard(CW,5,2)",7,0.535,1.90756,200,1,"-5:1;-4:5;-3:7;-2:17;-1:38;1:77;2:27;3:20;4:6;5:2",-1
8645,7,5,69,"PostGuard(CCW,5,2)",7,0.415,2.00818,200,1,"-5:1;-4:4;-3:7;-2:25;-1:45;1:59;2:28;3:23;4:5;5:2;6:1",-1
8645,7,5,70,"Pass",0,0.825,1.71592,200,1,"-4:1;-3:4;-2:14;-1:39;1:77;2:38;3:16;4:9;5:1;6:1",-1
6132,0,13,0,"Draw(CW,TEE)",1,1.88,1.23919,200,1,"-1:11;1:75;2:51;3:46;4:14;5:2;6:1",2.42
6132,0,13,1,"Draw(CCW,TEE)",1,2.475,1.16163,200,1,"-2:1;-1:3;1:36;2:57;3:67;4:31;5:5",3.24
6132,0,13,2,"Draw(CW,S0)",1,1.88,1.147,200,1,"-1:9;1:71;2:64;3:40;4:14;5:2",2.555
6132,0,13,3,"Draw(CCW,S0)",1,2.305,1.25777,200,1,"-2:1;-1:7;1:37;2:67;3:65;4:12;5:10;6:1",2.825
6132,0,13,4,"Draw(CW,S2)",1,2.16,1.06508,200,1,"-1:7;1:47;2:57;3:78;4:11",3
6132,0,13,5,"Draw(CCW,S2)",1,2.475,1.23263,200,1,"-1:4;1:44;2:46;3:75;4:17;5:14",3
6132,0,13,6,"Draw(CW,S4)",1,1.85,1.36657,200,1,"-1:19;1:59;2:62;3:39;4:16;5:5",2.535
6132,0,13,7,"Draw(CCW,S4)",1,2.415,1.1148,200,1,"-2:1;-1:3;1:33;2:66;3:71;4:21;5:4;6:1",2.975
6132,0,13,8,"Draw(CW,S6)",1,2.18,1.17371,200,1,"-3:1;-2:1;-1:5;1:47;2:59;3:68;4:18;5:1",3
6132,0,13,9,"Draw(CCW,S6)",1,2.285,1.1462,200,1,"-1:9;1:35;2:58;3:78;4:19;5:1",3
6132,0,13,10,"Draw(CW,L0)",1,1.745,1.43526,200,1,"-2:5;-1:15;1:67;2:57;3:36;4:16;5:3;6:1",2.445
6132,0,13,11,"Draw(CCW,L0)",1,2.025,1.29783,200,1,"-3:1;-2:1;-1:12;1:37;2:89;3:38;4:17;5:5",2.255
6132,0,13,12,"Draw(CW,L1)",1,2.195,1.27553,200,1,"-3:1;-1:9;1:48;2:51;3:65;4:24;5:2",2.96
6132,0,13,13,"Draw(CCW,L1)",1,2.22,1.35337,200,1,"-2:1;-1:10;1:51;2:45;3:64;4:24;5:3;6:2",3
6132,0,13,14,"Draw(CW,L2)",1,2.24,1.201,200,1,"-2:1;-1:5;1:56;2:39;3:81;4:12;5:6",3
6132,0,13,15,"Draw(CCW,L2)",1,2.345,1.11623,200,1,"-2:1;-1:6;1:33;2:57;3:84;4:17;5:2",3
6132,0,13,16,"Draw(CW,L3)",1,2.31,1.14625,200,1,"-2:1;-1:6;1:40;2:51;3:82;4:18;5:2",3
6132,0,13,17,"Draw(CCW,L3)",1,2.255,1.18321,200,1,"-1:8;1:51;2:33;3:94;4:10;5:4",3
6132,0,13,18,"Draw(CW,L4)",1,2.5,1.03441,200,1,"-1:3;1:31;2:52;3:95;4:12;5:7",3
6132,0,13,19,"Draw(CCW,L4)",1,2.545,1.1696,200,1,"-1:4;1:32;2:55;3:77;4:20;5:12",3
6132,0,13,20,"Draw(CW,L5)",1,2.32,1.17371,200,1,"-2:2;-1:4;1:45;2:46;3:78;4:24;5:1",3
6132,0,13,21,"Draw(CCW,L5)",1,2.32,1.09891,200,1,"-1:4;1:47;2:51;3:76;4:19;5:3",3
6132,0,13,22,"Draw(CW,L6)",1,2.24,1.0735,200,1,"-2:1;-1:5;1:42;2:57;3:82;4:12;5:1",3
6132,0,13,23,"Draw(CCW,L6)",1,2.245,1.10679,200,1,"-1:6;1:47;2:52;3:78;4:15;5:2",3
6132,0,13,24,"Draw(CW,L7)",1,2.275,1.06272,200,1,"-2:1;-1:3;1:47;2:51;3:82;4:15;5:1",3
6132,0,13,25,"Draw(CCW,L7)",1,2.31,1.1063,200,1,"-1:4;1:48;2:49;3:81;4:14;5:3;6:1",3
6132,0,13,26,"PreGuard(CW,G3)",2,2.235,1.04392,200,1,"-1:5;1:47;2:52;3:84;4:11;5:1",3
6132,0,13,27,"PreGuard(CCW,G3)",2,2.11,1.26408,200,1,"-1:12;1:54;2:41;3:78;4:12;5:2;6:1",3
6132,0,13,28,"PreGuard(CW,G4)",2,2.395,1.12649,200,1,"-2:2;-1:3;1:32;2:63;3:77;4:18;5:5",3
6132,0,13,29,"PreGuard(CCW,G4)",2,2.34,1.02196,200,1,"-1:2;0:1;1:42;2:58;3:80;4:13;5:4",3
6132,0,13,30,"PreGuard(CW,G5)",2,2.32,1.0284,200,1,"-1:4;0:1;1:42;2:47;3:93;4:12;5:1",3
6132,0,13,31,"PreGuard(CCW,G5)",2,2.29,1.05162,200,1,"-1:6;1:43;2:43;3:97;4:11",3
6132,0,13,32,"Hit(CW,8,TOUCH)",3,1.82,1.40627,200,1,"-2:2;-1:21;1:55;2:48;3:60;4:12;5:2",2.33
6132,0,13,33,"Hit(CCW,8,TOUCH)",3,2.32,1.23596,200,1,"-3:1;-2:1;-1:6;1:29;2:75;3:65;4:14;5:9",2.76
6132,0,13,34,"Hit(CW,8,WEAK)",3,1.185,1.65855,200,1,"-2:2;-1:55;1:56;2:35;3:40;4:11;6:1",2.315
6132,0,13,35,"Hit(CCW,8,WEAK)",3,1.83,1.5592,200,1,"-3:2;-2:4;-1:21;1:42;2:58;3:50;4:22;5:1",2.6
6132,0,13,36,"Hit(CW,8,MIDDLE)",3,1.87,1.35761,200,1,"-2:3;-1:17;1:47;2:69;3:44;4:20",2.385
6132,0,13,37,"Hit(CCW,8,MIDDLE)",3,1.805,1.8322,200,1,"-2:5;-1:34;1:48;2:30;3:43;4:33;5:6;6:1",2.465
6132,0,13,38,"Hit(CW,8,STRONG)",3,1.98,1.3855,200,1,"-3:1;-2:5;-1:12;1:39;2:65;3:60;4:18",2.38
6132,0,13,39,"Hit(CCW,8,STRONG)",3,1.845,1.86842,200,1,"-2:3;-1:39;1:38;2:39;3:36;4:35;5:10",2.385
6132,0,13,40,"Freeze(CW,8)",4,1.79,1.34755,200,1,"-1:17;1:78;2:40;3:47;4:15;5:2;6:1",2.3
6132,0,13,41,"Freeze(CCW,8)",4,2.49,1.26487,200,1,"-2:2;-1:3;1:35;2:60;3:59;4:35;5:3;6:3",2.985
6132,0,13,42,"Hit(CW,10,TOUCH)",3,1.74,1.30476,200,1,"-2:5;-1:12;1:65;2:63;3:43;4:10;5:2",2.73
6132,0,13,43,"Hit(CCW,10,TOUCH)",3,1.815,1.3307,200,1,"-1:15;1:77;2:48;3:41;4:14;5:4;6:1",2.18
6132,0,13,44,"Hit(CW,10,WEAK)",3,2.24,1.88213,200,1,"-1:26;1:47;2:41;3:36;4:22;5:19;6:9",2.26
6132,0,13,45,"Hit(CCW,10,WEAK)",3,1.63,1.95527,200,1,"-2:4;-1:47;1:33;2:55;3:25;4:21;5:11;6:4",2.195
6132,0,13,46,"Hit(CW,10,MIDDLE)",3,1.97,1.90239,200,1,"-2:4;-1:36;1:36;2:31;3:43;4:40;5:9;6:1",2.345
6132,0,13,47,"Hit(CCW,10,MIDDLE)",3,2.035,1.85843,200,1,"-2:6;-1:27;1:40;2:38;3:42;4:32;5:14;6:1",2.11
6132,0,13,48,"Hit(CW,10,STRONG)",3,2.33,1.74674,200,1,"-2:4;-1:21;1:34;2:30;3:57;4:41;5:12;6:1",2.46
6132,0,13,49,"Hit(CCW,10,STRONG)",3,2.095,1.68404,200,1,"-2:4;-1:18;1:52;2:43;3:41;4:27;5:14;6:1",2.03
6132,0,13,50,"Freeze(CW,10)",4,2.045,0.986395,200,1,"-1:3;1:66;2:55;3:69;4:6;5:1",2.905
6132,0,13,51,"Freeze(CCW,10)",4,1.925,1.28428,200,1,"-1:13;1:72;2:38;3:62;4:11;5:4",2.685
6132,0,13,52,"Hit(CW,12,TOUCH)",3,2.145,1.04593,200,1,"-2:1;-1:5;1:45;2:66;3:75;4:6;5:2",2.79
6132,0,13,53,"Hit(CCW,12,TOUCH)",3,2.01,1.24093,200,1,"-1:10;1:68;2:43;3:62;4:13;5:4",2.48
6132,0,13,54,"Hit(CW,12,WEAK)",3,1.805,1.76266,200,1,"-2:1;-1:36;1:44;2:49;3:36;4:25;5:5;6:4",2.22
6132,0,13,55,"Hit(CCW,12,WEAK)",3,1.67,1.79753,200,1,"-2:3;-1:41;1:39;2:49;3:39;4:19;5:9;6:1",2.115
6132,0,13,56,"Hit(CW,12,MIDDLE)",3,1.975,1.79008,200,1,"-2:5;-1:31;1:33;2:38;3:51;4:36;5:6",2.42
6132,0,13,57,"Hit(CCW,12,MIDDLE)",3,2.14,1.85483,200,1,"-3:1;-2:1;-1:28;1:40;2:39;3:46;4:24;5:17;6:4",2.095
6132,0,13,58,"Hit(CW,12,STRONG)",3,1.915,1.77138,200,1,"-2:1;-1:37;1:36;2:38;3:50;4:31;5:6;6:1",2.305
6132,0,13,59,"Hit(CCW,12,STRONG)",3,1.95,1.77975,200,1,"-2:3;-1:30;1:43;2:42;3:43;4:27;5:10;6:2",1.96
6132,0,13,60,"Freeze(CW,12)",4,2.355,1.04354,200,1,"-1:4;1:38;2:56;3:88;4:9;5:5",3
6132,0,13,61,"Freeze(CCW,12)",4,2.225,1.27451,200,1,"-1:11;1:47;2:46;3:70;4:23;5:3",2.99
6132,0,13,62,"PostGuard(CW,5,0)",7,2.225,1.25075,200,1,"-2:1;-1:8;1:51;2:42;3:76;4:18;5:4",3
6132,0,13,63,"PostGuard(CCW,5,0)",7,2.15,1.0332,200,1,"-1:4;1:56;2:55;3:73;4:11;5:1",3
6132,0,13,64,"PostGuard(CW,5,1)",7,2.195,1.10317,200,1,"-2:1;-1:7;1:43;2:52;3:88;4:8;5:1",3
6132,0,13,65,"PostGuard(CCW,5,1)",7,2.315,1.02751,200,1,"-2:1;-1:3;1:45;2:40;3:102;4:8;5:1",3
6132,0,13,66,"PostGuard(CW,5,2)",7,2.25,0.963068,200,1,"-1:4;1:42;2:58;3:88;4:8",3
6132,0,13,67,"PostGuard(CCW,5,2)",7,2.195,1.07563,200,1,"-1:7;1:51;2:38;3:97;4:7",3
6132,0,13,68,"PostGuard(CW,7,0)",7,2.175,1.11102,200,1,"-2:1;-1:6;1:50;2:49;3:81;4:13",3
6132,0,13,69,"PostGuard(CCW,7,0)",7,2.105,1.0835,200,1,"-2:1;-1:6;1:54;2:50;3:81;4:8",3
6132,0,13,70,"PostGuard(CW,7,1)",7,2.055,1.18405,200,1,"-2:1;-1:11;1:50;2:49;3:80;4:9",3
6132,0,13,71,"PostGuard(CCW,7,1)",7,2.26,1.11014,200,1,"-2:1;-1:5;1:46;2:49;3:81;4:18",3
6132,0,13,72,"PostGuard(CW,7,2)",7,2.31,1.11978,200,1,"-2:1;-1:4;1:47;2:45;3:82;4:20;5:1",3
6132,0,13,73,"PostGuard(CCW,7,2)",7,2.18,1.25603,200,1,"-2:2;-1:10;1:45;2:41;3:86;4:15;5:1",3
6132,0,13,74,"PostGuard(CW,9,0)",7,1.995,1.18953,200,1,"-3:1;-1:9;1:59;2:55;3:62;4:14",2.81
6132,0,13,75,"PostGuard(CCW,9,0)",7,2.025,1.15515,200,1,"-1:9;1:65;2:41;3:73;4:12",3.01
6132,0,13,76,"PostGuard(CW,9,1)",7,2.475,1.1702,200,1,"-1:9;1:25;2:47;3:96;4:18;5:5",3
6132,0,13,77,"PostGuard(CCW,9,1)",7,2.43,1.29039,200,1,"-2:1;-1:8;1:36;2:46;3:75;4:27;5:7",3
6132,0,13,78,"PostGuard(CW,9,2)",7,2.43,1.06071,200,1,"-1:5;1:32;2:53;3:90;4:17;5:3",3
6132,0,13,79,"PostGuard(CCW,9,2)",7,2.415,1.02605,200,1,"-1:4;1:30;2:64;3:83;4:15;5:4",3
6132,0,13,80,"PostGuard(CW,11,0)",7,2.08,1.21392,200,1,"-2:2;-1:10;1:47;2:53;3:75;4:13",3
6132,0,13,81,"PostGuard(CCW,11,0)",7,2.215,1.11749,200,1,"-1:8;1:43;2:54;3:82;4:11;5:2",3
6132,0,13,82,"PostGuard(CW,11,1)",7,2.205,0.981313,200,1,"-1:6;1:39;2:62;3:88;4:5",3
6132,0,13,83,"PostGuard(CCW,11,1)",7,2.2,1.0247,200,1,"-1:7;1:41;2:56;3:90;4:6",3
6132,0,13,84,"PostGuard(CW,11,2)",7,2.265,0.971995,200,1,"-1:2;1:52;2:46;3:89;4:11",3
6132,0,13,85,"PostGuard(CCW,11,2)",7,2.345,0.919769,200,1,"-1:1;1:44;2:51;3:92;4:12",3
6132,0,13,86,"Pass",0,2.235,1.0487,200,1,"-2:1;-1:5;0:1;1:39;2:57;3:87;4:10",3
3339,4,10,0,"Draw(CW,TEE)",1,-0.85,1.89407,200,1,"-5:2;-4:15;-3:22;-2:37;-1:57;1:43;2:18;3:6",-0.795
3339,4,10,1,"Draw(CCW,TEE)",1,-1.2,1.84932,200,1,"-5:5;-4:16;-3:34;-2:37;-1:46;1:54;2:7;3:1",-0.745
3339,4,10,2,"Draw(CW,S0)",1,-1.01,1.74926,200,1,"-5:1;-4:17;-3:26;-2:30;-1:64;1:54;2:5;3:3",0.01
3339,4,10,3,"Draw(CCW,S0)",1,-1.37,1.67723,200,1,"-5:1;-4:20;-3:32;-2:45;-1:56;1:40;2:5;3:1",-1.01
3339,4,10,4,"Draw(CW,S2)",1,-1.155,1.87109,200,1,"-5:5;-4:12;-3:40;-2:30;-1:54;1:44;2:14;4:1",-1.88
3339,4,10,5,"Draw(CCW,S2)",1,-1.195,1.68433,200,1,"-5:2;-4:11;-3:32;-2:46;-1:59;1:42;2:5;3:2;4:1",-1.885
3339,4,10,6,"Draw(CW,S4)",1,-1.065,1.7061,200,1,"-4:15;-3:25;-2:46;-1:57;1:45;2:10;3:2",-0.25
3339,4,10,7,"Draw(CCW,S4)",1,-1.46,1.62123,200,1,"-4:24;-3:34;-2:35;-1:68;1:34;2:5",-0.82
3339,4,10,8,"Draw(CW,S6)",1,-1.245,1.86413,200,1,"-5:2;-4:16;-3:38;-2:45;-1:45;1:39;2:13;4:1;5:1",-1.215
3339,4,10,9,"Draw(CCW,S6)",1,-1.47,1.70561,200,1,"-5:1;-4:18;-3:43;-2:42;-1:56;1:32;2:6;3:1;5:1",-1.245
3339,4,10,10,"Draw(CW,L0)",1,-1.125,1.69982,200,1,"-4:13;-3:28;-2:44;-1:67;1:38;2:6;3:1;4:2;5:1",0.7
3339,4,10,11,"Draw(CCW,L0)",1,-1.32,1.68155,200,1,"-5:1;-4:15;-3:37;-2:44;-1:57;1:37;2:7;3:2",-1.56
3339,4,10,12,"Draw(CW,L1)",1,-0.885,1.57219,200,1,"-4:5;-3:22;-2:47;-1:69;1:47;2:7;3:1;4:2",-1.475
3339,4,10,13,"Draw(CCW,L1)",1,-1.18,1.76,200,1,"-5:1;-4:15;-3:35;-2:39;-1:57;1:39;2:12;3:2",-1.715
3339,4,10,14,"Draw(CW,L2)",1,-1.1,1.83576,200,1,"-5:2;-4:17;-3:30;-2:41;-1:47;1:52;2:9;3:1;4:1",-2
3339,4,10,15,"Draw(CCW,L2)",1,-1.05,1.75997,200,1,"-5:1;-4:16;-3:26;-2:41;-1:56;1:45;2:15",-2
3339,4,10,16,"Draw(CW,L3)",1,-1.02,1.75773,200,1,"-5:1;-4:13;-3:33;-2:34;-1:56;1:51;2:11;3:1",-2
3339,4,10,17,"Draw(CCW,L3)",1,-1.205,1.79248,200,1,"-5:2;-4:12;-3:39;-2:46;-1:45;1:45;2:8;3:2;4:1",-2
3339,4,10,18,"Draw(CW,L4)",1,-0.975,1.92986,200,1,"-5:4;-4:10;-3:30;-2:48;-1:43;1:44;2:14;3:6;4:1",-1.995
3339,4,10,19,"Draw(CCW,L4)",1,-1.035,1.91671,200,1,"-5:4;-4:17;-3:29;-2:31;-1:55;1:47;2:14;3:2;4:1",-1.995
3339,4,10,20,"Draw(CW,L5)",1,-1.11,1.69938,200,1,"-5:3;-4:12;-3:24;-2:50;-1:54;1:47;2:10",-2
3339,4,10,21,"Draw(CCW,L5)",1,-1.065,1.70023,200,1,"-4:10;-3:36;-2:40;-1:56;1:48;2:8;3:1;4:1",-2
3339,4,10,22,"Draw(CW,L6)",1,-0.985,1.78739,200,1,"-5:1;-4:12;-3:34;-2:35;-1:53;1:51;2:12;3:2",-2
3339,4,10,23,"Draw(CCW,L6)",1,-1.34,1.7676,200,1,"-5:2;-4:12;-3:48;-2:39;-1:51;1:37;2:8;3:2;4:1",-2
3339,4,10,24,"Draw(CW,L7)",1,-1.4,1.9,200,1,"-5:5;-4:22;-3:34;-2:39;-1:52;1:37;2:9;5:2",-2
3339,4,10,25,"Draw(CCW,L7)",1,-1.355,1.72887,200,1,"-5:1;-4:14;-3:38;-2:49;-1:58;1:27;2:8;3:4;5:1",-2
3339,4,10,26,"PreGuard(CW,G3)",2,-1.105,1.65347,200,1,"-5:2;-4:9;-3:28;-2:47;-1:62;1:41;2:9;3:2",-2
3339,4,10,27,"PreGuard(CCW,G3)",2,-1.155,1.7467,200,1,"-5:3;-4:11;-3:30;-2:53;-1:46;1:45;2:11;3:1",-2
3339,4,10,28,"PreGuard(CW,G4)",2,-0.985,1.84249,200,1,"-5:2;-4:10;-3:30;-2:49;-1:46;1:46;2:11;3:5;4:1",-2
3339,4,10,29,"PreGuard(CCW,G4)",2,-1.25,1.76564,200,1,"-5:2;-4:16;-3:29;-2:47;-1:59;1:36;2:9;5:2",-2
3339,4,10,30,"PreGuard(CW,G5)",2,-1.24,1.71825,200,1,"-5:5;-4:9;-3:35;-2:41;-1:61;1:39;2:8;3:2",-2
3339,4,10,31,"PreGuard(CCW,G5)",2,-1.1,1.76635,200,1,"-5:2;-4:4;-3:44;-2:46;-1:46;1:46;2:7;3:4;4:1",-2
3339,4,10,32,"Hit(CW,7,TOUCH)",3,-1.17,1.76949,200,1,"-5:1;-4:12;-3:35;-2:51;-1:47;1:38;2:13;3:3",-1.89
3339,4,10,33,"Hit(CCW,7,TOUCH)",3,-1.305,1.66793,200,1,"-5:1;-4:11;-3:46;-2:37;-1:57;1:40;2:7;3:1",-2
3339,4,10,34,"Hit(CW,7,WEAK)",3,-0.835,1.50591,200,1,"-4:1;-3:19;-2:48;-1:82;1:35;2:9;3:5;4:1",-1.005
3339,4,10,35,"Hit(CCW,7,WEAK)",3,-1.045,1.38671,200,1,"-4:6;-3:18;-2:45;-1:91;1:32;2:6;3:2",-1
3339,4,10,36,"Hit(CW,7,MIDDLE)",3,-1.1,1.39284,200,1,"-5:1;-4:4;-3:20;-2:53;-1:82;1:31;2:9",-0.765
3339,4,10,37,"Hit(CCW,7,MIDDLE)",3,-0.95,1.53216,200,1,"-4:5;-3:21;-2:49;-1:75;1:38;2:10;4:2",-0.76
3339,4,10,38,"Hit(CW,7,STRONG)",3,-0.905,1.71347,200,1,"-4:5;-3:35;-2:37;-1:65;1:38;2:15;3:5",-0.765
3339,4,10,39,"Hit(CCW,7,STRONG)",3,-0.935,1.6434,200,1,"-4:5;-3:26;-2:44;-1:75;1:35;2:10;3:2;4:2;5:1",-0.8
3339,4,10,40,"Freeze(CW,7)",4,-1.35,1.73133,200,1,"-5:2;-4:21;-3:27;-2:49;-1:55;1:35;2:10;3:1",-1.995
3339,4,10,41,"Freeze(CCW,7)",4,-1.27,1.79919,200,1,"-5:4;-4:14;-3:39;-2:38;-1:51;1:43;2:10;3:1",-2
3339,4,10,42,"Hit(CW,9,TOUCH)",3,-0.7,1.74069,200,1,"-4:7;-3:25;-2:28;-1:76;1:42;2:15;3:5;4:2",0.545
3339,4,10,43,"Hit(CCW,9,TOUCH)",3,-0.67,1.87912,200,1,"-5:3;-4:12;-3:19;-2:30;-1:59;1:56;2:16;3:3;4:2",0.02
3339,4,10,44,"Hit(CW,9,WEAK)",3,-0.96,1.63046,200,1,"-4:5;-3:30;-2:32;-1:89;1:25;2:14;3:3;4:1;5:1",-0.835
3339,4,10,45,"Hit(CCW,9,WEAK)",3,-1.48,1.65819,200,1,"-5:2;-4:15;-3:47;-2:38;-1:57;1:36;2:3;3:2",-1.67
3339,4,10,46,"Hit(CW,9,MIDDLE)",3,-1.64,1.42843,200,1,"-4:19;-3:37;-2:53;-1:64;1:25;2:2",-1.675
3339,4,10,47,"Hit(CCW,9,MIDDLE)",3,-1.06,1.52525,200,1,"-4:10;-3:27;-2:30;-1:87;1:38;2:6;3:2",-0.985
3339,4,10,48,"Hit(CW,9,STRONG)",3,-1.48,1.58417,200,1,"-5:2;-4:20;-3:31;-2:43;-1:68;1:31;2:5",-1.685
3339,4,10,49,"Hit(CCW,9,STRONG)",3,-0.99,1.54916,200,1,"-5:1;-4:8;-3:21;-2:41;-1:79;1:38;2:11;3:1",-1.025
3339,4,10,50,"Freeze(CW,9)",4,-0.7,1.76918,200,1,"-5:1;-4:8;-3:18;-2:39;-1:69;1:41;2:16;3:7;4:1",-0.45
3339,4,10,51,"Freeze(CCW,9)",4,-0.845,1.93932,200,1,"-5:4;-4:10;-3:33;-2:32;-1:46;1:56;2:14;3:4;4:1",0.045
3339,4,10,52,"PostGuard(CW,2,0)",7,-1.35,1.82688,200,1,"-4:18;-3:49;-2:38;-1:42;1:43;2:8;3:1;5:1",-2
3339,4,10,53,"PostGuard(CCW,2,0)",7,-1.305,1.82537,200,1,"-5:4;-4:15;-3:37;-2:46;-1:46;1:38;2:12;3:2",-2
3339,4,10,54,"PostGuard(CW,2,1)",7,-1.275,1.63382,200,1,"-5:2;-4:13;-3:27;-2:60;-1:48;1:45;2:4;3:1",-2
3339,4,10,55,"PostGuard(CCW,2,1)",7,-1.195,1.81024,200,1,"-4:16;-3:37;-2:48;-1:42;1:44;2:10;3:2;4:1",-2
3339,4,10,56,"PostGuard(CW,2,2)",7,-1.33,1.76666,200,1,"-5:3;-4:19;-3:37;-2:33;-1:57;1:44;2:6;3:1",-2
3339,4,10,57,"PostGuard(CCW,2,2)",7,-1.105,1.80665,200,1,"-5:2;-4:14;-3:26;-2:53;-1:49;1:37;2:16;3:3",-2
3339,4,10,58,"PostGuard(CW,6,0)",7,-1.035,1.87717,200,1,"-5:5;-4:9;-3:29;-2:47;-1:49;1:45;2:12;3:2;4:1;5:1",-2
3339,4,10,59,"PostGuard(CCW,6,0)",7,-1.175,1.80676,200,1,"-5:5;-4:13;-3:29;-2:49;-1:44;1:50;2:9;3:1",-2
3339,4,10,60,"PostGuard(CW,6,1)",7,-1.09,1.91622,200,1,"-5:3;-4:12;-3:42;-2:33;-1:48;1:45;2:13;3:2;4:2",-2
3339,4,10,61,"PostGuard(CCW,6,1)",7,-1.05,1.75713,200,1,"-5:1;-4:13;-3:31;-2:44;-1:48;1:50;2:13",-2
3339,4,10,62,"PostGuard(CW,6,2)",7,-0.91,1.85524,200,1,"-5:3;-4:16;-3:24;-2:36;-1:46;1:66;2:6;3:3",-2
3339,4,10,63,"PostGuard(CCW,6,2)",7,-1.035,1.90625,200,1,"-5:5;-4:17;-3:23;-2:41;-1:48;1:48;2:17;3:1",-2
3339,4,10,64,"PostGuard(CW,8,0)",7,-1.24,1.80067,200,1,"-5:3;-4:16;-3:33;-2:44;-1:50;1:43;2:8;3:3",-2
3339,4,10,65,"PostGuard(CCW,8,0)",7,-1.195,1.85391,200,1,"-5:2;-4:12;-3:40;-2:44;-1:48;1:42;2:8;4:3;5:1",-2
3339,4,10,66,"PostGuard(CW,8,1)",7,-1.13,1.87965,200,1,"-5:4;-4:17;-3:32;-2:37;-1:46;1:51;2:12;3:1",-2
3339,4,10,67,"PostGuard(CCW,8,1)",7,-1.315,1.74808,200,1,"-4:15;-3:42;-2:46;-1:49;1:36;2:9;3:2;4:1",-2
3339,4,10,68,"PostGuard(CW,8,2)",7,-1.415,1.83651,200,1,"-5:3;-4:25;-3:35;-2:36;-1:52;1:39;2:8;3:2",-2
3339,4,10,69,"PostGuard(CCW,8,2)",7,-1.1,1.7,200,1,"-5:2;-4:8;-3:32;-2:50;-1:51;1:49;2:5;3:2;4:1",-2
3339,4,10,70,"Pass",0,-1.41,1.75553,200,1,"-5:1;-4:19;-3:39;-2:52;-1:40;1:40;2:7;3:2",-2
3566,6,14,0,"Draw(CW,TEE)",1,0.98,0.282135,200,1,"-1:3;1:196;3:1",1
3566,6,14,1,"Draw(CCW,TEE)",1,0.765,0.699839,200,1,"-2:3;-1:20;1:175;2:2",1
3566,6,14,2,"Draw(CW,S0)",1,0.955,0.320897,200,1,"-1:5;1:194;2:1",1
3566,6,14,3,"Draw(CCW,S0)",1,0.89,0.455961,200,1,"-1:11;1:189",1
3566,6,14,4,"Draw(CW,S2)",1,0.94,0.341174,200,1,"-1:6;1:194",1
3566,6,14,5,"Draw(CCW,S2)",1,0.96,0.28,200,1,"-1:4;1:196",1
3566,6,14,6,"Draw(CW,S4)",1,0.95,0.31225,200,1,"-1:5;1:195",1
3566,6,14,7,"Draw(CCW,S4)",1,0.87,0.550545,200,1,"-2:2;-1:11;1:185;2:2",1
3566,6,14,8,"Draw(CW,S6)",1,0.93,0.406325,200,1,"-2:1;-1:6;1:192;2:1",1
3566,6,14,9,"Draw(CCW,S6)",1,0.895,0.462574,200,1,"-2:1;-1:9;1:190",1
3566,6,14,10,"Draw(CW,L0)",1,0.96,0.385227,200,1,"-1:6;1:191;2:2;3:1",1
3566,6,14,11,"Draw(CCW,L0)",1,0.99,0.282666,200,1,"-1:3;1:193;2:4",1
3566,6,14,12,"Draw(CW,L1)",1,0.925,0.399218,200,1,"-1:8;1:191;2:1",1
3566,6,14,13,"Draw(CCW,L1)",1,0.94,0.382623,200,1,"-2:1;-1:5;1:193;2:1",1
3566,6,14,14,"Draw(CW,L2)",1,0.91,0.449333,200,1,"-2:2;-1:6;1:192",1
3566,6,14,15,"Draw(CCW,L2)",1,0.91,0.48156,200,1,"-2:4;-1:3;1:193",1
3566,6,14,16,"Draw(CW,L3)",1,0.92,0.391918,200,1,"-1:8;1:192",1
3566,6,14,17,"Draw(CCW,L3)",1,0.95,0.357071,200,1,"-2:2;-1:2;1:196",1
3566,6,14,18,"Draw(CW,L4)",1,0.365,0.970451,200,1,"-2:5;-1:56;1:139",1
3566,6,14,19,"Draw(CCW,L4)",1,0.43,0.967006,200,1,"-2:8;-1:45;1:147",1
3566,6,14,20,"Draw(CW,L5)",1,0.96,0.28,200,1,"-1:4;1:196",1
3566,6,14,21,"Draw(CCW,L5)",1,0.91,0.414608,200,1,"-1:9;1:191",1
3566,6,14,22,"Draw(CW,L6)",1,0.95,0.31225,200,1,"-1:5;1:195",1
3566,6,14,23,"Draw(CCW,L6)",1,0.96,0.28,200,1,"-1:4;1:196",1
3566,6,14,24,"Draw(CW,L7)",1,0.91,0.414608,200,1,"-1:9;1:191",1
3566,6,14,25,"Draw(CCW,L7)",1,0.855,0.560335,200,1,"-2:3;-1:10;1:187",1
3566,6,14,26,"PreGuard(CW,G3)",2,0.905,0.475368,200,1,"-2:3;-1:5;1:192",1
3566,6,14,27,"PreGuard(CCW,G3)",2,0.935,0.3752,200,1,"-2:1;-1:5;1:194",1
3566,6,14,28,"PreGuard(CW,G4)",2,0.97,0.243105,200,1,"-1:3;1:197",1
3566,6,14,29,"PreGuard(CCW,G4)",2,0.98,0.198997,200,1,"-1:2;1:198",1
3566,6,14,30,"PreGuard(CW,G5)",2,0.89,0.455961,200,1,"-1:11;1:189",1
3566,6,14,31,"PreGuard(CCW,G5)",2,0.885,0.51164,200,1,"-2:3;-1:7;1:190",1
3566,6,14,32,"Hit(CW,1,TOUCH)",3,0.96,0.28,200,1,"-1:4;1:196",1
3566,6,14,33,"Hit(CCW,1,TOUCH)",3,0.865,0.571642,200,1,"-2:2;-1:12;1:183;2:3",1
3566,6,14,34,"Hit(CW,1,WEAK)",3,0.445,1.10317,200,1,"-3:1;-2:15;-1:35;1:144;2:2;3:3",0.92
3566,6,14,35,"Hit(CCW,1,WEAK)",3,-0.425,1.1333,200,1,"-3:3;-2:23;-1:102;1:72",0.62
3566,6,14,36,"Hit(CW,1,MIDDLE)",3,-1.5,1.61864,200,1,"-6:3;-5:6;-4:12;-3:33;-2:26;-1:87;1:32;2:1",-0.375
3566,6,14,37,"Hit(CCW,1,MIDDLE)",3,0.775,1.31696,200,1,"-5:1;-4:2;-3:1;-2:11;-1:21;1:125;2:28;3:11",1.04
3566,6,14,38,"Hit(CW,1,STRONG)",3,-1.36,1.63414,200,1,"-6:2;-5:7;-4:9;-3:32;-2:24;-1:86;1:39;2:1",-0.23
3566,6,14,39,"Hit(CCW,1,STRONG)",3,0.58,1.39054,200,1,"-4:2;-3:5;-2:18;-1:19;1:126;2:22;3:8",0.995
3566,6,14,40,"Freeze(CW,1)",4,0.94,0.341174,200,1,"-1:6;1:194",1
3566,6,14,41,"Freeze(CCW,1)",4,0.745,0.721093,200,1,"-2:5;-1:18;1:177",1
3566,6,14,42,"Hit(CW,5,TOUCH)",3,0.695,0.769399,200,1,"-2:4;-1:25;1:170;2:1",1
3566,6,14,43,"Hit(CCW,5,TOUCH)",3,0.965,0.551158,200,1,"-1:10;1:181;2:5;3:4",1
3566,6,14,44,"Hit(CW,5,WEAK)",3,-0.345,1.00796,200,1,"-2:9;-1:121;1:70",0.895
3566,6,14,45,"Hit(CCW,5,WEAK)",3,0.565,0.875086,200,1,"-3:1;-2:1;-1:41;1:155;2:2",0.95
3566,6,14,46,"Hit(CW,5,MIDDLE)",3,0.66,0.987117,200,1,"-4:1;-3:4;-2:7;-1:15;1:170;2:2;3:1",0.94
3566,6,14,47,"Hit(CCW,5,MIDDLE)",3,-0.925,1.39978,200,1,"-5:1;-4:5;-3:18;-2:34;-1:93;1:43;2:6",0.32
3566,6,14,48,"Hit(CW,5,STRONG)",3,0.395,1.26845,200,1,"-4:4;-3:7;-2:3;-1:36;1:144;2:4;3:2",0.86
3566,6,14,49,"Hit(CCW,5,STRONG)",3,-0.6,1.29228,200,1,"-4:1;-3:10;-2:33;-1:90;1:62;2:4",0.5
3566,6,14,50,"Freeze(CW,5)",4,0.68,0.779487,200,1,"-3:1;-2:1;-1:29;1:168;2:1",1
3566,6,14,51,"Freeze(CCW,5)",4,0.835,0.638573,200,1,"-2:1;-1:18;1:175;2:6",1
3566,6,14,52,"Hit(CW,7,TOUCH)",3,0.81,0.611474,200,1,"-2:2;-1:16;1:182",1
3566,6,14,53,"Hit(CCW,7,TOUCH)",3,0.91,0.641794,200,1,"-2:3;-1:11;1:173;2:13",1
3566,6,14,54,"Hit(CW,7,WEAK)",3,0.73,0.772722,200,1,"-2:5;-1:21;1:172;2:1;3:1",1
3566,6,14,55,"Hit(CCW,7,WEAK)",3,0.525,1.07209,200,1,"-3:4;-2:9;-1:30;1:150;2:6;3:1",0.84
3566,6,14,56,"Hit(CW,7,MIDDLE)",3,0.39,1.30303,200,1,"-3:8;-2:14;-1:33;1:132;2:8;3:5",0.97
3566,6,14,57,"Hit(CCW,7,MIDDLE)",3,0.38,1.05148,200,1,"-3:4;-2:3;-1:51;1:139;2:3",0.87
3566,6,14,58,"Hit(CW,7,STRONG)",3,0.455,1.24015,200,1,"-3:8;-2:7;-1:37;1:135;2:8;3:5",0.97
3566,6,14,59,"Hit(CCW,7,STRONG)",3,0.385,1.11659,200,1,"-4:1;-3:5;-2:5;-1:43;1:143;2:3",0.92
3566,6,14,60,"Freeze(CW,7)",4,0.795,0.61885,200,1,"-2:1;-1:19;1:180",1
3566,6,14,61,"Freeze(CCW,7)",4,0.915,0.507715,200,1,"-2:1;-1:9;1:188;3:2",1
3566,6,14,62,"Hit(CW,9,TOUCH)",3,0.88,0.711056,200,1,"-4:2;-1:11;1:180;2:6;3:1",1
3566,6,14,63,"Hit(CCW,9,TOUCH)",3,0.92,0.391918,200,1,"-1:8;1:192",1
3566,6,14,64,"Hit(CW,9,WEAK)",3,0.9,0.678233,200,1,"-1:19;1:163;2:18",1.235
3566,6,14,65,"Hit(CCW,9,WEAK)",3,0.69,0.838987,200,1,"-2:5;-1:27;1:161;2:7",1.105
3566,6,14,66,"Hit(CW,9,MIDDLE)",3,0.015,1.33221,200,1,"-2:47;-1:30;1:120;2:2;3:1",1
3566,6,14,67,"Hit(CCW,9,MIDDLE)",3,0.46,1.69364,200,1,"-3:16;-2:26;-1:17;1:76;2:62;3:3",1.79
3566,6,14,68,"Hit(CW,9,STRONG)",3,-0.09,1.41489,200,1,"-3:2;-2:50;-1:34;1:109;2:4;5:1",1
3566,6,14,69,"Hit(CCW,9,STRONG)",3,0.17,1.64654,200,1,"-3:11;-2:37;-1:30;1:74;2:47;3:1",1.8
3566,6,14,70,"Freeze(CW,9)",4,0.93,0.62857,200,1,"-2:2;-1:10;1:180;2:5;3:2;4:1",1
3566,6,14,71,"Freeze(CCW,9)",4,0.975,0.504356,200,1,"-2:1;-1:6;1:186;2:5;3:1;4:1",1
3566,6,14,72,"Hit(CW,11,TOUCH)",3,0.98,0.282135,200,1,"-1:3;1:196;3:1",1
3566,6,14,73,"Hit(CCW,11,TOUCH)",3,0.55,0.952628,200,1,"-2:12;-1:28;1:158;2:2",1
3566,6,14,74,"Hit(CW,11,WEAK)",3,0.455,1.11713,200,1,"-3:3;-2:11;-1:36;1:146;2:1;3:2;4:1",0.895
3566,6,14,75,"Hit(CCW,11,WEAK)",3,-0.315,1.33633,200,1,"-4:4;-3:6;-2:22;-1:77;1:90;2:1",0.95
3566,6,14,76,"Hit(CW,11,MIDDLE)",3,-1.395,1.64893,200,1,"-5:8;-4:12;-3:32;-2:32;-1:75;1:38;2:3",-0.205
3566,6,14,77,"Hit(CCW,11,MIDDLE)",3,0.865,1.18185,200,1,"-4:1;-3:2;-2:10;-1:16;1:134;2:27;3:9;4:1",1.02
3566,6,14,78,"Hit(CW,11,STRONG)",3,-1.49,1.60309,200,1,"-5:8;-4:12;-3:37;-2:29;-1:78;1:35;2:1",-0.285
3566,6,14,79,"Hit(CCW,11,STRONG)",3,0.545,1.48256,200,1,"-5:1;-4:1;-3:2;-2:18;-1:35;1:107;2:21;3:14;4:1",1.075
3566,6,14,80,"Freeze(CW,11)",4,0.995,0.158035,200,1,"-1:1;1:198;2:1",1
3566,6,14,81,"Freeze(CCW,11)",4,0.58,0.868101,200,1,"-2:4;-1:37;1:157;2:2",1
3566,6,14,82,"Hit(CW,13,TOUCH)",3,0.745,0.727994,200,1,"-3:1;-2:1;-1:23;1:173;2:2",1
3566,6,14,83,"Hit(CCW,13,TOUCH)",3,0.96,0.28,200,1,"-1:4;1:196",1
3566,6,14,84,"Hit(CW,13,WEAK)",3,-0.47,1.05314,200,1,"-2:22;-1:114;1:64",0.73
3566,6,14,85,"Hit(CCW,13,WEAK)",3,-0.175,0.992157,200,1,"-2:1;-1:116;1:83",1
3566,6,14,86,"Hit(CW,13,MIDDLE)",3,0.105,1.39427,200,1,"-4:6;-3:7;-2:14;-1:40;1:132;2:1",0.9
3566,6,14,87,"Hit(CCW,13,MIDDLE)",3,-1.415,1.75863,200,1,"-6:1;-5:14;-4:10;-3:23;-2:36;-1:72;1:42;2:2",-0.015
3566,6,14,88,"Hit(CW,13,STRONG)",3,0.035,1.40135,200,1,"-4:6;-3:8;-2:11;-1:50;1:123;2:2",0.9
3566,6,14,89,"Hit(CCW,13,STRONG)",3,-1.03,1.60284,200,1,"-6:2;-5:5;-4:4;-3:24;-2:24;-1:89;1:48;2:4",-0.005
3566,6,14,90,"Freeze(CW,13)",4,0.61,0.898833,200,1,"-2:9;-1:27;1:161;2:3",1
3566,6,14,91,"Freeze(CCW,13)",4,0.93,0.36756,200,1,"-1:7;1:193",1
3566,6,14,92,"PostGuard(CW,0,0)",7,1,0.489898,200,1,"-2:1;-1:4;1:189;2:2;3:3;4:1",1
3566,6,14,93,"PostGuard(CCW,0,0)",7,0.93,0.441701,200,1,"-1:9;1:187;2:4",1
3566,6,14,94,"PostGuard(CW,0,1)",7,0.88,0.543691,200,1,"-2:2;-1:10;1:187;3:1",1
3566,6,14,95,"PostGuard(CCW,0,1)",7,0.85,0.554527,200,1,"-2:2;-1:12;1:186",1
3566,6,14,96,"PostGuard(CW,0,2)",7,0.89,0.455961,200,1,"-1:11;1:189",1
3566,6,14,97,"PostGuard(CCW,0,2)",7,0.895,0.462574,200,1,"-2:1;-1:9;1:190",1
3566,6,14,98,"PostGuard(CW,4,0)",7,0.975,0.551702,200,1,"-1:9;1:183;2:4;3:3;4:1",1
3566,6,14,99,"PostGuard(CCW,4,0)",7,0.98,0.446766,200,1,"-1:6;1:189;2:3;3:1;4:1",1
3566,6,14,100,"PostGuard(CW,4,1)",7,0.89,0.517591,200,1,"-2:2;-1:9;1:187;2:2",1
3566,6,14,101,"PostGuard(CCW,4,1)",7,0.86,0.538888,200,1,"-2:2;-1:11;1:187",1
3566,6,14,102,"PostGuard(CW,4,2)",7,0.96,0.28,200,1,"-1:4;1:196",1
3566,6,14,103,"PostGuard(CCW,4,2)",7,0.965,0.289439,200,1,"-2:1;-1:2;1:197",1
3566,6,14,104,"PostGuard(CW,6,0)",7,0.975,0.323071,200,1,"-2:1;-1:2;1:196;3:1",1
3566,6,14,105,"PostGuard(CCW,6,0)",7,0.715,0.75085,200,1,"-2:3;-1:25;1:170;2:2",1
3566,6,14,106,"PostGuard(CW,6,1)",7,0.87,0.52259,200,1,"-2:1;-1:12;1:186;2:1",1
3566,6,14,107,"PostGuard(CCW,6,1)",7,0.81,0.611474,200,1,"-2:2;-1:16;1:182",1
3566,6,14,108,"PostGuard(CW,6,2)",7,0.925,0.399218,200,1,"-1:8;1:191;2:1",1
3566,6,14,109,"PostGuard(CCW,6,2)",7,0.995,0.158035,200,1,"-1:1;1:198;2:1",1
3566,6,14,110,"PostGuard(CW,8,0)",7,0.88,0.505569,200,1,"-1:13;1:185;2:2",1
3566,6,14,111,"PostGuard(CCW,8,0)",7,0.95,0.31225,200,1,"-1:5;1:195",1
3566,6,14,112,"PostGuard(CW,8,1)",7,0.945,0.349249,200,1,"-2:1;-1:4;1:195",1
3566,6,14,113,"PostGuard(CCW,8,1)",7,0.955,0.320897,200,1,"-2:1;-1:3;1:196",1
3566,6,14,114,"PostGuard(CW,8,2)",7,0.935,0.3752,200,1,"-1:7;1:192;2:1",1
3566,6,14,115,"PostGuard(CCW,8,2)",7,0.905,0.475368,200,1,"-2:2;-1:7;1:190;2:1",1
3566,6,14,116,"PostGuard(CW,10,0)",7,0.86,0.714423,200,1,"-2:4;-1:13;1:176;2:5;3:1;4:1",1
3566,6,14,117,"PostGuard(CCW,10,0)",7,0.815,0.61707,200,1,"-2:2;-1:16;1:181;2:1",1
3566,6,14,118,"PostGuard(CW,10,1)",7,0.945,0.349249,200,1,"-2:1;-1:4;1:195",1
3566,6,14,119,"PostGuard(CCW,10,1)",7,0.995,0.158035,200,1,"-1:1;1:198;2:1",1
3566,6,14,120,"PostGuard(CW,10,2)",7,0.97,0.243105,200,1,"-1:3;1:197",1
3566,6,14,121,"PostGuard(CCW,10,2)",7,0.985,0.211601,200,1,"-2:1;1:199",1
3566,6,14,122,"PostGuard(CW,12,0)",7,1,0,200,1,"1:200",1
3566,6,14,123,"PostGuard(CCW,12,0)",7,1,0,200,1,"1:200",1
3566,6,14,124,"PostGuard(CW,12,1)",7,1,0,200,1,"1:200",1
3566,6,14,125,"PostGuard(CCW,12,1)",7,1,0,200,1,"1:200",1
3566,6,14,126,"PostGuard(CW,12,2)",7,1,0,200,1,"1:200",1
3566,6,14,127,"PostGuard(CCW,12,2)",7,1,0,200,1,"1:200",1
3566,6,14,128,"Pass",0,0.925,0.399218,200,1,"-2:1;-1:6;1:193",1
5523,3,9,0,"Draw(CW,TEE)",1,0.22,1.85785,200,1,"-5:1;-3:8;-2:24;-1:62;1:60;2:27;3:8;4:5;5:5",-3
5523,3,9,1,"Draw(CCW,TEE)",1,-0.155,1.97762,200,1,"-5:1;-4:9;-3:11;-2:35;-1:46;1:58;2:24;3:11;4:5",-2.86
5523,3,9,2,"Draw(CW,S0)",1,0.325,1.78588,200,1,"-5:1;-3:11;-2:23;-1:43;1:74;2:34;3:9;4:3;5:1;6:1",-3.005
5523,3,9,3,"Draw(CCW,S0)",1,-0.06,2.15555,200,1,"-5:1;-4:7;-3:23;-2:30;-1:33;1:62;2:23;3:12;4:6;5:3",-2.045
5523,3,9,4,"Draw(CW,S2)",1,0.235,1.7435,200,1,"-4:4;-3:5;-2:28;-1:44;1:82;2:21;3:11;4:4;5:1",-3
5523,3,9,5,"Draw(CCW,S2)",1,0.195,1.77397,200,1,"-4:2;-3:9;-2:23;-1:58;1:60;2:31;3:13;4:3;5:1",-3
5523,3,9,6,"Draw(CW,S4)",1,0.385,1.73112,200,1,"-4:3;-3:4;-2:22;-1:49;1:75;2:30;3:11;4:4;5:2",-3.005
5523,3,9,7,"Draw(CCW,S4)",1,-0.295,1.9437,200,1,"-5:1;-4:5;-3:21;-2:30;-1:54;1:56;2:17;3:12;4:3;5:1",-2.41
5523,3,9,8,"Draw(CW,S6)",1,0.34,2.14346,200,1,"-5:1;-4:4;-3:14;-2:20;-1:50;1:53;2:25;3:20;4:8;5:4;6:1",-3
5523,3,9,9,"Draw(CCW,S6)",1,0.08,1.9984,200,1,"-5:1;-4:5;-3:14;-2:21;-1:54;1:64;2:23;3:7;4:7;5:4",-3.02
5523,3,9,10,"Draw(CW,L0)",1,0.025,1.81779,200,1,"-5:1;-4:3;-3:11;-2:27;-1:53;1:68;2:22;3:11;4:3;5:1",-3.02
5523,3,9,11,"Draw(CCW,L0)",1,0.105,1.95038,200,1,"-4:5;-3:15;-2:25;-1:47;1:59;2:30;3:13;4:5;5:1",-1.315
5523,3,9,12,"Draw(CW,L1)",1,0.115,1.8713,200,1,"-5:1;-4:2;-3:11;-2:26;-1:54;1:64;2:25;3:8;4:8;5:1",-3
5523,3,9,13,"Draw(CCW,L1)",1,0.1,1.88414,200,1,"-4:3;-3:14;-2:24;-1:53;1:66;2:20;3:11;4:9",-3
5523,3,9,14,"Draw(CW,L2)",1,0.195,2.06324,200,1,"-6:2;-5:2;-4:1;-3:14;-2:23;-1:45;1:60;2:31;3:15;4:4;5:3",-3
5523,3,9,15,"Draw(CCW,L2)",1,0.38,1.8643,200,1,"-5:1;-3:6;-2:23;-1:59;1:55;2:31;3:16;4:6;5:3",-3
5523,3,9,16,"Draw(CW,L3)",1,-0.085,1.87557,200,1,"-5:2;-4:3;-3:19;-2:18;-1:56;1:70;2:17;3:10;4:5",-3
5523,3,9,17,"Draw(CCW,L3)",1,0.09,1.94471,200,1,"-5:1;-4:3;-3:10;-2:35;-1:47;1:53;2:31;3:14;4:5;5:1",-3
5523,3,9,18,"Draw(CW,L4)",1,-0.265,1.85061,200,1,"-5:1;-4:7;-3:10;-2:37;-1:54;1:60;2:18;3:10;4:3",-3
5523,3,9,19,"Draw(CCW,L4)",1,-0.51,1.8788,200,1,"-5:4;-4:4;-3:19;-2:36;-1:55;1:59;2:13;3:8;4:1;5:1",-3
5523,3,9,20,"Draw(CW,L5)",1,0.24,1.87681,200,1,"-4:3;-3:10;-2:27;-1:46;1:66;2:29;3:13;4:4;5:1;6:1",-3
5523,3,9,21,"Draw(CCW,L5)",1,0.02,1.74917,200,1,"-4:2;-3:6;-2:32;-1:62;1:61;2:25;3:5;4:5;5:2",-3
5523,3,9,22,"Draw(CW,L6)",1,0.11,1.87561,200,1,"-5:1;-4:3;-3:15;-2:21;-1:51;1:63;2:27;3:16;4:3",-3
5523,3,9,23,"Draw(CCW,L6)",1,0.24,1.79232,200,1,"-6:1;-5:2;-3:7;-2:20;-1:58;1:60;2:35;3:15;4:2",-3
5523,3,9,24,"Draw(CW,L7)",1,0.29,1.82371,200,1,"-4:2;-3:12;-2:20;-1:48;1:76;2:21;3:13;4:7;5:1",-3
5523,3,9,25,"Draw(CCW,L7)",1,0.075,1.90771,200,1,"-5:2;-4:5;-3:7;-2:27;-1:53;1:64;2:24;3:13;4:3;5:2",-3
5523,3,9,26,"PreGuard(CW,G3)",2,0.265,1.93514,200,1,"-4:4;-3:8;-2:28;-1:50;1:56;2:28;3:17;4:9",-3
5523,3,9,27,"PreGuard(CCW,G3)",2,0.1,1.77482,200,1,"-4:3;-3:11;-2:20;-1:61;1:64;2:26;3:12;4:2;6:1",-3
5523,3,9,28,"PreGuard(CW,G4)",2,-0.55,1.7022,200,1,"-6:1;-5:1;-4:5;-3:17;-2:36;-1:58;1:63;2:18;3:1",-3
5523,3,9,29,"PreGuard(CCW,G4)",2,-0.735,1.73631,200,1,"-5:1;-4:7;-3:22;-2:38;-1:64;1:52;2:10;3:4;4:2",-3
5523,3,9,30,"PreGuard(CW,G5)",2,-0.045,1.87162,200,1,"-4:6;-3:12;-2:28;-1:51;1:71;2:18;3:6;4:7;5:1",-3
5523,3,9,31,"PreGuard(CCW,G5)",2,-0.205,1.87162,200,1,"-5:2;-4:2;-3:16;-2:32;-1:55;1:62;2:18;3:6;4:7",-3
5523,3,9,32,"Hit(CW,0,TOUCH)",3,0.47,1.93626,200,1,"-6:1;-4:5;-3:5;-2:20;-1:44;1:68;2:33;3:12;4:11;5:1",-2.98
5523,3,9,33,"Hit(CCW,0,TOUCH)",3,0.2,1.92873,200,1,"-4:5;-3:12;-2:24;-1:47;1:62;2:27;3:18;4:4;5:1",-1.44
5523,3,9,34,"Hit(CW,0,WEAK)",3,0.395,1.84905,200,1,"-4:1;-3:14;-2:21;-1:40;1:72;2:27;3:20;4:4;5:1",-2.065
5523,3,9,35,"Hit(CCW,0,WEAK)",3,0.13,1.89026,200,1,"-5:1;-4:3;-3:10;-2:31;-1:43;1:73;2:22;3:9;4:6;5:2",-2.05
5523,3,9,36,"Hit(CW,0,MIDDLE)",3,0.32,1.4992,200,1,"-5:1;-3:5;-2:19;-1:49;1:88;2:31;3:7",-0.385
5523,3,9,37,"Hit(CCW,0,MIDDLE)",3,0.49,1.833,200,1,"-4:2;-3:7;-2:21;-1:43;1:81;2:22;3:12;4:10;5:1;6:1",-0.515
5523,3,9,38,"Hit(CW,0,STRONG)",3,0.22,1.76397,200,1,"-5:1;-4:5;-3:9;-2:19;-1:45;1:78;2:28;3:15",-0.27
5523,3,9,39,"Hit(CCW,0,STRONG)",3,0.59,1.75553,200,1,"-5:1;-4:2;-3:4;-2:19;-1:41;1:76;2:31;3:20;4:6",-0.395
5523,3,9,40,"Freeze(CW,0)",4,0.225,1.82603,200,1,"-4:2;-3:11;-2:20;-1:58;1:63;2:24;3:16;4:5;5:1",-2.99
5523,3,9,41,"Freeze(CCW,0)",4,0.175,1.88796,200,1,"-5:1;-4:5;-3:8;-2:26;-1:47;1:66;2:33;3:7;4:5;5:2",-2.25
5523,3,9,42,"Hit(CW,2,TOUCH)",3,-0.13,2.03792,200,1,"-6:1;-5:4;-4:5;-3:15;-2:24;-1:47;1:69;2:22;3:9;4:1;5:2;6:1",-3.37
5523,3,9,43,"Hit(CCW,2,TOUCH)",3,0.195,1.86466,200,1,"-4:4;-3:11;-2:23;-1:50;1:65;2:30;3:11;4:4;5:2",-3
5523,3,9,44,"Hit(CW,2,WEAK)",3,0.63,1.83932,200,1,"-5:1;-3:6;-2:20;-1:44;1:66;2:35;3:17;4:9;5:2",-2.845
5523,3,9,45,"Hit(CCW,2,WEAK)",3,0.335,1.84737,200,1,"-4:1;-3:8;-2:30;-1:42;1:74;2:26;3:9;4:6;5:4",-2.895
5523,3,9,46,"Hit(CW,2,MIDDLE)",3,0.785,1.79688,200,1,"-4:1;-3:5;-2:11;-1:47;0:1;1:76;2:28;3:16;4:10;5:5",-1.26
5523,3,9,47,"Hit(CCW,2,MIDDLE)",3,0.31,1.73606,200,1,"-4:2;-3:6;-2:26;-1:47;1:76;2:24;3:13;4:6",-2.51
5523,3,9,48,"Hit(CW,2,STRONG)",3,0.625,1.77606,200,1,"-5:1;-4:1;-3:4;-2:18;-1:45;1:71;2:33;3:20;4:6;6:1",-1.31
5523,3,9,49,"Hit(CCW,2,STRONG)",3,0.195,1.71959,200,1,"-4:2;-3:7;-2:25;-1:54;0:1;1:72;2:23;3:10;4:6",-2.47
5523,3,9,50,"Freeze(CW,2)",4,-0.49,2.09759,200,1,"-5:4;-4:11;-3:18;-2:32;-1:52;1:54;2:13;3:10;4:4;5:2",-3.495
5523,3,9,51,"Freeze(CCW,2)",4,0.32,1.94103,200,1,"-4:1;-3:7;-2:26;-1:58;1:61;2:24;3:11;4:5;5:5;6:2",-3
5523,3,9,52,"Hit(CW,4,TOUCH)",3,0.19,1.80386,200,1,"-4:3;-3:5;-2:25;-1:61;1:66;2:21;3:11;4:5;5:3",-3
5523,3,9,53,"Hit(CCW,4,TOUCH)",3,0.67,1.81414,200,1,"-4:2;-3:5;-2:14;-1:51;1:61;2:38;3:20;4:6;5:3",-3
5523,3,9,54,"Hit(CW,4,WEAK)",3,0.875,1.99984,200,1,"-5:1;-4:1;-3:4;-2:16;-1:48;1:54;2:29;3:29;4:13;5:5",-2.085
5523,3,9,55,"Hit(CCW,4,WEAK)",3,0.985,1.95826,200,1,"-3:3;-2:21;-1:36;1:69;2:30;3:22;4:9;5:7;6:3",-2
5523,3,9,56,"Hit(CW,4,MIDDLE)",3,0.455,1.81878,200,1,"-4:1;-3:8;-2:21;-1:50;1:61;2:37;3:14;4:6;5:2",-0.505
5523,3,9,57,"Hit(CCW,4,MIDDLE)",3,0.975,1.82876,200,1,"-5:1;-4:1;-3:1;-2:12;-1:42;1:74;2:32;3:20;4:11;5:5;6:1",-1.2
5523,3,9,58,"Hit(CW,4,STRONG)",3,0.71,1.80994,200,1,"-4:1;-3:8;-2:15;-1:41;1:71;2:34;3:21;4:6;5:3",-0.47
5523,3,9,59,"Hit(CCW,4,STRONG)",3,0.85,1.87816,200,1,"-4:3;-3:3;-2:14;-1:45;1:62;2:34;3:24;4:14;6:1",-0.825
5523,3,9,60,"Freeze(CW,4)",4,0.09,1.77536,200,1,"-4:2;-3:12;-2:28;-1:49;1:69;2:27;3:9;4:3;5:1",-3
5523,3,9,61,"Freeze(CCW,4)",4,0.015,1.8721,200,1,"-5:1;-4:3;-3:10;-2:32;-1:53;1:56;2:31;3:8;4:5;5:1",-3
5523,3,9,62,"Hit(CW,6,TOUCH)",3,-0.14,1.83586,200,1,"-4:5;-3:16;-2:27;-1:55;1:59;2:28;3:7;4:2;5:1",-3.155
5523,3,9,63,"Hit(CCW,6,TOUCH)",3,-0.05,2.06821,200,1,"-6:1;-4:5;-3:21;-2:24;-1:48;1:57;2:24;3:12;4:6;5:2",-3.025
5523,3,9,64,"Hit(CW,6,WEAK)",3,0.515,1.99494,200,1,"-5:2;-3:10;-2:22;-1:40;1:72;2:29;3:9;4:11;5:4;6:1",-2.765
5523,3,9,65,"Hit(CCW,6,WEAK)",3,0.22,1.87659,200,1,"-4:2;-3:10;-2:24;-1:55;1:66;2:24;3:9;4:7;5:2;6:1",-2.88
5523,3,9,66,"Hit(CW,6,MIDDLE)",3,0.38,1.9041,200,1,"-5:1;-4:2;-3:10;-2:20;-1:47;1:67;2:33;3:11;4:6;5:2;6:1",-2.745
5523,3,9,67,"Hit(CCW,6,MIDDLE)",3,0.35,1.70514,200,1,"-5:1;-4:3;-3:7;-2:14;-1:51;1:80;2:30;3:10;4:3;5:1",-2.495
5523,3,9,68,"Hit(CW,6,STRONG)",3,0.19,1.90103,200,1,"-4:2;-3:13;-2:27;-1:47;0:1;1:67;2:20;3:14;4:8;5:1",-2.795
5523,3,9,69,"Hit(CCW,6,STRONG)",3,0.45,1.88613,200,1,"-5:1;-4:4;-3:8;-2:20;-1:37;1:84;2:20;3:19;4:4;5:3",-2.505
5523,3,9,70,"Freeze(CW,6)",4,-0.125,1.84916,200,1,"-4:5;-3:15;-2:29;-1:53;1:62;2:24;3:8;4:3;5:1",-3
5523,3,9,71,"Freeze(CCW,6)",4,-0.28,2.03263,200,1,"-5:1;-4:12;-3:14;-2:31;-1:47;1:65;2:17;3:7;4:2;5:4",-3
5523,3,9,72,"PostGuard(CW,1,0)",7,0.17,1.83333,200,1,"-4:1;-3:12;-2:31;-1:45;1:65;2:29;3:11;4:5;5:1",-3.01
5523,3,9,73,"PostGuard(CCW,1,0)",7,0.26,2.00559,200,1,"-5:2;-4:2;-3:12;-2:21;-1:55;1:48;2:36;3:15;4:7;5:2",-3
5523,3,9,74,"PostGuard(CW,1,1)",7,-0.495,1.89208,200,1,"-5:2;-4:5;-3:22;-2:37;-1:51;1:59;2:12;3:10;4:1;5:1",-3
5523,3,9,75,"PostGuard(CCW,1,1)",7,-0.265,1.83978,200,1,"-4:4;-3:17;-2:35;-1:51;1:68;2:16;3:5;4:2;5:1;7:1",-3
5523,3,9,76,"PostGuard(CW,1,2)",7,-0.23,1.84312,200,1,"-4:6;-3:10;-2:39;-1:53;1:65;2:16;3:4;4:5;5:2",-3
5523,3,9,77,"PostGuard(CCW,1,2)",7,-0.585,1.78403,200,1,"-5:1;-4:10;-3:15;-2:36;-1:60;1:58;2:16;3:2;4:1;5:1",-3
5523,3,9,78,"PostGuard(CW,3,0)",7,-0.41,1.89787,200,1,"-5:1;-4:5;-3:18;-2:33;-1:64;1:52;2:15;3:6;4:4;5:1;6:1",-3.005
5523,3,9,79,"PostGuard(CCW,3,0)",7,-0.355,1.88387,200,1,"-5:3;-4:6;-3:11;-2:38;-1:54;1:61;2:16;3:6;4:5",-3.155
5523,3,9,80,"PostGuard(CW,3,1)",7,-0.39,1.86759,200,1,"-4:8;-3:21;-2:26;-1:58;1:61;2:17;3:6;4:1;5:2",-3
5523,3,9,81,"PostGuard(CCW,3,1)",7,-0.13,1.90344,200,1,"-4:5;-3:13;-2:33;-1:55;1:57;2:23;3:8;4:3;5:3",-3
5523,3,9,82,"PostGuard(CW,3,2)",7,-0.355,2.06373,200,1,"-6:1;-5:1;-4:9;-3:21;-2:30;-1:48;1:52;2:26;3:6;4:5;5:1",-3
5523,3,9,83,"PostGuard(CCW,3,2)",7,-0.28,1.84705,200,1,"-4:5;-3:16;-2:28;-1:68;0:1;1:48;2:19;3:10;4:5",-3
5523,3,9,84,"PostGuard(CW,5,0)",7,0.215,1.87317,200,1,"-4:3;-3:8;-2:23;-1:59;1:63;2:26;3:6;4:9;5:3",-3
5523,3,9,85,"PostGuard(CCW,5,0)",7,0.145,1.87456,200,1,"-5:2;-4:2;-3:6;-2:30;-1:55;1:55;2:32;3:12;4:5;5:1",-3
5523,3,9,86,"PostGuard(CW,5,1)",7,0.21,1.84008,200,1,"-4:3;-3:6;-2:25;-1:63;1:51;2:28;3:18;4:6",-3
5523,3,9,87,"PostGuard(CCW,5,1)",7,0.31,2.01095,200,1,"-4:5;-3:13;-2:17;-1:54;1:52;2:31;3:19;4:7;5:2",-3
5523,3,9,88,"PostGuard(CW,5,2)",7,-0.065,1.887,200,1,"-5:1;-4:4;-3:11;-2:28;-1:62;1:54;2:21;3:13;4:6",-3
5523,3,9,89,"PostGuard(CCW,5,2)",7,0.275,1.94663,200,1,"-4:5;-3:9;-2:21;-1:56;1:55;2:25;3:21;4:8",-3
5523,3,9,90,"PostGuard(CW,7,0)",7,-0.555,1.92015,200,1,"-5:4;-4:8;-3:16;-2:37;-1:54;1:58;2:14;3:6;4:2;5:1",-3
5523,3,9,91,"PostGuard(CCW,7,0)",7,-0.405,1.93416,200,1,"-5:1;-4:7;-3:16;-2:43;-1:49;1:50;2:21;3:9;4:4",-3
5523,3,9,92,"PostGuard(CW,7,1)",7,-0.34,1.804,200,1,"-5:1;-4:6;-3:13;-2:34;-1:59;1:60;2:18;3:5;4:4",-3
5523,3,9,93,"PostGuard(CCW,7,1)",7,-0.65,1.93326,200,1,"-6:1;-5:1;-4:12;-3:17;-2:44;-1:45;1:58;2:13;3:7;4:2",-3
5523,3,9,94,"PostGuard(CW,7,2)",7,-0.345,1.66912,200,1,"-4:4;-3:10;-2:39;-1:62;1:63;2:15;3:5;4:1;5:1",-3
5523,3,9,95,"PostGuard(CCW,7,2)",7,-0.47,1.75758,200,1,"-5:1;-4:6;-3:17;-2:33;-1:62;1:55;2:19;3:7",-3
5523,3,9,96,"PostGuard(CW,9,0)",7,-0.08,1.70106,200,1,"-5:1;-4:1;-3:11;-2:33;-1:52;1:72;2:20;3:8;4:2",-3
5523,3,9,97,"PostGuard(CCW,9,0)",7,-0.215,1.90756,200,1,"-6:1;-5:1;-4:1;-3:16;-2:35;-1:56;1:57;2:16;3:13;4:2;5:2",-3
5523,3,9,98,"PostGuard(CW,9,1)",7,-0.43,1.64472,200,1,"-4:6;-3:14;-2:33;-1:62;1:66;2:15;3:4",-3
5523,3,9,99,"PostGuard(CCW,9,1)",7,-0.265,1.80963,200,1,"-4:3;-3:15;-2:38;-1:55;1:58;2:24;3:2;4:2;5:3",-3
5523,3,9,100,"PostGuard(CW,9,2)",7,-0.56,1.74539,200,1,"-5:1;-4:7;-3:9;-2:47;-1:62;1:57;2:9;3:5;4:1;5:2",-3
5523,3,9,101,"PostGuard(CCW,9,2)",7,-0.4,1.81108,200,1,"-4:7;-3:17;-2:35;-1:54;1:63;2:16;3:5;4:2;5:1",-3
5523,3,9,102,"Pass",0,0.22,1.73251,200,1,"-4:3;-3:6;-2:24;-1:55;1:68;2:27;3:13;4:4",-3
7015,5,14,0,"Draw(CW,TEE)",1,-3.31,0.757562,200,1,"-5:6;-4:75;-3:99;-2:15;-1:5",-3.395
7015,5,14,1,"Draw(CCW,TEE)",1,-3.615,1.04249,200,1,"-6:2;-5:28;-4:89;-3:67;-2:6;-1:5;1:3",-3.25
7015,5,14,2,"Draw(CW,S0)",1,-2.92,0.716659,200,1,"-5:2;-4:17;-3:159;-2:11;-1:9;1:2",-3.1
7015,5,14,3,"Draw(CCW,S0)",1,-3.03,1.67604,200,1,"-6:1;-5:19;-4:84;-3:51;-2:13;-1:11;1:21",-2.25
7015,5,14,4,"Draw(CW,S2)",1,-3.32,0.792212,200,1,"-4:87;-3:99;-2:11;1:3",-3.08
7015,5,14,5,"Draw(CCW,S2)",1,-3.16,0.902441,200,1,"-4:64;-3:122;-2:8;1:6",-3
7015,5,14,6,"Draw(CW,S4)",1,-3.19,0.594895,200,1,"-5:5;-4:41;-3:143;-2:9;-1:2",-3.235
7015,5,14,7,"Draw(CCW,S4)",1,-3.34,1.50479,200,1,"-6:6;-5:26;-4:80;-3:51;-2:14;-1:12;1:11",-2.69
7015,5,14,8,"Draw(CW,S6)",1,-3.24,0.763151,200,1,"-5:2;-4:67;-3:117;-2:9;-1:3;1:2",-3
7015,5,14,9,"Draw(CCW,S6)",1,-3.54,0.870862,200,1,"-6:1;-5:1;-4:125;-3:64;-2:4;-1:1;1:4",-3.195
7015,5,14,10,"Draw(CW,L0)",1,-2.835,0.858938,200,1,"-4:19;-3:155;-2:10;-1:11;1:5",-3.025
7015,5,14,11,"Draw(CCW,L0)",1,-1.7,1.98997,200,1,"-6:4;-5:10;-4:24;-3:47;-2:18;-1:45;1:52",0.29
7015,5,14,12,"Draw(CW,L1)",1,-3.395,0.793079,200,1,"-6:2;-4:94;-3:89;-2:13;1:2",-3.135
7015,5,14,13,"Draw(CCW,L1)",1,-3.325,0.582559,200,1,"-4:76;-3:114;-2:9;-1:1",-2.98
7015,5,14,14,"Draw(CW,L2)",1,-3.19,0.673721,200,1,"-4:61;-3:120;-2:17;-1:1;1:1",-3
7015,5,14,15,"Draw(CCW,L2)",1,-3.27,0.597578,200,1,"-6:1;-4:63;-3:125;-2:10;-1:1",-3
7015,5,14,16,"Draw(CW,L3)",1,-3.245,0.651901,200,1,"-4:67;-3:118;-2:14;1:1",-3
7015,5,14,17,"Draw(CCW,L3)",1,-3.295,0.786114,200,1,"-4:81;-3:107;-2:8;-1:1;1:3",-3
7015,5,14,18,"Draw(CW,L4)",1,-2.965,0.770568,200,1,"-6:1;-5:1;-4:16;-3:170;-2:6;-1:1;1:5",-3
7015,5,14,19,"Draw(CCW,L4)",1,-2.9,0.83666,200,1,"-5:1;-4:15;-3:169;-2:7;-1:1;1:7",-3
7015,5,14,20,"Draw(CW,L5)",1,-3.29,0.704202,200,1,"-5:2;-4:69;-3:120;-2:7;1:2",-3
7015,5,14,21,"Draw(CCW,L5)",1,-3.23,0.690724,200,1,"-6:1;-4:62;-3:123;-2:11;-1:2;1:1",-3
7015,5,14,22,"Draw(CW,L6)",1,-3.25,0.817007,200,1,"-6:1;-4:72;-3:113;-2:9;-1:2;1:3",-3
7015,5,14,23,"Draw(CCW,L6)",1,-3.265,0.710475,200,1,"-4:71;-3:118;-2:8;-1:1;1:2",-3
7015,5,14,24,"Draw(CW,L7)",1,-3.315,0.75218,200,1,"-6:1;-4:83;-3:99;-2:13;-1:3;1:1",-3
7015,5,14,25,"Draw(CCW,L7)",1,-3.515,0.860102,200,1,"-4:131;-3:53;-2:10;-1:3;1:3",-3.33
7015,5,14,26,"PreGuard(CW,G3)",2,-3.265,0.587175,200,1,"-6:1;-4:61;-3:128;-2:9;-1:1",-3
7015,5,14,27,"PreGuard(CCW,G3)",2,-3.25,0.61441,200,1,"-4:66;-3:121;-2:10;-1:3",-3
7015,5,14,28,"PreGuard(CW,G4)",2,-3.22,0.708237,200,1,"-4:59;-3:135;-2:3;1:3",-3
7015,5,14,29,"PreGuard(CCW,G4)",2,-3.175,0.790174,200,1,"-4:57;-3:135;-2:2;-1:2;1:4",-3
7015,5,14,30,"PreGuard(CW,G5)",2,-3.235,0.812265,200,1,"-6:1;-4:70;-3:113;-2:12;-1:1;1:3",-3
7015,5,14,31,"PreGuard(CCW,G5)",2,-3.245,0.803103,200,1,"-4:75;-3:110;-2:10;-1:2;1:3",-3
7015,5,14,32,"Hit(CW,1,TOUCH)",3,-2.835,0.876228,200,1,"-6:1;-4:13;-3:163;-2:9;-1:8;1:6",-3.03
7015,5,14,33,"Hit(CCW,1,TOUCH)",3,-3.755,0.977228,200,1,"-5:28;-4:123;-3:33;-2:10;-1:3;1:3",-3.435
7015,5,14,34,"Hit(CW,1,WEAK)",3,-3.155,1.09132,200,1,"-7:2;-6:1;-5:15;-4:45;-3:97;-2:29;-1:9;1:2",-3.02
7015,5,14,35,"Hit(CCW,1,WEAK)",3,-3.73,0.739662,200,1,"-5:29;-4:94;-3:71;-2:6",-3.32
7015,5,14,36,"Hit(CW,1,MIDDLE)",3,-3.355,1.19957,200,1,"-7:1;-6:5;-5:22;-4:69;-3:56;-2:35;-1:11;1:1",-2.74
7015,5,14,37,"Hit(CCW,1,MIDDLE)",3,-2.72,1.13649,200,1,"-7:3;-6:3;-5:4;-4:20;-3:85;-2:71;-1:11;1:3",-2.51
7015,5,14,38,"Hit(CW,1,STRONG)",3,-3.39,1.22797,200,1,"-7:2;-6:5;-5:20;-4:72;-3:61;-2:27;-1:11;1:2",-2.83
7015,5,14,39,"Hit(CCW,1,STRONG)",3,-2.725,1.09516,200,1,"-7:3;-6:3;-5:4;-4:17;-3:85;-2:79;-1:8;3:1",-2.485
7015,5,14,40,"Freeze(CW,1)",4,-2.97,0.446206,200,1,"-4:12;-3:175;-2:8;-1:5",-3.005
7015,5,14,41,"Freeze(CCW,1)",4,-3.74,1.17149,200,1,"-5:41;-4:104;-3:38;-2:7;-1:5;1:4;2:1",-3.37
7015,5,14,42,"Hit(CW,3,TOUCH)",3,-3.34,0.695989,200,1,"-5:13;-4:55;-3:119;-2:13",-3.35
7015,5,14,43,"Hit(CCW,3,TOUCH)",3,-3.66,1.13331,200,1,"-6:3;-5:30;-4:98;-3:51;-2:11;-1:2;1:5",-3.28
7015,5,14,44,"Hit(CW,3,WEAK)",3,-3.575,0.879986,200,1,"-5:27;-4:84;-3:69;-2:17;-1:3",-3.27
7015,5,14,45,"Hit(CCW,3,WEAK)",3,-3.525,0.692369,200,1,"-5:21;-4:65;-3:112;-2:2",-3.205
7015,5,14,46,"Hit(CW,3,MIDDLE)",3,-3.4,0.943398,200,1,"-6:3;-5:7;-4:89;-3:80;-2:14;-1:5;1:2",-2.875
7015,5,14,47,"Hit(CCW,3,MIDDLE)",3,-3.065,1.31938,200,1,"-7:3;-6:8;-5:13;-4:39;-3:64;-2:62;-1:10;3:1",-2.53
7015,5,14,48,"Hit(CW,3,STRONG)",3,-3.37,0.960781,200,1,"-7:1;-6:2;-5:8;-4:84;-3:79;-2:18;-1:7;1:1",-2.84
7015,5,14,49,"Hit(CCW,3,STRONG)",3,-2.935,1.52341,200,1,"-7:6;-6:6;-5:9;-4:43;-3:56;-2:59;-1:14;1:6;2:1",-2.53
7015,5,14,50,"Freeze(CW,3)",4,-3.4,0.663325,200,1,"-5:1;-4:94;-3:92;-2:10;-1:3",-3.46
7015,5,14,51,"Freeze(CCW,3)",4,-3.58,1.03615,200,1,"-6:1;-5:27;-4:90;-3:64;-2:11;-1:4;1:3",-3.165
7015,5,14,52,"Hit(CW,5,TOUCH)",3,-3.425,0.659071,200,1,"-5:5;-4:86;-3:101;-2:5;-1:3",-3.16
7015,5,14,53,"Hit(CCW,5,TOUCH)",3,-3.33,0.755712,200,1,"-5:2;-4:82;-3:103;-2:10;-1:1;1:2",-3.01
7015,5,14,54,"Hit(CW,5,WEAK)",3,-2.175,1.06507,200,1,"-5:5;-4:9;-3:59;-2:82;-1:39;1:6",-2.02
7015,5,14,55,"Hit(CCW,5,WEAK)",3,-2.57,1.3248,200,1,"-5:17;-4:36;-3:43;-2:60;-1:40;1:4",-2.475
7015,5,14,56,"Hit(CW,5,MIDDLE)",3,-2.685,1.45113,200,1,"-5:18;-4:50;-3:41;-2:51;-1:31;1:9",-2.575
7015,5,14,57,"Hit(CCW,5,MIDDLE)",3,-2.11,1.07606,200,1,"-5:3;-4:22;-3:38;-2:72;-1:63;1:2",-1.79
7015,5,14,58,"Hit(CW,5,STRONG)",3,-2.78,1.46683,200,1,"-5:15;-4:65;-3:42;-2:35;-1:34;1:9",-2.695
7015,5,14,59,"Hit(CCW,5,STRONG)",3,-2.13,1.05504,200,1,"-5:4;-4:15;-3:48;-2:74;-1:57;1:1;2:1",-1.835
7015,5,14,60,"Freeze(CW,5)",4,-3.32,0.653911,200,1,"-4:77;-3:115;-2:5;-1:2;1:1",-3.045
7015,5,14,61,"Freeze(CCW,5)",4,-3.435,0.711179,200,1,"-6:4;-5:4;-4:77;-3:105;-2:10",-3.01
7015,5,14,62,"Hit(CW,7,TOUCH)",3,-3.475,0.799609,200,1,"-5:4;-4:104;-3:84;-2:5;1:3",-3.21
7015,5,14,63,"Hit(CCW,7,TOUCH)",3,-3.495,0.663306,200,1,"-5:1;-4:111;-3:78;-2:6;-1:4",-3.55
7015,5,14,64,"Hit(CW,7,WEAK)",3,-3.135,0.936363,200,1,"-5:5;-4:71;-3:81;-2:36;-1:5;1:2",-3.02
7015,5,14,65,"Hit(CCW,7,WEAK)",3,-2.37,1.14591,200,1,"-5:4;-4:15;-3:80;-2:74;-1:17;1:9;2:1",-2.615
7015,5,14,66,"Hit(CW,7,MIDDLE)",3,-2.15,1.13027,200,1,"-4:8;-3:67;-2:99;-1:16;1:6;2:1;3:3",-2.32
7015,5,14,67,"Hit(CCW,7,MIDDLE)",3,-3.415,1.14576,200,1,"-5:15;-4:109;-3:41;-2:24;-1:6;1:5",-3.21
7015,5,14,68,"Hit(CW,7,STRONG)",3,-2.165,1.10353,200,1,"-4:13;-3:59;-2:100;-1:18;1:7;2:2;3:1",-2.29
7015,5,14,69,"Hit(CCW,7,STRONG)",3,-3.46,0.93723,200,1,"-5:16;-4:97;-3:57;-2:25;-1:4;1:1",-3.16
7015,5,14,70,"Freeze(CW,7)",4,-3.495,0.663306,200,1,"-6:2;-5:1;-4:102;-3:85;-2:9;-1:1",-3.08
7015,5,14,71,"Freeze(CCW,7)",4,-3.675,0.509289,200,1,"-4:139;-3:57;-2:4",-3.73
7015,5,14,72,"Hit(CW,9,TOUCH)",3,-3.025,0.586835,200,1,"-5:2;-4:23;-3:158;-2:14;-1:2;1:1",-3.04
7015,5,14,73,"Hit(CCW,9,TOUCH)",3,-3.675,0.59108,200,1,"-6:1;-5:3;-4:133;-3:56;-2:7",-3.48
7015,5,14,74,"Hit(CW,9,WEAK)",3,-2.26,1.04518,200,1,"-5:3;-4:12;-3:57;-2:108;-1:12;1:7;3:1",-2.375
7015,5,14,75,"Hit(CCW,9,WEAK)",3,-2.92,1.14175,200,1,"-5:18;-4:27;-3:103;-2:35;-1:12;1:5",-2.915
7015,5,14,76,"Hit(CW,9,MIDDLE)",3,-2.71,1.41276,200,1,"-7:4;-6:3;-5:6;-4:31;-3:68;-2:69;-1:11;1:6;2:1;3:1",-2.465
7015,5,14,77,"Hit(CCW,9,MIDDLE)",3,-2.405,1.18363,200,1,"-5:2;-4:43;-3:29;-2:104;-1:13;1:9",-2.36
7015,5,14,78,"Hit(CW,9,STRONG)",3,-2.775,1.33206,200,1,"-7:6;-6:3;-5:6;-4:23;-3:75;-2:70;-1:13;1:3;2:1",-2.42
7015,5,14,79,"Hit(CCW,9,STRONG)",3,-2.59,1.20079,200,1,"-5:2;-4:55;-3:37;-2:87;-1:11;1:8",-2.46
7015,5,14,80,"Freeze(CW,9)",4,-3.38,0.703989,200,1,"-6:1;-5:5;-4:74;-3:113;-2:5;-1:1;1:1",-3.255
7015,5,14,81,"Freeze(CCW,9)",4,-3.62,0.628967,200,1,"-7:1;-5:2;-4:122;-3:71;-2:2;-1:2",-3.49
7015,5,14,82,"Hit(CW,11,TOUCH)",3,-3.63,0.862032,200,1,"-7:1;-6:4;-5:14;-4:97;-3:73;-2:7;-1:4",-3.015
7015,5,14,83,"Hit(CCW,11,TOUCH)",3,-3.44,0.875443,200,1,"-6:2;-5:7;-4:91;-3:83;-2:15;-1:1;3:1",-3.015
7015,5,14,84,"Hit(CW,11,WEAK)",3,-3.05,1.08972,200,1,"-7:1;-5:3;-4:48;-3:130;-2:6;-1:3;1:9",-2.84
7015,5,14,85,"Hit(CCW,11,WEAK)",3,-2.915,1.363,200,1,"-7:1;-6:1;-5:6;-4:45;-3:117;-2:11;-1:3;1:16",-2.57
7015,5,14,86,"Hit(CW,11,MIDDLE)",3,-2.625,1.71008,200,1,"-7:1;-6:3;-5:8;-4:48;-3:78;-2:22;-1:16;1:23;3:1",-1.89
7015,5,14,87,"Hit(CCW,11,MIDDLE)",3,-3.51,1.2247,200,1,"-7:1;-6:11;-5:25;-4:63;-3:62;-2:30;-1:7;1:1",-2.83
7015,5,14,88,"Hit(CW,11,STRONG)",3,-2.76,1.61009,200,1,"-7:2;-5:10;-4:54;-3:77;-2:23;-1:16;1:16;2:1;3:1",-2.005
7015,5,14,89,"Hit(CCW,11,STRONG)",3,-3.3,1.35277,200,1,"-6:9;-5:16;-4:74;-3:56;-2:29;-1:10;1:6",-2.75
7015,5,14,90,"Freeze(CW,11)",4,-3.335,0.657856,200,1,"-6:1;-5:4;-4:68;-3:117;-2:8;-1:2",-3
7015,5,14,91,"Freeze(CCW,11)",4,-3.315,0.637005,200,1,"-4:76;-3:114;-2:9;1:1",-3
7015,5,14,92,"Hit(CW,13,TOUCH)",3,-3.295,0.581356,200,1,"-5:2;-4:63;-3:130;-2:2;-1:3",-3.325
7015,5,14,93,"Hit(CCW,13,TOUCH)",3,-3.56,0.75921,200,1,"-6:4;-5:5;-4:103;-3:78;-2:7;-1:3",-3.225
7015,5,14,94,"Hit(CW,13,WEAK)",3,-3.115,1.05914,200,1,"-5:12;-4:53;-3:102;-2:21;-1:8;1:3;2:1",-3.07
7015,5,14,95,"Hit(CCW,13,WEAK)",3,-3.65,1.03803,200,1,"-6:1;-5:34;-4:92;-3:49;-2:19;-1:3;1:2",-3.335
7015,5,14,96,"Hit(CW,13,MIDDLE)",3,-3.195,1.2716,200,1,"-7:4;-6:1;-5:20;-4:60;-3:51;-2:50;-1:13;1:1",-2.66
7015,5,14,97,"Hit(CCW,13,MIDDLE)",3,-2.225,0.945714,200,1,"-4:8;-3:69;-2:99;-1:16;1:8",-2.305
7015,5,14,98,"Hit(CW,13,STRONG)",3,-3.215,1.25251,200,1,"-7:2;-6:6;-5:19;-4:55;-3:57;-2:46;-1:15",-2.57
7015,5,14,99,"Hit(CCW,13,STRONG)",3,-2.38,0.97242,200,1,"-7:1;-5:1;-4:8;-3:81;-2:93;-1:10;1:5;2:1",-2.415
7015,5,14,100,"Freeze(CW,13)",4,-3.62,0.689638,200,1,"-5:2;-4:130;-3:64;-2:2;1:2",-3.62
7015,5,14,101,"Freeze(CCW,13)",4,-3.48,0.805978,200,1,"-6:2;-5:8;-4:88;-3:94;-2:6;1:2",-3.1
7015,5,14,102,"PostGuard(CW,0,0)",7,-3.42,0.757364,200,1,"-5:1;-4:96;-3:98;-2:2;1:3",-3.51
7015,5,14,103,"PostGuard(CCW,0,0)",7,-3.505,0.678215,200,1,"-6:1;-5:7;-4:93;-3:92;-2:5;-1:2",-3.14
7015,5,14,104,"PostGuard(CW,0,1)",7,-3.315,0.803601,200,1,"-6:1;-5:2;-4:80;-3:101;-2:12;-1:2;1:2",-3.045
7015,5,14,105,"PostGuard(CCW,0,1)",7,-3.25,1.03803,200,1,"-6:3;-5:3;-4:70;-3:110;-2:7;1:7",-3.01
7015,5,14,106,"PostGuard(CW,0,2)",7,-2.88,0.946361,200,1,"-4:29;-3:144;-2:17;-1:2;1:8",-3
7015,5,14,107,"PostGuard(CCW,0,2)",7,-2.955,0.939667,200,1,"-5:1;-4:36;-3:140;-2:13;-1:3;1:7",-3
7015,5,14,108,"PostGuard(CW,2,0)",7,-3.265,0.880213,200,1,"-6:1;-4:84;-3:93;-2:16;-1:3;1:3",-2.85
7015,5,14,109,"PostGuard(CCW,2,0)",7,-3.295,0.64651,200,1,"-5:1;-4:74;-3:111;-2:11;-1:3",-3.015
7015,5,14,110,"PostGuard(CW,2,1)",7,-3.305,0.672291,200,1,"-6:1;-5:1;-4:69;-3:120;-2:7;-1:1;1:1",-3
7015,5,14,111,"PostGuard(CCW,2,1)",7,-3.17,0.548726,200,1,"-4:49;-3:137;-2:13;-1:1",-3
7015,5,14,112,"PostGuard(CW,2,2)",7,-3.335,0.576867,200,1,"-5:1;-4:75;-3:114;-2:10",-3
7015,5,14,113,"PostGuard(CCW,2,2)",7,-3.305,0.626079,200,1,"-4:77;-3:109;-2:12;-1:2",-3
7015,5,14,114,"PostGuard(CW,4,0)",7,-3.17,0.843267,200,1,"-6:1;-4:60;-3:123;-2:11;-1:1;1:4",-3
7015,5,14,115,"PostGuard(CCW,4,0)",7,-3.225,0.73101,200,1,"-4:68;-3:116;-2:13;-1:1;1:2",-3
7015,5,14,116,"PostGuard(CW,4,1)",7,-3.24,0.756571,200,1,"-6:2;-4:66;-3:114;-2:14;-1:3;1:1",-3
7015,5,14,117,"PostGuard(CCW,4,1)",7,-3.225,0.744564,200,1,"-4:70;-3:112;-2:15;-1:1;1:2",-3
7015,5,14,118,"PostGuard(CW,4,2)",7,-3.255,0.781009,200,1,"-4:75;-3:110;-2:12;1:3",-3
7015,5,14,119,"PostGuard(CCW,4,2)",7,-3.3,0.793725,200,1,"-5:2;-4:78;-3:107;-2:10;1:3",-3
7015,5,14,120,"PostGuard(CW,6,0)",7,-3.195,0.72593,200,1,"-5:1;-4:59;-3:126;-2:10;-1:2;1:2",-3
7015,5,14,121,"PostGuard(CCW,6,0)",7,-3.36,0.574804,200,1,"-6:1;-4:76;-3:116;-2:7",-3
7015,5,14,122,"PostGuard(CW,6,1)",7,-3.195,0.71901,200,1,"-4:61;-3:125;-2:10;-1:2;1:2",-3
7015,5,14,123,"PostGuard(CCW,6,1)",7,-3.265,0.744832,200,1,"-4:75;-3:111;-2:10;-1:2;1:2",-3
7015,5,14,124,"PostGuard(CW,6,2)",7,-3.255,0.727994,200,1,"-6:1;-4:67;-3:119;-2:11;1:2",-3
7015,5,14,125,"PostGuard(CCW,6,2)",7,-3.285,0.643253,200,1,"-4:71;-3:119;-2:8;-1:1;1:1",-3
7015,5,14,126,"PostGuard(CW,8,0)",7,-3.275,0.799609,200,1,"-6:1;-4:73;-3:116;-2:5;-1:2;1:3",-3
7015,5,14,127,"PostGuard(CCW,8,0)",7,-3.23,0.638044,200,1,"-6:1;-4:56;-3:134;-2:7;-1:1;1:1",-3
7015,5,14,128,"PostGuard(CW,8,1)",7,-3.295,0.712724,200,1,"-4:80;-3:105;-2:11;-1:3;1:1",-3
7015,5,14,129,"PostGuard(CCW,8,1)",7,-3.235,0.62432,200,1,"-4:65;-3:120;-2:12;-1:3",-3
7015,5,14,130,"PostGuard(CW,8,2)",7,-3.205,0.702122,200,1,"-6:1;-5:1;-4:61;-3:116;-2:17;-1:4",-3
7015,5,14,131,"PostGuard(CCW,8,2)",7,-3.25,0.653835,200,1,"-4:67;-3:120;-2:11;-1:1;1:1",-3
7015,5,14,132,"PostGuard(CW,10,0)",7,-3.1,0.824621,200,1,"-4:52;-3:131;-2:10;-1:3;1:4",-3
7015,5,14,133,"PostGuard(CCW,10,0)",7,-3.165,0.785987,200,1,"-4:61;-3:122;-2:12;-1:2;1:3",-3
7015,5,14,134,"PostGuard(CW,10,1)",7,-3.07,0.827708,200,1,"-6:1;-5:1;-4:42;-3:136;-2:15;-1:1;1:4",-3
7015,5,14,135,"PostGuard(CCW,10,1)",7,-3.03,0.655057,200,1,"-4:33;-3:147;-2:17;-1:1;1:2",-3
7015,5,14,136,"PostGuard(CW,10,2)",7,-3.01,0.768049,200,1,"-6:1;-5:1;-4:31;-3:144;-2:18;-1:2;1:3",-3
7015,5,14,137,"PostGuard(CCW,10,2)",7,-2.94,0.92,200,1,"-6:1;-4:29;-3:149;-2:12;-1:2;1:7",-3
7015,5,14,138,"PostGuard(CW,12,0)",7,-3.03,0.774016,200,1,"-4:38;-3:143;-2:14;-1:1;1:4",-3
7015,5,14,139,"PostGuard(CCW,12,0)",7,-3.07,0.809382,200,1,"-4:46;-3:137;-2:10;-1:3;1:4",-3
7015,5,14,140,"PostGuard(CW,12,1)",7,-3.105,0.619657,200,1,"-4:38;-3:151;-2:9;1:2",-3
7015,5,14,141,"PostGuard(CCW,12,1)",7,-3.005,0.946031,200,1,"-4:41;-3:144;-2:6;-1:1;1:8",-3
7015,5,14,142,"PostGuard(CW,12,2)",7,-3.04,0.639062,200,1,"-5:1;-4:27;-3:160;-2:7;-1:3;1:2",-3
7015,5,14,143,"PostGuard(CCW,12,2)",7,-2.975,0.710194,200,1,"-4:22;-3:165;-2:7;-1:2;1:4",-3
7015,5,14,144,"Pass",0,-3.18,0.779487,200,1,"-4:66;-3:114;-2:14;-1:4;1:2",-3
743,7,3,0,"Draw(CW,TEE)",1,1.07,1.80419,200,1,"-4:2;-3:3;-2:13;-1:33;1:67;2:42;3:25;4:11;5:4",-0.86
743,7,3,1,"Draw(CCW,TEE)",1,0.85,1.74571,200,1,"-4:1;-3:3;-2:10;-1:46;1:85;2:21;3:19;4:10;5:5",-0.01
743,7,3,2,"Draw(CW,S0)",1,1.01,1.81931,200,1,"-3:1;-2:18;-1:37;0:1;1:73;2:31;3:20;4:14;5:3;6:2",-0.8
743,7,3,3,"Draw(CCW,S0)",1,0.86,2.01752,200,1,"-5:1;-4:2;-3:5;-2:11;-1:48;1:63;2:33;3:19;4:9;5:6;6:3",0.445
743,7,3,4,"Draw(CW,S2)",1,1.43,2.08209,200,1,"-4:2;-3:2;-2:10;-1:37;1:55;2:34;3:23;4:23;5:11;6:3",-1
743,7,3,5,"Draw(CCW,S2)",1,1.08,1.98333,200,1,"-4:1;-3:4;-2:8;-1:49;1:58;2:36;3:25;4:8;5:7;6:3;7:1",-1
743,7,3,6,"Draw(CW,S4)",1,1.17,1.80308,200,1,"-4:1;-3:2;-2:12;-1:33;1:69;2:44;3:22;4:9;5:6;6:2",-0.76
743,7,3,7,"Draw(CCW,S4)",1,1.155,1.74384,200,1,"-5:1;-3:4;-2:10;-1:27;1:82;2:37;3:23;4:10;5:6",0.545
743,7,3,8,"Draw(CW,S6)",1,1.35,2.14184,200,1,"-5:1;-3:3;-2:11;-1:38;1:64;2:29;3:18;4:19;5:10;6:7",-1
743,7,3,9,"Draw(CCW,S6)",1,1.43,2.15293,200,1,"-3:2;-2:14;-1:38;1:57;2:30;3:21;4:19;5:13;6:5;7:1",-1
743,7,3,10,"Draw(CW,L0)",1,1.32,1.98937,200,1,"-4:1;-3:7;-2:9;-1:30;1:66;2:28;3:30;4:21;5:7;6:1",-0.96
743,7,3,11,"Draw(CCW,L0)",1,0.96,1.98454,200,1,"-3:5;-2:11;-1:47;1:74;2:20;3:27;4:7;5:6;7:1;8:2",-0.75
743,7,3,12,"Draw(CW,L1)",1,1.16,2.18733,200,1,"-5:2;-3:5;-2:14;-1:41;1:51;2:33;3:21;4:23;5:6;6:4",-1
743,7,3,13,"Draw(CCW,L1)",1,1.355,2.04914,200,1,"-4:1;-3:5;-2:8;-1:33;1:73;2:24;3:27;4:15;5:8;6:5;7:1",-1
743,7,3,14,"Draw(CW,L2)",1,1.38,2.04343,200,1,"-3:6;-2:6;-1:38;1:61;2:36;3:21;4:19;5:6;6:7",-1
743,7,3,15,"Draw(CCW,L2)",1,1.62,2.12499,200,1,"-5:1;-3:2;-2:9;-1:34;1:51;2:36;3:29;4:24;5:5;6:7;7:2",-1
743,7,3,16,"Draw(CW,L3)",1,1.705,2.06591,200,1,"-3:2;-2:11;-1:28;1:61;2:25;3:27;4:32;5:8;6:5;7:1",-1
743,7,3,17,"Draw(CCW,L3)",1,1.705,2.1232,200,1,"-3:1;-2:11;-1:35;1:51;2:30;3:23;4:28;5:17;6:4",-1
743,7,3,18,"Draw(CW,L4)",1,0.98,1.91823,200,1,"-4:1;-3:6;-2:13;-1:37;1:70;2:36;3:19;4:11;5:4;6:3",-1
743,7,3,19,"Draw(CCW,L4)",1,0.955,1.92691,200,1,"-3:6;-2:14;-1:42;1:62;2:41;3:14;4:14;5:5;6:2",-1
743,7,3,20,"Draw(CW,L5)",1,1.705,2.2645,200,1,"-4:2;-3:2;-2:10;-1:35;1:51;2:23;3:26;4:25;5:21;6:5",-1
743,7,3,21,"Draw(CCW,L5)",1,1.625,2.06261,200,1,"-3:2;-2:9;-1:36;1:51;2:32;3:32;4:22;5:12;6:2;7:2",-1
743,7,3,22,"Draw(CW,L6)",1,1.45,1.93843,200,1,"-3:1;-2:11;-1:33;0:1;1:64;2:33;3:29;4:13;5:12;6:2;7:1",-1
743,7,3,23,"Draw(CCW,L6)",1,1.545,2.18586,200,1,"-6:1;-3:1;-2:12;-1:36;1:53;2:33;3:23;4:24;5:10;6:5;7:2",-1
743,7,3,24,"Draw(CW,L7)",1,1.38,1.92239,200,1,"-6:1;-3:2;-2:8;-1:34;0:1;1:62;2:40;3:24;4:19;5:6;6:3",-1
743,7,3,25,"Draw(CCW,L7)",1,1.465,2.12103,200,1,"-6:1;-4:1;-3:3;-2:9;-1:32;1:64;2:27;3:30;4:17;5:11;6:4;7:1",-1
743,7,3,26,"PreGuard(CW,G3)",2,0.88,2.01385,200,1,"-5:1;-3:5;-2:18;-1:42;1:66;2:27;3:20;4:12;5:8;6:1",-1
743,7,3,27,"PreGuard(CCW,G3)",2,1.235,2.10945,200,1,"-5:1;-4:2;-3:3;-2:10;-1:38;1:67;2:22;3:31;4:12;5:10;6:3;7:1",-1
743,7,3,28,"PreGuard(CW,G4)",2,0.83,1.87912,200,1,"-4:1;-3:4;-2:21;-1:34;1:74;2:37;3:17;4:5;5:3;6:4",-1
743,7,3,29,"PreGuard(CCW,G4)",2,0.795,1.92171,200,1,"-4:3;-3:9;-2:6;-1:47;1:69;2:29;3:24;4:8;5:4;6:1",-1
743,7,3,30,"PreGuard(CW,G5)",2,0.73,1.88603,200,1,"-4:2;-3:3;-2:20;-1:46;1:61;2:33;3:21;4:11;5:3",-1
743,7,3,31,"PreGuard(CCW,G5)",2,1.015,1.92478,200,1,"-4:1;-3:3;-2:12;-1:46;1:65;2:29;3:20;4:18;5:5;6:1",-1
743,7,3,32,"Hit(CW,0,TOUCH)",3,1.11,1.93595,200,1,"-6:1;-4:1;-3:2;-2:8;-1:43;1:73;2:26;3:23;4:12;5:11",-0.98
743,7,3,33,"Hit(CCW,0,TOUCH)",3,1.25,1.91507,200,1,"-7:1;-4:1;-3:2;-2:9;-1:35;1:62;2:42;3:26;4:16;5:4;6:2",-0.095
743,7,3,34,"Hit(CW,0,WEAK)",3,1.31,1.93492,200,1,"-3:1;-2:11;-1:40;1:62;2:36;3:23;4:15;5:9;6:2;7:1",0.11
743,7,3,35,"Hit(CCW,0,WEAK)",3,1.31,2.01591,200,1,"-3:5;-2:11;-1:34;1:70;2:24;3:24;4:19;5:11;6:2",0.49
743,7,3,36,"Hit(CW,0,MIDDLE)",3,1.3,1.93907,200,1,"-5:1;-2:11;-1:40;0:1;1:60;2:33;3:28;4:15;5:9;6:2",0.32
743,7,3,37,"Hit(CCW,0,MIDDLE)",3,1.23,1.81304,200,1,"-3:2;-2:14;-1:30;1:75;2:33;3:23;4:16;5:6;6:1",-0.415
743,7,3,38,"Hit(CW,0,STRONG)",3,1.345,1.90157,200,1,"-3:4;-2:13;-1:26;1:73;2:32;3:22;4:21;5:8;6:1",0.38
743,7,3,39,"Hit(CCW,0,STRONG)",3,0.82,1.76284,200,1,"-5:1;-4:2;-3:2;-2:14;-1:39;0:1;1:77;2:31;3:23;4:8;5:2",-0.49
743,7,3,40,"Freeze(CW,0)",4,0.805,1.86734,200,1,"-4:1;-3:5;-2:13;-1:46;0:1;1:72;2:29;3:18;4:9;5:5;7:1",-1
743,7,3,41,"Freeze(CCW,0)",4,1.115,1.95238,200,1,"-3:6;-2:12;-1:36;1:73;2:28;3:19;4:16;5:9;6:1",-0.88
743,7,3,42,"PostGuard(CW,1,0)",7,0.71,1.93801,200,1,"-4:2;-3:7;-2:21;-1:37;1:70;2:27;3:22;4:10;5:4",-0.99
743,7,3,43,"PostGuard(CCW,1,0)",7,0.7,1.96214,200,1,"-7:1;-4:1;-3:5;-2:14;-1:52;1:64;2:28;3:19;4:12;5:3;6:1",-0.97
743,7,3,44,"PostGuard(CW,1,1)",7,0.925,1.99734,200,1,"-5:1;-4:1;-3:5;-2:16;-1:39;1:67;2:30;3:18;4:16;5:7",-1
743,7,3,45,"PostGuard(CCW,1,1)",7,1.06,1.98907,200,1,"-5:1;-4:2;-3:3;-2:12;-1:38;1:70;2:26;3:29;4:11;5:6;6:1;7:1",-1
743,7,3,46,"PostGuard(CW,1,2)",7,1.135,1.85116,200,1,"-3:5;-2:14;-1:28;1:80;2:31;3:22;4:11;5:8;6:1",-1
743,7,3,47,"PostGuard(CCW,1,2)",7,0.825,1.981,200,1,"-6:1;-4:1;-3:6;-2:17;-1:38;1:69;2:33;3:18;4:10;5:6;6:1",-1
743,7,3,48,"PostGuard(CW,3,0)",7,1.05,2.11128,200,1,"-4:1;-3:8;-2:15;-1:38;1:61;2:25;3:24;4:18;5:9;6:1",-1
743,7,3,49,"PostGuard(CCW,3,0)",7,1.12,1.83728,200,1,"-3:3;-2:14;-1:37;1:68;2:28;3:30;4:16;5:4",-1
743,7,3,50,"PostGuard(CW,3,1)",7,0.915,2.08033,200,1,"-5:1;-4:1;-3:7;-2:14;-1:41;0:1;1:65;2:28;3:19;4:15;5:4;6:4",-1
743,7,3,51,"PostGuard(CCW,3,1)",7,0.935,1.94699,200,1,"-5:1;-3:4;-2:13;-1:47;1:64;2:25;3:29;4:11;5:4;6:2",-1
743,7,3,52,"PostGuard(CW,3,2)",7,0.61,1.77141,200,1,"-5:1;-4:2;-3:9;-2:11;-1:40;0:1;1:77;2:39;3:13;4:5;5:2",-1
743,7,3,53,"PostGuard(CCW,3,2)",7,0.74,1.96275,200,1,"-5:1;-4:3;-3:7;-2:14;-1:39;1:73;2:30;3:18;4:9;5:6",-1
743,7,3,54,"Pass",0,1.065,1.84953,200,1,"-5:1;-4:1;-3:2;-2:10;-1:41;0:1;1:63;2:42;3:20;4:14;5:4;6:1",-1
1014,4,15,0,"Draw(CW,TEE)",1,1.13,1.04072,200,1,"-1:25;1:121;2:32;3:22",1.13
1014,4,15,1,"Draw(CCW,TEE)",1,0.295,0.963315,200,1,"-1:71;1:128;2:1",0.295
1014,4,15,2,"Draw(CW,S0)",1,1.69,1.86384,200,1,"-1:58;1:17;2:19;3:83;4:23",1.69
1014,4,15,3,"Draw(CCW,S0)",1,0.05,1.26392,200,1,"-1:113;1:56;2:27;3:3;4:1",0.05
1014,4,15,4,"Draw(CW,S2)",1,1,0,200,1,"1:200",1
1014,4,15,5,"Draw(CCW,S2)",1,1,0,200,1,"1:200",1
1014,4,15,6,"Draw(CW,S4)",1,1.09,1.70643,200,1,"-1:69;1:46;2:19;3:61;4:5",1.09
1014,4,15,7,"Draw(CCW,S4)",1,-0.075,1.03893,200,1,"-1:110;1:86;2:3;3:1",-0.075
1014,4,15,8,"Draw(CW,S6)",1,1,0,200,1,"1:200",1
1014,4,15,9,"Draw(CCW,S6)",1,1,0,200,1,"1:200",1
1014,4,15,10,"Draw(CW,L0)",1,3.535,0.984264,200,1,"-1:4;1:6;2:14;3:27;4:149",3.535
1014,4,15,11,"Draw(CCW,L0)",1,1.73,1.79084,200,1,"-1:49;1:16;2:71;3:19;4:45",1.73
1014,4,15,12,"Draw(CW,L1)",1,1.005,0.0705337,200,1,"1:199;2:1",1.005
1014,4,15,13,"Draw(CCW,L1)",1,1,0,200,1,"1:200",1
1014,4,15,14,"Draw(CW,L2)",1,1,0,200,1,"1:200",1
1014,4,15,15,"Draw(CCW,L2)",1,1,0,200,1,"1:200",1
1014,4,15,16,"Draw(CW,L3)",1,1,0,200,1,"1:200",1
1014,4,15,17,"Draw(CCW,L3)",1,1,0,200,1,"1:200",1
1014,4,15,18,"Draw(CW,L4)",1,1,0,200,1,"1:200",1
1014,4,15,19,"Draw(CCW,L4)",1,1,0,200,1,"1:200",1
1014,4,15,20,"Draw(CW,L5)",1,1,0,200,1,"1:200",1
1014,4,15,21,"Draw(CCW,L5)",1,1,0,200,1,"1:200",1
1014,4,15,22,"Draw(CW,L6)",1,1,0,200,1,"1:200",1
1014,4,15,23,"Draw(CCW,L6)",1,1,0,200,1,"1:200",1
1014,4,15,24,"Draw(CW,L7)",1,1,0,200,1,"1:200",1
1014,4,15,25,"Draw(CCW,L7)",1,1,0,200,1,"1:200",1
1014,4,15,26,"PreGuard(CW,G3)",2,1,0,200,1,"1:200",1
1014,4,15,27,"PreGuard(CCW,G3)",2,1,0,200,1,"1:200",1
1014,4,15,28,"PreGuard(CW,G4)",2,1,0,200,1,"1:200",1
1014,4,15,29,"PreGuard(CCW,G4)",2,1,0,200,1,"1:200",1
1014,4,15,30,"PreGuard(CW,G5)",2,1,0,200,1,"1:200",1
1014,4,15,31,"PreGuard(CCW,G5)",2,1,0,200,1,"1:200",1
1014,4,15,32,"Hit(CW,10,TOUCH)",3,-0.05,1.01366,200,1,"-1:106;1:92;2:2",-0.05
1014,4,15,33,"Hit(CCW,10,TOUCH)",3,1.405,1.43561,200,1,"-1:37;1:69;2:43;3:41;4:10",1.405
1014,4,15,34,"Hit(CW,10,WEAK)",3,-0.465,1.09489,200,1,"-1:157;1:32;2:1;3:10",-0.465
1014,4,15,35,"Hit(CCW,10,WEAK)",3,0.52,1.66721,200,1,"-1:100;1:44;2:9;3:46;4:1",0.52
1014,4,15,36,"Hit(CW,10,MIDDLE)",3,1.49,1.24495,200,1,"-1:36;1:16;2:126;3:22",1.49
1014,4,15,37,"Hit(CCW,10,MIDDLE)",3,-0.75,0.746659,200,1,"-1:179;1:13;2:8",-0.75
1014,4,15,38,"Hit(CW,10,STRONG)",3,1.505,1.28451,200,1,"-1:37;1:17;2:117;3:29",1.505
1014,4,15,39,"Hit(CCW,10,STRONG)",3,-0.87,0.550545,200,1,"-1:189;1:7;2:4",-0.87
1014,4,15,40,"Freeze(CW,10)",4,0.75,0.661438,200,1,"-1:25;1:175",0.75
1014,4,15,41,"Freeze(CCW,10)",4,1.12,0.464327,200,1,"-1:1;1:181;2:10;3:8",1.12
1014,4,15,42,"PostGuard(CW,1,0)",7,1.015,0.121552,200,1,"1:197;2:3",1.015
1014,4,15,43,"PostGuard(CCW,1,0)",7,1,0,200,1,"1:200",1
1014,4,15,44,"PostGuard(CW,1,1)",7,1,0,200,1,"1:200",1
1014,4,15,45,"PostGuard(CCW,1,1)",7,1,0,200,1,"1:200",1
1014,4,15,46,"PostGuard(CW,1,2)",7,1,0,200,1,"1:200",1
1014,4,15,47,"PostGuard(CCW,1,2)",7,1,0,200,1,"1:200",1
1014,4,15,48,"PostGuard(CW,11,0)",7,1,0,200,1,"1:200",1
1014,4,15,49,"PostGuard(CCW,11,0)",7,1,0,200,1,"1:200",1
1014,4,15,50,"PostGuard(CW,11,1)",7,1,0,200,1,"1:200",1
1014,4,15,51,"PostGuard(CCW,11,1)",7,1,0,200,1,"1:200",1
1014,4,15,52,"PostGuard(CW,11,2)",7,1,0,200,1,"1:200",1
1014,4,15,53,"PostGuard(CCW,11,2)",7,1,0,200,1,"1:200",1
1014,4,15,54,"PostGuard(CW,13,0)",7,1,0,200,1,"1:200",1
1014,4,15,55,"PostGuard(CCW,13,0)",7,1,0,200,1,"1:200",1
1014,4,15,56,"PostGuard(CW,13,1)",7,1,0,200,1,"1:200",1
1014,4,15,57,"PostGuard(CCW,13,1)",7,1,0,200,1,"1:200",1
1014,4,15,58,"PostGuard(CW,13,2)",7,1,0,200,1,"1:200",1
1014,4,15,59,"PostGuard(CCW,13,2)",7,1,0,200,1,"1:200",1
1014,4,15,60,"Pass",0,1,0,200,1,"1:200",1
3900,0,10,0,"Draw(CW,TEE)",1,-0.33,1.63741,200,1,"-4:2;-3:11;-2:32;-1:78;1:46;2:25;3:3;4:3",0.555
3900,0,10,1,"Draw(CCW,TEE)",1,-0.525,1.63993,200,1,"-4:2;-3:15;-2:32;-1:90;1:31;2:20;3:9;4:1",-0.99
3900,0,10,2,"Draw(CW,S0)",1,-0.355,1.64286,200,1,"-4:1;-3:12;-2:34;-1:78;1:48;2:17;3:7;4:3",0.77
3900,0,10,3,"Draw(CCW,S0)",1,-1.04,1.5519,200,1,"-4:7;-3:23;-2:54;-1:67;1:35;2:13;3:1",-0.78
3900,0,10,4,"Draw(CW,S2)",1,-0.67,1.45983,200,1,"-4:2;-3:13;-2:40;-1:85;1:46;2:10;3:4",-0.98
3900,0,10,5,"Draw(CCW,S2)",1,-0.79,1.68698,200,1,"-4:5;-3:25;-2:38;-1:75;1:32;2:19;3:6",-1
3900,0,10,6,"Draw(CW,S4)",1,-0.375,1.56025,200,1,"-4:1;-3:11;-2:29;-1:86;1:49;2:18;3:4;4:1;5:1",0.89
3900,0,10,7,"Draw(CCW,S4)",1,-0.865,1.60523,200,1,"-4:3;-3:22;-2:50;-1:73;1:32;2:16;3:2;4:2",-0.88
3900,0,10,8,"Draw(CW,S6)",1,-0.55,1.47564,200,1,"-3:11;-2:38;-1:89;0:1;1:40;2:16;3:4;4:1",-1
3900,0,10,9,"Draw(CCW,S6)",1,-0.94,1.51868,200,1,"-4:3;-3:17;-2:58;-1:77;1:28;2:12;3:4;4:1",-1
3900,0,10,10,"Draw(CW,L0)",1,-0.635,1.60368,200,1,"-4:4;-3:14;-2:38;-1:83;1:40;2:15;3:5;5:1",-0.545
3900,0,10,11,"Draw(CCW,L0)",1,-0.775,1.62308,200,1,"-4:2;-3:21;-2:44;-1:80;1:30;2:18;3:3;4:1;5:1",0.195
3900,0,10,12,"Draw(CW,L1)",1,-0.66,1.52787,200,1,"-3:17;-2:43;-1:80;1:41;2:14;3:4;4:1",-0.975
3900,0,10,13,"Draw(CCW,L1)",1,-0.71,1.45117,200,1,"-4:3;-3:11;-2:43;-1:86;1:42;2:12;3:3",-1
3900,0,10,14,"Draw(CW,L2)",1,-0.99,1.59997,200,1,"-4:4;-3:26;-2:50;-1:74;1:30;2:9;3:6;4:1",-1
3900,0,10,15,"Draw(CCW,L2)",1,-0.9,1.52971,200,1,"-4:2;-3:29;-2:36;-1:81;1:41;2:7;3:3;4:1",-1
3900,0,10,16,"Draw(CW,L3)",1,-0.93,1.46462,200,1,"-4:3;-3:19;-2:50;-1:80;0:1;1:35;2:8;3:4",-1
3900,0,10,17,"Draw(CCW,L3)",1,-0.715,1.55685,200,1,"-4:5;-3:12;-2:43;-1:81;1:46;2:8;3:3;4:1;5:1",-1
3900,0,10,18,"Draw(CW,L4)",1,-1.005,1.71318,200,1,"-4:14;-3:20;-2:47;-1:66;0:1;1:34;2:13;3:5",-1
3900,0,10,19,"Draw(CCW,L4)",1,-1.02,1.83565,200,1,"-4:11;-3:33;-2:44;-1:58;0:1;1:30;2:17;3:4;4:1;5:1",-1
3900,0,10,20,"Draw(CW,L5)",1,-0.645,1.67898,200,1,"-4:2;-3:20;-2:40;-1:78;1:34;2:17;3:7;4:2",-1
3900,0,10,21,"Draw(CCW,L5)",1,-0.91,1.55625,200,1,"-4:5;-3:14;-2:56;-1:78;1:33;2:8;3:4;4:1;5:1",-1
3900,0,10,22,"Draw(CW,L6)",1,-0.94,1.4479,200,1,"-4:6;-3:10;-2:52;-1:90;1:31;2:5;3:5;4:1",-1
3900,0,10,23,"Draw(CCW,L6)",1,-1.055,1.47376,200,1,"-4:3;-3:28;-2:47;-1:78;1:34;2:8;3:1;4:1",-1
3900,0,10,24,"Draw(CW,L7)",1,-0.83,1.44606,200,1,"-4:3;-3:20;-2:35;-1:90;1:40;2:10;3:2",-1
3900,0,10,25,"Draw(CCW,L7)",1,-0.94,1.6237,200,1,"-4:7;-3:23;-2:46;-1:71;1:41;2:8;3:1;4:3",-1
3900,0,10,26,"PreGuard(CW,G3)",2,-0.795,1.44325,200,1,"-4:1;-3:15;-2:47;-1:86;1:36;2:12;3:2;4:1",-1
3900,0,10,27,"PreGuard(CCW,G3)",2,-0.89,1.50595,200,1,"-4:3;-3:18;-2:50;-1:80;1:36;2:9;3:2;4:2",-1
3900,0,10,28,"PreGuard(CW,G4)",2,-1.185,1.64948,200,1,"-4:13;-3:27;-2:53;-1:61;1:31;2:13;3:2",-1
3900,0,10,29,"PreGuard(CCW,G4)",2,-0.94,1.69304,200,1,"-4:11;-3:24;-2:41;-1:68;1:36;2:18;3:2",-1
3900,0,10,30,"PreGuard(CW,G5)",2,-0.63,1.55342,200,1,"-4:2;-3:14;-2:40;-1:84;1:39;2:15;3:5;4:1",-1
3900,0,10,31,"PreGuard(CCW,G5)",2,-0.625,1.67164,200,1,"-4:3;-3:13;-2:47;-1:76;1:40;2:13;3:3;4:4;5:1",-1
3900,0,10,32,"Hit(CW,9,TOUCH)",3,-0.445,1.39892,200,1,"-3:10;-2:23;-1:101;1:51;2:9;3:5;4:1",1.64
3900,0,10,33,"Hit(CCW,9,TOUCH)",3,-0.73,1.76553,200,1,"-4:8;-3:14;-2:51;-1:66;1:41;2:9;3:8;4:2;5:1",-0.895
3900,0,10,34,"Hit(CW,9,WEAK)",3,-0.525,1.442,200,1,"-4:1;-3:8;-2:33;-1:97;0:1;1:42;2:10;3:8",2.665
3900,0,10,35,"Hit(CCW,9,WEAK)",3,-0.87,1.42236,200,1,"-3:21;-2:44;-1:87;1:35;2:11;3:1;4:1",0.72
3900,0,10,36,"Hit(CW,9,MIDDLE)",3,-0.86,1.37855,200,1,"-4:1;-3:13;-2:56;-1:79;0:1;1:41;2:6;3:3",-0.19
3900,0,10,37,"Hit(CCW,9,MIDDLE)",3,-0.93,1.32102,200,1,"-4:4;-3:12;-2:38;-1:110;1:22;2:12;3:2",1.105
3900,0,10,38,"Hit(CW,9,STRONG)",3,-0.765,1.45594,200,1,"-4:1;-3:18;-2:43;-1:81;0:1;1:43;2:10;3:3",-0.015
3900,0,10,39,"Hit(CCW,9,STRONG)",3,-0.83,1.22111,200,1,"-3:10;-2:39;-1:111;1:27;2:13",1.235
3900,0,10,40,"Freeze(CW,9)",4,-0.355,1.53264,200,1,"-4:1;-3:8;-2:29;-1:91;1:46;2:17;3:6;4:2",0.565
3900,0,10,41,"Freeze(CCW,9)",4,-0.6,1.77764,200,1,"-4:7;-3:22;-2:30;-1:71;1:46;2:16;3:5;4:3",-0.965
3900,0,10,42,"PostGuard(CW,6,0)",7,-0.96,1.51934,200,1,"-4:6;-3:21;-2:43;-1:83;1:34;2:9;3:4",-1
3900,0,10,43,"PostGuard(CCW,6,0)",7,-0.93,1.47482,200,1,"-4:6;-3:18;-2:47;-1:77;1:41;2:11",-1
3900,0,10,44,"PostGuard(CW,6,1)",7,-0.815,1.44941,200,1,"-4:4;-3:14;-2:38;-1:95;1:38;2:7;3:2;4:2",-1
3900,0,10,45,"PostGuard(CCW,6,1)",7,-0.92,1.60112,200,1,"-4:6;-3:20;-2:51;-1:71;1:37;2:11;3:2;4:2",-1
3900,0,10,46,"PostGuard(CW,6,2)",7,-0.705,1.61182,200,1,"-4:5;-3:19;-2:41;-1:69;1:48;2:15;3:3",-1
3900,0,10,47,"PostGuard(CCW,6,2)",7,-1.095,1.3878,200,1,"-4:4;-3:25;-2:46;-1:84;1:36;2:4;4:1",-1
3900,0,10,48,"PostGuard(CW,8,0)",7,-0.68,1.50917,200,1,"-4:4;-3:17;-2:35;-1:79;1:51;2:13;3:1",-1
3900,0,10,49,"PostGuard(CCW,8,0)",7,-0.525,1.66414,200,1,"-4:2;-3:18;-2:30;-1:85;1:42;2:12;3:8;4:3",-1
3900,0,10,50,"PostGuard(CW,8,1)",7,-0.605,1.64286,200,1,"-3:19;-2:39;-1:83;1:32;2:19;3:6;4:1;5:1",-1
3900,0,10,51,"PostGuard(CCW,8,1)",7,-0.435,1.65402,200,1,"-3:19;-2:31;-1:78;1:45;2:18;3:7;4:2",-1
3900,0,10,52,"PostGuard(CW,8,2)",7,-0.29,1.72508,200,1,"-4:1;-3:11;-2:37;-1:73;0:1;1:48;2:14;3:11;4:3;5:1",-1
3900,0,10,53,"PostGuard(CCW,8,2)",7,-0.305,1.67092,200,1,"-4:2;-3:7;-2:33;-1:84;1:51;2:10;3:6;4:6;5:1",-1
3900,0,10,54,"Pass",0,-0.97,1.652,200,1,"-4:7;-3:25;-2:45;-1:75;1:29;2:13;3:5;4:1",-1
4543,6,5,0,"Draw(CW,TEE)",1,1.03,1.83551,200,1,"-4:1;-3:4;-2:12;-1:38;1:70;2:34;3:23;4:14;5:3;6:1",-1.815
4543,6,5,1,"Draw(CCW,TEE)",1,1.075,1.74051,200,1,"-3:4;-2:13;-1:30;1:82;2:36;3:15;4:17;5:2;6:1",-1.27
4543,6,5,2,"Draw(CW,S0)",1,1.01,1.99246,200,1,"-5:1;-4:1;-3:8;-2:8;-1:39;0:1;1:69;2:29;3:21;4:15;5:8",-1.315
4543,6,5,3,"Draw(CCW,S0)",1,1.05,1.9046,200,1,"-5:1;-3:3;-2:11;-1:44;1:62;2:36;3:26;4:9;5:6;6:2",-0.165
4543,6,5,4,"Draw(CW,S2)",1,1.105,2.03322,200,1,"-3:5;-2:13;-1:43;1:62;2:32;3:13;4:22;5:8;6:2",-2
4543,6,5,5,"Draw(CCW,S2)",1,0.745,1.88679,200,1,"-4:3;-3:5;-2:14;-1:45;1:69;2:30;3:20;4:10;5:4",-2
4543,6,5,6,"Draw(CW,S4)",1,1.085,1.80216,200,1,"-4:1;-3:2;-2:13;-1:38;1:63;2:42;3:24;4:15;5:1;7:1",-1.56
4543,6,5,7,"Draw(CCW,S4)",1,0.715,1.99343,200,1,"-6:1;-4:2;-3:7;-2:14;-1:48;1:59;2:31;3:21;4:15;5:2",-0.595
4543,6,5,8,"Draw(CW,S6)",1,0.955,1.92171,200,1,"-3:2;-2:16;-1:47;1:67;2:27;3:20;4:11;5:9;6:1",-2
4543,6,5,9,"Draw(CCW,S6)",1,0.915,1.84602,200,1,"-4:1;-3:3;-2:12;-1:45;1:71;2:38;3:12;4:10;5:6;6:2",-2
4543,6,5,10,"Draw(CW,L0)",1,0.94,1.92,200,1,"-5:1;-3:6;-2:14;-1:37;1:73;2:31;3:18;4:13;5:7",-0.97
4543,6,5,11,"Draw(CCW,L0)",1,0.7,1.7088,200,1,"-5:1;-4:1;-3:3;-2:13;-1:46;1:80;2:28;3:19;4:8;5:1",-0.465
4543,6,5,12,"Draw(CW,L1)",1,1.17,1.93678,200,1,"-5:1;-3:6;-2:11;-1:32;1:68;2:35;3:21;4:21;5:4;6:1",-2
4543,6,5,13,"Draw(CCW,L1)",1,0.8,1.8735,200,1,"-4:3;-3:3;-2:14;-1:46;1:66;2:35;3:17;4:13;5:2;6:1",-2
4543,6,5,14,"Draw(CW,L2)",1,1.03,2.01472,200,1,"-5:1;-3:6;-2:14;-1:38;1:69;2:23;3:24;4:18;5:6;6:1",-2
4543,6,5,15,"Draw(CCW,L2)",1,1.1,2.04695,200,1,"-4:1;-3:4;-2:19;-1:34;1:63;2:33;3:15;4:22;5:8;6:1",-2
4543,6,5,16,"Draw(CW,L3)",1,1.075,2.05897,200,1,"-4:1;-3:6;-2:13;-1:40;1:65;2:24;3:27;4:16;5:4;6:3;7:1",-2
4543,6,5,17,"Draw(CCW,L3)",1,0.98,1.96459,200,1,"-4:2;-3:6;-2:8;-1:49;1:51;2:42;3:23;4:14;5:3;6:2",-2
4543,6,5,18,"Draw(CW,L4)",1,0.775,1.85051,200,1,"-4:4;-3:4;-2:15;-1:38;1:74;2:33;3:21;4:7;5:4",-2
4543,6,5,19,"Draw(CCW,L4)",1,0.62,1.96357,200,1,"-4:2;-3:10;-2:14;-1:48;1:65;2:31;3:15;4:11;5:2;6:2",-2
4543,6,5,20,"Draw(CW,L5)",1,1.085,1.89941,200,1,"-4:2;-3:2;-2:13;-1:39;1:66;2:33;3:21;4:19;5:5",-2
4543,6,5,21,"Draw(CCW,L5)",1,1.21,1.93543,200,1,"-4:1;-3:4;-2:12;-1:34;1:66;2:33;3:25;4:18;5:5;6:2",-2
4543,6,5,22,"Draw(CW,L6)",1,1.14,1.98504,200,1,"-4:2;-3:1;-2:15;-1:39;0:1;1:59;2:35;3:26;4:12;5:7;6:3",-2
4543,6,5,23,"Draw(CCW,L6)",1,0.935,1.98514,200,1,"-4:2;-3:3;-2:14;-1:49;1:56;2:32;3:22;4:16;5:5;6:1",-2
4543,6,5,24,"Draw(CW,L7)",1,0.725,1.89984,200,1,"-4:1;-3:7;-2:14;-1:47;1:72;2:29;3:11;4:13;5:6",-2
4543,6,5,25,"Draw(CCW,L7)",1,0.935,1.82504,200,1,"-4:2;-3:5;-2:7;-1:45;1:72;2:31;3:20;4:15;5:3",-2
4543,6,5,26,"PreGuard(CW,G3)",2,0.77,1.84312,200,1,"-4:1;-3:5;-2:17;-1:43;1:67;2:36;3:17;4:11;5:2;6:1",-2
4543,6,5,27,"PreGuard(CCW,G3)",2,0.61,1.78267,200,1,"-4:4;-3:7;-2:10;-1:43;0:1;1:84;2:27;3:16;4:4;5:4",-2
4543,6,5,28,"PreGuard(CW,G4)",2,0.475,1.90771,200,1,"-4:1;-3:9;-2:22;-1:48;1:67;2:21;3:23;4:6;5:2;6:1",-2
4543,6,5,29,"PreGuard(CCW,G4)",2,0.585,1.83379,200,1,"-5:1;-4:1;-3:10;-2:18;-1:33;1:85;2:29;3:13;4:7;5:3",-2
4543,6,5,30,"PreGuard(CW,G5)",2,0.61,1.95138,200,1,"-4:3;-3:8;-2:19;-1:42;1:66;2:30;3:21;4:7;5:3;6:1",-2
4543,6,5,31,"PreGuard(CCW,G5)",2,0.63,1.90607,200,1,"-5:1;-4:2;-3:4;-2:19;-1:46;0:1;1:67;2:29;3:18;4:10;5:2;6:1",-2
4543,6,5,32,"Hit(CW,0,TOUCH)",3,1.08,2.08653,200,1,"-3:5;-2:18;-1:42;1:53;2:29;3:26;4:16;5:10;6:1",-1.45
4543,6,5,33,"Hit(CCW,0,TOUCH)",3,1.27,1.93316,200,1,"-3:7;-2:8;-1:32;1:70;2:33;3:27;4:11;5:10;6:2",-0.915
4543,6,5,34,"Hit(CW,0,WEAK)",3,1.47,1.94913,200,1,"-2:4;-1:49;1:55;2:28;3:33;4:20;5:6;6:4;7:1",0.625
4543,6,5,35,"Hit(CCW,0,WEAK)",3,1.38,1.9964,200,1,"-4:1;-3:1;-2:8;-1:41;0:1;1:60;2:35;3:20;4:19;5:11;6:2;7:1",-0.39
4543,6,5,36,"Hit(CW,0,MIDDLE)",3,1.29,1.76802,200,1,"-3:3;-2:6;-1:37;1:69;2:37;3:27;4:14;5:6;6:1",0.975
4543,6,5,37,"Hit(CCW,0,MIDDLE)",3,1.54,1.86505,200,1,"-3:2;-2:8;-1:27;1:70;2:39;3:25;4:18;5:5;6:5;7:1",1.435
4543,6,5,38,"Hit(CW,0,STRONG)",3,0.965,1.92971,200,1,"-4:1;-3:6;-2:12;-1:40;1:70;2:34;3:17;4:12;5:6;6:2",0.89
4543,6,5,39,"Hit(CCW,0,STRONG)",3,1.435,2.10613,200,1,"-4:2;-3:2;-2:9;-1:42;1:49;2:26;3:36;4:21;5:10;6:3",1.625
4543,6,5,40,"Freeze(CW,0)",4,1.065,1.95724,200,1,"-3:3;-2:11;-1:49;1:62;2:28;3:26;4:14;5:1;6:6",-1.835
4543,6,5,41,"Freeze(CCW,0)",4,0.77,1.89396,200,1,"-5:1;-4:1;-3:4;-2:17;-1:44;1:66;2:33;3:20;4:9;5:5",-1.67
4543,6,5,42,"Hit(CW,2,TOUCH)",3,0.905,1.91467,200,1,"-4:1;-3:5;-2:13;-1:42;1:75;2:29;3:15;4:13;5:4;6:3",-1.355
4543,6,5,43,"Hit(CCW,2,TOUCH)",3,1.09,1.67687,200,1,"-3:1;-2:9;-1:41;1:75;2:40;3:16;4:14;5:3;6:1",-1.42
4543,6,5,44,"Hit(CW,2,WEAK)",3,1.39,1.92559,200,1,"-2:13;-1:34;0:1;1:64;2:36;3:23;4:16;5:10;6:2;7:1",1.1
4543,6,5,45,"Hit(CCW,2,WEAK)",3,1.635,1.99293,200,1,"-4:2;-3:2;-2:9;-1:26;1:53;2:43;3:32;4:20;5:10;6:1;7:2",1.295
4543,6,5,46,"Hit(CW,2,MIDDLE)",3,1.245,1.70733,200,1,"-3:2;-2:7;-1:35;1:78;2:36;3:22;4:12;5:8",0.365
4543,6,5,47,"Hit(CCW,2,MIDDLE)",3,1.075,2.00733,200,1,"-4:1;-3:4;-2:15;-1:37;1:71;2:29;3:16;4:18;5:5;6:4",0.24
4543,6,5,48,"Hit(CW,2,STRONG)",3,1.02,1.67917,200,1,"-3:2;-2:8;-1:42;1:84;2:29;3:21;4:9;5:3;6:2",0.335
4543,6,5,49,"Hit(CCW,2,STRONG)",3,0.86,1.80566,200,1,"-4:1;-3:6;-2:12;-1:39;1:78;2:33;3:17;4:9;5:4;6:1",0.295
4543,6,5,50,"Freeze(CW,2)",4,1.07,1.95579,200,1,"-3:3;-2:17;-1:39;1:66;2:29;3:23;4:14;5:7;6:2",-1.96
4543,6,5,51,"Freeze(CCW,2)",4,0.935,1.88169,200,1,"-4:1;-3:3;-2:17;-1:41;1:63;2:36;3:22;4:11;5:6",-2
4543,6,5,52,"PostGuard(CW,1,0)",7,0.91,1.6679,200,1,"-4:2;-3:3;-2:12;-1:34;1:81;2:40;3:18;4:8;5:2",-1.925
4543,6,5,53,"PostGuard(CCW,1,0)",7,1.045,1.81741,200,1,"-4:1;-3:6;-2:8;-1:37;1:74;2:36;3:20;4:12;5:6",-1.65
4543,6,5,54,"PostGuard(CW,1,1)",7,0.97,1.9181,200,1,"-4:1;-3:2;-2:18;-1:38;0:1;1:73;2:25;3:24;4:9;5:7;6:2",-2
4543,6,5,55,"PostGuard(CCW,1,1)",7,0.835,1.7742,200,1,"-4:1;-3:4;-2:13;-1:45;1:67;2:37;3:23;4:7;5:2;6:1",-2
4543,6,5,56,"PostGuard(CW,1,2)",7,0.73,1.84583,200,1,"-4:3;-3:5;-2:15;-1:40;1:78;2:29;3:19;4:5;5:6",-2
4543,6,5,57,"PostGuard(CCW,1,2)",7,0.68,1.95131,200,1,"-6:1;-4:7;-3:4;-2:14;-1:36;1:71;2:40;3:16;4:8;5:3",-2
4543,6,5,58,"PostGuard(CW,3,0)",7,0.735,2.02108,200,1,"-4:3;-3:6;-2:20;-1:40;1:66;2:29;3:20;4:9;5:5;6:2",-2
4543,6,5,59,"PostGuard(CCW,3,0)",7,0.735,1.89335,200,1,"-4:2;-3:6;-2:13;-1:47;0:1;1:68;2:31;3:20;4:6;5:4;6:2",-2
4543,6,5,60,"PostGuard(CW,3,1)",7,0.495,2.12367,200,1,"-4:5;-3:8;-2:19;-1:52;1:57;2:31;3:9;4:10;5:8;7:1",-2
4543,6,5,61,"PostGuard(CCW,3,1)",7,0.405,1.94704,200,1,"-5:3;-4:3;-3:7;-2:20;-1:41;1:79;2:23;3:14;4:7;5:3",-2
4543,6,5,62,"PostGuard(CW,3,2)",7,0.5,1.89209,200,1,"-4:3;-3:8;-2:20;-1:45;1:61;2:43;3:11;4:4;5:5",-2
4543,6,5,63,"PostGuard(CCW,3,2)",7,0.675,1.96198,200,1,"-5:1;-4:2;-3:11;-2:11;-1:43;1:67;2:33;3:20;4:8;5:3;6:1",-2
4543,6,5,64,"PostGuard(CW,5,0)",7,0.665,1.84466,200,1,"-5:1;-4:2;-3:8;-2:16;-1:32;1:87;2:30;3:15;4:5;5:2;6:2",-2
4543,6,5,65,"PostGuard(CCW,5,0)",7,0.65,1.67257,200,1,"-5:1;-3:2;-2:15;-1:51;1:71;2:39;3:13;4:6;5:2",-2
4543,6,5,66,"PostGuard(CW,5,1)",7,0.59,2.0741,200,1,"-5:1;-4:2;-3:8;-2:25;-1:40;0:1;1:58;2:29;3:23;4:5;5:8",-2
4543,6,5,67,"PostGuard(CCW,5,1)",7,0.86,1.7408,200,1,"-4:1;-3:4;-2:10;-1:46;1:72;2:33;3:23;4:9;5:1;6:1",-2
4543,6,5,68,"PostGuard(CW,5,2)",7,0.49,1.88412,200,1,"-6:1;-4:1;-3:6;-2:24;-1:42;1:74;2:31;3:8;4:9;5:4",-2
4543,6,5,69,"PostGuard(CCW,5,2)",7,0.495,1.96723,200,1,"-5:1;-4:3;-3:8;-2:22;-1:40;1:70;2:28;3:20;4:4;5:3;7:1",-2
4543,6,5,70,"Pass",0,0.69,1.78154,200,1,"-4:1;-3:3;-2:18;-1:45;1:82;2:19;3:21;4:7;5:3;6:1",-2
9231,5,14,0,"Draw(CW,TEE)",1,1.01,1.28448,200,1,"-2:1;-1:46;1:76;2:57;3:20",1.935
9231,5,14,1,"Draw(CCW,TEE)",1,1.64,0.80025,200,1,"-1:3;1:90;2:85;3:17;4:5",1.64
9231,5,14,2,"Draw(CW,S0)",1,1.635,1.22138,200,1,"-1:24;1:47;2:91;3:30;4:8",2.035
9231,5,14,3,"Draw(CCW,S0)",1,1.685,0.89765,200,1,"-1:8;1:67;2:104;3:14;4:7",1.845
9231,5,14,4,"Draw(CW,S2)",1,1.275,0.457575,200,1,"1:146;2:53;3:1",1
9231,5,14,5,"Draw(CCW,S2)",1,1.25,0.44441,200,1,"1:151;2:48;3:1",1
9231,5,14,6,"Draw(CW,S4)",1,1.215,1.30337,200,1,"-2:1;-1:41;1:53;2:83;3:21;4:1",1.985
9231,5,14,7,"Draw(CCW,S4)",1,1.81,0.838987,200,1,"-1:3;1:69;2:94;3:28;4:6",1.705
9231,5,14,8,"Draw(CW,S6)",1,1.345,0.485773,200,1,"1:132;2:67;3:1",1
9231,5,14,9,"Draw(CCW,S6)",1,1.295,0.456043,200,1,"1:141;2:59",1
9231,5,14,10,"Draw(CW,L0)",1,0.69,1.46079,200,1,"-4:1;-3:3;-2:7;-1:49;1:83;2:43;3:11;4:3",2.235
9231,5,14,11,"Draw(CCW,L0)",1,1.45,1.13027,200,1,"-1:24;1:68;2:79;3:28;4:1",1.68
9231,5,14,12,"Draw(CW,L1)",1,1.23,0.455082,200,1,"-1:1;1:151;2:48",1
9231,5,14,13,"Draw(CCW,L1)",1,1.265,0.452521,200,1,"1:148;2:51;3:1",1
9231,5,14,14,"Draw(CW,L2)",1,1.315,0.464516,200,1,"1:137;2:63",1
9231,5,14,15,"Draw(CCW,L2)",1,1.255,0.435861,200,1,"1:149;2:51",1
9231,5,14,16,"Draw(CW,L3)",1,1.27,0.443959,200,1,"1:146;2:54",1
9231,5,14,17,"Draw(CCW,L3)",1,1.235,0.423999,200,1,"1:153;2:47",1
9231,5,14,18,"Draw(CW,L4)",1,1.27,0.486929,200,1,"1:150;2:46;3:4",1
9231,5,14,19,"Draw(CCW,L4)",1,1.22,0.481248,200,1,"-1:1;1:156;2:40;3:3",1
9231,5,14,20,"Draw(CW,L5)",1,1.28,0.448999,200,1,"1:144;2:56",1
9231,5,14,21,"Draw(CCW,L5)",1,1.26,0.438634,200,1,"1:148;2:52",1
9231,5,14,22,"Draw(CW,L6)",1,1.245,0.430087,200,1,"1:151;2:49",1
9231,5,14,23,"Draw(CCW,L6)",1,1.27,0.443959,200,1,"1:146;2:54",1
9231,5,14,24,"Draw(CW,L7)",1,1.235,0.423999,200,1,"1:153;2:47",1
9231,5,14,25,"Draw(CCW,L7)",1,1.32,0.466476,200,1,"1:136;2:64",1
9231,5,14,26,"PreGuard(CW,G3)",2,1.275,0.48926,200,1,"1:149;2:47;3:4",1
9231,5,14,27,"PreGuard(CCW,G3)",2,1.285,0.451414,200,1,"1:143;2:57",1
9231,5,14,28,"PreGuard(CW,G4)",2,1.29,0.453762,200,1,"1:142;2:58",1
9231,5,14,29,"PreGuard(CCW,G4)",2,1.315,0.485567,200,1,"1:139;2:59;3:2",1
9231,5,14,30,"PreGuard(CW,G5)",2,1.3,0.489898,200,1,"-1:1;1:137;2:62",1
9231,5,14,31,"PreGuard(CCW,G5)",2,1.305,0.501971,200,1,"-1:1;1:137;2:61;3:1",1
9231,5,14,32,"Hit(CW,3,TOUCH)",3,1.335,0.492722,200,1,"1:135;2:63;3:2",1
9231,5,14,33,"Hit(CCW,3,TOUCH)",3,1.29,0.46465,200,1,"1:143;2:56;3:1",1
9231,5,14,34,"Hit(CW,3,WEAK)",3,1.23,0.719097,200,1,"-4:1;-3:1;-2:1;1:142;2:52;3:3",1.08
9231,5,14,35,"Hit(CCW,3,WEAK)",3,1.225,0.533268,200,1,"-3:1;1:151;2:47;3:1",1.025
9231,5,14,36,"Hit(CW,3,MIDDLE)",3,1.24,0.438634,200,1,"1:153;2:46;3:1",1
9231,5,14,37,"Hit(CCW,3,MIDDLE)",3,1.225,1.26269,200,1,"-3:3;-2:6;-1:13;1:109;2:42;3:22;4:5",1.61
9231,5,14,38,"Hit(CW,3,STRONG)",3,1.285,0.462358,200,1,"1:144;2:55;3:1",1.01
9231,5,14,39,"Hit(CCW,3,STRONG)",3,1.235,1.17464,200,1,"-3:2;-2:6;-1:14;1:99;2:57;3:22",1.725
9231,5,14,40,"Freeze(CW,3)",4,1.3,0.458258,200,1,"1:140;2:60",1
9231,5,14,41,"Freeze(CCW,3)",4,1.265,0.441333,200,1,"1:147;2:53",1
9231,5,14,42,"Hit(CW,5,TOUCH)",3,1.51,1.24093,200,1,"-3:1;-2:1;-1:22;1:67;2:68;3:38;4:3",2.2
9231,5,14,43,"Hit(CCW,5,TOUCH)",3,1.525,0.999687,200,1,"-1:14;1:82;2:79;3:21;4:4",1.805
9231,5,14,44,"Hit(CW,5,WEAK)",3,1.005,1.73349,200,1,"-4:6;-3:4;-2:10;-1:25;1:58;2:72;3:20;4:5",2.715
9231,5,14,45,"Hit(CCW,5,WEAK)",3,0.8,1.37477,200,1,"-3:5;-2:3;-1:43;1:90;2:43;3:16",2.18
9231,5,14,46,"Hit(CW,5,MIDDLE)",3,0.76,1.52066,200,1,"-3:3;-2:17;-1:37;1:70;2:59;3:12;4:2",1.975
9231,5,14,47,"Hit(CCW,5,MIDDLE)",3,0.9,1.43178,200,1,"-3:5;-2:4;-1:40;0:1;1:78;2:51;3:21",2.835
9231,5,14,48,"Hit(CW,5,STRONG)",3,0.785,1.49959,200,1,"-3:1;-2:10;-1:52;0:1;1:61;2:57;3:15;4:3",1.99
9231,5,14,49,"Hit(CCW,5,STRONG)",3,0.98,1.42113,200,1,"-3:1;-2:2;-1:51;1:67;2:50;3:29",2.805
9231,5,14,50,"Freeze(CW,5)",4,1.43,1.23899,200,1,"-1:33;1:42;2:101;3:21;4:3",2.035
9231,5,14,51,"Freeze(CCW,5)",4,1.565,0.946454,200,1,"-1:12;1:76;2:91;3:17;4:4",1.845
9231,5,14,52,"Hit(CW,7,TOUCH)",3,0.475,1.19556,200,1,"-2:3;-1:68;1:90;2:38;3:1",0.595
9231,5,14,53,"Hit(CCW,7,TOUCH)",3,1.41,1.1054,200,1,"-2:1;-1:24;1:60;2:99;3:14;4:2",2
9231,5,14,54,"Hit(CW,7,WEAK)",3,-0.44,1.57048,200,1,"-5:1;-4:4;-3:7;-2:45;-1:59;1:65;2:19",0.955
9231,5,14,55,"Hit(CCW,7,WEAK)",3,-0.46,1.70247,200,1,"-5:1;-3:9;-2:54;-1:66;1:40;2:18;3:10;4:2",1.825
9231,5,14,56,"Hit(CW,7,MIDDLE)",3,-0.285,1.72446,200,1,"-4:4;-3:16;-2:24;-1:73;1:46;2:29;3:8",2.015
9231,5,14,57,"Hit(CCW,7,MIDDLE)",3,0.01,1.46966,200,1,"-4:2;-3:8;-2:25;-1:51;1:93;2:21",1.35
9231,5,14,58,"Hit(CW,7,STRONG)",3,0.05,1.66658,200,1,"-4:1;-3:12;-2:17;-1:71;0:1;1:53;2:33;3:12",2.2
9231,5,14,59,"Hit(CCW,7,STRONG)",3,0.22,1.28515,200,1,"-5:1;-4:1;-3:4;-2:13;-1:50;1:121;2:10",1.39
9231,5,14,60,"Freeze(CW,7)",4,0.51,1.26882,200,1,"-2:6;-1:66;1:76;2:52",0.77
9231,5,14,61,"Freeze(CCW,7)",4,0.955,1.40818,200,1,"-4:1;-3:5;-2:10;-1:22;1:84;2:66;3:12",1.955
9231,5,14,62,"Hit(CW,11,TOUCH)",3,1.81,0.971545,200,1,"-2:3;-1:6;1:50;2:100;3:40;4:1",1.87
9231,5,14,63,"Hit(CCW,11,TOUCH)",3,1.57,1.05124,200,1,"-2:6;-1:5;1:80;2:78;3:29;4:2",1.635
9231,5,14,64,"Hit(CW,11,WEAK)",3,0.485,1.81101,200,1,"-4:1;-3:1;-2:35;-1:47;1:41;2:45;3:30",1.39
9231,5,14,65,"Hit(CCW,11,WEAK)",3,0.05,1.64545,200,1,"-3:9;-2:25;-1:67;1:57;2:31;3:9;4:2",1.21
9231,5,14,66,"Hit(CW,11,MIDDLE)",3,-0.06,1.7339,200,1,"-4:11;-3:4;-2:22;-1:59;1:66;2:33;3:5",1.155
9231,5,14,67,"Hit(CCW,11,MIDDLE)",3,0.83,1.58149,200,1,"-2:19;-1:44;1:48;2:69;3:18;4:2",1.655
9231,5,14,68,"Hit(CW,11,STRONG)",3,0.135,1.67236,200,1,"-4:5;-3:5;-2:26;-1:49;1:80;2:22;3:13",1.14
9231,5,14,69,"Hit(CCW,11,STRONG)",3,0.98,1.65517,200,1,"-3:1;-2:16;-1:45;1:34;2:71;3:32;4:1",1.76
9231,5,14,70,"Freeze(CW,11)",4,1.82,0.74,200,1,"-2:1;-1:1;1:59;2:110;3:28;4:1",1.77
9231,5,14,71,"Freeze(CCW,11)",4,1.715,0.918572,200,1,"-2:1;-1:4;1:83;2:74;3:34;4:4",1.585
9231,5,14,72,"Hit(CW,13,TOUCH)",3,0.675,1.28817,200,1,"-2:11;-1:47;1:82;2:58;3:2",1.515
9231,5,14,73,"Hit(CCW,13,TOUCH)",3,1.04,1.37055,200,1,"-3:1;-2:14;-1:25;1:71;2:74;3:15",1.975
9231,5,14,74,"Hit(CW,13,WEAK)",3,-0.75,1.61787,200,1,"-5:2;-4:5;-3:13;-2:51;-1:63;1:49;2:16;3:1",1.06
9231,5,14,75,"Hit(CCW,13,WEAK)",3,-0.695,1.69469,200,1,"-5:1;-4:5;-3:10;-2:55;-1:69;1:34;2:19;3:5;4:2",1.74
9231,5,14,76,"Hit(CW,13,MIDDLE)",3,0.445,1.62079,200,1,"-3:6;-2:11;-1:68;1:52;2:44;3:19",2.55
9231,5,14,77,"Hit(CCW,13,MIDDLE)",3,-0.095,1.54466,200,1,"-5:2;-4:4;-3:6;-2:25;-1:52;1:95;2:16",1.415
9231,5,14,78,"Hit(CW,13,STRONG)",3,0.15,1.53867,200,1,"-4:2;-3:7;-2:12;-1:71;0:1;1:68;2:31;3:8",2.56
9231,5,14,79,"Hit(CCW,13,STRONG)",3,-0.19,1.53098,200,1,"-5:1;-4:3;-3:9;-2:31;-1:51;1:91;2:14",1.335
9231,5,14,80,"Freeze(CW,13)",4,0.875,1.35254,200,1,"-3:4;-2:15;-1:21;1:86;2:70;3:4",1.59
9231,5,14,81,"Freeze(CCW,13)",4,1.095,1.17727,200,1,"-3:7;-2:6;-1:7;1:104;2:73;3:3",1.625
9231,5,14,82,"PostGuard(CW,8,0)",7,1.255,0.599979,200,1,"-1:5;1:136;2:57;3:2",1.155
9231,5,14,83,"PostGuard(CCW,8,0)",7,1.285,0.577733,200,1,"-1:4;1:132;2:63;3:1",1.155
9231,5,14,84,"PostGuard(CW,8,1)",7,1.28,0.491528,200,1,"1:148;2:48;3:4",1
9231,5,14,85,"PostGuard(CCW,8,1)",7,1.3,0.565685,200,1,"-1:1;1:145;2:46;3:8",1
9231,5,14,86,"PostGuard(CW,8,2)",7,1.255,0.509877,200,1,"-1:2;1:144;2:53;3:1",1
9231,5,14,87,"PostGuard(CCW,8,2)",7,1.305,0.49191,200,1,"1:142;2:55;3:3",1
9231,5,14,88,"PostGuard(CW,10,0)",7,1.315,0.485567,200,1,"1:139;2:59;3:2",1
9231,5,14,89,"PostGuard(CCW,10,0)",7,1.255,0.479557,200,1,"1:153;2:43;3:4",1
9231,5,14,90,"PostGuard(CW,10,1)",7,1.24,0.438634,200,1,"1:153;2:46;3:1",1
9231,5,14,91,"PostGuard(CCW,10,1)",7,1.275,0.468375,200,1,"1:147;2:51;3:2",1
9231,5,14,92,"PostGuard(CW,10,2)",7,1.14,0.346987,200,1,"1:172;2:28",1
9231,5,14,93,"PostGuard(CCW,10,2)",7,1.19,0.392301,200,1,"1:162;2:38",1
9231,5,14,94,"PostGuard(CW,12,0)",7,1.35,0.563471,200,1,"-1:1;1:133;2:60;3:6",1
9231,5,14,95,"PostGuard(CCW,12,0)",7,1.405,0.557651,200,1,"-1:1;1:120;2:75;3:4",1
9231,5,14,96,"PostGuard(CW,12,1)",7,1.22,0.481248,200,1,"-1:2;1:150;2:48",1
9231,5,14,97,"PostGuard(CCW,12,1)",7,1.255,0.556754,200,1,"-1:3;1:143;2:51;3:3",1
9231,5,14,98,"PostGuard(CW,12,2)",7,1.175,0.44088,200,1,"-1:1;1:164;2:33;3:2",1
9231,5,14,99,"PostGuard(CCW,12,2)",7,1.205,0.427756,200,1,"1:161;2:37;3:2",1
9231,5,14,100,"Pass",0,1.29,0.453762,200,1,"1:142;2:58",1
1825,5,7,0,"Draw(CW,TEE)",1,0.785,1.91018,200,1,"-4:2;-3:3;-2:18;-1:44;1:68;2:33;3:17;4:8;5:5;6:2",0.605
1825,5,7,1,"Draw(CCW,TEE)",1,0.985,1.99619,200,1,"-4:1;-3:4;-2:22;-1:34;1:57;2:40;3:22;4:16;5:1;6:2;7:1",3.075
1825,5,7,2,"Draw(CW,S0)",1,0.585,1.92166,200,1,"-5:1;-4:1;-3:10;-2:16;-1:44;1:67;2:35;3:12;4:12;5:1;6:1",0.595
1825,5,7,3,"Draw(CCW,S0)",1,0.85,1.93326,200,1,"-3:7;-2:16;-1:42;1:69;2:28;3:20;4:11;5:6;6:1",1.91
1825,5,7,4,"Draw(CW,S2)",1,0.775,2.05046,200,1,"-3:5;-2:19;-1:55;1:53;2:26;3:19;4:17;5:4;6:1;7:1",2.975
1825,5,7,5,"Draw(CCW,S2)",1,0.635,1.99794,200,1,"-5:1;-4:2;-3:7;-2:14;-1:53;1:61;2:25;3:23;4:10;5:2;6:2",3.005
1825,5,7,6,"Draw(CW,S4)",1,0.785,1.972,200,1,"-4:1;-3:4;-2:21;-1:48;1:52;2:34;3:21;4:15;5:4",0.575
1825,5,7,7,"Draw(CCW,S4)",1,1.015,1.80133,200,1,"-5:1;-4:1;-3:1;-2:9;-1:47;1:60;2:40;3:30;4:6;5:4;6:1",2.37
1825,5,7,8,"Draw(CW,S6)",1,0.915,1.96412,200,1,"-4:2;-3:5;-2:10;-1:49;0:1;1:59;2:33;3:23;4:12;5:3;6:3",3.01
1825,5,7,9,"Draw(CCW,S6)",1,0.805,2.02903,200,1,"-4:2;-3:5;-2:17;-1:46;1:64;2:31;3:14;4:11;5:8;6:2",3
1825,5,7,10,"Draw(CW,L0)",1,0.77,2.05356,200,1,"-4:2;-3:7;-2:19;-1:43;1:60;2:32;3:18;4:11;5:6;6:2",-0.195
1825,5,7,11,"Draw(CCW,L0)",1,0.825,2.05289,200,1,"-4:2;-3:4;-2:15;-1:53;1:62;2:22;3:14;4:21;5:6;6:1",0.395
1825,5,7,12,"Draw(CW,L1)",1,0.485,1.82751,200,1,"-4:2;-3:8;-2:16;-1:52;1:68;2:29;3:14;4:10;5:1",2.995
1825,5,7,13,"Draw(CCW,L1)",1,0.69,1.87721,200,1,"-4:2;-3:4;-2:16;-1:52;1:56;2:43;3:13;4:10;5:3;6:1",3
1825,5,7,14,"Draw(CW,L2)",1,0.615,1.89124,200,1,"-5:1;-3:6;-2:18;-1:51;1:62;2:32;3:17;4:10;5:2;6:1",3
1825,5,7,15,"Draw(CCW,L2)",1,0.81,1.89839,200,1,"-4:2;-3:1;-2:16;-1:50;1:66;2:32;3:16;4:11;5:3;6:3",3
1825,5,7,16,"Draw(CW,L3)",1,0.755,1.96341,200,1,"-4:2;-3:5;-2:20;-1:44;1:56;2:39;3:17;4:13;5:3;6:1",3
1825,5,7,17,"Draw(CCW,L3)",1,0.865,2.11347,200,1,"-3:7;-2:20;-1:45;1:57;2:30;3:16;4:14;5:9;6:1;7:1",3
1825,5,7,18,"Draw(CW,L4)",1,0.82,1.93587,200,1,"-4:3;-3:3;-2:18;-1:39;1:77;2:22;3:20;4:12;5:5;6:1",3
1825,5,7,19,"Draw(CCW,L4)",1,0.755,2.19658,200,1,"-4:2;-3:8;-2:19;-1:49;1:53;2:30;3:14;4:17;5:2;6:5;7:1",3
1825,5,7,20,"Draw(CW,L5)",1,0.68,1.92811,200,1,"-3:7;-2:16;-1:53;1:60;2:34;3:14;4:11;5:2;6:3",3
1825,5,7,21,"Draw(CCW,L5)",1,0.73,1.85664,200,1,"-4:1;-3:7;-2:14;-1:46;1:66;2:36;3:19;4:7;5:2;6:2",3
1825,5,7,22,"Draw(CW,L6)",1,0.645,2.06615,200,1,"-5:1;-4:3;-3:3;-2:24;-1:46;1:57;2:33;3:14;4:13;5:4;6:2",3
1825,5,7,23,"Draw(CCW,L6)",1,0.785,1.93618,200,1,"-5:1;-4:2;-3:6;-2:13;-1:41;1:75;2:30;3:16;4:9;5:6;6:1",3
1825,5,7,24,"Draw(CW,L7)",1,0.755,1.87216,200,1,"-4:2;-3:6;-2:14;-1:45;1:67;2:32;3:21;4:9;5:4",3
1825,5,7,25,"Draw(CCW,L7)",1,0.8,1.84662,200,1,"-4:1;-3:5;-2:16;-1:44;1:62;2:41;3:17;4:11;5:2;6:1",2.91
1825,5,7,26,"PreGuard(CW,G3)",2,0.54,1.93091,200,1,"-4:2;-3:8;-2:15;-1:57;1:55;2:32;3:22;4:5;5:2;6:2",3
1825,5,7,27,"PreGuard(CCW,G3)",2,0.635,1.68576,200,1,"-4:1;-3:2;-2:18;-1:48;1:77;2:28;3:17;4:8;5:1",3
1825,5,7,28,"PreGuard(CW,G4)",2,0.43,1.90134,200,1,"-4:2;-3:5;-2:20;-1:62;1:53;2:32;3:16;4:5;5:4;6:1",3
1825,5,7,29,"PreGuard(CCW,G4)",2,0.35,2.00935,200,1,"-4:3;-3:6;-2:25;-1:60;1:55;2:17;3:19;4:11;5:4",3
1825,5,7,30,"PreGuard(CW,G5)",2,0.65,2.03899,200,1,"-5:1;-4:1;-3:6;-2:16;-1:56;1:56;2:33;3:11;4:12;5:6;6:2",3
1825,5,7,31,"PreGuard(CCW,G5)",2,0.415,1.87957,200,1,"-4:4;-3:6;-2:23;-1:49;1:54;2:43;3:14;4:5;5:2",3
1825,5,7,32,"Hit(CW,2,TOUCH)",3,0.595,1.94704,200,1,"-3:4;-2:22;-1:61;1:46;2:31;3:21;4:10;5:5",1.47
1825,5,7,33,"Hit(CCW,2,TOUCH)",3,0.95,2.07545,200,1,"-4:2;-3:6;-2:17;-1:41;1:52;2:41;3:17;4:16;5:6;6:2",2.26
1825,5,7,34,"Hit(CW,2,WEAK)",3,1,2.10238,200,1,"-4:2;-3:5;-2:11;-1:50;1:59;2:24;3:21;4:17;5:9;6:2",0.745
1825,5,7,35,"Hit(CCW,2,WEAK)",3,0.825,2.03823,200,1,"-3:8;-2:17;-1:46;0:1;1:59;2:26;3:24;4:12;5:5;6:1;7:1",0.915
1825,5,7,36,"Hit(CW,2,MIDDLE)",3,0.995,1.76209,200,1,"-4:1;-3:3;-2:17;-1:31;1:67;2:50;3:18;4:11;6:2",0.99
1825,5,7,37,"Hit(CCW,2,MIDDLE)",3,0.87,1.89026,200,1,"-4:2;-3:3;-2:11;-1:52;1:61;2:32;3:21;4:13;5:5",0.385
1825,5,7,38,"Hit(CW,2,STRONG)",3,1.07,1.77907,200,1,"-4:1;-2:18;-1:32;0:1;1:71;2:40;3:18;4:14;5:5",1.135
1825,5,7,39,"Hit(CCW,2,STRONG)",3,0.925,2.00733,200,1,"-6:1;-5:1;-4:3;-3:7;-2:12;-1:29;1:74;2:31;3:27;4:11;5:3;6:1",0.18
1825,5,7,40,"Freeze(CW,2)",4,0.935,1.94185,200,1,"-5:1;-3:3;-2:17;-1:45;1:53;2:39;3:26;4:10;5:5;6:1",2.96
1825,5,7,41,"Freeze(CCW,2)",4,0.785,1.89704,200,1,"-4:1;-3:4;-2:14;-1:53;1:62;2:29;3:19;4:13;5:5",2.975
1825,5,7,42,"Hit(CW,4,TOUCH)",3,0.65,1.941,200,1,"-4:1;-3:5;-2:20;-1:50;1:67;2:23;3:16;4:13;5:4;6:1",1.575
1825,5,7,43,"Hit(CCW,4,TOUCH)",3,0.46,1.97697,200,1,"-4:5;-3:7;-2:24;-1:41;1:65;2:31;3:19;4:3;5:4;6:1",0.2
1825,5,7,44,"Hit(CW,4,WEAK)",3,0.64,1.78617,200,1,"-3:4;-2:23;-1:43;0:1;1:69;2:34;3:15;4:10;7:1",0.095
1825,5,7,45,"Hit(CCW,4,WEAK)",3,0.665,1.92686,200,1,"-5:2;-4:1;-3:7;-2:17;-1:40;1:71;2:30;3:21;4:8;5:2;6:1",0.005
1825,5,7,46,"Hit(CW,4,MIDDLE)",3,0.73,1.66346,200,1,"-4:1;-3:4;-2:14;-1:40;1:88;2:30;3:13;4:7;5:3",0
1825,5,7,47,"Hit(CCW,4,MIDDLE)",3,0.72,1.92135,200,1,"-4:3;-3:5;-2:15;-1:47;1:68;2:25;3:22;4:11;5:4",1.53
1825,5,7,48,"Hit(CW,4,STRONG)",3,0.51,1.76065,200,1,"-4:2;-3:5;-2:20;-1:46;0:2;1:72;2:29;3:16;4:7;5:1",-0.055
1825,5,7,49,"Hit(CCW,4,STRONG)",3,0.87,1.96802,200,1,"-3:8;-2:18;-1:40;1:59;2:32;3:27;4:11;5:4;6:1",1.455
1825,5,7,50,"Freeze(CW,4)",4,0.735,1.85601,200,1,"-4:1;-3:11;-2:14;-1:37;1:66;2:43;3:18;4:8;5:1;6:1",2.785
1825,5,7,51,"Freeze(CCW,4)",4,0.3,1.96214,200,1,"-5:1;-4:2;-3:8;-2:30;-1:48;1:53;2:33;3:16;4:7;5:2",2.5
1825,5,7,52,"PostGuard(CW,1,0)",7,1.37,1.98824,200,1,"-3:4;-2:9;-1:40;1:49;2:40;3:32;4:14;5:9;6:3",2.725
1825,5,7,53,"PostGuard(CCW,1,0)",7,0.81,1.92195,200,1,"-4:1;-3:3;-2:15;-1:54;1:53;2:40;3:18;4:12;5:1;6:2;7:1",3.265
1825,5,7,54,"PostGuard(CW,1,1)",7,0.66,2.15277,200,1,"-4:5;-3:5;-2:19;-1:50;1:58;2:25;3:17;4:12;5:7;6:1;7:1",3
1825,5,7,55,"PostGuard(CCW,1,1)",7,0.675,2.10461,200,1,"-4:1;-3:11;-2:16;-1:53;1:45;2:37;3:21;4:9;5:3;6:4",3
1825,5,7,56,"PostGuard(CW,1,2)",7,0.655,2.07026,200,1,"-4:1;-3:11;-2:19;-1:46;1:60;2:21;3:24;4:14;5:2;6:2",3
1825,5,7,57,"PostGuard(CCW,1,2)",7,0.46,1.92052,200,1,"-4:2;-3:7;-2:24;-1:50;1:57;2:30;3:21;4:7;5:1;6:1",3
1825,5,7,58,"PostGuard(CW,3,0)",7,0.765,1.97732,200,1,"-4:1;-3:6;-2:19;-1:41;1:71;2:32;3:14;4:7;5:7;6:1;8:1",2.795
1825,5,7,59,"PostGuard(CCW,3,0)",7,0.575,1.9402,200,1,"-4:2;-3:2;-2:24;-1:51;1:64;2:33;3:8;4:9;5:5;6:1;7:1",2.865
1825,5,7,60,"PostGuard(CW,3,1)",7,0.48,1.9798,200,1,"-5:1;-4:1;-3:9;-2:24;-1:46;1:57;2:32;3:18;4:9;5:3",3
1825,5,7,61,"PostGuard(CCW,3,1)",7,0.625,1.92208,200,1,"-4:4;-3:3;-2:21;-1:44;1:67;2:32;3:18;4:5;5:5;6:1",3
1825,5,7,62,"PostGuard(CW,3,2)",7,0.73,1.79363,200,1,"-5:1;-4:3;-3:1;-2:17;-1:41;1:72;2:39;3:16;4:7;5:3",3
1825,5,7,63,"PostGuard(CCW,3,2)",7,0.7,1.96977,200,1,"-4:3;-3:6;-2:21;-1:39;1:63;2:35;3:20;4:9;5:2;6:2",3
1825,5,7,64,"PostGuard(CW,5,0)",7,0.855,1.98846,200,1,"-5:1;-4:1;-3:4;-2:18;-1:42;1:61;2:36;3:21;4:9;5:4;6:3",3.05
1825,5,7,65,"PostGuard(CCW,5,0)",7,0.545,1.95396,200,1,"-4:2;-3:9;-2:18;-1:50;1:58;2:36;3:13;4:9;5:5",2.94
1825,5,7,66,"PostGuard(CW,5,1)",7,0.575,1.95048,200,1,"-4:2;-3:7;-2:21;-1:49;1:54;2:36;3:19;4:9;5:2;6:1",3
1825,5,7,67,"PostGuard(CCW,5,1)",7,0.385,1.90703,200,1,"-4:4;-3:7;-2:17;-1:59;1:58;2:28;3:18;4:6;5:3",3
1825,5,7,68,"PostGuard(CW,5,2)",7,0.47,1.88656,200,1,"-4:2;-3:7;-2:22;-1:48;1:67;2:27;3:19;4:5;5:2;7:1",3
1825,5,7,69,"PostGuard(CCW,5,2)",7,0.665,2.07431,200,1,"-5:1;-4:3;-3:4;-2:26;-1:40;1:59;2:29;3:24;4:5;5:9",3
1825,5,7,70,"PostGuard(CW,7,0)",7,0.465,1.8705,200,1,"-3:8;-2:18;-1:59;1:63;2:24;3:15;4:10;5:2;6:1",3
1825,5,7,71,"PostGuard(CCW,7,0)",7,0.6,2.06398,200,1,"-3:9;-2:25;-1:47;1:53;2:35;3:15;4:6;5:8;6:2",3
1825,5,7,72,"PostGuard(CW,7,1)",7,0.365,1.92919,200,1,"-4:3;-3:10;-2:22;-1:50;1:57;2:32;3:18;4:7;6:1",3
1825,5,7,73,"PostGuard(CCW,7,1)",7,0.715,2.08897,200,1,"-4:2;-3:9;-2:14;-1:50;1:63;2:24;3:20;4:10;5:4;6:3;7:1",3
1825,5,7,74,"PostGuard(CW,7,2)",7,0.365,1.93695,200,1,"-4:3;-3:9;-2:22;-1:52;0:1;1:59;2:25;3:19;4:8;5:2",3
1825,5,7,75,"PostGuard(CCW,7,2)",7,0.5,1.9,200,1,"-3:7;-2:28;-1:46;1:59;2:29;3:21;4:7;5:3",3
1825,5,7,76,"Pass",0,0.855,1.8905,200,1,"-4:2;-3:6;-2:14;-1:41;1:65;2:31;3:29;4:8;5:4",3
4062,4,15,0,"Draw(CW,TEE)",1,-2,0.173205,200,1,"-3:3;-2:194;-1:3",-2
4062,4,15,1,"Draw(CCW,TEE)",1,-2.115,0.67954,200,1,"-4:1;-3:56;-2:108;-1:35",-2.115
4062,4,15,2,"Draw(CW,S0)",1,-1.975,0.379967,200,1,"-3:12;-2:171;-1:17",-1.975
4062,4,15,3,"Draw(CCW,S0)",1,-2.46,0.590254,200,1,"-4:1;-3:99;-2:91;-1:9",-2.46
4062,4,15,4,"Draw(CW,S2)",1,-2,0,200,1,"-2:200",-2
4062,4,15,5,"Draw(CCW,S2)",1,-2,0,200,1,"-2:200",-2
4062,4,15,6,"Draw(CW,S4)",1,-1.985,0.186481,200,1,"-3:2;-2:193;-1:5",-1.985
4062,4,15,7,"Draw(CCW,S4)",1,-2.305,0.618041,200,1,"-4:1;-3:75;-2:108;-1:16",-2.305
4062,4,15,8,"Draw(CW,S6)",1,-1.765,0.423999,200,1,"-2:153;-1:47",-1.765
4062,4,15,9,"Draw(CCW,S6)",1,-2,0,200,1,"-2:200",-2
4062,4,15,10,"Draw(CW,L0)",1,-2.04,0.654523,200,1,"-3:47;-2:114;-1:39",-2.04
4062,4,15,11,"Draw(CCW,L0)",1,-2.645,0.573563,200,1,"-4:8;-3:115;-2:75;-1:2",-2.645
4062,4,15,12,"Draw(CW,L1)",1,-2.03,0.170587,200,1,"-3:6;-2:194",-2.03
4062,4,15,13,"Draw(CCW,L1)",1,-2,0,200,1,"-2:200",-2
4062,4,15,14,"Draw(CW,L2)",1,-2,0,200,1,"-2:200",-2
4062,4,15,15,"Draw(CCW,L2)",1,-2,0,200,1,"-2:200",-2
4062,4,15,16,"Draw(CW,L3)",1,-2,0,200,1,"-2:200",-2
4062,4,15,17,"Draw(CCW,L3)",1,-2,0,200,1,"-2:200",-2
4062,4,15,18,"Draw(CW,L4)",1,-2,0,200,1,"-2:200",-2
4062,4,15,19,"Draw(CCW,L4)",1,-2,0,200,1,"-2:200",-2
4062,4,15,20,"Draw(CW,L5)",1,-2,0,200,1,"-2:200",-2
4062,4,15,21,"Draw(CCW,L5)",1,-2,0,200,1,"-2:200",-2
4062,4,15,22,"Draw(CW,L6)",1,-2,0,200,1,"-2:200",-2
4062,4,15,23,"Draw(CCW,L6)",1,-2,0,200,1,"-2:200",-2
4062,4,15,24,"Draw(CW,L7)",1,-1.895,0.306553,200,1,"-2:179;-1:21",-1.895
4062,4,15,25,"Draw(CCW,L7)",1,-2,0,200,1,"-2:200",-2
4062,4,15,26,"PreGuard(CW,G3)",2,-2,0,200,1,"-2:200",-2
4062,4,15,27,"PreGuard(CCW,G3)",2,-2,0,200,1,"-2:200",-2
4062,4,15,28,"PreGuard(CW,G4)",2,-2,0,200,1,"-2:200",-2
4062,4,15,29,"PreGuard(CCW,G4)",2,-2,0,200,1,"-2:200",-2
4062,4,15,30,"PreGuard(CW,G5)",2,-2,0,200,1,"-2:200",-2
4062,4,15,31,"PreGuard(CCW,G5)",2,-2,0,200,1,"-2:200",-2
4062,4,15,32,"Hit(CW,2,TOUCH)",3,-2.27,0.690724,200,1,"-3:79;-2:98;-1:22;1:1",-2.27
4062,4,15,33,"Hit(CCW,2,TOUCH)",3,-1.58,0.51342,200,1,"-3:2;-2:112;-1:86",-1.58
4062,4,15,34,"Hit(CW,2,WEAK)",3,-2.095,0.697119,200,1,"-4:4;-3:38;-2:137;-1:18;1:3",-2.095
4062,4,15,35,"Hit(CCW,2,WEAK)",3,-1.24,0.82,200,1,"-4:1;-3:4;-2:65;-1:116;1:14",-1.24
4062,4,15,36,"Hit(CW,2,MIDDLE)",3,-1.535,0.760773,200,1,"-3:12;-2:97;-1:84;1:7",-1.535
4062,4,15,37,"Hit(CCW,2,MIDDLE)",3,-2.03,0.623779,200,1,"-4:2;-3:36;-2:128;-1:34",-2.03
4062,4,15,38,"Hit(CW,2,STRONG)",3,-1.465,0.853683,200,1,"-3:18;-2:77;-1:95;1:10",-1.465
4062,4,15,39,"Hit(CCW,2,STRONG)",3,-2.06,0.629603,200,1,"-4:1;-3:40;-2:131;-1:27;1:1",-2.06
4062,4,15,40,"Freeze(CW,2)",4,-2.14,0.52,200,1,"-3:43;-2:142;-1:15",-2.14
4062,4,15,41,"Freeze(CCW,2)",4,-1.875,0.345507,200,1,"-3:1;-2:173;-1:26",-1.875
4062,4,15,42,"Hit(CW,4,TOUCH)",3,-1.96,0.195959,200,1,"-2:192;-1:8",-1.96
4062,4,15,43,"Hit(CCW,4,TOUCH)",3,-2,0,200,1,"-2:200",-2
4062,4,15,44,"Hit(CW,4,WEAK)",3,-1.745,0.81852,200,1,"-2:181;-1:3;1:16",-1.745
4062,4,15,45,"Hit(CCW,4,WEAK)",3,-1.965,0.306227,200,1,"-2:197;-1:1;1:2",-1.965
4062,4,15,46,"Hit(CW,4,MIDDLE)",3,-1.995,0.0705337,200,1,"-2:199;-1:1",-1.995
4062,4,15,47,"Hit(CCW,4,MIDDLE)",3,-0.645,1.81355,200,1,"-5:1;-4:3;-3:5;-2:94;-1:28;1:19;2:50",-0.645
4062,4,15,48,"Hit(CW,4,STRONG)",3,-1.945,0.334627,200,1,"-2:193;-1:5;1:2",-1.945
4062,4,15,49,"Hit(CCW,4,STRONG)",3,-0.655,1.81823,200,1,"-5:2;-4:2;-3:2;-2:100;-1:26;1:17;2:51",-0.655
4062,4,15,50,"Freeze(CW,4)",4,-2,0,200,1,"-2:200",-2
4062,4,15,51,"Freeze(CCW,4)",4,-2,0,200,1,"-2:200",-2
4062,4,15,52,"Hit(CW,6,TOUCH)",3,-1.995,0.0705337,200,1,"-2:199;-1:1",-1.995
4062,4,15,53,"Hit(CCW,6,TOUCH)",3,-2.64,0.632772,200,1,"-4:17;-3:94;-2:89",-2.64
4062,4,15,54,"Hit(CW,6,WEAK)",3,-1.71,0.745587,200,1,"-3:23;-2:104;-1:69;1:4",-1.71
4062,4,15,55,"Hit(CCW,6,WEAK)",3,-1.765,1.41413,200,1,"-4:20;-3:38;-2:73;-1:41;1:28",-1.765
4062,4,15,56,"Hit(CW,6,MIDDLE)",3,-1.675,1.09972,200,1,"-4:4;-3:39;-2:77;-1:64;1:16",-1.675
4062,4,15,57,"Hit(CCW,6,MIDDLE)",3,-1.775,0.95623,200,1,"-4:9;-3:23;-2:96;-1:66;1:4;2:2",-1.775
4062,4,15,58,"Hit(CW,6,STRONG)",3,-1.48,1.14874,200,1,"-4:1;-3:29;-2:85;-1:60;1:25",-1.48
4062,4,15,59,"Hit(CCW,6,STRONG)",3,-1.685,0.997885,200,1,"-4:3;-3:27;-2:97;-1:64;1:4;2:5",-1.685
4062,4,15,60,"Freeze(CW,6)",4,-2,0,200,1,"-2:200",-2
4062,4,15,61,"Freeze(CCW,6)",4,-2.43,0.543231,200,1,"-4:3;-3:82;-2:113;-1:2",-2.43
4062,4,15,62,"Hit(CW,10,TOUCH)",3,-2.14,0.424735,200,1,"-3:34;-2:160;-1:6",-2.14
4062,4,15,63,"Hit(CCW,10,TOUCH)",3,-1.78,0.426146,200,1,"-3:1;-2:154;-1:45",-1.78
4062,4,15,64,"Hit(CW,10,WEAK)",3,-2.115,0.601477,200,1,"-4:13;-3:10;-2:164;-1:13",-2.115
4062,4,15,65,"Hit(CCW,10,WEAK)",3,-2.05,0.421307,200,1,"-4:4;-3:11;-2:176;-1:9",-2.05
4062,4,15,66,"Hit(CW,10,MIDDLE)",3,-1.845,0.819131,200,1,"-4:3;-3:18;-2:140;-1:32;1:5;2:2",-1.845
4062,4,15,67,"Hit(CCW,10,MIDDLE)",3,-2.095,0.941262,200,1,"-5:2;-4:17;-3:24;-2:118;-1:37;2:2",-2.095
4062,4,15,68,"Hit(CW,10,STRONG)",3,-1.79,0.816027,200,1,"-4:2;-3:17;-2:134;-1:40;1:5;2:2",-1.79
4062,4,15,69,"Hit(CCW,10,STRONG)",3,-1.975,0.717199,200,1,"-4:6;-3:31;-2:115;-1:48",-1.975
4062,4,15,70,"Freeze(CW,10)",4,-2.025,0.156125,200,1,"-3:5;-2:195",-2.025
4062,4,15,71,"Freeze(CCW,10)",4,-1.9,0.3,200,1,"-2:180;-1:20",-1.9
4062,4,15,72,"Hit(CW,12,TOUCH)",3,-1.995,0.0705337,200,1,"-2:199;-1:1",-1.995
4062,4,15,73,"Hit(CCW,12,TOUCH)",3,-1.97,0.59925,200,1,"-3:33;-2:128;-1:39",-1.97
4062,4,15,74,"Hit(CW,12,WEAK)",3,-1.965,0.569012,200,1,"-3:26;-2:143;-1:30;1:1",-1.965
4062,4,15,75,"Hit(CCW,12,WEAK)",3,-1.315,1.00288,200,1,"-4:1;-3:16;-2:68;-1:95;1:20",-1.315
4062,4,15,76,"Hit(CW,12,MIDDLE)",3,-1.36,0.964572,200,1,"-4:3;-3:13;-2:69;-1:99;1:16",-1.36
4062,4,15,77,"Hit(CCW,12,MIDDLE)",3,-1.995,0.81546,200,1,"-4:9;-3:18;-2:147;-1:22;1:1;2:3",-1.995
4062,4,15,78,"Hit(CW,12,STRONG)",3,-1.19,1.12867,200,1,"-4:4;-3:10;-2:66;-1:90;1:30",-1.19
4062,4,15,79,"Hit(CCW,12,STRONG)",3,-1.945,0.960195,200,1,"-4:8;-3:21;-2:145;-1:18;1:2;2:6",-1.945
4062,4,15,80,"Freeze(CW,12)",4,-2,0,200,1,"-2:200",-2
4062,4,15,81,"Freeze(CCW,12)",4,-2.02,0.315595,200,1,"-3:12;-2:180;-1:8",-2.02
4062,4,15,82,"Hit(CW,14,TOUCH)",3,-1.935,0.246526,200,1,"-2:187;-1:13",-1.935
4062,4,15,83,"Hit(CCW,14,TOUCH)",3,-2.01,0.0994987,200,1,"-3:2;-2:198",-2.01
4062,4,15,84,"Hit(CW,14,WEAK)",3,-1.69,1.40496,200,1,"-4:16;-3:41;-2:66;-1:48;1:29",-1.69
4062,4,15,85,"Hit(CCW,14,WEAK)",3,-2.21,1.08899,200,1,"-4:22;-3:48;-2:100;-1:20;1:10",-2.21
4062,4,15,86,"Hit(CW,14,MIDDLE)",3,-2.145,0.673777,200,1,"-4:3;-3:53;-2:114;-1:30",-2.145
4062,4,15,87,"Hit(CCW,14,MIDDLE)",3,-1.285,1.00686,200,1,"-3:18;-2:63;-1:98;1:21",-1.285
4062,4,15,88,"Hit(CW,14,STRONG)",3,-2.115,0.756158,200,1,"-4:7;-3:46;-2:112;-1:34;1:1",-2.115
4062,4,15,89,"Hit(CCW,14,STRONG)",3,-1.315,1.01281,200,1,"-4:1;-3:21;-2:56;-1:103;1:19",-1.315
4062,4,15,90,"Freeze(CW,14)",4,-2,0,200,1,"-2:200",-2
4062,4,15,91,"Freeze(CCW,14)",4,-2,0,200,1,"-2:200",-2
4062,4,15,92,"PostGuard(CW,5,0)",7,-2.05,0.217945,200,1,"-3:10;-2:190",-2.05
4062,4,15,93,"PostGuard(CCW,5,0)",7,-1.99,0.0994987,200,1,"-2:198;-1:2",-1.99
4062,4,15,94,"PostGuard(CW,5,1)",7,-2,0,200,1,"-2:200",-2
4062,4,15,95,"PostGuard(CCW,5,1)",7,-2,0,200,1,"-2:200",-2
4062,4,15,96,"PostGuard(CW,5,2)",7,-2,0,200,1,"-2:200",-2
4062,4,15,97,"PostGuard(CCW,5,2)",7,-2,0,200,1,"-2:200",-2
4062,4,15,98,"PostGuard(CW,7,0)",7,-2,0,200,1,"-2:200",-2
4062,4,15,99,"PostGuard(CCW,7,0)",7,-2,0,200,1,"-2:200",-2
4062,4,15,100,"PostGuard(CW,7,1)",7,-2,0,200,1,"-2:200",-2
4062,4,15,101,"PostGuard(CCW,7,1)",7,-2,0,200,1,"-2:200",-2
4062,4,15,102,"PostGuard(CW,7,2)",7,-2,0,200,1,"-2:200",-2
4062,4,15,103,"PostGuard(CCW,7,2)",7,-2,0,200,1,"-2:200",-2
4062,4,15,104,"PostGuard(CW,11,0)",7,-2,0,200,1,"-2:200",-2
4062,4,15,105,"PostGuard(CCW,11,0)",7,-2,0,200,1,"-2:200",-2
4062,4,15,106,"PostGuard(CW,11,1)",7,-2,0,200,1,"-2:200",-2
4062,4,15,107,"PostGuard(CCW,11,1)",7,-2,0,200,1,"-2:200",-2
4062,4,15,108,"PostGuard(CW,11,2)",7,-2,0,200,1,"-2:200",-2
4062,4,15,109,"PostGuard(CCW,11,2)",7,-2,0,200,1,"-2:200",-2
4062,4,15,110,"PostGuard(CW,13,0)",7,-2,0,200,1,"-2:200",-2
4062,4,15,111,"PostGuard(CCW,13,0)",7,-2,0,200,1,"-2:200",-2
4062,4,15,112,"PostGuard(CW,13,1)",7,-2,0,200,1,"-2:200",-2
4062,4,15,113,"PostGuard(CCW,13,1)",7,-2,0,200,1,"-2:200",-2
4062,4,15,114,"PostGuard(CW,13,2)",7,-2,0,200,1,"-2:200",-2
4062,4,15,115,"PostGuard(CCW,13,2)",7,-2,0,200,1,"-2:200",-2
4062,4,15,116,"Pass",0,-2,0,200,1,"-2:200",-2
9882,2,11,0,"Draw(CW,TEE)",1,0.625,1.80676,200,1,"-4:2;-3:3;-2:7;-1:68;1:61;2:33;3:12;4:11;5:2;7:1",1
9882,2,11,1,"Draw(CCW,TEE)",1,0.49,1.41064,200,1,"-3:4;-2:11;-1:51;1:98;2:26;3:8;4:1;5:1",1
9882,2,11,2,"Draw(CW,S0)",1,0.47,1.74903,200,1,"-3:3;-2:16;-1:70;1:53;2:33;3:17;4:6;5:1;6:1",1.045
9882,2,11,3,"Draw(CCW,S0)",1,0.4,1.51327,200,1,"-4:2;-3:3;-2:13;-1:55;1:92;2:24;3:7;4:3;5:1",1
9882,2,11,4,"Draw(CW,S2)",1,-0.135,1.47877,200,1,"-4:1;-3:5;-2:24;-1:80;1:69;2:15;3:3;4:3",1
9882,2,11,5,"Draw(CCW,S2)",1,-0.19,1.46421,200,1,"-4:3;-3:4;-2:25;-1:78;1:72;2:12;3:6",1
9882,2,11,6,"Draw(CW,S4)",1,0.59,1.88199,200,1,"-5:2;-3:3;-2:12;-1:66;1:56;2:29;3:18;4:12;5:1;6:1",1.005
9882,2,11,7,"Draw(CCW,S4)",1,0.35,1.58351,200,1,"-4:4;-3:1;-2:19;-1:49;1:96;2:21;3:3;4:6;5:1",1
9882,2,11,8,"Draw(CW,S6)",1,-0.425,1.48808,200,1,"-5:1;-4:1;-3:10;-2:24;-1:92;1:57;2:11;3:2;4:1;5:1",1
9882,2,11,9,"Draw(CCW,S6)",1,-0.375,1.46778,200,1,"-4:4;-3:10;-2:17;-1:91;1:66;2:7;3:4;4:1",1
9882,2,11,10,"Draw(CW,L0)",1,0.995,1.67182,200,1,"-2:13;-1:44;1:67;2:42;3:22;4:8;5:4",1.265
9882,2,11,11,"Draw(CCW,L0)",1,0.15,1.39553,200,1,"-5:1;-4:1;-3:1;-2:13;-1:73;1:89;2:15;3:6;4:1",1.03
9882,2,11,12,"Draw(CW,L1)",1,-0.185,1.53322,200,1,"-4:5;-3:5;-2:19;-1:81;1:72;2:12;3:3;4:3",1
9882,2,11,13,"Draw(CCW,L1)",1,-0.365,1.34973,200,1,"-4:2;-3:5;-2:22;-1:96;1:64;2:8;3:2;4:1",1
9882,2,11,14,"Draw(CW,L2)",1,-0.285,1.5079,200,1,"-5:1;-4:3;-3:8;-2:19;-1:85;1:66;2:14;3:3;4:1",1
9882,2,11,15,"Draw(CCW,L2)",1,-0.325,1.34141,200,1,"-4:3;-3:8;-2:16;-1:89;1:76;2:8",1
9882,2,11,16,"Draw(CW,L3)",1,-0.475,1.46948,200,1,"-5:2;-4:4;-3:8;-2:17;-1:98;1:58;2:10;3:3",1
9882,2,11,17,"Draw(CCW,L3)",1,-0.255,1.49665,200,1,"-5:2;-4:3;-3:6;-2:14;-1:89;1:72;2:11;4:3",1
9882,2,11,18,"Draw(CW,L4)",1,0.415,1.3538,200,1,"-5:1;-3:2;-2:14;-1:47;1:110;2:22;3:1;4:3",1
9882,2,11,19,"Draw(CCW,L4)",1,0.415,1.3049,200,1,"-4:1;-3:2;-2:10;-1:53;1:108;2:22;3:3;5:1",1
9882,2,11,20,"Draw(CW,L5)",1,-0.03,1.56815,200,1,"-4:2;-3:5;-2:16;-1:82;1:77;2:8;3:6;4:2;5:1;7:1",1
9882,2,11,21,"Draw(CCW,L5)",1,-0.335,1.39383,200,1,"-4:4;-3:4;-2:18;-1:98;1:60;2:14;3:1;4:1",1
9882,2,11,22,"Draw(CW,L6)",1,-0.4,1.53297,200,1,"-5:1;-4:4;-3:8;-2:23;-1:86;1:67;2:6;3:4;6:1",1
9882,2,11,23,"Draw(CCW,L6)",1,-0.385,1.51881,200,1,"-4:6;-3:9;-2:21;-1:82;1:73;2:4;3:3;4:2",1
9882,2,11,24,"Draw(CW,L7)",1,-0.345,1.40213,200,1,"-5:1;-4:2;-3:8;-2:23;-1:81;1:75;2:10",1
9882,2,11,25,"Draw(CCW,L7)",1,-0.295,1.42407,200,1,"-5:1;-3:4;-2:23;-1:96;1:61;2:9;3:4;4:1;5:1",1
9882,2,11,26,"PreGuard(CW,G3)",2,-0.205,1.43631,200,1,"-5:1;-4:2;-3:5;-2:20;-1:81;1:80;2:7;3:2;4:2",1
9882,2,11,27,"PreGuard(CCW,G3)",2,-0.27,1.45159,200,1,"-4:4;-3:9;-2:14;-1:87;1:72;2:10;3:4",1
9882,2,11,28,"PreGuard(CW,G4)",2,0.13,1.32027,200,1,"-2:11;-1:87;1:76;2:21;3:4;5:1",1
9882,2,11,29,"PreGuard(CCW,G4)",2,0.095,1.3364,200,1,"-3:4;-2:12;-1:78;1:84;2:17;3:5",1
9882,2,11,30,"PreGuard(CW,G5)",2,0.03,1.57134,200,1,"-4:3;-3:5;-2:16;-1:75;1:76;2:17;3:4;4:2;5:2",1
9882,2,11,31,"PreGuard(CCW,G5)",2,0.11,1.46898,200,1,"-5:1;-4:1;-3:6;-2:19;-1:57;1:91;2:22;3:3",1
9882,2,11,32,"Hit(CW,2,TOUCH)",3,0.32,1.56128,200,1,"-4:1;-3:2;-2:14;-1:71;1:71;2:26;3:11;4:3;5:1",1.01
9882,2,11,33,"Hit(CCW,2,TOUCH)",3,0.145,1.55048,200,1,"-5:1;-4:2;-3:4;-2:19;-1:61;1:83;2:21;3:8;4:1",1
9882,2,11,34,"Hit(CW,2,WEAK)",3,0.52,1.62468,200,1,"-4:3;-3:2;-2:17;-1:47;1:78;2:40;3:9;4:2;5:2",1.06
9882,2,11,35,"Hit(CCW,2,WEAK)",3,0.545,1.66072,200,1,"-5:1;-4:3;-3:2;-2:16;-1:44;1:82;2:35;3:13;4:3;5:1",1.095
9882,2,11,36,"Hit(CW,2,MIDDLE)",3,0.155,1.6766,200,1,"-5:1;-4:2;-3:10;-2:16;-1:58;1:76;2:25;3:10;4:2",1.14
9882,2,11,37,"Hit(CCW,2,MIDDLE)",3,0.425,1.61381,200,1,"-4:3;-3:8;-2:15;-1:40;1:90;2:34;3:7;4:3",0.965
9882,2,11,38,"Hit(CW,2,STRONG)",3,0.23,1.76836,200,1,"-4:4;-3:8;-2:25;-1:47;1:63;2:43;3:6;4:4",1.14
9882,2,11,39,"Hit(CCW,2,STRONG)",3,0.365,1.62843,200,1,"-5:1;-3:9;-2:18;-1:45;1:83;2:29;3:15",0.98
9882,2,11,40,"Freeze(CW,2)",4,0.54,1.61815,200,1,"-4:2;-3:6;-2:8;-1:53;1:84;2:29;3:11;4:7",1
9882,2,11,41,"Freeze(CCW,2)",4,0.235,1.49324,200,1,"-5:1;-3:6;-2:8;-1:71;1:84;2:20;3:7;4:3",1
9882,2,11,42,"Hit(CW,4,TOUCH)",3,-0.135,1.49224,200,1,"-5:1;-4:3;-3:6;-2:14;-1:83;1:72;2:17;3:3;4:1",1
9882,2,11,43,"Hit(CCW,4,TOUCH)",3,-0.09,1.5754,200,1,"-5:2;-4:1;-3:3;-2:23;-1:78;1:68;2:17;3:7;6:1",1.1
9882,2,11,44,"Hit(CW,4,WEAK)",3,0.75,1.77694,200,1,"-4:2;-3:6;-2:14;-1:42;1:61;2:50;3:17;4:6;5:2",0.995
9882,2,11,45,"Hit(CCW,4,WEAK)",3,0.65,1.73997,200,1,"-5:1;-4:2;-3:3;-2:7;-1:55;1:82;2:27;3:13;4:5;5:4;6:1",1.065
9882,2,11,46,"Hit(CW,4,MIDDLE)",3,1.015,1.91436,200,1,"-4:2;-3:4;-2:5;-1:53;1:61;2:26;3:28;4:16;5:5",1.77
9882,2,11,47,"Hit(CCW,4,MIDDLE)",3,0.1,1.65831,200,1,"-4:2;-3:8;-2:22;-1:62;1:68;2:27;3:9;4:1;5:1",0.61
9882,2,11,48,"Hit(CW,4,STRONG)",3,1.225,1.88531,200,1,"-3:3;-2:8;-1:46;1:48;2:49;3:23;4:16;5:6;7:1",1.875
9882,2,11,49,"Hit(CCW,4,STRONG)",3,0.04,1.83532,200,1,"-5:4;-4:1;-3:10;-2:24;-1:53;1:71;2:23;3:11;4:2;5:1",0.45
9882,2,11,50,"Freeze(CW,4)",4,-0.12,1.72499,200,1,"-6:1;-5:1;-4:4;-3:8;-2:19;-1:70;1:74;2:13;3:7;4:1;5:2",1
9882,2,11,51,"Freeze(CCW,4)",4,-0.06,1.50546,200,1,"-4:2;-3:7;-2:18;-1:76;1:73;2:17;3:6;4:1",1.005
9882,2,11,52,"Hit(CW,6,TOUCH)",3,0.15,1.43091,200,1,"-4:1;-3:8;-2:14;-1:58;1:101;2:13;3:3;4:2",1
9882,2,11,53,"Hit(CCW,6,TOUCH)",3,0.42,1.38694,200,1,"-4:1;-3:1;-2:10;-1:61;1:96;2:19;3:10;4:2",1
9882,2,11,54,"Hit(CW,6,WEAK)",3,0.29,1.57032,200,1,"-3:9;-2:22;-1:46;1:78;2:39;3:5;4:1",1.21
9882,2,11,55,"Hit(CCW,6,WEAK)",3,0.485,1.62781,200,1,"-5:1;-4:3;-3:4;-2:16;-1:40;1:91;2:31;3:12;4:1;5:1",1.035
9882,2,11,56,"Hit(CW,6,MIDDLE)",3,0.49,1.67628,200,1,"-5:1;-3:4;-2:18;-1:51;1:77;2:30;3:12;4:6;5:1",1.085
9882,2,11,57,"Hit(CCW,6,MIDDLE)",3,0.605,1.58081,200,1,"-4:1;-3:2;-2:18;-1:43;1:85;2:36;3:9;4:4;5:2",0.945
9882,2,11,58,"Hit(CW,6,STRONG)",3,0.25,1.64848,200,1,"-4:2;-3:8;-2:17;-1:57;1:76;2:26;3:11;4:3",1.07
9882,2,11,59,"Hit(CCW,6,STRONG)",3,0.45,1.77975,200,1,"-5:1;-4:1;-3:9;-2:18;-1:43;1:79;2:30;3:12;4:5;5:2",0.94
9882,2,11,60,"Freeze(CW,6)",4,-0.06,1.48876,200,1,"-4:2;-3:8;-2:16;-1:75;1:79;2:13;3:6;4:1",1
9882,2,11,61,"Freeze(CCW,6)",4,0.305,1.49398,200,1,"-4:1;-3:3;-2:17;-1:57;1:93;2:21;3:4;4:3;6:1",1
9882,2,11,62,"Hit(CW,8,TOUCH)",3,0.4,1.64621,200,1,"-3:4;-2:8;-1:78;1:65;2:25;3:11;4:8;6:1",1
9882,2,11,63,"Hit(CCW,8,TOUCH)",3,0.415,1.4808,200,1,"-4:1;-3:8;-2:10;-1:48;1:97;2:29;3:4;4:3",1
9882,2,11,64,"Hit(CW,8,WEAK)",3,0.145,1.73608,200,1,"-5:2;-4:3;-3:4;-2:21;-1:61;1:71;2:24;3:9;4:5",0.705
9882,2,11,65,"Hit(CCW,8,WEAK)",3,0.315,1.75379,200,1,"-5:2;-4:1;-3:9;-2:16;-1:50;1:76;2:36;3:5;4:3;5:1;6:1",0.91
9882,2,11,66,"Hit(CW,8,MIDDLE)",3,0.665,1.52734,200,1,"-3:4;-2:16;-1:39;1:86;2:39;3:13;4:2;5:1",0.955
9882,2,11,67,"Hit(CCW,8,MIDDLE)",3,0.42,1.66541,200,1,"-4:3;-3:6;-2:13;-1:54;1:73;2:36;3:12;4:2;5:1",0.715
9882,2,11,68,"Hit(CW,8,STRONG)",3,0.4,1.5748,200,1,"-4:1;-3:9;-2:16;-1:45;1:77;2:46;3:5;4:1",0.935
9882,2,11,69,"Hit(CCW,8,STRONG)",3,0.395,1.72017,200,1,"-4:1;-3:7;-2:22;-1:48;1:74;2:27;3:17;4:3;5:1",0.755
9882,2,11,70,"Freeze(CW,8)",4,0.365,1.4463,200,1,"-3:2;-2:9;-1:75;1:68;2:36;3:8;4:2",1
9882,2,11,71,"Freeze(CCW,8)",4,0.305,1.42547,200,1,"-4:1;-3:3;-2:10;-1:67;1:89;2:21;3:6;4:3",1
9882,2,11,72,"PostGuard(CW,1,0)",7,0.455,1.42055,200,1,"-4:1;-3:4;-2:14;-1:43;1:110;2:20;3:6;5:2",1
9882,2,11,73,"PostGuard(CCW,1,0)",7,0.38,1.44069,200,1,"-4:1;-3:3;-2:10;-1:63;1:86;2:27;3:8;4:2",1
9882,2,11,74,"PostGuard(CW,1,1)",7,0.06,1.46847,200,1,"-5:1;-4:1;-3:5;-2:19;-1:64;1:87;2:19;3:3;4:1",1
9882,2,11,75,"PostGuard(CCW,1,1)",7,0.675,1.28428,200,1,"-3:1;-2:10;-1:41;1:110;2:27;3:9;4:2",1
9882,2,11,76,"PostGuard(CW,1,2)",7,-0.26,1.38651,200,1,"-5:2;-4:2;-3:6;-2:15;-1:85;1:81;2:9",1
9882,2,11,77,"PostGuard(CCW,1,2)",7,-0.25,1.34071,200,1,"-4:2;-3:4;-2:17;-1:95;1:68;2:12;3:1;4:1",1
9882,2,11,78,"PostGuard(CW,3,0)",7,0.26,1.49746,200,1,"-4:1;-3:5;-2:18;-1:55;1:92;2:20;3:6;4:3",1
9882,2,11,79,"PostGuard(CCW,3,0)",7,-0.175,1.37636,200,1,"-4:4;-3:4;-2:16;-1:83;1:78;2:15",1
9882,2,11,80,"PostGuard(CW,3,1)",7,-0.055,1.47037,200,1,"-6:1;-4:2;-3:2;-2:21;-1:73;1:86;2:9;3:4;4:2",1
9882,2,11,81,"PostGuard(CCW,3,1)",7,-0.265,1.32468,200,1,"-5:1;-4:1;-3:5;-2:18;-1:89;1:77;2:8;3:1",1
9882,2,11,82,"PostGuard(CW,3,2)",7,-0.29,1.37692,200,1,"-6:1;-5:1;-4:1;-3:2;-2:17;-1:98;1:69;2:8;3:2;4:1",1
9882,2,11,83,"PostGuard(CCW,3,2)",7,-0.265,1.18523,200,1,"-2:17;-1:107;1:67;2:7;3:1;4:1",1
9882,2,11,84,"PostGuard(CW,5,0)",7,0.475,1.36359,200,1,"-4:3;-3:2;-2:9;-1:46;1:110;2:25;3:3;4:2",1
9882,2,11,85,"PostGuard(CCW,5,0)",7,0.56,1.29861,200,1,"-5:1;-3:2;-2:8;-1:45;1:112;2:24;3:8",1
9882,2,11,86,"PostGuard(CW,5,1)",7,0.725,1.21218,200,1,"-3:3;-2:5;-1:36;1:124;2:22;3:8;4:2",1
9882,2,11,87,"PostGuard(CCW,5,1)",7,0.605,1.25657,200,1,"-3:5;-2:11;-1:30;1:126;2:23;3:4;4:1",1
9882,2,11,88,"PostGuard(CW,5,2)",7,0.605,1.27631,200,1,"-4:1;-3:4;-2:6;-1:39;1:120;2:24;3:4;4:2",1
9882,2,11,89,"PostGuard(CCW,5,2)",7,0.7,1.24097,200,1,"-5:1;-4:1;-3:2;-2:4;-1:32;1:137;2:15;3:5;4:2;5:1",1
9882,2,11,90,"PostGuard(CW,7,0)",7,0.395,1.50631,200,1,"-5:1;-3:8;-2:6;-1:55;1:101;2:18;3:7;4:3;5:1",1
9882,2,11,91,"PostGuard(CCW,7,0)",7,0.285,1.49792,200,1,"-5:3;-4:1;-3:3;-2:14;-1:49;1:106;2:16;3:8",1
9882,2,11,92,"PostGuard(CW,7,1)",7,-0.135,1.49224,200,1,"-5:2;-4:4;-3:3;-2:10;-1:87;1:79;2:12;3:2;6:1",1
9882,2,11,93,"PostGuard(CCW,7,1)",7,-0.145,1.43317,200,1,"-5:2;-4:1;-3:3;-2:12;-1:94;1:72;2:10;3:4;4:2",1
9882,2,11,94,"PostGuard(CW,7,2)",7,-0.195,1.29884,200,1,"-5:1;-3:3;-2:12;-1:101;1:70;2:10;3:2;4:1",1
9882,2,11,95,"PostGuard(CCW,7,2)",7,-0.14,1.40727,200,1,"-4:3;-3:2;-2:14;-1:95;1:66;2:14;3:5;4:1",1
9882,2,11,96,"PostGuard(CW,9,0)",7,-0.17,1.33458,200,1,"-4:1;-3:5;-2:15;-1:91;1:73;2:13;3:1;4:1",1
9882,2,11,97,"PostGuard(CCW,9,0)",7,-0.35,1.53867,200,1,"-5:4;-4:2;-3:7;-2:16;-1:90;1:65;2:12;3:4",1
9882,2,11,98,"PostGuard(CW,9,1)",7,-0.365,1.4042,200,1,"-4:4;-3:5;-2:20;-1:94;1:68;2:5;3:2;4:2",1
9882,2,11,99,"PostGuard(CCW,9,1)",7,-0.315,1.32882,200,1,"-4:1;-3:2;-2:20;-1:106;1:55;2:12;3:2;4:2",1
9882,2,11,100,"PostGuard(CW,9,2)",7,-0.39,1.22389,200,1,"-5:1;-4:1;-3:4;-2:13;-1:109;1:67;2:4;3:1",1
9882,2,11,101,"PostGuard(CCW,9,2)",7,-0.375,1.07442,200,1,"-2:11;-1:125;1:57;2:6;3:1",1
9882,2,11,102,"PostGuard(CW,11,0)",7,0.425,1.22245,200,1,"-3:4;-2:6;-1:52;1:121;2:13;3:2;4:2",1
9882,2,11,103,"PostGuard(CCW,11,0)",7,0.47,1.24463,200,1,"-3:2;-2:7;-1:54;1:115;2:16;3:3;4:3",1
9882,2,11,104,"PostGuard(CW,11,1)",7,0.245,1.30957,200,1,"-2:13;-1:72;1:92;2:15;3:7;4:1",1
9882,2,11,105,"PostGuard(CCW,11,1)",7,-0.04,1.49278,200,1,"-5:2;-4:1;-3:4;-2:13;-1:82;1:80;2:11;3:5;4:1;5:1",1
9882,2,11,106,"PostGuard(CW,11,2)",7,-0.19,1.28215,200,1,"-4:2;-3:2;-2:17;-1:90;1:80;2:8;4:1",1
9882,2,11,107,"PostGuard(CCW,11,2)",7,-0.165,1.35933,200,1,"-6:1;-4:2;-3:1;-2:8;-1:104;1:70;2:10;3:3;5:1",1
9882,2,11,108,"Pass",0,-0.275,1.46607,200,1,"-5:1;-4:1;-3:7;-2:22;-1:87;1:63;2:15;3:3;4:1",1
2998,6,14,0,"Draw(CW,TEE)",1,2.23,0.597578,200,1,"1:18;2:118;3:64",2.005
2998,6,14,1,"Draw(CCW,TEE)",1,2.48,1.10436,200,1,"1:24;2:90;3:73;4:4;5:2;6:3;7:3;8:1",2.605
2998,6,14,2,"Draw(CW,S0)",1,2.265,0.587175,200,1,"-1:1;1:8;2:128;3:62;4:1",1.99
2998,6,14,3,"Draw(CCW,S0)",1,2.545,0.753641,200,1,"-1:1;1:9;2:80;3:103;4:5;6:2",2.825
2998,6,14,4,"Draw(CW,S2)",1,1.965,0.252537,200,1,"1:10;2:187;3:3",1.955
2998,6,14,5,"Draw(CCW,S2)",1,2,0.1,200,1,"1:1;2:198;3:1",2
2998,6,14,6,"Draw(CW,S4)",1,2.19,0.594895,200,1,"1:20;2:122;3:58",2.005
2998,6,14,7,"Draw(CCW,S4)",1,2.52,0.943186,200,1,"-1:1;1:12;2:90;3:88;4:4;6:2;7:3",2.8
2998,6,14,8,"Draw(CW,S6)",1,1.94,0.32619,200,1,"-1:1;1:11;2:186;3:2",2
2998,6,14,9,"Draw(CCW,S6)",1,1.985,0.59563,200,1,"-1:3;1:18;2:156;3:22;4:1",1.99
2998,6,14,10,"Draw(CW,L0)",1,2.09,0.912086,200,1,"-2:1;-1:7;1:17;2:120;3:51;4:3;5:1",2.11
2998,6,14,11,"Draw(CCW,L0)",1,2.61,0.646452,200,1,"1:6;2:78;3:104;4:12",2.47
2998,6,14,12,"Draw(CW,L1)",1,1.97,0.314802,200,1,"1:13;2:180;3:7",1.97
2998,6,14,13,"Draw(CCW,L1)",1,2,0,200,1,"2:200",2
2998,6,14,14,"Draw(CW,L2)",1,2.01,0.141067,200,1,"1:1;2:196;3:3",2
2998,6,14,15,"Draw(CCW,L2)",1,2.03,0.170587,200,1,"2:194;3:6",2
2998,6,14,16,"Draw(CW,L3)",1,2.025,0.156125,200,1,"2:195;3:5",2
2998,6,14,17,"Draw(CCW,L3)",1,2.005,0.0705337,200,1,"2:199;3:1",2
2998,6,14,18,"Draw(CW,L4)",1,2.045,0.250948,200,1,"1:2;2:187;3:11",2
2998,6,14,19,"Draw(CCW,L4)",1,2.065,0.246526,200,1,"2:187;3:13",2
2998,6,14,20,"Draw(CW,L5)",1,2.005,0.0705337,200,1,"2:199;3:1",2
2998,6,14,21,"Draw(CCW,L5)",1,2.02,0.14,200,1,"2:196;3:4",2
2998,6,14,22,"Draw(CW,L6)",1,2.025,0.156125,200,1,"2:195;3:5",2
2998,6,14,23,"Draw(CCW,L6)",1,2.015,0.157401,200,1,"1:1;2:195;3:4",2
2998,6,14,24,"Draw(CW,L7)",1,2.02,0.14,200,1,"2:196;3:4",2
2998,6,14,25,"Draw(CCW,L7)",1,1.995,0.561226,200,1,"-1:1;1:25;2:148;3:25;4:1",2.035
2998,6,14,26,"PreGuard(CW,G3)",2,2.01,0.0994987,200,1,"2:198;3:2",2
2998,6,14,27,"PreGuard(CCW,G3)",2,2.005,0.0705337,200,1,"2:199;3:1",2
2998,6,14,28,"PreGuard(CW,G4)",2,2.07,0.324191,200,1,"1:3;2:181;3:15;4:1",2
2998,6,14,29,"PreGuard(CCW,G4)",2,2.08,0.337046,200,1,"1:3;2:179;3:17;4:1",2
2998,6,14,30,"PreGuard(CW,G5)",2,2.025,0.156125,200,1,"2:195;3:5",2
2998,6,14,31,"PreGuard(CCW,G5)",2,2.02,0.14,200,1,"2:196;3:4",2
2998,6,14,32,"Hit(CW,1,TOUCH)",3,2.18,0.554617,200,1,"-1:2;1:4;2:148;3:46",2.01
2998,6,14,33,"Hit(CCW,1,TOUCH)",3,2.665,0.657856,200,1,"1:7;2:64;3:121;4:5;5:3",2.825
2998,6,14,34,"Hit(CW,1,WEAK)",3,2.135,1.05678,200,1,"-2:1;-1:8;1:41;2:55;3:94;4:1",2.86
2998,6,14,35,"Hit(CCW,1,WEAK)",3,2.585,0.769919,200,1,"-1:1;1:9;2:81;3:89;4:20",2.765
2998,6,14,36,"Hit(CW,1,MIDDLE)",3,2.43,1.0794,200,1,"-2:3;-1:3;1:22;2:58;3:104;4:7;5:1;6:2",2.96
2998,6,14,37,"Hit(CCW,1,MIDDLE)",3,2.1,1.08167,200,1,"-2:1;-1:6;1:55;2:47;3:86;4:4;5:1",2.66
2998,6,14,38,"Hit(CW,1,STRONG)",3,2.425,1.10199,200,1,"-2:2;-1:4;1:28;2:55;3:92;4:16;5:3",2.91
2998,6,14,39,"Hit(CCW,1,STRONG)",3,2.115,1.17549,200,1,"-3:1;-2:1;-1:8;1:48;2:44;3:93;4:4;5:1",2.785
2998,6,14,40,"Freeze(CW,1)",4,2.155,0.583931,200,1,"-1:1;1:15;2:135;3:49",2.01
2998,6,14,41,"Freeze(CCW,1)",4,2.565,0.809799,200,1,"1:10;2:85;3:95;4:6;5:1;6:2;7:1",2.76
2998,6,14,42,"Hit(CW,3,TOUCH)",3,1.825,0.833292,200,1,"1:87;2:64;3:46;4:3",1.74
2998,6,14,43,"Hit(CCW,3,TOUCH)",3,1.92,0.32187,200,1,"1:19;2:178;3:3",1.915
2998,6,14,44,"Hit(CW,3,WEAK)",3,1.665,0.559263,200,1,"-2:1;1:65;2:133;4:1",1.905
2998,6,14,45,"Hit(CCW,3,WEAK)",3,1.36,1.31545,200,1,"-3:9;-2:8;-1:4;1:39;2:140",1.98
2998,6,14,46,"Hit(CW,3,MIDDLE)",3,1.68,0.988737,200,1,"-3:3;-2:5;-1:4;1:21;2:163;3:4",2
2998,6,14,47,"Hit(CCW,3,MIDDLE)",3,1.285,1.33558,200,1,"-4:5;-2:2;-1:12;1:95;2:67;3:14;4:3;5:2",1.64
2998,6,14,48,"Hit(CW,3,STRONG)",3,1.67,1.00553,200,1,"-3:2;-2:8;-1:2;1:22;2:163;3:2;4:1",1.99
2998,6,14,49,"Hit(CCW,3,STRONG)",3,1.4,1.27279,200,1,"-4:3;-3:2;-2:1;-1:9;1:88;2:81;3:7;4:7;5:2",1.73
2998,6,14,50,"Freeze(CW,3)",4,1.82,0.766551,200,1,"1:72;2:98;3:26;4:2;5:2",1.805
2998,6,14,51,"Freeze(CCW,3)",4,1.965,0.209225,200,1,"1:8;2:191;3:1",1.975
2998,6,14,52,"Hit(CW,5,TOUCH)",3,2.56,0.60531,200,1,"1:6;2:82;3:106;4:6",2.695
2998,6,14,53,"Hit(CCW,5,TOUCH)",3,1.68,0.597997,200,1,"1:78;2:108;3:14",1.69
2998,6,14,54,"Hit(CW,5,WEAK)",3,2.415,0.826302,200,1,"1:23;2:87;3:78;4:9;5:2;6:1",2.375
2998,6,14,55,"Hit(CCW,5,WEAK)",3,1.93,0.85738,200,1,"-1:2;1:59;2:96;3:37;4:4;5:2",1.94
2998,6,14,56,"Hit(CW,5,MIDDLE)",3,1.66,1.09745,200,1,"-4:1;-2:3;-1:5;1:70;2:98;3:14;4:6;5:3",1.87
2998,6,14,57,"Hit(CCW,5,MIDDLE)",3,2.665,1.1928,200,1,"-1:5;1:21;2:53;3:91;4:15;5:12;6:3",3.04
2998,6,14,58,"Hit(CW,5,STRONG)",3,1.525,1.18717,200,1,"-3:2;-2:6;-1:8;1:62;2:105;3:12;4:2;5:3",1.845
2998,6,14,59,"Hit(CCW,5,STRONG)",3,2.645,1.10407,200,1,"-2:1;-1:4;1:13;2:61;3:98;4:10;5:12;6:1",3.1
2998,6,14,60,"Freeze(CW,5)",4,2.285,0.51359,200,1,"1:5;2:134;3:60;4:1",2.41
2998,6,14,61,"Freeze(CCW,5)",4,2.05,0.31225,200,1,"1:5;2:180;3:15",1.995
2998,6,14,62,"Hit(CW,7,TOUCH)",3,2.175,0.737818,200,1,"-1:4;1:15;2:120;3:60;4:1",2.185
2998,6,14,63,"Hit(CCW,7,TOUCH)",3,2.67,0.641171,200,1,"1:3;2:74;3:111;4:10;5:2",2.53
2998,6,14,64,"Hit(CW,7,WEAK)",3,2.365,0.949618,200,1,"-1:5;1:24;2:70;3:92;4:7;5:2",2.815
2998,6,14,65,"Hit(CCW,7,WEAK)",3,2.715,0.770568,200,1,"1:12;2:57;3:110;4:18;5:3",2.9
2998,6,14,66,"Hit(CW,7,MIDDLE)",3,2.54,1.03363,200,1,"-2:1;-1:4;1:18;2:59;3:100;4:12;5:6",3
2998,6,14,67,"Hit(CCW,7,MIDDLE)",3,2.33,1.14939,200,1,"-2:1;-1:7;1:35;2:49;3:95;4:8;5:5",2.875
2998,6,14,68,"Hit(CW,7,STRONG)",3,2.575,1.03169,200,1,"-1:6;1:16;2:56;3:98;4:21;5:3",3.05
2998,6,14,69,"Hit(CCW,7,STRONG)",3,2.14,1.20017,200,1,"-2:2;-1:10;1:42;2:46;3:94;4:4;5:2",2.88
2998,6,14,70,"Freeze(CW,7)",4,2.235,0.599812,200,1,"-1:1;1:11;2:128;3:59;4:1",2.08
2998,6,14,71,"Freeze(CCW,7)",4,2.445,0.739578,200,1,"-1:1;1:7;2:105;3:79;4:5;5:2;6:1",2.5
2998,6,14,72,"Hit(CW,9,TOUCH)",3,2.335,0.879076,200,1,"-1:4;1:11;2:113;3:56;4:14;5:2",2.32
2998,6,14,73,"Hit(CCW,9,TOUCH)",3,2.185,0.500774,200,1,"1:9;2:146;3:44;4:1",2.015
2998,6,14,74,"Hit(CW,9,WEAK)",3,1.38,1.34,200,1,"-1:30;1:90;2:32;3:42;4:4;5:2",2.37
2998,6,14,75,"Hit(CCW,9,WEAK)",3,1.865,0.941687,200,1,"-2:1;-1:5;1:57;2:94;3:38;4:4;5:1",2.04
2998,6,14,76,"Hit(CW,9,MIDDLE)",3,0.95,1.01858,200,1,"-3:2;-2:12;-1:3;1:150;2:27;3:5;4:1",1.23
2998,6,14,77,"Hit(CCW,9,MIDDLE)",3,1.185,1.65251,200,1,"-2:4;-1:52;1:55;2:35;3:47;4:5;5:1;6:1",2.79
2998,6,14,78,"Hit(CW,9,STRONG)",3,0.88,1.25124,200,1,"-3:1;-2:20;-1:8;1:130;2:27;3:13;4:1",1.335
2998,6,14,79,"Hit(CCW,9,STRONG)",3,1.55,1.63018,200,1,"-2:1;-1:39;1:60;2:27;3:62;4:6;5:3;6:2",2.835
2998,6,14,80,"Freeze(CW,9)",4,2.08,0.532541,200,1,"-1:1;1:11;2:162;3:22;4:4",2.015
2998,6,14,81,"Freeze(CCW,9)",4,2.13,0.550545,200,1,"1:19;2:136;3:45",2
2998,6,14,82,"Hit(CW,11,TOUCH)",3,2.3,0.52915,200,1,"1:6;2:129;3:64;4:1",2.22
2998,6,14,83,"Hit(CCW,11,TOUCH)",3,1.84,0.440908,200,1,"1:38;2:156;3:6",1.89
2998,6,14,84,"Hit(CW,11,WEAK)",3,1.905,0.803726,200,1,"-2:1;-1:1;1:55;2:104;3:35;4:4",1.98
2998,6,14,85,"Hit(CCW,11,WEAK)",3,1.645,0.904972,200,1,"-2:1;-1:1;1:98;2:77;3:16;4:4;5:2;6:1",1.71
2998,6,14,86,"Hit(CW,11,MIDDLE)",3,1.195,1.4377,200,1,"-3:5;-2:13;-1:14;1:56;2:104;3:3;4:4;5:1",1.95
2998,6,14,87,"Hit(CCW,11,MIDDLE)",3,2.485,1.12684,200,1,"-3:1;-2:1;-1:3;1:15;2:81;3:79;4:11;5:7;6:2",2.735
2998,6,14,88,"Hit(CW,11,STRONG)",3,1.51,1.18317,200,1,"-3:3;-2:5;-1:8;1:57;2:119;3:1;4:4;5:3",1.91
2998,6,14,89,"Hit(CCW,11,STRONG)",3,2.63,1.10141,200,1,"-3:2;-1:1;1:13;2:70;3:86;4:19;5:8;6:1",2.895
2998,6,14,90,"Freeze(CW,11)",4,2.08,0.351568,200,1,"1:5;2:174;3:21",2.04
2998,6,14,91,"Freeze(CCW,11)",4,2.04,0.261534,200,1,"1:3;2:186;3:11",2
2998,6,14,92,"Hit(CW,13,TOUCH)",3,2.125,0.435172,200,1,"1:8;2:159;3:33",2
2998,6,14,93,"Hit(CCW,13,TOUCH)",3,2.12,0.474974,200,1,"1:11;2:155;3:33;4:1",2
2998,6,14,94,"Hit(CW,13,WEAK)",3,1.99,1.0954,200,1,"-1:8;1:69;2:35;3:86;4:1;5:1",2.43
2998,6,14,95,"Hit(CCW,13,WEAK)",3,2.125,0.994673,200,1,"-1:9;1:31;2:79;3:80;5:1",2.815
2998,6,14,96,"Hit(CW,13,MIDDLE)",3,2.215,1.12195,200,1,"-1:11;1:37;2:45;3:101;4:6",2.86
2998,6,14,97,"Hit(CCW,13,MIDDLE)",3,1.06,1.11194,200,1,"-4:1;-3:3;-2:4;-1:10;1:138;2:29;3:13;4:2",1.475
2998,6,14,98,"Hit(CW,13,STRONG)",3,2.225,1.15947,200,1,"-3:1;-2:1;-1:6;1:40;2:53;3:89;4:7;5:3",2.86
2998,6,14,99,"Hit(CCW,13,STRONG)",3,1.045,1.27396,200,1,"-5:2;-3:3;-2:8;-1:6;1:130;2:35;3:14;4:2",1.52
2998,6,14,100,"Freeze(CW,13)",4,2.045,0.250948,200,1,"1:2;2:187;3:11",2
2998,6,14,101,"Freeze(CCW,13)",4,2.08,0.271293,200,1,"2:184;3:16",2
2998,6,14,102,"PostGuard(CW,0,0)",7,2.045,0.694964,200,1,"-1:3;1:16;2:156;3:17;4:7;5:1",2.05
2998,6,14,103,"PostGuard(CCW,0,0)",7,2.165,0.49777,200,1,"1:11;2:145;3:44",2.015
2998,6,14,104,"PostGuard(CW,0,1)",7,1.835,0.455823,200,1,"1:40;2:153;3:7",2
2998,6,14,105,"PostGuard(CCW,0,1)",7,1.835,0.477258,200,1,"1:42;2:149;3:9",2
2998,6,14,106,"PostGuard(CW,0,2)",7,1.99,0.223383,200,1,"1:6;2:190;3:4",2
2998,6,14,107,"PostGuard(CCW,0,2)",7,1.965,0.365753,200,1,"1:17;2:173;3:10",2
2998,6,14,108,"PostGuard(CW,2,0)",7,2.065,0.557472,200,1,"1:25;2:137;3:38",2
2998,6,14,109,"PostGuard(CCW,2,0)",7,2.175,0.484123,200,1,"1:9;2:147;3:44",2
2998,6,14,110,"PostGuard(CW,2,1)",7,2.015,0.211601,200,1,"1:3;2:191;3:6",2
2998,6,14,111,"PostGuard(CCW,2,1)",7,2.06,0.276405,200,1,"1:1;2:187;3:11;4:1",2
2998,6,14,112,"PostGuard(CW,2,2)",7,2.065,0.361628,200,1,"-1:1;1:1;2:181;3:17",2
2998,6,14,113,"PostGuard(CCW,2,2)",7,2.115,0.334328,200,1,"2:178;3:21;4:1",2
2998,6,14,114,"PostGuard(CW,4,0)",7,2.01,0.141067,200,1,"1:1;2:196;3:3",2
2998,6,14,115,"PostGuard(CCW,4,0)",7,2.03,0.170587,200,1,"2:194;3:6",2
2998,6,14,116,"PostGuard(CW,4,1)",7,2.015,0.121552,200,1,"2:197;3:3",2
2998,6,14,117,"PostGuard(CCW,4,1)",7,2.01,0.0994987,200,1,"2:198;3:2",2
2998,6,14,118,"PostGuard(CW,4,2)",7,2.02,0.14,200,1,"2:196;3:4",2
2998,6,14,119,"PostGuard(CCW,4,2)",7,2.02,0.14,200,1,"2:196;3:4",2
2998,6,14,120,"PostGuard(CW,6,0)",7,2.16,0.533292,200,1,"-1:1;1:9;2:146;3:44",2
2998,6,14,121,"PostGuard(CCW,6,0)",7,2.175,0.542563,200,1,"1:14;2:138;3:47;4:1",2.2
2998,6,14,122,"PostGuard(CW,6,1)",7,2.03,0.170587,200,1,"2:194;3:6",2
2998,6,14,123,"PostGuard(CCW,6,1)",7,2.035,0.18378,200,1,"2:193;3:7",2
2998,6,14,124,"PostGuard(CW,6,2)",7,2.04,0.261534,200,1,"1:3;2:186;3:11",2
2998,6,14,125,"PostGuard(CCW,6,2)",7,2.01,0.331512,200,1,"-1:1;1:4;2:186;3:9",2
2998,6,14,126,"PostGuard(CW,8,0)",7,1.95,0.295804,200,1,"1:14;2:182;3:4",2
2998,6,14,127,"PostGuard(CCW,8,0)",7,1.955,0.336118,200,1,"1:16;2:177;3:7",2
2998,6,14,128,"PostGuard(CW,8,1)",7,1.965,0.322141,200,1,"1:14;2:179;3:7",2
2998,6,14,129,"PostGuard(CCW,8,1)",7,2.01,0.299833,200,1,"1:8;2:182;3:10",2
2998,6,14,130,"PostGuard(CW,8,2)",7,2.075,0.345507,200,1,"1:5;2:175;3:20",2
2998,6,14,131,"PostGuard(CCW,8,2)",7,1.99,0.360416,200,1,"1:14;2:174;3:12",2
2998,6,14,132,"PostGuard(CW,10,0)",7,2.055,0.319335,200,1,"1:5;2:179;3:16",2
2998,6,14,133,"PostGuard(CCW,10,0)",7,2.175,0.405432,200,1,"1:2;2:161;3:37",2.02
2998,6,14,134,"PostGuard(CW,10,1)",7,2.04,0.22,200,1,"1:1;2:190;3:9",2
2998,6,14,135,"PostGuard(CCW,10,1)",7,2.04,0.195959,200,1,"2:192;3:8",2
2998,6,14,136,"PostGuard(CW,10,2)",7,2.015,0.338785,200,1,"-1:1;1:4;2:185;3:10",2
2998,6,14,137,"PostGuard(CCW,10,2)",7,2.065,0.317451,200,1,"1:3;2:182;3:14;4:1",2
2998,6,14,138,"PostGuard(CW,12,0)",7,2.035,0.18378,200,1,"2:193;3:7",2
2998,6,14,139,"PostGuard(CCW,12,0)",7,2.025,0.156125,200,1,"2:195;3:5",2
2998,6,14,140,"PostGuard(CW,12,1)",7,2.065,0.301289,200,1,"1:2;2:184;3:13;4:1",2
2998,6,14,141,"PostGuard(CCW,12,1)",7,2.075,0.263391,200,1,"2:185;3:15",2
2998,6,14,142,"PostGuard(CW,12,2)",7,2.025,0.253722,200,1,"1:4;2:187;3:9",2
2998,6,14,143,"PostGuard(CCW,12,2)",7,2.03,0.281247,200,1,"1:5;2:184;3:11",2
2998,6,14,144,"Pass",0,2.02,0.14,200,1,"2:196;3:4",2
1555,2,3,0,"Draw(CW,TEE)",1,1.04,1.88106,200,1,"-5:1;-3:4;-2:9;-1:42;1:71;2:34;3:18;4:16;5:3;6:1;7:1",-0.72
1555,2,3,1,"Draw(CCW,TEE)",1,0.86,1.90798,200,1,"-5:1;-3:4;-2:20;-1:37;1:67;2:38;3:15;4:13;5:4;6:1",0.04
1555,2,3,2,"Draw(CW,S0)",1,1.445,1.95115,200,1,"-3:1;-2:8;-1:37;1:69;2:34;3:17;4:18;5:11;6:5",-0.695
1555,2,3,3,"Draw(CCW,S0)",1,1.07,1.93264,200,1,"-5:1;-4:1;-3:5;-2:10;-1:38;0:2;1:62;2:37;3:21;4:18;5:5",0.65
1555,2,3,4,"Draw(CW,S2)",1,1.49,2.14474,200,1,"-5:1;-3:4;-2:9;-1:35;1:59;2:28;3:26;4:20;5:14;6:3;7:1",-1
1555,2,3,5,"Draw(CCW,S2)",1,1.44,2.16712,200,1,"-3:1;-2:12;-1:44;1:49;2:33;3:31;4:12;5:9;6:5;7:4",-1
1555,2,3,6,"Draw(CW,S4)",1,1.145,1.87989,200,1,"-3:3;-2:13;-1:35;1:75;2:34;3:18;4:10;5:10;6:2",-0.55
1555,2,3,7,"Draw(CCW,S4)",1,0.88,1.77358,200,1,"-4:2;-3:3;-2:12;-1:42;0:1;1:70;2:37;3:21;4:8;5:4",0.68
1555,2,3,8,"Draw(CW,S6)",1,1.33,2.11686,200,1,"-3:3;-2:18;-1:33;1:61;2:25;3:24;4:24;5:8;6:3;7:1",-1
1555,2,3,9,"Draw(CCW,S6)",1,1.53,2.10454,200,1,"-5:1;-3:3;-2:5;-1:39;0:1;1:60;2:25;3:30;4:17;5:13;6:6",-1
1555,2,3,10,"Draw(CW,L0)",1,1.32,2.11603,200,1,"-3:3;-2:10;-1:41;1:73;2:18;3:23;4:13;5:11;6:7;7:1",-0.77
1555,2,3,11,"Draw(CCW,L0)",1,1,1.8868,200,1,"-4:1;-3:3;-2:12;-1:43;1:68;2:37;3:17;4:10;5:8;7:1",-0.155
1555,2,3,12,"Draw(CW,L1)",1,1.7,1.98242,200,1,"-2:11;-1:27;1:65;2:29;3:29;4:24;5:9;6:4;7:2",-1
1555,2,3,13,"Draw(CCW,L1)",1,1.655,1.98645,200,1,"-4:1;-3:4;-2:4;-1:30;0:1;1:59;2:32;3:34;4:18;5:14;6:3",-1
1555,2,3,14,"Draw(CW,L2)",1,1.45,2.08986,200,1,"-4:1;-3:3;-2:12;-1:33;1:59;2:29;3:28;4:21;5:10;6:3;7:1",-1
1555,2,3,15,"Draw(CCW,L2)",1,1.33,1.97765,200,1,"-4:1;-3:2;-2:9;-1:41;1:59;2:30;3:28;4:21;5:6;6:3",-1
1555,2,3,16,"Draw(CW,L3)",1,1.96,2.09007,200,1,"-3:1;-2:9;-1:27;1:48;2:37;3:26;4:29;5:15;6:7;7:1",-1
1555,2,3,17,"Draw(CCW,L3)",1,1.85,2.12544,200,1,"-5:1;-4:1;-3:3;-2:5;-1:28;1:51;2:30;3:36;4:24;5:16;6:4;7:1",-1
1555,2,3,18,"Draw(CW,L4)",1,0.895,2.15962,200,1,"-6:1;-4:3;-3:4;-2:18;-1:40;1:62;2:30;3:20;4:13;5:3;6:6",-1
1555,2,3,19,"Draw(CCW,L4)",1,0.79,1.99897,200,1,"-4:2;-3:5;-2:18;-1:44;1:64;2:33;3:16;4:9;5:7;6:2",-1
1555,2,3,20,"Draw(CW,L5)",1,2.035,2.21219,200,1,"-3:2;-2:5;-1:36;1:40;2:32;3:26;4:27;5:23;6:9",-1
1555,2,3,21,"Draw(CCW,L5)",1,2.16,2.16896,200,1,"-3:2;-2:8;-1:27;0:1;1:34;2:37;3:28;4:35;5:21;6:5;7:2",-1
1555,2,3,22,"Draw(CW,L6)",1,1.605,2.17002,200,1,"-4:2;-3:1;-2:9;-1:35;1:59;2:28;3:21;4:28;5:8;6:8;7:1",-1
1555,2,3,23,"Draw(CCW,L6)",1,1.605,2.02212,200,1,"-3:3;-2:6;-1:34;1:63;2:32;3:21;4:25;5:11;6:4;7:1",-1
1555,2,3,24,"Draw(CW,L7)",1,1.155,1.97002,200,1,"-5:1;-3:2;-2:16;-1:34;1:69;2:30;3:25;4:15;5:6;7:2",-1
1555,2,3,25,"Draw(CCW,L7)",1,1.03,2.05404,200,1,"-4:1;-3:7;-2:9;-1:43;0:1;1:71;2:24;3:21;4:10;5:9;6:3;7:1",-1
1555,2,3,26,"PreGuard(CW,G3)",2,1.16,2.05046,200,1,"-5:1;-3:8;-2:8;-1:39;1:62;2:29;3:29;4:12;5:11;6:1",-1
1555,2,3,27,"PreGuard(CCW,G3)",2,0.985,1.78179,200,1,"-4:2;-3:3;-2:11;-1:35;1:84;2:33;3:13;4:13;5:6",-1
1555,2,3,28,"PreGuard(CW,G4)",2,0.47,2.03202,200,1,"-6:1;-5:2;-3:10;-2:27;-1:33;1:71;2:26;3:20;4:7;5:2;6:1",-1
1555,2,3,29,"PreGuard(CCW,G4)",2,0.935,1.90808,200,1,"-5:1;-3:8;-2:11;-1:36;1:71;2:42;3:16;4:6;5:7;6:2",-1
1555,2,3,30,"PreGuard(CW,G5)",2,0.975,2.00109,200,1,"-4:1;-3:4;-2:18;-1:41;1:57;2:36;3:23;4:13;5:5;6:1;7:1",-1
1555,2,3,31,"PreGuard(CCW,G5)",2,1.195,2.06324,200,1,"-4:1;-3:4;-2:19;-1:31;1:57;2:39;3:20;4:18;5:9;6:2",-1
1555,2,3,32,"Hit(CW,0,TOUCH)",3,1.01,2.07603,200,1,"-5:1;-4:2;-3:5;-2:16;-1:34;1:64;2:35;3:25;4:9;5:4;6:4;7:1",-0.73
1555,2,3,33,"Hit(CCW,0,TOUCH)",3,0.92,1.80377,200,1,"-4:3;-3:2;-2:6;-1:48;1:76;2:31;3:21;4:6;5:5;6:2",0.46
1555,2,3,34,"Hit(CW,0,WEAK)",3,0.94,2.03135,200,1,"-5:1;-3:4;-2:10;-1:54;1:62;2:29;3:15;4:15;5:6;6:4",0.21
1555,2,3,35,"Hit(CCW,0,WEAK)",3,1.32,1.81317,200,1,"-2:14;-1:31;1:72;2:33;3:25;4:15;5:10",0.625
1555,2,3,36,"Hit(CW,0,MIDDLE)",3,1.165,1.95391,200,1,"-4:2;-3:4;-2:11;-1:34;1:71;2:30;3:26;4:12;5:8;6:2",0.55
1555,2,3,37,"Hit(CCW,0,MIDDLE)",3,1.12,1.81813,200,1,"-3:5;-2:9;-1:37;1:73;2:35;3:20;4:15;5:5;6:1",-0.235
1555,2,3,38,"Hit(CW,0,STRONG)",3,1.23,1.84041,200,1,"-4:1;-3:4;-2:5;-1:39;1:67;2:40;3:22;4:13;5:8;6:1",0.625
1555,2,3,39,"Hit(CCW,0,STRONG)",3,0.94,1.83205,200,1,"-4:2;-3:5;-2:7;-1:43;1:76;2:33;3:18;4:9;5:6;6:1",-0.29
1555,2,3,40,"Freeze(CW,0)",4,0.915,1.98186,200,1,"-3:7;-2:15;-1:41;0:1;1:70;2:26;3:17;4:15;5:6;6:2",-1
1555,2,3,41,"Freeze(CCW,0)",4,1.125,1.78027,200,1,"-3:3;-2:10;-1:38;0:1;1:70;2:39;3:19;4:14;5:5;6:1",-0.715
1555,2,3,42,"PostGuard(CW,1,0)",7,1.065,2.04469,200,1,"-4:2;-3:4;-2:14;-1:38;0:1;1:68;2:30;3:15;4:16;5:10;6:2",-0.99
1555,2,3,43,"PostGuard(CCW,1,0)",7,0.87,1.87166,200,1,"-3:5;-2:19;-1:39;1:67;2:31;3:24;4:10;5:5",-0.98
1555,2,3,44,"PostGuard(CW,1,1)",7,0.745,1.93131,200,1,"-4:2;-3:7;-2:12;-1:52;1:56;2:31;3:28;4:9;5:2;6:1",-1
1555,2,3,45,"PostGuard(CCW,1,1)",7,1.01,1.8547,200,1,"-4:1;-3:4;-2:9;-1:41;0:1;1:78;2:30;3:15;4:13;5:6;6:2",-1
1555,2,3,46,"PostGuard(CW,1,2)",7,0.82,1.75716,200,1,"-4:1;-3:6;-2:15;-1:37;1:69;2:43;3:21;4:5;5:3",-1
1555,2,3,47,"PostGuard(CCW,1,2)",7,0.47,1.96446,200,1,"-4:4;-3:9;-2:19;-1:45;1:70;2:27;3:13;4:9;5:3;6:1",-1
1555,2,3,48,"PostGuard(CW,3,0)",7,1.055,1.91624,200,1,"-4:3;-3:2;-2:12;-1:38;1:72;2:31;3:18;4:17;5:7",-1
1555,2,3,49,"PostGuard(CCW,3,0)",7,0.775,1.76759,200,1,"-4:1;-3:4;-2:17;-1:41;1:70;2:41;3:12;4:12;5:2",-1
1555,2,3,50,"PostGuard(CW,3,1)",7,0.805,2.01171,200,1,"-5:1;-4:2;-3:4;-2:19;-1:43;1:59;2:32;3:21;4:15;5:3;6:1",-1
1555,2,3,51,"PostGuard(CCW,3,1)",7,0.67,2.03005,200,1,"-5:3;-3:5;-2:18;-1:50;1:57;2:28;3:23;4:14;6:2",-1
1555,2,3,52,"PostGuard(CW,3,2)",7,0.83,1.79474,200,1,"-4:1;-3:5;-2:15;-1:37;1:77;2:40;3:13;4:7;5:2;6:3",-1
1555,2,3,53,"PostGuard(CCW,3,2)",7,0.6,1.91833,200,1,"-5:1;-4:4;-3:8;-2:15;-1:38;1:77;2:29;3:17;4:8;5:3",-1
1555,2,3,54,"Pass",0,0.965,1.72736,200,1,"-5:2;-4:1;-3:4;-2:4;-1:39;0:2;1:74;2:45;3:17;4:9;5:3",-1
4372,4,14,0,"Draw(CW,TEE)",1,-0.21,1.00792,200,1,"-2:1;-1:121;1:75;2:3",2
4372,4,14,1,"Draw(CCW,TEE)",1,-0.2,1.08167,200,1,"-2:4;-1:119;1:67;2:10",2
4372,4,14,2,"Draw(CW,S0)",1,-0.86,0.591946,200,1,"-2:6;-1:177;1:17",2
4372,4,14,3,"Draw(CCW,S0)",1,-0.83,0.656582,200,1,"-2:6;-1:175;1:17;2:2",2
4372,4,14,4,"Draw(CW,S2)",1,-0.9,0.469042,200,1,"-2:2;-1:187;1:11",2
4372,4,14,5,"Draw(CCW,S2)",1,-0.93,0.441701,200,1,"-2:4;-1:187;1:9",2
4372,4,14,6,"Draw(CW,S4)",1,-0.46,0.904655,200,1,"-2:1;-1:145;1:53;2:1",2
4372,4,14,7,"Draw(CCW,S4)",1,-0.57,0.8747,200,1,"-2:6;-1:148;1:46",2
4372,4,14,8,"Draw(CW,S6)",1,-0.875,0.720677,200,1,"-2:18;-1:161;1:20;2:1",1.31
4372,4,14,9,"Draw(CCW,S6)",1,-0.71,1.18571,200,1,"-2:40;-1:121;0:1;1:17;2:21",2
4372,4,14,10,"Draw(CW,L0)",1,-0.99,0.223383,200,1,"-2:1;-1:198;2:1",1.465
4372,4,14,11,"Draw(CCW,L0)",1,-0.975,0.253722,200,1,"-1:198;1:1;2:1",1.445
4372,4,14,12,"Draw(CW,L1)",1,-1.005,0.0705337,200,1,"-2:1;-1:199",1.38
4372,4,14,13,"Draw(CCW,L1)",1,-1,0,200,1,"-1:200",1.415
4372,4,14,14,"Draw(CW,L2)",1,-1,0,200,1,"-1:200",1.235
4372,4,14,15,"Draw(CCW,L2)",1,-1,0,200,1,"-1:200",1.195
4372,4,14,16,"Draw(CW,L3)",1,-1,0,200,1,"-1:200",1.405
4372,4,14,17,"Draw(CCW,L3)",1,-0.985,0.211601,200,1,"-1:199;2:1",1.37
4372,4,14,18,"Draw(CW,L4)",1,-0.02,1.2687,200,1,"-2:1;-1:120;0:1;1:38;2:40",1.08
4372,4,14,19,"Draw(CCW,L4)",1,0.045,1.32777,200,1,"-1:121;1:28;2:51",1.07
4372,4,14,20,"Draw(CW,L5)",1,-1.065,0.388298,200,1,"-2:19;-1:178;1:3",0.86
4372,4,14,21,"Draw(CCW,L5)",1,-0.955,0.364657,200,1,"-2:3;-1:191;1:6",1.13
4372,4,14,22,"Draw(CW,L6)",1,-0.83,0.633325,200,1,"-2:4;-1:178;1:16;2:2",1.18
4372,4,14,23,"Draw(CCW,L6)",1,-1.58,0.79599,200,1,"-2:138;-1:53;1:5;2:4",-0.38
4372,4,14,24,"Draw(CW,L7)",1,-1.84,0.586856,200,1,"-2:181;-1:13;1:5;2:1",-0.75
4372,4,14,25,"Draw(CCW,L7)",1,-1.045,1.05023,200,1,"-2:66;-1:112;0:1;1:7;2:14",1.205
4372,4,14,26,"PreGuard(CW,G3)",2,-0.955,0.320897,200,1,"-1:196;1:3;2:1",1
4372,4,14,27,"PreGuard(CCW,G3)",2,-0.955,0.364657,200,1,"-2:3;-1:191;1:6",1
4372,4,14,28,"PreGuard(CW,G4)",2,-0.61,0.798686,200,1,"-2:1;-1:159;0:1;1:39",1
4372,4,14,29,"PreGuard(CCW,G4)",2,-0.62,0.790949,200,1,"-2:1;-1:160;0:1;1:38",1
4372,4,14,30,"PreGuard(CW,G5)",2,-0.8,0.655744,200,1,"-2:2;-1:178;0:1;1:16;2:3",1
4372,4,14,31,"PreGuard(CCW,G5)",2,-0.705,0.760247,200,1,"-1:173;1:22;2:5",1
4372,4,14,32,"Hit(CW,13,TOUCH)",3,-1.55,0.589491,200,1,"-2:117;-1:79;0:1;1:3",-0.16
4372,4,14,33,"Hit(CCW,13,TOUCH)",3,-0.905,0.667814,200,1,"-2:18;-1:163;0:1;1:18",0.93
4372,4,14,34,"Hit(CW,13,WEAK)",3,-1.305,0.521512,200,1,"-2:65;-1:133;1:2",0.465
4372,4,14,35,"Hit(CCW,13,WEAK)",3,-1.13,0.568419,200,1,"-2:40;-1:153;1:7",0.97
4372,4,14,36,"Hit(CW,13,MIDDLE)",3,-1.02,0.331059,200,1,"-2:9;-1:189;1:1;2:1",1.055
4372,4,14,37,"Hit(CCW,13,MIDDLE)",3,-1.095,0.293215,200,1,"-2:19;-1:181",0.595
4372,4,14,38,"Hit(CW,13,STRONG)",3,-0.995,0.291505,200,1,"-2:5;-1:192;1:3",1.125
4372,4,14,39,"Hit(CCW,13,STRONG)",3,-1.07,0.308383,200,1,"-2:16;-1:183;1:1",0.675
4372,4,14,40,"Freeze(CW,13)",4,-1.055,0.268282,200,1,"-2:13;-1:185;0:2",0.89
4372,4,14,41,"Freeze(CCW,13)",4,-0.98,0.282135,200,1,"-2:2;-1:195;0:1;1:1;2:1",1
4372,4,14,42,"PostGuard(CW,12,0)",7,-1.53,0.677569,200,1,"-2:119;-1:75;1:5;2:1",-0.175
4372,4,14,43,"PostGuard(CCW,12,0)",7,-0.825,0.757875,200,1,"-2:17;-1:157;1:26",1.815
4372,4,14,44,"PostGuard(CW,12,1)",7,-0.93,0.38092,200,1,"-1:193;0:1;1:5;2:1",1.01
4372,4,14,45,"PostGuard(CCW,12,1)",7,-0.98,0.282135,200,1,"-2:3;-1:193;0:1;1:3",1.03
4372,4,14,46,"PostGuard(CW,12,2)",7,-1,0,200,1,"-1:200",1
4372,4,14,47,"PostGuard(CCW,12,2)",7,-0.99,0.141067,200,1,"-1:199;1:1",1
4372,4,14,48,"Pass",0,-0.93,0.406325,200,1,"-2:2;-1:190;1:8",1
3732,7,7,0,"Draw(CW,TEE)",1,0.545,1.37039,200,1,"-4:1;-3:2;-2:16;-1:36;0:1;1:113;2:21;3:8;4:2",1
3732,7,7,1,"Draw(CCW,TEE)",1,0.845,1.42863,200,1,"-3:7;-2:6;-1:28;1:114;2:25;3:14;4:6",1
3732,7,7,2,"Draw(CW,S0)",1,0.8,1.28452,200,1,"-4:1;-3:3;-2:7;-1:28;1:123;2:24;3:12;4:2",1
3732,7,7,3,"Draw(CCW,S0)",1,0.825,1.27843,200,1,"-3:1;-2:8;-1:35;1:110;2:33;3:9;4:4",1
3732,7,7,4,"Draw(CW,S2)",1,0.655,1.41279,200,1,"-4:2;-3:2;-2:12;-1:31;1:127;2:13;3:7;4:4;5:2",1
3732,7,7,5,"Draw(CCW,S2)",1,0.505,1.44221,200,1,"-5:1;-4:1;-3:3;-2:14;-1:38;1:115;2:18;3:6;4:4",1
3732,7,7,6,"Draw(CW,S4)",1,0.73,1.3554,200,1,"-3:2;-2:9;-1:39;1:114;2:17;3:15;4:4",1
3732,7,7,7,"Draw(CCW,S4)",1,0.74,1.37565,200,1,"-3:3;-2:13;-1:31;1:111;2:25;3:15;4:2",1
3732,7,7,8,"Draw(CW,S6)",1,0.705,1.24015,200,1,"-3:6;-2:3;-1:32;1:134;2:16;3:6;4:2;5:1",1
3732,7,7,9,"Draw(CCW,S6)",1,0.795,1.21366,200,1,"-3:2;-2:9;-1:28;1:125;2:22;3:14",1
3732,7,7,10,"Draw(CW,L0)",1,0.835,1.25211,200,1,"-3:1;-2:8;-1:33;0:1;1:110;2:35;3:9;4:3",0.39
3732,7,7,11,"Draw(CCW,L0)",1,0.775,1.30934,200,1,"-3:3;-2:8;-1:34;1:112;2:30;3:10;4:3",0.44
3732,7,7,12,"Draw(CW,L1)",1,0.76,1.44651,200,1,"-4:1;-3:5;-2:3;-1:41;0:1;1:104;2:28;3:11;4:5;5:1",0.6
3732,7,7,13,"Draw(CCW,L1)",1,0.715,1.42259,200,1,"-4:1;-3:1;-2:11;-1:39;1:110;2:18;3:16;4:3;5:1",0.43
3732,7,7,14,"Draw(CW,L2)",1,1.75,1.7371,200,1,"-3:2;-2:5;-1:24;1:60;2:39;3:35;4:28;5:7",0.94
3732,7,7,15,"Draw(CCW,L2)",1,1.685,1.80991,200,1,"-2:5;-1:34;1:57;2:35;3:33;4:25;5:11",0.94
3732,7,7,16,"Draw(CW,L3)",1,1.08,1.42604,200,1,"-3:2;-2:6;-1:29;1:105;2:26;3:23;4:8;5:1",0.68
3732,7,7,17,"Draw(CCW,L3)",1,1.07,1.49503,200,1,"-3:3;-2:5;-1:31;1:105;2:25;3:16;4:14;5:1",0.7
3732,7,7,18,"Draw(CW,L4)",1,1.03,1.63985,200,1,"-3:3;-2:7;-1:41;1:81;2:30;3:26;4:9;5:3",-0.4
3732,7,7,19,"Draw(CCW,L4)",1,1.06,1.66024,200,1,"-4:1;-3:2;-2:10;-1:34;1:82;2:37;3:19;4:12;5:3",-0.47
3732,7,7,20,"Draw(CW,L5)",1,1.03,1.43844,200,1,"-4:1;-3:1;-2:10;-1:23;1:112;2:25;3:20;4:6;5:2",0.55
3732,7,7,21,"Draw(CCW,L5)",1,0.92,1.45038,200,1,"-4:1;-2:6;-1:38;1:108;2:25;3:12;4:6;5:4",0.66
3732,7,7,22,"Draw(CW,L6)",1,0.865,1.472,200,1,"-3:2;-2:6;-1:40;1:111;2:18;3:11;4:9;5:3",0.92
3732,7,7,23,"Draw(CCW,L6)",1,0.94,1.3403,200,1,"-3:1;-2:5;-1:32;1:124;2:20;3:5;4:11;5:2",0.96
3732,7,7,24,"Draw(CW,L7)",1,0.575,1.35808,200,1,"-4:1;-3:5;-2:7;-1:41;1:116;2:19;3:9;4:2",0.6
3732,7,7,25,"Draw(CCW,L7)",1,0.81,1.46079,200,1,"-4:1;-3:3;-2:11;-1:29;1:116;2:17;3:17;4:5;5:1",0.56
3732,7,7,26,"PreGuard(CW,G3)",2,0.61,1.60247,200,1,"-5:1;-4:1;-3:5;-2:12;-1:42;1:88;2:34;3:12;4:5",-1
3732,7,7,27,"PreGuard(CCW,G3)",2,0.635,1.52374,200,1,"-4:1;-3:4;-2:13;-1:39;0:1;1:102;2:19;3:16;4:5",-0.97
3732,7,7,28,"PreGuard(CW,G4)",2,0.775,1.56664,200,1,"-4:1;-3:3;-2:15;-1:36;1:81;2:44;3:15;4:5",-1
3732,7,7,29,"PreGuard(CCW,G4)",2,0.82,1.51248,200,1,"-3:1;-2:15;-1:39;1:81;2:43;3:15;4:6",-1
3732,7,7,30,"PreGuard(CW,G5)",2,1.015,1.57632,200,1,"-3:5;-2:10;-1:29;1:87;2:34;3:29;4:5;5:1",-0.99
3732,7,7,31,"PreGuard(CCW,G5)",2,0.76,1.41506,200,1,"-3:3;-2:10;-1:37;0:1;1:101;2:33;3:10;4:4;5:1",-0.97
3732,7,7,32,"Hit(CW,4,TOUCH)",3,2,1.80555,200,1,"-2:7;-1:26;1:39;2:36;3:47;4:37;5:8",0.91
3732,7,7,33,"Hit(CCW,4,TOUCH)",3,1.47,1.78581,200,1,"-3:1;-2:7;-1:31;1:79;2:25;3:23;4:26;5:8",0.8
3732,7,7,34,"Hit(CW,4,WEAK)",3,1.695,1.7123,200,1,"-3:1;-2:3;-1:31;1:55;2:44;3:37;4:20;5:9",0.79
3732,7,7,35,"Hit(CCW,4,WEAK)",3,1.54,1.85968,200,1,"-3:1;-2:9;-1:36;1:48;2:38;3:38;4:23;5:7",0.745
3732,7,7,36,"Hit(CW,4,MIDDLE)",3,0.94,1.53831,200,1,"-2:9;-1:49;1:65;2:47;3:24;4:6",0.03
3732,7,7,37,"Hit(CCW,4,MIDDLE)",3,0.935,1.65251,200,1,"-4:1;-3:1;-2:13;-1:38;1:80;2:39;3:15;4:10;5:3",0.165
3732,7,7,38,"Hit(CW,4,STRONG)",3,0.965,1.61672,200,1,"-3:2;-2:12;-1:38;0:2;1:77;2:33;3:27;4:8;5:1",0.035
3732,7,7,39,"Hit(CCW,4,STRONG)",3,1.085,1.77701,200,1,"-4:1;-3:4;-2:8;-1:40;1:67;2:37;3:28;4:11;5:4",0.22
3732,7,7,40,"Freeze(CW,4)",4,1.7,1.81659,200,1,"-5:1;-4:1;-3:1;-2:6;-1:19;1:74;2:31;3:32;4:24;5:11",0.8
3732,7,7,41,"Freeze(CCW,4)",4,1.605,1.73752,200,1,"-4:1;-2:8;-1:24;1:70;2:30;3:41;4:18;5:8",0.61
3732,7,7,42,"PostGuard(CW,7,0)",7,0.68,1.28748,200,1,"-3:5;-2:12;-1:25;1:125;2:26;3:5;4:2",1
3732,7,7,43,"PostGuard(CCW,7,0)",7,0.79,1.21487,200,1,"-3:1;-2:9;-1:31;1:121;2:28;3:7;4:3",1
3732,7,7,44,"PostGuard(CW,7,1)",7,0.895,1.60124,200,1,"-3:3;-2:15;-1:34;1:79;2:44;3:16;4:8;5:1",-0.36
3732,7,7,45,"PostGuard(CCW,7,1)",7,1.125,1.50644,200,1,"-3:3;-2:6;-1:31;1:88;2:38;3:24;4:9;5:1",-0.2
3732,7,7,46,"PostGuard(CW,7,2)",7,0.89,1.58679,200,1,"-4:1;-3:4;-2:6;-1:44;1:75;2:41;3:23;4:6",-1
3732,7,7,47,"PostGuard(CCW,7,2)",7,0.79,1.64496,200,1,"-5:1;-3:4;-2:13;-1:39;0:1;1:77;2:38;3:21;4:6",-1
3732,7,7,48,"Pass",0,0.735,1.18944,200,1,"-3:1;-2:6;-1:39;1:118;2:26;3:9;4:1",-1
3858,5,5,0,"Draw(CW,TEE)",1,0.965,1.83678,200,1,"-4:3;-3:4;-2:12;-1:35;1:70;2:41;3:21;4:10;5:3;6:1",0.8
3858,5,5,1,"Draw(CCW,TEE)",1,1.26,1.80621,200,1,"-3:2;-2:11;-1:34;0:1;1:62;2:48;3:24;4:9;5:7;6:1;7:1",-0.57
3858,5,5,2,"Draw(CW,S0)",1,0.955,1.98569,200,1,"-3:8;-2:13;-1:41;1:65;2:35;3:16;4:14;5:5;6:3",0.92
3858,5,5,3,"Draw(CCW,S0)",1,0.795,1.88758,200,1,"-5:2;-4:2;-3:4;-2:10;-1:45;1:67;2:42;3:16;4:6;5:5;6:1",-0.9
3858,5,5,4,"Draw(CW,S2)",1,0.84,2.06019,200,1,"-4:2;-3:10;-2:14;-1:41;1:62;2:28;3:21;4:17;5:4;6:1",-1
3858,5,5,5,"Draw(CCW,S2)",1,0.695,1.97281,200,1,"-5:1;-4:2;-3:8;-2:17;-1:37;1:78;2:23;3:19;4:11;5:3;7:1",-1
3858,5,5,6,"Draw(CW,S4)",1,0.98,2.04441,200,1,"-4:2;-3:6;-2:13;-1:43;1:60;2:28;3:28;4:11;5:7;6:2",0.95
3858,5,5,7,"Draw(CCW,S4)",1,1.055,1.95499,200,1,"-4:1;-3:5;-2:12;-1:41;1:58;2:43;3:21;4:10;5:6;6:3",-0.81
3858,5,5,8,"Draw(CW,S6)",1,0.87,1.97056,200,1,"-5:1;-4:3;-3:4;-2:10;-1:46;1:71;2:20;3:29;4:10;5:5;6:1",-1
3858,5,5,9,"Draw(CCW,S6)",1,0.895,1.98343,200,1,"-4:4;-3:3;-2:15;-1:40;1:69;2:29;3:22;4:11;5:5;6:2",-1
3858,5,5,10,"Draw(CW,L0)",1,1.03,1.9822,200,1,"-5:1;-4:2;-3:5;-2:10;-1:38;1:68;2:35;3:19;4:15;5:6;7:1",0.56
3858,5,5,11,"Draw(CCW,L0)",1,0.77,2.0657,200,1,"-4:3;-3:8;-2:17;-1:41;1:61;2:35;3:17;4:8;5:9;6:1",-1.185
3858,5,5,12,"Draw(CW,L1)",1,0.745,1.87082,200,1,"-5:1;-4:2;-3:5;-2:15;-1:39;1:75;2:36;3:17;4:5;5:2;6:3",-1
3858,5,5,13,"Draw(CCW,L1)",1,0.655,1.85633,200,1,"-4:3;-3:5;-2:18;-1:39;1:81;2:29;3:12;4:9;5:2;6:2",-1
3858,5,5,14,"Draw(CW,L2)",1,0.965,1.92712,200,1,"-4:1;-3:7;-2:17;-1:31;0:1;1:70;2:28;3:28;4:12;5:5",-1
3858,5,5,15,"Draw(CCW,L2)",1,0.91,1.74697,200,1,"-4:2;-3:5;-2:11;-1:35;1:78;2:38;3:19;4:9;5:3",-1
3858,5,5,16,"Draw(CW,L3)",1,0.98,2.10941,200,1,"-4:2;-3:2;-2:17;-1:45;1:67;2:25;3:16;4:12;5:8;6:6",-1
3858,5,5,17,"Draw(CCW,L3)",1,0.955,1.93209,200,1,"-3:7;-2:13;-1:42;1:65;2:31;3:22;4:14;5:5;6:1",-1
3858,5,5,18,"Draw(CW,L4)",1,1.165,2.13255,200,1,"-6:1;-4:1;-3:4;-2:17;-1:29;1:69;2:33;3:23;4:10;5:6;6:5;7:2",-1
3858,5,5,19,"Draw(CCW,L4)",1,1.12,2.08461,200,1,"-6:1;-4:4;-3:2;-2:6;-1:45;1:60;2:35;3:24;4:14;5:4;6:4;7:1",-1
3858,5,5,20,"Draw(CW,L5)",1,0.94,1.94587,200,1,"-5:1;-4:3;-3:5;-2:10;-1:37;1:72;2:37;3:19;4:7;5:8;6:1",-1
3858,5,5,21,"Draw(CCW,L5)",1,0.985,2.04323,200,1,"-6:1;-4:2;-3:4;-2:11;-1:42;1:67;2:36;3:14;4:13;5:6;6:4",-1
3858,5,5,22,"Draw(CW,L6)",1,0.885,1.76685,200,1,"-3:6;-2:11;-1:38;1:87;2:29;3:14;4:9;5:4;6:2",-1
3858,5,5,23,"Draw(CCW,L6)",1,0.68,1.95387,200,1,"-5:1;-4:2;-3:6;-2:15;-1:45;1:70;2:34;3:15;4:4;5:6;6:1;7:1",-1
3858,5,5,24,"Draw(CW,L7)",1,0.97,1.967,200,1,"-4:1;-3:5;-2:10;-1:48;1:67;2:25;3:22;4:15;5:4;6:3",-1
3858,5,5,25,"Draw(CCW,L7)",1,0.99,2.01244,200,1,"-4:2;-3:7;-2:10;-1:40;1:67;2:39;3:13;4:9;5:11;6:2",-1
3858,5,5,26,"PreGuard(CW,G3)",2,0.67,1.84149,200,1,"-4:2;-3:11;-2:7;-1:45;1:81;2:25;3:17;4:9;5:2;6:1",-1
3858,5,5,27,"PreGuard(CCW,G3)",2,0.455,1.99699,200,1,"-6:1;-5:2;-4:6;-3:8;-2:17;-1:33;1:74;2:38;3:14;4:6;6:1",-1
3858,5,5,28,"PreGuard(CW,G4)",2,0.805,1.98166,200,1,"-5:1;-4:3;-3:5;-2:11;-1:46;1:72;2:22;3:21;4:13;5:6",-1
3858,5,5,29,"PreGuard(CCW,G4)",2,0.74,1.90326,200,1,"-5:1;-4:3;-3:3;-2:13;-1:48;1:64;2:39;3:18;4:5;5:4;6:2",-1
3858,5,5,30,"PreGuard(CW,G5)",2,0.95,1.84594,200,1,"-5:1;-4:1;-3:6;-2:10;-1:35;1:78;2:33;3:23;4:8;5:3;6:2",-1
3858,5,5,31,"PreGuard(CCW,G5)",2,0.945,1.92924,200,1,"-4:2;-3:7;-2:12;-1:33;0:1;1:74;2:41;3:15;4:5;5:6;6:4",-1
3858,5,5,32,"Hit(CW,0,TOUCH)",3,0.97,2.19524,200,1,"-5:1;-4:2;-3:4;-2:18;-1:44;0:1;1:47;2:40;3:17;4:15;5:6;6:4;7:1",0.27
3858,5,5,33,"Hit(CCW,0,TOUCH)",3,0.92,1.96306,200,1,"-5:1;-3:6;-2:21;-1:32;1:64;2:32;3:28;4:11;5:5",-1
3858,5,5,34,"Hit(CW,0,WEAK)",3,0.925,1.82192,200,1,"-3:5;-2:13;-1:41;1:72;2:35;3:18;4:11;5:3;6:2",0.215
3858,5,5,35,"Hit(CCW,0,WEAK)",3,1.39,2.14893,200,1,"-5:1;-3:4;-2:11;-1:33;1:70;2:26;3:14;4:26;5:10;6:3;7:2",-0.835
3858,5,5,36,"Hit(CW,0,MIDDLE)",3,1.09,2.15451,200,1,"-4:3;-3:8;-2:13;-1:35;1:55;2:38;3:21;4:18;5:7;6:1;8:1",-1.6
3858,5,5,37,"Hit(CCW,0,MIDDLE)",3,0.825,1.67164,200,1,"-4:1;-3:1;-2:17;-1:37;1:84;2:37;3:12;4:8;5:1;6:2",-0.755
3858,5,5,38,"Hit(CW,0,STRONG)",3,1.26,1.91113,200,1,"-4:1;-3:3;-2:11;-1:32;1:71;2:36;3:21;4:16;5:5;6:4",-1.69
3858,5,5,39,"Hit(CCW,0,STRONG)",3,0.69,1.69526,200,1,"-5:1;-4:3;-3:3;-2:16;-1:34;1:83;2:39;3:16;4:4;5:1",-0.48
3858,5,5,40,"Freeze(CW,0)",4,1.08,1.87446,200,1,"-3:2;-2:12;-1:43;1:72;2:29;3:21;4:12;5:6;6:3",-0.38
3858,5,5,41,"Freeze(CCW,0)",4,1.07,1.93523,200,1,"-4:1;-3:5;-2:13;-1:37;0:1;1:63;2:36;3:25;4:10;5:8;6:1",-1
3858,5,5,42,"Hit(CW,2,TOUCH)",3,1.015,2.01861,200,1,"-4:1;-3:4;-2:17;-1:37;0:1;1:67;2:31;3:23;4:9;5:6;6:3;8:1",-1
3858,5,5,43,"Hit(CCW,2,TOUCH)",3,0.8,1.90526,200,1,"-6:1;-5:1;-3:6;-2:12;-1:43;1:73;2:27;3:23;4:10;5:4",-1.065
3858,5,5,44,"Hit(CW,2,WEAK)",3,1.085,2.03661,200,1,"-4:2;-3:7;-2:9;-1:39;1:64;2:37;3:17;4:13;5:10;6:2",-1.925
3858,5,5,45,"Hit(CCW,2,WEAK)",3,1.325,1.93891,200,1,"-3:3;-2:9;-1:37;1:64;2:38;3:24;4:15;5:5;6:3;7:2",-2.13
3858,5,5,46,"Hit(CW,2,MIDDLE)",3,0.8,1.67929,200,1,"-4:1;-3:3;-2:11;-1:47;1:77;2:29;3:21;4:11",-1.4
3858,5,5,47,"Hit(CCW,2,MIDDLE)",3,1.135,2.20834,200,1,"-3:4;-2:11;-1:51;0:1;1:62;2:23;3:18;4:13;5:8;6:6;7:2;8:1",-1.8
3858,5,5,48,"Hit(CW,2,STRONG)",3,0.575,1.79844,200,1,"-4:1;-3:5;-2:15;-1:54;1:75;2:25;3:12;4:9;5:3;6:1",-1.425
3858,5,5,49,"Hit(CCW,2,STRONG)",3,1.24,2.03529,200,1,"-3:5;-2:12;-1:37;1:64;2:29;3:28;4:12;5:9;6:3;7:1",-1.715
3858,5,5,50,"Freeze(CW,2)",4,1.015,2.0772,200,1,"-5:1;-4:2;-3:4;-2:15;-1:38;1:65;2:31;3:19;4:17;5:5;6:2;7:1",-1
3858,5,5,51,"Freeze(CCW,2)",4,0.795,1.78128,200,1,"-4:1;-3:4;-2:19;-1:37;1:74;2:33;3:20;4:10;5:2",-1
3858,5,5,52,"Hit(CW,4,TOUCH)",3,0.945,1.94216,200,1,"-4:3;-3:2;-2:8;-1:54;1:57;2:34;3:27;4:7;5:5;6:3",-1
3858,5,5,53,"Hit(CCW,4,TOUCH)",3,0.79,1.88836,200,1,"-4:2;-3:6;-2:14;-1:43;1:69;2:32;3:19;4:10;5:5",-1
3858,5,5,54,"Hit(CW,4,WEAK)",3,1.25,2.08267,200,1,"-4:2;-3:2;-2:14;-1:37;1:58;2:38;3:19;4:18;5:7;6:4;7:1",-1.55
3858,5,5,55,"Hit(CCW,4,WEAK)",3,1.08,2.20989,200,1,"-4:1;-3:8;-2:14;-1:36;1:69;2:30;3:16;4:12;5:6;6:4;7:3;8:1",-1.865
3858,5,5,56,"Hit(CW,4,MIDDLE)",3,0.835,1.65462,200,1,"-3:1;-2:18;-1:39;0:1;1:77;2:37;3:18;4:5;5:4",-2.01
3858,5,5,57,"Hit(CCW,4,MIDDLE)",3,0.945,1.78941,200,1,"-3:4;-2:11;-1:42;1:83;2:23;3:18;4:14;5:4;6:1",-0.705
3858,5,5,58,"Hit(CW,4,STRONG)",3,1.12,1.65396,200,1,"-3:1;-2:14;-1:31;0:1;1:77;2:36;3:24;4:15;5:1",-1.995
3858,5,5,59,"Hit(CCW,4,STRONG)",3,1.04,2.0021,200,1,"-4:3;-3:3;-2:14;-1:36;1:74;2:22;3:31;4:8;5:5;6:3;7:1",-0.66
3858,5,5,60,"Freeze(CW,4)",4,1.03,1.74617,200,1,"-3:3;-2:11;-1:39;1:74;2:39;3:20;4:8;5:5;7:1",-1
3858,5,5,61,"Freeze(CCW,4)",4,0.955,1.93209,200,1,"-6:1;-4:3;-3:3;-2:8;-1:40;0:1;1:79;2:28;3:19;4:11;5:4;6:3",-1
3858,5,5,62,"PostGuard(CW,1,0)",7,0.89,2.02926,200,1,"-6:1;-4:6;-3:2;-2:12;-1:35;1:83;2:22;3:19;4:14;5:3;6:3",-1
3858,5,5,63,"PostGuard(CCW,1,0)",7,1.075,1.876,200,1,"-3:2;-2:10;-1:45;0:1;1:75;2:25;3:21;4:10;5:8;6:3",-1
3858,5,5,64,"PostGuard(CW,1,1)",7,0.735,2.05786,200,1,"-6:2;-4:2;-2:24;-1:44;1:54;2:43;3:14;4:10;5:6;7:1",-1
3858,5,5,65,"PostGuard(CCW,1,1)",7,0.845,2.00773,200,1,"-5:2;-4:1;-3:8;-2:14;-1:35;1:74;2:25;3:25;4:10;5:5;6:1",-1
3858,5,5,66,"PostGuard(CW,1,2)",7,0.48,1.98987,200,1,"-6:2;-5:3;-4:1;-3:6;-2:19;-1:38;0:1;1:74;2:33;3:15;4:5;5:2;6:1",-1
3858,5,5,67,"PostGuard(CCW,1,2)",7,0.49,2.00497,200,1,"-5:1;-4:5;-3:5;-2:18;-1:48;1:71;2:26;3:14;4:6;5:4;6:1;7:1",-1
3858,5,5,68,"PostGuard(CW,3,0)",7,0.825,1.91426,200,1,"-4:3;-3:3;-2:11;-1:50;1:65;2:36;3:17;4:8;5:5;6:1;7:1",-0.99
3858,5,5,69,"PostGuard(CCW,3,0)",7,1.09,2.18904,200,1,"-5:1;-3:5;-2:15;-1:45;1:56;2:25;3:24;4:16;5:8;6:4;7:1",-1
3858,5,5,70,"PostGuard(CW,3,1)",7,0.9,2.08327,200,1,"-5:1;-4:4;-3:4;-2:9;-1:48;1:61;2:34;3:22;4:6;5:6;6:5",-1
3858,5,5,71,"PostGuard(CCW,3,1)",7,0.83,1.96242,200,1,"-4:2;-3:4;-2:14;-1:50;1:59;2:35;3:19;4:8;5:8;6:1",-1
3858,5,5,72,"PostGuard(CW,3,2)",7,0.88,1.91979,200,1,"-5:1;-4:3;-3:6;-2:13;-1:34;1:68;2:40;3:22;4:8;5:5",-1
3858,5,5,73,"PostGuard(CCW,3,2)",7,0.815,1.99017,200,1,"-6:1;-5:1;-4:2;-3:5;-2:17;-1:36;1:63;2:40;3:21;4:10;5:3;6:1",-1
3858,5,5,74,"Pass",0,0.685,1.77926,200,1,"-5:1;-4:2;-3:6;-2:17;-1:32;1:85;2:32;3:18;4:5;5:1;6:1",-1
1938,0,14,0,"Draw(CW,TEE)",1,0.64,1.09563,200,1,"-3:1;-1:50;1:125;2:17;3:6;4:1",1.17
1938,0,14,1,"Draw(CCW,TEE)",1,0.86,0.830903,200,1,"-2:1;-1:24;1:157;2:15;3:1;4:2",1.095
1938,0,14,2,"Draw(CW,S0)",1,0.805,0.83485,200,1,"-3:1;-1:27;1:155;2:15;3:2",1.035
1938,0,14,3,"Draw(CCW,S0)",1,1.1,0.87178,200,1,"-2:1;-1:14;1:146;2:33;3:1;4:4;5:1",1.42
1938,0,14,4,"Draw(CW,S2)",1,1.05,0.554527,200,1,"-2:2;-1:4;1:172;2:20;3:2",1.005
1938,0,14,5,"Draw(CCW,S2)",1,0.99,0.787337,200,1,"-3:1;-2:6;-1:3;1:170;2:16;3:2;4:2",1
1938,0,14,6,"Draw(CW,S4)",1,0.7,0.974679,200,1,"-2:1;-1:41;1:137;2:18;3:2;4:1",1.08
1938,0,14,7,"Draw(CCW,S4)",1,1.11,0.898833,200,1,"-1:15;1:149;2:28;3:2;4:4;5:2",1.28
1938,0,14,8,"Draw(CW,S6)",1,0.785,0.88813,200,1,"-2:4;-1:27;1:146;2:23",0.69
1938,0,14,9,"Draw(CCW,S6)",1,1.055,0.928426,200,1,"-2:12;-1:1;1:144;2:37;3:6",1
1938,0,14,10,"Draw(CW,L0)",1,0.73,1.06635,200,1,"-3:4;-2:13;-1:10;1:152;2:21",1
1938,0,14,11,"Draw(CCW,L0)",1,1.015,0.971995,200,1,"-2:6;-1:16;1:131;2:43;3:3;5:1",1.905
1938,0,14,12,"Draw(CW,L1)",1,1.08,0.483322,200,1,"-2:1;-1:3;1:172;2:23;3:1",1
1938,0,14,13,"Draw(CCW,L1)",1,0.985,0.681744,200,1,"-2:8;1:171;2:21",1
1938,0,14,14,"Draw(CW,L2)",1,1.07,0.484871,200,1,"-2:2;-1:1;1:177;2:18;3:2",1
1938,0,14,15,"Draw(CCW,L2)",1,1.07,0.659621,200,1,"-2:5;-1:1;1:167;2:23;3:4",1
1938,0,14,16,"Draw(CW,L3)",1,1.065,0.707655,200,1,"-3:1;-2:4;-1:3;1:158;2:33;3:1",1
1938,0,14,17,"Draw(CCW,L3)",1,1.045,0.610717,200,1,"-2:5;-1:1;1:168;2:26",1
1938,0,14,18,"Draw(CW,L4)",1,1.055,0.426585,200,1,"-1:1;1:192;2:4;3:1;4:1;5:1",1
1938,0,14,19,"Draw(CCW,L4)",1,1.09,0.449333,200,1,"-1:2;1:180;2:16;4:2",1
1938,0,14,20,"Draw(CW,L5)",1,1.06,0.525738,200,1,"-2:2;-1:3;1:172;2:22;3:1",1
1938,0,14,21,"Draw(CCW,L5)",1,1.02,0.670522,200,1,"-2:7;1:169;2:23;3:1",1
1938,0,14,22,"Draw(CW,L6)",1,1.03,0.699357,200,1,"-2:7;-1:1;1:164;2:27;3:1",1
1938,0,14,23,"Draw(CCW,L6)",1,0.99,0.692748,200,1,"-2:6;-1:4;1:167;2:22;3:1",1
1938,0,14,24,"Draw(CW,L7)",1,0.92,0.744043,200,1,"-2:7;-1:7;1:168;2:17;3:1",0.96
1938,0,14,25,"Draw(CCW,L7)",1,1.07,0.659621,200,1,"-2:5;-1:1;1:167;2:23;3:4",1
1938,0,14,26,"PreGuard(CW,G3)",2,1.01,0.608194,200,1,"-2:5;-1:2;1:172;2:21",1
1938,0,14,27,"PreGuard(CCW,G3)",2,1.015,0.67437,200,1,"-2:6;-1:2;1:169;2:21;3:2",1
1938,0,14,28,"PreGuard(CW,G4)",2,1.095,0.35493,200,1,"1:184;2:14;3:1;4:1",1
1938,0,14,29,"PreGuard(CCW,G4)",2,1.045,0.207304,200,1,"1:191;2:9",1
1938,0,14,30,"PreGuard(CW,G5)",2,0.96,0.684398,200,1,"-2:7;-1:3;1:171;2:19",1
1938,0,14,31,"PreGuard(CCW,G5)",2,1.005,0.612352,200,1,"-2:4;-1:4;1:172;2:19;3:1",1
1938,0,14,32,"Hit(CW,9,TOUCH)",3,0.795,0.884859,200,1,"-1:32;1:149;2:17;3:1;5:1",1.015
1938,0,14,33,"Hit(CCW,9,TOUCH)",3,0.71,1.31754,200,1,"-3:5;-2:21;-1:10;1:124;2:35;3:5",1.77
1938,0,14,34,"Hit(CW,9,WEAK)",3,1.105,1.26253,200,1,"-3:1;-2:6;-1:21;1:110;2:52;3:2;4:3;5:5",1.51
1938,0,14,35,"Hit(CCW,9,WEAK)",3,1.055,1.89261,200,1,"-3:4;-2:15;-1:39;1:61;2:42;3:16;4:16;5:7",2.43
1938,0,14,36,"Hit(CW,9,MIDDLE)",3,0.205,2.01568,200,1,"-2:54;-1:51;1:35;2:35;3:11;4:9;5:4;6:1",3.375
1938,0,14,37,"Hit(CCW,9,MIDDLE)",3,0.24,1.52066,200,1,"-3:1;-2:30;-1:52;1:85;2:23;3:4;4:5",1.235
1938,0,14,38,"Hit(CW,9,STRONG)",3,0.015,1.8801,200,1,"-3:1;-2:49;-1:65;1:36;2:26;3:13;4:9;6:1",3.27
1938,0,14,39,"Hit(CCW,9,STRONG)",3,-0.08,1.55035,200,1,"-3:2;-2:45;-1:54;1:75;2:15;3:7;4:2",1.245
1938,0,14,40,"Freeze(CW,9)",4,1.06,0.675574,200,1,"-1:9;1:169;2:18;3:1;4:2;5:1",1.015
1938,0,14,41,"Freeze(CCW,9)",4,0.915,1.14358,200,1,"-3:10;-2:3;-1:7;1:135;2:44;3:1",1.37
1938,0,14,42,"Hit(CW,11,TOUCH)",3,1.18,0.676461,200,1,"-1:5;1:158;2:33;3:1;4:1;5:2",1.235
1938,0,14,43,"Hit(CCW,11,TOUCH)",3,0.65,1.35554,200,1,"-3:11;-2:15;-1:10;1:126;2:37;3:1",1.31
1938,0,14,44,"Hit(CW,11,WEAK)",3,1.155,1.5169,200,1,"-3:3;-2:8;-1:23;1:95;2:49;3:10;4:4;5:8",2.29
1938,0,14,45,"Hit(CCW,11,WEAK)",3,0.375,1.79565,200,1,"-3:3;-2:21;-1:70;1:56;2:24;3:16;4:6;5:4",2.34
1938,0,14,46,"Hit(CW,11,MIDDLE)",3,-0.35,1.67556,200,1,"-4:1;-3:3;-2:64;-1:47;1:69;2:7;3:3;4:5;6:1",1.555
1938,0,14,47,"Hit(CCW,11,MIDDLE)",3,0.61,1.57096,200,1,"-3:1;-2:9;-1:65;1:72;2:32;3:14;4:6;6:1",2.705
1938,0,14,48,"Hit(CW,11,STRONG)",3,-0.41,1.70936,200,1,"-4:2;-3:2;-2:66;-1:54;1:52;2:11;3:9;4:3;5:1",1.59
1938,0,14,49,"Hit(CCW,11,STRONG)",3,0.81,1.50795,200,1,"-3:1;-2:7;-1:54;1:73;2:41;3:18;4:6",2.81
1938,0,14,50,"Freeze(CW,11)",4,1.1,0.387298,200,1,"-1:2;1:174;2:24",1.025
1938,0,14,51,"Freeze(CCW,11)",4,0.965,0.868202,200,1,"-3:5;-2:1;-1:7;1:159;2:26;3:2",1.015
1938,0,14,52,"Hit(CW,13,TOUCH)",3,1.18,0.455631,200,1,"-1:2;1:158;2:40",1.07
1938,0,14,53,"Hit(CCW,13,TOUCH)",3,1.065,0.837123,200,1,"-3:4;-2:2;-1:2;1:159;2:27;3:6",1.055
1938,0,14,54,"Hit(CW,13,WEAK)",3,0.6,1.54272,200,1,"-3:5;-2:11;-1:47;1:93;2:31;3:7;4:2;5:4",2.445
1938,0,14,55,"Hit(CCW,13,WEAK)",3,0.405,1.7467,200,1,"-3:4;-2:26;-1:52;1:74;2:20;3:15;4:7;5:2",2.34
1938,0,14,56,"Hit(CW,13,MIDDLE)",3,-0.85,1.51245,200,1,"-4:3;-3:7;-2:81;-1:49;1:52;2:4;3:2;4:2",1.315
1938,0,14,57,"Hit(CCW,13,MIDDLE)",3,0.75,1.66958,200,1,"-2:12;-1:60;1:58;2:50;3:9;4:7;5:3;6:1",3.11
1938,0,14,58,"Hit(CW,13,STRONG)",3,-0.68,1.59612,200,1,"-4:4;-3:3;-2:79;-1:44;1:56;2:9;3:3;4:2",1.23
1938,0,14,59,"Hit(CCW,13,STRONG)",3,0.565,1.57663,200,1,"-3:1;-2:10;-1:67;1:65;2:43;3:8;4:4;6:2",2.85
1938,0,14,60,"Freeze(CW,13)",4,1.105,0.493938,200,1,"-2:2;-1:1;1:168;2:29",1
1938,0,14,61,"Freeze(CCW,13)",4,1.115,0.567252,200,1,"-2:3;1:168;2:27;3:1;4:1",1
1938,0,14,62,"PostGuard(CW,2,0)",7,1.03,0.518748,200,1,"-2:3;-1:2;1:176;2:19",1
1938,0,14,63,"PostGuard(CCW,2,0)",7,0.975,0.635905,200,1,"-2:5;-1:4;1:174;2:16;3:1",1
1938,0,14,64,"PostGuard(CW,2,1)",7,0.975,0.73101,200,1,"-2:8;-1:2;1:169;2:19;3:2",1
1938,0,14,65,"PostGuard(CCW,2,1)",7,1.085,0.384415,200,1,"-1:2;1:178;2:19;3:1",1
1938,0,14,66,"PostGuard(CW,2,2)",7,0.965,0.695539,200,1,"-2:8;-1:1;1:173;2:17;3:1",1
1938,0,14,67,"PostGuard(CCW,2,2)",7,0.925,0.787004,200,1,"-2:11;-1:1;1:169;2:18;3:1",1
1938,0,14,68,"PostGuard(CW,4,0)",7,0.945,0.73619,200,1,"-2:9;-1:2;1:169;2:20",1
1938,0,14,69,"PostGuard(CCW,4,0)",7,1.03,0.631744,200,1,"-2:5;-1:2;1:169;2:23;3:1",1
1938,0,14,70,"PostGuard(CW,4,1)",7,0.955,0.665564,200,1,"-2:7;-1:2;1:176;2:14;3:1",1
1938,0,14,71,"PostGuard(CCW,4,1)",7,0.965,0.643253,200,1,"-2:5;-1:5;1:172;2:18",1
1938,0,14,72,"PostGuard(CW,4,2)",7,0.965,0.451414,200,1,"-2:4;1:191;2:5",1
1938,0,14,73,"PostGuard(CCW,4,2)",7,0.99,0.489796,200,1,"-2:3;-1:2;1:185;2:9;3:1",1
1938,0,14,74,"PostGuard(CW,8,0)",7,1.285,0.802356,200,1,"-1:2;1:158;2:31;3:2;4:2;5:5",1.195
1938,0,14,75,"PostGuard(CCW,8,0)",7,0.885,0.97559,200,1,"-1:31;1:138;2:28;4:1;5:2",1.025
1938,0,14,76,"PostGuard(CW,8,1)",7,1.055,0.334627,200,1,"-1:2;1:183;2:15",1
1938,0,14,77,"PostGuard(CCW,8,1)",7,1.08,0.305941,200,1,"1:186;2:12;3:2",1
1938,0,14,78,"PostGuard(CW,8,2)",7,1.06,0.407922,200,1,"-1:1;1:190;2:6;3:2;5:1",1
1938,0,14,79,"PostGuard(CCW,8,2)",7,1.095,0.464731,200,1,"1:189;2:7;3:1;4:2;5:1",1
1938,0,14,80,"PostGuard(CW,10,0)",7,1.065,0.317451,200,1,"-1:1;1:185;2:13;3:1",1
1938,0,14,81,"PostGuard(CCW,10,0)",7,1.095,0.340551,200,1,"-1:1;1:178;2:21",1
1938,0,14,82,"PostGuard(CW,10,1)",7,1.105,0.428923,200,1,"1:185;2:11;3:3;5:1",1
1938,0,14,83,"PostGuard(CCW,10,1)",7,1.12,0.419047,200,1,"1:182;2:13;3:4;4:1",1
1938,0,14,84,"PostGuard(CW,10,2)",7,1.09,0.609836,200,1,"-1:2;1:189;2:3;3:1;4:4;6:1",1
1938,0,14,85,"PostGuard(CCW,10,2)",7,1.055,0.43815,200,1,"-1:2;1:188;2:7;3:2;5:1",1
1938,0,14,86,"PostGuard(CW,12,0)",7,1.075,0.37333,200,1,"-1:1;1:185;2:12;3:1;4:1",1
1938,0,14,87,"PostGuard(CCW,12,0)",7,1.11,0.357631,200,1,"1:181;2:16;3:3",1
1938,0,14,88,"PostGuard(CW,12,1)",7,1.135,0.50673,200,1,"-1:3;1:168;2:26;3:2;4:1",1
1938,0,14,89,"PostGuard(CCW,12,1)",7,1.08,0.483322,200,1,"-2:2;1:179;2:17;3:1;4:1",1
1938,0,14,90,"PostGuard(CW,12,2)",7,1.06,0.407922,200,1,"-2:1;-1:1;1:183;2:13;3:2",1
1938,0,14,91,"PostGuard(CCW,12,2)",7,0.995,0.452742,200,1,"-2:2;-1:2;1:189;2:6;4:1",1
1938,0,14,92,"Pass",0,1.005,0.696401,200,1,"-2:7;-1:2;1:165;2:26",1
9112,3,9,0,"Draw(CW,TEE)",1,0.465,1.72881,200,1,"-4:4;-3:6;-2:12;-1:52;1:74;2:34;3:12;4:5;5:1",-0.545
9112,3,9,1,"Draw(CCW,TEE)",1,0.115,1.7555,200,1,"-4:2;-3:9;-2:25;-1:57;1:74;2:16;3:10;4:6;5:1",-2.835
9112,3,9,2,"Draw(CW,S0)",1,0.375,1.76759,200,1,"-4:4;-3:9;-2:18;-1:42;1:80;2:32;3:9;4:5;5:1",0.565
9112,3,9,3,"Draw(CCW,S0)",1,0.39,1.82699,200,1,"-4:2;-3:11;-2:17;-1:49;1:70;2:31;3:13;4:4;5:3",-2.48
9112,3,9,4,"Draw(CW,S2)",1,0.015,1.9659,200,1,"-5:1;-4:5;-3:13;-2:25;-1:55;1:60;2:21;3:11;4:8;5:1",-1.99
9112,3,9,5,"Draw(CCW,S2)",1,0.165,1.85682,200,1,"-4:2;-3:12;-2:27;-1:47;0:1;1:75;2:16;3:11;4:7;5:2",-2
9112,3,9,6,"Draw(CW,S4)",1,0.455,1.57733,200,1,"-3:5;-2:23;-1:42;1:83;2:32;3:13;4:2",0.205
9112,3,9,7,"Draw(CCW,S4)",1,-0.025,1.79287,200,1,"-6:1;-4:3;-3:14;-2:20;-1:58;1:70;2:24;3:7;4:1;5:2",-2.76
9112,3,9,8,"Draw(CW,S6)",1,0.06,1.76533,200,1,"-5:1;-4:3;-3:12;-2:23;-1:51;1:73;2:24;3:11;4:2",-2
9112,3,9,9,"Draw(CCW,S6)",1,-0.165,1.86756,200,1,"-4:3;-3:19;-2:34;-1:45;1:70;2:14;3:9;4:6",-2
9112,3,9,10,"Draw(CW,L0)",1,0.42,1.79544,200,1,"-5:1;-4:5;-3:4;-2:20;-1:41;1:82;2:29;3:11;4:6;5:1",0.815
9112,3,9,11,"Draw(CCW,L0)",1,0.695,1.82263,200,1,"-4:2;-3:8;-2:15;-1:40;1:69;2:36;3:22;4:6;5:2",-1.88
9112,3,9,12,"Draw(CW,L1)",1,0,1.8735,200,1,"-4:5;-3:17;-2:22;-1:52;1:56;2:36;3:9;4:3",-1.96
9112,3,9,13,"Draw(CCW,L1)",1,0.08,1.84488,200,1,"-4:5;-3:13;-2:27;-1:42;1:75;2:22;3:12;4:4",-2
9112,3,9,14,"Draw(CW,L2)",1,-0.04,1.83804,200,1,"-6:1;-4:2;-3:15;-2:25;-1:55;0:1;1:66;2:21;3:8;4:6",-2
9112,3,9,15,"Draw(CCW,L2)",1,-0.05,1.84865,200,1,"-5:2;-4:1;-3:12;-2:34;-1:52;1:55;2:30;3:11;4:3",-2
9112,3,9,16,"Draw(CW,L3)",1,0.11,1.92039,200,1,"-5:1;-4:3;-3:18;-2:18;-1:49;1:69;2:25;3:12;4:2;5:3",-2
9112,3,9,17,"Draw(CCW,L3)",1,0.055,1.84444,200,1,"-4:5;-3:9;-2:29;-1:50;1:73;2:18;3:8;4:7;5:1",-2
9112,3,9,18,"Draw(CW,L4)",1,-0.105,1.85849,200,1,"-5:1;-4:5;-3:12;-2:35;-1:45;1:64;2:25;3:11;4:2",-2
9112,3,9,19,"Draw(CCW,L4)",1,-0.18,1.88085,200,1,"-4:5;-3:19;-2:29;-1:51;1:58;2:25;3:10;4:3",-2
9112,3,9,20,"Draw(CW,L5)",1,0.105,1.91415,200,1,"-4:2;-3:20;-2:27;-1:38;1:66;2:33;3:9;4:3;5:2",-2
9112,3,9,21,"Draw(CCW,L5)",1,-0.215,1.8517,200,1,"-4:6;-3:17;-2:30;-1:51;1:64;2:21;3:7;4:4",-2
9112,3,9,22,"Draw(CW,L6)",1,0.05,1.81039,200,1,"-5:1;-4:3;-3:14;-2:21;-1:54;1:64;2:31;3:10;4:1;5:1",-2
9112,3,9,23,"Draw(CCW,L6)",1,0.205,1.83929,200,1,"-5:2;-3:14;-2:21;-1:49;1:66;2:30;3:14;4:4",-2
9112,3,9,24,"Draw(CW,L7)",1,0.085,1.74292,200,1,"-4:5;-3:7;-2:26;-1:53;1:69;2:30;3:7;4:2;5:1",-2
9112,3,9,25,"Draw(CCW,L7)",1,-0.055,1.9084,200,1,"-5:1;-4:4;-3:11;-2:38;-1:45;1:59;2:26;3:12;4:3;5:1",-2
9112,3,9,26,"PreGuard(CW,G3)",2,-0.135,1.82394,200,1,"-5:2;-4:4;-3:8;-2:39;-1:49;1:57;2:31;3:9;4:1",-2
9112,3,9,27,"PreGuard(CCW,G3)",2,-0.34,1.74195,200,1,"-6:2;-4:1;-3:12;-2:34;-1:69;1:55;2:18;3:6;4:3",-2
9112,3,9,28,"PreGuard(CW,G4)",2,-0.68,1.98434,200,1,"-6:1;-5:3;-4:9;-3:23;-2:40;-1:46;1:49;2:21;3:7;4:1",-2
9112,3,9,29,"PreGuard(CCW,G4)",2,-0.45,1.80762,200,1,"-5:1;-4:4;-3:22;-2:35;-1:54;0:1;1:53;2:22;3:8",-2
9112,3,9,30,"PreGuard(CW,G5)",2,-0.11,1.88359,200,1,"-4:4;-3:19;-2:28;-1:50;1:58;2:28;3:9;4:4",-2
9112,3,9,31,"PreGuard(CCW,G5)",2,-0.595,1.87109,200,1,"-5:3;-4:10;-3:14;-2:42;-1:49;0:3;1:55;2:17;3:6;4:1",-2
9112,3,9,32,"Hit(CW,2,TOUCH)",3,-0.125,1.74051,200,1,"-6:1;-4:3;-3:10;-2:30;-1:58;1:68;2:19;3:9;4:2",-2.85
9112,3,9,33,"Hit(CCW,2,TOUCH)",3,0.235,1.83297,200,1,"-4:2;-3:14;-2:24;-1:44;1:65;2:32;3:16;4:3",-1.29
9112,3,9,34,"Hit(CW,2,WEAK)",3,0.83,1.7496,200,1,"-4:1;-3:2;-2:15;-1:46;1:67;2:37;3:18;4:13;5:1",-0.78
9112,3,9,35,"Hit(CCW,2,WEAK)",3,0.835,1.61795,200,1,"-3:5;-2:15;-1:33;1:85;2:32;3:24;4:6",-0.35
9112,3,9,36,"Hit(CW,2,MIDDLE)",3,0.56,1.73101,200,1,"-4:1;-3:11;-2:15;-1:39;1:76;2:37;3:16;4:5",-0.86
9112,3,9,37,"Hit(CCW,2,MIDDLE)",3,1.065,1.72359,200,1,"-3:2;-2:13;-1:40;1:65;2:33;3:34;4:13",-0.165
9112,3,9,38,"Hit(CW,2,STRONG)",3,0.535,1.75464,200,1,"-4:1;-3:9;-2:17;-1:44;0:1;1:71;2:31;3:21;4:5",-0.91
9112,3,9,39,"Hit(CCW,2,STRONG)",3,1.145,1.67152,200,1,"-3:2;-2:11;-1:34;0:1;1:73;2:37;3:24;4:18",-0.415
9112,3,9,40,"Freeze(CW,2)",4,0.07,2.00876,200,1,"-4:6;-3:11;-2:26;-1:59;0:1;1:49;2:21;3:19;4:6;5:2",-2.865
9112,3,9,41,"Freeze(CCW,2)",4,0.365,1.78375,200,1,"-4:3;-3:4;-2:25;-1:51;1:62;2:36;3:13;4:5;5:1",-1.645
9112,3,9,42,"Hit(CW,4,TOUCH)",3,0.11,1.76292,200,1,"-5:2;-4:3;-3:6;-2:23;-1:59;1:63;2:29;3:14;4:1",0.815
9112,3,9,43,"Hit(CCW,4,TOUCH)",3,0.1,1.82757,200,1,"-4:3;-3:12;-2:26;-1:51;1:70;2:19;3:13;4:6",-0.185
9112,3,9,44,"Hit(CW,4,WEAK)",3,0.565,1.79883,200,1,"-3:6;-2:25;-1:42;0:2;1:63;2:37;3:15;4:9;5:1",0.38
9112,3,9,45,"Hit(CCW,4,WEAK)",3,0.11,1.74009,200,1,"-4:4;-3:11;-2:24;-1:48;1:72;2:28;3:13",0.245
9112,3,9,46,"Hit(CW,4,MIDDLE)",3,0.645,1.6028,200,1,"-4:1;-3:3;-2:14;-1:47;0:1;1:78;2:35;3:16;4:4;5:1",0.015
9112,3,9,47,"Hit(CCW,4,MIDDLE)",3,-0.215,1.7317,200,1,"-4:7;-3:7;-2:29;-1:66;0:2;1:64;2:13;3:8;4:4",-0.88
9112,3,9,48,"Hit(CW,4,STRONG)",3,0.735,1.57314,200,1,"-4:2;-3:1;-2:15;-1:40;1:84;2:33;3:22;4:3",0.02
9112,3,9,49,"Hit(CCW,4,STRONG)",3,0.16,1.73043,200,1,"-4:3;-3:9;-2:21;-1:56;1:72;2:25;3:10;4:3;5:1",-0.81
9112,3,9,50,"Freeze(CW,4)",4,-0.115,1.73256,200,1,"-4:1;-3:11;-2:35;-1:59;0:2;1:59;2:19;3:10;4:4",-0.685
9112,3,9,51,"Freeze(CCW,4)",4,0.24,1.73274,200,1,"-4:3;-3:12;-2:19;-1:46;1:75;2:32;3:11;4:2",-1.01
9112,3,9,52,"Hit(CW,6,TOUCH)",3,0.015,1.82065,200,1,"-4:3;-3:14;-2:29;-1:48;1:69;2:21;3:12;4:4",-2.86
9112,3,9,53,"Hit(CCW,6,TOUCH)",3,0.155,1.79749,200,1,"-4:3;-3:11;-2:23;-1:54;1:63;2:28;3:15;4:3",-2.85
9112,3,9,54,"Hit(CW,6,WEAK)",3,0.505,1.72915,200,1,"-4:2;-3:9;-2:12;-1:48;1:79;2:28;3:16;4:5;5:1",-1.27
9112,3,9,55,"Hit(CCW,6,WEAK)",3,0.67,1.76099,200,1,"-4:1;-3:7;-2:15;-1:43;0:2;1:69;2:36;3:18;4:8;5:1",-1.205
9112,3,9,56,"Hit(CW,6,MIDDLE)",3,0.915,1.63639,200,1,"-4:1;-2:12;-1:44;0:2;1:73;2:32;3:26;4:10",-0.515
9112,3,9,57,"Hit(CCW,6,MIDDLE)",3,0.72,1.26159,200,1,"-2:13;-1:35;0:1;1:106;2:38;3:5;4:2",-1.155
9112,3,9,58,"Hit(CW,6,STRONG)",3,1.055,1.54336,200,1,"-3:1;-2:8;-1:42;1:69;2:43;3:31;4:6",-0.51
9112,3,9,59,"Hit(CCW,6,STRONG)",3,0.625,1.35069,200,1,"-4:1;-3:2;-2:12;-1:38;0:4;1:98;2:36;3:9",-1.16
9112,3,9,60,"Freeze(CW,6)",4,0.08,1.7186,200,1,"-4:1;-3:13;-2:29;-1:45;1:77;2:23;3:9;4:3",-2.12
9112,3,9,61,"Freeze(CCW,6)",4,-0.045,1.88228,200,1,"-4:6;-3:15;-2:26;-1:49;0:1;1:65;2:22;3:12;4:4",-2.19
9112,3,9,62,"PostGuard(CW,3,0)",7,-0.135,1.88329,200,1,"-4:6;-3:14;-2:27;-1:59;1:57;2:22;3:10;4:4;5:1",-2.005
9112,3,9,63,"PostGuard(CCW,3,0)",7,-0.09,1.82535,200,1,"-4:5;-3:12;-2:29;-1:55;1:68;2:15;3:12;4:3;5:1",-2
9112,3,9,64,"PostGuard(CW,3,1)",7,-0.185,1.84953,200,1,"-5:1;-4:10;-3:11;-2:22;-1:59;1:60;2:28;3:8;4:1",-2
9112,3,9,65,"PostGuard(CCW,3,1)",7,0.06,1.89378,200,1,"-4:3;-3:15;-2:29;-1:46;1:66;2:23;3:13;4:3;5:2",-2
9112,3,9,66,"PostGuard(CW,3,2)",7,-0.165,1.93074,200,1,"-5:1;-4:5;-3:17;-2:32;-1:49;1:53;2:29;3:11;4:3",-2
9112,3,9,67,"PostGuard(CCW,3,2)",7,0.135,1.76544,200,1,"-5:1;-4:2;-3:8;-2:22;-1:62;0:1;1:58;2:29;3:14;4:3",-2
9112,3,9,68,"PostGuard(CW,9,0)",7,-0.42,1.90882,200,1,"-5:3;-4:5;-3:18;-2:35;-1:55;1:51;2:22;3:9;4:2",-2
9112,3,9,69,"PostGuard(CCW,9,0)",7,-0.925,1.96961,200,1,"-6:1;-5:5;-4:9;-3:28;-2:44;-1:44;0:1;1:44;2:18;3:6",-2
9112,3,9,70,"PostGuard(CW,9,1)",7,-0.815,2.0275,200,1,"-6:2;-5:1;-4:9;-3:30;-2:42;-1:47;1:41;2:17;3:8;4:3",-2
9112,3,9,71,"PostGuard(CCW,9,1)",7,-0.66,2.11291,200,1,"-6:1;-5:5;-4:13;-3:26;-2:28;-1:39;1:63;2:17;3:6;4:1;5:1",-2
9112,3,9,72,"PostGuard(CW,9,2)",7,-0.7,1.95448,200,1,"-5:4;-4:13;-3:19;-2:41;-1:40;1:61;2:16;3:6",-2
9112,3,9,73,"PostGuard(CCW,9,2)",7,-0.905,1.89367,200,1,"-5:4;-4:18;-3:16;-2:40;-1:51;1:56;2:12;3:2;4:1",-2
9112,3,9,74,"Pass",0,-0.01,1.76632,200,1,"-4:3;-3:15;-2:31;-1:39;0:1;1:81;2:16;3:13;4:1",-2
4157,3,12,0,"Draw(CW,TEE)",1,-2.17,1.67663,200,1,"-6:2;-5:11;-4:28;-3:53;-2:41;-1:40;1:24;2:1",-3.14
4157,3,12,1,"Draw(CCW,TEE)",1,-1.915,1.42751,200,1,"-5:4;-4:21;-3:36;-2:75;-1:45;1:15;2:3;3:1",-2.165
4157,3,12,2,"Draw(CW,S0)",1,-2.575,1.76192,200,1,"-7:1;-6:7;-5:13;-4:39;-3:52;-2:44;-1:24;1:17;2:3",-2.95
4157,3,12,3,"Draw(CCW,S0)",1,-1.76,1.2698,200,1,"-5:2;-4:15;-3:29;-2:77;-1:60;1:15;2:2",-2.18
4157,3,12,4,"Draw(CW,S2)",1,-1.96,1.50612,200,1,"-6:2;-5:4;-4:18;-3:47;-2:69;-1:35;1:24;2:1",-2
4157,3,12,5,"Draw(CCW,S2)",1,-2.19,1.58868,200,1,"-7:1;-5:7;-4:30;-3:46;-2:70;-1:25;1:16;2:4;3:1",-2
4157,3,12,6,"Draw(CW,S4)",1,-2.615,1.61455,200,1,"-6:3;-5:19;-4:34;-3:60;-2:42;-1:28;1:10;2:4",-2.98
4157,3,12,7,"Draw(CCW,S4)",1,-1.775,1.26269,200,1,"-5:2;-4:13;-3:27;-2:89;-1:55;1:8;2:5;3:1",-2.11
4157,3,12,8,"Draw(CW,S6)",1,-2.23,1.46188,200,1,"-6:1;-5:5;-4:33;-3:49;-2:59;-1:36;1:16;2:1",-2
4157,3,12,9,"Draw(CCW,S6)",1,-2.22,1.61914,200,1,"-6:3;-5:10;-4:28;-3:46;-2:56;-1:37;1:17;2:3",-2
4157,3,12,10,"Draw(CW,L0)",1,-2.865,1.57378,200,1,"-7:2;-6:5;-5:21;-4:34;-3:65;-2:42;-1:21;1:8;2:2",-2.345
4157,3,12,11,"Draw(CCW,L0)",1,-1.89,1.33712,200,1,"-6:1;-5:4;-4:14;-3:36;-2:74;-1:58;1:10;2:2;4:1",-2.09
4157,3,12,12,"Draw(CW,L1)",1,-2.02,1.37099,200,1,"-6:1;-5:3;-4:22;-3:42;-2:71;-1:45;1:14;2:2",-1.98
4157,3,12,13,"Draw(CCW,L1)",1,-2.165,1.63639,200,1,"-7:1;-6:1;-5:8;-4:27;-3:51;-2:58;-1:30;1:22;2:1;3:1",-2
4157,3,12,14,"Draw(CW,L2)",1,-2.275,1.43853,200,1,"-6:3;-5:5;-4:31;-3:47;-2:61;-1:39;1:14",-2
4157,3,12,15,"Draw(CCW,L2)",1,-1.91,1.7035,200,1,"-6:2;-5:9;-4:20;-3:43;-2:53;-1:44;1:26;2:2;4:1",-2
4157,3,12,16,"Draw(CW,L3)",1,-2.355,1.34498,200,1,"-6:1;-5:9;-4:30;-3:48;-2:62;-1:41;1:9",-2
4157,3,12,17,"Draw(CCW,L3)",1,-2.055,1.49398,200,1,"-5:8;-4:22;-3:48;-2:59;-1:43;1:19;3:1",-2
4157,3,12,18,"Draw(CW,L4)",1,-2.105,1.67152,200,1,"-5:9;-4:30;-3:48;-2:58;-1:29;1:19;2:7",-2
4157,3,12,19,"Draw(CCW,L4)",1,-2.105,1.52118,200,1,"-6:1;-5:4;-4:31;-3:43;-2:66;-1:34;1:19;2:1;3:1",-2
4157,3,12,20,"Draw(CW,L5)",1,-2.03,1.57769,200,1,"-7:1;-6:2;-5:5;-4:20;-3:49;-2:62;-1:37;1:22;2:2",-2
4157,3,12,21,"Draw(CCW,L5)",1,-2.035,1.58549,200,1,"-6:1;-5:8;-4:21;-3:53;-2:53;-1:39;1:23;2:2",-2
4157,3,12,22,"Draw(CW,L6)",1,-1.835,1.55492,200,1,"-6:1;-5:4;-4:16;-3:50;-2:58;-1:43;1:24;2:4",-2
4157,3,12,23,"Draw(CCW,L6)",1,-2.15,1.44482,200,1,"-6:1;-5:6;-4:25;-3:51;-2:59;-1:41;1:16;2:1",-2
4157,3,12,24,"Draw(CW,L7)",1,-2.05,1.54515,200,1,"-5:4;-4:27;-3:57;-2:46;-1:45;1:19;3:1;4:1",-2
4157,3,12,25,"Draw(CCW,L7)",1,-2.11,1.55817,200,1,"-7:1;-5:9;-4:25;-3:45;-2:58;-1:41;1:20;2:1",-2.005
4157,3,12,26,"PreGuard(CW,G3)",2,-2.055,1.63462,200,1,"-7:1;-6:2;-5:2;-4:30;-3:48;-2:56;-1:35;1:24;2:1;3:1",-2
4157,3,12,27,"PreGuard(CCW,G3)",2,-2.175,1.49143,200,1,"-6:3;-5:5;-4:26;-3:51;-2:55;-1:43;1:16;2:1",-2
4157,3,12,28,"PreGuard(CW,G4)",2,-2.65,1.22372,200,1,"-5:8;-4:45;-3:53;-2:71;-1:16;1:7",-2
4157,3,12,29,"PreGuard(CCW,G4)",2,-2.735,1.35454,200,1,"-6:1;-5:10;-4:48;-3:61;-2:57;-1:14;1:6;2:3",-2
4157,3,12,30,"PreGuard(CW,G5)",2,-2.145,1.51459,200,1,"-6:1;-5:11;-4:22;-3:43;-2:64;-1:43;1:13;2:2;3:1",-2
4157,3,12,31,"PreGuard(CCW,G5)",2,-2.055,1.58807,200,1,"-6:1;-5:8;-4:23;-3:49;-2:56;-1:41;1:18;2:3;3:1",-2
4157,3,12,32,"Hit(CW,3,TOUCH)",3,-1.72,1.60674,200,1,"-7:1;-5:6;-4:13;-3:40;-2:63;-1:45;1:28;2:4",-2
4157,3,12,33,"Hit(CCW,3,TOUCH)",3,-1.855,1.3168,200,1,"-5:2;-4:14;-3:44;-2:72;-1:50;1:15;2:3",-1.995
4157,3,12,34,"Hit(CW,3,WEAK)",3,-0.97,1.76326,200,1,"-4:11;-3:25;-2:48;-1:60;1:40;2:10;3:4;4:1;5:1",-1.67
4157,3,12,35,"Hit(CCW,3,WEAK)",3,-1.08,1.49117,200,1,"-5:3;-4:1;-3:21;-2:58;-1:75;1:29;2:11;3:2",-1.165
4157,3,12,36,"Hit(CW,3,MIDDLE)",3,-1,1.66733,200,1,"-7:1;-5:2;-4:9;-3:14;-2:48;-1:78;1:30;2:15;3:3",-0.08
4157,3,12,37,"Hit(CCW,3,MIDDLE)",3,-1.94,1.59261,200,1,"-6:1;-5:7;-4:20;-3:43;-2:62;-1:44;1:18;2:4;4:1",-1.95
4157,3,12,38,"Hit(CW,3,STRONG)",3,-0.9,1.66433,200,1,"-5:3;-4:11;-3:13;-2:36;-1:83;1:40;2:9;3:5",-0.225
4157,3,12,39,"Hit(CCW,3,STRONG)",3,-1.87,1.31647,200,1,"-5:2;-4:8;-3:57;-2:64;-1:55;1:9;2:2;3:3",-2.04
4157,3,12,40,"Freeze(CW,3)",4,-1.915,1.49257,200,1,"-5:7;-4:13;-3:50;-2:69;-1:36;1:22;2:3",-2
4157,3,12,41,"Freeze(CCW,3)",4,-1.865,1.30644,200,1,"-6:1;-5:4;-4:6;-3:47;-2:77;-1:48;1:14;2:3",-2
4157,3,12,42,"Hit(CW,5,TOUCH)",3,-2.595,1.44947,200,1,"-6:3;-5:11;-4:37;-3:59;-2:57;-1:20;1:13",-2
4157,3,12,43,"Hit(CCW,5,TOUCH)",3,-1.88,1.68985,200,1,"-6:2;-5:7;-4:21;-3:44;-2:53;-1:42;1:28;2:2;3:1",-2.035
4157,3,12,44,"Hit(CW,5,WEAK)",3,-2.775,1.54414,200,1,"-7:1;-6:4;-5:19;-4:43;-3:45;-2:55;-1:23;1:9;2:1",-2.785
4157,3,12,45,"Hit(CCW,5,WEAK)",3,-1.975,1.92468,200,1,"-7:1;-6:4;-5:12;-4:30;-3:30;-2:42;-1:50;1:23;2:7;3:1",-2.775
4157,3,12,46,"Hit(CW,5,MIDDLE)",3,-1.76,1.82822,200,1,"-6:2;-5:8;-4:23;-3:38;-2:52;-1:36;1:38;2:2;4:1",-2.245
4157,3,12,47,"Hit(CCW,5,MIDDLE)",3,-2.905,1.89894,200,1,"-7:3;-6:11;-5:25;-4:42;-3:41;-2:38;-1:22;1:17;3:1",-2.765
4157,3,12,48,"Hit(CW,5,STRONG)",3,-1.83,1.85771,200,1,"-7:1;-6:2;-5:12;-4:20;-3:36;-2:46;-1:49;1:28;2:4;3:2",-2.31
4157,3,12,49,"Hit(CCW,5,STRONG)",3,-2.87,1.81469,200,1,"-7:2;-6:10;-5:24;-4:37;-3:49;-2:42;-1:20;1:14;2:1;3:1",-2.65
4157,3,12,50,"Freeze(CW,5)",4,-2.33,1.52352,200,1,"-6:4;-5:9;-4:28;-3:47;-2:65;-1:31;1:15;2:1",-2
4157,3,12,51,"Freeze(CCW,5)",4,-2.11,1.69349,200,1,"-6:4;-5:6;-4:29;-3:42;-2:61;-1:35;1:16;2:6;3:1",-2.04
4157,3,12,52,"Hit(CW,7,TOUCH)",3,-2.145,1.5537,200,1,"-6:1;-5:8;-4:24;-3:56;-2:53;-1:37;1:18;2:3",-2.01
4157,3,12,53,"Hit(CCW,7,TOUCH)",3,-2.2,1.52315,200,1,"-6:3;-5:7;-4:24;-3:51;-2:59;-1:40;1:13;2:2;3:1",-2.12
4157,3,12,54,"Hit(CW,7,WEAK)",3,-3.23,1.48226,200,1,"-7:1;-6:10;-5:27;-4:52;-3:49;-2:36;-1:21;1:4",-3.84
4157,3,12,55,"Hit(CCW,7,WEAK)",3,-3.165,1.63333,200,1,"-7:1;-6:10;-5:30;-4:47;-3:50;-2:37;-1:15;1:9;2:1",-3.42
4157,3,12,56,"Hit(CW,7,MIDDLE)",3,-2.745,1.72626,200,1,"-7:1;-6:8;-5:18;-4:41;-3:51;-2:39;-1:26;1:15;2:1",-2.605
4157,3,12,57,"Hit(CCW,7,MIDDLE)",3,-2.595,1.85229,200,1,"-7:1;-6:4;-5:22;-4:41;-3:53;-2:26;-1:28;1:25",-2.74
4157,3,12,58,"Hit(CW,7,STRONG)",3,-2.705,1.76011,200,1,"-6:9;-5:20;-4:42;-3:40;-2:43;-1:31;1:12;2:3",-2.535
4157,3,12,59,"Hit(CCW,7,STRONG)",3,-2.6,1.9975,200,1,"-6:6;-5:30;-4:40;-3:39;-2:33;-1:23;1:26;2:3",-2.75
4157,3,12,60,"Freeze(CW,7)",4,-2.24,1.53701,200,1,"-6:1;-5:8;-4:29;-3:58;-2:50;-1:33;1:21",-2
4157,3,12,61,"Freeze(CCW,7)",4,-2.305,1.49063,200,1,"-7:1;-5:8;-4:29;-3:55;-2:59;-1:33;1:14;4:1",-2
4157,3,12,62,"Hit(CW,9,TOUCH)",3,-1.635,1.9188,200,1,"-6:4;-5:9;-4:21;-3:28;-2:49;-1:45;1:36;2:7;3:1",-2.35
4157,3,12,63,"Hit(CCW,9,TOUCH)",3,-1.88,1.27106,200,1,"-6:3;-5:2;-4:10;-3:34;-2:82;-1:57;1:9;2:3",-2.15
4157,3,12,64,"Hit(CW,9,WEAK)",3,-2.78,1.8659,200,1,"-7:1;-6:5;-5:39;-4:29;-3:38;-2:46;-1:23;1:17;2:2",-3.305
4157,3,12,65,"Hit(CCW,9,WEAK)",3,-1.95,1.69632,200,1,"-6:3;-5:15;-4:15;-3:33;-2:55;-1:56;1:19;2:3;3:1",-1.845
4157,3,12,66,"Hit(CW,9,MIDDLE)",3,-1.64,1.76929,200,1,"-5:9;-4:21;-3:37;-2:35;-1:63;1:26;2:8;3:1",-1.295
4157,3,12,67,"Hit(CCW,9,MIDDLE)",3,-2.26,1.73563,200,1,"-6:2;-5:16;-4:31;-3:44;-2:48;-1:35;1:21;2:3",-2.755
4157,3,12,68,"Hit(CW,9,STRONG)",3,-1.955,1.74441,200,1,"-6:8;-5:7;-4:22;-3:28;-2:50;-1:64;1:14;2:7",-1.525
4157,3,12,69,"Hit(CCW,9,STRONG)",3,-2.26,1.74711,200,1,"-6:3;-5:13;-4:37;-3:38;-2:47;-1:40;1:17;2:5",-2.655
4157,3,12,70,"Freeze(CW,9)",4,-1.89,1.80773,200,1,"-6:3;-5:8;-4:25;-3:43;-2:43;-1:45;1:27;2:5;3:1",-2.215
4157,3,12,71,"Freeze(CCW,9)",4,-1.745,1.57797,200,1,"-5:5;-4:15;-3:42;-2:62;-1:50;1:20;2:3;3:2;4:1",-2.12
4157,3,12,72,"Hit(CW,11,TOUCH)",3,-1.68,1.57086,200,1,"-6:1;-5:3;-4:18;-3:38;-2:56;-1:52;1:29;2:3",-2.355
4157,3,12,73,"Hit(CCW,11,TOUCH)",3,-2.245,1.70733,200,1,"-6:4;-5:15;-4:25;-3:38;-2:67;-1:28;1:21;2:1;3:1",-2.075
4157,3,12,74,"Hit(CW,11,WEAK)",3,-2.24,2.09819,200,1,"-6:5;-5:26;-4:36;-3:27;-2:33;-1:38;1:32;2:2;5:1",-3.485
4157,3,12,75,"Hit(CCW,11,WEAK)",3,-2.695,1.71522,200,1,"-7:1;-6:7;-5:21;-4:37;-3:45;-2:42;-1:33;1:13;2:1",-3.17
4157,3,12,76,"Hit(CW,11,MIDDLE)",3,-2.005,1.84526,200,1,"-6:2;-5:14;-4:31;-3:36;-2:36;-1:51;1:24;2:6",-1.835
4157,3,12,77,"Hit(CCW,11,MIDDLE)",3,-2.02,1.74917,200,1,"-6:1;-5:10;-4:30;-3:46;-2:41;-1:42;1:26;2:4",-2.265
4157,3,12,78,"Hit(CW,11,STRONG)",3,-2.36,1.63107,200,1,"-6:5;-5:15;-4:26;-3:49;-2:42;-1:48;1:14;2:1",-1.835
4157,3,12,79,"Hit(CCW,11,STRONG)",3,-1.8,1.76918,200,1,"-6:1;-5:9;-4:22;-3:41;-2:53;-1:34;1:38;2:2",-2.19
4157,3,12,80,"Freeze(CW,11)",4,-2.045,1.57892,200,1,"-6:1;-5:8;-4:24;-3:43;-2:65;-1:35;1:21;2:3",-2.055
4157,3,12,81,"Freeze(CCW,11)",4,-2.24,1.53375,200,1,"-6:1;-5:8;-4:31;-3:47;-2:63;-1:33;1:13;2:3;3:1",-2.01
4157,3,12,82,"PostGuard(CW,2,0)",7,-2.175,1.46095,200,1,"-6:1;-5:6;-4:27;-3:50;-2:63;-1:34;1:19",-2
4157,3,12,83,"PostGuard(CCW,2,0)",7,-2.06,1.55448,200,1,"-5:14;-4:20;-3:38;-2:61;-1:48;1:16;2:3",-2
4157,3,12,84,"PostGuard(CW,2,1)",7,-2.44,1.32151,200,1,"-6:2;-5:8;-4:31;-3:47;-2:78;-1:25;1:8;2:1",-2
4157,3,12,85,"PostGuard(CCW,2,1)",7,-2.27,1.33308,200,1,"-5:10;-4:25;-3:41;-2:80;-1:33;1:10;2:1",-2
4157,3,12,86,"PostGuard(CW,2,2)",7,-2.305,1.43596,200,1,"-6:2;-5:8;-4:26;-3:52;-2:66;-1:33;1:10;2:3",-2
4157,3,12,87,"PostGuard(CCW,2,2)",7,-2.27,1.31038,200,1,"-5:7;-4:32;-3:41;-2:65;-1:47;1:7;2:1",-2
4157,3,12,88,"PostGuard(CW,6,0)",7,-2.25,1.63631,200,1,"-6:2;-5:12;-4:31;-3:44;-2:55;-1:35;1:20;3:1",-2
4157,3,12,89,"PostGuard(CCW,6,0)",7,-1.975,1.59197,200,1,"-6:1;-5:6;-4:21;-3:55;-2:50;-1:39;1:27;2:1",-2
4157,3,12,90,"PostGuard(CW,6,1)",7,-2.225,1.60449,200,1,"-6:2;-5:10;-4:26;-3:55;-2:54;-1:30;1:22;2:1",-2
4157,3,12,91,"PostGuard(CCW,6,1)",7,-2.425,1.5506,200,1,"-5:15;-4:34;-3:48;-2:63;-1:24;1:13;2:2;3:1",-2
4157,3,12,92,"PostGuard(CW,6,2)",7,-1.93,1.56368,200,1,"-6:1;-5:7;-4:22;-3:39;-2:62;-1:43;1:25;2:1",-2
4157,3,12,93,"PostGuard(CCW,6,2)",7,-2.31,1.74468,200,1,"-6:3;-5:10;-4:40;-3:48;-2:47;-1:25;1:25;2:2",-2
4157,3,12,94,"PostGuard(CW,8,0)",7,-2.005,1.72191,200,1,"-6:2;-5:9;-4:23;-3:46;-2:53;-1:43;1:16;2:5;3:3",-2.075
4157,3,12,95,"PostGuard(CCW,8,0)",7,-1.9,1.43527,200,1,"-6:1;-5:1;-4:17;-3:49;-2:71;-1:39;1:17;2:5",-2.085
4157,3,12,96,"PostGuard(CW,8,1)",7,-2.145,1.57923,200,1,"-6:2;-5:6;-4:28;-3:47;-2:67;-1:26;1:23;3:1",-2
4157,3,12,97,"PostGuard(CCW,8,1)",7,-2.12,1.51842,200,1,"-5:11;-4:20;-3:49;-2:66;-1:33;1:19;2:2",-2
4157,3,12,98,"PostGuard(CW,8,2)",7,-2.55,1.63631,200,1,"-7:1;-5:17;-4:45;-3:44;-2:50;-1:25;1:17;2:1",-2
4157,3,12,99,"PostGuard(CCW,8,2)",7,-2.695,1.32739,200,1,"-6:1;-5:13;-4:40;-3:62;-2:54;-1:22;1:8",-2
4157,3,12,100,"PostGuard(CW,10,0)",7,-2.185,1.40028,200,1,"-7:1;-6:1;-5:3;-4:23;-3:49;-2:82;-1:25;1:13;2:3",-2
4157,3,12,101,"PostGuard(CCW,10,0)",7,-2.425,1.42281,200,1,"-5:11;-4:33;-3:50;-2:71;-1:22;1:10;2:3",-2
4157,3,12,102,"PostGuard(CW,10,1)",7,-2.61,1.2798,200,1,"-7:2;-6:1;-5:7;-4:33;-3:57;-2:79;-1:14;1:6;2:1",-2
4157,3,12,103,"PostGuard(CCW,10,1)",7,-2.52,1.26079,200,1,"-6:2;-5:7;-4:35;-3:47;-2:82;-1:20;1:6;2:1",-2
4157,3,12,104,"PostGuard(CW,10,2)",7,-2.49,1.27668,200,1,"-6:1;-5:6;-4:33;-3:64;-2:59;-1:29;1:7;2:1",-2
4157,3,12,105,"PostGuard(CCW,10,2)",7,-2.67,1.22111,200,1,"-6:1;-5:11;-4:37;-3:56;-2:73;-1:17;1:4;2:1",-2
4157,3,12,106,"Pass",0,-2.02,1.68214,200,1,"-5:10;-4:24;-3:54;-2:47;-1:35;1:27;2:3",-2
7373,1,11,0,"Draw(CW,TEE)",1,0.78,1.50718,200,1,"-3:5;-2:13;-1:34;1:84;2:50;3:9;4:5",1
7373,1,11,1,"Draw(CCW,TEE)",1,0.735,1.69846,200,1,"-4:3;-3:6;-2:7;-1:44;1:73;2:51;3:7;4:6;5:3",1.65
7373,1,11,2,"Draw(CW,S0)",1,0.21,1.72218,200,1,"-4:3;-3:5;-2:23;-1:57;1:75;2:23;3:7;4:5;5:2",1
7373,1,11,3,"Draw(CCW,S0)",1,0.92,1.83401,200,1,"-3:5;-2:14;-1:45;1:53;2:47;3:24;4:8;5:3;6:1",1.73
7373,1,11,4,"Draw(CW,S2)",1,0.435,1.48519,200,1,"-4:3;-3:1;-2:16;-1:47;1:95;2:32;3:4;4:1;6:1",1
7373,1,11,5,"Draw(CCW,S2)",1,0.31,1.62293,200,1,"-6:1;-3:10;-2:18;-1:44;1:85;2:36;3:3;4:3",1
7373,1,11,6,"Draw(CW,S4)",1,0.42,1.9062,200,1,"-4:2;-3:9;-2:29;-1:37;0:1;1:63;2:37;3:15;4:4;5:2;6:1",0.99
7373,1,11,7,"Draw(CCW,S4)",1,0.81,1.54075,200,1,"-3:3;-2:13;-1:41;1:72;2:51;3:17;4:2;5:1",1.685
7373,1,11,8,"Draw(CW,S6)",1,0.355,1.52282,200,1,"-3:6;-2:22;-1:44;1:91;2:27;3:8;4:2",1
7373,1,11,9,"Draw(CCW,S6)",1,0.37,1.47753,200,1,"-3:4;-2:23;-1:43;1:97;2:23;3:8;4:2",1
7373,1,11,10,"Draw(CW,L0)",1,0.65,1.8378,200,1,"-3:6;-2:23;-1:42;1:64;2:38;3:16;4:7;5:4",1.005
7373,1,11,11,"Draw(CCW,L0)",1,1.205,1.63798,200,1,"-3:1;-2:11;-1:30;1:77;2:44;3:24;4:8;5:3;6:2",1.305
7373,1,11,12,"Draw(CW,L1)",1,0.55,1.63018,200,1,"-4:2;-3:7;-2:17;-1:31;1:102;2:31;3:5;4:1;5:3;6:1",0.98
7373,1,11,13,"Draw(CCW,L1)",1,0.555,1.37003,200,1,"-4:1;-2:18;-1:40;1:98;2:38;3:3;4:2",1
7373,1,11,14,"Draw(CW,L2)",1,0.235,1.54265,200,1,"-4:1;-3:7;-2:23;-1:48;1:81;2:36;3:3;4:1",1
7373,1,11,15,"Draw(CCW,L2)",1,0.59,1.41135,200,1,"-3:1;-2:17;-1:42;1:97;2:33;3:7;4:2;5:1",1
7373,1,11,16,"Draw(CW,L3)",1,0.515,1.55877,200,1,"-4:1;-3:5;-2:14;-1:46;1:89;2:36;3:4;4:2;5:3",1
7373,1,11,17,"Draw(CCW,L3)",1,0.33,1.57197,200,1,"-4:2;-3:5;-2:19;-1:47;1:92;2:29;3:3;4:2;7:1",1
7373,1,11,18,"Draw(CW,L4)",1,0.66,1.45753,200,1,"-3:3;-2:14;-1:42;1:85;2:45;3:9;4:1;5:1",1
7373,1,11,19,"Draw(CCW,L4)",1,0.78,1.42885,200,1,"-4:1;-3:4;-2:10;-1:33;1:93;2:48;3:8;4:3",1
7373,1,11,20,"Draw(CW,L5)",1,0.365,1.57219,200,1,"-5:1;-4:1;-3:4;-2:21;-1:44;1:91;2:29;3:5;4:4",1
7373,1,11,21,"Draw(CCW,L5)",1,0.445,1.54822,200,1,"-3:10;-2:13;-1:45;1:85;2:38;3:7;4:2",1
7373,1,11,22,"Draw(CW,L6)",1,0.42,1.56,200,1,"-4:2;-3:8;-2:15;-1:41;1:90;2:38;3:3;4:3",1
7373,1,11,23,"Draw(CCW,L6)",1,0.54,1.56793,200,1,"-4:1;-3:10;-2:13;-1:35;1:90;2:43;3:6;4:1;5:1",1
7373,1,11,24,"Draw(CW,L7)",1,0.38,1.551,200,1,"-3:10;-2:13;-1:50;1:81;2:40;3:4;4:1;5:1",1
7373,1,11,25,"Draw(CCW,L7)",1,0.485,1.59367,200,1,"-4:1;-3:8;-2:23;-1:28;1:90;2:44;3:5;6:1",1
7373,1,11,26,"PreGuard(CW,G3)",2,0.53,1.53919,200,1,"-4:4;-3:6;-2:14;-1:31;1:97;2:44;3:3;5:1",1
7373,1,11,27,"PreGuard(CCW,G3)",2,0.595,1.43212,200,1,"-3:3;-2:18;-1:35;1:101;2:36;3:4;4:1;5:2",1
7373,1,11,28,"PreGuard(CW,G4)",2,0.43,1.4509,200,1,"-3:7;-2:16;-1:42;1:94;2:38;3:2;5:1",1
7373,1,11,29,"PreGuard(CCW,G4)",2,0.365,1.42891,200,1,"-3:4;-2:27;-1:34;1:101;2:30;3:4",1
7373,1,11,30,"PreGuard(CW,G5)",2,0.485,1.41767,200,1,"-3:5;-2:17;-1:39;1:102;2:29;3:7;4:1",1
7373,1,11,31,"PreGuard(CCW,G5)",2,0.49,1.33413,200,1,"-3:6;-2:12;-1:39;1:113;2:24;3:6",1
7373,1,11,32,"Hit(CW,2,TOUCH)",3,0.48,1.65215,200,1,"-3:6;-2:15;-1:55;1:74;2:34;3:10;4:3;5:3",0.92
7373,1,11,33,"Hit(CCW,2,TOUCH)",3,1.07,1.44052,200,1,"-3:1;-2:10;-1:30;1:82;2:55;3:14;4:7;5:1",1.01
7373,1,11,34,"Hit(CW,2,WEAK)",3,0.87,1.78692,200,1,"-3:4;-2:9;-1:53;1:67;2:32;3:18;4:13;5:4",1.07
7373,1,11,35,"Hit(CCW,2,WEAK)",3,0.305,1.72104,200,1,"-4:2;-3:11;-2:18;-1:45;1:86;2:25;3:7;4:4;5:2",1.005
7373,1,11,36,"Hit(CW,2,MIDDLE)",3,0.655,1.66613,200,1,"-4:1;-3:1;-2:21;-1:45;1:70;2:37;3:20;4:4;5:1",1.015
7373,1,11,37,"Hit(CCW,2,MIDDLE)",3,1.14,1.70892,200,1,"-3:5;-2:9;-1:33;1:70;2:42;3:26;4:13;5:2",1.18
7373,1,11,38,"Hit(CW,2,STRONG)",3,0.61,1.71403,200,1,"-3:7;-2:15;-1:47;1:78;2:27;3:17;4:8;5:1",1.015
7373,1,11,39,"Hit(CCW,2,STRONG)",3,1.24,1.66205,200,1,"-3:1;-2:9;-1:37;1:60;2:53;3:23;4:14;5:3",1.15
7373,1,11,40,"Freeze(CW,2)",4,0.12,1.55422,200,1,"-4:2;-3:6;-2:19;-1:65;0:1;1:68;2:32;3:7",0.68
7373,1,11,41,"Freeze(CCW,2)",4,1.17,1.47685,200,1,"-3:4;-2:8;-1:27;1:66;2:64;3:29;4:2",1.015
7373,1,11,42,"Hit(CW,4,TOUCH)",3,0.915,1.47234,200,1,"-3:2;-2:6;-1:46;1:73;2:49;3:20;4:4",1.505
7373,1,11,43,"Hit(CCW,4,TOUCH)",3,0.765,1.60617,200,1,"-4:1;-3:6;-2:16;-1:29;1:85;2:42;3:17;4:4",1.27
7373,1,11,44,"Hit(CW,4,WEAK)",3,0.94,1.86451,200,1,"-5:1;-3:3;-2:14;-1:44;1:60;2:43;3:18;4:11;5:6",1.405
7373,1,11,45,"Hit(CCW,4,WEAK)",3,0.92,1.86107,200,1,"-4:1;-3:2;-2:20;-1:42;1:48;2:51;3:20;4:14;5:2",0.97
7373,1,11,46,"Hit(CW,4,MIDDLE)",3,1.14,1.75795,200,1,"-4:2;-3:2;-2:8;-1:37;1:66;2:48;3:21;4:11;5:4;6:1",1.035
7373,1,11,47,"Hit(CCW,4,MIDDLE)",3,0.895,1.75897,200,1,"-4:1;-3:4;-2:12;-1:41;1:70;2:44;3:16;4:7;5:4;6:1",0.805
7373,1,11,48,"Hit(CW,4,STRONG)",3,1.095,1.83466,200,1,"-4:1;-3:3;-2:18;-1:31;1:52;2:57;3:24;4:10;5:3;6:1",0.975
7373,1,11,49,"Hit(CCW,4,STRONG)",3,0.855,1.75897,200,1,"-4:1;-3:5;-2:13;-1:43;1:57;2:51;3:23;4:5;5:1;6:1",0.805
7373,1,11,50,"Freeze(CW,4)",4,0.85,1.54839,200,1,"-3:2;-2:8;-1:49;1:72;2:46;3:17;4:5;6:1",1.26
7373,1,11,51,"Freeze(CCW,4)",4,0.735,1.48821,200,1,"-5:1;-3:7;-2:7;-1:35;1:90;2:52;3:5;4:2;5:1",1.135
7373,1,11,52,"Hit(CW,6,TOUCH)",3,0.56,1.47865,200,1,"-3:3;-2:18;-1:41;1:93;2:36;3:3;4:6",1
7373,1,11,53,"Hit(CCW,6,TOUCH)",3,0.11,1.86491,200,1,"-6:1;-5:2;-4:3;-3:13;-2:23;-1:38;1:79;2:34;3:4;4:1;5:2",0.97
7373,1,11,54,"Hit(CW,6,WEAK)",3,1,1.82483,200,1,"-3:5;-2:13;-1:35;1:77;2:39;3:13;4:11;5:4;6:3",1.27
7373,1,11,55,"Hit(CCW,6,WEAK)",3,0.82,1.9151,200,1,"-3:3;-2:22;-1:46;1:56;2:35;3:19;4:15;5:4",1.275
7373,1,11,56,"Hit(CW,6,MIDDLE)",3,0.45,1.89934,200,1,"-5:1;-4:3;-3:8;-2:20;-1:43;1:73;2:28;3:12;4:11;5:1",0.075
7373,1,11,57,"Hit(CCW,6,MIDDLE)",3,1.415,1.82285,200,1,"-4:1;-3:2;-2:11;-1:28;1:52;2:58;3:28;4:11;5:7;6:2",1.15
7373,1,11,58,"Hit(CW,6,STRONG)",3,0.645,1.92067,200,1,"-4:2;-3:5;-2:20;-1:48;1:57;2:40;3:15;4:8;5:4;6:1",0.38
7373,1,11,59,"Hit(CCW,6,STRONG)",3,1.275,1.84645,200,1,"-3:1;-2:14;-1:36;1:55;2:44;3:30;4:13;5:5;6:2",1.15
7373,1,11,60,"Freeze(CW,6)",4,0.415,1.55974,200,1,"-3:5;-2:26;-1:38;1:86;2:37;3:4;4:4",1
7373,1,11,61,"Freeze(CCW,6)",4,0.625,1.35808,200,1,"-3:4;-2:16;-1:28;1:116;2:32;3:1;4:1;5:2",1
7373,1,11,62,"Hit(CW,8,TOUCH)",3,0.22,1.63756,200,1,"-3:9;-2:19;-1:62;1:64;2:33;3:11;4:2",0.92
7373,1,11,63,"Hit(CCW,8,TOUCH)",3,0.63,1.50768,200,1,"-4:1;-3:1;-2:19;-1:37;1:93;2:39;3:6;4:2;5:1;6:1",1
7373,1,11,64,"Hit(CW,8,WEAK)",3,0.61,1.62724,200,1,"-3:5;-2:14;-1:50;1:75;2:34;3:17;4:4;5:1",1.01
7373,1,11,65,"Hit(CCW,8,WEAK)",3,0.81,1.6715,200,1,"-5:1;-3:6;-2:10;-1:39;1:79;2:38;3:20;4:6;5:1",1.015
7373,1,11,66,"Hit(CW,8,MIDDLE)",3,0.885,1.82532,200,1,"-4:2;-3:3;-2:18;-1:36;1:67;2:38;3:25;4:7;5:4",1.03
7373,1,11,67,"Hit(CCW,8,MIDDLE)",3,0.87,1.56624,200,1,"-3:3;-2:10;-1:42;0:1;1:78;2:39;3:19;4:8",1.215
7373,1,11,68,"Hit(CW,8,STRONG)",3,0.78,1.63144,200,1,"-4:1;-2:17;-1:42;1:79;2:37;3:16;4:6;5:1;6:1",1.04
7373,1,11,69,"Hit(CCW,8,STRONG)",3,0.83,1.75246,200,1,"-3:2;-2:18;-1:46;1:62;2:35;3:28;4:7;5:2",1.135
7373,1,11,70,"Freeze(CW,8)",4,0.41,1.48051,200,1,"-3:6;-2:19;-1:41;1:102;2:22;3:7;4:3",1
7373,1,11,71,"Freeze(CCW,8)",4,0.57,1.53137,200,1,"-5:1;-4:1;-3:4;-2:14;-1:39;1:92;2:42;3:4;4:1;5:2",1
7373,1,11,72,"PostGuard(CW,3,0)",7,0.58,1.46751,200,1,"-3:8;-2:12;-1:35;1:104;2:32;3:6;4:2;5:1",1
7373,1,11,73,"PostGuard(CCW,3,0)",7,0.355,1.60903,200,1,"-3:7;-2:19;-1:52;1:81;2:27;3:10;4:3;5:1",1
7373,1,11,74,"PostGuard(CW,3,1)",7,0.285,1.40135,200,1,"-3:5;-2:18;-1:52;1:95;2:25;3:5",1
7373,1,11,75,"PostGuard(CCW,3,1)",7,0.48,1.41053,200,1,"-4:2;-3:3;-2:13;-1:45;1:95;2:37;3:5",1
7373,1,11,76,"PostGuard(CW,3,2)",7,0.535,1.39956,200,1,"-4:1;-3:4;-2:11;-1:45;1:95;2:38;3:5;4:1",1
7373,1,11,77,"PostGuard(CCW,3,2)",7,0.705,1.38491,200,1,"-4:1;-3:2;-2:12;-1:37;1:94;2:46;3:6;4:2",1
7373,1,11,78,"PostGuard(CW,5,0)",7,0.58,1.42253,200,1,"-3:3;-2:23;-1:28;1:101;2:39;3:4;4:2",1
7373,1,11,79,"PostGuard(CCW,5,0)",7,0.355,1.65498,200,1,"-4:2;-3:9;-2:15;-1:49;1:81;2:34;3:5;4:4;5:1",1
7373,1,11,80,"PostGuard(CW,5,1)",7,0.53,1.48966,200,1,"-5:1;-3:7;-2:15;-1:34;1:97;2:40;3:5;4:1",1
7373,1,11,81,"PostGuard(CCW,5,1)",7,0.26,1.47729,200,1,"-3:13;-2:11;-1:49;1:95;2:30;3:1;4:1",1
7373,1,11,82,"PostGuard(CW,5,2)",7,0.255,1.51986,200,1,"-4:1;-3:8;-2:24;-1:39;1:95;2:28;3:5",1
7373,1,11,83,"PostGuard(CCW,5,2)",7,0.295,1.45876,200,1,"-4:1;-3:3;-2:23;-1:46;1:96;2:28;3:2;6:1",1
7373,1,11,84,"PostGuard(CW,7,0)",7,0.49,1.61242,200,1,"-3:5;-2:21;-1:43;1:86;2:31;3:8;4:4;5:2",1
7373,1,11,85,"PostGuard(CCW,7,0)",7,0.67,1.38243,200,1,"-3:2;-2:13;-1:41;1:92;2:44;3:5;4:3",1
7373,1,11,86,"PostGuard(CW,7,1)",7,0.45,1.47902,200,1,"-4:1;-3:7;-2:9;-1:50;1:95;2:29;3:6;4:3",1
7373,1,11,87,"PostGuard(CCW,7,1)",7,0.51,1.4491,200,1,"-3:5;-2:10;-1:52;1:89;2:36;3:5;4:2;5:1",1
7373,1,11,88,"PostGuard(CW,7,2)",7,0.655,1.34387,200,1,"-4:1;-3:3;-2:6;-1:46;1:94;2:42;3:8",1
7373,1,11,89,"PostGuard(CCW,7,2)",7,0.805,1.31033,200,1,"-3:4;-2:4;-1:39;1:98;2:45;3:8;4:2",1
7373,1,11,90,"PostGuard(CW,9,0)",7,0.635,1.5817,200,1,"-3:4;-2:15;-1:43;1:88;2:36;3:9;4:2;5:1;6:2",1
7373,1,11,91,"PostGuard(CCW,9,0)",7,0.805,1.47884,200,1,"-3:3;-2:13;-1:34;1:93;2:40;3:13;4:3;6:1",1
7373,1,11,92,"PostGuard(CW,9,1)",7,0.595,1.46321,200,1,"-4:1;-3:1;-2:8;-1:57;1:82;2:45;4:3;5:3",1
7373,1,11,93,"PostGuard(CCW,9,1)",7,0.525,1.5746,200,1,"-4:2;-3:3;-2:17;-1:43;1:87;2:39;3:5;4:2;5:1;6:1",1
7373,1,11,94,"PostGuard(CW,9,2)",7,0.545,1.42055,200,1,"-3:3;-2:13;-1:49;1:88;2:38;3:7;4:2",1
7373,1,11,95,"PostGuard(CCW,9,2)",7,0.385,1.48888,200,1,"-4:1;-3:5;-2:15;-1:49;1:97;2:27;3:1;4:4;5:1",1
7373,1,11,96,"PostGuard(CW,11,0)",7,0.49,1.49663,200,1,"-5:1;-3:4;-2:20;-1:36;1:97;2:34;3:6;4:2",1
7373,1,11,97,"PostGuard(CCW,11,0)",7,0.555,1.46526,200,1,"-3:3;-2:22;-1:33;1:100;2:33;3:6;4:2;5:1",1
7373,1,11,98,"PostGuard(CW,11,1)",7,0.615,1.39527,200,1,"-3:4;-2:20;-1:26;1:105;2:42;3:1;4:1;5:1",1
7373,1,11,99,"PostGuard(CCW,11,1)",7,0.35,1.49917,200,1,"-4:1;-3:7;-2:21;-1:37;1:103;2:23;3:7;4:1",1
7373,1,11,100,"PostGuard(CW,11,2)",7,0.42,1.45382,200,1,"-4:1;-3:5;-2:21;-1:36;1:97;2:36;3:4",1
7373,1,11,101,"PostGuard(CCW,11,2)",7,0.445,1.45154,200,1,"-4:1;-3:9;-2:19;-1:25;1:112;2:31;3:3",1
7373,1,11,102,"Pass",0,0.61,1.51588,200,1,"-4:1;-3:3;-2:17;-1:40;1:83;2:45;3:8;4:3",1
7173,4,15,0,"Draw(CW,TEE)",1,1.81,0.392301,200,1,"1:38;2:162",1.81
7173,4,15,1,"Draw(CCW,TEE)",1,1.16,0.366606,200,1,"1:168;2:32",1.16
7173,4,15,2,"Draw(CW,S0)",1,1.88,0.324962,200,1,"1:24;2:176",1.88
7173,4,15,3,"Draw(CCW,S0)",1,1.4,0.489898,200,1,"1:120;2:80",1.4
7173,4,15,4,"Draw(CW,S2)",1,2,0,200,1,"2:200",2
7173,4,15,5,"Draw(CCW,S2)",1,2,0,200,1,"2:200",2
7173,4,15,6,"Draw(CW,S4)",1,1.85,0.357071,200,1,"1:30;2:170",1.85
7173,4,15,7,"Draw(CCW,S4)",1,1.245,0.430087,200,1,"1:151;2:49",1.245
7173,4,15,8,"Draw(CW,S6)",1,2,0,200,1,"2:200",2
7173,4,15,9,"Draw(CCW,S6)",1,2,0,200,1,"2:200",2
7173,4,15,10,"Draw(CW,L0)",1,2,0,200,1,"2:200",2
7173,4,15,11,"Draw(CCW,L0)",1,1.78,0.414246,200,1,"1:44;2:156",1.78
7173,4,15,12,"Draw(CW,L1)",1,2,0,200,1,"2:200",2
7173,4,15,13,"Draw(CCW,L1)",1,2,0,200,1,"2:200",2
7173,4,15,14,"Draw(CW,L2)",1,2,0,200,1,"2:200",2
7173,4,15,15,"Draw(CCW,L2)",1,2,0,200,1,"2:200",2
7173,4,15,16,"Draw(CW,L3)",1,2,0,200,1,"2:200",2
7173,4,15,17,"Draw(CCW,L3)",1,2,0,200,1,"2:200",2
7173,4,15,18,"Draw(CW,L4)",1,2,0,200,1,"2:200",2
7173,4,15,19,"Draw(CCW,L4)",1,2,0,200,1,"2:200",2
7173,4,15,20,"Draw(CW,L5)",1,2,0,200,1,"2:200",2
7173,4,15,21,"Draw(CCW,L5)",1,2,0,200,1,"2:200",2
7173,4,15,22,"Draw(CW,L6)",1,2,0,200,1,"2:200",2
7173,4,15,23,"Draw(CCW,L6)",1,2,0,200,1,"2:200",2
7173,4,15,24,"Draw(CW,L7)",1,2,0,200,1,"2:200",2
7173,4,15,25,"Draw(CCW,L7)",1,1.995,0.0705337,200,1,"1:1;2:199",1.995
7173,4,15,26,"PreGuard(CW,G3)",2,2,0,200,1,"2:200",2
7173,4,15,27,"PreGuard(CCW,G3)",2,2,0,200,1,"2:200",2
7173,4,15,28,"PreGuard(CW,G4)",2,2,0,200,1,"2:200",2
7173,4,15,29,"PreGuard(CCW,G4)",2,2,0,200,1,"2:200",2
7173,4,15,30,"PreGuard(CW,G5)",2,2,0,200,1,"2:200",2
7173,4,15,31,"PreGuard(CCW,G5)",2,2,0,200,1,"2:200",2
7173,4,15,32,"Hit(CW,0,TOUCH)",3,2,0,200,1,"2:200",2
7173,4,15,33,"Hit(CCW,0,TOUCH)",3,1.065,0.246526,200,1,"1:187;2:13",1.065
7173,4,15,34,"Hit(CW,0,WEAK)",3,1.71,0.453762,200,1,"1:58;2:142",1.71
7173,4,15,35,"Hit(CCW,0,WEAK)",3,1.1,0.3,200,1,"1:180;2:20",1.1
7173,4,15,36,"Hit(CW,0,MIDDLE)",3,0.72,0.756042,200,1,"-1:31;1:163;2:6",0.72
7173,4,15,37,"Hit(CCW,0,MIDDLE)",3,1.455,0.497971,200,1,"1:109;2:91",1.455
7173,4,15,38,"Hit(CW,0,STRONG)",3,0.595,0.813004,200,1,"-1:41;1:158;2:1",0.595
7173,4,15,39,"Hit(CCW,0,STRONG)",3,1.45,0.497494,200,1,"1:110;2:90",1.45
7173,4,15,40,"Freeze(CW,0)",4,2,0,200,1,"2:200",2
7173,4,15,41,"Freeze(CCW,0)",4,1.145,0.352101,200,1,"1:171;2:29",1.145
7173,4,15,42,"Hit(CW,2,TOUCH)",3,1.98,0.14,200,1,"1:4;2:196",1.98
7173,4,15,43,"Hit(CCW,2,TOUCH)",3,2,0,200,1,"2:200",2
7173,4,15,44,"Hit(CW,2,WEAK)",3,1.135,0.962692,200,1,"-1:27;1:92;2:81",1.135
7173,4,15,45,"Hit(CCW,2,WEAK)",3,1.445,0.496966,200,1,"1:111;2:89",1.445
7173,4,15,46,"Hit(CW,2,MIDDLE)",3,0.205,1.33528,200,1,"-2:36;-1:35;1:110;2:19",0.205
7173,4,15,47,"Hit(CCW,2,MIDDLE)",3,-0.635,0.819619,200,1,"-2:1;-1:164;1:31;2:4",-0.635
7173,4,15,48,"Hit(CW,2,STRONG)",3,0.1,1.38564,200,1,"-2:38;-1:45;1:93;2:24",0.1
7173,4,15,49,"Hit(CCW,2,STRONG)",3,-0.67,0.742361,200,1,"-1:167;1:33",-0.67
7173,4,15,50,"Freeze(CW,2)",4,2,0,200,1,"2:200",2
7173,4,15,51,"Freeze(CCW,2)",4,2,0,200,1,"2:200",2
7173,4,15,52,"Hit(CW,4,TOUCH)",3,2,0,200,1,"2:200",2
7173,4,15,53,"Hit(CCW,4,TOUCH)",3,2,0,200,1,"2:200",2
7173,4,15,54,"Hit(CW,4,WEAK)",3,1.3,0.458258,200,1,"1:140;2:60",1.3
7173,4,15,55,"Hit(CCW,4,WEAK)",3,1.485,0.499775,200,1,"1:103;2:97",1.485
7173,4,15,56,"Hit(CW,4,MIDDLE)",3,1.13,0.378286,200,1,"1:177;2:20;3:3",1.13
7173,4,15,57,"Hit(CCW,4,MIDDLE)",3,1.34,0.586856,200,1,"1:144;2:44;3:12",1.34
7173,4,15,58,"Hit(CW,4,STRONG)",3,1.14,0.458694,200,1,"-1:1;1:175;2:18;3:6",1.14
7173,4,15,59,"Hit(CCW,4,STRONG)",3,1.405,0.600812,200,1,"1:131;2:57;3:12",1.405
7173,4,15,60,"Freeze(CW,4)",4,2,0,200,1,"2:200",2
7173,4,15,61,"Freeze(CCW,4)",4,2,0,200,1,"2:200",2
7173,4,15,62,"Hit(CW,6,TOUCH)",3,2,0,200,1,"2:200",2
7173,4,15,63,"Hit(CCW,6,TOUCH)",3,2,0,200,1,"2:200",2
7173,4,15,64,"Hit(CW,6,WEAK)",3,1.57,0.495076,200,1,"1:86;2:114",1.57
7173,4,15,65,"Hit(CCW,6,WEAK)",3,1.375,0.542563,200,1,"-1:2;1:119;2:79",1.375
7173,4,15,66,"Hit(CW,6,MIDDLE)",3,0.22,1.14525,200,1,"-2:5;-1:80;1:96;2:19",0.22
7173,4,15,67,"Hit(CCW,6,MIDDLE)",3,-0.27,1.05693,200,1,"-3:1;-2:9;-1:112;1:77;2:1",-0.27
7173,4,15,68,"Hit(CW,6,STRONG)",3,0.005,1.07934,200,1,"-2:3;-1:99;1:90;2:8",0.005
7173,4,15,69,"Hit(CCW,6,STRONG)",3,-0.32,1.02352,200,1,"-2:9;-1:119;1:71;2:1",-0.32
7173,4,15,70,"Freeze(CW,6)",4,2,0,200,1,"2:200",2
7173,4,15,71,"Freeze(CCW,6)",4,2,0,200,1,"2:200",2
7173,4,15,72,"Hit(CW,8,TOUCH)",3,1.075,0.263391,200,1,"1:185;2:15",1.075
7173,4,15,73,"Hit(CCW,8,TOUCH)",3,1.435,0.495757,200,1,"1:113;2:87",1.435
7173,4,15,74,"Hit(CW,8,WEAK)",3,0.98,0.198997,200,1,"-1:2;1:198",0.98
7173,4,15,75,"Hit(CCW,8,WEAK)",3,0.94,0.341174,200,1,"-1:6;1:194",0.94
7173,4,15,76,"Hit(CW,8,MIDDLE)",3,0.55,0.887412,200,1,"-1:48;1:146;2:6",0.55
7173,4,15,77,"Hit(CCW,8,MIDDLE)",3,0.805,0.605785,200,1,"-1:20;1:179;2:1",0.805
7173,4,15,78,"Hit(CW,8,STRONG)",3,0.595,0.883728,200,1,"-1:45;1:146;2:9",0.595
7173,4,15,79,"Hit(CCW,8,STRONG)",3,0.73,0.683447,200,1,"-1:27;1:173",0.73
7173,4,15,80,"Freeze(CW,8)",4,1.5,0.5,200,1,"1:100;2:100",1.5
7173,4,15,81,"Freeze(CCW,8)",4,1.775,0.417582,200,1,"1:45;2:155",1.775
7173,4,15,82,"Hit(CW,10,TOUCH)",3,2,0,200,1,"2:200",2
7173,4,15,83,"Hit(CCW,10,TOUCH)",3,2,0,200,1,"2:200",2
7173,4,15,84,"Hit(CW,10,WEAK)",3,1.97,0.170587,200,1,"1:6;2:194",1.97
7173,4,15,85,"Hit(CCW,10,WEAK)",3,1.98,0.14,200,1,"1:4;2:196",1.98
7173,4,15,86,"Hit(CW,10,MIDDLE)",3,1.47,0.528299,200,1,"-1:1;1:103;2:96",1.47
7173,4,15,87,"Hit(CCW,10,MIDDLE)",3,1.04,0.241661,200,1,"1:194;2:4;3:2",1.04
7173,4,15,88,"Hit(CW,10,STRONG)",3,1.415,0.576867,200,1,"-1:3;1:108;2:89",1.415
7173,4,15,89,"Hit(CCW,10,STRONG)",3,1.03,0.197737,200,1,"1:195;2:4;3:1",1.03
7173,4,15,90,"Freeze(CW,10)",4,2,0,200,1,"2:200",2
7173,4,15,91,"Freeze(CCW,10)",4,2,0,200,1,"2:200",2
7173,4,15,92,"Hit(CW,12,TOUCH)",3,1.255,0.435861,200,1,"1:149;2:51",1.255
7173,4,15,93,"Hit(CCW,12,TOUCH)",3,1.39,0.48775,200,1,"1:122;2:78",1.39
7173,4,15,94,"Hit(CW,12,WEAK)",3,0.99,0.141067,200,1,"-1:1;1:199",0.99
7173,4,15,95,"Hit(CCW,12,WEAK)",3,0.985,0.211601,200,1,"-1:2;1:197;2:1",0.985
7173,4,15,96,"Hit(CW,12,MIDDLE)",3,0.74,0.715821,200,1,"-1:28;1:168;2:4",0.74
7173,4,15,97,"Hit(CCW,12,MIDDLE)",3,0.755,0.667064,200,1,"-1:25;1:174;2:1",0.755
7173,4,15,98,"Hit(CW,12,STRONG)",3,0.74,0.69455,200,1,"-1:27;1:171;2:2",0.74
7173,4,15,99,"Hit(CCW,12,STRONG)",3,0.755,0.667064,200,1,"-1:25;1:174;2:1",0.755
7173,4,15,100,"Freeze(CW,12)",4,1.965,0.18378,200,1,"1:7;2:193",1.965
7173,4,15,101,"Freeze(CCW,12)",4,1.965,0.18378,200,1,"1:7;2:193",1.965
7173,4,15,102,"PostGuard(CW,1,0)",7,1.5,0.5,200,1,"1:100;2:100",1.5
7173,4,15,103,"PostGuard(CCW,1,0)",7,1.615,0.486595,200,1,"1:77;2:123",1.615
7173,4,15,104,"PostGuard(CW,1,1)",7,2,0,200,1,"2:200",2
7173,4,15,105,"PostGuard(CCW,1,1)",7,2,0,200,1,"2:200",2
7173,4,15,106,"PostGuard(CW,1,2)",7,2,0,200,1,"2:200",2
7173,4,15,107,"PostGuard(CCW,1,2)",7,2,0,200,1,"2:200",2
7173,4,15,108,"PostGuard(CW,3,0)",7,2,0,200,1,"2:200",2
7173,4,15,109,"PostGuard(CCW,3,0)",7,2,0,200,1,"2:200",2
7173,4,15,110,"PostGuard(CW,3,1)",7,2,0,200,1,"2:200",2
7173,4,15,111,"PostGuard(CCW,3,1)",7,2,0,200,1,"2:200",2
7173,4,15,112,"PostGuard(CW,3,2)",7,2,0,200,1,"2:200",2
7173,4,15,113,"PostGuard(CCW,3,2)",7,2,0,200,1,"2:200",2
7173,4,15,114,"PostGuard(CW,5,0)",7,1.925,0.263391,200,1,"1:15;2:185",1.925
7173,4,15,115,"PostGuard(CCW,5,0)",7,1.99,0.0994987,200,1,"1:2;2:198",1.99
7173,4,15,116,"PostGuard(CW,5,1)",7,2,0,200,1,"2:200",2
7173,4,15,117,"PostGuard(CCW,5,1)",7,2,0,200,1,"2:200",2
7173,4,15,118,"PostGuard(CW,5,2)",7,2,0,200,1,"2:200",2
7173,4,15,119,"PostGuard(CCW,5,2)",7,2,0,200,1,"2:200",2
7173,4,15,120,"PostGuard(CW,7,0)",7,2,0,200,1,"2:200",2
7173,4,15,121,"PostGuard(CCW,7,0)",7,1.99,0.0994987,200,1,"1:2;2:198",1.99
7173,4,15,122,"PostGuard(CW,7,1)",7,2,0,200,1,"2:200",2
7173,4,15,123,"PostGuard(CCW,7,1)",7,2,0,200,1,"2:200",2
7173,4,15,124,"PostGuard(CW,7,2)",7,2,0,200,1,"2:200",2
7173,4,15,125,"PostGuard(CCW,7,2)",7,2,0,200,1,"2:200",2
7173,4,15,126,"PostGuard(CW,9,0)",7,2,0,200,1,"2:200",2
7173,4,15,127,"PostGuard(CCW,9,0)",7,2,0,200,1,"2:200",2
7173,4,15,128,"PostGuard(CW,9,1)",7,2,0,200,1,"2:200",2
7173,4,15,129,"PostGuard(CCW,9,1)",7,2,0,200,1,"2:200",2
7173,4,15,130,"PostGuard(CW,9,2)",7,2,0,200,1,"2:200",2
7173,4,15,131,"PostGuard(CCW,9,2)",7,2,0,200,1,"2:200",2
7173,4,15,132,"PostGuard(CW,11,0)",7,2,0,200,1,"2:200",2
7173,4,15,133,"PostGuard(CCW,11,0)",7,2,0,200,1,"2:200",2
7173,4,15,134,"PostGuard(CW,11,1)",7,2,0,200,1,"2:200",2
7173,4,15,135,"PostGuard(CCW,11,1)",7,2,0,200,1,"2:200",2
7173,4,15,136,"PostGuard(CW,11,2)",7,2,0,200,1,"2:200",2
7173,4,15,137,"PostGuard(CCW,11,2)",7,2,0,200,1,"2:200",2
7173,4,15,138,"PostGuard(CW,13,0)",7,2,0,200,1,"2:200",2
7173,4,15,139,"PostGuard(CCW,13,0)",7,2,0,200,1,"2:200",2
7173,4,15,140,"PostGuard(CW,13,1)",7,2,0,200,1,"2:200",2
7173,4,15,141,"PostGuard(CCW,13,1)",7,2,0,200,1,"2:200",2
7173,4,15,142,"PostGuard(CW,13,2)",7,2,0,200,1,"2:200",2
7173,4,15,143,"PostGuard(CCW,13,2)",7,2,0,200,1,"2:200",2
7173,4,15,144,"PostGuard(CW,15,0)",7,2,0,200,1,"2:200",2
7173,4,15,145,"PostGuard(CCW,15,0)",7,2,0,200,1,"2:200",2
7173,4,15,146,"PostGuard(CW,15,1)",7,2,0,200,1,"2:200",2
7173,4,15,147,"PostGuard(CCW,15,1)",7,2,0,200,1,"2:200",2
7173,4,15,148,"PostGuard(CW,15,2)",7,2,0,200,1,"2:200",2
7173,4,15,149,"PostGuard(CCW,15,2)",7,2,0,200,1,"2:200",2
7173,4,15,150,"Pass",0,2,0,200,1,"2:200",2
196,4,4,0,"Draw(CW,TEE)",1,-1.62,2.2126,200,1,"-7:2;-6:6;-5:11;-4:21;-3:30;-2:30;-1:53;1:35;2:6;3:4;4:1;5:1",2
196,4,4,1,"Draw(CCW,TEE)",1,-1.4,2.14476,200,1,"-6:6;-5:9;-4:22;-3:23;-2:27;-1:63;1:31;2:15;3:2;4:2",2
196,4,4,2,"Draw(CW,S0)",1,-1.16,1.93505,200,1,"-7:1;-6:1;-5:5;-4:15;-3:23;-2:37;-1:66;0:1;1:36;2:9;3:3;4:3",2
196,4,4,3,"Draw(CCW,S0)",1,-1.125,1.83286,200,1,"-6:1;-5:3;-4:13;-3:30;-2:29;-1:77;1:29;2:11;3:6;4:1",2
196,4,4,4,"Draw(CW,S2)",1,-1.275,2.037,200,1,"-7:1;-6:5;-5:6;-4:14;-3:19;-2:36;-1:75;1:28;2:8;3:5;4:2;5:1",1.995
196,4,4,5,"Draw(CCW,S2)",1,-0.895,2.134,200,1,"-6:2;-5:7;-4:14;-3:15;-2:28;-1:79;1:29;2:13;3:6;4:4;5:3",1.995
196,4,4,6,"Draw(CW,S4)",1,-1.44,2.04607,200,1,"-7:1;-6:3;-5:11;-4:18;-3:26;-2:31;-1:62;1:34;2:11;3:2;4:1",2
196,4,4,7,"Draw(CCW,S4)",1,-1.115,2.01538,200,1,"-6:3;-5:8;-4:16;-3:12;-2:40;-1:67;1:35;2:13;3:3;4:3",2
196,4,4,8,"Draw(CW,S6)",1,-0.865,1.98413,200,1,"-6:3;-5:5;-4:11;-3:17;-2:27;-1:75;1:42;2:12;3:5;4:2;5:1",1.975
196,4,4,9,"Draw(CCW,S6)",1,-0.97,1.94142,200,1,"-6:2;-5:7;-4:13;-3:13;-2:30;-1:80;1:35;2:15;3:2;4:2;5:1",1.995
196,4,4,10,"Draw(CW,L0)",1,-1.055,1.9601,200,1,"-6:5;-5:6;-4:10;-3:20;-2:27;-1:76;1:38;2:14;3:3;4:1",1.64
196,4,4,11,"Draw(CCW,L0)",1,-1.23,1.94861,200,1,"-6:4;-5:6;-4:13;-3:24;-2:33;-1:73;1:31;2:10;3:4;4:2",1.68
196,4,4,12,"Draw(CW,L1)",1,-1.635,1.98035,200,1,"-6:4;-5:18;-4:22;-3:15;-2:25;-1:76;0:1;1:33;2:5;3:1",1.085
196,4,4,13,"Draw(CCW,L1)",1,-1.215,1.86515,200,1,"-5:7;-4:18;-3:28;-2:21;-1:78;1:31;2:14;3:3",1.135
196,4,4,14,"Draw(CW,L2)",1,-1.57,2.13661,200,1,"-7:1;-6:8;-5:14;-4:19;-3:18;-2:24;-1:70;1:34;2:11;3:1",1
196,4,4,15,"Draw(CCW,L2)",1,-1.715,2.2302,200,1,"-7:1;-6:10;-5:16;-4:25;-3:16;-2:22;-1:62;1:39;2:8;3:1",1
196,4,4,16,"Draw(CW,L3)",1,-1.565,1.88302,200,1,"-6:5;-5:13;-4:17;-3:20;-2:21;-1:91;1:25;2:6;3:2",1.05
196,4,4,17,"Draw(CCW,L3)",1,-1.225,1.78168,200,1,"-6:1;-5:7;-4:16;-3:21;-2:28;-1:80;1:37;2:8;3:2",1.06
196,4,4,18,"Draw(CW,L4)",1,-1.08,1.98333,200,1,"-6:4;-5:5;-4:14;-3:20;-2:29;-1:74;1:36;2:11;3:5;4:2",1.025
196,4,4,19,"Draw(CCW,L4)",1,-0.94,2.09914,200,1,"-6:1;-5:8;-4:16;-3:21;-2:25;-1:66;1:40;2:10;3:11;4:2",1.03
196,4,4,20,"Draw(CW,L5)",1,-1.69,2.05764,200,1,"-6:3;-5:17;-4:26;-3:24;-2:25;-1:64;1:30;2:8;3:3",1.05
196,4,4,21,"Draw(CCW,L5)",1,-1.91,2.06444,200,1,"-6:6;-5:18;-4:28;-3:23;-2:34;-1:54;1:29;2:6;3:2",1.04
196,4,4,22,"Draw(CW,L6)",1,-1.755,2.06276,200,1,"-7:1;-6:1;-5:17;-4:30;-3:22;-2:30;-1:61;1:26;2:10;4:2",1
196,4,4,23,"Draw(CCW,L6)",1,-1.6,2.22711,200,1,"-7:1;-6:8;-5:14;-4:23;-3:19;-2:25;-1:62;1:36;2:7;3:4;4:1",1.005
196,4,4,24,"Draw(CW,L7)",1,-0.83,1.84692,200,1,"-6:1;-5:4;-4:9;-3:19;-2:24;-1:86;1:39;2:12;3:2;4:2;5:2",1.49
196,4,4,25,"Draw(CCW,L7)",1,-1.605,1.99474,200,1,"-6:3;-5:10;-4:26;-3:34;-2:20;-1:63;1:36;2:4;3:4",1.25
196,4,4,26,"PreGuard(CW,G3)",2,-2.075,2.1816,200,1,"-7:1;-6:7;-5:25;-4:29;-3:22;-2:24;-1:56;1:31;2:2;3:2;4:1",1
196,4,4,27,"PreGuard(CCW,G3)",2,-1.965,2.35664,200,1,"-7:2;-6:12;-5:19;-4:19;-3:35;-2:24;-1:45;0:1;1:30;2:9;3:3;5:1",1
196,4,4,28,"PreGuard(CW,G4)",2,-0.985,2.17365,200,1,"-6:5;-5:7;-4:11;-3:26;-2:23;-1:64;1:43;2:12;3:5;4:2;5:2",1
196,4,4,29,"PreGuard(CCW,G4)",2,-0.95,2.04634,200,1,"-6:1;-5:10;-4:10;-3:16;-2:46;-1:52;1:42;2:17;3:2;4:4",1
196,4,4,30,"PreGuard(CW,G5)",2,-2.07,2.2057,200,1,"-7:1;-6:10;-5:22;-4:25;-3:28;-2:26;-1:49;1:30;2:9",1
196,4,4,31,"PreGuard(CCW,G5)",2,-1.975,2.22584,200,1,"-6:5;-5:23;-4:32;-3:30;-2:23;-1:43;1:36;2:5;3:2;5:1",1
196,4,4,32,"Hit(CW,3,TOUCH)",3,-1.475,2.19986,200,1,"-7:2;-6:4;-5:12;-4:19;-3:30;-2:21;-1:62;1:37;2:4;3:8;4:1",1.035
196,4,4,33,"Hit(CCW,3,TOUCH)",3,-1.18,2.02178,200,1,"-6:2;-5:8;-4:21;-3:18;-2:27;-1:71;1:35;2:10;3:8",1.36
196,4,4,34,"Hit(CW,3,WEAK)",3,-0.845,1.63125,200,1,"-5:2;-4:7;-3:18;-2:23;-1:104;1:29;2:11;3:2;4:4",1.885
196,4,4,35,"Hit(CCW,3,WEAK)",3,-0.765,1.67624,200,1,"-5:3;-4:8;-3:11;-2:32;-1:91;1:36;2:13;3:5;5:1",1.885
196,4,4,36,"Hit(CW,3,MIDDLE)",3,-0.965,1.80936,200,1,"-5:8;-4:9;-3:22;-2:21;-1:84;0:1;1:40;2:12;3:2;5:1",1.165
196,4,4,37,"Hit(CCW,3,MIDDLE)",3,-1.11,1.79106,200,1,"-6:1;-5:7;-4:7;-3:31;-2:28;-1:72;1:42;2:11;4:1",1.115
196,4,4,38,"Hit(CW,3,STRONG)",3,-1.1,1.66433,200,1,"-5:3;-4:12;-3:19;-2:47;-1:70;1:37;2:9;3:3",1.115
196,4,4,39,"Hit(CCW,3,STRONG)",3,-1.06,1.82658,200,1,"-6:1;-5:6;-4:11;-3:21;-2:33;-1:77;1:33;2:14;3:3;4:1",1.125
196,4,4,40,"Freeze(CW,3)",4,-1.865,1.99669,200,1,"-7:2;-6:5;-5:16;-4:20;-3:27;-2:34;-1:61;1:30;2:4;3:1",1.005
196,4,4,41,"Freeze(CCW,3)",4,-1.75,2.20624,200,1,"-6:7;-5:18;-4:22;-3:31;-2:24;-1:50;0:1;1:38;2:7;4:1;5:1",1.065
196,4,4,42,"PostGuard(CW,2,0)",7,-1.355,2.06615,200,1,"-6:6;-5:9;-4:16;-3:24;-2:28;-1:68;1:35;2:8;3:5;4:1",1.365
196,4,4,43,"PostGuard(CCW,2,0)",7,-1.015,2.16443,200,1,"-7:1;-6:2;-5:6;-4:18;-3:22;-2:30;-1:58;1:35;2:20;3:5;4:3",1.335
196,4,4,44,"PostGuard(CW,2,1)",7,-1.155,1.97509,200,1,"-6:4;-5:7;-4:11;-3:26;-2:31;-1:65;1:40;2:11;3:5",1
196,4,4,45,"PostGuard(CCW,2,1)",7,-1.05,1.90722,200,1,"-5:8;-4:10;-3:27;-2:38;-1:56;1:44;2:12;3:5",1
196,4,4,46,"PostGuard(CW,2,2)",7,-0.825,1.99609,200,1,"-5:9;-4:9;-3:24;-2:30;-1:55;1:47;2:23;3:2;4:1",1
196,4,4,47,"PostGuard(CCW,2,2)",7,-0.95,2.07063,200,1,"-6:1;-5:7;-4:11;-3:27;-2:36;-1:54;1:38;2:17;3:7;4:1;5:1",1
196,4,4,48,"Pass",0,-2.46,2.38713,200,1,"-7:2;-6:17;-5:26;-4:30;-3:35;-2:21;-1:30;1:29;2:9;4:1",1
2630,2,14,0,"Draw(CW,TEE)",1,-1.33,1.31951,200,1,"-3:35;-2:74;-1:52;1:39",-0.775
2630,2,14,1,"Draw(CCW,TEE)",1,-2.255,0.754967,200,1,"-3:80;-2:97;-1:20;1:3",-1.975
2630,2,14,2,"Draw(CW,S0)",1,-1.66,1.41223,200,1,"-3:66;-2:74;-1:23;1:37",0.595
2630,2,14,3,"Draw(CCW,S0)",1,-2.19,0.934826,200,1,"-3:89;-2:74;-1:30;1:7",-1.575
2630,2,14,4,"Draw(CW,S2)",1,-2.985,0.121552,200,1,"-3:197;-2:3",-2
2630,2,14,5,"Draw(CCW,S2)",1,-2.995,0.0705337,200,1,"-3:199;-2:1",-2
2630,2,14,6,"Draw(CW,S4)",1,-1.58,1.3688,200,1,"-3:58;-2:70;-1:37;1:35",0.2
2630,2,14,7,"Draw(CCW,S4)",1,-2.36,0.693109,200,1,"-3:94;-2:86;-1:19;1:1",-1.86
2630,2,14,8,"Draw(CW,S6)",1,-2.995,0.0705337,200,1,"-3:199;-2:1",-2
2630,2,14,9,"Draw(CCW,S6)",1,-2.99,0.0994987,200,1,"-3:198;-2:2",-2
2630,2,14,10,"Draw(CW,L0)",1,-1.805,0.892735,200,1,"-3:19;-2:152;-1:15;1:13;2:1",0.795
2630,2,14,11,"Draw(CCW,L0)",1,-2.05,0.71239,200,1,"-3:38;-2:146;-1:10;1:6",-1.09
2630,2,14,12,"Draw(CW,L1)",1,-3,0,200,1,"-3:200",-2
2630,2,14,13,"Draw(CCW,L1)",1,-3,0,200,1,"-3:200",-2
2630,2,14,14,"Draw(CW,L2)",1,-3,0,200,1,"-3:200",-2
2630,2,14,15,"Draw(CCW,L2)",1,-3,0,200,1,"-3:200",-2
2630,2,14,16,"Draw(CW,L3)",1,-3,0,200,1,"-3:200",-2
2630,2,14,17,"Draw(CCW,L3)",1,-3,0,200,1,"-3:200",-2
2630,2,14,18,"Draw(CW,L4)",1,-2.685,0.464516,200,1,"-3:137;-2:63",-2
2630,2,14,19,"Draw(CCW,L4)",1,-2.63,0.482804,200,1,"-3:126;-2:74",-2
2630,2,14,20,"Draw(CW,L5)",1,-3,0,200,1,"-3:200",-2
2630,2,14,21,"Draw(CCW,L5)",1,-3,0,200,1,"-3:200",-2
2630,2,14,22,"Draw(CW,L6)",1,-3,0,200,1,"-3:200",-2
2630,2,14,23,"Draw(CCW,L6)",1,-3,0,200,1,"-3:200",-2
2630,2,14,24,"Draw(CW,L7)",1,-3,0,200,1,"-3:200",-2
2630,2,14,25,"Draw(CCW,L7)",1,-3,0,200,1,"-3:200",-2
2630,2,14,26,"PreGuard(CW,G3)",2,-3,0,200,1,"-3:200",-2
2630,2,14,27,"PreGuard(CCW,G3)",2,-3,0,200,1,"-3:200",-2
2630,2,14,28,"PreGuard(CW,G4)",2,-2.845,0.361905,200,1,"-3:169;-2:31",-2
2630,2,14,29,"PreGuard(CCW,G4)",2,-2.865,0.341724,200,1,"-3:173;-2:27",-2
2630,2,14,30,"PreGuard(CW,G5)",2,-2.935,0.246526,200,1,"-3:187;-2:13",-2
2630,2,14,31,"PreGuard(CCW,G5)",2,-2.865,0.341724,200,1,"-3:173;-2:27",-2
2630,2,14,32,"Hit(CW,11,TOUCH)",3,-1.535,1.56486,200,1,"-3:76;-2:49;-1:29;1:44;2:2",0.68
2630,2,14,33,"Hit(CCW,11,TOUCH)",3,-1.795,1.44325,200,1,"-3:81;-2:69;-1:15;1:33;2:2",-0.24
2630,2,14,34,"Hit(CW,11,WEAK)",3,-1.45,1.04283,200,1,"-2:146;-1:26;1:28",0.425
2630,2,14,35,"Hit(CCW,11,WEAK)",3,-1.57,0.919293,200,1,"-2:154;-1:26;1:20",0.325
2630,2,14,36,"Hit(CW,11,MIDDLE)",3,-1.65,0.638357,200,1,"-2:142;-1:52;1:6",-0.235
2630,2,14,37,"Hit(CCW,11,MIDDLE)",3,-1.98,0.263818,200,1,"-3:2;-2:194;-1:3;1:1",-0.85
2630,2,14,38,"Hit(CW,11,STRONG)",3,-1.69,0.577841,200,1,"-2:146;-1:50;1:4",-0.23
2630,2,14,39,"Hit(CCW,11,STRONG)",3,-1.965,0.306227,200,1,"-2:197;-1:1;1:2",-0.87
2630,2,14,40,"Freeze(CW,11)",4,-1.175,1.25872,200,1,"-3:18;-2:81;-1:61;1:38;2:2",-0.96
2630,2,14,41,"Freeze(CCW,11)",4,-1.445,1.15628,200,1,"-3:22;-2:103;-1:46;1:29",-1.215
2630,2,14,42,"Hit(CW,13,TOUCH)",3,-2.52,0.720833,200,1,"-3:125;-2:58;-1:15;1:2",-1.99
2630,2,14,43,"Hit(CCW,13,TOUCH)",3,-2.765,0.528938,200,1,"-3:160;-2:35;-1:4;1:1",-2
2630,2,14,44,"Hit(CW,13,WEAK)",3,-1.6,0.67082,200,1,"-2:133;-1:61;1:5;2:1",-0.61
2630,2,14,45,"Hit(CCW,13,WEAK)",3,-1.52,0.699714,200,1,"-2:118;-1:76;1:4;2:2",-0.23
2630,2,14,46,"Hit(CW,13,MIDDLE)",3,-1.37,0.482804,200,1,"-2:74;-1:126",0.275
2630,2,14,47,"Hit(CCW,13,MIDDLE)",3,-1.905,0.382067,200,1,"-2:184;-1:15;2:1",-0.9
2630,2,14,48,"Hit(CW,13,STRONG)",3,-1.405,0.557651,200,1,"-3:4;-2:75;-1:120;1:1",0.19
2630,2,14,49,"Hit(CCW,13,STRONG)",3,-1.935,0.301289,200,1,"-2:189;-1:10;1:1",-0.92
2630,2,14,50,"Freeze(CW,13)",4,-2.71,0.485695,200,1,"-3:145;-2:52;-1:3",-2
2630,2,14,51,"Freeze(CCW,13)",4,-2.795,0.415903,200,1,"-3:160;-2:39;-1:1",-2
2630,2,14,52,"PostGuard(CW,10,0)",7,-3,0,200,1,"-3:200",-2
2630,2,14,53,"PostGuard(CCW,10,0)",7,-3,0,200,1,"-3:200",-2
2630,2,14,54,"PostGuard(CW,10,1)",7,-3,0,200,1,"-3:200",-2
2630,2,14,55,"PostGuard(CCW,10,1)",7,-3,0,200,1,"-3:200",-2
2630,2,14,56,"PostGuard(CW,10,2)",7,-3,0,200,1,"-3:200",-2
2630,2,14,57,"PostGuard(CCW,10,2)",7,-3,0,200,1,"-3:200",-2
2630,2,14,58,"Pass",0,-3,0,200,1,"-3:200",-2
5731,2,10,0,"Draw(CW,TEE)",1,-2.255,1.42477,200,1,"-4:33;-3:72;-2:46;-1:32;1:14;2:2;3:1",1
5731,2,10,1,"Draw(CCW,TEE)",1,-2.065,1.54621,200,1,"-4:35;-3:56;-2:48;-1:37;1:21;2:2;3:1",1
5731,2,10,2,"Draw(CW,S0)",1,-2,1.46969,200,1,"-4:25;-3:66;-2:42;-1:43;1:23;2:1",1
5731,2,10,3,"Draw(CCW,S0)",1,-1.835,1.32581,200,1,"-4:15;-3:51;-2:63;-1:50;1:20;2:1",1
5731,2,10,4,"Draw(CW,S2)",1,-2.3,1.48661,200,1,"-4:47;-3:59;-2:38;-1:39;1:14;2:3",1
5731,2,10,5,"Draw(CCW,S2)",1,-2.385,1.45835,200,1,"-4:49;-3:65;-2:35;-1:34;1:16;2:1",1
5731,2,10,6,"Draw(CW,S4)",1,-2.145,1.35424,200,1,"-4:26;-3:68;-2:49;-1:41;1:14;2:2",1
5731,2,10,7,"Draw(CCW,S4)",1,-2.09,1.43941,200,1,"-4:30;-3:62;-2:44;-1:45;0:1;1:16;2:1;3:1",1
5731,2,10,8,"Draw(CW,S6)",1,-2.48,1.3855,200,1,"-4:50;-3:65;-2:47;-1:23;1:14;2:1",1
5731,2,10,9,"Draw(CCW,S6)",1,-2.55,1.34815,200,1,"-4:58;-3:57;-2:45;-1:29;1:10;2:1",1
5731,2,10,10,"Draw(CW,L0)",1,-1.6,1.49666,200,1,"-4:10;-3:53;-2:57;-1:46;1:29;2:5",-0.29
5731,2,10,11,"Draw(CCW,L0)",1,-1.62,1.43024,200,1,"-4:10;-3:52;-2:53;-1:55;1:27;2:3",-0.18
5731,2,10,12,"Draw(CW,L1)",1,-1.645,1.54239,200,1,"-4:21;-3:47;-2:40;-1:59;1:31;2:2",-0.34
5731,2,10,13,"Draw(CCW,L1)",1,-1.54,1.35218,200,1,"-4:17;-3:35;-2:33;-1:93;1:20;2:2",0.96
5731,2,10,14,"Draw(CW,L2)",1,-1.29,1.54464,200,1,"-4:13;-3:31;-2:47;-1:68;1:34;2:6;3:1",-0.36
5731,2,10,15,"Draw(CCW,L2)",1,-1.485,1.50658,200,1,"-4:7;-3:52;-2:52;-1:52;1:31;2:6",-1
5731,2,10,16,"Draw(CW,L3)",1,-1.385,1.58012,200,1,"-4:13;-3:40;-2:53;-1:48;1:43;2:3",-0.51
5731,2,10,17,"Draw(CCW,L3)",1,-1.465,1.52931,200,1,"-4:9;-3:46;-2:57;-1:50;0:1;1:29;2:8",-0.42
5731,2,10,18,"Draw(CW,L4)",1,-1.365,1.69463,200,1,"-4:15;-3:43;-2:43;-1:56;0:1;1:27;2:14;3:1",-0.85
5731,2,10,19,"Draw(CCW,L4)",1,-1.305,1.68582,200,1,"-4:18;-3:35;-2:42;-1:58;1:36;2:11",-0.87
5731,2,10,20,"Draw(CW,L5)",1,-1.74,1.54997,200,1,"-4:22;-3:49;-2:47;-1:54;1:22;2:5;3:1",-0.45
5731,2,10,21,"Draw(CCW,L5)",1,-1.695,1.50731,200,1,"-4:17;-3:53;-2:46;-1:54;1:26;2:4",-0.31
5731,2,10,22,"Draw(CW,L6)",1,-1.635,1.51716,200,1,"-4:15;-3:51;-2:50;-1:51;1:29;2:4",-0.8
5731,2,10,23,"Draw(CCW,L6)",1,-1.375,1.49812,200,1,"-4:11;-3:39;-2:45;-1:67;1:33;2:5",-0.86
5731,2,10,24,"Draw(CW,L7)",1,-1.57,1.46803,200,1,"-4:12;-3:45;-2:56;-1:55;0:2;1:24;2:6",-0.38
5731,2,10,25,"Draw(CCW,L7)",1,-1.535,1.52275,200,1,"-4:18;-3:42;-2:42;-1:62;1:35;2:1",-0.47
5731,2,10,26,"PreGuard(CW,G3)",2,-1.715,1.52111,200,1,"-4:19;-3:49;-2:54;-1:47;1:27;2:4",-1
5731,2,10,27,"PreGuard(CCW,G3)",2,-1.475,1.71154,200,1,"-4:17;-3:52;-2:43;-1:40;1:41;2:7",-1
5731,2,10,28,"PreGuard(CW,G4)",2,-1.12,1.74516,200,1,"-4:15;-3:35;-2:41;-1:48;0:1;1:49;2:11",-1
5731,2,10,29,"PreGuard(CCW,G4)",2,-0.985,1.88541,200,1,"-4:18;-3:36;-2:29;-1:47;0:1;1:52;2:15;3:2",-1
5731,2,10,30,"PreGuard(CW,G5)",2,-1.52,1.63083,200,1,"-4:17;-3:44;-2:57;-1:38;0:1;1:39;2:3;3:1",-1
5731,2,10,31,"PreGuard(CCW,G5)",2,-1.46,1.63658,200,1,"-4:11;-3:53;-2:46;-1:49;1:31;2:9;3:1",-1
5731,2,10,32,"Hit(CW,9,TOUCH)",3,-1.39,1.56458,200,1,"-4:22;-3:26;-2:38;-1:79;1:27;2:8",-0.06
5731,2,10,33,"Hit(CCW,9,TOUCH)",3,-1.37,1.63802,200,1,"-4:18;-3:41;-2:34;-1:61;1:42;2:4",-0.88
5731,2,10,34,"Hit(CW,9,WEAK)",3,-0.84,1.10653,200,1,"-3:8;-2:35;-1:118;0:1;1:32;2:6",0.84
5731,2,10,35,"Hit(CCW,9,WEAK)",3,-0.755,1.06065,200,1,"-3:7;-2:23;-1:129;0:1;1:35;2:5",0.845
5731,2,10,36,"Hit(CW,9,MIDDLE)",3,-0.995,1.16403,200,1,"-3:15;-2:44;-1:106;0:1;1:28;2:6",0.06
5731,2,10,37,"Hit(CCW,9,MIDDLE)",3,-0.9,1.28062,200,1,"-4:1;-3:11;-2:59;-1:78;0:2;1:45;2:4",0.26
5731,2,10,38,"Hit(CW,9,STRONG)",3,-0.76,1.35366,200,1,"-3:18;-2:40;-1:83;1:53;2:6",0.095
5731,2,10,39,"Hit(CCW,9,STRONG)",3,-0.87,1.32405,200,1,"-4:1;-3:14;-2:51;-1:82;0:4;1:41;2:6;3:1",0.25
5731,2,10,40,"Freeze(CW,9)",4,-1.52,1.57785,200,1,"-4:18;-3:40;-2:50;-1:55;1:32;2:4;3:1",-0.74
5731,2,10,41,"Freeze(CCW,9)",4,-1.71,1.36963,200,1,"-4:11;-3:50;-2:62;-1:52;1:22;2:3",-0.98
5731,2,10,42,"Pass",0,-1.615,1.62073,200,1,"-4:20;-3:44;-2:59;-1:38;1:33;2:6",-1
9518,4,5,0,"Draw(CW,TEE)",1,0.7,1.9,200,1,"-5:2;-4:1;-3:6;-2:16;-1:38;0:1;1:76;2:33;3:14;4:8;5:4;6:1",-2
9518,4,5,1,"Draw(CCW,TEE)",1,0.63,1.90082,200,1,"-4:1;-3:9;-2:17;-1:46;0:1;1:63;2:30;3:21;4:9;5:3",-2
9518,4,5,2,"Draw(CW,S0)",1,1.03,1.86255,200,1,"-4:1;-3:2;-2:12;-1:41;1:75;2:33;3:14;4:15;5:5;6:1;7:1",-2
9518,4,5,3,"Draw(CCW,S0)",1,1.035,2.04787,200,1,"-5:1;-3:8;-2:16;-1:35;1:56;2:35;3:24;4:20;5:5",-2
9518,4,5,4,"Draw(CW,S2)",1,0.97,1.94142,200,1,"-4:1;-3:6;-2:16;-1:33;1:78;2:26;3:16;4:18;5:5;6:1",-2
9518,4,5,5,"Draw(CCW,S2)",1,1.135,1.85655,200,1,"-4:2;-3:3;-2:10;-1:34;1:74;2:36;3:22;4:11;5:6;6:2",-2
9518,4,5,6,"Draw(CW,S4)",1,0.985,1.81239,200,1,"-4:2;-3:2;-2:12;-1:39;0:1;1:74;2:33;3:20;4:12;5:4;6:1",-2
9518,4,5,7,"Draw(CCW,S4)",1,0.91,1.75838,200,1,"-3:3;-2:14;-1:44;1:71;2:28;3:25;4:14;5:1",-2
9518,4,5,8,"Draw(CW,S6)",1,1.1,1.88414,200,1,"-4:1;-3:5;-2:11;-1:36;1:69;2:33;3:25;4:14;5:5;6:1",-2
9518,4,5,9,"Draw(CCW,S6)",1,0.795,1.86091,200,1,"-4:1;-3:7;-2:18;-1:33;1:80;2:31;3:15;4:10;5:4;6:1",-2
9518,4,5,10,"Draw(CW,L0)",1,0.975,1.79565,200,1,"-3:4;-2:13;-1:41;1:66;2:42;3:17;4:13;5:3;6:1",-2
9518,4,5,11,"Draw(CCW,L0)",1,0.895,2.02583,200,1,"-5:1;-3:4;-2:15;-1:45;1:74;2:27;3:8;4:15;5:8;6:2;7:1",-1.95
9518,4,5,12,"Draw(CW,L1)",1,0.765,1.83024,200,1,"-5:1;-4:3;-3:2;-2:18;-1:35;1:77;2:38;3:16;4:5;5:4;6:1",-2
9518,4,5,13,"Draw(CCW,L1)",1,0.735,1.82887,200,1,"-3:6;-2:20;-1:38;1:78;2:25;3:24;4:4;5:3;6:2",-2
9518,4,5,14,"Draw(CW,L2)",1,1.08,1.82307,200,1,"-4:1;-3:4;-2:13;-1:30;0:1;1:80;2:32;3:19;4:14;5:5;6:1",-2
9518,4,5,15,"Draw(CCW,L2)",1,0.8,1.78606,200,1,"-5:1;-4:2;-3:3;-2:14;-1:38;1:80;2:32;3:21;4:5;5:3;6:1",-2
9518,4,5,16,"Draw(CW,L3)",1,1.13,1.96548,200,1,"-5:1;-3:3;-2:11;-1:40;1:72;2:28;3:19;4:15;5:9;6:2",-2
9518,4,5,17,"Draw(CCW,L3)",1,0.91,1.92922,200,1,"-5:2;-3:4;-2:9;-1:49;1:66;2:32;3:17;4:16;5:4;6:1",-2
9518,4,5,18,"Draw(CW,L4)",1,0.66,2.01851,200,1,"-5:1;-4:1;-3:10;-2:17;-1:46;1:55;2:31;3:25;4:12;5:1;6:1",-2
9518,4,5,19,"Draw(CCW,L4)",1,0.415,1.85547,200,1,"-5:1;-4:4;-3:4;-2:12;-1:62;1:71;2:22;3:13;4:7;5:4",-2
9518,4,5,20,"Draw(CW,L5)",1,0.97,1.96954,200,1,"-3:5;-2:17;-1:40;1:65;2:34;3:17;4:14;5:5;6:3",-2
9518,4,5,21,"Draw(CCW,L5)",1,1.045,2.07918,200,1,"-5:1;-3:7;-2:16;-1:37;1:56;2:37;3:21;4:15;5:9;6:1",-2
9518,4,5,22,"Draw(CW,L6)",1,0.93,1.94039,200,1,"-6:1;-4:2;-3:2;-2:14;-1:42;1:64;2:37;3:22;4:10;5:4;6:2",-2
9518,4,5,23,"Draw(CCW,L6)",1,0.945,1.937,200,1,"-6:1;-5:1;-4:3;-3:4;-2:12;-1:31;1:75;2:34;3:25;4:9;5:5",-2
9518,4,5,24,"Draw(CW,L7)",1,1.235,1.79158,200,1,"-3:6;-2:7;-1:32;1:74;2:31;3:30;4:15;5:5",-2
9518,4,5,25,"Draw(CCW,L7)",1,1.015,1.82065,200,1,"-5:1;-3:3;-2:8;-1:42;1:82;2:28;3:17;4:10;5:8;6:1",-2
9518,4,5,26,"PreGuard(CW,G3)",2,0.545,1.85687,200,1,"-4:2;-3:11;-2:18;-1:41;0:1;1:62;2:34;3:27;4:4",-2
9518,4,5,27,"PreGuard(CCW,G3)",2,0.7,1.81659,200,1,"-4:2;-3:7;-2:16;-1:41;1:64;2:42;3:20;4:6;5:2",-2
9518,4,5,28,"PreGuard(CW,G4)",2,0.645,1.74327,200,1,"-4:2;-3:5;-2:12;-1:51;1:72;2:27;3:23;4:8",-2
9518,4,5,29,"PreGuard(CCW,G4)",2,0.32,1.90987,200,1,"-5:1;-4:4;-3:12;-2:23;-1:36;1:70;2:35;3:14;4:4;5:1",-2
9518,4,5,30,"PreGuard(CW,G5)",2,0.54,1.86505,200,1,"-4:1;-3:7;-2:19;-1:51;1:66;2:28;3:15;4:10;5:3",-2
9518,4,5,31,"PreGuard(CCW,G5)",2,0.51,1.7464,200,1,"-3:7;-2:19;-1:49;1:72;2:33;3:10;4:9;6:1",-2
9518,4,5,32,"Hit(CW,0,TOUCH)",3,0.995,1.85876,200,1,"-6:1;-5:1;-3:4;-2:9;-1:38;1:76;2:33;3:22;4:11;5:4;6:1",-2
9518,4,5,33,"Hit(CCW,0,TOUCH)",3,1.15,2.00686,200,1,"-4:2;-3:6;-2:13;-1:30;1:70;2:31;3:23;4:15;5:9;6:1",-2
9518,4,5,34,"Hit(CW,0,WEAK)",3,1.115,1.80327,200,1,"-3:3;-2:10;-1:39;0:1;1:72;2:35;3:18;4:17;5:3;6:2",-1.345
9518,4,5,35,"Hit(CCW,0,WEAK)",3,1.03,1.99477,200,1,"-4:2;-3:5;-2:10;-1:42;1:74;2:21;3:18;4:19;5:9",-0.575
9518,4,5,36,"Hit(CW,0,MIDDLE)",3,1.15,1.68152,200,1,"-3:2;-2:14;-1:28;1:79;2:37;3:25;4:11;5:4",-0.8
9518,4,5,37,"Hit(CCW,0,MIDDLE)",3,1.275,1.86531,200,1,"-4:2;-3:4;-2:7;-1:29;1:82;2:24;3:30;4:15;5:4;6:3",-0.99
9518,4,5,38,"Hit(CW,0,STRONG)",3,1.03,1.73756,200,1,"-4:2;-3:3;-2:10;-1:35;1:74;2:44;3:14;4:16;5:2",-0.91
9518,4,5,39,"Hit(CCW,0,STRONG)",3,1.035,1.64432,200,1,"-4:1;-3:4;-2:6;-1:34;0:3;1:83;2:36;3:23;4:7;5:2;7:1",-1.025
9518,4,5,40,"Freeze(CW,0)",4,0.605,2.02212,200,1,"-5:1;-4:3;-3:7;-2:15;-1:53;1:55;2:32;3:16;4:15;5:3",-2
9518,4,5,41,"Freeze(CCW,0)",4,1.095,1.91206,200,1,"-5:1;-4:3;-3:2;-2:9;-1:36;1:73;2:31;3:28;4:11;5:3;6:3",-2
9518,4,5,42,"Hit(CW,2,TOUCH)",3,0.91,1.91361,200,1,"-4:1;-3:5;-2:15;-1:42;1:66;2:29;3:24;4:15;5:1;6:2",-2
9518,4,5,43,"Hit(CCW,2,TOUCH)",3,0.775,1.78728,200,1,"-3:3;-2:20;-1:45;1:61;2:39;3:20;4:10;5:2",-2
9518,4,5,44,"Hit(CW,2,WEAK)",3,1.17,1.96751,200,1,"-4:1;-3:2;-2:17;-1:34;0:3;1:60;2:31;3:28;4:15;5:8;6:1",-1.425
9518,4,5,45,"Hit(CCW,2,WEAK)",3,1.32,2.0634,200,1,"-3:4;-2:14;-1:34;1:61;2:33;3:24;4:17;5:8;6:4;7:1",-0.69
9518,4,5,46,"Hit(CW,2,MIDDLE)",3,1.16,1.85051,200,1,"-4:1;-3:3;-2:9;-1:38;0:2;1:64;2:45;3:14;4:16;5:7;6:1",-0.81
9518,4,5,47,"Hit(CCW,2,MIDDLE)",3,1.015,1.62935,200,1,"-4:2;-3:2;-2:6;-1:39;1:80;2:38;3:22;4:9;5:2",-1.105
9518,4,5,48,"Hit(CW,2,STRONG)",3,1.04,1.74597,200,1,"-4:2;-3:3;-2:10;-1:31;0:1;1:82;2:42;3:15;4:8;5:3;6:3",-0.875
9518,4,5,49,"Hit(CCW,2,STRONG)",3,0.845,1.90551,200,1,"-4:1;-3:4;-2:11;-1:53;0:1;1:67;2:21;3:24;4:12;5:5;6:1",-1.06
9518,4,5,50,"Freeze(CW,2)",4,0.77,1.84583,200,1,"-5:1;-3:3;-2:20;-1:42;1:65;2:38;3:22;4:4;5:3;6:2",-2
9518,4,5,51,"Freeze(CCW,2)",4,0.505,1.81383,200,1,"-5:3;-4:2;-3:7;-2:12;-1:44;1:80;2:29;3:18;4:4;5:1",-2
9518,4,5,52,"PostGuard(CW,1,0)",7,0.515,1.82751,200,1,"-4:2;-3:5;-2:19;-1:51;1:72;2:25;3:14;4:9;5:3",-2
9518,4,5,53,"PostGuard(CCW,1,0)",7,0.85,1.92808,200,1,"-4:1;-3:4;-2:20;-1:41;1:64;2:31;3:19;4:16;5:4",-2
9518,4,5,54,"PostGuard(CW,1,1)",7,0.715,1.92452,200,1,"-4:2;-3:3;-2:21;-1:48;1:57;2:31;3:26;4:7;5:5",-2
9518,4,5,55,"PostGuard(CCW,1,1)",7,0.905,1.91728,200,1,"-5:1;-4:2;-3:4;-2:16;-1:35;1:67;2:40;3:22;4:6;5:6;6:1",-2
9518,4,5,56,"PostGuard(CW,1,2)",7,0.735,2.08681,200,1,"-4:4;-3:6;-2:26;-1:32;1:59;2:38;3:20;4:7;5:6;6:2",-2
9518,4,5,57,"PostGuard(CCW,1,2)",7,0.825,1.95048,200,1,"-5:1;-4:3;-3:5;-2:20;-1:30;1:70;2:33;3:24;4:11;5:3",-2
9518,4,5,58,"PostGuard(CW,3,0)",7,0.555,1.86198,200,1,"-4:2;-3:9;-2:17;-1:43;1:71;2:39;3:8;4:6;5:4;6:1",-2
9518,4,5,59,"PostGuard(CCW,3,0)",7,0.4,1.96977,200,1,"-4:3;-3:8;-2:23;-1:51;1:61;2:26;3:18;4:6;5:2;6:2",-2
9518,4,5,60,"PostGuard(CW,3,1)",7,0.3,2.03224,200,1,"-4:3;-3:13;-2:25;-1:49;1:54;2:26;3:18;4:10;5:2",-2
9518,4,5,61,"PostGuard(CCW,3,1)",7,0.055,2.2163,200,1,"-7:1;-4:9;-3:8;-2:30;-1:56;1:45;2:22;3:19;4:5;5:2;6:3",-2
9518,4,5,62,"PostGuard(CW,3,2)",7,0.39,1.98189,200,1,"-4:1;-3:16;-2:24;-1:39;1:61;2:32;3:21;4:2;5:3;6:1",-2
9518,4,5,63,"PostGuard(CCW,3,2)",7,0.135,1.98161,200,1,"-4:4;-3:13;-2:27;-1:52;1:55;2:24;3:16;4:8;5:1",-2
9518,4,5,64,"PostGuard(CW,5,0)",7,0.705,1.98191,200,1,"-5:2;-4:4;-3:7;-2:16;-1:29;1:84;2:29;3:15;4:9;5:4;6:1",-2
9518,4,5,65,"PostGuard(CCW,5,0)",7,0.85,1.90197,200,1,"-4:1;-3:6;-2:16;-1:43;1:59;2:35;3:25;4:12;5:3",-2
9518,4,5,66,"PostGuard(CW,5,1)",7,0.66,1.80953,200,1,"-4:2;-3:2;-2:17;-1:53;1:66;2:27;3:20;4:12;5:1",-2
9518,4,5,67,"PostGuard(CCW,5,1)",7,0.545,2.06349,200,1,"-4:6;-3:8;-2:21;-1:40;1:61;2:31;3:23;4:5;5:3;6:2",-2
9518,4,5,68,"PostGuard(CW,5,2)",7,0.39,1.79385,200,1,"-5:2;-4:1;-3:8;-2:20;-1:41;0:1;1:83;2:29;3:6;4:7;5:2",-2
9518,4,5,69,"PostGuard(CCW,5,2)",7,0.345,2.00897,200,1,"-5:2;-4:5;-3:8;-2:18;-1:51;1:63;2:23;3:21;4:7;5:2",-2
9518,4,5,70,"Pass",0,0.745,1.76067,200,1,"-4:2;-3:4;-2:18;-1:38;1:71;2:40;3:17;4:9;5:1",-2
8211,7,12,0,"Draw(CW,TEE)",1,-1.53,1.62761,200,1,"-5:4;-4:17;-3:39;-2:43;-1:57;1:38;2:2",-0.335
8211,7,12,1,"Draw(CCW,TEE)",1,-1.89,1.85416,200,1,"-6:4;-5:14;-4:22;-3:31;-2:42;-1:56;1:27;2:2;3:2",-2.86
8211,7,12,2,"Draw(CW,S0)",1,-1.6,1.66433,200,1,"-5:5;-4:20;-3:31;-2:58;-1:50;1:28;2:8",0.87
8211,7,12,3,"Draw(CCW,S0)",1,-1.685,1.71049,200,1,"-6:3;-5:5;-4:15;-3:45;-2:42;-1:55;1:31;2:3;3:1",-2.6
8211,7,12,4,"Draw(CW,S2)",1,-2.42,1.63817,200,1,"-5:16;-4:33;-3:59;-2:44;-1:31;1:12;2:3;3:2",-3
8211,7,12,5,"Draw(CCW,S2)",1,-2.265,1.62628,200,1,"-5:17;-4:24;-3:51;-2:55;-1:33;1:17;2:2;3:1",-3
8211,7,12,6,"Draw(CW,S4)",1,-1.29,1.73087,200,1,"-5:2;-4:15;-3:32;-2:57;-1:41;1:44;2:8;3:1",0.46
8211,7,12,7,"Draw(CCW,S4)",1,-1.785,1.77729,200,1,"-6:2;-5:12;-4:22;-3:30;-2:42;-1:60;1:27;2:5",-2.7
8211,7,12,8,"Draw(CW,S6)",1,-1.78,1.56576,200,1,"-5:8;-4:15;-3:39;-2:61;-1:49;1:24;2:4",-2.975
8211,7,12,9,"Draw(CCW,S6)",1,-1.715,1.76742,200,1,"-6:1;-5:11;-4:15;-3:41;-2:48;-1:46;0:1;1:31;2:6",-1.785
8211,7,12,10,"Draw(CW,L0)",1,-1.52,1.75203,200,1,"-6:1;-5:8;-4:23;-3:22;-2:38;-1:68;1:37;2:2;3:1",0.8
8211,7,12,11,"Draw(CCW,L0)",1,-1.83,1.68259,200,1,"-6:2;-5:10;-4:19;-3:32;-2:58;-1:49;1:28;2:1;3:1",-2.01
8211,7,12,12,"Draw(CW,L1)",1,-2.38,1.95847,200,1,"-6:6;-5:19;-4:38;-3:49;-2:23;-1:33;1:31;2:1",-3
8211,7,12,13,"Draw(CCW,L1)",1,-2.675,1.99484,200,1,"-6:8;-5:32;-4:37;-3:44;-2:24;-1:27;1:28",-3
8211,7,12,14,"Draw(CW,L2)",1,-2.485,1.89731,200,1,"-6:6;-5:18;-4:39;-3:54;-2:32;-1:20;1:31",-3
8211,7,12,15,"Draw(CCW,L2)",1,-2.61,1.98441,200,1,"-6:10;-5:21;-4:42;-3:47;-2:29;-1:21;1:29;2:1",-3
8211,7,12,16,"Draw(CW,L3)",1,-2.565,1.85897,200,1,"-6:10;-5:14;-4:44;-3:43;-2:38;-1:27;1:23;2:1",-3
8211,7,12,17,"Draw(CCW,L3)",1,-2.585,1.80632,200,1,"-6:11;-5:14;-4:37;-3:51;-2:35;-1:31;1:21",-3
8211,7,12,18,"Draw(CW,L4)",1,-3.2,2.04695,200,1,"-6:31;-5:26;-4:42;-3:34;-2:25;-1:23;1:19",-3
8211,7,12,19,"Draw(CCW,L4)",1,-3.08,2.26574,200,1,"-6:36;-5:28;-4:31;-3:33;-2:20;-1:25;1:26;2:1",-3
8211,7,12,20,"Draw(CW,L5)",1,-2.63,2.01075,200,1,"-6:12;-5:25;-4:38;-3:39;-2:28;-1:32;1:24;2:2",-3
8211,7,12,21,"Draw(CCW,L5)",1,-2.335,1.89546,200,1,"-6:3;-5:25;-4:28;-3:47;-2:34;-1:34;1:27;2:2",-3
8211,7,12,22,"Draw(CW,L6)",1,-2.82,1.92551,200,1,"-6:9;-5:29;-4:46;-3:43;-2:28;-1:21;1:23;2:1",-3
8211,7,12,23,"Draw(CCW,L6)",1,-2.465,1.95161,200,1,"-6:2;-5:29;-4:40;-3:39;-2:33;-1:25;1:32",-3
8211,7,12,24,"Draw(CW,L7)",1,-2.075,1.60915,200,1,"-6:1;-5:8;-4:30;-3:41;-2:55;-1:42;1:20;2:3",-3
8211,7,12,25,"Draw(CCW,L7)",1,-2.2,1.55885,200,1,"-6:2;-5:8;-4:36;-3:31;-2:66;-1:39;1:16;2:2",-1.855
8211,7,12,26,"PreGuard(CW,G3)",2,-2.62,1.87499,200,1,"-6:8;-5:25;-4:36;-3:45;-2:32;-1:31;1:23",-3
8211,7,12,27,"PreGuard(CCW,G3)",2,-2.655,2.01395,200,1,"-6:18;-5:21;-4:29;-3:46;-2:28;-1:33;1:25",-3
8211,7,12,28,"PreGuard(CW,G4)",2,-2.53,2.22241,200,1,"-6:17;-5:21;-4:44;-3:30;-2:22;-1:28;1:37;2:1",-3
8211,7,12,29,"PreGuard(CCW,G4)",2,-2.59,2.37737,200,1,"-6:27;-5:24;-4:33;-3:26;-2:16;-1:34;1:40",-3
8211,7,12,30,"PreGuard(CW,G5)",2,-1.915,1.88886,200,1,"-6:3;-5:14;-4:23;-3:40;-2:44;-1:37;1:36;2:3",-3
8211,7,12,31,"PreGuard(CCW,G5)",2,-1.935,1.79744,200,1,"-6:2;-5:12;-4:24;-3:42;-2:43;-1:44;1:29;2:4",-3
8211,7,12,32,"Hit(CW,1,TOUCH)",3,-2.135,1.69905,200,1,"-5:12;-4:32;-3:46;-2:50;-1:31;1:28;2:1",-3
8211,7,12,33,"Hit(CCW,1,TOUCH)",3,-2.055,1.53687,200,1,"-5:6;-4:31;-3:38;-2:67;-1:34;1:23;2:1",-2.95
8211,7,12,34,"Hit(CW,1,WEAK)",3,-1.975,1.53114,200,1,"-5:7;-4:22;-3:45;-2:59;-1:45;1:19;2:2;3:1",-2.78
8211,7,12,35,"Hit(CCW,1,WEAK)",3,-1.85,1.40624,200,1,"-5:2;-4:13;-3:53;-2:68;-1:40;1:21;2:3",-2.525
8211,7,12,36,"Hit(CW,1,MIDDLE)",3,-1.69,1.55689,200,1,"-5:3;-4:16;-3:43;-2:59;-1:49;1:24;2:5;3:1",-1.825
8211,7,12,37,"Hit(CCW,1,MIDDLE)",3,-2.03,1.62145,200,1,"-6:1;-5:9;-4:26;-3:43;-2:53;-1:43;1:23;2:2",-2.925
8211,7,12,38,"Hit(CW,1,STRONG)",3,-1.56,1.55126,200,1,"-5:3;-4:11;-3:38;-2:64;-1:53;1:21;2:9;3:1",-1.65
8211,7,12,39,"Hit(CCW,1,STRONG)",3,-1.94,1.64511,200,1,"-5:6;-4:26;-3:48;-2:57;-1:30;0:1;1:30;2:2",-2.965
8211,7,12,40,"Freeze(CW,1)",4,-2.09,1.74983,200,1,"-6:2;-5:12;-4:25;-3:49;-2:50;-1:32;1:28;2:1;3:1",-3
8211,7,12,41,"Freeze(CCW,1)",4,-2.2,1.62173,200,1,"-6:2;-5:10;-4:26;-3:54;-2:51;-1:35;1:19;2:3",-3
8211,7,12,42,"Hit(CW,5,TOUCH)",3,-2.035,1.79549,200,1,"-6:1;-5:12;-4:36;-3:33;-2:45;-1:42;1:29;2:1;3:1",-2.965
8211,7,12,43,"Hit(CCW,5,TOUCH)",3,-2.085,1.39563,200,1,"-6:1;-5:9;-4:14;-3:47;-2:73;-1:40;1:15;2:1",-3
8211,7,12,44,"Hit(CW,5,WEAK)",3,-1.52,1.6732,200,1,"-5:5;-4:22;-3:30;-2:42;-1:60;1:39;2:2",-1.725
8211,7,12,45,"Hit(CCW,5,WEAK)",3,-1.56,1.47187,200,1,"-4:19;-3:35;-2:48;-1:68;1:28;2:1;3:1",-1.56
8211,7,12,46,"Hit(CW,5,MIDDLE)",3,-1.86,1.58442,200,1,"-5:3;-4:22;-3:56;-2:47;-1:40;1:31;2:1",-1.375
8211,7,12,47,"Hit(CCW,5,MIDDLE)",3,-1.855,1.52774,200,1,"-5:7;-4:17;-3:49;-2:46;-1:55;0:1;1:24;2:1",-1.6
8211,7,12,48,"Hit(CW,5,STRONG)",3,-1.795,1.64407,200,1,"-5:2;-4:24;-3:56;-2:43;-1:37;1:38",-1.355
8211,7,12,49,"Hit(CCW,5,STRONG)",3,-1.665,1.3538,200,1,"-5:1;-4:13;-3:41;-2:54;-1:70;1:17;2:4",-1.68
8211,7,12,50,"Freeze(CW,5)",4,-2.16,1.76477,200,1,"-5:15;-4:38;-3:36;-2:44;-1:39;1:26;2:2",-3
8211,7,12,51,"Freeze(CCW,5)",4,-1.94,1.59887,200,1,"-5:8;-4:24;-3:45;-2:47;-1:51;0:1;1:20;2:4",-2.99
8211,7,12,52,"Hit(CW,9,TOUCH)",3,-1.425,1.68653,200,1,"-5:8;-4:9;-3:35;-2:47;-1:60;1:32;2:9",0.63
8211,7,12,53,"Hit(CCW,9,TOUCH)",3,-1.565,1.81818,200,1,"-6:1;-5:6;-4:21;-3:34;-2:52;-1:41;1:37;2:7;3:1",-1.64
8211,7,12,54,"Hit(CW,9,WEAK)",3,-1.425,1.47796,200,1,"-5:2;-4:9;-3:31;-2:65;-1:57;1:32;2:3;3:1",-0.26
8211,7,12,55,"Hit(CCW,9,WEAK)",3,-1.565,1.681,200,1,"-5:5;-4:18;-3:35;-2:56;-1:45;1:37;2:3;3:1",-0.25
8211,7,12,56,"Hit(CW,9,MIDDLE)",3,-1.715,1.72446,200,1,"-5:8;-4:23;-3:40;-2:39;-1:53;1:34;2:3",-0.88
8211,7,12,57,"Hit(CCW,9,MIDDLE)",3,-1.34,1.5762,200,1,"-5:1;-4:10;-3:37;-2:56;-1:51;1:39;2:6",-1.4
8211,7,12,58,"Hit(CW,9,STRONG)",3,-1.545,1.75442,200,1,"-5:10;-4:20;-3:27;-2:43;-1:57;0:1;1:39;2:3",-0.965
8211,7,12,59,"Hit(CCW,9,STRONG)",3,-1.29,1.52837,200,1,"-4:13;-3:27;-2:59;-1:56;1:41;2:4",-1.225
8211,7,12,60,"Freeze(CW,9)",4,-1.24,1.7642,200,1,"-5:3;-4:17;-3:31;-2:41;-1:54;1:45;2:8;3:1",0.2
8211,7,12,61,"Freeze(CCW,9)",4,-1.47,1.66706,200,1,"-5:6;-4:13;-3:34;-2:52;-1:54;1:34;2:7",-1.915
8211,7,12,62,"Hit(CW,11,TOUCH)",3,-1.42,1.62284,200,1,"-5:3;-4:16;-3:32;-2:49;-1:58;1:37;2:5",0.28
8211,7,12,63,"Hit(CCW,11,TOUCH)",3,-1.5,1.72916,200,1,"-5:7;-4:20;-3:33;-2:35;-1:62;0:1;1:38;2:4",-1.78
8211,7,12,64,"Hit(CW,11,WEAK)",3,-1.74,1.5435,200,1,"-5:3;-4:21;-3:42;-2:49;-1:57;1:24;2:4",0.255
8211,7,12,65,"Hit(CCW,11,WEAK)",3,-1.77,1.80751,200,1,"-5:10;-4:28;-3:39;-2:30;-1:57;1:30;2:6",-0.355
8211,7,12,66,"Hit(CW,11,MIDDLE)",3,-1.77,1.69915,200,1,"-5:9;-4:21;-3:40;-2:48;-1:47;1:32;2:3",-1.255
8211,7,12,67,"Hit(CCW,11,MIDDLE)",3,-1.32,1.50917,200,1,"-5:1;-4:6;-3:35;-2:69;-1:41;1:47;2:1",-1.07
8211,7,12,68,"Hit(CW,11,STRONG)",3,-1.715,1.67146,200,1,"-5:4;-4:23;-3:43;-2:51;-1:41;1:35;2:3",-1.23
8211,7,12,69,"Hit(CCW,11,STRONG)",3,-1.47,1.36715,200,1,"-5:2;-4:6;-3:30;-2:75;-1:54;1:32;2:1",-0.915
8211,7,12,70,"Freeze(CW,11)",4,-1.33,1.63741,200,1,"-5:5;-4:11;-3:31;-2:47;-1:60;0:1;1:41;2:3;3:1",-1.35
8211,7,12,71,"Freeze(CCW,11)",4,-1.51,1.833,200,1,"-6:2;-5:9;-4:21;-3:23;-2:44;-1:54;1:45;2:1;3:1",-2.17
8211,7,12,72,"PostGuard(CW,4,0)",7,-2.095,1.74527,200,1,"-6:2;-5:6;-4:36;-3:46;-2:48;-1:34;1:21;2:7",-3
8211,7,12,73,"PostGuard(CCW,4,0)",7,-2.025,1.66864,200,1,"-5:7;-4:35;-3:44;-2:41;-1:46;1:24;2:3",-3
8211,7,12,74,"PostGuard(CW,4,1)",7,-1.755,1.84255,200,1,"-6:1;-5:8;-4:29;-3:41;-2:35;-1:41;1:45",-3
8211,7,12,75,"PostGuard(CCW,4,1)",7,-1.94,1.80455,200,1,"-6:2;-5:8;-4:30;-3:45;-2:41;-1:38;1:33;2:3",-3
8211,7,12,76,"PostGuard(CW,4,2)",7,-2.135,1.99419,200,1,"-6:7;-5:13;-4:37;-3:37;-2:31;-1:38;1:35;2:2",-3
8211,7,12,77,"PostGuard(CCW,4,2)",7,-1.975,1.88531,200,1,"-6:5;-5:11;-4:34;-3:27;-2:40;-1:49;1:32;2:2",-3
8211,7,12,78,"Pass",0,-2.815,1.80576,200,1,"-6:9;-5:20;-4:50;-3:51;-2:28;-1:21;1:21",-3
