game_id,end,shot_num,team,remaining,has_hammer,phase_shot,phase_r,n_stones,n_stones_bin,n_my,n_op,n_my_house,n_op_house,n_house,house_diff,n_my_guard,n_op_guard,n_guard,n_center_guard,center_lane_blocked,n_front_house,n_back_house,n_within_0.61,n_within_1.22,d_no1,no1_mine,d_no2,no1_no2_gap,counting_my,counting_op,score_now,min_pair_dist,mean_nn_dist,x_spread,y_spread,house_mean_nn_dist,house_density,n_cand,q_star,q_2nd,q_gap12,q_median,q_mean,q_min,q_range,q_iqr,q_star_minus_median,n_near_best_025,n_near_best_050,frac_near_best_050,q_sd_mean,q_sd_median,q_sd_best,best_type,n_types,frac_hit,frac_draw,frac_guard,best_type_margin,n_types_near_best_050,best_type_is_hit,best_hist_entropy,best_p_negative,best_p_ge2,qadj_star_l0.5,qadj_best_same_as_q_best_l0.5,qadj_best_type_l0.5,lookahead_gain_best,lookahead_gain_mean,n_cand_ct,K_clusters,n_reps,largest_frac,n_singleton,singleton_frac,size_entropy_norm,mean_cluster_size,type_purity,eta2_q,within_sd_q,between_range_q,best_is_rep,best_cluster_selected,best_cluster_size,rep_q_max,screen_loss,true_top_cluster_selected,rho_cand,rho_cluster,rho_gain,cluster_sd_mean,best_cluster_rank,rho_cluster_risk_l0.5,rho_cand_risk_l0.5,topk_overlap_l0.5,n_seeds_ct,rho_gain_sd,regret_A9P5,regret_A9P5_sd,n_seeds_A9P5,regret_adj_A9P5,regret_adj_A9P5_sd,regret_A11b,regret_A11b_sd,n_seeds_A11b,regret_adj_A11b,regret_adj_A11b_sd,d_A11b_A9P5,dadj_A11b_A9P5
7977,6,14,0,2,0,late,late_r2-4,14,13-16,7,7,7,7,14,0,0,0,0,0,1,7,7,6,12,0.01418547287785671,0,0.29505560837916645,0.28087013550130974,0,4,-4,0.3036838640352964,0.44159459370705456,0.43508556669292114,0.7336336828849028,0.44159459370705456,1.143625594371477,145,-1.635,-1.79,0.15500000000000003,-3.26,-3.15203448275862,-3.92,2.285,0.625,1.6249999999999998,2,6,0.041379310344827586,1.278533144827586,1.27858,1.47369,Hit,6,0.38620689655172413,0.27586206896551724,0.3310344827586207,0.615,1,1,2.2468739688063124,0.855,0.005,-2.371845,1,Hit,,,145.0,29.0,10.0,0.3724137931034483,12.0,0.4137931034482759,0.6514810822890371,5.0,0.6344827586206897,0.7527032998271416,0.22978535432956898,2.2075,0.2,0.4,2.0,-1.932,0.29700000000000004,0.4,0.5603575395243728,0.5167911460394246,-0.043566393484948326,0.9887494902096046,10.8,0.4456151602685443,0.4676064057095294,0.9,5,0.01887409631456152,1.495,0.44770246816384657,5,1.4620999999999997,0.43519496205723684,0.8809999999999999,0.4727631542326454,5,0.8763859999999999,0.4510270747748961,-0.6140000000000002,-0.5857139999999998
3926,6,11,1,5,1,mid,mid_r5-8,11,9-12,5,6,5,6,11,-1,0,0,0,0,1,7,4,4,11,0.009360052610127588,0,0.301312957505979,0.2919529048958514,0,1,-1,0.3062448411572414,0.4286427965624183,0.4315171582871523,0.5183962706158578,0.4286427965624183,0.8985629670061606,123,0.425,0.38,0.044999999999999984,-0.955,-0.8897560975609756,-1.81,2.235,0.25250000000000006,1.38,6,8,0.06504065040650407,1.647981300813008,1.60487,2.03823,Hit,6,0.3902439024390244,0.3089430894308943,0.2926829268292683,1.1,1,1,2.6481851518305324,0.465,0.3,-0.594115,1,Hit,,,123.0,25.0,10.0,0.2601626016260163,9.0,0.36,0.7230757566067733,4.92,0.6666666666666666,0.8572865123976193,0.13826217107010844,2.2125,0.2,0.2,2.0,0.341,0.08399999999999999,0.2,0.09986722879596514,0.2763902642477912,0.17652303545182602,1.5872360775387553,15.2,0.2900227876386568,0.14731749890687174,0.8800000000000001,5,0.10078345260847865,1.875,0.18664806454930094,5,1.848444,0.22487795624515985,1.966,0.10132867313845574,5,1.9585549999999998,0.09333192379888024,0.09099999999999997,0.11011099999999985
3883,1,14,0,2,0,late,late_r2-4,1,0-1,0,1,0,0,0,0,0,1,1,0,0,0,0,0,0,,-1,,,0,0,0,,,,,,0.0,37,-0.075,-0.29,0.21499999999999997,-0.74,-0.6963513513513513,-0.965,0.89,0.16000000000000003,0.665,2,6,0.16216216216216217,0.6193887837837838,0.626418,0.953612,Draw,4,0.10810810810810811,0.7027027027027027,0.16216216216216217,0.645,1,0,1.3301170037619596,0.495,0.0,-0.551806,1,Draw,,,37.0,8.0,8.0,0.21621621621621623,1.0,0.125,0.9389229686062194,4.625,1.0,0.637192193412843,0.0886536661096447,0.61,0.2,1.0,8.0,-0.25999999999999995,0.18499999999999997,1.0,0.46539209600690024,0.8462014258066329,0.3808093297997327,0.5347450424026459,1.8,0.4934324517826125,0.44251844804920315,1.0,5,0.13364800270183735,0.26799999999999996,0.010954451150103258,5,0.23707849999999997,0.01190611909376854,0.27199999999999996,0.01095445115010327,5,0.24142599999999997,0.011906119093768545,0.0040000000000000036,0.004347500000000004
9222,7,5,1,11,1,early,early_r9+,1,0-1,0,1,0,0,0,0,0,0,0,0,0,0,0,0,0,,-1,,,0,0,0,,,,,,0.0,37,1.315,1.29,0.02499999999999991,0.85,0.8502702702702702,0.485,0.83,0.4,0.46499999999999997,8,21,0.5675675675675675,1.9320159459459463,1.94673,2.00394,Draw,4,0.10810810810810811,0.7027027027027027,0.16216216216216217,0.31000000000000005,2,0,2.7324933184373914,0.28,0.475,0.33006500000000005,0,Draw,,,37.0,8.0,8.0,0.3783783783783784,1.0,0.125,0.8418631136888711,4.625,1.0,0.4550572198803226,0.1610423608293979,0.5325,0.0,1.0,14.0,1.147,0.16799999999999998,1.0,0.16196073564150534,0.389152666277348,0.22719193063584261,1.7879266797833266,4.8,0.23333333333333334,0.0873384476636814,1.0,5,0.18352803317424637,0.23699999999999993,0.17824140933015536,5,0.242557,0.19807962867241044,0.32199999999999995,0.2808602855513752,5,0.330063,0.2504614985781248,0.08500000000000002,0.087506
7881,2,15,1,1,1,late,r1,12,9-12,6,6,6,6,12,0,0,0,0,0,1,8,4,2,10,0.014822125959525131,0,0.4882572316156722,0.47343510565614705,0,1,-1,0.37762290525867287,0.5234538528574366,0.5080996970342488,0.7532608307201571,0.5234538528574366,0.980250509461266,129,1.72,1.48,0.24,-1.0,-0.8709689922480619,-1.755,3.4749999999999996,0.0,2.7199999999999998,2,2,0.015503875968992248,0.2855194891472868,0.0,2.06678,Hit,6,0.37209302325581395,0.29457364341085274,0.32558139534883723,2.7199999999999998,1,1,2.108873391677536,0.325,0.62,0.6866099999999999,1,Hit,,,129.0,26.0,10.0,0.8062015503875969,25.0,0.9615384615384615,0.3423769823423499,4.961538461538462,0.5658914728682171,0.01511942008393787,0.5686562666599977,0.160048076923077,0.0,1.0,104.0,0.285,1.435,1.0,0.5667678395997436,1.0,0.43323216040025636,0.0314131494461271,1.0,1.0,0.40123504281621336,0.9,5,0.0,1.435,0.0,5,1.116415,0.0,1.435,0.0,5,1.116415,0.0,0.0,0.0
6406,1,10,0,6,0,mid,mid_r5-8,3,2-4,1,2,1,2,3,-1,0,0,0,0,0,1,2,2,2,0.0022233709268578363,0,0.4384417636357202,0.43621839270886237,0,2,-2,0.4365568471719112,0.6001684149769125,0.5203338332536309,0.14628069668354318,0.6001684149769125,0.2450626273653165,59,-0.385,-0.435,0.04999999999999999,-1.17,-1.073813559322034,-1.655,1.27,0.4724999999999999,0.7849999999999999,5,19,0.3220338983050847,1.7285954237288137,1.7085,1.70786,Draw,6,0.2711864406779661,0.5084745762711864,0.2033898305084746,0.15500000000000003,3,0,2.380744465258137,0.575,0.125,-1.2389299999999999,1,Draw,,,59.0,12.0,10.0,0.13559322033898305,3.0,0.25,0.9304178119030612,4.916666666666667,0.7966101694915254,0.7852713003680415,0.13800716777469144,0.6591666666666668,0.0,1.0,5.0,-0.5890000000000001,0.20400000000000001,1.0,0.2634724721363903,0.4993797619403044,0.23590728980391415,1.7195283889397572,2.8,0.5631123479094465,0.28761187777703173,0.9400000000000001,5,0.09789098698137541,0.316,0.22333830840229804,5,0.3178010000000001,0.20868859657992822,0.39599999999999996,0.1633018677174269,5,0.3829460000000001,0.1629848155273981,0.07999999999999996,0.06514500000000001
8452,5,15,1,1,1,late,r1,15,13-16,8,7,8,6,14,2,0,1,1,1,1,11,3,6,13,0.15058174883099099,1,0.3529086573038427,0.2023269084728517,1,0,1,0.29942263131566765,0.36087435508020693,0.4365047461459077,0.6140298865690494,0.33942703497560994,1.143625594371477,153,1.935,1.93,0.0050000000000001155,1.0,0.866732026143791,-1.51,3.4450000000000003,0.0,0.935,2,7,0.0457516339869281,0.26027919215686274,0.0,0.246526,Hit,8,0.35294117647058826,0.2875816993464052,0.35294117647058826,0.49,2,1,0.34698128810061335,0.0,0.935,1.8117370000000002,1,Hit,,,153.0,31.0,10.0,0.803921568627451,30.0,0.967741935483871,0.3383294860212367,4.935483870967742,0.5359477124183006,0.020344098803349194,0.6481282328570886,0.5308536585365855,0.0,1.0,123.0,1.36,0.575,1.0,0.5709861418675929,0.5966984201371583,0.02571227826956546,0.023271849516369278,31.0,0.5966984201371583,0.5161190316579237,1.0,5,0.0,0.615,0.0,5,0.7948870000000001,0.0,0.615,0.0,5,0.7948870000000001,0.0,0.0,0.0
1028,6,15,1,1,1,late,r1,15,13-16,8,7,8,7,15,1,0,0,0,0,1,11,4,4,12,0.2320554152977253,1,0.23580853301778537,0.0037531177200600674,1,0,1,0.30138272144235656,0.4219444519719928,0.45618251718167874,0.6454421614159812,0.4219444519719928,1.2253131368265826,151,1.0,1.0,0.0,1.0,-0.1473841059602649,-4.71,5.71,2.2125,0.0,94,100,0.6622516556291391,0.5775171390728477,0.0,0.0,Draw,6,0.3708609271523179,0.26490066225165565,0.3576158940397351,0.0,6,0,-0.0,0.0,0.0,1.0,1,Draw,,,151.0,31.0,10.0,0.8013245033112583,30.0,0.967741935483871,0.3419626486511174,4.870967741935484,0.5695364238410596,0.1074060435462103,1.83986166972737,1.4318595041322313,0.0,1.0,121.0,1.0,0.0,0.0,0.8022782419823502,1.0,0.1977217580176498,0.06525222821159131,31.0,1.0,0.7968310701941422,1.0,5,0.0,0.2299999999999999,0.0,5,0.5643275,0.0,0.2299999999999999,0.0,5,0.5643275,0.0,0.0,0.0
2596,1,14,0,2,0,late,late_r2-4,14,13-16,7,7,7,7,14,0,0,0,0,0,1,9,5,6,12,0.2050375341272904,1,0.3137797109836782,0.10874217685638779,2,0,2,0.2949209172486073,0.4086926556264054,0.511515288034565,0.6949194110154953,0.4086926556264054,1.143625594371477,145,1.97,1.965,0.004999999999999893,1.51,1.464551724137931,0.65,1.3199999999999998,0.20500000000000007,0.45999999999999996,22,87,0.6,0.9029097379310345,0.779679,0.457275,PostGuard,6,0.38620689655172413,0.27586206896551724,0.3310344827586207,0.07000000000000006,6,0,0.7846218756660164,0.005,0.915,1.7626545,0,PostGuard,,,145.0,29.0,10.0,0.2482758620689655,10.0,0.3448275862068966,0.7718287674208493,5.0,0.6827586206896552,0.6227440306606409,0.15550286473115024,1.1925000000000001,0.0,0.6,36.0,1.767,0.20299999999999993,0.2,0.3846487388784397,0.279618193248541,-0.10503054562989873,0.8404843922631503,10.0,0.15491249345010882,0.3807016282476382,0.8800000000000001,5,0.04289810104275844,1.178,0.17286555469497092,5,1.7962825000000002,0.19708427596462366,1.1509999999999998,0.317596442045562,5,1.7755984999999999,0.3092921341830406,-0.027000000000000135,-0.02068400000000037
4748,1,3,1,13,1,early,early_r9+,2,2-4,1,1,1,1,2,0,0,0,0,0,0,2,0,1,2,0.34483096172037614,0,0.6299526034901355,0.28512164176975935,0,1,-1,0.9473629474288089,0.9473629474288089,0.4706845,0.05320000000000036,0.9473629474288089,0.16337508491021102,49,0.985,0.935,0.04999999999999993,0.655,0.6210204081632654,0.21,0.775,0.335,0.32999999999999996,17,34,0.6938775510204082,2.0008346938775508,1.99974,1.8721,Hit,6,0.16326530612244897,0.5714285714285714,0.24489795918367346,0.07499999999999996,5,1,2.5908791844822927,0.315,0.4,0.04894999999999994,1,Hit,,,49.0,10.0,10.0,0.24489795918367346,2.0,0.2,0.9172644747925618,4.9,0.7959183673469388,0.5016459200167448,0.13649265337866348,0.39583333333333337,0.2,1.0,6.0,0.925,0.05999999999999996,1.0,0.052506648376665056,0.30970308239370337,0.2571964340170383,1.9591724782696485,3.8,0.35272727272727267,0.008466182197762148,1.0,5,0.2599626773834473,0.3169999999999999,0.2574538793648292,5,0.39087199999999983,0.2888063787730458,0.3429999999999999,0.15205262246998572,5,0.394572,0.09566866425324441,0.026000000000000023,0.0037000000000001476
9206,3,13,1,3,1,late,late_r2-4,2,2-4,1,1,1,1,2,0,0,0,0,0,1,2,0,1,2,0.28898727765076676,0,1.0431921163505806,0.7542048386998139,0,1,-1,0.7719536419785841,0.7719536419785841,0.347279,0.16845,0.7719536419785841,0.16337508491021102,49,1.73,1.66,0.07000000000000006,-0.315,-0.016734693877551027,-0.855,2.585,0.71,2.045,3,7,0.14285714285714285,1.4927455102040816,1.50652,1.43774,Hit,6,0.16326530612244897,0.5714285714285714,0.24489795918367346,0.07000000000000006,2,1,1.8896205850892915,0.175,0.67,1.01113,1,Hit,,,49.0,10.0,10.0,0.22448979591836732,3.0,0.3,0.8966247171057129,4.9,0.7551020408163265,0.9076958550348696,0.1944804596004394,2.36625,0.0,1.0,6.0,1.6599999999999997,0.07000000000000006,1.0,0.589833464632961,0.834998388132963,0.24516492350000202,1.3940201306075881,1.0,0.8054167256352779,0.5658537540476718,1.0,5,0.07280218743531848,0.42400000000000004,0.323156308928048,5,0.4257020000000001,0.29867037199477947,0.07,0.0,5,0.0985250000000002,0.0,-0.35400000000000004,-0.3271769999999999
5859,1,6,0,10,0,mid,early_r9+,4,2-4,2,2,2,2,4,0,0,0,0,0,1,2,2,4,4,0.21957962268671255,1,0.23572835600413383,0.016148733317421282,1,0,1,0.3852683735972122,0.387977138465162,0.14052261605667565,0.3788128660697798,0.387977138465162,0.32675016982042204,65,-0.015,-0.22,0.20500000000000002,-0.625,-0.6077692307692308,-1.0,0.985,0.20999999999999996,0.61,3,18,0.27692307692307694,1.9285818461538464,1.93285,1.98363,Draw,6,0.24615384615384617,0.46153846153846156,0.27692307692307694,0.245,4,0,2.640499767533917,0.515,0.25,-1.006815,1,Draw,,,65.0,13.0,10.0,0.36923076923076925,5.0,0.38461538461538464,0.7637573284708598,5.0,0.6615384615384615,0.5417497958483847,0.1290219288708927,0.6625,0.4,1.0,4.0,-0.174,0.15899999999999997,1.0,0.09475548205851683,0.14279882014025874,0.048043338081741924,1.695598551176576,3.0,0.04285714285714285,0.056902678228989735,0.9200000000000002,5,0.11773978393718117,0.418,0.33336541512280493,5,0.36203899999999994,0.3244154902166356,0.446,0.2634720098985848,5,0.404815,0.24164473362252278,0.028000000000000025,0.042776000000000036
6871,4,5,1,11,1,early,early_r9+,5,5-8,3,2,3,2,5,1,0,0,0,0,1,3,2,3,5,0.35795637714226186,1,0.4822865077119577,0.12433013056969583,2,0,2,0.39475779758227636,0.48462785532219643,0.30216578722224924,0.49410742394746626,0.48462785532219643,0.40843771227552755,71,1.32,1.18,0.14000000000000012,0.71,0.6915492957746479,0.3,1.02,0.26749999999999985,0.6100000000000001,2,17,0.23943661971830985,2.044839154929577,2.04499,2.0634,Draw,6,0.22535211267605634,0.4225352112676056,0.3380281690140845,0.14000000000000012,4,0,2.7365142754446796,0.24,0.44,0.2883,1,Draw,,,71.0,15.0,10.0,0.2535211267605634,6.0,0.4,0.8149106051292072,4.733333333333333,0.7323943661971831,0.4060608158512465,0.14750811099378638,0.47666666666666657,0.0,1.0,18.0,0.899,0.4210000000000001,0.6,0.10688836676593767,0.26595565802137033,0.15906729125543267,1.8700852619380206,8.4,0.13711922855393668,0.07822851679308818,0.9400000000000001,5,0.1265795665782025,0.6060000000000001,0.1387173384981128,5,0.627049,0.07337528095346546,0.475,0.111579568022107,5,0.460895,0.11591677946915192,-0.13100000000000012,-0.16615399999999997
7163,3,13,1,3,1,late,late_r2-4,6,5-8,2,4,2,4,6,-2,0,0,0,0,0,3,3,2,3,0.11160692688825569,0,0.44124018370497436,0.3296332568167187,0,1,-1,0.3741416695796391,0.6963795788748359,1.1808856106690717,0.44364115754364714,0.6963795788748359,0.490125254730633,85,2.465,2.285,0.17999999999999972,0.55,0.6668235294117646,-0.48,2.945,0.39,1.9149999999999998,2,2,0.023529411764705882,1.8312270588235295,1.84529,1.4418,Hit,6,0.3764705882352941,0.4,0.21176470588235294,0.6749999999999998,1,1,2.235501134919471,0.07,0.765,1.7441,1,Hit,,,85.0,17.0,10.0,0.18823529411764706,6.0,0.35294117647058826,0.886177120017239,5.0,0.7176470588235294,0.7951962103135277,0.2455480313311996,1.8558333333333334,0.2,1.0,6.0,2.101,0.3639999999999998,1.0,0.5436898664047505,0.6350767895408067,0.09138692313605619,1.682643410768869,2.0,0.6215686274509805,0.5251419491637662,1.0,5,0.13314011810430776,0.5769999999999997,0.3985693164306556,5,0.6390819999999999,0.38586606362506165,0.4469999999999999,0.46007608066492656,5,0.4926969999999999,0.4592991871808615,-0.12999999999999984,-0.14638500000000004
5807,0,8,0,8,0,mid,mid_r5-8,6,5-8,3,3,3,3,6,0,0,0,0,0,1,3,3,3,6,0.22126171786949797,1,0.32838561208585276,0.10712389421635479,2,0,2,0.38897009830006246,0.5298505136282948,0.5561160692019926,0.35717060077161505,0.5298505136282948,0.490125254730633,81,0.03,-0.015,0.045,-0.38,-0.3920370370370371,-1.265,1.295,0.24,0.41000000000000003,14,57,0.7037037037037037,2.0142104938271608,2.0267,2.10454,Hit,6,0.2962962962962963,0.3950617283950617,0.2962962962962963,0.045,5,1,2.7537374863723514,0.52,0.24,-1.02227,1,Hit,,,81.0,17.0,10.0,0.24691358024691357,6.0,0.35294117647058826,0.8212070844630969,4.764705882352941,0.7037037037037037,0.6669240258357457,0.1263290889716596,0.796875,0.2,0.8,6.0,-0.078,0.10800000000000001,0.8,0.05241819963104318,0.05648521945329453,0.0040670198222513415,1.8695494827459869,8.2,0.011982595857006534,0.033473715197467835,0.9,5,0.14930408356278502,0.671,0.26798787285994863,5,0.6470739999999999,0.22338271414771563,0.655,0.2545093318524883,5,0.619074,0.2439483625278104,-0.016000000000000014,-0.027999999999999914
5567,2,15,1,1,1,late,r1,12,9-12,6,6,6,6,12,0,0,0,0,0,1,9,3,6,10,0.14966462332829378,0,0.1927494832574151,0.04308485992912131,0,1,-1,0.29411596195378176,0.41448157103171074,0.5577148116449688,0.5575132212557833,0.41448157103171074,0.980250509461266,129,1.93,1.885,0.04499999999999993,-0.98,-0.13213178294573644,-2.26,4.1899999999999995,2.04,2.91,12,16,0.12403100775193798,0.44366627906976747,0.253722,0.308383,Hit,6,0.37209302325581395,0.29457364341085274,0.32558139534883723,0.05499999999999994,2,1,0.35227393017269426,0.005,0.94,1.7758085,1,Hit,,,129.0,26.0,10.0,0.8062015503875969,25.0,0.9615384615384615,0.3423769823423499,4.961538461538462,0.5658914728682171,0.14782095256156252,1.1368045200998185,1.076298076923077,0.0,1.0,104.0,1.535,0.395,1.0,0.8319099917993773,0.7211102550927979,-0.11079973670657939,0.05070615581906057,1.0,0.7211102550927979,0.8313921477344147,1.0,5,0.0,0.395,0.0,5,0.740502,0.0,0.395,0.0,5,0.740502,0.0,0.0,0.0
2507,3,11,1,5,1,mid,mid_r5-8,10,9-12,5,5,5,4,9,1,0,0,0,0,1,5,4,2,6,0.11571993156997264,0,0.5292780057483966,0.41355807417842394,0,1,-1,0.2927845965893745,0.615557193065499,0.806156484553792,0.9415142559196855,0.5064971014727425,0.7351878820959495,107,1.715,1.665,0.050000000000000044,0.215,0.30014018691588773,-0.31,2.025,0.4175,1.5,3,6,0.056074766355140186,2.118046261682243,2.12441,2.18261,Hit,6,0.3364485981308411,0.3177570093457944,0.3364485981308411,0.9900000000000001,1,1,2.765906397488888,0.275,0.57,0.6236950000000001,1,Hit,,,107.0,22.0,10.0,0.2803738317757009,8.0,0.36363636363636365,0.7498826311346027,4.863636363636363,0.7009345794392523,0.8243629713652316,0.17823271278451233,1.775,0.4,0.8,2.0,1.682,0.0330000000000001,1.0,0.3536813930368769,0.6260689418347241,0.2723875487978472,1.9971997125700003,7.6,0.6633597860320031,0.3874769538936295,0.96,5,0.14038062810205248,0.4050000000000001,0.5333385416412356,5,0.3845720000000001,0.5015170610582457,0.6300000000000001,0.5294690736955275,5,0.6119370000000001,0.5002313592304065,0.22500000000000003,0.22736499999999998
7006,3,15,1,1,1,late,r1,14,13-16,7,7,7,7,14,0,0,0,0,0,1,12,2,6,12,0.07914776878750233,0,0.2963113287220048,0.21716355993450243,0,1,-1,0.29027673864614373,0.34740970615113703,0.43869286430681353,0.5694621806169943,0.34740970615113703,1.143625594371477,145,-0.97,-0.97,0.0,-1.0,-0.999758620689655,-1.01,0.040000000000000036,0.0,0.030000000000000027,145,145,1.0,0.008146686206896554,0.0,0.314802,Hit,6,0.38620689655172413,0.27586206896551724,0.3310344827586207,0.030000000000000027,6,1,0.09079313589591118,0.99,0.005,-1.0,0,Draw,,,145.0,29.0,10.0,0.8068965517241379,28.0,0.9655172413793103,0.33681389250740446,5.0,0.5793103448275863,0.0009331924022359857,0.004301192355585001,0.0002991452991453203,0.0,1.0,117.0,-1.0,0.030000000000000027,1.0,,,,0.0,1.0,,,1.0,5,,0.03,0.0,5,0.0,0.0,0.03,0.0,5,0.0,0.0,0.0,0.0
1984,6,4,0,12,0,early,early_r9+,3,2-4,1,2,1,2,3,-1,0,0,0,0,1,2,1,3,3,0.4659920091256923,1,0.4762142346529466,0.010222225527254325,1,0,1,0.7752851440960289,0.7877738227350942,0.29910147653771657,0.39344495873699487,0.7877738227350942,0.2450626273653165,59,-0.31,-0.41,0.09999999999999998,-0.75,-0.7399152542372881,-1.09,0.78,0.23749999999999993,0.44,9,36,0.6101694915254238,2.034315593220339,2.02731,1.94008,PostGuard,6,0.2711864406779661,0.5084745762711864,0.2033898305084746,0.09999999999999998,5,0,2.6077736656896047,0.55,0.16,-1.28004,1,PostGuard,,,59.0,12.0,10.0,0.3389830508474576,4.0,0.3333333333333333,0.7790966612337228,4.916666666666667,0.7627118644067796,0.3338512398881408,0.13750026851786692,0.3425,0.2,1.0,12.0,-0.44800000000000006,0.13799999999999998,0.8,0.1017485475385409,0.17457465615126536,0.07282610861272446,1.8477417599431996,7.0,0.10769230769230767,0.13929171304958293,0.9399999999999998,5,0.35715762088432446,0.24499999999999997,0.05678908345800276,5,0.23918699999999987,0.05390535926510453,0.304,0.10824740181639463,5,0.32504299999999986,0.1294107441250533,0.059000000000000025,0.08585599999999999
1845,7,14,0,2,0,late,late_r2-4,3,2-4,2,1,2,1,3,1,0,0,0,0,0,1,2,1,2,0.06426342403607241,1,0.774913088516966,0.7106496644808936,2,0,2,0.7142861975101845,0.9397579341519767,0.3115253058181122,0.7982388155600244,0.9397579341519767,0.2450626273653165,55,1.44,1.255,0.18500000000000005,0.08,0.1587272727272727,-0.6,2.04,1.0875,1.3599999999999999,3,9,0.16363636363636364,1.3914945454545453,1.34235,1.54803,PostGuard,6,0.14545454545454545,0.509090909090909,0.32727272727272727,0.18500000000000005,2,0,2.1232952816879,0.185,0.63,0.6659849999999999,1,PostGuard,,,55.0,11.0,10.0,0.2545454545454545,2.0,0.18181818181818182,0.8888635157830519,5.0,0.7454545454545455,0.4868412831636076,0.38765766759231596,1.1738888888888888,0.4,1.0,9.0,1.188,0.25199999999999995,1.0,0.6578719652656758,0.6881683436530239,0.03029637838734802,1.3181921614002707,1.2,0.6581818181818183,0.65909482527724,0.9800000000000001,5,0.15999864628497432,0.354,0.20403431084011336,5,0.433378,0.23724622369492002,0.385,0.37354718577443463,5,0.444441,0.4221099346201177,0.031000000000000028,0.01106299999999999
5780,2,6,0,10,0,mid,early_r9+,2,2-4,1,1,1,1,2,0,0,0,0,0,0,1,1,1,2,0.5942243752733481,1,0.871516726423538,0.2772923511501898,1,0,1,1.1165099888711258,1.1165099888711258,0.2115965,0.5166000000000004,1.1165099888711258,0.16337508491021102,49,-0.375,-0.485,0.10999999999999999,-0.86,-0.8423469387755101,-1.19,0.815,0.30500000000000005,0.485,8,25,0.5102040816326531,1.9552791836734695,1.96632,1.8315,Hit,6,0.16326530612244897,0.5714285714285714,0.24489795918367346,0.135,4,1,2.4484871580882523,0.615,0.13,-1.29075,1,Hit,,,49.0,10.0,10.0,0.20408163265306123,2.0,0.2,0.9270973315923852,4.9,0.7551020408163265,0.33941558395747295,0.16090823216864633,0.42833333333333334,0.0,1.0,6.0,-0.585,0.20999999999999996,1.0,0.20978715316448845,0.45549076881593875,0.2457036156514502,1.846900331961486,2.2,0.4375757575757575,0.22190641608858072,1.0,5,0.22648306606918567,0.31099999999999994,0.10206615501722405,5,0.2736909999999999,0.18973928218742683,0.21699999999999992,0.0965401470891774,5,0.1589849999999999,0.1573918881327751,-0.09400000000000003,-0.114706
8645,7,5,1,11,1,early,early_r9+,5,5-8,3,2,3,2,5,1,0,0,0,0,1,2,3,4,5,0.17290126144421308,0,0.2849665692954158,0.11206530785120272,0,1,-1,0.4110911396685798,0.47239452410947597,0.13639162107302044,0.5006172885548416,0.47239452410947597,0.40843771227552755,71,0.92,0.835,0.08500000000000008,0.615,0.5590845070422535,0.14,0.78,0.33999999999999997,0.30500000000000005,26,50,0.704225352112676,1.9847581690140845,1.99539,1.96306,Hit,6,0.22535211267605634,0.4225352112676056,0.3380281690140845,0.08500000000000008,5,1,2.627995868630726,0.355,0.4,-0.061529999999999974,1,Hit,,,71.0,15.0,10.0,0.2535211267605634,5.0,0.3333333333333333,0.8208649290372108,4.733333333333333,0.7323943661971831,0.5599977007242687,0.12711378667266152,0.4450000000000001,0.6,1.0,2.0,0.8789999999999999,0.041000000000000036,0.4,0.1620610500483053,0.023410441924050774,-0.1386506081242545,1.8382509537390366,3.0,0.013571428571428573,0.16141421545316123,0.9199999999999999,5,0.18354007430462105,0.279,0.20308249555291563,5,0.24758799999999997,0.23302154161686428,0.185,0.06010407640085653,5,0.15112899999999999,0.05474233832236257,-0.09400000000000003,-0.09645899999999999
6132,0,13,1,3,1,late,late_r2-4,7,5-8,4,3,4,3,7,1,0,0,0,0,1,4,3,5,6,0.06325034617486476,1,0.3061811460965566,0.24293079992169186,3,0,3,0.29758690487990336,0.5458766033556187,0.3969943315187402,0.6004004259063885,0.5458766033556187,0.5718127971857385,87,2.62,2.485,0.13500000000000023,2.175,2.109425287356322,1.445,1.175,0.4025000000000001,0.4450000000000003,9,52,0.5977011494252874,1.2564643678160918,1.16859,1.16859,Draw,6,0.27586206896551724,0.367816091954023,0.3448275862068966,0.13500000000000023,6,0,2.130222588187827,0.025,0.85,2.035705,1,Draw,,,87.0,18.0,10.0,0.27586206896551724,6.0,0.3333333333333333,0.7935042088277037,4.833333333333333,0.735632183908046,0.6939751927743896,0.12047301259283347,0.8410416666666667,0.2,1.0,19.0,2.371,0.2490000000000001,1.0,0.33395284496886557,0.5786376997695408,0.24468485480067512,1.1093649382704,4.2,0.6005334488775536,0.3720910404804266,0.9199999999999999,5,0.07119030753950749,0.49300000000000016,0.34479341641046457,5,0.5654240000000001,0.456953176668573,0.343,0.1496078206511946,5,0.308986,0.15755648218972138,-0.15000000000000013,-0.25643800000000017
3339,4,10,0,6,0,mid,mid_r5-8,5,5-8,3,2,3,2,5,1,0,0,0,0,1,2,3,1,2,0.1904200005146532,0,0.9896158927200006,0.7991958922053475,0,2,-2,0.3519618986481325,0.7397810485470547,0.7001852360608298,0.6214209986796387,0.7397810485470547,0.40843771227552755,71,-0.305,-0.36,0.05499999999999999,-0.945,-0.91,-1.465,1.1600000000000001,0.28500000000000003,0.6399999999999999,4,21,0.29577464788732394,1.8555540845070426,1.85331,1.77256,Freeze,6,0.22535211267605634,0.4225352112676056,0.3380281690140845,0.15500000000000003,5,0,2.4107779917943883,0.55,0.115,-1.19128,1,Freeze,,,71.0,15.0,10.0,0.2535211267605634,4.0,0.26666666666666666,0.840821621612472,4.733333333333333,0.7183098591549296,0.6274223193375711,0.12486322562462022,0.866,0.6,0.8,3.0,-0.409,0.10400000000000001,1.0,0.18268928240327614,0.275776781844617,0.09308749944134088,1.7149976790876373,4.8,0.23861868574926945,0.19035867882520408,0.9400000000000001,5,0.18108053065265403,0.22999999999999998,0.16941074346097415,5,0.25469300000000006,0.16153591410271587,0.363,0.11233877335986896,5,0.38862700000000006,0.09768659430802157,0.133,0.133934
3566,6,14,0,2,0,late,late_r2-4,12,9-12,6,6,6,6,12,0,0,0,0,0,1,7,5,8,11,0.11112070014178263,1,0.2941935852301334,0.18307288508835076,1,0,1,0.293653475867388,0.34859873212220066,0.319321270510811,0.49808821591494584,0.34859873212220066,0.980250509461266,129,1.01,1.005,0.0050000000000001155,0.905,0.6829457364341085,-1.26,2.27,0.255,0.10499999999999998,91,108,0.8372093023255814,0.6540406333333333,0.491833,0.264386,Draw,6,0.37209302325581395,0.29457364341085274,0.32558139534883723,0.0050000000000001155,6,0,0.2747433140607801,0.01,0.03,1.0,0,PostGuard,,,129.0,26.0,10.0,0.2713178294573643,6.0,0.23076923076923078,0.7435424473809369,4.961538461538462,0.6976744186046512,0.9529093466524075,0.08633801264203707,2.2075,0.2,1.0,35.0,1.002,0.008000000000000007,1.0,0.5697644229877629,0.46418375922133404,-0.10558066376642865,0.8735701959779275,8.8,0.5458004873860997,0.6211512996515045,0.96,5,0.07781002351637713,0.388,0.2906157256584716,5,0.8296148999999999,0.4667348667568666,0.861,0.7413534919321552,5,1.457236,0.8367877634845649,0.473,0.6276211
5523,3,9,1,7,1,mid,mid_r5-8,9,9-12,5,4,5,4,9,1,0,0,0,0,1,5,4,6,9,0.16114699267749127,0,0.30062899078432276,0.13948199810683148,0,3,-3,0.32238576542534886,0.4271299593096109,0.32137624596208947,0.5647353403952661,0.4271299593096109,0.7351878820959495,103,0.74,0.68,0.05999999999999994,-0.195,-0.24616504854368929,-1.075,1.815,0.505,0.935,4,10,0.0970873786407767,1.9581179611650485,1.93845,1.9602,Hit,6,0.3106796116504854,0.3300970873786408,0.34951456310679613,0.655,1,1,2.6795569301034257,0.35,0.37,-0.24009999999999998,1,Hit,,,103.0,21.0,10.0,0.45631067961165056,11.0,0.5238095238095238,0.618517744018145,4.904761904761905,0.6699029126213593,0.6648862315452172,0.2223888020406907,1.3596153846153847,1.0,1.0,1.0,0.74,0.0,1.0,0.36125345991226493,0.3628904993257411,0.0016370394134761213,1.8087019607259571,4.4,0.42146601648141624,0.356827936418708,0.9,5,0.13038515833216346,0.027000000000000003,0.06037383539249433,5,0.020953,0.04685233233255309,0.0,0.0,5,0.0,0.0,-0.027000000000000003,-0.020953
7015,5,14,0,2,0,late,late_r2-4,14,13-16,7,7,7,7,14,0,0,0,0,0,1,9,5,5,14,0.20450949402441743,0,0.2609537093988129,0.05644421537439548,0,3,-3,0.30612015185054137,0.40353114676231117,0.43699906801440813,0.6169548953182415,0.40353114676231117,1.143625594371477,145,-1.135,-1.88,0.7449999999999999,-3.145,-3.050724137931035,-3.735,2.5999999999999996,0.29499999999999993,2.01,1,1,0.006896551724137931,0.9134988758620689,0.803103,1.92789,Draw,6,0.38620689655172413,0.27586206896551724,0.3310344827586207,0.7449999999999999,1,0,2.1862866282116338,0.62,0.0,-2.098945,1,Draw,,,145.0,29.0,10.0,0.2620689655172414,8.0,0.27586206896551724,0.7499909572142948,5.0,0.7310344827586207,0.8432676040522654,0.13446376219688783,2.4400000000000004,1.0,1.0,1.0,-1.135,0.0,1.0,0.5989712417068624,0.6751919462264395,0.07622070451957708,0.6739579658268816,2.2,0.5915281448167782,0.48569286423966246,0.9400000000000001,5,0.030676167502556095,2.164,0.01917028951268064,5,1.6304368,0.04650547919009082,1.741,0.9733665804823998,5,1.3281233999999997,0.7433533153926871,-0.42300000000000004,-0.3023134000000003
743,7,3,1,13,1,early,early_r9+,3,2-4,2,1,2,1,3,1,0,0,0,0,1,2,1,3,3,0.13922010521472836,0,0.39759931451454966,0.2583792092998213,0,1,-1,0.4130406358275671,0.4257335723557047,0.06763700154769002,0.33665912862848374,0.4257335723557047,0.2450626273653165,55,0.98,0.97,0.010000000000000009,0.585,0.5993636363636364,0.18,0.8,0.21499999999999997,0.395,12,43,0.7818181818181819,2.038584909090909,2.0342,2.15861,Draw,6,0.14545454545454545,0.509090909090909,0.32727272727272727,0.16999999999999993,5,0,2.8517002391257953,0.325,0.41,-0.07272499999999993,0,Draw,,,55.0,11.0,10.0,0.2545454545454545,2.0,0.18181818181818182,0.8621320287650471,5.0,0.7272727272727273,0.5714110355334403,0.10543978975843596,0.4016666666666667,0.4,1.0,6.0,0.942,0.03799999999999999,1.0,0.10301807746214217,0.27304773120082926,0.17002965373868711,1.962994385892453,5.4,0.2854545454545455,0.11160973402225449,0.9800000000000001,5,0.24478125425283367,0.45899999999999996,0.06484597134749391,5,0.396675,0.054390503422012945,0.38899999999999996,0.12905425215776506,5,0.3238130000000001,0.14689580021225926,-0.07,-0.07286199999999993
1014,4,15,1,1,1,late,r1,4,2-4,3,1,3,1,4,2,0,0,0,0,1,2,2,3,4,0.20015348392921029,1,0.303902371838388,0.10374888790917769,1,0,1,0.3875847366241334,0.4695474412925491,0.30894739653570075,0.2802547178461065,0.4695474412925491,0.32675016982042204,61,3.325,1.965,1.36,1.0,0.9392622950819672,-0.845,4.17,0.0,2.325,1,1,0.01639344262295082,0.35029099999999996,0.0,1.27255,Draw,6,0.13114754098360656,0.45901639344262296,0.39344262295081966,1.7850000000000001,1,0,1.4712005639088976,0.05,0.91,2.6887250000000003,1,Draw,,,61.0,13.0,10.0,0.8032786885245902,12.0,0.9230769230769231,0.38388966872551344,4.6923076923076925,0.6229508196721312,0.002848815529457257,0.627431297688799,0.07561224489795915,1.0,1.0,49.0,3.325,0.0,1.0,0.6414621296284959,1.0,0.3585378703715041,0.060107346056755565,13.0,1.0,0.48606216274095654,1.0,5,0.0,0.0,0.0,5,0.0,0.0,0.0,0.0,5,0.0,0.0,0.0,0.0
3900,0,10,0,6,0,mid,mid_r5-8,3,2-4,2,1,2,1,3,1,0,0,0,0,0,2,1,2,2,0.23096763425815714,0,0.3754381974186974,0.14447056316054024,0,1,-1,0.5290806211246183,0.8823660939115832,0.29515379415947807,0.7685858052293172,0.8823660939115832,0.2450626273653165,55,0.305,0.025,0.27999999999999997,-0.69,-0.6002727272727271,-1.015,1.3199999999999998,0.365,0.9949999999999999,1,6,0.10909090909090909,1.7577809090909087,1.77228,1.74126,Draw,6,0.14545454545454545,0.509090909090909,0.32727272727272727,0.325,4,0,2.4156251680548655,0.43,0.275,-0.5656300000000001,1,Draw,,,55.0,11.0,10.0,0.32727272727272727,5.0,0.4545454545454545,0.7657424651867702,5.0,0.7636363636363637,0.4660008623571895,0.2051803781030531,0.7649999999999999,0.4,1.0,4.0,0.119,0.186,1.0,0.25748854763535023,0.5261450870018474,0.26865653936649714,1.5593681256616325,3.2,0.628490722905578,0.314106902258717,1.0,5,0.21271380502476192,0.40199999999999997,0.4315176705535939,5,0.372456,0.39568201201217124,0.33399999999999996,0.35772545338569356,5,0.331327,0.3488157885188112,-0.068,-0.04112900000000003
4543,6,5,1,11,1,early,early_r9+,5,5-8,3,2,3,2,5,1,0,0,0,0,1,3,2,3,5,0.13130816754219596,0,0.24922206087142698,0.11791389332923102,0,2,-2,0.3312899237877462,0.4848831849415938,0.20299042271219594,0.5178741839481866,0.4848831849415938,0.40843771227552755,71,1.09,0.895,0.19500000000000006,0.535,0.5112676056338027,-0.02,1.11,0.39749999999999996,0.555,5,29,0.4084507042253521,2.008315633802817,1.9956,2.06444,Hit,6,0.22535211267605634,0.4225352112676056,0.3380281690140845,0.19500000000000006,4,1,2.792863151398793,0.285,0.405,0.057780000000000165,1,Hit,,,71.0,15.0,10.0,0.28169014084507044,8.0,0.5333333333333333,0.7897713487331965,4.733333333333333,0.7183098591549296,0.6311049290877832,0.14930165469692197,0.8480000000000001,0.6,0.6,1.0,0.983,0.10700000000000003,0.6,0.14077717646840024,0.24052211440925597,0.09974493794085573,1.845919376691827,5.6,0.3450466185673295,0.15591480971429833,0.9,5,0.16499562608563206,0.3430000000000001,0.225211012164148,5,0.2804530000000002,0.19477921268708331,0.22000000000000006,0.20099751242241787,5,0.21642800000000006,0.197575648094597,-0.12300000000000003,-0.06402500000000011
9231,5,14,0,2,0,late,late_r2-4,8,5-8,3,5,3,5,8,-2,0,0,0,0,1,3,5,6,7,0.2170906649547374,1,0.3487157213103536,0.13162505635561622,1,0,1,0.3306363919610179,0.4961291307266907,0.5643504517403719,0.37330468705201214,0.4961291307266907,0.6535003396408441,101,2.025,1.89,0.135,1.34,1.1734158415841582,-0.41,2.435,0.20999999999999996,0.6849999999999998,5,15,0.1485148514851485,0.9402074455445543,0.746927,0.808934,Hit,6,0.39603960396039606,0.3564356435643564,0.2376237623762376,0.135,3,1,1.6189866875619563,0.015,0.795,1.620533,1,Hit,,,101.0,21.0,10.0,0.21782178217821785,8.0,0.38095238095238093,0.7858230005670651,4.809523809523809,0.6534653465346535,0.892635436132424,0.12386015911111928,1.9789999999999999,0.0,1.0,20.0,1.721,0.3039999999999998,1.0,0.5780458724252299,0.6794222758886977,0.10137640346346795,0.9288091981085733,3.2,0.6335352855729282,0.5349932082447006,0.9400000000000001,5,0.10497953459731386,0.741,0.3219937887599698,5,1.046137,0.37859090533846695,0.6359999999999999,0.3453331724581351,5,0.8652038000000001,0.4844850637462419,-0.1050000000000001,-0.18093320000000002
1825,5,7,1,9,1,mid,early_r9+,6,5-8,4,2,4,2,6,2,0,0,0,0,1,4,2,2,6,0.37076613593510693,1,0.4836837038561463,0.11291756792103935,3,0,3,0.3278838176807299,0.4877516263453083,0.3648412343952275,0.5405001215438237,0.4877516263453083,0.490125254730633,77,0.865,0.79,0.07499999999999996,0.485,0.47623376623376623,0.125,0.74,0.19499999999999995,0.38,13,60,0.7792207792207793,2.041492597402598,2.04068,2.16259,PostGuard,6,0.2077922077922078,0.38961038961038963,0.38961038961038963,0.07499999999999996,6,0,2.743400760536485,0.395,0.35,-0.21359499999999998,0,Draw,,,77.0,16.0,10.0,0.3116883116883117,6.0,0.375,0.7503628425033598,4.8125,0.7142857142857143,0.2815576268605569,0.13720374589140355,0.5925,0.6,0.8,2.0,0.834,0.030999999999999982,0.8,0.09751564405752568,0.18687031412019198,0.08935467006266633,1.9647281587354724,5.8,0.1647058823529412,0.06109473518858253,0.96,5,0.24102244071321288,0.302,0.1833234845839452,5,0.26415399999999994,0.18624872641846438,0.283,0.10663020210053059,5,0.23434699999999992,0.16475389254126893,-0.019000000000000017,-0.029807000000000028
4062,4,15,1,1,1,late,r1,10,9-12,4,6,4,6,10,-2,0,0,0,0,1,7,3,5,8,0.1791769327368901,0,0.4447194660871543,0.26554253335026423,0,2,-2,0.32560943672571846,0.47981251108251904,0.4273050123505055,0.5945311880801545,0.47981251108251904,0.8168754245510551,117,-0.475,-0.55,0.07500000000000007,-2.0,-1.926068376068376,-2.62,2.145,0.09499999999999997,1.525,2,2,0.017094017094017096,0.3671345478632479,0.195959,1.89192,Hit,6,0.41025641025641024,0.3247863247863248,0.2564102564102564,1.2650000000000001,1,1,2.059906838057595,0.595,0.285,-1.42096,1,Hit,,,117.0,24.0,10.0,0.8034188034188035,23.0,0.9583333333333334,0.3499013977135025,4.875,0.6068376068376068,0.015485736840157327,0.32531516563805474,0.09202127659574466,0.0,1.0,94.0,-1.275,0.7999999999999999,1.0,0.4592220984682299,-1.0,-1.45922209846823,0.020079346902315828,24.0,1.0,0.4171813012161919,1.0,5,0.0,0.7999999999999999,0.0,5,0.2661609999999998,0.0,0.7999999999999999,0.0,5,0.2661609999999998,0.0,0.0,0.0
9882,2,11,1,5,1,mid,mid_r5-8,10,9-12,6,4,6,4,10,2,0,0,0,0,1,7,3,5,9,0.12983532815069931,1,0.36821510243877864,0.23837977428807933,1,0,1,0.32519504947709454,0.4062250097905869,0.26896624079436904,0.6688945543955331,0.4062250097905869,0.8168754245510551,109,1.295,1.23,0.06499999999999995,0.235,0.24839449541284403,-0.225,1.52,0.35,1.06,2,2,0.01834862385321101,1.5067004587155959,1.5012,2.01444,Hit,6,0.29357798165137616,0.3119266055045872,0.3853211009174312,0.5349999999999999,1,1,2.7071875474868934,0.285,0.455,0.2877799999999999,1,Hit,,,109.0,22.0,10.0,0.27522935779816515,8.0,0.36363636363636365,0.7619283396762472,4.954545454545454,0.7155963302752294,0.4397649715321573,0.1932155273145396,1.3691666666666666,0.2,1.0,2.0,1.2429999999999999,0.051999999999999956,1.0,0.30527651091747954,0.11193751938352955,-0.19333899153394993,1.4423546781561383,5.8,0.08517499091590416,0.2947206889995241,0.9399999999999998,5,0.2224893695735404,1.1219999999999999,0.30380092165758815,5,0.8567859999999999,0.3722430279971675,1.0699999999999998,0.12737739202856999,5,0.8804230000000001,0.17098992881892203,-0.052000000000000046,0.02363700000000013
2998,6,14,0,2,0,late,late_r2-4,14,13-16,7,7,7,7,14,0,0,0,0,0,1,8,6,6,13,0.1062733268510963,1,0.2464067604916716,0.1401334336405753,2,0,2,0.2945573175869181,0.37035405209048333,0.3840961315223029,0.6000006511901231,0.37035405209048333,1.143625594371477,145,2.895,2.82,0.07500000000000018,2.095,2.113586206896552,0.965,1.9300000000000002,0.19500000000000028,0.7999999999999998,7,26,0.1793103448275862,0.6097560344827586,0.523235,0.86254,Hit,6,0.38620689655172413,0.27586206896551724,0.3310344827586207,0.2549999999999999,3,1,1.7002303420711369,0.005,0.955,2.46373,1,Hit,,,145.0,29.0,10.0,0.30344827586206896,12.0,0.4137931034482759,0.6893186878952323,5.0,0.6896551724137931,0.7308767123197297,0.12395756826181789,1.8850000000000002,0.8,1.0,2.0,2.88,0.015000000000000036,1.0,0.4477610913208842,0.5901972217242867,0.1424361304034025,0.5947076098413492,1.0,0.35641006259625974,0.35002614579500974,0.9800000000000001,5,0.08323319303635872,0.030000000000000037,0.04107919181288751,5,0.0427054,0.0584767772682028,0.015000000000000019,0.03354101966249689,5,0.0213527,0.04774608870315976,-0.015000000000000019,-0.0213527
1555,2,3,1,13,1,early,early_r9+,3,2-4,2,1,2,1,3,1,0,0,0,0,1,1,2,3,3,0.09102162291285526,0,0.3196009187971794,0.22857929588432413,0,1,-1,0.3696884516996605,0.4218933973969054,0.08894981852019461,0.3364325225393983,0.4218933973969054,0.2450626273653165,55,1.1,1.035,0.06500000000000017,0.635,0.6378181818181818,0.18,0.9200000000000002,0.2875000000000001,0.4650000000000001,6,32,0.5818181818181818,2.0203978181818183,2.0025,2.09045,Draw,6,0.14545454545454545,0.509090909090909,0.32727272727272727,0.20000000000000007,5,0,2.725945521189851,0.34,0.405,0.05477500000000002,1,Draw,,,55.0,11.0,10.0,0.2545454545454545,4.0,0.36363636363636365,0.8678406193235693,5.0,0.7090909090909091,0.5078310945171118,0.13785968962114434,0.4185714285714285,0.6,1.0,6.0,1.0550000000000002,0.04500000000000006,0.8,0.19910401880759424,0.40021185986203084,0.20110784105443663,1.8458930927771422,5.4,0.4254545454545455,0.1861055486097743,0.9800000000000001,5,0.16245780706439092,0.2720000000000001,0.12417729261020309,5,0.27539900000000006,0.07177498810518881,0.2540000000000001,0.056833088953531265,5,0.28146400000000005,0.06124429283614917,-0.01799999999999996,0.006064999999999987
4372,4,14,0,2,0,late,late_r2-4,2,2-4,1,1,1,1,2,0,0,0,0,0,0,1,1,0,0,1.2236985985527629,1,1.49479366134594,0.2710950627931772,1,0,1,1.4798420557951415,1.4798420557951415,0.031505000000000005,0.7392499999999984,1.4798420557951415,0.16337508491021102,49,0.095,0.02,0.075,-0.585,-0.5820408163265306,-1.645,1.74,0.19500000000000006,0.6799999999999999,4,11,0.22448979591836735,0.970169612244898,0.942125,1.24337,Draw,6,0.16326530612244897,0.5714285714285714,0.24489795918367346,0.35,3,0,1.4376272345458077,0.545,0.185,-0.5266850000000001,1,Draw,,,49.0,10.0,10.0,0.20408163265306123,2.0,0.2,0.9008975084120351,4.9,0.7959183673469388,0.726388206133653,0.14289122740240706,1.1130555555555557,0.2,1.0,10.0,-0.051000000000000004,0.146,1.0,0.5020134830503796,0.8166546279541322,0.3146411449037526,0.703712712913679,1.8,0.8246704497701385,0.4996952426825992,1.0,5,0.028470659995767072,0.015,0.03354101966249685,5,0.01474399999999998,0.03296858626025685,0.324,0.3765866434168902,5,0.26184159999999995,0.29279832012718243,0.309,0.24709759999999997
3732,7,7,1,9,1,mid,early_r9+,2,2-4,1,1,1,1,2,0,0,0,0,0,0,0,2,1,1,0.1896999378323803,1,1.699079138945564,1.5093792011131837,1,0,1,1.6705290985306456,1.6705290985306456,0.8189659499999999,0.164200000000001,1.6705290985306456,0.16337508491021102,49,1.125,1.075,0.050000000000000044,0.675,0.6903061224489795,0.395,0.73,0.2699999999999999,0.44999999999999996,10,28,0.5714285714285714,1.7577306122448981,1.73735,1.74051,Hit,6,0.16326530612244897,0.5714285714285714,0.24489795918367346,0.13,5,1,2.4917177926322784,0.27,0.425,0.254745,1,Hit,,,49.0,10.0,10.0,0.20408163265306123,1.0,0.1,0.9146516976658491,4.9,0.8367346938775511,0.2765558320923662,0.14846255851873474,0.4325,0.2,1.0,6.0,1.0270000000000001,0.09800000000000002,1.0,0.19912181997348205,0.25754971936702936,0.05842789939354729,1.640006437413545,5.2,0.15151515151515152,0.10059704599787991,1.0,5,0.19990262513812276,0.23899999999999996,0.2614717958021477,5,0.310087,0.26999277056525045,0.33699999999999997,0.19832422948293535,5,0.369285,0.15491550313800098,0.098,0.05919799999999997
3858,5,5,1,11,1,early,early_r9+,5,5-8,2,3,2,3,5,-1,0,0,0,0,1,3,2,5,5,0.16928769552451267,0,0.30635237800213305,0.13706468247762038,0,1,-1,0.3224110972423283,0.4086597342848524,0.33454077048861114,0.23189008258224555,0.4086597342848524,0.40843771227552755,75,0.885,0.855,0.030000000000000027,0.55,0.5306000000000001,0.19,0.6950000000000001,0.2425,0.33499999999999996,19,58,0.7733333333333333,2.0355146666666664,2.0446,2.04494,Freeze,6,0.32,0.4266666666666667,0.24,0.030000000000000027,6,0,2.7008677045418206,0.335,0.4,-0.11504999999999999,0,Draw,,,75.0,15.0,10.0,0.17333333333333334,4.0,0.26666666666666666,0.8905378676543461,5.0,0.6933333333333334,0.3022420310548734,0.1331283925143641,0.4058333333333334,0.2,1.0,13.0,0.7889999999999999,0.096,0.8,0.10970930515122612,0.1480402112207257,0.03833090606949957,1.7783049013659038,5.6,0.04142857142857141,0.05922471133780187,0.8800000000000001,5,0.2927547645725565,0.254,0.09229030284921597,5,0.2608309999999999,0.11574478791721032,0.15099999999999997,0.13054692642877502,5,0.15561999999999993,0.1409761856218986,-0.10300000000000004,-0.105211
1938,0,14,0,2,0,late,late_r2-4,8,5-8,5,3,5,3,8,2,0,0,0,0,1,6,2,4,8,0.17536378199617042,1,0.2550663575150591,0.07970257551888865,1,0,1,0.36961271260739603,0.4132654877912053,0.43494556350823954,0.3318971640433225,0.4132654877912053,0.6535003396408441,93,1.43,1.37,0.05999999999999983,1.005,0.9606451612903226,-0.1,1.53,0.13,0.42500000000000004,6,76,0.8172043010752689,0.8582796451612904,0.653835,1.45434,Hit,6,0.25806451612903225,0.34408602150537637,0.3870967741935484,0.10499999999999998,6,1,2.1842404285098898,0.135,0.485,0.9590015000000001,0,PostGuard,,,93.0,19.0,10.0,0.3010752688172043,6.0,0.3157894736842105,0.7667484737083854,4.894736842105263,0.7096774193548387,0.5506803402537137,0.13164250314977036,1.2375,0.4,0.4,2.0,1.275,0.15499999999999997,0.4,0.18547582647411676,0.08308009615832464,-0.1023957303157921,0.9500388139795921,12.8,0.2534735957908376,0.25369529008943076,0.7799999999999999,5,0.17070652387407081,0.352,0.21132321216563033,5,0.6022705,0.36491435763066377,0.418,0.3588976177129072,5,0.6274865000000001,0.4189219659137009,0.066,0.025216000000000016
9112,3,9,1,7,1,mid,mid_r5-8,5,5-8,2,3,2,3,5,-1,0,0,0,0,1,3,2,3,5,0.27263670740566176,0,0.4167572424913558,0.14412053508569406,0,2,-2,0.4026424871781394,0.4816975836397292,0.2743942961035451,0.45178405195402765,0.4816975836397292,0.40843771227552755,75,0.76,0.695,0.06500000000000006,-0.175,-0.11446666666666667,-0.845,1.605,0.5225,0.935,6,15,0.2,1.950138933333333,1.94689,1.84997,Hit,6,0.32,0.4266666666666667,0.24,0.20499999999999996,2,1,2.545518409768759,0.335,0.35,-0.13746000000000003,0,Hit,,,75.0,15.0,10.0,0.26666666666666666,4.0,0.26666666666666666,0.8184367681077089,5.0,0.7333333333333333,0.8112000981790903,0.15877626706976117,1.145,0.8,1.0,2.0,0.733,0.027000000000000003,1.0,0.33138025157667966,0.5711470032049718,0.2397667516282922,1.7189462683927672,4.2,0.6397268344251014,0.3594538782712238,0.9,5,0.1608188029145349,0.11499999999999999,0.15568397476940266,5,0.11042499999999995,0.15413318181851696,0.19599999999999998,0.18846087127040453,5,0.21692299999999992,0.17668761719486745,0.08099999999999999,0.10649799999999997
4157,3,12,0,4,0,late,late_r2-4,9,9-12,4,5,4,5,9,-1,0,0,0,0,1,7,2,5,8,0.15014477030186565,0,0.2838301662332602,0.13368539593139453,0,2,-2,0.39014227154846665,0.45508877043543106,0.35604451128914616,0.5250974787810572,0.45508877043543106,0.7351878820959495,107,-0.705,-0.885,0.18000000000000005,-2.21,-2.1602803738317755,-3.175,2.4699999999999998,0.4275,1.505,2,4,0.037383177570093455,1.5479919626168226,1.53216,1.59937,Hit,6,0.37383177570093457,0.3364485981308411,0.2803738317757009,0.975,1,1,2.262337503311009,0.715,0.1,-1.5046849999999998,1,Hit,,,107.0,22.0,10.0,0.2803738317757009,9.0,0.40909090909090906,0.7125162126681207,4.863636363636363,0.6635514018691588,0.8006104647590144,0.16345643029102774,2.38,0.6,1.0,2.0,-0.7769999999999999,0.07200000000000002,1.0,0.4224867615521327,0.5269284552887384,0.10444169373660576,1.5784711226240602,2.4,0.5579898362507059,0.4855095025321556,0.9199999999999999,5,0.05705713507181817,0.5489999999999999,0.4975615539810124,5,0.5262040000000001,0.4233779896764829,0.31199999999999994,0.4919679867633665,5,0.28371100000000005,0.4371036578776253,-0.237,-0.24249300000000007
7373,1,11,1,5,1,mid,mid_r5-8,9,9-12,5,4,5,4,9,1,0,0,0,0,1,5,4,5,8,0.17391954061864354,1,0.29915628031014,0.12523673969149648,1,0,1,0.3413374216358329,0.45911725758535954,0.5232465112078367,0.41978098022424154,0.45911725758535954,0.7351878820959495,103,1.175,1.09,0.08499999999999996,0.51,0.5587864077669902,0.155,1.02,0.33999999999999997,0.665,8,31,0.30097087378640774,1.6056432038834951,1.56767,1.30934,Freeze,6,0.3106796116504854,0.3300970873786408,0.34951456310679613,0.08499999999999996,4,0,2.053063474642021,0.17,0.43,0.5203300000000001,1,Freeze,,,103.0,21.0,10.0,0.2524271844660194,7.0,0.3333333333333333,0.8012102407113731,4.904761904761905,0.7475728155339806,0.48715517243780304,0.15474415036011815,0.7689285714285715,0.2,0.8,2.0,1.068,0.10699999999999998,0.8,0.1814168708912409,0.16005906469940046,-0.021357806191840457,1.6059536413084228,6.2,0.011296465431537183,0.11618263831608659,0.9,5,0.24170317900846078,0.52,0.27313000567495327,5,0.7723990000000001,0.26834307321505424,0.6450000000000001,0.22699118925632336,5,0.874968,0.25740170338888596,0.1250000000000001,0.10256899999999991
7173,4,15,1,1,1,late,r1,15,13-16,8,7,8,7,15,1,0,0,0,0,1,11,4,8,15,0.15902744462513435,1,0.18730604802034576,0.028278603395211405,2,0,2,0.2947814112185503,0.32118960709931815,0.3684191144793643,0.4702478462352477,0.32118960709931815,1.2253131368265826,151,2.0,2.0,0.0,2.0,1.630298013245033,-0.735,2.735,0.6000000000000001,0.0,99,104,0.6887417218543046,0.21898243841059603,0.0,0.0,Draw,6,0.3708609271523179,0.26490066225165565,0.3576158940397351,0.0,6,0,-0.0,0.0,1.0,2.0,1,Draw,,,151.0,31.0,10.0,0.8013245033112583,30.0,0.967741935483871,0.3419626486511174,4.870967741935484,0.5695364238410596,0.09372591075460521,0.638892549368582,0.46128099173553716,0.0,1.0,121.0,2.0,0.0,0.0,0.8567231156568432,0.7187952884282609,-0.13792782722858243,0.028467114894076707,31.0,0.7187952884282609,0.8517232614659271,1.0,5,0.0,0.1599999999999999,0.0,5,0.3433029999999999,0.0,0.1599999999999999,0.0,5,0.3433029999999999,0.0,0.0,0.0
196,4,4,0,12,0,early,early_r9+,2,2-4,1,1,1,1,2,0,0,0,0,0,1,2,0,1,1,0.3693055984974802,1,1.295667158223902,0.9263615597264219,1,0,1,1.2113145927887519,1.2113145927887519,0.603231745,0.05414999999999992,1.2113145927887519,0.16337508491021102,49,-0.22,-0.385,0.165,-0.695,-0.7033673469387755,-1.385,1.165,0.31999999999999995,0.475,6,28,0.5714285714285714,2.063376326530612,2.07567,1.97271,Hit,6,0.16326530612244897,0.5714285714285714,0.24489795918367346,0.165,5,1,2.639739817605518,0.555,0.19,-1.206355,1,Hit,,,49.0,10.0,10.0,0.24489795918367346,2.0,0.2,0.905136231522038,4.9,0.7755102040816326,0.47031645008179945,0.15820778059209878,0.8883333333333333,0.2,1.0,6.0,-0.43200000000000005,0.21200000000000002,1.0,-0.0020240444538441953,-0.09571955817189425,-0.09369551371805004,1.9675561103664787,4.4,0.010909090909090901,0.04047218654465674,1.0,5,0.29817056378240336,0.417,0.15106290080625356,5,0.4621569999999998,0.18019961190995937,0.387,0.15093872929106036,5,0.41942699999999994,0.12269407695565422,-0.02999999999999997,-0.04272999999999988
2630,2,14,0,2,0,late,late_r2-4,4,2-4,2,2,1,2,3,-1,0,0,0,0,1,2,1,2,2,0.19699501275159267,0,0.5155714188199354,0.3185764060683427,0,2,-2,0.6564024063217645,0.9229310770532257,0.8572641003758337,0.41546485110054937,0.8479735268799274,0.2450626273653165,59,-1.07,-1.075,0.004999999999999893,-2.58,-2.197457627118644,-2.85,1.78,1.3625000000000003,1.51,11,16,0.2711864406779661,0.7211799152542373,0.57426,0.886059,Hit,6,0.2711864406779661,0.5084745762711864,0.2033898305084746,0.004999999999999893,3,1,1.353112525394352,0.88,0.0,-1.5130295,1,Hit,,,59.0,12.0,10.0,0.20338983050847456,2.0,0.16666666666666666,0.912770682506215,4.916666666666667,0.7966101694915254,0.928598687853522,0.1521092595257259,1.5700000000000003,0.0,1.0,6.0,-1.075,0.004999999999999893,1.0,0.8219940152397038,0.872522000597139,0.05052798535743532,0.7193839438024068,4.6,0.8406029888356897,0.8392041705225545,0.96,5,0.0710996636850441,0.11199999999999988,0.027522717889045777,5,0.42124049999999996,0.1324987727773356,0.08399999999999982,0.045469770177558634,5,0.42757250000000013,0.1480303999859489,-0.028000000000000053,0.006332000000000171
5731,2,10,0,6,0,mid,mid_r5-8,2,2-4,1,1,0,1,1,-1,0,0,0,0,0,1,0,0,0,1.455355535565107,0,,,0,1,-1,3.4558268290526355,3.4558268290526355,1.6971599999999998,0.32454999999999856,,0.08168754245510551,43,-0.555,-0.59,0.03499999999999992,-1.145,-1.0958139534883722,-1.45,0.8949999999999999,0.2975000000000001,0.59,6,16,0.37209302325581395,1.6846786046511628,1.67929,1.41314,Hit,5,0.18604651162790697,0.6511627906976745,0.13953488372093023,0.21499999999999997,3,1,2.0391477645679075,0.675,0.075,-1.26157,1,Hit,,,43.0,9.0,9.0,0.23255813953488375,2.0,0.22222222222222224,0.9121752454045418,4.777777777777778,0.8604651162790697,0.6540452874443362,0.12754367856311383,0.6325000000000001,0.0,1.0,6.0,-0.768,0.21299999999999994,1.0,0.20325238086671,0.5739464979277926,0.3706941170610826,1.48496443438096,1.8,0.6666666666666667,0.27917501110485526,1.0,5,0.1507538329211007,0.3499999999999999,0.07826237921249264,5,0.44880799999999993,0.12345778517371839,0.3609999999999999,0.05366563145999494,5,0.4586939999999998,0.10135201714815552,0.010999999999999954,0.009885999999999895
9518,4,5,1,11,1,early,early_r9+,5,5-8,3,2,3,2,5,1,0,0,0,0,1,3,2,4,5,0.13302576473002822,0,0.18792247478364624,0.054896710053618014,0,2,-2,0.3174027137653952,0.413007230766285,0.147266450555249,0.45911124839193435,0.413007230766285,0.40843771227552755,71,0.985,0.905,0.07999999999999996,0.345,0.3641549295774648,-0.205,1.19,0.37500000000000006,0.64,4,22,0.30985915492957744,2.0161205633802823,1.99624,1.98363,Hit,6,0.22535211267605634,0.4225352112676056,0.3380281690140845,0.24,3,1,2.6967769817842706,0.325,0.41,0.009689999999999976,0,Hit,,,71.0,15.0,10.0,0.22535211267605634,3.0,0.2,0.8792806682496563,4.733333333333333,0.7183098591549296,0.6578774903693747,0.14251187228907028,0.746875,0.2,1.0,16.0,0.7989999999999999,0.186,0.8,0.27014969885489587,0.39585281312055753,0.12570311426566166,1.8930041081393447,6.2,0.3771428571428571,0.28058283871825135,0.9800000000000001,5,0.1659568515490909,0.312,0.10347705059577218,5,0.29203199999999996,0.17209371068548665,0.31799999999999995,0.1125055554183881,5,0.29039399999999993,0.16709733209270575,0.00599999999999995,-0.0016380000000000283
8211,7,12,0,4,0,late,late_r2-4,5,5-8,1,4,1,4,5,-3,0,0,0,0,1,3,2,1,5,0.08425626557882765,0,0.645079950443352,0.5608236848645243,0,3,-3,0.6622696041849544,0.7160139694615374,0.4698622552367432,0.4653317758331151,0.7160139694615374,0.40843771227552755,79,-0.815,-0.97,0.15500000000000003,-1.885,-1.8398101265822784,-2.865,2.0500000000000003,0.7525,1.07,4,14,0.17721518987341772,1.8562311392405066,1.83624,1.75806,Draw,6,0.4050632911392405,0.43037974683544306,0.1518987341772152,0.15500000000000003,3,0,2.374916257375404,0.63,0.055,-1.69403,1,Draw,,,79.0,16.0,10.0,0.24050632911392406,5.0,0.3125,0.8437334362346981,4.9375,0.7215189873417721,0.7395834724107311,0.2405227799117618,1.36125,0.2,0.2,4.0,-1.002,0.187,0.8,0.47461991781359664,0.648835058112249,0.1742151402986523,1.6586057304658943,10.8,0.6635294117647059,0.5097192045836454,0.96,5,0.19119753198457237,0.34800000000000003,0.06942621983083923,5,0.37187300000000023,0.09201108259334873,0.364,0.14484474446799933,5,0.3671220000000001,0.1464096542923317,0.01599999999999996,-0.004751000000000116
5392,3,13,1,3,1,late,late_r2-4,13,13-16,7,6,7,6,13,1,0,0,0,0,1,9,4,5,11,0.11817197386051226,0,0.34734862780209724,0.22917665394158498,0,1,-1,0.29927726499685814,0.39770298874452514,0.38126115802966715,0.6402627169729336,0.39770298874452514,1.0619380519163715,135,-1.005,-1.09,0.08500000000000019,-2.55,-2.4569259259259257,-3.37,2.365,0.935,1.545,4,7,0.05185185185185185,1.7858902962962964,1.81493,1.57638,Hit,6,0.35555555555555557,0.2814814814814815,0.35555555555555557,0.7000000000000002,1,1,2.2551615687374365,0.72,0.045,-1.7931899999999998,1,Hit,0.9700000000000002,-0.9890000000000001,135.0,27.0,10.0,0.32592592592592595,9.0,0.3333333333333333,0.6838738387865786,5.0,0.6888888888888889,0.6039313675329282,0.33397278770614713,2.0825,0.2,0.8,2.0,-1.125,0.12000000000000015,0.8,0.6147034594523811,0.6745844786085288,0.05988101915614778,1.5293190919813355,6.0,0.7036431383898611,0.6618107346071781,0.9199999999999999,5,0.08600114623304358,0.633,0.0027386127875257773,5,0.8062120000000002,0.026246864955647535,0.632,0.0027386127875257773,5,0.7966280000000003,0.026246864955647535,-0.0010000000000000009,-0.009583999999999815
4262,4,2,0,14,0,early,early_r9+,2,2-4,1,1,1,1,2,0,0,0,0,0,1,2,0,2,2,0.04434492057542037,1,0.40726940032476144,0.36292447974934106,1,0,1,0.36512666380346365,0.36512666380346365,0.02670225,0.18059999999999832,0.36512666380346365,0.16337508491021102,49,-0.465,-0.47,0.004999999999999949,-0.76,-0.735204081632653,-1.1,0.635,0.235,0.295,21,45,0.9183673469387755,2.042222448979592,2.04592,1.95673,Draw,6,0.16326530612244897,0.5714285714285714,0.24489795918367346,0.004999999999999949,5,0,2.604161782183489,0.58,0.155,-1.40741,0,Draw,-1.465,-1.4230612244897958,49.0,10.0,10.0,0.24489795918367346,1.0,0.1,0.8950719019061234,4.9,0.7551020408163265,0.2840731081852448,0.12599896303264424,0.55,0.2,1.0,8.0,-0.517,0.051999999999999956,1.0,0.05118089770708958,0.1971737589339208,0.14599286122683122,2.0153212315974884,6.8,0.11030303030303028,0.014067399717396314,1.0,5,0.4784031379280763,0.282,0.10103217309352504,5,0.338393,0.145840043480863,0.2919999999999999,0.07823042886243174,5,0.416101,0.021596286833620252,0.009999999999999953,0.077708
6230,1,12,0,4,0,late,late_r2-4,2,2-4,1,1,1,1,2,0,0,0,0,0,1,1,1,1,2,0.29975706359436627,0,0.7062257714251128,0.4064687078307465,0,1,-1,0.9900457166138402,0.9900457166138402,0.143556845,0.473749999999999,0.9900457166138402,0.16337508491021102,49,-0.215,-0.435,0.22,-1.255,-1.1003061224489796,-1.615,1.4,0.5399999999999999,1.0399999999999998,2,8,0.16326530612244897,1.350999387755102,1.3461,1.43484,Hit,6,0.16326530612244897,0.5714285714285714,0.24489795918367346,0.31000000000000005,3,1,2.0669458550866313,0.575,0.13,-0.9324199999999999,1,Hit,-1.6500000000000001,-0.4325510204081633,49.0,10.0,10.0,0.20408163265306123,1.0,0.1,0.926938636264379,4.9,0.7959183673469388,0.8118363321760281,0.1384888945203797,0.9320833333333332,0.6,1.0,3.0,-0.32200000000000006,0.10700000000000001,1.0,0.5005564344263506,0.8711469211528773,0.37059048672652667,1.2963614860347779,2.0,0.8521212121212122,0.49971232310065394,1.0,5,0.11640781411262911,0.213,0.12235195135346226,5,0.16773600000000008,0.10657855919461477,0.27,0.042866070498705625,5,0.2222570000000001,0.06935796886443545,0.05700000000000002,0.054521000000000014
3543,4,7,1,9,1,mid,early_r9+,3,2-4,2,1,2,1,3,1,0,0,0,0,1,1,2,2,3,0.06162735300955835,1,0.4057504679676901,0.34412311495813175,1,0,1,0.4292071009258859,0.4739987324542103,0.15719419023519562,0.3165606875290877,0.4739987324542103,0.2450626273653165,55,1.025,1.0,0.02499999999999991,0.58,0.6082727272727272,0.135,0.8899999999999999,0.3125,0.44499999999999995,16,35,0.6363636363636364,1.8940992727272725,1.8906,2.06746,Draw,6,0.14545454545454545,0.509090909090909,0.32727272727272727,0.039999999999999925,6,0,2.694899423759909,0.325,0.37,0.04929500000000009,0,Hit,2.025,1.1405454545454545,55.0,11.0,10.0,0.2545454545454545,3.0,0.2727272727272727,0.8878137850640531,5.0,0.7090909090909091,0.49418617834457645,0.15273868189788023,0.43892857142857145,0.0,1.0,6.0,0.921,0.10399999999999991,1.0,0.21762898743686065,0.21197367077309442,-0.00565531666376623,1.8136784362746448,5.8,0.2581818181818182,0.1785384120869786,0.9800000000000001,5,0.13253778120672613,0.3019999999999999,0.17523555575282088,5,0.21385000000000004,0.15393789969497437,0.13599999999999987,0.04159326868617086,5,0.08914700000000009,0.05817742523952056,-0.166,-0.12470299999999995
1784,6,5,1,11,1,early,early_r9+,5,5-8,3,2,3,2,5,1,0,0,0,0,1,3,2,4,5,0.0774752228538251,0,0.24738632290157164,0.16991110004774654,0,1,-1,0.3155813810255769,0.41099704256972497,0.24477910626014143,0.3569792016350543,0.41099704256972497,0.40843771227552755,71,1.05,1.01,0.040000000000000036,0.545,0.5493661971830985,0.05,1.0,0.2925,0.505,7,35,0.49295774647887325,2.04305985915493,2.02396,2.16044,Hit,6,0.22535211267605634,0.4225352112676056,0.3380281690140845,0.040000000000000036,4,1,2.8455626515397334,0.335,0.435,0.0025399999999999867,0,Draw,1.925,1.1007042253521127,71.0,15.0,10.0,0.2535211267605634,4.0,0.26666666666666666,0.8325636978432935,4.733333333333333,0.7464788732394366,0.42808004897550866,0.16065535139823253,0.4875,0.0,1.0,6.0,0.924,0.12600000000000003,1.0,0.12623156021412218,0.04217542446734065,-0.08405613574678152,1.88626734791007,6.8,0.08214285714285713,0.11887853629230694,0.9200000000000002,5,0.27260976699079725,0.336,0.12074767078498863,5,0.34223799999999993,0.06431617454031291,0.257,0.14733465308609514,5,0.204725,0.13323681421626682,-0.07900000000000001,-0.13751299999999994
4905,4,14,0,2,0,late,late_r2-4,8,5-8,3,5,3,5,8,-2,0,0,0,0,1,5,3,2,6,0.1323954820709895,0,0.25156530892792056,0.11916982685693106,0,2,-2,0.32291138484111936,0.5760187450449437,0.4796588217826564,0.6786836292365908,0.5760187450449437,0.6535003396408441,101,-1.65,-1.68,0.030000000000000027,-2.96,-2.8783168316831675,-3.775,2.125,0.8650000000000002,1.31,6,11,0.10891089108910891,1.2374143465346532,1.23252,0.920598,Hit,6,0.39603960396039606,0.3564356435643564,0.2376237623762376,0.030000000000000027,2,1,1.5664382218427462,0.935,0.005,-2.110299,1,Hit,-0.1499999999999999,-0.8213366336633663,101.0,21.0,10.0,0.19801980198019803,7.0,0.3333333333333333,0.8022458966548429,4.809523809523809,0.7227722772277227,0.5700359425152114,0.3284160058801543,1.8650000000000002,0.2,0.8,2.0,-1.674,0.02400000000000002,0.8,0.68824022289334,0.7340805187099534,0.04584029581661329,0.8624076708754952,9.8,0.7199337672853108,0.7174101519445579,0.8800000000000001,5,0.04657463669175249,0.03,0.0,5,0.4045059999999999,0.0,0.03,0.0,5,0.4045059999999999,0.0,0.0,0.0
3837,2,10,0,6,0,mid,mid_r5-8,5,5-8,3,2,3,2,5,1,0,0,0,0,1,4,1,4,5,0.27423541981654886,1,0.3601867671097877,0.08595134729323883,1,0,1,0.4264985463386241,0.4891059499706465,0.29152209995398976,0.3499917976181729,0.4891059499706465,0.40843771227552755,71,-0.455,-0.465,0.010000000000000009,-0.925,-0.907112676056338,-1.27,0.815,0.33000000000000007,0.47000000000000003,15,39,0.5492957746478874,1.6983232394366197,1.70111,1.9152,Hit,6,0.22535211267605634,0.4225352112676056,0.3380281690140845,0.05499999999999999,5,1,2.6071128948135045,0.59,0.15,-1.3303150000000001,0,Hit,1.22,-1.3825352112676057,71.0,15.0,10.0,0.22535211267605634,2.0,0.13333333333333333,0.8556490495748083,4.733333333333333,0.6901408450704225,0.5737036671893039,0.12972159179638262,0.7024999999999999,0.4,0.6,2.0,-0.479,0.02400000000000001,0.8,0.0861917722026833,0.13203039597180335,0.04583862376912004,1.550722033337451,7.2,0.21142857142857138,0.11142967333658974,0.9400000000000001,5,0.2712420304812443,0.25799999999999995,0.30719700519373555,5,0.28778399999999993,0.28687751169706555,0.253,0.26952736410242284,5,0.28444499999999995,0.27296223381174917,-0.004999999999999949,-0.003338999999999981
2854,0,15,1,1,1,late,r1,9,9-12,5,4,5,4,9,1,0,0,0,0,1,5,4,5,9,0.180610390221603,1,0.226010052274232,0.04539966205262899,1,0,1,0.2974445832772891,0.4162909991607476,0.35172431335667176,0.5132974253915376,0.4162909991607476,0.7351878820959495,103,1.18,1.025,0.15500000000000003,1.0,0.7927184466019418,-0.845,2.025,0.05249999999999999,0.17999999999999994,79,83,0.8058252427184466,0.3453978640776699,0.0,1.23191,Hit,6,0.3106796116504854,0.3300970873786408,0.34951456310679613,0.17999999999999994,6,1,1.6498066980301846,0.2,0.575,1.0,0,Draw,0.0,0.0,103.0,21.0,10.0,0.8058252427184465,20.0,0.9523809523809523,0.3527369907383066,4.904761904761905,0.5048543689320388,0.05083976362510454,0.48976097748544534,0.2572289156626505,0.0,1.0,83.0,1.0,0.17999999999999994,0.0,0.23406913550052422,1.0,0.7659308644994758,0.041244293185568395,21.0,1.0,0.15511384617126706,1.0,5,0.0,2.005,0.0,5,2.42591,0.0,2.005,0.0,5,2.42591,0.0,0.0,0.0
1221,1,10,0,6,0,mid,mid_r5-8,10,9-12,5,5,5,5,10,0,0,0,0,0,1,6,4,5,9,0.06569629161193065,0,0.4160109626632448,0.35031467105131414,0,2,-2,0.30362568895928504,0.3854998755981042,0.34816625682311947,0.6232616353506759,0.3854998755981042,0.8168754245510551,113,-0.575,-0.64,0.06500000000000006,-1.565,-1.5368141592920355,-2.205,1.6300000000000001,0.3999999999999999,0.99,4,11,0.09734513274336283,1.8313450442477877,1.82143,1.97848,Hit,6,0.35398230088495575,0.3185840707964602,0.3185840707964602,0.54,1,1,2.667919812153199,0.625,0.145,-1.5642399999999999,1,Hit,1.3800000000000001,0.5035840707964602,113.0,23.0,10.0,0.23008849557522124,9.0,0.391304347826087,0.751361984402086,4.913043478260869,0.672566371681416,0.5582014534582067,0.19943996116031965,1.165,0.0,0.4,2.0,-0.925,0.35,0.4,0.26640579722296354,0.3275393421156048,0.06113354489264122,1.690411153574549,11.6,0.2815368060723296,0.27162785388765254,0.9399999999999998,5,0.1302191264282198,0.502,0.09549869109050668,5,0.504605,0.12013435062462358,0.4499999999999999,0.018708286933869743,5,0.441409,0.00856213568568034,-0.0520000000000001,-0.06319599999999997
7301,6,14,0,2,0,late,late_r2-4,14,13-16,7,7,7,7,14,0,0,0,0,0,1,11,3,7,13,0.13027714993029557,1,0.18891087855388244,0.05863372862358687,2,0,2,0.3159071422534805,0.3802318222170781,0.4162723490841641,0.5520689840158066,0.3802318222170781,1.143625594371477,145,1.985,1.975,0.010000000000000009,1.785,1.4727241379310345,-0.27,2.255,0.855,0.20000000000000018,84,95,0.6551724137931034,0.736237303448276,0.493052,0.211601,Draw,6,0.38620689655172413,0.27586206896551724,0.3310344827586207,0.010000000000000009,6,0,0.3060883464681327,0.0,0.97,1.8847065,0,Draw,-0.014999999999999902,-0.41886206896551725,145.0,29.0,10.0,0.23448275862068962,12.0,0.4137931034482759,0.7454823268599269,5.0,0.6758620689655173,0.9018240183016545,0.15636282366322796,2.2350000000000003,0.0,1.0,17.0,1.966,0.019000000000000038,1.0,0.6203546589798676,0.6595206014057091,0.03916594242584141,0.8496806136857655,6.0,0.6693682315491036,0.6391522983802587,0.9800000000000001,5,0.03092540015617546,0.6770000000000002,0.6031749331661587,5,1.0376529,0.8224429035169707,0.807,0.7161494257485653,5,1.147499,0.9727579309246212,0.1299999999999999,0.10984609999999995
5248,0,3,1,13,1,early,early_r9+,2,2-4,1,1,1,1,2,0,0,0,0,0,1,2,0,1,2,0.1366614770738264,0,0.793122089270625,0.6564606121967986,0,1,-1,0.661473869755262,0.661473869755262,0.2917685,0.15575000000000117,0.661473869755262,0.16337508491021102,49,1.33,1.27,0.06000000000000005,0.89,0.8927551020408163,0.53,0.8,0.16999999999999993,0.44000000000000006,9,30,0.6122448979591837,2.189506530612245,2.19681,2.02758,Draw,6,0.16326530612244897,0.5714285714285714,0.24489795918367346,0.15500000000000003,5,0,2.7476389025554906,0.245,0.445,0.3162100000000001,1,Draw,1.5950000000000002,1.2945918367346938,49.0,10.0,10.0,0.16326530612244897,1.0,0.1,0.9344292513409627,4.9,0.7551020408163265,0.26152596953605095,0.14155058767892267,0.3350000000000001,0.4,1.0,4.0,1.23,0.10000000000000005,1.0,-0.03512673974972405,0.04891016735445966,0.08403690710418371,2.0479874012999173,6.4,0.15878787878787876,-0.052428489870399275,1.0,5,0.3142613328258647,0.261,0.18036074961032963,5,0.3291360000000001,0.2280634122179619,0.4920000000000001,0.17658567325805338,5,0.5793230000000001,0.16511467574083172,0.2310000000000001,0.25018700000000005
2545,3,15,1,1,1,late,r1,4,2-4,3,1,3,1,4,2,0,0,0,0,1,3,1,2,4,0.1379387298656893,1,0.4002212937376064,0.26228256387191706,2,0,2,0.36250933540531005,0.5070027825877275,0.21808787484115205,0.44044782537208693,0.5070027825877275,0.32675016982042204,61,2.98,2.965,0.015000000000000124,2.0,2.1115573770491802,1.23,1.75,0.0,0.98,8,9,0.14754098360655737,0.12449303934426229,0.0,0.14,Draw,6,0.13114754098360656,0.45901639344262296,0.39344262295081966,0.20000000000000018,2,0,0.14144054254182067,0.0,1.0,2.91,1,Draw,0.0,0.0,61.0,13.0,10.0,0.8032786885245902,12.0,0.9230769230769231,0.38388966872551344,4.6923076923076925,0.6229508196721312,0.025743654364196518,0.3775383891985254,0.13877551020408152,1.0,1.0,49.0,2.98,0.0,1.0,0.3324192764781088,0.7359800721939873,0.4035607957158785,0.033961236503585464,1.0,0.7359800721939873,0.3324192764781088,1.0,5,0.0,0.0,0.0,5,0.0,0.0,0.0,0.0,5,0.0,0.0,0.0,0.0
6335,1,11,1,5,1,mid,mid_r5-8,2,2-4,0,2,0,2,2,-2,0,0,0,0,0,2,0,0,2,0.6972553560611778,0,0.9527815931098792,0.25552623704870137,0,2,-2,0.3238659754296524,0.3238659754296524,0.09621449999999998,0.1302500000000002,0.3238659754296524,0.16337508491021102,53,1.125,0.965,0.16000000000000003,0.135,0.18339622641509434,-0.45,1.575,0.39,0.99,2,5,0.09433962264150944,1.6078462264150943,1.62073,1.49645,Hit,5,0.3018867924528302,0.5660377358490566,0.11320754716981132,0.7,1,1,2.1982918886624767,0.24,0.455,0.37677499999999997,1,Hit,0.31499999999999995,1.2635849056603774,53.0,11.0,10.0,0.1509433962264151,2.0,0.18181818181818182,0.934148555226181,4.818181818181818,0.8301886792452831,0.7685820546911007,0.13853893112181806,0.8635416666666667,0.4,1.0,6.0,0.9489999999999998,0.17600000000000002,1.0,0.39432866421975066,0.4191496327362459,0.02482096851649535,1.5345363328304829,1.0,0.5183974295326303,0.3906524502715699,0.9400000000000001,5,0.03986850304496413,0.15,0.17578395831246946,5,0.13993099999999997,0.14137860978592198,0.197,0.2735781424017643,5,0.19463699999999998,0.24746951094023686,0.047000000000000014,0.054706000000000005
8275,4,5,1,11,1,early,early_r9+,5,5-8,3,2,3,2,5,1,0,0,0,0,1,2,3,3,5,0.26305334684052206,0,0.3305802272610996,0.06752688042057753,0,2,-2,0.3442200427691576,0.4833236269591305,0.2188477530471719,0.457892278161578,0.4833236269591305,0.40843771227552755,71,1.005,0.935,0.06999999999999984,0.555,0.5565492957746478,0.135,0.8699999999999999,0.2849999999999999,0.44999999999999984,14,41,0.5774647887323944,2.0161392957746473,2.0024,1.98871,Hit,6,0.22535211267605634,0.4225352112676056,0.3380281690140845,0.06999999999999984,4,1,2.6655316501023023,0.335,0.415,0.037675000000000014,0,Draw,-0.5750000000000002,1.568661971830986,71.0,15.0,10.0,0.2535211267605634,7.0,0.4666666666666667,0.7964126325213763,4.733333333333333,0.676056338028169,0.47262507098202466,0.15236224877460527,0.7699999999999999,0.4,0.4,1.0,0.9560000000000001,0.04899999999999991,0.4,0.06676808008803296,0.2190999877603747,0.1523319076723417,1.8295990675698306,10.4,0.18970895333078325,0.057384487606761514,0.9800000000000001,5,0.11422134326406298,0.3589999999999999,0.20577293310831718,5,0.45369800000000005,0.2576524931860742,0.38799999999999985,0.17626684316683044,5,0.440381,0.23765949303572964,0.02899999999999997,-0.013317000000000023
963,5,13,1,3,1,late,late_r2-4,8,5-8,6,2,6,2,8,4,0,0,0,0,1,3,5,3,8,0.31602984431853853,1,0.4593563715678729,0.14332652724933437,1,0,1,0.31260140526820807,0.4396715257687147,0.3776292004028255,0.6634237775311879,0.4396715257687147,0.6535003396408441,89,1.235,1.225,0.010000000000000009,0.81,0.7187640449438202,-0.315,1.55,0.39,0.42500000000000004,14,54,0.6067415730337079,1.6887747191011233,1.713,1.95953,Hit,6,0.1797752808988764,0.33707865168539325,0.47191011235955055,0.10000000000000009,5,1,2.513085534707235,0.345,0.495,0.508345,0,Hit,-0.4849999999999999,-0.07410112359550565,89.0,18.0,10.0,0.29213483146067415,7.0,0.3888888888888889,0.7496576497580033,4.944444444444445,0.6629213483146067,0.6069489455549089,0.19856236614400133,1.4649999999999999,0.0,0.8,5.0,1.173,0.062000000000000145,1.0,0.22736701968134138,0.32714592955553595,0.09977890987419451,1.5308996648725768,8.6,0.24871001031991744,0.26336258864603745,0.96,5,0.044688956864534855,0.3750000000000001,0.0,5,0.685215,0.0,0.3750000000000001,0.0,5,0.685215,0.0,0.0,0.0
176,5,11,1,5,1,mid,mid_r5-8,8,5-8,4,4,4,4,8,0,0,0,0,0,1,4,4,4,7,0.1394823748722376,1,0.4793334847473105,0.33985110987507294,3,0,3,0.2941253367460884,0.4217919810843709,0.3710311923955207,0.6638490452231977,0.4217919810843709,0.6535003396408441,97,1.585,1.505,0.08000000000000007,0.985,0.9622680412371134,0.28,1.305,0.35499999999999987,0.6,8,34,0.35051546391752575,1.9084549484536084,1.89997,1.83379,PreGuard,6,0.32989690721649484,0.35051546391752575,0.30927835051546393,0.08000000000000007,5,0,2.5944065815140784,0.21,0.51,0.668105,1,PreGuard,-1.415,-1.5368556701030927,97.0,20.0,10.0,0.2268041237113402,9.0,0.45,0.7749501491185365,4.85,0.7010309278350515,0.6562908329238253,0.1719595114866305,1.1849999999999998,0.2,1.0,22.0,1.47,0.11500000000000003,0.6,0.1699360171702696,0.1353012652637689,-0.03463475190650071,1.7830856962486685,5.8,0.09188971111281644,0.12826190701874438,0.9199999999999999,5,0.14576307308250785,0.8039999999999999,0.40805024200458445,5,0.8988530000000001,0.3860892449065372,0.6609999999999999,0.4396788600785805,5,0.750767,0.41111518219654697,-0.14300000000000002,-0.14808600000000016
2199,1,13,1,3,1,late,late_r2-4,11,9-12,6,5,6,5,11,1,0,0,0,0,1,8,3,3,10,0.2812336910133643,1,0.3679630632020013,0.08672937218863697,1,0,1,0.31848208270011386,0.48187092968254536,0.591284477019403,0.5503356989034999,0.48187092968254536,0.8985629670061606,119,0.25,0.21,0.04000000000000001,-0.93,-0.9113025210084035,-1.765,2.0149999999999997,0.375,1.1800000000000002,2,6,0.05042016806722689,1.6228573109243696,1.56652,1.54839,Hit,6,0.33613445378151263,0.3025210084033613,0.35294117647058826,0.645,1,1,2.118908129335429,0.385,0.155,-0.524195,1,Hit,-0.73,-1.0441596638655462,119.0,24.0,10.0,0.2773109243697479,8.0,0.3333333333333333,0.7498470552190996,4.958333333333333,0.7142857142857143,0.4944397443148928,0.1989618009570239,1.435,0.0,0.4,6.0,-0.215,0.46499999999999997,0.0,0.15805836988076535,0.2553662218654691,0.09730785198470379,1.4353501864278124,11.8,0.16611199304150503,0.11619019501363696,0.9399999999999998,5,0.04397965260778493,1.611,0.17253260561412728,5,1.931165,0.2171035287311103,0.9870000000000001,0.608662468039553,5,1.2590299999999999,0.66469733892577,-0.6239999999999999,-0.6721350000000001
8298,3,11,1,5,1,mid,mid_r5-8,11,9-12,6,5,6,5,11,1,0,0,0,0,1,5,6,5,10,0.2229512457445338,1,0.2664152174407483,0.04346397169621452,1,0,1,0.3634157620260877,0.5154096515019706,0.41360929389012074,0.6333860761712428,0.5154096515019706,0.8985629670061606,119,1.185,1.15,0.03500000000000014,0.025,0.08941176470588234,-0.61,1.795,0.4275,1.1600000000000001,5,8,0.06722689075630252,1.8108553781512609,1.78459,2.06659,Hit,6,0.33613445378151263,0.3025210084033613,0.35294117647058826,0.45000000000000007,2,1,2.7279583876444096,0.3,0.43,0.15170499999999998,1,Hit,0.9800000000000001,-0.4751680672268907,119.0,24.0,10.0,0.25210084033613445,10.0,0.4166666666666667,0.7546887151323951,4.958333333333333,0.7394957983193278,0.6340174750022506,0.20843912066790643,1.685,0.6,0.6,2.0,1.1309999999999998,0.05400000000000005,0.6,0.17134618542022254,0.2523171503383865,0.08097096491816391,1.6325249773460193,12.2,0.25695436532321847,0.19140204926375753,0.86,5,0.20541109272765823,0.43499999999999994,0.11180339887498948,5,0.4403309999999999,0.08370944080568209,0.491,0.23702320561497772,5,0.499084,0.21508514268772724,0.05600000000000005,0.05875300000000011
6729,2,14,0,2,0,late,late_r2-4,13,13-16,7,6,7,6,13,1,0,0,0,0,1,7,6,4,12,0.2785736106112692,0,0.4210685209333513,0.1424949103220821,0,1,-1,0.2970931888078205,0.40232781959856845,0.4493066634973121,0.6676819516212122,0.40232781959856845,1.0619380519163715,135,0.665,0.62,0.04500000000000004,-0.67,-0.7257407407407409,-1.73,2.395,0.3374999999999999,1.335,3,3,0.022222222222222223,0.9621481333333335,0.934866,1.04536,Draw,6,0.35555555555555557,0.2814814814814815,0.35555555555555557,0.78,1,0,1.3950645806596687,0.225,0.115,0.14232,1,Draw,0.17500000000000004,0.2846296296296296,135.0,27.0,10.0,0.2074074074074074,8.0,0.2962962962962963,0.8040695620239378,5.0,0.6888888888888889,0.8787415459904994,0.13213612253999996,2.3583333333333334,0.0,1.0,3.0,0.62,0.04500000000000004,1.0,0.43918057150868844,0.5578213985157328,0.11864082700704429,0.6991976430382293,1.0,0.5690019277781088,0.46497414346769544,0.8200000000000001,5,0.036710421577607996,0.045,0.0,5,0.06213500000000001,0.0,0.045,0.0,5,0.06213500000000001,0.0,0.0,0.0
8119,5,4,0,12,0,early,early_r9+,4,2-4,2,2,2,2,4,0,0,0,0,0,1,2,2,2,4,0.32544571817714857,0,0.4046024460677406,0.07915672789059203,0,2,-2,0.44973703178350927,0.5382196305602692,0.197723921183351,0.5528081781911344,0.5382196305602692,0.32675016982042204,65,-0.18,-0.285,0.10499999999999998,-0.655,-0.6516153846153846,-1.115,0.935,0.255,0.47500000000000003,8,37,0.5692307692307692,2.0222324615384615,2.02672,2.02178,Draw,6,0.24615384615384617,0.46153846153846156,0.27692307692307694,0.195,6,0,2.6219768543804784,0.565,0.165,-1.19089,1,Draw,1.23,1.1205384615384615,65.0,13.0,10.0,0.21538461538461542,3.0,0.23076923076923078,0.8735420857426124,5.0,0.7538461538461538,0.39238396249524243,0.14206898130403178,0.5466666666666666,0.4,1.0,3.0,-0.253,0.073,1.0,0.10235209203956372,0.19427783406293836,0.09192574202337464,1.9113304527307524,2.6,0.16703296703296702,0.1540461341061265,0.9400000000000001,5,0.2921816576664919,0.26399999999999996,0.3067857558622955,5,0.2747750000000001,0.31730552662221323,0.279,0.22523321247098527,5,0.261988,0.20798875824789181,0.015000000000000069,-0.012787000000000104
8189,0,14,0,2,0,late,late_r2-4,3,2-4,2,1,2,1,3,1,0,0,0,0,1,3,0,1,1,0.2607868748614497,0,1.355400591559559,1.0946137166981094,0,1,-1,0.8679862974148865,0.972139666246019,0.6887411273878999,0.2752102509395731,0.972139666246019,0.2450626273653165,55,0.025,-0.055,0.08,-1.75,-1.4526363636363635,-1.86,1.885,0.7525,1.775,2,3,0.05454545454545454,0.6528961272727273,0.498773,1.36542,Hit,6,0.14545454545454545,0.509090909090909,0.32727272727272727,0.81,1,1,1.509626435877142,0.615,0.205,-0.65771,1,Hit,-2.93,-0.9454545454545454,55.0,11.0,10.0,0.21818181818181817,2.0,0.18181818181818182,0.9199715735432552,5.0,0.7818181818181819,0.7789929505880768,0.19563680975365944,1.4808333333333334,0.4,1.0,6.0,-0.08399999999999999,0.10900000000000001,1.0,0.6700892222295554,0.8515247683676215,0.18143554613806617,0.645502027303803,1.0,0.8207896325039542,0.7101006217691295,0.9199999999999999,5,0.04756718894946953,0.8100000000000002,0.0,5,0.6971100000000001,0.0,0.5630000000000001,0.364581952378337,5,0.47406700000000007,0.3209490784688438,-0.2470000000000001,-0.22304300000000005
9791,0,8,0,8,0,mid,mid_r5-8,3,2-4,2,1,2,1,3,1,0,0,0,0,1,3,0,1,2,0.5089075229351626,1,0.7310487994682726,0.22214127653311,1,0,1,0.4488035267062852,0.797371366142583,0.803679303711513,0.16348802878362692,0.797371366142583,0.2450626273653165,55,-0.11,-0.24,0.13,-0.755,-0.7413636363636364,-1.2,1.0899999999999999,0.4574999999999999,0.645,3,21,0.38181818181818183,1.8501927272727274,1.8412,1.88359,PostGuard,6,0.14545454545454545,0.509090909090909,0.32727272727272727,0.13,5,0,2.534202115509512,0.555,0.195,-1.051795,1,PostGuard,-1.11,-1.6593636363636362,55.0,11.0,10.0,0.2545454545454545,2.0,0.18181818181818182,0.8793539588062839,5.0,0.7454545454545455,0.34595198738313254,0.2023930708819134,0.7916666666666665,0.2,1.0,14.0,-0.269,0.159,1.0,0.16440203758894514,0.20703148761262308,0.04262945002367792,1.8187451697643837,6.0,0.24000000000000005,0.19118786123515924,0.9400000000000001,5,0.17946911918783082,0.275,0.2555386467836127,5,0.21132199999999993,0.28494248045877607,0.27199999999999996,0.1442480502467884,5,0.17578299999999986,0.14295654250505643,-0.003000000000000058,-0.03553900000000007
5487,5,5,1,11,1,early,early_r9+,5,5-8,3,2,3,2,5,1,0,0,0,0,1,2,3,5,5,0.13143140970102976,0,0.16571963341740767,0.03428822371637791,0,1,-1,0.2966544424005811,0.37797186933108284,0.24690428244127316,0.33194420374514744,0.37797186933108284,0.40843771227552755,71,1.085,1.06,0.02499999999999991,0.525,0.5307746478873239,0.08,1.005,0.26750000000000007,0.5599999999999999,5,29,0.4084507042253521,2.0279259154929576,2.02692,2.11608,Draw,6,0.22535211267605634,0.4225352112676056,0.3380281690140845,0.02499999999999991,6,0,2.812362784162976,0.3,0.44,0.03208999999999995,0,Hit,1.2449999999999999,1.2867605633802817,71.0,15.0,10.0,0.2535211267605634,4.0,0.26666666666666666,0.8618571817757565,4.733333333333333,0.7464788732394366,0.5311636124858525,0.14047870483772204,0.6691666666666665,0.2,1.0,6.0,0.8779999999999999,0.20699999999999993,0.6,0.025928757192519657,0.11210693454539829,0.08617817735287862,1.8059912360813275,6.8,0.07428571428571429,0.022791105665888517,0.9400000000000001,5,0.271507468028214,0.501,0.24651064885720456,5,0.45076399999999994,0.22621290945699804,0.3829999999999999,0.045497252664309255,5,0.311958,0.028981919708673518,-0.1180000000000001,-0.13880599999999993
4950,0,15,1,1,1,late,r1,5,5-8,3,2,3,2,5,1,0,0,0,0,1,4,1,2,3,0.32351025582661475,0,0.471355112170219,0.14784485634360428,0,1,-1,0.6671148869124756,0.7932543992604949,0.608777579388926,0.593079348485511,0.7932543992604949,0.40843771227552755,71,0.83,0.645,0.18499999999999994,-1.0,-0.9356338028169014,-1.75,2.58,0.0,1.83,2,2,0.028169014084507043,0.2678627943661972,0.0,1.64046,Hit,6,0.22535211267605634,0.4225352112676056,0.3380281690140845,1.1199999999999999,1,1,1.8650211849113498,0.35,0.295,0.009769999999999945,1,Hit,0.0,0.0,71.0,15.0,10.0,0.8028169014084507,14.0,0.9333333333333333,0.3754915568215845,4.733333333333333,0.5633802816901409,0.006784160565196998,0.4307744605799716,0.08017543859649123,0.0,1.0,57.0,-0.6,1.43,1.0,0.30582908905890566,-0.9999999999999998,-1.3058290890589055,0.028696711453532857,15.0,0.9999999999999998,0.30162428948431025,1.0,5,0.0,1.43,0.0,5,1.1245500000000002,0.0,1.43,0.0,5,1.1245500000000002,0.0,0.0,0.0
9143,3,7,1,9,1,mid,early_r9+,6,5-8,3,3,3,3,6,0,0,0,0,0,1,5,1,4,5,0.21966432488415255,1,0.3682152775551281,0.14855095267097557,1,0,1,0.2912736684305707,0.390640979509803,0.2847179087581274,0.5378470313822205,0.390640979509803,0.490125254730633,81,1.135,1.09,0.04499999999999993,0.62,0.632962962962963,0.16,0.975,0.21499999999999997,0.515,8,39,0.48148148148148145,1.9467032098765433,1.95943,1.97908,Draw,6,0.2962962962962963,0.3950617283950617,0.2962962962962963,0.04499999999999993,5,0,2.722008619413706,0.28,0.455,0.14546000000000003,1,Draw,-0.24499999999999988,-0.020123456790123444,81.0,17.0,10.0,0.2962962962962963,6.0,0.35294117647058826,0.7531073246065421,4.764705882352941,0.7160493827160493,0.398103328661902,0.13470211737638393,0.6975,0.4,0.6,2.0,0.9620000000000001,0.173,0.6,0.02501127393484433,0.13636081252602555,0.11134953859118121,1.6594239008069132,7.6,0.1167177757382198,0.03472018623013738,0.9199999999999999,5,0.18490870405004645,0.497,0.29284381502773804,5,0.5066189999999999,0.2924517818034283,0.38899999999999996,0.24089416763383872,5,0.40776199999999996,0.24996332615005748,-0.10800000000000004,-0.09885699999999997
4517,4,13,1,3,1,late,late_r2-4,11,9-12,5,6,5,6,11,-1,0,0,0,0,1,7,4,6,10,0.04022114374740002,1,0.33854057407028476,0.29831943032288477,1,0,1,0.3031081650971122,0.4271815395642582,0.378231283716816,0.5421853691731773,0.4271815395642582,0.8985629670061606,123,1.535,1.41,0.125,1.15,1.034878048780488,-0.765,2.3,0.19000000000000017,0.385,13,92,0.7479674796747967,0.8905034552845529,0.779166,1.29181,Hit,6,0.3902439024390244,0.3089430894308943,0.2926829268292683,0.125,6,1,1.5881061223602833,0.04,0.26,0.9989605,0,PostGuard,0.5349999999999999,0.09991869918699187,123.0,25.0,10.0,0.2601626016260163,8.0,0.32,0.7521985246165976,4.92,0.6910569105691057,0.766370938109666,0.13889532170769742,2.0325,0.2,0.8,2.0,1.371,0.16399999999999992,0.8,0.2659247195659457,0.17153959513071212,-0.0943851244352336,0.9909151162534677,7.2,0.17791433464839573,0.32541150771677374,0.64,5,0.09055401071249643,0.15199999999999997,0.14407463343697943,5,0.19539659999999998,0.1605078512754127,0.6799999999999999,0.3957271787481876,5,0.8404375,0.5040659405846619,0.528,0.6450408999999999
2994,5,10,0,6,0,mid,mid_r5-8,10,9-12,5,5,5,5,10,0,0,0,0,0,1,7,3,4,8,0.2269056840980413,0,0.3669229194817312,0.14001723538368993,0,3,-3,0.3723134684858969,0.5292430576982248,0.4839153013606927,0.6366401778870063,0.5292430576982248,0.8168754245510551,113,0.045,0.035,0.009999999999999995,-0.76,-0.7399557522123893,-1.33,1.375,0.36,0.805,8,17,0.1504424778761062,1.8890269911504427,1.8905,1.90341,Hit,6,0.35398230088495575,0.3185840707964602,0.3185840707964602,0.009999999999999995,3,1,2.5509232497495806,0.485,0.2,-0.823865,0,Draw,1.095,1.870884955752212,113.0,23.0,10.0,0.24778761061946902,10.0,0.43478260869565216,0.7721233292824431,4.913043478260869,0.672566371681416,0.6544894229150386,0.17658587771507644,1.2100000000000002,0.0,0.8,6.0,0.019,0.026000000000000002,0.8,0.2918264661542135,0.3906293366079613,0.09880287045374772,1.758416255515862,8.4,0.4182915330225877,0.28968995355595795,0.9199999999999999,5,0.12035631438897372,0.49700000000000005,0.4142704430682932,5,0.63604,0.4282267267902601,0.7630000000000001,0.20822463831160803,5,0.9071620000000001,0.21013949669207824,0.26600000000000007,0.2711220000000001
961,6,13,1,3,1,late,late_r2-4,13,13-16,6,7,6,7,13,-1,0,0,0,0,1,8,5,4,11,0.16346256707882695,0,0.18678067943178592,0.02331811235295897,0,4,-4,0.3150717826289745,0.4575614537194156,0.5216917942361444,0.6769732495392388,0.4575614537194156,1.0619380519163715,139,-1.735,-1.745,0.010000000000000009,-3.195,-2.9643884892086336,-3.51,1.7749999999999997,0.625,1.4599999999999997,7,19,0.1366906474820144,1.4047782014388488,1.37273,1.69846,Hit,6,0.4028776978417266,0.28776978417266186,0.302158273381295,0.03499999999999992,2,1,2.451874969045009,0.86,0.045,-2.48713,0,Draw,0.5849999999999997,0.6971223021582734,139.0,28.0,10.0,0.381294964028777,7.0,0.25,0.687805300764106,4.964285714285714,0.6690647482014388,0.8750181173784004,0.13717660617583124,1.5674528301886796,0.0,0.0,2.0,-1.956,0.22099999999999986,0.0,0.4297613272239837,0.3654001605569773,-0.06436116666700639,1.2862071711537066,26.4,0.3807450991276992,0.4346654297805898,0.82,5,0.12724065035625837,0.4159999999999998,0.21941399226120464,5,0.47176799999999985,0.2684163662484089,0.49299999999999977,0.06667083320313319,5,0.5867519999999998,0.05039362727567857,0.07699999999999996,0.11498399999999998
1566,1,3,1,13,1,early,early_r9+,3,2-4,1,2,1,2,3,-1,0,0,0,0,1,1,2,3,3,0.20012488444978305,0,0.286714031091958,0.08658914664217493,0,1,-1,0.33576071728991735,0.37196381377362725,0.1974709947100755,0.19212531211570066,0.37196381377362725,0.2450626273653165,59,0.975,0.91,0.06499999999999995,0.665,0.6552542372881356,0.26,0.715,0.20750000000000002,0.30999999999999994,19,52,0.8813559322033898,2.0570179661016947,2.04518,1.99609,Draw,6,0.2711864406779661,0.5084745762711864,0.2033898305084746,0.06499999999999995,6,0,2.69163460499961,0.325,0.385,-0.023044999999999982,1,Draw,1.25,1.3393220338983052,59.0,12.0,10.0,0.20338983050847456,4.0,0.3333333333333333,0.8715010455513118,4.916666666666667,0.7457627118644068,0.32914459834545323,0.12101825002709277,0.33291666666666664,0.0,1.0,6.0,0.892,0.08299999999999996,1.0,0.02786313154292163,0.2885629711177422,0.26069983957482057,1.8990949321592248,6.2,0.3944055944055944,0.03826703554200116,0.9800000000000001,5,0.28443987787337444,0.1749999999999999,0.13481468762712762,5,0.232366,0.1543628208718019,0.25999999999999995,0.15728159460025828,5,0.27112299999999995,0.15984504498888918,0.08500000000000005,0.03875699999999996
1686,6,15,1,1,1,late,r1,2,2-4,1,1,1,1,2,0,0,0,0,0,0,0,2,1,1,0.2751286952461314,1,1.573680380382242,1.2985516851361105,1,0,1,1.503377843036088,1.503377843036088,0.7513536,0.022449999999999193,1.503377843036088,0.16337508491021102,49,1.0,1.0,0.0,0.2,0.15540816326530615,-1.0,2.0,1.34,0.8,15,17,0.3469387755102041,0.458341612244898,0.375633,0.0,Draw,6,0.16326530612244897,0.5714285714285714,0.24489795918367346,0.0,3,0,-0.0,0.0,0.0,1.0,1,Draw,0.0,0.0,49.0,10.0,10.0,0.8163265306122449,9.0,0.9,0.3823920054750749,4.9,0.7142857142857143,0.26418756987589803,0.6750279508101868,2.0,1.0,1.0,40.0,1.0,0.0,1.0,0.771734724997983,0.9185586535436918,0.1468239285457088,0.08,5.0,0.8845379626717029,0.7716746030981816,1.0,5,0.0,0.0,0.0,5,0.0,0.0,0.0,0.0,5,0.0,0.0,0.0,0.0
1201,0,6,0,10,0,mid,early_r9+,2,2-4,0,2,0,2,2,-2,0,0,0,0,1,2,0,1,2,0.4721983710076192,0,0.6233173866851461,0.15111901567752695,0,2,-2,0.6972533090278243,0.6972533090278243,0.26722525,0.22390000000000043,0.6972533090278243,0.16337508491021102,53,-0.385,-0.59,0.20499999999999996,-1.14,-1.110754716981132,-1.545,1.16,0.33999999999999997,0.7549999999999999,2,10,0.18867924528301888,2.0512392452830186,2.05255,1.91749,Draw,5,0.3018867924528302,0.5660377358490566,0.11320754716981132,0.31999999999999995,3,0,2.5535355411274985,0.55,0.15,-1.343745,1,Draw,1.44,0.4935849056603774,53.0,11.0,10.0,0.20754716981132076,3.0,0.2727272727272727,0.9093654852559407,4.818181818181818,0.8113207547169811,0.6330292608903794,0.14504873444001623,0.7075000000000001,0.0,1.0,4.0,-0.7409999999999999,0.356,1.0,0.17078689180996948,0.28797166115132133,0.11718476934135187,1.9556926218746546,5.6,0.3727272727272728,0.1929838552849988,0.9800000000000001,5,0.16089718053624225,0.45599999999999985,0.2678245694479877,5,0.507531,0.2967821181523577,0.475,0.1233389638354401,5,0.508595,0.14786952348269755,0.019000000000000128,0.001064000000000065
5494,4,5,1,11,1,early,early_r9+,5,5-8,2,3,2,3,5,-1,0,0,0,0,1,4,1,3,5,0.1605349949419175,1,0.21701687174964038,0.056481876807722875,1,0,1,0.36566529936678827,0.392349753245382,0.23085780333304742,0.30371138536446074,0.392349753245382,0.40843771227552755,75,1.21,1.0,0.20999999999999996,0.555,0.5644666666666667,0.21,1.0,0.22000000000000003,0.6549999999999999,2,14,0.18666666666666668,1.9894389333333333,1.98907,2.17391,Hit,6,0.32,0.4266666666666667,0.24,0.20999999999999996,3,1,2.8447421218169904,0.26,0.435,0.12304500000000007,1,Hit,0.20999999999999996,-0.19673333333333334,75.0,15.0,10.0,0.18666666666666668,5.0,0.3333333333333333,0.8757178993805821,5.0,0.6933333333333334,0.2520118749979105,0.15456671485803766,0.5,0.2,0.8,6.0,0.9109999999999999,0.299,0.8,0.06947991085047162,0.11117833340988877,0.04169842255941714,1.808935987484735,7.6,0.11071428571428572,0.06713216530134435,0.9199999999999999,5,0.21285878031382718,0.6119999999999999,0.35250177304518626,5,0.5464640000000001,0.31890016540055294,0.706,0.15974197945436888,5,0.612549,0.1892547381639361,0.09400000000000008,0.06608499999999995
2492,4,15,1,1,1,late,r1,5,5-8,2,3,2,3,5,-1,0,0,0,0,1,2,3,4,4,0.07692507439222894,0,0.27978261925287534,0.2028575448606464,0,1,-1,0.3024149362254617,0.5199441956746944,0.393948461861176,0.61340282686013,0.5199441956746944,0.40843771227552755,75,1.65,1.175,0.47499999999999987,-1.0,-0.8219333333333333,-2.11,3.76,0.03750000000000009,2.65,1,2,0.02666666666666667,0.3864280093333333,0.0,0.638357,Hit,6,0.32,0.4266666666666667,0.24,0.47499999999999987,2,1,1.0078725331880818,0.03,0.71,1.3308214999999999,1,Hit,0.0,0.0,75.0,15.0,10.0,0.8133333333333332,14.0,0.9333333333333333,0.3596600130525386,5.0,0.5333333333333333,0.01778189257604115,0.7002515096978973,0.21877049180327868,0.0,1.0,61.0,1.175,0.4749999999999998,1.0,0.08035108644150102,0.7319250547113998,0.6515739682698988,0.06642435584272237,1.0,-0.6273643326097713,0.08262380622339843,1.0,5,0.0,0.4749999999999998,0.0,5,0.7791964999999998,0.0,0.4749999999999998,0.0,5,0.7791964999999998,0.0,0.0,0.0
8959,1,11,1,5,1,mid,mid_r5-8,8,5-8,4,4,4,4,8,0,0,0,0,0,1,6,2,5,7,0.1293541483061138,1,0.257187509854194,0.12783336154808017,1,0,1,0.290518905699785,0.4947929856051303,0.7051171399342838,0.3310081107389968,0.4947929856051303,0.6535003396408441,97,1.26,1.21,0.050000000000000044,0.31,0.42139175257731964,-0.145,1.405,0.445,0.95,4,21,0.21649484536082475,1.8436662886597937,1.84662,1.75283,Freeze,6,0.32989690721649484,0.35051546391752575,0.30927835051546393,0.050000000000000044,3,0,2.502271315133667,0.255,0.455,0.38358499999999995,1,Freeze,0.485,-0.46067010309278345,97.0,20.0,10.0,0.21649484536082478,6.0,0.3,0.7948828842296127,4.85,0.6701030927835051,0.2682491116944381,0.26895956150628314,0.8299999999999998,0.0,0.4,21.0,1.0619999999999998,0.19800000000000004,0.6,0.30685888846294224,0.23577049576213366,-0.0710883927008086,1.7365647910819502,11.2,0.25882295545236417,0.31870811819167405,0.9400000000000001,5,0.21507311023413772,1.053,0.10022474744293441,5,1.128791,0.11067638035055175,1.0710000000000002,0.06407027391856536,5,1.142838,0.08770400764788343,0.018000000000000238,0.01404699999999992
1671,0,15,1,1,1,late,r1,10,9-12,4,6,4,6,10,-2,0,0,0,0,1,7,3,5,8,0.18854737751822412,0,0.4027541826424649,0.21420680512424076,0,2,-2,0.32340198209813165,0.47565175658987185,0.5385554945118619,0.5275006586725746,0.47565175658987185,0.8168754245510551,117,2.74,2.485,0.25500000000000034,-1.985,-1.1558547008547009,-2.0,4.74,1.6400000000000001,4.7250000000000005,1,2,0.017094017094017096,0.6336486393162394,0.121552,1.75568,Hit,6,0.41025641025641024,0.3247863247863248,0.2564102564102564,2.43,1,1,2.0631179685687893,0.085,0.88,1.8621600000000003,1,Hit,0.0,0.0,117.0,24.0,10.0,0.8034188034188035,23.0,0.9583333333333334,0.3499013977135025,4.875,0.6068376068376068,0.11888520892114925,1.2679056348793492,1.0506382978723408,0.0,1.0,94.0,-0.015,2.7550000000000003,1.0,0.7914532990292152,0.7223151185146153,-0.06913818051459997,0.08664051132586131,1.0,0.7223151185146153,0.7962019199410141,1.0,5,0.0,2.7550000000000003,0.0,5,2.7861100000000003,0.0,2.7550000000000003,0.0,5,2.7861100000000003,0.0,0.0,0.0
1385,7,11,1,5,1,mid,mid_r5-8,9,9-12,5,4,5,4,9,1,0,0,0,0,1,5,4,4,7,0.15705547846541268,1,0.39677587993727537,0.2397204014718627,2,0,2,0.31894264054215615,0.6507854938653578,0.8442040747867625,0.6013454786488033,0.6507854938653578,0.7351878820959495,103,1.18,1.16,0.020000000000000018,0.68,0.6867961165048543,0.075,1.105,0.29499999999999993,0.4999999999999999,16,53,0.5145631067961165,1.7500159223300973,1.74338,1.52892,Draw,6,0.3106796116504854,0.3300970873786408,0.34951456310679613,0.020000000000000018,6,0,2.280075684219501,0.205,0.475,0.4155399999999999,1,Draw,-0.8200000000000001,-1.0781553398058252,103.0,21.0,10.0,0.3106796116504854,8.0,0.38095238095238093,0.7369138696634067,4.904761904761905,0.6893203883495146,0.36257523342340653,0.18696343629043366,0.8433333333333334,0.2,0.6,24.0,1.1019999999999999,0.07799999999999996,0.6,0.23540655833581076,0.19008047342287054,-0.04532608491294019,1.615476113030855,9.8,0.15234664799249162,0.20376129436101506,0.9199999999999999,5,0.12479321629504446,0.45999999999999985,0.27690250992000776,5,0.5880809999999999,0.25834260419547533,0.2899999999999999,0.1998749609130668,5,0.44735299999999995,0.24471764366305918,-0.16999999999999993,-0.1407279999999999
6872,1,14,0,2,0,late,late_r2-4,13,13-16,7,6,7,6,13,1,0,0,0,0,1,10,3,6,12,0.247354973469304,1,0.4019253031148946,0.15457032964559062,1,0,1,0.29018351505383105,0.38538904660142465,0.36261030221273677,0.5373196024229239,0.38538904660142465,1.0619380519163715,135,1.02,1.015,0.0050000000000001155,0.74,0.3803703703703703,-1.585,2.605,1.0,0.28,62,81,0.6,0.8568994962962965,0.872224,0.647765,Hit,6,0.35555555555555557,0.2814814814814815,0.35555555555555557,0.0050000000000001155,6,1,0.9033420090600253,0.055,0.14,1.0,0,PostGuard,0.020000000000000018,-0.344962962962963,135.0,27.0,10.0,0.26666666666666666,11.0,0.40740740740740733,0.7367943226045147,5.0,0.7111111111111111,0.9029530267126706,0.18854414306593667,2.2162499999999996,0.0,0.8,33.0,0.998,0.02200000000000002,0.8,0.6849642922907206,0.7825894993366834,0.09762520704596263,0.6693828311165828,10.4,0.750296635474964,0.7050503740811415,0.9800000000000001,5,0.037686020952407605,0.6300000000000001,0.5082691216275096,5,1.2245566,0.6201901896130735,0.77,0.0,5,1.4672,0.0,0.1399999999999999,0.24264339999999995
8785,1,4,0,12,0,early,early_r9+,2,2-4,1,1,1,1,2,0,0,0,0,0,1,1,1,1,2,0.1571274230966708,0,0.7699684517589056,0.6128410286622348,0,1,-1,0.8577789198628097,0.8577789198628097,0.008759500000000003,0.4288000000000025,0.8577789198628097,0.16337508491021102,49,-0.32,-0.335,0.015000000000000013,-0.615,-0.6094897959183673,-0.88,0.56,0.18499999999999994,0.295,19,45,0.9183673469387755,1.9744842857142857,1.96794,1.79933,Freeze,6,0.16326530612244897,0.5714285714285714,0.24489795918367346,0.015000000000000013,5,0,2.497831453048018,0.58,0.16,-1.219665,1,Freeze,0.12,0.08244897959183674,49.0,10.0,10.0,0.20408163265306123,1.0,0.1,0.9276124801637853,4.9,0.7959183673469388,0.49628629722325635,0.09471385400270844,0.373,0.0,1.0,5.0,-0.406,0.086,1.0,-0.07049965442846137,0.13721322873546551,0.20771288316392683,1.8797113880103957,4.0,0.06666666666666668,-0.12811254179093237,1.0,5,0.27981348501284425,0.33599999999999997,0.1270039369468521,5,0.391574,0.13413467031308493,0.31599999999999995,0.1790391018744229,5,0.42380700000000004,0.13576563660403917,-0.020000000000000018,0.03223300000000007
1835,0,15,1,1,1,late,r1,4,2-4,1,3,1,3,4,-2,0,0,0,0,1,3,1,1,2,0.4603072314233622,0,0.6975201703893577,0.23721293896599543,0,1,-1,1.149499828036803,1.2733031394263306,0.7852166785132672,0.7767407369901486,1.2733031394263306,0.32675016982042204,69,1.235,1.215,0.020000000000000018,-1.0,-0.7899275362318839,-1.45,2.685,0.06000000000000005,2.2350000000000003,3,4,0.057971014492753624,0.3283091115942029,0.0,1.19573,Hit,6,0.34782608695652173,0.463768115942029,0.17391304347826086,1.0450000000000002,1,1,1.5283534284789368,0.135,0.57,0.884263,0,Hit,0.0,0.0,69.0,14.0,10.0,0.8115942028985508,13.0,0.9285714285714286,0.3664772253771886,4.928571428571429,0.5652173913043478,0.4295731015910471,0.4557498918999726,2.3449999999999998,1.0,1.0,56.0,1.235,0.0,1.0,0.4504963327445739,0.40822312955721285,-0.04227320318736105,0.03976647262275484,6.0,-0.10990622718848038,0.3268056417061043,0.9,5,0.0,0.0,0.0,5,0.24712799999999993,0.0,0.0,0.0,5,0.24712799999999993,0.0,0.0,0.0
6216,7,8,0,8,0,mid,mid_r5-8,3,2-4,2,1,2,1,3,1,0,0,0,0,0,2,1,1,1,0.14859698696824317,1,1.2256058848177913,1.0770088978495482,2,0,2,1.2830203261866282,1.4575075224099592,1.1605497832067964,0.3476020937157254,1.4575075224099592,0.2450626273653165,55,0.075,-0.04,0.11499999999999999,-0.555,-0.5126363636363637,-0.85,0.9249999999999999,0.2025,0.63,6,12,0.21818181818181817,1.7844223636363639,1.75413,1.99984,PostGuard,6,0.14545454545454545,0.509090909090909,0.32727272727272727,0.11499999999999999,4,0,2.5287325097290196,0.565,0.23,-0.9249200000000001,1,PostGuard,-2.355,-3.0407272727272723,55.0,11.0,10.0,0.2909090909090909,3.0,0.2727272727272727,0.8500395499285572,5.0,0.7636363636363637,0.2623213753525282,0.15756382842534034,0.37199999999999994,0.2,1.0,16.0,-0.24500000000000002,0.32,1.0,0.08484292008194277,0.3033136397801334,0.21847071969819068,1.7099047480865246,5.4,0.13999999999999999,0.09595838639955102,0.9400000000000001,5,0.2576339827230724,0.28099999999999997,0.2024660465362032,5,0.23320999999999997,0.17018702972759123,0.383,0.220045449850707,5,0.3147679999999998,0.17649081716905268,0.10200000000000004,0.08155799999999985
8471,6,5,1,11,1,early,early_r9+,5,5-8,2,3,2,3,5,-1,0,0,0,0,1,3,2,3,5,0.37875472272171123,0,0.45972204174261544,0.0809673190209042,0,1,-1,0.4444981132063479,0.6077140697719846,0.31235999724074787,0.5226616129007364,0.6077140697719846,0.40843771227552755,75,1.06,1.04,0.020000000000000018,0.64,0.6450666666666668,0.29,0.77,0.25249999999999995,0.42000000000000004,13,52,0.6933333333333334,2.0262111999999997,2.0195,2.10628,PreGuard,6,0.32,0.4266666666666667,0.24,0.09000000000000008,6,0,2.788642265426805,0.3,0.425,0.03025000000000011,0,PreGuard,2.06,1.4365333333333332,75.0,15.0,10.0,0.28,5.0,0.3333333333333333,0.782667632166528,5.0,0.7066666666666667,0.2269208329755777,0.1437609576090295,0.36,0.2,0.8,18.0,0.898,0.16200000000000006,0.6,0.14925940913396504,0.16673072912619172,0.017471319992226664,1.8860311741025289,8.8,0.23357142857142854,0.17045625084498967,0.96,5,0.2454565009285594,0.364,0.1334353776177817,5,0.40633600000000014,0.16154574276346628,0.413,0.027522717889045773,5,0.40881300000000004,0.08022738346412658,0.04899999999999999,0.002476999999999896
256,3,12,0,4,0,late,late_r2-4,6,5-8,4,2,4,2,6,2,0,0,0,0,1,3,3,3,6,0.25418872628226613,0,0.33358064188588654,0.07939191560362041,0,2,-2,0.29985606574488316,0.5213935487844957,0.3751696523952882,0.4532932641605569,0.5213935487844957,0.490125254730633,77,0.495,0.35,0.14500000000000002,-0.92,-0.8382467532467532,-1.505,2.0,0.30500000000000005,1.415,2,3,0.03896103896103896,1.682315974025974,1.67504,1.85741,Hit,6,0.2077922077922078,0.38961038961038963,0.38961038961038963,0.45,2,1,2.5022433839759426,0.445,0.31,-0.433705,1,Hit,-1.88,0.7377272727272728,77.0,16.0,10.0,0.2857142857142857,7.0,0.4375,0.7176123490411035,4.8125,0.7012987012987013,0.6571726790589723,0.18462776159679747,1.7599999999999998,0.0,0.0,2.0,-0.15699999999999997,0.6519999999999999,0.0,0.249520883971336,0.2603236539618973,0.0108027699905613,1.5061360783151296,15.2,0.19893375515935266,0.24332944064704792,0.8800000000000001,5,0.16591661846309447,0.819,0.3368493728656771,5,0.814222,0.4298636175812045,0.742,0.30944708756102385,5,0.714657,0.3952316694610896,-0.07699999999999996,-0.09956500000000001
5778,2,9,1,7,1,mid,mid_r5-8,8,5-8,4,4,4,4,8,0,0,0,0,0,1,4,4,3,8,0.09724930805147183,1,0.29744157080173106,0.20019226275025923,1,0,1,0.38035578643960744,0.5015484339339831,0.4449653596997692,0.5530744728334517,0.5015484339339831,0.6535003396408441,97,0.915,0.635,0.28,0.21,0.19649484536082476,-0.355,1.27,0.36,0.7050000000000001,1,20,0.20618556701030927,1.954989587628866,1.96565,1.80493,PostGuard,6,0.32989690721649484,0.35051546391752575,0.30927835051546393,0.28,4,0,2.524477410514375,0.3,0.38,0.012535000000000074,1,PostGuard,-0.08499999999999996,-0.12711340206185567,97.0,20.0,10.0,0.4020618556701031,7.0,0.35,0.6852298500966506,4.85,0.6701030927835051,0.526049090511164,0.16911833026622056,0.6516666666666666,0.0,0.8,39.0,0.521,0.394,1.0,0.19321109830652908,0.2682373451590072,0.07502624685247809,1.7169515297101619,9.8,0.20631578947368417,0.19396752593497607,0.96,5,0.0979957963738174,0.524,0.20057417580536138,5,0.586317,0.22135031840388214,0.49000000000000005,0.07508328708840604,5,0.5158940000000001,0.13619583760159493,-0.033999999999999975,-0.0704229999999999
6320,4,15,1,1,1,late,r1,9,9-12,5,4,5,4,9,1,0,0,0,0,1,7,2,2,9,0.323054990862237,0,0.4444322952981681,0.12137730443593109,0,3,-3,0.31474235145750096,0.4422829296129319,0.5172001625133027,0.4085788350422039,0.4422829296129319,0.7351878820959495,103,-0.055,-0.175,0.12,-2.995,-2.470242718446602,-3.0,2.945,0.75,2.94,6,7,0.06796116504854369,0.4470799009708738,0.0705337,1.73262,Hit,6,0.3106796116504854,0.3300970873786408,0.34951456310679613,1.8900000000000001,1,1,1.623168208837928,0.72,0.225,-0.9213100000000001,1,Hit,0.0,0.0,103.0,21.0,10.0,0.8058252427184465,20.0,0.9523809523809523,0.3527369907383066,4.904761904761905,0.5048543689320388,0.09751989871178202,0.8812611996881362,0.657409638554217,0.0,1.0,83.0,-0.5,0.445,1.0,0.7451766770146415,1.0,0.2548233229853585,0.04913967436687058,1.0,1.0,0.7547190116178252,1.0,5,0.0,0.445,0.0,5,0.504705,0.0,0.445,0.0,5,0.504705,0.0,0.0,0.0
1638,4,11,1,5,1,mid,mid_r5-8,9,9-12,5,4,5,4,9,1,0,0,0,0,1,6,3,4,8,0.31428325201957624,1,0.396632868360267,0.08234961634069077,1,0,1,0.2909684812638643,0.5631278037204378,0.6221237911892652,0.5757630848504823,0.5631278037204378,0.7351878820959495,103,0.715,0.715,0.0,0.205,0.19776699029126216,-0.375,1.0899999999999999,0.25,0.51,14,48,0.46601941747572817,1.7707223300970873,1.77471,1.83133,Draw,6,0.3106796116504854,0.3300970873786408,0.34951456310679613,0.0,5,0,2.407069546901561,0.395,0.305,-0.20066499999999998,1,Draw,0.7849999999999999,-0.4405339805825242,103.0,21.0,10.0,0.2524271844660194,6.0,0.2857142857142857,0.8083832074048882,4.904761904761905,0.7281553398058253,0.5062719371639124,0.14938467490413054,0.89625,0.4,1.0,4.0,0.655,0.05999999999999996,1.0,0.25875733079240454,0.3992476791834053,0.1404903483910008,1.638361453642394,6.2,0.370718451600573,0.226405994142308,0.82,5,0.19102668487538807,0.24999999999999992,0.13932874793092773,5,0.26958499999999996,0.16811928666872225,0.08299999999999992,0.08497058314499205,5,0.054841999999999926,0.07854635984563516,-0.16699999999999998,-0.21474300000000004
2310,6,15,1,1,1,late,r1,13,13-16,7,6,6,6,12,0,1,0,1,1,1,5,7,4,9,0.036155815046685025,0,0.3789272776887954,0.3427714626421104,0,1,-1,0.3492546962948372,0.5240233706294207,0.5999006393366909,0.9206985532285582,0.5166515703444704,0.980250509461266,135,2.215,2.15,0.06499999999999995,-1.0,-0.7272592592592593,-1.38,3.5949999999999998,0.23249999999999993,3.215,2,2,0.014814814814814815,0.4741769985185185,0.0,2.13044,Hit,7,0.35555555555555557,0.32592592592592595,0.3111111111111111,2.1149999999999998,1,1,2.5051578826070795,0.25,0.7,1.1497799999999998,1,Hit,0.0,0.0,135.0,27.0,10.0,0.8074074074074075,26.0,0.962962962962963,0.33904765103143236,5.0,0.5481481481481482,0.0550270993423098,0.6420679414812658,0.5446330275229359,0.0,1.0,109.0,-0.39,2.605,1.0,0.4949563369641351,0.6240199689585152,0.1290636319943801,0.03704482955054393,1.0,-0.0018462129259127669,0.3688036343505877,0.9,5,0.0,2.605,0.0,5,2.30918,0.0,2.605,0.0,5,2.30918,0.0,0.0,0.0
7921,5,4,0,12,0,early,early_r9+,2,2-4,1,1,1,1,2,0,0,0,0,0,1,1,1,2,2,0.16870756749179805,1,0.18606838451493918,0.01736081702314113,1,0,1,0.3499721354065174,0.3499721354065174,0.1302095,0.11689999999999756,0.3499721354065174,0.16337508491021102,49,-0.205,-0.295,0.09,-0.635,-0.6206122448979591,-1.07,0.8650000000000001,0.24,0.43000000000000005,7,35,0.7142857142857143,2.0004355102040816,1.99574,2.02558,PostGuard,6,0.16326530612244897,0.5714285714285714,0.24489795918367346,0.09,5,0,2.741421828083245,0.53,0.195,-1.2177900000000002,1,PostGuard,-1.205,-1.4438775510204083,49.0,10.0,10.0,0.20408163265306123,2.0,0.2,0.9293367980253521,4.9,0.7551020408163265,0.14936021057385648,0.14751157488988925,0.30500000000000005,0.2,1.0,8.0,-0.337,0.132,1.0,0.06048857792452833,-0.022880652768718163,-0.0833692306932465,1.8074245330398846,5.6,0.05212121212121211,0.07739263241590387,1.0,5,0.20507206684836907,0.457,0.0816700679563817,5,0.4482689999999999,0.08380759209343754,0.45,0.21997158907458939,5,0.39905599999999986,0.23472628313101201,-0.007000000000000006,-0.04921300000000006
1361,1,12,0,4,0,late,late_r2-4,4,2-4,2,2,1,2,3,-1,0,0,0,0,1,2,1,2,3,0.3924822164837553,1,0.5582891002669124,0.16580688378315706,1,0,1,0.908071959826971,1.1418612602638067,0.8628054002708302,0.6284748140339431,0.9091434913024851,0.2450626273653165,59,0.19,0.06,0.13,-0.735,-0.6647457627118644,-1.565,1.755,0.42749999999999994,0.925,4,9,0.15254237288135594,1.7328633898305084,1.75641,1.55367,Draw,6,0.2711864406779661,0.5084745762711864,0.2033898305084746,0.18,3,0,2.1655102786737706,0.41,0.21,-0.586835,1,Draw,-1.185,-1.4722881355932202,59.0,12.0,10.0,0.3389830508474576,3.0,0.25,0.8197092906902513,4.916666666666667,0.7627118644067796,0.6771074885690088,0.17589589909538242,1.515,0.4,1.0,5.0,0.10600000000000001,0.084,1.0,0.3345838385208958,0.42129036631458333,0.0867065277936876,1.6091879740688746,3.6,0.47972027972027975,0.37072527751102025,0.9800000000000001,5,0.230109965935095,0.601,0.12074767078498866,5,0.634355,0.15936456475640998,0.651,0.005477225575051679,5,0.635241,0.04584748962593264,0.050000000000000044,0.0008859999999999424
5041,1,8,0,8,0,mid,mid_r5-8,3,2-4,2,1,2,1,3,1,0,0,0,0,1,2,1,3,3,0.31503686745522247,0,0.4411704710048093,0.1261336035495868,0,1,-1,0.3295695652699948,0.466435569920818,0.058521054140419124,0.43660733184661815,0.466435569920818,0.2450626273653165,55,0.14,0.08,0.06000000000000001,-0.395,-0.39872727272727265,-0.835,0.975,0.20999999999999996,0.535,2,24,0.43636363636363634,1.8190274545454548,1.81813,1.91583,Freeze,6,0.14545454545454545,0.509090909090909,0.32727272727272727,0.06000000000000001,5,0,2.5914093973726366,0.47,0.27,-0.817915,1,Freeze,1.03,0.184,55.0,11.0,10.0,0.2363636363636364,4.0,0.36363636363636365,0.8505336647519763,5.0,0.7636363636363637,0.269595896854329,0.15128940272973165,0.37,0.2,1.0,13.0,-0.039,0.179,0.8,0.10945152560205003,0.13019280630409164,0.02074128070204162,1.6122602621955626,5.2,0.0036363636363636433,0.09057507509167965,0.9800000000000001,5,0.273498539359567,0.5690000000000001,0.07056911505750943,5,0.5025190000000002,0.07164212957471323,0.608,0.1721046193453273,5,0.5480120000000002,0.16556052362353774,0.038999999999999924,0.045493000000000006
5033,7,5,1,11,1,early,early_r9+,5,5-8,3,2,3,2,5,1,0,0,0,0,1,3,2,4,5,0.3128975171585742,0,0.37951899679594175,0.06662147963736753,0,1,-1,0.39792797994737533,0.44904944708822203,0.29186442586009276,0.38997352422953047,0.44904944708822203,0.40843771227552755,71,1.165,1.115,0.050000000000000044,0.535,0.5517605633802819,0.195,0.97,0.3,0.63,4,21,0.29577464788732394,2.0782836619718306,2.09762,2.08992,Hit,6,0.22535211267605634,0.4225352112676056,0.3380281690140845,0.3500000000000001,4,1,2.800673287229685,0.28,0.43,0.12003999999999992,1,Hit,0.135,1.2592957746478874,71.0,15.0,10.0,0.2535211267605634,5.0,0.3333333333333333,0.8517748456336525,4.733333333333333,0.7887323943661971,0.6496142796997544,0.12404580569733462,0.97,0.4,0.4,1.0,1.1350000000000002,0.030000000000000027,0.4,0.05655289101843173,0.20273221665795824,0.1461793256395265,1.9198696344651283,9.6,0.16283223704719965,0.056653609293991325,0.9,5,0.2982195686520728,0.152,0.1391312330140145,5,0.16590999999999992,0.15190223994398497,0.30700000000000005,0.22670465367962786,5,0.3120919999999999,0.1987720644859333,0.15500000000000005,0.146182
5022,1,15,1,1,1,late,r1,6,5-8,1,5,1,5,6,-4,0,0,0,0,1,3,3,3,4,0.06007215247425534,1,0.3774814073567101,0.31740925488245475,1,0,1,0.4187650587907203,0.5594387237112327,0.5992855380155061,0.5299266007875272,0.5594387237112327,0.490125254730633,89,1.25,1.155,0.09499999999999997,1.0,-0.09089887640449439,-4.425,5.675,2.02,0.25,49,56,0.6292134831460674,0.5832577752808988,0.223383,0.466369,Draw,6,0.449438202247191,0.4044943820224719,0.1348314606741573,0.14500000000000002,6,0,0.8699826896033129,0.005,0.26,1.0168155,1,Draw,0.0,0.0,89.0,18.0,10.0,0.8089887640449438,17.0,0.9444444444444444,0.3559616610097724,4.944444444444445,0.550561797752809,0.26395110994291576,1.626336843270107,5.3,1.0,1.0,72.0,1.25,0.0,1.0,0.7976263648717908,0.9051392757105037,0.10751291083871273,0.08320463312783069,11.0,0.9051392757105037,0.7758541030544963,1.0,5,0.0,0.0,0.0,5,0.0,0.0,0.0,0.0,5,0.0,0.0,0.0,0.0
9907,7,9,1,7,1,mid,mid_r5-8,5,5-8,3,2,2,2,4,0,0,0,0,0,0,2,2,1,4,0.5606831675732762,0,0.6893569279328358,0.12867376035955957,0,2,-2,0.9772656843847527,1.0574882587870897,1.1054028760871577,0.3669016838336935,0.9914615015110837,0.32675016982042204,65,1.01,0.98,0.030000000000000027,0.315,0.3395384615384616,-0.095,1.105,0.22000000000000003,0.6950000000000001,3,13,0.2,1.8641906153846155,1.84953,1.98492,Hit,6,0.24615384615384617,0.46153846153846156,0.27692307692307694,0.43500000000000005,3,1,2.6386407820490705,0.32,0.375,0.01754,1,Hit,1.63,1.6116153846153847,65.0,13.0,10.0,0.15384615384615385,3.0,0.23076923076923078,0.9160951015069541,5.0,0.6923076923076923,0.7003582145812502,0.11423853025200363,0.7433333333333333,0.4,1.0,6.0,0.7539999999999999,0.25600000000000006,1.0,0.16285352096381805,0.31893846014757987,0.15608493918376182,1.7153493617595736,3.0,0.27032967032967037,0.10717213278117721,0.9400000000000001,5,0.24014106860832363,0.449,0.30227057415501096,5,0.35292599999999996,0.27589539384067285,0.358,0.2034268910444241,5,0.262084,0.15525219126472903,-0.09100000000000003,-0.09084199999999998
8627,2,12,0,4,0,late,late_r2-4,9,9-12,5,4,5,4,9,1,0,0,0,0,1,4,5,6,8,0.2402010970520334,1,0.3532528538044662,0.11305175675243279,1,0,1,0.2988054316256617,0.4314054250426766,0.44750404029043134,0.5582364413440277,0.4314054250426766,0.7351878820959495,103,0.415,0.325,0.08999999999999997,-0.32,-0.30597087378640775,-1.33,1.745,0.48,0.735,6,31,0.30097087378640774,1.5428021359223298,1.51786,1.28949,PostGuard,6,0.3106796116504854,0.3300970873786408,0.34951456310679613,0.27,4,0,1.7935809999307726,0.33,0.14,-0.22974500000000003,1,PostGuard,-0.585,-1.1949999999999998,103.0,21.0,10.0,0.11650485436893203,4.0,0.19047619047619047,0.9172536169643545,4.904761904761905,0.6893203883495146,0.6728277393427484,0.18026018478562011,1.373,0.2,1.0,10.0,0.246,0.16899999999999998,1.0,0.239801850701404,0.3296647709558588,0.08986292025445484,1.4575797406821178,3.8,0.29156633037277524,0.2205088487717417,0.8600000000000001,5,0.17264301691543724,0.48999999999999994,0.2567829823021768,5,0.648253,0.34569388905865833,0.7369999999999999,0.385852951265116,5,0.866184,0.42249425736333973,0.24699999999999994,0.21793099999999999
1641,6,10,0,6,0,mid,mid_r5-8,10,9-12,5,5,5,5,10,0,0,0,0,0,1,6,4,7,10,0.13017676734444752,1,0.3919496257633116,0.2617728584188641,1,0,1,0.3210687325318467,0.37551707809111684,0.32215625001023107,0.45931242754795915,0.37551707809111684,0.8168754245510551,113,0.31,0.19,0.12,-0.395,-0.3968584070796461,-1.065,1.375,0.33000000000000007,0.7050000000000001,4,25,0.22123893805309736,1.8015409734513275,1.804,1.8259,Hit,6,0.35398230088495575,0.3185840707964602,0.3185840707964602,0.175,6,1,2.4936468727732204,0.435,0.29,-0.6029500000000001,1,Hit,-0.6699999999999999,-1.2016814159292035,113.0,23.0,10.0,0.25663716814159293,6.0,0.2608695652173913,0.7866229940142047,4.913043478260869,0.7079646017699115,0.4041555886331114,0.19195346096776636,1.255,0.0,0.4,29.0,0.016999999999999998,0.29300000000000004,0.4,0.2179279545935454,0.18999359408804434,-0.027934360505501032,1.6615642415660468,12.2,0.21185770750988145,0.19997450897971078,0.86,5,0.17753544967617424,0.44699999999999995,0.1932808836900328,5,0.5034479999999999,0.24719129251452204,0.756,0.4587809935034363,5,0.7285309999999999,0.43897228033783636,0.30900000000000005,0.22508300000000003
7249,2,15,1,1,1,late,r1,13,13-16,6,7,6,7,13,-1,0,0,0,0,1,8,5,5,9,0.14375591719647743,1,0.38057707987870204,0.2368211626822246,1,0,1,0.31493745732288053,0.42111910147827936,0.4508733721024531,0.7106765932804355,0.42111910147827936,1.0619380519163715,139,1.0,1.0,0.0,1.0,0.5485251798561152,-1.06,2.06,0.9,0.0,94,97,0.697841726618705,0.40405140287769786,0.0,0.0,Draw,6,0.4028776978417266,0.28776978417266186,0.302158273381295,0.0,6,0,-0.0,0.0,0.0,1.0,1,Draw,0.0,0.0,139.0,28.0,10.0,0.8057553956834532,27.0,0.9642857142857142,0.3398704985243654,4.964285714285714,0.5971223021582733,0.10436749368659652,0.723414300769646,0.5603125,1.0,1.0,112.0,1.0,0.0,0.0,0.7086659014033405,0.9999999999999998,0.29133409859665926,0.03744334016093289,28.0,0.9999999999999998,0.715745690911517,1.0,5,0.0,0.0,0.0,5,0.0,0.0,0.0,0.0,5,0.0,0.0,0.0,0.0
4837,7,2,0,14,0,early,early_r9+,2,2-4,1,1,1,1,2,0,0,0,0,0,1,1,1,2,2,0.19808246291885473,0,0.21194578639123726,0.013863323472382533,0,1,-1,0.40787281115685925,0.40787281115685925,0.1631205,0.12239999999999895,0.40787281115685925,0.16337508491021102,49,-0.18,-0.195,0.015000000000000013,-0.6,-0.6038775510204082,-0.965,0.7849999999999999,0.28,0.42,7,32,0.6530612244897959,2.0355548979591838,2.037,2.14886,PostGuard,6,0.16326530612244897,0.5714285714285714,0.24489795918367346,0.015000000000000013,5,0,2.758056887468096,0.55,0.2,-1.21198,0,Draw,0.8200000000000001,-0.19010204081632653,49.0,10.0,10.0,0.16326530612244897,1.0,0.1,0.9515125134614388,4.9,0.7551020408163265,0.21302417152149,0.15256105740367576,0.3012499999999999,0.2,1.0,8.0,-0.358,0.178,1.0,0.05381029799772995,0.17846593857521478,0.12465564057748484,1.8755834745284676,5.0,-0.01818181818181818,0.038611874988547124,1.0,5,0.2614946790221088,0.356,0.15626099961282724,5,0.3551779999999999,0.13344270842762446,0.381,0.06627593831851797,5,0.40162999999999993,0.08233178585758959,0.025000000000000022,0.04645200000000005
1039,2,15,1,1,1,late,r1,2,2-4,1,1,0,1,1,-1,0,0,0,0,1,1,0,1,1,0.38757888722870515,0,,,0,1,-1,2.0754094269000127,2.0754094269000127,1.0374306,0.023849999999999483,,0.08168754245510551,43,0.955,0.945,0.010000000000000009,-1.0,-0.7043023255813954,-1.0,1.955,0.30499999999999994,1.955,2,2,0.046511627906976744,0.2026878372093023,0.0,0.207304,Hit,5,0.18604651162790697,0.6511627906976745,0.13953488372093023,0.835,1,1,0.2647650339356807,0.0,0.0,0.851348,1,Hit,0.0,0.0,43.0,9.0,9.0,0.813953488372093,8.0,0.888888888888889,0.3947307742746859,4.777777777777778,0.7906976744186046,0.5307714690643245,0.40817728241237405,1.955,1.0,1.0,1.0,0.9549999999999998,0.0,1.0,0.7771699797893011,0.9097176522946843,0.13254767250538302,0.06220926330877914,1.0,0.7960029457578487,0.7771699797893011,1.0,5,0.0,0.9549999999999998,0.0,5,1.351348,0.0,0.9549999999999998,0.0,5,1.351348,0.0,0.0,0.0
7846,3,10,0,6,0,mid,mid_r5-8,4,2-4,2,2,2,2,4,0,0,0,0,0,1,3,1,2,4,0.24307686738149095,0,0.5722577134962878,0.3291808461147969,0,1,-1,0.5325147258722157,0.6933506176168547,0.5453535493881628,0.3156580537147739,0.6933506176168547,0.32675016982042204,65,-0.12,-0.21,0.09,-1.165,-1.0828461538461542,-1.68,1.56,0.3749999999999999,1.045,4,7,0.1076923076923077,1.7439824615384616,1.75014,1.73943,Hit,6,0.24615384615384617,0.46153846153846156,0.27692307692307694,0.44499999999999995,2,1,2.2762798441600625,0.605,0.17,-0.989715,1,Hit,-0.895,-0.18838461538461534,65.0,13.0,10.0,0.15384615384615385,4.0,0.3076923076923077,0.9056753941724656,5.0,0.6923076923076923,0.7657430897096221,0.16198254205703114,1.44,0.2,1.0,5.0,-0.215,0.095,0.8,0.37451317303477005,0.5279670939519179,0.15345392091714788,1.6416665866694355,3.2,0.5402906454347031,0.40097734540066343,0.9199999999999999,5,0.12142077044833328,0.516,0.1662227421263408,5,0.48872400000000005,0.14389423708925936,0.53,0.1700735135169495,5,0.512052,0.14526210003817236,0.014000000000000012,0.023327999999999904
5246,2,5,1,11,1,early,early_r9+,5,5-8,2,3,2,3,5,-1,0,0,0,0,1,4,1,3,5,0.1484947801966096,0,0.16942954760017512,0.020934767403565507,0,2,-2,0.29121464434612326,0.41419677871444616,0.28514669258643416,0.316821530834002,0.41419677871444616,0.40843771227552755,75,1.025,1.01,0.014999999999999902,0.595,0.5893999999999999,0.08,0.945,0.29500000000000004,0.42999999999999994,15,46,0.6133333333333333,2.088088533333334,2.09759,1.94792,Draw,6,0.32,0.4266666666666667,0.24,0.014999999999999902,6,0,2.6419654646307453,0.305,0.425,0.05103999999999986,1,Draw,2.605,1.8599333333333326,75.0,15.0,10.0,0.24,5.0,0.3333333333333333,0.8270998461770409,5.0,0.6933333333333334,0.3846161631071518,0.16466313738284452,0.5275000000000001,0.0,0.8,10.0,0.9800000000000001,0.04499999999999993,0.8,0.24170987537438596,0.4609010375006002,0.21919116212621423,1.9392751475684122,8.4,0.49714285714285716,0.20434607301041333,0.9199999999999999,5,0.13563496080674692,0.17999999999999985,0.10295630140987001,5,0.23332499999999984,0.09455649693437251,0.3479999999999999,0.08326163582346913,5,0.40698799999999985,0.09873605297711673,0.16800000000000007,0.173663
4166,2,12,0,4,0,late,late_r2-4,6,5-8,3,3,3,2,5,1,0,0,0,0,1,3,2,3,4,0.039076530050786276,0,0.4522748805582734,0.41319835050748716,0,2,-2,0.46381653851064586,0.9280469207032681,1.2441718681345353,0.3386273303927016,0.7509264018911047,0.40843771227552755,75,0.19,0.185,0.0050000000000000044,-0.41,-0.41859999999999997,-0.98,1.17,0.21750000000000003,0.6,5,20,0.26666666666666666,1.5495509333333335,1.54038,1.65647,Hit,6,0.26666666666666666,0.4,0.32,0.175,4,1,2.1372947315140363,0.555,0.25,-0.6382350000000001,1,Hit,-2.72,0.8625999999999999,75.0,15.0,10.0,0.24,3.0,0.2,0.8686161085101537,5.0,0.76,0.5763513407948967,0.11972282828913675,1.0333333333333332,0.6,0.6,1.0,0.13599999999999998,0.054000000000000006,0.6,0.11548597093536503,0.21492837308609897,0.09944240215073397,1.42987225356522,5.8,0.23782776677362008,0.1071243004530796,0.9200000000000002,5,0.2036406239196746,0.133,0.29739704100747205,5,0.11832899999999999,0.2645916877095726,0.325,0.3601215072721983,5,0.3076879999999999,0.30927826705088735,0.192,0.18935899999999992
6533,4,6,0,10,0,mid,early_r9+,6,5-8,3,3,3,3,6,0,0,0,0,0,1,3,3,5,6,0.16938439277572193,1,0.28390619229773656,0.11452179952201463,1,0,1,0.33807951597576713,0.4119091953530946,0.24672240501395096,0.42046651075521513,0.4119091953530946,0.490125254730633,81,0.615,0.53,0.08499999999999996,0.04,0.01222222222222222,-1.12,1.735,0.42000000000000004,0.575,10,36,0.4444444444444444,1.990351234567901,2.00274,1.85924,PostGuard,6,0.2962962962962963,0.3950617283950617,0.2962962962962963,0.16999999999999998,5,0,2.578974336671392,0.355,0.34,-0.31462,1,PostGuard,-0.385,-1.1101851851851854,81.0,17.0,10.0,0.1728395061728395,6.0,0.35294117647058826,0.8556209499339669,4.764705882352941,0.7160493827160493,0.6861428206300104,0.18691285066072966,1.3954166666666667,0.0,1.0,10.0,0.387,0.22799999999999998,1.0,0.27898820727573787,0.41431981719575167,0.13533160992001378,1.7752247350313888,3.4,0.35009951236872994,0.2467823969534096,0.9400000000000001,5,0.10797442241491809,0.3749999999999999,0.20817660771566054,5,0.4471279999999999,0.23255730255143578,0.29699999999999993,0.18057546898734614,5,0.3652509999999999,0.21458822644777145,-0.07799999999999996,-0.08187700000000003
5721,0,12,0,4,0,late,late_r2-4,11,9-12,5,6,5,6,11,-1,0,0,0,0,1,7,4,5,9,0.10364740434574055,1,0.2600080012061953,0.15636059686045478,2,0,2,0.3485998503201633,0.4790812122516403,0.3363883053882787,0.801713806131683,0.4790812122516403,0.8985629670061606,123,1.945,1.925,0.020000000000000018,1.595,1.44869918699187,0.48,1.465,0.5099999999999998,0.3500000000000001,44,74,0.6016260162601627,1.3580670894308942,1.26396,1.42196,Freeze,6,0.3902439024390244,0.3089430894308943,0.2926829268292683,0.020000000000000018,6,0,2.252942156451392,0.105,0.735,1.528588,0,PostGuard,-0.6249999999999998,-0.5665040650406503,123.0,25.0,10.0,0.2113821138211382,11.0,0.44000000000000006,0.788069712693449,4.92,0.6991869918699187,0.8840335092016925,0.12604652691895743,1.2325,0.2,0.8,16.0,1.8489999999999998,0.09600000000000009,1.0,0.495295736585604,0.5895372949346988,0.09424155834909477,1.3700222319297644,10.8,0.5645033336767148,0.5227985670356056,0.9,5,0.05440167281909822,0.48200000000000004,0.5568729657650836,5,0.6925117000000001,0.7722517011674044,0.44300000000000017,0.24866141638782652,5,0.733118,0.2459741171343035,-0.03899999999999987,0.040606299999999984
4463,7,9,1,7,1,mid,mid_r5-8,9,9-12,5,4,5,4,9,1,0,0,0,0,1,6,3,5,9,0.1442573509747455,1,0.2069284523694114,0.06267110139466589,1,0,1,0.2929925521237722,0.4630240727669265,0.38688718195747973,0.5723533118452687,0.4630240727669265,0.7351878820959495,103,1.03,1.025,0.0050000000000001155,0.335,0.37456310679611643,-0.33,1.36,0.3775,0.6950000000000001,8,29,0.2815533980582524,1.9743918446601947,1.981,1.95425,Draw,6,0.3106796116504854,0.3300970873786408,0.34951456310679613,0.09999999999999998,4,0,2.6529828080227826,0.29,0.38,0.06656499999999987,0,Draw,-0.865,-0.5468446601941749,103.0,21.0,10.0,0.30097087378640774,9.0,0.42857142857142855,0.728619558962509,4.904761904761905,0.6601941747572816,0.431478862836504,0.1949583038542994,1.0716666666666668,0.4,0.4,1.0,0.952,0.07800000000000003,0.4,0.12958420184397929,0.1814178340078348,0.051833632163855524,1.7563109296122803,12.8,0.20754833726726996,0.12471626622593154,0.9,5,0.263001562374702,0.22399999999999992,0.09883066325791812,5,0.22245599999999985,0.06983294883147931,0.11799999999999995,0.10201715542005667,5,0.2123579999999999,0.12999009796903757,-0.10599999999999997,-0.01009799999999994
5606,2,14,0,2,0,late,late_r2-4,13,13-16,6,7,6,7,13,-1,0,0,0,0,1,6,7,4,11,0.1488543119160465,0,0.3545575295265919,0.2057032176105454,0,1,-1,0.2939699963193511,0.3870886150877332,0.37753066395390467,0.6788427220658522,0.3870886150877332,1.0619380519163715,139,0.54,0.515,0.025000000000000022,-1.115,-1.0499640287769785,-1.905,2.4450000000000003,0.2300000000000001,1.655,2,3,0.02158273381294964,0.9189236043165467,0.735119,1.4207,Hit,6,0.4028776978417266,0.28776978417266186,0.302158273381295,0.7150000000000001,1,1,2.0016892628775396,0.32,0.285,-0.17035,1,Hit,-0.43999999999999995,-0.2152158273381295,139.0,28.0,10.0,0.37410071942446044,10.0,0.35714285714285715,0.6319315633706559,4.964285714285714,0.5971223021582733,0.7115939584999457,0.1696028315741456,1.898333333333333,0.4,1.0,3.0,0.288,0.25200000000000006,1.0,0.38292664971029483,0.5243135787097908,0.14138692899949587,0.8827845993555711,8.8,0.3514439010506873,0.37348890242110155,0.86,5,0.07862130933943187,1.4769999999999999,0.20750301202633184,5,1.6018630000000003,0.35955905426994883,1.5630000000000002,0.21262055403934962,5,1.7506920000000001,0.3417732917373738,0.0860000000000003,0.14882899999999988
1123,4,3,1,13,1,early,early_r9+,3,2-4,2,1,2,1,3,1,0,0,0,0,1,1,2,3,3,0.3313244483885847,0,0.4807667910161851,0.14944234262760037,0,1,-1,0.5788597612582874,0.6020271957365736,0.18034213505714322,0.39340131615890117,0.6020271957365736,0.2450626273653165,55,1.04,1.015,0.025000000000000133,0.65,0.6423636363636364,0.27,0.77,0.24499999999999988,0.39,12,38,0.6909090909090909,2.0338449090909094,2.02771,1.94124,Draw,6,0.14545454545454545,0.509090909090909,0.32727272727272727,0.17000000000000004,5,0,2.6367964089791536,0.305,0.395,0.06938,1,Draw,2.04,1.0365454545454544,55.0,11.0,10.0,0.2545454545454545,3.0,0.2727272727272727,0.8753864783571487,5.0,0.7272727272727273,0.46065109064806886,0.13025623382012558,0.4375,0.0,1.0,6.0,0.884,0.15600000000000008,1.0,0.02048835538806702,0.08206315009258089,0.06157479470451386,1.8729755544068876,5.0,0.038181818181818185,0.006514058740923484,1.0,5,0.2092381636477852,0.3,0.1341640786499874,5,0.3169269999999999,0.1665581104524785,0.305,0.14044571905188138,5,0.37545599999999996,0.17625491476835478,0.0050000000000000044,0.05852900000000005
8113,3,15,1,1,1,late,r1,4,2-4,1,3,1,3,4,-2,0,0,0,0,0,2,2,1,2,0.5359103335680295,0,0.7721007263019504,0.23619039273392084,0,3,-3,0.5442253858981622,0.9556545948293574,0.986601610242294,0.4373603691465418,0.9556545948293574,0.32675016982042204,69,1.0,0.95,0.050000000000000044,-1.98,-1.7952173913043479,-3.0,4.0,1.915,2.98,7,9,0.13043478260869565,0.3974537347826087,0.308383,0.0,Hit,6,0.34782608695652173,0.463768115942029,0.17391304347826086,0.050000000000000044,3,1,-0.0,0.0,0.0,1.0,1,Hit,0.0,0.0,69.0,14.0,10.0,0.8115942028985508,13.0,0.9285714285714286,0.3664772253771886,4.928571428571429,0.5652173913043478,0.13308252490904873,1.4173025183677013,2.485,0.0,1.0,56.0,0.93,0.06999999999999995,1.0,0.9176897922550303,0.9071558770111873,-0.01053391524384295,0.12105929099698645,1.0,0.9071558770111873,0.9010385246898827,1.0,5,0.0,0.0699999999999999,0.0,5,0.2537799999999999,0.0,0.0699999999999999,0.0,5,0.2537799999999999,0.0,0.0,0.0
716,6,7,1,9,1,mid,early_r9+,3,2-4,2,1,2,1,3,1,0,0,0,0,1,1,2,3,3,0.28543678206208906,1,0.31457483828812277,0.029138056226033715,1,0,1,0.3309865227603698,0.4094676134105833,0.14998330710164604,0.3247697064416903,0.4094676134105833,0.2450626273653165,55,1.015,0.995,0.019999999999999907,0.615,0.6036363636363636,0.085,0.9299999999999999,0.2850000000000001,0.3999999999999999,13,37,0.6727272727272727,1.8930774545454547,1.88878,1.97858,Draw,6,0.14545454545454545,0.509090909090909,0.32727272727272727,0.04999999999999993,5,0,2.654027011476324,0.31,0.375,0.07372500000000004,0,Draw,2.0149999999999997,1.1954545454545455,55.0,11.0,10.0,0.2545454545454545,1.0,0.09090909090909091,0.8855422426775098,5.0,0.7272727272727273,0.4876361255793206,0.13982226204322873,0.4482142857142858,0.6,1.0,4.0,0.9879999999999999,0.026999999999999958,0.8,0.1496502034230053,0.2259594359901862,0.07630923256718089,1.7361444946775464,6.6,0.23272727272727275,0.16237979029925476,0.96,5,0.34883346030896406,0.3669999999999999,0.10299271818920011,5,0.33043,0.1415094439427984,0.28499999999999986,0.10234744745229361,5,0.2772740000000001,0.05375928761618778,-0.08200000000000002,-0.053155999999999926
459,3,5,1,11,1,early,early_r9+,5,5-8,3,2,3,2,5,1,0,0,0,0,1,3,2,3,5,0.26806659384593184,0,0.3235085128416253,0.05544191899569345,0,1,-1,0.33566408999952446,0.3659710228290449,0.16068820393465105,0.4817612064083206,0.3659710228290449,0.40843771227552755,71,1.05,0.9,0.15000000000000002,0.55,0.5177464788732395,-0.09,1.1400000000000001,0.25750000000000006,0.5,7,36,0.5070422535211268,2.0154767605633808,2.00047,2.03162,Hit,6,0.22535211267605634,0.4225352112676056,0.3380281690140845,0.20000000000000007,5,1,2.7342929812183403,0.31,0.41,0.03418999999999994,1,Hit,0.3400000000000001,1.290281690140845,71.0,15.0,10.0,0.2676056338028169,5.0,0.3333333333333333,0.8029288137061392,4.733333333333333,0.704225352112676,0.4118544576100708,0.16355921407891066,0.7113888888888888,0.8,0.8,1.0,1.009,0.041000000000000016,0.8,0.1799837676750844,0.28001557708552494,0.10003180941044051,1.7906048418251017,5.4,0.29582284950121746,0.189096142461305,0.9199999999999999,5,0.11630374477383974,0.18,0.20133926591700885,5,0.18801199999999998,0.19549687633693788,0.22199999999999998,0.04685082710048991,5,0.24605999999999995,0.07225246449083932,0.04199999999999998,0.05804799999999996
9287,7,12,0,4,0,late,late_r2-4,5,5-8,3,2,3,1,4,2,0,0,0,0,1,4,0,1,1,0.11065589451115111,0,1.3062952698758425,1.1956393753646914,0,1,-1,0.4139189896586041,0.66761786356023,1.5035750160353192,0.13562882584465571,0.9386696757697648,0.32675016982042204,65,-0.31,-0.335,0.025000000000000022,-1.23,-1.0686153846153845,-1.55,1.24,0.36,0.9199999999999999,10,16,0.24615384615384617,1.435487076923077,1.43519,1.57286,Hit,6,0.18461538461538463,0.4307692307692308,0.36923076923076925,0.14,3,1,1.9340891372217426,0.7,0.13,-0.9816800000000001,0,Hit,-4.26,-0.657,65.0,13.0,10.0,0.23076923076923078,4.0,0.3076923076923077,0.8608544461759144,5.0,0.7846153846153846,0.6850763381735807,0.17080048849545,0.9683333333333334,0.2,1.0,6.0,-0.373,0.063,1.0,0.4285836238039982,0.5615742689308094,0.13299064512681125,1.274291275291803,1.4,0.5461538461538462,0.4106742345010247,0.96,5,0.28318744718002103,0.08799999999999993,0.05953990258641681,5,0.1025059999999998,0.005194236469395539,0.09999999999999996,0.12932517156377565,5,0.16883999999999982,0.13038248693747187,0.012000000000000038,0.06633400000000002
5647,1,10,0,6,0,mid,mid_r5-8,7,5-8,3,4,3,4,7,-1,0,0,0,0,1,5,2,4,5,0.26063859745632495,1,0.3158920633091124,0.05525346585278745,1,0,1,0.4401820748150599,0.7678973920291733,0.9418780009354771,0.41791412212246165,0.7678973920291733,0.5718127971857385,91,0.33,0.28,0.04999999999999999,-0.36,-0.3562087912087912,-0.985,1.315,0.395,0.69,9,24,0.26373626373626374,1.8863536263736265,1.88308,1.58149,PostGuard,6,0.3516483516483517,0.37362637362637363,0.26373626373626374,0.04999999999999999,5,0,2.217680803142303,0.375,0.195,-0.460745,1,PostGuard,-0.6699999999999999,-1.2095054945054944,91.0,19.0,10.0,0.2197802197802198,7.0,0.3684210526315789,0.7835289793104413,4.7894736842105265,0.7142857142857143,0.4938554247800475,0.21201174124180175,0.7694444444444444,0.2,0.8,20.0,0.079,0.251,1.0,0.25768700271898753,0.5252110353603039,0.2675240326413164,1.7328842443115953,6.2,0.41444124905463103,0.23716412366978581,0.9199999999999999,5,0.15073642463248424,0.42799999999999994,0.2871106058647085,5,0.528689,0.3330153299662044,0.557,0.22648399501951572,5,0.677494,0.25707622139163316,0.12900000000000011,0.14880500000000008
4562,4,13,1,3,1,late,late_r2-4,12,9-12,6,6,6,6,12,0,0,0,0,0,1,8,4,5,11,0.18252417573844998,0,0.2109620432234207,0.028437867484970708,0,1,-1,0.3032722464321461,0.4034180417690513,0.4132104744139981,0.6440416754544865,0.4034180417690513,0.980250509461266,129,1.765,1.755,0.010000000000000009,0.905,0.8645348837209302,-0.2,1.9649999999999999,0.43500000000000005,0.8599999999999999,2,11,0.08527131782945736,1.5051277519379844,1.43867,1.36006,Hit,6,0.37209302325581395,0.29457364341085274,0.32558139534883723,0.41999999999999993,3,1,2.2307462984911206,0.11,0.64,1.0849699999999998,1,Hit,-0.32000000000000006,1.0746511627906976,129.0,26.0,10.0,0.24806201550387597,10.0,0.38461538461538464,0.7904581331101628,4.961538461538462,0.7209302325581395,0.7254982629017573,0.17083246849659256,1.9,0.4,0.8,2.0,1.6949999999999996,0.06999999999999998,0.8,0.3216954523481127,0.46227148500337767,0.140576032655265,1.3667666904841318,9.6,0.4903675325300666,0.3126555473217385,0.8800000000000001,5,0.13365504943485607,0.4959999999999999,0.019170289512680922,5,0.5591969999999998,0.07235688845921986,0.308,0.2766224864323217,5,0.30890999999999985,0.270512801360675,-0.1879999999999999,-0.250287
6201,5,11,1,5,1,mid,mid_r5-8,9,9-12,4,5,4,5,9,-1,0,0,0,0,1,6,3,4,9,0.17877515484697717,0,0.21451612509086335,0.03574097024388617,0,1,-1,0.311070141132192,0.35990591332863914,0.3628530935456386,0.4782191805975133,0.35990591332863914,0.7351878820959495,107,0.765,0.59,0.17500000000000004,-0.465,-0.3932242990654206,-1.31,2.075,0.33999999999999997,1.23,3,7,0.06542056074766354,1.7936995327102803,1.79248,1.64005,Hit,6,0.37383177570093457,0.3364485981308411,0.2803738317757009,0.17500000000000004,3,1,2.332243731155536,0.305,0.365,-0.05502499999999999,1,Hit,-0.08999999999999997,0.5199532710280375,107.0,22.0,10.0,0.3364485981308411,10.0,0.4545454545454545,0.724891884144667,4.863636363636363,0.7009345794392523,0.41252383959569555,0.2482140225620523,1.6800000000000002,1.0,1.0,1.0,0.765,0.0,1.0,0.20692474259318985,0.21925326468397355,0.01232852209078367,1.673471397802956,1.0,0.27845829432234614,0.1950761780898254,0.8400000000000001,5,0.12694810472533358,0.31999999999999995,0.4793876302117108,5,0.365248,0.5380198380357365,0.0,0.0,5,0.0,0.0,-0.31999999999999995,-0.365248
9166,3,14,0,2,0,late,late_r2-4,13,13-16,6,7,6,7,13,-1,0,0,0,0,1,9,4,6,12,0.0662479626868628,0,0.24357866581660972,0.1773307031297469,0,1,-1,0.29489962916389334,0.34609408290447596,0.31217052067346424,0.568817107283582,0.34609408290447596,1.0619380519163715,139,0.995,0.95,0.04500000000000004,-0.895,-0.6448561151079136,-1.0,1.995,0.2849999999999999,1.8900000000000001,4,10,0.07194244604316546,0.7510696618705036,0.562117,1.35461,Hit,6,0.4028776978417266,0.28776978417266186,0.302158273381295,1.285,1,1,1.7111420631319132,0.27,0.535,0.31769499999999995,1,Hit,-0.89,-0.2535251798561151,139.0,28.0,10.0,0.23741007194244604,11.0,0.39285714285714285,0.8024514174740002,4.964285714285714,0.762589928057554,0.9063847546575186,0.12041820118174473,1.95,0.6,0.8,2.0,0.977,0.018000000000000016,1.0,0.39557663419689415,0.5171816979789889,0.12160506378209468,0.7717312905451166,8.8,0.38247906181986074,0.2689652728326661,0.7399999999999999,5,0.07993850447301343,0.6890000000000001,0.33803476152608924,5,0.874986,0.4814921679581093,0.596,0.38628681054366854,5,0.7457230000000001,0.5145913330571164,-0.09300000000000008,-0.1292629999999999
8703,4,3,1,13,1,early,early_r9+,2,2-4,1,1,1,1,2,0,0,0,0,0,1,2,0,2,2,0.2969670590637995,0,0.6064240673285382,0.30945700826473865,0,1,-1,0.3669098082146151,0.3669098082146151,0.06147015,0.17284999999999684,0.3669098082146151,0.16337508491021102,49,1.18,0.93,0.2499999999999999,0.575,0.5883673469387755,0.06,1.1199999999999999,0.19500000000000006,0.605,2,13,0.2653061224489796,2.0090369387755103,2.0,1.98686,Hit,6,0.16326530612244897,0.5714285714285714,0.24489795918367346,0.2499999999999999,3,1,2.676421166471655,0.295,0.425,0.1865699999999999,1,Hit,0.19999999999999996,1.2472448979591837,49.0,10.0,10.0,0.24489795918367346,2.0,0.2,0.9117562589426627,4.9,0.7551020408163265,0.6082752732757396,0.12597510100836304,0.7324999999999999,0.0,1.0,6.0,0.8760000000000001,0.30399999999999994,1.0,0.13830307018703508,0.20133757697024435,0.06303450678320928,1.8252039138031386,4.0,0.09575757575757575,0.06954329107810775,1.0,5,0.40248060359781257,0.43899999999999995,0.20443214033023283,5,0.4587209999999999,0.23946264247790308,0.4219999999999999,0.14515508947329406,5,0.39602899999999985,0.17876207474601544,-0.01700000000000007,-0.06269200000000003
1616,0,14,0,2,0,late,late_r2-4,4,2-4,1,3,1,3,4,-2,0,0,0,0,1,2,2,3,4,0.4819910983451881,0,0.5099633449387896,0.02797224659360148,0,1,-1,0.37010047288292364,0.4453318202329377,0.16915043609775293,0.5743921629644683,0.4453318202329377,0.32675016982042204,69,0.86,0.65,0.20999999999999996,-0.38,-0.2856521739130435,-1.08,1.94,0.505,1.24,2,7,0.10144927536231885,1.1212016666666667,1.04679,1.35292,Hit,6,0.34782608695652173,0.463768115942029,0.17391304347826086,0.31999999999999995,3,1,1.7980118577545672,0.24,0.43,0.18354000000000004,1,Hit,-0.9349999999999999,-0.25028985507246376,69.0,14.0,10.0,0.18840579710144928,4.0,0.2857142857142857,0.8978529562173645,4.928571428571429,0.7681159420289855,0.7411201672544891,0.1867845641554645,1.660625,1.0,1.0,1.0,0.86,0.0,1.0,0.2832841768056531,0.46470132440720285,0.1814171476015498,1.037184227374592,2.8,0.354599720682671,0.24754928716755548,0.9399999999999998,5,0.1591746700239367,0.9829999999999999,0.8097036494915901,5,1.010333,0.8376318233015625,0.8,0.8212186067059123,5,0.835347,0.8372380594296345,-0.18299999999999983,-0.17498599999999997
5809,3,9,1,7,1,mid,mid_r5-8,2,2-4,0,2,0,2,2,-2,0,0,0,0,0,2,0,1,2,0.5300874876103012,0,0.8583717648408518,0.32828427723055054,0,2,-2,1.227717959966782,1.227717959966782,0.5923425,0.16109999999999758,1.227717959966782,0.16337508491021102,53,0.78,0.705,0.07500000000000007,0.13,0.1600943396226415,-0.235,1.0150000000000001,0.315,0.65,4,16,0.3018867924528302,1.7929730188679245,1.79833,1.72962,Hit,5,0.3018867924528302,0.5660377358490566,0.11320754716981132,0.49000000000000005,2,1,2.5106332969323994,0.32,0.36,-0.08480999999999994,1,Hit,0.8350000000000001,1.4100943396226415,53.0,11.0,10.0,0.22641509433962265,3.0,0.2727272727272727,0.9055414319581641,4.818181818181818,0.8490566037735849,0.6758216489181609,0.13221011246383815,0.583125,0.2,1.0,6.0,0.553,0.22700000000000004,1.0,0.18055632903337288,0.3763636363636364,0.19580730733026352,1.6295548621547777,3.0,0.3745454545454546,0.17331419611764623,0.96,5,0.26844229643225787,0.354,0.17155174146594956,5,0.269025,0.12038885714633227,0.40199999999999997,0.07259476565152616,5,0.347863,0.10551952127450165,0.04799999999999999,0.07883799999999996
4651,6,5,1,11,1,early,early_r9+,5,5-8,3,2,3,2,5,1,0,0,0,0,1,2,3,3,5,0.3492464200088526,1,0.35458364654902247,0.0053372265401698815,1,0,1,0.3948693467161001,0.49811088158391004,0.2496600172354396,0.5572259635013442,0.49811088158391004,0.40843771227552755,71,0.915,0.835,0.08000000000000007,0.435,0.400774647887324,-0.015,0.93,0.32500000000000007,0.48000000000000004,5,37,0.5211267605633803,2.023718732394366,2.01975,2.0243,Hit,6,0.22535211267605634,0.4225352112676056,0.3380281690140845,0.08000000000000007,5,1,2.6919422502137733,0.33,0.38,-0.09715000000000007,1,Hit,0.5,-0.22119718309859157,71.0,15.0,10.0,0.28169014084507044,5.0,0.3333333333333333,0.8315767638548746,4.733333333333333,0.704225352112676,0.515345808309429,0.14459267676761053,0.55,0.4,0.8,3.0,0.8099999999999999,0.10500000000000002,0.2,0.1247456171544123,-0.0416849619017113,-0.16643057905612363,1.8698198872222451,6.2,0.025,0.1599977036464424,0.96,5,0.32623134076405225,0.391,0.06949820141557621,5,0.36074199999999984,0.07649133959148571,0.403,0.04024922359499621,5,0.3602529999999998,0.07273839809550385,0.01200000000000001,-0.0004890000000000172
8894,2,15,1,1,1,late,r1,5,5-8,1,4,1,4,5,-3,0,0,0,0,0,2,3,2,3,0.16514476803398953,0,0.32392890531102647,0.15878413727703694,0,1,-1,0.37894940205916605,0.5162155194738984,0.9933767946958294,0.26807774543963814,0.5162155194738984,0.40843771227552755,79,1.885,1.835,0.050000000000000044,-1.0,-0.615506329113924,-1.65,3.535,0.12250000000000005,2.885,3,7,0.08860759493670886,0.37354077215189874,0.0,0.437921,Draw,6,0.4050632911392405,0.43037974683544306,0.1518987341772152,0.050000000000000044,2,0,0.4767015556899762,0.015,0.915,1.6660395000000001,1,Draw,0.0,0.0,79.0,16.0,10.0,0.8101265822784811,15.0,0.9375,0.3607553136265543,4.9375,0.5189873417721519,0.2395012560936089,0.819322661729454,3.3600000000000003,1.0,1.0,64.0,1.8850000000000002,0.0,1.0,0.5397544309750621,0.317915878372988,-0.22183855260207413,0.05898308152555274,7.0,0.19762338385347905,0.5360290693876457,0.9,5,0.0,0.0,0.0,5,0.0,0.0,0.0,0.0,5,0.0,0.0,0.0,0.0
2369,6,9,1,7,1,mid,mid_r5-8,5,5-8,1,4,1,4,5,-3,0,0,0,0,1,3,2,3,4,0.12976733870801574,0,0.44705073211036334,0.31728339340234757,0,1,-1,0.3003131333118959,0.591287372974308,0.6399980838428178,0.4854872299041454,0.591287372974308,0.40843771227552755,79,0.69,0.595,0.09499999999999997,0.245,0.23594936708860761,-0.31,1.0,0.29500000000000004,0.44499999999999995,13,52,0.6582278481012658,1.7600670886075955,1.76281,1.80939,Hit,6,0.4050632911392405,0.43037974683544306,0.1518987341772152,0.11499999999999999,5,1,2.4726592650006456,0.285,0.305,-0.21469500000000008,1,Hit,-0.4950000000000001,1.0335443037974685,79.0,16.0,10.0,0.3037974683544304,7.0,0.4375,0.7869190800564441,4.9375,0.7215189873417721,0.3620036689664448,0.1610106462080675,0.505,0.8,1.0,2.0,0.654,0.03599999999999999,1.0,0.15004444058128874,0.15583774735686573,0.005793306775576992,1.6776510252021677,3.4,0.10234168308319265,0.14105023941998412,0.8800000000000001,5,0.22040441802368926,0.2399999999999999,0.061644140029689765,5,0.1792219999999999,0.1058759683308729,0.22199999999999992,0.1371860051171401,5,0.19482799999999995,0.12474645844672305,-0.017999999999999988,0.015606000000000037
1083,7,15,1,1,1,late,r1,9,9-12,5,4,5,4,9,1,0,0,0,0,1,6,3,4,7,0.2318980574898369,0,0.2768049182294271,0.04490686073959019,0,1,-1,0.3412627943019281,0.44565611576780984,0.4512148202274848,0.5733939886089139,0.44565611576780984,0.7351878820959495,103,0.74,0.61,0.13,-1.0,-0.9468932038834952,-1.46,2.2,0.0,1.74,2,2,0.019417475728155338,0.18857012621359223,0.0,1.80621,Hit,6,0.3106796116504854,0.3300970873786408,0.34951456310679613,1.0899999999999999,1,1,2.037294452065645,0.445,0.41,-0.16310500000000006,1,Hit,0.0,0.0,103.0,21.0,10.0,0.8058252427184465,20.0,0.9523809523809523,0.3527369907383066,4.904761904761905,0.5048543689320388,0.009184473039765793,0.3016302537659903,0.06590361445783133,0.0,1.0,83.0,-0.9800000000000001,1.72,1.0,,,,0.0,1.0,,,1.0,5,,1.72,0.0,5,0.9163935000000001,0.0,1.72,0.0,5,0.9163935000000001,0.0,0.0,0.0
366,3,11,1,5,1,mid,mid_r5-8,11,9-12,6,5,6,5,11,1,0,0,0,0,1,6,5,5,11,0.30017271805960727,1,0.3025201996974741,0.002347481637866855,1,0,1,0.29057532211803194,0.38937791736481075,0.31755158693780217,0.649367478893599,0.38937791736481075,0.8985629670061606,119,1.555,1.37,0.18499999999999983,0.655,0.6776050420168069,-0.37,1.9249999999999998,0.4900000000000001,0.8999999999999999,4,17,0.14285714285714285,1.6255241176470587,1.60247,2.48334,Hit,6,0.33613445378151263,0.3025210084033613,0.35294117647058826,0.27,2,1,2.9367540205382494,0.345,0.515,0.5517699999999999,0,Hit,-2.215,-0.2660084033613445,119.0,24.0,10.0,0.25210084033613445,7.0,0.2916666666666667,0.8045124358495899,4.958333333333333,0.7226890756302521,0.5767741198214487,0.20511411064403076,1.2341666666666666,0.2,0.2,2.0,1.3579999999999999,0.19699999999999998,0.2,0.2667702146241531,0.22843852635773673,-0.038331688266416385,1.5961824310747614,16.2,0.26644374583404995,0.22653672360020413,0.9,5,0.17454822330265007,0.43199999999999994,0.10022474744293448,5,0.26454899999999987,0.2095312477114094,0.5439999999999999,0.1085357084097211,5,0.4163239999999998,0.12030458783853594,0.11199999999999999,0.15177499999999994
6354,2,15,1,1,1,late,r1,15,13-16,8,7,8,7,15,1,0,0,0,0,1,9,6,5,12,0.15337113032119187,1,0.5098839448590243,0.35651281453783246,1,0,1,0.3340233531715996,0.4299795348369325,0.4106668464791563,0.8001195381247039,0.4299795348369325,1.2253131368265826,151,1.535,1.51,0.02499999999999991,1.0,0.8727152317880796,-1.49,3.025,0.03750000000000009,0.5349999999999999,7,11,0.0728476821192053,0.297778223178808,0.0,0.498773,Draw,6,0.3708609271523179,0.26490066225165565,0.3576158940397351,0.030000000000000027,3,0,0.9964625048848763,0.0,0.535,1.2856135,1,Draw,0.0,0.0,151.0,31.0,10.0,0.8013245033112583,30.0,0.967741935483871,0.3419626486511174,4.870967741935484,0.5695364238410596,0.031280138811790495,0.4940531120871602,0.6125619834710744,1.0,1.0,121.0,1.535,0.0,1.0,0.4287001176040873,0.9999999999999998,0.5712998823959126,0.030192463756560123,31.0,0.9999999999999998,0.529885777707012,1.0,5,0.0,0.0,0.0,5,0.0,0.0,0.0,0.0,5,0.0,0.0,0.0,0.0
9260,7,2,0,14,0,early,early_r9+,2,2-4,1,1,1,1,2,0,0,0,0,0,1,1,1,2,2,0.2372657115387944,0,0.2690623955681853,0.0317966840293909,0,1,-1,0.5061111082788462,0.5061111082788462,0.0313991,0.251100000000001,0.5061111082788462,0.16337508491021102,49,-0.21,-0.255,0.04500000000000001,-0.5,-0.5151020408163265,-0.84,0.63,0.22499999999999998,0.29000000000000004,18,43,0.8775510204081632,2.0106365306122447,1.99569,1.99397,Draw,6,0.16326530612244897,0.5714285714285714,0.24489795918367346,0.09,6,0,2.63098065997839,0.55,0.165,-1.206985,1,Draw,0.79,-0.0693877551020408,49.0,10.0,10.0,0.24489795918367346,2.0,0.2,0.8832007258418824,4.9,0.7551020408163265,0.18884505218124784,0.13381246035735012,0.2991666666666667,0.2,1.0,8.0,-0.3,0.09000000000000001,1.0,0.0516910197702123,0.24437802855938603,0.19268700878917366,1.9106143567749019,5.6,0.2315151515151515,0.05664143733520488,1.0,5,0.39193268318257324,0.29300000000000004,0.13250471689717316,5,0.31683799999999995,0.15605327313933542,0.322,0.21291430200904776,5,0.304566,0.22231444865325334,0.02899999999999997,-0.01227199999999995
6267,4,12,0,4,0,late,late_r2-4,3,2-4,2,1,2,1,3,1,0,0,0,0,1,3,0,1,2,0.03745036181400662,0,0.9627519008031131,0.9253015389891065,0,1,-1,0.968924492465747,0.972874591517478,0.4153964635798753,0.46254416966262757,0.972874591517478,0.2450626273653165,55,-0.025,-0.06,0.034999999999999996,-1.19,-1.0025454545454544,-1.49,1.465,0.6500000000000001,1.165,4,11,0.2,1.4726696363636362,1.469,1.67463,Hit,6,0.14545454545454545,0.509090909090909,0.32727272727272727,0.034999999999999996,3,1,2.329151688587887,0.495,0.175,-0.859435,0,Draw,-0.445,-0.3883636363636364,55.0,11.0,10.0,0.2909090909090909,4.0,0.36363636363636365,0.8559228888548555,5.0,0.7818181818181819,0.6431091936918384,0.2231951720168846,1.1512499999999999,0.2,1.0,4.0,-0.053000000000000005,0.027999999999999997,1.0,0.41224628946094233,0.7248667983856072,0.31262050892466486,1.364254552491161,1.8,0.8031356903821767,0.43613333435600443,0.9800000000000001,5,0.17084812452927325,0.2869999999999999,0.08445412956155544,5,0.28054900000000005,0.12218589195361299,0.29599999999999993,0.08720665112249175,5,0.311952,0.11907732800579626,0.009000000000000008,0.03140299999999996
1158,6,8,0,8,0,mid,mid_r5-8,4,2-4,2,2,2,2,4,0,0,0,0,0,1,3,1,1,3,0.343547013121931,1,0.7101067890367555,0.3665597759148245,2,0,2,0.674813835565106,1.0114663775541795,0.7619647419626395,0.5163029972796983,1.0114663775541795,0.32675016982042204,65,0.39,0.34,0.04999999999999999,-0.195,-0.20130769230769235,-0.93,1.32,0.33,0.585,6,24,0.36923076923076925,1.9480358461538463,1.95599,2.06589,PostGuard,6,0.24615384615384617,0.46153846153846156,0.27692307692307694,0.25,5,0,2.7016606778984564,0.465,0.33,-0.642945,1,PostGuard,-1.6099999999999999,-2.113923076923077,65.0,13.0,10.0,0.24615384615384617,5.0,0.38461538461538464,0.8144771463647624,5.0,0.7538461538461538,0.576098243473832,0.17794887968801232,0.8234375,0.2,1.0,16.0,0.11600000000000002,0.274,1.0,0.3365631718002166,0.5766844650284304,0.24012129322821368,1.8464069435003296,4.0,0.4956043956043956,0.280330829921914,0.96,5,0.13352380199742908,0.4640000000000001,0.2738704073097347,5,0.38740600000000003,0.30742608738524463,0.5549999999999999,0.1358767824170119,5,0.523404,0.12962782597690978,0.09099999999999986,0.13599799999999995
6520,1,5,1,11,1,early,early_r9+,5,5-8,2,3,2,3,5,-1,0,0,0,0,1,4,1,4,5,0.20857973019457263,0,0.26534765695027324,0.05676792675570061,0,2,-2,0.30121023275154524,0.3771228883992991,0.19164056601514826,0.3727001829889567,0.3771228883992991,0.40843771227552755,75,1.215,1.175,0.040000000000000036,0.83,0.8392000000000002,0.35,0.8650000000000001,0.26,0.3850000000000001,20,56,0.7466666666666667,1.9897365333333334,1.99799,2.02207,PostGuard,6,0.32,0.4266666666666667,0.24,0.040000000000000036,6,0,2.7240534654351287,0.295,0.445,0.23157499999999998,0,Hit,3.215,1.7768666666666668,75.0,15.0,10.0,0.29333333333333333,5.0,0.3333333333333333,0.7827151142498606,5.0,0.7066666666666667,0.2111135241973065,0.15249826753032059,0.375,0.0,0.8,16.0,1.124,0.09100000000000005,0.8,0.04240206150589088,0.17036660171773754,0.12796454021184664,1.8198450343464063,8.6,0.13466872086856735,0.08594716461855237,0.96,5,0.22149774562006766,0.20300000000000007,0.030331501776206245,5,0.23933400000000002,0.03967192811044109,0.13900000000000004,0.06958807369082724,5,0.1678699999999999,0.10595135835608724,-0.06400000000000003,-0.07146400000000011
2099,0,14,0,2,0,late,late_r2-4,7,5-8,3,4,3,4,7,-1,0,0,0,0,1,5,2,3,6,0.33040511625729996,0,0.3376219407577055,0.007216824500405561,0,1,-1,0.3069738027975706,0.46597589067828604,0.48482428337828265,0.49065377210578065,0.46597589067828604,0.5718127971857385,91,0.56,0.535,0.025000000000000022,-1.365,-1.330054945054945,-2.76,3.32,0.20999999999999996,1.925,2,4,0.04395604395604396,1.1167274395604396,1.02,1.20681,Draw,6,0.3516483516483517,0.37362637362637363,0.26373626373626374,0.4700000000000001,2,0,1.7032916044219055,0.28,0.165,-0.043404999999999916,1,Draw,-0.3799999999999999,-0.4830219780219781,91.0,19.0,10.0,0.2197802197802198,7.0,0.3684210526315789,0.7953127645462884,4.7894736842105265,0.7142857142857143,0.7616539926643267,0.19443182621858165,3.3,1.0,1.0,1.0,0.56,0.0,1.0,0.18945524285999946,0.2690371123494576,0.07958186948945808,0.9483776249806273,1.2,0.2484415339433689,0.15681930291709315,0.96,5,0.06977744999765567,1.051,0.9366055733338343,5,1.1431140000000002,0.9679298263975544,0.7090000000000001,0.9366055733338341,5,0.789676,0.9679298263975544,-0.34199999999999986,-0.35343800000000014
4892,6,10,0,6,0,mid,mid_r5-8,8,5-8,3,5,3,5,8,-2,0,0,0,0,1,4,4,4,7,0.07512224288451388,0,0.31232225602572605,0.23720001314121217,0,1,-1,0.29653730952784063,0.37808844395567665,0.2264328573932869,0.6408540624627416,0.37808844395567665,0.6535003396408441,101,0.185,0.025,0.16,-0.63,-0.6349009900990099,-1.14,1.325,0.33499999999999996,0.815,3,8,0.07920792079207921,1.8247172277227721,1.85038,1.7061,Hit,6,0.39603960396039606,0.3564356435643564,0.2376237623762376,0.16,2,1,2.309949115778079,0.445,0.22,-0.66805,1,Hit,1.3050000000000002,0.2345049504950495,101.0,21.0,10.0,0.19801980198019803,8.0,0.38095238095238093,0.8262482115686163,4.809523809523809,0.7128712871287128,0.23357707441153425,0.2002418795327486,0.8124999999999998,0.0,0.2,20.0,-0.198,0.383,0.6,0.12769326839224804,0.15159659548116436,0.023903327088916303,1.7833475145362094,13.6,0.08051948051948052,0.075823526475211,0.9399999999999998,5,0.2714354277052715,0.852,0.42146470789379264,5,0.960075,0.4010853855010177,0.8089999999999999,0.19765500246641873,5,0.891531,0.17534482061783294,-0.04300000000000004,-0.06854400000000005
7859,3,14,0,2,0,late,late_r2-4,12,9-12,6,6,6,6,12,0,0,0,0,0,1,8,4,4,11,0.2129274141204002,0,0.34265870586342595,0.12973129174302575,0,2,-2,0.2920565955016253,0.4438846071926957,0.6761964186935745,0.5774337630965908,0.4438846071926957,0.980250509461266,129,0.515,0.45,0.065,-1.765,-1.596279069767442,-2.765,3.2800000000000002,0.29500000000000015,2.28,3,5,0.03875968992248062,1.2167932170542635,1.17872,1.1224,Hit,6,0.37209302325581395,0.29457364341085274,0.32558139534883723,0.065,2,1,1.4650044383995096,0.295,0.09,-0.04620000000000002,1,Hit,-0.29999999999999993,0.13189922480620156,129.0,26.0,10.0,0.24806201550387597,9.0,0.34615384615384615,0.7662894538864187,4.961538461538462,0.689922480620155,0.910954820498252,0.17155664262922796,2.70875,0.2,1.0,4.0,0.227,0.288,1.0,0.2373303018566129,0.20936252360235935,-0.027967778254253527,0.935641851045634,3.0,0.23573905125675684,0.2972134995117174,0.8800000000000001,5,0.05288733003704722,0.49800000000000005,0.1068058987135074,5,0.8835709999999999,0.11215440948754535,0.45899999999999996,0.0872066511224918,5,0.8426179999999999,0.09157369188254887,-0.03900000000000009,-0.04095300000000002
2084,7,10,0,6,0,mid,mid_r5-8,10,9-12,5,5,5,5,10,0,0,0,0,0,1,6,4,5,9,0.08820600057598255,1,0.3211260588631795,0.23292005828719697,3,0,3,0.31428814621140416,0.39687662741826035,0.30465603378848743,0.6404324933199441,0.39687662741826035,0.8168754245510551,113,2.465,2.41,0.054999999999999716,1.485,1.4175221238938056,0.165,2.3,0.73,0.9799999999999998,5,21,0.18584070796460178,1.8984958407079646,1.89418,1.73746,PostGuard,6,0.35398230088495575,0.3185840707964602,0.3185840707964602,0.2599999999999998,4,0,2.531487466254482,0.09,0.755,1.623885,0,PostGuard,-0.5350000000000001,-1.288451327433628,113.0,23.0,10.0,0.23008849557522124,7.0,0.30434782608695654,0.7585729161275231,4.913043478260869,0.6902654867256637,0.7428597145867539,0.24646056164969443,2.095,0.2,1.0,26.0,2.347,0.1179999999999998,0.8,0.45686626762114263,0.5469983656089393,0.09013209798779681,1.7249846923314451,5.6,0.5063241106719368,0.4297033620467106,0.9400000000000001,5,0.14626331734267273,0.49099999999999977,0.23471791580533438,5,0.5593379999999999,0.30021895952371164,0.4999999999999999,0.3515501386715698,5,0.577474,0.37422822213523654,0.009000000000000119,0.018136000000000152
5335,1,14,0,2,0,late,late_r2-4,14,13-16,7,7,7,7,14,0,0,0,0,0,1,10,4,5,13,0.11078076970128889,0,0.28991193105665813,0.17913116135536925,0,1,-1,0.30587640484516043,0.38338381092541285,0.4044648249481145,0.6150962888368099,0.38338381092541285,1.143625594371477,145,0.485,-0.105,0.59,-0.87,-0.8696206896551724,-1.695,2.18,0.19999999999999996,1.355,1,1,0.006896551724137931,0.7940005448275862,0.766485,1.67026,Hit,6,0.38620689655172413,0.27586206896551724,0.3310344827586207,0.9450000000000001,1,1,2.136232932604102,0.425,0.2,-0.35013000000000005,1,Hit,-0.8250000000000001,0.10737931034482759,145.0,29.0,10.0,0.2827586206896552,8.0,0.27586206896551724,0.8035777904117543,5.0,0.7310344827586207,0.6888831694443623,0.11606304033554152,1.8674999999999997,1.0,1.0,1.0,0.485,0.0,1.0,0.30474292726436786,0.3826972391758908,0.077954311911523,0.574781657044332,2.0,0.2890255115276442,0.231907177661603,0.4999999999999999,5,0.06432217521438428,0.0,0.0,5,0.0,0.0,0.0,0.0,5,0.0,0.0,0.0,0.0
5272,2,4,0,12,0,early,early_r9+,2,2-4,0,2,0,2,2,-2,0,0,0,0,1,1,1,2,2,0.17210209230570064,0,0.22476293391927557,0.05266084161357493,0,2,-2,0.3954110891515316,0.3954110891515316,0.190934,0.051300000000001234,0.3954110891515316,0.16337508491021102,53,-0.41,-0.445,0.03500000000000003,-0.82,-0.8326415094339622,-1.31,0.9000000000000001,0.235,0.41,9,32,0.6037735849056604,2.041618867924529,2.03514,2.03517,Hit,5,0.3018867924528302,0.5660377358490566,0.11320754716981132,0.03500000000000003,4,1,2.688168647852275,0.585,0.175,-1.4275849999999999,1,Hit,0.5,0.5900943396226415,53.0,11.0,10.0,0.18867924528301888,3.0,0.2727272727272727,0.9097995152962189,4.818181818181818,0.8113207547169811,0.33057729451865464,0.15049022768771894,0.51,0.2,1.0,6.0,-0.557,0.14700000000000002,1.0,-0.03538541393007412,0.16462664568385407,0.20001205961392818,1.9083141056537127,5.6,0.12455167410365106,-0.025704853147445778,1.0,5,0.2979381668863777,0.21200000000000002,0.11278297743897348,5,0.2294940000000001,0.093665161239385,0.386,0.12172715391398911,5,0.37432600000000005,0.10598745458779547,0.174,0.14483199999999996
5472,3,13,1,3,1,late,late_r2-4,4,2-4,1,3,1,3,4,-2,0,0,0,0,1,3,1,3,4,0.20311678615023357,1,0.46200945925489223,0.2588926731046587,1,0,1,0.48732533133840944,0.539454915871022,0.2723725009582775,0.3453661390466637,0.539454915871022,0.32675016982042204,69,0.7,0.63,0.06999999999999995,0.03,0.018043478260869564,-0.85,1.5499999999999998,0.22500000000000003,0.6699999999999999,4,13,0.18840579710144928,1.6263195652173912,1.64298,1.44222,Hit,6,0.34782608695652173,0.463768115942029,0.17391304347826086,0.25499999999999995,4,1,2.0992622484724883,0.295,0.305,-0.021110000000000073,1,Hit,-0.03500000000000003,-0.5160144927536232,69.0,14.0,10.0,0.2028985507246377,5.0,0.35714285714285715,0.8569902314857869,4.928571428571429,0.7101449275362319,0.3509843643443683,0.21930750084096884,0.8306666666666667,0.2,1.0,3.0,0.514,0.18599999999999997,1.0,0.1802539553756187,0.3757508084949729,0.19549685311935425,1.4756104810850854,4.4,0.358339008296902,0.1954428712348901,0.9800000000000001,5,0.17242684398176977,0.6849999999999999,0.14035668847618205,5,0.8168099999999999,0.182854923846748,0.563,0.17527121840165322,5,0.681891,0.2290247101952102,-0.122,-0.1349189999999999
4526,5,9,1,7,1,mid,mid_r5-8,4,2-4,2,2,2,2,4,0,0,0,0,0,1,2,2,4,4,0.19391352274660817,1,0.2737041635799514,0.07979064083334325,1,0,1,0.3477688183851444,0.4476476125476393,0.27288453578883415,0.24315023133856942,0.4476476125476393,0.32675016982042204,65,0.685,0.64,0.04500000000000004,0.245,0.23315384615384616,-0.295,0.98,0.31,0.44000000000000006,10,41,0.6307692307692307,1.7866647692307696,1.78185,1.68694,Draw,6,0.24615384615384617,0.46153846153846156,0.27692307692307694,0.04500000000000004,5,0,2.3822405040497427,0.315,0.325,-0.15847,1,Draw,-0.7549999999999999,-0.3434615384615385,65.0,13.0,10.0,0.24615384615384617,2.0,0.15384615384615385,0.8936585119416003,5.0,0.7076923076923077,0.39822676001037327,0.15597533902327335,0.41125000000000006,0.0,0.8,4.0,0.49800000000000005,0.18700000000000006,0.8,0.13166104933785244,0.16663566553017423,0.03497461619232174,1.7105990662523112,5.2,0.11868131868131868,0.11197902512690931,0.9,5,0.1400097029911988,0.298,0.04919349550499539,5,0.34992300000000004,0.038196513191651425,0.32399999999999995,0.12521980673998823,5,0.38522300000000004,0.13143292246427457,0.025999999999999968,0.0353
6392,2,5,1,11,1,early,early_r9+,5,5-8,2,3,2,3,5,-1,0,0,0,0,1,4,1,5,5,0.16253636322066484,0,0.2217303517541069,0.05919398853344207,0,1,-1,0.38186428793486304,0.4235543517831288,0.2104328837132676,0.32816123719903206,0.4235543517831288,0.40843771227552755,75,1.075,1.01,0.06499999999999995,0.64,0.6223333333333333,-0.04,1.115,0.29000000000000004,0.43499999999999994,12,46,0.6133333333333333,1.9969684000000003,1.98874,1.9492,Hit,6,0.32,0.4266666666666667,0.24,0.12,4,1,2.6610974232146356,0.285,0.41,0.10039999999999993,1,Hit,1.4,1.5326,75.0,15.0,10.0,0.22666666666666666,3.0,0.2,0.8854834903542457,5.0,0.6666666666666666,0.3664807760409358,0.16372354612101284,0.5575,0.0,0.8,6.0,1.002,0.07299999999999995,0.8,0.09443187987563875,0.1304687691433141,0.03603688926767531,1.8452382514954473,7.0,0.2065358579944804,0.08637800263301823,0.96,5,0.18932417633874493,0.24499999999999988,0.10588909292273685,5,0.24642799999999987,0.07794848536052515,0.1459999999999999,0.10151354589413178,5,0.15333299999999986,0.09713339832416032,-0.09899999999999998,-0.09309500000000001
1255,4,13,1,3,1,late,late_r2-4,7,5-8,3,4,3,4,7,-1,0,0,0,0,1,5,2,4,6,0.3033664282167676,1,0.3629420457442207,0.05957561752745305,1,0,1,0.32533897706853415,0.5906773210676182,0.8027530133531936,0.3937943480694321,0.5906773210676182,0.5718127971857385,91,2.34,2.26,0.08000000000000007,0.745,0.7663736263736263,-0.335,2.675,0.4624999999999999,1.5949999999999998,2,4,0.04395604395604396,1.7583647252747252,1.74298,1.67762,Hit,6,0.3516483516483517,0.37362637362637363,0.26373626373626374,0.46999999999999975,2,1,2.4456530891504404,0.11,0.73,1.5011899999999998,1,Hit,-0.685,-0.14785714285714285,91.0,19.0,10.0,0.18681318681318682,4.0,0.21052631578947367,0.8584110771822164,4.7894736842105265,0.7032967032967034,0.5804997744301306,0.284089390013912,2.0025,0.0,1.0,5.0,2.009,0.3309999999999999,1.0,0.46582518075963203,0.5463744004358146,0.08054921967618262,1.5096489369008093,3.8,0.5063157894736842,0.4563752270874765,0.8800000000000001,5,0.06195158907245998,0.5209999999999999,0.04655641738793923,5,0.39598999999999973,0.058647392844865684,0.6739999999999997,0.4561578674099571,5,0.5595699999999997,0.5094321869738896,0.1529999999999998,0.16357999999999995
5259,3,8,0,8,0,mid,mid_r5-8,8,5-8,4,4,4,4,8,0,0,0,0,0,1,5,3,3,8,0.23084584308323747,1,0.3705104994477199,0.13966465636448244,3,0,3,0.31387944190246186,0.44638340286094436,0.32823404093523506,0.6032345137620618,0.44638340286094436,0.6535003396408441,97,0.965,0.95,0.015000000000000013,0.225,0.2295360824742268,-1.07,2.035,0.465,0.74,12,29,0.29896907216494845,2.037685154639175,2.03945,2.02084,PostGuard,6,0.32989690721649484,0.35051546391752575,0.30927835051546393,0.17999999999999994,5,0,2.735543682855098,0.31,0.46,-0.026920000000000055,0,PostGuard,-2.035,-2.292783505154639,97.0,20.0,10.0,0.25773195876288657,8.0,0.4,0.763349979065371,4.85,0.6701030927835051,0.691772204371355,0.2208551789777135,1.5764583333333333,0.0,1.0,24.0,0.736,0.229,1.0,0.22841524272093702,0.11539424695767009,-0.11302099576326692,1.8794127700289274,6.6,0.027067669172932334,0.2053791004401,0.9,5,0.20876541654864772,0.23499999999999996,0.1584692399174048,5,0.26991,0.2129244193663564,0.449,0.3519836643936761,5,0.5147499999999999,0.4067018902402595,0.21400000000000005,0.24483999999999995
7905,3,15,1,1,1,late,r1,9,9-12,5,4,5,4,9,1,0,0,0,0,1,6,3,3,8,0.18685923024140424,1,0.42638619400843636,0.23952696376703211,1,0,1,0.33230225138510544,0.4755754552903435,0.42136668513122283,0.6889525785970719,0.4755754552903435,0.7351878820959495,103,2.865,2.775,0.0900000000000003,1.0,1.002864077669903,-0.48,3.345,0.0,1.8650000000000002,3,4,0.038834951456310676,0.3754608902912621,0.0,0.993365,Hit,6,0.3106796116504854,0.3300970873786408,0.34951456310679613,1.7500000000000002,1,1,1.88542993659231,0.005,0.92,2.3683175000000003,1,Hit,0.0,0.0,103.0,21.0,10.0,0.8058252427184465,20.0,0.9523809523809523,0.3527369907383066,4.904761904761905,0.5048543689320388,9.18380792867241e-06,0.5168052522442842,0.003554216867469817,0.0,1.0,83.0,2.765,0.10000000000000009,1.0,0.6696185179582499,-1.0,-1.66961851795825,0.04758793196403379,21.0,1.0,0.47348069195633935,1.0,5,0.0,0.1,0.0,5,0.1885025000000002,0.0,0.1,0.0,5,0.1885025000000002,0.0,0.0,0.0
4159,5,11,1,5,1,mid,mid_r5-8,9,9-12,5,4,5,4,9,1,0,0,0,0,1,7,2,7,9,0.12438478862385068,0,0.19865266158800973,0.07426787296415906,0,1,-1,0.2929631376402143,0.3169759207413154,0.3385392511529293,0.3392201906988698,0.3169759207413154,0.7351878820959495,103,0.765,0.69,0.07500000000000007,0.185,0.179126213592233,-0.3,1.065,0.4025,0.5800000000000001,12,41,0.39805825242718446,1.8035630097087376,1.8072,1.7262,Draw,6,0.3106796116504854,0.3300970873786408,0.34951456310679613,0.07500000000000007,5,0,2.371379006341911,0.335,0.395,-0.09809999999999997,1,Draw,1.7650000000000001,1.1793203883495145,103.0,21.0,10.0,0.2233009708737864,5.0,0.23809523809523808,0.8174880291683081,4.904761904761905,0.7087378640776699,0.5432941778026643,0.16772974736119894,0.8799999999999999,0.0,1.0,23.0,0.595,0.17,0.4,0.19997147740213356,0.1033953179122443,-0.09657615948988926,1.729852649911539,7.4,0.06209268723843966,0.17136242016117748,0.9,5,0.18998351329726484,0.4149999999999999,0.1871496727221291,5,0.497541,0.23093484312138782,0.417,0.15295424152340467,5,0.49445700000000004,0.2091112662734842,0.0020000000000000573,-0.0030839999999999756
2788,5,13,1,3,1,late,late_r2-4,13,13-16,6,7,6,7,13,-1,0,0,0,0,1,8,5,6,10,0.15295949060483433,1,0.27996398094219294,0.1270044903373586,1,0,1,0.29433917797160436,0.36206024690116834,0.39611104308131434,0.7191900048505421,0.36206024690116834,1.0619380519163715,139,3.115,3.075,0.040000000000000036,1.61,1.6439208633093525,1.12,1.995,0.37749999999999995,1.5050000000000001,2,4,0.02877697841726619,1.162328489208633,1.18085,1.36813,Hit,6,0.4028776978417266,0.28776978417266186,0.302158273381295,0.9750000000000001,1,1,2.4468784400969943,0.005,0.87,2.4309350000000003,1,Hit,0.14000000000000012,0.39820143884892084,139.0,28.0,10.0,0.23741007194244604,10.0,0.35714285714285715,0.7674631710769009,4.964285714285714,0.697841726618705,0.5209008834413339,0.1736131746840343,1.2150000000000003,0.2,0.8,4.0,2.621,0.4940000000000001,1.0,0.41676709956256613,0.7096937726260149,0.29292667306344866,0.9954393447653855,8.2,0.6692272354208876,0.333301761519721,0.9,5,0.0880480651252786,0.975,0.0,5,0.9673950000000001,0.0,0.975,0.0,5,0.9673950000000001,0.0,0.0,0.0
4360,7,4,0,12,0,early,early_r9+,3,2-4,1,2,1,2,3,-1,0,0,0,0,1,3,0,2,3,0.10348752632931091,0,0.48911827786743006,0.38563075153811915,0,2,-2,0.5638789017795934,0.6126012197501572,0.27925695932390937,0.32378787294564926,0.6126012197501572,0.2450626273653165,59,-0.47,-0.505,0.03500000000000003,-0.72,-0.7017796610169492,-1.075,0.605,0.21250000000000013,0.25,31,58,0.9830508474576272,2.064187627118644,2.04938,1.88921,Hit,6,0.2711864406779661,0.5084745762711864,0.2033898305084746,0.03500000000000003,6,1,2.565457209650758,0.64,0.125,-1.414605,1,Hit,-0.6749999999999999,0.6257627118644067,59.0,12.0,10.0,0.3389830508474576,3.0,0.25,0.8245295666674133,4.916666666666667,0.7796610169491526,0.2908779812936719,0.11390121662222039,0.4325,0.2,0.4,2.0,-0.49799999999999994,0.028000000000000025,1.0,0.026939372159660385,0.16172499189091874,0.13478561973125833,1.9700576389825315,10.0,-0.008391608391608399,0.01622978202828934,0.9400000000000001,5,0.17086348064077436,0.084,0.05412947441089743,5,0.21945000000000014,0.10894084931741625,0.242,0.09250675650999769,5,0.326936,0.08093182041076301,0.15799999999999997,0.10748599999999986
8248,7,13,1,3,1,late,late_r2-4,3,2-4,1,2,1,2,3,-1,0,0,0,0,0,1,2,2,2,0.10613846457910446,1,0.6018087897696427,0.4956703251905382,1,0,1,0.505854133867475,0.9854603814910484,0.9289617027255047,0.46341723700738174,0.9854603814910484,0.2450626273653165,59,1.49,1.255,0.2350000000000001,0.745,0.7422033898305085,-0.1,1.59,0.3025000000000001,0.745,2,10,0.1694915254237288,1.407962542372881,1.42334,1.16615,Draw,6,0.2711864406779661,0.5084745762711864,0.2033898305084746,0.2350000000000001,4,0,1.880314596423324,0.125,0.58,0.906925,1,Draw,-0.4850000000000001,-0.28745762711864414,59.0,12.0,10.0,0.3050847457627119,4.0,0.3333333333333333,0.801435215297654,4.916666666666667,0.7966101694915254,0.5911460918884003,0.17821736838327756,1.148,0.4,1.0,10.0,1.2690000000000001,0.221,1.0,0.39131341217560267,0.49361659533407404,0.10230318315847142,1.2624273083802928,2.4,0.28763200007032624,0.32568785273343676,0.96,5,0.19260433713632275,0.7859999999999999,0.7457077175408607,5,0.8566179999999999,0.7560453721305356,0.46799999999999997,0.6500153844333225,5,0.527171,0.6805257061768497,-0.31799999999999995,-0.32944699999999993
2081,5,9,1,7,1,mid,mid_r5-8,2,2-4,0,2,0,2,2,-2,0,0,0,0,1,2,0,0,1,0.7267152349091103,0,1.2825952177128996,0.5558799828037894,0,2,-2,1.702529199705251,1.702529199705251,0.7876465,0.32290000000000063,1.702529199705251,0.16337508491021102,53,0.865,0.73,0.135,0.25,0.27339622641509437,-0.12,0.985,0.28,0.615,2,17,0.32075471698113206,1.7520386792452831,1.75071,1.51221,Hit,5,0.3018867924528302,0.5660377358490566,0.11320754716981132,0.28500000000000003,3,1,2.214248391332314,0.265,0.34,0.10889499999999996,1,Hit,0.97,1.4105660377358489,53.0,11.0,10.0,0.24528301886792453,3.0,0.2727272727272727,0.8872658328105034,4.818181818181818,0.8113207547169811,0.6609089231748919,0.12411002666300217,0.6177083333333333,0.2,1.0,6.0,0.6699999999999999,0.195,1.0,0.2525855621620722,0.4851025122780686,0.2325169501159964,1.63480452887453,4.4,0.37636363636363634,0.22134143409433987,1.0,5,0.3410776146055251,0.41899999999999993,0.08173126696681023,5,0.541752,0.1540185071509265,0.327,0.24165057417684735,5,0.45701,0.3369047206555586,-0.09199999999999992,-0.08474199999999998
1265,4,5,1,11,1,early,early_r9+,5,5-8,3,2,3,2,5,1,0,0,0,0,1,2,3,3,5,0.23865963403139628,1,0.5069841779000559,0.2683245438686596,1,0,1,0.38613422824842125,0.4374375702290024,0.22231813737462267,0.5694614698116119,0.4374375702290024,0.40843771227552755,71,0.89,0.87,0.020000000000000018,0.505,0.49887323943661976,0.05,0.84,0.28250000000000003,0.385,17,49,0.6901408450704225,2.028621971830986,2.03664,2.03664,Draw,6,0.22535211267605634,0.4225352112676056,0.3380281690140845,0.020000000000000018,5,0,2.7198464690776465,0.31,0.365,-0.11019000000000001,0,Hit,-0.10999999999999999,-0.11598591549295774,71.0,15.0,10.0,0.2535211267605634,2.0,0.13333333333333333,0.8789410282973705,4.733333333333333,0.7323943661971831,0.5278177494847892,0.1261411914352256,0.4966666666666667,0.4,0.8,10.0,0.849,0.041000000000000016,0.8,0.1488485597791251,0.1805703619059199,0.03172180212679481,1.9089673799748539,6.8,0.23785714285714282,0.1723064241218351,0.9199999999999999,5,0.16028732051115177,0.23900000000000002,0.15076471735787525,5,0.21026199999999995,0.14430938888374514,0.16399999999999998,0.05683308895353126,5,0.17584499999999997,0.06894517985327185,-0.07500000000000004,-0.034416999999999975
3677,7,15,1,1,1,late,r1,5,5-8,2,3,2,3,5,-1,0,0,0,0,1,4,1,1,2,0.1931385643132925,0,0.6312198993567895,0.438081335043497,0,1,-1,0.7756878465265475,1.0529219033342403,1.091292162806203,0.6348133602878868,1.0529219033342403,0.40843771227552755,75,1.695,1.65,0.04500000000000015,-1.0,-0.654,-1.125,2.8200000000000003,0.13250000000000006,2.6950000000000003,3,4,0.05333333333333334,0.33296076933333335,0.0,0.960195,Hit,6,0.32,0.4266666666666667,0.24,0.135,2,1,0.7629027728689579,0.055,0.865,1.2149025,1,Hit,0.0,0.0,75.0,15.0,10.0,0.8133333333333332,14.0,0.9333333333333333,0.3596600130525386,5.0,0.5333333333333333,0.05036725954362721,0.785396688010776,0.42409836065573786,0.0,1.0,61.0,1.56,0.135,1.0,0.6052285886062109,0.5557189302262112,-0.049509658379999655,0.07295440117280277,1.0,0.5557189302262112,0.4934674278928564,1.0,5,0.0,0.135,0.0,5,0.0345074999999999,0.0,0.135,0.0,5,0.0345074999999999,0.0,0.0,0.0
477,2,10,0,6,0,mid,mid_r5-8,6,5-8,3,3,3,3,6,0,0,0,0,0,1,3,3,3,6,0.3079030047855971,0,0.3306714593563967,0.022768454570799568,0,1,-1,0.3601092964587288,0.5783839225247341,0.49563946370182704,0.46816739764983956,0.5783839225247341,0.490125254730633,81,-0.245,-0.37,0.125,-1.14,-1.0705555555555555,-1.605,1.3599999999999999,0.3849999999999999,0.8949999999999999,6,14,0.1728395061728395,1.9226235802469134,1.92743,1.81521,Draw,6,0.2962962962962963,0.3950617283950617,0.2962962962962963,0.13,4,0,2.469586046694435,0.525,0.17,-1.1526049999999999,1,Draw,-0.88,-0.28580246913580243,81.0,17.0,10.0,0.22222222222222224,5.0,0.29411764705882354,0.8361021671472015,4.764705882352941,0.7160493827160493,0.5680468678570393,0.18420347263386522,1.105,0.8,1.0,2.0,-0.27,0.025,1.0,0.31205725886269853,0.6012916426559728,0.2892343837932742,1.8498016004076274,4.2,0.6081746697533619,0.3250011704751924,0.8800000000000001,5,0.1106640546530043,0.341,0.22897598127314575,5,0.4066440000000001,0.19488625869978612,0.362,0.33766847646767384,5,0.4086210000000001,0.3249455656606195,0.020999999999999963,0.0019770000000000065
8462,7,13,1,3,1,late,late_r2-4,11,9-12,7,4,7,4,11,3,0,0,0,0,1,9,2,3,10,0.10579777426018874,1,0.3594054774554764,0.2536077031952877,3,0,3,0.2960574827309768,0.37903217681788487,0.5007952203313253,0.4456974081923979,0.37903217681788487,0.8985629670061606,115,2.63,2.615,0.01499999999999968,2.185,2.0238695652173915,0.01,2.62,0.3799999999999999,0.44499999999999984,17,63,0.5478260869565217,1.2865577999999998,1.23288,1.02132,PostGuard,6,0.2782608695652174,0.2956521739130435,0.41739130434782606,0.01499999999999968,6,0,1.8745304601602724,0.005,0.91,2.11934,1,PostGuard,-0.3700000000000001,-0.7345217391304347,115.0,23.0,10.0,0.17391304347826086,7.0,0.30434782608695654,0.8323048725918119,5.0,0.7565217391304347,0.7863975597793351,0.19100615542417085,2.2275,0.0,1.0,18.0,2.5460000000000003,0.08399999999999981,0.6,0.32466568037338317,0.4298200396343995,0.10515435926101638,1.3213207422484223,6.8,0.43381283000171134,0.34574448516909617,0.7799999999999999,5,0.11090707915945337,0.37899999999999984,0.05067050424063289,5,0.5523979999999998,0.12483579022059334,0.284,0.15709869509324392,5,0.29229079999999974,0.2373625300235908,-0.09499999999999986,-0.2601072000000001
3186,1,11,1,5,1,mid,mid_r5-8,11,9-12,6,5,6,5,11,1,0,0,0,0,1,9,2,5,11,0.07600417569818435,0,0.31805699862572967,0.24205282292754532,0,3,-3,0.30062700002895415,0.3661890429307302,0.3848036557336555,0.42476564039031867,0.3661890429307302,0.8985629670061606,119,1.3,0.815,0.4850000000000001,-1.62,-1.4021848739495801,-2.305,3.6050000000000004,0.9125000000000001,2.92,1,2,0.01680672268907563,1.8230679831932772,1.79377,2.06398,Hit,6,0.33613445378151263,0.3025210084033613,0.35294117647058826,2.005,1,1,2.779826386455033,0.285,0.485,0.2680100000000001,1,Hit,0.51,1.2966386554621845,119.0,24.0,10.0,0.3865546218487395,11.0,0.4583333333333333,0.6711255937217284,4.958333333333333,0.6554621848739496,0.7970840408484823,0.320619609922338,3.10625,0.4,0.8,2.0,0.9259999999999999,0.37400000000000005,0.8,0.5798800072102215,0.6564560372564088,0.07657603004618725,1.6752624338023512,8.8,0.6619734987875118,0.5813979568455993,0.9,5,0.1063459770035527,1.48,0.20515238238928646,5,1.464704,0.2110514095072573,1.6830000000000003,0.026832815729997482,5,1.7009509999999999,0.053160280097080036,0.2030000000000003,0.23624699999999987
8936,4,15,1,1,1,late,r1,14,13-16,7,7,7,7,14,0,0,0,0,0,1,10,4,5,12,0.13990804346069585,1,0.4226590849798436,0.28275104151914776,1,0,1,0.3154572163955043,0.3920501147430313,0.4697500164287665,0.6617780666044898,0.3920501147430313,1.143625594371477,145,1.015,1.0,0.014999999999999902,1.0,0.2243448275862069,-2.935,3.95,1.6949999999999998,0.014999999999999902,87,92,0.6344827586206897,0.5137587931034483,0.0,0.121552,Draw,6,0.38620689655172413,0.27586206896551724,0.3310344827586207,0.014999999999999902,6,0,0.11236071009937675,0.0,0.015,1.0,0,Draw,0.0,0.0,145.0,29.0,10.0,0.8068965517241379,28.0,0.9655172413793103,0.33681389250740446,5.0,0.5793103448275863,0.11712449851060928,1.159769567785603,0.9612820512820512,0.0,1.0,117.0,1.0,0.014999999999999902,0.0,0.7663752883023968,1.0,0.23362471169760327,0.05709748698385765,29.0,1.0,0.7615388801942021,1.0,5,3.1031676915590914e-17,0.1899999999999999,0.0,5,0.464126,0.0,0.1899999999999999,0.0,5,0.464126,0.0,0.0,0.0
966,6,3,1,13,1,early,early_r9+,3,2-4,2,1,2,1,3,1,0,0,0,0,1,1,2,2,3,0.17143287223866516,0,0.2555387713068199,0.08410589906815474,0,1,-1,0.40552509712839624,0.4544405972096534,0.10280154004142587,0.3784604690937569,0.4544405972096534,0.2450626273653165,55,1.15,1.125,0.02499999999999991,0.675,0.6842727272727275,0.27,0.8799999999999999,0.20000000000000018,0.47499999999999987,6,31,0.5636363636363636,2.0303290909090905,2.02877,2.12073,Draw,6,0.14545454545454545,0.509090909090909,0.32727272727272727,0.07499999999999996,6,0,2.766057657128716,0.305,0.4,0.15993499999999994,0,Pass,2.15,1.1379090909090912,55.0,11.0,10.0,0.2545454545454545,2.0,0.18181818181818182,0.8793539588062839,5.0,0.7818181818181819,0.45094609168690203,0.12388427487223053,0.5257142857142857,0.4,1.0,6.0,1.1149999999999998,0.03499999999999996,1.0,0.13550699447115905,0.14104799437547952,0.005540999904320465,1.8555381179431336,3.2,0.19818181818181818,0.13490490778541878,1.0,5,0.2657996217691908,0.2999999999999999,0.1820370841339753,5,0.3449079999999999,0.1700617807812796,0.36999999999999983,0.11005680351527568,5,0.41949199999999986,0.11619530221786074,0.06999999999999995,0.07458399999999998
232,1,13,1,3,1,late,late_r2-4,3,2-4,1,2,1,2,3,-1,0,0,0,0,1,1,2,2,2,0.09805498502391603,1,0.49222195960867093,0.3941669745847549,1,0,1,0.590234676322429,0.8908838226553017,0.41225763166335144,0.710039324419586,0.8908838226553017,0.2450626273653165,59,1.575,1.47,0.10499999999999998,1.07,0.9951694915254238,0.075,1.5,0.39749999999999996,0.5049999999999999,7,29,0.4915254237288136,1.2572822033898303,1.27121,1.22245,Draw,6,0.2711864406779661,0.5084745762711864,0.2033898305084746,0.10499999999999998,4,0,1.9404638864813233,0.125,0.615,0.9637749999999999,1,Draw,-0.41500000000000004,-0.0012711864406779484,59.0,12.0,10.0,0.13559322033898305,2.0,0.16666666666666666,0.9316690956177023,4.916666666666667,0.7627118644067796,0.7876618322278178,0.13336978798211496,1.1195238095238096,0.6,1.0,7.0,1.5050000000000001,0.06999999999999998,1.0,0.5130806146854534,0.8017001405818626,0.2886195258964093,1.248679088649299,1.0,0.6755244755244756,0.46146343162719033,0.9800000000000001,5,0.1436578641903329,0.36099999999999993,0.3492742475476829,5,0.32003299999999996,0.36499137324736874,0.25599999999999995,0.3899583311073121,5,0.23720299999999997,0.3911827773177137,-0.10499999999999998,-0.08282999999999999
3968,6,10,0,6,0,mid,mid_r5-8,3,2-4,2,1,2,0,2,2,0,0,0,0,1,1,1,2,2,0.16851730885656274,1,0.49495470333234326,0.3264373944757805,2,0,2,0.6633747575032525,1.1432308868495598,0.9862595497210869,0.35526915930820196,0.6633747575032525,0.16337508491021102,49,0.95,0.8,0.1499999999999999,-0.105,0.049285714285714266,-0.5,1.45,0.5700000000000001,1.055,2,12,0.24489795918367346,1.7352446938775516,1.7099,1.78536,PreGuard,5,0.08163265306122448,0.5306122448979592,0.3673469387755102,0.2799999999999999,3,0,2.4729183127858008,0.325,0.42,0.05731999999999993,1,PreGuard,-1.05,-2.59469387755102,49.0,10.0,10.0,0.20408163265306123,1.0,0.1,0.9086283332445497,4.9,0.8367346938775511,0.5393492704628937,0.21533074545372957,0.925,0.4,1.0,10.0,0.797,0.15299999999999997,1.0,0.429851674615534,0.6691517948362142,0.23930012022068028,1.5907858895354192,3.8,0.6242424242424242,0.4073422126044193,1.0,5,0.07741371760511329,0.45299999999999996,0.1021396103380074,5,0.48895999999999995,0.10933367853731073,0.692,0.2814604767991414,5,0.6893409999999999,0.24794127344998448,0.239,0.20038099999999992
2440,2,5,1,11,1,early,early_r9+,5,5-8,3,2,3,2,5,1,0,0,0,0,1,3,2,4,5,0.28237576483119103,1,0.38886779967618945,0.10649203484499842,2,0,2,0.4157840788498278,0.4518594260158661,0.23867910047710506,0.534067285648541,0.4518594260158661,0.40843771227552755,71,1.17,1.03,0.1399999999999999,0.625,0.6114788732394366,0.13,1.04,0.24999999999999994,0.5449999999999999,5,30,0.4225352112676056,2.0035783098591553,2.00858,2.08593,Hit,6,0.22535211267605634,0.4225352112676056,0.3380281690140845,0.1399999999999999,5,1,2.758512450265799,0.31,0.42,0.127035,1,Hit,0.125,-1.2397887323943664,71.0,15.0,10.0,0.2535211267605634,6.0,0.4,0.8310987096272244,4.733333333333333,0.7464788732394366,0.28416984279810664,0.17946692621176738,0.505,0.4,1.0,5.0,0.9800000000000001,0.18999999999999995,0.6,0.007621445054196869,-0.04417159071110771,-0.05179303576530457,1.8076085955090353,8.0,0.021116450612479697,0.017251460443447757,0.9200000000000002,5,0.23278324054545263,0.3279999999999999,0.14554209013203023,5,0.2639969999999999,0.12299060460051413,0.5799999999999998,0.17968722826066408,5,0.500647,0.22178870351643257,0.25199999999999995,0.23665000000000003
1624,6,15,1,1,1,late,r1,7,5-8,3,4,3,4,7,-1,0,0,0,0,1,3,4,3,5,0.15061279701568903,1,0.21027980296585877,0.059667005950169744,1,0,1,0.2906741851642332,0.732490607349299,0.8267519035041075,0.5559321464248794,0.732490607349299,0.5718127971857385,91,1.265,1.26,0.004999999999999893,1.0,0.5285164835164835,-3.05,4.3149999999999995,0.345,0.2649999999999999,7,64,0.7032967032967034,0.3732340549450549,0.0,1.15532,Hit,6,0.3516483516483517,0.37362637362637363,0.26373626373626374,0.004999999999999893,6,1,1.4933471756701153,0.105,0.555,1.0,0,Draw,0.0,0.0,91.0,19.0,10.0,0.8021978021978022,18.0,0.9473684210526315,0.36307846077742373,4.7894736842105265,0.5494505494505495,0.05701152318024823,1.066005912620641,1.25,0.0,1.0,73.0,1.26,0.004999999999999893,0.0,0.6124273415654068,0.7474093186836598,0.134981977118253,0.04485171165103328,18.0,0.7474093186836598,0.559140706649323,1.0,5,0.0,0.0049999999999998,0.0,5,0.032575,0.0,0.0049999999999998,0.0,5,0.032575,0.0,0.0,0.0
9851,7,8,0,8,0,mid,mid_r5-8,6,5-8,3,3,3,3,6,0,0,0,0,0,1,2,4,3,6,0.16740154151021736,1,0.2629055797950268,0.09550403828480947,1,0,1,0.37252800004511194,0.3996649172262152,0.261969340162977,0.45975658686599136,0.3996649172262152,0.490125254730633,81,0.155,-0.06,0.215,-0.445,-0.46685185185185185,-1.155,1.31,0.26499999999999996,0.6,4,24,0.2962962962962963,1.9028020987654322,1.90378,2.0423,Hit,6,0.2962962962962963,0.3950617283950617,0.2962962962962963,0.215,5,1,2.651655008833409,0.535,0.265,-0.86615,1,Hit,1.105,-0.9941975308641976,81.0,17.0,10.0,0.19753086419753085,5.0,0.29411764705882354,0.8432777123889823,4.764705882352941,0.654320987654321,0.49732743168502164,0.1592321775150506,0.7988636363636363,0.0,0.6,11.0,-0.23700000000000002,0.392,0.6,0.10570468984445133,0.2539641829149813,0.1482594930705299,1.722165066714306,7.8,0.20784313725490197,0.09191149533392343,0.96,5,0.2512915049163945,0.611,0.4577581239038801,5,0.60106,0.487460272368426,0.5529999999999999,0.1434224529144583,5,0.49212799999999995,0.15552479221976157,-0.05800000000000005,-0.10893200000000008
9879,2,15,1,1,1,late,r1,10,9-12,4,6,4,6,10,-2,0,0,0,0,1,4,6,4,8,0.27271807784596974,1,0.4696014787754537,0.19688340092948398,3,0,3,0.3110764538566039,0.44255923827604204,0.36136551137599504,0.7949739306417538,0.44255923827604204,0.8168754245510551,117,3.125,3.0,0.125,2.955,2.650769230769231,0.18,2.945,0.3849999999999998,0.16999999999999993,69,86,0.7350427350427351,0.3532337324786325,0.259808,0.599479,Hit,6,0.41025641025641024,0.3247863247863248,0.2564102564102564,0.125,6,1,1.0131889832468746,0.0,0.96,3.0,0,Draw,0.0,0.0,117.0,24.0,10.0,0.8034188034188035,23.0,0.9583333333333334,0.3499013977135025,4.875,0.6068376068376068,0.07417269349654805,0.6376913430347315,0.46499999999999986,0.0,1.0,94.0,3.0,0.125,0.0,0.6508449707526978,0.44536594457558853,-0.20547902617710925,0.03285229426185777,24.0,0.44536594457558853,0.6472008950238499,1.0,5,3.1031676915590914e-17,0.3250000000000002,0.0,5,0.45980750000000004,0.0,0.3250000000000002,0.0,5,0.45980750000000004,0.0,0.0,0.0
9832,1,9,1,7,1,mid,mid_r5-8,9,9-12,5,4,5,4,9,1,0,0,0,0,1,6,3,5,9,0.20610657200827018,1,0.28102198578445803,0.07491541377618785,1,0,1,0.341426636482862,0.4444343705846437,0.29156901344478536,0.5167205436664128,0.4444343705846437,0.7351878820959495,103,1.24,1.165,0.07499999999999996,0.335,0.39135922330097084,-0.105,1.345,0.3275,0.905,4,10,0.0970873786407767,1.8354704854368928,1.8315,1.80067,Hit,6,0.3106796116504854,0.3300970873786408,0.34951456310679613,0.07499999999999996,3,1,2.5316167291481153,0.23,0.425,0.362225,0,Freeze,0.2350000000000001,-0.26359223300970874,103.0,21.0,10.0,0.3883495145631068,8.0,0.38095238095238093,0.669664031289582,4.904761904761905,0.6990291262135923,0.4199622863047775,0.18987130568482166,1.1283333333333334,0.8,0.8,1.0,1.133,0.10700000000000001,0.8,0.12743588733833638,-0.014975333546501813,-0.1424112208848382,1.76470970250178,5.4,0.0018217254567060338,0.15465087770679994,0.8800000000000001,5,0.12006371548165769,0.27599999999999997,0.4498249659589827,5,0.32970299999999997,0.4806138837934252,0.4029999999999999,0.4622174812791052,5,0.462309,0.5017508104178806,0.12699999999999995,0.13260600000000006
4221,2,14,0,2,0,late,late_r2-4,14,13-16,7,7,7,7,14,0,0,0,0,0,1,13,1,3,12,0.161538045948934,1,0.2811561183755393,0.11961807242660527,2,0,2,0.2964143195748169,0.3882622006635516,0.5167703289109976,0.43399761878637627,0.3882622006635516,1.143625594371477,145,1.555,1.505,0.050000000000000044,0.45,-0.0167241379310345,-2.795,4.35,1.425,1.105,4,6,0.041379310344827586,1.647066751724138,1.53528,0.766143,PostGuard,6,0.38620689655172413,0.27586206896551724,0.3310344827586207,0.45999999999999996,2,0,1.1448969450851392,0.045,0.655,1.1719285,1,PostGuard,-0.44500000000000006,-1.2799310344827584,145.0,29.0,10.0,0.2896551724137931,9.0,0.3103448275862069,0.7329840378216925,5.0,0.6896551724137931,0.9116929358337286,0.2628076076541454,3.098690476190476,0.0,1.0,42.0,0.9870000000000001,0.568,1.0,0.7128456841703084,0.5010598068907929,-0.2117858772795155,1.1209511823934908,2.4,0.411278418974134,0.6846967084661648,0.8200000000000001,5,0.05438538862166653,0.8139999999999998,0.1679434428609822,5,1.0618725,0.20073131031929223,0.9039999999999999,0.1832825687292712,5,1.2079035,0.17775235543446394,0.09000000000000008,0.14603100000000002
1999,2,5,1,11,1,early,early_r9+,2,2-4,0,2,0,2,2,-2,0,0,0,0,0,2,0,0,1,0.9202163481969904,0,1.3170087077920178,0.39679235959502746,0,2,-2,2.034820655883216,2.034820655883216,1.0081985,0.1366000000000014,2.034820655883216,0.16337508491021102,53,0.875,0.81,0.06499999999999995,0.42,0.43867924528301894,0.16,0.715,0.23500000000000004,0.455,8,32,0.6037735849056604,1.915393018867925,1.92715,1.9873,Draw,5,0.3018867924528302,0.5660377358490566,0.11320754716981132,0.06499999999999995,5,0,2.5865103015823228,0.245,0.36,-0.07230999999999999,0,Hit,2.8449999999999998,1.4803773584905657,53.0,11.0,10.0,0.20754716981132076,3.0,0.2727272727272727,0.9040180587189248,4.818181818181818,0.8301886792452831,0.3705871374321858,0.12878327123867528,0.39874999999999994,0.0,1.0,8.0,0.6649999999999999,0.20999999999999996,1.0,0.06147341953784469,0.15193983446616371,0.09046641492831901,1.7985771705556377,6.6,-0.0018181818181818188,0.014499063367399334,1.0,5,0.1188546161560259,0.21499999999999994,0.15297058540778355,5,0.159013,0.1987212705839513,0.344,0.18836135484753772,5,0.335645,0.24862063648760133,0.12900000000000003,0.17663200000000004
99,4,13,1,3,1,late,late_r2-4,3,2-4,0,3,0,2,2,-2,0,0,0,0,1,1,1,1,2,0.33259525857264094,0,0.6773669126913426,0.3447716541187017,0,2,-2,0.9125965760203172,1.2229030407239645,0.939270816521341,0.46977423182725686,0.9125965760203172,0.16337508491021102,57,0.635,0.48,0.15500000000000003,-0.86,-0.5702631578947369,-1.375,2.01,1.0550000000000002,1.495,3,9,0.15789473684210525,1.4699384210526316,1.49157,1.17974,Hit,5,0.3508771929824561,0.5263157894736842,0.10526315789473684,0.15500000000000003,2,1,1.8801390535518974,0.255,0.235,0.04513,1,Hit,0.37,0.7958771929824561,57.0,12.0,10.0,0.17543859649122806,1.0,0.08333333333333333,0.9246796535245204,4.75,0.8771929824561402,0.9309138524466809,0.13801564853418788,1.659375,0.2,1.0,3.0,0.469,0.166,1.0,0.6875723560793012,0.8271716018637983,0.13959924578449717,1.3298468706622384,1.0,0.8223776223776224,0.7024849884040292,0.96,5,0.07328106654345394,0.143,0.23647410006171923,5,0.16637600000000002,0.24271366078158849,0.425,0.23478713763747797,5,0.470728,0.1612462139322968,0.28200000000000003,0.30435199999999996
964,0,8,0,8,0,mid,mid_r5-8,4,2-4,1,3,1,2,3,-1,0,0,0,0,1,3,0,1,3,0.36190999549036995,0,0.7888155829824899,0.42690558749211993,0,2,-2,0.4504449910937441,0.9548508353703564,0.8702030140316727,0.7497092415563525,0.48283363129464063,0.2450626273653165,63,-0.295,-0.38,0.08500000000000002,-1.185,-1.067142857142857,-1.59,1.2950000000000002,0.5449999999999999,0.8900000000000001,5,16,0.25396825396825395,1.9345234920634922,1.93282,1.76011,Hit,6,0.31746031746031744,0.47619047619047616,0.19047619047619047,0.14,3,1,2.4373736388350147,0.59,0.16,-1.175055,1,Hit,-0.685,0.46182539682539675,63.0,13.0,10.0,0.2857142857142857,4.0,0.3076923076923077,0.8359400997673024,4.846153846153846,0.7777777777777778,0.7531544686738086,0.15979558649939501,1.2750000000000001,0.8,0.8,1.0,-0.33699999999999997,0.042,0.8,0.32352599116466596,0.4997965319756987,0.17627054081103272,1.7863443376715562,6.0,0.4824175824175825,0.3334117341937147,0.9399999999999998,5,0.10466565714267378,0.12,0.11302654555457314,5,0.15070199999999997,0.1191188547523019,0.21200000000000002,0.14350958156165045,5,0.252044,0.15651897594221603,0.09200000000000003,0.10134200000000002
6357,7,5,1,11,1,early,early_r9+,5,5-8,2,3,2,3,5,-1,0,0,0,0,1,3,2,4,5,0.2418171591653685,1,0.2745015417971272,0.03268438263175871,1,0,1,0.3813097449602013,0.41357540848159846,0.23639607765206597,0.35328293816713013,0.41357540848159846,0.40843771227552755,75,0.895,0.87,0.025000000000000022,0.54,0.5252666666666667,0.04,0.855,0.23250000000000004,0.355,20,58,0.7733333333333333,2.034582133333333,2.03313,2.03813,Draw,6,0.32,0.4266666666666667,0.24,0.025000000000000022,6,0,2.698667948970207,0.315,0.355,-0.06181499999999995,0,Hit,0.21499999999999997,-0.0002666666666666728,75.0,15.0,10.0,0.18666666666666668,4.0,0.26666666666666666,0.8896551654806248,5.0,0.7333333333333333,0.2828016902346145,0.14980038421878294,0.4483333333333334,0.0,0.8,14.0,0.796,0.099,1.0,0.031227251089371792,0.2169305804793619,0.18570332938999012,1.8850920701353815,6.4,0.3242857142857142,0.02477049799041626,0.9400000000000001,5,0.12860299885955834,0.19799999999999995,0.12940247292845683,5,0.23485199999999998,0.1481149126776234,0.19499999999999995,0.11022703842524305,5,0.228564,0.128627109380177,-0.0030000000000000027,-0.006287999999999988
632,7,12,0,4,0,late,late_r2-4,6,5-8,3,3,3,3,6,0,0,0,0,0,1,3,3,4,6,0.28975744541398935,0,0.33503120977156914,0.04527376435757979,0,2,-2,0.4478866076183129,0.5279734740526503,0.4607324105114233,0.35158354941922726,0.5279734740526503,0.490125254730633,81,-0.195,-0.215,0.01999999999999999,-1.085,-1.0645679012345677,-2.115,1.9200000000000002,0.4800000000000001,0.8899999999999999,6,16,0.19753086419753085,1.7162154320987653,1.71694,1.67838,Draw,6,0.2962962962962963,0.3950617283950617,0.2962962962962963,0.01999999999999999,3,0,2.3350059029213264,0.54,0.135,-1.03419,1,Draw,0.95,0.4146913580246913,81.0,17.0,10.0,0.2716049382716049,6.0,0.35294117647058826,0.7783229894721307,4.764705882352941,0.6666666666666666,0.5720764640579064,0.22923609722655341,1.7899999999999998,0.2,1.0,12.0,-0.23500000000000001,0.039999999999999994,0.2,0.45202823650798757,0.4966527201262342,0.04462448361824652,1.517686280754409,8.4,0.48774509803921573,0.46086374266721375,0.9399999999999998,5,0.059377297247985586,0.29999999999999993,0.25973544232545553,5,0.36939700000000003,0.2139628125866735,0.03999999999999992,0.022360679774997852,5,0.1385800000000001,0.07746857508048026,-0.26,-0.23081699999999994
3130,2,11,1,5,1,mid,mid_r5-8,7,5-8,3,4,3,4,7,-1,0,0,0,0,1,4,3,5,7,0.35879523254915296,0,0.38154951589570846,0.022754283346555493,0,3,-3,0.3038567019517567,0.41420105555462633,0.2631215637369867,0.590848498486088,0.41420105555462633,0.5718127971857385,91,1.315,1.175,0.1399999999999999,0.365,0.40928571428571425,-0.19,1.505,0.455,0.95,3,13,0.14285714285714285,1.741156043956044,1.74929,1.43728,Freeze,6,0.3516483516483517,0.37362637362637363,0.26373626373626374,0.23499999999999988,4,0,2.2241255678886978,0.16,0.475,0.59636,1,Freeze,0.5399999999999999,2.2574175824175824,91.0,19.0,10.0,0.2857142857142857,9.0,0.47368421052631576,0.7684762083486606,4.7894736842105265,0.6483516483516484,0.6008247610668886,0.2063346166268422,0.75,0.0,1.0,10.0,0.9810000000000001,0.3339999999999999,1.0,0.35426954999140586,0.37939853005190916,0.025128980060503264,1.5719452854582845,4.4,0.3572379489451829,0.3220456004498655,0.9800000000000001,5,0.1644400697526953,0.619,0.3241604540964243,5,0.7516499999999999,0.37302612470509344,0.7599999999999999,0.25668560536189017,5,0.9208679999999999,0.27586930888103506,0.1409999999999999,0.16921799999999998
2941,4,13,1,3,1,late,late_r2-4,12,9-12,7,5,6,5,11,1,1,0,1,1,1,5,6,5,10,0.2369321152250174,1,0.2745580709722456,0.03762595574722821,2,0,2,0.31805052320914495,0.5104981338384967,0.570896176767283,0.8407215364643645,0.4267828687928797,0.8985629670061606,125,1.365,1.26,0.10499999999999998,0.29,0.30876,-0.625,1.99,0.31,1.075,5,11,0.088,1.5522820000000002,1.5446,1.08249,PreGuard,7,0.32,0.336,0.336,0.10499999999999998,3,0,1.4774856589585732,0.14,0.635,0.823755,1,PreGuard,-0.635,-1.3188000000000002,125.0,25.0,10.0,0.28,12.0,0.48,0.7509011799891063,5.0,0.696,0.6366138332828624,0.20771793237886702,1.3943750000000001,0.2,1.0,24.0,1.089,0.27599999999999997,1.0,0.3641448420157662,0.5882488065713364,0.22410396455557016,1.275866617945796,4.0,0.557840928762922,0.32188942953037303,0.8800000000000001,5,0.14078971123908846,1.3050000000000002,0.03354101966249685,5,1.617005,0.015746146353949587,1.29,0.0,5,1.611485,0.007166597867886784,-0.015000000000000124,-0.005519999999999969
6374,0,11,1,5,1,mid,mid_r5-8,10,9-12,5,5,5,5,10,0,0,0,0,0,1,6,4,6,9,0.1672493061300995,0,0.24110000912691604,0.07385070299681654,0,2,-2,0.31178982687701634,0.3907161063602181,0.3094211609412543,0.5812611603229656,0.3907161063602181,0.8168754245510551,113,1.54,1.19,0.3500000000000001,-0.665,-0.5029646017699115,-1.19,2.73,0.45499999999999996,2.205,1,3,0.02654867256637168,1.9015834513274337,1.88053,2.19281,Hit,6,0.35398230088495575,0.3185840707964602,0.3185840707964602,1.62,1,1,2.8683327539349923,0.245,0.515,0.44359499999999996,1,Hit,0.04499999999999993,1.1100442477876107,113.0,23.0,10.0,0.24778761061946902,8.0,0.34782608695652173,0.741230492721555,4.913043478260869,0.7168141592920354,0.8306973311722011,0.18055229641970774,2.3449999999999998,0.2,1.0,4.0,1.029,0.511,0.2,0.38054654360668805,0.6046661401531768,0.22411959654648878,1.8046134248415235,4.0,0.6196990250204485,0.38232972134195525,0.9,5,0.09564783968734668,1.1720000000000002,0.3621394758929216,5,1.151853,0.307927789903737,1.106,0.04655641738793895,5,1.0832419999999998,0.012148486325464464,-0.06600000000000006,-0.0686110000000002
156,7,14,0,2,0,late,late_r2-4,14,13-16,7,7,7,7,14,0,0,0,0,0,1,9,5,6,12,0.08285630542336189,1,0.3028276359977735,0.21997133057441162,1,0,1,0.31534376330412633,0.4234551971507593,0.4370573250842874,0.6734332617343793,0.4234551971507593,1.143625594371477,145,1.105,1.1,0.004999999999999893,0.25,0.29051724137931034,-1.485,2.59,0.485,0.855,9,34,0.23448275862068965,1.1154813172413793,1.15064,1.00696,Hit,6,0.38620689655172413,0.27586206896551724,0.3310344827586207,0.16999999999999993,5,1,1.4704763204697695,0.085,0.21,0.7474000000000001,0,PostGuard,-0.08499999999999996,-0.6078620689655173,145.0,29.0,10.0,0.2896551724137931,11.0,0.3793103448275862,0.7429633052193106,5.0,0.6620689655172414,0.6574961398756618,0.25070787710432546,2.535,0.0,0.0,5.0,0.744,0.36100000000000004,0.0,0.4946569322290476,0.40944963657778377,-0.08520729565126392,0.926675311345709,19.0,0.3914547278183806,0.49024404711939706,0.9199999999999999,5,0.0545232924769891,0.6449999999999999,0.17888543819998318,5,0.9081410000000002,0.2120932837338326,0.565,0.0,5,0.8132900000000001,0.0,-0.07999999999999996,-0.09485100000000013
1570,1,4,0,12,0,early,early_r9+,2,2-4,1,1,1,1,2,0,0,0,0,0,0,0,2,2,2,0.20443595550685148,1,0.3582745026163556,0.1538385471095041,1,0,1,0.35033115032637213,0.35033115032637213,0.1471665,0.09499999999999886,0.35033115032637213,0.16337508491021102,49,-0.32,-0.325,0.0050000000000000044,-0.62,-0.6302040816326531,-1.015,0.6949999999999998,0.21499999999999997,0.3,17,41,0.8367346938775511,1.94232693877551,1.95867,1.9307,Draw,6,0.16326530612244897,0.5714285714285714,0.24489795918367346,0.0050000000000000044,6,0,2.6467196177604224,0.58,0.165,-1.28535,1,Draw,-1.32,-1.749795918367347,49.0,10.0,10.0,0.20408163265306123,1.0,0.1,0.9299503184750287,4.9,0.7959183673469388,0.1518190647117449,0.1503407609007932,0.21750000000000003,0.0,1.0,8.0,-0.4149999999999999,0.09499999999999999,1.0,-0.040231402979517814,-0.07704009767643347,-0.03680869469691565,1.8658552754617534,6.4,-0.039999999999999994,0.016980816235171663,1.0,5,0.4481131072952129,0.22799999999999992,0.18896428233928236,5,0.1989329999999999,0.22693241002554043,0.23099999999999996,0.101943611864599,5,0.24443899999999993,0.08708347205411593,0.0030000000000000304,0.045506000000000046
7117,6,12,0,4,0,late,late_r2-4,3,2-4,2,1,1,1,2,0,0,0,0,0,1,2,0,1,1,0.2212969964210978,0,1.5339474361594025,1.3126504397383048,0,1,-1,1.5792751663421436,1.6664632160736061,1.3468367518642421,0.22951241070292377,1.5792751663421436,0.16337508491021102,49,-0.14,-0.185,0.044999999999999984,-1.365,-1.1603061224489797,-1.68,1.54,0.78,1.225,2,10,0.20408163265306123,1.2976826530612244,1.27922,1.36396,Hit,6,0.16326530612244897,0.5714285714285714,0.24489795918367346,0.43499999999999994,2,1,1.868988803729021,0.59,0.14,-0.82198,1,Hit,-2.055,-0.6512244897959184,49.0,10.0,10.0,0.24489795918367346,3.0,0.3,0.8549591941439532,4.9,0.7959183673469388,0.7533191595405556,0.18522898705059415,1.1166666666666665,0.2,1.0,6.0,-0.294,0.154,1.0,0.513081421969001,0.7152521808332929,0.20217075886429203,1.2875980997442527,1.6,0.738181818181818,0.5391785295988447,1.0,5,0.13141051643861804,0.22699999999999995,0.19841874911408955,5,0.18233199999999994,0.1464529804920337,0.15399999999999997,0.17209735616795516,5,0.1345649999999999,0.12112580582807286,-0.07299999999999998,-0.04776700000000003
6164,7,6,0,10,0,mid,early_r9+,2,2-4,1,1,1,1,2,0,0,0,0,0,1,2,0,1,2,0.3337644597556788,1,1.0247903837560182,0.6910259240003394,1,0,1,1.011373114181707,1.011373114181707,0.13920155,0.4861499999999985,1.011373114181707,0.16337508491021102,49,-0.25,-0.295,0.044999999999999984,-0.595,-0.5826530612244898,-0.93,0.68,0.26999999999999996,0.345,18,40,0.8163265306122449,1.933373469387755,1.92379,1.88613,Hit,6,0.16326530612244897,0.5714285714285714,0.24489795918367346,0.044999999999999984,6,1,2.547136756401684,0.56,0.18,-1.193065,1,Hit,-0.82,-1.6355102040816327,49.0,10.0,10.0,0.24489795918367346,1.0,0.1,0.9174063126702162,4.9,0.7551020408163265,0.20637630190669481,0.15827273593480734,0.2385714285714285,0.0,1.0,7.0,-0.361,0.11099999999999999,1.0,-0.06943644343441568,-0.3204383931207496,-0.25100194968633394,1.8145666781462513,5.2,-0.3333333333333333,-0.050596783891846187,1.0,5,0.23177314718044417,0.35,0.21313141485947118,5,0.31544799999999995,0.1886785268850168,0.34199999999999997,0.11665118944957228,5,0.32972399999999985,0.12167466999133379,-0.008000000000000007,0.0142759999999999
4376,5,5,1,11,1,early,early_r9+,5,5-8,2,3,2,3,5,-1,0,0,0,0,1,4,1,4,5,0.08965228874763946,0,0.3097153990424122,0.2200631102947727,0,2,-2,0.3456779657364514,0.3867023723998365,0.1408322340698975,0.39275051928673504,0.3867023723998365,0.40843771227552755,75,0.9,0.845,0.05500000000000005,0.205,0.20866666666666667,-0.22,1.12,0.29750000000000004,0.6950000000000001,3,16,0.21333333333333335,2.039916266666667,2.05031,1.96469,Hit,6,0.32,0.4266666666666667,0.24,0.42500000000000004,3,1,2.6623843547399675,0.315,0.37,-0.082345,1,Hit,1.82,2.0076000000000005,75.0,15.0,10.0,0.30666666666666664,7.0,0.4666666666666667,0.7272821524554033,5.0,0.6533333333333333,0.49327680877017455,0.16739567717527565,0.65,0.2,1.0,4.0,0.7209999999999999,0.17900000000000005,0.6,0.16880867899129265,0.346622970254693,0.17781429126340037,1.839885916128138,4.2,0.34142857142857136,0.1381380584470713,0.9,5,0.15778834922976748,0.49800000000000005,0.2400676987851552,5,0.458697,0.26830259541700296,0.32300000000000006,0.2661672406589512,5,0.27097899999999997,0.2788932815926192,-0.175,-0.18771800000000005
4444,0,12,0,4,0,late,late_r2-4,6,5-8,3,3,2,3,5,-1,0,0,0,0,1,2,3,3,4,0.17143329105223376,1,0.31387386396608485,0.1424405729138511,1,0,1,0.3340145692930194,0.8635053407942109,1.0718767471733146,0.4483788294759496,0.673505657584159,0.40843771227552755,75,-0.345,-0.395,0.050000000000000044,-0.905,-0.9302,-1.64,1.295,0.28749999999999987,0.56,5,31,0.41333333333333333,1.7246906666666666,1.7258,1.60187,Draw,6,0.32,0.4266666666666667,0.24,0.11500000000000005,5,0,2.183561038537683,0.525,0.08,-1.145935,1,Draw,-1.345,-1.5351333333333335,75.0,15.0,10.0,0.29333333333333333,4.0,0.26666666666666666,0.8142525689621888,5.0,0.6933333333333334,0.726378644408642,0.143155469743825,0.95,0.2,1.0,14.0,-0.556,0.21100000000000002,1.0,0.2212314594058098,0.3091774984154545,0.0879460390096447,1.5890881806812736,5.6,0.1543170062007711,0.1986200970989686,0.9,5,0.08369033587480622,0.8619999999999999,0.35329874044496684,5,0.976157,0.4111860682464813,0.9199999999999999,0.22360679774997896,5,1.0446719999999998,0.2579818707680832,0.05800000000000005,0.06851499999999977
5083,5,6,0,10,0,mid,early_r9+,6,5-8,3,3,3,3,6,0,0,0,0,0,1,3,3,6,6,0.0190400458321399,1,0.31008666666983903,0.2910466208376991,1,0,1,0.3088541703253488,0.3909313098854055,0.2720002429812727,0.34628461158737883,0.3909313098854055,0.490125254730633,81,-0.245,-0.255,0.010000000000000009,-0.755,-0.7453703703703703,-1.22,0.975,0.29000000000000004,0.51,12,39,0.48148148148148145,2.023844444444444,2.01323,2.01121,PostGuard,6,0.2962962962962963,0.3950617283950617,0.2962962962962963,0.09000000000000002,5,0,2.664636097197914,0.54,0.2,-1.2506050000000002,1,PostGuard,-1.245,-1.4439506172839505,81.0,17.0,10.0,0.22222222222222224,4.0,0.23529411764705882,0.8738273562381895,4.764705882352941,0.7037037037037037,0.3775741679970061,0.16349961507103375,0.5599999999999999,0.0,0.4,18.0,-0.45599999999999996,0.211,0.2,0.10623369159002279,0.02356225574985583,-0.08267143584016694,1.8368057643450744,10.0,-0.026960784313725495,0.10366815962223108,0.8800000000000001,5,0.2510671395508243,0.43599999999999994,0.21087318463948898,5,0.49516899999999975,0.19964596894878692,0.524,0.13520355024924463,5,0.5500669999999998,0.18442288922473796,0.08800000000000008,0.054898
894,4,13,1,3,1,late,late_r2-4,9,9-12,3,6,3,5,8,-2,0,0,0,0,1,6,2,3,5,0.24522121675681374,1,0.3478679739800713,0.10264675722325756,2,0,2,0.3264562020812148,0.7618548380636359,1.0257727283814926,0.7797367159322687,0.7466405361033029,0.6535003396408441,105,2.14,1.995,0.14500000000000002,1.31,1.2635714285714288,-0.245,2.3850000000000002,0.33999999999999986,0.8300000000000001,4,15,0.14285714285714285,1.3560674476190475,1.32279,1.20433,Draw,6,0.41904761904761906,0.34285714285714286,0.22857142857142856,0.14500000000000002,5,0,2.129241914738375,0.055,0.76,1.5378350000000003,1,Draw,-0.29499999999999993,-0.5149047619047619,105.0,21.0,10.0,0.19047619047619047,6.0,0.2857142857142857,0.814281352832128,5.0,0.7047619047619048,0.7300199184004872,0.1877252693082864,2.3425000000000002,1.0,1.0,1.0,2.14,0.0,1.0,0.34324022436358,0.4811367601441708,0.13789653578059072,1.2754990731259421,3.6,0.48849138031176215,0.31542168779466406,0.9800000000000001,5,0.13715769762401273,0.562,0.6770395114023997,5,0.6821330000000001,0.7432341700769683,0.42200000000000004,0.16540102780817295,5,0.6291500000000002,0.24550092041578989,-0.14,-0.05298299999999989
8445,1,11,1,5,1,mid,mid_r5-8,9,9-12,5,4,5,4,9,1,0,0,0,0,1,6,3,4,8,0.26772963238851627,1,0.42741593351792617,0.1596863011294099,3,0,3,0.3093307610550396,0.4877185638118439,0.4518037795388539,0.584313656257399,0.4877185638118439,0.7351878820959495,103,2.34,2.31,0.029999999999999805,1.6,1.5166504854368932,0.44,1.9,0.355,0.7399999999999998,5,17,0.1650485436893204,1.8692620388349515,1.84905,1.70716,PostGuard,6,0.3106796116504854,0.3300970873786408,0.34951456310679613,0.10999999999999988,5,0,2.6179274708183224,0.09,0.73,1.4864199999999999,1,PostGuard,-0.6600000000000001,-1.2083495145631067,103.0,21.0,10.0,0.2524271844660194,9.0,0.42857142857142855,0.7442960931875153,4.904761904761905,0.6796116504854369,0.682744542388883,0.20499396132620135,1.415,0.0,1.0,19.0,1.9629999999999999,0.37699999999999995,0.6,0.3397086890248645,0.5990832727169234,0.25937458369205896,1.7784459902789582,5.4,0.5906493506493506,0.3618644381342363,0.9,5,0.04342718739072324,0.6209999999999999,0.2795845131619418,5,0.6753599999999998,0.2506028815177512,0.7769999999999999,0.3402682765113433,5,0.8423529999999999,0.36525286671701823,0.15600000000000003,0.16699300000000006
7871,7,15,1,1,1,late,r1,15,13-16,8,7,8,7,15,1,0,0,0,0,1,9,6,8,12,0.20682640063589564,0,0.2478529396557551,0.041026539019859476,0,1,-1,0.30697755129813664,0.4144003065248703,0.3776885454961956,0.7151660620210295,0.4144003065248703,1.2253131368265826,151,3.185,3.095,0.08999999999999986,-0.985,-0.4807284768211921,-1.0,4.1850000000000005,0.8075,4.17,2,2,0.013245033112582781,0.4927760794701987,0.198997,1.37869,Hit,6,0.3708609271523179,0.26490066225165565,0.3576158940397351,2.73,1,1,2.2642828944917412,0.03,0.885,2.495655,1,Hit,0.0,0.0,151.0,31.0,10.0,0.8013245033112583,30.0,0.967741935483871,0.3419626486511174,4.870967741935484,0.5695364238410596,0.0864678226821785,0.937655513591151,0.6478512396694215,0.0,1.0,121.0,2.485,0.7000000000000002,1.0,0.6655071230311331,0.7187952884282609,0.053288165397127774,0.042540167222471774,1.0,0.7187952884282609,0.664544463681878,1.0,5,0.0,0.7000000000000002,0.0,5,0.9540250000000003,0.0,0.7000000000000002,0.0,5,0.9540250000000003,0.0,0.0,0.0
8198,0,4,0,12,0,early,early_r9+,3,2-4,1,2,1,2,3,-1,0,0,0,0,1,1,2,2,2,0.08192252671494146,0,0.36484834606312894,0.2829258193481875,0,1,-1,0.4440722927276175,0.8109728044150817,0.7901915672848453,0.19521860111736894,0.8109728044150817,0.2450626273653165,59,-0.365,-0.375,0.010000000000000009,-0.76,-0.781864406779661,-1.335,0.97,0.22750000000000004,0.395,10,43,0.7288135593220338,2.032356949152543,2.01588,1.88727,Hit,6,0.2711864406779661,0.5084745762711864,0.2033898305084746,0.135,5,1,2.604768440969862,0.595,0.175,-1.308635,1,Hit,0.635,-0.0821186440677966,59.0,12.0,10.0,0.13559322033898305,1.0,0.08333333333333333,0.9603234645720283,4.916666666666667,0.7627118644067796,0.36802759022499404,0.1343485722683136,0.5283333333333332,0.0,1.0,6.0,-0.572,0.207,0.4,-0.031456883955212935,-0.08108106516977875,-0.04962418121456582,1.9932122649762143,7.0,-0.11748251748251752,-0.05170370831425305,0.96,5,0.42719485574298355,0.387,0.12347064428438044,5,0.46340000000000003,0.13498691691234377,0.429,0.14423938435808725,5,0.5207879999999999,0.17385305884568147,0.04199999999999998,0.057387999999999884
6829,6,13,1,3,1,late,late_r2-4,2,2-4,0,2,0,2,2,-2,0,0,0,0,1,2,0,1,2,0.5841687809847066,0,0.8012909691341843,0.2171221881494777,0,2,-2,0.9119164082578832,0.9119164082578832,0.4089193,0.20169999999999888,0.9119164082578832,0.16337508491021102,53,0.45,0.35,0.10000000000000003,-0.72,-0.6121698113207548,-1.5,1.95,0.8049999999999999,1.17,5,9,0.16981132075471697,1.4580609433962262,1.50834,1.30671,Hit,5,0.3018867924528302,0.5660377358490566,0.11320754716981132,0.23500000000000001,2,1,1.7916153663285412,0.3,0.18,-0.203355,1,Hit,1.44,0.9750943396226414,53.0,11.0,10.0,0.1509433962264151,3.0,0.2727272727272727,0.9200220637046872,4.818181818181818,0.8113207547169811,0.8538781605594311,0.1815565890621766,1.4800000000000002,0.4,1.0,6.0,0.357,0.09300000000000001,1.0,0.6269537843865264,0.816284581013884,0.18933079662735772,1.3910342696728157,1.2,0.823997098011761,0.6394388549152069,0.96,5,0.058599885152643034,0.179,0.15553938408004578,5,0.17988899999999997,0.19395711063918228,0.33,0.0,5,0.4472949999999999,0.0,0.15100000000000002,0.2674059999999999
4702,2,8,0,8,0,mid,mid_r5-8,3,2-4,2,1,1,1,2,0,0,0,0,0,1,1,1,2,2,0.34088950059409096,0,0.37229401451138094,0.03140451391728999,0,1,-1,0.618737871331381,1.0137992327639802,0.912025884763267,0.3006615964095763,0.618737871331381,0.16337508491021102,49,-0.045,-0.225,0.18,-0.855,-0.786734693877551,-1.245,1.2000000000000002,0.355,0.8099999999999999,3,10,0.20408163265306123,1.7613028571428573,1.76057,1.91128,Draw,6,0.16326530612244897,0.5714285714285714,0.24489795918367346,0.445,3,0,2.5680255496361832,0.515,0.19,-1.00064,1,Draw,-0.53,-0.15438775510204084,49.0,10.0,10.0,0.2857142857142857,4.0,0.4,0.8323117961358444,4.9,0.7551020408163265,0.5496853491625013,0.175796548111081,0.9349999999999999,1.0,1.0,1.0,-0.045,0.0,1.0,0.23483541495613852,0.3459678950698767,0.11113248011373818,1.6381591706625045,5.0,0.27757575757575753,0.22080389413081747,1.0,5,0.4887193891414154,0.483,0.20145098659475458,5,0.399338,0.19300416846534688,0.6279999999999999,0.23058620947489464,5,0.544211,0.26210612989779536,0.1449999999999999,0.14487299999999997
4058,3,5,1,11,1,early,early_r9+,5,5-8,3,2,3,2,5,1,0,0,0,0,1,3,2,3,5,0.10995631634426478,1,0.25332781600292004,0.14337149965865525,1,0,1,0.2962460501313231,0.45900186403524473,0.23845316458683957,0.45810116349994257,0.45900186403524473,0.40843771227552755,71,0.985,0.935,0.04999999999999993,0.64,0.6196478873239437,0.12,0.865,0.2525,0.345,19,55,0.7746478873239436,2.005121549295774,2.00234,1.97352,Hit,6,0.22535211267605634,0.4225352112676056,0.3380281690140845,0.04999999999999993,6,1,2.6792097755471835,0.315,0.385,-0.0017599999999999838,1,Hit,-0.42000000000000004,-0.4353521126760564,71.0,15.0,10.0,0.2535211267605634,5.0,0.3333333333333333,0.8545539727353347,4.733333333333333,0.7464788732394366,0.4611235183663564,0.1254015271736545,0.48583333333333345,0.0,1.0,6.0,0.8800000000000001,0.10499999999999995,0.4,0.08778126158755009,0.1796108895818709,0.09182962799432079,1.8832787084122775,3.6,0.16754119037798293,0.06049494392058709,0.9399999999999998,5,0.2516265182288848,0.253,0.16965405978048392,5,0.23353399999999996,0.14395094964952476,0.209,0.07334848328356895,5,0.23450699999999997,0.08107047124261706,-0.04400000000000001,0.0009730000000000016
7591,4,13,1,3,1,late,late_r2-4,8,5-8,4,4,4,4,8,0,0,0,0,0,1,4,4,3,7,0.03654506647975652,1,0.3226430069039153,0.28609794042415876,3,0,3,0.3591807446654235,0.5195724087684908,0.41975348285819924,0.7478727816279988,0.5195724087684908,0.6535003396408441,97,3.245,3.175,0.07000000000000028,2.19,2.2296907216494843,0.63,2.615,0.7600000000000002,1.0550000000000002,5,21,0.21649484536082475,1.29611106185567,1.31697,1.07934,PostGuard,6,0.32989690721649484,0.35051546391752575,0.30927835051546393,0.30500000000000016,4,0,1.974377028288004,0.005,0.905,2.70533,1,PostGuard,0.2450000000000001,-0.745257731958763,97.0,20.0,10.0,0.24742268041237114,6.0,0.3,0.8363572247418176,4.85,0.7422680412371134,0.6514205826252147,0.2934457403589435,2.1075,0.4,1.0,24.0,3.1060000000000003,0.13900000000000015,0.6,0.5760203926552045,0.655154854763315,0.0791344621081104,1.2667836522556088,4.8,0.626766917293233,0.5447693253817951,0.9,5,0.061060107681782286,0.4120000000000001,0.3905220864432638,5,0.46976690000000004,0.45133572310620407,0.7060000000000002,0.30461861400774576,5,0.8150920000000001,0.3147866171432643,0.2940000000000001,0.3453251000000001
1445,7,8,0,8,0,mid,mid_r5-8,5,5-8,3,2,3,1,4,2,0,0,0,0,1,2,2,2,3,0.06651779277945057,0,0.49123346772079507,0.4247156749413445,0,1,-1,0.5415905486899176,0.9572128644953434,0.7804004880124307,0.7584751924750065,0.7712899929551437,0.32675016982042204,65,-0.23,-0.405,0.17500000000000002,-0.72,-0.7003076923076923,-0.99,0.76,0.20999999999999996,0.49,6,36,0.5538461538461539,1.8033276923076924,1.7983,1.71088,Draw,6,0.18461538461538463,0.4307692307692308,0.36923076923076925,0.19499999999999998,6,0,2.376559345850683,0.58,0.145,-1.08544,1,Draw,0.345,-0.01338461538461538,65.0,13.0,10.0,0.24615384615384617,2.0,0.15384615384615385,0.8812850289840422,5.0,0.7384615384615385,0.48341244977560754,0.106499800092161,0.40999999999999986,0.2,1.0,7.0,-0.4040000000000001,0.17400000000000002,0.8,0.04460737151806164,-0.053455660628980065,-0.0980630321470417,1.7506985578183774,3.8,0.04615384615384617,0.08957792666050808,0.9400000000000001,5,0.16131171091754853,0.28300000000000003,0.19791412279066897,5,0.34205399999999997,0.23549483591471815,0.315,0.21374634499799056,5,0.37937999999999994,0.23591943452691638,0.03199999999999997,0.03732599999999997
5373,5,13,1,3,1,late,late_r2-4,10,9-12,5,5,4,5,9,-1,0,0,0,0,1,6,3,5,8,0.28017059857165594,1,0.322056828477521,0.04188622990586505,2,0,2,0.2979577550116133,0.5371267407863465,0.7370516686413456,0.5484812412471374,0.4364135400367702,0.7351878820959495,107,1.945,1.845,0.10000000000000009,1.015,1.0153271028037383,-0.515,2.46,0.645,0.9300000000000002,7,21,0.19626168224299065,1.5724235981308416,1.5433,1.18405,Freeze,6,0.37383177570093457,0.3364485981308411,0.2803738317757009,0.10000000000000009,4,0,2.0470134718468516,0.05,0.705,1.352975,1,Freeze,-0.03499999999999992,0.1558411214953271,107.0,22.0,10.0,0.3364485981308411,9.0,0.40909090909090906,0.7328179039342899,4.863636363636363,0.6635514018691588,0.6689628325083826,0.2692206259423032,2.185,0.0,1.0,8.0,1.6920000000000002,0.2530000000000001,1.0,0.4716715870368714,0.5163651315988533,0.04469354456198198,1.4568346694192738,4.8,0.47178635404590474,0.465716210010415,0.8800000000000001,5,0.06305045968926677,1.083,0.6177641135579178,5,1.4793470000000002,0.9895429229927322,0.30500000000000005,0.1457309164178967,5,0.37550700000000004,0.08858963925030965,-0.7779999999999999,-1.1038400000000002
5423,3,9,1,7,1,mid,mid_r5-8,9,9-12,5,4,5,4,9,1,0,0,0,0,1,6,3,5,8,0.0999476808599864,0,0.27028280762934004,0.17033512676935364,0,1,-1,0.324464548194853,0.400845456490521,0.41601767201734335,0.4808163174343298,0.400845456490521,0.7351878820959495,103,0.97,0.83,0.14,0.025,0.08922330097087378,-0.7,1.67,0.595,0.945,5,21,0.20388349514563106,1.9454022330097087,1.9402,2.27796,Hit,6,0.3106796116504854,0.3300970873786408,0.34951456310679613,0.235,3,1,2.8811412179301614,0.365,0.39,-0.140965,0,Hit,1.97,1.0580097087378644,103.0,21.0,10.0,0.3300970873786408,9.0,0.42857142857142855,0.6999308383447341,4.904761904761905,0.6893203883495146,0.5567897871896083,0.22710726163862907,1.2,0.0,0.8,6.0,0.756,0.21399999999999997,0.4,0.2526840543658269,0.08894586466330329,-0.16373818970252363,1.736453549912922,8.8,0.16403909392574825,0.25236715570751783,0.86,5,0.20259891572756725,0.26799999999999996,0.07379024325749307,5,0.13179199999999996,0.1101755413873696,0.469,0.2789578821255997,5,0.3201379999999999,0.2749319405234684,0.201,0.18834599999999996
1644,5,15,1,1,1,late,r1,13,13-16,7,6,7,6,13,1,0,0,0,0,1,9,4,5,13,0.3332029852747407,0,0.37667759827337766,0.043474612998636974,0,1,-1,0.36022243550478483,0.39210647891616396,0.41575662515511025,0.5393529827487745,0.39210647891616396,1.0619380519163715,135,-0.35,-0.595,0.245,-1.0,-1.1592592592592592,-2.635,2.2849999999999997,0.022499999999999964,0.65,2,4,0.02962962962962963,0.24711384222222224,0.0,1.16512,Draw,6,0.35555555555555557,0.2814814814814815,0.35555555555555557,0.245,2,0,1.0314262700780112,0.755,0.16,-0.93256,1,Draw,0.0,0.0,135.0,27.0,10.0,0.8074074074074075,26.0,0.962962962962963,0.33904765103143236,5.0,0.5481481481481482,0.042346435157177086,0.4116494490665058,0.1972477064220184,0.0,1.0,109.0,-1.0,0.65,0.0,0.6400247517268296,1.0,0.3599752482731704,0.02166140326266969,27.0,1.0,0.7269471456659002,1.0,5,0.0,0.65,0.0,5,0.06744,0.0,0.65,0.0,5,0.06744,0.0,0.0,0.0
6839,5,3,1,13,1,early,early_r9+,3,2-4,2,1,2,1,3,1,0,0,0,0,1,1,2,2,3,0.43080245215643986,0,0.4490406089249538,0.018238156768513925,0,1,-1,0.4127931115222816,0.5674820624030841,0.07865007058383497,0.5179431049835505,0.5674820624030841,0.2450626273653165,55,1.225,1.075,0.15000000000000013,0.73,0.7384545454545456,0.34,0.885,0.2450000000000001,0.4950000000000001,4,28,0.509090909090909,2.0220896363636367,2.02084,2.29878,Draw,6,0.14545454545454545,0.509090909090909,0.32727272727272727,0.15000000000000013,5,0,2.9640077034895786,0.31,0.445,0.07561000000000018,1,Draw,2.225,1.1258181818181818,55.0,11.0,10.0,0.2545454545454545,2.0,0.18181818181818182,0.8718080997727042,5.0,0.7090909090909091,0.4343553009096498,0.12759848353245365,0.3817857142857144,0.2,1.0,4.0,1.066,0.15900000000000009,0.8,0.09269664823729958,0.09727894683092378,0.004582298593624218,1.940559174468102,6.2,0.14363636363636362,0.08761335327554823,0.96,5,0.22859185685036013,0.29100000000000004,0.1671601028953979,5,0.1994900000000001,0.11981624743748245,0.406,0.14707141122597558,5,0.3058000000000002,0.10899315167706645,0.11499999999999999,0.10631000000000007
1063,2,15,1,1,1,late,r1,3,2-4,2,1,2,1,3,1,0,0,0,0,1,2,1,0,1,0.6467584578503786,0,1.410477664602687,0.7637192067523085,0,1,-1,1.555931138030999,1.6832585699172364,0.976353317925118,0.5934109668312137,1.6832585699172364,0.2450626273653165,55,1.905,1.895,0.010000000000000009,-1.0,-0.4790909090909091,-1.0,2.9050000000000002,0.905,2.9050000000000002,2,2,0.03636363636363636,0.19542269090909092,0.0,0.293215,Hit,6,0.14545454545454545,0.509090909090909,0.32727272727272727,0.9550000000000001,1,1,0.4529425481872832,0.0,0.905,1.7583925,1,Hit,0.0,0.0,55.0,11.0,10.0,0.8181818181818181,10.0,0.909090909090909,0.3723228275544189,5.0,0.6545454545454545,0.07744879454510481,0.9369548785530946,0.6366666666666667,1.0,1.0,45.0,1.905,0.0,1.0,0.8989497662493223,1.0,0.10105023375067768,0.10524457598085743,1.0,1.0,0.8989497662493223,1.0,5,0.0,0.0,0.0,5,0.0,0.0,0.0,0.0,5,0.0,0.0,0.0,0.0
3774,5,6,0,10,0,mid,early_r9+,4,2-4,2,2,2,2,4,0,0,0,0,0,1,1,3,4,4,0.13252577156779716,0,0.31450039624935183,0.18197462468155468,0,1,-1,0.3556279306030393,0.37186904728485687,0.13811665151677946,0.35056569641081375,0.37186904728485687,0.32675016982042204,65,-0.215,-0.29,0.07499999999999998,-0.625,-0.6194615384615385,-1.15,0.9349999999999999,0.24,0.41000000000000003,15,48,0.7384615384615385,1.9253293846153847,1.91749,1.9154,PostGuard,6,0.24615384615384617,0.46153846153846156,0.27692307692307694,0.07499999999999998,6,0,2.5816681848928194,0.53,0.18,-1.1727,1,PostGuard,0.785,-0.07438461538461537,65.0,13.0,10.0,0.21538461538461542,3.0,0.23076923076923078,0.8433424776927566,5.0,0.6615384615384615,0.39023708447253036,0.13264796981223206,0.5643749999999998,0.0,1.0,14.0,-0.374,0.159,1.0,-0.031073579085883374,-0.08744128763480163,-0.05636770854891826,1.8102019372608869,7.0,-0.22857142857142856,-0.060873575051193576,0.9199999999999999,5,0.15813367641431006,0.42400000000000004,0.24853068221046676,5,0.40618099999999985,0.20275906876758928,0.39899999999999997,0.2641590430025064,5,0.40890699999999985,0.22860055770382548,-0.025000000000000078,0.002726000000000006
7844,2,5,1,11,1,early,early_r9+,5,5-8,3,2,3,2,5,1,0,0,0,0,1,3,2,3,5,0.2049086315101788,0,0.3063988654417844,0.10149023393160561,0,1,-1,0.505225434965545,0.5272542892824309,0.3129703152840066,0.4242387676768833,0.5272542892824309,0.40843771227552755,71,1.02,1.0,0.020000000000000018,0.545,0.5602112676056339,0.205,0.8150000000000001,0.3075,0.475,10,39,0.5492957746478874,2.0299918309859155,2.03283,1.99489,Draw,6,0.22535211267605634,0.4225352112676056,0.3380281690140845,0.020000000000000018,5,0,2.6896410009697655,0.28,0.41,0.030464999999999964,0,Hit,0.31000000000000005,1.099295774647887,71.0,15.0,10.0,0.2535211267605634,5.0,0.3333333333333333,0.8640248009803069,4.733333333333333,0.704225352112676,0.39341926086785356,0.15955589652328597,0.5549999999999999,0.2,0.8,5.0,0.93,0.09000000000000001,0.4,0.13127944376821438,0.1708440319131374,0.039564588144923044,1.906223176909047,7.4,0.1457142857142857,0.14483759259337953,0.9400000000000001,5,0.33952929987423114,0.32399999999999995,0.2047376369893919,5,0.384731,0.16682386656291115,0.22699999999999995,0.15437778337571761,5,0.275062,0.12860393644830623,-0.097,-0.10966900000000002
5770,5,13,1,3,1,late,late_r2-4,8,5-8,4,4,3,4,7,-1,0,0,0,0,1,4,3,6,7,0.12926082159726493,1,0.2444880857301613,0.11522726413289636,1,0,1,0.3088368372846728,0.5549066321693787,0.7518823728632691,0.43360035440915995,0.3519871160206019,0.5718127971857385,91,1.12,1.09,0.030000000000000027,-0.065,0.058901098901098896,-1.545,2.665,1.0,1.185,12,23,0.25274725274725274,1.5990839120879121,1.63088,1.35853,Draw,6,0.3516483516483517,0.37362637362637363,0.26373626373626374,0.030000000000000027,4,0,2.0388506786495126,0.145,0.37,0.592917,0,Draw,-0.009999999999999787,-0.6317582417582417,91.0,19.0,10.0,0.4175824175824176,9.0,0.47368421052631576,0.6858683286713709,4.7894736842105265,0.7032967032967034,0.6071329947079604,0.4166712529887159,2.4825,0.4,1.0,38.0,1.087,0.03300000000000005,1.0,0.6639998656733427,0.8596258858705337,0.19562602019719097,1.333542565480267,8.4,0.844186849619817,0.6429577478756255,1.0,5,0.07663510124894478,0.39700000000000013,0.3923423250173246,5,0.5937910000000001,0.43883126880385365,0.2730000000000001,0.0454972526643093,5,0.463877,0.08641898453175667,-0.12400000000000005,-0.12991400000000008
2435,0,1,1,15,1,early,early_r9+,1,0-1,0,1,0,1,1,-1,0,0,0,0,1,1,0,1,1,0.41544314692742507,0,,,0,1,-1,,,,,,0.08168754245510551,43,1.035,1.01,0.02499999999999991,0.635,0.6417441860465116,0.3,0.7349999999999999,0.23499999999999988,0.3999999999999999,8,28,0.6511627906976745,2.07612488372093,2.08545,2.19858,Draw,5,0.18604651162790697,0.6511627906976745,0.13953488372093023,0.03499999999999992,4,0,2.8819449706753395,0.31,0.4,-0.03161999999999998,0,Draw,2.035,1.3367441860465117,43.0,9.0,9.0,0.18604651162790697,1.0,0.11111111111111112,0.9356756804813207,4.777777777777778,0.9069767441860466,0.33892952162154,0.13294431267517273,0.4441666666666667,0.0,1.0,6.0,0.853,0.1819999999999999,1.0,0.055930446405338355,0.03661820353217265,-0.019312242873165703,1.862944237121664,6.2,-0.01666666666666667,0.03878733642196502,1.0,5,0.18784865666166467,0.41399999999999987,0.07503332592921627,5,0.386448,0.10596453484539059,0.2669999999999999,0.11632927404570186,5,0.216211,0.09308102991480056,-0.14699999999999996,-0.17023700000000003
5303,2,0,0,16,0,early,early_r9+,0,0-1,0,0,0,0,0,0,0,0,0,0,0,0,0,0,0,,-1,,,0,0,0,,,,,,0.0,33,-0.325,-0.345,0.019999999999999962,-0.72,-0.708939393939394,-1.035,0.71,0.31499999999999995,0.39499999999999996,9,21,0.6363636363636364,1.9908493939393936,1.98227,2.09031,Draw,3,0.0,0.7878787878787878,0.18181818181818182,0.34,2,0,2.7176551400141995,0.55,0.17,-1.360625,0,Draw,-1.0,-1.4865151515151516,33.0,7.0,7.0,0.30303030303030304,1.0,0.14285714285714285,0.8928538231363689,4.714285714285714,1.0,0.3685547504949347,0.13701715574198609,0.5950000000000001,0.8,1.0,2.0,-0.329,0.003999999999999992,1.0,0.11274679828715364,0.4149321398727876,0.30218534158563404,1.997905215337997,3.0,0.4071428571428572,0.16697809357838586,1.0,5,0.27875221455280247,0.09399999999999996,0.14484474446799928,5,0.089294,0.17100440500174258,0.223,0.2506391828904651,5,0.20032699999999998,0.23231036335041108,0.12900000000000006,0.11103299999999998
284,7,1,1,15,1,early,early_r9+,1,0-1,1,0,1,0,1,1,0,0,0,0,1,1,0,1,1,0.1256985647103825,1,,,1,0,1,,,,,,0.08168754245510551,39,1.365,1.225,0.1399999999999999,0.83,0.8328205128205127,0.305,1.06,0.2100000000000002,0.535,4,17,0.4358974358974359,2.1174069230769232,2.12299,2.33918,Draw,4,0.0,0.6666666666666666,0.3076923076923077,0.19999999999999996,2,0,2.9615893693550834,0.305,0.475,0.19541000000000008,1,Draw,0.385,0.11346153846153846,39.0,8.0,8.0,0.2564102564102564,1.0,0.125,0.9263425690066092,4.875,0.8461538461538461,0.5472240800476854,0.12004939068404141,0.46975000000000017,0.4,1.0,4.0,1.2469999999999999,0.11800000000000002,1.0,0.02726753181733275,-0.09238523814229636,-0.11965276995962908,1.9607754018747425,6.0,-0.1952380952380953,0.013303626514090536,1.0,5,0.3951338575898832,0.434,0.12157302332343303,5,0.3328390000000001,0.11365385037472334,0.24899999999999997,0.19278874448473382,5,0.19527000000000005,0.17463379809618762,-0.18500000000000003,-0.13756900000000005
9065,4,0,0,16,0,early,early_r9+,0,0-1,0,0,0,0,0,0,0,0,0,0,0,0,0,0,0,,-1,,,0,0,0,,,,,,0.0,33,-0.295,-0.33,0.03500000000000003,-0.575,-0.6057575757575758,-0.96,0.665,0.27,0.27999999999999997,14,27,0.8181818181818182,2.0335530303030303,2.02709,1.97939,Draw,3,0.0,0.7878787878787878,0.18181818181818182,0.03500000000000003,3,0,2.6135193113523822,0.56,0.17,-1.284695,1,Draw,-1.295,-1.3822727272727273,33.0,7.0,7.0,0.30303030303030304,1.0,0.14285714285714285,0.8928538231363689,4.714285714285714,1.0,0.39700323381691766,0.13075259179992704,0.3041666666666666,0.2,1.0,6.0,-0.391,0.09600000000000002,1.0,-0.024846822962001414,0.1546761539322503,0.17952297689425173,1.9339111562317837,3.2,0.20714285714285716,-0.013297512830974792,1.0,5,0.3947255048021522,0.335,0.10529719844326345,5,0.40436700000000003,0.10015118625108729,0.32599999999999996,0.17959677057230178,5,0.36802900000000005,0.17278224436411285,-0.009000000000000064,-0.03633799999999998
7579,0,1,1,15,1,early,early_r9+,1,0-1,0,1,0,1,1,-1,0,0,0,0,0,0,1,1,1,0.08176073956710123,0,,,0,1,-1,,,,,,0.08168754245510551,43,1.07,1.01,0.06000000000000005,0.725,0.7167441860465117,0.345,0.7250000000000001,0.27249999999999996,0.3450000000000001,13,33,0.7674418604651163,2.079587441860465,2.07451,2.07487,Hit,5,0.18604651162790697,0.6511627906976745,0.13953488372093023,0.06000000000000005,4,1,2.7421210988629015,0.3,0.4,0.032564999999999955,1,Hit,0.135,1.1334883720930236,43.0,9.0,9.0,0.20930232558139536,2.0,0.22222222222222224,0.911698881949819,4.777777777777778,0.8604651162790697,0.4567819065496602,0.1285121469853885,0.4166666666666667,0.0,1.0,6.0,0.933,0.1370000000000001,1.0,-0.019586750768551202,0.08850803710445282,0.10809478787300401,1.9679029236017356,5.0,0.026666666666666665,-0.05859684320814308,1.0,5,0.17762764835794523,0.22700000000000004,0.19411980836586462,5,0.24495799999999993,0.21167361014661223,0.29500000000000004,0.13261787209874845,5,0.35916,0.19177020203227613,0.068,0.11420200000000005
5445,5,1,1,15,1,early,early_r9+,1,0-1,1,0,1,0,1,1,0,0,0,0,1,1,0,1,1,0.4592757598317191,1,,,1,0,1,,,,,,0.08168754245510551,39,1.445,1.12,0.32499999999999996,0.815,0.8060256410256409,0.325,1.12,0.21750000000000014,0.6300000000000001,1,8,0.20512820512820512,2.127589230769231,2.14055,2.19704,Draw,4,0.0,0.6666666666666666,0.3076923076923077,0.44000000000000017,2,0,2.884885516316612,0.275,0.505,0.3464800000000001,1,Draw,0.45000000000000007,0.09653846153846155,39.0,8.0,8.0,0.2564102564102564,1.0,0.125,0.9263425690066092,4.875,0.8461538461538461,0.3795003657202915,0.15895381225431163,0.39625,0.4,1.0,4.0,1.211,0.23399999999999999,1.0,0.09049524087815355,0.1459596223032707,0.055464381425117136,1.986448028312881,3.8,0.23809523809523814,0.06919044036755523,1.0,5,0.5103915436578492,0.331,0.20116535487006706,5,0.27904500000000004,0.16704374883544734,0.4170000000000001,0.25108763410411117,5,0.4411310000000001,0.2715351045307034,0.08600000000000008,0.16208600000000006
9428,3,0,0,16,0,early,early_r9+,0,0-1,0,0,0,0,0,0,0,0,0,0,0,0,0,0,0,,-1,,,0,0,0,,,,,,0.0,33,-0.26,-0.27,0.010000000000000009,-0.63,-0.6116666666666666,-0.805,0.545,0.15499999999999992,0.37,6,29,0.8787878787878788,2.021700606060606,2.02098,2.17081,Draw,3,0.0,0.7878787878787878,0.18181818181818182,0.010000000000000009,3,0,2.7573277449240448,0.59,0.19,-1.31488,0,PreGuard,-0.965,-1.3875757575757572,33.0,7.0,7.0,0.30303030303030304,1.0,0.14285714285714285,0.8928538231363689,4.714285714285714,1.0,0.21190798961638307,0.11572228886386245,0.2475,0.8,1.0,2.0,-0.318,0.05800000000000001,1.0,0.01896409381353443,-0.22798964554306264,-0.2469537393565971,1.8989509787356833,5.4,-0.3500000000000001,0.03297622226002321,1.0,5,0.47133863730484793,0.198,0.21652367076142046,5,0.15772599999999987,0.18262641732509557,0.19999999999999996,0.18398369492974095,5,0.18852799999999986,0.1593776159628447,0.0019999999999999463,0.030801999999999996
7300,3,0,0,16,0,early,early_r9+,0,0-1,0,0,0,0,0,0,0,0,0,0,0,0,0,0,0,,-1,,,0,0,0,,,,,,0.0,33,-0.215,-0.415,0.19999999999999998,-0.66,-0.6466666666666666,-0.94,0.725,0.17999999999999994,0.44500000000000006,3,23,0.696969696969697,2.0273524242424243,2.01186,1.95673,PreGuard,3,0.0,0.7878787878787878,0.18181818181818182,0.19999999999999998,2,0,2.588355185886246,0.565,0.165,-1.193365,1,PreGuard,-0.215,-1.4227272727272726,33.0,7.0,7.0,0.30303030303030304,1.0,0.14285714285714285,0.8928538231363689,4.714285714285714,1.0,0.24128752847765772,0.12441534917114168,0.30000000000000004,0.2,1.0,6.0,-0.40499999999999997,0.19,1.0,0.03364072057767585,0.3513960709621221,0.31775535038444624,1.9403032821979633,2.6,-0.27857142857142864,0.0320192014817091,1.0,5,0.2163059836711033,0.40099999999999997,0.06931810730249349,5,0.39497400000000005,0.08634352888317691,0.23499999999999996,0.1523975065412817,5,0.24173599999999995,0.1579373758171257,-0.166,-0.1532380000000001
8156,1,1,1,15,1,early,early_r9+,1,0-1,1,0,1,0,1,1,0,0,0,0,1,1,0,1,1,0.25640117989926164,1,,,1,0,1,,,,,,0.08168754245510551,39,1.195,1.155,0.040000000000000036,0.79,0.7985897435897434,0.405,0.79,0.20750000000000002,0.405,7,29,0.7435897435897436,2.111305897435897,2.11327,2.16494,Draw,4,0.0,0.6666666666666666,0.3076923076923077,0.1200000000000001,4,0,2.7836863971013655,0.31,0.415,0.19570500000000002,0,Draw,0.21000000000000008,0.08358974358974358,39.0,8.0,8.0,0.2564102564102564,1.0,0.125,0.9263425690066092,4.875,0.8461538461538461,0.3068698319515032,0.1571976492717117,0.2941666666666668,0.2,1.0,6.0,1.09,0.10500000000000007,1.0,0.0742053866097271,0.14610675279739516,0.07190136618766807,2.010821677914587,3.6,0.1,0.03615843518418625,1.0,5,0.2347082671295489,0.11399999999999999,0.13102480681153472,5,0.19516299999999998,0.14896148615497898,0.23800000000000007,0.16660582222719592,5,0.26729200000000003,0.16062886678614155,0.12400000000000008,0.07212900000000005
8701,2,0,0,16,0,early,early_r9+,0,0-1,0,0,0,0,0,0,0,0,0,0,0,0,0,0,0,,-1,,,0,0,0,,,,,,0.0,33,-0.27,-0.345,0.07499999999999996,-0.585,-0.6190909090909091,-0.9,0.63,0.275,0.31499999999999995,10,24,0.7272727272727273,2.000482424242424,2.01236,2.0389,Draw,3,0.0,0.7878787878787878,0.18181818181818182,0.07499999999999996,3,0,2.6590248947404636,0.555,0.175,-1.28945,1,Draw,-1.27,-1.3954545454545453,33.0,7.0,7.0,0.30303030303030304,1.0,0.14285714285714285,0.8928538231363689,4.714285714285714,1.0,0.16714853996473653,0.145497599992808,0.19666666666666666,0.0,1.0,10.0,-0.4109999999999999,0.14099999999999996,1.0,0.005698357173285665,0.22857142857142865,0.22287307139814297,1.9556375995932604,4.6,0.1642857142857143,-0.01770376247561995,1.0,5,0.3413967522360878,0.32799999999999996,0.1909057359012558,5,0.33043999999999996,0.20275117142078364,0.3339999999999999,0.02247220505424426,5,0.26633700000000005,0.0623597117135735,0.00599999999999995,-0.06410299999999991
1998,7,0,0,16,0,early,early_r9+,0,0-1,0,0,0,0,0,0,0,0,0,0,0,0,0,0,0,,-1,,,0,0,0,,,,,,0.0,33,-0.33,-0.435,0.10499999999999998,-0.605,-0.6149999999999999,-1.08,0.75,0.21999999999999997,0.27499999999999997,15,29,0.8787878787878788,2.0368442424242423,2.02657,2.10264,Draw,3,0.0,0.7878787878787878,0.18181818181818182,0.10499999999999998,3,0,2.7581940679743573,0.615,0.205,-1.38132,1,Draw,-1.31,-1.3943939393939395,33.0,7.0,7.0,0.30303030303030304,1.0,0.14285714285714285,0.8928538231363689,4.714285714285714,1.0,0.2222057512692323,0.1307839410453463,0.31999999999999995,0.2,1.0,6.0,-0.429,0.099,1.0,0.1479047797322877,0.28964124835860466,0.14173646862631695,1.8668462950162081,2.4,0.2071428571428572,0.136815802114889,1.0,5,0.36501130108063295,0.267,0.13944532978913274,5,0.21439299999999983,0.17791526247064918,0.26199999999999996,0.20348832890364987,5,0.21850199999999992,0.19197595206171003,-0.00500000000000006,0.004109000000000085
2643,7,1,1,15,1,early,early_r9+,1,0-1,0,1,0,1,1,-1,0,0,0,0,1,1,0,1,1,0.17921085899088396,0,,,0,1,-1,,,,,,0.08168754245510551,43,1.195,1.06,0.135,0.695,0.7073255813953488,0.265,0.93,0.20000000000000018,0.5000000000000001,4,21,0.4883720930232558,2.053610465116279,2.05533,2.11352,Draw,5,0.18604651162790697,0.6511627906976745,0.13953488372093023,0.2450000000000001,3,0,2.789128146415933,0.28,0.41,0.13824000000000014,1,Draw,2.1950000000000003,1.2977906976744187,43.0,9.0,9.0,0.18604651162790697,1.0,0.11111111111111112,0.9323861813679961,4.777777777777778,0.9069767441860466,0.3156582536953887,0.14781859061434072,0.33374999999999994,0.0,1.0,8.0,0.9019999999999999,0.2930000000000001,1.0,0.01116409359921675,0.16525856158125685,0.1540944679820401,1.9793533094640139,5.2,0.12333333333333332,0.040246083423759925,1.0,5,0.22797581194666222,0.38300000000000006,0.2478053671735138,5,0.3767020000000001,0.24024784251372586,0.4720000000000001,0.12853015210447705,5,0.40257600000000016,0.13100983853321865,0.08900000000000002,0.025874000000000064
4833,5,0,0,16,0,early,early_r9+,0,0-1,0,0,0,0,0,0,0,0,0,0,0,0,0,0,0,,-1,,,0,0,0,,,,,,0.0,33,-0.315,-0.36,0.044999999999999984,-0.65,-0.6315151515151516,-0.905,0.5900000000000001,0.22999999999999998,0.335,12,29,0.8787878787878788,2.03566696969697,2.04389,2.10375,Draw,3,0.0,0.7878787878787878,0.18181818181818182,0.044999999999999984,3,0,2.73795010678733,0.615,0.195,-1.3668749999999998,1,Draw,-1.29,-1.4053030303030305,33.0,7.0,7.0,0.30303030303030304,1.0,0.14285714285714285,0.8928538231363689,4.714285714285714,1.0,0.3042344829741266,0.10568854013446498,0.25650000000000006,0.2,1.0,6.0,-0.437,0.12199999999999997,1.0,0.045259053980502485,0.11460892707925097,0.06934987309874849,1.888185211663415,2.4,0.1571428571428572,0.08140914640297663,1.0,5,0.15423782511122885,0.282,0.12235195135346226,5,0.2225430000000001,0.10858233170041981,0.248,0.08182297965730655,5,0.1740390000000001,0.12042184760250114,-0.033999999999999975,-0.04850399999999999
6085,3,0,0,16,0,early,early_r9+,0,0-1,0,0,0,0,0,0,0,0,0,0,0,0,0,0,0,,-1,,,0,0,0,,,,,,0.0,33,-0.38,-0.42,0.03999999999999998,-0.655,-0.6433333333333333,-0.915,0.535,0.13,0.275,14,31,0.9393939393939394,2.0079233333333333,2.00194,2.11792,Draw,3,0.0,0.7878787878787878,0.18181818181818182,0.19499999999999995,3,0,2.7248787370968075,0.61,0.155,-1.358565,0,Draw,-1.0550000000000002,-1.4171212121212122,33.0,7.0,7.0,0.30303030303030304,1.0,0.14285714285714285,0.8928538231363689,4.714285714285714,1.0,0.20191665575487755,0.1077740988877941,0.18666666666666665,0.8,1.0,2.0,-0.41899999999999993,0.03899999999999999,1.0,0.10141307051819762,-0.05012928511741468,-0.15154235563561227,1.9059378864283794,4.4,0.15000000000000002,-0.008365153275885528,1.0,5,0.24779279250784347,0.19499999999999998,0.12624381172952595,5,0.25041599999999986,0.12053571734137561,0.23699999999999993,0.16064712882588342,5,0.2944549999999998,0.1634155483346062,0.041999999999999954,0.04403899999999994
3377,1,1,1,15,1,early,early_r9+,1,0-1,1,0,1,0,1,1,0,0,0,0,1,1,0,1,1,0.2545287920729014,1,,,1,0,1,,,,,,0.08168754245510551,39,1.225,1.17,0.05500000000000016,0.74,0.7646153846153846,0.305,0.9200000000000002,0.28,0.4850000000000001,6,22,0.5641025641025641,2.0909007692307693,2.08345,2.14345,Draw,4,0.0,0.6666666666666666,0.3076923076923077,0.20000000000000018,3,0,2.815893339171771,0.295,0.415,0.15327500000000005,1,Draw,0.2250000000000001,0.04923076923076923,39.0,8.0,8.0,0.2564102564102564,1.0,0.125,0.9263425690066092,4.875,0.8461538461538461,0.4906100511922567,0.13192414186824128,0.36383333333333334,0.4,1.0,6.0,1.153,0.07200000000000006,1.0,0.06966633587669058,0.004361500761428938,-0.06530483511526164,1.994391566411102,3.4,-0.06190476190476193,0.12028797895789198,1.0,5,0.2618532118830939,0.402,0.193183850256692,5,0.37805400000000006,0.20673736498272385,0.29700000000000004,0.26583829671437487,5,0.3060840000000001,0.25616430868194734,-0.10499999999999998,-0.07196999999999998
3950,3,1,1,15,1,early,early_r9+,1,0-1,0,1,0,1,1,-1,0,0,0,0,0,0,1,1,1,0.5387707678632913,0,,,0,1,-1,,,,,,0.08168754245510551,43,1.18,1.175,0.004999999999999893,0.72,0.7232558139534884,0.265,0.9149999999999999,0.2875,0.45999999999999996,7,24,0.5581395348837209,2.0870776744186044,2.07229,2.2973,Draw,5,0.18604651162790697,0.6511627906976745,0.13953488372093023,0.2849999999999999,4,0,2.8769151034363674,0.345,0.445,0.13885499999999995,0,Draw,2.1799999999999997,1.0126744186046512,43.0,9.0,9.0,0.18604651162790697,2.0,0.22222222222222224,0.9184460486854823,4.777777777777778,0.8604651162790697,0.4158656800260242,0.15405336521540913,0.6,0.0,1.0,8.0,0.9930000000000001,0.18699999999999997,1.0,0.026756647809344548,-0.03952480574255503,-0.06628145355189956,1.9051467375071525,6.0,-0.056666666666666664,0.0472461390016583,1.0,5,0.47564988795603697,0.41,0.1760681686165901,5,0.46565699999999993,0.14153464927359669,0.40599999999999986,0.25405215999869,5,0.4462369999999999,0.26175135476249206,-0.004000000000000115,-0.01942000000000005
5322,5,0,0,16,0,early,early_r9+,0,0-1,0,0,0,0,0,0,0,0,0,0,0,0,0,0,0,,-1,,,0,0,0,,,,,,0.0,33,-0.42,-0.43,0.010000000000000009,-0.665,-0.6707575757575757,-0.955,0.5349999999999999,0.10999999999999999,0.24500000000000005,17,32,0.9696969696969697,1.9982645454545453,2.01221,1.91666,Draw,3,0.0,0.7878787878787878,0.18181818181818182,0.010000000000000009,3,0,2.58231274870594,0.6,0.175,-1.37833,1,Draw,-1.38,-1.4466666666666668,33.0,7.0,7.0,0.30303030303030304,1.0,0.14285714285714285,0.8928538231363689,4.714285714285714,1.0,0.2607185286076186,0.09410734797945464,0.29583333333333345,0.2,1.0,10.0,-0.42800000000000005,0.008000000000000007,1.0,0.05423322463680356,-0.06737232366683792,-0.12160554830364145,1.9558046619101994,4.2,-0.03571428571428572,-0.0024752234942611593,1.0,5,0.3439201248900249,0.19999999999999998,0.07754031209635412,5,0.26934699999999984,0.0727213185386514,0.175,0.08667467911679859,5,0.25825699999999985,0.08817209930017549,-0.024999999999999994,-0.011089999999999989
6603,4,0,0,16,0,early,early_r9+,0,0-1,0,0,0,0,0,0,0,0,0,0,0,0,0,0,0,,-1,,,0,0,0,,,,,,0.0,33,-0.33,-0.395,0.065,-0.595,-0.6227272727272727,-1.07,0.74,0.17499999999999993,0.26499999999999996,13,30,0.9090909090909091,2.007888787878788,1.9979,1.93936,PreGuard,3,0.0,0.7878787878787878,0.18181818181818182,0.065,3,0,2.5770386176702553,0.59,0.155,-1.29968,1,PreGuard,-0.45,-1.3978787878787877,33.0,7.0,7.0,0.30303030303030304,1.0,0.14285714285714285,0.8928538231363689,4.714285714285714,1.0,0.1758349539704305,0.13781909332960793,0.1974999999999999,0.0,1.0,6.0,-0.42800000000000005,0.098,1.0,-0.11437298501582331,-0.06048803675881007,0.05388494825701323,1.931013543404119,5.6,0.01428571428571429,-0.07385741032911765,1.0,5,0.38902801383032126,0.17599999999999993,0.11288268246281176,5,0.22457199999999994,0.13462110772460606,0.29999999999999993,0.06576473218982955,5,0.328642,0.05870170606549702,0.124,0.10407000000000005
6821,4,0,0,16,0,early,early_r9+,0,0-1,0,0,0,0,0,0,0,0,0,0,0,0,0,0,0,,-1,,,0,0,0,,,,,,0.0,33,-0.415,-0.42,0.0050000000000000044,-0.65,-0.6437878787878788,-0.855,0.44,0.20999999999999996,0.23500000000000004,18,33,1.0,2.010216060606061,2.0266,1.94236,Draw,3,0.0,0.7878787878787878,0.18181818181818182,0.12500000000000006,3,0,2.6452168285031976,0.59,0.175,-1.38618,1,Draw,-1.4,-1.419848484848485,33.0,7.0,7.0,0.30303030303030304,1.0,0.14285714285714285,0.8928538231363689,4.714285714285714,1.0,0.2704932271407626,0.10966554138107272,0.19500000000000006,0.2,1.0,6.0,-0.453,0.03800000000000002,1.0,-0.009815471050107893,0.11638287479252926,0.12619834584263717,1.884840051466917,3.6,0.12857142857142861,0.05035334099488585,1.0,5,0.3501477598980448,0.24200000000000005,0.19655151996359632,5,0.302267,0.19443912301154823,0.11099999999999999,0.03974921382870355,5,0.15274900000000005,0.032467722125212345,-0.13100000000000006,-0.14951799999999996
4552,4,0,0,16,0,early,early_r9+,0,0-1,0,0,0,0,0,0,0,0,0,0,0,0,0,0,0,,-1,,,0,0,0,,,,,,0.0,33,-0.28,-0.355,0.07499999999999996,-0.55,-0.5866666666666667,-1.02,0.74,0.20000000000000007,0.27,14,29,0.8787878787878788,2.0474336363636363,2.03455,2.11934,Draw,3,0.0,0.7878787878787878,0.18181818181818182,0.10499999999999998,3,0,2.737169092655167,0.575,0.185,-1.33967,1,Draw,-1.28,-1.3613636363636363,33.0,7.0,7.0,0.30303030303030304,1.0,0.14285714285714285,0.8928538231363689,4.714285714285714,1.0,0.22612040397664482,0.13625112988275123,0.24749999999999997,0.2,1.0,6.0,-0.391,0.11099999999999999,1.0,0.008624056153017767,0.15000000000000002,0.14137594384698227,1.8072156238342985,3.4,0.21428571428571433,0.05666379197585466,1.0,5,0.656394279013105,0.2079999999999999,0.05529466520379709,5,0.16350200000000015,0.06022751910464183,0.3369999999999999,0.14673956521674722,5,0.28842100000000015,0.16364642095841875,0.129,0.124919
1532,3,1,1,15,1,early,early_r9+,1,0-1,0,1,0,1,1,-1,0,0,0,0,0,0,1,1,1,0.15638237819204578,0,,,0,1,-1,,,,,,0.08168754245510551,43,1.17,1.115,0.05499999999999994,0.715,0.7163953488372093,0.45,0.72,0.21999999999999997,0.45499999999999996,5,25,0.5813953488372093,2.0702611627906977,2.07555,2.18428,Draw,5,0.18604651162790697,0.6511627906976745,0.13953488372093023,0.2649999999999999,3,0,2.847223581657066,0.29,0.405,0.07785999999999982,1,Draw,2.17,1.158139534883721,43.0,9.0,9.0,0.20930232558139536,2.0,0.22222222222222224,0.911698881949819,4.777777777777778,0.8604651162790697,0.6483680883313679,0.09639929846391025,0.44666666666666666,0.0,1.0,6.0,0.866,0.30399999999999994,1.0,0.08784463127763435,-0.06702513061517498,-0.15486976189280935,2.034506255383532,4.8,0.18666666666666665,0.06801075078790712,1.0,5,0.21025481954480502,0.3089999999999999,0.22810085488660495,5,0.2627649999999998,0.16293669449359774,0.44399999999999995,0.12919945820319836,5,0.37870899999999985,0.1385529577183396,0.13500000000000006,0.11594400000000005
5154,6,1,1,15,1,early,early_r9+,1,0-1,0,1,0,1,1,-1,0,0,0,0,0,0,1,1,1,0.11202014744147337,0,,,0,1,-1,,,,,,0.08168754245510551,43,1.19,1.095,0.09499999999999997,0.745,0.7565116279069768,0.405,0.7849999999999999,0.21500000000000008,0.44499999999999995,5,27,0.627906976744186,2.070163488372093,2.07364,2.05521,Draw,5,0.18604651162790697,0.6511627906976745,0.13953488372093023,0.2699999999999999,4,0,2.6753441343679576,0.275,0.39,0.16239499999999985,1,Draw,2.19,1.1644186046511629,43.0,9.0,9.0,0.20930232558139536,2.0,0.22222222222222224,0.911698881949819,4.777777777777778,0.8604651162790697,0.38726709485116134,0.13337571373979945,0.3699999999999999,0.4,1.0,6.0,1.098,0.09199999999999997,1.0,-0.03925063701989282,-0.03073517093937962,0.00851546608051319,1.939369629901614,2.2,-0.15666666666666665,-0.05431782983340341,1.0,5,0.2641431346330208,0.38099999999999995,0.1278866685780813,5,0.4224719999999998,0.1417214297310043,0.289,0.23657451257479112,5,0.3197039999999999,0.2410635305111497,-0.09199999999999997,-0.10276799999999991
3082,0,2,0,14,0,early,early_r9+,0,0-1,0,0,0,0,0,0,0,0,0,0,0,0,0,0,0,,-1,,,0,0,0,,,,,,0.0,33,-0.27,-0.34,0.07,-0.6,-0.6160606060606061,-0.915,0.645,0.21999999999999997,0.32999999999999996,9,27,0.8181818181818182,1.9666433333333335,1.97205,2.03153,Draw,3,0.0,0.7878787878787878,0.18181818181818182,0.30499999999999994,2,0,2.696204313538788,0.555,0.185,-1.285765,1,Draw,-1.225,-1.3878787878787877,33.0,7.0,7.0,0.30303030303030304,1.0,0.14285714285714285,0.8928538231363689,4.714285714285714,1.0,0.4420131064290585,0.11662105682832014,0.475,1.0,1.0,2.0,-0.27,0.0,1.0,-0.055037355045979466,-0.27924570690220235,-0.22420835185622287,1.8601926063072494,4.8,-0.22857142857142865,-0.03641157099934519,1.0,5,0.33081027148865344,0.28099999999999997,0.06338375186118288,5,0.29296500000000003,0.07841778887790701,0.30199999999999994,0.07172865536171724,5,0.26423699999999994,0.04347606764071461,0.020999999999999963,-0.028728000000000087
4716,7,3,1,13,1,early,early_r9+,0,0-1,0,0,0,0,0,0,0,0,0,0,0,0,0,0,0,,-1,,,0,0,0,,,,,,0.0,33,1.23,1.13,0.10000000000000009,0.855,0.8587878787878789,0.49,0.74,0.25,0.375,10,26,0.7878787878787878,2.0038745454545457,2.0039,1.99427,Draw,3,0.0,0.7878787878787878,0.18181818181818182,0.29499999999999993,2,0,2.7129915741328285,0.26,0.445,0.232865,1,Draw,0.22999999999999998,0.08166666666666668,33.0,7.0,7.0,0.30303030303030304,1.0,0.14285714285714285,0.8928538231363689,4.714285714285714,1.0,0.45382229231634474,0.1288881582584305,0.39916666666666645,0.2,1.0,6.0,1.082,0.14799999999999996,1.0,0.23793995917319596,0.15361447433634998,-0.08432548483684603,1.9133077224579929,2.6,0.1285714285714286,0.13517848423245143,1.0,5,0.5245080010735127,0.385,0.014142135623730965,5,0.47046,0.09510561326756693,0.30299999999999994,0.08113260750154652,5,0.4045749999999999,0.12375004540403209,-0.08200000000000007,-0.06588500000000008
2732,2,0,0,16,0,early,early_r9+,0,0-1,0,0,0,0,0,0,0,0,0,0,0,0,0,0,0,,-1,,,0,0,0,,,,,,0.0,33,-0.32,-0.335,0.015000000000000013,-0.605,-0.6168181818181817,-0.89,0.5700000000000001,0.20999999999999996,0.285,15,29,0.8787878787878788,2.032026363636364,2.04763,2.09227,Draw,3,0.0,0.7878787878787878,0.18181818181818182,0.24999999999999994,2,0,2.717195502601182,0.61,0.2,-1.3588149999999999,0,Draw,-1.305,-1.3915151515151516,33.0,7.0,7.0,0.30303030303030304,1.0,0.14285714285714285,0.8928538231363689,4.714285714285714,1.0,0.3239123285995059,0.1257818384034093,0.33499999999999996,0.0,1.0,6.0,-0.476,0.156,1.0,-0.1073988350470421,0.43346802959635744,0.5408668646433995,1.861906821157966,4.0,0.4428571428571429,-0.10402909337410646,1.0,5,0.4884277108733426,0.308,0.14298601330200097,5,0.28340600000000016,0.13188589705688786,0.4029999999999999,0.1211713662545735,5,0.40853,0.09827040977578144,0.09499999999999992,0.12512399999999985
7051,7,1,1,15,1,early,early_r9+,1,0-1,0,1,0,1,1,-1,0,0,0,0,0,0,1,1,1,0.28127047055991966,0,,,0,1,-1,,,,,,0.08168754245510551,43,1.11,1.1,0.010000000000000009,0.745,0.7338372093023255,0.195,0.915,0.2350000000000001,0.3650000000000001,9,31,0.7209302325581395,2.0583451162790696,2.06007,2.32979,Draw,5,0.18604651162790697,0.6511627906976745,0.13953488372093023,0.09000000000000008,5,0,2.8106822385116366,0.35,0.335,0.05051499999999998,0,Pass,2.1100000000000003,1.073720930232558,43.0,9.0,9.0,0.18604651162790697,1.0,0.11111111111111112,0.9419464837622613,4.777777777777778,0.8604651162790697,0.4664126383799859,0.12859131246308397,0.555,0.0,1.0,6.0,1.052,0.05800000000000005,1.0,0.0642131596927999,0.1385291480597438,0.07431598836694393,1.899909858179928,4.2,0.1166666666666667,0.0026410674578387443,1.0,5,0.344234262253997,0.28700000000000003,0.18613167382259263,5,0.30394699999999986,0.15663255387211186,0.37900000000000006,0.1513439790675533,5,0.3607989999999999,0.1779220861219877,0.09200000000000003,0.05685200000000007
5470,0,1,1,15,1,early,early_r9+,1,0-1,0,1,0,1,1,-1,0,0,0,0,1,1,0,1,1,0.6021045568472013,0,,,0,1,-1,,,,,,0.08168754245510551,43,0.92,0.895,0.025000000000000022,0.63,0.6284883720930233,0.285,0.635,0.27249999999999996,0.29000000000000004,16,39,0.9069767441860465,2.0624444186046516,2.05883,2.01336,Draw,5,0.18604651162790697,0.6511627906976745,0.13953488372093023,0.025000000000000022,5,0,2.6507183412832225,0.32,0.335,-0.08667999999999998,1,Draw,1.87,1.3879069767441863,43.0,9.0,9.0,0.20930232558139536,2.0,0.22222222222222224,0.911698881949819,4.777777777777778,0.9069767441860466,0.15476856952184692,0.15275466410369326,0.18937499999999996,0.0,1.0,9.0,0.881,0.039000000000000035,1.0,-0.013159550105101146,-0.003068148877375343,0.010091401227725783,1.9466458284683896,5.8,-0.06999999999999998,-0.03243845876282067,1.0,5,0.4725874359921043,0.273,0.11882760622010363,5,0.332487,0.13996653924242036,0.168,0.15526590095703566,5,0.21550799999999998,0.17169070630788377,-0.10500000000000001,-0.116979
7590,3,1,1,15,1,early,early_r9+,1,0-1,0,1,0,1,1,-1,0,0,0,0,1,1,0,1,1,0.3267387490029344,0,,,0,1,-1,,,,,,0.08168754245510551,43,1.1,0.945,0.15500000000000014,0.685,0.686046511627907,0.305,0.7950000000000002,0.26249999999999996,0.41500000000000004,7,28,0.6511627906976745,2.058107906976744,2.0615,2.0567,Hit,5,0.18604651162790697,0.6511627906976745,0.13953488372093023,0.15500000000000014,4,1,2.7365175097559127,0.29,0.4,0.07164999999999999,1,Hit,0.18500000000000005,1.3017441860465115,43.0,9.0,9.0,0.18604651162790697,2.0,0.22222222222222224,0.9184460486854823,4.777777777777778,0.8604651162790697,0.4096755260707984,0.12157339110470874,0.3416666666666667,0.4,1.0,6.0,0.974,0.12600000000000006,1.0,0.09805827570064482,0.13594340036404523,0.03788512466340044,1.9421499411949608,4.4,0.18333333333333335,0.10626081355134923,1.0,5,0.30145488977955043,0.29000000000000004,0.022360679774997852,5,0.2918219999999998,0.010113735462231493,0.30400000000000005,0.05481788029466301,5,0.276134,0.06809440197255576,0.014000000000000012,-0.015687999999999813
3383,6,0,0,16,0,early,early_r9+,0,0-1,0,0,0,0,0,0,0,0,0,0,0,0,0,0,0,,-1,,,0,0,0,,,,,,0.0,33,-0.25,-0.325,0.07500000000000001,-0.63,-0.6369696969696969,-0.98,0.73,0.14,0.38,5,26,0.7878787878787878,2.040144242424242,2.0315,1.97674,Draw,3,0.0,0.7878787878787878,0.18181818181818182,0.16499999999999998,3,0,2.5724810997697256,0.6,0.16,-1.23837,1,Draw,-1.25,-1.4096969696969697,33.0,7.0,7.0,0.30303030303030304,1.0,0.14285714285714285,0.8928538231363689,4.714285714285714,1.0,0.08584039341875264,0.15656609542825634,0.1825,0.2,1.0,6.0,-0.44000000000000006,0.19,1.0,-0.08014422611931354,0.25901749134536967,0.3391617174646832,1.9766440092383104,3.2,0.26428571428571435,0.015843990546817222,1.0,5,0.22070273822957862,0.30599999999999994,0.2108731846394889,5,0.398462,0.27339297596591616,0.313,0.1722860992651467,5,0.34332199999999996,0.20240277532064624,0.007000000000000062,-0.05514000000000002
1327,5,1,1,15,1,early,early_r9+,1,0-1,0,1,0,1,1,-1,0,0,0,0,1,1,0,1,1,0.200317508723753,0,,,0,1,-1,,,,,,0.08168754245510551,43,1.035,1.005,0.030000000000000027,0.715,0.6922093023255814,0.345,0.69,0.24750000000000005,0.31999999999999995,13,34,0.7906976744186046,2.095663720930233,2.08897,1.98337,Hit,5,0.18604651162790697,0.6511627906976745,0.13953488372093023,0.05999999999999994,5,1,2.719810348576363,0.305,0.425,0.04331499999999988,1,Hit,0.8649999999999999,1.2959302325581397,43.0,9.0,9.0,0.18604651162790697,2.0,0.22222222222222224,0.9112530827386317,4.777777777777778,0.9069767441860466,0.23841732257263706,0.15531919121711962,0.374,0.0,1.0,6.0,0.9690000000000001,0.06599999999999995,1.0,0.07077049292372867,0.0820230623597504,0.011252569436021709,2.030319962821646,5.2,0.04,0.08725346199428732,1.0,5,0.3860002299549442,0.33699999999999986,0.11681181447096865,5,0.40778099999999984,0.11255618532537429,0.29499999999999993,0.210742734157076,5,0.3471899999999999,0.22262737940895772,-0.041999999999999926,-0.06059099999999995
2213,0,1,1,15,1,early,early_r9+,1,0-1,0,1,0,1,1,-1,0,0,0,0,1,1,0,1,1,0.2746617249209823,0,,,0,1,-1,,,,,,0.08168754245510551,43,1.115,1.11,0.004999999999999893,0.68,0.682906976744186,0.205,0.91,0.23750000000000004,0.43499999999999994,10,30,0.6976744186046512,2.0881423255813956,2.08026,2.03022,Draw,5,0.18604651162790697,0.6511627906976745,0.13953488372093023,0.040000000000000036,4,0,2.687245138790547,0.305,0.415,0.09989000000000003,1,Draw,2.115,1.3488372093023255,43.0,9.0,9.0,0.18604651162790697,1.0,0.11111111111111112,0.9119857350228958,4.777777777777778,0.9069767441860466,0.5284745410376203,0.14418655376610814,0.5275000000000001,0.2,1.0,8.0,0.97,0.14500000000000002,1.0,0.18905635986787922,0.250074801403868,0.06101844153598881,1.8797880084655687,4.6,0.21333333333333332,0.21089733929525964,1.0,5,0.1536171871882969,0.27299999999999996,0.23314694936884758,5,0.28808399999999995,0.2541832046821741,0.31899999999999995,0.16478774226258452,5,0.324522,0.1910821627795227,0.045999999999999985,0.036438000000000026
9526,7,1,1,15,1,early,early_r9+,1,0-1,0,1,0,1,1,-1,0,0,0,0,1,1,0,1,1,0.2019390124333587,0,,,0,1,-1,,,,,,0.08168754245510551,43,1.12,1.015,0.1050000000000002,0.72,0.6840697674418605,0.305,0.8150000000000002,0.2749999999999999,0.40000000000000013,5,26,0.6046511627906976,2.0861395348837206,2.08988,2.46081,Draw,5,0.18604651162790697,0.6511627906976745,0.13953488372093023,0.2600000000000001,5,0,2.993783280970749,0.375,0.435,-0.067415,0,Hit,2.12,1.2969767441860467,43.0,9.0,9.0,0.18604651162790697,1.0,0.11111111111111112,0.9323861813679961,4.777777777777778,0.9069767441860466,0.35513912020629956,0.14306828331681892,0.3006249999999999,0.0,1.0,8.0,0.881,0.23900000000000005,1.0,0.11895865388524647,0.15514675116774035,0.036188097282493906,1.922706677064081,5.2,0.18333333333333335,0.05827238289241497,1.0,5,0.26116777149650267,0.4010000000000001,0.1539236823883836,5,0.25113599999999997,0.24625569700008973,0.4860000000000001,0.22238480163896096,5,0.344451,0.1837315250372129,0.08500000000000002,0.09331500000000004
9585,2,0,0,16,0,early,early_r9+,0,0-1,0,0,0,0,0,0,0,0,0,0,0,0,0,0,0,,-1,,,0,0,0,,,,,,0.0,33,-0.19,-0.24,0.04999999999999999,-0.595,-0.5910606060606061,-0.88,0.69,0.18499999999999994,0.40499999999999997,6,22,0.6666666666666666,2.0346972727272727,2.06337,1.79274,PreGuard,3,0.0,0.7878787878787878,0.18181818181818182,0.04999999999999999,2,0,2.4500686973223864,0.555,0.19,-1.08637,1,PreGuard,-0.19,-1.3646969696969695,33.0,7.0,7.0,0.30303030303030304,1.0,0.14285714285714285,0.8928538231363689,4.714285714285714,1.0,0.33878352007024687,0.13605147762739758,0.40166666666666667,0.0,1.0,6.0,-0.351,0.16099999999999998,1.0,-0.0037594952581422036,-0.09376213867904544,-0.09000264342090322,1.9727643235337777,4.0,0.042857142857142885,0.058357042795010826,1.0,5,0.3355617356113558,0.367,0.2105825253908786,5,0.519635,0.1955905608024069,0.27199999999999996,0.12432819471061264,5,0.43107799999999996,0.10029299243965152,-0.09500000000000003,-0.088557
2126,6,1,1,15,1,early,early_r9+,1,0-1,0,1,0,1,1,-1,0,0,0,0,1,1,0,1,1,0.05379692099079856,0,,,0,1,-1,,,,,,0.08168754245510551,43,1.06,0.94,0.1200000000000001,0.67,0.6891860465116278,0.365,0.6950000000000001,0.20000000000000007,0.39,9,33,0.7674418604651163,2.06559511627907,2.05109,2.03873,Draw,5,0.18604651162790697,0.6511627906976745,0.13953488372093023,0.135,5,0,2.7406973788152835,0.295,0.4,0.04063499999999998,1,Draw,2.06,1.19,43.0,9.0,9.0,0.18604651162790697,1.0,0.11111111111111112,0.9419464837622614,4.777777777777778,0.8604651162790697,0.22756859620902975,0.12975949874873222,0.22080357142857143,0.0,1.0,8.0,0.9,0.16000000000000003,1.0,-0.009199564418194344,0.15815862956221383,0.1673581939804082,2.025664654168375,4.4,0.1233333333333333,0.015013672724000912,1.0,5,0.4009240356001774,0.274,0.12223951897811115,5,0.2877789999999999,0.10675990161338658,0.372,0.16765291527438467,5,0.3749409999999999,0.17657830321843057,0.09799999999999998,0.08716200000000002
5349,1,1,1,15,1,early,early_r9+,1,0-1,1,0,1,0,1,1,0,0,0,0,0,0,1,1,1,0.08858185986989758,1,,,1,0,1,,,,,,0.08168754245510551,39,1.075,1.04,0.03499999999999992,0.79,0.785,0.415,0.6599999999999999,0.2450000000000001,0.2849999999999999,18,36,0.9230769230769231,2.093740512820513,2.10644,2.36207,Draw,4,0.0,0.6666666666666666,0.3076923076923077,0.15999999999999992,4,0,2.9383096738487953,0.33,0.36,0.029505000000000003,0,Pass,0.08499999999999996,0.05166666666666666,39.0,8.0,8.0,0.20512820512820512,1.0,0.125,0.9538577907918537,4.875,0.8461538461538461,0.19943698522449127,0.13232617370281263,0.20187500000000003,0.6,1.0,4.0,1.0260000000000002,0.048999999999999974,1.0,0.05383379240878654,0.278928932143282,0.2250951397344955,2.0340706081839173,5.2,0.2333333333333334,0.026141545897753426,1.0,5,0.3581935974788808,0.18699999999999994,0.19431289200668084,5,0.222228,0.15904566972256745,0.17699999999999996,0.12407658925034971,5,0.21612499999999996,0.0802632370702801,-0.009999999999999981,-0.006103000000000053
7511,4,0,0,16,0,early,early_r9+,0,0-1,0,0,0,0,0,0,0,0,0,0,0,0,0,0,0,,-1,,,0,0,0,,,,,,0.0,33,-0.295,-0.395,0.10000000000000003,-0.585,-0.6028787878787879,-1.01,0.7150000000000001,0.22499999999999998,0.29,13,29,0.8787878787878788,2.0143851515151514,1.99937,2.09713,Draw,3,0.0,0.7878787878787878,0.18181818181818182,0.15500000000000003,3,0,2.747434892644179,0.57,0.19,-1.343565,1,Draw,-1.295,-1.377121212121212,33.0,7.0,7.0,0.30303030303030304,1.0,0.14285714285714285,0.8928538231363689,4.714285714285714,1.0,0.0676041682650258,0.14957426704291413,0.15449999999999997,0.0,1.0,6.0,-0.45499999999999996,0.16000000000000006,1.0,0.10461060513219722,0.2951161223371665,0.19050551720496936,1.9228018383960728,4.4,0.44285714285714295,0.11108521205552221,1.0,5,0.21272062008288184,0.21799999999999997,0.08074651695274539,5,0.1913420000000001,0.06965818882227712,0.296,0.09983736775376244,5,0.23825700000000016,0.12451286517866338,0.07800000000000001,0.04691500000000007
6560,1,0,0,16,0,early,early_r9+,0,0-1,0,0,0,0,0,0,0,0,0,0,0,0,0,0,0,,-1,,,0,0,0,,,,,,0.0,33,-0.375,-0.42,0.044999999999999984,-0.675,-0.656060606060606,-1.025,0.6499999999999999,0.16500000000000004,0.30000000000000004,12,32,0.9696969696969697,1.9956669696969698,1.97684,1.90902,PreGuard,3,0.0,0.7878787878787878,0.18181818181818182,0.044999999999999984,2,0,2.576712258416882,0.585,0.145,-1.32951,1,PreGuard,-0.49,-1.4313636363636362,33.0,7.0,7.0,0.30303030303030304,1.0,0.14285714285714285,0.8928538231363689,4.714285714285714,1.0,0.373469871999916,0.10389715831579076,0.4624999999999999,0.2,1.0,6.0,-0.504,0.129,1.0,-0.1094341177185963,-0.006356421952801533,0.10307769576579477,1.9855395858010862,4.6,-0.014285714285714313,-0.09323015090949739,1.0,5,0.21224066968294492,0.316,0.06397265040624782,5,0.355868,0.04705496753797625,0.294,0.09502631214563681,5,0.340178,0.0938360941082907,-0.02200000000000002,-0.015690000000000037
2296,1,3,1,13,1,early,early_r9+,1,0-1,0,1,0,1,1,-1,0,0,0,0,0,1,0,0,0,1.5037917741496003,0,,,0,1,-1,,,,,,0.08168754245510551,43,1.15,1.025,0.125,0.62,0.6731395348837209,0.435,0.7149999999999999,0.17999999999999994,0.5299999999999999,5,20,0.46511627906976744,1.9540267441860466,1.95128,1.95128,Hit,5,0.18604651162790697,0.6511627906976745,0.13953488372093023,0.20499999999999996,4,1,2.66435991298957,0.295,0.43,0.17435999999999996,1,Hit,0.3649999999999999,0.684767441860465,43.0,9.0,9.0,0.23255813953488375,1.0,0.11111111111111112,0.9213098793746435,4.777777777777778,0.8604651162790697,0.335241778612844,0.1256789870262548,0.3833333333333332,0.0,1.0,6.0,0.899,0.251,1.0,0.07864294360637716,0.47207896756650863,0.39343602396013155,1.8879819565450262,2.6,0.42333333333333323,0.11048638682098003,1.0,5,0.2922299747331442,0.42799999999999994,0.1760184649404715,5,0.43151399999999995,0.15043949096729883,0.4469999999999999,0.05751086853804247,5,0.4963099999999999,0.055669830586233995,0.01899999999999996,0.06479599999999996
2227,1,0,0,16,0,early,early_r9+,0,0-1,0,0,0,0,0,0,0,0,0,0,0,0,0,0,0,,-1,,,0,0,0,,,,,,0.0,33,-0.265,-0.345,0.07999999999999996,-0.615,-0.6187878787878789,-0.985,0.72,0.245,0.35,9,29,0.8787878787878788,1.9952745454545455,1.99894,1.98363,Draw,3,0.0,0.7878787878787878,0.18181818181818182,0.2,2,0,2.6676530770097817,0.55,0.195,-1.256815,1,Draw,-1.255,-1.3954545454545453,33.0,7.0,7.0,0.30303030303030304,1.0,0.14285714285714285,0.8928538231363689,4.714285714285714,1.0,0.23664830002641776,0.12822969856597458,0.4675000000000001,0.0,1.0,6.0,-0.465,0.19999999999999998,1.0,-0.031652895519488675,0.15964124835860458,0.1912941438780933,1.934268645659587,5.0,0.3642857142857143,0.017663723229278765,1.0,5,0.5149311789914182,0.30099999999999993,0.14583380952303213,5,0.299199,0.14559520310607763,0.493,0.1385460212348229,5,0.46708599999999995,0.14530863134205077,0.19200000000000006,0.16788699999999995
1846,0,0,0,16,0,early,early_r9+,0,0-1,0,0,0,0,0,0,0,0,0,0,0,0,0,0,0,,-1,,,0,0,0,,,,,,0.0,33,-0.29,-0.375,0.08500000000000002,-0.66,-0.6372727272727273,-0.9,0.6100000000000001,0.16999999999999993,0.37000000000000005,6,30,0.9090909090909091,2.011313939393939,1.99198,1.92767,Draw,3,0.0,0.7878787878787878,0.18181818181818182,0.185,3,0,2.5748634428900194,0.62,0.185,-1.253835,1,Draw,-1.285,-1.4154545454545455,33.0,7.0,7.0,0.30303030303030304,1.0,0.14285714285714285,0.8928538231363689,4.714285714285714,1.0,0.4422880622040425,0.10304825559274203,0.26250000000000007,0.2,1.0,6.0,-0.44699999999999995,0.157,1.0,0.020970600765365315,-0.2544441031139776,-0.27541470387934286,1.9277741030265727,3.4,-0.0642857142857143,0.05832210396679931,1.0,5,0.2993316128347123,0.454,0.08495587089777851,5,0.5071869999999999,0.1107430263380047,0.298,0.12148045110222466,5,0.37625199999999986,0.0690964914630257,-0.15600000000000003,-0.13093500000000008
7360,0,2,0,14,0,early,early_r9+,2,2-4,1,1,1,1,2,0,0,0,0,0,1,1,1,1,2,0.1849140489094566,1,0.810841419322544,0.6259273704130874,1,0,1,0.9952703862987592,0.9952703862987592,0.07598384999999999,0.4917999999999978,0.9952703862987592,0.16337508491021102,49,-0.355,-0.445,0.09000000000000002,-0.705,-0.7080612244897959,-1.03,0.675,0.21999999999999997,0.35,13,39,0.7959183673469388,2.0536553061224487,2.0525,2.10451,PreGuard,6,0.16326530612244897,0.5714285714285714,0.24489795918367346,0.09000000000000002,6,0,2.732787889875994,0.53,0.185,-1.407255,1,PreGuard,-1.355,-1.6201020408163267,49.0,10.0,10.0,0.24489795918367346,3.0,0.3,0.8662761590494125,4.9,0.7551020408163265,0.12827363472232592,0.14178473791357768,0.3299999999999999,0.0,1.0,10.0,-0.45499999999999996,0.10000000000000005,1.0,-0.12977550052173586,-0.3119505567933437,-0.18217505627160785,1.9042060017949862,6.8,-0.10060606060606059,-0.10169510001241708,1.0,5,0.4032145102635135,0.296,0.16730959326948353,5,0.26566699999999993,0.1626052739612095,0.44000000000000006,0.16807736313971616,5,0.3755320000000001,0.1875268168689483,0.14400000000000007,0.10986500000000016
2359,1,2,0,14,0,early,early_r9+,2,2-4,1,1,1,1,2,0,0,0,0,0,1,1,1,2,2,0.23780755127623515,1,0.28430808433741367,0.04650053306117852,1,0,1,0.49405765938725,0.49405765938725,0.056204449999999996,0.24054999999999893,0.49405765938725,0.16337508491021102,49,-0.17,-0.32,0.15,-0.57,-0.5741836734693878,-0.995,0.825,0.22500000000000003,0.3999999999999999,12,35,0.7142857142857143,1.9902728571428572,1.98856,2.17051,PostGuard,6,0.16326530612244897,0.5714285714285714,0.24489795918367346,0.15,5,0,2.7568448628359707,0.54,0.225,-1.255255,1,PostGuard,-1.17,-1.4690816326530616,49.0,10.0,10.0,0.24489795918367346,3.0,0.3,0.8703002667936758,4.9,0.7551020408163265,0.23188306421332733,0.15534611805521564,0.3904166666666666,0.0,1.0,12.0,-0.377,0.207,1.0,-0.0034813111638578947,0.3218504696284539,0.3253317807923118,1.789072210807344,4.0,0.2412121212121212,-0.021690620206591557,1.0,5,0.3000395774850286,0.42099999999999993,0.19125898671696445,5,0.32915799999999995,0.1616395811133523,0.43599999999999994,0.11387493139405179,5,0.334356,0.11092890540792333,0.015000000000000013,0.005198000000000036
9378,6,5,1,11,1,early,early_r9+,2,2-4,0,2,0,2,2,-2,0,0,0,0,0,1,1,0,1,0.9286776678180683,0,1.6203221262761298,0.6916444584580616,0,2,-2,2.3910774302652773,2.3910774302652773,1.076359,0.5203500000000005,2.3910774302652773,0.16337508491021102,53,0.82,0.785,0.03499999999999992,0.44,0.44764150943396225,0.08,0.74,0.19,0.37999999999999995,11,43,0.8113207547169812,1.8741956603773586,1.86842,1.92551,Hit,5,0.3018867924528302,0.5660377358490566,0.11320754716981132,0.1449999999999999,4,1,2.6143611903341752,0.315,0.355,-0.0736,0,Hit,0.97,1.2843396226415096,53.0,11.0,10.0,0.16981132075471697,2.0,0.18181818181818182,0.9191232518801769,4.818181818181818,0.8301886792452831,0.4846062945847671,0.1040264133983391,0.3858333333333333,0.0,1.0,6.0,0.6769999999999999,0.14299999999999996,1.0,0.10583950395365507,0.1219176947493259,0.016078190795670837,1.7087303471271518,3.6,0.2490909090909091,0.11602171331089291,0.96,5,0.14986281468715112,0.1579999999999999,0.13845576911057192,5,0.147503,0.15044683565133565,0.14299999999999996,0.03251922508301816,5,0.22165699999999994,0.051943796742248256,-0.01499999999999993,0.07415399999999994
1936,0,4,0,12,0,early,early_r9+,2,2-4,1,1,1,1,2,0,0,0,0,0,0,0,2,2,2,0.14769510717098605,0,0.29406339118631974,0.1463682840153337,0,1,-1,0.2950297533813327,0.2950297533813327,0.14250975,0.03810000000000002,0.2950297533813327,0.16337508491021102,49,-0.195,-0.245,0.04999999999999999,-0.64,-0.6342857142857143,-0.95,0.7549999999999999,0.21499999999999997,0.445,6,31,0.6326530612244898,1.9508089795918369,1.9554,2.0315,Draw,6,0.16326530612244897,0.5714285714285714,0.24489795918367346,0.21000000000000002,5,0,2.677598619613132,0.525,0.17,-1.21075,1,Draw,0.8049999999999999,-0.31612244897959185,49.0,10.0,10.0,0.20408163265306123,2.0,0.2,0.8995117721846757,4.9,0.7551020408163265,0.27799119930649807,0.14060962705592925,0.3370000000000002,0.2,1.0,10.0,-0.393,0.198,1.0,-0.01983701450370981,0.03434894580846845,0.05418596031217826,1.8775315728828723,6.0,-0.003636363636363632,0.003550430960104163,1.0,5,0.06645360473333645,0.32599999999999996,0.23532955615476778,5,0.2811199999999999,0.23625638544280658,0.4459999999999999,0.08510287891722579,5,0.422177,0.10379191181156655,0.11999999999999994,0.1410570000000001
2919,3,5,1,11,1,early,early_r9+,3,2-4,1,2,1,2,3,-1,0,0,0,0,1,2,1,3,3,0.16140332760200346,1,0.3499356053676188,0.18853227776561535,1,0,1,0.3843215008622345,0.4257397396872185,0.24238925920968987,0.18032545269287167,0.4257397396872185,0.2450626273653165,59,0.865,0.85,0.015000000000000013,0.4,0.3930508474576272,-0.41,1.275,0.2950000000000001,0.46499999999999997,14,35,0.5932203389830508,1.999112372881356,2.00549,1.9511,Hit,6,0.2711864406779661,0.5084745762711864,0.2033898305084746,0.015000000000000013,5,1,2.626402130063836,0.3,0.39,-0.11055000000000004,1,Hit,1.4649999999999999,-0.23915254237288133,59.0,12.0,10.0,0.20338983050847456,4.0,0.3333333333333333,0.8861270356190684,4.916666666666667,0.7796610169491526,0.6027846447085266,0.14868682245564913,0.765,0.8,0.8,1.0,0.8619999999999999,0.0030000000000000027,0.8,0.2049015977972109,0.2606091228549679,0.05570752505775702,1.9848577626227573,4.0,0.34545454545454557,0.1921474396280463,0.9399999999999998,5,0.33298018347825825,0.28600000000000003,0.13221195104830727,5,0.329874,0.07685923988044639,0.23399999999999999,0.2188149903457256,5,0.21788199999999996,0.21068205229088685,-0.052000000000000046,-0.11199200000000004
8484,6,2,0,14,0,early,early_r9+,2,2-4,1,1,1,1,2,0,0,0,0,0,1,1,1,2,2,0.31368398599687575,1,0.5889061380228618,0.2752221520259861,1,0,1,0.8835032706477594,0.8835032706477594,0.038736349999999996,0.4400499999999994,0.8835032706477594,0.16337508491021102,49,-0.4,-0.42,0.019999999999999962,-0.71,-0.7024489795918367,-1.075,0.6749999999999999,0.16000000000000003,0.30999999999999994,16,46,0.9387755102040817,2.041721836734694,2.04497,1.84662,Draw,6,0.16326530612244897,0.5714285714285714,0.24489795918367346,0.019999999999999962,6,0,2.5270522631438737,0.605,0.175,-1.32331,1,Draw,-1.6099999999999999,-1.5079591836734694,49.0,10.0,10.0,0.24489795918367346,3.0,0.3,0.8715273076930293,4.9,0.7755102040816326,0.22271058243564693,0.11845454848181955,0.2599999999999999,0.6,1.0,3.0,-0.45199999999999996,0.05199999999999998,1.0,-0.011339356260120587,-0.0313380375036835,-0.0199986812435629,1.9749261832815417,6.2,0.015757575757575748,0.015326761428810991,1.0,5,0.34295636814259894,0.31899999999999995,0.09710818709048175,5,0.38324100000000005,0.14817432294429428,0.16099999999999995,0.12596626532528457,5,0.21773399999999996,0.16372784893688666,-0.158,-0.1655070000000001
8492,3,3,1,13,1,early,early_r9+,3,2-4,2,1,2,1,3,1,0,0,0,0,1,1,2,3,3,0.10467907626665278,0,0.33138509028743457,0.22670601402078178,0,1,-1,0.3169175658503208,0.4234805159128954,0.06929675198405766,0.37553492514012543,0.4234805159128954,0.2450626273653165,55,1.215,1.125,0.09000000000000008,0.735,0.719909090909091,0.27,0.9450000000000001,0.265,0.4800000000000001,4,30,0.5454545454545454,2.0521836363636363,2.04078,2.21558,Draw,6,0.14545454545454545,0.509090909090909,0.32727272727272727,0.19500000000000006,5,0,2.8411061503249457,0.315,0.44,0.10721000000000003,1,Draw,2.215,1.42,55.0,11.0,10.0,0.2545454545454545,3.0,0.2727272727272727,0.8296637284232604,5.0,0.7454545454545455,0.4338283647090223,0.1387789829263505,0.35250000000000004,0.0,0.8,14.0,0.959,0.25600000000000006,1.0,0.11089780852716151,0.12029928634597105,0.009401477818809534,1.9595461331149564,6.6,0.26,0.10723598071732429,0.9800000000000001,5,0.2511994198370163,0.4800000000000001,0.23,5,0.38059499999999996,0.22672147141371504,0.39100000000000007,0.16838942959699107,5,0.297829,0.16000549328069963,-0.08900000000000002,-0.08276599999999995
8250,2,4,0,12,0,early,early_r9+,3,2-4,1,2,1,2,3,-1,0,0,0,0,1,2,1,2,3,0.48763458319114444,0,0.5811856295754394,0.09355104638429496,0,2,-2,0.6226371009898182,0.706659897573374,0.2305694922667977,0.5300252090440811,0.706659897573374,0.2450626273653165,59,-0.3,-0.305,0.0050000000000000044,-0.7,-0.6846610169491526,-1.205,0.905,0.27749999999999997,0.39999999999999997,19,45,0.7627118644067796,2.0658949152542374,2.06416,1.87883,Hit,6,0.2711864406779661,0.5084745762711864,0.2033898305084746,0.0050000000000000044,5,1,2.5349578744422328,0.575,0.165,-1.239415,1,Hit,-0.8400000000000001,0.44652542372881354,59.0,12.0,10.0,0.1694915254237288,3.0,0.25,0.9262244819216503,4.916666666666667,0.7966101694915254,0.23291087110556993,0.1767643437306626,0.7249999999999999,0.8,0.8,1.0,-0.32199999999999995,0.022,0.8,0.10212706309141173,0.3028915987050981,0.2007645356136864,2.0249856818413137,6.4,0.37785527373953054,0.11628701570982317,0.9800000000000001,5,0.4147327757487198,0.23899999999999996,0.08436527721758523,5,0.30333,0.08655086820766154,0.20499999999999993,0.20211382931407737,5,0.25132000000000004,0.22219539016932818,-0.03400000000000003,-0.052009999999999945
69,5,5,1,11,1,early,early_r9+,3,2-4,2,1,2,1,3,1,0,0,0,0,1,1,2,3,3,0.11215669527054677,1,0.4037530676056827,0.2915963723351359,1,0,1,0.36543502599641425,0.3991445901014992,0.166540499372982,0.23218155731141873,0.3991445901014992,0.2450626273653165,55,1.145,1.105,0.040000000000000036,0.7,0.6963636363636362,0.33,0.815,0.2550000000000001,0.44500000000000006,8,35,0.6363636363636364,2.006032727272727,2.00776,2.21675,Draw,6,0.14545454545454545,0.509090909090909,0.32727272727272727,0.040000000000000036,4,0,2.8815948787995933,0.315,0.425,0.21141500000000002,0,Freeze,2.145,0.8887272727272727,55.0,11.0,10.0,0.2545454545454545,3.0,0.2727272727272727,0.8862870284515806,5.0,0.7454545454545455,0.4774094917730906,0.1377370490943575,0.5549999999999999,0.2,1.0,8.0,1.11,0.03499999999999996,1.0,0.025821352413155713,0.05429408769002281,0.0284727352768671,1.701296286889433,6.4,-0.043636363636363605,0.06324060529373172,1.0,5,0.17320951306174046,0.40599999999999997,0.2341580662714825,5,0.474458,0.22825809247976295,0.341,0.20209527456128212,5,0.476136,0.18818588424746413,-0.06499999999999995,0.0016780000000000128
8029,7,5,1,11,1,early,early_r9+,2,2-4,1,1,1,1,2,0,0,0,0,0,1,1,1,2,2,0.16429426210613599,1,0.4997574676190405,0.33546320551290454,1,0,1,0.6468513323013209,0.6468513323013209,0.206345,0.24904999999999688,0.6468513323013209,0.16337508491021102,49,1.105,1.015,0.09000000000000008,0.66,0.6905102040816326,0.33,0.7749999999999999,0.21500000000000008,0.44499999999999995,7,34,0.6938775510204082,1.9316151020408163,1.90677,2.04303,Draw,6,0.16326530612244897,0.5714285714285714,0.24489795918367346,0.255,6,0,2.7505560411133607,0.315,0.46,0.08564999999999989,0,Draw,2.105,1.1118367346938776,49.0,10.0,10.0,0.24489795918367346,1.0,0.1,0.896101184890089,4.9,0.7551020408163265,0.38592482564151465,0.123783622141542,0.27900000000000014,0.4,1.0,4.0,1.0369999999999997,0.06800000000000003,1.0,0.07562546724868824,0.3113034695332953,0.23567800228460709,1.8351889499449558,3.2,0.22424242424242422,0.05911692867539139,1.0,5,0.2819172247039446,0.382,0.13474976808885425,5,0.29067099999999985,0.14931128182424794,0.34199999999999997,0.16323296235748463,5,0.32307099999999983,0.2082898538215435,-0.040000000000000036,0.032399999999999984
3941,1,3,1,13,1,early,early_r9+,3,2-4,2,1,2,1,3,1,0,0,0,0,1,1,2,2,3,0.14618247991999941,1,0.17759805518079377,0.03141557526079436,1,0,1,0.32324534376532454,0.4003686924968843,0.06604636299756912,0.3471423371215655,0.4003686924968843,0.2450626273653165,55,1.105,1.015,0.09000000000000008,0.685,0.6879090909090909,0.215,0.89,0.26749999999999985,0.41999999999999993,10,36,0.6545454545454545,2.0075890909090908,2.00922,2.13166,Draw,6,0.14545454545454545,0.509090909090909,0.32727272727272727,0.13,5,0,2.7849165282589365,0.3,0.405,0.042179999999999995,0,Draw,2.105,1.1571818181818183,55.0,11.0,10.0,0.2545454545454545,2.0,0.18181818181818182,0.8838463046149181,5.0,0.7818181818181819,0.48967884571750264,0.1255763201887799,0.35,0.4,0.8,6.0,1.034,0.07100000000000002,1.0,0.020447180739360592,0.03559121899881067,0.015144038259450075,1.9010968980777825,6.4,0.04000000000000001,0.020037801094111306,0.96,5,0.21287530494045137,0.43199999999999994,0.12194260945215174,5,0.406269,0.13809682859320116,0.352,0.06806247130394251,5,0.276376,0.09932117790280179,-0.07999999999999996,-0.12989299999999998
9258,3,4,0,12,0,early,early_r9+,2,2-4,1,1,1,1,2,0,0,0,0,0,1,1,1,1,2,0.3327931615883945,0,0.8167777261415783,0.4839845645531838,0,1,-1,1.1373731874283863,1.1373731874283863,0.1015295,0.5595500000000015,1.1373731874283863,0.16337508491021102,49,-0.21,-0.23,0.020000000000000018,-0.485,-0.5089795918367347,-0.915,0.7050000000000001,0.23500000000000004,0.275,21,43,0.8775510204081632,1.9988210204081631,1.99158,1.84551,Draw,6,0.16326530612244897,0.5714285714285714,0.24489795918367346,0.020000000000000018,6,0,2.452176695781221,0.575,0.14,-1.132755,1,Draw,-0.03,0.13306122448979593,49.0,10.0,10.0,0.20408163265306123,2.0,0.2,0.8817166177362463,4.9,0.8163265306122449,0.4612883055154125,0.1261396579880834,0.5183333333333334,0.2,1.0,7.0,-0.22600000000000003,0.016000000000000014,1.0,0.015377683583990939,0.0012121212121212158,-0.014165562371869727,1.7996938463909686,5.6,0.0496969696969697,0.01648682630329735,1.0,5,0.11312490839303879,0.23700000000000002,0.2429660470106883,5,0.330457,0.21776751165520541,0.23099999999999996,0.15084760521798152,5,0.297625,0.18662467900173338,-0.006000000000000061,-0.03283200000000003
3481,1,2,0,14,0,early,early_r9+,2,2-4,1,1,1,1,2,0,0,0,0,0,0,0,2,2,2,0.07990686960612113,1,0.47478824047240886,0.3948813708662877,1,0,1,0.3987511840301398,0.3987511840301398,0.0031944,0.19934999999999903,0.3987511840301398,0.16337508491021102,49,-0.1,-0.28,0.18000000000000002,-0.58,-0.576122448979592,-0.87,0.77,0.19500000000000006,0.48,4,27,0.5510204081632653,1.9839391836734694,1.99095,2.1166,PostGuard,6,0.16326530612244897,0.5714285714285714,0.24489795918367346,0.225,6,0,2.729209478948329,0.57,0.21,-1.1583,1,PostGuard,-1.1,-1.752857142857143,49.0,10.0,10.0,0.22448979591836732,2.0,0.2,0.9065134939432697,4.9,0.7551020408163265,0.12460907402107843,0.14599359350951796,0.20124999999999998,0.2,1.0,8.0,-0.333,0.233,1.0,-0.064260314168986,0.3525901314201159,0.41685044558910195,1.9303827611896502,5.4,0.1684848484848485,-0.0362490953596659,1.0,5,0.22974702993058066,0.34099999999999997,0.15985931314752988,5,0.3099139999999999,0.14569455992761018,0.36,0.22948311484725847,5,0.3009759999999999,0.2144553170068301,0.019000000000000017,-0.008938000000000001
8790,2,5,1,11,1,early,early_r9+,2,2-4,1,1,1,1,2,0,0,0,0,0,1,2,0,1,1,0.12851610515452713,1,1.6348184341082035,1.5063023289536763,1,0,1,1.5502562044817274,1.5502562044817274,0.75474235,0.17660000000000053,1.5502562044817274,0.16337508491021102,49,0.96,0.885,0.07499999999999996,0.645,0.6532653061224489,0.44,0.52,0.20499999999999996,0.31499999999999995,16,48,0.9795918367346939,1.8305108163265307,1.84303,1.86236,Hit,6,0.16326530612244897,0.5714285714285714,0.24489795918367346,0.07499999999999996,6,1,2.5886318905679016,0.28,0.4,0.028819999999999957,1,Hit,0.7,0.5658163265306122,49.0,10.0,10.0,0.24489795918367346,2.0,0.2,0.9059899617276457,4.9,0.7755102040816326,0.2270174009042163,0.10548412037417158,0.2312500000000001,0.2,1.0,6.0,0.835,0.12499999999999996,1.0,-0.2157611607992699,-0.1867048825829637,0.029056278216306224,1.7717131969695763,4.0,-0.31151515151515147,-0.17779541482006195,1.0,5,0.3451882399229952,0.32599999999999996,0.1583271928633866,5,0.3629779999999999,0.18558709497160628,0.18299999999999988,0.07429670248402685,5,0.15113799999999988,0.08289404838406673,-0.14300000000000007,-0.21184000000000003
8205,1,3,1,13,1,early,early_r9+,3,2-4,2,1,2,1,3,1,0,0,0,0,1,1,2,3,3,0.2724483675873263,1,0.42051353340409847,0.14806516581677215,2,0,2,0.607628647482161,0.6144641887223689,0.24860797363765752,0.2790516439657717,0.6144641887223689,0.2450626273653165,55,1.1,1.095,0.0050000000000001155,0.65,0.6556363636363637,0.24,0.8600000000000001,0.2649999999999999,0.45000000000000007,9,30,0.5454545454545454,2.0392520000000003,2.02889,2.21585,Hit,6,0.14545454545454545,0.509090909090909,0.32727272727272727,0.0050000000000001155,5,1,2.8522980206638793,0.335,0.415,-0.0068150000000000155,0,Draw,-0.8299999999999998,-0.5232727272727273,55.0,11.0,10.0,0.2909090909090909,2.0,0.18181818181818182,0.876079657556174,5.0,0.7454545454545455,0.21616021225316526,0.16581835071876302,0.25749999999999995,0.0,1.0,6.0,0.96,0.1400000000000001,1.0,0.1681498407489323,0.2573101728604991,0.08916033211156682,2.0221864706603987,2.8,0.13636363636363638,0.1448861214394824,0.9800000000000001,5,0.2931361259661511,0.4330000000000001,0.1147606204235582,5,0.34969399999999995,0.11693414762164223,0.32600000000000007,0.250908349801277,5,0.26088999999999996,0.19369599837761228,-0.10700000000000004,-0.088804
2133,7,4,0,12,0,early,early_r9+,2,2-4,0,2,0,2,2,-2,0,0,0,0,1,1,1,2,2,0.4805171459833648,0,0.5635809079457899,0.08306376196242504,0,2,-2,0.9726717367339291,0.9726717367339291,0.02386450000000001,0.48574999999999946,0.9726717367339291,0.16337508491021102,53,-0.47,-0.565,0.09499999999999997,-0.825,-0.8471698113207546,-1.28,0.81,0.22999999999999998,0.355,12,42,0.7924528301886793,2.0540501886792453,2.0445,2.04184,Hit,5,0.3018867924528302,0.5660377358490566,0.11320754716981132,0.09499999999999997,5,1,2.7115674915100163,0.57,0.19,-1.49092,1,Hit,-0.375,0.5845283018867924,53.0,11.0,10.0,0.20754716981132076,3.0,0.2727272727272727,0.8811125022129535,4.818181818181818,0.8113207547169811,0.30284628792239626,0.1321485342554028,0.3868750000000002,0.2,1.0,2.0,-0.588,0.11800000000000002,1.0,0.15279399129405657,0.26659790638903796,0.11380391509498144,1.7486189218827508,3.6,0.3145454545454546,0.1611492974545055,0.96,5,0.26458260405288175,0.359,0.04852834223420371,5,0.37252100000000005,0.10835786902666554,0.305,0.09855201672213512,5,0.2923159999999999,0.17933281439128765,-0.05399999999999999,-0.08020500000000014
9945,2,3,1,13,1,early,early_r9+,3,2-4,2,1,2,1,3,1,0,0,0,0,1,2,1,2,3,0.1906852684635088,0,0.500669330206076,0.30998406174256715,0,1,-1,0.6289169397750434,0.6447268563145011,0.1513222850127355,0.46664544951767806,0.6447268563145011,0.2450626273653165,55,1.135,1.085,0.050000000000000044,0.67,0.6473636363636363,0.225,0.91,0.23750000000000004,0.46499999999999997,6,32,0.5818181818181818,2.0466641818181817,2.04914,1.97908,Draw,6,0.14545454545454545,0.509090909090909,0.32727272727272727,0.050000000000000044,5,0,2.6803045964532335,0.285,0.395,0.14546000000000003,1,Draw,2.135,1.1478181818181816,55.0,11.0,10.0,0.2545454545454545,2.0,0.18181818181818182,0.9059189317933996,5.0,0.7090909090909091,0.4364895183761968,0.1445696526731484,0.33999999999999997,0.2,1.0,6.0,0.9359999999999999,0.199,1.0,0.16755760819326612,0.3413879968902217,0.17383038869695555,1.9047616454543335,5.4,0.36181818181818187,0.09808965499478335,0.9199999999999999,5,0.31156348834256553,0.34199999999999997,0.1671675805890604,5,0.39005700000000004,0.16278016255060077,0.421,0.15505644133669522,5,0.48524700000000004,0.1786913501194168,0.07900000000000001,0.09519
7226,1,5,1,11,1,early,early_r9+,3,2-4,1,2,1,2,3,-1,0,0,0,0,1,2,1,2,3,0.038446136680947596,0,0.35993750543283287,0.3214913687518853,0,1,-1,0.39341211618230837,0.45921762908773883,0.19127369274266537,0.3536643323831234,0.45921762908773883,0.2450626273653165,59,0.925,0.82,0.1050000000000001,0.44,0.43838983050847463,0.015,0.91,0.19250000000000006,0.48500000000000004,4,31,0.5254237288135594,1.992779661016949,1.97886,2.11172,Hit,6,0.2711864406779661,0.5084745762711864,0.2033898305084746,0.18000000000000005,6,1,2.7561190500657062,0.345,0.385,-0.13085999999999998,1,Hit,1.075,1.2183050847457628,59.0,12.0,10.0,0.1694915254237288,4.0,0.3333333333333333,0.8923207229101673,4.916666666666667,0.8135593220338982,0.43873688724397997,0.12518698782786755,0.4700000000000001,0.0,1.0,6.0,0.645,0.2800000000000001,1.0,0.0964892115649513,-0.014447730945321702,-0.11093694251027302,1.9270736531432295,4.6,0.00839160839160839,0.060748851588860696,1.0,5,0.1375270316752593,0.25,0.10588909292273684,5,0.16078699999999996,0.0942199153311018,0.404,0.033429029300893545,5,0.34014599999999995,0.05677467111309406,0.15400000000000003,0.179359
368,6,2,0,14,0,early,early_r9+,2,2-4,1,1,1,1,2,0,0,0,0,0,0,0,2,2,2,0.1255820168694541,0,0.3139090381413225,0.18832702127186837,0,1,-1,0.31102611728536733,0.31102611728536733,0.08067595,0.132950000000001,0.31102611728536733,0.16337508491021102,49,-0.4,-0.415,0.014999999999999958,-0.715,-0.6862244897959183,-1.075,0.6749999999999999,0.22000000000000008,0.31499999999999995,17,45,0.9183673469387755,2.0086238775510203,2.01144,2.1166,PostGuard,6,0.16326530612244897,0.5714285714285714,0.24489795918367346,0.014999999999999958,6,0,2.7692619961091762,0.57,0.175,-1.36009,0,Freeze,0.6,-0.02255102040816325,49.0,10.0,10.0,0.24489795918367346,3.0,0.3,0.8855988876028554,4.9,0.7551020408163265,0.0768518121508796,0.14822598254013195,0.18700000000000006,0.2,1.0,10.0,-0.484,0.08399999999999999,1.0,0.057853601149785404,-0.03034027378686366,-0.08819387493664906,1.9289912127723077,5.2,-0.04484848484848484,0.0361901043494889,1.0,5,0.5032905513152314,0.16199999999999998,0.06723094525588648,5,0.206104,0.08261733810163589,0.14399999999999996,0.07821444879304595,5,0.19305899999999993,0.08359912719341044,-0.018000000000000016,-0.013045000000000084
2628,1,5,1,11,1,early,early_r9+,2,2-4,1,1,1,1,2,0,0,0,0,0,1,2,0,2,2,0.4481371239710028,0,0.5826850451221502,0.13454792115114744,0,1,-1,0.5194003900037041,0.5194003900037041,0.246778,0.08089999999999975,0.5194003900037041,0.16337508491021102,49,1.075,0.965,0.10999999999999999,0.535,0.5216326530612244,-0.005,1.0799999999999998,0.29500000000000004,0.5399999999999999,6,22,0.4489795918367347,1.9239369387755103,1.93057,1.9492,Hit,6,0.16326530612244897,0.5714285714285714,0.24489795918367346,0.125,4,1,2.6128954516391105,0.325,0.4,0.10039999999999993,1,Hit,0.135,1.1585714285714286,49.0,10.0,10.0,0.24489795918367346,3.0,0.3,0.8604674099938527,4.9,0.7551020408163265,0.6438366164259277,0.14575730387770716,0.6308333333333334,0.4,1.0,6.0,0.924,0.15099999999999997,1.0,0.09411024820623486,0.0802804305181577,-0.013829817688077162,1.7998919366154928,4.8,0.12727272727272726,0.08928120064247538,1.0,5,0.3050932067474431,0.37099999999999994,0.31879460472222554,5,0.3234349999999999,0.33156822559618104,0.472,0.3398087697514589,5,0.4465009999999999,0.35880340826140433,0.10100000000000003,0.12306600000000001
8575,6,3,1,13,1,early,early_r9+,3,2-4,2,1,2,1,3,1,0,0,0,0,1,1,2,3,3,0.34279791224714223,1,0.369567340492313,0.026769428245170757,1,0,1,0.5597416621978387,0.6012210988147441,0.2494329806155286,0.29123191598602177,0.6012210988147441,0.2450626273653165,55,0.97,0.945,0.025000000000000022,0.645,0.6493636363636365,0.285,0.685,0.21750000000000003,0.32499999999999996,20,45,0.8181818181818182,2.0582658181818183,2.08302,2.12817,PostGuard,6,0.14545454545454545,0.509090909090909,0.32727272727272727,0.025000000000000022,6,0,2.823425306965738,0.335,0.44,-0.06471499999999997,0,Draw,-0.030000000000000027,-0.042363636363636374,55.0,11.0,10.0,0.2545454545454545,3.0,0.2727272727272727,0.8644567829976848,5.0,0.7272727272727273,0.5638637043906733,0.10736353635218795,0.5025,0.0,1.0,11.0,0.8880000000000001,0.08199999999999999,0.6,0.04432967211543655,0.04678837291474056,0.0024587007993040143,1.921841855195058,5.6,0.02363636363636366,0.05523955430095454,0.9800000000000001,5,0.2452749949358876,0.17899999999999994,0.1482143717727805,5,0.19310299999999989,0.15636320437526213,0.29699999999999993,0.23303969618929732,5,0.323997,0.23382370981147316,0.118,0.1308940000000001
9731,3,5,1,11,1,early,early_r9+,4,2-4,3,1,3,1,4,2,0,0,0,0,1,3,1,4,4,0.2792001854745053,1,0.3200971912855416,0.04089700581103628,3,0,3,0.35628812002828475,0.42004894638921086,0.2860709914198605,0.2442838551255479,0.42004894638921086,0.32675016982042204,61,1.3,1.235,0.06499999999999995,0.805,0.8180327868852459,0.32,0.98,0.265,0.495,5,32,0.5245901639344263,2.095454426229508,2.11421,2.14942,Hit,6,0.13114754098360656,0.45901639344262296,0.39344262295081966,0.06499999999999995,5,1,2.86021575325023,0.265,0.45,0.22529,1,Hit,-1.6300000000000001,-1.2683606557377052,61.0,13.0,10.0,0.29508196721311475,5.0,0.38461538461538464,0.8203165677939104,4.6923076923076925,0.8032786885245902,0.20448042636542518,0.17998338850821408,0.33999999999999997,0.6,1.0,6.0,1.23,0.07000000000000002,0.4,0.15322023563086096,0.12824947780321874,-0.024970757827642198,1.8470848698201987,4.6,0.2010989010989011,0.11685971253972746,0.9400000000000001,5,0.4533409396226793,0.3320000000000001,0.2504895207388924,5,0.31541800000000003,0.24424468350406325,0.43500000000000005,0.2485206228867134,5,0.425966,0.24191994567935074,0.10299999999999998,0.11054799999999998
2742,6,2,0,14,0,early,early_r9+,2,2-4,1,1,1,1,2,0,0,0,0,0,0,0,2,1,2,0.08107309676953167,1,0.7689017647242032,0.6878286679546716,1,0,1,0.6898587268500722,0.6898587268500722,0.095136025,0.33155,0.6898587268500722,0.16337508491021102,49,-0.345,-0.39,0.04500000000000004,-0.655,-0.6421428571428571,-0.87,0.525,0.19999999999999996,0.31000000000000005,19,46,0.9387755102040817,1.9851410204081636,2.00759,1.94061,PreGuard,6,0.16326530612244897,0.5714285714285714,0.24489795918367346,0.04500000000000004,6,0,2.5856603676915597,0.595,0.145,-1.315305,1,PreGuard,-1.345,-1.7063265306122453,49.0,10.0,10.0,0.16326530612244897,1.0,0.1,0.9482437640445063,4.9,0.7551020408163265,0.17852955505970386,0.11482578207887215,0.19041666666666657,0.4,1.0,4.0,-0.43899999999999995,0.09400000000000003,1.0,0.06311728557619121,-0.13292930046356466,-0.19604658603975594,1.8913191831388705,7.2,-0.06666666666666667,0.057410569820475224,1.0,5,0.3931932508345426,0.24,0.15684387141358122,5,0.24367300000000003,0.17301469195562555,0.187,0.1776091213873882,5,0.20996399999999998,0.19774063610573323,-0.05299999999999999,-0.033709000000000044
4917,5,4,0,12,0,early,early_r9+,2,2-4,2,0,2,0,2,2,0,0,0,0,1,2,0,1,2,0.49934925633368105,1,0.7726414407110191,0.2732921843773381,2,0,2,0.4862090079389723,0.4862090079389723,0.2148505,0.11374999999999957,0.4862090079389723,0.16337508491021102,45,0.07,-0.075,0.14500000000000002,-0.32,-0.3462222222222222,-0.94,1.01,0.305,0.39,11,31,0.6888888888888889,1.9886628888888889,1.98856,2.08689,PreGuard,4,0.0,0.5777777777777777,0.4,0.14500000000000002,3,0,2.724101443508719,0.51,0.245,-0.9734449999999999,1,PreGuard,-1.93,-2.9939999999999998,45.0,9.0,9.0,0.22222222222222224,2.0,0.22222222222222224,0.8991633967729635,5.0,0.8222222222222222,0.32039355179044293,0.15123600678861376,0.515,0.0,1.0,10.0,-0.118,0.188,1.0,0.01887008217897094,0.4527218774442283,0.4338517952652574,1.8323946863684952,4.8,0.3,0.00919037445155202,1.0,5,0.12568974152435552,0.37,0.17313289693180783,5,0.365779,0.14588572511558484,0.328,0.06515366451704771,5,0.2878070000000001,0.054467121802974,-0.04199999999999998,-0.07797199999999993
9700,3,3,1,13,1,early,early_r9+,3,2-4,1,2,1,2,3,-1,0,0,0,0,1,1,2,2,3,0.11397503923666737,1,0.3000798390090391,0.18610479977237177,1,0,1,0.31295453639864923,0.433241217352845,0.07433485875563361,0.39164031400706995,0.433241217352845,0.2450626273653165,59,1.12,0.955,0.16500000000000015,0.625,0.6250847457627119,0.215,0.9050000000000001,0.17500000000000004,0.4950000000000001,5,31,0.5254237288135594,2.0693416949152543,2.07017,1.98887,Hit,6,0.2711864406779661,0.5084745762711864,0.2033898305084746,0.16500000000000015,5,1,2.698680539801127,0.275,0.4,0.12556500000000015,1,Hit,0.2300000000000001,-0.21118644067796608,59.0,12.0,10.0,0.20338983050847456,6.0,0.5,0.8149190762157129,4.916666666666667,0.7457627118644068,0.422010185158623,0.1440347578223063,0.7650000000000001,0.8,0.8,1.0,1.073,0.04700000000000002,0.8,0.07967010427675465,0.09103607605442425,0.011365971777669615,1.794308593542485,3.6,0.12867132867132866,0.06075154912736931,0.9800000000000001,5,0.18225511135371922,0.23400000000000004,0.34099853372118777,5,0.25865400000000005,0.3592746011305281,0.21600000000000005,0.218500572081631,5,0.23203800000000005,0.22021457406924735,-0.017999999999999988,-0.026616
3228,6,2,0,14,0,early,early_r9+,2,2-4,1,1,1,1,2,0,0,0,0,0,1,1,1,2,2,0.1649220044778728,0,0.5735178327249109,0.40859582824703805,0,1,-1,0.6752122499965441,0.6752122499965441,0.06744816999999999,0.3308,0.6752122499965441,0.16337508491021102,49,-0.225,-0.365,0.13999999999999999,-0.565,-0.5823469387755102,-0.86,0.635,0.16500000000000004,0.33999999999999997,8,43,0.8775510204081632,2.013399387755102,2.00759,1.97848,PostGuard,6,0.16326530612244897,0.5714285714285714,0.24489795918367346,0.13999999999999999,6,0,2.6311063477747076,0.535,0.19,-1.21424,1,PostGuard,0.775,0.14387755102040814,49.0,10.0,10.0,0.20408163265306123,2.0,0.2,0.9061486570556518,4.9,0.7959183673469388,0.4181662658072988,0.10237820216766047,0.3094444444444445,0.0,1.0,4.0,-0.386,0.161,1.0,0.007326793737498597,0.21174280676629514,0.20441601302879656,1.9309716824636525,5.0,0.21454545454545446,0.00641085811541779,1.0,5,0.42067604629139915,0.472,0.12622400722525012,5,0.47759699999999994,0.15795398596585017,0.39499999999999996,0.041079191812887474,5,0.376328,0.04977702602606966,-0.07700000000000001,-0.10126899999999994
6781,0,5,1,11,1,early,early_r9+,4,2-4,2,2,2,2,4,0,0,0,0,0,1,2,2,2,3,0.10827899174821144,0,0.28100854119581625,0.17272954944760482,0,1,-1,0.3864635110615343,0.7218079165244499,0.6847301187514427,0.4363055774053295,0.7218079165244499,0.32675016982042204,65,1.08,1.01,0.07000000000000006,0.64,0.6427692307692308,0.31,0.77,0.265,0.44000000000000006,10,40,0.6153846153846154,2.0710896923076927,2.08221,1.93484,Hit,6,0.24615384615384617,0.46153846153846156,0.27692307692307694,0.07000000000000006,5,1,2.5934722685602893,0.3,0.39,0.11258000000000012,1,Hit,1.3800000000000001,1.5883076923076922,65.0,13.0,10.0,0.21538461538461542,4.0,0.3076923076923077,0.8563228870047231,5.0,0.7230769230769231,0.309314177302548,0.15616048122094878,0.34125000000000016,0.0,0.8,7.0,0.8699999999999999,0.2100000000000001,0.8,-0.018814175346191113,-0.024414762781817537,-0.005600587435626419,1.8655361453628145,4.2,-0.06712069765086792,0.016994325920820706,0.9800000000000001,5,0.10758033961182269,0.28300000000000003,0.017888543819998316,5,0.3278740000000001,0.01990324106772564,0.394,0.22864820139244482,5,0.40075600000000017,0.21325494265667097,0.11099999999999999,0.07288200000000006
7332,3,3,1,13,1,early,early_r9+,2,2-4,1,1,1,1,2,0,0,0,0,0,1,1,1,1,1,0.24332996929272774,0,1.320607251835307,1.0772772825425792,0,1,-1,1.2058582227923818,1.2058582227923818,0.47821300000000005,0.3672000000000004,1.2058582227923818,0.16337508491021102,49,1.215,1.205,0.010000000000000009,0.825,0.8090816326530613,0.285,0.9300000000000002,0.17000000000000004,0.3900000000000001,7,39,0.7959183673469388,2.1670495918367347,2.16374,2.25583,Draw,6,0.16326530612244897,0.5714285714285714,0.24489795918367346,0.010000000000000009,6,0,2.889468983342783,0.305,0.445,0.14163500000000018,0,Hit,-0.6749999999999998,1.2623469387755102,49.0,10.0,10.0,0.20408163265306123,3.0,0.3,0.898499346651062,4.9,0.7551020408163265,0.5153633532076485,0.13022040373791513,0.915,1.0,1.0,1.0,1.215,0.0,1.0,0.1561453870731168,0.4055774245129012,0.2494320374397844,1.9631450854041197,3.4,0.263030303030303,0.1329985845146663,1.0,5,0.21821788619608334,0.281,0.27084128193464163,5,0.3490630000000002,0.29799538095413497,0.267,0.40533319627190667,5,0.28646600000000016,0.3447152419461606,-0.014000000000000012,-0.06259700000000001
244,4,4,0,12,0,early,early_r9+,4,2-4,2,2,2,2,4,0,0,0,0,0,1,3,1,2,4,0.23032821046289606,1,0.5397828488901824,0.30945463842728627,1,0,1,0.33419976651314487,0.5343560070464721,0.2069856144274766,0.5110553492528983,0.5343560070464721,0.32675016982042204,65,-0.13,-0.135,0.0050000000000000044,-0.39,-0.4010769230769231,-0.875,0.745,0.175,0.26,32,60,0.9230769230769231,2.035795076923077,2.0489,1.94759,PostGuard,6,0.24615384615384617,0.46153846153846156,0.27692307692307694,0.0050000000000000044,6,0,2.611825607374373,0.55,0.19,-1.1037949999999999,1,PostGuard,-1.13,-1.3266153846153848,65.0,13.0,10.0,0.21538461538461542,4.0,0.3076923076923077,0.8773656834710964,5.0,0.7230769230769231,0.38211556859375945,0.11570188070175617,0.56,0.4,1.0,8.0,-0.202,0.072,0.2,-0.02440014329735617,0.007544243565171904,0.031944386862528075,1.8460482540588807,4.2,-0.16263736263736264,-0.053115431429518224,0.9399999999999998,5,0.18618822104138785,0.196,0.08813342158341524,5,0.22247400000000006,0.1275424125242268,0.24699999999999997,0.09018037480516483,5,0.28418900000000014,0.1017330545717566,0.05099999999999996,0.061715000000000075
8134,3,2,0,14,0,early,early_r9+,2,2-4,1,1,1,1,2,0,0,0,0,0,1,1,1,2,2,0.07117748397491992,1,0.49044250347619994,0.41926501950128003,1,0,1,0.4959350652666136,0.4959350652666136,0.0229845,0.24690000000000012,0.4959350652666136,0.16337508491021102,49,-0.415,-0.485,0.07,-0.695,-0.7066326530612245,-1.02,0.605,0.17500000000000004,0.27999999999999997,21,45,0.9183673469387755,2.043979183673469,2.04392,1.93721,Hit,6,0.16326530612244897,0.5714285714285714,0.24489795918367346,0.07,6,1,2.653740212752708,0.59,0.15,-1.383605,1,Hit,-0.585,-1.4833673469387756,49.0,10.0,10.0,0.24489795918367346,2.0,0.2,0.8874225915015336,4.9,0.8367346938775511,0.17163664455903782,0.12555031253624196,0.31000000000000005,0.2,1.0,2.0,-0.48200000000000004,0.06700000000000002,1.0,0.03268806912590264,0.10996949327669622,0.07728142415079357,1.9845559233952734,6.2,0.23151515151515145,0.048759754733426613,1.0,5,0.23606175539997798,0.42799999999999994,0.17203197377231944,5,0.46365599999999996,0.20264068475382713,0.21200000000000002,0.1738030494554109,5,0.25945100000000004,0.18055818125330134,-0.21599999999999991,-0.20420499999999991
95,3,6,0,10,0,mid,early_r9+,2,2-4,0,2,0,2,2,-2,0,0,0,0,1,1,1,2,2,0.4027239974034825,0,0.449823359409282,0.04709936200579945,0,2,-2,0.8447773418671304,0.8447773418671304,0.02411015,0.4217000000000013,0.8447773418671304,0.16337508491021102,53,-0.5,-0.61,0.10999999999999999,-0.885,-0.8883962264150942,-1.275,0.7749999999999999,0.2499999999999999,0.385,11,38,0.7169811320754716,1.9658571698113205,1.96784,2.03961,Draw,5,0.3018867924528302,0.5660377358490566,0.11320754716981132,0.11499999999999999,4,0,2.702770532794904,0.575,0.175,-1.519805,1,Draw,1.5,0.6700943396226416,53.0,11.0,10.0,0.2641509433962264,3.0,0.2727272727272727,0.863250190396883,4.818181818181818,0.8490566037735849,0.3043495447922068,0.13076641866736002,0.6599999999999999,0.0,1.0,8.0,-0.625,0.125,0.6,0.006752300291973945,0.05270076301912978,0.045948462727155824,1.8005628968287515,5.2,0.19636363636363638,0.005914821237123213,1.0,5,0.5067212227194473,0.36199999999999993,0.05155094567512804,5,0.3200409999999998,0.052414289010726936,0.303,0.05415256226624925,5,0.23620099999999997,0.045134745817385434,-0.05899999999999994,-0.08383999999999983
5208,6,9,1,7,1,mid,mid_r5-8,2,2-4,1,1,1,1,2,0,0,0,0,0,0,2,0,0,1,1.077018449666022,0,1.847112937234754,0.7700944875687319,0,1,-1,2.7303911483304,2.7303911483304,1.3651955,0.0004500000000007276,2.7303911483304,0.16337508491021102,49,1.04,0.96,0.08000000000000007,0.515,0.5152040816326531,0.08,0.9600000000000001,0.20999999999999996,0.525,5,17,0.3469387755102041,1.6450302040816327,1.64602,1.79399,Hit,6,0.16326530612244897,0.5714285714285714,0.24489795918367346,0.19500000000000006,4,1,2.553030404062179,0.29,0.44,0.14300500000000005,1,Hit,0.12,0.9291836734693877,49.0,10.0,10.0,0.20408163265306123,2.0,0.2,0.9083881234886186,4.9,0.8775510204081632,0.39140003850339355,0.1468765080943815,0.5799999999999998,0.0,1.0,6.0,0.782,0.25800000000000006,1.0,0.03269398977267425,0.3636135543922418,0.33091956461956756,1.520633491002741,4.2,0.1806060606060606,-0.0026936687437189325,1.0,5,0.1535392207410549,0.34500000000000003,0.09246621004453466,5,0.26093200000000005,0.06920706679956892,0.3,0.0,5,0.22647500000000012,0.0,-0.04500000000000004,-0.03445699999999993
9141,4,8,0,8,0,mid,mid_r5-8,5,5-8,3,2,3,1,4,2,0,0,0,0,1,3,1,3,4,0.05508657736917402,0,0.42847979999890595,0.37339322262973196,0,1,-1,0.43404741599639834,0.7173430680405914,0.814159370844731,0.37880201372220745,0.5548773361511586,0.32675016982042204,65,0.035,0.005,0.030000000000000002,-0.435,-0.40284615384615385,-0.84,0.875,0.22000000000000003,0.47,9,41,0.6307692307692307,1.7754789230769232,1.77183,1.90099,Draw,6,0.18461538461538463,0.4307692307692308,0.36923076923076925,0.14,6,0,2.551206432432474,0.52,0.23,-0.858855,0,Draw,1.035,0.5809230769230769,65.0,13.0,10.0,0.26153846153846155,4.0,0.3076923076923077,0.8374793262669324,5.0,0.7538461538461538,0.22095547782511266,0.14349724963688873,0.34875,0.0,1.0,17.0,-0.15699999999999997,0.192,0.6,0.03651741092061135,0.16873682314032099,0.13221941221970965,1.7081315642914858,5.6,0.18574907544207397,0.039564648223804524,0.9200000000000002,5,0.31591942358001823,0.522,0.04604345773288541,5,0.4703479999999999,0.05907255629731965,0.27,0.1476058941912551,5,0.28320099999999987,0.10404787848630069,-0.252,-0.187147
4339,6,6,0,10,0,mid,early_r9+,1,0-1,0,1,0,1,1,-1,0,0,0,0,1,1,0,1,1,0.4688992155634291,0,,,0,1,-1,,,,,,0.08168754245510551,43,-0.45,-0.45,0.0,-0.85,-0.831046511627907,-1.16,0.71,0.2549999999999999,0.39999999999999997,11,32,0.7441860465116279,1.9194474418604652,1.93845,1.94615,Hit,5,0.18604651162790697,0.6511627906976745,0.13953488372093023,0.14499999999999996,4,1,2.595291270189953,0.57,0.125,-1.423075,1,Hit,-0.62,-0.2430232558139535,43.0,9.0,9.0,0.27906976744186046,3.0,0.3333333333333333,0.8568910781292087,4.777777777777778,0.8604651162790697,0.4089501689207598,0.12829244097358034,0.4849999999999999,0.4,1.0,4.0,-0.52,0.06999999999999999,1.0,0.01486984751578781,0.06193920454961307,0.04706935703382527,1.8265469345534235,5.0,0.10666666666666665,0.05756533210038457,1.0,5,0.2906983832406566,0.12,0.09340770846134702,5,0.06159199999999996,0.08126453174663598,0.17899999999999996,0.21544720931123704,5,0.16535199999999986,0.22159893427090302,0.05899999999999997,0.10375999999999991
2703,4,8,0,8,0,mid,mid_r5-8,6,5-8,3,3,3,3,6,0,0,0,0,0,1,3,3,4,6,0.036685156139776826,0,0.30955523519864997,0.27287007905887317,0,1,-1,0.33491558345244204,0.43133120663520486,0.3499645842267551,0.4624040504075793,0.43133120663520486,0.490125254730633,81,-0.11,-0.17,0.06000000000000001,-0.57,-0.5731481481481481,-1.41,1.2999999999999998,0.25999999999999995,0.45999999999999996,11,53,0.654320987654321,1.9540114814814817,1.94553,2.06104,Hit,6,0.2962962962962963,0.3950617283950617,0.2962962962962963,0.06000000000000001,5,1,2.711723720825607,0.5,0.215,-1.1405200000000002,1,Hit,-2.11,-0.0398148148148148,81.0,17.0,10.0,0.16049382716049382,6.0,0.35294117647058826,0.8936488047203094,4.764705882352941,0.7037037037037037,0.2646070548407712,0.17372355773790119,0.6950000000000001,0.4,0.4,1.0,-0.238,0.128,0.4,0.06063505417007947,0.3856993369261861,0.3250642827561066,1.9109703844130248,8.2,0.41158619995695506,0.05004598290925418,0.86,5,0.1324443322964016,0.404,0.16942549985170474,5,0.33831599999999984,0.16571735392679915,0.367,0.033837848631377274,5,0.3287029999999998,0.06402575200651697,-0.03700000000000003,-0.009613000000000038
2049,6,9,1,7,1,mid,mid_r5-8,2,2-4,1,1,1,1,2,0,0,0,0,0,0,1,1,0,2,0.8548191951518193,0,1.0772302981818695,0.2224111030300503,0,1,-1,1.4957701232077765,1.4957701232077765,0.2444705,0.7068000000000012,1.4957701232077765,0.16337508491021102,49,1.15,1.14,0.010000000000000009,0.495,0.5375510204081633,0.01,1.14,0.27,0.6549999999999999,5,13,0.2653061224489796,1.8635191836734695,1.87584,1.68449,Hit,6,0.16326530612244897,0.5714285714285714,0.24489795918367346,0.2749999999999999,3,1,2.4268589797721836,0.27,0.475,0.3077549999999999,1,Hit,0.04499999999999993,1.0259183673469388,49.0,10.0,10.0,0.2653061224489796,3.0,0.3,0.8572051678035117,4.9,0.7551020408163265,0.7191540087105885,0.13735685155058136,0.7958333333333334,0.4,1.0,6.0,1.1099999999999999,0.039999999999999994,1.0,0.24766863122817379,0.42848761729320917,0.18081898606503546,1.7935752369776459,1.8,0.33575757575757575,0.2230404523444561,1.0,5,0.12067286543444797,0.3009999999999998,0.2392017976521079,5,0.35116299999999984,0.2115340895872342,0.03999999999999999,0.07842193570679057,5,0.11159499999999993,0.13443028560372838,-0.26099999999999984,-0.2395679999999999
464,2,8,0,8,0,mid,mid_r5-8,4,2-4,2,2,2,2,4,0,0,0,0,0,1,2,2,3,4,0.11945215270261998,0,0.4448917990326278,0.3254396463300078,0,1,-1,0.40438422178944033,0.4064382330682452,0.17452957594887747,0.41587290952284905,0.4064382330682452,0.32675016982042204,65,-0.305,-0.4,0.09500000000000003,-0.78,-0.7682307692307692,-1.11,0.8050000000000002,0.22499999999999998,0.47500000000000003,10,37,0.5692307692307692,1.869733384615385,1.872,2.03273,Draw,6,0.24615384615384617,0.46153846153846156,0.27692307692307694,0.09500000000000003,5,0,2.6653921516613894,0.54,0.15,-1.31864,0,Hit,0.6950000000000001,0.06169230769230769,65.0,13.0,10.0,0.23076923076923078,4.0,0.3076923076923077,0.8880115887077416,5.0,0.6923076923076923,0.4360834845631111,0.13717570852496122,0.5058333333333334,0.0,1.0,15.0,-0.43,0.125,1.0,0.19329119336683914,0.26879130528562134,0.07550011191878223,1.6980890762820493,5.2,0.2923076923076923,0.17062581116931322,0.9400000000000001,5,0.1741252640837138,0.359,0.2619971373889417,5,0.2952339999999999,0.23963598483950618,0.18499999999999997,0.08215838362577486,5,0.13245499999999985,0.059154036210557995,-0.17400000000000002,-0.16277900000000003
5456,7,9,1,7,1,mid,mid_r5-8,1,0-1,0,1,0,1,1,-1,0,0,0,0,1,1,0,1,1,0.4267899141040683,0,,,0,1,-1,,,,,,0.08168754245510551,43,0.98,0.86,0.12,0.37,0.35732558139534887,-0.065,1.045,0.3999999999999999,0.61,4,13,0.3023255813953488,1.769276511627907,1.77133,1.62468,Hit,5,0.18604651162790697,0.6511627906976745,0.13953488372093023,0.21499999999999997,3,1,2.3869417432149973,0.285,0.41,0.16766000000000003,1,Hit,0.030000000000000027,1.0782558139534884,43.0,9.0,9.0,0.20930232558139536,2.0,0.22222222222222224,0.911698881949819,4.777777777777778,0.9069767441860466,0.6745594338071049,0.14515768478664132,0.6497916666666668,0.0,1.0,6.0,0.6910000000000001,0.289,1.0,0.23759269730387725,0.25901118396527695,0.021418486661399696,1.5860258493112174,3.8,0.19333333333333333,0.20941346536352942,1.0,5,0.08797420727186456,0.38399999999999995,0.166109903377252,5,0.39296999999999993,0.1976745814779938,0.32199999999999995,0.17981240224189213,5,0.331858,0.16905433973282086,-0.062,-0.061111999999999944
2594,0,8,0,8,0,mid,mid_r5-8,2,2-4,0,2,0,2,2,-2,0,0,0,0,1,2,0,1,1,0.23495740891673292,0,1.6305034236087943,1.3955460146920613,0,2,-2,1.6179683400615925,1.6179683400615925,0.8088595350000001,0.01419999999999888,1.6179683400615925,0.16337508491021102,53,-0.73,-0.745,0.015000000000000013,-1.29,-1.2553773584905659,-1.745,1.0150000000000001,0.31000000000000005,0.56,8,22,0.41509433962264153,1.9890430188679242,1.98997,2.08497,Hit,5,0.3018867924528302,0.5660377358490566,0.11320754716981132,0.015000000000000013,4,1,2.7326639807389275,0.605,0.125,-1.739985,0,Freeze,-0.06999999999999995,-0.20867924528301884,53.0,11.0,10.0,0.1509433962264151,2.0,0.18181818181818182,0.9288011286891653,4.818181818181818,0.8679245283018868,0.3344293455488823,0.1661195907009843,0.5266666666666666,0.4,1.0,6.0,-0.8030000000000002,0.073,1.0,0.18897442857998348,0.05739126934550676,-0.13158315923447672,1.9075371055922585,4.6,0.1563636363636364,0.22434603453322371,0.9800000000000001,5,0.1892304210789155,0.293,0.2737380134362051,5,0.30680300000000005,0.29171122517825737,0.12799999999999995,0.17718634258881244,5,0.12985600000000005,0.18278109114457103,-0.16500000000000004,-0.176947
4434,2,7,1,9,1,mid,early_r9+,3,2-4,0,3,0,2,2,-2,0,0,0,0,0,1,1,0,1,0.7319821952069607,0,1.8335181946192953,1.1015359994123346,0,2,-2,1.2848703327962725,1.760930426916283,1.5702611290058308,0.29943709782783473,1.2848703327962725,0.16337508491021102,57,0.93,0.765,0.16500000000000004,0.5,0.4868421052631579,0.025,0.905,0.25,0.43000000000000005,8,38,0.6666666666666666,1.7636189473684214,1.78045,1.57325,Hit,5,0.3508771929824561,0.5263157894736842,0.10526315789473684,0.2350000000000001,4,1,2.288063383147281,0.255,0.32,0.14337500000000003,1,Hit,0.08500000000000008,1.3669298245614034,57.0,12.0,10.0,0.15789473684210525,2.0,0.16666666666666666,0.9317503357107683,4.75,0.8421052631578947,0.5732708674644539,0.10610456418662365,0.4022916666666667,0.0,1.0,6.0,0.696,0.23400000000000004,1.0,0.04568586185139265,0.2738483035856181,0.22816244173422545,1.7335332565659176,5.4,0.15104895104895105,-0.019967854723170475,0.9199999999999999,5,0.1863850219523854,0.327,0.09808159868191382,5,0.422722,0.12155753645907767,0.279,0.008215838362577466,5,0.348985,0.01098183727797859,-0.04799999999999999,-0.073737
7280,3,8,0,8,0,mid,mid_r5-8,5,5-8,3,2,3,2,5,1,0,0,0,0,1,5,0,1,5,0.5205814164576011,0,0.684846867192952,0.16426545073535082,0,1,-1,0.35956807740537755,0.46677771357399117,0.5619547505742433,0.16850067536956606,0.46677771357399117,0.40843771227552755,71,0.215,0.175,0.04000000000000001,-0.325,-0.30901408450704226,-0.795,1.01,0.2875,0.54,10,32,0.4507042253521127,1.9713195774647885,1.9534,1.93618,Hit,6,0.22535211267605634,0.4225352112676056,0.3380281690140845,0.105,5,1,2.579045490553612,0.49,0.26,-0.75309,1,Hit,-2.3200000000000003,0.3493661971830985,71.0,15.0,10.0,0.28169014084507044,7.0,0.4666666666666667,0.7782388360745465,4.733333333333333,0.6901408450704225,0.37418285845279853,0.1773608720307025,1.01,0.6,0.6,1.0,0.16799999999999998,0.047,0.6,0.19599266515528196,0.3057970747748143,0.10980440961953235,1.6141414579259628,7.0,0.2594166294405438,0.168519229733827,0.8600000000000001,5,0.13323473608842423,0.361,0.13188062784199958,5,0.35353799999999996,0.1528220586417419,0.16099999999999998,0.15274161188098023,5,0.13394299999999998,0.16341928575752615,-0.2,-0.21959499999999998
4139,3,11,1,5,1,mid,mid_r5-8,1,0-1,0,1,0,1,1,-1,0,0,0,0,0,1,0,1,1,0.5479470923592918,0,,,0,1,-1,,,,,,0.08168754245510551,43,1.095,0.825,0.27,0.33,0.3244186046511628,-0.24,1.335,0.255,0.7649999999999999,1,4,0.09302325581395349,1.5249997674418605,1.5488,1.40213,Hit,5,0.18604651162790697,0.6511627906976745,0.13953488372093023,0.5599999999999999,1,1,2.102912286035763,0.235,0.46,0.3939349999999999,1,Hit,0.16499999999999992,0.8495348837209302,43.0,9.0,9.0,0.23255813953488375,2.0,0.22222222222222224,0.8939059774643383,4.777777777777778,0.9069767441860466,0.6499125289630804,0.13353769899908963,0.6535416666666668,0.2,1.0,6.0,0.7629999999999999,0.33199999999999996,1.0,0.35906965255718126,0.545022773982834,0.18595312142565285,1.484689719284321,1.2,0.44666666666666666,0.3295767975281607,1.0,5,0.16772068816128916,0.27199999999999996,0.2769611886167446,5,0.2758299999999999,0.2688002147739097,0.365,0.2839013913315678,5,0.3887379999999999,0.2717351537250931,0.09300000000000003,0.11290800000000001
3380,3,9,1,7,1,mid,mid_r5-8,4,2-4,1,3,1,2,3,-1,0,0,0,0,0,3,0,2,3,0.4902139171514813,0,0.5039663356574549,0.01375241850597353,0,1,-1,0.7167676870569704,0.8093711761066704,0.8757124874516107,0.17911117357663664,0.7465713493209947,0.2450626273653165,63,1.295,1.27,0.02499999999999991,0.44,0.46849206349206357,-0.265,1.56,0.49,0.855,5,9,0.14285714285714285,1.9091807936507936,1.92556,2.0342,Hit,6,0.31746031746031744,0.47619047619047616,0.19047619047619047,0.44999999999999996,2,1,2.7211744492980916,0.3,0.475,0.30213,0,Hit,-0.6900000000000002,0.9042063492063491,63.0,13.0,10.0,0.19047619047619047,2.0,0.15384615384615385,0.908777646862648,4.846153846153846,0.746031746031746,0.4936445416590384,0.22878976122499442,1.0383333333333333,0.0,1.0,6.0,0.944,0.351,1.0,0.33205456012876516,0.2991975678857295,-0.03285699224303573,1.8308338211398645,1.6,0.19340659340659336,0.2778847592160621,0.96,5,0.3873074564559211,0.1919999999999999,0.14902181048423754,5,0.13592299999999996,0.10339426317499441,0.5369999999999999,0.2127674787179657,5,0.42010000000000003,0.18199446856292087,0.34500000000000003,0.28417700000000007
4680,5,8,0,8,0,mid,mid_r5-8,3,2-4,2,1,2,1,3,1,0,0,0,0,1,3,0,1,3,0.05542068731304359,0,1.0257313340251417,0.9703106467120981,0,1,-1,0.8932254457392043,0.9190416297854326,0.3746482634410427,0.44456830246381207,0.9190416297854326,0.2450626273653165,55,-0.1,-0.16,0.06,-0.72,-0.6433636363636364,-0.985,0.885,0.30500000000000005,0.62,7,19,0.34545454545454546,1.8536190909090908,1.83575,2.02237,Draw,6,0.14545454545454545,0.509090909090909,0.32727272727272727,0.06,4,0,2.64788845840293,0.58,0.235,-1.111185,1,Draw,-1.74,-0.004727272727272738,55.0,11.0,10.0,0.2909090909090909,3.0,0.2727272727272727,0.863553772418791,5.0,0.7818181818181819,0.49244925508268594,0.1496356474710936,0.680625,1.0,1.0,1.0,-0.1,0.0,1.0,0.07978364932204039,0.29223903858947864,0.2124553892674382,1.7562406499810805,5.4,0.3236363636363636,0.104995965328969,0.9800000000000001,5,0.21600252243917045,0.12599999999999997,0.13329478609458056,5,0.09225999999999993,0.11068660233966883,0.10900000000000001,0.17082154430867322,5,0.06478499999999995,0.10051458165360878,-0.01699999999999996,-0.02747499999999997
3218,7,8,0,8,0,mid,mid_r5-8,3,2-4,2,1,2,1,3,1,0,0,0,0,1,3,0,1,3,0.15385421695777318,0,1.1089975074832212,0.955143290525448,0,1,-1,0.98279290038975,1.0093577198716124,0.48073841434267434,0.3939180738286706,1.0093577198716124,0.2450626273653165,55,-0.08,-0.245,0.16499999999999998,-0.835,-0.785,-1.145,1.065,0.33499999999999996,0.755,4,10,0.18181818181818182,1.8731490909090904,1.86933,1.84488,Hit,6,0.14545454545454545,0.509090909090909,0.32727272727272727,0.16499999999999998,3,1,2.4951945106510505,0.515,0.15,-1.00244,1,Hit,0.05,-0.06554545454545452,55.0,11.0,10.0,0.32727272727272727,4.0,0.36363636363636365,0.775608573683512,5.0,0.7818181818181819,0.5914602914898336,0.1572404273621481,0.765,0.6,1.0,3.0,-0.146,0.06599999999999999,1.0,0.06939269270614105,0.12721447858063778,0.05782178587449671,1.7254503675513255,2.8,0.15005182965163755,0.05949315304422398,0.9399999999999998,5,0.17296285818003293,0.13199999999999992,0.07379024325749302,5,0.17121999999999993,0.09571488977687846,0.1649999999999999,0.0,5,0.2140249999999999,0.0,0.032999999999999974,0.04280499999999998
8311,1,9,1,7,1,mid,mid_r5-8,3,2-4,1,2,1,2,3,-1,0,0,0,0,1,2,1,3,3,0.23599277368461632,0,0.47526270813519556,0.23926993445057923,0,1,-1,0.6490102103894495,0.6836267371160548,0.28416602945279873,0.3114493573957424,0.6836267371160548,0.2450626273653165,59,0.97,0.895,0.07499999999999996,0.23,0.2702542372881356,-0.67,1.6400000000000001,0.5150000000000001,0.74,7,17,0.288135593220339,1.8862016949152542,1.8906,1.79975,Hit,6,0.2711864406779661,0.5084745762711864,0.2033898305084746,0.29499999999999993,3,1,2.52784937427542,0.31,0.375,0.07012499999999999,1,Hit,0.6499999999999999,0.9584745762711865,59.0,12.0,10.0,0.3389830508474576,5.0,0.4166666666666667,0.8056181805215739,4.916666666666667,0.7457627118644068,0.7291818995865157,0.1842478740241028,1.08,1.0,1.0,1.0,0.97,0.0,1.0,0.28725473017303266,0.4799282441803102,0.19267351400727756,1.7286070316883788,3.2,0.4406354382397747,0.2512745677024876,0.9400000000000001,5,0.1988766613147452,0.18999999999999997,0.15252049042669644,5,0.217476,0.19093677708210122,0.10499999999999995,0.17762319668331608,5,0.12711799999999998,0.2081419674344893,-0.08500000000000002,-0.09035800000000002
4268,6,10,0,6,0,mid,mid_r5-8,3,2-4,0,3,0,2,2,-2,0,0,0,0,1,1,1,1,2,0.127450080831673,0,0.6635365721714221,0.5360864913397492,0,2,-2,0.7857007136314694,1.1480886155943142,1.098282565296786,0.17554703706477903,0.7857007136314694,0.16337508491021102,57,-0.615,-0.73,0.11499999999999999,-1.295,-1.2689473684210526,-1.67,1.055,0.375,0.6799999999999999,6,15,0.2631578947368421,1.8131245614035087,1.80582,1.60523,Hit,5,0.3508771929824561,0.5263157894736842,0.10526315789473684,0.11499999999999999,3,1,2.3090404173824206,0.625,0.075,-1.417615,1,Hit,-0.8,-0.09684210526315785,57.0,12.0,10.0,0.14035087719298245,1.0,0.08333333333333333,0.953915656078,4.75,0.9122807017543859,0.657269152619908,0.14386839375047225,0.6849999999999999,0.2,1.0,6.0,-0.728,0.11299999999999999,1.0,0.25027817115291356,0.311884619769925,0.06160644861701141,1.7518771405711995,4.6,0.43356643356643365,0.28975931613082634,0.9400000000000001,5,0.1389977515253699,0.30099999999999993,0.16693561633156662,5,0.3950869999999998,0.08680587650038442,0.2679999999999999,0.16242690663803214,5,0.4077689999999999,0.14678521461645933,-0.03300000000000003,0.012682000000000082
4506,4,6,0,10,0,mid,early_r9+,2,2-4,1,1,1,1,2,0,0,0,0,0,0,2,0,1,1,0.558180748683616,0,1.6839460611611052,1.1257653124774891,0,1,-1,1.1310296593639784,1.1310296593639784,0.41813449999999996,0.38074999999999903,1.1310296593639784,0.16337508491021102,49,-0.265,-0.445,0.18,-0.765,-0.7648979591836734,-1.13,0.8649999999999999,0.21499999999999997,0.5,3,25,0.5102040816326531,1.9213697959183673,1.93556,1.94288,Hit,6,0.16326530612244897,0.5714285714285714,0.24489795918367346,0.29500000000000004,6,1,2.4628799654481957,0.66,0.175,-1.23644,1,Hit,-2.22,-0.31785714285714284,49.0,10.0,10.0,0.30612244897959184,2.0,0.2,0.8384503898857723,4.9,0.7959183673469388,0.5507047183289068,0.11059026454708665,0.4958333333333334,0.0,1.0,6.0,-0.535,0.27,1.0,0.14219298558257265,0.3189943761851015,0.17680139060252886,1.7809708638432344,5.2,0.30666666666666664,0.15834578517649986,1.0,5,0.3126078385683341,0.23399999999999999,0.13083386411781928,5,0.1849579999999999,0.11961428471340699,0.313,0.04309872387901993,5,0.27372399999999997,0.0590635800853623,0.07900000000000001,0.08876600000000007
722,3,9,1,7,1,mid,mid_r5-8,2,2-4,1,1,1,1,2,0,0,0,0,0,0,1,1,2,2,0.25216919463725096,0,0.4330482847951285,0.18087909015787756,0,1,-1,0.35936951982047916,0.35936951982047916,0.03471200000000001,0.17630000000000123,0.35936951982047916,0.16337508491021102,49,1.015,0.905,0.10999999999999988,0.465,0.44163265306122446,-0.085,1.0999999999999999,0.43000000000000005,0.5499999999999998,3,20,0.40816326530612246,1.7307122448979593,1.73851,1.73054,Hit,6,0.16326530612244897,0.5714285714285714,0.24489795918367346,0.2749999999999999,2,1,2.5058209053553293,0.275,0.44,0.14972999999999992,1,Hit,0.06499999999999995,0.9658163265306121,49.0,10.0,10.0,0.24489795918367346,2.0,0.2,0.9032363608821135,4.9,0.7551020408163265,0.5543120930216802,0.17120623312511507,0.7375,0.4,1.0,6.0,0.866,0.14899999999999997,1.0,0.33478784149363777,0.5157272275022184,0.18093938600858062,1.619267102882085,3.0,0.5806060606060605,0.3287015727183649,1.0,5,0.25158297323109546,0.30399999999999994,0.013416407864998722,5,0.32519299999999995,0.0180495407143783,0.2689999999999999,0.1570986950932438,5,0.2801989999999999,0.15937434130844272,-0.03500000000000003,-0.044994000000000034
8636,4,7,1,9,1,mid,early_r9+,2,2-4,0,2,0,2,2,-2,0,0,0,0,0,1,1,0,1,0.6122753947073158,0,1.8939659590657905,1.2816905643584746,0,2,-2,2.432377331070161,2.432377331070161,1.097276,0.5244999999999997,2.432377331070161,0.16337508491021102,53,0.945,0.775,0.16999999999999993,0.425,0.44716981132075473,0.19,0.7549999999999999,0.185,0.52,5,24,0.4528301886792453,1.7838333962264152,1.77809,1.65589,Hit,5,0.3018867924528302,0.5660377358490566,0.11320754716981132,0.22499999999999998,4,1,2.3929888570416535,0.265,0.375,0.11705499999999991,1,Hit,1.085,1.2567924528301884,53.0,11.0,10.0,0.33962264150943394,2.0,0.18181818181818182,0.8602522683406791,4.818181818181818,0.9245283018867925,0.40575260554951853,0.1197205870464823,0.44833333333333336,0.0,1.0,6.0,0.74,0.20499999999999993,1.0,0.14847310867967556,0.3120304354947238,0.16355732681504828,1.7322450424875957,3.4,0.2581818181818182,0.08210690223721148,1.0,5,0.1540660975119646,0.34099999999999997,0.1254691197068028,5,0.36597999999999986,0.14391264915739685,0.2639999999999999,0.11934194568549653,5,0.28508999999999995,0.12659444641255002,-0.07700000000000007,-0.0808899999999999
5832,6,7,1,9,1,mid,early_r9+,4,2-4,1,3,1,3,4,-2,0,0,0,0,1,3,1,3,3,0.2796359158493215,0,0.44920958935557026,0.16957367350624875,0,3,-3,0.4674129639260017,0.6130955099514219,0.4174011418193138,0.3637734691741548,0.6130955099514219,0.32675016982042204,69,1.02,0.895,0.125,0.235,0.23550724637681153,-0.635,1.655,0.515,0.785,6,16,0.2318840579710145,2.0504233333333333,2.04274,1.83292,Hit,6,0.34782608695652173,0.463768115942029,0.17391304347826086,0.42000000000000004,2,1,2.5760017556208834,0.29,0.4,0.10353999999999997,1,Hit,1.5550000000000002,2.699130434782609,69.0,14.0,10.0,0.21739130434782608,3.0,0.21428571428571427,0.8847838976504331,4.928571428571429,0.782608695652174,0.802715043547561,0.14998445585485629,1.1025,0.0,1.0,3.0,0.8029999999999999,0.21700000000000003,1.0,0.26960921188304576,0.35413395718362384,0.08452474530057809,1.8534707381126316,5.4,0.35208791208791207,0.2718780266553413,0.9400000000000001,5,0.2177809865042265,0.31799999999999995,0.21695621678117455,5,0.3897379999999999,0.2553553143318149,0.31899999999999995,0.06730527468185538,5,0.3959849999999999,0.07581611504159252,0.0010000000000000009,0.0062470000000000026
7901,3,6,0,10,0,mid,early_r9+,4,2-4,2,2,2,2,4,0,0,0,0,0,1,2,2,3,3,0.31668062955602505,0,0.33303632738937017,0.016355697833345118,0,1,-1,0.4962778509706043,0.7558666225044337,0.21108158606389615,0.7644524936187991,0.7558666225044337,0.32675016982042204,65,-0.165,-0.29,0.12499999999999997,-0.71,-0.7160000000000001,-1.125,0.96,0.245,0.5449999999999999,5,26,0.4,2.0225956923076924,2.01633,2.02676,Draw,6,0.24615384615384617,0.46153846153846156,0.27692307692307694,0.12499999999999997,4,0,2.706759906889022,0.53,0.19,-1.17838,1,Draw,-1.58,0.015384615384615387,65.0,13.0,10.0,0.24615384615384617,4.0,0.3076923076923077,0.8182764190600904,5.0,0.6615384615384615,0.3455606130757527,0.1573128207757244,0.6716666666666666,0.0,0.8,3.0,-0.34700000000000003,0.182,0.8,0.11303375511758953,0.2176724635487596,0.1046387084311701,1.8932314341650411,4.8,0.1021978021978022,0.11697396550012192,0.9400000000000001,5,0.2763605985602444,0.481,0.22072041138055173,5,0.4935859999999999,0.24865922344646693,0.3989999999999999,0.2092068354523819,5,0.4018879999999999,0.21520802780681766,-0.08200000000000007,-0.091698
6255,6,6,0,10,0,mid,early_r9+,2,2-4,0,2,0,2,2,-2,0,0,0,0,1,1,1,2,2,0.28815850369338497,0,0.43575859241557,0.14760008872218505,0,2,-2,0.6810644328992735,0.6810644328992735,0.15877855000000002,0.3012499999999996,0.6810644328992735,0.16337508491021102,53,-0.455,-0.55,0.09500000000000003,-0.95,-0.9184905660377359,-1.445,0.99,0.21999999999999997,0.49499999999999994,8,29,0.5471698113207547,1.973822830188679,1.97221,1.98191,Hit,5,0.3018867924528302,0.5660377358490566,0.11320754716981132,0.09500000000000003,5,1,2.6953461065517708,0.575,0.16,-1.445955,1,Hit,1.415,0.6416981132075471,53.0,11.0,10.0,0.18867924528301888,4.0,0.36363636363636365,0.8868939587902476,4.818181818181818,0.8301886792452831,0.3179907846313187,0.15280479185581652,0.4089999999999999,0.0,1.0,9.0,-0.598,0.14299999999999996,1.0,0.12301176495957453,0.2998251038311121,0.17681333887153763,1.8504519163470508,5.4,0.34849901564983987,0.13253323663324285,1.0,5,0.2725851240702572,0.22599999999999998,0.1644460397820513,5,0.24314699999999995,0.17456616022299398,0.31899999999999995,0.1995745474753732,5,0.31347699999999995,0.18873083033781216,0.09299999999999997,0.07033
6016,1,9,1,7,1,mid,mid_r5-8,6,5-8,2,4,2,4,6,-2,0,0,0,0,1,5,1,3,6,0.14956089832091632,0,0.42164858887467044,0.27208769055375415,0,3,-3,0.3508148240254359,0.4458108278738669,0.3279828263075252,0.41337827981429115,0.4458108278738669,0.490125254730633,85,0.525,0.015,0.51,-0.71,-0.7082352941176471,-1.805,2.33,0.8200000000000001,1.2349999999999999,1,1,0.011764705882352941,2.015802705882353,2.01762,1.79426,Freeze,6,0.3764705882352941,0.4,0.21176470588235294,0.51,1,0,2.4790427192317637,0.37,0.28,-0.37212999999999996,1,Freeze,2.265,1.9587647058823527,85.0,17.0,10.0,0.25882352941176473,5.0,0.29411764705882354,0.8072083542124124,5.0,0.7176470588235294,0.7806039642731252,0.1984545806052535,1.2490625,0.2,0.8,5.0,0.11700000000000002,0.40800000000000003,1.0,0.400746239640168,0.6084662576687118,0.20772001802854376,1.8653453935039574,7.0,0.6130661080817678,0.3775781052254642,0.9400000000000001,5,0.03443359586339285,0.616,0.013416407864998748,5,0.6849710000000001,0.06574867844679462,0.622,0.010954451150103333,5,0.653113,0.01938663992289539,0.006000000000000005,-0.03185800000000005
9499,6,8,0,8,0,mid,mid_r5-8,2,2-4,1,1,1,1,2,0,0,0,0,0,0,2,0,0,2,0.767506770060695,0,1.0274086811702543,0.2599019111095593,0,1,-1,0.5323048641906235,0.5323048641906235,0.032989500000000005,0.2640999999999991,0.5323048641906235,0.16337508491021102,49,-0.44,-0.505,0.065,-0.81,-0.7953061224489797,-1.065,0.625,0.20500000000000007,0.37000000000000005,12,42,0.8571428571428571,1.817296530612245,1.81383,1.73966,Hit,6,0.16326530612244897,0.5714285714285714,0.24489795918367346,0.065,6,1,2.428073381850025,0.64,0.155,-1.30983,1,Hit,-1.525,-0.30255102040816334,49.0,10.0,10.0,0.24489795918367346,1.0,0.1,0.8853418203965727,4.9,0.7551020408163265,0.32756687515107274,0.11521957212145433,0.36,0.4,1.0,2.0,-0.509,0.069,1.0,-0.01330896008108218,0.08154201753671982,0.09485097761780201,1.6729731822676446,6.8,0.1612121212121212,0.010584007242570909,1.0,5,0.4605259207139595,0.17699999999999994,0.05826662852782885,5,0.265192,0.06705777309529455,0.1769999999999999,0.07172865536171714,5,0.21944799999999987,0.09273923506262065,-2.7755575615628914e-17,-0.04574400000000012
7303,5,7,1,9,1,mid,early_r9+,3,2-4,1,2,1,1,2,0,0,0,0,0,1,2,0,1,2,0.33183178652247164,0,0.9732473478001388,0.6414155612776671,0,1,-1,0.801669185449145,1.0022320857992228,0.8538878389223278,0.20009292841077736,0.801669185449145,0.16337508491021102,53,1.125,0.985,0.14,0.505,0.5009433962264151,0.09,1.035,0.295,0.62,2,14,0.2641509433962264,1.8647652830188681,1.84673,1.84645,Hit,6,0.22641509433962265,0.5283018867924528,0.22641509433962265,0.375,2,1,2.5845364003398963,0.275,0.415,0.20177500000000004,1,Hit,0.15500000000000003,1.2361320754716982,53.0,11.0,10.0,0.22641509433962265,3.0,0.2727272727272727,0.9006513443680444,4.818181818181818,0.7735849056603774,0.6179059935457547,0.13496297988434885,0.6225,0.0,1.0,6.0,0.8160000000000001,0.309,1.0,0.09587282857894171,0.30588504859969506,0.21001222002075334,1.743888932462297,4.4,0.2591054213933676,0.04117707534246266,0.9800000000000001,5,0.2756844966310088,0.349,0.26249761903682095,5,0.34185099999999996,0.24062371792905202,0.399,0.1579319473697453,5,0.36107100000000003,0.11885524128114841,0.050000000000000044,0.01922000000000007
5203,3,7,1,9,1,mid,early_r9+,2,2-4,0,2,0,1,1,-1,0,0,0,0,0,0,1,0,1,1.079115905159868,0,,,0,1,-1,1.1183221329871817,1.1183221329871817,0.5571864999999999,0.04694999999999894,,0.08168754245510551,47,1.28,1.12,0.15999999999999992,0.595,0.6267021276595744,0.195,1.085,0.27749999999999997,0.685,3,11,0.23404255319148937,1.8029640425531916,1.80621,1.99038,Hit,5,0.2553191489361702,0.5957446808510638,0.1276595744680851,0.15999999999999992,3,1,2.708225797671543,0.275,0.46,0.28481,1,Hit,0.33000000000000007,0.8088297872340428,47.0,10.0,10.0,0.2553191489361702,2.0,0.2,0.9080951775907111,4.7,0.8936170212765957,0.49884570999810685,0.16688698459083776,0.5008333333333334,0.4,1.0,6.0,1.137,0.14300000000000007,1.0,0.34434009989772285,0.5258793702055071,0.18153927030778427,1.7174211811402693,3.8,0.4451178457409258,0.3069063621193958,1.0,5,0.18131086772931246,0.331,0.12406651441867789,5,0.25704199999999994,0.10907894478312491,0.325,0.3489090139277001,5,0.255137,0.3019493528640192,-0.006000000000000005,-0.0019049999999999345
8478,6,6,0,10,0,mid,early_r9+,2,2-4,0,2,0,2,2,-2,0,0,0,0,0,0,2,2,2,0.20429838696377572,0,0.5661684109732706,0.3618700240094949,0,2,-2,0.45954753081264305,0.45954753081264305,0.108113,0.2027499999999982,0.45954753081264305,0.16337508491021102,53,-0.395,-0.46,0.065,-0.805,-0.7954716981132075,-1.135,0.74,0.17000000000000004,0.41000000000000003,8,38,0.7169811320754716,1.9346333962264155,1.92924,1.84092,Hit,5,0.3018867924528302,0.5660377358490566,0.11320754716981132,0.065,5,1,2.502685008874509,0.605,0.165,-1.3154599999999999,1,Hit,-0.895,0.14028301886792455,53.0,11.0,10.0,0.22641509433962265,1.0,0.09090909090909091,0.9164495386116689,4.818181818181818,0.8490566037735849,0.08681730224391987,0.14361520178623052,0.2437499999999999,0.0,1.0,6.0,-0.491,0.096,0.8,0.1048620318329696,0.1721457690739367,0.06728373724096708,1.8843169615229436,6.6,0.04181818181818184,0.09794329797637238,0.96,5,0.4344352491166147,0.358,0.1584534631997673,5,0.44726200000000027,0.16845197986369884,0.21999999999999997,0.15078958850000226,5,0.28546100000000024,0.17342934877782365,-0.138,-0.16180100000000003
9796,3,6,0,10,0,mid,early_r9+,3,2-4,2,1,2,1,3,1,0,0,0,0,1,1,2,3,3,0.08140638773192252,0,0.42725210605566494,0.34584571832374245,0,1,-1,0.34890858540448755,0.43594191919556763,0.16671146238355125,0.3342962857506305,0.43594191919556763,0.2450626273653165,55,-0.075,-0.11,0.035,-0.39,-0.395,-0.82,0.745,0.20999999999999996,0.315,17,50,0.9090909090909091,1.9010343636363638,1.89779,2.05654,PostGuard,6,0.14545454545454545,0.509090909090909,0.32727272727272727,0.035,6,0,2.739860781184438,0.55,0.245,-1.099685,0,Draw,0.925,0.2767272727272727,55.0,11.0,10.0,0.32727272727272727,4.0,0.36363636363636365,0.8106696903821347,5.0,0.7090909090909091,0.42760399736620575,0.11745301936382382,0.47000000000000003,0.2,1.0,18.0,-0.187,0.11199999999999999,0.8,-0.0616346017683103,-0.009144811928612129,0.052489789839698174,1.715433392431688,5.8,-0.08643619787592893,-0.07057296054489884,0.9800000000000001,5,0.1752859391572832,0.17999999999999994,0.11467344941179711,5,0.15512299999999998,0.10508195947687693,0.1459999999999999,0.05366563145999491,5,0.107701,0.05171801625159264,-0.03400000000000003,-0.04742199999999998
683,3,7,1,9,1,mid,early_r9+,5,5-8,3,2,3,2,5,1,0,0,0,0,1,2,3,3,4,0.12244039653643592,0,0.27146768746665123,0.14902729093021533,0,1,-1,0.349142526153718,0.5836135992931732,0.6450336350336084,0.3277157695320746,0.5836135992931732,0.40843771227552755,71,1.215,1.1,0.11499999999999999,0.62,0.6197887323943663,0.11,1.105,0.28500000000000003,0.5950000000000001,5,21,0.29577464788732394,1.9500050704225358,1.95816,2.07094,Draw,6,0.22535211267605634,0.4225352112676056,0.3380281690140845,0.13000000000000012,4,0,2.6904553579154338,0.3,0.39,0.23397500000000004,0,Draw,-1.305,1.018802816901408,71.0,15.0,10.0,0.2535211267605634,3.0,0.2,0.8635313399356799,4.733333333333333,0.7464788732394366,0.510723525993869,0.15606551623748885,0.77,0.4,0.8,2.0,1.137,0.07800000000000007,0.8,0.20068619917270109,0.2770344565117438,0.07634825733904269,1.8854121265529762,4.8,0.2621428571428571,0.18265859928354855,0.9400000000000001,5,0.2667333739930148,0.21800000000000005,0.18015965142062193,5,0.15523499999999996,0.16300138477172518,0.32200000000000006,0.18539147768977945,5,0.26480000000000004,0.20168610747892377,0.10400000000000001,0.10956500000000008
2726,2,8,0,8,0,mid,mid_r5-8,4,2-4,3,1,2,1,3,1,0,0,0,0,1,2,1,3,3,0.07582134739299916,0,0.5003074824168171,0.42448613502381793,0,1,-1,0.4567360848321977,0.89616360183788,0.9330368064105908,0.36448917250722423,0.48986082099451794,0.2450626273653165,55,-0.2,-0.225,0.024999999999999994,-0.645,-0.625,-0.97,0.77,0.275,0.445,11,30,0.5454545454545454,1.7837125454545453,1.77795,1.94422,Draw,6,0.14545454545454545,0.509090909090909,0.32727272727272727,0.024999999999999994,6,0,2.6237206025055895,0.525,0.175,-1.1234350000000002,0,Hit,0.32,0.11709090909090909,55.0,11.0,10.0,0.2545454545454545,5.0,0.4545454545454545,0.7822594619374962,5.0,0.6909090909090909,0.32566272078706626,0.15908399726529238,0.41,0.4,1.0,12.0,-0.268,0.068,0.8,0.06154859150488269,0.13089818421584343,0.06934959271096078,1.6303400405176014,6.6,0.17454545454545456,0.07445817824029657,0.96,5,0.20653806661328722,0.22999999999999998,0.06284902544988268,5,0.25383299999999986,0.04091032901358777,0.20099999999999998,0.013416407864998686,5,0.2365659999999999,0.006963115681934382,-0.028999999999999998,-0.017266999999999977
6629,5,9,1,7,1,mid,mid_r5-8,1,0-1,0,1,0,1,1,-1,0,0,0,0,1,1,0,0,1,0.7888428729633024,0,,,0,1,-1,,,,,,0.08168754245510551,43,0.92,0.77,0.15000000000000002,0.31,0.3505813953488372,-0.055,0.9750000000000001,0.23750000000000002,0.6100000000000001,6,13,0.3023255813953488,1.7416509302325582,1.75698,1.78426,Hit,5,0.18604651162790697,0.6511627906976745,0.13953488372093023,0.15000000000000002,2,1,2.530706590083887,0.32,0.445,0.02787000000000006,1,Hit,-0.039999999999999925,0.9617441860465116,43.0,9.0,9.0,0.18604651162790697,2.0,0.22222222222222224,0.9268480303713197,4.777777777777778,0.8604651162790697,0.59910086591962,0.13245875644026656,0.5158333333333334,0.2,1.0,6.0,0.78,0.14000000000000004,1.0,0.12356890158562842,0.36099444490657817,0.23742554332094973,1.6332864021037672,3.6,0.33333333333333337,0.10548902794569903,1.0,5,0.24092978409311339,0.23899999999999996,0.1352959718543017,5,0.185072,0.15445458497564907,0.418,0.127455874717488,5,0.38605,0.16839827938550916,0.17900000000000002,0.20097800000000002
4696,5,11,1,5,1,mid,mid_r5-8,2,2-4,0,2,0,2,2,-2,0,0,0,0,0,2,0,1,1,0.5694727382421388,0,1.4223981658101228,0.852925427567984,0,2,-2,1.8501238461035527,1.8501238461035527,0.8974195,0.22445000000000093,1.8501238461035527,0.16337508491021102,53,0.61,0.55,0.05999999999999994,0.195,0.17518867924528297,-0.265,0.875,0.25,0.415,8,38,0.7169811320754716,1.5730854716981133,1.56204,1.54852,Hit,5,0.3018867924528302,0.5660377358490566,0.11320754716981132,0.27499999999999997,3,1,2.1518959827166557,0.285,0.255,-0.16425999999999996,1,Hit,-0.12,1.2758490566037735,53.0,11.0,10.0,0.2641509433962264,3.0,0.2727272727272727,0.8772893492657922,4.818181818181818,0.8490566037735849,0.6992449441046679,0.09966629421221032,0.5906250000000001,0.4,1.0,6.0,0.527,0.08299999999999999,1.0,0.19903666022358343,0.38746618214895207,0.18842952192536858,1.482646071524409,2.8,0.3702093917926157,0.16016543205099917,1.0,5,0.2194416369071021,0.21999999999999997,0.1842213342694054,5,0.19745200000000002,0.20057361929600812,0.11399999999999999,0.13102480681153475,5,0.07172600000000004,0.09609774746319506,-0.10599999999999998,-0.12572599999999998
2277,1,8,0,8,0,mid,mid_r5-8,3,2-4,2,1,2,1,3,1,0,0,0,0,1,2,1,2,3,0.06131070089968192,0,0.3989140027402539,0.33760330184057197,0,1,-1,0.36242107855746786,0.46254256271820776,0.01838604994832284,0.4238281805952338,0.46254256271820776,0.2450626273653165,55,-0.165,-0.22,0.05499999999999999,-0.525,-0.5171818181818181,-0.985,0.82,0.22750000000000004,0.36,19,44,0.8,1.8208045454545454,1.83837,1.89414,PostGuard,6,0.14545454545454545,0.509090909090909,0.32727272727272727,0.07499999999999998,6,0,2.551567312089496,0.535,0.175,-1.11207,1,PostGuard,0.835,0.2102727272727273,55.0,11.0,10.0,0.18181818181818182,1.0,0.09090909090909091,0.9172114832509493,5.0,0.7090909090909091,0.5851654653757752,0.11549268816377792,0.6116666666666666,0.2,0.8,6.0,-0.24,0.07499999999999998,0.8,-0.0027881276322829023,-0.19352232010936368,-0.19073419247708076,1.6937606374874588,4.6,-0.18000000000000002,-0.004433039048535805,0.9800000000000001,5,0.19929009020887545,0.557,0.3020885631731198,5,0.5037240000000001,0.21246647504371136,0.82,0.0,5,0.7221600000000001,0.0,0.2629999999999999,0.21843600000000007
1865,3,7,1,9,1,mid,early_r9+,3,2-4,2,1,2,1,3,1,0,0,0,0,1,2,1,1,3,0.43503057493699243,0,0.7494169998879134,0.314386424950921,0,1,-1,0.3280363648481075,0.587527445321382,0.2960860588650649,0.5205025541617349,0.587527445321382,0.2450626273653165,55,1.31,1.175,0.135,0.66,0.6496363636363637,0.16,1.1500000000000001,0.3125000000000001,0.65,3,13,0.23636363636363636,2.009596181818181,2.01057,2.02581,Hit,6,0.14545454545454545,0.509090909090909,0.32727272727272727,0.2250000000000001,4,1,2.7595061314668725,0.275,0.495,0.2970950000000001,1,Hit,-0.635,1.3608181818181817,55.0,11.0,10.0,0.2545454545454545,2.0,0.18181818181818182,0.8928309962321869,5.0,0.7454545454545455,0.5977074373747957,0.15099591157286732,0.5930952380952381,0.4,1.0,6.0,1.113,0.197,1.0,0.1903471323544437,0.40090053218398436,0.21055339982954074,2.035117526138582,2.4,0.4327272727272728,0.24100353124533874,1.0,5,0.14057580416561144,0.371,0.2958758185455513,5,0.3833520000000001,0.3076613180837006,0.31800000000000006,0.23392306427541515,5,0.3058090000000001,0.21717952563489962,-0.052999999999999936,-0.07754299999999997
5332,3,10,0,6,0,mid,mid_r5-8,1,0-1,0,1,0,1,1,-1,0,0,0,0,1,1,0,1,1,0.4405254952817282,0,,,0,1,-1,,,,,,0.08168754245510551,43,-0.395,-0.565,0.16999999999999993,-1.17,-1.1051162790697673,-1.57,1.175,0.38249999999999984,0.7749999999999999,4,9,0.20930232558139536,1.5967774418604654,1.59408,1.5261,Hit,5,0.18604651162790697,0.6511627906976745,0.13953488372093023,0.16999999999999993,3,1,2.13251214929448,0.64,0.125,-1.15805,1,Hit,-1.335,-0.40313953488372095,43.0,9.0,9.0,0.18604651162790697,1.0,0.11111111111111112,0.9356756804813207,4.777777777777778,0.9069767441860466,0.748791318355954,0.13296395368635597,0.8124999999999998,0.0,1.0,6.0,-0.678,0.283,1.0,0.41574287119442016,0.6966666666666667,0.28092379547224655,1.5843803814021509,1.4,0.6333333333333333,0.43889357478547913,1.0,5,0.10271683650408373,0.318,0.29029295547773803,5,0.29068499999999997,0.26535788604731536,0.44699999999999995,0.16192590898309017,5,0.5230689999999998,0.21901727073452446,0.12899999999999995,0.2323839999999998
6945,4,7,1,9,1,mid,early_r9+,5,5-8,2,3,2,3,5,-1,0,0,0,0,1,3,2,4,4,0.25419495475913895,0,0.307928040613388,0.053733085854249074,0,3,-3,0.3019450282747476,0.5863125980707953,0.19147474412189616,0.7123341873025616,0.5863125980707953,0.40843771227552755,75,0.38,0.375,0.0050000000000000044,-0.245,-0.22053333333333336,-0.865,1.245,0.4475,0.625,14,28,0.37333333333333335,2.0419176,2.03882,2.01881,Hit,6,0.32,0.4266666666666667,0.24,0.125,5,1,2.6929373837470822,0.435,0.3,-0.6008100000000001,0,Hit,1.395,2.436866666666667,75.0,15.0,10.0,0.25333333333333335,5.0,0.3333333333333333,0.7986859419005276,5.0,0.72,0.6039961246990283,0.1955028607033968,0.8834374999999998,0.0,0.6,3.0,0.29799999999999993,0.082,0.2,0.2940104168305192,0.2242657685607612,-0.06974464826975807,1.8580543683467687,6.6,0.2957142857142857,0.30782736883437734,0.9,5,0.2504587120477938,0.314,0.23394443784796423,5,0.3224309999999999,0.25593137533331073,0.33399999999999996,0.05813776741499452,5,0.3447639999999999,0.06464349449093851,0.019999999999999962,0.022332999999999992
9501,0,11,1,5,1,mid,mid_r5-8,6,5-8,3,3,3,3,6,0,0,0,0,0,1,4,2,3,6,0.0921912652027831,0,0.23264662048489354,0.14045535528211045,0,1,-1,0.30937504925771264,0.3859316215617874,0.20944964072965463,0.5290818359825521,0.3859316215617874,0.490125254730633,81,1.525,1.025,0.5,0.535,0.5589506172839507,0.12,1.4049999999999998,0.32999999999999996,0.9899999999999999,1,2,0.024691358024691357,1.722987037037037,1.70862,1.92857,Hit,6,0.2962962962962963,0.3950617283950617,0.2962962962962963,0.5,2,1,2.6440210350333757,0.24,0.5,0.560715,1,Hit,2.4749999999999996,1.4560493827160494,81.0,17.0,10.0,0.20987654320987653,7.0,0.4117647058823529,0.8388711270953436,4.764705882352941,0.6790123456790124,0.5850131390445051,0.1423135865558081,0.8633333333333335,0.0,0.0,3.0,0.8719999999999999,0.6529999999999999,0.0,0.06444069243332565,-0.012446399699972344,-0.076887092133298,1.628382300785399,15.2,-0.10489955565153478,0.055355805492211696,0.9199999999999999,5,0.1348694323217519,1.028,0.3623637675044237,5,0.987523,0.40842089260957265,0.944,0.3129177208149133,5,0.9040950000000001,0.36960878283666376,-0.08400000000000007,-0.08342799999999995
977,6,10,0,6,0,mid,mid_r5-8,4,2-4,3,1,3,1,4,2,0,0,0,0,1,3,1,2,2,0.1487795293995824,0,0.5583995058199821,0.4096199764203997,0,1,-1,0.6270598350846294,0.9845369424089175,1.179461449995534,0.13512940094590975,0.9845369424089175,0.32675016982042204,61,0.05,-0.03,0.08,-0.795,-0.6781967213114755,-1.24,1.29,0.465,0.8450000000000001,6,16,0.26229508196721313,1.743343606557377,1.73031,1.68449,Hit,6,0.13114754098360656,0.45901639344262296,0.39344262295081966,0.14,4,1,2.1277466343342857,0.6,0.215,-0.792245,1,Hit,-3.89,-0.3144262295081967,61.0,13.0,10.0,0.19672131147540983,3.0,0.23076923076923078,0.8955606876270521,4.6923076923076925,0.7377049180327869,0.6902866498642314,0.16916215835567555,0.9574999999999999,0.6,1.0,6.0,-0.024,0.074,1.0,0.35440224016812666,0.3436871801241902,-0.010715060043936487,1.6170704545350678,2.6,0.2868131868131868,0.3782355746829561,0.9400000000000001,5,0.23514544791774958,0.19899999999999998,0.26449007542817177,5,0.21977199999999994,0.2783165759661109,0.074,0.12561846997953763,5,0.092391,0.14652024017179333,-0.12499999999999999,-0.12738099999999994
1228,0,11,1,5,1,mid,mid_r5-8,5,5-8,3,2,3,2,5,1,0,0,0,0,1,3,2,1,4,0.14915711502975787,0,0.6803414523965153,0.5311843373667575,0,1,-1,0.45802599930680615,0.6428364031920945,0.3902926267256403,0.8284368591510155,0.6428364031920945,0.40843771227552755,71,1.36,1.235,0.125,0.25,0.30521126760563383,-0.2,1.56,0.39499999999999996,1.11,3,6,0.08450704225352113,2.1469469014084503,2.11999,2.11197,Draw,6,0.22535211267605634,0.4225352112676056,0.3380281690140845,0.18000000000000016,2,0,2.694880886495108,0.325,0.495,0.30401500000000015,1,Draw,-0.5499999999999998,0.9425352112676054,71.0,15.0,10.0,0.22535211267605634,5.0,0.3333333333333333,0.843975787005007,4.733333333333333,0.6619718309859155,0.7168511825239406,0.18831346199930785,1.4500000000000002,1.0,1.0,1.0,1.36,0.0,1.0,0.23895980846695014,0.44313685426112004,0.2041770457941699,2.0412645189334127,2.6,0.4735714285714286,0.22337931862794652,0.9199999999999999,5,0.09298253379498782,0.0,0.0,5,0.0,0.0,0.3330000000000001,0.32131759989144704,5,0.3623970000000001,0.33466536053945,0.3330000000000001,0.3623970000000001
8219,0,14,0,2,0,late,late_r2-4,3,2-4,2,1,2,1,3,1,0,0,0,0,1,3,0,2,3,0.369443678361126,0,0.41993844787539986,0.05049476951427384,0,1,-1,0.29778222625939255,0.317712578288871,0.13377503623870435,0.2255245145580997,0.317712578288871,0.2450626273653165,55,-0.075,-0.24,0.16499999999999998,-1.055,-0.9687272727272728,-1.225,1.1500000000000001,0.10999999999999999,0.98,2,4,0.07272727272727272,0.6362979818181816,0.597913,1.07209,Hit,6,0.14545454545454545,0.509090909090909,0.32727272727272727,0.5850000000000001,1,1,1.5748235021952146,0.53,0.055,-0.611045,1,Hit,-1.3399999999999999,-0.18790909090909086,55.0,11.0,10.0,0.2,3.0,0.2727272727272727,0.8931938523302726,5.0,0.7454545454545455,0.5631866911292442,0.10425165685303606,0.8400000000000001,0.4,1.0,4.0,-0.174,0.09899999999999999,1.0,0.40326828231534506,0.6539883257314412,0.250720043416096,0.5722457307225811,4.0,0.6758018053011483,0.42335756413119174,0.9199999999999999,5,0.12213615883434674,0.2259999999999999,0.13640014662748723,5,0.286879,0.10991168536602472,0.1649999999999999,0.0,5,0.23772500000000002,0.0,-0.061,-0.049153999999999975
4456,4,12,0,4,0,late,late_r2-4,8,5-8,4,4,4,4,8,0,0,0,0,0,1,5,3,6,8,0.02680194400113338,0,0.3543413899179732,0.3275394459168398,0,3,-3,0.33828030167303663,0.4182427075817274,0.28548967009369625,0.5674784599436365,0.4182427075817274,0.6535003396408441,97,-1.2,-1.355,0.15500000000000003,-2.135,-2.082422680412371,-2.785,1.5850000000000002,0.3750000000000002,0.9349999999999998,5,16,0.16494845360824742,1.5298330927835049,1.4777,1.71464,Hit,6,0.32989690721649484,0.35051546391752575,0.30927835051546393,0.17500000000000004,2,1,2.435100382898279,0.73,0.04,-2.05732,1,Hit,-0.21499999999999997,0.6566494845360825,97.0,20.0,10.0,0.26804123711340205,10.0,0.5,0.7118295817719702,4.85,0.7010309278350515,0.5678234056975069,0.2098598923911807,1.485,1.0,1.0,1.0,-1.2,0.0,1.0,0.2113109011348684,0.29718185242983985,0.08587095129497146,1.3530834754564967,1.6,0.39401267886760316,0.2726675448042277,0.86,5,0.2266476272313285,0.229,0.22919424076533867,5,0.16665700000000008,0.17290437579772241,0.256,0.07394254526319742,5,0.24191999999999997,0.052567672456558384,0.026999999999999996,0.07526299999999989
4153,2,14,0,2,0,late,late_r2-4,5,5-8,4,1,3,1,4,2,0,0,0,0,1,2,2,3,3,0.41046628855516626,0,0.5316829219337401,0.12121663337857386,0,1,-1,0.6223076691494733,1.150283171388661,1.132538738282166,0.6700709407219507,1.00118778890735,0.32675016982042204,61,0.465,-0.135,0.6000000000000001,-0.87,-0.8210655737704919,-1.305,1.77,0.355,1.335,1,1,0.01639344262295082,1.2458737540983604,1.29691,1.73746,Hit,6,0.13114754098360656,0.45901639344262296,0.39344262295081966,0.7250000000000001,1,1,2.1418957953391664,0.475,0.425,-0.40373,1,Hit,-2.045,-0.2726229508196722,61.0,13.0,10.0,0.22950819672131145,3.0,0.23076923076923078,0.8643800493900706,4.6923076923076925,0.7049180327868853,0.4836412294579485,0.19901377590528757,0.8699999999999999,0.2,1.0,5.0,-0.015000000000000003,0.4800000000000001,1.0,0.4671555588214056,0.5231438682169645,0.05598830939555888,1.161144993702691,1.6,0.5527472527472528,0.6408391834345859,0.96,5,0.13018226090029317,0.6000000000000001,0.0,5,0.48406000000000005,0.0,0.6000000000000001,0.0,5,0.48406000000000005,0.0,0.0,0.0
1759,1,14,0,2,0,late,late_r2-4,2,2-4,1,1,1,1,2,0,0,0,0,0,0,2,0,0,0,1.263914690513563,0,1.6486393090558031,0.38472461854224016,0,1,-1,1.2910775837400326,1.2910775837400326,0.561553,0.31840000000000046,1.2910775837400326,0.16337508491021102,49,-0.125,-0.135,0.010000000000000009,-1.5,-1.2639795918367347,-1.78,1.655,0.875,1.375,4,8,0.16326530612244897,0.9446250204081632,0.932255,1.24474,Hit,6,0.16326530612244897,0.5714285714285714,0.24489795918367346,0.195,2,1,1.3038243068721356,0.655,0.19,-0.74737,1,Hit,-2.06,-0.9660204081632655,49.0,10.0,10.0,0.2857142857142857,3.0,0.3,0.8711718686084697,4.9,0.7551020408163265,0.9153094737754751,0.13494482042473546,1.35,0.2,1.0,6.0,-0.20700000000000002,0.082,1.0,0.6782534119504267,0.8409962663145075,0.16274285436408084,0.9188336629871682,1.4,0.8458373714125145,0.716887219091017,1.0,5,0.08901584699077297,0.20600000000000002,0.2783522947633089,5,0.11778750000000002,0.15575633537917488,0.17400000000000002,0.24316660954991334,5,0.1068356,0.13908458655365089,-0.032,-0.010951900000000014
9824,0,13,1,3,1,late,late_r2-4,5,5-8,1,4,1,4,5,-3,0,0,0,0,1,4,1,1,3,0.33473122408919165,0,0.7874643735998477,0.452733149510656,0,1,-1,0.5737280481693845,0.9245128827249534,1.0336715184879768,0.5520036217272477,0.9245128827249534,0.40843771227552755,79,1.51,1.485,0.02499999999999991,-0.395,-0.26284810126582275,-1.445,2.955,0.36749999999999994,1.905,2,2,0.02531645569620253,1.65421746835443,1.66925,1.38199,Hit,6,0.4050632911392405,0.43037974683544306,0.1518987341772152,0.795,1,1,2.0390732268591094,0.17,0.59,0.819005,1,Hit,-0.365,0.5368987341772152,79.0,16.0,10.0,0.1518987341772152,3.0,0.1875,0.9127144912099666,4.9375,0.7848101265822784,0.7552598766572088,0.21837474664902548,1.7131666666666667,0.4,1.0,6.0,1.191,0.319,1.0,0.4467830742608398,0.6153609084902756,0.16857783422943573,1.5621107332914932,1.0,0.575294117647059,0.46439606888103474,0.96,5,0.11296423481637265,0.569,0.5423951511582676,5,0.610815,0.5768482279053132,0.37899999999999995,0.5201129684981908,5,0.3937969999999999,0.5295833748523456,-0.19,-0.2170180000000001
713,2,12,0,4,0,late,late_r2-4,3,2-4,2,1,2,1,3,1,0,0,0,0,1,1,2,1,2,0.3903776011620039,0,0.6379518322890823,0.24757423112707838,0,1,-1,0.9695059882146159,1.0738673197677786,0.6408638682655016,0.6594101000136393,1.0738673197677786,0.2450626273653165,55,0.14,0.09,0.05000000000000002,-0.82,-0.7231818181818181,-1.18,1.3199999999999998,0.5599999999999999,0.96,5,11,0.2,1.5673465454545457,1.58208,1.63107,Hit,6,0.14545454545454545,0.509090909090909,0.32727272727272727,0.15500000000000003,3,1,2.0825851600091996,0.56,0.235,-0.675535,1,Hit,-2.79,-0.38000000000000006,55.0,11.0,10.0,0.21818181818181817,1.0,0.09090909090909091,0.913548947746742,5.0,0.7272727272727273,0.7958001507264251,0.1493262737757437,0.9891666666666665,0.4,1.0,6.0,0.08900000000000001,0.05100000000000001,1.0,0.43102153021200673,0.6238305853100499,0.1928090550980432,1.546817001574643,1.6,0.6400000000000001,0.4490735905316752,1.0,5,0.05371976800690343,0.341,0.172169974153451,5,0.24815399999999993,0.11838282790379692,0.296,0.27607517092270356,5,0.2100809999999999,0.1947617766144065,-0.04500000000000004,-0.038073000000000023
6477,0,14,0,2,0,late,late_r2-4,5,5-8,2,3,1,2,3,-1,0,0,0,0,1,1,2,1,1,0.2841373575737618,0,1.5709357808643865,1.2867984232906247,0,2,-2,0.6121283538605273,1.3063418961078455,1.6488311494783934,0.6862530099023233,1.717532019366167,0.2450626273653165,63,-1.055,-1.11,0.05500000000000016,-2.405,-2.220793650793651,-2.91,1.8550000000000002,0.8425,1.3499999999999999,8,11,0.1746031746031746,0.708998984126984,0.659621,1.22555,Hit,6,0.31746031746031744,0.47619047619047616,0.19047619047619047,0.05500000000000016,3,1,1.5080670429338199,0.76,0.0,-1.5704075000000002,0,Freeze,-1.94,-1.0416666666666667,63.0,13.0,10.0,0.25396825396825395,4.0,0.3076923076923077,0.8570430596095366,4.846153846153846,0.8412698412698413,0.7030217733950743,0.27990393678238473,1.4891666666666667,0.0,1.0,6.0,-1.1480000000000001,0.09300000000000015,1.0,0.8348046479139983,0.8684804982904414,0.03367585037644292,0.5688113724965401,1.4,0.7790051620357086,0.8316789894547636,0.74,5,0.08929123364415213,0.1660000000000001,0.01341640786499875,5,0.32839449999999987,0.08041347660684746,0.6400000000000001,0.4381780460041329,5,0.7367564999999999,0.40561046273487567,0.47400000000000003,0.40836200000000006
3395,3,14,0,2,0,late,late_r2-4,1,0-1,0,1,0,1,1,-1,0,0,0,0,1,1,0,1,1,0.22081625842315067,0,,,0,1,-1,,,,,,0.08168754245510551,43,-0.315,-0.465,0.15000000000000002,-1.76,-1.4193023255813955,-1.935,1.62,0.9175,1.445,2,7,0.16279069767441862,0.6150805813953488,0.433013,0.91966,Hit,5,0.18604651162790697,0.6511627906976745,0.13953488372093023,0.29,2,1,1.1750579230422522,0.63,0.0,-0.77483,1,Hit,-1.245,-0.8566279069767444,43.0,9.0,9.0,0.20930232558139536,2.0,0.22222222222222224,0.9227751839431717,4.777777777777778,0.8604651162790697,0.8773490403766224,0.14984202313529402,1.2283333333333335,0.4,1.0,6.0,-0.46099999999999997,0.146,1.0,0.7654144109069174,0.95,0.18458558909308262,0.6579023917313981,1.0,0.8433333333333332,0.8089998156239501,1.0,5,0.01889332616088196,0.4159999999999999,0.11502173707608489,5,0.565162,0.10943099375862389,0.353,0.14087228258248677,5,0.47279800000000005,0.13841931601116939,-0.06299999999999994,-0.092364
6777,6,13,1,3,1,late,late_r2-4,4,2-4,1,3,1,3,4,-2,0,0,0,0,1,3,1,2,3,0.15914401440519557,0,0.4796671956326472,0.3205231812274516,0,1,-1,0.6382419589391567,0.8229652514387314,0.7248051891064363,0.37809551951193504,0.8229652514387314,0.32675016982042204,69,0.785,0.66,0.125,-0.215,-0.1668840579710145,-0.96,1.745,0.48,1.0,3,8,0.11594202898550725,1.4966717391304347,1.49792,1.52275,Draw,6,0.34782608695652173,0.463768115942029,0.17391304347826086,0.34500000000000003,2,0,2.2030811475604466,0.285,0.355,0.023625000000000007,1,Draw,0.395,0.6721739130434782,69.0,14.0,10.0,0.30434782608695654,5.0,0.35714285714285715,0.8185397475351918,4.928571428571429,0.7536231884057971,0.45538411206128837,0.25050145594417333,1.4,0.6,1.0,3.0,0.7350000000000001,0.05,1.0,0.46323420900848855,0.7330324451728278,0.2697982361643393,1.389455352973823,2.0,0.7195604395604396,0.4657696757153169,0.96,5,0.040711425278866745,0.352,0.36716140864747754,5,0.332102,0.34129425329545177,0.05,0.06846531968814577,5,0.07556599999999995,0.1034730069510884,-0.302,-0.25653600000000004
3213,1,13,1,3,1,late,late_r2-4,3,2-4,1,2,1,2,3,-1,0,0,0,0,1,3,0,0,3,0.758065892097118,0,0.954524284961098,0.19645839286397992,0,2,-2,0.6611866852311002,0.7083406301824525,0.5360490555828906,0.19025374284535704,0.7083406301824525,0.2450626273653165,59,0.145,0.12,0.024999999999999994,-0.725,-0.6433050847457626,-1.37,1.5150000000000001,0.625,0.87,10,15,0.2542372881355932,1.4931142372881356,1.53506,1.18067,Hit,6,0.2711864406779661,0.5084745762711864,0.2033898305084746,0.024999999999999994,2,1,1.5272844760000845,0.39,0.035,-0.44533500000000004,1,Hit,1.055,0.9427966101694916,59.0,12.0,10.0,0.23728813559322032,3.0,0.25,0.8870290787850335,4.916666666666667,0.7288135593220338,0.8434709256578877,0.16215904932890543,1.2110714285714286,0.0,1.0,6.0,0.10999999999999999,0.03499999999999999,0.6,0.46622563668367106,0.4150959473129264,-0.05112968937074462,1.4395913130103046,2.6,0.4321678321678323,0.4718171600414717,1.0,5,0.29768567403927015,0.22399999999999998,0.2762562216493956,5,0.250364,0.3032047120634836,0.11299999999999992,0.1465264481245622,5,0.17678999999999997,0.12246948415829963,-0.11100000000000006,-0.073574
996,0,13,1,3,1,late,late_r2-4,2,2-4,0,2,0,2,2,-2,0,0,0,0,1,1,1,1,1,0.4043026060564071,0,1.8087237562436114,1.4044211501872041,0,2,-2,1.691131007623005,1.691131007623005,0.810106,0.24230000000000018,1.691131007623005,0.16337508491021102,53,0.765,0.735,0.030000000000000027,-0.075,-0.1329245283018868,-0.875,1.6400000000000001,0.63,0.84,6,8,0.1509433962264151,1.295140754716981,1.29591,1.02945,Hit,5,0.3018867924528302,0.5660377358490566,0.11320754716981132,0.05500000000000005,2,1,1.5647461469590858,0.205,0.205,0.250275,1,Hit,-0.16000000000000003,0.7888679245283018,53.0,11.0,10.0,0.20754716981132076,2.0,0.18181818181818182,0.9011310918709434,4.818181818181818,0.8867924528301888,0.882637745062371,0.13302585467400874,1.3566666666666667,0.2,1.0,6.0,0.736,0.029000000000000026,1.0,0.5863130118352357,0.7766248578078896,0.1903118459726539,1.1940796943709435,1.8,0.8090909090909092,0.5889293966691774,1.0,5,0.10689769193598855,0.08499999999999999,0.11407234546549833,5,0.12564400000000003,0.12179774486828565,0.045,0.013693063937629155,5,0.09743500000000002,0.04307837914778142,-0.039999999999999994,-0.028209000000000012
9056,0,12,0,4,0,late,late_r2-4,3,2-4,2,1,2,1,3,1,0,0,0,0,1,3,0,1,3,0.32184652883981874,0,0.7202921272400522,0.39844559840023347,0,1,-1,0.4735886782842677,0.5155138709870293,0.3402162924966802,0.18134453396780267,0.5155138709870293,0.2450626273653165,55,0.215,0.085,0.13,-0.9,-0.808090909090909,-1.285,1.5,0.485,1.115,3,9,0.16363636363636364,1.5304441818181818,1.52446,1.77729,Hit,6,0.14545454545454545,0.509090909090909,0.32727272727272727,0.235,3,1,2.153617707240621,0.58,0.265,-0.673645,1,Hit,-2.705,-0.30472727272727285,55.0,11.0,10.0,0.18181818181818182,3.0,0.2727272727272727,0.8920156074384753,5.0,0.7090909090909091,0.7518881190248553,0.18194470595162213,1.2349999999999999,0.2,1.0,6.0,0.048,0.16699999999999998,1.0,0.4959600995591564,0.524250026711752,0.02828992715259565,1.5122576196158353,1.4,0.5690909090909092,0.549633564626838,0.9400000000000001,5,0.14861661777086688,0.311,0.11876447280226521,5,0.1679089999999999,0.0878868916135962,0.251,0.18372533848111422,5,0.13874399999999992,0.11656453788567087,-0.06,-0.02916499999999997
5757,6,13,1,3,1,late,late_r2-4,2,2-4,0,2,0,2,2,-2,0,0,0,0,0,1,1,1,2,0.41404919941475676,0,1.2068360270662288,0.792786827651472,0,2,-2,1.3750307704487945,1.3750307704487945,0.023895500000000014,0.6871000000000009,1.3750307704487945,0.16337508491021102,53,0.315,0.305,0.010000000000000009,-0.535,-0.4311320754716982,-1.005,1.3199999999999998,0.6,0.8500000000000001,7,16,0.3018867924528302,1.46080641509434,1.47458,1.35859,Hit,5,0.3018867924528302,0.5660377358490566,0.11320754716981132,0.030000000000000027,3,1,1.860236461174945,0.4,0.215,-0.35392,0,Hit,0.505,0.9498113207547167,53.0,11.0,10.0,0.2830188679245283,2.0,0.18181818181818182,0.8800157161766569,4.818181818181818,0.8113207547169811,0.835462237829897,0.1438591870256595,1.075,0.0,1.0,4.0,0.283,0.03200000000000001,1.0,0.44480737609429405,0.4935358152928183,0.04872843919852423,1.3536892295508898,6.8,0.5981818181818183,0.45846124578953323,0.9800000000000001,5,0.20301826718813698,0.421,0.17717928772856043,5,0.397927,0.15429667011150958,0.466,0.21425452153921984,5,0.43859499999999996,0.19115971486560662,0.04500000000000004,0.04066799999999998
4462,2,13,1,3,1,late,late_r2-4,6,5-8,3,3,3,3,6,0,0,0,0,0,1,4,2,4,6,0.10566637258092136,0,0.28395762724012413,0.17829125465920276,0,1,-1,0.337391351347378,0.41296298024840317,0.3850483264816235,0.3647490495760985,0.41296298024840317,0.490125254730633,81,1.04,0.92,0.12,0.09,0.11907407407407407,-0.39,1.4300000000000002,0.195,0.9500000000000001,3,5,0.06172839506172839,1.36754987654321,1.34447,1.67583,Hit,6,0.2962962962962963,0.3950617283950617,0.2962962962962963,0.575,1,1,2.3164936911035787,0.31,0.385,0.20208500000000007,1,Hit,0.495,0.8716666666666667,81.0,17.0,10.0,0.14814814814814814,5.0,0.29411764705882354,0.8884462989210846,4.764705882352941,0.7160493827160493,0.3309813312309039,0.1714816486015192,0.8029545454545455,0.2,0.2,6.0,0.804,0.23600000000000004,1.0,0.16887046540486947,0.18992278180524902,0.021052316400379543,1.2763686631548639,11.2,0.0002311182049379218,0.11208229292869157,0.8800000000000001,5,0.09830915554256793,0.20299999999999999,0.05142956348249516,5,0.213293,0.06380172760200153,0.27199999999999996,0.05142956348249516,5,0.29889200000000005,0.06380172760200152,0.06899999999999998,0.08559900000000004
7071,0,14,0,2,0,late,late_r2-4,3,2-4,1,2,1,2,3,-1,0,0,0,0,1,2,1,2,2,0.11655065941040357,0,0.5869421133301069,0.4703914539197034,0,1,-1,0.5566339508528148,0.9648878806208292,0.8256972017919443,0.2728141532659604,0.9648878806208292,0.2450626273653165,59,-0.02,-0.395,0.375,-0.765,-0.8658474576271187,-2.46,2.44,0.26,0.745,1,3,0.05084745762711865,0.9495143220338985,0.933595,1.47973,Hit,6,0.2711864406779661,0.5084745762711864,0.2033898305084746,0.415,2,1,2.0508847119969467,0.45,0.13,-0.759865,1,Hit,-0.795,-0.06771186440677966,59.0,12.0,10.0,0.20338983050847456,4.0,0.3333333333333333,0.8361481709094314,4.916666666666667,0.7457627118644068,0.7988721558322798,0.14808040249902982,2.125,0.4,1.0,2.0,-0.24500000000000002,0.225,1.0,0.280206378617306,0.30410488598286006,0.023898507365554007,0.8134969016264311,1.4,0.38767735352471916,0.3108091031622652,0.96,5,0.10616061030515485,0.375,0.0,5,0.3578000000000001,0.0,0.375,0.0,5,0.3578000000000001,0.0,0.0,0.0
6191,5,14,0,2,0,late,late_r2-4,1,0-1,0,1,0,1,1,-1,0,0,0,0,0,0,1,1,1,0.28703810287137715,0,,,0,1,-1,,,,,,0.08168754245510551,43,0.035,-0.045,0.08,-1.67,-1.287325581395349,-1.935,1.97,1.1975,1.7049999999999998,3,10,0.23255813953488372,0.6461866744186047,0.44,1.17208,Draw,5,0.18604651162790697,0.6511627906976745,0.13953488372093023,0.08,3,0,1.5117512734278713,0.4,0.0,-0.55104,1,Draw,-0.725,-0.9756976744186047,43.0,9.0,9.0,0.18604651162790697,2.0,0.22222222222222224,0.9145425818519562,4.777777777777778,0.8604651162790697,0.9512777398691037,0.12211207443219067,1.815,0.0,1.0,4.0,-0.123,0.15799999999999997,1.0,0.821048880856243,0.7712894984832626,-0.04975938237298052,0.5148158049776698,1.0,0.8051821726947157,0.8342973838074668,1.0,5,0.11868713775020417,0.068,0.06534523701081817,5,0.06169499999999998,0.059132825274968846,0.176,0.13258959235173776,5,0.16507599999999997,0.13235912810418485,0.10799999999999998,0.103381
8075,7,14,0,2,0,late,late_r2-4,3,2-4,2,1,2,1,3,1,0,0,0,0,1,3,0,1,1,0.30400949333657407,0,1.4834903302684534,1.1794808369318794,0,1,-1,0.7743977401826553,0.946427917799833,0.6253709126765864,0.30650640377577126,0.946427917799833,0.2450626273653165,55,0.0,-0.07,0.07,-1.76,-1.4609090909090914,-1.88,1.88,0.6375000000000002,1.76,2,5,0.09090909090909091,0.6715546000000001,0.511468,1.43178,Hit,6,0.14545454545454545,0.509090909090909,0.32727272727272727,0.79,1,1,1.472399143197567,0.64,0.175,-0.71589,1,Hit,-2.94,-0.9486363636363636,55.0,11.0,10.0,0.16363636363636364,2.0,0.18181818181818182,0.9193109446889467,5.0,0.7818181818181819,0.8868165199361956,0.14255435652617893,1.5683333333333334,0.2,1.0,6.0,-0.16099999999999998,0.16099999999999998,1.0,0.747609272126821,0.7659735099792517,0.01836423785243062,0.6642928027435513,1.0,0.7668530384261298,0.71287867005645,0.9199999999999999,5,0.08105640839282309,0.042,0.03834057902536163,5,0.01775399999999988,0.016207110476577757,0.16099999999999998,0.16195678435928518,5,0.11179099999999989,0.12667111324212796,0.11899999999999997,0.09403700000000001
1243,4,12,0,4,0,late,late_r2-4,3,2-4,2,1,2,1,3,1,0,0,0,0,1,3,0,1,2,0.255611696633781,0,1.1316251657081529,0.8760134690743718,0,1,-1,0.9027112380733958,0.9611966395484686,0.5584206516620482,0.36999753452632095,0.9611966395484686,0.2450626273653165,55,0.33,0.215,0.11500000000000002,-1.06,-0.8618181818181817,-1.47,1.8,0.37250000000000005,1.3900000000000001,2,9,0.16363636363636364,1.5219534545454547,1.51165,1.76099,Hit,6,0.14545454545454545,0.509090909090909,0.32727272727272727,0.11500000000000002,2,1,2.2350739612506274,0.525,0.26,-0.550495,1,Hit,-2.62,-0.4153636363636363,55.0,11.0,10.0,0.2545454545454545,3.0,0.2727272727272727,0.8743845871041754,5.0,0.7818181818181819,0.8038771376013807,0.17186111360377543,1.51,0.2,1.0,6.0,0.23800000000000004,0.09200000000000001,1.0,0.43813263699275196,0.5853187529478865,0.14718611595513456,1.438570462044554,1.2,0.6,0.4829067739340391,0.96,5,0.19285486539341035,0.308,0.18099033123346672,5,0.22989600000000002,0.13380636879461308,0.329,0.1907354188398159,5,0.24108500000000005,0.13933468995551682,0.02100000000000002,0.011189000000000032
6930,3,12,0,4,0,late,late_r2-4,4,2-4,2,2,2,2,4,0,0,0,0,0,1,3,1,1,3,0.4214951810887027,0,0.6112306673621659,0.1897354862734632,0,1,-1,0.40860690147867434,0.696657096855833,0.5769274661361252,0.5442071985925947,0.696657096855833,0.32675016982042204,65,0.315,0.235,0.08000000000000002,-0.315,-0.29507692307692307,-1.47,1.785,0.33,0.63,5,20,0.3076923076923077,1.6278933846153845,1.60405,1.84276,Draw,6,0.24615384615384617,0.46153846153846156,0.27692307692307694,0.155,5,0,2.4993248232179965,0.47,0.28,-0.6063799999999999,1,Draw,-0.8050000000000002,0.2465384615384615,65.0,13.0,10.0,0.24615384615384617,5.0,0.38461538461538464,0.815336944789036,5.0,0.6923076923076923,0.40579195994470413,0.1973169223242492,0.9825000000000002,0.4,1.0,3.0,0.251,0.06400000000000002,1.0,0.19973276263305711,0.20100567045830425,0.0012729078252471133,1.4861504550353248,3.6,0.08571428571428572,0.22954474804724362,0.9400000000000001,5,0.10126650959083353,0.985,0.6909775683768613,5,0.8589630000000001,0.6671975511851794,0.624,0.6240232367468378,5,0.5345930000000001,0.5739726849293442,-0.361,-0.32437000000000005
8964,0,13,1,3,1,late,late_r2-4,9,9-12,4,5,4,5,9,-1,0,0,0,0,1,4,5,4,8,0.038937212680033105,0,0.33200730394977723,0.29307009126974415,0,1,-1,0.30037552547917296,0.46168526263401666,0.39204343740025877,0.658181449333626,0.46168526263401666,0.7351878820959495,107,0.295,0.125,0.16999999999999998,-1.265,-1.1607476635514018,-1.74,2.035,0.2549999999999999,1.5599999999999998,2,3,0.028037383177570093,1.4058149719626165,1.38261,1.89947,Hit,6,0.37383177570093457,0.3364485981308411,0.2803738317757009,0.51,1,1,2.5658900698373275,0.44,0.305,-0.6547350000000001,1,Hit,0.415,-0.011962616822429906,107.0,22.0,10.0,0.20560747663551399,10.0,0.4545454545454545,0.7757675879104887,4.863636363636363,0.6728971962616822,0.5985276523879487,0.21050029876863605,1.95,0.0,0.0,2.0,-0.25,0.5450000000000002,0.0,0.32245238126217557,0.24411991507954633,-0.07833246618262923,1.2656747597576736,17.2,0.28968844455468257,0.3774076257776831,0.9,5,0.1760285990331301,1.2239999999999998,0.10132867313845573,5,1.0913109999999997,0.041402348121815535,1.298,0.08273451516749228,5,1.1215469999999998,0.03380487568384185,0.07400000000000029,0.03023600000000015
9257,2,12,0,4,0,late,late_r2-4,1,0-1,0,1,0,1,1,-1,0,0,0,0,0,1,0,0,1,0.9230498666058073,0,,,0,1,-1,,,,,,0.08168754245510551,43,-0.46,-0.5,0.03999999999999998,-1.2,-1.1433720930232558,-1.47,1.01,0.24250000000000016,0.74,5,8,0.18604651162790697,1.4115911627906976,1.41449,1.2839,Hit,5,0.18604651162790697,0.6511627906976745,0.13953488372093023,0.35999999999999993,2,1,1.7734098851904663,0.705,0.125,-1.09161,0,Hit,-1.395,-0.7204651162790697,43.0,9.0,9.0,0.18604651162790697,2.0,0.22222222222222224,0.9247168519664231,4.777777777777778,0.8604651162790697,0.7614965558340366,0.1223848578562003,0.7108333333333333,0.4,1.0,6.0,-0.523,0.06299999999999997,1.0,0.2794718866642575,0.47456768014580497,0.1950957934815475,1.2828484290177546,1.0,0.5933333333333333,0.35938112115470205,1.0,5,0.16645487304567833,0.09499999999999997,0.11313708498984762,5,0.06148600000000004,0.07487616029151073,0.06299999999999994,0.09820896089461488,5,0.041088,0.08048131783215283,-0.03200000000000003,-0.02039800000000004
2334,0,13,1,3,1,late,late_r2-4,1,0-1,0,1,0,1,1,-1,0,0,0,0,0,0,1,1,1,0.397152410090887,0,,,0,1,-1,,,,,,0.08168754245510551,43,1.02,1.0,0.020000000000000018,-0.17,0.0006976744186046499,-0.46,1.48,0.41,1.19,2,4,0.09302325581395349,1.2913609302325582,1.33233,1.14,Hit,5,0.18604651162790697,0.6511627906976745,0.13953488372093023,0.51,1,1,1.5854855782545418,0.21,0.45,0.45000000000000007,1,Hit,0.06500000000000006,0.49674418604651155,43.0,9.0,9.0,0.20930232558139536,1.0,0.11111111111111112,0.9391027838601241,4.777777777777778,0.8837209302325582,0.8527561553701689,0.12366452442085549,1.0675,0.2,1.0,6.0,0.85,0.17,1.0,0.4930627461275362,0.6243815559600503,0.13131880983251407,1.2952935223674251,1.2,0.6533333333333333,0.4842373393902487,1.0,5,0.11731015579618989,0.38,0.12041594578792295,5,0.419126,0.10712384709998053,0.32,0.108397416943394,5,0.36201300000000003,0.09907132667931727,-0.06,-0.05711299999999997
1006,4,12,0,4,0,late,late_r2-4,2,2-4,0,2,0,2,2,-2,0,0,0,0,1,2,0,0,2,0.625204040102911,0,1.131802821417669,0.506598781314758,0,2,-2,1.077119200610587,1.077119200610587,0.336491,0.420499999999997,1.077119200610587,0.16337508491021102,53,-1.05,-1.09,0.040000000000000036,-1.645,-1.582924528301887,-2.12,1.07,0.5450000000000002,0.595,15,22,0.41509433962264153,1.684523773584906,1.69222,1.81039,Draw,5,0.3018867924528302,0.5660377358490566,0.11320754716981132,0.040000000000000036,3,0,2.406115592790119,0.66,0.055,-1.8398750000000001,0,Hit,-1.435,-0.1956603773584906,53.0,11.0,10.0,0.18867924528301888,2.0,0.18181818181818182,0.9201629503502436,4.818181818181818,0.8490566037735849,0.8439465482121837,0.11889326556356791,0.8687500000000001,0.4,1.0,2.0,-1.079,0.029000000000000005,1.0,0.3145037002351299,0.6542977099912586,0.3397940097561287,1.6155743719287234,3.0,0.7345454545454546,0.3923068568005975,0.9800000000000001,5,0.15345914716449652,0.03399999999999996,0.0486569625028114,5,0.11717599999999981,0.08486259293705314,0.13599999999999995,0.17129652652637178,5,0.1169569999999998,0.13269382712658478,0.102,-0.00021900000000001085
1836,0,12,0,4,0,late,late_r2-4,3,2-4,2,1,2,1,3,1,0,0,0,0,0,1,2,2,2,0.116626771413127,0,0.5497214918929403,0.4330947204798133,0,1,-1,0.47745394266070307,0.8587315906227749,0.6013830656514938,0.6202146420572658,0.8587315906227749,0.2450626273653165,55,0.09,-0.035,0.125,-0.745,-0.6485454545454544,-1.285,1.375,0.64,0.835,5,18,0.32727272727272727,1.4955314545454548,1.49813,1.60371,Hit,6,0.14545454545454545,0.509090909090909,0.32727272727272727,0.25,4,1,2.0997787903703573,0.565,0.215,-0.711855,1,Hit,-2.83,-0.4221818181818182,55.0,11.0,10.0,0.2909090909090909,3.0,0.2727272727272727,0.8496982875298922,5.0,0.7454545454545455,0.7373351918843123,0.1516715083503754,0.8125,0.2,1.0,6.0,-0.014000000000000002,0.10400000000000001,1.0,0.3634893791974446,0.6712312616685903,0.3077418824711457,1.4114372737518357,1.8,0.5457904015971567,0.3956313798988499,0.96,5,0.23601331298325665,0.37899999999999995,0.11447707194019248,5,0.29617699999999997,0.108836555129699,0.367,0.1498165544924859,5,0.307367,0.13246621364521596,-0.011999999999999955,0.011190000000000033
7475,0,12,0,4,0,late,late_r2-4,3,2-4,2,1,2,1,3,1,0,0,0,0,1,2,1,3,3,0.053921189644797925,0,0.5275100245644626,0.4735888349196647,0,1,-1,0.5340951739913685,0.5365489615545576,0.2171829046567741,0.22732673988483437,0.5365489615545576,0.2450626273653165,55,0.305,0.285,0.020000000000000018,-0.355,-0.3438181818181818,-0.93,1.235,0.3999999999999999,0.6599999999999999,6,14,0.2545454545454545,1.7156178181818182,1.72028,1.781,Hit,6,0.14545454545454545,0.509090909090909,0.32727272727272727,0.020000000000000018,3,1,2.4251690291560033,0.495,0.265,-0.5854999999999999,1,Hit,-2.06,0.17563636363636365,55.0,11.0,10.0,0.18181818181818182,2.0,0.18181818181818182,0.9087516569931798,5.0,0.7090909090909091,0.38239528849971655,0.22052500672335587,0.915,0.4,1.0,6.0,0.293,0.01200000000000001,1.0,0.19821099640011025,0.35292458218295647,0.1547135857828462,1.626201980868046,2.2,0.5127272727272728,0.25207526959035725,1.0,5,0.32398921186337776,0.991,0.40549969173847716,5,0.88968,0.35365173382510084,0.33299999999999996,0.4537014436829577,5,0.29323000000000005,0.40538254067917145,-0.658,-0.5964499999999999
4540,5,12,0,4,0,late,late_r2-4,3,2-4,1,2,1,2,3,-1,0,0,0,0,1,2,1,1,2,0.1296239700007661,0,0.8742299837005179,0.7446060136997518,0,2,-2,0.958308481718994,1.1569118129892295,0.7346711891692561,0.4237243941788372,1.1569118129892295,0.2450626273653165,59,-0.655,-0.69,0.03499999999999992,-1.895,-1.7177966101694917,-2.285,1.6300000000000001,0.4849999999999999,1.24,8,11,0.1864406779661017,1.5216793220338982,1.53766,1.52839,Hit,6,0.2711864406779661,0.5084745762711864,0.2033898305084746,0.77,1,1,2.2189169555890635,0.695,0.095,-1.419195,1,Hit,-1.0,-0.22110169491525428,59.0,12.0,10.0,0.20338983050847456,3.0,0.25,0.8753443545150471,4.916666666666667,0.7288135593220338,0.9225655034542719,0.12611410057641487,1.2285714285714286,0.0,1.0,7.0,-0.8470000000000001,0.19199999999999998,1.0,0.4407425548561196,0.6749231590973609,0.23418060424124137,1.4938217682109536,2.6,0.662937062937063,0.5088899420735249,0.9399999999999998,5,0.16286056465971555,0.19699999999999998,0.055181518645285574,5,0.11407499999999997,0.08546078245312291,0.19199999999999992,0.02906888370749722,5,0.09241399999999984,0.03477309311809914,-0.00500000000000006,-0.021661000000000125
7569,0,14,0,2,0,late,late_r2-4,1,0-1,0,1,0,1,1,-1,0,0,0,0,0,0,1,0,1,0.9060280335624276,0,,,0,1,-1,,,,,,0.08168754245510551,43,-0.6,-0.605,0.0050000000000000044,-1.575,-1.436860465116279,-1.945,1.3450000000000002,0.7574999999999998,0.975,5,12,0.27906976744186046,0.6518065813953487,0.531413,0.787401,Hit,5,0.18604651162790697,0.6511627906976745,0.13953488372093023,0.0050000000000000044,2,1,0.8367631711605321,0.79,0.0,-0.9937005,1,Hit,-1.4849999999999999,-1.1329069767441862,43.0,9.0,9.0,0.18604651162790697,2.0,0.22222222222222224,0.9256188838453092,4.777777777777778,0.8604651162790697,0.8512223419374905,0.149371298514791,1.1558333333333335,0.4,1.0,6.0,-0.646,0.046,1.0,0.8084404729292334,0.745321307093879,-0.06311916583535446,0.5072613463211355,1.2,0.7892118081146043,0.7811446269530042,1.0,5,0.1728167770989669,0.33399999999999996,0.19103010233991918,5,0.49871530000000003,0.24011070330438208,0.5509999999999999,0.41984223227302897,5,0.6268947,0.3732393982462195,0.21699999999999997,0.1281794
3856,1,13,1,3,1,late,late_r2-4,2,2-4,0,2,0,2,2,-2,0,0,0,0,1,2,0,0,1,0.8077491330660796,0,1.2771145124553265,0.46936537938924683,0,2,-2,0.689715776987159,0.689715776987159,0.2880275,0.18965000000000032,0.689715776987159,0.16337508491021102,53,0.455,0.365,0.09000000000000002,-0.54,-0.4586792452830188,-1.2,1.655,0.62,0.9950000000000001,2,10,0.18867924528301888,1.461811698113208,1.51307,1.2915,Hit,5,0.3018867924528302,0.5660377358490566,0.11320754716981132,0.41500000000000004,2,1,1.7749343174439989,0.285,0.165,-0.19075000000000003,1,Hit,-0.25499999999999995,0.894056603773585,53.0,11.0,10.0,0.16981132075471697,2.0,0.18181818181818182,0.9389513101637164,4.818181818181818,0.8113207547169811,0.8655407541131277,0.13799020465400572,1.1285416666666668,0.0,1.0,6.0,0.051000000000000004,0.404,1.0,0.48340395059956565,0.757581631996487,0.27417768139692145,1.3534923859757335,2.2,0.7636363636363637,0.5050169066960193,1.0,5,0.04015588819693596,0.442,0.16157815446402402,5,0.5035049999999999,0.22556584224456505,0.43600000000000005,0.16284194791269233,5,0.44311,0.18709103703144095,-0.00599999999999995,-0.060394999999999865
660,4,14,0,2,0,late,late_r2-4,4,2-4,2,2,2,2,4,0,0,0,0,0,1,1,3,3,4,0.10802071061439826,0,0.49581234393669377,0.3877916333222955,0,1,-1,0.3682175159386119,0.5508013089066952,0.19880855803110564,0.5547003042184131,0.5508013089066952,0.32675016982042204,65,0.355,0.255,0.09999999999999998,-1.395,-1.076846153846154,-1.945,2.3,0.9500000000000001,1.75,3,8,0.12307692307692308,1.0083219846153848,0.876584,1.6028,Draw,6,0.24615384615384617,0.46153846153846156,0.27692307692307694,0.24,3,0,2.2085764625969317,0.385,0.235,-0.426905,0,Draw,-0.21499999999999997,-0.47738461538461546,65.0,13.0,10.0,0.3076923076923077,5.0,0.38461538461538464,0.7911171664817575,5.0,0.7230769230769231,0.7198486108713877,0.3103120998313464,2.015,0.2,1.0,5.0,0.186,0.16899999999999998,1.0,0.6215659252713768,0.6832016003084009,0.061635675037024315,0.719047327957734,1.4,0.64884759597139,0.6158656708854673,0.96,5,0.0623944468389484,0.24500000000000002,0.4036706578387882,5,0.274958,0.4217566119457999,0.24699999999999997,0.1505240844516252,5,0.274603,0.16843382226411652,0.0019999999999999463,-0.0003549999999999942
6160,6,14,0,2,0,late,late_r2-4,3,2-4,2,1,2,1,3,1,0,0,0,0,1,2,1,1,3,0.27542614075181737,0,0.6298475755291907,0.3544214347773733,0,1,-1,0.612342368317398,0.6774463214481834,0.21389311533027158,0.44270848949016806,0.6774463214481834,0.2450626273653165,55,0.185,0.01,0.175,-1.095,-0.9737272727272728,-1.69,1.875,0.33000000000000007,1.28,2,5,0.09090909090909091,0.8925586727272727,0.833052,1.61888,Hit,6,0.14545454545454545,0.509090909090909,0.32727272727272727,0.175,2,1,2.108838025196223,0.545,0.27,-0.610465,0,Freeze,-1.8849999999999998,-0.23227272727272724,55.0,11.0,10.0,0.21818181818181817,4.0,0.36363636363636365,0.8456538223496995,5.0,0.7454545454545455,0.556169757955286,0.19890588331319942,1.8075000000000003,1.0,1.0,1.0,0.185,0.0,1.0,0.3737173476861766,0.35269072015577174,-0.021026627530404834,0.8211831686469285,1.0,0.33035036844506976,0.42976789247724845,1.0,5,0.10406849154692034,0.0,0.0,5,0.013974999999999998,0.0,0.0,0.0,5,0.013974999999999998,0.0,0.0,0.0
177,0,12,0,4,0,late,late_r2-4,3,2-4,2,1,2,1,3,1,0,0,0,0,1,2,1,2,2,0.016974270769609334,0,0.35335842992633115,0.3363841591567218,0,1,-1,0.3700986961719296,0.5976006584871248,0.5495293345764497,0.2282282824035824,0.5976006584871248,0.2450626273653165,55,0.2,0.195,0.0050000000000000044,-0.585,-0.5141818181818182,-0.995,1.195,0.2649999999999999,0.7849999999999999,7,11,0.2,1.509838909090909,1.50914,1.56205,Hit,6,0.14545454545454545,0.509090909090909,0.32727272727272727,0.0050000000000000044,3,1,2.1829594969345956,0.485,0.23,-0.5810249999999999,1,Hit,-0.7449999999999999,0.05427272727272729,55.0,11.0,10.0,0.2909090909090909,3.0,0.2727272727272727,0.8546676592320004,5.0,0.7454545454545455,0.5529943097079904,0.17910132507533547,0.9205,0.0,1.0,5.0,0.089,0.11100000000000002,1.0,0.3178329093130582,0.5530472320655953,0.23521432275253712,1.416462922105758,1.8,0.5794744485130268,0.3405587845441946,0.9800000000000001,5,0.11402659149416307,0.11600000000000002,0.12249489785293101,5,0.12504800000000002,0.12510951320742963,0.263,0.31228192390850934,5,0.26191600000000004,0.32724507392014324,0.147,0.13686800000000002
418,1,14,0,2,0,late,late_r2-4,1,0-1,0,1,0,1,1,-1,0,0,0,0,0,0,1,1,1,0.05899292491946315,0,,,0,1,-1,,,,,,0.08168754245510551,43,-0.195,-0.26,0.065,-1.77,-1.3303488372093022,-1.96,1.765,1.0625,1.575,7,10,0.23255813953488372,0.6243097906976743,0.435172,1.24779,Hit,5,0.18604651162790697,0.6511627906976745,0.13953488372093023,0.08500000000000002,3,1,1.6541053646434691,0.475,0.0,-0.7243275,0,Hit,-0.9950000000000001,-0.9,43.0,9.0,9.0,0.23255813953488375,1.0,0.11111111111111112,0.9066370944078652,4.777777777777778,0.9069767441860466,0.8584362519737561,0.1730229581766203,1.41,0.0,1.0,10.0,-0.268,0.07300000000000001,1.0,0.8320468743395792,0.8271322941879007,-0.004914580151678627,0.5561567205701834,2.6,0.7891997162384168,0.8361586700281911,1.0,5,0.0802304600069059,0.09899999999999998,0.023822258499143198,5,0.14961349999999993,0.05488462562503278,0.21500000000000002,0.29068883707497273,5,0.24979249999999995,0.3113389248471833,0.11600000000000005,0.10017900000000002
7767,2,14,0,2,0,late,late_r2-4,6,5-8,2,4,1,4,5,-3,0,0,0,0,1,3,2,1,1,0.1433317372827483,0,1.359405373720437,1.2160736364376887,0,1,-1,0.5330516766693478,0.9156384814138291,1.1518952376755456,0.49189589910422593,0.980173929315851,0.40843771227552755,79,-0.28,-0.445,0.16499999999999998,-2.345,-2.2408860759493674,-3.91,3.63,1.11,2.0650000000000004,2,7,0.08860759493670886,1.2741694810126583,1.30503,1.4972,Hit,6,0.4050632911392405,0.43037974683544306,0.1518987341772152,0.30999999999999994,2,1,1.9002812124660575,0.62,0.16,-1.0286,1,Hit,-2.215,-1.426898734177215,79.0,16.0,10.0,0.189873417721519,5.0,0.3125,0.8855393440481809,4.9375,0.7215189873417721,0.5891231643240865,0.527214006632977,2.8,0.2,1.0,6.0,-0.491,0.21100000000000002,1.0,0.7385270704138672,0.7786381652780093,0.040111094864142105,0.9308594452595841,1.0,0.7306868515357159,0.7360533848454637,0.9800000000000001,5,0.02752384221813639,1.041,0.5850790544875111,5,1.168593,0.6620626886254806,0.5599999999999999,0.6198588549016624,5,0.61624,0.7475415822715149,-0.481,-0.552353
3374,0,14,0,2,0,late,late_r2-4,1,0-1,0,1,0,1,1,-1,0,0,0,0,0,0,1,1,1,0.2779389125473585,0,,,0,1,-1,,,,,,0.08168754245510551,43,0.03,0.015,0.015,-1.77,-1.2498837209302325,-1.935,1.965,1.34,1.8,7,11,0.2558139534883721,0.6243740465116279,0.428836,1.1221,Draw,5,0.18604651162790697,0.6511627906976745,0.13953488372093023,0.07,3,0,1.5726876915070749,0.405,0.0,-0.53105,1,Draw,-0.94,-0.9372093023255815,43.0,9.0,9.0,0.18604651162790697,1.0,0.11111111111111112,0.9302550029630993,4.777777777777778,0.8604651162790697,0.8991362879108413,0.17303373786685824,1.85625,0.4,1.0,8.0,-0.021,0.051000000000000004,1.0,0.8467191001201568,0.8744634340263031,0.027744333906146345,0.520092526022298,3.0,0.7570195755941412,0.8528157107515433,1.0,5,0.04237260169803977,0.023,0.02706473720544872,5,0.01056499999999998,0.015335872570545134,0.05700000000000001,0.06750925862428057,5,0.04282699999999996,0.06772925610472917,0.03400000000000001,0.032261999999999985
4344,5,12,0,4,0,late,late_r2-4,5,5-8,2,3,2,2,4,0,0,0,0,0,1,3,1,1,4,0.5685761639780533,0,0.7621724529921035,0.19359628901405013,0,1,-1,0.3802177681066468,1.0264889284273893,1.0361607083186277,0.8532578827060431,0.5861483230383983,0.32675016982042204,69,-0.455,-0.46,0.0050000000000000044,-1.27,-1.1914492753623187,-1.625,1.17,0.32499999999999996,0.815,5,14,0.2028985507246377,1.521438260869565,1.51141,1.59624,Hit,6,0.2898550724637681,0.43478260869565216,0.2608695652173913,0.0050000000000000044,3,1,2.209978517822883,0.67,0.145,-1.25312,1,Hit,-2.0,-0.42079710144927535,69.0,14.0,10.0,0.2318840579710145,4.0,0.2857142857142857,0.8667452986063822,4.928571428571429,0.7391304347826086,0.6612734519230339,0.15081194150179464,0.9168750000000001,1.0,1.0,1.0,-0.45499999999999996,0.0,1.0,0.27627516959378096,0.6557593413875872,0.3794841717938062,1.357281460347627,3.4,0.7907692307692307,0.292801577294821,0.8400000000000001,5,0.033506784347814705,0.003,0.0027386127875258306,5,0.021477000000000003,0.019605728945897422,0.003,0.0027386127875258306,5,0.021477000000000003,0.019605728945897422,0.0,0.0
4069,5,14,0,2,0,late,late_r2-4,2,2-4,1,1,1,1,2,0,0,0,0,0,1,2,0,1,2,0.14814657162472866,0,0.8710157170017087,0.72286914537698,0,1,-1,0.9145107179808009,0.9145107179808009,0.4555112,0.03989999999999938,0.9145107179808009,0.16337508491021102,49,0.175,-0.1,0.275,-1.725,-1.3268367346938776,-1.85,2.025,1.125,1.9000000000000001,1,2,0.04081632653061224,0.6843838163265304,0.533643,1.26269,Hit,6,0.16326530612244897,0.5714285714285714,0.24489795918367346,0.5700000000000001,1,1,1.5141021339076912,0.515,0.21,-0.45634500000000006,1,Hit,-1.77,-0.8480612244897959,49.0,10.0,10.0,0.16326530612244897,3.0,0.3,0.9113829482489167,4.9,0.7551020408163265,0.7178938316339606,0.26332717058285837,1.4716666666666667,0.2,1.0,6.0,-0.267,0.442,1.0,0.7786608803606646,0.9252894277433985,0.14662854738273384,0.7207277247777537,1.0,0.8744172355866967,0.7968835709540726,1.0,5,0.049028000267448336,0.7,0.18405162319305962,5,0.6514239999999999,0.20764646994350758,0.7,0.18405162319305962,5,0.651424,0.2076464699435076,0.0,1.1102230246251565e-16
6316,1,14,0,2,0,late,late_r2-4,5,5-8,3,2,3,2,5,1,0,0,0,0,1,4,1,3,4,0.04144730934463968,0,0.40309370889663204,0.36164639955199235,0,1,-1,0.36343552360186554,0.6096887022174119,0.6710093108133752,0.45503984177212436,0.6096887022174119,0.40843771227552755,71,-0.395,-0.41,0.014999999999999958,-0.755,-0.8048591549295775,-2.05,1.6549999999999998,0.2025,0.36,16,56,0.7887323943661971,0.8806605549295775,0.899653,1.46935,Hit,6,0.22535211267605634,0.4225352112676056,0.3380281690140845,0.18499999999999994,6,1,2.0478478300414014,0.67,0.13,-0.9849494999999999,0,Hit,-2.185,0.030915492957746482,71.0,15.0,10.0,0.2535211267605634,4.0,0.26666666666666666,0.8571344171129016,4.733333333333333,0.7323943661971831,0.7888317159155851,0.10409094070129572,1.5875,0.8,1.0,2.0,-0.398,0.0029999999999999914,1.0,0.2787971469021354,0.21804181695373845,-0.060755329948396955,0.7904649049214509,4.8,0.17873143762175353,0.16812699437746054,0.7799999999999999,5,0.14976351402519372,0.8539999999999999,0.6221474905518787,5,0.8842935000000001,0.5966264949447014,1.097,0.6563592766160923,5,1.0989533,0.6024854978040549,0.2430000000000001,0.21465979999999996
6184,2,12,0,4,0,late,late_r2-4,4,2-4,2,2,2,2,4,0,0,0,0,0,1,2,2,4,4,0.04795012419848168,0,0.2685947072451165,0.22064458304663484,0,1,-1,0.3162654511386359,0.3611897241429342,0.002363117807911563,0.415605479992745,0.3611897241429342,0.32675016982042204,65,0.325,0.195,0.13,-0.365,-0.35023076923076923,-0.94,1.265,0.31000000000000005,0.69,5,13,0.2,1.326639646153846,1.35314,1.25275,Hit,6,0.24615384615384617,0.46153846153846156,0.27692307692307694,0.13,5,1,1.5377157149657459,0.285,0.04,-0.301375,1,Hit,1.325,0.6362307692307692,65.0,13.0,10.0,0.21538461538461542,3.0,0.23076923076923078,0.8913798579753369,5.0,0.7230769230769231,0.36506742048580954,0.19049809551716682,0.65,0.0,0.8,14.0,0.074,0.251,0.4,0.22219039687676947,0.13413836669152082,-0.08805203018524865,1.2842671225085365,6.6,0.015983225332027628,0.17205018370133807,0.9400000000000001,5,0.212132453801887,0.5559999999999999,0.5044724967726189,5,0.598813,0.5211385169223246,0.43200000000000005,0.2368966019173766,5,0.512303,0.25013914724109065,-0.12399999999999989,-0.08651000000000009
6345,0,14,0,2,0,late,late_r2-4,3,2-4,2,1,2,1,3,1,0,0,0,0,0,2,1,0,2,0.9498058420140411,0,1.033878559406278,0.08407271739223698,0,1,-1,0.7918426848711807,1.1800474215272003,1.139552667684805,0.11226641923963228,1.1800474215272003,0.2450626273653165,55,-0.32,-0.33,0.010000000000000009,-1.695,-1.4197272727272723,-1.855,1.535,0.6500000000000001,1.375,4,8,0.14545454545454545,0.7208099818181819,0.621208,1.27185,Hit,6,0.14545454545454545,0.509090909090909,0.32727272727272727,0.05499999999999999,2,1,1.132597520419371,0.765,0.165,-0.8914949999999999,0,Hit,-3.2399999999999998,-1.2509090909090905,55.0,11.0,10.0,0.2909090909090909,2.0,0.18181818181818182,0.8651791074617419,5.0,0.7454545454545455,0.9298033875486678,0.12127660612686368,1.4516666666666669,0.2,1.0,6.0,-0.364,0.044,1.0,0.7098328378664017,0.8336415056313559,0.12380866776495421,0.692140248230239,1.4,0.8314710544838769,0.710825765264514,0.9199999999999999,5,0.027598818480934345,0.46099999999999985,0.5559383958677434,5,0.4380838000000001,0.4729636317700071,0.0549999999999999,0.0,5,0.0926800000000001,0.0,-0.40599999999999997,-0.3454038
9117,2,13,1,3,1,late,late_r2-4,4,2-4,1,3,1,3,4,-2,0,0,0,0,1,1,3,2,2,0.15783855029056792,0,0.1827845721727057,0.024946021882137764,0,1,-1,0.34003612356024027,0.9473637347722773,1.0981069976155855,0.17918011015455984,0.9473637347722773,0.32675016982042204,69,0.67,0.49,0.18000000000000005,-0.195,-0.157536231884058,-0.875,1.545,0.26,0.865,2,10,0.14492753623188406,1.3758440579710147,1.39341,1.27715,Hit,6,0.34782608695652173,0.463768115942029,0.17391304347826086,0.37500000000000006,2,1,1.7496056905606294,0.25,0.255,0.031425000000000036,1,Hit,0.8600000000000001,0.7855072463768116,69.0,14.0,10.0,0.2028985507246377,5.0,0.35714285714285715,0.8561873815107685,4.928571428571429,0.7391304347826086,0.6540974319180345,0.15893048349821826,0.8958333333333334,0.6,1.0,4.0,0.507,0.16300000000000003,1.0,0.2779637851507419,0.2459223597972509,-0.03204142535349096,1.331281301771796,4.6,0.1547713737151797,0.20087863893255314,0.96,5,0.18174309028643804,0.599,0.47035093281506307,5,0.681521,0.48397012191353306,0.313,0.17644404212100787,5,0.393232,0.22351888971069095,-0.286,-0.288289
2226,1,6,0,10,0,mid,early_r9+,4,2-4,2,2,2,2,4,0,0,0,0,0,1,1,3,2,4,0.15431537739266243,1,0.4393918086810435,0.28507643128838106,1,0,1,0.4583450744902137,0.6104489511302316,0.2352722569999011,0.5324411634162018,0.6104489511302316,0.32675016982042204,65,0.04,-0.005,0.045,-0.49,-0.4446923076923077,-0.845,0.885,0.42000000000000004,0.53,16,28,0.4307692307692308,1.9950846153846153,1.99268,1.98454,PostGuard,6,0.24615384615384617,0.46153846153846156,0.27692307692307694,0.065,5,0,2.644916281853984,0.48,0.225,-0.95227,1,PostGuard,-0.96,-1.7176923076923079,65.0,13.0,10.0,0.24615384615384617,3.0,0.23076923076923078,0.8543914802561343,5.0,0.7230769230769231,0.6050612809052615,0.13928114268394456,0.5784375,0.2,1.0,16.0,-0.086,0.126,1.0,0.0721034955306237,0.27131166981296834,0.19920817428234455,1.8419223403803575,6.4,0.2197802197802198,0.0912880982540593,0.9199999999999999,5,0.13450979682534991,0.389,0.18335075674782478,5,0.3753890000000001,0.12845139651829404,0.51,0.10647769719523432,5,0.48475900000000005,0.0528692875637643,0.121,0.10936999999999997
645,7,7,1,9,1,mid,early_r9+,2,2-4,1,1,1,1,2,0,0,0,0,0,0,2,0,0,1,0.8811916723823489,1,1.3066632934650784,0.4254716210827295,1,0,1,1.6942254427557752,1.6942254427557752,0.7878205,0.3113500000000009,1.6942254427557752,0.16337508491021102,49,1.39,1.315,0.07499999999999996,0.825,0.8524489795918366,0.255,1.1349999999999998,0.33000000000000007,0.565,6,21,0.42857142857142855,1.9026451020408162,1.9005,2.14194,Draw,6,0.16326530612244897,0.5714285714285714,0.24489795918367346,0.07499999999999996,4,0,2.6819453162394096,0.305,0.445,0.3190299999999999,1,Draw,-0.40000000000000013,-0.36530612244897964,49.0,10.0,10.0,0.24489795918367346,3.0,0.3,0.8604674099938527,4.9,0.7755102040816326,0.4634910978737109,0.17903105417465082,0.7799999999999999,1.0,1.0,1.0,1.39,0.0,1.0,0.3561653529478211,0.645255521565167,0.28909016861734577,1.8229459706876032,2.2,0.5432812145465492,0.23860952454464654,1.0,5,0.22227702610073052,0.07599999999999993,0.1184483009586882,5,0.048559999999999943,0.07009360027848473,0.07699999999999994,0.0751332150250473,5,0.016483999999999936,0.019196177158486486,0.0010000000000000148,-0.03207600000000001
8983,2,8,0,8,0,mid,mid_r5-8,5,5-8,3,2,3,2,5,1,0,0,0,0,1,3,2,3,5,0.356737639976497,1,0.4316326071834716,0.07489496720697458,3,0,3,0.4669060968588863,0.5894611639689049,0.4149816958613958,0.37708649087444035,0.5894611639689049,0.40843771227552755,71,0.1,0.07,0.03,-0.265,-0.28014084507042253,-0.745,0.845,0.255,0.365,17,50,0.704225352112676,1.9906602816901406,1.98937,2.06398,Draw,6,0.22535211267605634,0.4225352112676056,0.3380281690140845,0.03,5,0,2.733518824391906,0.5,0.275,-0.93199,1,Draw,-2.9,-2.964014084507043,71.0,15.0,10.0,0.19718309859154928,3.0,0.2,0.9056441757499808,4.733333333333333,0.7183098591549296,0.35605569821821764,0.1427468944134663,0.41916666666666674,0.0,1.0,14.0,0.007000000000000001,0.093,1.0,0.059845710273454665,0.13871682447892722,0.07887111420547253,1.849469988401858,7.2,0.1214285714285714,0.08342964198771703,0.9,5,0.2533968253811913,0.507,0.22253089673121795,5,0.46742799999999995,0.19235107751192868,0.5,0.07826237921249266,5,0.43779399999999996,0.05911269305318442,-0.007000000000000006,-0.029633999999999994
1331,4,6,0,10,0,mid,early_r9+,2,2-4,1,1,1,1,2,0,0,0,0,0,0,2,0,0,1,0.9115026286089362,1,1.296679104327668,0.3851764757187318,1,0,1,0.49670520118174905,0.49670520118174905,0.14932050000000002,0.19845000000000113,0.49670520118174905,0.16337508491021102,49,-0.225,-0.27,0.04500000000000001,-0.645,-0.6260204081632653,-1.065,0.84,0.335,0.42000000000000004,16,34,0.6938775510204082,1.9354602040816324,1.94669,1.79565,Hit,6,0.16326530612244897,0.5714285714285714,0.24489795918367346,0.07999999999999999,5,1,2.4410637929997243,0.605,0.18,-1.122825,1,Hit,-1.36,-1.8753061224489793,49.0,10.0,10.0,0.24489795918367346,2.0,0.2,0.8952305972341297,4.9,0.7551020408163265,0.4431759054012071,0.15217051860344727,0.71,0.0,1.0,5.0,-0.321,0.096,1.0,0.13261706096518694,0.19833587187497448,0.0657188109097875,1.7858150829739796,2.6,0.34787878787878784,0.18716503996710165,1.0,5,0.2832357537713165,0.24100000000000002,0.23319519720611748,5,0.2849040000000001,0.23051722564159935,0.2079999999999999,0.17441330224498366,5,0.23396200000000006,0.15171050406942832,-0.03300000000000011,-0.05094200000000004
7750,7,10,0,6,0,mid,mid_r5-8,2,2-4,1,1,1,1,2,0,0,0,0,0,1,2,0,1,2,0.5142435580549354,1,0.6320619617281936,0.11781840367325824,1,0,1,0.7191771176991746,0.7191771176991746,0.28049765,0.22500000000000142,0.7191771176991746,0.16337508491021102,49,0.005,-0.135,0.14,-0.775,-0.7555102040816327,-1.5,1.505,0.44499999999999995,0.78,2,12,0.24489795918367346,1.705158163265306,1.70229,1.70146,Hit,6,0.16326530612244897,0.5714285714285714,0.24489795918367346,0.34,2,1,2.379569616238422,0.545,0.215,-0.84573,1,Hit,-1.9300000000000002,-1.58,49.0,10.0,10.0,0.24489795918367346,2.0,0.2,0.8862124080525321,4.9,0.7551020408163265,0.6523320721461471,0.16316671932475926,0.7074999999999998,0.2,1.0,6.0,-0.24900000000000003,0.254,1.0,0.35012611130370935,0.4764558832446092,0.12632977194089987,1.6194822174445693,1.8,0.49090909090909085,0.37172893095193205,1.0,5,0.18236863005713555,0.323,0.3100725721504564,5,0.27374600000000004,0.26878392486809927,0.33399999999999996,0.2709105018267103,5,0.308153,0.2328050202315234,0.010999999999999954,0.034406999999999965
2543,0,9,1,7,1,mid,mid_r5-8,3,2-4,2,1,2,1,3,1,0,0,0,0,0,1,2,1,2,0.2995491308767243,1,1.2004397704591425,0.9008906395824182,1,0,1,1.4766390168246948,1.6013462300203207,0.5547571204616385,0.9522456277429445,1.6013462300203207,0.2450626273653165,55,1.43,1.39,0.040000000000000036,0.755,0.7830909090909092,0.265,1.165,0.33499999999999996,0.6749999999999999,4,15,0.2727272727272727,1.791617090909091,1.78482,1.82074,Hit,6,0.14545454545454545,0.509090909090909,0.32727272727272727,0.24,3,1,2.576285382151751,0.245,0.525,0.5196299999999999,1,Hit,-1.1250000000000002,-0.6020000000000001,55.0,11.0,10.0,0.18181818181818182,3.0,0.2727272727272727,0.9182983990342788,5.0,0.6727272727272727,0.505115058950227,0.16037786764419534,1.02,0.2,0.8,5.0,1.314,0.11600000000000002,1.0,0.10939201778080669,0.2103115906053242,0.10091957282451751,1.680511871337682,4.2,0.06717321434158323,0.03647262247082453,0.9800000000000001,5,0.0902136018848588,0.15299999999999997,0.1701690336107013,5,0.18010500000000002,0.16797409744511205,0.38199999999999995,0.16727970588209437,5,0.41245199999999993,0.11258986886039075,0.22899999999999998,0.23234699999999991
8679,7,9,1,7,1,mid,mid_r5-8,3,2-4,1,2,1,2,3,-1,0,0,0,0,1,2,1,2,3,0.12517246569833068,1,0.2512825634955375,0.12611009779720683,1,0,1,0.3033014087340952,0.4253005831745286,0.25363217618489703,0.3111673933217715,0.4253005831745286,0.2450626273653165,59,0.74,0.625,0.11499999999999999,0.38,0.32932203389830517,-0.095,0.835,0.3075,0.36,16,38,0.6440677966101694,1.8299962711864404,1.82838,1.69482,Freeze,6,0.2711864406779661,0.5084745762711864,0.2033898305084746,0.11499999999999999,4,0,2.411284217329328,0.31,0.355,-0.10741,1,Freeze,0.010000000000000009,-0.24584745762711868,59.0,12.0,10.0,0.13559322033898305,2.0,0.16666666666666666,0.9328112247674001,4.916666666666667,0.7796610169491526,0.5662178075502236,0.12162597306000597,0.49375,0.0,0.8,8.0,0.6039999999999999,0.136,0.8,0.19250625943386718,0.12478686981108682,-0.06771938962278036,1.7849580046705,5.6,0.14405594405594407,0.1914649986374901,0.9800000000000001,5,0.23890842868913087,0.38299999999999995,0.17569860557215586,5,0.436754,0.17194564549589497,0.24799999999999994,0.1371860051171401,5,0.33361599999999997,0.14632011667060685,-0.135,-0.10313800000000001
5602,5,8,0,8,0,mid,mid_r5-8,2,2-4,1,1,1,1,2,0,0,0,0,0,1,1,1,1,2,0.2802642931407575,1,0.7000166584446406,0.41975236530388305,1,0,1,0.9781994703513621,0.9781994703513621,0.03890435,0.4875499999999988,0.9781994703513621,0.16337508491021102,49,-0.405,-0.445,0.03999999999999998,-0.68,-0.679387755102041,-1.025,0.6199999999999999,0.19000000000000006,0.275,22,46,0.9387755102040817,1.8348173469387756,1.85203,1.87376,PostGuard,6,0.16326530612244897,0.5714285714285714,0.24489795918367346,0.03999999999999998,6,0,2.5714549980271824,0.615,0.18,-1.3418800000000002,1,PostGuard,-1.35,-1.5533673469387754,49.0,10.0,10.0,0.20408163265306123,2.0,0.2,0.8902365157967955,4.9,0.7959183673469388,0.2137445606382095,0.12474173918072103,0.3035,0.6,1.0,10.0,-0.4950000000000001,0.09,1.0,0.10714888417343646,-0.11018441183075836,-0.2173332960041948,1.723310749614516,3.4,0.037575757575757575,0.1920765008784578,1.0,5,0.22487454083175035,0.17099999999999996,0.15654072952429982,5,0.12712799999999974,0.09571725018250356,0.22199999999999998,0.20413231003444798,5,0.1336449999999998,0.13104979101471298,0.05100000000000002,0.0065170000000000505
3063,4,6,0,10,0,mid,early_r9+,5,5-8,2,3,2,2,4,0,0,0,0,0,1,3,1,1,4,0.018205574643224,1,0.7819327908720834,0.7637272162288594,2,0,2,0.3689745263685404,0.8854462943372834,0.9146836355768457,0.566887895795985,0.5745392873125,0.32675016982042204,69,0.105,-0.105,0.21,-0.51,-0.5168115942028986,-1.13,1.2349999999999999,0.265,0.615,2,21,0.30434782608695654,2.0076485507246375,2.02037,2.00349,Hit,6,0.2898550724637681,0.43478260869565216,0.2608695652173913,0.21,5,1,2.6682799251097933,0.485,0.25,-0.8967450000000001,1,Hit,-0.94,-2.0471014492753623,69.0,14.0,10.0,0.2898550724637681,5.0,0.35714285714285715,0.8036827536316732,4.928571428571429,0.7101449275362319,0.575085397733705,0.14272910237898384,0.8749999999999998,0.4,1.0,6.0,-0.043,0.148,0.6,0.08105260739179734,0.20408087238503447,0.12302826499323712,1.8526118297870915,7.4,0.16933963123279583,0.07589935241958036,0.9800000000000001,5,0.32139154743498694,0.344,0.021908902300206635,5,0.3866289999999999,0.006715078555013425,0.6759999999999999,0.3516816742453323,5,0.727884,0.3738235674318837,0.33199999999999996,0.3412550000000001
440,4,6,0,10,0,mid,early_r9+,3,2-4,1,2,1,2,3,-1,0,0,0,0,0,1,2,1,1,0.3049531642944658,1,1.8297832134982555,1.5248300492037896,1,0,1,1.0714775805400678,1.3380456238927791,0.8617064741292529,0.4675003814615191,1.3380456238927791,0.2450626273653165,59,-0.525,-0.545,0.020000000000000018,-0.84,-0.8944067796610169,-1.64,1.1149999999999998,0.22750000000000004,0.31499999999999995,18,45,0.7627118644067796,2.0256283050847457,2.00234,1.83286,Draw,6,0.2711864406779661,0.5084745762711864,0.2033898305084746,0.020000000000000018,5,0,2.4774834829141454,0.64,0.13,-1.44143,1,Draw,-2.525,-2.4216101694915255,59.0,12.0,10.0,0.3559322033898305,5.0,0.4166666666666667,0.7846641829980694,4.916666666666667,0.8305084745762713,0.49855474699084973,0.1452294944615823,0.7624999999999998,0.2,1.0,21.0,-0.5700000000000001,0.045,0.6,0.12001931755553621,0.24199446465498925,0.12197514709945305,1.8728383157422415,5.4,0.34825174825174826,0.17464276664539652,0.9,5,0.3961271110270661,0.24499999999999997,0.11494563932572652,5,0.31185799999999997,0.15264416827216157,0.15699999999999995,0.09398138113477582,5,0.20050499999999993,0.1301019236022281,-0.08800000000000002,-0.11135300000000004
1032,5,6,0,10,0,mid,early_r9+,2,2-4,1,1,1,1,2,0,0,0,0,0,1,1,1,0,2,0.7077016245624268,1,0.7089391830227731,0.001237558460346344,1,0,1,1.4084939483379706,1.4084939483379706,0.07398431000000001,0.7003499999999967,1.4084939483379706,0.16337508491021102,49,-0.385,-0.435,0.04999999999999999,-0.765,-0.7738775510204082,-1.18,0.7949999999999999,0.19500000000000006,0.38,11,35,0.7142857142857143,1.9091759183673471,1.88955,1.87264,Draw,6,0.16326530612244897,0.5714285714285714,0.24489795918367346,0.06,6,0,2.55353846330325,0.6,0.16,-1.32132,1,Draw,-1.375,-1.4370408163265305,49.0,10.0,10.0,0.24489795918367346,4.0,0.4,0.8531186327949232,4.9,0.7551020408163265,0.3577365959298568,0.1349424150406177,0.545,1.0,1.0,1.0,-0.385,0.0,1.0,0.1389302748984677,0.4884017669527873,0.34947149205431954,1.7581847226559542,2.8,0.37939393939393934,0.14705787837675194,1.0,5,0.17896941684047696,0.127,0.1803330252615976,5,0.125334,0.19343113688726535,0.06899999999999999,0.15428869044748547,5,0.06550500000000001,0.14647363286612372,-0.05800000000000001,-0.05982899999999999
938,6,6,0,10,0,mid,early_r9+,5,5-8,2,3,2,2,4,0,0,0,0,0,1,2,2,3,3,0.358931796096417,1,0.4521452881541521,0.0932134920577351,1,0,1,0.496750974086613,0.881309120159998,0.8399359487482364,0.5219591302008229,0.7364828175803007,0.32675016982042204,69,-0.28,-0.295,0.014999999999999958,-0.795,-0.7631159420289855,-1.09,0.81,0.29500000000000004,0.515,15,33,0.4782608695652174,1.9863531884057974,1.98166,2.07885,Freeze,6,0.2898550724637681,0.43478260869565216,0.2608695652173913,0.014999999999999958,5,0,2.7416083532600797,0.575,0.195,-1.319425,1,Freeze,-1.1400000000000001,-1.4020289855072465,69.0,14.0,10.0,0.2753623188405797,4.0,0.2857142857142857,0.834364947993589,4.928571428571429,0.7101449275362319,0.5475483780902701,0.13731823806947446,0.595,0.0,0.6,7.0,-0.425,0.14499999999999996,0.8,0.15430478999479855,0.3119148523406518,0.15761006234585323,1.8193833188169386,8.6,0.3292307692307692,0.15847053642713282,0.9200000000000002,5,0.3795397325862155,0.45299999999999996,0.12745587471748807,5,0.40133699999999983,0.12552838412088316,0.33399999999999996,0.1393466899499231,5,0.2623619999999999,0.133826437952297,-0.119,-0.13897499999999996
4912,2,10,0,6,0,mid,mid_r5-8,4,2-4,3,1,3,1,4,2,0,0,0,0,1,1,3,2,4,0.07762334033007956,1,0.6044697133198645,0.526846372989785,1,0,1,0.5740994035957551,0.7079432949426224,0.2726038519384998,0.6083794924839265,0.7079432949426224,0.32675016982042204,61,1.215,1.045,0.17000000000000015,0.21,0.3186065573770492,-0.36,1.5750000000000002,0.58,1.0050000000000001,3,9,0.14754098360655737,1.9789660655737709,1.98035,2.14214,PostGuard,6,0.13114754098360656,0.45901639344262296,0.39344262295081966,0.17000000000000015,3,0,2.832720396891862,0.315,0.44,0.1439300000000001,1,PostGuard,0.21500000000000008,-1.1645081967213111,61.0,13.0,10.0,0.29508196721311475,2.0,0.15384615384615385,0.8433983554574935,4.6923076923076925,0.7868852459016393,0.48629666894223733,0.24992298948311098,0.8699999999999999,0.0,1.0,18.0,0.771,0.44400000000000006,0.8,0.3384269196635276,0.40272887522257256,0.064301955559045,1.8150120842686335,3.4,0.3131868131868132,0.32048216378845473,0.9400000000000001,5,0.36293355535091065,0.7170000000000001,0.23196443692945698,5,0.6417140000000001,0.19200995086192796,0.899,0.36509245404417767,5,0.803416,0.3091674713727174,0.18199999999999994,0.1617019999999999
6473,3,10,0,6,0,mid,mid_r5-8,2,2-4,1,1,1,1,2,0,0,0,0,0,1,2,0,1,2,0.2878025654201763,1,0.9350050608852333,0.647202495465057,1,0,1,0.8313204782718818,0.8313204782718818,0.40605309,0.08884999999999721,0.8313204782718818,0.16337508491021102,49,-0.09,-0.13,0.04000000000000001,-0.63,-0.6105102040816326,-1.16,1.0699999999999998,0.635,0.54,14,24,0.4897959183673469,1.7927446938775509,1.81377,1.83899,PostGuard,6,0.16326530612244897,0.5714285714285714,0.24489795918367346,0.04000000000000001,4,0,2.50488111617093,0.515,0.22,-0.96563,0,Hit,-1.09,-1.8507142857142855,49.0,10.0,10.0,0.24489795918367346,2.0,0.2,0.9003399080000921,4.9,0.7551020408163265,0.4305803627956122,0.21764774870389259,0.6599999999999999,0.0,1.0,12.0,-0.19399999999999998,0.10400000000000001,1.0,0.37328958191347705,0.6402132269913501,0.2669236450778731,1.6566027004403558,4.8,0.5975757575757575,0.36174846287503665,1.0,5,0.2418698389731777,0.177,0.11261660623549263,5,0.12473300000000002,0.06846031209759418,0.22999999999999998,0.13365066404623657,5,0.21709800000000007,0.1430032683892225,0.05299999999999999,0.09236500000000004
8184,6,9,1,7,1,mid,mid_r5-8,5,5-8,2,3,2,3,5,-1,0,0,0,0,1,4,1,2,3,0.053773110907219514,1,0.3337310288769854,0.2799579179697659,1,0,1,0.38598447283828985,0.6615490605888555,0.9001605918971312,0.15926081250577692,0.6615490605888555,0.40843771227552755,75,1.03,0.945,0.08500000000000008,0.575,0.5698000000000001,0.13,0.9,0.3025,0.45500000000000007,11,46,0.6133333333333333,1.9218012,1.9052,1.96954,Hit,6,0.32,0.4266666666666667,0.24,0.08500000000000008,4,1,2.664061844457205,0.32,0.395,0.04522999999999999,1,Hit,1.11,-0.15626666666666666,75.0,15.0,10.0,0.13333333333333333,4.0,0.26666666666666666,0.9205250054424747,5.0,0.7066666666666667,0.6164973872791264,0.1284636617115705,0.5545238095238096,0.2,1.0,7.0,0.867,0.16300000000000003,1.0,0.11154165726255125,0.2529855035699269,0.14144384630737564,1.8298811047840402,6.8,0.14608004981333195,0.09933296554270918,0.96,5,0.21295057048592148,0.358,0.08020286777915113,5,0.35545,0.08674156507983927,0.286,0.17583372827759752,5,0.279361,0.1623236059696802,-0.07200000000000001,-0.07608899999999996
4767,1,6,0,10,0,mid,early_r9+,2,2-4,1,1,1,1,2,0,0,0,0,0,1,2,0,0,1,0.6948915783235527,1,1.2488143934023972,0.5539228150788444,1,0,1,1.015062414752906,1.015062414752906,0.367781,0.3497500000000002,1.015062414752906,0.16337508491021102,49,-0.08,-0.245,0.16499999999999998,-0.62,-0.6195918367346939,-1.0,0.92,0.245,0.54,3,19,0.3877551020408163,1.9472651020408165,1.95752,1.87179,Hit,6,0.16326530612244897,0.5714285714285714,0.24489795918367346,0.16499999999999998,4,1,2.5597705739492143,0.54,0.22,-1.015895,1,Hit,-1.26,-1.7480612244897962,49.0,10.0,10.0,0.24489795918367346,2.0,0.2,0.905732894521363,4.9,0.7551020408163265,0.3411984986539878,0.15510908926997968,0.525,0.2,1.0,6.0,-0.261,0.181,1.0,0.22713850410500047,0.422342144102108,0.19520363999710755,1.9741679091703435,4.2,0.4375757575757575,0.2207148123266737,1.0,5,0.38350695667644213,0.31,0.0,5,0.3663099999999999,0.0,0.24999999999999994,0.16217274740226856,5,0.16331299999999999,0.140568720275885,-0.06000000000000005,-0.20299699999999993
7967,4,6,0,10,0,mid,early_r9+,2,2-4,1,1,1,1,2,0,0,0,0,0,1,1,1,2,2,0.29246061520142996,1,0.34790912620970665,0.05544851100827669,1,0,1,0.6395314208887635,0.6395314208887635,0.244274,0.20635000000000048,0.6395314208887635,0.16337508491021102,49,-0.215,-0.285,0.06999999999999998,-0.735,-0.7138775510204081,-1.04,0.8250000000000001,0.245,0.52,5,21,0.42857142857142855,1.8924761224489797,1.87829,2.02207,Draw,6,0.16326530612244897,0.5714285714285714,0.24489795918367346,0.06999999999999998,5,0,2.6691000681649135,0.565,0.2,-1.163035,0,Hit,-2.18,-1.8064285714285715,49.0,10.0,10.0,0.2857142857142857,3.0,0.3,0.8667744501704606,4.9,0.7551020408163265,0.46945268468741375,0.13481766321661248,0.5466666666666669,0.0,1.0,4.0,-0.379,0.16399999999999998,1.0,0.15074313047765636,0.2878127374110973,0.13706960693344097,1.7983051278838915,3.0,0.17964485091018575,0.13616029380116806,1.0,5,0.1230592437825498,0.487,0.08707755164219998,5,0.454402,0.08102584114034235,0.17399999999999993,0.13334166640626632,5,0.15239799999999998,0.14666708784693308,-0.31300000000000006,-0.302004
2140,6,6,0,10,0,mid,early_r9+,3,2-4,2,1,2,1,3,1,0,0,0,0,1,1,2,3,3,0.049907697687730075,1,0.28848171282646623,0.23857401513873616,1,0,1,0.30425198266583126,0.3094545939606381,0.11185860740900641,0.20233658975962668,0.3094545939606381,0.2450626273653165,55,-0.065,-0.38,0.315,-0.71,-0.7120909090909092,-1.09,1.0250000000000001,0.24750000000000005,0.645,1,13,0.23636363636363636,1.9077138181818183,1.91726,2.15888,Draw,6,0.14545454545454545,0.509090909090909,0.32727272727272727,0.315,3,0,2.746638958924688,0.55,0.265,-1.14444,1,Draw,-0.79,-1.4056363636363636,55.0,11.0,10.0,0.2545454545454545,2.0,0.18181818181818182,0.8492956317650794,5.0,0.6727272727272727,0.2847528692389894,0.14736529406678436,0.5249999999999999,0.2,1.0,3.0,-0.365,0.3,0.8,0.03618945315721132,0.13331384902536877,0.09712439586815749,1.9065076946927035,4.8,0.03272727272727274,0.06938436167861846,0.9800000000000001,5,0.30402676082931274,0.5149999999999999,0.17003676073131946,5,0.41736399999999996,0.1704914542359821,0.502,0.17942965195307037,5,0.3979290000000001,0.18345409508920746,-0.0129999999999999,-0.01943499999999987
6866,6,10,0,6,0,mid,mid_r5-8,5,5-8,3,2,3,2,5,1,0,0,0,0,1,3,2,4,5,0.2649371404692064,1,0.36437046532890105,0.09943332485969464,1,0,1,0.4165170455287514,0.4446141282076148,0.3584794890053577,0.29949218754418216,0.4446141282076148,0.40843771227552755,71,1.09,0.865,0.2250000000000001,0.185,0.2429577464788732,-0.29,1.3800000000000001,0.40750000000000003,0.905,2,9,0.1267605633802817,1.9097830985915492,1.9,1.9344,PostGuard,6,0.22535211267605634,0.4225352112676056,0.3380281690140845,0.4750000000000001,2,0,2.6418273688589915,0.295,0.46,0.12280000000000013,1,PostGuard,0.09000000000000008,-0.9423943661971831,71.0,15.0,10.0,0.16901408450704225,2.0,0.13333333333333333,0.9174105621542937,4.733333333333333,0.704225352112676,0.3561828884182536,0.2244556294019767,0.6245833333333333,0.0,0.8,12.0,0.7929999999999999,0.29700000000000004,0.8,0.30336778392738883,0.4938550224343226,0.19048723850693366,1.8407899941881225,5.6,0.47071428571428564,0.31678199411940444,0.9,5,0.1676381497761013,0.777,0.29456747953567447,5,0.768317,0.3332244861688588,0.652,0.1376862375112342,5,0.6675090000000001,0.1575838239001707,-0.125,-0.1008079999999999
33,6,6,0,10,0,mid,early_r9+,2,2-4,1,1,1,1,2,0,0,0,0,0,0,0,2,2,2,0.14412641330058298,1,0.3569789608870532,0.21285254758647024,1,0,1,0.4253522822359015,0.4253522822359015,0.21118385,0.025150000000000006,0.4253522822359015,0.16337508491021102,49,-0.215,-0.33,0.11500000000000002,-0.69,-0.6718367346938776,-0.915,0.7000000000000001,0.20000000000000007,0.475,5,27,0.5510204081632653,1.9215161224489796,1.92953,1.95673,Draw,6,0.16326530612244897,0.5714285714285714,0.24489795918367346,0.11500000000000002,5,0,2.6287821282044175,0.555,0.205,-1.193365,1,Draw,-1.215,-1.8110204081632655,49.0,10.0,10.0,0.16326530612244897,2.0,0.2,0.9398390953125855,4.9,0.7551020408163265,0.17900997599896026,0.12606858765844767,0.27749999999999997,0.2,1.0,8.0,-0.40499999999999997,0.19,1.0,0.03029072639183212,-0.267142660572487,-0.2974333869643191,1.8544741699597966,5.8,-0.15636363636363634,0.10696421577018841,1.0,5,0.5988646364916052,0.31799999999999995,0.1236224089718365,5,0.2803399999999999,0.14432067008055363,0.461,0.09781359823664604,5,0.466903,0.09170191721005623,0.14300000000000007,0.1865630000000001
965,5,6,0,10,0,mid,early_r9+,2,2-4,1,1,1,1,2,0,0,0,0,0,1,2,0,2,2,0.25431378514866276,1,0.4489985282336682,0.19468474308500544,1,0,1,0.5799598270975663,0.5799598270975663,0.2712224,0.10259999999999891,0.5799598270975663,0.16337508491021102,49,-0.21,-0.27,0.060000000000000026,-0.765,-0.7324489795918367,-1.08,0.8700000000000001,0.32500000000000007,0.555,5,22,0.4489795918367347,1.9858859183673467,2.00646,2.00646,PostGuard,6,0.16326530612244897,0.5714285714285714,0.24489795918367346,0.060000000000000026,3,0,2.666510422521654,0.56,0.2,-1.21323,1,PostGuard,-1.21,-1.7438775510204083,49.0,10.0,10.0,0.20408163265306123,1.0,0.1,0.9216874876207622,4.9,0.7551020408163265,0.29201973610449317,0.17260351014623776,0.38583333333333336,0.4,1.0,4.0,-0.291,0.081,1.0,0.08896470575203372,0.2295441930416599,0.14057948728962616,1.8379211492895273,6.0,0.15878787878787878,0.13620894713320508,1.0,5,0.2955598249095786,0.25,0.1858763029544111,5,0.148442,0.18369032505823488,0.3,0.20279299790673247,5,0.190151,0.180123582589843,0.04999999999999999,0.041708999999999996
679,6,11,1,5,1,mid,mid_r5-8,5,5-8,2,3,2,3,5,-1,0,0,0,0,1,3,2,2,3,0.4336213111200121,1,0.5348834153579616,0.10126210423794946,1,0,1,0.3333108285084682,0.7146974231795931,0.4307858722089461,0.892489343353745,0.7146974231795931,0.40843771227552755,75,1.2,1.165,0.03499999999999992,0.63,0.6450666666666666,-0.06,1.26,0.30000000000000004,0.57,8,28,0.37333333333333335,1.6867922666666666,1.69351,1.64012,Hit,6,0.32,0.4266666666666667,0.24,0.1499999999999999,5,1,2.3872135838362354,0.25,0.49,0.37993999999999994,1,Hit,-0.655,-0.31373333333333336,75.0,15.0,10.0,0.18666666666666668,3.0,0.2,0.9055417020775665,5.0,0.7066666666666667,0.5018150719688124,0.15529164559904884,0.738,0.2,1.0,6.0,1.06,0.13999999999999999,1.0,0.367295036526099,0.6391003025092029,0.2718052659831039,1.6097494655029219,3.4,0.5378571428571428,0.3305135476226039,0.96,5,0.060813510798573896,0.362,0.1583350877095788,5,0.3933679999999999,0.09647028108438375,0.45699999999999996,0.2528734861546382,5,0.5395019999999999,0.24606863027923737,0.09499999999999997,0.14613400000000004
8496,6,8,0,8,0,mid,mid_r5-8,3,2-4,2,1,2,1,3,1,0,0,0,0,0,1,2,2,2,0.3548205215316612,1,0.3568097725619187,0.0019892510302574884,1,0,1,0.5367220854648044,0.7391583506750149,0.6389473257797096,0.15787223385453833,0.7391583506750149,0.2450626273653165,55,-0.22,-0.25,0.03,-0.495,-0.5071818181818181,-0.82,0.6,0.21999999999999997,0.275,24,51,0.9272727272727272,1.807966,1.8026,1.81428,PostGuard,6,0.14545454545454545,0.509090909090909,0.32727272727272727,0.03,6,0,2.460391567700636,0.58,0.175,-1.12714,1,PostGuard,-1.22,-1.7641818181818179,55.0,11.0,10.0,0.18181818181818182,1.0,0.09090909090909091,0.922364457913892,5.0,0.7090909090909091,0.34893412816398517,0.11417878984828048,0.3266666666666666,0.0,0.6,10.0,-0.281,0.06100000000000001,1.0,0.0910045085927626,0.2020414116435524,0.11103690305078984,1.7821423757842254,6.4,0.26181818181818184,0.10378848366824008,0.96,5,0.2229251752572179,0.23299999999999996,0.07111610225539647,5,0.2196479999999999,0.09048716570597182,0.14499999999999993,0.07874007874011812,5,0.10946199999999992,0.08264527698241446,-0.08800000000000002,-0.11018599999999998
5943,4,8,0,8,0,mid,mid_r5-8,4,2-4,3,1,3,1,4,2,0,0,0,0,1,4,0,2,3,0.13301841920711893,1,0.47045057192546774,0.3374321527183488,2,0,2,0.4169994882531156,0.6197492850282917,0.5237686073923938,0.3472276306689897,0.6197492850282917,0.32675016982042204,61,0.09,0.075,0.015,-0.365,-0.35303278688524586,-0.77,0.86,0.3,0.45499999999999996,12,38,0.6229508196721312,1.9221575409836062,1.91246,2.06444,Hit,6,0.13114754098360656,0.45901639344262296,0.39344262295081966,0.015,5,1,2.6900777025682543,0.52,0.245,-0.931155,0,Draw,-1.5899999999999999,-2.3325409836065574,61.0,13.0,10.0,0.32786885245901637,3.0,0.23076923076923078,0.8259654762595228,4.6923076923076925,0.7213114754098361,0.2955380806423699,0.17742450930797704,0.6266666666666667,0.2,0.6,3.0,0.033999999999999996,0.055999999999999994,0.8,0.023073316237998888,-0.08250140940808544,-0.10557472564608435,1.8614938753667585,9.4,-0.089010989010989,0.045812648889156864,0.96,5,0.47283762575393534,0.479,0.20659138413786765,5,0.42261299999999996,0.16457999550370628,0.30399999999999994,0.21738215198125166,5,0.26691499999999996,0.1949831200706871,-0.17500000000000004,-0.155698
5903,2,8,0,8,0,mid,mid_r5-8,2,2-4,1,1,1,1,2,0,0,0,0,0,1,1,1,2,2,0.15327531652634369,1,0.6016604604858882,0.4483851439595445,1,0,1,0.7471815951399268,0.7471815951399268,0.025783600000000004,0.3727000000000018,0.7471815951399268,0.16337508491021102,49,-0.16,-0.195,0.035,-0.505,-0.49459183673469387,-1.025,0.8649999999999999,0.18999999999999995,0.345,15,44,0.8979591836734694,1.7808869387755104,1.7796,1.86397,PostGuard,6,0.16326530612244897,0.5714285714285714,0.24489795918367346,0.05499999999999999,6,0,2.597941566067847,0.535,0.2,-1.06921,0,PostGuard,-1.17,-1.5619387755102043,49.0,10.0,10.0,0.20408163265306123,2.0,0.2,0.9085299613662731,4.9,0.7551020408163265,0.4145377327712362,0.11293807516970791,0.5066666666666666,0.2,1.0,10.0,-0.255,0.095,1.0,-0.04802781941488966,-0.07082496400963655,-0.02279714459474689,1.7191063400632167,5.6,-0.11272727272727275,-0.150718445493277,1.0,5,0.2247025609887055,0.23199999999999998,0.18992103622295242,5,0.24204400000000006,0.17542046065810002,0.31799999999999995,0.09871676655968827,5,0.352803,0.05918779145651569,0.08599999999999997,0.11075899999999991
6148,6,6,0,10,0,mid,early_r9+,2,2-4,1,1,1,1,2,0,0,0,0,0,0,1,1,1,2,0.022865553902978102,1,1.0903778378910705,1.0675122839880924,1,0,1,1.0828087819583359,1.0828087819583359,0.27578234999999995,0.4659000000000013,1.0828087819583359,0.16337508491021102,49,-0.165,-0.265,0.1,-0.795,-0.7940816326530612,-1.36,1.195,0.33499999999999996,0.63,4,15,0.30612244897959184,2.023393469387755,2.01504,2.10185,PostGuard,6,0.16326530612244897,0.5714285714285714,0.24489795918367346,0.1,4,0,2.7692527064392847,0.53,0.225,-1.2159250000000001,1,PostGuard,-1.165,-2.035816326530612,49.0,10.0,10.0,0.24489795918367346,2.0,0.2,0.915780366686926,4.9,0.7551020408163265,0.5761167946160625,0.15399450707545154,1.0950000000000002,0.0,1.0,12.0,-0.265,0.1,1.0,0.10398525176707332,0.19155574014277962,0.08757048837570633,1.864266901607199,3.8,0.19757575757575757,0.13178031301283327,1.0,5,0.4527747039113981,0.46399999999999997,0.11813128290169374,5,0.35135899999999987,0.1575062195359281,0.509,0.1821880896216874,5,0.4499759999999998,0.23314090909254853,0.04500000000000004,0.09861699999999995
67,4,10,0,6,0,mid,mid_r5-8,2,2-4,1,1,1,1,2,0,0,0,0,0,1,2,0,2,2,0.05315209395771586,1,0.4852023015807023,0.43205020762298646,1,0,1,0.4430959715061311,0.4430959715061311,0.028168199999999997,0.21975000000000122,0.4430959715061311,0.16337508491021102,49,-0.245,-0.38,0.135,-0.735,-0.7445918367346939,-1.295,1.0499999999999998,0.31000000000000005,0.49,6,25,0.5102040816326531,1.638587142857143,1.63229,1.69852,PostGuard,6,0.16326530612244897,0.5714285714285714,0.24489795918367346,0.135,5,0,2.394080020264168,0.53,0.165,-1.09426,1,PostGuard,-1.245,-1.4841836734693876,49.0,10.0,10.0,0.24489795918367346,2.0,0.2,0.8568422073335263,4.9,0.7551020408163265,0.34346760621210787,0.16506390479670752,0.45599999999999996,0.2,1.0,12.0,-0.44799999999999995,0.20299999999999999,1.0,0.12245854512642755,0.06381428513552148,-0.05864425999090607,1.6490557066979648,3.6,-0.08606060606060606,0.1031846066014579,1.0,5,0.19345607094218636,0.283,0.1764440421210079,5,0.281786,0.17444224955554777,0.5519999999999999,0.3882589342178748,5,0.4945079999999999,0.34837050575859596,0.26899999999999996,0.2127219999999999
2672,0,11,1,5,1,mid,mid_r5-8,3,2-4,1,2,1,2,3,-1,0,0,0,0,1,2,1,2,2,0.11552600390046193,1,0.438286312386047,0.32276030848558507,1,0,1,0.5423082564890996,0.6872994401976521,0.13909852505928624,0.6084976928651605,0.6872994401976521,0.2450626273653165,59,0.705,0.645,0.05999999999999994,0.345,0.33983050847457624,-0.035,0.74,0.18,0.36,15,49,0.8305084745762712,1.584729322033898,1.57579,1.68463,Hit,6,0.2711864406779661,0.5084745762711864,0.2033898305084746,0.05999999999999994,6,1,2.396617062670164,0.34,0.35,-0.08481000000000005,0,Draw,-0.06500000000000006,-0.4933050847457628,59.0,12.0,10.0,0.20338983050847456,3.0,0.25,0.8710719314713163,4.916666666666667,0.7457627118644068,0.13558202642484318,0.14800800307252043,0.2616666666666667,0.2,0.8,3.0,0.555,0.14999999999999997,0.8,0.008814338739792043,0.21677586216899095,0.20796152342919888,1.4505645032045522,3.2,0.18810330772862463,0.042801659648296006,0.9800000000000001,5,0.21832848154514647,0.13699999999999996,0.1878030883665122,5,0.15595599999999996,0.14190717883532172,0.33599999999999997,0.01917028951268085,5,0.2985619999999999,0.027494405021749428,0.199,0.14260599999999993
4467,0,8,0,8,0,mid,mid_r5-8,3,2-4,1,2,1,2,3,-1,0,0,0,0,1,2,1,2,3,0.21423524976996286,1,0.3945649707774925,0.18032972100752961,1,0,1,0.5798525172743841,0.6726608512450718,0.41191954497224603,0.23758343095987663,0.6726608512450718,0.2450626273653165,59,-0.565,-0.655,0.09000000000000008,-0.935,-0.9520338983050847,-1.375,0.81,0.19750000000000023,0.3700000000000001,10,47,0.7966101694915254,1.9415784745762714,1.94615,2.03612,Draw,6,0.2711864406779661,0.5084745762711864,0.2033898305084746,0.09000000000000008,6,0,2.7053235412838643,0.615,0.17,-1.581655,0,Hit,-0.725,-1.7123728813559325,59.0,12.0,10.0,0.1694915254237288,4.0,0.3333333333333333,0.8764434491277692,4.916666666666667,0.7627118644067796,0.2410979244549541,0.14833932652874454,0.3799999999999999,0.4,0.8,10.0,-0.65,0.08500000000000003,1.0,0.2131712982219542,0.33617457076165663,0.12300327253970245,1.8557158805657104,6.6,0.3524475524475525,0.24344210195300198,0.9400000000000001,5,0.15352281545605023,0.30699999999999994,0.13859112525699466,5,0.2274969999999999,0.09511333749795559,0.155,0.1470969068335565,5,0.1263149999999999,0.12536067510387788,-0.15199999999999994,-0.101182
2516,5,8,0,8,0,mid,mid_r5-8,3,2-4,2,1,2,1,3,1,0,0,0,0,1,2,1,2,3,0.14787478341150656,1,0.4611483285234808,0.31327354511197425,2,0,2,0.3163635713052313,0.6205604826515491,0.3096584266923081,0.5529284643303044,0.6205604826515491,0.2450626273653165,55,0.135,-0.005,0.14,-0.34,-0.33209090909090916,-0.83,0.965,0.2675,0.47500000000000003,8,32,0.5818181818181818,1.9000543636363638,1.89229,1.72243,PostGuard,6,0.14545454545454545,0.509090909090909,0.32727272727272727,0.17500000000000002,5,0,2.3853900922526243,0.495,0.215,-0.7262149999999999,1,PostGuard,-2.55,-2.4668181818181822,55.0,11.0,10.0,0.2909090909090909,2.0,0.18181818181818182,0.8891675931173865,5.0,0.7454545454545455,0.3423407543803267,0.1502576234463938,0.38666666666666655,0.0,0.8,6.0,-0.036000000000000004,0.171,0.8,0.06966576145927532,0.19904959381403153,0.12938383235475623,1.8065119175042412,8.2,0.10363636363636367,0.11146831967852573,0.9800000000000001,5,0.28705253658259233,0.41200000000000003,0.19469848484258936,5,0.4897990000000001,0.1913855122325094,0.425,0.22800767530940708,5,0.48944800000000005,0.20767780720987014,0.012999999999999956,-0.0003510000000000457
7892,3,13,1,3,1,late,late_r2-4,5,5-8,2,3,2,3,5,-1,0,0,0,0,0,2,3,1,5,0.4661384903234204,1,0.7712710899703177,0.30513259964689726,1,0,1,0.47806923821659936,0.5922348314460743,0.7001207600845442,0.3431703192293879,0.5922348314460743,0.40843771227552755,75,1.305,1.13,0.17500000000000004,0.545,0.5414,-0.175,1.48,0.26250000000000007,0.7599999999999999,2,8,0.10666666666666667,1.4976289333333332,1.48693,1.44291,PostGuard,6,0.32,0.4266666666666667,0.24,0.32499999999999996,3,0,2.151291524105155,0.19,0.555,0.583545,1,PostGuard,-0.24,-0.23986666666666673,75.0,15.0,10.0,0.21333333333333332,4.0,0.26666666666666666,0.8374543474266553,5.0,0.6533333333333333,0.4076453679911796,0.18216532918575448,0.6575,0.2,1.0,8.0,1.0859999999999999,0.219,1.0,0.33976076246218023,0.4483126290161518,0.1085518665539716,1.323132546641205,5.4,0.3161847819371955,0.2870510900010723,0.9199999999999999,5,0.16611271644883208,0.6569999999999999,0.08497058314499202,5,0.741292,0.10600751067731003,0.605,0.16031219541881403,5,0.655929,0.21231774750359422,-0.051999999999999935,-0.08536299999999997
1789,6,12,0,4,0,late,late_r2-4,2,2-4,1,1,1,1,2,0,0,0,0,0,1,2,0,1,2,0.12988949356880558,1,0.6637821213149985,0.5338926277461928,1,0,1,0.5671727583912637,0.5671727583912637,0.0182273,0.2829999999999977,0.5671727583912637,0.16337508491021102,49,0.475,0.465,0.009999999999999953,-0.495,-0.40193877551020407,-0.965,1.44,0.385,0.97,6,7,0.14285714285714285,1.461433673469388,1.48091,1.33018,PreGuard,6,0.16326530612244897,0.5714285714285714,0.24489795918367346,0.009999999999999953,3,0,1.7981030762585557,0.255,0.155,-0.19008999999999998,1,PreGuard,-0.525,-1.2644897959183674,49.0,10.0,10.0,0.1836734693877551,1.0,0.1,0.9398390953125855,4.9,0.7551020408163265,0.6051568830072199,0.1873938371120787,1.175,0.6,1.0,4.0,0.4109999999999999,0.06399999999999999,1.0,0.452620241725853,0.745684385682358,0.2930641439565049,1.4358924772726933,1.0,0.624242424242424,0.4389800906126566,1.0,5,0.15700404953870697,0.21599999999999997,0.23330237889914457,5,0.22516499999999998,0.2511626110958795,0.32599999999999996,0.28038812385691375,5,0.36188200000000004,0.34654518001986406,0.10999999999999999,0.13671700000000006
2748,6,14,0,2,0,late,late_r2-4,4,2-4,2,2,2,2,4,0,0,0,0,0,1,2,2,1,1,0.4003580423371045,1,1.2866400889452316,0.8862820466081271,1,0,1,0.8856731885074755,0.8912973805798666,0.5449936094875334,1.0501094157277118,0.8912973805798666,0.32675016982042204,65,1.025,0.71,0.31499999999999995,0.115,0.03076923076923076,-1.165,2.19,0.36,0.9099999999999999,1,6,0.09230769230769231,1.2140656923076922,1.16344,1.34327,Draw,6,0.24615384615384617,0.46153846153846156,0.27692307692307694,0.5049999999999999,1,0,1.7179672968123434,0.27,0.53,0.35336499999999993,1,Draw,-1.0100000000000002,-1.3235384615384618,65.0,13.0,10.0,0.26153846153846155,5.0,0.38461538461538464,0.7966967658486418,5.0,0.7230769230769231,0.6779856461015954,0.23911346912873305,1.7025000000000001,0.8,1.0,17.0,0.962,0.06299999999999999,1.0,0.5531986669253801,0.8804001576554533,0.3272014907300734,0.9945546286700445,4.6,0.8818102752982984,0.5348552134398994,0.96,5,0.06000631480761345,0.4119999999999999,0.0027386127875258315,5,0.3989629999999999,0.005479964187839142,0.4129999999999999,0.0027386127875258333,5,0.3969619999999999,0.0054799641878391465,0.0010000000000000009,-0.002000999999999975
5555,0,12,0,4,0,late,late_r2-4,4,2-4,2,2,2,2,4,0,0,0,0,0,1,3,1,3,4,0.2589290659022273,1,0.41784458150010684,0.15891551559787953,1,0,1,0.36137506678795583,0.43775492203336813,0.1986526502919103,0.35946987704117883,0.43775492203336813,0.32675016982042204,65,0.685,0.655,0.030000000000000027,-0.39,-0.23730769230769233,-1.035,1.72,0.635,1.0750000000000002,6,15,0.23076923076923078,1.5892704615384616,1.60122,1.39132,Freeze,6,0.24615384615384617,0.46153846153846156,0.27692307692307694,0.030000000000000027,3,0,2.014876197530029,0.26,0.24,-0.010659999999999892,1,Freeze,-0.31499999999999995,-1.0687692307692307,65.0,13.0,10.0,0.18461538461538463,4.0,0.3076923076923077,0.8894197225156775,5.0,0.7384615384615385,0.5713532754872612,0.25479291750916827,1.2874999999999999,0.2,1.0,12.0,0.554,0.13100000000000006,1.0,0.4675780746608428,0.6329129578893503,0.16533488322850748,1.4869896831368492,3.8,0.6842361012127245,0.455678835480661,0.9400000000000001,5,0.11074965339726413,0.445,0.0,5,0.5334130000000001,0.020321385779518062,0.281,0.2259258727990223,5,0.3337090000000001,0.28291787676373514,-0.16399999999999998,-0.19970400000000005
5662,6,14,0,2,0,late,late_r2-4,2,2-4,1,1,1,1,2,0,0,0,0,0,1,1,1,1,2,0.33952879414896275,1,0.855126446804799,0.5155976526558362,1,0,1,1.18853611436769,1.18853611436769,0.03390625,0.5932999999999993,1.18853611436769,0.16337508491021102,49,0.825,0.805,0.019999999999999907,0.005,-0.05142857142857143,-0.89,1.7149999999999999,0.26,0.82,6,8,0.16326530612244897,1.0734899387755104,1.11758,0.710194,PostGuard,6,0.16326530612244897,0.5714285714285714,0.24489795918367346,0.1449999999999999,3,0,0.9278394808124513,0.115,0.065,0.46990299999999996,1,PostGuard,-0.17500000000000004,-0.9827551020408162,49.0,10.0,10.0,0.40816326530612246,3.0,0.3,0.7682811834668342,4.9,0.7551020408163265,0.5995920747244592,0.2640757063033678,1.212,0.0,1.0,20.0,0.7210000000000001,0.10399999999999991,1.0,0.46920735522727436,0.46964439037674666,0.00043703514947225354,0.9435623081968754,5.4,0.5006060606060606,0.47499518115053735,1.0,5,0.0850898653140426,0.5529999999999999,0.382191051700586,5,0.7376753999999999,0.5285214779932553,0.3209999999999999,0.3600069443774662,5,0.43503999999999987,0.5057191960972512,-0.23200000000000004,-0.3026354
5064,7,14,0,2,0,late,late_r2-4,5,5-8,3,2,2,2,4,0,0,0,0,0,1,3,1,1,4,0.37789963501437573,1,0.6492541594175605,0.27135452440318475,1,0,1,0.4062025573540866,0.8914148059267439,0.7913418242104987,0.6955630455968749,0.8035989771898232,0.32675016982042204,65,0.845,0.675,0.16999999999999993,-0.89,-0.5968461538461538,-2.395,3.24,1.495,1.7349999999999999,7,12,0.18461538461538463,1.5229349076923078,1.52614,0.800609,Draw,6,0.24615384615384617,0.46153846153846156,0.27692307692307694,0.17499999999999993,3,0,1.0169855590139951,0.11,0.085,0.44469549999999997,1,Draw,-0.15500000000000003,-1.6125384615384617,65.0,13.0,10.0,0.24615384615384617,6.0,0.46153846153846156,0.8400407802682734,5.0,0.7076923076923077,0.4152817742832176,0.5667438882043344,2.1035714285714286,0.0,1.0,16.0,0.648,0.19699999999999995,1.0,0.6472147062360738,0.6534248961406941,0.006210189904620122,1.3110158956056155,5.6,0.7633796692865091,0.675959942258859,0.9199999999999999,5,0.09453508693705275,0.619,0.3403380672214027,5,0.9058235,0.31248911676248825,0.737,0.48947165392900954,5,1.1168814999999999,0.5748908160838022,0.118,0.21105799999999986
3882,7,13,1,3,1,late,late_r2-4,5,5-8,1,4,1,4,5,-3,0,0,0,0,1,5,0,3,4,0.12411267218463341,1,0.4283382453167129,0.3042255731320795,1,0,1,0.31367504912888716,0.5327284510726955,0.7466825376368632,0.14061991324133366,0.5327284510726955,0.40843771227552755,79,1.075,1.045,0.030000000000000027,0.09,0.19784810126582278,-0.61,1.685,0.5774999999999999,0.985,10,15,0.189873417721519,1.6720027848101267,1.68698,1.31885,Draw,6,0.4050632911392405,0.43037974683544306,0.1518987341772152,0.030000000000000027,3,0,1.9309361375101752,0.17,0.45,0.4219099999999999,0,Hit,-0.17000000000000015,-0.6612658227848102,79.0,16.0,10.0,0.17721518987341772,5.0,0.3125,0.8789960670578983,4.9375,0.7341772151898734,0.60055464713553,0.23471037144380894,1.245,0.4,1.0,14.0,1.037,0.03799999999999999,0.8,0.37132913847861065,0.6719191833328665,0.3005900448542557,1.4846033766880298,5.8,0.63799075538137,0.3628255394450782,0.9400000000000001,5,0.15462672494199514,0.2839999999999999,0.16546903033498447,5,0.3604939999999999,0.1740756559803811,0.29399999999999993,0.18782971010998234,5,0.4016919999999999,0.2661971845174175,0.010000000000000009,0.04119799999999996
7024,4,13,1,3,1,late,late_r2-4,4,2-4,2,2,2,2,4,0,0,0,0,0,1,4,0,2,3,0.23571332038940823,1,0.4342535800669921,0.19854025967758387,1,0,1,0.31668473835030314,0.6011225092956847,0.7838127921699081,0.10009688743912026,0.6011225092956847,0.32675016982042204,65,0.925,0.9,0.025000000000000022,0.25,0.25923076923076926,-0.375,1.3,0.41500000000000004,0.675,9,19,0.2923076923076923,1.5020875384615389,1.49863,1.37455,Freeze,6,0.24615384615384617,0.46153846153846156,0.27692307692307694,0.025000000000000022,4,0,2.055112119276676,0.23,0.305,0.23772500000000008,1,Freeze,-0.07499999999999996,-0.5287692307692308,65.0,13.0,10.0,0.15384615384615385,3.0,0.23076923076923078,0.9128492541915291,5.0,0.7538461538461538,0.424824077689215,0.23669654555607997,0.7216666666666667,0.2,1.0,10.0,0.836,0.08900000000000004,1.0,0.35587000869637375,0.4177291171198352,0.06185910842346141,1.467024832171777,6.6,0.4023687256430228,0.375900144358483,0.9400000000000001,5,0.2232921107256152,0.485,0.19480759738778158,5,0.47813800000000006,0.16496618860390752,0.24900000000000003,0.12074767078498866,5,0.3059940000000001,0.1543758970986079,-0.23599999999999996,-0.17214399999999996
1439,6,14,0,2,0,late,late_r2-4,5,5-8,3,2,2,2,4,0,0,0,0,0,1,2,2,3,4,0.5104501842736476,1,0.5291748183058204,0.018724634032172727,1,0,1,0.4805132718687523,0.884679993373837,0.8770418958579901,0.5988973300992418,0.6604081057651975,0.32675016982042204,65,1.135,0.855,0.28,-0.34,-0.42330769230769233,-2.035,3.17,0.42,1.475,1,2,0.03076923076923077,1.3547066153846155,1.33581,1.21933,Freeze,6,0.24615384615384617,0.46153846153846156,0.27692307692307694,0.28,2,0,1.7868436017022384,0.19,0.5,0.525335,1,Freeze,-0.865,-1.2141538461538464,65.0,13.0,10.0,0.21538461538461542,3.0,0.23076923076923078,0.9032485221995378,5.0,0.7384615384615385,0.7390305219633053,0.2803512867375561,1.9216666666666664,0.0,1.0,6.0,0.565,0.5700000000000001,1.0,0.5591516150656026,0.7760415565573051,0.2168899414917024,1.244339232909311,1.6,0.8175824175824176,0.5787847772045267,1.0,5,0.04951354790554982,0.554,0.5159263513332112,5,0.690652,0.6163027107842379,1.0210000000000001,0.4172139738791116,5,1.1897030000000002,0.4530065398617332,0.4670000000000001,0.49905100000000013
5803,1,12,0,4,0,late,late_r2-4,4,2-4,3,1,3,1,4,2,0,0,0,0,1,4,0,2,3,0.13440801166597416,1,0.49750171614722083,0.36309370448124667,1,0,1,0.359746623194715,0.3949868660637289,0.5777698066685318,0.19465526418517393,0.3949868660637289,0.32675016982042204,61,0.17,0.095,0.07500000000000001,-0.43,-0.41516393442622945,-1.23,1.4,0.25000000000000006,0.6,7,20,0.32786885245901637,1.569244262295082,1.55679,1.85502,Draw,6,0.13114754098360656,0.45901639344262296,0.39344262295081966,0.14500000000000002,5,0,2.505030207589212,0.48,0.225,-0.7575099999999999,1,Draw,-0.64,-1.3253278688524588,61.0,13.0,10.0,0.32786885245901637,6.0,0.46153846153846156,0.7994869552783607,4.6923076923076925,0.7377049180327869,0.2330391731392413,0.20882589768528184,0.6,0.0,1.0,7.0,-0.009000000000000001,0.179,1.0,0.20866515979490274,0.40766947814882537,0.1990043183539226,1.3603956003447195,3.4,0.28026969591617207,0.2094139120285002,0.9399999999999998,5,0.08728410219471015,0.539,0.38401497366639237,5,0.394635,0.39545055082778685,0.5960000000000001,0.34284471703673663,5,0.43539900000000004,0.3700116154663256,0.05700000000000005,0.04076400000000002
3151,1,13,1,3,1,late,late_r2-4,3,2-4,2,1,2,1,3,1,0,0,0,0,1,2,1,1,2,0.4086216205745859,1,1.1692009478481455,0.7605793272735597,1,0,1,1.0891486879962746,1.2000682163638332,0.38935251727002984,0.8149694895447878,1.2000682163638332,0.2450626273653165,55,1.77,1.63,0.14000000000000012,0.745,0.8184545454545454,0.275,1.495,0.26,1.025,6,8,0.14545454545454545,1.3314185454545457,1.30579,1.34056,Hit,6,0.14545454545454545,0.509090909090909,0.32727272727272727,0.14000000000000012,3,1,1.9521236020058002,0.14,0.69,1.09972,1,Hit,0.040000000000000036,-0.4200000000000001,55.0,11.0,10.0,0.21818181818181817,3.0,0.2727272727272727,0.8693889696354624,5.0,0.7818181818181819,0.5063812017393756,0.22570628416899602,1.1075,0.4,1.0,6.0,1.6789999999999998,0.09100000000000001,1.0,0.4486484385739783,0.5892019630424608,0.14055352446848252,1.2809196309978075,1.6,0.46363636363636357,0.41115462638599914,0.9800000000000001,5,0.21553002131850268,0.593,0.5728939692473642,5,0.6100960000000001,0.5368715782009699,0.623,0.5451215460794042,5,0.6660600000000001,0.48328536973510794,0.030000000000000027,0.055964000000000014
7510,6,12,0,4,0,late,late_r2-4,4,2-4,3,1,3,1,4,2,0,0,0,0,1,2,2,3,4,0.15491722086959955,1,0.3633504871553086,0.20843326628570905,1,0,1,0.32710820590576517,0.5407297839561339,0.23824214124185059,0.5052025058083149,0.5407297839561339,0.32675016982042204,61,0.95,0.88,0.06999999999999995,0.285,0.2486065573770492,-0.585,1.535,0.74,0.665,13,24,0.39344262295081966,1.7899496721311474,1.7922,1.69337,PostGuard,6,0.13114754098360656,0.45901639344262296,0.39344262295081966,0.07499999999999996,5,0,2.5269116036561186,0.275,0.395,0.10611499999999996,0,PostGuard,-0.050000000000000044,-0.873360655737705,61.0,13.0,10.0,0.19672131147540983,2.0,0.15384615384615385,0.9225839070843872,4.6923076923076925,0.8360655737704918,0.45663173371296406,0.27652206055751194,1.1400000000000001,0.0,1.0,12.0,0.7939999999999999,0.15599999999999994,1.0,0.36473377884681607,0.4601812847857293,0.0954475059389131,1.658228110265195,7.8,0.4637362637362637,0.37973457574149416,0.96,5,0.15757388315131807,0.425,0.17388933262279205,5,0.472482,0.16330037387434235,0.36499999999999994,0.1306713434537198,5,0.431989,0.16642937264797947,-0.06000000000000005,-0.040493
2961,4,12,0,4,0,late,late_r2-4,4,2-4,3,1,3,1,4,2,0,0,0,0,1,3,1,2,3,0.09047705433423484,1,0.24604403216497653,0.1555669778307417,1,0,1,0.33511437977054936,0.7970069849421477,0.8085628491029624,0.3269259195521214,0.7970069849421477,0.32675016982042204,61,0.905,0.855,0.050000000000000044,0.185,0.1954098360655738,-0.6,1.505,0.67,0.72,8,23,0.3770491803278688,1.7040177049180323,1.713,1.55434,PostGuard,6,0.13114754098360656,0.45901639344262296,0.39344262295081966,0.050000000000000044,5,0,2.2002679158197975,0.245,0.305,0.12783,1,PostGuard,-0.09499999999999997,-1.0511475409836066,61.0,13.0,10.0,0.19672131147540983,3.0,0.23076923076923078,0.9007768907980683,4.6923076923076925,0.7704918032786885,0.48360456033732957,0.24567648468002873,0.9456249999999999,0.2,1.0,8.0,0.754,0.151,1.0,0.3804803146827488,0.2910597624865739,-0.08942055219617488,1.6169573291745252,2.8,0.23956043956043954,0.36969419922175933,1.0,5,0.13972438698419426,0.8230000000000001,0.6568542456283586,5,0.8750119999999999,0.6374101289456421,0.501,0.5623210826565193,5,0.6179680000000001,0.5167308741453331,-0.32200000000000006,-0.25704399999999983
7703,0,12,0,4,0,late,late_r2-4,3,2-4,2,1,1,1,2,0,0,0,0,0,0,2,0,2,2,0.3836593040706814,1,0.6086222381814506,0.22496293411076917,1,0,1,0.7895642894464006,1.2758177591579083,1.0604279204284572,0.7084918552029295,0.7895642894464006,0.16337508491021102,49,0.21,0.15,0.06,-0.92,-0.7938775510204082,-1.46,1.67,0.9850000000000001,1.1300000000000001,4,12,0.24489795918367346,1.5678973469387756,1.57858,1.50529,Hit,6,0.16326530612244897,0.5714285714285714,0.24489795918367346,0.06,3,1,2.1298620653017366,0.48,0.21,-0.542645,1,Hit,-1.73,-1.9437755102040815,49.0,10.0,10.0,0.24489795918367346,2.0,0.2,0.8959424895620829,4.9,0.7755102040816326,0.5488557913333434,0.3033048526441293,1.2666666666666666,0.0,1.0,6.0,0.023999999999999997,0.18600000000000003,1.0,0.5536369614702643,0.806435131201219,0.2527981697309548,1.4976325229116023,2.2,0.818181818181818,0.6006679669188115,1.0,5,0.1263090191605245,0.324,0.19037463066280655,5,0.30211199999999994,0.17567217325888576,0.48599999999999993,0.1799096995717574,5,0.49743699999999985,0.23064424905035028,0.16199999999999992,0.19532499999999992
254,6,14,0,2,0,late,late_r2-4,3,2-4,2,1,2,1,3,1,0,0,0,0,1,2,1,3,3,0.3547661735411067,1,0.42935931089123813,0.07459313735013146,1,0,1,0.4738604690201532,0.5013552230998742,0.21905213945542737,0.270262222459759,0.5013552230998742,0.2450626273653165,55,0.98,0.975,0.0050000000000000044,0.065,0.10563636363636364,-0.85,1.83,0.74,0.915,4,16,0.2909090909090909,1.296950490909091,1.30414,1.51644,Hit,6,0.14545454545454545,0.509090909090909,0.32727272727272727,0.0050000000000000044,3,1,2.0409399413543214,0.32,0.45,0.43315499999999996,0,Draw,-1.96,-0.924,55.0,11.0,10.0,0.2545454545454545,2.0,0.18181818181818182,0.8742009841433414,5.0,0.7090909090909091,0.48703510102503655,0.28295962759279253,1.28,0.2,1.0,6.0,0.976,0.0040000000000000036,1.0,0.5505419914231633,0.6511129233302804,0.10057093190711708,1.2165602510995674,2.0,0.7418181818181819,0.6091474197865294,1.0,5,0.12829144870938797,0.578,0.47628247920745514,5,0.8432499999999999,0.3632045215852908,0.457,0.20571825392998064,5,0.73374,0.11833271736928891,-0.12099999999999994,-0.10951
5034,2,14,0,2,0,late,late_r2-4,4,2-4,3,1,3,1,4,2,0,0,0,0,1,2,2,2,3,0.2659200810036745,1,0.3967336104541642,0.13081352945048974,2,0,2,0.656425486928255,0.8486456719916611,0.6554491705130535,0.45633505782483796,0.8486456719916611,0.32675016982042204,61,1.75,1.635,0.11499999999999999,0.47,0.6170491803278688,-0.13,1.88,0.735,1.28,4,7,0.11475409836065574,1.4949100000000002,1.5138,1.20727,PostGuard,6,0.13114754098360656,0.45901639344262296,0.39344262295081966,0.1499999999999999,2,0,1.9936514316895357,0.085,0.65,1.1463649999999999,1,PostGuard,-1.12,-1.600983606557377,61.0,13.0,10.0,0.26229508196721313,4.0,0.3076923076923077,0.8343405575529138,4.6923076923076925,0.6885245901639344,0.4284026999777216,0.35420520665307204,1.35,0.4,1.0,5.0,1.6809999999999998,0.06899999999999999,1.0,0.4179825857749105,0.6027809496707521,0.1847983638958417,1.37562963239418,4.0,0.45872125144649234,0.35313427053383173,1.0,5,0.09976464283457426,0.744,0.5454516477195755,5,0.8730799999999999,0.5967109145034133,1.568,0.1614620698492374,5,1.73176,0.15905066732019707,0.8240000000000001,0.8586800000000001
9062,0,13,1,3,1,late,late_r2-4,5,5-8,1,4,1,4,5,-3,0,0,0,0,1,3,2,2,3,0.20422917543779054,1,0.4715389769350981,0.26730980149730754,1,0,1,0.4987475246695504,0.8350864923455413,1.0318087549390924,0.27221198651051437,0.8350864923455413,0.40843771227552755,79,1.335,1.275,0.06000000000000005,0.29,0.47132911392405064,-0.415,1.75,0.7625000000000001,1.045,14,21,0.26582278481012656,1.566711392405063,1.62357,1.3538,Draw,6,0.4050632911392405,0.43037974683544306,0.1518987341772152,0.06000000000000005,4,0,2.0235849464438536,0.16,0.545,0.755535,0,PostGuard,-0.56,-0.6106962025316456,79.0,16.0,10.0,0.1518987341772152,3.0,0.1875,0.9205949500570331,4.9375,0.7341772151898734,0.42220295788015294,0.3016806649935246,1.0292857142857141,0.4,1.0,7.0,1.2630000000000001,0.07200000000000002,1.0,0.47549512476099964,0.5913568168773949,0.11586169211639537,1.5714269219826786,2.6,0.6147058823529411,0.5015028467842283,0.9399999999999998,5,0.3110663659795643,0.576,0.32617863204078834,5,0.711101,0.3508823727298081,0.671,0.13178581107236087,5,0.845515,0.10622013880380687,0.09500000000000008,0.13441400000000003
3846,3,14,0,2,0,late,late_r2-4,4,2-4,3,1,3,1,4,2,0,0,0,0,1,3,1,0,3,0.7082477275643034,1,0.7361562698123297,0.027908542248026302,1,0,1,0.5016080507168951,0.7101645042353575,0.33653011795723053,0.7790078048389494,0.7101645042353575,0.32675016982042204,61,1.46,1.19,0.27,0.095,0.2082786885245902,-0.915,2.375,0.3,1.365,1,9,0.14754098360655737,1.478453721311475,1.5264,1.41365,Hit,6,0.13114754098360656,0.45901639344262296,0.39344262295081966,0.30000000000000004,3,1,2.132021921476717,0.185,0.55,0.7531749999999999,1,Hit,-2.07,-0.8708196721311476,61.0,13.0,10.0,0.19672131147540983,4.0,0.3076923076923077,0.8884297651499488,4.6923076923076925,0.7213114754098361,0.4044430466053422,0.3349951118411622,2.1816666666666666,1.0,1.0,1.0,1.46,0.0,1.0,0.3841100432410485,0.5019743162717593,0.11786427303071068,1.3373082640049516,1.4,0.6172197727452216,0.41503826212147654,0.9800000000000001,5,0.16793574696931407,0.0,0.0,5,0.0,0.0,0.0,0.0,5,0.0,0.0,0.0,0.0
4217,3,14,0,2,0,late,late_r2-4,3,2-4,2,1,2,1,3,1,0,0,0,0,1,2,1,1,2,0.4990530822908519,1,0.6336679457957445,0.1346148635048926,1,0,1,0.9248034676194706,1.0283692330316807,0.48182420631203476,0.715765000230912,1.0283692330316807,0.2450626273653165,55,0.68,0.64,0.040000000000000036,-0.13,-0.17263636363636362,-1.245,1.9250000000000003,0.36,0.81,3,6,0.10909090909090909,1.1530681636363636,1.13109,1.20316,Draw,6,0.14545454545454545,0.509090909090909,0.32727272727272727,0.4700000000000001,2,0,1.5119905137840712,0.28,0.145,0.07842000000000005,1,Draw,-0.31999999999999995,-1.128818181818182,55.0,11.0,10.0,0.34545454545454546,2.0,0.18181818181818182,0.7967502458880633,5.0,0.7272727272727273,0.7273690829317974,0.1946727619801413,1.2225000000000001,0.6,1.0,14.0,0.664,0.016000000000000014,1.0,0.4460301211527863,0.6614753014931034,0.21544518034031718,1.1111518225327193,4.6,0.6249124084790483,0.43004965359438574,1.0,5,0.13022176824757195,0.008,0.01788854381999832,5,0.023344999999999998,0.05220100693473259,0.04,0.0,5,0.116725,0.0,0.032,0.09337999999999999
2421,6,14,0,2,0,late,late_r2-4,5,5-8,4,1,4,1,5,3,0,0,0,0,0,4,1,1,3,0.37572991151091495,1,1.0025952485604552,0.6268653370495403,2,0,2,0.5195765815748443,0.7542022191108293,0.8710963199817573,0.607933491757115,0.7542022191108293,0.40843771227552755,67,0.725,0.57,0.15500000000000003,-0.425,-0.30246268656716413,-1.12,1.8450000000000002,0.585,1.15,2,7,0.1044776119402985,1.311699104477612,1.25583,1.27647,Draw,6,0.11940298507462686,0.417910447761194,0.44776119402985076,0.39999999999999997,3,0,1.8099749409397203,0.305,0.28,0.08676499999999998,1,Draw,-2.275,-2.5341044776119404,67.0,14.0,10.0,0.3283582089552239,4.0,0.2857142857142857,0.7906585589886035,4.785714285714286,0.7014925373134329,0.5050737870797947,0.2713409927838177,1.3035,0.6,1.0,5.0,0.557,0.16799999999999998,1.0,0.43195848672184456,0.38957366460133847,-0.04238482212050606,1.1953912241958677,2.0,0.4033193224681023,0.4445243898278776,0.9,5,0.13832668651547111,0.9259999999999999,0.3759886966386091,5,0.995518,0.2905950513730404,0.631,0.19853840938216466,5,0.8143189999999999,0.27843106034977483,-0.29499999999999993,-0.1811990000000001
4734,4,14,0,2,0,late,late_r2-4,3,2-4,2,1,1,1,2,0,0,0,0,0,0,2,0,0,2,0.9535402199304441,1,1.2159277723615005,0.2623875524310564,1,0,1,0.8180385272711794,1.2511721941247542,1.2329162625052847,0.05201333162436933,2.1174395278319045,0.16337508491021102,49,-0.025,-0.035,0.010000000000000002,-0.645,-0.7278571428571429,-1.215,1.1900000000000002,0.515,0.62,3,14,0.2857142857142857,1.0565637959183674,1.07878,1.28233,Draw,6,0.16326530612244897,0.5714285714285714,0.24489795918367346,0.26499999999999996,4,0,1.643307181443596,0.57,0.165,-0.66424,0,Draw,-2.025,-2.0416326530612245,49.0,10.0,10.0,0.24489795918367346,2.0,0.2,0.9019658539833821,4.9,0.7755102040816326,0.5722287069014995,0.19374075424138296,0.806875,0.8,1.0,8.0,-0.06100000000000001,0.036,1.0,0.544820398020319,0.757838182100019,0.2130177840796999,0.9826720320420929,1.4,0.8125935161517935,0.6731316177033173,1.0,5,0.14004311563746646,0.5409999999999999,0.06561249880929698,5,0.3568572999999999,0.03510040319319706,0.6529999999999999,0.18043696960434685,5,0.5767828999999999,0.20857325279035666,0.11199999999999999,0.2199256
3881,4,14,0,2,0,late,late_r2-4,2,2-4,1,1,1,1,2,0,0,0,0,0,1,1,1,2,2,0.09635196674697322,1,0.33236262350825657,0.23601065676128336,1,0,1,0.3576263758586019,0.3576263758586019,0.03600880000000001,0.17514999999999858,0.3576263758586019,0.16337508491021102,49,0.58,0.52,0.05999999999999994,-0.28,-0.33918367346938777,-1.505,2.085,0.485,0.86,2,9,0.1836734693877551,1.0666474489795919,1.11802,0.868101,Draw,6,0.16326530612244897,0.5714285714285714,0.24489795918367346,0.33999999999999997,3,0,0.9282482647407235,0.185,0.0,0.14594949999999995,1,Draw,-0.42000000000000004,-0.9648979591836735,49.0,10.0,10.0,0.24489795918367346,3.0,0.3,0.8790179227696131,4.9,0.7551020408163265,0.7865262820385599,0.19503405305504679,1.405,0.0,1.0,12.0,0.35000000000000003,0.22999999999999993,1.0,0.3972552108710183,0.5229851034605578,0.1257298925895395,1.0088972942363337,2.2,0.296969696969697,0.3458791239219504,1.0,5,0.14317929522215372,0.9549999999999998,0.1118033988749895,5,1.1345785,0.12007908645971614,1.005,0.0,5,1.1882795,0.0,0.050000000000000044,0.053701
4125,2,12,0,4,0,late,late_r2-4,3,2-4,2,1,2,1,3,1,0,0,0,0,1,2,1,2,3,0.17808933522745968,1,0.18684430347883424,0.008754968251374562,1,0,1,0.35821291654390225,0.4703788502467457,0.3223554596514262,0.15682164674842727,0.4703788502467457,0.2450626273653165,55,0.065,0.02,0.045,-0.85,-0.7562727272727271,-1.245,1.31,0.4375,0.915,3,9,0.16363636363636364,1.4479978181818178,1.44152,1.72939,Draw,6,0.14545454545454545,0.509090909090909,0.32727272727272727,0.25,3,0,2.400731236404966,0.485,0.225,-0.7984749999999999,0,Draw,-1.0550000000000002,-1.4703636363636368,55.0,11.0,10.0,0.2363636363636364,3.0,0.2727272727272727,0.8809341218024389,5.0,0.7090909090909091,0.47574726222213537,0.20249337033002007,0.9399999999999998,0.4,1.0,2.0,0.038,0.027000000000000003,1.0,0.44749709732021054,0.7812221420049816,0.33372504468477115,1.3783101565915334,2.8,0.7236363636363636,0.4281394950141711,0.9800000000000001,5,0.11284552379116078,0.454,0.2510826557132133,5,0.3045350000000001,0.3085882048539769,0.46699999999999997,0.2385791273351464,5,0.3249390000000002,0.2835162017945359,0.012999999999999956,0.02040400000000009
7391,1,14,0,2,0,late,late_r2-4,3,2-4,1,2,1,2,3,-1,0,0,0,0,1,2,1,1,2,0.32678857343701384,1,0.6677870038417937,0.34099843040477984,1,0,1,0.99230811612573,1.1089346786504837,0.2047829742288162,0.8983299925726379,1.1089346786504837,0.2450626273653165,59,0.52,0.45,0.07,-0.235,-0.29483050847457626,-1.735,2.255,0.26749999999999996,0.755,6,11,0.1864406779661017,1.3518128135593221,1.34011,1.08609,Freeze,6,0.2711864406779661,0.5084745762711864,0.2033898305084746,0.07,5,0,1.4074258208317048,0.265,0.095,-0.023044999999999982,1,Freeze,-0.45999999999999996,-1.0245762711864408,59.0,12.0,10.0,0.20338983050847456,4.0,0.3333333333333333,0.8745716712414804,4.916666666666667,0.7457627118644068,0.5654944267503643,0.2765892776689693,1.3445454545454545,0.0,1.0,11.0,0.327,0.19300000000000006,1.0,0.4523015790965683,0.3513112656230075,-0.10099031347356073,1.0698184212058275,4.2,0.37929309974733666,0.4315451014626654,1.0,5,0.08327155703767201,0.643,0.5334041619635151,5,0.8009410000000001,0.6378146993876826,0.382,0.22275547131327664,5,0.5036910000000001,0.30112377460107664,-0.261,-0.29725
9591,2,12,0,4,0,late,late_r2-4,4,2-4,3,1,3,1,4,2,0,0,0,0,1,2,2,2,3,0.22573659476159746,1,0.5172198302308219,0.2914832354692244,3,0,3,0.39571556882310965,0.6749088685613476,0.6804719154898807,0.48860007674989125,0.6749088685613476,0.32675016982042204,61,1.59,1.57,0.020000000000000018,0.4,0.4632786885245902,-0.08,1.6700000000000002,0.49500000000000005,1.19,3,4,0.06557377049180328,1.8375208196721313,1.84005,1.88465,Draw,6,0.13114754098360656,0.45901639344262296,0.39344262295081966,0.17500000000000004,2,0,2.600088754354865,0.22,0.5,0.6476750000000001,1,Draw,-1.445,-2.864098360655737,61.0,13.0,10.0,0.29508196721311475,4.0,0.3076923076923077,0.8479989229424632,4.6923076923076925,0.7540983606557377,0.4869420079172361,0.25575747804981974,0.8569444444444445,0.0,1.0,18.0,1.1540000000000001,0.43600000000000005,1.0,0.35406110951203834,0.36913542656509163,0.015074317053053288,1.634127241310276,4.4,0.26043956043956046,0.32962468268399603,0.96,5,0.062322253527657634,0.897,0.5549279232476954,5,0.9260450000000002,0.5260079975984207,1.2770000000000001,0.31031435674167573,5,1.211151,0.22395310852386036,0.3800000000000001,0.28510599999999986
8696,2,13,1,3,1,late,late_r2-4,4,2-4,3,1,3,1,4,2,0,0,0,0,1,4,0,0,2,1.0502431597092177,1,1.1123439436810878,0.06210078397187013,1,0,1,0.3359202337698635,0.6295796569769514,0.590936301973984,0.484658572476542,0.6295796569769514,0.32675016982042204,61,3.105,2.84,0.2650000000000001,1.135,1.2385245901639343,0.56,2.545,0.345,1.97,1,2,0.03278688524590164,1.9678001639344262,1.98645,1.51789,Hit,6,0.13114754098360656,0.45901639344262296,0.39344262295081966,1.55,1,1,2.2983515639956407,0.04,0.845,2.346055,1,Hit,-0.8700000000000001,0.14877049180327864,61.0,13.0,10.0,0.19672131147540983,5.0,0.38461538461538464,0.862291380457647,4.6923076923076925,0.7704918032786885,0.7487449946746569,0.20894556046920615,1.4620000000000002,0.2,1.0,6.0,2.037,1.068,1.0,0.44855500254237335,0.6010352558515063,0.15248025330913295,1.7468519357786114,1.8,0.5263736263736263,0.42755761720009805,0.9400000000000001,5,0.17445693102352822,1.121,0.48018746339320434,5,1.3383709999999998,0.574574737886639,1.068,0.5983686154871427,5,1.2739299999999996,0.717360596100385,-0.052999999999999936,-0.06444100000000019
5837,5,13,1,3,1,late,late_r2-4,5,5-8,2,3,2,3,5,-1,0,0,0,0,1,3,2,1,5,0.45087793306060076,1,0.6487038750315898,0.19782594197098902,1,0,1,0.5396712447740739,0.622236058516935,0.2796560649931269,0.6763083243610131,0.622236058516935,0.40843771227552755,75,0.76,0.705,0.05500000000000005,-0.54,-0.5244666666666666,-1.565,2.325,0.6325000000000001,1.3,3,8,0.10666666666666667,1.6999397333333335,1.7017,1.38651,Freeze,6,0.32,0.4266666666666667,0.24,0.05500000000000005,3,0,2.00143646833726,0.275,0.345,0.06674500000000005,1,Freeze,-0.050000000000000044,1.1676000000000002,75.0,15.0,10.0,0.32,4.0,0.26666666666666666,0.7973548361865639,5.0,0.7066666666666667,0.7991524503724394,0.222831131652261,1.5928125,0.2,1.0,6.0,0.568,0.192,1.0,0.49996126668313207,0.5093743655104751,0.009413098827343041,1.5665026942784095,1.8,0.5185714285714285,0.47745475652916813,0.9400000000000001,5,0.16045175471081552,0.34199999999999997,0.40713327056382903,5,0.40358299999999997,0.4474132519215317,0.418,0.689035557863308,5,0.500904,0.8142337724004698,0.07600000000000001,0.09732100000000005
9771,3,12,0,4,0,late,late_r2-4,3,2-4,2,1,2,1,3,1,0,0,0,0,0,1,2,1,3,0.22756201830041425,1,0.8284604100353828,0.6008983917349686,1,0,1,0.6108942516902257,0.7963777815870245,0.1914859976218511,0.6669784754148101,0.7963777815870245,0.2450626273653165,55,0.39,0.345,0.04500000000000004,-0.325,-0.25872727272727275,-0.895,1.2850000000000001,0.455,0.7150000000000001,9,16,0.2909090909090909,1.539912,1.53896,1.50263,PostGuard,6,0.14545454545454545,0.509090909090909,0.32727272727272727,0.06,3,0,2.1414345141833566,0.39,0.255,-0.36131499999999994,1,PostGuard,-0.61,-1.4622727272727274,55.0,11.0,10.0,0.2545454545454545,3.0,0.2727272727272727,0.8478196141170597,5.0,0.7636363636363637,0.6296281290296368,0.18050577011089938,1.1524999999999999,0.2,1.0,9.0,0.35100000000000003,0.039,1.0,0.4342607983667898,0.5820049042791202,0.1477441059123305,1.4128954899111776,4.6,0.5948854570601968,0.42379907025456676,0.9199999999999999,5,0.2659143963053065,0.39299999999999996,0.08273451516749221,5,0.39710800000000007,0.06628152698904881,0.265,0.1903286631067428,5,0.300051,0.1520583347518314,-0.12799999999999995,-0.09705700000000006
8752,6,14,0,2,0,late,late_r2-4,4,2-4,3,1,3,1,4,2,0,0,0,0,0,4,0,1,2,0.601799010408791,1,0.9153220338569368,0.31352302344814575,2,0,2,1.2568450520891585,1.3310252460029766,1.0865449917914987,0.6045093444273626,1.3310252460029766,0.32675016982042204,61,0.765,0.65,0.11499999999999999,-0.175,-0.1386065573770492,-0.49,1.255,0.32,0.94,2,6,0.09836065573770492,1.3730891803278689,1.37999,1.65824,Draw,6,0.13114754098360656,0.45901639344262296,0.39344262295081966,0.47000000000000003,2,0,2.0493405623109924,0.42,0.435,-0.06411999999999995,1,Draw,-1.7849999999999997,-2.7856557377049183,61.0,13.0,10.0,0.3442622950819672,5.0,0.38461538461538464,0.7363458055799351,4.6923076923076925,0.8524590163934425,0.46085439569923575,0.19145947635631982,1.1425,0.6,1.0,2.0,0.7190000000000001,0.046,1.0,0.3316450673671354,0.37351499781952036,0.04186993045238502,1.1335815674807488,2.4,0.28783534056743554,0.3183395155698797,0.9,5,0.1905922122957454,0.06899999999999994,0.06298809411309406,5,0.066981,0.06114500770708922,0.04599999999999996,0.06298809411309406,5,0.044654,0.06114500770708922,-0.02299999999999998,-0.022327
4267,0,14,0,2,0,late,late_r2-4,3,2-4,2,1,2,1,3,1,0,0,0,0,0,2,1,1,2,0.4334585704262864,1,1.0371719906071553,0.6037134201808689,1,0,1,1.1256002073365126,1.1808927703791283,0.7831469045042997,0.45119132182355937,1.1808927703791283,0.2450626273653165,55,0.89,0.865,0.025000000000000022,-0.645,-0.4949999999999999,-1.1,1.9900000000000002,0.7250000000000001,1.5350000000000001,4,4,0.07272727272727272,1.2441970727272726,1.25896,0.835404,PostGuard,6,0.14545454545454545,0.509090909090909,0.32727272727272727,0.605,1,0,1.1708533424245053,0.125,0.125,0.472298,1,PostGuard,-0.10999999999999999,-1.8054545454545454,55.0,11.0,10.0,0.2909090909090909,3.0,0.2727272727272727,0.857534669997684,5.0,0.7454545454545455,0.23839381941207635,0.4076653556136475,0.8675,0.0,1.0,16.0,0.785,0.10500000000000002,1.0,0.5318571768803727,0.46606528754880083,-0.06579188933157179,1.1582733136025323,3.6,0.611579912263709,0.6207363356201113,0.9800000000000001,5,0.17458557188933688,1.176,0.5432471813088404,5,1.4076,0.5316692532322139,1.05,0.0,5,1.309498,0.0,-0.1259999999999999,-0.09810199999999991
3709,0,7,1,9,1,mid,early_r9+,1,0-1,0,1,0,1,1,-1,0,0,0,0,0,1,0,0,0,1.7666391745415955,0,,,0,1,-1,,,,,,0.08168754245510551,43,0.965,0.865,0.09999999999999998,0.645,0.6226744186046513,0.26,0.705,0.2074999999999999,0.31999999999999995,11,38,0.8837209302325582,1.7105686046511632,1.71405,1.90887,Draw,5,0.18604651162790697,0.6511627906976745,0.13953488372093023,0.09999999999999998,5,0,2.6092888397892606,0.325,0.395,0.010564999999999936,1,Draw,0.395,0.5005813953488374,43.0,9.0,9.0,0.3488372093023256,4.0,0.4444444444444445,0.8149065589423404,4.777777777777778,0.8837209302325582,0.3746074704229176,0.11763186436282588,0.39499999999999996,0.0,1.0,15.0,0.835,0.13,1.0,0.1692996602843538,0.19916368225000075,0.029864021965646925,1.555811450355608,5.2,0.12333333333333334,0.119589945631432,1.0,5,0.3882018236171135,0.14499999999999993,0.08108637370113422,5,0.0947879999999999,0.06319793287758699,0.14099999999999996,0.024596747752497632,5,0.06632799999999987,0.06250480817505158,-0.003999999999999976,-0.028460000000000027
3843,6,11,1,5,1,mid,mid_r5-8,2,2-4,1,1,1,1,2,0,0,0,0,0,0,2,0,0,1,1.1686995739282189,1,1.3242053527818116,0.15550577885359274,1,0,1,1.0857745258183196,1.0857745258183196,0.18947300000000006,0.5087499999999991,1.0857745258183196,0.16337508491021102,49,1.54,1.535,0.0050000000000001155,0.955,0.9291836734693878,0.445,1.095,0.30500000000000005,0.5850000000000001,3,15,0.30612244897959184,1.6052457142857142,1.59561,1.80233,Hit,6,0.16326530612244897,0.5714285714285714,0.24489795918367346,0.0050000000000001155,3,1,2.451823345136302,0.24,0.54,0.638835,1,Hit,0.125,-0.07591836734693878,49.0,10.0,10.0,0.24489795918367346,3.0,0.3,0.8790179227696131,4.9,0.7551020408163265,0.3040355192833593,0.18922488955689687,0.5287500000000002,0.2,1.0,6.0,1.323,0.21700000000000003,1.0,0.28821154323201675,0.5456893335914337,0.25747779035941687,1.4413600140796856,1.0,0.34091970000136856,0.19568703605475873,1.0,5,0.19778011746248347,0.28300000000000003,0.33139100772350477,5,0.23052200000000003,0.2828467247600721,0.483,0.34415839376659113,5,0.39215600000000006,0.3036820027676978,0.19999999999999996,0.16163400000000003
4701,5,7,1,9,1,mid,early_r9+,1,0-1,1,0,1,0,1,1,0,0,0,0,1,1,0,0,1,0.6357847165857317,1,,,1,0,1,,,,,,0.08168754245510551,39,1.27,1.195,0.07499999999999996,0.835,0.8278205128205127,0.22,1.05,0.38750000000000007,0.43500000000000005,10,21,0.5384615384615384,1.8317130769230767,1.82373,1.82403,Draw,4,0.0,0.6666666666666666,0.3076923076923077,0.28500000000000003,3,0,2.581632850938324,0.245,0.445,0.357985,1,Draw,0.27,0.12705128205128205,39.0,8.0,8.0,0.2564102564102564,1.0,0.125,0.9263425690066092,4.875,0.8461538461538461,0.6063245531281322,0.1447874309763616,0.655,0.2,1.0,6.0,1.17,0.1,1.0,0.36305839439984416,0.5428571428571429,0.17979874845729876,1.7347050133893653,3.6,0.4476190476190477,0.26853762811238335,1.0,5,0.30872320217094,0.27399999999999997,0.1445856147754679,5,0.316369,0.14199753362294715,0.26599999999999996,0.1607171428317465,5,0.311929,0.14214155112070503,-0.008000000000000007,-0.0044399999999999995
21,2,8,0,8,0,mid,mid_r5-8,1,0-1,1,0,1,0,1,1,0,0,0,0,0,0,1,0,0,1.764447708094798,1,,,1,0,1,,,,,,0.08168754245510551,39,-0.26,-0.285,0.024999999999999967,-0.51,-0.5191025641025642,-0.725,0.46499999999999997,0.08499999999999996,0.25,20,39,1.0,1.6095828205128202,1.59868,1.72406,Draw,4,0.0,0.6666666666666666,0.3076923076923077,0.065,4,0,2.340286861471768,0.615,0.15,-1.12203,1,Draw,-2.26,-2.3242307692307693,39.0,8.0,8.0,0.3076923076923077,1.0,0.125,0.8938616368717351,4.875,0.8461538461538461,0.20742454370917027,0.08877802641970738,0.16249999999999998,0.4,1.0,6.0,-0.27499999999999997,0.01499999999999998,1.0,0.17601183647372182,0.291992005620849,0.1159801691471272,1.5320911345161181,4.0,-0.014285714285714313,0.1025062559788908,1.0,5,0.3643266327328823,0.18699999999999994,0.14276729317319148,5,0.12177099999999985,0.09486944083844913,0.258,0.023611437906235183,5,0.18339299999999992,0.03720461154211925,0.07100000000000006,0.061622000000000066
5183,3,7,1,9,1,mid,early_r9+,2,2-4,1,1,1,1,2,0,0,0,0,0,0,1,1,0,0,1.6116708211046096,0,1.7311529407883055,0.11948211968369593,0,1,-1,2.0940648847636067,2.0940648847636067,0.21723000000000003,1.024250000000002,2.0940648847636067,0.16337508491021102,49,1.225,1.215,0.010000000000000009,0.745,0.7816326530612248,0.465,0.76,0.20499999999999996,0.4800000000000001,8,30,0.6122448979591837,1.855584081632653,1.85547,2.06987,Draw,6,0.16326530612244897,0.5714285714285714,0.24489795918367346,0.020000000000000018,4,0,2.7360163813384086,0.29,0.42,0.21091999999999989,0,Hit,0.015000000000000124,0.508061224489796,49.0,10.0,10.0,0.3469387755102041,3.0,0.3,0.8193499023873192,4.9,0.8571428571428571,0.6684112281461724,0.10656836287878771,0.7525000000000001,1.0,1.0,1.0,1.225,0.0,1.0,0.14947993924049946,0.20098334894730835,0.05150340970680891,1.7216231993207505,3.0,0.17818181818181814,0.06649150141297681,1.0,5,0.3108793331255593,0.16600000000000006,0.14006248605533178,5,0.12785899999999978,0.1570999531508524,0.19500000000000003,0.18758331482304078,5,0.22400699999999985,0.1242181229531344,0.02899999999999997,0.09614800000000007
9433,4,7,1,9,1,mid,early_r9+,1,0-1,1,0,1,0,1,1,0,0,0,0,0,0,1,0,1,1.1421096865450346,1,,,1,0,1,,,,,,0.08168754245510551,39,1.24,1.24,0.0,0.82,0.850128205128205,0.425,0.815,0.3474999999999998,0.42000000000000004,12,25,0.6410256410256411,1.8269302564102565,1.80443,1.82549,Draw,4,0.0,0.6666666666666666,0.3076923076923077,0.0,3,0,2.5545294744005145,0.25,0.445,0.32725499999999996,1,Draw,0.24,0.12128205128205127,39.0,8.0,8.0,0.2564102564102564,1.0,0.125,0.8837746203626251,4.875,0.8974358974358975,0.6305904608403217,0.12130205832883419,0.43500000000000016,0.0,1.0,8.0,1.0859999999999999,0.154,1.0,0.2914447782262237,0.4468722234786281,0.15542744525240432,1.7872812217694034,1.8,0.3190476190476191,0.22234744718562555,1.0,5,0.19485393661993847,0.22799999999999992,0.08174655956063227,5,0.26265199999999994,0.08062745225728024,0.24499999999999994,0.08703447592764604,5,0.2840649999999999,0.09469269843815839,0.017000000000000015,0.02141299999999996
9564,1,7,1,9,1,mid,early_r9+,2,2-4,0,2,0,1,1,-1,0,0,0,0,0,1,0,0,0,1.5168806460628368,0,,,0,1,-1,3.580826129775224,3.580826129775224,1.0043955,1.4821500000000007,,0.08168754245510551,47,0.97,0.91,0.05999999999999994,0.535,0.5587234042553191,0.275,0.695,0.1725,0.43499999999999994,8,32,0.6808510638297872,1.7642,1.77109,1.90239,Draw,5,0.2553191489361702,0.5957446808510638,0.1276595744680851,0.05999999999999994,5,0,2.6161845346089696,0.32,0.39,0.01880499999999996,1,Draw,-0.020000000000000018,0.8102127659574465,47.0,10.0,10.0,0.19148936170212766,3.0,0.3,0.905760414713788,4.7,0.8723404255319149,0.26646730938449276,0.12517037561579994,0.27583333333333326,0.2,1.0,9.0,0.8260000000000002,0.14399999999999996,1.0,0.08344638650509038,0.23731258414181186,0.1538661976367215,1.6601923873550277,5.4,0.18060606060606058,0.0745398023573434,1.0,5,0.3420150552628887,0.209,0.16798065364797224,5,0.14154699999999998,0.13429846869938616,0.24099999999999996,0.2042486230063743,5,0.17060499999999995,0.16201870694459944,0.03199999999999997,0.029057999999999973
7115,2,8,0,8,0,mid,mid_r5-8,1,0-1,0,1,0,1,1,-1,0,0,0,0,0,1,0,0,0,1.6027167105886186,0,,,0,1,-1,,,,,,0.08168754245510551,43,-0.5,-0.595,0.09499999999999997,-1.025,-0.9909302325581395,-1.34,0.8400000000000001,0.27,0.5249999999999999,6,19,0.4418604651162791,1.8456613953488372,1.85232,1.74929,Hit,5,0.18604651162790697,0.6511627906976745,0.13953488372093023,0.17000000000000004,4,1,2.4501659652680408,0.635,0.145,-1.3746450000000001,1,Hit,-0.81,-1.1351162790697678,43.0,9.0,9.0,0.23255813953488375,1.0,0.11111111111111112,0.8994441284610147,4.777777777777778,0.9069767441860466,0.5152287349724249,0.1307340137172577,0.4191666666666666,0.2,1.0,6.0,-0.667,0.16699999999999998,1.0,0.15971668058000785,0.37707197941566384,0.21735529883565605,1.7432094141875154,1.8,0.32999999999999996,0.21001973063684418,1.0,5,0.1995609670128173,0.20299999999999993,0.14952424552560029,5,0.21928699999999987,0.16756319265429379,0.24999999999999994,0.19630970429400582,5,0.26988999999999996,0.22323077741991576,0.047000000000000014,0.05060300000000009
4322,6,10,0,6,0,mid,mid_r5-8,5,5-8,2,3,2,3,5,-1,0,0,0,0,0,3,2,1,4,0.5617350215181529,1,0.7570635029645796,0.19532848144642667,1,0,1,0.392250550541361,0.63024273405354,0.48772814032794953,0.4798135721298424,0.63024273405354,0.40843771227552755,75,0.185,0.145,0.04000000000000001,-0.655,-0.6861333333333335,-1.73,1.915,0.34,0.8400000000000001,5,12,0.16,1.9151650666666669,1.86665,1.84412,PostGuard,6,0.32,0.4266666666666667,0.24,0.255,4,0,2.5149026393417633,0.485,0.255,-0.73706,1,PostGuard,-0.8599999999999999,-1.733466666666667,75.0,15.0,10.0,0.21333333333333332,3.0,0.2,0.8731556609360325,5.0,0.68,0.6275537756288635,0.23588286368287367,1.27875,0.2,1.0,11.0,-0.11300000000000002,0.298,1.0,0.25740585358432,0.28964573089015827,0.03223987730583826,1.8803655040883065,5.8,0.3335714285714285,0.23134599534615105,0.96,5,0.12729645156356295,1.16,0.4544777222262935,5,1.2091319999999999,0.5594763661742111,0.5860000000000001,0.3356597980098302,5,0.569805,0.3190017749166923,-0.5739999999999998,-0.6393269999999999
4491,1,9,1,7,1,mid,mid_r5-8,2,2-4,2,0,1,0,1,1,0,0,0,0,0,1,0,0,0,1.9714512340912727,1,,,1,0,1,3.8124815266306533,3.8124815266306533,1.6874850000000001,0.8866499999999995,,0.08168754245510551,39,1.34,1.3,0.040000000000000036,0.73,0.8539743589743588,0.33,1.01,0.48750000000000004,0.6100000000000001,11,18,0.46153846153846156,1.6504110256410256,1.66936,1.71009,Draw,4,0.0,0.6666666666666666,0.3076923076923077,0.56,1,0,2.4304679440865575,0.24,0.56,0.484955,1,Draw,0.3600000000000001,0.19576923076923075,39.0,8.0,8.0,0.3076923076923077,1.0,0.125,0.8938616368717351,4.875,1.0,0.6453000194462207,0.15608677234091645,0.6308333333333332,0.4,1.0,12.0,1.275,0.06500000000000003,1.0,0.32203403346091886,0.19412985557294105,-0.12790417788797784,1.561195134084587,3.4,0.19047619047619052,0.2573073460532102,1.0,5,0.22722263077670604,0.14900000000000008,0.13758633653092162,5,0.15941100000000002,0.1540363068159582,0.18800000000000008,0.15614896733568243,5,0.19071200000000005,0.1742549664858939,0.03900000000000001,0.03130100000000002
819,3,9,1,7,1,mid,mid_r5-8,2,2-4,1,1,1,0,1,1,0,0,0,0,0,1,0,0,0,1.5344504757404203,1,,,1,0,1,2.001452383545514,2.001452383545514,0.13702999999999999,0.9913000000000025,,0.08168754245510551,43,1.325,1.315,0.010000000000000009,0.765,0.8163953488372092,0.41,0.915,0.4149999999999998,0.5599999999999999,10,17,0.3953488372093023,1.6594160465116279,1.67985,1.76618,Draw,5,0.09302325581395349,0.6046511627906976,0.27906976744186046,0.485,2,0,2.529552438540984,0.24,0.515,0.46856999999999993,0,Draw,0.32499999999999996,0.19069767441860466,43.0,9.0,9.0,0.27906976744186046,1.0,0.11111111111111112,0.9081023989763937,4.777777777777778,0.9534883720930234,0.5656655263289928,0.156152869762939,0.5958333333333333,0.0,1.0,6.0,1.0939999999999999,0.23099999999999996,1.0,0.3169059890551723,0.4469760954999048,0.1300701064447325,1.5770071706708215,2.6,0.5133333333333333,0.21721586793986747,1.0,5,0.20290958385255223,0.22199999999999998,0.17963852593472257,5,0.23004699999999997,0.14360433269926084,0.4299999999999999,0.2707397274136177,5,0.443074,0.2341213767311734,0.2079999999999999,0.21302700000000005
9201,0,11,1,5,1,mid,mid_r5-8,1,0-1,0,1,0,0,0,0,0,0,0,0,0,0,0,0,0,,-1,,,0,0,0,,,,,,0.0,37,1.33,1.305,0.025000000000000133,0.735,0.7852702702702702,0.215,1.115,0.47999999999999987,0.5950000000000001,8,14,0.3783783783783784,1.4213708108108105,1.41491,1.33458,Draw,4,0.10810810810810811,0.7027027027027027,0.16216216216216217,0.5950000000000001,1,0,2.0767338528822075,0.18,0.51,0.66271,1,Draw,0.3350000000000001,0.09635135135135138,37.0,8.0,8.0,0.32432432432432434,1.0,0.125,0.8919024195172677,4.625,0.972972972972973,0.5510436298208585,0.18751044763065075,0.7809999999999999,0.6,1.0,5.0,1.252,0.07800000000000003,1.0,0.43549921970208877,0.819661699336328,0.38416247963423933,1.351598683899836,2.0,0.6714285714285716,0.305466822452386,1.0,5,0.09687202880395658,0.11200000000000006,0.156628541460361,5,0.15144600000000003,0.2143587949676897,0.277,0.21167782122839418,5,0.36866000000000004,0.2444155435165693,0.16499999999999998,0.21721400000000002
6067,1,11,1,5,1,mid,mid_r5-8,1,0-1,0,1,0,1,1,-1,0,0,0,0,0,0,1,0,0,1.4360802411077174,0,,,0,1,-1,,,,,,0.08168754245510551,43,1.075,0.995,0.07999999999999996,0.58,0.5925581395348837,0.12,0.955,0.1875,0.495,4,24,0.5581395348837209,1.4126546511627909,1.42253,1.46607,Hit,5,0.18604651162790697,0.6511627906976745,0.13953488372093023,0.15499999999999992,3,1,2.1406164147700224,0.24,0.435,0.34196499999999996,1,Hit,0.30499999999999994,0.645,43.0,9.0,9.0,0.23255813953488375,1.0,0.11111111111111112,0.9150390760937027,4.777777777777778,0.8837209302325582,0.5260286702470955,0.12150640794332368,0.503125,0.8,1.0,3.0,1.02,0.05499999999999998,1.0,0.2177531268407933,0.4177658657111684,0.20001273887037513,1.337147324792109,3.6,0.39,0.17402164629080813,1.0,5,0.3148047058956687,0.2399999999999999,0.24907328238893867,5,0.22263599999999997,0.23145519084155364,0.08799999999999997,0.12661950876543468,5,0.08912799999999996,0.12752155805980409,-0.15199999999999994,-0.13350800000000002
1620,4,6,0,10,0,mid,early_r9+,2,2-4,1,1,1,1,2,0,0,0,0,0,0,2,0,0,1,1.0467577463768778,1,1.2696056106192997,0.22284786424242187,1,0,1,0.9924571825706134,0.9924571825706134,0.119197,0.4817,0.9924571825706134,0.16337508491021102,49,-0.27,-0.31,0.03999999999999998,-0.58,-0.5923469387755103,-0.905,0.635,0.19499999999999995,0.30999999999999994,16,41,0.8367346938775511,1.854911836734694,1.85472,1.91497,PostGuard,6,0.16326530612244897,0.5714285714285714,0.24489795918367346,0.03999999999999998,6,0,2.587294567346936,0.575,0.195,-1.200425,0,PreGuard,-1.27,-1.5976530612244897,49.0,10.0,10.0,0.24489795918367346,3.0,0.3,0.8860537127245263,4.9,0.7755102040816326,0.444246726309553,0.10797237622081868,0.33875000000000005,0.0,1.0,12.0,-0.4029999999999999,0.13299999999999998,1.0,0.149576059622068,0.35445966634808124,0.20488360672601322,1.753769466782862,2.0,0.34303030303030296,0.2009806358322424,1.0,5,0.2050539028771827,0.30199999999999994,0.15340306385467017,5,0.30362499999999987,0.10054900689464823,0.289,0.14240786495134322,5,0.2760969999999999,0.12585879506415112,-0.012999999999999956,-0.02752799999999994
8361,7,7,1,9,1,mid,early_r9+,2,2-4,2,0,1,0,1,1,0,0,0,0,0,1,0,0,0,1.598614281182303,1,,,1,0,1,1.8950886959717745,1.8950886959717745,0.5133300000000001,0.7964500000000001,,0.08168754245510551,39,1.395,1.355,0.040000000000000036,0.86,0.9221794871794871,0.385,1.01,0.48,0.535,13,19,0.48717948717948717,1.8453512820512816,1.85601,1.95166,Draw,4,0.0,0.6666666666666666,0.3076923076923077,0.49,2,0,2.6718470027553716,0.28,0.5,0.41917000000000004,1,Draw,0.43000000000000005,0.2633333333333333,39.0,8.0,8.0,0.2564102564102564,1.0,0.125,0.9050585946846169,4.875,0.9487179487179487,0.6611404123437171,0.15354576920348675,0.6041666666666667,0.6,1.0,6.0,1.3530000000000002,0.04200000000000004,1.0,0.26170064215628575,0.5285714285714286,0.26687078641514284,1.7330979448630894,2.2,0.3095238095238096,0.18611245240183447,1.0,5,0.3721376085734572,0.24699999999999997,0.13863621460498696,5,0.24361900000000009,0.09501947263587601,0.097,0.10195587280779857,5,0.09671199999999999,0.09848852557531762,-0.14999999999999997,-0.1469070000000001
6403,1,8,0,8,0,mid,mid_r5-8,1,0-1,1,0,1,0,1,1,0,0,0,0,0,0,1,1,1,0.6042904106768533,1,,,1,0,1,,,,,,0.08168754245510551,39,0.01,-0.015,0.025,-0.31,-0.2961538461538462,-0.595,0.605,0.1725,0.32,12,37,0.9487179487179487,1.7521417948717952,1.74445,1.852,PreGuard,4,0.0,0.6666666666666666,0.3076923076923077,0.025,3,0,2.569138914641192,0.525,0.225,-0.91422,0,PostGuard,-1.15,-2.021538461538462,39.0,8.0,8.0,0.3076923076923077,1.0,0.125,0.9067656967377774,4.875,0.8461538461538461,0.3497220485988594,0.10932679572947653,0.39916666666666667,0.2,1.0,6.0,-0.12000000000000002,0.13000000000000003,1.0,0.17917466374259142,0.4799299421444716,0.3007552784018802,1.6083127551391612,3.0,0.480952380952381,0.21978512073292458,1.0,5,0.27667426433026104,0.317,0.15114562514343577,5,0.25198199999999993,0.1401614046644083,0.332,0.11718574998693312,5,0.2655469999999999,0.11798803019798237,0.015000000000000013,0.013564999999999994
5988,5,11,1,5,1,mid,mid_r5-8,2,2-4,1,1,1,1,2,0,0,0,0,0,0,0,2,0,1,1.0295077987077124,1,1.9684310519040287,0.9389232531963163,1,0,1,2.974495688768098,2.974495688768098,1.4867750000000002,0.03750000000000142,2.974495688768098,0.16337508491021102,49,2.04,1.96,0.08000000000000007,1.32,1.335204081632653,0.615,1.425,0.44499999999999984,0.72,2,13,0.2653061224489796,1.6977359183673468,1.70423,1.81339,Draw,6,0.16326530612244897,0.5714285714285714,0.24489795918367346,0.43500000000000005,3,0,2.360756016841953,0.19,0.66,1.133305,1,Draw,0.040000000000000036,-0.3145918367346939,49.0,10.0,10.0,0.32653061224489793,2.0,0.2,0.8362924378807299,4.9,0.8775510204081632,0.36255798079474444,0.24654664931539988,0.7658333333333334,0.0,1.0,16.0,1.751,0.28900000000000003,1.0,0.19100385594709046,0.09707301347638667,-0.0939308424707038,1.5931105532220087,4.6,-0.0036363636363636155,0.06310194564117164,1.0,5,0.28805549134316877,0.466,0.14253946821845526,5,0.484304,0.10074744298244012,0.511,0.09222255689363648,5,0.494012,0.08660792779821032,0.044999999999999984,0.009707999999999994
5193,6,6,0,10,0,mid,early_r9+,2,2-4,2,0,2,0,2,2,0,0,0,0,0,1,1,0,1,0.7017683939762464,1,1.5329700765588992,0.8312016825826528,2,0,2,2.209425755351149,2.209425755351149,0.5207015,0.9742999999999995,2.209425755351149,0.16337508491021102,45,-0.075,-0.175,0.09999999999999999,-0.445,-0.43255555555555547,-0.755,0.68,0.21500000000000002,0.37,12,35,0.7777777777777778,1.781787333333333,1.76915,2.01479,PostGuard,4,0.0,0.5777777777777777,0.4,0.09999999999999999,4,0,2.648307610752098,0.555,0.22,-1.07431,0,PostGuard,-3.0700000000000003,-3.082333333333333,45.0,9.0,9.0,0.37777777777777777,2.0,0.22222222222222224,0.7929889401107848,5.0,0.7777777777777778,0.17954052159115197,0.13216519344613498,0.2925,0.2,1.0,17.0,-0.21599999999999997,0.141,1.0,0.04997423656569899,-0.09478834652525792,-0.1447625830909569,1.7300325353974617,5.8,-0.026666666666666682,0.0636821734000728,1.0,5,0.5037498452689225,0.458,0.18212632978237936,5,0.3138579999999999,0.17377403350328274,0.2919999999999999,0.06915562160808048,5,0.17935199999999984,0.08572194829797096,-0.1660000000000001,-0.13450600000000007
3024,4,9,1,7,1,mid,mid_r5-8,3,2-4,0,3,0,1,1,-1,0,0,0,0,0,1,0,0,0,1.8653955987939925,0,,,0,1,-1,2.9370463395901676,3.161921555043629,1.5753350623280113,1.2043466804316219,,0.08168754245510551,51,1.01,1.0,0.010000000000000009,0.655,0.6705882352941177,0.335,0.675,0.18000000000000005,0.355,13,45,0.8823529411764706,1.4957066666666665,1.48657,1.40709,Draw,5,0.3137254901960784,0.5490196078431373,0.11764705882352941,0.13,5,0,2.109672560751932,0.2,0.32,0.30645500000000003,1,Draw,0.10999999999999999,0.5768627450980393,51.0,11.0,10.0,0.39215686274509803,2.0,0.18181818181818182,0.8223083398699724,4.636363636363637,0.980392156862745,0.40053696306750775,0.11509580710372695,0.45999999999999996,0.6,1.0,2.0,1.0059999999999998,0.0040000000000000036,1.0,0.07049056437308063,0.26496105536768005,0.1944704909945994,1.4459407635704629,2.8,0.08545454545454546,0.03804390882114976,0.9800000000000001,5,0.3275996121505381,0.09599999999999996,0.09037422198835242,5,0.19354,0.08833635979878271,0.13599999999999998,0.16028880185465233,5,0.179305,0.18437130931899354,0.04000000000000002,-0.014234999999999998
2361,3,11,1,5,1,mid,mid_r5-8,1,0-1,0,1,0,0,0,0,0,0,0,0,0,0,0,0,0,,-1,,,0,0,0,,,,,,0.0,37,1.305,1.29,0.014999999999999902,0.76,0.8489189189189189,0.33,0.9749999999999999,0.5750000000000001,0.5449999999999999,13,18,0.4864864864864865,1.4266610810810811,1.43286,1.50066,Draw,4,0.10810810810810811,0.7027027027027027,0.16216216216216217,0.595,1,0,2.1266337368812414,0.225,0.55,0.5853900000000001,0,Draw,0.30499999999999994,0.14040540540540536,37.0,8.0,8.0,0.21621621621621623,1.0,0.125,0.9076556263808213,4.625,1.0,0.9088145973065231,0.09312484988742278,0.796875,0.2,1.0,8.0,1.234,0.071,1.0,0.29549608673063676,0.2739096248096428,-0.021586461920993994,1.2843924150118031,3.8,0.028571428571428574,0.19828335174170392,1.0,5,0.3844015576176134,0.21799999999999997,0.21264994709616084,5,0.23184300000000008,0.23032616510613815,0.2899999999999999,0.3237089742345738,5,0.31326500000000007,0.31154374947589625,0.07199999999999995,0.081422
9865,5,13,1,3,1,late,late_r2-4,2,2-4,0,2,0,2,2,-2,0,0,0,0,0,2,0,0,0,1.8357494194197639,0,1.847749685455257,0.012000266035493201,0,2,-2,3.6176660724284653,3.6176660724284653,1.80748,0.06994999999999862,3.6176660724284653,0.16337508491021102,53,0.975,0.955,0.020000000000000018,0.53,0.4733962264150943,-0.095,1.07,0.515,0.44499999999999995,14,28,0.5283018867924528,1.101665830188679,1.09197,1.03652,Draw,5,0.3018867924528302,0.5660377358490566,0.11320754716981132,0.43499999999999994,2,0,1.499477049630039,0.13,0.285,0.5041745,0,Draw,-0.025000000000000022,0.6967924528301886,53.0,11.0,10.0,0.41509433962264153,5.0,0.4545454545454545,0.766036725521134,4.818181818181818,0.9622641509433961,0.7795204929269998,0.13238880899100788,0.6925,0.4,1.0,22.0,0.917,0.05800000000000001,1.0,0.5181196543501961,0.5927701460419843,0.0746504916917882,1.0426537664491733,2.2,0.5586743272414056,0.48801207736213453,1.0,5,0.10794941958360718,0.1,0.15925608308632985,5,0.1364426,0.1574263697154959,0.12099999999999997,0.164939382804714,5,0.1570476,0.17896510608370003,0.020999999999999963,0.020605000000000012
8317,2,12,0,4,0,late,late_r2-4,4,2-4,3,1,3,1,4,2,0,0,0,0,0,2,2,0,2,0.649254207688331,1,0.8059080116266383,0.1566538039383073,2,0,2,0.5240608671709753,0.7078934670411107,0.7927842747817262,0.559888303034633,0.7078934670411107,0.32675016982042204,61,0.14,0.005,0.135,-0.415,-0.39655737704918037,-0.74,0.88,0.24500000000000005,0.5549999999999999,7,25,0.4098360655737705,1.533754918032787,1.52155,1.72638,PostGuard,6,0.13114754098360656,0.45901639344262296,0.39344262295081966,0.18000000000000002,3,0,2.2317394885234125,0.565,0.235,-0.72319,1,PostGuard,-2.86,-2.871393442622951,61.0,13.0,10.0,0.40983606557377056,4.0,0.3076923076923077,0.7184294530277443,4.6923076923076925,0.7049180327868853,0.2648897225388235,0.16043545559355132,0.335,0.4,1.0,25.0,-0.089,0.229,0.6,0.14387762039718788,0.2016680679763933,0.057790447579205415,1.3501115274744317,2.8,0.06460926804525333,0.1138509742504293,0.9199999999999999,5,0.3060543041390495,0.24700000000000003,0.1629263637352777,5,0.2665679999999999,0.15742935687952228,0.394,0.27709204246964586,5,0.33706,0.21709717858599636,0.147,0.07049200000000011
6537,2,14,0,2,0,late,late_r2-4,1,0-1,1,0,1,0,1,1,0,0,0,0,0,1,0,0,0,1.2271414458407,1,,,1,0,1,,,,,,0.08168754245510551,39,0.39,0.385,0.0050000000000000044,-0.48,-0.41269230769230764,-0.675,1.065,0.18250000000000005,0.87,2,4,0.10256410256410256,1.0138698974358975,1.00895,1.24415,Draw,4,0.0,0.6666666666666666,0.3076923076923077,0.72,1,0,1.6605542863584257,0.415,0.24,-0.23207500000000003,1,Draw,-1.31,-2.1024358974358974,39.0,8.0,8.0,0.2564102564102564,1.0,0.125,0.8873318090337884,4.875,0.8974358974358975,0.7927032415695955,0.1048571126721608,0.9675,0.6,1.0,2.0,0.38800000000000007,0.0020000000000000018,1.0,0.24470109837730983,0.5795009378582476,0.33479983948093767,0.9529063106526865,2.0,0.5714285714285714,0.3393386798515752,1.0,5,0.2990573865490441,0.002,0.0027386127875258306,5,0.016744000000000002,0.022927666257166256,0.002,0.0027386127875258306,5,0.016744000000000002,0.022927666257166256,0.0,0.0
3642,3,13,1,3,1,late,late_r2-4,1,0-1,0,1,0,1,1,-1,0,0,0,0,0,1,0,0,0,1.311383678562458,0,,,0,1,-1,,,,,,0.08168754245510551,43,1.05,0.955,0.09500000000000008,0.285,0.3381395348837209,-0.3,1.35,0.42499999999999993,0.7650000000000001,5,11,0.2558139534883721,1.1725490465116282,1.18322,1.05238,Hit,5,0.18604651162790697,0.6511627906976745,0.13953488372093023,0.16500000000000004,2,1,1.6036199469138075,0.17,0.41,0.52381,1,Hit,0.13,0.5766279069767442,43.0,9.0,9.0,0.20930232558139536,3.0,0.3333333333333333,0.8832754746821729,4.777777777777778,0.8837209302325582,0.7041573658956436,0.15793537258213514,0.89625,0.2,1.0,6.0,0.9319999999999998,0.11800000000000004,1.0,0.5722136433358427,0.7058036373471497,0.133589994011307,1.0377115841434301,1.8,0.6977707945001418,0.5467970599596064,1.0,5,0.1465424248553096,0.3600000000000001,0.0,5,0.3937,0.0,0.37800000000000006,0.04024922359499618,5,0.412416,0.04185024826688606,0.01799999999999996,0.01871600000000001
3098,1,14,0,2,0,late,late_r2-4,2,2-4,2,0,1,0,1,1,0,0,0,0,0,1,0,0,0,1.4552478077976958,1,,,1,0,1,3.554092648271848,3.554092648271848,1.760125,0.24465000000000003,,0.08168754245510551,39,0.25,0.23,0.01999999999999999,-0.53,-0.4525641025641026,-0.685,0.935,0.16999999999999998,0.78,4,5,0.1282051282051282,0.9812725384615383,0.969072,1.30288,Draw,4,0.0,0.6666666666666666,0.3076923076923077,0.615,1,0,1.5350686325115537,0.5,0.255,-0.40144,1,Draw,-1.485,-2.1212820512820514,39.0,8.0,8.0,0.43589743589743596,3.0,0.375,0.7505546735988161,4.875,0.8974358974358975,0.55224067707849,0.13995818332670884,0.8949999999999999,0.4,1.0,2.0,0.238,0.011999999999999993,1.0,0.3184182251070281,0.37360219314544024,0.05518396803841208,0.9105895645740059,1.0,0.21641506312332082,0.37181049945939987,1.0,5,0.3234011160121949,0.00399999999999998,0.008944271909999114,5,0.0055109999999999795,0.012322970624001296,0.01199999999999994,0.010954451150103267,5,0.01653299999999994,0.015092495072054797,0.007999999999999959,0.01102199999999996
2170,0,14,0,2,0,late,late_r2-4,1,0-1,0,1,0,0,0,0,0,0,0,0,0,0,0,0,0,,-1,,,0,0,0,,,,,,0.0,37,-0.08,-0.175,0.09499999999999999,-0.705,-0.6798648648648649,-0.96,0.88,0.17000000000000004,0.625,3,6,0.16216216216216217,0.6416557297297296,0.668655,0.961041,Draw,4,0.10810810810810811,0.7027027027027027,0.16216216216216217,0.6050000000000001,1,0,1.2909533985825128,0.505,0.0,-0.5605205,1,Draw,-1.08,-1.385135135135135,37.0,8.0,8.0,0.2702702702702703,1.0,0.125,0.9010875547303655,4.625,1.0,0.5465142527490732,0.10842605020575066,0.6175,0.8,1.0,10.0,-0.11299999999999999,0.032999999999999995,1.0,0.509029152930608,0.8615392495921708,0.35251009666156274,0.5244856492390545,1.8,0.45848830269092994,0.4574311397107678,1.0,5,0.09090776904657594,0.1859999999999999,0.046957427527495585,5,0.16567150000000003,0.03616169133212659,0.2279999999999999,0.057510868538042444,5,0.19801549999999998,0.044288845999867724,0.04200000000000001,0.032343999999999956
5040,1,13,1,3,1,late,late_r2-4,2,2-4,1,1,1,1,2,0,0,0,0,0,0,0,2,0,2,1.1748515527678385,1,1.1955788155115488,0.020727262743710284,1,0,1,1.2211478452509363,1.2211478452509363,0.4603905,0.40105000000000146,1.2211478452509363,0.16337508491021102,49,1.53,1.505,0.025000000000000133,0.975,1.0259183673469388,0.655,0.875,0.375,0.555,10,22,0.4489795918367347,1.266610755102041,1.28759,1.33383,Hit,6,0.16326530612244897,0.5714285714285714,0.24489795918367346,0.025000000000000133,4,1,1.9133205510399773,0.175,0.64,0.863085,1,Hit,-0.41500000000000004,-0.38622448979591834,49.0,10.0,10.0,0.32653061224489793,2.0,0.2,0.8455676942686102,4.9,0.7551020408163265,0.3690720325179174,0.18491923958533088,0.59375,0.6,1.0,4.0,1.518,0.01200000000000001,1.0,0.3108539332838731,0.39721677258790666,0.08636283930403352,1.1108056032399214,2.8,0.33575757575757575,0.2481601154673772,1.0,5,0.2498025058862395,0.31000000000000005,0.3587478222930419,5,0.2660437,0.2731966175732233,0.655,0.0,5,0.48792849999999993,0.0,0.345,0.22188479999999994
1376,2,13,1,3,1,late,late_r2-4,1,0-1,0,1,0,0,0,0,0,0,0,0,0,0,0,0,0,,-1,,,0,0,0,,,,,,0.0,37,1.275,1.265,0.010000000000000009,0.78,0.7774324324324324,0.22,1.055,0.615,0.4949999999999999,15,19,0.5135135135135135,1.0836659999999998,1.08628,1.00468,Draw,4,0.10810810810810811,0.7027027027027027,0.16216216216216217,0.695,1,0,1.4704018585103222,0.13,0.55,0.7726599999999999,1,Draw,0.2749999999999999,0.07081081081081081,37.0,8.0,8.0,0.21621621621621623,1.0,0.125,0.9164885091857412,4.625,1.0,0.9308180375662174,0.08745080405617128,0.8675,0.0,1.0,8.0,1.2529999999999997,0.021999999999999974,1.0,0.6006878864630281,0.8050836793841644,0.2043957929211362,0.9876526646152399,2.4,0.7285714285714286,0.5033064650377609,1.0,5,0.09478730697998973,0.13799999999999987,0.03850324661635694,5,0.1933809999999999,0.06612985477452678,0.09699999999999995,0.07965550828411049,5,0.15452399999999997,0.10065987988021838,-0.040999999999999925,-0.03885699999999992
1277,5,14,0,2,0,late,late_r2-4,5,5-8,3,2,3,2,5,1,0,0,0,0,1,4,1,1,5,0.5985509332297901,1,0.6472207659840649,0.04866983275427472,1,0,1,0.3569041198841076,0.5285901855791914,0.295432643246646,0.5450193405742598,0.5285901855791914,0.40843771227552755,71,0.32,0.19,0.13,-0.76,-0.6628873239436621,-1.67,1.99,0.7799999999999999,1.08,5,16,0.22535211267605634,1.301121929577465,1.31315,1.69635,Draw,6,0.22535211267605634,0.4225352112676056,0.3380281690140845,0.17500000000000002,5,0,2.3327236083741156,0.425,0.315,-0.52132,0,Draw,-1.135,-1.3090140845070422,71.0,15.0,10.0,0.19718309859154928,4.0,0.26666666666666666,0.8811416691960561,4.733333333333333,0.6901408450704225,0.5803003419749169,0.27896307890554684,1.7053571428571428,1.0,1.0,7.0,0.32,0.0,1.0,0.45655477141042305,0.48821987362759733,0.031665102217174224,1.1145013386238534,1.2,0.5786258701888594,0.47647138854390947,0.9399999999999998,5,0.10095380204295928,0.076,0.169941166289984,5,0.061423000000000005,0.12201775739620854,0.0,0.0,5,0.006855,0.0,-0.076,-0.054568000000000005
3397,5,12,0,4,0,late,late_r2-4,1,0-1,1,0,1,0,1,1,0,0,0,0,0,1,0,0,1,0.9631728580940184,1,,,1,0,1,,,,,,0.08168754245510551,39,-0.12,-0.13,0.010000000000000009,-0.39,-0.3807692307692307,-0.58,0.45999999999999996,0.16749999999999998,0.27,18,39,1.0,1.3403194871794872,1.33417,1.45451,PreGuard,4,0.0,0.6666666666666666,0.3076923076923077,0.010000000000000009,4,0,2.0256779113003525,0.605,0.19,-0.847255,1,PreGuard,-1.23,-2.0853846153846147,39.0,8.0,8.0,0.3076923076923077,2.0,0.25,0.8302304963755276,4.875,0.8461538461538461,0.24739378563071163,0.10523329279799729,0.3625,0.2,1.0,10.0,-0.159,0.03900000000000001,1.0,0.0992667604428994,0.018818816761632863,-0.08044794368126655,1.258720921976782,5.0,0.15714285714285717,0.13343158046549305,1.0,5,0.3920718031302621,0.096,0.09476286192385706,5,0.12331599999999995,0.03803910494478024,0.23199999999999998,0.20897368255356938,5,0.22400299999999995,0.13461410409017333,0.13599999999999998,0.100687
2571,6,12,0,4,0,late,late_r2-4,1,0-1,0,1,0,1,1,-1,0,0,0,0,0,1,0,0,0,1.5385830364331967,0,,,0,1,-1,,,,,,0.08168754245510551,43,-0.49,-0.545,0.05500000000000005,-1.215,-1.123139534883721,-1.45,0.96,0.23249999999999993,0.7250000000000001,4,9,0.20930232558139536,1.4071660465116278,1.41929,1.22878,Hit,5,0.18604651162790697,0.6511627906976745,0.13953488372093023,0.31000000000000005,2,1,1.8058853027614723,0.675,0.065,-1.10439,1,Hit,-1.29,-0.9895348837209301,43.0,9.0,9.0,0.20930232558139536,2.0,0.22222222222222224,0.9018315956954531,4.777777777777778,0.9069767441860466,0.709764618797714,0.12322810273006721,0.6208333333333332,0.0,1.0,6.0,-0.658,0.16800000000000004,1.0,0.2267672456964338,0.34371069347895145,0.11694344778251767,1.3309177498106284,1.6,0.3766666666666667,0.2905742791214378,1.0,5,0.16736985712881094,0.233,0.13198484761517135,5,0.231659,0.15677185949653086,0.16899999999999998,0.1348332303254654,5,0.133604,0.08757993615834632,-0.06400000000000003,-0.098055
6257,4,13,1,3,1,late,late_r2-4,3,2-4,3,0,3,0,3,3,0,0,0,0,1,2,1,0,1,1.1591007671445306,1,1.5432375398492597,0.3841367727047291,3,0,3,1.0778596224198402,1.5938622794712851,0.8886488468534739,1.0964582628728825,1.5938622794712851,0.2450626273653165,51,2.93,2.895,0.03500000000000014,2.155,2.0455882352941175,0.37,2.56,0.7274999999999998,0.7750000000000004,7,17,0.3333333333333333,1.695807647058824,1.71988,1.64776,Draw,4,0.0,0.5098039215686274,0.47058823529411764,0.30500000000000016,2,0,1.757150635966803,0.12,0.835,2.14434,0,Draw,-0.06999999999999984,-0.5545098039215686,51.0,11.0,10.0,0.27450980392156865,1.0,0.09090909090909091,0.8869242785908813,4.636363636363637,0.803921568627451,0.6131643191859998,0.3301661315040356,1.499583333333333,0.4,1.0,3.0,2.869,0.061000000000000124,1.0,0.5831770312374351,0.6375347335842994,0.05435770234686429,1.645842077897641,2.8,0.4981818181818182,0.4951149555418203,0.9800000000000001,5,0.15146471829907202,0.26300000000000023,0.09162423260251633,5,0.3764540000000002,0.11285700999494906,0.6650000000000003,0.21020823009577905,5,0.7081110000000003,0.16721675863232136,0.402,0.3316570000000001
7400,3,13,1,3,1,late,late_r2-4,1,0-1,0,1,0,0,0,0,0,1,1,0,0,0,0,0,0,,-1,,,0,0,0,,,,,,0.0,45,1.16,1.16,0.0,0.635,0.6154444444444445,-0.495,1.6549999999999998,0.77,0.5249999999999999,16,21,0.4666666666666667,1.1194863111111113,1.12959,1.15948,Draw,6,0.13333333333333333,0.7111111111111111,0.13333333333333333,0.21499999999999997,2,0,1.4556502071395583,0.2,0.565,0.60478,0,Draw,0.15999999999999992,0.21555555555555558,45.0,9.0,9.0,0.4444444444444445,2.0,0.22222222222222224,0.7962011853182482,5.0,0.8222222222222222,0.826270150183635,0.16408494411947588,0.9994999999999999,0.0,1.0,20.0,1.025,0.13499999999999993,1.0,0.6050864911698222,0.6871172472413608,0.08203075607153873,1.0113269326684657,2.0,0.7321208964715773,0.5234929494895146,1.0,5,0.138267101938078,0.3969999999999999,0.3503498251747816,5,0.418375,0.33519257645792216,0.8640000000000001,0.19863282709562388,5,0.8167583,0.1500656388866219,0.4670000000000002,0.39838330000000005
7403,0,12,0,4,0,late,late_r2-4,1,0-1,0,1,0,1,1,-1,0,0,0,0,0,1,0,0,0,1.3099959535815373,0,,,0,1,-1,,,,,,0.08168754245510551,43,-0.525,-0.585,0.05999999999999994,-1.13,-1.0819767441860464,-1.445,0.92,0.27,0.6049999999999999,5,14,0.32558139534883723,1.4123904651162793,1.42517,1.15299,Hit,5,0.18604651162790697,0.6511627906976745,0.13953488372093023,0.33499999999999996,3,1,1.729205857304063,0.665,0.02,-1.101495,1,Hit,-0.7150000000000001,-0.9046511627906977,43.0,9.0,9.0,0.23255813953488375,3.0,0.3333333333333333,0.8753498564510581,4.777777777777778,0.8837209302325582,0.7726831224167563,0.10073267294615278,0.7625000000000001,0.4,1.0,6.0,-0.6659999999999999,0.14099999999999996,1.0,0.2036492155154448,0.3804605703618565,0.1768113548464117,1.3085664425608683,2.0,0.5366666666666667,0.311968133749866,1.0,5,0.2881495301864788,0.389,0.024596747752497705,5,0.45275500000000013,0.07592568817600549,0.4,0.0,5,0.48671000000000025,0.0,0.01100000000000001,0.033955000000000124
4811,5,13,1,3,1,late,late_r2-4,2,2-4,2,0,2,0,2,2,0,0,0,0,0,2,0,0,0,1.2443763765035072,1,1.323202452725961,0.07882607622245374,2,0,2,2.3609926730297155,2.3609926730297155,1.150195,0.2657500000000006,2.3609926730297155,0.16337508491021102,45,2.035,1.995,0.040000000000000036,1.405,1.4731111111111113,0.55,1.485,0.5999999999999999,0.6300000000000001,15,19,0.4222222222222222,1.3413904444444442,1.33932,1.33932,Draw,4,0.0,0.5777777777777777,0.4,0.040000000000000036,2,0,1.67012095399621,0.135,0.795,1.3653400000000002,1,Draw,0.040000000000000036,-0.14855555555555558,45.0,9.0,9.0,0.2444444444444444,2.0,0.22222222222222224,0.8837229164294212,5.0,0.8222222222222222,0.7100571192108294,0.1764708935910998,0.8037500000000002,0.0,1.0,8.0,1.95,0.0850000000000001,1.0,0.5393152305140163,0.679500723931459,0.14018549341744255,1.186727947095149,1.8,0.6733333333333333,0.44920283761943774,1.0,5,0.09453046430762604,0.1670000000000001,0.11771788309343663,5,0.18552100000000019,0.12871914841040566,0.45200000000000023,0.0794197708382491,5,0.42149100000000034,0.07816548618156226,0.28500000000000014,0.23597000000000015
5202,4,13,1,3,1,late,late_r2-4,1,0-1,1,0,1,0,1,1,0,0,0,0,0,0,1,0,1,0.8787665227129446,1,,,1,0,1,,,,,,0.08168754245510551,39,2.035,1.995,0.040000000000000036,1.52,1.524102564102564,0.69,1.3450000000000002,0.7174999999999998,0.5150000000000001,16,19,0.48717948717948717,1.401239487179487,1.39352,1.35786,Draw,4,0.0,0.6666666666666666,0.3076923076923077,0.1050000000000002,2,0,1.7051844886204797,0.135,0.78,1.35607,1,Draw,0.1100000000000001,-0.203974358974359,39.0,8.0,8.0,0.3333333333333333,1.0,0.125,0.869746219600881,4.875,0.8461538461538461,0.6369492396715782,0.20059895946487222,0.9825000000000002,0.4,1.0,3.0,1.968,0.06700000000000009,1.0,0.5698157826735443,0.5848634486208659,0.015047665947321676,1.1711675428431714,2.6,0.19047619047619052,0.4769754587346112,1.0,5,0.13953681804634696,0.5010000000000001,0.3930235361909006,5,0.4805210000000001,0.34715558890071174,0.8800000000000004,0.38013155617496447,5,0.854984,0.3164952976032977,0.37900000000000034,0.3744629999999999
4076,2,14,0,2,0,late,late_r2-4,1,0-1,0,1,0,1,1,-1,0,0,0,0,0,1,0,0,0,1.7156698407619129,0,,,0,1,-1,,,,,,0.08168754245510551,43,-0.77,-0.83,0.05999999999999994,-1.195,-1.2908139534883722,-1.935,1.165,0.5775000000000001,0.42500000000000004,8,26,0.6046511627906976,0.8034022790697676,0.879261,0.614085,Hit,5,0.18604651162790697,0.6511627906976745,0.13953488372093023,0.18999999999999995,2,1,0.6587536638759601,0.87,0.0,-1.0548435,0,Hit,-1.525,-1.455581395348837,43.0,9.0,9.0,0.3953488372093023,2.0,0.22222222222222224,0.8130407757931051,4.777777777777778,0.930232558139535,0.7614990051136887,0.1354875874149267,1.0875,0.0,1.0,6.0,-0.845,0.07499999999999996,1.0,0.6499982965816942,0.853839981579393,0.2038416849976988,0.6542167639711558,2.6,0.864828797614116,0.7152509791906653,1.0,5,0.0478639599457232,0.22799999999999992,0.09934787365615838,5,0.4365689,0.22402673577120208,0.39299999999999996,0.1482649655178188,5,0.6348851999999999,0.09018377787024676,0.16500000000000004,0.19831629999999995
1989,4,14,0,2,0,late,late_r2-4,1,0-1,0,1,0,1,1,-1,0,0,0,0,0,1,0,0,0,1.3160784395301082,0,,,0,1,-1,,,,,,0.08168754245510551,43,-0.68,-0.74,0.05999999999999994,-1.725,-1.4598837209302324,-1.94,1.2599999999999998,0.7525,1.045,6,15,0.3488372093023256,0.6811286279069768,0.59108,0.712461,Hit,5,0.18604651162790697,0.6511627906976745,0.13953488372093023,0.09999999999999998,2,1,0.784684243706794,0.825,0.0,-1.0362305,1,Hit,-1.61,-1.1501162790697674,43.0,9.0,9.0,0.18604651162790697,1.0,0.11111111111111112,0.9347535178154109,4.777777777777778,0.8604651162790697,0.9406976382367398,0.08928377475138645,1.0975000000000001,0.0,1.0,6.0,-0.8280000000000001,0.14799999999999996,1.0,0.7119045133676495,0.7852786129128233,0.07337409954517386,0.5514921256710387,1.2,0.6676729603883148,0.7623537382858064,1.0,5,0.1038035934140428,0.3049999999999999,0.1919635382045247,5,0.5410744999999999,0.14046627980586654,0.3049999999999999,0.1919635382045247,5,0.5410744999999999,0.14046627980586654,0.0,0.0
5846,4,14,0,2,0,late,late_r2-4,1,0-1,0,1,0,0,0,0,0,1,1,0,0,0,0,0,0,,-1,,,0,0,0,,,,,,0.0,45,-0.12,-0.185,0.065,-0.75,-0.7992222222222223,-1.795,1.6749999999999998,0.275,0.63,4,10,0.2222222222222222,0.6303794666666666,0.632376,0.930376,Draw,6,0.13333333333333333,0.7111111111111111,0.13333333333333333,0.525,1,0,1.397520139692261,0.5,0.0,-0.585188,1,Draw,-1.12,-1.250111111111111,45.0,9.0,9.0,0.4444444444444445,3.0,0.3333333333333333,0.7688599528978137,5.0,0.8666666666666668,0.7718559162495983,0.15760722948452208,1.1058333333333334,0.2,1.0,20.0,-0.17400000000000002,0.054000000000000006,1.0,0.609204652211738,0.7798990438020353,0.17069439159029726,0.42341905463061275,1.6,0.47177964309647746,0.5635660291467163,1.0,5,0.16760589198396275,0.299,0.4910880776398467,5,0.2867707999999999,0.46738403314680615,0.5319999999999999,0.581760259900932,5,0.5088169999999999,0.5529733204101033,0.23299999999999993,0.22204619999999997
8608,3,12,0,4,0,late,late_r2-4,2,2-4,2,0,2,0,2,2,0,0,0,0,0,1,1,0,2,0.9229858066779797,1,0.9533225000853596,0.030336693407379878,2,0,2,0.6941825576863784,0.6941825576863784,0.044707,0.3442000000000007,0.6941825576863784,0.16337508491021102,45,0.025,-0.015,0.04,-0.215,-0.2066666666666667,-0.48,0.505,0.175,0.24,25,44,0.9777777777777777,1.6054180000000002,1.6169,1.75624,PreGuard,4,0.0,0.5777777777777777,0.4,0.04,3,0,2.0563243890183966,0.64,0.28,-0.83731,0,Draw,-2.1,-2.880222222222222,45.0,9.0,9.0,0.3111111111111111,2.0,0.22222222222222224,0.8135908077909745,5.0,0.7777777777777778,0.28585642942248,0.10184320217725798,0.43,0.0,1.0,12.0,-0.03,0.05500000000000001,1.0,0.11165851223671722,0.04663092810496047,-0.06502758413175673,1.528955367310253,5.6,0.059999999999999984,0.12087936624130233,1.0,5,0.18151283821611477,0.13999999999999999,0.08223442101699263,5,0.08510799999999996,0.06348361329902388,0.194,0.08309632964216891,5,0.13935,0.023345235059857503,0.05400000000000002,0.05424200000000004
3045,2,9,1,7,1,mid,mid_r5-8,6,5-8,4,2,3,2,5,1,0,0,0,0,1,2,3,4,4,0.2782394119890306,0,0.3232173125066186,0.04497790051758799,0,1,-1,0.3199186497236415,0.7996933898044185,0.8269822851575958,0.6150990121291222,0.58694285192991,0.40843771227552755,71,1.025,1.01,0.014999999999999902,0.295,0.31021126760563383,-0.215,1.24,0.3275,0.73,5,16,0.22535211267605634,1.8872619718309862,1.88223,1.70715,Hit,6,0.22535211267605634,0.4225352112676056,0.3380281690140845,0.2499999999999999,3,1,2.512800967680012,0.265,0.41,0.17142499999999994,1,Hit,0.21499999999999986,1.0342253521126763,71.0,15.0,10.0,0.22535211267605634,6.0,0.4,0.8303432727400368,4.733333333333333,0.6901408450704225,0.7706766626250177,0.13082110071629433,0.8584375,0.0,1.0,4.0,0.8949999999999999,0.1299999999999999,1.0,0.28186861156666215,0.5324160186955588,0.25054740712889656,1.7362892419955203,5.0,0.5628571428571427,0.28198272413205516,0.96,5,0.1542624791559335,0.33599999999999985,0.16067824992823393,5,0.3840229999999999,0.1570153366951777,0.3419999999999998,0.10003749297138552,5,0.3883349999999999,0.09565268083017853,0.00599999999999995,0.0043119999999999825
5235,3,8,0,8,0,mid,mid_r5-8,7,5-8,4,3,4,3,7,1,0,0,0,0,1,4,3,5,7,0.22636273293985434,0,0.35483036630570214,0.1284676333658478,0,1,-1,0.3572763000480181,0.4480076433783794,0.3362629754818496,0.4326402676872445,0.4480076433783794,0.5718127971857385,87,0.395,0.335,0.06,-0.585,-0.5218965517241381,-1.155,1.55,0.47250000000000003,0.98,3,10,0.11494252873563218,1.9592625287356322,1.94663,2.13752,Freeze,6,0.27586206896551724,0.367816091954023,0.3448275862068966,0.06,4,0,2.7712392805104322,0.45,0.31,-0.642595,0,Hit,1.365,0.3271264367816092,87.0,18.0,10.0,0.25287356321839083,5.0,0.2777777777777778,0.813965756285034,4.833333333333333,0.7241379310344828,0.5903559984351887,0.1849810105792099,1.0650000000000002,0.0,1.0,14.0,-0.059,0.454,0.8,0.30032964094401926,0.414008610903801,0.11367896995978174,1.8369173713836453,4.0,0.37774542978182624,0.28363739052784565,0.9,5,0.15036479267074745,0.716,0.27405291459862274,5,0.656315,0.25912553982095243,0.628,0.09087078738516574,5,0.6180859999999999,0.10166567620145948,-0.08799999999999997,-0.03822900000000007
6131,1,7,1,9,1,mid,early_r9+,7,5-8,3,4,3,4,7,-1,0,0,0,0,1,5,2,4,7,0.1219281914079369,0,0.2287811681498266,0.1068529767418897,0,1,-1,0.3122065997130934,0.3622324343905889,0.3348324935113546,0.36473652721617356,0.3622324343905889,0.5718127971857385,91,0.94,0.94,0.0,0.225,0.24741758241758247,-0.35,1.29,0.33,0.715,8,21,0.23076923076923078,2.0395596703296706,2.03418,1.87787,Hit,6,0.3516483516483517,0.37362637362637363,0.26373626373626374,0.4099999999999999,3,1,2.6204122551980156,0.29,0.385,0.0010649999999999826,1,Hit,1.22,0.9954395604395605,91.0,19.0,10.0,0.26373626373626374,9.0,0.47368421052631576,0.7505567657771719,4.7894736842105265,0.6483516483516484,0.6525589384019419,0.17397668313241169,0.975,0.6,0.6,1.0,0.9259999999999999,0.013999999999999967,0.6,0.26757659519285826,0.523325647772402,0.2557490525795438,1.842705602867829,8.6,0.4978287115691236,0.23425435974672126,0.8800000000000001,5,0.12124326857003816,0.1549999999999999,0.15329709716755893,5,0.19214799999999993,0.18826131096829216,0.2339999999999999,0.12521980673998828,5,0.28356499999999984,0.15302531204019806,0.07900000000000001,0.09141699999999991
4532,1,7,1,9,1,mid,early_r9+,7,5-8,3,4,3,4,7,-1,0,0,0,0,1,5,2,5,7,0.30891430858572977,1,0.32034115599466784,0.011426847408938068,2,0,2,0.3031841997466213,0.4309894953105265,0.3069622454804054,0.4776255240504739,0.4309894953105265,0.5718127971857385,91,0.895,0.865,0.030000000000000027,0.41,0.4136263736263737,-0.075,0.97,0.23250000000000004,0.48500000000000004,9,49,0.5384615384615384,1.9975610989010983,2.01087,1.83684,Hit,6,0.3516483516483517,0.37362637362637363,0.26373626373626374,0.030000000000000027,5,1,2.575157775924957,0.31,0.395,-0.023419999999999996,1,Hit,-0.565,-1.29489010989011,91.0,19.0,10.0,0.17582417582417584,5.0,0.2631578947368421,0.8816502695866053,4.7894736842105265,0.6923076923076923,0.5298845414000601,0.13276781164577484,0.5149999999999999,0.0,0.6,5.0,0.701,0.19400000000000003,0.2,0.21557496971826012,0.20233425966313795,-0.01324071005512219,1.8799154435059797,9.4,0.18,0.20832164246474733,0.9199999999999999,5,0.15205103806727505,0.297,0.004472135954999583,5,0.341825,0.02234949943511039,0.244,0.11403946685248927,5,0.296999,0.07788448372429517,-0.05299999999999999,-0.04482599999999998
3292,1,9,1,7,1,mid,mid_r5-8,6,5-8,3,3,3,2,5,1,0,0,0,0,1,4,1,2,5,0.12854597211772442,0,0.4382419285397598,0.3096959564220354,0,1,-1,0.3452522809008444,0.7289786110363191,0.9000724515918681,0.36379056131241205,0.5854060840858015,0.40843771227552755,75,1.645,1.62,0.02499999999999991,0.83,0.8291333333333333,-0.185,1.83,0.48249999999999993,0.8150000000000001,8,16,0.21333333333333335,2.2163178666666674,2.22214,2.33858,Hit,6,0.26666666666666666,0.4,0.32,0.45999999999999996,2,1,2.863642767201017,0.29,0.49,0.5634000000000001,0,Hit,0.15999999999999992,2.0487333333333333,75.0,15.0,10.0,0.26666666666666666,4.0,0.26666666666666666,0.8465922010686804,5.0,0.7333333333333333,0.6862550363736784,0.20522057902403068,1.0375,0.4,1.0,6.0,1.569,0.07599999999999998,0.8,0.26141401059049985,0.35790601190924276,0.09649200131874286,2.0708667188613314,2.2,0.42499999999999993,0.25774901386680804,0.9800000000000001,5,0.21202145716723184,0.20000000000000004,0.1323820229487373,5,0.20460400000000015,0.09692464814225538,0.189,0.17640153060560443,5,0.21832000000000007,0.13279955981666508,-0.011000000000000038,0.013715999999999923
9633,1,10,0,6,0,mid,mid_r5-8,7,5-8,4,3,4,3,7,1,0,0,0,0,1,4,3,4,6,0.11573870004885917,0,0.2929572594355714,0.17721855938671222,0,1,-1,0.39561987352001965,0.537200875939047,0.23960903795251676,0.7557936839197996,0.537200875939047,0.5718127971857385,87,0.57,0.435,0.13499999999999995,-0.39,-0.34534482758620694,-1.08,1.65,0.445,0.96,4,10,0.11494252873563218,1.8160551724137932,1.81105,2.07487,Hit,6,0.27586206896551724,0.367816091954023,0.3448275862068966,0.22999999999999993,4,1,2.664252961995673,0.435,0.31,-0.46743500000000016,1,Hit,-2.25,0.29666666666666663,87.0,18.0,10.0,0.1839080459770115,6.0,0.3333333333333333,0.8386964930364158,4.833333333333333,0.6551724137931034,0.6572649786997903,0.19768474289034219,1.4775,0.4,1.0,2.0,0.489,0.08099999999999997,1.0,0.25168450908048257,0.2371027113477185,-0.014581797732764124,1.7192484319368824,2.4,0.15830753353973168,0.25471818363009147,0.96,5,0.15001476843953496,0.07299999999999995,0.1054514106117125,5,0.0450049999999999,0.06175102833151836,0.16999999999999996,0.17510711007837457,5,0.11016799999999986,0.12741025040199858,0.097,0.06516299999999997
5313,3,6,0,10,0,mid,early_r9+,6,5-8,3,3,3,3,6,0,0,0,0,0,1,4,2,4,6,0.35490496411856576,1,0.38450929960275315,0.029604335484187394,1,0,1,0.31211478055396663,0.38162536594093566,0.29646933876734344,0.4044800424275867,0.38162536594093566,0.490125254730633,81,-0.075,-0.085,0.010000000000000009,-0.59,-0.5942592592592594,-1.22,1.145,0.38,0.515,12,39,0.48148148148148145,2.066449135802469,2.06397,2.09031,PostGuard,6,0.2962962962962963,0.3950617283950617,0.2962962962962963,0.06000000000000001,5,0,2.7148164657431466,0.495,0.2,-1.120155,1,PostGuard,-1.075,-1.3090740740740743,81.0,17.0,10.0,0.22222222222222224,4.0,0.23529411764705882,0.8490042519064709,4.764705882352941,0.7037037037037037,0.4879239898323379,0.19123247947386965,0.7002777777777778,0.6,1.0,12.0,-0.10300000000000001,0.028000000000000004,0.8,0.180171421734786,0.11711633810659405,-0.06305508362819197,1.9342656627601358,6.4,-0.04705882352941175,0.1351932709193284,0.86,5,0.18535615676827452,0.8780000000000001,0.1500666518584325,5,0.8797609999999999,0.15219364020056822,0.881,0.1826677311404507,5,0.8576029999999999,0.2007063327538521,0.0029999999999998916,-0.02215800000000001
2130,6,7,1,9,1,mid,early_r9+,7,5-8,4,3,4,3,7,1,0,0,0,0,1,5,2,4,7,0.20486890882991482,1,0.2876310962952361,0.08276218746532127,2,0,2,0.31946502419044437,0.4057032101238614,0.31622903895623966,0.4346318376346978,0.4057032101238614,0.5718127971857385,87,1.34,1.305,0.03500000000000014,0.42,0.4714367816091954,-0.055,1.395,0.385,0.9200000000000002,8,12,0.13793103448275862,2.1237962068965524,2.10178,2.2191,Hit,6,0.27586206896551724,0.367816091954023,0.3448275862068966,0.535,1,1,2.7677979773374344,0.325,0.42,0.23045000000000004,1,Hit,-2.295,-0.9106321839080458,87.0,18.0,10.0,0.22988505747126436,7.0,0.3888888888888889,0.8114968699427232,4.833333333333333,0.7471264367816092,0.7876916145414902,0.1556325586830098,1.1325,0.0,1.0,10.0,1.277,0.06300000000000008,0.8,0.2257024845093965,0.41047400653625943,0.18477152202686287,1.8688925281031117,4.8,0.3510835913312694,0.1959838905443863,0.9199999999999999,5,0.20062134648533222,0.30800000000000005,0.22013064302818,5,0.299063,0.1751287095467216,0.186,0.16272676485446394,5,0.199486,0.12697658427836203,-0.12200000000000005,-0.09957700000000003
9218,5,10,0,6,0,mid,mid_r5-8,9,9-12,4,5,4,5,9,-1,0,0,0,0,1,6,3,5,8,0.2657821081563052,0,0.26690897553765675,0.0011268673813515373,0,1,-1,0.409494646813604,0.4848254045117069,0.32648323136304835,0.6270163027789768,0.4848254045117069,0.7351878820959495,107,0.945,0.88,0.06499999999999995,0.41,0.360607476635514,-0.825,1.77,0.3399999999999999,0.5349999999999999,12,47,0.4392523364485981,1.7333280373831776,1.73525,1.64681,Hit,6,0.37383177570093457,0.3364485981308411,0.2803738317757009,0.06499999999999995,5,1,2.3692868377532084,0.275,0.395,0.1215949999999999,1,Hit,0.825,0.850233644859813,107.0,22.0,10.0,0.2616822429906542,8.0,0.36363636363636365,0.7652241697454691,4.863636363636363,0.7289719626168224,0.8162462189155926,0.14544141619624376,1.585,0.2,1.0,12.0,0.8280000000000001,0.11699999999999995,0.8,0.2928667035763773,0.43402485127408746,0.14115814769771018,1.6629394112046298,6.0,0.4450592885375494,0.3008258864347173,0.9,5,0.09241502894351061,0.4539999999999999,0.26752102721094656,5,0.5634699999999999,0.2938425449113862,0.6249999999999999,0.2720753572082558,5,0.6471399999999999,0.30358164490792267,0.17099999999999999,0.08367000000000002
8265,7,10,0,6,0,mid,mid_r5-8,8,5-8,4,4,4,4,8,0,0,0,0,0,1,6,2,4,8,0.19538380272939487,1,0.30939837902613415,0.11401457629673928,2,0,2,0.3321574799338451,0.38815794653718877,0.4094872010508234,0.29785298282038325,0.38815794653718877,0.6535003396408441,97,0.975,0.95,0.025000000000000022,0.315,0.14128865979381444,-1.73,2.705,0.56,0.6599999999999999,15,28,0.28865979381443296,1.9808190721649486,1.96285,1.713,Draw,6,0.32989690721649484,0.35051546391752575,0.30927835051546393,0.030000000000000027,5,0,2.4866478821258124,0.28,0.435,0.11849999999999994,1,Draw,-0.9600000000000001,-1.3409278350515463,97.0,20.0,10.0,0.12371134020618557,6.0,0.3,0.9019914138942398,4.85,0.7319587628865979,0.8277356142416054,0.2587718021370569,2.06125,0.2,0.8,12.0,0.833,0.14199999999999996,0.6,0.4766462025755067,0.5529588114511842,0.07631260887567745,1.9516080840827978,11.2,0.5461654135338345,0.4691568988964431,0.9,5,0.0660566054302586,0.39499999999999996,0.2154065922853802,5,0.5132939999999999,0.23753599573012085,0.4119999999999999,0.47966915681540334,5,0.4977359999999999,0.518122301095504,0.01699999999999996,-0.015558000000000016
7644,2,9,1,7,1,mid,mid_r5-8,7,5-8,5,2,5,2,7,3,0,0,0,0,1,4,3,3,5,0.2666184253497868,1,0.3371879600460247,0.07056953469623789,1,0,1,0.38772104150406833,0.5850770111757128,0.3818513691330549,0.8097069517764437,0.5850770111757128,0.5718127971857385,83,1.705,1.675,0.030000000000000027,0.87,0.9104216867469881,0.415,1.29,0.3275000000000001,0.8350000000000001,5,13,0.1566265060240964,2.284972530120482,2.28908,2.45519,Hit,6,0.1927710843373494,0.3614457831325301,0.43373493975903615,0.33499999999999996,4,1,3.0066970845738004,0.295,0.53,0.501395,0,Hit,-0.43999999999999995,-0.04825301204819278,83.0,17.0,10.0,0.30120481927710846,8.0,0.47058823529411764,0.7256947605207541,4.882352941176471,0.6867469879518072,0.6030823199970975,0.18195829980534756,1.0575,0.2,0.6,2.0,1.611,0.09400000000000004,0.6,0.13826794050094496,0.055121454045910026,-0.08314648645503495,2.0188226818200676,9.4,0.07107843137254902,0.1422257234750119,0.9399999999999998,5,0.12250580606865152,0.546,0.40814213210596134,5,0.5616150000000001,0.36732425430401416,0.275,0.2707166415276313,5,0.2517729999999999,0.30556152699988276,-0.271,-0.3098420000000002
157,5,8,0,8,0,mid,mid_r5-8,6,5-8,3,3,3,3,6,0,0,0,0,0,1,4,2,4,6,0.18178258584363907,1,0.23317179315045672,0.05138920730681765,1,0,1,0.2901252549917043,0.3736751882961284,0.23256841352289342,0.4424877889087263,0.3736751882961284,0.490125254730633,81,0.215,0.06,0.155,-0.435,-0.43,-1.09,1.3050000000000002,0.33499999999999996,0.65,5,24,0.2962962962962963,2.012227160493827,2.01106,2.09733,Draw,6,0.2962962962962963,0.3950617283950617,0.2962962962962963,0.155,5,0,2.71652423666877,0.51,0.29,-0.833665,1,Draw,1.1,-1.1204938271604938,81.0,17.0,10.0,0.14814814814814814,5.0,0.29411764705882354,0.8950987772943464,4.764705882352941,0.7283950617283951,0.3239332919817855,0.19668593639521473,0.6699999999999999,0.2,1.0,12.0,0.014999999999999994,0.2,0.6,0.2349083958580927,0.08618671419987288,-0.14872168165821983,1.8399869827594926,7.2,0.11372549019607843,0.22349476000592766,0.9,5,0.20208717253470607,0.7390000000000001,0.5188255969013095,5,0.7193660000000002,0.5071433523102715,0.24500000000000002,0.13738631664034087,5,0.20103800000000005,0.11238444340743965,-0.4940000000000001,-0.5183280000000001
5808,2,8,0,8,0,mid,mid_r5-8,7,5-8,3,4,3,4,7,-1,0,0,0,0,1,4,3,5,7,0.06659101804778195,1,0.363510582086684,0.2969195640389021,1,0,1,0.29109694919048607,0.34739102911213543,0.24409568366674056,0.4431261404233908,0.34739102911213543,0.5718127971857385,91,0.49,0.39,0.09999999999999998,-0.015,-0.06214285714285714,-0.935,1.425,0.2625,0.505,11,43,0.4725274725274725,1.8027282417582418,1.79716,1.67329,PostGuard,6,0.3516483516483517,0.37362637362637363,0.26373626373626374,0.18,5,0,2.2217338408883847,0.305,0.2,-0.335885,0,PostGuard,-0.51,-1.094945054945055,91.0,19.0,10.0,0.26373626373626374,7.0,0.3684210526315789,0.8434806867983491,4.7894736842105265,0.7142857142857143,0.5852722204160875,0.16037652029288021,0.9324999999999999,0.4,0.8,4.0,0.344,0.146,0.8,0.1235003020739148,0.33730285657543646,0.21380255450152164,1.7113086532025172,8.0,0.3539311797192463,0.1447626534693327,0.8400000000000001,5,0.21302472815049805,0.32999999999999996,0.17815021751319873,5,0.364041,0.2145298185101549,0.325,0.1484503283930352,5,0.31733500000000003,0.14884624260457496,-0.004999999999999949,-0.04670599999999997
8545,3,11,1,5,1,mid,mid_r5-8,9,9-12,5,4,5,4,9,1,0,0,0,0,1,7,2,3,8,0.048278026468469154,0,0.36143698825665305,0.3131589617881839,0,1,-1,0.3250907550165156,0.5047388229056271,0.45311285292498465,0.5386000174205652,0.5047388229056271,0.7351878820959495,103,1.39,1.36,0.029999999999999805,0.5,0.5633009708737863,-0.04,1.43,0.44999999999999996,0.8899999999999999,6,19,0.18446601941747573,1.8460400000000001,1.83303,1.82973,Draw,6,0.3106796116504854,0.3300970873786408,0.34951456310679613,0.029999999999999805,4,0,2.573324355656188,0.255,0.525,0.47513499999999986,1,Draw,1.3699999999999999,1.2128640776699027,103.0,21.0,10.0,0.2524271844660194,8.0,0.38095238095238093,0.7933621861478005,4.904761904761905,0.6990291262135923,0.5341469243349499,0.21605957924270086,1.28,0.0,0.6,15.0,1.3350000000000002,0.054999999999999806,0.8,0.3072865292450297,0.4929543465804054,0.1856678173353756,1.7602557423034326,9.2,0.40545454545454546,0.2980609195176169,0.9,5,0.09803910557406723,1.222,0.08489699641330072,5,1.371075,0.09146966710336274,1.191,0.0693181073024934,5,1.3376750000000002,0.0746846704484929,-0.030999999999999917,-0.033399999999999874
8266,2,8,0,8,0,mid,mid_r5-8,8,5-8,4,4,4,4,8,0,0,0,0,0,1,7,1,5,8,0.24726249695414818,0,0.27922533174660114,0.03196283479245296,0,1,-1,0.30632009958375195,0.3565544038565618,0.2831574356666479,0.3454568747959002,0.3565544038565618,0.6535003396408441,97,0.12,0.12,0.0,-0.305,-0.3514432989690721,-1.055,1.1749999999999998,0.325,0.425,17,64,0.6597938144329897,1.9272843298969071,1.92883,2.12499,PostGuard,6,0.32989690721649484,0.35051546391752575,0.30927835051546393,0.08499999999999999,5,0,2.763032137274262,0.49,0.255,-0.741045,0,PostGuard,1.12,0.3525773195876289,97.0,20.0,10.0,0.26804123711340205,8.0,0.4,0.7104281797581421,4.85,0.6597938144329897,0.6747255550112813,0.14187741423001138,0.7995454545454546,0.0,1.0,22.0,-0.195,0.315,1.0,0.12885769068640163,0.1928110100425326,0.063953319356131,1.7447654512171973,5.4,0.1218045112781955,0.12430838532270391,0.8800000000000001,5,0.14854490853628108,0.48199999999999993,0.04221966366516908,5,0.600981,0.03818852615642554,0.43,0.07623975340988454,5,0.570176,0.06290863348937083,-0.051999999999999935,-0.03080499999999997
6112,0,9,1,7,1,mid,mid_r5-8,8,5-8,4,4,4,4,8,0,0,0,0,0,1,4,4,3,7,0.20866540173444909,0,0.24281077823070202,0.03414537649625293,0,1,-1,0.4405114090508896,0.6044139467849436,0.6519324042173462,0.5446945726735295,0.6044139467849436,0.6535003396408441,97,1.105,0.885,0.21999999999999997,0.02,0.11000000000000001,-0.405,1.51,0.45,1.085,2,10,0.10309278350515463,2.0288310309278357,2.02187,2.04792,Hit,6,0.32989690721649484,0.35051546391752575,0.30927835051546393,0.28,2,1,2.750005791778301,0.31,0.425,0.08104,1,Hit,0.7849999999999999,0.9811340206185567,97.0,20.0,10.0,0.26804123711340205,5.0,0.25,0.8056286015877616,4.85,0.7010309278350515,0.6586656241740352,0.18367671018125098,1.3175,0.6,0.6,1.0,1.004,0.101,0.6,0.2849426313507411,0.40228458796622923,0.11734195661548816,1.8735537868336707,9.4,0.33328580054799184,0.271795814760912,0.8799999999999999,5,0.08042556346781836,0.5429999999999999,0.0848969964133008,5,0.503029,0.011044825372091767,0.5119999999999999,0.08489699641330074,5,0.4989959999999999,0.011044825372091742,-0.031000000000000028,-0.004033000000000064
9280,6,11,1,5,1,mid,mid_r5-8,7,5-8,2,5,2,5,7,-3,0,0,0,0,1,6,1,2,6,0.1223642743001402,1,0.5643661566182032,0.44200188231806303,1,0,1,0.34010560160632375,0.47083052977607787,0.43587753594947715,0.3937739852105146,0.47083052977607787,0.5718127971857385,95,1.485,1.185,0.30000000000000004,0.585,0.5385789473684209,-1.1,2.585,0.42,0.9000000000000001,1,10,0.10526315789473684,1.7958465263157897,1.76748,1.59367,Draw,6,0.42105263157894735,0.37894736842105264,0.18947368421052632,0.30000000000000004,3,0,2.3322572903168193,0.17,0.575,0.6881650000000001,1,Draw,0.385,-0.07668421052631579,95.0,19.0,10.0,0.24210526315789474,8.0,0.42105263157894735,0.7667670536226844,5.0,0.6947368421052632,0.8114390359005202,0.19587457619990006,2.51,1.0,1.0,1.0,1.485,0.0,1.0,0.3432495570321564,0.6336728981295932,0.2904233410974367,1.5916969711643716,2.6,0.6393958783333946,0.31509381485148674,0.8800000000000001,5,0.13670030420982152,0.8840000000000001,0.032863353450309996,5,0.9278190000000002,0.03948258055775992,0.8840000000000001,0.032863353450309996,5,0.9278190000000002,0.03948258055775992,0.0,0.0
6350,2,6,0,10,0,mid,early_r9+,6,5-8,3,3,3,3,6,0,0,0,0,0,1,5,1,4,6,0.19879553094574282,1,0.2781480112745727,0.07935248032882991,1,0,1,0.3020010126489661,0.3727914429015693,0.33386386759027,0.26108568676458166,0.3727914429015693,0.490125254730633,81,-0.22,-0.275,0.05500000000000002,-0.74,-0.6983950617283949,-1.135,0.915,0.395,0.52,21,40,0.49382716049382713,2.0773107407407405,2.08192,2.02771,Hit,6,0.2962962962962963,0.3950617283950617,0.2962962962962963,0.08499999999999999,5,1,2.6428758925231777,0.59,0.175,-1.21124,0,Hit,-2.91,-1.5441358024691358,81.0,17.0,10.0,0.24691358024691357,7.0,0.4117647058823529,0.7844164469367472,4.764705882352941,0.7037037037037037,0.3586930616182096,0.1860302231552716,0.825,0.0,0.8,4.0,-0.31399999999999995,0.09400000000000001,0.4,0.05936832905461956,0.14836803430055384,0.08899970524593426,1.923354001336234,6.6,0.22745098039215686,0.09786883745863983,0.9199999999999999,5,0.26640664999544994,0.27799999999999997,0.22728286341033282,5,0.271151,0.25283962907345037,0.4109999999999999,0.1500166657408436,5,0.39421999999999996,0.11281402904780943,0.13299999999999995,0.12306899999999998
6128,3,9,1,7,1,mid,mid_r5-8,7,5-8,5,2,5,2,7,3,0,0,0,0,1,4,3,4,7,0.08080964024892036,1,0.31795263128963014,0.2371429910407098,1,0,1,0.32850788009422505,0.4452729864211123,0.3401224399926207,0.4379125660565173,0.4452729864211123,0.5718127971857385,83,1.34,1.185,0.15500000000000003,0.77,0.7299397590361446,0.03,1.31,0.2925000000000001,0.5700000000000001,3,32,0.3855421686746988,1.9455243373493976,1.94278,1.80953,PostGuard,6,0.1927710843373494,0.3614457831325301,0.43373493975903615,0.15500000000000003,5,0,2.6193838549895814,0.23,0.47,0.43523500000000004,1,PostGuard,0.32000000000000006,-0.09903614457831324,83.0,17.0,10.0,0.3373493975903614,5.0,0.29411764705882354,0.7613070327130479,4.882352941176471,0.7831325301204819,0.6342702048176403,0.14667869683875384,0.9213235294117649,0.0,1.0,17.0,1.068,0.2720000000000001,1.0,0.220002484384442,0.42597409893868105,0.2059716145542391,1.7507775767024008,4.2,0.42285078858816333,0.20850411979690747,0.96,5,0.17620241256158936,0.476,0.29350042589406916,5,0.582039,0.35744689875560537,0.49400000000000005,0.2607537152180195,5,0.6104609999999999,0.30525428325004716,0.01800000000000007,0.028421999999999947
1966,3,10,0,6,0,mid,mid_r5-8,10,9-12,5,5,5,5,10,0,0,0,0,0,1,7,3,7,10,0.08913323768135042,0,0.30636380838637217,0.21723057070502175,0,3,-3,0.3003264394504104,0.35303575808941595,0.27941167522093435,0.4717029658588124,0.35303575808941595,0.8168754245510551,113,-0.43,-0.475,0.044999999999999984,-1.42,-1.4236283185840706,-2.31,1.8800000000000001,0.5550000000000002,0.99,5,12,0.10619469026548672,1.8679977876106195,1.87002,1.8534,Hit,6,0.35398230088495575,0.3185840707964602,0.3185840707964602,0.27999999999999997,2,1,2.384920852591107,0.515,0.095,-1.3567,1,Hit,2.8,1.3385398230088494,113.0,23.0,10.0,0.23893805309734514,9.0,0.391304347826087,0.7329430067156968,4.913043478260869,0.6902654867256637,0.7876589529431725,0.1786119549238398,1.5933333333333335,0.6,0.6,1.0,-0.44799999999999995,0.017999999999999995,0.6,0.35446614631215134,0.3585049781235966,0.0040388318114452145,1.7273969995157816,8.2,0.30110002673114356,0.3015344671061054,0.9399999999999998,5,0.12847084314242826,0.288,0.2526756814574762,5,0.33510699999999993,0.30915205036518856,0.37500000000000006,0.2738612787525831,5,0.44469999999999993,0.33938258969413865,0.08700000000000008,0.109593
4424,7,11,1,5,1,mid,mid_r5-8,11,9-12,6,5,6,5,11,1,0,0,0,0,1,6,5,6,9,0.13920365354759914,1,0.24111545878014548,0.10191180523254634,3,0,3,0.30588566495506364,0.3621462678966102,0.3631463587684805,0.5640763382485564,0.3621462678966102,0.8985629670061606,119,2.45,2.365,0.08499999999999996,1.82,1.8228151260504206,0.895,1.5550000000000002,0.41999999999999993,0.6300000000000001,14,44,0.3697478991596639,1.5946187394957985,1.59449,1.35923,PreGuard,6,0.33613445378151263,0.3025210084033613,0.35294117647058826,0.08499999999999996,5,0,2.274816903305832,0.055,0.825,1.770385,1,PreGuard,-0.5499999999999998,-0.9941596638655463,119.0,24.0,10.0,0.36134453781512604,12.0,0.5,0.6640375594670955,4.958333333333333,0.6974789915966386,0.6959739013670567,0.1837169557602654,1.201764705882353,0.2,1.0,34.0,2.1950000000000003,0.2550000000000001,1.0,0.3142828891100118,0.41855109267947854,0.1042682035694668,1.5305293322784466,7.6,0.4337885605425379,0.3010910662239305,0.8400000000000001,5,0.07682142874431296,0.41100000000000014,0.25752184373369186,5,0.520391,0.3377598508074931,0.47300000000000014,0.2995955607147742,5,0.589481,0.37611785377724355,0.062,0.06908999999999998
8076,2,10,0,6,0,mid,mid_r5-8,7,5-8,3,4,3,4,7,-1,0,0,0,0,1,3,4,4,7,0.10696828932445357,0,0.25038836323000285,0.14342007390554928,0,4,-4,0.30714444093943594,0.5646476318141204,0.4490125342719524,0.49226778634132556,0.5646476318141204,0.5718127971857385,91,-0.37,-0.445,0.07500000000000001,-1.45,-1.3229670329670329,-2.125,1.755,0.5350000000000001,1.08,7,19,0.2087912087912088,2.0306850549450552,2.01405,1.90607,Hit,6,0.3516483516483517,0.37362637362637363,0.26373626373626374,0.24,3,1,2.5643935537542006,0.61,0.16,-1.285895,0,Hit,0.06,1.7065384615384618,91.0,19.0,10.0,0.24175824175824173,5.0,0.2631578947368421,0.7801310506039083,4.7894736842105265,0.7252747252747253,0.8003452432608512,0.18376734057747432,1.3470454545454547,0.8,0.8,2.0,-0.391,0.020999999999999998,0.8,0.2664116351199825,0.24857479085428932,-0.017836844265693205,1.7605989251934762,8.8,0.280895287374451,0.320507052671334,0.9,5,0.04346194025363458,0.755,0.06708203932499375,5,0.876597,0.05890250266329965,0.6930000000000001,0.3295754845251692,5,0.797791,0.3429725638881339,-0.061999999999999944,-0.07880599999999993
3453,4,8,0,8,0,mid,mid_r5-8,7,5-8,4,3,4,3,7,1,0,0,0,0,1,4,3,5,7,0.2340393103925068,0,0.3186209465214897,0.0845816361289829,0,2,-2,0.2959963839796031,0.4241165044658337,0.45235835931142976,0.2790309323793494,0.4241165044658337,0.5718127971857385,87,0.625,0.52,0.10499999999999998,-0.085,-0.08247126436781611,-1.055,1.68,0.35,0.71,8,22,0.25287356321839083,1.9153262068965522,1.91039,2.14578,PostGuard,6,0.27586206896551724,0.367816091954023,0.3448275862068966,0.10499999999999998,5,0,2.782787750205223,0.405,0.345,-0.44689999999999996,0,PreGuard,2.625,1.1129310344827588,87.0,18.0,10.0,0.25287356321839083,6.0,0.3333333333333333,0.8092089700115499,4.833333333333333,0.7241379310344828,0.6466830838273013,0.19021355710890092,1.065,0.2,0.8,20.0,0.426,0.19899999999999998,1.0,0.2050624764052007,0.44382340282101806,0.23876092641581734,1.7848331970657978,9.2,0.40192782346667927,0.20561105202381777,0.9199999999999999,5,0.14587950832780483,0.6519999999999999,0.27535431719876846,5,0.5674140000000001,0.31003428649909026,0.40099999999999997,0.2520267842908765,5,0.25876200000000005,0.29497640815834747,-0.25099999999999995,-0.30865200000000004
803,0,9,1,7,1,mid,mid_r5-8,7,5-8,2,5,2,5,7,-3,0,0,0,0,1,4,3,2,7,0.26088463596195177,1,0.5219853820951316,0.2611007461331798,1,0,1,0.30047910562299884,0.4897665136505963,0.32358707407952336,0.5899430525958616,0.4897665136505963,0.5718127971857385,95,1.155,1.085,0.07000000000000006,0.08,0.16031578947368424,-0.525,1.6800000000000002,0.6475,1.075,4,14,0.14736842105263157,1.9820223157894734,1.9969,1.8251,Hit,6,0.42105263157894735,0.37894736842105264,0.18947368421052632,0.33000000000000007,3,1,2.588021685520402,0.255,0.47,0.24245000000000005,1,Hit,0.28,-0.18157894736842106,95.0,19.0,10.0,0.23157894736842105,7.0,0.3684210526315789,0.7997244852784273,5.0,0.6736842105263158,0.6640621547637927,0.21935816636601818,1.0795,0.2,0.8,5.0,0.9199999999999999,0.23500000000000004,0.8,0.3320220000651676,0.26836664802706905,-0.0636553520380985,1.837751983513071,4.8,0.23789473684210524,0.33615696364779196,0.9800000000000001,5,0.18829130365149485,0.5349999999999999,0.4173278088026246,5,0.5698200000000001,0.44063028338676413,0.553,0.30466374907428684,5,0.586562,0.3483900689170115,0.018000000000000127,0.016741999999999924
2184,0,11,1,5,1,mid,mid_r5-8,9,9-12,4,5,4,5,9,-1,0,0,0,0,1,5,4,3,7,0.29347433610242524,1,0.3404776427843668,0.04700330668194158,1,0,1,0.36173688724756925,0.4943785033668547,0.5045128222309204,0.6398961217781102,0.4943785033668547,0.7351878820959495,107,1.27,1.205,0.06499999999999995,0.56,0.39317757009345794,-0.655,1.925,0.5599999999999999,0.71,6,20,0.18691588785046728,1.8054306542056073,1.81625,1.60533,Freeze,6,0.37383177570093457,0.3364485981308411,0.2803738317757009,0.06499999999999995,4,0,2.310350393376043,0.195,0.465,0.46733500000000006,1,Freeze,0.16999999999999993,-0.207803738317757,107.0,22.0,10.0,0.2336448598130841,8.0,0.36363636363636365,0.775803810997679,4.863636363636363,0.6822429906542056,0.6732124419378035,0.24418787639893275,1.2416666666666667,0.0,1.0,25.0,0.9690000000000001,0.30100000000000005,0.6,0.24392653315306934,0.316070932348016,0.0721443991949467,1.6409764190920568,6.0,0.3018633540372671,0.24315573983585342,0.9,5,0.11560191515459559,1.27,0.8166930267854624,5,1.4533610000000001,0.8981311467875948,1.8080000000000003,0.017888543819998333,5,2.0253680000000003,0.029634608905804726,0.5380000000000003,0.5720070000000002
6874,3,13,1,3,1,late,late_r2-4,8,5-8,3,5,3,5,8,-2,0,0,0,0,1,7,1,3,8,0.19772182738635902,1,0.3540746719685568,0.15635284458219778,1,0,1,0.32710274703982684,0.42091933748750265,0.4440627991646614,0.4056231978003123,0.42091933748750265,0.6535003396408441,101,1.135,1.105,0.030000000000000027,0.2,0.22683168316831684,-0.89,2.025,0.8,0.935,10,26,0.25742574257425743,1.7247989108910888,1.76635,1.16909,Hit,6,0.39603960396039606,0.3564356435643564,0.2376237623762376,0.050000000000000044,5,1,1.8441697932405936,0.135,0.32,0.550455,1,Hit,-0.02499999999999991,-0.5300495049504951,101.0,21.0,10.0,0.26732673267326734,6.0,0.2857142857142857,0.8093310976321376,4.809523809523809,0.6831683168316832,0.365697219247434,0.344732349634038,1.4224999999999999,0.0,1.0,27.0,1.059,0.07599999999999998,0.6,0.3286307712631853,0.1855750035422684,-0.14305576772091688,1.5689998120307496,7.2,0.23558348748861163,0.35998015025063934,0.9399999999999998,5,0.12832162131579475,0.42399999999999993,0.5672455376642465,5,0.563795,0.7007807190287842,0.37099999999999994,0.5288714399549289,5,0.499143,0.6521032284519835,-0.05299999999999999,-0.06465200000000004
4963,7,12,0,4,0,late,late_r2-4,6,5-8,4,2,4,1,5,3,0,0,0,0,1,5,0,2,3,0.3212339302688945,1,0.36116244458138264,0.03992851431248812,2,0,2,0.3243549422530799,0.6347901755164772,0.9522889538194713,0.507442980102744,0.5465061291951597,0.40843771227552755,71,1.42,1.3,0.11999999999999988,-0.175,0.0782394366197183,-0.93,2.35,0.8125,1.595,3,9,0.1267605633802817,1.7570776056338033,1.75925,1.6863,PostGuard,6,0.16901408450704225,0.39436619718309857,0.4225352112676056,0.385,2,0,2.4211257967643998,0.215,0.61,0.57685,1,PostGuard,-0.5800000000000001,-1.8906338028169016,71.0,15.0,10.0,0.19718309859154928,3.0,0.2,0.8785711169207747,4.733333333333333,0.7746478873239436,0.28109171918621023,0.40847073149651925,0.9033333333333333,0.2,1.0,12.0,1.2479999999999998,0.17199999999999993,1.0,0.5258531981813419,0.5463214087493533,0.020468210568011503,1.6560758474716706,4.4,0.5429171722452109,0.5062372134392903,0.9,5,0.16512871065822884,0.44699999999999995,0.27405747572361533,5,0.452282,0.3254076103251121,1.0530000000000002,0.3540762629716937,5,1.13997,0.3366628701312338,0.6060000000000002,0.6876879999999999
153,3,14,0,2,0,late,late_r2-4,11,9-12,5,6,5,6,11,-1,0,0,0,0,1,9,2,2,10,0.14704876606418477,0,0.34103316587246946,0.1939843998082847,0,3,-3,0.3288102763007858,0.47439778605428135,0.5205679645813919,0.5842043703028874,0.47439778605428135,0.8985629670061606,123,-1.805,-1.975,0.17000000000000015,-3.505,-3.440934959349594,-4.525,2.7200000000000006,0.30500000000000016,1.7,2,2,0.016260162601626018,0.9014828211382113,0.785478,0.941794,Hit,6,0.3902439024390244,0.3089430894308943,0.2926829268292683,1.0600000000000003,1,1,1.65309623975861,0.945,0.0,-2.275897,1,Hit,0.19500000000000006,-0.46398373983739843,123.0,25.0,10.0,0.3170731707317073,10.0,0.4,0.7012910630450154,4.92,0.7073170731707317,0.7433084726716616,0.17458886956300385,2.3099999999999996,0.4,1.0,3.0,-1.986,0.1810000000000001,1.0,0.3912089621239828,0.2631884538227937,-0.1280205083011891,0.7372285244383913,1.8,0.26547601678447474,0.42250812333879795,0.9400000000000001,5,0.04067768282507773,1.566,0.8756883007097903,5,1.7852713999999998,0.998578189382434,1.177,1.074642963965242,5,1.3428868,1.226302910533405,-0.389,-0.4423845999999998
4218,1,14,0,2,0,late,late_r2-4,8,5-8,4,4,4,4,8,0,0,0,0,0,1,5,3,6,7,0.09383409513112177,1,0.24111731322325156,0.1472832180921298,2,0,2,0.31078593972989876,0.5373590397971427,0.5297575987112423,0.5805261767353813,0.5373590397971427,0.6535003396408441,97,1.9,1.86,0.039999999999999813,1.2,1.1149484536082475,-0.565,2.465,0.375,0.7,11,25,0.25773195876288657,1.2045704639175256,1.26245,0.469042,PostGuard,6,0.32989690721649484,0.35051546391752575,0.30927835051546393,0.039999999999999813,5,0,0.5811884030780173,0.01,0.91,1.665479,1,PostGuard,-0.10000000000000009,-0.7255670103092782,97.0,20.0,10.0,0.18556701030927836,4.0,0.2,0.8764091359796735,4.85,0.6907216494845361,0.8489965218840949,0.17836385172297137,1.8530000000000002,0.0,1.0,12.0,1.85,0.049999999999999864,1.0,0.4772275430394787,0.3373002034990999,-0.1399273395403789,1.0978037699184173,4.6,0.24438697835521492,0.43294323998408435,0.9800000000000001,5,0.12147261179889896,0.944,0.6499557677257738,5,1.3985090000000002,0.8045954261381929,1.172,0.5365235316367774,5,1.6988790000000003,0.6701099733625818,0.22799999999999998,0.30037
7559,5,13,1,3,1,late,late_r2-4,10,9-12,4,6,4,6,10,-2,0,0,0,0,1,5,5,8,9,0.1738062180964758,1,0.33966707800580365,0.16586085990932783,2,0,2,0.303725159372746,0.4367568658245492,0.3938528069578913,0.5380199350395857,0.4367568658245492,0.8168754245510551,117,2.39,2.345,0.04499999999999993,1.29,1.2829914529914528,-0.085,2.475,0.4949999999999999,1.1,5,9,0.07692307692307693,1.4010743589743588,1.38333,1.42755,Hit,6,0.41025641025641024,0.3247863247863248,0.2564102564102564,0.05500000000000016,3,1,2.335518504208202,0.075,0.775,1.8051949999999999,0,Draw,-0.3599999999999999,-0.5223931623931624,117.0,24.0,10.0,0.24786324786324787,11.0,0.4583333333333333,0.7335628033013841,4.875,0.7094017094017094,0.4904516190097182,0.3006112008566362,1.6275,0.0,0.0,6.0,1.8,0.5900000000000001,0.0,0.3586881819550513,0.2306408899473384,-0.12804729200771287,1.1883506296606978,16.8,0.17872509466732353,0.35711731414698544,0.9,5,0.04066834078846791,0.85,0.0,5,0.9963599999999998,0.0,0.9610000000000001,0.2098034794754367,5,1.0961129999999997,0.2665581948796549,0.1110000000000001,0.09975299999999987
1556,4,14,0,2,0,late,late_r2-4,7,5-8,4,3,4,3,7,1,0,0,0,0,1,4,3,3,6,0.11155312564424141,1,0.26291562982067107,0.15136250417642966,1,0,1,0.361262525265216,0.5028152071189885,0.2677931029853907,0.6552565448676104,0.5028152071189885,0.5718127971857385,87,1.02,0.995,0.025000000000000022,0.59,0.3531609195402298,-2.455,3.475,0.49750000000000005,0.43000000000000005,22,50,0.5747126436781609,1.487518275862069,1.51116,1.13119,PostGuard,6,0.27586206896551724,0.367816091954023,0.3448275862068966,0.025000000000000022,5,0,0.9861419637212079,0.065,0.1,0.647815,0,PostGuard,0.020000000000000018,-0.3671839080459771,87.0,18.0,10.0,0.22988505747126436,7.0,0.3888888888888889,0.8118052981886329,4.833333333333333,0.7241379310344828,0.8081103700576101,0.2447645519731762,3.15125,0.0,0.6,4.0,0.8160000000000001,0.20400000000000001,0.6,0.27517358717782436,0.3006710750774417,0.02549748789961733,0.9524566502927131,8.4,0.19741378624918748,0.29602437560597505,0.9400000000000001,5,0.18206159327576468,0.39499999999999996,0.08930285549745876,5,0.8101079999999999,0.06272091244154542,0.341,0.1123276457511685,5,0.692593,0.12108634902415716,-0.05399999999999994,-0.11751499999999993
3490,3,13,1,3,1,late,late_r2-4,9,9-12,4,5,4,5,9,-1,0,0,0,0,1,5,4,3,8,0.36063637692418127,0,0.4861656088299564,0.12552923190577514,0,1,-1,0.40637137492200864,0.6062683396024446,0.6123731684344679,0.6461048901964773,0.6062683396024446,0.7351878820959495,107,0.62,0.59,0.030000000000000027,-0.31,-0.22976635514018695,-0.96,1.58,0.46749999999999997,0.9299999999999999,9,21,0.19626168224299065,1.5004227102803736,1.49479,1.55743,PostGuard,6,0.37383177570093457,0.3364485981308411,0.2803738317757009,0.030000000000000027,4,0,2.1057874230041684,0.33,0.2,-0.15871500000000005,1,PostGuard,0.69,0.5176635514018691,107.0,22.0,10.0,0.29906542056074764,8.0,0.36363636363636365,0.7595693369856608,4.863636363636363,0.6728971962616822,0.562721763595951,0.21258391974084917,1.3725,0.2,0.6,4.0,0.508,0.11200000000000002,0.6,0.3740892370926686,0.5008334573312251,0.12674422023855642,1.4796281577556858,8.4,0.5021412092271895,0.34875882049918905,0.9800000000000001,5,0.09902861533534861,0.29599999999999993,0.22148363370687232,5,0.3714439999999999,0.2937587944300561,0.36399999999999993,0.2034821859524808,5,0.4674199999999999,0.2612957235107379,0.068,0.095976
6731,2,14,0,2,0,late,late_r2-4,12,9-12,6,6,6,6,12,0,0,0,0,0,1,7,5,5,10,0.2933563027037216,0,0.3205880444448916,0.02723174174116999,0,1,-1,0.3154123486501408,0.44232333534649154,0.37745753894683715,0.7381994936536841,0.44232333534649154,0.980250509461266,129,1.115,1.07,0.04499999999999993,-0.42,-0.190968992248062,-0.84,1.955,0.695,1.535,6,16,0.12403100775193798,1.115114139534884,1.06696,1.16266,Hit,6,0.37209302325581395,0.29457364341085274,0.32558139534883723,0.37,2,1,1.8000341534201096,0.14,0.4,0.53367,1,Hit,-0.3400000000000001,0.19290697674418605,129.0,26.0,10.0,0.3023255813953488,11.0,0.4230769230769231,0.7084323883356523,4.961538461538462,0.6666666666666666,0.8791547925393812,0.16319336782932584,1.714375,0.0,0.0,2.0,1.062,0.052999999999999936,0.0,0.34815624925626876,0.504253791396098,0.15609754213982932,0.7116201452810762,23.6,0.4786579767354223,0.34543984926027654,0.8400000000000001,5,0.051851908093676104,0.4149999999999999,0.0,5,0.5246850000000001,0.0,0.4149999999999999,0.0,5,0.5246850000000001,0.0,0.0,0.0
4185,2,14,0,2,0,late,late_r2-4,7,5-8,4,3,4,3,7,1,0,0,0,0,1,4,3,4,7,0.12899291233614268,1,0.40424515532038163,0.27525224298423895,1,0,1,0.29486653758091985,0.5111677707681713,0.3028735031741517,0.601477209434727,0.5111677707681713,0.5718127971857385,87,1.46,1.365,0.09499999999999997,0.455,0.37120689655172406,-1.62,3.08,0.27749999999999997,1.005,4,7,0.08045977011494253,1.0491301264367814,0.971391,0.973858,Hit,6,0.27586206896551724,0.367816091954023,0.3448275862068966,0.09499999999999997,3,1,1.6207830470817857,0.075,0.57,0.973071,1,Hit,-0.3600000000000001,-0.5383333333333333,87.0,18.0,10.0,0.26436781609195403,8.0,0.4444444444444445,0.7336191584912541,4.833333333333333,0.6896551724137931,0.7911444829800447,0.19100303107922814,2.9875000000000003,1.0,1.0,2.0,1.46,0.0,1.0,0.4602805886580338,0.47075743681633425,0.010476848158300444,0.9313667469168486,1.0,0.500038354764019,0.48700745150653296,0.9400000000000001,5,0.05397402312742147,0.0,0.0,5,0.0,0.0,0.0,0.0,5,0.0,0.0,0.0,0.0
7344,3,13,1,3,1,late,late_r2-4,7,5-8,3,4,3,4,7,-1,0,0,0,0,1,4,3,5,7,0.16333422424084584,0,0.21694465636194074,0.0536104321210949,0,2,-2,0.29016204498652204,0.40340885421446654,0.2893652258768535,0.38866941674153427,0.40340885421446654,0.5718127971857385,91,1.32,0.98,0.3400000000000001,-0.88,-0.6586263736263736,-1.785,3.105,1.6600000000000001,2.2,1,4,0.04395604395604396,1.7187693406593405,1.70996,2.00938,Hit,6,0.3516483516483517,0.37362637362637363,0.26373626373626374,0.7250000000000001,1,1,2.574454681698173,0.3,0.525,0.31531,1,Hit,-0.45499999999999985,0.6387912087912088,91.0,19.0,10.0,0.48351648351648346,7.0,0.3684210526315789,0.6352309278036959,4.7894736842105265,0.6703296703296703,0.6051615197355158,0.48510852123678944,2.6875,0.0,0.0,2.0,0.978,0.3420000000000001,0.0,0.7153705974952036,0.40475017032666755,-0.310620427168536,1.4043232100381497,12.6,0.4244698150947591,0.7372498476741302,0.9800000000000001,5,0.07139778052371079,1.2530000000000001,0.5019412316197983,5,1.196733,0.4673584796037192,0.793,0.15205262246998563,5,0.517568,0.17377155073544112,-0.4600000000000001,-0.679165
3529,5,12,0,4,0,late,late_r2-4,8,5-8,5,3,5,2,7,3,0,0,0,0,1,3,4,2,7,0.2851048423776574,1,0.36260070327565597,0.07749586089799859,4,0,4,0.418299314209178,0.6162494460022219,0.8282711117411362,0.5071258742597837,0.49185987700410483,0.5718127971857385,87,3.04,2.815,0.2250000000000001,1.595,1.5170689655172416,-0.575,3.615,0.41999999999999993,1.445,2,2,0.022988505747126436,1.9936821839080459,1.97836,1.85159,PostGuard,6,0.22988505747126436,0.3448275862068966,0.41379310344827586,0.73,1,0,2.7913997710276788,0.055,0.83,2.114205,1,PostGuard,-0.96,-2.294712643678161,87.0,18.0,10.0,0.25287356321839083,8.0,0.4444444444444445,0.7867475844057557,4.833333333333333,0.7126436781609196,0.719910948969687,0.2852416031499943,2.3229545454545453,0.2,1.0,22.0,2.727,0.31300000000000006,1.0,0.3702689877844628,0.5678012405227694,0.19753225273830657,1.7917292785259211,4.4,0.4632933860447837,0.3338189174985221,0.9199999999999999,5,0.14272088279060602,0.881,0.7241667625623258,5,0.9382440000000001,0.7495952427260328,0.554,0.5607740186563568,5,0.6363320000000001,0.637606476182606,-0.32699999999999996,-0.30191199999999996
7293,1,13,1,3,1,late,late_r2-4,9,9-12,5,4,5,4,9,1,0,0,0,0,1,5,4,4,8,0.2601549919644044,0,0.366926403085141,0.10677141112073663,0,1,-1,0.3364800576928723,0.5037909531572171,0.510543731593516,0.5341631747733544,0.5037909531572171,0.7351878820959495,103,1.4,1.395,0.004999999999999893,0.19,0.2780097087378641,-0.87,2.27,0.9025000000000001,1.21,7,19,0.18446601941747573,1.629835436893204,1.63374,1.22474,Draw,6,0.3106796116504854,0.3300970873786408,0.34951456310679613,0.1499999999999999,3,0,2.0026842721787927,0.135,0.51,0.82954,0,Draw,-0.5,0.7438349514563105,103.0,21.0,10.0,0.3106796116504854,7.0,0.3333333333333333,0.7554598428657544,4.904761904761905,0.6893203883495146,0.4944717283513473,0.3884747809410401,2.01,0.6,1.0,6.0,1.3980000000000001,0.0019999999999999575,1.0,0.6206103870319033,0.7111848775050753,0.09057449047317205,1.4181982382449532,4.2,0.6667532467532468,0.6252737020370198,0.9800000000000001,5,0.07341162459948776,0.2849999999999999,0.23478713763747794,5,0.533306,0.18424305707407276,0.1799999999999999,0.0,5,0.45091000000000003,0.0,-0.10500000000000001,-0.08239599999999991
3407,2,12,0,4,0,late,late_r2-4,8,5-8,4,4,4,4,8,0,0,0,0,0,1,5,3,4,5,0.2109364783625616,0,0.3283161636045349,0.11737968524197331,0,2,-2,0.38699424673399196,0.66094378853624,0.6795416679682259,0.577407470942315,0.66094378853624,0.6535003396408441,97,-0.965,-1.075,0.10999999999999999,-1.995,-1.925360824742268,-2.425,1.46,0.40500000000000025,1.0300000000000002,6,12,0.12371134020618557,1.7699971134020616,1.75036,1.75036,Hit,6,0.32989690721649484,0.35051546391752575,0.30927835051546393,0.10999999999999999,4,1,2.3810838791788216,0.655,0.045,-1.84018,1,Hit,1.0300000000000002,0.09685567010309283,97.0,20.0,10.0,0.25773195876288657,8.0,0.4,0.7518313480301706,4.85,0.7216494845360825,0.5353430605665157,0.2257932091928308,1.0599999999999998,0.2,1.0,25.0,-1.133,0.168,1.0,0.3486174940826987,0.3596220511159565,0.011004557033257811,1.6571059075772805,6.6,0.2483059161928914,0.37896605158766855,0.9400000000000001,5,0.2583464890563495,0.571,0.4516414507106273,5,0.5625410000000001,0.43813636559295105,1.0230000000000001,0.038340579025361636,5,0.9713559999999999,0.06238012207426339,0.4520000000000002,0.4088149999999998
8160,6,13,1,3,1,late,late_r2-4,12,9-12,7,5,7,5,12,2,0,0,0,0,1,7,5,6,12,0.045318894649473605,1,0.3289315676930382,0.28361267304356463,2,0,2,0.29705668472910973,0.3498202875826697,0.40492401978423986,0.5030645245227825,0.3498202875826697,0.980250509461266,125,2.275,2.19,0.08499999999999996,1.685,1.6739600000000001,0.655,1.6199999999999999,0.3650000000000002,0.5899999999999999,20,46,0.368,1.336124376,1.3709,1.63382,Hit,6,0.32,0.288,0.384,0.08499999999999996,5,1,2.5393483371145598,0.09,0.735,1.7172684999999999,0,PostGuard,-0.29499999999999993,-0.37535999999999997,125.0,25.0,10.0,0.288,11.0,0.44000000000000006,0.7460440500421066,5.0,0.752,0.6144626745618876,0.18401656237033995,1.4949999999999999,1.0,1.0,1.0,2.275,0.0,1.0,0.31840455410037743,0.1795734013714821,-0.13883115272889532,1.1343084754553052,2.0,0.155662495244741,0.3315813523073984,0.82,5,0.1386372199148201,0.19499999999999998,0.26748831750190505,5,0.39169249999999994,0.18325875249902798,0.09299999999999996,0.20795432190748037,5,0.31817549999999994,0.13192130246855502,-0.10200000000000002,-0.073517
8793,3,13,1,3,1,late,late_r2-4,9,9-12,4,5,4,5,9,-1,0,0,0,0,1,6,3,4,7,0.16496959043714587,1,0.33553738297841124,0.17056779254126536,2,0,2,0.3583581557938916,0.46565681155244576,0.40465466960427277,0.6765651598741649,0.46565681155244576,0.7351878820959495,107,2.33,1.82,0.51,1.24,1.1601869158878504,-0.405,2.7350000000000003,0.26,1.09,1,1,0.009345794392523364,1.3917330280373832,1.31495,1.76099,Hit,6,0.37383177570093457,0.3364485981308411,0.2803738317757009,0.7250000000000001,1,1,2.642960028430985,0.085,0.705,1.449505,1,Hit,-0.33000000000000007,-0.5016355140186916,107.0,22.0,10.0,0.24299065420560745,7.0,0.3181818181818182,0.7939857419476032,4.863636363636363,0.6728971962616822,0.7995726644464912,0.1546036913686692,1.655,0.0,0.6,6.0,1.498,0.8320000000000001,0.6,0.39155907375503396,0.5376029885200144,0.14604391476498052,1.2543217582282935,8.8,0.5742785965199092,0.3857501082764733,0.9400000000000001,5,0.06644016247395147,1.101,0.10620734437881404,5,1.0412089999999998,0.18422216934994548,1.119,0.1806377590649308,5,0.9551270000000001,0.14503224057946562,0.018000000000000016,-0.08608199999999977
2330,3,14,0,2,0,late,late_r2-4,14,13-16,7,7,7,7,14,0,0,0,0,0,1,10,4,6,12,0.053447108793742946,0,0.38209623605709636,0.32864912726335344,0,1,-1,0.3096365634239637,0.3998338057717475,0.4078004262510342,0.5771369040092551,0.3998338057717475,1.143625594371477,145,3.19,2.995,0.19499999999999984,-0.825,-0.46186206896551724,-1.56,4.75,0.4049999999999999,4.015,2,4,0.027586206896551724,1.1990304413793105,1.16379,1.19746,Hit,6,0.38620689655172413,0.27586206896551724,0.3310344827586207,3.58,1,1,2.0424977009350798,0.02,0.91,2.5912699999999997,1,Hit,-0.79,-0.003137931034482762,145.0,29.0,10.0,0.31724137931034485,13.0,0.44827586206896547,0.6715054414393736,5.0,0.6620689655172414,0.9678046288410501,0.1659454309311748,4.645,1.0,1.0,1.0,3.19,0.0,1.0,0.5423564319535666,0.8029364147124687,0.26057998275890204,0.8233236037912259,1.4,0.8011175554861871,0.6211635327884193,0.9199999999999999,5,0.018149450306498584,0.038999999999999965,0.08720665112249172,5,0.054345999999999964,0.12152135030520349,0.11899999999999995,0.17833956375409238,5,0.1617699999999999,0.2405656993421962,0.07999999999999999,0.10742399999999995
4096,6,12,0,4,0,late,late_r2-4,8,5-8,4,4,4,4,8,0,0,0,0,0,1,3,5,2,5,0.06720884997982082,1,0.4402567632643468,0.373047913284526,2,0,2,0.44550495889945196,0.692405095311479,0.5418501492610273,0.882929012930824,0.692405095311479,0.6535003396408441,97,1.205,1.05,0.15500000000000003,0.005,0.02896907216494846,-1.335,2.54,0.5249999999999999,1.2000000000000002,2,10,0.10309278350515463,1.7175656701030926,1.71161,1.58839,PostGuard,6,0.32989690721649484,0.35051546391752575,0.30927835051546393,0.15500000000000003,3,0,2.2995183902808547,0.235,0.485,0.4108050000000001,1,PostGuard,-0.8399999999999999,-1.8198969072164948,97.0,20.0,10.0,0.18556701030927836,6.0,0.3,0.8436740477257963,4.85,0.6597938144329897,0.6798266925950273,0.26006398603371567,1.7600000000000002,0.4,1.0,16.0,0.9760000000000002,0.22900000000000004,1.0,0.48390865648566966,0.5751128146170246,0.09120415813135482,1.502849713885827,7.4,0.5141700122049535,0.4514814367468075,0.9800000000000001,5,0.05552493096903997,1.197,0.7331490298704623,5,1.279898,0.723970208810418,0.46900000000000003,0.16546903033498447,5,0.569737,0.181058896274113,-0.728,-0.7101609999999999
858,1,13,1,3,1,late,late_r2-4,11,9-12,6,5,5,5,10,0,1,0,1,1,1,6,4,6,9,0.16020890767994164,1,0.28695542386231426,0.12674651618237262,1,0,1,0.30886647686176794,0.5181150978609698,0.31703907010163446,0.7894441682036445,0.4402632506520171,0.8168754245510551,119,1.53,1.265,0.2650000000000001,0.07,0.17600840336134455,-1.06,2.59,0.755,1.46,1,11,0.09243697478991597,1.5105063865546218,1.49797,1.7202,Hit,7,0.33613445378151263,0.35294117647058826,0.3025210084033613,0.29000000000000004,4,1,2.501574499111965,0.155,0.54,0.67163,0,PostGuard,-0.6399999999999999,-0.6551260504201681,119.0,24.0,10.0,0.43697478991596644,12.0,0.5,0.6568235753002304,4.958333333333333,0.6050420168067226,0.6685360940602255,0.3071700255004141,2.435,1.0,1.0,1.0,1.53,0.0,1.0,0.6042486139428104,0.7381626405050989,0.13391402656228857,1.3937155963619445,1.8,0.7417593290781608,0.5849212212207361,0.96,5,0.13173697807374546,0.5429999999999999,0.33093806066996884,5,0.457217,0.40517998965891694,0.31700000000000006,0.07120393247567154,5,0.22917899999999997,0.04275522283885322,-0.22599999999999987,-0.22803800000000002
7433,0,13,1,3,1,late,late_r2-4,12,9-12,6,6,6,6,12,0,0,0,0,0,1,7,5,4,10,0.19929931284377272,1,0.21203212168207025,0.012732808838297527,3,0,3,0.32564408269765743,0.42964865392340285,0.4065449969159745,0.6977397813157541,0.42964865392340285,0.980250509461266,129,2.98,2.935,0.04499999999999993,2.015,1.8668217054263565,0.4,2.58,0.4750000000000001,0.9649999999999999,3,9,0.06976744186046512,1.4409222635658916,1.41347,1.603,Draw,6,0.37209302325581395,0.29457364341085274,0.32558139534883723,0.33499999999999996,4,0,2.4708653036896044,0.065,0.825,2.1785,1,Draw,-0.020000000000000018,-0.6333720930232557,129.0,26.0,10.0,0.26356589147286824,7.0,0.2692307692307692,0.757030778363803,4.961538461538462,0.6821705426356589,0.8213261977894696,0.20071437651130547,1.98,0.0,1.0,25.0,2.815,0.16500000000000004,0.4,0.36448395827183794,0.13627404825215234,-0.22820991001968563,1.3844192841117564,5.2,0.1972045312225426,0.35388965606065004,0.8800000000000001,5,0.0458156491146238,2.122,0.17217723426748394,5,2.154027,0.21913913393093432,2.1990000000000003,0.21087318463948912,5,2.252029,0.2683895304031064,0.0770000000000004,0.0980019999999997
5784,1,12,0,4,0,late,late_r2-4,8,5-8,5,3,5,3,8,2,0,0,0,0,1,4,4,4,8,0.23179707725724163,1,0.2793516616912109,0.04755458443396926,2,0,2,0.3352034263562936,0.40230491523409784,0.2400539502160491,0.5120778670036428,0.40230491523409784,0.6535003396408441,93,0.645,0.35,0.29500000000000004,-0.505,-0.48026881720430115,-1.195,1.84,0.55,1.15,1,3,0.03225806451612903,1.4873764516129035,1.47024,1.95166,Hit,6,0.25806451612903225,0.34408602150537637,0.3870967741935484,0.34,2,1,2.5479475347156937,0.43,0.325,-0.33082999999999996,1,Hit,-1.92,-1.9770967741935488,93.0,19.0,10.0,0.27956989247311825,7.0,0.3684210526315789,0.7790935004659506,4.894736842105263,0.6881720430107527,0.5395868196565254,0.23168614118265082,1.2249999999999999,0.4,1.0,4.0,0.45,0.195,1.0,0.4557653731964127,0.44225170438977124,-0.013513668806641465,1.2775350072147966,3.4,0.4960083478214468,0.44406483284904164,0.8400000000000001,5,0.14003323075045682,0.8160000000000001,0.13566502865514013,5,0.702018,0.19052866748208783,1.081,0.2639696952303427,5,0.889358,0.22911375926054722,0.2649999999999999,0.18733999999999995
7848,5,13,1,3,1,late,late_r2-4,9,9-12,5,4,5,4,9,1,0,0,0,0,1,4,5,7,8,0.19973841937894607,0,0.2712255729111839,0.07148715353223781,0,2,-2,0.3548839485817852,0.46104391604699857,0.3189864043889127,0.5612948676008546,0.46104391604699857,0.7351878820959495,103,-0.06,-0.25,0.19,-1.685,-1.4900000000000004,-2.295,2.235,0.7650000000000001,1.625,4,12,0.11650485436893204,1.3207981262135924,1.25928,1.59574,Draw,6,0.3106796116504854,0.3300970873786408,0.34951456310679613,0.21000000000000002,3,0,1.995664422698023,0.43,0.115,-0.8578699999999999,1,Draw,1.94,0.38635922330097083,103.0,21.0,10.0,0.23300970873786406,6.0,0.2857142857142857,0.7999101039471428,4.904761904761905,0.7378640776699029,0.6404588403765588,0.28851701646058886,1.5925,0.4,0.4,24.0,-0.202,0.142,1.0,0.5520778990500409,0.5768764322488882,0.02479853319884736,1.2196045857737914,11.8,0.56596029437817,0.5472085764506873,0.9400000000000001,5,0.11421999738326495,0.292,0.004472135954999588,5,0.28343099999999993,0.0010151748617847987,0.29,0.0,5,0.2838849999999999,0.0,-0.0020000000000000018,0.00045399999999995444
4599,4,13,1,3,1,late,late_r2-4,8,5-8,4,4,4,3,7,1,0,1,1,1,1,2,5,5,7,0.1962639419990334,0,0.2539804489911806,0.0577165069921472,0,1,-1,0.33953465078103506,0.5906597230011992,0.4702382905974693,0.7924127379994279,0.4020498850408269,0.5718127971857385,99,1.955,1.71,0.2450000000000001,-0.085,0.08111111111111112,-0.51,2.465,0.44999999999999996,2.04,2,5,0.050505050505050504,1.7609575757575755,1.75641,1.4673,Draw,8,0.30303030303030304,0.3838383838383838,0.30303030303030304,0.3800000000000001,2,0,2.3245432654884355,0.08,0.645,1.2213500000000002,1,Draw,0.03500000000000014,0.6690909090909091,99.0,20.0,10.0,0.1717171717171717,9.0,0.45,0.8215794176982772,4.95,0.6565656565656566,0.7560738962246746,0.243131397372701,1.8359999999999999,0.0,1.0,5.0,1.613,0.342,1.0,0.43655996665992625,0.49034995021667693,0.053789983556750666,1.581348958440367,3.4,0.5042650717994631,0.4670023376611936,0.8800000000000001,5,0.07408641524593125,0.765,0.691727908935298,5,0.8508210000000002,0.7324110238486311,0.7010000000000002,0.2549117494349761,5,0.7298140000000003,0.24940207793841654,-0.06399999999999983,-0.12100699999999986
3073,7,14,0,2,0,late,late_r2-4,12,9-12,6,6,6,6,12,0,0,0,0,0,1,6,6,5,11,0.07269130327796745,1,0.3425801181636203,0.2698888148856528,1,0,1,0.29642689925256477,0.3917725758073298,0.3494168708157214,0.6365373600692177,0.3917725758073298,0.980250509461266,129,1.06,1.05,0.010000000000000009,0.97,0.8162015503875969,-0.33,1.3900000000000001,0.26,0.09000000000000008,91,109,0.8449612403100775,0.6257677868217054,0.398873,0.237487,Draw,6,0.37209302325581395,0.29457364341085274,0.32558139534883723,0.010000000000000009,6,0,0.32744491915447627,0.0,0.06,1.0,0,PostGuard,0.06000000000000005,-0.15740310077519382,129.0,26.0,10.0,0.3023255813953488,9.0,0.34615384615384615,0.7423817552225747,4.961538461538462,0.6821705426356589,0.9195307709449791,0.07152365789776159,1.3199999999999998,0.0,0.6,39.0,0.9970000000000001,0.06300000000000008,0.4,0.4781804910217791,0.6638993164735634,0.18571882545178417,0.8143035806717924,10.2,0.751738955795245,0.5724102009354967,0.96,5,0.060066475270643814,0.22400000000000003,0.16299539870806168,5,0.5405635,0.39641974871025276,0.66,0.5798922313671739,5,1.1794394000000001,0.9250726582915932,0.436,0.6388759000000002
8359,0,13,1,3,1,late,late_r2-4,9,9-12,3,6,3,6,9,-3,0,0,0,0,1,6,3,4,8,0.1845649981144835,0,0.38771924879866354,0.20315425068418005,0,1,-1,0.30534993735712473,0.43428571234843066,0.5684905556575258,0.40606007887296786,0.43428571234843066,0.7351878820959495,111,0.085,0.01,0.07500000000000001,-1.025,-0.917072072072072,-1.42,1.505,0.4475,1.1099999999999999,4,10,0.09009009009009009,1.4452363063063067,1.36029,1.9073,Draw,6,0.43243243243243246,0.34234234234234234,0.21621621621621623,0.07500000000000001,2,0,2.458126833646872,0.4,0.225,-0.86865,1,Draw,-0.8200000000000001,0.0936036036036036,111.0,23.0,10.0,0.2702702702702703,6.0,0.2608695652173913,0.7593407469354643,4.826086956521739,0.6756756756756757,0.8326033487686585,0.1281864524891383,1.3083333333333333,0.8,0.8,1.0,0.004000000000000001,0.081,0.8,0.26121069639599004,0.23174013048741834,-0.029470565908571684,1.3707869818601481,6.8,0.11769299726654134,0.158259160675206,0.9199999999999999,5,0.023297510021403272,0.632,0.038013155617496415,5,0.600533,0.020679156655918084,0.6319999999999999,0.10733126291998986,5,0.5107119999999999,0.1272613368034455,-1.1102230246251565e-16,-0.08982100000000004
1464,1,14,0,2,0,late,late_r2-4,12,9-12,5,7,5,7,12,-2,0,0,0,0,1,8,4,7,12,0.15936475079039408,1,0.30023414366956996,0.14086939287917588,1,0,1,0.30419754206771676,0.33084422163477106,0.30434500171953466,0.5448254263599798,0.33084422163477106,0.980250509461266,133,2.45,2.185,0.2650000000000001,1.205,1.186466165413534,-0.12,2.5700000000000003,0.21499999999999986,1.245,1,8,0.06015037593984962,0.740145902255639,0.501971,1.39553,Hit,6,0.42105263157894735,0.3007518796992481,0.2706766917293233,0.8500000000000001,1,1,2.249216262670731,0.065,0.77,1.7522350000000002,1,Hit,-0.8999999999999999,-0.14387218045112782,133.0,27.0,10.0,0.2857142857142857,9.0,0.3333333333333333,0.7190560088401747,4.925925925925926,0.6992481203007519,0.7934109905603483,0.14324773507064567,2.2300000000000004,0.0,0.0,2.0,2.153,0.29700000000000015,0.0,0.4494713791283168,0.5191243333314007,0.06965295420308402,0.7747011485264985,24.6,0.3830077337673582,0.3535779505550263,0.8400000000000001,5,0.07749339042737911,0.46000000000000013,0.0,5,0.4496050000000002,0.0,0.46000000000000013,0.0,5,0.4496050000000002,0.0,0.0,0.0
