game_id,end,shot_num,method,depth,playouts,rollouts_per_visit,seed,candidate_idx,label,actual_total_sims,time_sec,arm,q_ref_mean,q_best,regret
7977,6,14,AllGrid,3,200,10,42,82,"Hit(CW,11,TOUCH)",234972,11180.4,A1,-3.775,-1.635,2.1399999999999997
3926,6,11,AllGrid,3,200,10,42,39,"Hit(CCW,0,STRONG)",61649,4623.64,A1,-1.615,0.425,2.04
3883,1,14,AllGrid,3,200,10,42,9,"Draw(CCW,S6)",223426,10111.9,A1,-0.67,-0.075,0.5950000000000001
9222,7,5,AllGrid,3,200,10,42,16,"Draw(CW,L3)",123676,5763.92,A1,1.13,1.315,0.18500000000000005
7881,2,15,AllGrid,3,200,10,42,80,"Freeze(CW,10)",207178,9540.91,A1,-1.0,1.72,2.7199999999999998
6406,1,10,AllGrid,3,200,10,42,41,"Freeze(CCW,7)",58314,3237.62,A1,-0.89,-0.385,0.505
8452,5,15,AllGrid,3,200,10,42,141,"PostGuard(CCW,15,0)",206021,9447.74,A1,1.0,1.935,0.935
1028,6,15,AllGrid,3,200,10,42,75,"Hit(CCW,8,WEAK)",205654,9498.27,A1,-3.115,1.0,4.115
2596,1,14,AllGrid,3,200,10,42,106,"PostGuard(CW,0,2)",239990,11803.3,A1,1.71,1.97,0.26
4748,1,3,AllGrid,3,200,10,42,42,"PostGuard(CW,3,0)",157164,7560.96,A1,0.75,0.985,0.235
9206,3,13,AllGrid,3,200,10,42,22,"Draw(CW,L6)",244957,10864.2,A1,-0.44,1.73,2.17
5859,1,6,AllGrid,3,200,10,42,40,"Freeze(CW,1)",118410,4837.23,A1,-0.36,-0.015,0.345
6871,4,5,AllGrid,3,200,10,42,66,"PostGuard(CW,5,1)",133221,6096.75,A1,0.71,1.32,0.6100000000000001
7163,3,13,AllGrid,3,200,10,42,78,"PostGuard(CW,11,0)",257114,10127.3,A1,0.655,2.465,1.8099999999999998
5807,0,8,AllGrid,3,200,10,42,29,"PreGuard(CCW,G4)",94657,4575.59,A1,-0.15,0.03,0.18
5567,2,15,AllGrid,3,200,10,42,0,"Draw(CW,TEE)",206223,7091.76,A1,1.535,1.93,0.395
2507,3,11,AllGrid,3,200,10,42,61,"Hit(CCW,8,MIDDLE)",55169,3011.86,A1,0.815,1.715,0.9000000000000001
7006,3,15,AllGrid,3,200,10,42,40,"Freeze(CW,2)",206999,10842.6,A1,-1.0,-0.97,0.030000000000000027
1984,6,4,AllGrid,3,200,10,42,44,"Hit(CW,3,WEAK)",145759,7277.13,A1,-0.54,-0.31,0.23000000000000004
1845,7,14,AllGrid,3,200,10,42,34,"Hit(CW,13,WEAK)",225319,11991.4,A1,0.145,1.44,1.295
5780,2,6,AllGrid,3,200,10,42,29,"PreGuard(CCW,G4)",112675,6366.52,A1,-0.51,-0.375,0.135
8645,7,5,AllGrid,3,200,10,42,63,"PostGuard(CCW,3,2)",133199,8209.25,A1,0.195,0.92,0.7250000000000001
6132,0,13,AllGrid,3,200,10,42,57,"Hit(CCW,12,MIDDLE)",251232,14179.4,A1,1.82,2.62,0.8
3339,4,10,AllGrid,3,200,10,42,43,"Hit(CCW,9,TOUCH)",63478,4223.52,A1,-0.705,-0.305,0.39999999999999997
3566,6,14,AllGrid,3,200,10,42,74,"Hit(CW,11,WEAK)",236457,10027.6,A1,0.445,1.01,0.565
5523,3,9,AllGrid,3,200,10,42,55,"Hit(CCW,4,WEAK)",83879,6266.96,A1,0.74,0.74,0.0
7015,5,14,AllGrid,3,200,10,42,116,"PostGuard(CW,4,1)",235834,11984.2,A1,-3.235,-1.135,2.0999999999999996
743,7,3,AllGrid,3,200,10,42,9,"Draw(CCW,S6)",158226,8744.7,A1,0.64,0.98,0.33999999999999997
1014,4,15,AllGrid,3,200,10,42,40,"Freeze(CW,10)",205356,9789.5,A1,0.825,3.325,2.5
3900,0,10,AllGrid,3,200,10,42,0,"Draw(CW,TEE)",58480,3686.87,A1,0.305,0.305,0.0
4543,6,5,AllGrid,3,200,10,42,2,"Draw(CW,S0)",133571,7073.48,A1,0.64,1.09,0.45000000000000007
9231,5,14,AllGrid,3,200,10,42,75,"Hit(CCW,13,WEAK)",231716,9168.89,A1,-0.335,2.025,2.36
1825,5,7,AllGrid,3,200,10,42,34,"Hit(CW,2,WEAK)",106399,5266.71,A1,0.505,0.865,0.36
4062,4,15,AllGrid,3,200,10,42,45,"Hit(CCW,4,WEAK)",206943,11517.7,A1,-1.895,-0.475,1.42
9882,2,11,AllGrid,3,200,10,42,65,"Hit(CCW,8,WEAK)",59019,4979.16,A1,0.3,1.295,0.9949999999999999
2998,6,14,AllGrid,3,200,10,42,55,"Hit(CCW,5,WEAK)",239583,14709.7,A1,1.92,2.895,0.9750000000000001
1555,2,3,AllGrid,3,200,10,42,49,"PostGuard(CCW,3,0)",159392,9645.24,A1,0.83,1.1,0.27000000000000013
4372,4,14,AllGrid,3,200,10,42,8,"Draw(CW,S6)",225271,12704.2,A1,-0.49,0.095,0.585
3732,7,7,AllGrid,3,200,10,42,25,"Draw(CCW,L7)",94528,5469.38,A1,0.535,1.125,0.59
3858,5,5,AllGrid,3,200,10,42,40,"Freeze(CW,0)",134654,7869.32,A1,0.885,0.885,0.0
1938,0,14,AllGrid,3,200,10,42,39,"Hit(CCW,9,STRONG)",230346,10315.8,A1,0.37,1.43,1.06
9112,3,9,AllGrid,3,200,10,42,59,"Hit(CCW,6,STRONG)",74318,4227.64,A1,0.305,0.76,0.455
4157,3,12,AllGrid,3,200,10,42,37,"Hit(CCW,3,MIDDLE)",42030,4181.61,A1,-1.71,-0.705,1.005
7373,1,11,AllGrid,3,200,10,42,33,"Hit(CCW,2,TOUCH)",54002,4745.58,A1,1.09,1.175,0.08499999999999996
7173,4,15,AllGrid,3,200,10,42,32,"Hit(CW,0,TOUCH)",205453,11893.9,A1,2.0,2.0,0.0
196,4,4,AllGrid,3,200,10,42,47,"PostGuard(CCW,2,2)",144778,9016.26,A1,-0.41,-0.22,0.18999999999999997
2630,2,14,AllGrid,3,200,10,42,56,"PostGuard(CW,10,2)",226294,11644.0,A1,-2.74,-1.07,1.6700000000000002
5731,2,10,AllGrid,3,200,10,42,29,"PreGuard(CCW,G4)",50647,3092.22,A1,-0.86,-0.555,0.30499999999999994
9518,4,5,AllGrid,3,200,10,42,44,"Hit(CW,2,WEAK)",133447,7516.64,A1,0.705,0.985,0.28
8211,7,12,AllGrid,3,200,10,42,45,"Hit(CCW,5,WEAK)",33847,2754.96,A1,-1.115,-0.815,0.30000000000000004
7977,6,14,AllGrid,3,200,10,43,115,"PostGuard(CCW,4,0)",236469,10549.7,A1,-3.645,-1.635,2.01
3926,6,11,AllGrid,3,200,10,43,39,"Hit(CCW,0,STRONG)",60779,4791.52,A1,-1.615,0.425,2.04
3883,1,14,AllGrid,3,200,10,43,28,"PreGuard(CW,G4)",224050,10709.7,A1,-0.74,-0.075,0.665
9222,7,5,AllGrid,3,200,10,43,10,"Draw(CW,L0)",123979,6040.86,A1,0.84,1.315,0.475
7881,2,15,AllGrid,3,200,10,43,81,"Freeze(CCW,10)",207058,9665.63,A1,-1.0,1.72,2.7199999999999998
6406,1,10,AllGrid,3,200,10,43,47,"Hit(CCW,9,MIDDLE)",58413,3374.4,A1,-0.68,-0.385,0.29500000000000004
8452,5,15,AllGrid,3,200,10,43,71,"Freeze(CCW,6)",205239,9859.15,A1,1.0,1.935,0.935
1028,6,15,AllGrid,3,200,10,43,102,"PostGuard(CW,1,0)",205313,9925.39,A1,0.99,1.0,0.010000000000000009
2596,1,14,AllGrid,3,200,10,43,5,"Draw(CCW,S2)",241201,12388.6,A1,1.435,1.97,0.5349999999999999
4748,1,3,AllGrid,3,200,10,43,35,"Hit(CCW,0,WEAK)",156192,7457.18,A1,0.88,0.985,0.10499999999999998
9206,3,13,AllGrid,3,200,10,43,0,"Draw(CW,TEE)",243678,10259.9,A1,0.27,1.73,1.46
5859,1,6,AllGrid,3,200,10,43,0,"Draw(CW,TEE)",118447,5248.67,A1,-0.015,-0.015,0.0
6871,4,5,AllGrid,3,200,10,43,3,"Draw(CCW,S0)",133393,6747.75,A1,0.625,1.32,0.6950000000000001
7163,3,13,AllGrid,3,200,10,43,29,"PreGuard(CCW,G4)",255646,10606.9,A1,-0.47,2.465,2.9349999999999996
5807,0,8,AllGrid,3,200,10,43,28,"PreGuard(CW,G4)",94557,4580.55,A1,-0.23,0.03,0.26
5567,2,15,AllGrid,3,200,10,43,94,"PostGuard(CW,3,1)",205867,7418.99,A1,-1.0,1.93,2.9299999999999997
2507,3,11,AllGrid,3,200,10,43,62,"Hit(CW,8,STRONG)",55192,3040.82,A1,1.715,1.715,0.0
7006,3,15,AllGrid,3,200,10,43,56,"Hit(CW,6,MIDDLE)",208218,10905.5,A1,-1.0,-0.97,0.030000000000000027
1984,6,4,AllGrid,3,200,10,43,42,"Hit(CW,3,TOUCH)",144933,6305.42,A1,-0.695,-0.31,0.38499999999999995
1845,7,14,AllGrid,3,200,10,43,18,"Draw(CW,L4)",226021,11986.1,A1,1.13,1.44,0.31000000000000005
5780,2,6,AllGrid,3,200,10,43,32,"Hit(CW,5,TOUCH)",112928,6353.6,A1,-0.65,-0.375,0.275
8645,7,5,AllGrid,3,200,10,43,51,"Freeze(CCW,2)",133589,8153.46,A1,0.75,0.92,0.17000000000000004
6132,0,13,AllGrid,3,200,10,43,0,"Draw(CW,TEE)",250410,10607.9,A1,1.78,2.62,0.8400000000000001
3339,4,10,AllGrid,3,200,10,43,6,"Draw(CW,S4)",63066,3601.0,A1,-0.655,-0.305,0.35000000000000003
3566,6,14,AllGrid,3,200,10,43,9,"Draw(CCW,S6)",235987,13247.0,A1,0.92,1.01,0.08999999999999997
5523,3,9,AllGrid,3,200,10,43,55,"Hit(CCW,4,WEAK)",84214,6215.33,A1,0.74,0.74,0.0
7015,5,14,AllGrid,3,200,10,43,46,"Hit(CW,3,MIDDLE)",234911,11924.1,A1,-3.285,-1.135,2.1500000000000004
743,7,3,AllGrid,3,200,10,43,35,"Hit(CCW,0,WEAK)",158464,6795.78,A1,0.505,0.98,0.475
1014,4,15,AllGrid,3,200,10,43,48,"PostGuard(CW,11,0)",205409,10213.6,A1,1.0,3.325,2.325
3900,0,10,AllGrid,3,200,10,43,36,"Hit(CW,9,MIDDLE)",58927,3698.24,A1,-0.54,0.305,0.845
4543,6,5,AllGrid,3,200,10,43,49,"Hit(CCW,2,STRONG)",132821,7037.86,A1,0.705,1.09,0.3850000000000001
9231,5,14,AllGrid,3,200,10,43,8,"Draw(CW,S6)",230133,9489.99,A1,1.32,2.025,0.7049999999999998
1825,5,7,AllGrid,3,200,10,43,53,"PostGuard(CCW,1,0)",106547,4804.23,A1,0.865,0.865,0.0
4062,4,15,AllGrid,3,200,10,43,108,"PostGuard(CW,11,2)",208285,11673.0,A1,-2.0,-0.475,1.525
9882,2,11,AllGrid,3,200,10,43,65,"Hit(CCW,8,WEAK)",58006,4978.67,A1,0.3,1.295,0.9949999999999999
2998,6,14,AllGrid,3,200,10,43,112,"PostGuard(CW,2,2)",240229,14939.0,A1,2.175,2.895,0.7200000000000002
1555,2,3,AllGrid,3,200,10,43,16,"Draw(CW,L3)",159695,9775.52,A1,0.94,1.1,0.16000000000000014
4372,4,14,AllGrid,3,200,10,43,25,"Draw(CCW,L7)",225461,12881.5,A1,-0.65,0.095,0.745
3732,7,7,AllGrid,3,200,10,43,8,"Draw(CW,S6)",94530,5690.34,A1,0.685,1.125,0.43999999999999995
3858,5,5,AllGrid,3,200,10,43,32,"Hit(CW,0,TOUCH)",134347,8301.79,A1,0.73,0.885,0.15500000000000003
1938,0,14,AllGrid,3,200,10,43,13,"Draw(CCW,L1)",229887,10371.5,A1,1.015,1.43,0.41500000000000004
9112,3,9,AllGrid,3,200,10,43,56,"Hit(CW,6,MIDDLE)",74983,4484.96,A1,0.695,0.76,0.06500000000000006
4157,3,12,AllGrid,3,200,10,43,37,"Hit(CCW,3,MIDDLE)",42237,4097.77,A1,-1.71,-0.705,1.005
7373,1,11,AllGrid,3,200,10,43,33,"Hit(CCW,2,TOUCH)",53035,4711.9,A1,1.09,1.175,0.08499999999999996
7173,4,15,AllGrid,3,200,10,43,35,"Hit(CCW,0,WEAK)",205916,11936.5,A1,1.1,2.0,0.8999999999999999
196,4,4,AllGrid,3,200,10,43,46,"PostGuard(CW,2,2)",144857,9266.25,A1,-0.59,-0.22,0.37
2630,2,14,AllGrid,3,200,10,43,42,"Hit(CW,13,TOUCH)",226471,11627.8,A1,-2.075,-1.07,1.0050000000000001
5731,2,10,AllGrid,3,200,10,43,4,"Draw(CW,S2)",50840,3185.92,A1,-1.2,-0.555,0.6449999999999999
9518,4,5,AllGrid,3,200,10,43,48,"Hit(CW,2,STRONG)",133155,7287.42,A1,0.655,0.985,0.32999999999999996
8211,7,12,AllGrid,3,200,10,43,59,"Hit(CCW,9,STRONG)",33772,2786.16,A1,-1.56,-0.815,0.7450000000000001
7977,6,14,AllGrid,3,200,10,44,50,"Freeze(CW,3)",233775,10126.0,A1,-3.39,-1.635,1.7550000000000001
3926,6,11,AllGrid,3,200,10,44,37,"Hit(CCW,0,MIDDLE)",60971,4782.55,A1,-1.43,0.425,1.855
3883,1,14,AllGrid,3,200,10,44,23,"Draw(CCW,L6)",223882,10695.4,A1,-0.685,-0.075,0.6100000000000001
9222,7,5,AllGrid,3,200,10,44,19,"Draw(CCW,L4)",123210,6024.08,A1,0.9,1.315,0.4149999999999999
7881,2,15,AllGrid,3,200,10,44,28,"PreGuard(CW,G4)",206256,9930.14,A1,-1.0,1.72,2.7199999999999998
6406,1,10,AllGrid,3,200,10,44,41,"Freeze(CCW,7)",58241,3345.8,A1,-0.89,-0.385,0.505
8452,5,15,AllGrid,3,200,10,44,7,"Draw(CCW,S4)",204242,9803.56,A1,1.0,1.935,0.935
1028,6,15,AllGrid,3,200,10,44,60,"Freeze(CW,4)",206995,9987.81,A1,0.87,1.0,0.13
2596,1,14,AllGrid,3,200,10,44,62,"Hit(CW,7,TOUCH)",240146,12055.1,A1,1.46,1.97,0.51
4748,1,3,AllGrid,3,200,10,44,38,"Hit(CW,0,STRONG)",156182,7832.03,A1,0.89,0.985,0.09499999999999997
9206,3,13,AllGrid,3,200,10,44,47,"PostGuard(CCW,11,2)",244752,11048.6,A1,-0.555,1.73,2.285
5859,1,6,AllGrid,3,200,10,44,0,"Draw(CW,TEE)",118399,6539.09,A1,-0.015,-0.015,0.0
6871,4,5,AllGrid,3,200,10,44,3,"Draw(CCW,S0)",132042,6829.11,A1,0.625,1.32,0.6950000000000001
7163,3,13,AllGrid,3,200,10,44,25,"Draw(CCW,L7)",256556,10710.2,A1,0.525,2.465,1.94
5807,0,8,AllGrid,3,200,10,44,72,"PostGuard(CW,4,2)",94101,4560.14,A1,-0.23,0.03,0.26
5567,2,15,AllGrid,3,200,10,44,20,"Draw(CW,L5)",206800,7605.15,A1,-1.0,1.93,2.9299999999999997
2507,3,11,AllGrid,3,200,10,44,63,"Hit(CCW,8,STRONG)",55824,3344.49,A1,1.02,1.715,0.6950000000000001
7006,3,15,AllGrid,3,200,10,44,44,"Hit(CW,4,WEAK)",205494,8275.32,A1,-1.0,-0.97,0.030000000000000027
1984,6,4,AllGrid,3,200,10,44,34,"Hit(CW,1,WEAK)",145288,8015.2,A1,-0.73,-0.31,0.42
1845,7,14,AllGrid,3,200,10,44,23,"Draw(CCW,L6)",225802,11403.6,A1,-0.58,1.44,2.02
5780,2,6,AllGrid,3,200,10,44,35,"Hit(CCW,5,WEAK)",112214,6046.39,A1,-0.78,-0.375,0.405
8645,7,5,AllGrid,3,200,10,44,49,"Hit(CCW,2,STRONG)",132747,7750.72,A1,0.35,0.92,0.5700000000000001
6132,0,13,AllGrid,3,200,10,44,34,"Hit(CW,8,WEAK)",251559,13523.3,A1,1.445,2.62,1.175
3339,4,10,AllGrid,3,200,10,44,10,"Draw(CW,L0)",62579,4002.18,A1,-0.46,-0.305,0.15500000000000003
3566,6,14,AllGrid,3,200,10,44,26,"PreGuard(CW,G3)",237639,12173.5,A1,0.93,1.01,0.07999999999999996
5523,3,9,AllGrid,3,200,10,44,55,"Hit(CCW,4,WEAK)",83847,5944.55,A1,0.74,0.74,0.0
7015,5,14,AllGrid,3,200,10,44,62,"Hit(CW,7,TOUCH)",234991,12431.9,A1,-3.36,-1.135,2.2249999999999996
743,7,3,AllGrid,3,200,10,44,24,"Draw(CW,L7)",158823,8661.03,A1,0.555,0.98,0.42499999999999993
1014,4,15,AllGrid,3,200,10,44,57,"PostGuard(CCW,13,1)",206033,9996.87,A1,1.0,3.325,2.325
3900,0,10,AllGrid,3,200,10,44,37,"Hit(CCW,9,MIDDLE)",58381,3499.66,A1,-0.52,0.305,0.825
4543,6,5,AllGrid,3,200,10,44,49,"Hit(CCW,2,STRONG)",132719,6795.24,A1,0.705,1.09,0.3850000000000001
9231,5,14,AllGrid,3,200,10,44,1,"Draw(CCW,TEE)",230273,8919.38,A1,1.71,2.025,0.31499999999999995
1825,5,7,AllGrid,3,200,10,44,1,"Draw(CCW,TEE)",106735,4725.26,A1,0.79,0.865,0.07499999999999996
4062,4,15,AllGrid,3,200,10,44,75,"Hit(CCW,12,WEAK)",205475,10980.6,A1,-1.245,-0.475,0.7700000000000001
9882,2,11,AllGrid,3,200,10,44,72,"PostGuard(CW,1,0)",58234,4917.47,A1,0.545,1.295,0.7499999999999999
2998,6,14,AllGrid,3,200,10,44,47,"Hit(CCW,3,MIDDLE)",240249,14380.6,A1,1.605,2.895,1.29
1555,2,3,AllGrid,3,200,10,44,13,"Draw(CCW,L1)",159169,9826.38,A1,0.8,1.1,0.30000000000000004
4372,4,14,AllGrid,3,200,10,44,21,"Draw(CCW,L5)",224751,12304.4,A1,-0.585,0.095,0.6799999999999999
3732,7,7,AllGrid,3,200,10,44,32,"Hit(CW,4,TOUCH)",93980,5214.28,A1,1.075,1.125,0.050000000000000044
3858,5,5,AllGrid,3,200,10,44,32,"Hit(CW,0,TOUCH)",133575,8189.8,A1,0.73,0.885,0.15500000000000003
1938,0,14,AllGrid,3,200,10,44,43,"Hit(CCW,11,TOUCH)",231513,10401.4,A1,0.375,1.43,1.055
9112,3,9,AllGrid,3,200,10,44,3,"Draw(CCW,S0)",74248,4186.03,A1,-0.08,0.76,0.84
4157,3,12,AllGrid,3,200,10,44,37,"Hit(CCW,3,MIDDLE)",41908,4137.12,A1,-1.71,-0.705,1.005
7373,1,11,AllGrid,3,200,10,44,33,"Hit(CCW,2,TOUCH)",52914,4727.95,A1,1.09,1.175,0.08499999999999996
7173,4,15,AllGrid,3,200,10,44,24,"Draw(CW,L7)",205707,11948.7,A1,2.0,2.0,0.0
196,4,4,AllGrid,3,200,10,44,36,"Hit(CW,3,MIDDLE)",143983,8903.36,A1,-0.39,-0.22,0.17
2630,2,14,AllGrid,3,200,10,44,17,"Draw(CCW,L3)",225657,11578.2,A1,-2.835,-1.07,1.765
5731,2,10,AllGrid,3,200,10,44,29,"PreGuard(CCW,G4)",51114,3177.25,A1,-0.86,-0.555,0.30499999999999994
9518,4,5,AllGrid,3,200,10,44,39,"Hit(CCW,0,STRONG)",131984,7237.11,A1,0.54,0.985,0.44499999999999995
8211,7,12,AllGrid,3,200,10,44,52,"Hit(CW,9,TOUCH)",35355,2987.59,A1,-1.215,-0.815,0.40000000000000013
7977,6,14,AllGrid,3,200,10,45,80,"Freeze(CW,9)",233912,12083.4,A1,-2.545,-1.635,0.9099999999999999
3926,6,11,AllGrid,3,200,10,45,37,"Hit(CCW,0,MIDDLE)",61650,4863.45,A1,-1.43,0.425,1.855
3883,1,14,AllGrid,3,200,10,45,20,"Draw(CW,L5)",222489,10643.0,A1,-0.745,-0.075,0.67
9222,7,5,AllGrid,3,200,10,45,4,"Draw(CW,S2)",122308,5975.93,A1,1.29,1.315,0.02499999999999991
7881,2,15,AllGrid,3,200,10,45,87,"Hit(CCW,12,MIDDLE)",206884,9998.53,A1,-0.705,1.72,2.425
6406,1,10,AllGrid,3,200,10,45,2,"Draw(CW,S0)",58528,3389.71,A1,-0.7,-0.385,0.31499999999999995
8452,5,15,AllGrid,3,200,10,45,73,"Hit(CCW,8,TOUCH)",206293,9905.84,A1,1.0,1.935,0.935
1028,6,15,AllGrid,3,200,10,45,7,"Draw(CCW,S4)",204388,9868.26,A1,1.0,1.0,0.0
2596,1,14,AllGrid,3,200,10,45,143,"PostGuard(CCW,12,2)",240471,12349.4,A1,1.84,1.97,0.1299999999999999
4748,1,3,AllGrid,3,200,10,45,39,"Hit(CCW,0,STRONG)",156345,7873.5,A1,0.985,0.985,0.0
9206,3,13,AllGrid,3,200,10,45,15,"Draw(CCW,L2)",243361,11171.1,A1,-0.3,1.73,2.03
5859,1,6,AllGrid,3,200,10,45,0,"Draw(CW,TEE)",117762,6466.56,A1,-0.015,-0.015,0.0
6871,4,5,AllGrid,3,200,10,45,52,"PostGuard(CW,1,0)",132936,7006.11,A1,1.18,1.32,0.14000000000000012
7163,3,13,AllGrid,3,200,10,45,82,"PostGuard(CW,11,2)",256279,10235.2,A1,0.675,2.465,1.7899999999999998
5807,0,8,AllGrid,3,200,10,45,73,"PostGuard(CCW,4,2)",94649,4248.44,A1,-0.015,0.03,0.045
5567,2,15,AllGrid,3,200,10,45,75,"Hit(CCW,10,WEAK)",205470,7260.48,A1,1.56,1.93,0.3699999999999999
2507,3,11,AllGrid,3,200,10,45,63,"Hit(CCW,8,STRONG)",56034,3281.57,A1,1.02,1.715,0.6950000000000001
7006,3,15,AllGrid,3,200,10,45,138,"PostGuard(CW,13,0)",205743,10091.9,A1,-1.0,-0.97,0.030000000000000027
1984,6,4,AllGrid,3,200,10,45,21,"Draw(CCW,L5)",145364,8030.83,A1,-0.505,-0.31,0.195
1845,7,14,AllGrid,3,200,10,45,9,"Draw(CCW,S6)",224544,9833.12,A1,-0.465,1.44,1.905
5780,2,6,AllGrid,3,200,10,45,9,"Draw(CCW,S6)",111825,6030.38,A1,-0.94,-0.375,0.565
8645,7,5,AllGrid,3,200,10,45,48,"Hit(CW,2,STRONG)",133676,7819.08,A1,0.625,0.92,0.29500000000000004
6132,0,13,AllGrid,3,200,10,45,5,"Draw(CCW,S2)",252292,13568.9,A1,2.47,2.62,0.1499999999999999
3339,4,10,AllGrid,3,200,10,45,10,"Draw(CW,L0)",63409,4015.87,A1,-0.46,-0.305,0.15500000000000003
3566,6,14,AllGrid,3,200,10,45,38,"Hit(CW,1,STRONG)",235361,12568.3,A1,-1.185,1.01,2.1950000000000003
5523,3,9,AllGrid,3,200,10,45,59,"Hit(CCW,4,STRONG)",82840,5855.58,A1,0.51,0.74,0.22999999999999998
7015,5,14,AllGrid,3,200,10,45,107,"PostGuard(CCW,0,2)",234386,11474.3,A1,-2.945,-1.135,1.8099999999999998
743,7,3,AllGrid,3,200,10,45,15,"Draw(CCW,L2)",157864,8610.84,A1,0.765,0.98,0.21499999999999997
1014,4,15,AllGrid,3,200,10,45,43,"PostGuard(CCW,1,0)",206108,10362.2,A1,1.0,3.325,2.325
3900,0,10,AllGrid,3,200,10,45,37,"Hit(CCW,9,MIDDLE)",58305,3500.23,A1,-0.52,0.305,0.825
4543,6,5,AllGrid,3,200,10,45,35,"Hit(CCW,0,WEAK)",132963,7033.4,A1,0.465,1.09,0.625
9231,5,14,AllGrid,3,200,10,45,62,"Hit(CW,11,TOUCH)",230972,8562.57,A1,2.025,2.025,0.0
1825,5,7,AllGrid,3,200,10,45,41,"Freeze(CCW,2)",106339,4835.13,A1,0.575,0.865,0.29000000000000004
4062,4,15,AllGrid,3,200,10,45,108,"PostGuard(CW,11,2)",205845,11533.8,A1,-2.0,-0.475,1.525
9882,2,11,AllGrid,3,200,10,45,65,"Hit(CCW,8,WEAK)",58475,5061.57,A1,0.3,1.295,0.9949999999999999
2998,6,14,AllGrid,3,200,10,45,95,"Hit(CCW,13,WEAK)",238832,15071.8,A1,2.41,2.895,0.4849999999999999
1555,2,3,AllGrid,3,200,10,45,20,"Draw(CW,L5)",158094,9733.54,A1,1.035,1.1,0.06500000000000017
4372,4,14,AllGrid,3,200,10,45,48,Pass,225654,12357.7,A1,-0.55,0.095,0.645
3732,7,7,AllGrid,3,200,10,45,16,"Draw(CW,L3)",94866,5536.62,A1,0.695,1.125,0.43000000000000005
3858,5,5,AllGrid,3,200,10,45,32,"Hit(CW,0,TOUCH)",134163,8005.4,A1,0.73,0.885,0.15500000000000003
1938,0,14,AllGrid,3,200,10,45,86,"PostGuard(CW,12,0)",229326,10046.2,A1,1.11,1.43,0.31999999999999984
9112,3,9,AllGrid,3,200,10,45,3,"Draw(CCW,S0)",74040,4237.74,A1,-0.08,0.76,0.84
4157,3,12,AllGrid,3,200,10,45,34,"Hit(CW,3,WEAK)",41255,4165.97,A1,-1.14,-0.705,0.43499999999999994
7373,1,11,AllGrid,3,200,10,45,33,"Hit(CCW,2,TOUCH)",53231,4743.66,A1,1.09,1.175,0.08499999999999996
7173,4,15,AllGrid,3,200,10,45,39,"Hit(CCW,0,STRONG)",204224,12030.8,A1,1.46,2.0,0.54
196,4,4,AllGrid,3,200,10,45,7,"Draw(CCW,S4)",144160,9457.83,A1,-0.565,-0.22,0.345
2630,2,14,AllGrid,3,200,10,45,51,"Freeze(CCW,13)",226683,11711.7,A1,-2.58,-1.07,1.51
5731,2,10,AllGrid,3,200,10,45,28,"PreGuard(CW,G4)",50941,3234.86,A1,-1.205,-0.555,0.65
9518,4,5,AllGrid,3,200,10,45,44,"Hit(CW,2,WEAK)",133550,7500.19,A1,0.705,0.985,0.28
8211,7,12,AllGrid,3,200,10,45,10,"Draw(CW,L0)",34917,2792.05,A1,-1.205,-0.815,0.3900000000000001
7977,6,14,AllGrid,3,200,10,46,117,"PostGuard(CCW,4,1)",235249,11930.8,A1,-3.54,-1.635,1.905
3926,6,11,AllGrid,3,200,10,46,39,"Hit(CCW,0,STRONG)",61287,4829.31,A1,-1.615,0.425,2.04
3883,1,14,AllGrid,3,200,10,46,27,"PreGuard(CCW,G3)",224174,10668.4,A1,-0.835,-0.075,0.76
9222,7,5,AllGrid,3,200,10,46,25,"Draw(CCW,L7)",121944,5966.37,A1,0.9,1.315,0.4149999999999999
7881,2,15,AllGrid,3,200,10,46,9,"Draw(CCW,S6)",207432,9980.83,A1,-1.0,1.72,2.7199999999999998
6406,1,10,AllGrid,3,200,10,46,0,"Draw(CW,TEE)",58089,3377.63,A1,-0.385,-0.385,0.0
8452,5,15,AllGrid,3,200,10,46,95,"Hit(CCW,12,STRONG)",205778,9867.78,A1,-1.48,1.935,3.415
1028,6,15,AllGrid,3,200,10,46,92,"Hit(CW,12,TOUCH)",205171,9884.62,A1,-1.41,1.0,2.41
2596,1,14,AllGrid,3,200,10,46,89,"Hit(CCW,11,STRONG)",238346,12244.4,A1,1.015,1.97,0.9550000000000001
4748,1,3,AllGrid,3,200,10,46,38,"Hit(CW,0,STRONG)",157298,7890.26,A1,0.89,0.985,0.09499999999999997
9206,3,13,AllGrid,3,200,10,46,42,"PostGuard(CW,11,0)",245383,10801.1,A1,-0.345,1.73,2.075
5859,1,6,AllGrid,3,200,10,46,7,"Draw(CCW,S4)",117716,6467.44,A1,-0.65,-0.015,0.635
6871,4,5,AllGrid,3,200,10,46,3,"Draw(CCW,S0)",132849,6960.78,A1,0.625,1.32,0.6950000000000001
7163,3,13,AllGrid,3,200,10,46,28,"PreGuard(CW,G4)",256651,10548.7,A1,-0.48,2.465,2.945
5807,0,8,AllGrid,3,200,10,46,32,"Hit(CW,3,TOUCH)",95085,4101.71,A1,-0.305,0.03,0.33499999999999996
5567,2,15,AllGrid,3,200,10,46,84,"Hit(CW,12,WEAK)",206204,7144.33,A1,1.32,1.93,0.6099999999999999
2507,3,11,AllGrid,3,200,10,46,41,"Hit(CCW,4,MIDDLE)",56233,3335.13,A1,0.645,1.715,1.07
7006,3,15,AllGrid,3,200,10,46,115,"PostGuard(CCW,5,0)",207026,10905.0,A1,-1.0,-0.97,0.030000000000000027
1984,6,4,AllGrid,3,200,10,46,7,"Draw(CCW,S4)",145538,8435.07,A1,-0.595,-0.31,0.285
1845,7,14,AllGrid,3,200,10,46,0,"Draw(CW,TEE)",226143,11951.3,A1,0.75,1.44,0.69
5780,2,6,AllGrid,3,200,10,46,29,"PreGuard(CCW,G4)",111414,6266.06,A1,-0.51,-0.375,0.135
8645,7,5,AllGrid,3,200,10,46,25,"Draw(CCW,L7)",133831,7870.49,A1,0.625,0.92,0.29500000000000004
6132,0,13,AllGrid,3,200,10,46,84,"PostGuard(CW,11,2)",250261,14144.7,A1,2.32,2.62,0.30000000000000027
3339,4,10,AllGrid,3,200,10,46,43,"Hit(CCW,9,TOUCH)",63175,4183.46,A1,-0.705,-0.305,0.39999999999999997
3566,6,14,AllGrid,3,200,10,46,65,"Hit(CCW,9,WEAK)",235593,9987.27,A1,0.875,1.01,0.135
5523,3,9,AllGrid,3,200,10,46,55,"Hit(CCW,4,WEAK)",82279,6118.13,A1,0.74,0.74,0.0
7015,5,14,AllGrid,3,200,10,46,33,"Hit(CCW,1,TOUCH)",235277,11884.0,A1,-3.59,-1.135,2.455
743,7,3,AllGrid,3,200,10,46,44,"PostGuard(CW,1,1)",158727,9011.5,A1,0.725,0.98,0.255
1014,4,15,AllGrid,3,200,10,46,5,"Draw(CCW,S2)",205614,9949.76,A1,1.0,3.325,2.325
3900,0,10,AllGrid,3,200,10,46,36,"Hit(CW,9,MIDDLE)",57585,3606.0,A1,-0.54,0.305,0.845
4543,6,5,AllGrid,3,200,10,46,34,"Hit(CW,0,WEAK)",132617,7053.69,A1,0.71,1.09,0.3800000000000001
9231,5,14,AllGrid,3,200,10,46,80,"Freeze(CW,13)",230873,9144.58,A1,1.275,2.025,0.75
1825,5,7,AllGrid,3,200,10,46,52,"PostGuard(CW,1,0)",106064,4730.03,A1,0.74,0.865,0.125
4062,4,15,AllGrid,3,200,10,46,56,"Hit(CW,6,MIDDLE)",206951,11928.6,A1,-1.585,-0.475,1.1099999999999999
9882,2,11,AllGrid,3,200,10,46,7,"Draw(CCW,S4)",58577,5329.73,A1,0.55,1.295,0.7449999999999999
2998,6,14,AllGrid,3,200,10,46,48,"Hit(CW,3,STRONG)",240486,14663.1,A1,1.87,2.895,1.025
1555,2,3,AllGrid,3,200,10,46,54,Pass,157486,9811.15,A1,0.58,1.1,0.5200000000000001
4372,4,14,AllGrid,3,200,10,46,17,"Draw(CCW,L3)",225804,12845.0,A1,-0.655,0.095,0.75
3732,7,7,AllGrid,3,200,10,46,47,"PostGuard(CCW,7,2)",94038,5608.24,A1,0.61,1.125,0.515
3858,5,5,AllGrid,3,200,10,46,7,"Draw(CCW,S4)",134383,8031.86,A1,0.855,0.885,0.030000000000000027
1938,0,14,AllGrid,3,200,10,46,71,"PostGuard(CCW,4,1)",229538,10364.1,A1,1.005,1.43,0.42500000000000004
9112,3,9,AllGrid,3,200,10,46,3,"Draw(CCW,S0)",73068,4392.7,A1,-0.08,0.76,0.84
4157,3,12,AllGrid,3,200,10,46,37,"Hit(CCW,3,MIDDLE)",42172,4303.37,A1,-1.71,-0.705,1.005
7373,1,11,AllGrid,3,200,10,46,33,"Hit(CCW,2,TOUCH)",53528,4825.15,A1,1.09,1.175,0.08499999999999996
7173,4,15,AllGrid,3,200,10,46,5,"Draw(CCW,S2)",205903,12048.7,A1,2.0,2.0,0.0
196,4,4,AllGrid,3,200,10,46,29,"PreGuard(CCW,G4)",143085,9114.66,A1,-0.65,-0.22,0.43000000000000005
2630,2,14,AllGrid,3,200,10,46,34,"Hit(CW,11,WEAK)",226840,11636.4,A1,-1.285,-1.07,0.21499999999999986
5731,2,10,AllGrid,3,200,10,46,29,"PreGuard(CCW,G4)",50385,3158.8,A1,-0.86,-0.555,0.30499999999999994
9518,4,5,AllGrid,3,200,10,46,48,"Hit(CW,2,STRONG)",132913,7361.47,A1,0.655,0.985,0.32999999999999996
8211,7,12,AllGrid,3,200,10,46,10,"Draw(CW,L0)",34978,2966.63,A1,-1.205,-0.815,0.3900000000000001
7977,6,14,ClusterValueDeep,3,200,10,42,69,"Hit(CCW,7,STRONG)",334670,11255.6,A10,-2.335,-1.635,0.7
3926,6,11,ClusterValueDeep,3,200,10,42,37,"Hit(CCW,0,MIDDLE)",91779,3908.14,A10,-1.43,0.425,1.855
3883,1,14,ClusterValueDeep,3,200,10,42,10,"Draw(CW,L0)",331542,10925.9,A10,-0.84,-0.075,0.765
9222,7,5,ClusterValueDeep,3,200,10,42,8,"Draw(CW,S6)",247702,8180.79,A10,1.17,1.315,0.14500000000000002
7881,2,15,ClusterValueDeep,3,200,10,42,116,"PostGuard(CW,13,0)",342917,11417.7,A10,-1.0,1.72,2.7199999999999998
6406,1,10,ClusterValueDeep,3,200,10,42,49,"Hit(CCW,9,STRONG)",114090,4019.53,A10,-0.9,-0.385,0.515
8452,5,15,ClusterValueDeep,3,200,10,42,34,"Hit(CW,0,WEAK)",342965,11403.6,A10,1.32,1.935,0.615
1028,6,15,ClusterValueDeep,3,200,10,42,0,"Draw(CW,TEE)",342112,11360.6,A10,0.77,1.0,0.22999999999999998
2596,1,14,ClusterValueDeep,3,200,10,42,86,"Hit(CW,11,MIDDLE)",343013,11563.3,A10,0.65,1.97,1.3199999999999998
4748,1,3,ClusterValueDeep,3,200,10,42,12,"Draw(CW,L1)",327915,11093.4,A10,0.545,0.985,0.43999999999999995
9206,3,13,ClusterValueDeep,3,200,10,42,6,"Draw(CW,S4)",239895,8053.4,A10,-0.055,1.73,1.785
5859,1,6,ClusterValueDeep,3,200,10,42,1,"Draw(CCW,TEE)",250518,8971.35,A10,-0.77,-0.015,0.755
6871,4,5,ClusterValueDeep,3,200,10,42,46,"Hit(CW,2,MIDDLE)",293496,10268.8,A10,0.76,1.32,0.56
7163,3,13,ClusterValueDeep,3,200,10,42,42,"Hit(CW,6,TOUCH)",244536,8280.09,A10,0.02,2.465,2.445
5807,0,8,ClusterValueDeep,3,200,10,42,55,"Hit(CCW,7,WEAK)",201812,7376.32,A10,-0.6,0.03,0.63
5567,2,15,ClusterValueDeep,3,200,10,42,127,"PostGuard(CCW,15,2)",344075,11352.5,A10,-1.0,1.93,2.9299999999999997
2507,3,11,ClusterValueDeep,3,200,10,42,43,"Hit(CCW,4,STRONG)",89029,3528.17,A10,0.45,1.715,1.2650000000000001
7006,3,15,ClusterValueDeep,3,200,10,42,0,"Draw(CW,TEE)",355701,11881.7,A10,-1.0,-0.97,0.030000000000000027
1984,6,4,ClusterValueDeep,3,200,10,42,0,"Draw(CW,TEE)",321353,11165.7,A10,-0.785,-0.31,0.47500000000000003
1845,7,14,ClusterValueDeep,3,200,10,42,6,"Draw(CW,S4)",332503,10952.3,A10,0.49,1.44,0.95
5780,2,6,ClusterValueDeep,3,200,10,42,48,Pass,241240,8156.81,A10,-0.9,-0.375,0.525
8645,7,5,ClusterValueDeep,3,200,10,42,49,"Hit(CCW,2,STRONG)",291809,10313.4,A10,0.35,0.92,0.5700000000000001
6132,0,13,ClusterValueDeep,3,200,10,42,2,"Draw(CW,S0)",241527,8280.1,A10,1.915,2.62,0.7050000000000001
3339,4,10,ClusterValueDeep,3,200,10,42,43,"Hit(CCW,9,TOUCH)",114087,4072.83,A10,-0.705,-0.305,0.39999999999999997
3566,6,14,ClusterValueDeep,3,200,10,42,53,"Hit(CCW,7,TOUCH)",334534,11195.2,A10,0.98,1.01,0.030000000000000027
5523,3,9,ClusterValueDeep,3,200,10,42,58,"Hit(CW,4,STRONG)",166293,6578.92,A10,0.455,0.74,0.285
7015,5,14,ClusterValueDeep,3,200,10,42,46,"Hit(CW,3,MIDDLE)",334719,11271.1,A10,-3.285,-1.135,2.1500000000000004
743,7,3,ClusterValueDeep,3,200,10,42,11,"Draw(CCW,L0)",337158,11570.6,A10,0.565,0.98,0.41500000000000004
1014,4,15,ClusterValueDeep,3,200,10,42,50,"PostGuard(CW,11,1)",342763,11435.5,A10,1.0,3.325,2.325
3900,0,10,ClusterValueDeep,3,200,10,42,40,"Freeze(CW,9)",91938,3249.31,A10,-0.02,0.305,0.325
4543,6,5,ClusterValueDeep,3,200,10,42,34,"Hit(CW,0,WEAK)",275025,9563.39,A10,0.71,1.09,0.3800000000000001
9231,5,14,ClusterValueDeep,3,200,10,42,50,"Freeze(CW,5)",342537,11396.7,A10,1.61,2.025,0.4149999999999998
1825,5,7,ClusterValueDeep,3,200,10,42,1,"Draw(CCW,TEE)",243735,8840.45,A10,0.79,0.865,0.07499999999999996
4062,4,15,ClusterValueDeep,3,200,10,42,116,Pass,358729,12024.3,A10,-2.0,-0.475,1.525
9882,2,11,ClusterValueDeep,3,200,10,42,75,"PostGuard(CCW,1,1)",90352,3866.54,A10,0.6,1.295,0.695
2998,6,14,ClusterValueDeep,3,200,10,42,97,"Hit(CCW,13,MIDDLE)",342597,11561.4,A10,1.26,2.895,1.635
1555,2,3,ClusterValueDeep,3,200,10,42,35,"Hit(CCW,0,WEAK)",331444,11196.1,A10,0.835,1.1,0.2650000000000001
4372,4,14,ClusterValueDeep,3,200,10,42,43,"PostGuard(CCW,12,0)",331737,10986.3,A10,-0.255,0.095,0.35
3732,7,7,ClusterValueDeep,3,200,10,42,41,"Freeze(CCW,4)",193720,6403.97,A10,0.85,1.125,0.275
3858,5,5,ClusterValueDeep,3,200,10,42,35,"Hit(CCW,0,WEAK)",323453,11663.8,A10,0.545,0.885,0.33999999999999997
1938,0,14,ClusterValueDeep,3,200,10,42,44,"Hit(CW,11,WEAK)",334210,11167.6,A10,1.43,1.43,0.0
9112,3,9,ClusterValueDeep,3,200,10,42,37,"Hit(CCW,2,MIDDLE)",129785,4557.28,A10,0.76,0.76,0.0
4157,3,12,ClusterValueDeep,3,200,10,42,37,"Hit(CCW,3,MIDDLE)",44961,1853.38,A10,-1.71,-0.705,1.005
7373,1,11,ClusterValueDeep,3,200,10,42,45,"Hit(CCW,4,WEAK)",80253,3091.89,A10,0.525,1.175,0.65
7173,4,15,ClusterValueDeep,3,200,10,42,0,"Draw(CW,TEE)",341707,11407.6,A10,1.84,2.0,0.15999999999999992
196,4,4,ClusterValueDeep,3,200,10,42,33,"Hit(CCW,3,TOUCH)",306512,10339.6,A10,-0.66,-0.22,0.44000000000000006
2630,2,14,ClusterValueDeep,3,200,10,42,41,"Freeze(CCW,11)",332682,11049.4,A10,-1.355,-1.07,0.2849999999999999
5731,2,10,ClusterValueDeep,3,200,10,42,13,"Draw(CCW,L1)",101259,3311.23,A10,-0.94,-0.555,0.3849999999999999
9518,4,5,ClusterValueDeep,3,200,10,42,5,"Draw(CCW,S2)",316823,11438.0,A10,0.21,0.985,0.775
8211,7,12,ClusterValueDeep,3,200,10,42,45,"Hit(CCW,5,WEAK)",39748,1429.51,A10,-1.115,-0.815,0.30000000000000004
7977,6,14,Proposed,3,200,10,42,67,"Hit(CCW,7,MIDDLE)",221550,10253.9,A2,-2.275,-1.635,0.6399999999999999
3926,6,11,Proposed,3,200,10,42,37,"Hit(CCW,0,MIDDLE)",46807,2963.07,A2,-1.43,0.425,1.855
3883,1,14,Proposed,3,200,10,42,36,Pass,216940,9789.41,A2,-0.955,-0.075,0.88
9222,7,5,Proposed,3,200,10,42,12,"Draw(CW,L1)",121444,5530.55,A2,0.885,1.315,0.42999999999999994
7881,2,15,Proposed,3,200,10,42,111,"PostGuard(CCW,11,0)",207838,9520.56,A2,-1.0,1.72,2.7199999999999998
6406,1,10,Proposed,3,200,10,42,0,"Draw(CW,TEE)",52060,2747.43,A2,-0.385,-0.385,0.0
8452,5,15,Proposed,3,200,10,42,132,"PostGuard(CW,11,2)",206007,9370.7,A2,1.0,1.935,0.935
1028,6,15,Proposed,3,200,10,42,130,"PostGuard(CW,9,2)",205482,9378.92,A2,1.0,1.0,0.0
2596,1,14,Proposed,3,200,10,42,34,"Hit(CW,1,WEAK)",226662,10567.2,A2,1.125,1.97,0.845
4748,1,3,Proposed,3,200,10,42,36,"Hit(CW,0,MIDDLE)",152895,7165.46,A2,0.31,0.985,0.675
9206,3,13,Proposed,3,200,10,42,32,"Hit(CW,12,TOUCH)",238842,9542.93,A2,0.335,1.73,1.395
5859,1,6,Proposed,3,200,10,42,32,"Hit(CW,1,TOUCH)",112658,5582.98,A2,-0.26,-0.015,0.245
6871,4,5,Proposed,3,200,10,42,11,"Draw(CCW,L0)",130639,6604.95,A2,0.85,1.32,0.4700000000000001
7163,3,13,Proposed,3,200,10,42,78,"PostGuard(CW,11,0)",250949,10371.9,A2,0.655,2.465,1.8099999999999998
5807,0,8,Proposed,3,200,10,42,56,"Hit(CW,7,MIDDLE)",87564,4351.99,A2,-0.76,0.03,0.79
5567,2,15,Proposed,3,200,10,42,0,"Draw(CW,TEE)",206201,7334.41,A2,1.535,1.93,0.395
2507,3,11,Proposed,3,200,10,42,48,"Hit(CW,6,WEAK)",39919,2265.07,A2,0.785,1.715,0.93
7006,3,15,Proposed,3,200,10,42,126,"PostGuard(CW,9,0)",207664,10422.1,A2,-1.0,-0.97,0.030000000000000027
1984,6,4,Proposed,3,200,10,42,0,"Draw(CW,TEE)",141328,7504.41,A2,-0.785,-0.31,0.47500000000000003
1845,7,14,Proposed,3,200,10,42,9,"Draw(CCW,S6)",223179,11218.8,A2,-0.465,1.44,1.905
5780,2,6,Proposed,3,200,10,42,37,"Hit(CCW,5,MIDDLE)",109342,5647.31,A2,-0.75,-0.375,0.375
8645,7,5,Proposed,3,200,10,42,1,"Draw(CCW,TEE)",128784,7119.5,A2,0.76,0.92,0.16000000000000003
6132,0,13,Proposed,3,200,10,42,34,"Hit(CW,8,WEAK)",247394,13134.7,A2,1.445,2.62,1.175
3339,4,10,Proposed,3,200,10,42,62,"PostGuard(CW,6,2)",55915,3268.17,A2,-0.995,-0.305,0.69
3566,6,14,Proposed,3,200,10,42,36,"Hit(CW,1,MIDDLE)",226149,11562.7,A2,-1.19,1.01,2.2
5523,3,9,Proposed,3,200,10,42,55,"Hit(CCW,4,WEAK)",69219,4216.58,A2,0.74,0.74,0.0
7015,5,14,Proposed,3,200,10,42,54,"Hit(CW,5,WEAK)",222517,11177.4,A2,-1.925,-1.135,0.79
743,7,3,Proposed,3,200,10,42,13,"Draw(CCW,L1)",153862,8074.17,A2,0.705,0.98,0.275
1014,4,15,Proposed,3,200,10,42,59,"PostGuard(CCW,13,2)",204873,9731.52,A2,1.0,3.325,2.325
3900,0,10,Proposed,3,200,10,42,0,"Draw(CW,TEE)",51772,2903.73,A2,0.305,0.305,0.0
4543,6,5,Proposed,3,200,10,42,45,"Hit(CCW,2,WEAK)",129407,7042.2,A2,1.09,1.09,0.0
9231,5,14,Proposed,3,200,10,42,64,"Hit(CW,11,WEAK)",225881,9092.35,A2,0.655,2.025,1.3699999999999999
1825,5,7,Proposed,3,200,10,42,36,"Hit(CW,2,MIDDLE)",101557,4350.8,A2,0.665,0.865,0.19999999999999996
4062,4,15,Proposed,3,200,10,42,115,"PostGuard(CCW,13,2)",207645,11680.4,A2,-2.0,-0.475,1.525
9882,2,11,Proposed,3,200,10,42,47,"Hit(CCW,4,MIDDLE)",52267,4238.61,A2,-0.08,1.295,1.375
2998,6,14,Proposed,3,200,10,42,97,"Hit(CCW,13,MIDDLE)",226317,13592.0,A2,1.26,2.895,1.635
1555,2,3,Proposed,3,200,10,42,8,"Draw(CW,S6)",154173,9085.04,A2,0.635,1.1,0.4650000000000001
4372,4,14,Proposed,3,200,10,42,7,"Draw(CCW,S4)",218063,12314.2,A2,-0.345,0.095,0.43999999999999995
3732,7,7,Proposed,3,200,10,42,42,"PostGuard(CW,7,0)",92670,5219.13,A2,0.54,1.125,0.585
3858,5,5,Proposed,3,200,10,42,41,"Freeze(CCW,0)",130905,7613.58,A2,0.695,0.885,0.19000000000000006
1938,0,14,Proposed,3,200,10,42,62,"PostGuard(CW,2,0)",225038,10351.6,A2,1.0,1.43,0.42999999999999994
9112,3,9,Proposed,3,200,10,42,56,"Hit(CW,6,MIDDLE)",68580,3849.85,A2,0.695,0.76,0.06500000000000006
4157,3,12,Proposed,3,200,10,42,34,"Hit(CW,3,WEAK)",23531,1967.63,A2,-1.14,-0.705,0.43499999999999994
7373,1,11,Proposed,3,200,10,42,36,"Hit(CW,2,MIDDLE)",49272,4086.77,A2,0.335,1.175,0.8400000000000001
7173,4,15,Proposed,3,200,10,42,139,"PostGuard(CCW,13,0)",205341,11876.4,A2,2.0,2.0,0.0
196,4,4,Proposed,3,200,10,42,44,"PostGuard(CW,2,1)",139666,8576.28,A2,-0.385,-0.22,0.165
2630,2,14,Proposed,3,200,10,42,58,Pass,218322,12021.4,A2,-2.815,-1.07,1.7449999999999999
5731,2,10,Proposed,3,200,10,42,13,"Draw(CCW,L1)",48706,3009.83,A2,-0.94,-0.555,0.3849999999999999
9518,4,5,Proposed,3,200,10,42,44,"Hit(CW,2,WEAK)",128426,7235.76,A2,0.705,0.985,0.28
8211,7,12,Proposed,3,200,10,42,66,"Hit(CW,11,MIDDLE)",23544,1877.68,A2,-1.34,-0.815,0.5250000000000001
7977,6,14,Proposed,3,200,10,43,77,"Hit(CCW,9,MIDDLE)",223031,9275.86,A2,-2.485,-1.635,0.8499999999999999
3926,6,11,Proposed,3,200,10,43,37,"Hit(CCW,0,MIDDLE)",45046,2962.45,A2,-1.43,0.425,1.855
3883,1,14,Proposed,3,200,10,43,32,"Hit(CW,9,MIDDLE)",217772,10267.6,A2,-0.965,-0.075,0.89
9222,7,5,Proposed,3,200,10,43,18,"Draw(CW,L4)",121612,5795.91,A2,0.705,1.315,0.61
7881,2,15,Proposed,3,200,10,43,128,Pass,207782,9938.65,A2,-1.0,1.72,2.7199999999999998
6406,1,10,Proposed,3,200,10,43,0,"Draw(CW,TEE)",50765,2703.24,A2,-0.385,-0.385,0.0
8452,5,15,Proposed,3,200,10,43,137,"PostGuard(CCW,13,1)",205218,9763.12,A2,1.0,1.935,0.935
1028,6,15,Proposed,3,200,10,43,137,"PostGuard(CCW,11,2)",205133,9794.96,A2,1.0,1.0,0.0
2596,1,14,Proposed,3,200,10,43,47,"Hit(CCW,3,MIDDLE)",227805,11086.8,A2,1.555,1.97,0.41500000000000004
4748,1,3,Proposed,3,200,10,43,36,"Hit(CW,0,MIDDLE)",151807,7241.93,A2,0.31,0.985,0.675
9206,3,13,Proposed,3,200,10,43,22,"Draw(CW,L6)",238214,10615.6,A2,-0.44,1.73,2.17
5859,1,6,Proposed,3,200,10,43,41,"Freeze(CCW,1)",112100,5815.13,A2,-0.425,-0.015,0.41
6871,4,5,Proposed,3,200,10,43,52,"PostGuard(CW,1,0)",129397,6711.43,A2,1.18,1.32,0.14000000000000012
7163,3,13,Proposed,3,200,10,43,42,"Hit(CW,6,TOUCH)",249865,10857.4,A2,0.02,2.465,2.445
5807,0,8,Proposed,3,200,10,43,45,"Hit(CCW,5,WEAK)",89031,4445.74,A2,-0.885,0.03,0.915
5567,2,15,Proposed,3,200,10,43,108,"PostGuard(CW,9,2)",205544,7899.62,A2,-1.0,1.93,2.9299999999999997
2507,3,11,Proposed,3,200,10,43,48,"Hit(CW,6,WEAK)",39624,2028.02,A2,0.785,1.715,0.93
7006,3,15,Proposed,3,200,10,43,127,"PostGuard(CCW,9,0)",209018,10119.2,A2,-1.0,-0.97,0.030000000000000027
1984,6,4,Proposed,3,200,10,43,0,"Draw(CW,TEE)",140151,7226.53,A2,-0.785,-0.31,0.47500000000000003
1845,7,14,Proposed,3,200,10,43,47,"PostGuard(CCW,10,2)",223966,11232.4,A2,0.885,1.44,0.5549999999999999
5780,2,6,Proposed,3,200,10,43,37,"Hit(CCW,5,MIDDLE)",110016,5714.06,A2,-0.75,-0.375,0.375
8645,7,5,Proposed,3,200,10,43,47,"Hit(CCW,2,MIDDLE)",129828,7183.17,A2,0.685,0.92,0.235
6132,0,13,Proposed,3,200,10,43,10,"Draw(CW,L0)",247518,11692.6,A2,1.75,2.62,0.8700000000000001
3339,4,10,Proposed,3,200,10,43,62,"PostGuard(CW,6,2)",56335,3314.1,A2,-0.995,-0.305,0.69
3566,6,14,Proposed,3,200,10,43,67,"Hit(CCW,9,MIDDLE)",225538,11514.7,A2,0.69,1.01,0.32000000000000006
5523,3,9,Proposed,3,200,10,43,55,"Hit(CCW,4,WEAK)",69981,4121.55,A2,0.74,0.74,0.0
7015,5,14,Proposed,3,200,10,43,46,"Hit(CW,3,MIDDLE)",221446,10995.3,A2,-3.285,-1.135,2.1500000000000004
743,7,3,Proposed,3,200,10,43,13,"Draw(CCW,L1)",154209,7828.58,A2,0.705,0.98,0.275
1014,4,15,Proposed,3,200,10,43,56,"PostGuard(CW,13,1)",204842,9665.64,A2,1.0,3.325,2.325
3900,0,10,Proposed,3,200,10,43,40,"Freeze(CW,9)",52580,2849.6,A2,-0.02,0.305,0.325
4543,6,5,Proposed,3,200,10,43,44,"Hit(CW,2,WEAK)",128334,6958.89,A2,0.78,1.09,0.31000000000000005
9231,5,14,Proposed,3,200,10,43,95,"PostGuard(CCW,12,0)",224318,9439.84,A2,1.365,2.025,0.6599999999999999
1825,5,7,Proposed,3,200,10,43,10,"Draw(CW,L0)",98608,4421.32,A2,0.555,0.865,0.30999999999999994
4062,4,15,Proposed,3,200,10,43,101,"PostGuard(CCW,7,1)",208862,11432.9,A2,-2.0,-0.475,1.525
9882,2,11,Proposed,3,200,10,43,44,"Hit(CW,4,WEAK)",52148,4175.47,A2,0.405,1.295,0.8899999999999999
2998,6,14,Proposed,3,200,10,43,76,"Hit(CW,9,MIDDLE)",227027,12545.5,A2,0.965,2.895,1.9300000000000002
1555,2,3,Proposed,3,200,10,43,36,"Hit(CW,0,MIDDLE)",154515,9030.96,A2,0.625,1.1,0.4750000000000001
4372,4,14,Proposed,3,200,10,43,13,"Draw(CCW,L1)",218310,12314.3,A2,-0.665,0.095,0.76
3732,7,7,Proposed,3,200,10,43,42,"PostGuard(CW,7,0)",93242,5508.38,A2,0.54,1.125,0.585
3858,5,5,Proposed,3,200,10,43,41,"Freeze(CCW,0)",130821,7699.22,A2,0.695,0.885,0.19000000000000006
1938,0,14,Proposed,3,200,10,43,44,"Hit(CW,11,WEAK)",224406,10551.2,A2,1.43,1.43,0.0
9112,3,9,Proposed,3,200,10,43,34,"Hit(CW,2,WEAK)",68078,3847.89,A2,0.625,0.76,0.135
4157,3,12,Proposed,3,200,10,43,34,"Hit(CW,3,WEAK)",22959,1837.66,A2,-1.14,-0.705,0.43499999999999994
7373,1,11,Proposed,3,200,10,43,36,"Hit(CW,2,MIDDLE)",48692,4118.84,A2,0.335,1.175,0.8400000000000001
7173,4,15,Proposed,3,200,10,43,139,"PostGuard(CCW,13,0)",205689,12060.4,A2,2.0,2.0,0.0
196,4,4,Proposed,3,200,10,43,24,"Draw(CW,L7)",139788,8497.13,A2,-0.76,-0.22,0.54
2630,2,14,Proposed,3,200,10,43,33,"Hit(CCW,11,TOUCH)",218425,12070.4,A2,-1.445,-1.07,0.375
5731,2,10,Proposed,3,200,10,43,13,"Draw(CCW,L1)",48764,2878.56,A2,-0.94,-0.555,0.3849999999999999
9518,4,5,Proposed,3,200,10,43,46,"Hit(CW,2,MIDDLE)",126127,7141.07,A2,0.845,0.985,0.14
8211,7,12,Proposed,3,200,10,43,66,"Hit(CW,11,MIDDLE)",26160,2059.22,A2,-1.34,-0.815,0.5250000000000001
7977,6,14,Proposed,3,200,10,44,75,"Hit(CCW,9,WEAK)",220326,10187.9,A2,-3.92,-1.635,2.285
3926,6,11,Proposed,3,200,10,44,37,"Hit(CCW,0,MIDDLE)",45115,2845.74,A2,-1.43,0.425,1.855
3883,1,14,Proposed,3,200,10,44,9,"Draw(CCW,S6)",217511,9798.23,A2,-0.67,-0.075,0.5950000000000001
9222,7,5,Proposed,3,200,10,44,9,"Draw(CCW,S6)",120670,5501.77,A2,0.995,1.315,0.31999999999999995
7881,2,15,Proposed,3,200,10,44,106,"PostGuard(CW,9,1)",206881,9460.12,A2,-1.0,1.72,2.7199999999999998
6406,1,10,Proposed,3,200,10,44,0,"Draw(CW,TEE)",50976,2596.56,A2,-0.385,-0.385,0.0
8452,5,15,Proposed,3,200,10,44,150,"ComeAround(CW,12,2)",204029,9296.75,A2,1.36,1.935,0.575
1028,6,15,Proposed,3,200,10,44,141,"PostGuard(CCW,13,1)",206785,9433.11,A2,1.0,1.0,0.0
2596,1,14,Proposed,3,200,10,44,95,"Hit(CCW,13,WEAK)",226629,10551.1,A2,1.495,1.97,0.47499999999999987
4748,1,3,Proposed,3,200,10,44,36,"Hit(CW,0,MIDDLE)",152160,7139.83,A2,0.31,0.985,0.675
9206,3,13,Proposed,3,200,10,44,32,"Hit(CW,12,TOUCH)",238969,10052.8,A2,0.335,1.73,1.395
5859,1,6,Proposed,3,200,10,44,41,"Freeze(CCW,1)",112792,5581.32,A2,-0.425,-0.015,0.41
6871,4,5,Proposed,3,200,10,44,52,"PostGuard(CW,1,0)",129995,6316.62,A2,1.18,1.32,0.14000000000000012
7163,3,13,Proposed,3,200,10,44,11,"Draw(CCW,L0)",250250,10698.1,A2,1.68,2.465,0.7849999999999999
5807,0,8,Proposed,3,200,10,44,56,"Hit(CW,7,MIDDLE)",88521,4265.12,A2,-0.76,0.03,0.79
5567,2,15,Proposed,3,200,10,44,109,"PostGuard(CCW,9,2)",206471,7782.82,A2,-1.0,1.93,2.9299999999999997
2507,3,11,Proposed,3,200,10,44,48,"Hit(CW,6,WEAK)",40915,1878.44,A2,0.785,1.715,0.93
7006,3,15,Proposed,3,200,10,44,135,"PostGuard(CCW,11,1)",206157,10000.3,A2,-1.0,-0.97,0.030000000000000027
1984,6,4,Proposed,3,200,10,44,47,"Hit(CCW,3,MIDDLE)",140043,7164.4,A2,-0.595,-0.31,0.285
1845,7,14,Proposed,3,200,10,44,21,"Draw(CCW,L5)",223705,11201.4,A2,-0.175,1.44,1.615
5780,2,6,Proposed,3,200,10,44,37,"Hit(CCW,5,MIDDLE)",110003,5720.05,A2,-0.75,-0.375,0.375
8645,7,5,Proposed,3,200,10,44,46,"Hit(CW,2,MIDDLE)",128920,7116.7,A2,0.62,0.92,0.30000000000000004
6132,0,13,Proposed,3,200,10,44,34,"Hit(CW,8,WEAK)",247206,13056.0,A2,1.445,2.62,1.175
3339,4,10,Proposed,3,200,10,44,62,"PostGuard(CW,6,2)",56258,3343.51,A2,-0.995,-0.305,0.69
3566,6,14,Proposed,3,200,10,44,57,"Hit(CCW,7,MIDDLE)",227277,11574.1,A2,0.51,1.01,0.5
5523,3,9,Proposed,3,200,10,44,55,"Hit(CCW,4,WEAK)",69936,4173.34,A2,0.74,0.74,0.0
7015,5,14,Proposed,3,200,10,44,54,"Hit(CW,5,WEAK)",221636,11049.9,A2,-1.925,-1.135,0.79
743,7,3,Proposed,3,200,10,44,13,"Draw(CCW,L1)",154797,7833.78,A2,0.705,0.98,0.275
1014,4,15,Proposed,3,200,10,44,52,"PostGuard(CW,11,2)",205646,9766.24,A2,1.0,3.325,2.325
3900,0,10,Proposed,3,200,10,44,0,"Draw(CW,TEE)",52095,2835.57,A2,0.305,0.305,0.0
4543,6,5,Proposed,3,200,10,44,34,"Hit(CW,0,WEAK)",127893,6930.05,A2,0.71,1.09,0.3800000000000001
9231,5,14,Proposed,3,200,10,44,75,"Hit(CCW,13,WEAK)",224512,9370.79,A2,-0.335,2.025,2.36
1825,5,7,Proposed,3,200,10,44,36,"Hit(CW,2,MIDDLE)",101069,4484.5,A2,0.665,0.865,0.19999999999999996
4062,4,15,Proposed,3,200,10,44,114,"PostGuard(CW,13,2)",206052,11829.8,A2,-2.0,-0.475,1.525
9882,2,11,Proposed,3,200,10,44,78,"PostGuard(CW,3,0)",52200,4235.53,A2,0.51,1.295,0.7849999999999999
2998,6,14,Proposed,3,200,10,44,37,"Hit(CCW,1,MIDDLE)",226925,13087.2,A2,2.17,2.895,0.7250000000000001
1555,2,3,Proposed,3,200,10,44,35,"Hit(CCW,0,WEAK)",154091,8917.48,A2,0.835,1.1,0.2650000000000001
4372,4,14,Proposed,3,200,10,44,34,"Hit(CW,13,WEAK)",217603,12057.5,A2,-0.875,0.095,0.97
3732,7,7,Proposed,3,200,10,44,42,"PostGuard(CW,7,0)",92344,5295.93,A2,0.54,1.125,0.585
3858,5,5,Proposed,3,200,10,44,41,"Freeze(CCW,0)",130652,7467.81,A2,0.695,0.885,0.19000000000000006
1938,0,14,Proposed,3,200,10,44,62,"PostGuard(CW,2,0)",226208,10421.1,A2,1.0,1.43,0.42999999999999994
9112,3,9,Proposed,3,200,10,44,56,"Hit(CW,6,MIDDLE)",68875,4027.06,A2,0.695,0.76,0.06500000000000006
4157,3,12,Proposed,3,200,10,44,34,"Hit(CW,3,WEAK)",23297,1856.02,A2,-1.14,-0.705,0.43499999999999994
7373,1,11,Proposed,3,200,10,44,10,"Draw(CW,L0)",47156,3831.44,A2,0.43,1.175,0.7450000000000001
7173,4,15,Proposed,3,200,10,44,132,"PostGuard(CW,11,0)",205730,11916.7,A2,2.0,2.0,0.0
196,4,4,Proposed,3,200,10,44,44,"PostGuard(CW,2,1)",138731,8372.35,A2,-0.385,-0.22,0.165
2630,2,14,Proposed,3,200,10,44,42,"Hit(CW,13,TOUCH)",217905,11929.9,A2,-2.075,-1.07,1.0050000000000001
5731,2,10,Proposed,3,200,10,44,36,"Hit(CW,9,MIDDLE)",49222,3017.83,A2,-0.72,-0.555,0.16499999999999992
9518,4,5,Proposed,3,200,10,44,44,"Hit(CW,2,WEAK)",126870,7090.07,A2,0.705,0.985,0.28
8211,7,12,Proposed,3,200,10,44,66,"Hit(CW,11,MIDDLE)",25960,2065.74,A2,-1.34,-0.815,0.5250000000000001
7977,6,14,Proposed,3,200,10,45,95,"Hit(CCW,13,WEAK)",220399,7871.83,A2,-3.14,-1.635,1.5050000000000001
3926,6,11,Proposed,3,200,10,45,35,"Hit(CCW,0,WEAK)",44080,2120.2,A2,-0.595,0.425,1.02
3883,1,14,Proposed,3,200,10,45,6,"Draw(CW,S4)",216229,10213.5,A2,-0.48,-0.075,0.40499999999999997
9222,7,5,Proposed,3,200,10,45,12,"Draw(CW,L1)",120227,5737.97,A2,0.885,1.315,0.42999999999999994
7881,2,15,Proposed,3,200,10,45,111,"PostGuard(CCW,11,0)",207593,9913.95,A2,-1.0,1.72,2.7199999999999998
6406,1,10,Proposed,3,200,10,45,0,"Draw(CW,TEE)",52294,2820.67,A2,-0.385,-0.385,0.0
8452,5,15,Proposed,3,200,10,45,147,"ComeAround(CCW,12,0)",206089,7245.51,A2,1.0,1.935,0.935
1028,6,15,Proposed,3,200,10,45,149,"PostGuard(CCW,15,2)",204246,9769.74,A2,1.0,1.0,0.0
2596,1,14,Proposed,3,200,10,45,85,"Hit(CCW,11,WEAK)",226959,11043.1,A2,0.875,1.97,1.095
4748,1,3,Proposed,3,200,10,45,11,"Draw(CCW,L0)",151160,5458.99,A2,0.54,0.985,0.44499999999999995
9206,3,13,Proposed,3,200,10,45,26,"PreGuard(CW,G3)",237467,11018.4,A2,-0.695,1.73,2.425
5859,1,6,Proposed,3,200,10,45,61,"PostGuard(CCW,4,1)",112244,5820.53,A2,-0.585,-0.015,0.57
6871,4,5,Proposed,3,200,10,45,52,"PostGuard(CW,1,0)",130154,6849.82,A2,1.18,1.32,0.14000000000000012
7163,3,13,Proposed,3,200,10,45,11,"Draw(CCW,L0)",250006,10793.9,A2,1.68,2.465,0.7849999999999999
5807,0,8,Proposed,3,200,10,45,71,"PostGuard(CCW,4,1)",89003,3671.85,A2,-0.035,0.03,0.065
5567,2,15,Proposed,3,200,10,45,111,"PostGuard(CCW,11,0)",205144,7634.7,A2,-1.0,1.93,2.9299999999999997
2507,3,11,Proposed,3,200,10,45,39,"Hit(CCW,4,WEAK)",40608,2419.02,A2,1.66,1.715,0.05500000000000016
7006,3,15,Proposed,3,200,10,45,135,"PostGuard(CCW,11,1)",206453,10283.0,A2,-1.0,-0.97,0.030000000000000027
1984,6,4,Proposed,3,200,10,45,47,"Hit(CCW,3,MIDDLE)",140521,7461.27,A2,-0.595,-0.31,0.285
1845,7,14,Proposed,3,200,10,45,37,"Hit(CCW,13,MIDDLE)",222295,11178.4,A2,-0.45,1.44,1.89
5780,2,6,Proposed,3,200,10,45,37,"Hit(CCW,5,MIDDLE)",109101,5683.32,A2,-0.75,-0.375,0.375
8645,7,5,Proposed,3,200,10,45,46,"Hit(CW,2,MIDDLE)",129841,7158.54,A2,0.62,0.92,0.30000000000000004
6132,0,13,Proposed,3,200,10,45,47,"Hit(CCW,10,MIDDLE)",248683,13120.6,A2,1.76,2.62,0.8600000000000001
3339,4,10,Proposed,3,200,10,45,62,"PostGuard(CW,6,2)",56283,3296.67,A2,-0.995,-0.305,0.69
3566,6,14,Proposed,3,200,10,45,86,"Hit(CW,13,MIDDLE)",224955,11505.7,A2,0.105,1.01,0.905
5523,3,9,Proposed,3,200,10,45,57,"Hit(CCW,4,MIDDLE)",68731,4158.8,A2,0.605,0.74,0.135
7015,5,14,Proposed,3,200,10,45,45,"Hit(CCW,3,WEAK)",221097,10974.3,A2,-3.365,-1.135,2.2300000000000004
743,7,3,Proposed,3,200,10,45,24,"Draw(CW,L7)",153229,8004.04,A2,0.555,0.98,0.42499999999999993
1014,4,15,Proposed,3,200,10,45,0,"Draw(CW,TEE)",205598,9709.59,A2,1.035,3.325,2.29
3900,0,10,Proposed,3,200,10,45,0,"Draw(CW,TEE)",51995,2905.9,A2,0.305,0.305,0.0
4543,6,5,Proposed,3,200,10,45,34,"Hit(CW,0,WEAK)",128424,6953.17,A2,0.71,1.09,0.3800000000000001
9231,5,14,Proposed,3,200,10,45,6,"Draw(CW,S4)",225056,9135.41,A2,1.545,2.025,0.48
1825,5,7,Proposed,3,200,10,45,6,"Draw(CW,S4)",101892,4330.43,A2,0.55,0.865,0.31499999999999995
4062,4,15,Proposed,3,200,10,45,104,"PostGuard(CW,11,0)",206478,11725.5,A2,-2.0,-0.475,1.525
9882,2,11,Proposed,3,200,10,45,11,"Draw(CCW,L0)",52545,4397.45,A2,0.17,1.295,1.125
2998,6,14,Proposed,3,200,10,45,44,"Hit(CW,3,WEAK)",225386,13205.2,A2,1.73,2.895,1.165
1555,2,3,Proposed,3,200,10,45,11,"Draw(CCW,L0)",153317,8886.87,A2,0.805,1.1,0.29500000000000004
4372,4,14,Proposed,3,200,10,45,7,"Draw(CCW,S4)",218534,11660.1,A2,-0.345,0.095,0.43999999999999995
3732,7,7,Proposed,3,200,10,45,44,"PostGuard(CW,7,1)",93606,5199.14,A2,0.74,1.125,0.385
3858,5,5,Proposed,3,200,10,45,41,"Freeze(CCW,0)",130439,7547.02,A2,0.695,0.885,0.19000000000000006
1938,0,14,Proposed,3,200,10,45,33,"Hit(CCW,9,TOUCH)",223839,10206.1,A2,1.04,1.43,0.3899999999999999
9112,3,9,Proposed,3,200,10,45,56,"Hit(CW,6,MIDDLE)",68363,3911.96,A2,0.695,0.76,0.06500000000000006
4157,3,12,Proposed,3,200,10,45,34,"Hit(CW,3,WEAK)",23173,1837.73,A2,-1.14,-0.705,0.43499999999999994
7373,1,11,Proposed,3,200,10,45,36,"Hit(CW,2,MIDDLE)",48758,4065.59,A2,0.335,1.175,0.8400000000000001
7173,4,15,Proposed,3,200,10,45,135,"PostGuard(CCW,11,1)",204051,11767.5,A2,2.0,2.0,0.0
196,4,4,Proposed,3,200,10,45,36,"Hit(CW,3,MIDDLE)",138723,8284.64,A2,-0.39,-0.22,0.17
2630,2,14,Proposed,3,200,10,45,9,"Draw(CCW,S6)",218787,11980.3,A2,-2.845,-1.07,1.7750000000000001
5731,2,10,Proposed,3,200,10,45,18,"Draw(CW,L4)",49189,3034.37,A2,-0.995,-0.555,0.43999999999999995
9518,4,5,Proposed,3,200,10,45,44,"Hit(CW,2,WEAK)",127453,7168.94,A2,0.705,0.985,0.28
8211,7,12,Proposed,3,200,10,45,66,"Hit(CW,11,MIDDLE)",26028,2071.03,A2,-1.34,-0.815,0.5250000000000001
7977,6,14,Proposed,3,200,10,46,46,"Hit(CW,3,MIDDLE)",221816,10230.5,A2,-3.235,-1.635,1.5999999999999999
3926,6,11,Proposed,3,200,10,46,35,"Hit(CCW,0,WEAK)",46177,2926.38,A2,-0.595,0.425,1.02
3883,1,14,Proposed,3,200,10,46,36,Pass,217666,9267.58,A2,-0.955,-0.075,0.88
9222,7,5,Proposed,3,200,10,46,9,"Draw(CCW,S6)",119463,5468.25,A2,0.995,1.315,0.31999999999999995
7881,2,15,Proposed,3,200,10,46,110,"PostGuard(CW,11,0)",208195,9533.33,A2,-1.0,1.72,2.7199999999999998
6406,1,10,Proposed,3,200,10,46,0,"Draw(CW,TEE)",50683,2601.6,A2,-0.385,-0.385,0.0
8452,5,15,Proposed,3,200,10,46,137,"PostGuard(CCW,13,1)",205664,9348.84,A2,1.0,1.935,0.935
1028,6,15,Proposed,3,200,10,46,125,"PostGuard(CCW,7,2)",205067,7634.72,A2,1.0,1.0,0.0
2596,1,14,Proposed,3,200,10,46,84,"Hit(CW,11,WEAK)",225070,10503.1,A2,0.73,1.97,1.24
4748,1,3,Proposed,3,200,10,46,11,"Draw(CCW,L0)",152411,6228.7,A2,0.54,0.985,0.44499999999999995
9206,3,13,Proposed,3,200,10,46,22,"Draw(CW,L6)",239722,10044.0,A2,-0.44,1.73,2.17
5859,1,6,Proposed,3,200,10,46,43,"Hit(CCW,5,TOUCH)",112474,5566.12,A2,-0.52,-0.015,0.505
6871,4,5,Proposed,3,200,10,46,52,"PostGuard(CW,1,0)",129461,4826.15,A2,1.18,1.32,0.14000000000000012
7163,3,13,Proposed,3,200,10,46,31,"PreGuard(CCW,G5)",250345,10812.6,A2,0.42,2.465,2.045
5807,0,8,Proposed,3,200,10,46,45,"Hit(CCW,5,WEAK)",88662,3884.19,A2,-0.885,0.03,0.915
5567,2,15,Proposed,3,200,10,46,109,"PostGuard(CCW,9,2)",205808,7775.18,A2,-1.0,1.93,2.9299999999999997
2507,3,11,Proposed,3,200,10,46,48,"Hit(CW,6,WEAK)",41599,2457.86,A2,0.785,1.715,0.93
7006,3,15,Proposed,3,200,10,46,120,"PostGuard(CW,7,0)",207672,10352.1,A2,-1.0,-0.97,0.030000000000000027
1984,6,4,Proposed,3,200,10,46,47,"Hit(CCW,3,MIDDLE)",140822,5922.28,A2,-0.595,-0.31,0.285
1845,7,14,Proposed,3,200,10,46,48,"PostGuard(CW,12,0)",223932,10463.2,A2,1.005,1.44,0.43500000000000005
5780,2,6,Proposed,3,200,10,46,37,"Hit(CCW,5,MIDDLE)",109114,5701.83,A2,-0.75,-0.375,0.375
8645,7,5,Proposed,3,200,10,46,35,"Hit(CCW,0,WEAK)",129211,7096.83,A2,0.74,0.92,0.18000000000000005
6132,0,13,Proposed,3,200,10,46,46,"Hit(CW,10,MIDDLE)",245847,11471.1,A2,1.725,2.62,0.895
3339,4,10,Proposed,3,200,10,46,62,"PostGuard(CW,6,2)",56957,3369.96,A2,-0.995,-0.305,0.69
3566,6,14,Proposed,3,200,10,46,35,"Hit(CCW,1,WEAK)",225210,8686.56,A2,-0.27,1.01,1.28
5523,3,9,Proposed,3,200,10,46,55,"Hit(CCW,4,WEAK)",68371,4202.49,A2,0.74,0.74,0.0
7015,5,14,Proposed,3,200,10,46,12,"Draw(CW,L1)",221984,10982.8,A2,-3.25,-1.135,2.115
743,7,3,Proposed,3,200,10,46,9,"Draw(CCW,S6)",154870,8065.84,A2,0.64,0.98,0.33999999999999997
1014,4,15,Proposed,3,200,10,46,54,"PostGuard(CW,13,0)",205237,8904.25,A2,1.0,3.325,2.325
3900,0,10,Proposed,3,200,10,46,40,"Freeze(CW,9)",51220,2859.17,A2,-0.02,0.305,0.325
4543,6,5,Proposed,3,200,10,46,34,"Hit(CW,0,WEAK)",128705,5522.05,A2,0.71,1.09,0.3800000000000001
9231,5,14,Proposed,3,200,10,46,74,"Hit(CW,13,WEAK)",224922,9156.21,A2,-0.41,2.025,2.435
1825,5,7,Proposed,3,200,10,46,1,"Draw(CCW,TEE)",99297,4578.36,A2,0.79,0.865,0.07499999999999996
4062,4,15,Proposed,3,200,10,46,107,"PostGuard(CCW,11,1)",207609,11127.0,A2,-2.0,-0.475,1.525
9882,2,11,Proposed,3,200,10,46,47,"Hit(CCW,4,MIDDLE)",52334,4423.89,A2,-0.08,1.295,1.375
2998,6,14,Proposed,3,200,10,46,95,"Hit(CCW,13,WEAK)",227129,13359.2,A2,2.41,2.895,0.4849999999999999
1555,2,3,Proposed,3,200,10,46,36,"Hit(CW,0,MIDDLE)",152470,8824.59,A2,0.625,1.1,0.4750000000000001
4372,4,14,Proposed,3,200,10,46,32,"Hit(CW,13,TOUCH)",218558,11627.9,A2,-1.19,0.095,1.285
3732,7,7,Proposed,3,200,10,46,44,"PostGuard(CW,7,1)",92288,5358.11,A2,0.74,1.125,0.385
3858,5,5,Proposed,3,200,10,46,35,"Hit(CCW,0,WEAK)",131230,7762.18,A2,0.545,0.885,0.33999999999999997
1938,0,14,Proposed,3,200,10,46,62,"PostGuard(CW,2,0)",224258,10200.5,A2,1.0,1.43,0.42999999999999994
9112,3,9,Proposed,3,200,10,46,37,"Hit(CCW,2,MIDDLE)",65938,3844.75,A2,0.76,0.76,0.0
4157,3,12,Proposed,3,200,10,46,34,"Hit(CW,3,WEAK)",23420,1896.57,A2,-1.14,-0.705,0.43499999999999994
7373,1,11,Proposed,3,200,10,46,36,"Hit(CW,2,MIDDLE)",49649,4178.81,A2,0.335,1.175,0.8400000000000001
7173,4,15,Proposed,3,200,10,46,145,"PostGuard(CCW,15,0)",205697,12063.6,A2,2.0,2.0,0.0
196,4,4,Proposed,3,200,10,46,36,"Hit(CW,3,MIDDLE)",137369,8447.17,A2,-0.39,-0.22,0.17
2630,2,14,Proposed,3,200,10,46,52,"PostGuard(CW,10,0)",218801,12064.6,A2,-2.725,-1.07,1.655
5731,2,10,Proposed,3,200,10,46,13,"Draw(CCW,L1)",48550,3026.62,A2,-0.94,-0.555,0.3849999999999999
9518,4,5,Proposed,3,200,10,46,46,"Hit(CW,2,MIDDLE)",127929,7281.03,A2,0.845,0.985,0.14
8211,7,12,Proposed,3,200,10,46,66,"Hit(CW,11,MIDDLE)",24535,1932.06,A2,-1.34,-0.815,0.5250000000000001
7977,6,14,RandomK,3,200,10,42,50,"Freeze(CW,3)",221645,8026.53,A5,-3.39,-1.635,1.7550000000000001
3926,6,11,RandomK,3,200,10,42,62,"Hit(CW,6,TOUCH)",55873,4450.96,A5,-0.865,0.425,1.29
3883,1,14,RandomK,3,200,10,42,6,"Draw(CW,S4)",217004,10314.3,A5,-0.48,-0.075,0.40499999999999997
9222,7,5,RandomK,3,200,10,42,9,"Draw(CCW,S6)",121384,5787.04,A5,0.995,1.315,0.31999999999999995
7881,2,15,RandomK,3,200,10,42,14,"Draw(CW,L2)",207594,9970.39,A5,-1.0,1.72,2.7199999999999998
6406,1,10,RandomK,3,200,10,42,6,"Draw(CW,S4)",50821,2706.24,A5,-0.435,-0.385,0.04999999999999999
8452,5,15,RandomK,3,200,10,42,132,"PostGuard(CW,11,2)",206209,9795.62,A5,1.0,1.935,0.935
1028,6,15,RandomK,3,200,10,42,2,"Draw(CW,S0)",205867,9820.25,A5,-0.045,1.0,1.045
2596,1,14,RandomK,3,200,10,42,129,"PostGuard(CCW,8,1)",226753,11064.9,A5,1.505,1.97,0.4650000000000001
4748,1,3,RandomK,3,200,10,42,43,"PostGuard(CCW,3,0)",152485,6946.41,A5,0.835,0.985,0.15000000000000002
9206,3,13,RandomK,3,200,10,42,18,"Draw(CW,L4)",240053,10442.5,A5,-0.435,1.73,2.165
5859,1,6,RandomK,3,200,10,42,40,"Freeze(CW,1)",114515,6133.93,A5,-0.36,-0.015,0.345
6871,4,5,RandomK,3,200,10,42,42,"Hit(CW,2,TOUCH)",130995,6894.41,A5,0.76,1.32,0.56
7163,3,13,RandomK,3,200,10,42,33,"Hit(CCW,2,TOUCH)",252019,10103.5,A5,0.4,2.465,2.065
5807,0,8,RandomK,3,200,10,42,19,"Draw(CCW,L4)",90451,5042.51,A5,-0.44,0.03,0.47
5567,2,15,RandomK,3,200,10,42,95,"PostGuard(CCW,3,1)",208402,7605.8,A5,-1.0,1.93,2.9299999999999997
2507,3,11,RandomK,3,200,10,42,39,"Hit(CCW,4,WEAK)",38206,2020.46,A5,1.66,1.715,0.05500000000000016
7006,3,15,RandomK,3,200,10,42,113,"PostGuard(CCW,3,2)",207735,10806.0,A5,-1.0,-0.97,0.030000000000000027
1984,6,4,RandomK,3,200,10,42,49,"Hit(CCW,3,STRONG)",142772,8003.83,A5,-0.575,-0.31,0.26499999999999996
1845,7,14,RandomK,3,200,10,42,9,"Draw(CCW,S6)",223076,11749.3,A5,-0.465,1.44,1.905
5780,2,6,RandomK,3,200,10,42,38,"Hit(CW,5,STRONG)",109228,5889.45,A5,-0.575,-0.375,0.19999999999999996
8645,7,5,RandomK,3,200,10,42,0,"Draw(CW,TEE)",128300,7498.31,A5,0.59,0.92,0.33000000000000007
6132,0,13,RandomK,3,200,10,42,33,"Hit(CCW,8,TOUCH)",244785,13394.3,A5,2.08,2.62,0.54
3339,4,10,RandomK,3,200,10,42,43,"Hit(CCW,9,TOUCH)",53178,3200.67,A5,-0.705,-0.305,0.39999999999999997
3566,6,14,RandomK,3,200,10,42,41,"Freeze(CCW,1)",226420,12090.6,A5,0.79,1.01,0.21999999999999997
5523,3,9,RandomK,3,200,10,42,66,"Hit(CW,6,MIDDLE)",70296,4527.89,A5,-0.015,0.74,0.755
7015,5,14,RandomK,3,200,10,42,10,"Draw(CW,L0)",222505,11519.3,A5,-2.805,-1.135,1.6700000000000002
743,7,3,RandomK,3,200,10,42,2,"Draw(CW,S0)",153471,8366.31,A5,0.705,0.98,0.275
1014,4,15,RandomK,3,200,10,42,54,"PostGuard(CW,13,0)",205218,9602.75,A5,1.0,3.325,2.325
3900,0,10,RandomK,3,200,10,42,38,"Hit(CW,9,STRONG)",48726,2712.34,A5,-0.275,0.305,0.5800000000000001
4543,6,5,RandomK,3,200,10,42,44,"Hit(CW,2,WEAK)",128984,7235.31,A5,0.78,1.09,0.31000000000000005
9231,5,14,RandomK,3,200,10,42,15,"Draw(CCW,L2)",225920,9561.92,A5,1.4,2.025,0.625
1825,5,7,RandomK,3,200,10,42,6,"Draw(CW,S4)",99949,4260.64,A5,0.55,0.865,0.31499999999999995
4062,4,15,RandomK,3,200,10,42,50,"Freeze(CW,4)",207823,11602.3,A5,-2.0,-0.475,1.525
9882,2,11,RandomK,3,200,10,42,61,"Freeze(CCW,6)",48935,3940.79,A5,0.38,1.295,0.9149999999999999
2998,6,14,RandomK,3,200,10,42,98,"Hit(CW,13,STRONG)",226680,12678.9,A5,2.395,2.895,0.5
1555,2,3,RandomK,3,200,10,42,21,"Draw(CCW,L5)",155367,8716.77,A5,0.805,1.1,0.29500000000000004
4372,4,14,RandomK,3,200,10,42,35,"Hit(CCW,13,WEAK)",217921,11681.7,A5,-0.705,0.095,0.7999999999999999
3732,7,7,RandomK,3,200,10,42,19,"Draw(CCW,L4)",92723,4950.33,A5,0.995,1.125,0.13
3858,5,5,RandomK,3,200,10,42,25,"Draw(CCW,L7)",131844,7818.0,A5,0.63,0.885,0.255
1938,0,14,RandomK,3,200,10,42,64,"PostGuard(CW,2,1)",225148,10419.9,A5,0.955,1.43,0.475
9112,3,9,RandomK,3,200,10,42,37,"Hit(CCW,2,MIDDLE)",67613,3972.98,A5,0.76,0.76,0.0
4157,3,12,RandomK,3,200,10,42,39,"Hit(CCW,3,STRONG)",30120,2725.19,A5,-1.83,-0.705,1.125
7373,1,11,RandomK,3,200,10,42,1,"Draw(CCW,TEE)",49387,4258.98,A5,1.055,1.175,0.1200000000000001
7173,4,15,RandomK,3,200,10,42,129,"PostGuard(CCW,9,1)",205560,11879.4,A5,2.0,2.0,0.0
196,4,4,RandomK,3,200,10,42,9,"Draw(CCW,S6)",139636,8562.44,A5,-0.475,-0.22,0.255
2630,2,14,RandomK,3,200,10,42,51,"Freeze(CCW,13)",223933,11934.0,A5,-2.58,-1.07,1.51
5731,2,10,RandomK,3,200,10,42,0,"Draw(CW,TEE)",47772,2938.23,A5,-1.335,-0.555,0.7799999999999999
9518,4,5,RandomK,3,200,10,42,49,"Hit(CCW,2,STRONG)",126457,7006.93,A5,0.475,0.985,0.51
8211,7,12,RandomK,3,200,10,42,6,"Draw(CW,S4)",24176,1937.96,A5,-1.225,-0.815,0.41000000000000014
7977,6,14,RandomK,3,200,10,43,121,"PostGuard(CCW,6,0)",223057,10294.5,A5,-3.355,-1.635,1.72
3926,6,11,RandomK,3,200,10,43,69,"Hit(CCW,6,STRONG)",44254,2863.65,A5,-0.42,0.425,0.845
3883,1,14,RandomK,3,200,10,43,27,"PreGuard(CCW,G3)",217764,10276.5,A5,-0.835,-0.075,0.76
9222,7,5,RandomK,3,200,10,43,21,"Draw(CCW,L5)",120982,5751.17,A5,0.95,1.315,0.365
7881,2,15,RandomK,3,200,10,43,30,"PreGuard(CW,G5)",207461,9892.32,A5,-1.0,1.72,2.7199999999999998
6406,1,10,RandomK,3,200,10,43,51,"Freeze(CCW,9)",51343,2759.74,A5,-0.79,-0.385,0.405
8452,5,15,RandomK,3,200,10,43,140,"PostGuard(CW,15,0)",204975,9742.1,A5,1.0,1.935,0.935
1028,6,15,RandomK,3,200,10,43,125,"PostGuard(CCW,7,2)",205455,9314.73,A5,1.0,1.0,0.0
2596,1,14,RandomK,3,200,10,43,25,"Draw(CCW,L7)",228164,11089.9,A5,1.44,1.97,0.53
4748,1,3,RandomK,3,200,10,43,37,"Hit(CCW,0,MIDDLE)",151065,7380.27,A5,0.85,0.985,0.135
9206,3,13,RandomK,3,200,10,43,48,Pass,237660,10940.8,A5,-0.52,1.73,2.25
5859,1,6,RandomK,3,200,10,43,2,"Draw(CW,S0)",111909,5618.09,A5,-0.22,-0.015,0.20500000000000002
6871,4,5,RandomK,3,200,10,43,57,"PostGuard(CCW,1,2)",130327,6510.1,A5,0.705,1.32,0.6150000000000001
7163,3,13,RandomK,3,200,10,43,73,"PostGuard(CCW,9,0)",249352,10991.2,A5,0.525,2.465,1.94
5807,0,8,RandomK,3,200,10,43,79,"PostGuard(CCW,6,2)",91427,4455.88,A5,-0.275,0.03,0.30500000000000005
5567,2,15,RandomK,3,200,10,43,79,"Hit(CCW,10,STRONG)",205757,7768.11,A5,1.885,1.93,0.04499999999999993
2507,3,11,RandomK,3,200,10,43,60,"Hit(CW,8,MIDDLE)",39248,2133.27,A5,1.42,1.715,0.29500000000000015
7006,3,15,RandomK,3,200,10,43,112,"PostGuard(CW,3,2)",208781,10935.3,A5,-1.0,-0.97,0.030000000000000027
1984,6,4,RandomK,3,200,10,43,42,"Hit(CW,3,TOUCH)",140236,7886.06,A5,-0.695,-0.31,0.38499999999999995
1845,7,14,RandomK,3,200,10,43,14,"Draw(CW,L2)",218128,11413.1,A5,-0.505,1.44,1.9449999999999998
5780,2,6,RandomK,3,200,10,43,37,"Hit(CCW,5,MIDDLE)",110072,5713.06,A5,-0.75,-0.375,0.375
8645,7,5,RandomK,3,200,10,43,35,"Hit(CCW,0,WEAK)",130363,7724.68,A5,0.74,0.92,0.18000000000000005
6132,0,13,RandomK,3,200,10,43,47,"Hit(CCW,10,MIDDLE)",243717,13362.3,A5,1.76,2.62,0.8600000000000001
3339,4,10,RandomK,3,200,10,43,2,"Draw(CW,S0)",52433,3137.03,A5,-0.67,-0.305,0.36500000000000005
3566,6,14,RandomK,3,200,10,43,47,"Hit(CCW,5,MIDDLE)",225608,11822.3,A5,-0.595,1.01,1.605
5523,3,9,RandomK,3,200,10,43,56,"Hit(CW,4,MIDDLE)",66761,4113.02,A5,0.445,0.74,0.295
7015,5,14,RandomK,3,200,10,43,131,"PostGuard(CCW,8,2)",221745,11319.3,A5,-3.1,-1.135,1.965
743,7,3,RandomK,3,200,10,43,41,"Freeze(CCW,0)",153782,8440.4,A5,0.455,0.98,0.5249999999999999
1014,4,15,RandomK,3,200,10,43,22,"Draw(CW,L6)",206832,10130.2,A5,1.0,3.325,2.325
3900,0,10,RandomK,3,200,10,43,37,"Hit(CCW,9,MIDDLE)",49268,2747.37,A5,-0.52,0.305,0.825
4543,6,5,RandomK,3,200,10,43,35,"Hit(CCW,0,WEAK)",127470,7149.98,A5,0.465,1.09,0.625
9231,5,14,RandomK,3,200,10,43,40,"Freeze(CW,3)",224169,9718.73,A5,1.365,2.025,0.6599999999999999
1825,5,7,RandomK,3,200,10,43,38,"Hit(CW,2,STRONG)",99745,4317.06,A5,0.72,0.865,0.14500000000000002
4062,4,15,RandomK,3,200,10,43,32,"Hit(CW,2,TOUCH)",208767,11633.0,A5,-2.225,-0.475,1.75
9882,2,11,RandomK,3,200,10,43,61,"Freeze(CCW,6)",51398,4290.51,A5,0.38,1.295,0.9149999999999999
2998,6,14,RandomK,3,200,10,43,116,"PostGuard(CW,4,1)",227518,13048.4,A5,2.08,2.895,0.815
1555,2,3,RandomK,3,200,10,43,20,"Draw(CW,L5)",153171,8798.71,A5,1.035,1.1,0.06500000000000017
4372,4,14,RandomK,3,200,10,43,39,"Hit(CCW,13,STRONG)",218313,12107.8,A5,-0.85,0.095,0.945
3732,7,7,RandomK,3,200,10,43,4,"Draw(CW,S2)",92417,5310.92,A5,0.635,1.125,0.49
3858,5,5,RandomK,3,200,10,43,40,"Freeze(CW,0)",130574,7697.75,A5,0.885,0.885,0.0
1938,0,14,RandomK,3,200,10,43,18,"Draw(CW,L4)",224440,10186.9,A5,1.07,1.43,0.3599999999999999
9112,3,9,RandomK,3,200,10,43,37,"Hit(CCW,2,MIDDLE)",66889,3915.45,A5,0.76,0.76,0.0
4157,3,12,RandomK,3,200,10,43,39,"Hit(CCW,3,STRONG)",27734,2273.11,A5,-1.83,-0.705,1.125
7373,1,11,RandomK,3,200,10,43,11,"Draw(CCW,L0)",48753,4119.5,A5,0.98,1.175,0.19500000000000006
7173,4,15,RandomK,3,200,10,43,104,"PostGuard(CW,1,1)",205460,11863.5,A5,2.0,2.0,0.0
196,4,4,RandomK,3,200,10,43,41,"Freeze(CCW,3)",139338,8431.65,A5,-0.775,-0.22,0.555
2630,2,14,RandomK,3,200,10,43,43,"Hit(CCW,13,TOUCH)",218407,11756.8,A5,-2.565,-1.07,1.4949999999999999
5731,2,10,RandomK,3,200,10,43,1,"Draw(CCW,TEE)",47548,2905.54,A5,-0.87,-0.555,0.31499999999999995
9518,4,5,RandomK,3,200,10,43,35,"Hit(CCW,0,WEAK)",127749,7248.75,A5,0.71,0.985,0.275
8211,7,12,RandomK,3,200,10,43,57,"Hit(CCW,9,MIDDLE)",22239,1742.79,A5,-1.12,-0.815,0.30500000000000016
7977,6,14,RandomK,3,200,10,44,46,"Hit(CW,3,MIDDLE)",220442,10309.8,A5,-3.235,-1.635,1.5999999999999999
3926,6,11,RandomK,3,200,10,44,87,"Hit(CCW,10,MIDDLE)",41656,2596.07,A5,-0.605,0.425,1.03
3883,1,14,RandomK,3,200,10,44,21,"Draw(CCW,L5)",217380,9762.97,A5,-0.615,-0.075,0.54
9222,7,5,RandomK,3,200,10,44,18,"Draw(CW,L4)",119861,5492.56,A5,0.705,1.315,0.61
7881,2,15,RandomK,3,200,10,44,41,"Freeze(CCW,2)",206752,9455.13,A5,-1.035,1.72,2.755
6406,1,10,RandomK,3,200,10,44,48,"Hit(CW,9,STRONG)",51346,2605.69,A5,-0.655,-0.385,0.27
8452,5,15,RandomK,3,200,10,44,95,"Hit(CCW,12,STRONG)",204433,8795.44,A5,-1.48,1.935,3.415
1028,6,15,RandomK,3,200,10,44,20,"Draw(CW,L5)",207084,9456.83,A5,1.0,1.0,0.0
2596,1,14,RandomK,3,200,10,44,47,"Hit(CCW,3,MIDDLE)",221422,10277.6,A5,1.555,1.97,0.41500000000000004
4748,1,3,RandomK,3,200,10,44,17,"Draw(CCW,L3)",152031,7136.59,A5,0.755,0.985,0.22999999999999998
9206,3,13,RandomK,3,200,10,44,17,"Draw(CCW,L3)",239631,10255.5,A5,-0.42,1.73,2.15
5859,1,6,RandomK,3,200,10,44,55,"PostGuard(CCW,2,1)",114134,5872.87,A5,-0.495,-0.015,0.48
6871,4,5,RandomK,3,200,10,44,55,"PostGuard(CCW,1,1)",130353,4913.51,A5,0.715,1.32,0.6050000000000001
7163,3,13,RandomK,3,200,10,44,26,"PreGuard(CW,G3)",249190,10624.6,A5,0.625,2.465,1.8399999999999999
5807,0,8,RandomK,3,200,10,44,74,"PostGuard(CW,6,0)",90679,4827.56,A5,-0.165,0.03,0.195
5567,2,15,RandomK,3,200,10,44,123,"PostGuard(CCW,15,0)",208639,7347.1,A5,-1.0,1.93,2.9299999999999997
2507,3,11,RandomK,3,200,10,44,73,"Hit(CCW,10,STRONG)",42083,1882.1,A5,0.675,1.715,1.04
7006,3,15,RandomK,3,200,10,44,68,"Hit(CW,8,STRONG)",205983,10296.5,A5,-1.01,-0.97,0.040000000000000036
1984,6,4,RandomK,3,200,10,44,46,"Hit(CW,3,MIDDLE)",142356,7680.9,A5,-0.61,-0.31,0.3
1845,7,14,RandomK,3,200,10,44,30,"PreGuard(CW,G5)",223799,11249.7,A5,-0.5,1.44,1.94
5780,2,6,RandomK,3,200,10,44,36,"Hit(CW,5,MIDDLE)",109176,5671.85,A5,-0.485,-0.375,0.10999999999999999
8645,7,5,RandomK,3,200,10,44,7,"Draw(CCW,S4)",129271,7305.58,A5,0.835,0.92,0.08500000000000008
6132,0,13,RandomK,3,200,10,44,11,"Draw(CCW,L0)",245445,13004.0,A5,2.015,2.62,0.605
3339,4,10,RandomK,3,200,10,44,42,"Hit(CW,9,TOUCH)",51857,3010.62,A5,-0.5,-0.305,0.195
3566,6,14,RandomK,3,200,10,44,18,"Draw(CW,L4)",227164,11634.7,A5,0.57,1.01,0.44000000000000006
5523,3,9,RandomK,3,200,10,44,0,"Draw(CW,TEE)",78830,5338.46,A5,0.08,0.74,0.66
7015,5,14,RandomK,3,200,10,44,94,"Hit(CW,13,WEAK)",221865,11287.8,A5,-3.02,-1.135,1.885
743,7,3,RandomK,3,200,10,44,36,"Hit(CW,0,MIDDLE)",154815,8145.58,A5,0.49,0.98,0.49
1014,4,15,RandomK,3,200,10,44,26,"PreGuard(CW,G3)",205904,9798.25,A5,1.0,3.325,2.325
3900,0,10,RandomK,3,200,10,44,0,"Draw(CW,TEE)",50588,2816.19,A5,0.305,0.305,0.0
4543,6,5,RandomK,3,200,10,44,49,"Hit(CCW,2,STRONG)",129163,7105.02,A5,0.705,1.09,0.3850000000000001
9231,5,14,RandomK,3,200,10,44,88,"PostGuard(CW,10,0)",224779,9066.47,A5,1.385,2.025,0.6399999999999999
1825,5,7,RandomK,3,200,10,44,33,"Hit(CCW,2,TOUCH)",99960,4392.14,A5,0.68,0.865,0.18499999999999994
4062,4,15,RandomK,3,200,10,44,61,"Freeze(CCW,6)",206384,11840.0,A5,-2.485,-0.475,2.01
9882,2,11,RandomK,3,200,10,44,85,"PostGuard(CCW,5,0)",50183,4077.56,A5,0.54,1.295,0.7549999999999999
2998,6,14,RandomK,3,200,10,44,84,"Hit(CW,11,WEAK)",226976,12077.4,A5,1.99,2.895,0.905
1555,2,3,RandomK,3,200,10,44,2,"Draw(CW,S0)",154660,8717.76,A5,0.55,1.1,0.55
4372,4,14,RandomK,3,200,10,44,23,"Draw(CCW,L6)",223434,12386.2,A5,-1.26,0.095,1.355
3732,7,7,RandomK,3,200,10,44,17,"Draw(CCW,L3)",92599,5117.66,A5,0.89,1.125,0.235
3858,5,5,RandomK,3,200,10,44,40,"Freeze(CW,0)",129880,7591.25,A5,0.885,0.885,0.0
1938,0,14,RandomK,3,200,10,44,58,"Hit(CW,13,STRONG)",226305,10495.9,A5,-0.01,1.43,1.44
9112,3,9,RandomK,3,200,10,44,0,"Draw(CW,TEE)",67305,3913.77,A5,0.13,0.76,0.63
4157,3,12,RandomK,3,200,10,44,38,"Hit(CW,3,STRONG)",32420,3109.84,A5,-0.885,-0.705,0.18000000000000005
7373,1,11,RandomK,3,200,10,44,43,"Hit(CCW,4,TOUCH)",51019,4342.16,A5,0.83,1.175,0.3450000000000001
7173,4,15,RandomK,3,200,10,44,132,"PostGuard(CW,11,0)",205979,12142.2,A5,2.0,2.0,0.0
196,4,4,RandomK,3,200,10,44,37,"Hit(CCW,3,MIDDLE)",138900,8607.12,A5,-0.585,-0.22,0.365
2630,2,14,RandomK,3,200,10,44,18,"Draw(CW,L4)",217757,11725.1,A5,-2.44,-1.07,1.3699999999999999
5731,2,10,RandomK,3,200,10,44,4,"Draw(CW,S2)",49120,3043.02,A5,-1.2,-0.555,0.6449999999999999
9518,4,5,RandomK,3,200,10,44,47,"Hit(CCW,2,MIDDLE)",124599,6958.46,A5,0.62,0.985,0.365
8211,7,12,RandomK,3,200,10,44,67,"Hit(CCW,11,MIDDLE)",23459,1778.84,A5,-0.97,-0.815,0.15500000000000003
7977,6,14,RandomK,3,200,10,45,136,"PostGuard(CW,10,2)",220590,10750.9,A5,-3.46,-1.635,1.825
3926,6,11,RandomK,3,200,10,45,68,"Hit(CW,6,STRONG)",43856,2959.29,A5,0.295,0.425,0.13
3883,1,14,RandomK,3,200,10,45,0,"Draw(CW,TEE)",221874,8779.61,A5,-0.29,-0.075,0.21499999999999997
9222,7,5,RandomK,3,200,10,45,20,"Draw(CW,L5)",119739,5733.61,A5,1.125,1.315,0.18999999999999995
7881,2,15,RandomK,3,200,10,45,122,"PostGuard(CW,15,0)",207404,9914.56,A5,-1.0,1.72,2.7199999999999998
6406,1,10,RandomK,3,200,10,45,6,"Draw(CW,S4)",52054,2790.25,A5,-0.435,-0.385,0.04999999999999999
8452,5,15,RandomK,3,200,10,45,44,"Hit(CW,2,WEAK)",206256,7818.79,A5,1.025,1.935,0.9100000000000001
1028,6,15,RandomK,3,200,10,45,32,"Hit(CW,0,TOUCH)",204358,9793.3,A5,-0.15,1.0,1.15
2596,1,14,RandomK,3,200,10,45,68,"Hit(CW,7,STRONG)",227302,11016.8,A5,1.42,1.97,0.55
4748,1,3,RandomK,3,200,10,45,36,"Hit(CW,0,MIDDLE)",150512,5413.56,A5,0.31,0.985,0.675
9206,3,13,RandomK,3,200,10,45,31,"PreGuard(CCW,G5)",239291,11042.5,A5,-0.36,1.73,2.09
5859,1,6,RandomK,3,200,10,45,41,"Freeze(CCW,1)",113451,4477.11,A5,-0.425,-0.015,0.41
6871,4,5,RandomK,3,200,10,45,44,"Hit(CW,2,WEAK)",129854,6821.09,A5,0.835,1.32,0.4850000000000001
7163,3,13,RandomK,3,200,10,45,15,"Draw(CCW,L2)",249143,10824.7,A5,0.51,2.465,1.9549999999999998
5807,0,8,RandomK,3,200,10,45,75,"PostGuard(CCW,6,0)",88641,3778.33,A5,-0.575,0.03,0.605
5567,2,15,RandomK,3,200,10,45,2,"Draw(CW,S0)",205213,7385.74,A5,1.735,1.93,0.19499999999999984
2507,3,11,RandomK,3,200,10,45,43,"Hit(CCW,4,STRONG)",36931,2121.3,A5,0.45,1.715,1.2650000000000001
7006,3,15,RandomK,3,200,10,45,74,"Hit(CW,10,WEAK)",206414,10652.2,A5,-1.0,-0.97,0.030000000000000027
1984,6,4,RandomK,3,200,10,45,44,"Hit(CW,3,WEAK)",140113,7769.51,A5,-0.54,-0.31,0.23000000000000004
1845,7,14,RandomK,3,200,10,45,24,"Draw(CW,L7)",216688,11332.4,A5,-0.27,1.44,1.71
5780,2,6,RandomK,3,200,10,45,9,"Draw(CCW,S6)",108443,5964.78,A5,-0.94,-0.375,0.565
8645,7,5,RandomK,3,200,10,45,41,"Freeze(CCW,0)",130123,7699.46,A5,0.775,0.92,0.14500000000000002
6132,0,13,RandomK,3,200,10,45,34,"Hit(CW,8,WEAK)",248189,13699.7,A5,1.445,2.62,1.175
3339,4,10,RandomK,3,200,10,45,42,"Hit(CW,9,TOUCH)",53408,3247.23,A5,-0.5,-0.305,0.195
3566,6,14,RandomK,3,200,10,45,93,"PostGuard(CCW,0,0)",225276,12024.4,A5,0.945,1.01,0.06500000000000006
5523,3,9,RandomK,3,200,10,45,57,"Hit(CCW,4,MIDDLE)",67169,4194.3,A5,0.605,0.74,0.135
7015,5,14,RandomK,3,200,10,45,116,"PostGuard(CW,4,1)",221259,11566.9,A5,-3.235,-1.135,2.0999999999999996
743,7,3,RandomK,3,200,10,45,33,"Hit(CCW,0,TOUCH)",153198,8407.76,A5,0.81,0.98,0.16999999999999993
1014,4,15,RandomK,3,200,10,45,45,"PostGuard(CCW,1,1)",205628,9748.39,A5,1.0,3.325,2.325
3900,0,10,RandomK,3,200,10,45,39,"Hit(CCW,9,STRONG)",48721,2723.07,A5,-0.655,0.305,0.96
4543,6,5,RandomK,3,200,10,45,48,"Hit(CW,2,STRONG)",126401,6613.39,A5,0.785,1.09,0.30500000000000005
9231,5,14,RandomK,3,200,10,45,73,"Hit(CCW,13,TOUCH)",225262,9775.84,A5,1.28,2.025,0.7449999999999999
1825,5,7,RandomK,3,200,10,45,37,"Hit(CCW,2,MIDDLE)",101617,4357.49,A5,0.485,0.865,0.38
4062,4,15,RandomK,3,200,10,45,33,"Hit(CCW,2,TOUCH)",206468,10791.2,A5,-1.59,-0.475,1.1150000000000002
9882,2,11,RandomK,3,200,10,45,61,"Freeze(CCW,6)",50130,4171.83,A5,0.38,1.295,0.9149999999999999
2998,6,14,RandomK,3,200,10,45,73,"Hit(CCW,9,TOUCH)",225967,12845.1,A5,2.295,2.895,0.6000000000000001
1555,2,3,RandomK,3,200,10,45,20,"Draw(CW,L5)",152872,9121.13,A5,1.035,1.1,0.06500000000000017
4372,4,14,RandomK,3,200,10,45,19,"Draw(CCW,L4)",224437,12192.8,A5,0.02,0.095,0.075
3732,7,7,RandomK,3,200,10,45,25,"Draw(CCW,L7)",93021,5425.2,A5,0.535,1.125,0.59
3858,5,5,RandomK,3,200,10,45,33,"Hit(CCW,0,TOUCH)",129650,7817.26,A5,0.77,0.885,0.11499999999999999
1938,0,14,RandomK,3,200,10,45,62,"PostGuard(CW,2,0)",224045,10272.3,A5,1.0,1.43,0.42999999999999994
9112,3,9,RandomK,3,200,10,45,37,"Hit(CCW,2,MIDDLE)",69137,4050.79,A5,0.76,0.76,0.0
4157,3,12,RandomK,3,200,10,45,37,"Hit(CCW,3,MIDDLE)",27777,2476.67,A5,-1.71,-0.705,1.005
7373,1,11,RandomK,3,200,10,45,44,"Hit(CW,4,WEAK)",51637,4396.42,A5,0.85,1.175,0.32500000000000007
7173,4,15,RandomK,3,200,10,45,93,"Hit(CCW,12,TOUCH)",203738,11829.9,A5,1.365,2.0,0.635
196,4,4,RandomK,3,200,10,45,43,"PostGuard(CCW,2,0)",137421,8230.72,A5,-0.685,-0.22,0.4650000000000001
2630,2,14,RandomK,3,200,10,45,34,"Hit(CW,11,WEAK)",218757,11610.0,A5,-1.285,-1.07,0.21499999999999986
5731,2,10,RandomK,3,200,10,45,34,"Hit(CW,9,WEAK)",48784,2827.11,A5,-0.555,-0.555,0.0
9518,4,5,RandomK,3,200,10,45,46,"Hit(CW,2,MIDDLE)",127204,7138.45,A5,0.845,0.985,0.14
8211,7,12,RandomK,3,200,10,45,64,"Hit(CW,11,WEAK)",24203,1940.35,A5,-1.295,-0.815,0.48
7977,6,14,RandomK,3,200,10,46,86,"Hit(CW,11,MIDDLE)",222150,10269.0,A5,-3.095,-1.635,1.4600000000000002
3926,6,11,RandomK,3,200,10,46,79,"Hit(CCW,8,STRONG)",43648,2822.91,A5,-1.42,0.425,1.845
3883,1,14,RandomK,3,200,10,46,16,"Draw(CW,L3)",223599,10171.8,A5,-0.71,-0.075,0.635
9222,7,5,RandomK,3,200,10,46,18,"Draw(CW,L4)",118965,5444.42,A5,0.705,1.315,0.61
7881,2,15,RandomK,3,200,10,46,47,"Hit(CCW,4,MIDDLE)",208180,7018.67,A5,-0.535,1.72,2.255
6406,1,10,RandomK,3,200,10,46,46,"Hit(CW,9,MIDDLE)",51010,2606.69,A5,-0.78,-0.385,0.395
8452,5,15,RandomK,3,200,10,46,113,"PostGuard(CCW,5,1)",205711,9337.89,A5,1.0,1.935,0.935
1028,6,15,RandomK,3,200,10,46,101,"Freeze(CCW,12)",204913,9386.26,A5,0.99,1.0,0.010000000000000009
2596,1,14,RandomK,3,200,10,46,1,"Draw(CCW,TEE)",225421,10484.1,A5,1.4,1.97,0.5700000000000001
4748,1,3,RandomK,3,200,10,46,34,"Hit(CW,0,WEAK)",151844,5744.62,A5,0.71,0.985,0.275
9206,3,13,RandomK,3,200,10,46,17,"Draw(CCW,L3)",240179,10487.4,A5,-0.42,1.73,2.15
5859,1,6,RandomK,3,200,10,46,3,"Draw(CCW,S0)",113229,5789.8,A5,-0.71,-0.015,0.695
6871,4,5,RandomK,3,200,10,46,66,"PostGuard(CW,5,1)",129574,6510.94,A5,0.71,1.32,0.6100000000000001
7163,3,13,RandomK,3,200,10,46,77,"PostGuard(CCW,9,2)",250291,10499.9,A5,0.525,2.465,1.94
5807,0,8,RandomK,3,200,10,46,0,"Draw(CW,TEE)",90143,3685.99,A5,-0.275,0.03,0.30500000000000005
5567,2,15,RandomK,3,200,10,46,123,"PostGuard(CCW,15,0)",207743,6889.34,A5,-1.0,1.93,2.9299999999999997
2507,3,11,RandomK,3,200,10,46,62,"Hit(CW,8,STRONG)",40926,2404.48,A5,1.715,1.715,0.0
7006,3,15,RandomK,3,200,10,46,144,Pass,207611,10817.7,A5,-1.0,-0.97,0.030000000000000027
1984,6,4,RandomK,3,200,10,46,44,"Hit(CW,3,WEAK)",140936,7892.24,A5,-0.54,-0.31,0.23000000000000004
1845,7,14,RandomK,3,200,10,46,51,"PostGuard(CCW,12,1)",223899,11804.3,A5,1.02,1.44,0.41999999999999993
5780,2,6,RandomK,3,200,10,46,36,"Hit(CW,5,MIDDLE)",108672,5957.71,A5,-0.485,-0.375,0.10999999999999999
8645,7,5,RandomK,3,200,10,46,34,"Hit(CW,0,WEAK)",130408,7670.98,A5,0.92,0.92,0.0
6132,0,13,RandomK,3,200,10,46,1,"Draw(CCW,TEE)",243999,13439.8,A5,2.62,2.62,0.0
3339,4,10,RandomK,3,200,10,46,38,"Hit(CW,7,STRONG)",56954,3547.34,A5,-0.72,-0.305,0.415
3566,6,14,RandomK,3,200,10,46,20,"Draw(CW,L5)",225368,11951.3,A5,0.91,1.01,0.09999999999999998
5523,3,9,RandomK,3,200,10,46,59,"Hit(CCW,4,STRONG)",65525,4069.84,A5,0.51,0.74,0.22999999999999998
7015,5,14,RandomK,3,200,10,46,26,"PreGuard(CW,G3)",227881,11765.1,A5,-3.185,-1.135,2.05
743,7,3,RandomK,3,200,10,46,20,"Draw(CW,L5)",153274,8374.16,A5,0.98,0.98,0.0
1014,4,15,RandomK,3,200,10,46,14,"Draw(CW,L2)",206810,9898.7,A5,1.0,3.325,2.325
3900,0,10,RandomK,3,200,10,46,0,"Draw(CW,TEE)",48654,2746.77,A5,0.305,0.305,0.0
4543,6,5,RandomK,3,200,10,46,34,"Hit(CW,0,WEAK)",126653,7000.9,A5,0.71,1.09,0.3800000000000001
9231,5,14,RandomK,3,200,10,46,98,"PostGuard(CW,12,2)",225243,9668.43,A5,1.205,2.025,0.8199999999999998
1825,5,7,RandomK,3,200,10,46,36,"Hit(CW,2,MIDDLE)",100383,4345.86,A5,0.665,0.865,0.19999999999999996
4062,4,15,RandomK,3,200,10,46,26,"PreGuard(CW,G3)",207879,11936.1,A5,-2.0,-0.475,1.525
9882,2,11,RandomK,3,200,10,46,53,"Hit(CCW,6,TOUCH)",49275,3926.1,A5,0.485,1.295,0.8099999999999999
2998,6,14,RandomK,3,200,10,46,28,"PreGuard(CW,G4)",227317,12529.4,A5,2.065,2.895,0.8300000000000001
1555,2,3,RandomK,3,200,10,46,6,"Draw(CW,S4)",151270,8366.09,A5,0.625,1.1,0.4750000000000001
4372,4,14,RandomK,3,200,10,46,34,"Hit(CW,13,WEAK)",218277,11652.3,A5,-0.875,0.095,0.97
3732,7,7,RandomK,3,200,10,46,14,"Draw(CW,L2)",92966,5262.01,A5,0.915,1.125,0.20999999999999996
3858,5,5,RandomK,3,200,10,46,6,"Draw(CW,S4)",130278,7703.73,A5,0.47,0.885,0.41500000000000004
1938,0,14,RandomK,3,200,10,46,25,"Draw(CCW,L7)",224117,10228.8,A5,1.09,1.43,0.33999999999999986
9112,3,9,RandomK,3,200,10,46,58,"Hit(CW,6,STRONG)",66328,4011.54,A5,0.415,0.76,0.34500000000000003
4157,3,12,RandomK,3,200,10,46,36,"Hit(CW,3,MIDDLE)",28777,2523.25,A5,-0.705,-0.705,0.0
7373,1,11,RandomK,3,200,10,46,42,"Hit(CW,4,TOUCH)",49999,4310.52,A5,0.77,1.175,0.405
7173,4,15,RandomK,3,200,10,46,83,"Hit(CCW,10,TOUCH)",206014,12209.7,A5,2.0,2.0,0.0
196,4,4,RandomK,3,200,10,46,46,"PostGuard(CW,2,2)",138585,8552.15,A5,-0.59,-0.22,0.37
2630,2,14,RandomK,3,200,10,46,5,"Draw(CCW,S2)",218773,11814.6,A5,-2.765,-1.07,1.695
5731,2,10,RandomK,3,200,10,46,38,"Hit(CW,9,STRONG)",47809,2995.68,A5,-0.59,-0.555,0.03499999999999992
9518,4,5,RandomK,3,200,10,46,41,"Freeze(CCW,0)",127550,7297.81,A5,0.6,0.985,0.385
8211,7,12,RandomK,3,200,10,46,69,"Hit(CCW,11,STRONG)",20783,1600.2,A5,-1.18,-0.815,0.365
7977,6,14,ScoreScreen,3,200,10,42,69,"Hit(CCW,7,STRONG)",226945,10397.8,A7,-2.335,-1.635,0.7
3926,6,11,ScoreScreen,3,200,10,42,39,"Hit(CCW,0,STRONG)",42319,2151.78,A7,-1.615,0.425,2.04
3883,1,14,ScoreScreen,3,200,10,42,1,"Draw(CCW,TEE)",222884,10100.4,A7,-0.075,-0.075,0.0
9222,7,5,ScoreScreen,3,200,10,42,8,"Draw(CW,S6)",128001,5769.61,A7,1.17,1.315,0.14500000000000002
7881,2,15,ScoreScreen,3,200,10,42,85,"Hit(CCW,12,WEAK)",205229,9295.85,A7,0.17,1.72,1.55
6406,1,10,ScoreScreen,3,200,10,42,0,"Draw(CW,TEE)",53491,2578.05,A7,-0.385,-0.385,0.0
8452,5,15,ScoreScreen,3,200,10,42,88,"Hit(CW,10,STRONG)",205538,9255.72,A7,1.35,1.935,0.585
1028,6,15,ScoreScreen,3,200,10,42,0,"Draw(CW,TEE)",204746,9274.79,A7,0.77,1.0,0.22999999999999998
2596,1,14,ScoreScreen,3,200,10,42,45,"Hit(CCW,3,WEAK)",226276,10317.5,A7,1.385,1.97,0.585
4748,1,3,ScoreScreen,3,200,10,42,34,"Hit(CW,0,WEAK)",162838,7465.96,A7,0.71,0.985,0.275
9206,3,13,ScoreScreen,3,200,10,42,38,"Hit(CW,12,STRONG)",235779,10452.7,A7,1.25,1.73,0.48
5859,1,6,ScoreScreen,3,200,10,42,3,"Draw(CCW,S0)",119857,5788.0,A7,-0.71,-0.015,0.695
6871,4,5,ScoreScreen,3,200,10,42,66,"PostGuard(CW,5,1)",137011,6489.22,A7,0.71,1.32,0.6100000000000001
7163,3,13,ScoreScreen,3,200,10,42,58,"Hit(CW,10,STRONG)",241388,9603.25,A7,0.6,2.465,1.8649999999999998
5807,0,8,ScoreScreen,3,200,10,42,56,"Hit(CW,7,MIDDLE)",91081,3182.74,A7,-0.76,0.03,0.79
5567,2,15,ScoreScreen,3,200,10,42,32,"Hit(CW,2,TOUCH)",205751,7452.17,A7,1.575,1.93,0.355
2507,3,11,ScoreScreen,3,200,10,42,43,"Hit(CCW,4,STRONG)",41273,2049.93,A7,0.45,1.715,1.2650000000000001
7006,3,15,ScoreScreen,3,200,10,42,136,"PostGuard(CW,11,2)",207035,10772.0,A7,-1.0,-0.97,0.030000000000000027
1984,6,4,ScoreScreen,3,200,10,42,40,"Freeze(CW,1)",150039,7844.01,A7,-0.63,-0.31,0.32
1845,7,14,ScoreScreen,3,200,10,42,8,"Draw(CW,S6)",223500,11710.9,A7,0.09,1.44,1.3499999999999999
5780,2,6,ScoreScreen,3,200,10,42,38,"Hit(CW,5,STRONG)",115792,4590.91,A7,-0.575,-0.375,0.19999999999999996
8645,7,5,ScoreScreen,3,200,10,42,0,"Draw(CW,TEE)",137127,7608.0,A7,0.59,0.92,0.33000000000000007
6132,0,13,ScoreScreen,3,200,10,42,65,"PostGuard(CCW,5,1)",239489,12649.1,A7,2.165,2.62,0.45500000000000007
3339,4,10,ScoreScreen,3,200,10,42,43,"Hit(CCW,9,TOUCH)",54864,2284.51,A7,-0.705,-0.305,0.39999999999999997
3566,6,14,ScoreScreen,3,200,10,42,127,"PostGuard(CCW,12,2)",226452,11931.4,A7,1.0,1.01,0.010000000000000009
5523,3,9,ScoreScreen,3,200,10,42,43,"Hit(CCW,2,TOUCH)",76316,4467.63,A7,0.005,0.74,0.735
7015,5,14,ScoreScreen,3,200,10,42,46,"Hit(CW,3,MIDDLE)",226561,11529.0,A7,-3.285,-1.135,2.1500000000000004
743,7,3,ScoreScreen,3,200,10,42,16,"Draw(CW,L3)",164270,8729.73,A7,0.615,0.98,0.365
1014,4,15,ScoreScreen,3,200,10,42,10,"Draw(CW,L0)",204596,9555.81,A7,3.325,3.325,0.0
3900,0,10,ScoreScreen,3,200,10,42,38,"Hit(CW,9,STRONG)",52682,2828.9,A7,-0.275,0.305,0.5800000000000001
4543,6,5,ScoreScreen,3,200,10,42,49,"Hit(CCW,2,STRONG)",137229,7064.84,A7,0.705,1.09,0.3850000000000001
9231,5,14,ScoreScreen,3,200,10,42,71,"Freeze(CCW,11)",226695,9464.84,A7,1.84,2.025,0.18499999999999983
1825,5,7,ScoreScreen,3,200,10,42,2,"Draw(CW,S0)",106335,4386.44,A7,0.43,0.865,0.435
4062,4,15,ScoreScreen,3,200,10,42,35,"Hit(CCW,2,WEAK)",206994,11035.1,A7,-1.275,-0.475,0.7999999999999999
9882,2,11,ScoreScreen,3,200,10,42,103,"PostGuard(CCW,11,0)",43248,2872.26,A7,0.66,1.295,0.6349999999999999
2998,6,14,ScoreScreen,3,200,10,42,33,"Hit(CCW,1,TOUCH)",226250,12687.2,A7,2.615,2.895,0.2799999999999998
1555,2,3,ScoreScreen,3,200,10,42,0,"Draw(CW,TEE)",165036,9345.58,A7,0.525,1.1,0.5750000000000001
4372,4,14,ScoreScreen,3,200,10,42,21,"Draw(CCW,L5)",223913,12961.7,A7,-0.585,0.095,0.6799999999999999
3732,7,7,ScoreScreen,3,200,10,42,4,"Draw(CW,S2)",98869,5485.61,A7,0.635,1.125,0.49
3858,5,5,ScoreScreen,3,200,10,42,41,"Freeze(CCW,0)",136783,7378.9,A7,0.695,0.885,0.19000000000000006
1938,0,14,ScoreScreen,3,200,10,42,46,"Hit(CW,11,MIDDLE)",224338,10237.4,A7,-0.08,1.43,1.51
9112,3,9,ScoreScreen,3,200,10,42,34,"Hit(CW,2,WEAK)",72405,3986.14,A7,0.625,0.76,0.135
4157,3,12,ScoreScreen,3,200,10,42,51,"Freeze(CCW,5)",24316,1723.6,A7,-1.805,-0.705,1.1
7373,1,11,ScoreScreen,3,200,10,42,46,"Hit(CW,4,MIDDLE)",44238,3148.77,A7,0.775,1.175,0.4
7173,4,15,ScoreScreen,3,200,10,42,62,"Hit(CW,6,TOUCH)",204753,11720.9,A7,2.0,2.0,0.0
196,4,4,ScoreScreen,3,200,10,42,42,"PostGuard(CW,2,0)",147375,8881.83,A7,-0.39,-0.22,0.17
2630,2,14,ScoreScreen,3,200,10,42,34,"Hit(CW,11,WEAK)",224361,12274.8,A7,-1.285,-1.07,0.21499999999999986
5731,2,10,ScoreScreen,3,200,10,42,36,"Hit(CW,9,MIDDLE)",48745,2811.17,A7,-0.72,-0.555,0.16499999999999992
9518,4,5,ScoreScreen,3,200,10,42,39,"Hit(CCW,0,STRONG)",135449,7365.73,A7,0.54,0.985,0.44499999999999995
8211,7,12,ScoreScreen,3,200,10,42,68,"Hit(CW,11,STRONG)",23371,1575.55,A7,-1.425,-0.815,0.6100000000000001
7977,6,14,ScoreScreen,3,200,10,43,67,"Hit(CCW,7,MIDDLE)",228588,10539.5,A7,-2.275,-1.635,0.6399999999999999
3926,6,11,ScoreScreen,3,200,10,43,77,"Hit(CCW,8,MIDDLE)",41285,2063.18,A7,-1.16,0.425,1.585
3883,1,14,ScoreScreen,3,200,10,43,0,"Draw(CW,TEE)",217977,9796.6,A7,-0.29,-0.075,0.21499999999999997
9222,7,5,ScoreScreen,3,200,10,43,17,"Draw(CCW,L3)",128137,5788.44,A7,1.315,1.315,0.0
7881,2,15,ScoreScreen,3,200,10,43,88,"Hit(CW,12,STRONG)",205401,9335.05,A7,1.72,1.72,0.0
6406,1,10,ScoreScreen,3,200,10,43,51,"Freeze(CCW,9)",53114,2533.48,A7,-0.79,-0.385,0.405
8452,5,15,ScoreScreen,3,200,10,43,34,"Hit(CW,0,WEAK)",204556,9266.1,A7,1.32,1.935,0.615
1028,6,15,ScoreScreen,3,200,10,43,19,"Draw(CCW,L4)",204401,9276.8,A7,1.0,1.0,0.0
2596,1,14,ScoreScreen,3,200,10,43,45,"Hit(CCW,3,WEAK)",227298,10458.0,A7,1.385,1.97,0.585
4748,1,3,ScoreScreen,3,200,10,43,37,"Hit(CCW,0,MIDDLE)",160245,7270.42,A7,0.85,0.985,0.135
9206,3,13,ScoreScreen,3,200,10,43,9,"Draw(CCW,S6)",236837,10156.1,A7,-0.355,1.73,2.085
5859,1,6,ScoreScreen,3,200,10,43,18,"Draw(CW,L4)",118469,5694.62,A7,-0.515,-0.015,0.5
6871,4,5,ScoreScreen,3,200,10,43,46,"Hit(CW,2,MIDDLE)",134583,6278.32,A7,0.76,1.32,0.56
7163,3,13,ScoreScreen,3,200,10,43,15,"Draw(CCW,L2)",242669,9920.4,A7,0.51,2.465,1.9549999999999998
5807,0,8,ScoreScreen,3,200,10,43,76,"PostGuard(CW,6,1)",90746,4212.27,A7,-0.415,0.03,0.44499999999999995
5567,2,15,ScoreScreen,3,200,10,43,62,"Hit(CW,8,TOUCH)",205043,7474.73,A7,0.96,1.93,0.97
2507,3,11,ScoreScreen,3,200,10,43,59,"Hit(CCW,8,WEAK)",41570,2081.98,A7,0.96,1.715,0.7550000000000001
7006,3,15,ScoreScreen,3,200,10,43,42,"Hit(CW,4,TOUCH)",208323,10824.8,A7,-1.0,-0.97,0.030000000000000027
1984,6,4,ScoreScreen,3,200,10,43,32,"Hit(CW,1,TOUCH)",149222,7977.67,A7,-0.92,-0.31,0.6100000000000001
1845,7,14,ScoreScreen,3,200,10,43,53,"PostGuard(CCW,12,2)",224457,11760.6,A7,0.59,1.44,0.85
5780,2,6,ScoreScreen,3,200,10,43,35,"Hit(CCW,5,WEAK)",116101,6111.91,A7,-0.78,-0.375,0.405
8645,7,5,ScoreScreen,3,200,10,43,7,"Draw(CCW,S4)",137076,7596.15,A7,0.835,0.92,0.08500000000000008
6132,0,13,ScoreScreen,3,200,10,43,27,"PreGuard(CCW,G3)",238502,12795.9,A7,2.22,2.62,0.3999999999999999
3339,4,10,ScoreScreen,3,200,10,43,50,"Freeze(CW,9)",54650,3020.16,A7,-0.305,-0.305,0.0
3566,6,14,ScoreScreen,3,200,10,43,65,"Hit(CCW,9,WEAK)",225884,11650.4,A7,0.875,1.01,0.135
5523,3,9,ScoreScreen,3,200,10,43,57,"Hit(CCW,4,MIDDLE)",74820,4199.77,A7,0.605,0.74,0.135
7015,5,14,ScoreScreen,3,200,10,43,59,"Hit(CCW,5,STRONG)",220709,11172.5,A7,-1.89,-1.135,0.7549999999999999
743,7,3,ScoreScreen,3,200,10,43,20,"Draw(CW,L5)",164072,8434.65,A7,0.98,0.98,0.0
1014,4,15,ScoreScreen,3,200,10,43,2,"Draw(CW,S0)",204476,9842.69,A7,1.655,3.325,1.6700000000000002
3900,0,10,ScoreScreen,3,200,10,43,0,"Draw(CW,TEE)",53665,2913.22,A7,0.305,0.305,0.0
4543,6,5,ScoreScreen,3,200,10,43,41,"Freeze(CCW,0)",136128,7471.19,A7,0.795,1.09,0.29500000000000004
9231,5,14,ScoreScreen,3,200,10,43,2,"Draw(CW,S0)",224787,9473.91,A7,1.665,2.025,0.3599999999999999
1825,5,7,ScoreScreen,3,200,10,43,1,"Draw(CCW,TEE)",105455,4001.61,A7,0.79,0.865,0.07499999999999996
4062,4,15,ScoreScreen,3,200,10,43,35,"Hit(CCW,2,WEAK)",208369,11263.2,A7,-1.275,-0.475,0.7999999999999999
9882,2,11,ScoreScreen,3,200,10,43,47,"Hit(CCW,4,MIDDLE)",47221,3273.86,A7,-0.08,1.295,1.375
2998,6,14,ScoreScreen,3,200,10,43,69,"Hit(CCW,7,STRONG)",226960,12421.7,A7,2.61,2.895,0.28500000000000014
1555,2,3,ScoreScreen,3,200,10,43,21,"Draw(CCW,L5)",164913,9463.73,A7,0.805,1.1,0.29500000000000004
4372,4,14,ScoreScreen,3,200,10,43,19,"Draw(CCW,L4)",223612,12197.5,A7,0.02,0.095,0.075
3732,7,7,ScoreScreen,3,200,10,43,14,"Draw(CW,L2)",98531,5250.67,A7,0.915,1.125,0.20999999999999996
3858,5,5,ScoreScreen,3,200,10,43,33,"Hit(CCW,0,TOUCH)",136690,7640.85,A7,0.77,0.885,0.11499999999999999
1938,0,14,ScoreScreen,3,200,10,43,48,"Hit(CW,11,STRONG)",223938,10297.4,A7,-0.045,1.43,1.4749999999999999
9112,3,9,ScoreScreen,3,200,10,43,18,"Draw(CW,L4)",72816,3721.38,A7,-0.58,0.76,1.3399999999999999
4157,3,12,ScoreScreen,3,200,10,43,39,"Hit(CCW,3,STRONG)",26293,1923.69,A7,-1.83,-0.705,1.125
7373,1,11,ScoreScreen,3,200,10,43,38,"Hit(CW,2,STRONG)",44321,3087.75,A7,0.435,1.175,0.74
7173,4,15,ScoreScreen,3,200,10,43,135,"PostGuard(CCW,11,1)",205335,12162.2,A7,2.0,2.0,0.0
196,4,4,ScoreScreen,3,200,10,43,3,"Draw(CCW,S0)",147433,8698.18,A7,-0.71,-0.22,0.49
2630,2,14,ScoreScreen,3,200,10,43,33,"Hit(CCW,11,TOUCH)",224517,12282.5,A7,-1.445,-1.07,0.375
5731,2,10,ScoreScreen,3,200,10,43,19,"Draw(CCW,L4)",51199,3106.87,A7,-0.77,-0.555,0.21499999999999997
9518,4,5,ScoreScreen,3,200,10,43,46,"Hit(CW,2,MIDDLE)",136029,7645.57,A7,0.845,0.985,0.14
8211,7,12,ScoreScreen,3,200,10,43,68,"Hit(CW,11,STRONG)",22156,1493.01,A7,-1.425,-0.815,0.6100000000000001
7977,6,14,ScoreScreen,3,200,10,44,3,"Draw(CCW,S0)",220161,10515.8,A7,-2.53,-1.635,0.8949999999999998
3926,6,11,ScoreScreen,3,200,10,44,46,"Hit(CW,2,MIDDLE)",42626,2400.91,A7,-0.535,0.425,0.96
3883,1,14,ScoreScreen,3,200,10,44,1,"Draw(CCW,TEE)",223597,10558.9,A7,-0.075,-0.075,0.0
9222,7,5,ScoreScreen,3,200,10,44,17,"Draw(CCW,L3)",127100,5976.09,A7,1.315,1.315,0.0
7881,2,15,ScoreScreen,3,200,10,44,84,"Hit(CW,12,WEAK)",204236,9663.21,A7,0.285,1.72,1.435
6406,1,10,ScoreScreen,3,200,10,44,0,"Draw(CW,TEE)",53848,2133.08,A7,-0.385,-0.385,0.0
8452,5,15,ScoreScreen,3,200,10,44,0,"Draw(CW,TEE)",203285,8580.95,A7,1.445,1.935,0.49
1028,6,15,ScoreScreen,3,200,10,44,0,"Draw(CW,TEE)",206435,9784.24,A7,0.77,1.0,0.22999999999999998
2596,1,14,ScoreScreen,3,200,10,44,41,"Freeze(CCW,1)",226546,10844.9,A7,1.46,1.97,0.51
4748,1,3,ScoreScreen,3,200,10,44,4,"Draw(CW,S2)",159818,7604.06,A7,0.495,0.985,0.49
9206,3,13,ScoreScreen,3,200,10,44,34,"Hit(CW,12,WEAK)",235360,10331.1,A7,1.73,1.73,0.0
5859,1,6,ScoreScreen,3,200,10,44,43,"Hit(CCW,5,TOUCH)",120406,6049.44,A7,-0.52,-0.015,0.505
6871,4,5,ScoreScreen,3,200,10,44,47,"Hit(CCW,2,MIDDLE)",132822,6340.18,A7,0.9,1.32,0.42000000000000004
7163,3,13,ScoreScreen,3,200,10,44,3,"Draw(CCW,S0)",239714,10355.0,A7,1.735,2.465,0.7299999999999998
5807,0,8,ScoreScreen,3,200,10,44,6,"Draw(CW,S4)",91505,3903.1,A7,-0.435,0.03,0.46499999999999997
5567,2,15,ScoreScreen,3,200,10,44,0,"Draw(CW,TEE)",206010,7406.25,A7,1.535,1.93,0.395
2507,3,11,ScoreScreen,3,200,10,44,61,"Hit(CCW,8,MIDDLE)",40898,2064.34,A7,0.815,1.715,0.9000000000000001
7006,3,15,ScoreScreen,3,200,10,44,0,"Draw(CW,TEE)",205872,10285.9,A7,-1.0,-0.97,0.030000000000000027
1984,6,4,ScoreScreen,3,200,10,44,46,"Hit(CW,3,MIDDLE)",149615,7689.73,A7,-0.61,-0.31,0.3
1845,7,14,ScoreScreen,3,200,10,44,19,"Draw(CCW,L4)",224354,10034.3,A7,1.255,1.44,0.18500000000000005
5780,2,6,ScoreScreen,3,200,10,44,30,"PreGuard(CW,G5)",115097,5712.3,A7,-1.19,-0.375,0.815
8645,7,5,ScoreScreen,3,200,10,44,39,"Hit(CCW,0,STRONG)",135862,7056.2,A7,0.78,0.92,0.14
6132,0,13,ScoreScreen,3,200,10,44,45,"Hit(CCW,10,WEAK)",238970,12008.3,A7,1.88,2.62,0.7400000000000002
3339,4,10,ScoreScreen,3,200,10,44,50,"Freeze(CW,9)",54883,2955.06,A7,-0.305,-0.305,0.0
3566,6,14,ScoreScreen,3,200,10,44,78,"Hit(CW,11,STRONG)",227443,11493.2,A7,-1.26,1.01,2.27
5523,3,9,ScoreScreen,3,200,10,44,59,"Hit(CCW,4,STRONG)",76099,4205.69,A7,0.51,0.74,0.22999999999999998
7015,5,14,ScoreScreen,3,200,10,44,46,"Hit(CW,3,MIDDLE)",226396,11172.4,A7,-3.285,-1.135,2.1500000000000004
743,7,3,ScoreScreen,3,200,10,44,2,"Draw(CW,S0)",165056,6905.72,A7,0.705,0.98,0.275
1014,4,15,ScoreScreen,3,200,10,44,10,"Draw(CW,L0)",204891,9795.83,A7,3.325,3.325,0.0
3900,0,10,ScoreScreen,3,200,10,44,0,"Draw(CW,TEE)",50688,2598.46,A7,0.305,0.305,0.0
4543,6,5,ScoreScreen,3,200,10,44,48,"Hit(CW,2,STRONG)",134242,6613.4,A7,0.785,1.09,0.30500000000000005
9231,5,14,ScoreScreen,3,200,10,44,71,"Freeze(CCW,11)",225173,9065.08,A7,1.84,2.025,0.18499999999999983
1825,5,7,ScoreScreen,3,200,10,44,7,"Draw(CCW,S4)",104482,4453.37,A7,0.58,0.865,0.28500000000000003
4062,4,15,ScoreScreen,3,200,10,44,78,"Hit(CW,12,STRONG)",205608,11543.0,A7,-1.39,-0.475,0.9149999999999999
9882,2,11,ScoreScreen,3,200,10,44,54,"Hit(CW,6,WEAK)",46396,3147.39,A7,0.175,1.295,1.1199999999999999
2998,6,14,ScoreScreen,3,200,10,44,54,"Hit(CW,5,WEAK)",226824,12521.8,A7,2.55,2.895,0.3450000000000002
1555,2,3,ScoreScreen,3,200,10,44,8,"Draw(CW,S6)",164272,9381.8,A7,0.635,1.1,0.4650000000000001
4372,4,14,ScoreScreen,3,200,10,44,8,"Draw(CW,S6)",223164,12426.9,A7,-0.49,0.095,0.585
3732,7,7,ScoreScreen,3,200,10,44,25,"Draw(CCW,L7)",97807,5427.31,A7,0.535,1.125,0.59
3858,5,5,ScoreScreen,3,200,10,44,1,"Draw(CCW,TEE)",137948,7736.84,A7,0.78,0.885,0.10499999999999998
1938,0,14,ScoreScreen,3,200,10,44,46,"Hit(CW,11,MIDDLE)",226261,10461.2,A7,-0.08,1.43,1.51
9112,3,9,ScoreScreen,3,200,10,44,0,"Draw(CW,TEE)",73142,3886.2,A7,0.13,0.76,0.63
4157,3,12,ScoreScreen,3,200,10,44,34,"Hit(CW,3,WEAK)",25261,1798.57,A7,-1.14,-0.705,0.43499999999999994
7373,1,11,ScoreScreen,3,200,10,44,11,"Draw(CCW,L0)",43769,3213.83,A7,0.98,1.175,0.19500000000000006
7173,4,15,ScoreScreen,3,200,10,44,18,"Draw(CW,L4)",205075,12101.2,A7,2.0,2.0,0.0
196,4,4,ScoreScreen,3,200,10,44,34,"Hit(CW,3,WEAK)",146834,8987.19,A7,-0.59,-0.22,0.37
2630,2,14,ScoreScreen,3,200,10,44,32,"Hit(CW,11,TOUCH)",223320,12192.5,A7,-1.18,-1.07,0.10999999999999988
5731,2,10,ScoreScreen,3,200,10,44,18,"Draw(CW,L4)",51325,3053.16,A7,-0.995,-0.555,0.43999999999999995
9518,4,5,ScoreScreen,3,200,10,44,39,"Hit(CCW,0,STRONG)",135155,7569.23,A7,0.54,0.985,0.44499999999999995
8211,7,12,ScoreScreen,3,200,10,44,58,"Hit(CW,9,STRONG)",23176,1550.56,A7,-1.51,-0.815,0.6950000000000001
7977,6,14,ScoreScreen,3,200,10,45,48,"Hit(CW,3,STRONG)",220140,10471.1,A7,-3.36,-1.635,1.7249999999999999
3926,6,11,ScoreScreen,3,200,10,45,77,"Hit(CCW,8,MIDDLE)",43149,2281.76,A7,-1.16,0.425,1.585
3883,1,14,ScoreScreen,3,200,10,45,1,"Draw(CCW,TEE)",222159,10543.2,A7,-0.075,-0.075,0.0
9222,7,5,ScoreScreen,3,200,10,45,4,"Draw(CW,S2)",126750,5966.34,A7,1.29,1.315,0.02499999999999991
7881,2,15,ScoreScreen,3,200,10,45,85,"Hit(CCW,12,WEAK)",204976,9682.58,A7,0.17,1.72,1.55
6406,1,10,ScoreScreen,3,200,10,45,0,"Draw(CW,TEE)",53367,2648.22,A7,-0.385,-0.385,0.0
8452,5,15,ScoreScreen,3,200,10,45,34,"Hit(CW,0,WEAK)",205507,9698.46,A7,1.32,1.935,0.615
1028,6,15,ScoreScreen,3,200,10,45,19,"Draw(CCW,L4)",203603,9655.11,A7,1.0,1.0,0.0
2596,1,14,ScoreScreen,3,200,10,45,86,"Hit(CW,11,MIDDLE)",226487,10815.3,A7,0.65,1.97,1.3199999999999998
4748,1,3,ScoreScreen,3,200,10,45,38,"Hit(CW,0,STRONG)",161219,7711.82,A7,0.89,0.985,0.09499999999999997
9206,3,13,ScoreScreen,3,200,10,45,1,"Draw(CCW,TEE)",235953,10422.1,A7,0.59,1.73,1.1400000000000001
5859,1,6,ScoreScreen,3,200,10,45,55,"PostGuard(CCW,2,1)",119539,6030.3,A7,-0.495,-0.015,0.48
6871,4,5,ScoreScreen,3,200,10,45,57,"PostGuard(CCW,1,2)",136455,6618.28,A7,0.705,1.32,0.6150000000000001
7163,3,13,ScoreScreen,3,200,10,45,70,"Freeze(CW,12)",240261,10038.6,A7,1.13,2.465,1.335
5807,0,8,ScoreScreen,3,200,10,45,78,"PostGuard(CW,6,2)",87192,3768.61,A7,-0.085,0.03,0.115
5567,2,15,ScoreScreen,3,200,10,45,32,"Hit(CW,2,TOUCH)",204616,7655.98,A7,1.575,1.93,0.355
2507,3,11,ScoreScreen,3,200,10,45,43,"Hit(CCW,4,STRONG)",40771,2045.83,A7,0.45,1.715,1.2650000000000001
7006,3,15,ScoreScreen,3,200,10,45,42,"Hit(CW,4,TOUCH)",206043,10788.2,A7,-1.0,-0.97,0.030000000000000027
1984,6,4,ScoreScreen,3,200,10,45,42,"Hit(CW,3,TOUCH)",146931,7833.1,A7,-0.695,-0.31,0.38499999999999995
1845,7,14,ScoreScreen,3,200,10,45,19,"Draw(CCW,L4)",222893,10659.2,A7,1.255,1.44,0.18500000000000005
5780,2,6,ScoreScreen,3,200,10,45,28,"PreGuard(CW,G4)",114742,6109.95,A7,-0.585,-0.375,0.20999999999999996
8645,7,5,ScoreScreen,3,200,10,45,32,"Hit(CW,0,TOUCH)",137275,6643.62,A7,0.745,0.92,0.17500000000000004
6132,0,13,ScoreScreen,3,200,10,45,46,"Hit(CW,10,MIDDLE)",240896,12816.5,A7,1.725,2.62,0.895
3339,4,10,ScoreScreen,3,200,10,45,42,"Hit(CW,9,TOUCH)",55102,3047.43,A7,-0.5,-0.305,0.195
3566,6,14,ScoreScreen,3,200,10,45,64,"Hit(CW,9,WEAK)",225125,11169.1,A7,0.955,1.01,0.05500000000000005
5523,3,9,ScoreScreen,3,200,10,45,8,"Draw(CW,S6)",76068,4460.82,A7,-0.17,0.74,0.91
7015,5,14,ScoreScreen,3,200,10,45,46,"Hit(CW,3,MIDDLE)",225449,11363.4,A7,-3.285,-1.135,2.1500000000000004
743,7,3,ScoreScreen,3,200,10,45,17,"Draw(CCW,L3)",163123,8698.47,A7,0.91,0.98,0.06999999999999995
1014,4,15,ScoreScreen,3,200,10,45,2,"Draw(CW,S0)",204733,10187.8,A7,1.655,3.325,1.6700000000000002
3900,0,10,ScoreScreen,3,200,10,45,40,"Freeze(CW,9)",50981,2753.55,A7,-0.02,0.305,0.325
4543,6,5,ScoreScreen,3,200,10,45,35,"Hit(CCW,0,WEAK)",136450,5944.79,A7,0.465,1.09,0.625
9231,5,14,ScoreScreen,3,200,10,45,54,"Hit(CW,7,WEAK)",225813,9188.82,A7,-0.33,2.025,2.355
1825,5,7,ScoreScreen,3,200,10,45,2,"Draw(CW,S0)",106377,4630.62,A7,0.43,0.865,0.435
4062,4,15,ScoreScreen,3,200,10,45,59,"Hit(CCW,6,STRONG)",206069,11277.0,A7,-1.7,-0.475,1.225
9882,2,11,ScoreScreen,3,200,10,45,49,"Hit(CCW,4,STRONG)",46291,3085.24,A7,0.025,1.295,1.27
2998,6,14,ScoreScreen,3,200,10,45,59,"Hit(CCW,5,STRONG)",225349,12480.2,A7,2.895,2.895,0.0
1555,2,3,ScoreScreen,3,200,10,45,14,"Draw(CW,L2)",163504,9476.89,A7,0.8,1.1,0.30000000000000004
4372,4,14,ScoreScreen,3,200,10,45,7,"Draw(CCW,S4)",218990,12061.6,A7,-0.345,0.095,0.43999999999999995
3732,7,7,ScoreScreen,3,200,10,45,35,"Hit(CCW,4,WEAK)",99471,5348.5,A7,0.885,1.125,0.24
3858,5,5,ScoreScreen,3,200,10,45,34,"Hit(CW,0,WEAK)",138478,7783.16,A7,0.615,0.885,0.27
1938,0,14,ScoreScreen,3,200,10,45,46,"Hit(CW,11,MIDDLE)",223314,10402.4,A7,-0.08,1.43,1.51
9112,3,9,ScoreScreen,3,200,10,45,11,"Draw(CCW,L0)",72774,3803.93,A7,0.555,0.76,0.20499999999999996
4157,3,12,ScoreScreen,3,200,10,45,38,"Hit(CW,3,STRONG)",23311,1546.64,A7,-0.885,-0.705,0.18000000000000005
7373,1,11,ScoreScreen,3,200,10,45,11,"Draw(CCW,L0)",43540,3177.29,A7,0.98,1.175,0.19500000000000006
7173,4,15,ScoreScreen,3,200,10,45,18,"Draw(CW,L4)",203260,11870.0,A7,2.0,2.0,0.0
196,4,4,ScoreScreen,3,200,10,45,18,"Draw(CW,L4)",145280,8637.77,A7,-0.54,-0.22,0.32000000000000006
2630,2,14,ScoreScreen,3,200,10,45,40,"Freeze(CW,11)",224946,12381.0,A7,-1.155,-1.07,0.08499999999999996
5731,2,10,ScoreScreen,3,200,10,45,19,"Draw(CCW,L4)",51274,3053.0,A7,-0.77,-0.555,0.21499999999999997
9518,4,5,ScoreScreen,3,200,10,45,46,"Hit(CW,2,MIDDLE)",136173,7582.41,A7,0.845,0.985,0.14
8211,7,12,ScoreScreen,3,200,10,45,70,"Freeze(CW,11)",23468,1671.19,A7,-1.045,-0.815,0.22999999999999998
7977,6,14,ScoreScreen,3,200,10,46,34,"Hit(CW,1,WEAK)",227264,10943.5,A7,-2.045,-1.635,0.4099999999999999
3926,6,11,ScoreScreen,3,200,10,46,79,"Hit(CCW,8,STRONG)",43623,2350.9,A7,-1.42,0.425,1.845
3883,1,14,ScoreScreen,3,200,10,46,19,"Draw(CCW,L4)",218011,10262.2,A7,-0.335,-0.075,0.26
9222,7,5,ScoreScreen,3,200,10,46,20,"Draw(CW,L5)",124957,5838.74,A7,1.125,1.315,0.18999999999999995
7881,2,15,ScoreScreen,3,200,10,46,88,"Hit(CW,12,STRONG)",205627,7984.92,A7,1.72,1.72,0.0
6406,1,10,ScoreScreen,3,200,10,46,0,"Draw(CW,TEE)",52865,2673.13,A7,-0.385,-0.385,0.0
8452,5,15,ScoreScreen,3,200,10,46,0,"Draw(CW,TEE)",204842,9657.84,A7,1.445,1.935,0.49
1028,6,15,ScoreScreen,3,200,10,46,137,"PostGuard(CCW,11,2)",204168,9661.64,A7,1.0,1.0,0.0
2596,1,14,ScoreScreen,3,200,10,46,86,"Hit(CW,11,MIDDLE)",224752,10762.8,A7,0.65,1.97,1.3199999999999998
4748,1,3,ScoreScreen,3,200,10,46,16,"Draw(CW,L3)",162458,7798.36,A7,0.885,0.985,0.09999999999999998
9206,3,13,ScoreScreen,3,200,10,46,18,"Draw(CW,L4)",238769,10716.2,A7,-0.435,1.73,2.165
5859,1,6,ScoreScreen,3,200,10,46,6,"Draw(CW,S4)",117859,5799.85,A7,-0.32,-0.015,0.305
6871,4,5,ScoreScreen,3,200,10,46,11,"Draw(CCW,L0)",136698,6793.89,A7,0.85,1.32,0.4700000000000001
7163,3,13,ScoreScreen,3,200,10,46,9,"Draw(CCW,S6)",240923,9390.99,A7,0.855,2.465,1.6099999999999999
5807,0,8,ScoreScreen,3,200,10,46,70,"PostGuard(CW,4,1)",89344,4162.9,A7,-0.265,0.03,0.29500000000000004
5567,2,15,ScoreScreen,3,200,10,46,32,"Hit(CW,2,TOUCH)",205412,7507.66,A7,1.575,1.93,0.355
2507,3,11,ScoreScreen,3,200,10,46,61,"Hit(CCW,8,MIDDLE)",39914,1966.83,A7,0.815,1.715,0.9000000000000001
7006,3,15,ScoreScreen,3,200,10,46,0,"Draw(CW,TEE)",207364,10353.2,A7,-1.0,-0.97,0.030000000000000027
1984,6,4,ScoreScreen,3,200,10,46,46,"Hit(CW,3,MIDDLE)",149254,7631.12,A7,-0.61,-0.31,0.3
1845,7,14,ScoreScreen,3,200,10,46,11,"Draw(CCW,L0)",224581,11192.8,A7,-0.31,1.44,1.75
5780,2,6,ScoreScreen,3,200,10,46,40,"Freeze(CW,5)",112698,5698.23,A7,-0.885,-0.375,0.51
8645,7,5,ScoreScreen,3,200,10,46,0,"Draw(CW,TEE)",134686,6859.49,A7,0.59,0.92,0.33000000000000007
6132,0,13,ScoreScreen,3,200,10,46,31,"PreGuard(CCW,G5)",238873,12219.0,A7,2.12,2.62,0.5
3339,4,10,ScoreScreen,3,200,10,46,43,"Hit(CCW,9,TOUCH)",54844,2890.52,A7,-0.705,-0.305,0.39999999999999997
3566,6,14,ScoreScreen,3,200,10,46,81,"Freeze(CCW,11)",225630,9476.78,A7,0.69,1.01,0.32000000000000006
5523,3,9,ScoreScreen,3,200,10,46,0,"Draw(CW,TEE)",74619,4120.27,A7,0.08,0.74,0.66
7015,5,14,ScoreScreen,3,200,10,46,46,"Hit(CW,3,MIDDLE)",227055,11357.5,A7,-3.285,-1.135,2.1500000000000004
743,7,3,ScoreScreen,3,200,10,46,21,"Draw(CCW,L5)",164647,8362.02,A7,0.93,0.98,0.04999999999999993
1014,4,15,ScoreScreen,3,200,10,46,2,"Draw(CW,S0)",204592,9773.42,A7,1.655,3.325,1.6700000000000002
3900,0,10,ScoreScreen,3,200,10,46,2,"Draw(CW,S0)",51733,2634.73,A7,0.025,0.305,0.27999999999999997
4543,6,5,ScoreScreen,3,200,10,46,65,"PostGuard(CCW,5,0)",133164,6757.86,A7,0.085,1.09,1.0050000000000001
9231,5,14,ScoreScreen,3,200,10,46,3,"Draw(CCW,S0)",225672,9255.22,A7,1.62,2.025,0.4049999999999998
1825,5,7,ScoreScreen,3,200,10,46,27,"PreGuard(CCW,G3)",106160,4560.02,A7,0.405,0.865,0.45999999999999996
4062,4,15,ScoreScreen,3,200,10,46,35,"Hit(CCW,2,WEAK)",207162,11449.1,A7,-1.275,-0.475,0.7999999999999999
9882,2,11,ScoreScreen,3,200,10,46,10,"Draw(CW,L0)",47346,3186.28,A7,0.425,1.295,0.8699999999999999
2998,6,14,ScoreScreen,3,200,10,46,66,"Hit(CW,7,MIDDLE)",226800,12474.3,A7,2.69,2.895,0.20500000000000007
1555,2,3,ScoreScreen,3,200,10,46,20,"Draw(CW,L5)",162868,9259.37,A7,1.035,1.1,0.06500000000000017
4372,4,14,ScoreScreen,3,200,10,46,18,"Draw(CW,L4)",224617,12650.1,A7,0.095,0.095,0.0
3732,7,7,ScoreScreen,3,200,10,46,40,"Freeze(CW,4)",98454,5573.87,A7,0.82,1.125,0.30500000000000005
3858,5,5,ScoreScreen,3,200,10,46,33,"Hit(CCW,0,TOUCH)",138805,8011.32,A7,0.77,0.885,0.11499999999999999
1938,0,14,ScoreScreen,3,200,10,46,46,"Hit(CW,11,MIDDLE)",223699,10298.9,A7,-0.08,1.43,1.51
9112,3,9,ScoreScreen,3,200,10,46,16,"Draw(CW,L3)",70900,3776.16,A7,-0.175,0.76,0.935
4157,3,12,ScoreScreen,3,200,10,46,36,"Hit(CW,3,MIDDLE)",24757,1640.0,A7,-0.705,-0.705,0.0
7373,1,11,ScoreScreen,3,200,10,46,11,"Draw(CCW,L0)",44022,3173.85,A7,0.98,1.175,0.19500000000000006
7173,4,15,ScoreScreen,3,200,10,46,62,"Hit(CW,6,TOUCH)",205130,11781.5,A7,2.0,2.0,0.0
196,4,4,ScoreScreen,3,200,10,46,28,"PreGuard(CW,G4)",143602,8371.47,A7,-0.605,-0.22,0.385
2630,2,14,ScoreScreen,3,200,10,46,38,"Hit(CW,11,STRONG)",224858,12264.6,A7,-1.385,-1.07,0.31499999999999995
5731,2,10,ScoreScreen,3,200,10,46,37,"Hit(CCW,9,MIDDLE)",50234,2961.66,A7,-0.82,-0.555,0.2649999999999999
9518,4,5,ScoreScreen,3,200,10,46,46,"Hit(CW,2,MIDDLE)",135551,7433.02,A7,0.845,0.985,0.14
8211,7,12,ScoreScreen,3,200,10,46,10,"Draw(CW,L0)",24703,1691.85,A7,-1.205,-0.815,0.3900000000000001
7977,6,14,ScoreTopK,3,200,10,42,3,"Draw(CCW,S0)",227091,18819.1,A8,-2.53,-1.635,0.8949999999999998
3926,6,11,ScoreTopK,3,200,10,42,37,"Hit(CCW,0,MIDDLE)",45853,6386.43,A8,-1.43,0.425,1.855
3883,1,14,ScoreTopK,3,200,10,42,1,"Draw(CCW,TEE)",222708,17491.6,A8,-0.075,-0.075,0.0
9222,7,5,ScoreTopK,3,200,10,42,21,"Draw(CCW,L5)",128033,12849.7,A8,0.95,1.315,0.365
7881,2,15,ScoreTopK,3,200,10,42,87,"Hit(CCW,12,MIDDLE)",205215,15794.6,A8,-0.705,1.72,2.425
6406,1,10,ScoreTopK,3,200,10,42,0,"Draw(CW,TEE)",52330,6533.48,A8,-0.385,-0.385,0.0
8452,5,15,ScoreTopK,3,200,10,42,89,"Hit(CCW,10,STRONG)",205381,17762.3,A8,1.935,1.935,0.0
1028,6,15,ScoreTopK,3,200,10,42,102,"PostGuard(CW,1,0)",204989,18836.4,A8,0.99,1.0,0.010000000000000009
2596,1,14,ScoreTopK,3,200,10,42,88,"Hit(CW,11,STRONG)",226210,18725.8,A8,0.705,1.97,1.2650000000000001
4748,1,3,ScoreTopK,3,200,10,42,9,"Draw(CCW,S6)",162845,16393.8,A8,0.76,0.985,0.22499999999999998
9206,3,13,ScoreTopK,3,200,10,42,32,"Hit(CW,12,TOUCH)",238310,19458.6,A8,0.335,1.73,1.395
5859,1,6,ScoreTopK,3,200,10,42,29,"PreGuard(CCW,G4)",119889,11139.3,A8,-0.64,-0.015,0.625
6871,4,5,ScoreTopK,3,200,10,42,55,"PostGuard(CCW,1,1)",136971,14640.2,A8,0.715,1.32,0.6050000000000001
7163,3,13,ScoreTopK,3,200,10,42,51,"Freeze(CCW,6)",240875,19544.1,A8,0.28,2.465,2.1849999999999996
5807,0,8,ScoreTopK,3,200,10,42,35,"Hit(CCW,3,WEAK)",92840,11845.4,A8,-0.34,0.03,0.37
5567,2,15,ScoreTopK,3,200,10,42,68,"Hit(CW,8,STRONG)",205726,15470.7,A8,0.985,1.93,0.945
2507,3,11,ScoreTopK,3,200,10,42,41,"Hit(CCW,4,MIDDLE)",41424,5639.76,A8,0.645,1.715,1.07
7006,3,15,ScoreTopK,3,200,10,42,91,"Freeze(CCW,12)",205939,17860.7,A8,-1.0,-0.97,0.030000000000000027
1984,6,4,ScoreTopK,3,200,10,42,14,"Draw(CW,L2)",148253,15383.0,A8,-1.04,-0.31,0.73
1845,7,14,ScoreTopK,3,200,10,42,51,"PostGuard(CCW,12,1)",224793,18558.7,A8,1.02,1.44,0.41999999999999993
5780,2,6,ScoreTopK,3,200,10,42,43,"PostGuard(CCW,0,0)",115576,12911.4,A8,-1.08,-0.375,0.7050000000000001
8645,7,5,ScoreTopK,3,200,10,42,2,"Draw(CW,S0)",135765,13610.0,A8,0.8,0.92,0.12
6132,0,13,ScoreTopK,3,200,10,42,48,"Hit(CW,10,STRONG)",240169,19456.3,A8,1.825,2.62,0.7950000000000002
3339,4,10,ScoreTopK,3,200,10,42,39,"Hit(CCW,7,STRONG)",57145,7564.32,A8,-0.63,-0.305,0.325
3566,6,14,ScoreTopK,3,200,10,42,56,"Hit(CW,7,MIDDLE)",226910,17636.7,A8,0.34,1.01,0.6699999999999999
5523,3,9,ScoreTopK,3,200,10,42,55,"Hit(CCW,4,WEAK)",75232,9382.13,A8,0.74,0.74,0.0
7015,5,14,ScoreTopK,3,200,10,42,46,"Hit(CW,3,MIDDLE)",227216,18515.3,A8,-3.285,-1.135,2.1500000000000004
743,7,3,ScoreTopK,3,200,10,42,4,"Draw(CW,S2)",163171,15735.1,A8,0.585,0.98,0.395
1014,4,15,ScoreTopK,3,200,10,42,11,"Draw(CCW,L0)",204908,18515.2,A8,1.965,3.325,1.36
3900,0,10,ScoreTopK,3,200,10,42,37,"Hit(CCW,9,MIDDLE)",52751,6424.33,A8,-0.52,0.305,0.825
4543,6,5,ScoreTopK,3,200,10,42,0,"Draw(CW,TEE)",138138,15667.2,A8,0.795,1.09,0.29500000000000004
9231,5,14,ScoreTopK,3,200,10,42,2,"Draw(CW,S0)",225550,18121.8,A8,1.665,2.025,0.3599999999999999
1825,5,7,ScoreTopK,3,200,10,42,10,"Draw(CW,L0)",103501,12131.2,A8,0.555,0.865,0.30999999999999994
4062,4,15,ScoreTopK,3,200,10,42,57,"Hit(CCW,6,MIDDLE)",207782,18312.8,A8,-1.68,-0.475,1.205
9882,2,11,ScoreTopK,3,200,10,42,70,"Freeze(CW,8)",48272,7744.32,A8,0.37,1.295,0.9249999999999999
2998,6,14,ScoreTopK,3,200,10,42,94,"Hit(CW,13,WEAK)",227599,18683.9,A8,2.095,2.895,0.7999999999999998
1555,2,3,ScoreTopK,3,200,10,42,14,"Draw(CW,L2)",164201,15569.7,A8,0.8,1.1,0.30000000000000004
4372,4,14,ScoreTopK,3,200,10,42,46,"PostGuard(CW,12,2)",218120,18379.9,A8,-0.585,0.095,0.6799999999999999
3732,7,7,ScoreTopK,3,200,10,42,39,"Hit(CCW,4,STRONG)",98595,11090.6,A8,0.495,1.125,0.63
3858,5,5,ScoreTopK,3,200,10,42,21,"Draw(CCW,L5)",138585,12792.8,A8,0.27,0.885,0.615
1938,0,14,ScoreTopK,3,200,10,42,46,"Hit(CW,11,MIDDLE)",226309,19038.7,A8,-0.08,1.43,1.51
9112,3,9,ScoreTopK,3,200,10,42,52,"Hit(CW,6,TOUCH)",72641,8848.12,A8,-0.375,0.76,1.135
4157,3,12,ScoreTopK,3,200,10,42,34,"Hit(CW,3,WEAK)",24923,3258.68,A8,-1.14,-0.705,0.43499999999999994
7373,1,11,ScoreTopK,3,200,10,42,68,"Hit(CW,8,STRONG)",44149,6243.81,A8,0.31,1.175,0.865
7173,4,15,ScoreTopK,3,200,10,42,121,"PostGuard(CCW,7,0)",203981,17967.4,A8,1.99,2.0,0.010000000000000009
196,4,4,ScoreTopK,3,200,10,42,46,"PostGuard(CW,2,2)",146443,14132.4,A8,-0.59,-0.22,0.37
2630,2,14,ScoreTopK,3,200,10,42,46,"Hit(CW,13,MIDDLE)",223707,18780.4,A8,-1.07,-1.07,0.0
5731,2,10,ScoreTopK,3,200,10,42,21,"Draw(CCW,L5)",51709,6306.35,A8,-1.2,-0.555,0.6449999999999999
9518,4,5,ScoreTopK,3,200,10,42,41,"Freeze(CCW,0)",135558,13259.7,A8,0.6,0.985,0.385
8211,7,12,ScoreTopK,3,200,10,42,67,"Hit(CCW,11,MIDDLE)",23313,3165.51,A8,-0.97,-0.815,0.15500000000000003
7977,6,14,ScoreTopK,3,200,10,43,3,"Draw(CCW,S0)",228503,18848.1,A8,-2.53,-1.635,0.8949999999999998
3926,6,11,ScoreTopK,3,200,10,43,35,"Hit(CCW,0,WEAK)",44255,6278.69,A8,-0.595,0.425,1.02
3883,1,14,ScoreTopK,3,200,10,43,1,"Draw(CCW,TEE)",223504,18799.1,A8,-0.075,-0.075,0.0
9222,7,5,ScoreTopK,3,200,10,43,8,"Draw(CW,S6)",128027,12817.8,A8,1.17,1.315,0.14500000000000002
7881,2,15,ScoreTopK,3,200,10,43,89,"Hit(CCW,12,STRONG)",205058,18123.5,A8,-0.755,1.72,2.475
6406,1,10,ScoreTopK,3,200,10,43,10,"Draw(CW,L0)",53732,6859.97,A8,-1.015,-0.385,0.6299999999999999
8452,5,15,ScoreTopK,3,200,10,43,6,"Draw(CW,S4)",204493,18312.6,A8,1.395,1.935,0.54
1028,6,15,ScoreTopK,3,200,10,43,104,"PostGuard(CW,1,1)",204716,18422.9,A8,1.0,1.0,0.0
2596,1,14,ScoreTopK,3,200,10,43,87,"Hit(CCW,11,MIDDLE)",227145,17017.5,A8,0.94,1.97,1.03
4748,1,3,ScoreTopK,3,200,10,43,37,"Hit(CCW,0,MIDDLE)",161913,16098.1,A8,0.85,0.985,0.135
9206,3,13,ScoreTopK,3,200,10,43,20,"Draw(CW,L5)",237150,18330.3,A8,-0.24,1.73,1.97
5859,1,6,ScoreTopK,3,200,10,43,0,"Draw(CW,TEE)",119363,12767.8,A8,-0.015,-0.015,0.0
6871,4,5,ScoreTopK,3,200,10,43,28,"PreGuard(CW,G4)",136804,14774.5,A8,0.655,1.32,0.665
7163,3,13,ScoreTopK,3,200,10,43,72,"PostGuard(CW,9,0)",241223,19201.6,A8,0.735,2.465,1.73
5807,0,8,ScoreTopK,3,200,10,43,31,"PreGuard(CCW,G5)",90714,10592.4,A8,-0.275,0.03,0.30500000000000005
5567,2,15,ScoreTopK,3,200,10,43,75,"Hit(CCW,10,WEAK)",204856,17875.1,A8,1.56,1.93,0.3699999999999999
2507,3,11,ScoreTopK,3,200,10,43,43,"Hit(CCW,4,STRONG)",41050,5579.25,A8,0.45,1.715,1.2650000000000001
7006,3,15,ScoreTopK,3,200,10,43,93,"Hit(CCW,14,TOUCH)",206168,17624.6,A8,-1.0,-0.97,0.030000000000000027
1984,6,4,ScoreTopK,3,200,10,43,1,"Draw(CCW,TEE)",149004,15608.7,A8,-0.755,-0.31,0.445
1845,7,14,ScoreTopK,3,200,10,43,50,"PostGuard(CW,12,1)",224154,18981.4,A8,1.04,1.44,0.3999999999999999
5780,2,6,ScoreTopK,3,200,10,43,44,"PostGuard(CW,0,1)",115183,12506.3,A8,-0.69,-0.375,0.31499999999999995
8645,7,5,ScoreTopK,3,200,10,43,50,"Freeze(CW,2)",137162,13462.4,A8,0.46,0.92,0.46
6132,0,13,ScoreTopK,3,200,10,43,4,"Draw(CW,S2)",237831,19064.1,A8,2.345,2.62,0.2749999999999999
3339,4,10,ScoreTopK,3,200,10,43,51,"Freeze(CCW,9)",57163,7149.96,A8,-0.36,-0.305,0.05499999999999999
3566,6,14,ScoreTopK,3,200,10,43,90,"Freeze(CW,13)",226249,19461.9,A8,0.785,1.01,0.22499999999999998
5523,3,9,ScoreTopK,3,200,10,43,58,"Hit(CW,4,STRONG)",75906,9325.71,A8,0.455,0.74,0.285
7015,5,14,ScoreTopK,3,200,10,43,11,"Draw(CCW,L0)",221552,19140.3,A8,-1.135,-1.135,0.0
743,7,3,ScoreTopK,3,200,10,43,16,"Draw(CW,L3)",163675,15640.5,A8,0.615,0.98,0.365
1014,4,15,ScoreTopK,3,200,10,43,40,"Freeze(CW,10)",204314,18160.4,A8,0.825,3.325,2.5
3900,0,10,ScoreTopK,3,200,10,43,52,"PostGuard(CW,8,2)",53275,6914.07,A8,-0.035,0.305,0.33999999999999997
4543,6,5,ScoreTopK,3,200,10,43,32,"Hit(CW,0,TOUCH)",138017,14966.8,A8,0.76,1.09,0.33000000000000007
9231,5,14,ScoreTopK,3,200,10,43,50,"Freeze(CW,5)",224976,19065.8,A8,1.61,2.025,0.4149999999999998
1825,5,7,ScoreTopK,3,200,10,43,35,"Hit(CCW,2,WEAK)",105090,10246.0,A8,0.61,0.865,0.255
4062,4,15,ScoreTopK,3,200,10,43,59,"Hit(CCW,6,STRONG)",206599,18008.2,A8,-1.7,-0.475,1.225
9882,2,11,ScoreTopK,3,200,10,43,19,"Draw(CCW,L4)",45693,7100.66,A8,0.335,1.295,0.96
2998,6,14,ScoreTopK,3,200,10,43,57,"Hit(CCW,5,MIDDLE)",224800,18555.2,A8,2.82,2.895,0.07500000000000018
1555,2,3,ScoreTopK,3,200,10,43,38,"Hit(CW,0,STRONG)",163977,16016.2,A8,0.73,1.1,0.3700000000000001
4372,4,14,ScoreTopK,3,200,10,43,44,"PostGuard(CW,12,1)",223703,18878.5,A8,-0.485,0.095,0.58
3732,7,7,ScoreTopK,3,200,10,43,34,"Hit(CW,4,WEAK)",98812,10794.7,A8,1.125,1.125,0.0
3858,5,5,ScoreTopK,3,200,10,43,7,"Draw(CCW,S4)",139865,14764.8,A8,0.855,0.885,0.030000000000000027
1938,0,14,ScoreTopK,3,200,10,43,48,"Hit(CW,11,STRONG)",226324,19101.9,A8,-0.045,1.43,1.4749999999999999
9112,3,9,ScoreTopK,3,200,10,43,35,"Hit(CCW,2,WEAK)",70388,8407.41,A8,0.385,0.76,0.375
4157,3,12,ScoreTopK,3,200,10,43,34,"Hit(CW,3,WEAK)",24726,3340.88,A8,-1.14,-0.705,0.43499999999999994
7373,1,11,ScoreTopK,3,200,10,43,44,"Hit(CW,4,WEAK)",42886,5793.0,A8,0.85,1.175,0.32500000000000007
7173,4,15,ScoreTopK,3,200,10,43,122,"PostGuard(CW,7,1)",204923,17232.3,A8,2.0,2.0,0.0
196,4,4,ScoreTopK,3,200,10,43,18,"Draw(CW,L4)",146918,13490.0,A8,-0.54,-0.22,0.32000000000000006
2630,2,14,ScoreTopK,3,200,10,43,41,"Freeze(CCW,11)",222550,18612.4,A8,-1.355,-1.07,0.2849999999999999
5731,2,10,ScoreTopK,3,200,10,43,39,"Hit(CCW,9,STRONG)",51237,6396.69,A8,-0.765,-0.555,0.20999999999999996
9518,4,5,ScoreTopK,3,200,10,43,46,"Hit(CW,2,MIDDLE)",136774,12651.6,A8,0.845,0.985,0.14
8211,7,12,ScoreTopK,3,200,10,43,62,"Hit(CW,11,TOUCH)",23985,3059.7,A8,-1.295,-0.815,0.48
7977,6,14,ScoreTopK,3,200,10,44,52,"Hit(CW,5,TOUCH)",225503,18915.0,A8,-2.98,-1.635,1.345
3926,6,11,ScoreTopK,3,200,10,44,37,"Hit(CCW,0,MIDDLE)",45584,6650.3,A8,-1.43,0.425,1.855
3883,1,14,ScoreTopK,3,200,10,44,25,"Draw(CCW,L7)",223548,18915.4,A8,-0.75,-0.075,0.675
9222,7,5,ScoreTopK,3,200,10,44,21,"Draw(CCW,L5)",127152,12789.2,A8,0.95,1.315,0.365
7881,2,15,ScoreTopK,3,200,10,44,89,"Hit(CCW,12,STRONG)",204373,18124.2,A8,-0.755,1.72,2.475
6406,1,10,ScoreTopK,3,200,10,44,37,"Hit(CCW,7,MIDDLE)",53425,6742.46,A8,-0.87,-0.385,0.485
8452,5,15,ScoreTopK,3,200,10,44,34,"Hit(CW,0,WEAK)",203364,18162.4,A8,1.32,1.935,0.615
1028,6,15,ScoreTopK,3,200,10,44,104,"PostGuard(CW,1,1)",206293,17814.8,A8,1.0,1.0,0.0
2596,1,14,ScoreTopK,3,200,10,44,49,"Hit(CCW,3,STRONG)",220917,18345.9,A8,1.74,1.97,0.22999999999999998
4748,1,3,ScoreTopK,3,200,10,44,38,"Hit(CW,0,STRONG)",161730,15816.1,A8,0.89,0.985,0.09499999999999997
9206,3,13,ScoreTopK,3,200,10,44,38,"Hit(CW,12,STRONG)",235999,18709.1,A8,1.25,1.73,0.48
5859,1,6,ScoreTopK,3,200,10,44,40,"Freeze(CW,1)",120034,12150.8,A8,-0.36,-0.015,0.345
6871,4,5,ScoreTopK,3,200,10,44,55,"PostGuard(CCW,1,1)",136197,13640.1,A8,0.715,1.32,0.6050000000000001
7163,3,13,ScoreTopK,3,200,10,44,74,"PostGuard(CW,9,1)",243726,19541.3,A8,0.615,2.465,1.8499999999999999
5807,0,8,ScoreTopK,3,200,10,44,50,"Freeze(CW,5)",92154,11401.3,A8,-0.25,0.03,0.28
5567,2,15,ScoreTopK,3,200,10,44,68,"Hit(CW,8,STRONG)",206085,18077.4,A8,0.985,1.93,0.945
2507,3,11,ScoreTopK,3,200,10,44,71,"Hit(CCW,10,MIDDLE)",41802,5958.08,A8,0.93,1.715,0.785
7006,3,15,ScoreTopK,3,200,10,44,92,"Hit(CW,14,TOUCH)",207105,18368.0,A8,-1.0,-0.97,0.030000000000000027
1984,6,4,ScoreTopK,3,200,10,44,42,"Hit(CW,3,TOUCH)",149385,15606.8,A8,-0.695,-0.31,0.38499999999999995
1845,7,14,ScoreTopK,3,200,10,44,18,"Draw(CW,L4)",224588,18922.3,A8,1.13,1.44,0.31000000000000005
5780,2,6,ScoreTopK,3,200,10,44,38,"Hit(CW,5,STRONG)",114884,12518.4,A8,-0.575,-0.375,0.19999999999999996
8645,7,5,ScoreTopK,3,200,10,44,35,"Hit(CCW,0,WEAK)",136856,14336.6,A8,0.74,0.92,0.18000000000000005
6132,0,13,ScoreTopK,3,200,10,44,44,"Hit(CW,10,WEAK)",239659,19298.7,A8,2.135,2.62,0.4850000000000003
3339,4,10,ScoreTopK,3,200,10,44,29,"PreGuard(CCW,G4)",57141,7431.28,A8,-1.155,-0.305,0.8500000000000001
3566,6,14,ScoreTopK,3,200,10,44,78,"Hit(CW,11,STRONG)",227419,18876.6,A8,-1.26,1.01,2.27
5523,3,9,ScoreTopK,3,200,10,44,57,"Hit(CCW,4,MIDDLE)",75107,8887.09,A8,0.605,0.74,0.135
7015,5,14,ScoreTopK,3,200,10,44,56,"Hit(CW,5,MIDDLE)",226455,19124.3,A8,-2.685,-1.135,1.55
743,7,3,ScoreTopK,3,200,10,44,2,"Draw(CW,S0)",164944,15004.2,A8,0.705,0.98,0.275
1014,4,15,ScoreTopK,3,200,10,44,10,"Draw(CW,L0)",203272,18140.4,A8,3.325,3.325,0.0
3900,0,10,ScoreTopK,3,200,10,44,40,"Freeze(CW,9)",53258,6865.36,A8,-0.02,0.305,0.325
4543,6,5,ScoreTopK,3,200,10,44,34,"Hit(CW,0,WEAK)",136287,13645.5,A8,0.71,1.09,0.3800000000000001
9231,5,14,ScoreTopK,3,200,10,44,51,"Freeze(CCW,5)",226096,17098.9,A8,1.69,2.025,0.33499999999999996
1825,5,7,ScoreTopK,3,200,10,44,38,"Hit(CW,2,STRONG)",104843,10849.7,A8,0.72,0.865,0.14500000000000002
4062,4,15,ScoreTopK,3,200,10,44,56,"Hit(CW,6,MIDDLE)",207753,18026.4,A8,-1.585,-0.475,1.1099999999999999
9882,2,11,ScoreTopK,3,200,10,44,45,"Hit(CCW,4,WEAK)",47143,7239.57,A8,0.32,1.295,0.9749999999999999
2998,6,14,ScoreTopK,3,200,10,44,65,"Hit(CCW,7,WEAK)",224516,18727.1,A8,2.795,2.895,0.10000000000000009
1555,2,3,ScoreTopK,3,200,10,44,20,"Draw(CW,L5)",163649,14242.9,A8,1.035,1.1,0.06500000000000017
4372,4,14,ScoreTopK,3,200,10,44,1,"Draw(CCW,TEE)",218255,18756.5,A8,0.005,0.095,0.09
3732,7,7,ScoreTopK,3,200,10,44,41,"Freeze(CCW,4)",98213,10755.5,A8,0.85,1.125,0.275
3858,5,5,ScoreTopK,3,200,10,44,25,"Draw(CCW,L7)",138861,14943.1,A8,0.63,0.885,0.255
1938,0,14,ScoreTopK,3,200,10,44,35,"Hit(CCW,9,WEAK)",225749,19068.0,A8,1.37,1.43,0.05999999999999983
9112,3,9,ScoreTopK,3,200,10,44,22,"Draw(CW,L6)",72089,8959.31,A8,-0.15,0.76,0.91
4157,3,12,ScoreTopK,3,200,10,44,36,"Hit(CW,3,MIDDLE)",24154,3155.94,A8,-0.705,-0.705,0.0
7373,1,11,ScoreTopK,3,200,10,44,42,"Hit(CW,4,TOUCH)",45049,7014.36,A8,0.77,1.175,0.405
7173,4,15,ScoreTopK,3,200,10,44,123,"PostGuard(CCW,7,1)",206593,18031.5,A8,2.0,2.0,0.0
196,4,4,ScoreTopK,3,200,10,44,28,"PreGuard(CW,G4)",147523,15506.3,A8,-0.605,-0.22,0.385
2630,2,14,ScoreTopK,3,200,10,44,0,"Draw(CW,TEE)",225019,19168.0,A8,-1.075,-1.07,0.004999999999999893
5731,2,10,ScoreTopK,3,200,10,44,36,"Hit(CW,9,MIDDLE)",51386,6207.55,A8,-0.72,-0.555,0.16499999999999992
9518,4,5,ScoreTopK,3,200,10,44,35,"Hit(CCW,0,WEAK)",137783,14437.5,A8,0.71,0.985,0.275
8211,7,12,ScoreTopK,3,200,10,44,2,"Draw(CW,S0)",24026,3361.94,A8,-1.155,-0.815,0.3400000000000001
7977,6,14,ScoreTopK,3,200,10,45,46,"Hit(CW,3,MIDDLE)",220375,19073.8,A8,-3.235,-1.635,1.5999999999999999
3926,6,11,ScoreTopK,3,200,10,45,39,"Hit(CCW,0,STRONG)",43106,6241.77,A8,-1.615,0.425,2.04
3883,1,14,ScoreTopK,3,200,10,45,21,"Draw(CCW,L5)",222206,18899.6,A8,-0.615,-0.075,0.54
9222,7,5,ScoreTopK,3,200,10,45,17,"Draw(CCW,L3)",126456,12907.6,A8,1.315,1.315,0.0
7881,2,15,ScoreTopK,3,200,10,45,88,"Hit(CW,12,STRONG)",204881,16157.0,A8,1.72,1.72,0.0
6406,1,10,ScoreTopK,3,200,10,45,45,"Hit(CCW,9,WEAK)",53829,6756.63,A8,-0.815,-0.385,0.42999999999999994
8452,5,15,ScoreTopK,3,200,10,45,89,"Hit(CCW,10,STRONG)",205594,18430.0,A8,1.935,1.935,0.0
1028,6,15,ScoreTopK,3,200,10,45,103,"PostGuard(CCW,1,0)",203852,17617.8,A8,1.0,1.0,0.0
2596,1,14,ScoreTopK,3,200,10,45,3,"Draw(CCW,S0)",226622,17429.3,A8,1.6,1.97,0.3699999999999999
4748,1,3,ScoreTopK,3,200,10,45,36,"Hit(CW,0,MIDDLE)",161179,16366.8,A8,0.31,0.985,0.675
9206,3,13,ScoreTopK,3,200,10,45,38,"Hit(CW,12,STRONG)",234399,19009.8,A8,1.25,1.73,0.48
5859,1,6,ScoreTopK,3,200,10,45,2,"Draw(CW,S0)",118849,11940.5,A8,-0.22,-0.015,0.20500000000000002
6871,4,5,ScoreTopK,3,200,10,45,53,"PostGuard(CCW,1,0)",136261,12530.4,A8,0.905,1.32,0.41500000000000004
7163,3,13,ScoreTopK,3,200,10,45,52,"Hit(CW,10,TOUCH)",241210,19280.1,A8,0.65,2.465,1.815
5807,0,8,ScoreTopK,3,200,10,45,72,"PostGuard(CW,4,2)",92232,11495.1,A8,-0.23,0.03,0.26
5567,2,15,ScoreTopK,3,200,10,45,75,"Hit(CCW,10,WEAK)",204494,18376.4,A8,1.56,1.93,0.3699999999999999
2507,3,11,ScoreTopK,3,200,10,45,63,"Hit(CCW,8,STRONG)",41754,5519.27,A8,1.02,1.715,0.6950000000000001
7006,3,15,ScoreTopK,3,200,10,45,93,"Hit(CCW,14,TOUCH)",206343,18336.8,A8,-1.0,-0.97,0.030000000000000027
1984,6,4,ScoreTopK,3,200,10,45,40,"Freeze(CW,1)",149621,15882.4,A8,-0.63,-0.31,0.32
1845,7,14,ScoreTopK,3,200,10,45,49,"PostGuard(CCW,12,0)",223637,19112.3,A8,1.13,1.44,0.31000000000000005
5780,2,6,ScoreTopK,3,200,10,45,42,"PostGuard(CW,0,0)",115428,12736.3,A8,-0.725,-0.375,0.35
8645,7,5,ScoreTopK,3,200,10,45,46,"Hit(CW,2,MIDDLE)",136914,15255.0,A8,0.62,0.92,0.30000000000000004
6132,0,13,ScoreTopK,3,200,10,45,44,"Hit(CW,10,WEAK)",239761,19617.1,A8,2.135,2.62,0.4850000000000003
3339,4,10,ScoreTopK,3,200,10,45,43,"Hit(CCW,9,TOUCH)",55423,7101.62,A8,-0.705,-0.305,0.39999999999999997
3566,6,14,ScoreTopK,3,200,10,45,56,"Hit(CW,7,MIDDLE)",226179,18044.3,A8,0.34,1.01,0.6699999999999999
5523,3,9,ScoreTopK,3,200,10,45,57,"Hit(CCW,4,MIDDLE)",74808,9511.9,A8,0.605,0.74,0.135
7015,5,14,ScoreTopK,3,200,10,45,57,"Hit(CCW,5,MIDDLE)",227978,19106.9,A8,-1.88,-1.135,0.7449999999999999
743,7,3,ScoreTopK,3,200,10,45,0,"Draw(CW,TEE)",162700,16770.3,A8,0.61,0.98,0.37
1014,4,15,ScoreTopK,3,200,10,45,40,"Freeze(CW,10)",204392,16540.8,A8,0.825,3.325,2.5
3900,0,10,ScoreTopK,3,200,10,45,50,"PostGuard(CW,8,1)",54123,6584.49,A8,-0.36,0.305,0.665
4543,6,5,ScoreTopK,3,200,10,45,49,"Hit(CCW,2,STRONG)",135900,13135.3,A8,0.705,1.09,0.3850000000000001
9231,5,14,ScoreTopK,3,200,10,45,63,"Hit(CCW,11,TOUCH)",225631,19044.7,A8,1.685,2.025,0.33999999999999986
1825,5,7,ScoreTopK,3,200,10,45,38,"Hit(CW,2,STRONG)",104632,11862.8,A8,0.72,0.865,0.14500000000000002
4062,4,15,ScoreTopK,3,200,10,45,56,"Hit(CW,6,MIDDLE)",204582,18180.5,A8,-1.585,-0.475,1.1099999999999999
9882,2,11,ScoreTopK,3,200,10,45,78,"PostGuard(CW,3,0)",47799,7570.14,A8,0.51,1.295,0.7849999999999999
2998,6,14,ScoreTopK,3,200,10,45,65,"Hit(CCW,7,WEAK)",226446,19371.0,A8,2.795,2.895,0.10000000000000009
1555,2,3,ScoreTopK,3,200,10,45,36,"Hit(CW,0,MIDDLE)",163818,16236.8,A8,0.625,1.1,0.4750000000000001
4372,4,14,ScoreTopK,3,200,10,45,19,"Draw(CCW,L4)",223926,19018.9,A8,0.02,0.095,0.075
3732,7,7,ScoreTopK,3,200,10,45,43,"PostGuard(CCW,7,0)",99104,10756.7,A8,0.6,1.125,0.525
3858,5,5,ScoreTopK,3,200,10,45,41,"Freeze(CCW,0)",138566,14873.2,A8,0.695,0.885,0.19000000000000006
1938,0,14,ScoreTopK,3,200,10,45,56,"Hit(CW,13,MIDDLE)",223983,19103.7,A8,-0.1,1.43,1.53
9112,3,9,ScoreTopK,3,200,10,45,37,"Hit(CCW,2,MIDDLE)",70799,8578.78,A8,0.76,0.76,0.0
4157,3,12,ScoreTopK,3,200,10,45,36,"Hit(CW,3,MIDDLE)",24731,3790.21,A8,-0.705,-0.705,0.0
7373,1,11,ScoreTopK,3,200,10,45,57,"Hit(CCW,6,MIDDLE)",44151,6529.34,A8,0.895,1.175,0.28
7173,4,15,ScoreTopK,3,200,10,45,121,"PostGuard(CCW,7,0)",204797,17484.0,A8,1.99,2.0,0.010000000000000009
196,4,4,ScoreTopK,3,200,10,45,39,"Hit(CCW,3,STRONG)",145584,15196.6,A8,-0.735,-0.22,0.515
2630,2,14,ScoreTopK,3,200,10,45,32,"Hit(CW,11,TOUCH)",224066,19145.5,A8,-1.18,-1.07,0.10999999999999988
5731,2,10,ScoreTopK,3,200,10,45,4,"Draw(CW,S2)",50411,6221.59,A8,-1.2,-0.555,0.6449999999999999
9518,4,5,ScoreTopK,3,200,10,45,39,"Hit(CCW,0,STRONG)",137204,14778.0,A8,0.54,0.985,0.44499999999999995
8211,7,12,ScoreTopK,3,200,10,45,70,"Freeze(CW,11)",23092,3180.61,A8,-1.045,-0.815,0.22999999999999998
7977,6,14,ScoreTopK,3,200,10,46,84,"Hit(CW,11,WEAK)",221718,18578.3,A8,-2.83,-1.635,1.195
3926,6,11,ScoreTopK,3,200,10,46,39,"Hit(CCW,0,STRONG)",43612,6526.37,A8,-1.615,0.425,2.04
3883,1,14,ScoreTopK,3,200,10,46,0,"Draw(CW,TEE)",223647,17770.0,A8,-0.29,-0.075,0.21499999999999997
9222,7,5,ScoreTopK,3,200,10,46,20,"Draw(CW,L5)",125912,10833.0,A8,1.125,1.315,0.18999999999999995
7881,2,15,ScoreTopK,3,200,10,46,89,"Hit(CCW,12,STRONG)",205736,17731.1,A8,-0.755,1.72,2.475
6406,1,10,ScoreTopK,3,200,10,46,15,"Draw(CCW,L2)",53542,6747.27,A8,-1.415,-0.385,1.03
8452,5,15,ScoreTopK,3,200,10,46,6,"Draw(CW,S4)",204889,16962.1,A8,1.395,1.935,0.54
1028,6,15,ScoreTopK,3,200,10,46,102,"PostGuard(CW,1,0)",204416,17959.2,A8,0.99,1.0,0.010000000000000009
2596,1,14,ScoreTopK,3,200,10,46,89,"Hit(CCW,11,STRONG)",224751,18825.9,A8,1.015,1.97,0.9550000000000001
4748,1,3,ScoreTopK,3,200,10,46,40,"Freeze(CW,0)",162416,15775.5,A8,0.815,0.985,0.17000000000000004
9206,3,13,ScoreTopK,3,200,10,46,18,"Draw(CW,L4)",238913,19227.4,A8,-0.435,1.73,2.165
5859,1,6,ScoreTopK,3,200,10,46,28,"PreGuard(CW,G4)",118527,12296.9,A8,-0.62,-0.015,0.605
6871,4,5,ScoreTopK,3,200,10,46,53,"PostGuard(CCW,1,0)",136528,12856.0,A8,0.905,1.32,0.41500000000000004
7163,3,13,ScoreTopK,3,200,10,46,11,"Draw(CCW,L0)",238569,18566.4,A8,1.68,2.465,0.7849999999999999
5807,0,8,ScoreTopK,3,200,10,46,73,"PostGuard(CCW,4,2)",92906,11818.0,A8,-0.015,0.03,0.045
5567,2,15,ScoreTopK,3,200,10,46,32,"Hit(CW,2,TOUCH)",205672,18342.0,A8,1.575,1.93,0.355
2507,3,11,ScoreTopK,3,200,10,46,60,"Hit(CW,8,MIDDLE)",40727,5117.8,A8,1.42,1.715,0.29500000000000015
7006,3,15,ScoreTopK,3,200,10,46,100,"Freeze(CW,14)",207684,18264.7,A8,-1.0,-0.97,0.030000000000000027
1984,6,4,ScoreTopK,3,200,10,46,46,"Hit(CW,3,MIDDLE)",148849,14578.7,A8,-0.61,-0.31,0.3
1845,7,14,ScoreTopK,3,200,10,46,45,"PostGuard(CCW,10,1)",225892,17673.5,A8,1.22,1.44,0.21999999999999997
5780,2,6,ScoreTopK,3,200,10,46,39,"Hit(CCW,5,STRONG)",116347,12524.3,A8,-0.705,-0.375,0.32999999999999996
8645,7,5,ScoreTopK,3,200,10,46,34,"Hit(CW,0,WEAK)",136526,14794.5,A8,0.92,0.92,0.0
6132,0,13,ScoreTopK,3,200,10,46,2,"Draw(CW,S0)",239837,19372.5,A8,1.915,2.62,0.7050000000000001
3339,4,10,ScoreTopK,3,200,10,46,62,"PostGuard(CW,6,2)",55578,6947.48,A8,-0.995,-0.305,0.69
3566,6,14,ScoreTopK,3,200,10,46,100,"PostGuard(CW,4,1)",226487,19033.8,A8,0.885,1.01,0.125
5523,3,9,ScoreTopK,3,200,10,46,57,"Hit(CCW,4,MIDDLE)",75474,8997.49,A8,0.605,0.74,0.135
7015,5,14,ScoreTopK,3,200,10,46,48,"Hit(CW,3,STRONG)",226969,17535.9,A8,-3.32,-1.135,2.1849999999999996
743,7,3,ScoreTopK,3,200,10,46,16,"Draw(CW,L3)",164440,15708.4,A8,0.615,0.98,0.365
1014,4,15,ScoreTopK,3,200,10,46,11,"Draw(CCW,L0)",205355,17808.6,A8,1.965,3.325,1.36
3900,0,10,ScoreTopK,3,200,10,46,40,"Freeze(CW,9)",52563,6859.39,A8,-0.02,0.305,0.325
4543,6,5,ScoreTopK,3,200,10,46,34,"Hit(CW,0,WEAK)",135946,12557.8,A8,0.71,1.09,0.3800000000000001
9231,5,14,ScoreTopK,3,200,10,46,44,"Hit(CW,5,WEAK)",224709,19049.0,A8,1.315,2.025,0.71
1825,5,7,ScoreTopK,3,200,10,46,39,"Hit(CCW,2,STRONG)",104991,12406.1,A8,0.58,0.865,0.28500000000000003
4062,4,15,ScoreTopK,3,200,10,46,56,"Hit(CW,6,MIDDLE)",206337,17952.5,A8,-1.585,-0.475,1.1099999999999999
9882,2,11,ScoreTopK,3,200,10,46,47,"Hit(CCW,4,MIDDLE)",45116,6557.35,A8,-0.08,1.295,1.375
2998,6,14,ScoreTopK,3,200,10,46,7,"Draw(CCW,S4)",225645,18672.7,A8,2.44,2.895,0.45500000000000007
1555,2,3,ScoreTopK,3,200,10,46,12,"Draw(CW,L1)",163184,15968.9,A8,1.01,1.1,0.09000000000000008
4372,4,14,ScoreTopK,3,200,10,46,4,"Draw(CW,S2)",219699,18674.4,A8,-0.54,0.095,0.635
3732,7,7,ScoreTopK,3,200,10,46,41,"Freeze(CCW,4)",100367,11046.0,A8,0.85,1.125,0.275
3858,5,5,ScoreTopK,3,200,10,46,41,"Freeze(CCW,0)",137163,13570.9,A8,0.695,0.885,0.19000000000000006
1938,0,14,ScoreTopK,3,200,10,46,37,"Hit(CCW,9,MIDDLE)",224670,18363.1,A8,0.43,1.43,1.0
9112,3,9,ScoreTopK,3,200,10,46,53,"Hit(CCW,6,TOUCH)",72608,8877.3,A8,-0.33,0.76,1.09
4157,3,12,ScoreTopK,3,200,10,46,34,"Hit(CW,3,WEAK)",25255,3432.68,A8,-1.14,-0.705,0.43499999999999994
7373,1,11,ScoreTopK,3,200,10,46,42,"Hit(CW,4,TOUCH)",42483,5994.71,A8,0.77,1.175,0.405
7173,4,15,ScoreTopK,3,200,10,46,121,"PostGuard(CCW,7,0)",205292,17035.4,A8,1.99,2.0,0.010000000000000009
196,4,4,ScoreTopK,3,200,10,46,39,"Hit(CCW,3,STRONG)",145431,13474.1,A8,-0.735,-0.22,0.515
2630,2,14,ScoreTopK,3,200,10,46,0,"Draw(CW,TEE)",224705,19015.3,A8,-1.075,-1.07,0.004999999999999893
5731,2,10,ScoreTopK,3,200,10,46,38,"Hit(CW,9,STRONG)",50633,6256.57,A8,-0.59,-0.555,0.03499999999999992
9518,4,5,ScoreTopK,3,200,10,46,46,"Hit(CW,2,MIDDLE)",137532,14658.5,A8,0.845,0.985,0.14
8211,7,12,ScoreTopK,3,200,10,46,67,"Hit(CCW,11,MIDDLE)",23882,3460.98,A8,-0.97,-0.815,0.15500000000000003
7977,6,14,ClusterValue,3,200,10,42,3,"Draw(CCW,S0)",226938,10867.8,A9,-2.53,-1.635,0.8949999999999998
3926,6,11,ClusterValue,3,200,10,42,39,"Hit(CCW,0,STRONG)",44338,2570.36,A9,-1.615,0.425,2.04
3883,1,14,ClusterValue,3,200,10,42,8,"Draw(CW,S6)",217244,10327.4,A9,-0.635,-0.075,0.56
9222,7,5,ClusterValue,3,200,10,42,31,"PreGuard(CCW,G5)",127727,5881.75,A9,0.645,1.315,0.6699999999999999
7881,2,15,ClusterValue,3,200,10,42,127,"PostGuard(CCW,15,2)",205283,9828.58,A9,-1.0,1.72,2.7199999999999998
6406,1,10,ClusterValue,3,200,10,42,2,"Draw(CW,S0)",53409,2753.62,A9,-0.7,-0.385,0.31499999999999995
8452,5,15,ClusterValue,3,200,10,42,152,Pass,205337,9866.93,A9,1.0,1.935,0.935
1028,6,15,ClusterValue,3,200,10,42,150,Pass,205059,9762.33,A9,1.0,1.0,0.0
2596,1,14,ClusterValue,3,200,10,42,35,"Hit(CCW,1,WEAK)",226281,11005.3,A9,1.58,1.97,0.3899999999999999
4748,1,3,ClusterValue,3,200,10,42,10,"Draw(CW,L0)",163068,7716.15,A9,0.8,0.985,0.18499999999999994
9206,3,13,ClusterValue,3,200,10,42,11,"Draw(CCW,L0)",236606,11274.1,A9,1.66,1.73,0.07000000000000006
5859,1,6,ClusterValue,3,200,10,42,41,"Freeze(CCW,1)",119278,6254.97,A9,-0.425,-0.015,0.41
6871,4,5,ClusterValue,3,200,10,42,3,"Draw(CCW,S0)",136969,7059.42,A9,0.625,1.32,0.6950000000000001
7163,3,13,ClusterValue,3,200,10,42,59,"Hit(CCW,10,STRONG)",242943,11783.5,A9,0.55,2.465,1.9149999999999998
5807,0,8,ClusterValue,3,200,10,42,55,"Hit(CCW,7,WEAK)",90886,4796.73,A9,-0.6,0.03,0.63
5567,2,15,ClusterValue,3,200,10,42,116,"PostGuard(CW,13,0)",205469,9841.1,A9,-1.0,1.93,2.9299999999999997
2507,3,11,ClusterValue,3,200,10,42,41,"Hit(CCW,4,MIDDLE)",41007,2252.79,A9,0.645,1.715,1.07
7006,3,15,ClusterValue,3,200,10,42,0,"Draw(CW,TEE)",206120,9864.59,A9,-1.0,-0.97,0.030000000000000027
1984,6,4,ClusterValue,3,200,10,42,42,"Hit(CW,3,TOUCH)",148364,7358.93,A9,-0.695,-0.31,0.38499999999999995
1845,7,14,ClusterValue,3,200,10,42,39,"Hit(CCW,13,STRONG)",224707,10773.8,A9,-0.495,1.44,1.935
5780,2,6,ClusterValue,3,200,10,42,30,"PreGuard(CW,G5)",115374,5661.75,A9,-1.19,-0.375,0.815
8645,7,5,ClusterValue,3,200,10,42,48,"Hit(CW,2,STRONG)",136382,6767.21,A9,0.625,0.92,0.29500000000000004
6132,0,13,ClusterValue,3,200,10,42,72,"PostGuard(CW,7,2)",239084,11624.4,A9,2.095,2.62,0.5249999999999999
3339,4,10,ClusterValue,3,200,10,42,2,"Draw(CW,S0)",56439,3050.42,A9,-0.67,-0.305,0.36500000000000005
3566,6,14,ClusterValue,3,200,10,42,34,"Hit(CW,1,WEAK)",227018,11088.0,A9,0.53,1.01,0.48
5523,3,9,ClusterValue,3,200,10,42,39,"Hit(CCW,0,STRONG)",78476,4287.18,A9,0.265,0.74,0.475
7015,5,14,ClusterValue,3,200,10,42,97,"Hit(CCW,13,MIDDLE)",227210,11053.7,A9,-2.24,-1.135,1.1050000000000002
743,7,3,ClusterValue,3,200,10,42,5,"Draw(CCW,S2)",163210,8118.25,A9,0.785,0.98,0.19499999999999995
1014,4,15,ClusterValue,3,200,10,42,51,"PostGuard(CCW,11,1)",204905,9702.19,A9,1.0,3.325,2.325
3900,0,10,ClusterValue,3,200,10,42,40,"Freeze(CW,9)",52575,2615.57,A9,-0.02,0.305,0.325
4543,6,5,ClusterValue,3,200,10,42,34,"Hit(CW,0,WEAK)",136908,6805.97,A9,0.71,1.09,0.3800000000000001
9231,5,14,ClusterValue,3,200,10,42,36,"Hit(CW,3,MIDDLE)",225543,10887.5,A9,1.34,2.025,0.6849999999999998
1825,5,7,ClusterValue,3,200,10,42,36,"Hit(CW,2,MIDDLE)",104518,5367.94,A9,0.665,0.865,0.19999999999999996
4062,4,15,ClusterValue,3,200,10,42,35,"Hit(CCW,2,WEAK)",208003,9940.11,A9,-1.275,-0.475,0.7999999999999999
9882,2,11,ClusterValue,3,200,10,42,45,"Hit(CCW,4,WEAK)",45789,2763.19,A9,0.32,1.295,0.9749999999999999
2998,6,14,ClusterValue,3,200,10,42,74,"Hit(CW,9,WEAK)",227563,11068.0,A9,1.73,2.895,1.165
1555,2,3,ClusterValue,3,200,10,42,2,"Draw(CW,S0)",163972,8008.54,A9,0.55,1.1,0.55
4372,4,14,ClusterValue,3,200,10,42,48,Pass,223930,10785.9,A9,-0.55,0.095,0.645
3732,7,7,ClusterValue,3,200,10,42,17,"Draw(CCW,L3)",98410,4696.38,A9,0.89,1.125,0.235
3858,5,5,ClusterValue,3,200,10,42,23,"Draw(CCW,L6)",139159,7345.81,A9,0.64,0.885,0.245
1938,0,14,ClusterValue,3,200,10,42,34,"Hit(CW,9,WEAK)",226448,10946.9,A9,1.135,1.43,0.29499999999999993
9112,3,9,ClusterValue,3,200,10,42,37,"Hit(CCW,2,MIDDLE)",71578,3666.38,A9,0.76,0.76,0.0
4157,3,12,ClusterValue,3,200,10,42,36,"Hit(CW,3,MIDDLE)",25139,1453.67,A9,-0.705,-0.705,0.0
7373,1,11,ClusterValue,3,200,10,42,41,"Freeze(CCW,2)",43762,2551.0,A9,1.175,1.175,0.0
7173,4,15,ClusterValue,3,200,10,42,150,Pass,203827,9566.07,A9,2.0,2.0,0.0
196,4,4,ClusterValue,3,200,10,42,37,"Hit(CCW,3,MIDDLE)",146418,6905.74,A9,-0.585,-0.22,0.365
2630,2,14,ClusterValue,3,200,10,42,0,"Draw(CW,TEE)",223687,10773.5,A9,-1.075,-1.07,0.004999999999999893
5731,2,10,ClusterValue,3,200,10,42,13,"Draw(CCW,L1)",51301,2440.89,A9,-0.94,-0.555,0.3849999999999999
9518,4,5,ClusterValue,3,200,10,42,48,"Hit(CW,2,STRONG)",136104,6921.72,A9,0.655,0.985,0.32999999999999996
8211,7,12,ClusterValue,3,200,10,42,45,"Hit(CCW,5,WEAK)",24038,1283.11,A9,-1.115,-0.815,0.30000000000000004
7977,6,14,ClusterValue,3,200,10,43,38,"Hit(CW,1,STRONG)",223046,9048.44,A9,-2.44,-1.635,0.8049999999999999
3926,6,11,ClusterValue,3,200,10,43,37,"Hit(CCW,0,MIDDLE)",44110,2549.92,A9,-1.43,0.425,1.855
3883,1,14,ClusterValue,3,200,10,43,17,"Draw(CCW,L3)",223663,9139.18,A9,-0.655,-0.075,0.5800000000000001
9222,7,5,ClusterValue,3,200,10,43,14,"Draw(CW,L2)",128008,5794.69,A9,1.23,1.315,0.08499999999999996
7881,2,15,ClusterValue,3,200,10,43,128,Pass,205101,8293.59,A9,-1.0,1.72,2.7199999999999998
6406,1,10,ClusterValue,3,200,10,43,43,"Hit(CCW,9,TOUCH)",54164,2718.44,A9,-0.875,-0.385,0.49
8452,5,15,ClusterValue,3,200,10,43,137,"PostGuard(CCW,13,1)",204658,8391.25,A9,1.0,1.935,0.935
1028,6,15,ClusterValue,3,200,10,43,0,"Draw(CW,TEE)",204635,8428.94,A9,0.77,1.0,0.22999999999999998
2596,1,14,ClusterValue,3,200,10,43,47,"Hit(CCW,3,MIDDLE)",227327,9111.88,A9,1.555,1.97,0.41500000000000004
4748,1,3,ClusterValue,3,200,10,43,36,"Hit(CW,0,MIDDLE)",162110,7105.73,A9,0.31,0.985,0.675
9206,3,13,ClusterValue,3,200,10,43,11,"Draw(CCW,L0)",235834,9548.3,A9,1.66,1.73,0.07000000000000006
5859,1,6,ClusterValue,3,200,10,43,62,"PostGuard(CW,4,2)",118119,5619.56,A9,-0.68,-0.015,0.665
6871,4,5,ClusterValue,3,200,10,43,66,"PostGuard(CW,5,1)",136731,6635.36,A9,0.71,1.32,0.6100000000000001
7163,3,13,ClusterValue,3,200,10,43,10,"Draw(CW,L0)",241201,9668.26,A9,1.0,2.465,1.4649999999999999
5807,0,8,ClusterValue,3,200,10,43,45,"Hit(CCW,5,WEAK)",90892,4783.36,A9,-0.885,0.03,0.915
5567,2,15,ClusterValue,3,200,10,43,127,"PostGuard(CCW,15,2)",204739,8437.06,A9,-1.0,1.93,2.9299999999999997
2507,3,11,ClusterValue,3,200,10,43,43,"Hit(CCW,4,STRONG)",42111,2353.02,A9,0.45,1.715,1.2650000000000001
7006,3,15,ClusterValue,3,200,10,43,130,"PostGuard(CW,9,2)",206275,8519.43,A9,-1.0,-0.97,0.030000000000000027
1984,6,4,ClusterValue,3,200,10,43,48,"Hit(CW,3,STRONG)",148209,6560.44,A9,-0.505,-0.31,0.195
1845,7,14,ClusterValue,3,200,10,43,46,"PostGuard(CW,10,2)",224140,8989.8,A9,0.98,1.44,0.45999999999999996
5780,2,6,ClusterValue,3,200,10,43,35,"Hit(CCW,5,WEAK)",115032,5461.02,A9,-0.78,-0.375,0.405
8645,7,5,ClusterValue,3,200,10,43,44,"Hit(CW,2,WEAK)",136973,6398.59,A9,0.78,0.92,0.14
6132,0,13,ClusterValue,3,200,10,43,20,"Draw(CW,L5)",239996,9751.89,A9,2.29,2.62,0.33000000000000007
3339,4,10,ClusterValue,3,200,10,43,2,"Draw(CW,S0)",55682,2854.79,A9,-0.67,-0.305,0.36500000000000005
3566,6,14,ClusterValue,3,200,10,43,55,"Hit(CCW,7,WEAK)",226233,9198.97,A9,0.45,1.01,0.56
5523,3,9,ClusterValue,3,200,10,43,59,"Hit(CCW,4,STRONG)",75592,4143.1,A9,0.51,0.74,0.22999999999999998
7015,5,14,ClusterValue,3,200,10,43,48,"Hit(CW,3,STRONG)",221644,8997.38,A9,-3.32,-1.135,2.1849999999999996
743,7,3,ClusterValue,3,200,10,43,25,"Draw(CCW,L7)",163506,7240.35,A9,0.46,0.98,0.52
1014,4,15,ClusterValue,3,200,10,43,50,"PostGuard(CW,11,1)",204505,8400.59,A9,1.0,3.325,2.325
3900,0,10,ClusterValue,3,200,10,43,40,"Freeze(CW,9)",53145,2823.33,A9,-0.02,0.305,0.325
4543,6,5,ClusterValue,3,200,10,43,45,"Hit(CCW,2,WEAK)",137079,6325.32,A9,1.09,1.09,0.0
9231,5,14,ClusterValue,3,200,10,43,1,"Draw(CCW,TEE)",225036,9190.37,A9,1.71,2.025,0.31499999999999995
1825,5,7,ClusterValue,3,200,10,43,35,"Hit(CCW,2,WEAK)",104824,5287.84,A9,0.61,0.865,0.255
4062,4,15,ClusterValue,3,200,10,43,115,"PostGuard(CCW,13,2)",206590,8506.3,A9,-2.0,-0.475,1.525
9882,2,11,ClusterValue,3,200,10,43,49,"Hit(CCW,4,STRONG)",45645,2841.69,A9,0.025,1.295,1.27
2998,6,14,ClusterValue,3,200,10,43,34,"Hit(CW,1,WEAK)",225126,9167.16,A9,2.305,2.895,0.5899999999999999
1555,2,3,ClusterValue,3,200,10,43,38,"Hit(CW,0,STRONG)",163956,7211.88,A9,0.73,1.1,0.3700000000000001
4372,4,14,ClusterValue,3,200,10,43,19,"Draw(CCW,L4)",223637,9134.49,A9,0.02,0.095,0.075
3732,7,7,ClusterValue,3,200,10,43,42,"PostGuard(CW,7,0)",98250,4632.44,A9,0.54,1.125,0.585
3858,5,5,ClusterValue,3,200,10,43,3,"Draw(CCW,S0)",138707,6692.29,A9,0.795,0.885,0.08999999999999997
1938,0,14,ClusterValue,3,200,10,43,34,"Hit(CW,9,WEAK)",226317,9122.95,A9,1.135,1.43,0.29499999999999993
9112,3,9,ClusterValue,3,200,10,43,35,"Hit(CCW,2,WEAK)",71097,3600.75,A9,0.385,0.76,0.375
4157,3,12,ClusterValue,3,200,10,43,39,"Hit(CCW,3,STRONG)",26007,1536.53,A9,-1.83,-0.705,1.125
7373,1,11,ClusterValue,3,200,10,43,33,"Hit(CCW,2,TOUCH)",44505,2718.08,A9,1.09,1.175,0.08499999999999996
7173,4,15,ClusterValue,3,200,10,43,0,"Draw(CW,TEE)",204921,8370.16,A9,1.84,2.0,0.15999999999999992
196,4,4,ClusterValue,3,200,10,43,34,"Hit(CW,3,WEAK)",146863,6501.43,A9,-0.59,-0.22,0.37
2630,2,14,ClusterValue,3,200,10,43,0,"Draw(CW,TEE)",222701,8886.71,A9,-1.075,-1.07,0.004999999999999893
5731,2,10,ClusterValue,3,200,10,43,13,"Draw(CCW,L1)",51053,2395.57,A9,-0.94,-0.555,0.3849999999999999
9518,4,5,ClusterValue,3,200,10,43,34,"Hit(CW,0,WEAK)",137013,6482.59,A9,0.695,0.985,0.29000000000000004
8211,7,12,ClusterValue,3,200,10,43,62,"Hit(CW,11,TOUCH)",24802,1417.86,A9,-1.295,-0.815,0.48
7977,6,14,ClusterValue,3,200,10,44,67,"Hit(CCW,7,MIDDLE)",225388,7616.69,A9,-2.275,-1.635,0.6399999999999999
3926,6,11,ClusterValue,3,200,10,44,64,"Hit(CW,6,WEAK)",43581,2013.62,A9,0.01,0.425,0.415
3883,1,14,ClusterValue,3,200,10,44,0,"Draw(CW,TEE)",223751,7388.32,A9,-0.29,-0.075,0.21499999999999997
9222,7,5,ClusterValue,3,200,10,44,13,"Draw(CCW,L1)",126971,4155.46,A9,1.24,1.315,0.07499999999999996
7881,2,15,ClusterValue,3,200,10,44,128,Pass,204662,6793.41,A9,-1.0,1.72,2.7199999999999998
6406,1,10,ClusterValue,3,200,10,44,6,"Draw(CW,S4)",54005,1965.89,A9,-0.435,-0.385,0.04999999999999999
8452,5,15,ClusterValue,3,200,10,44,34,"Hit(CW,0,WEAK)",203524,6736.9,A9,1.32,1.935,0.615
1028,6,15,ClusterValue,3,200,10,44,149,"PostGuard(CCW,15,2)",206162,6787.25,A9,1.0,1.0,0.0
2596,1,14,ClusterValue,3,200,10,44,94,"Hit(CW,13,WEAK)",226399,7572.75,A9,1.37,1.97,0.5999999999999999
4748,1,3,ClusterValue,3,200,10,44,20,"Draw(CW,L5)",161436,5498.11,A9,0.825,0.985,0.16000000000000003
9206,3,13,ClusterValue,3,200,10,44,48,Pass,237995,7845.42,A9,-0.52,1.73,2.25
5859,1,6,ClusterValue,3,200,10,44,28,"PreGuard(CW,G4)",119127,4326.9,A9,-0.62,-0.015,0.605
6871,4,5,ClusterValue,3,200,10,44,52,"PostGuard(CW,1,0)",135935,4968.29,A9,1.18,1.32,0.14000000000000012
7163,3,13,ClusterValue,3,200,10,44,10,"Draw(CW,L0)",242445,8114.0,A9,1.0,2.465,1.4649999999999999
5807,0,8,ClusterValue,3,200,10,44,58,"Hit(CW,7,STRONG)",89575,3372.46,A9,-0.81,0.03,0.8400000000000001
5567,2,15,ClusterValue,3,200,10,44,116,"PostGuard(CW,13,0)",205993,6803.93,A9,-1.0,1.93,2.9299999999999997
2507,3,11,ClusterValue,3,200,10,44,43,"Hit(CCW,4,STRONG)",41901,1720.92,A9,0.45,1.715,1.2650000000000001
7006,3,15,ClusterValue,3,200,10,44,143,"PostGuard(CCW,13,2)",207188,6858.41,A9,-1.0,-0.97,0.030000000000000027
1984,6,4,ClusterValue,3,200,10,44,44,"Hit(CW,3,WEAK)",148827,5185.12,A9,-0.54,-0.31,0.23000000000000004
1845,7,14,ClusterValue,3,200,10,44,6,"Draw(CW,S4)",224561,7485.78,A9,0.49,1.44,0.95
5780,2,6,ClusterValue,3,200,10,44,34,"Hit(CW,5,WEAK)",114884,3897.6,A9,-0.375,-0.375,0.0
8645,7,5,ClusterValue,3,200,10,44,47,"Hit(CCW,2,MIDDLE)",135543,4762.33,A9,0.685,0.92,0.235
6132,0,13,ClusterValue,3,200,10,44,44,"Hit(CW,10,WEAK)",239554,8043.95,A9,2.135,2.62,0.4850000000000003
3339,4,10,ClusterValue,3,200,10,44,36,"Hit(CW,7,MIDDLE)",55601,2020.92,A9,-0.72,-0.305,0.415
3566,6,14,ClusterValue,3,200,10,44,34,"Hit(CW,1,WEAK)",227463,7691.49,A9,0.53,1.01,0.48
5523,3,9,ClusterValue,3,200,10,44,57,"Hit(CCW,4,MIDDLE)",75778,3009.64,A9,0.605,0.74,0.135
7015,5,14,ClusterValue,3,200,10,44,48,"Hit(CW,3,STRONG)",226715,7625.13,A9,-3.32,-1.135,2.1849999999999996
743,7,3,ClusterValue,3,200,10,44,10,"Draw(CW,L0)",164548,5638.47,A9,0.7,0.98,0.28
1014,4,15,ClusterValue,3,200,10,44,50,"PostGuard(CW,11,1)",203293,6687.54,A9,1.0,3.325,2.325
3900,0,10,ClusterValue,3,200,10,44,32,"Hit(CW,9,TOUCH)",52986,1924.5,A9,-0.42,0.305,0.725
4543,6,5,ClusterValue,3,200,10,44,34,"Hit(CW,0,WEAK)",137186,4889.09,A9,0.71,1.09,0.3800000000000001
9231,5,14,ClusterValue,3,200,10,44,44,"Hit(CW,5,WEAK)",226016,7553.71,A9,1.315,2.025,0.71
1825,5,7,ClusterValue,3,200,10,44,53,"PostGuard(CCW,1,0)",104652,3826.89,A9,0.865,0.865,0.0
4062,4,15,ClusterValue,3,200,10,44,105,"PostGuard(CCW,11,0)",207698,6933.03,A9,-2.0,-0.475,1.525
9882,2,11,ClusterValue,3,200,10,44,47,"Hit(CCW,4,MIDDLE)",46978,2227.57,A9,-0.08,1.295,1.375
2998,6,14,ClusterValue,3,200,10,44,57,"Hit(CCW,5,MIDDLE)",224745,7616.58,A9,2.82,2.895,0.07500000000000018
1555,2,3,ClusterValue,3,200,10,44,20,"Draw(CW,L5)",163600,5566.94,A9,1.035,1.1,0.06500000000000017
4372,4,14,ClusterValue,3,200,10,44,18,"Draw(CW,L4)",223890,7426.13,A9,0.095,0.095,0.0
3732,7,7,ClusterValue,3,200,10,44,34,"Hit(CW,4,WEAK)",99116,3308.48,A9,1.125,1.125,0.0
3858,5,5,ClusterValue,3,200,10,44,5,"Draw(CCW,S2)",137458,5129.47,A9,0.26,0.885,0.625
1938,0,14,ClusterValue,3,200,10,44,92,Pass,225774,7596.53,A9,0.99,1.43,0.43999999999999995
9112,3,9,ClusterValue,3,200,10,44,37,"Hit(CCW,2,MIDDLE)",72133,2607.19,A9,0.76,0.76,0.0
4157,3,12,ClusterValue,3,200,10,44,36,"Hit(CW,3,MIDDLE)",24516,1032.01,A9,-0.705,-0.705,0.0
7373,1,11,ClusterValue,3,200,10,44,41,"Freeze(CCW,2)",44014,1879.31,A9,1.175,1.175,0.0
7173,4,15,ClusterValue,3,200,10,44,0,"Draw(CW,TEE)",206414,6805.56,A9,1.84,2.0,0.15999999999999992
196,4,4,ClusterValue,3,200,10,44,8,"Draw(CW,S6)",147594,5079.05,A9,-0.51,-0.22,0.29000000000000004
2630,2,14,ClusterValue,3,200,10,44,0,"Draw(CW,TEE)",224844,7474.56,A9,-1.075,-1.07,0.004999999999999893
5731,2,10,ClusterValue,3,200,10,44,34,"Hit(CW,9,WEAK)",51372,1718.69,A9,-0.555,-0.555,0.0
9518,4,5,ClusterValue,3,200,10,44,35,"Hit(CCW,0,WEAK)",138065,5026.79,A9,0.71,0.985,0.275
8211,7,12,ClusterValue,3,200,10,44,66,"Hit(CW,11,MIDDLE)",23673,980.913,A9,-1.34,-0.815,0.5250000000000001
7977,6,14,ClusterValue,3,200,10,45,65,"Hit(CCW,7,WEAK)",225918,7578.35,A9,-2.385,-1.635,0.7499999999999998
3926,6,11,ClusterValue,3,200,10,45,64,"Hit(CW,6,WEAK)",44478,2074.06,A9,0.01,0.425,0.415
3883,1,14,ClusterValue,3,200,10,45,6,"Draw(CW,S4)",216676,7124.25,A9,-0.48,-0.075,0.40499999999999997
9222,7,5,ClusterValue,3,200,10,45,17,"Draw(CCW,L3)",126817,4181.36,A9,1.315,1.315,0.0
7881,2,15,ClusterValue,3,200,10,45,127,"PostGuard(CCW,15,2)",205024,6817.68,A9,-1.0,1.72,2.7199999999999998
6406,1,10,ClusterValue,3,200,10,45,51,"Freeze(CCW,9)",53984,2036.83,A9,-0.79,-0.385,0.405
8452,5,15,ClusterValue,3,200,10,45,152,Pass,205341,6769.76,A9,1.0,1.935,0.935
1028,6,15,ClusterValue,3,200,10,45,135,"PostGuard(CCW,11,1)",203589,6707.75,A9,1.0,1.0,0.0
2596,1,14,ClusterValue,3,200,10,45,87,"Hit(CCW,11,MIDDLE)",226595,7641.12,A9,0.94,1.97,1.03
4748,1,3,ClusterValue,3,200,10,45,42,"PostGuard(CW,3,0)",160916,5479.76,A9,0.75,0.985,0.235
9206,3,13,ClusterValue,3,200,10,45,1,"Draw(CCW,TEE)",237330,7826.36,A9,0.59,1.73,1.1400000000000001
5859,1,6,ClusterValue,3,200,10,45,0,"Draw(CW,TEE)",118616,4386.84,A9,-0.015,-0.015,0.0
6871,4,5,ClusterValue,3,200,10,45,48,"Hit(CW,2,STRONG)",136513,4933.94,A9,0.885,1.32,0.43500000000000005
7163,3,13,ClusterValue,3,200,10,45,84,Pass,241758,8079.11,A9,0.335,2.465,2.13
5807,0,8,ClusterValue,3,200,10,45,0,"Draw(CW,TEE)",91330,3601.28,A9,-0.275,0.03,0.30500000000000005
5567,2,15,ClusterValue,3,200,10,45,0,"Draw(CW,TEE)",204653,6779.44,A9,1.535,1.93,0.395
2507,3,11,ClusterValue,3,200,10,45,43,"Hit(CCW,4,STRONG)",41433,1620.64,A9,0.45,1.715,1.2650000000000001
7006,3,15,ClusterValue,3,200,10,45,0,"Draw(CW,TEE)",206331,6868.23,A9,-1.0,-0.97,0.030000000000000027
1984,6,4,ClusterValue,3,200,10,45,46,"Hit(CW,3,MIDDLE)",148555,5129.9,A9,-0.61,-0.31,0.3
1845,7,14,ClusterValue,3,200,10,45,18,"Draw(CW,L4)",223599,7462.33,A9,1.13,1.44,0.31000000000000005
5780,2,6,ClusterValue,3,200,10,45,39,"Hit(CCW,5,STRONG)",114456,3859.06,A9,-0.705,-0.375,0.32999999999999996
8645,7,5,ClusterValue,3,200,10,45,3,"Draw(CCW,S0)",136673,5004.47,A9,0.67,0.92,0.25
6132,0,13,ClusterValue,3,200,10,45,81,"PostGuard(CCW,11,0)",239457,8047.12,A9,2.18,2.62,0.43999999999999995
3339,4,10,ClusterValue,3,200,10,45,10,"Draw(CW,L0)",55339,2017.94,A9,-0.46,-0.305,0.15500000000000003
3566,6,14,ClusterValue,3,200,10,45,58,"Hit(CW,7,STRONG)",226426,7673.29,A9,0.61,1.01,0.4
5523,3,9,ClusterValue,3,200,10,45,55,"Hit(CCW,4,WEAK)",76196,3140.82,A9,0.74,0.74,0.0
7015,5,14,ClusterValue,3,200,10,45,57,"Hit(CCW,5,MIDDLE)",222527,7440.7,A9,-1.88,-1.135,0.7449999999999999
743,7,3,ClusterValue,3,200,10,45,36,"Hit(CW,0,MIDDLE)",162372,5595.24,A9,0.49,0.98,0.49
1014,4,15,ClusterValue,3,200,10,45,49,"PostGuard(CCW,11,0)",204567,6773.88,A9,1.0,3.325,2.325
3900,0,10,ClusterValue,3,200,10,45,40,"Freeze(CW,9)",53952,1981.09,A9,-0.02,0.305,0.325
4543,6,5,ClusterValue,3,200,10,45,48,"Hit(CW,2,STRONG)",136853,4955.74,A9,0.785,1.09,0.30500000000000005
9231,5,14,ClusterValue,3,200,10,45,12,"Draw(CW,L1)",225694,7523.74,A9,1.355,2.025,0.6699999999999999
1825,5,7,ClusterValue,3,200,10,45,10,"Draw(CW,L0)",105966,3853.76,A9,0.555,0.865,0.30999999999999994
4062,4,15,ClusterValue,3,200,10,45,105,"PostGuard(CCW,11,0)",204731,6813.16,A9,-2.0,-0.475,1.525
9882,2,11,ClusterValue,3,200,10,45,65,"Hit(CCW,8,WEAK)",47749,2300.37,A9,0.3,1.295,0.9949999999999999
2998,6,14,ClusterValue,3,200,10,45,65,"Hit(CCW,7,WEAK)",226477,7675.43,A9,2.795,2.895,0.10000000000000009
1555,2,3,ClusterValue,3,200,10,45,5,"Draw(CCW,S2)",163551,5633.11,A9,0.655,1.1,0.44500000000000006
4372,4,14,ClusterValue,3,200,10,45,43,"PostGuard(CCW,12,0)",223772,7432.33,A9,-0.255,0.095,0.35
3732,7,7,ClusterValue,3,200,10,45,16,"Draw(CW,L3)",99031,3248.89,A9,0.695,1.125,0.43000000000000005
3858,5,5,ClusterValue,3,200,10,45,44,"Hit(CW,2,WEAK)",138753,5220.41,A9,0.67,0.885,0.21499999999999997
1938,0,14,ClusterValue,3,200,10,45,34,"Hit(CW,9,WEAK)",224199,7476.63,A9,1.135,1.43,0.29499999999999993
9112,3,9,ClusterValue,3,200,10,45,34,"Hit(CW,2,WEAK)",71315,2612.95,A9,0.625,0.76,0.135
4157,3,12,ClusterValue,3,200,10,45,38,"Hit(CW,3,STRONG)",24974,1076.0,A9,-0.885,-0.705,0.18000000000000005
7373,1,11,ClusterValue,3,200,10,45,33,"Hit(CCW,2,TOUCH)",43316,1882.44,A9,1.09,1.175,0.08499999999999996
7173,4,15,ClusterValue,3,200,10,45,150,Pass,204850,6796.51,A9,2.0,2.0,0.0
196,4,4,ClusterValue,3,200,10,45,39,"Hit(CCW,3,STRONG)",145380,4922.85,A9,-0.735,-0.22,0.515
2630,2,14,ClusterValue,3,200,10,45,39,"Hit(CCW,11,STRONG)",223830,7466.78,A9,-1.745,-1.07,0.675
5731,2,10,ClusterValue,3,200,10,45,13,"Draw(CCW,L1)",50924,1700.11,A9,-0.94,-0.555,0.3849999999999999
9518,4,5,ClusterValue,3,200,10,45,39,"Hit(CCW,0,STRONG)",136979,4926.9,A9,0.54,0.985,0.44499999999999995
8211,7,12,ClusterValue,3,200,10,45,66,"Hit(CW,11,MIDDLE)",23365,969.379,A9,-1.34,-0.815,0.5250000000000001
7977,6,14,ClusterValue,3,200,10,46,36,"Hit(CW,1,MIDDLE)",227092,7914.87,A9,-2.385,-1.635,0.7499999999999998
3926,6,11,ClusterValue,3,200,10,46,37,"Hit(CCW,0,MIDDLE)",45994,2095.24,A9,-1.43,0.425,1.855
3883,1,14,ClusterValue,3,200,10,46,10,"Draw(CW,L0)",223507,7581.07,A9,-0.84,-0.075,0.765
9222,7,5,ClusterValue,3,200,10,46,25,"Draw(CCW,L7)",125935,4290.83,A9,0.9,1.315,0.4149999999999999
7881,2,15,ClusterValue,3,200,10,46,116,"PostGuard(CW,13,0)",205447,6993.06,A9,-1.0,1.72,2.7199999999999998
6406,1,10,ClusterValue,3,200,10,46,6,"Draw(CW,S4)",53160,1975.22,A9,-0.435,-0.385,0.04999999999999999
8452,5,15,ClusterValue,3,200,10,46,137,"PostGuard(CCW,13,1)",204839,6890.69,A9,1.0,1.935,0.935
1028,6,15,ClusterValue,3,200,10,46,149,"PostGuard(CCW,15,2)",204354,6945.87,A9,1.0,1.0,0.0
2596,1,14,ClusterValue,3,200,10,46,49,"Hit(CCW,3,STRONG)",224701,7746.9,A9,1.74,1.97,0.22999999999999998
4748,1,3,ClusterValue,3,200,10,46,38,"Hit(CW,0,STRONG)",162578,5686.93,A9,0.89,0.985,0.09499999999999997
9206,3,13,ClusterValue,3,200,10,46,5,"Draw(CCW,S2)",238922,8097.54,A9,-0.31,1.73,2.04
5859,1,6,ClusterValue,3,200,10,46,10,"Draw(CW,L0)",118624,4422.12,A9,-0.31,-0.015,0.295
6871,4,5,ClusterValue,3,200,10,46,61,"PostGuard(CCW,3,1)",136638,5071.86,A9,0.75,1.32,0.5700000000000001
7163,3,13,ClusterValue,3,200,10,46,12,"Draw(CW,L1)",240777,8218.44,A9,0.745,2.465,1.7199999999999998
5807,0,8,ClusterValue,3,200,10,46,69,"PostGuard(CCW,4,0)",91295,3638.13,A9,-0.26,0.03,0.29000000000000004
5567,2,15,ClusterValue,3,200,10,46,116,"PostGuard(CW,13,0)",205499,7003.28,A9,-1.0,1.93,2.9299999999999997
2507,3,11,ClusterValue,3,200,10,46,39,"Hit(CCW,4,WEAK)",42395,1748.92,A9,1.66,1.715,0.05500000000000016
7006,3,15,ClusterValue,3,200,10,46,130,"PostGuard(CW,9,2)",207705,7100.85,A9,-1.0,-0.97,0.030000000000000027
1984,6,4,ClusterValue,3,200,10,46,44,"Hit(CW,3,WEAK)",149438,5402.29,A9,-0.54,-0.31,0.23000000000000004
1845,7,14,ClusterValue,3,200,10,46,13,"Draw(CCW,L1)",225840,7657.52,A9,-0.375,1.44,1.815
5780,2,6,ClusterValue,3,200,10,46,39,"Hit(CCW,5,STRONG)",116174,4016.49,A9,-0.705,-0.375,0.32999999999999996
8645,7,5,ClusterValue,3,200,10,46,35,"Hit(CCW,0,WEAK)",137603,5106.33,A9,0.74,0.92,0.18000000000000005
6132,0,13,ClusterValue,3,200,10,46,17,"Draw(CCW,L3)",238674,8213.52,A9,2.32,2.62,0.30000000000000027
3339,4,10,ClusterValue,3,200,10,46,43,"Hit(CCW,9,TOUCH)",54895,2070.31,A9,-0.705,-0.305,0.39999999999999997
3566,6,14,ClusterValue,3,200,10,46,78,"Hit(CW,11,STRONG)",226425,7892.19,A9,-1.26,1.01,2.27
5523,3,9,ClusterValue,3,200,10,46,55,"Hit(CCW,4,WEAK)",76368,3260.49,A9,0.74,0.74,0.0
7015,5,14,ClusterValue,3,200,10,46,48,"Hit(CW,3,STRONG)",227322,7892.98,A9,-3.32,-1.135,2.1849999999999996
743,7,3,ClusterValue,3,200,10,46,24,"Draw(CW,L7)",164562,5843.63,A9,0.555,0.98,0.42499999999999993
1014,4,15,ClusterValue,3,200,10,46,50,"PostGuard(CW,11,1)",205273,6971.54,A9,1.0,3.325,2.325
3900,0,10,ClusterValue,3,200,10,46,40,"Freeze(CW,9)",52876,1975.83,A9,-0.02,0.305,0.325
4543,6,5,ClusterValue,3,200,10,46,34,"Hit(CW,0,WEAK)",135253,4885.81,A9,0.71,1.09,0.3800000000000001
9231,5,14,ClusterValue,3,200,10,46,44,"Hit(CW,5,WEAK)",224943,7712.36,A9,1.315,2.025,0.71
1825,5,7,ClusterValue,3,200,10,46,2,"Draw(CW,S0)",105299,3985.65,A9,0.43,0.865,0.435
4062,4,15,ClusterValue,3,200,10,46,35,"Hit(CCW,2,WEAK)",206237,7061.77,A9,-1.275,-0.475,0.7999999999999999
9882,2,11,ClusterValue,3,200,10,46,43,"Hit(CCW,4,TOUCH)",46666,2298.85,A9,0.27,1.295,1.025
2998,6,14,ClusterValue,3,200,10,46,74,"Hit(CW,9,WEAK)",225522,7841.51,A9,1.73,2.895,1.165
1555,2,3,ClusterValue,3,200,10,46,36,"Hit(CW,0,MIDDLE)",162682,5717.93,A9,0.625,1.1,0.4750000000000001
4372,4,14,ClusterValue,3,200,10,46,19,"Draw(CCW,L4)",219822,7454.56,A9,0.02,0.095,0.075
3732,7,7,ClusterValue,3,200,10,46,17,"Draw(CCW,L3)",100240,3387.88,A9,0.89,1.125,0.235
3858,5,5,ClusterValue,3,200,10,46,35,"Hit(CCW,0,WEAK)",137121,5195.32,A9,0.545,0.885,0.33999999999999997
1938,0,14,ClusterValue,3,200,10,46,33,"Hit(CCW,9,TOUCH)",224772,7735.21,A9,1.04,1.43,0.3899999999999999
9112,3,9,ClusterValue,3,200,10,46,58,"Hit(CW,6,STRONG)",72023,2642.68,A9,0.415,0.76,0.34500000000000003
4157,3,12,ClusterValue,3,200,10,46,34,"Hit(CW,3,WEAK)",25301,1144.27,A9,-1.14,-0.705,0.43499999999999994
7373,1,11,ClusterValue,3,200,10,46,41,"Freeze(CCW,2)",43408,1826.11,A9,1.175,1.175,0.0
7173,4,15,ClusterValue,3,200,10,46,149,"PostGuard(CCW,15,2)",205256,7018.06,A9,2.0,2.0,0.0
196,4,4,ClusterValue,3,200,10,46,29,"PreGuard(CCW,G4)",145470,5173.1,A9,-0.65,-0.22,0.43000000000000005
2630,2,14,ClusterValue,3,200,10,46,34,"Hit(CW,11,WEAK)",224690,7697.11,A9,-1.285,-1.07,0.21499999999999986
5731,2,10,ClusterValue,3,200,10,46,35,"Hit(CCW,9,WEAK)",50480,1723.74,A9,-0.705,-0.555,0.1499999999999999
9518,4,5,ClusterValue,3,200,10,46,48,"Hit(CW,2,STRONG)",138266,5276.85,A9,0.655,0.985,0.32999999999999996
8211,7,12,ClusterValue,3,200,10,46,68,"Hit(CW,11,STRONG)",24046,1026.88,A9,-1.425,-0.815,0.6100000000000001
