game_id,end,shot_num,method,depth,playouts,rollouts_per_visit,seed,candidate_idx,label,actual_total_sims,time_sec,arm,q_ref_mean,q_best,regret
7977,6,14,AllGrid,3,200,10,42,46,"Hit(CW,3,MIDDLE)",17586,1414.03,A1,-3.235,-1.635,1.5999999999999999
3926,6,11,AllGrid,3,200,10,42,39,"Hit(CCW,0,STRONG)",62324,3862.89,A1,-1.615,0.425,2.04
3883,1,14,AllGrid,3,200,10,42,0,"Draw(CW,TEE)",1014,53.7248,A1,-0.29,-0.075,0.21499999999999997
9222,7,5,AllGrid,3,200,10,42,17,"Draw(CCW,L3)",123674,4312.7,A1,1.315,1.315,0.0
7881,2,15,AllGrid,3,200,10,42,84,"Hit(CW,12,WEAK)",129,9.30965,A1,0.285,1.72,1.435
6406,1,10,AllGrid,3,200,10,42,2,"Draw(CW,S0)",58176,2448.57,A1,-0.7,-0.385,0.31499999999999995
8452,5,15,AllGrid,3,200,10,42,34,"Hit(CW,0,WEAK)",153,13.7807,A1,1.32,1.935,0.615
1028,6,15,AllGrid,3,200,10,42,0,"Draw(CW,TEE)",151,13.5833,A1,0.77,1.0,0.22999999999999998
2596,1,14,AllGrid,3,200,10,42,86,"Hit(CW,11,MIDDLE)",17420,1434.62,A1,0.65,1.97,1.3199999999999998
4748,1,3,AllGrid,3,200,10,42,42,"PostGuard(CW,3,0)",157345,5608.91,A1,0.75,0.985,0.235
9206,3,13,AllGrid,3,200,10,42,34,"Hit(CW,12,WEAK)",11157,705.979,A1,1.73,1.73,0.0
5859,1,6,AllGrid,3,200,10,42,0,"Draw(CW,TEE)",117797,4710.57,A1,-0.015,-0.015,0.0
6871,4,5,AllGrid,3,200,10,42,58,"PostGuard(CW,3,0)",133485,5275.3,A1,0.885,1.32,0.43500000000000005
7163,3,13,AllGrid,3,200,10,42,63,"Hit(CCW,12,TOUCH)",22700,1439.19,A1,1.84,2.465,0.6249999999999998
5807,0,8,AllGrid,3,200,10,42,73,"PostGuard(CCW,4,2)",94985,4152.92,A1,-0.015,0.03,0.045
5567,2,15,AllGrid,3,200,10,42,0,"Draw(CW,TEE)",129,10.3853,A1,1.535,1.93,0.395
2507,3,11,AllGrid,3,200,10,42,43,"Hit(CCW,4,STRONG)",55506,3041.41,A1,0.45,1.715,1.2650000000000001
7006,3,15,AllGrid,3,200,10,42,0,"Draw(CW,TEE)",145,13.706,A1,-1.0,-0.97,0.030000000000000027
1984,6,4,AllGrid,3,200,10,42,37,"Hit(CCW,1,MIDDLE)",144072,5499.66,A1,-0.645,-0.31,0.335
1845,7,14,AllGrid,3,200,10,42,48,"PostGuard(CW,12,0)",2935,189.284,A1,1.005,1.44,0.43500000000000005
5780,2,6,AllGrid,3,200,10,42,29,"PreGuard(CCW,G4)",112099,4151.28,A1,-0.51,-0.375,0.135
8645,7,5,AllGrid,3,200,10,42,34,"Hit(CW,0,WEAK)",133163,5392.52,A1,0.92,0.92,0.0
6132,0,13,AllGrid,3,200,10,42,2,"Draw(CW,S0)",22968,1539.56,A1,1.915,2.62,0.7050000000000001
3339,4,10,AllGrid,3,200,10,42,43,"Hit(CCW,9,TOUCH)",63881,2856.6,A1,-0.705,-0.305,0.39999999999999997
3566,6,14,AllGrid,3,200,10,42,56,"Hit(CW,7,MIDDLE)",13524,1202.16,A1,0.34,1.01,0.6699999999999999
5523,3,9,AllGrid,3,200,10,42,55,"Hit(CCW,4,WEAK)",84080,4308.29,A1,0.74,0.74,0.0
7015,5,14,AllGrid,3,200,10,42,46,"Hit(CW,3,MIDDLE)",17576,1564.76,A1,-3.285,-1.135,2.1500000000000004
743,7,3,AllGrid,3,200,10,42,1,"Draw(CCW,TEE)",158239,5897.8,A1,0.59,0.98,0.39
1014,4,15,AllGrid,3,200,10,42,10,"Draw(CW,L0)",61,3.33136,A1,3.325,3.325,0.0
3900,0,10,AllGrid,3,200,10,42,38,"Hit(CW,9,STRONG)",57396,2369.1,A1,-0.275,0.305,0.5800000000000001
4543,6,5,AllGrid,3,200,10,42,6,"Draw(CW,S4)",133670,5298.96,A1,0.895,1.09,0.19500000000000006
9231,5,14,AllGrid,3,200,10,42,7,"Draw(CCW,S4)",7737,538.021,A1,1.805,2.025,0.21999999999999997
1825,5,7,AllGrid,3,200,10,42,53,"PostGuard(CCW,1,0)",105656,4576.54,A1,0.865,0.865,0.0
4062,4,15,AllGrid,3,200,10,42,35,"Hit(CCW,2,WEAK)",117,8.64169,A1,-1.275,-0.475,0.7999999999999999
9882,2,11,AllGrid,3,200,10,42,56,"Hit(CW,6,MIDDLE)",58524,3394.56,A1,0.37,1.295,0.9249999999999999
2998,6,14,AllGrid,3,200,10,42,57,"Hit(CCW,5,MIDDLE)",17252,1549.1,A1,2.82,2.895,0.07500000000000018
1555,2,3,AllGrid,3,200,10,42,18,"Draw(CW,L4)",159359,5815.36,A1,0.46,1.1,0.6400000000000001
4372,4,14,AllGrid,3,200,10,42,0,"Draw(CW,TEE)",2176,122.616,A1,0.005,0.095,0.09
3732,7,7,AllGrid,3,200,10,42,21,"Draw(CCW,L5)",94018,3339.9,A1,0.44,1.125,0.685
3858,5,5,AllGrid,3,200,10,42,40,"Freeze(CW,0)",134886,5580.05,A1,0.885,0.885,0.0
1938,0,14,AllGrid,3,200,10,42,46,"Hit(CW,11,MIDDLE)",7396,568.268,A1,-0.08,1.43,1.51
9112,3,9,AllGrid,3,200,10,42,55,"Hit(CCW,6,WEAK)",73944,3245.92,A1,0.4,0.76,0.36
4157,3,12,AllGrid,3,200,10,42,34,"Hit(CW,3,WEAK)",41745,2657.17,A1,-1.14,-0.705,0.43499999999999994
7373,1,11,AllGrid,3,200,10,42,33,"Hit(CCW,2,TOUCH)",53340,2905.23,A1,1.09,1.175,0.08499999999999996
7173,4,15,AllGrid,3,200,10,42,0,"Draw(CW,TEE)",151,15.8294,A1,1.84,2.0,0.15999999999999992
196,4,4,AllGrid,3,200,10,42,35,"Hit(CCW,3,WEAK)",144042,5190.99,A1,-0.22,-0.22,0.0
2630,2,14,AllGrid,3,200,10,42,32,"Hit(CW,11,TOUCH)",3189,183.357,A1,-1.18,-1.07,0.10999999999999988
5731,2,10,AllGrid,3,200,10,42,28,"PreGuard(CW,G4)",51597,1875.62,A1,-1.205,-0.555,0.65
9518,4,5,AllGrid,3,200,10,42,48,"Hit(CW,2,STRONG)",132772,5219.95,A1,0.655,0.985,0.32999999999999996
8211,7,12,AllGrid,3,200,10,42,69,"Hit(CCW,11,STRONG)",34153,1816.05,A1,-1.18,-0.815,0.365
7977,6,14,AllGrid,3,200,10,43,46,"Hit(CW,3,MIDDLE)",17586,1451.53,A1,-3.235,-1.635,1.5999999999999999
3926,6,11,AllGrid,3,200,10,43,37,"Hit(CCW,0,MIDDLE)",61576,3803.48,A1,-1.43,0.425,1.855
3883,1,14,AllGrid,3,200,10,43,0,"Draw(CW,TEE)",1014,53.1275,A1,-0.29,-0.075,0.21499999999999997
9222,7,5,AllGrid,3,200,10,43,9,"Draw(CCW,S6)",123558,4254.5,A1,0.995,1.315,0.31999999999999995
7881,2,15,AllGrid,3,200,10,43,84,"Hit(CW,12,WEAK)",129,9.13181,A1,0.285,1.72,1.435
6406,1,10,AllGrid,3,200,10,43,2,"Draw(CW,S0)",58120,2434.99,A1,-0.7,-0.385,0.31499999999999995
8452,5,15,AllGrid,3,200,10,43,34,"Hit(CW,0,WEAK)",153,13.1182,A1,1.32,1.935,0.615
1028,6,15,AllGrid,3,200,10,43,0,"Draw(CW,TEE)",151,13.4367,A1,0.77,1.0,0.22999999999999998
2596,1,14,AllGrid,3,200,10,43,86,"Hit(CW,11,MIDDLE)",17420,1422.32,A1,0.65,1.97,1.3199999999999998
4748,1,3,AllGrid,3,200,10,43,21,"Draw(CCW,L5)",156240,5588.04,A1,0.665,0.985,0.31999999999999995
9206,3,13,AllGrid,3,200,10,43,34,"Hit(CW,12,WEAK)",11157,627.618,A1,1.73,1.73,0.0
5859,1,6,AllGrid,3,200,10,43,6,"Draw(CW,S4)",118067,4762.18,A1,-0.32,-0.015,0.305
6871,4,5,AllGrid,3,200,10,43,40,"Freeze(CW,0)",133063,5257.88,A1,0.525,1.32,0.795
7163,3,13,AllGrid,3,200,10,43,63,"Hit(CCW,12,TOUCH)",22700,1532.62,A1,1.84,2.465,0.6249999999999998
5807,0,8,AllGrid,3,200,10,43,23,"Draw(CCW,L6)",94649,4213.52,A1,-0.275,0.03,0.30500000000000005
5567,2,15,AllGrid,3,200,10,43,0,"Draw(CW,TEE)",129,10.1799,A1,1.535,1.93,0.395
2507,3,11,AllGrid,3,200,10,43,63,"Hit(CCW,8,STRONG)",55913,2991.31,A1,1.02,1.715,0.6950000000000001
7006,3,15,AllGrid,3,200,10,43,0,"Draw(CW,TEE)",145,13.3476,A1,-1.0,-0.97,0.030000000000000027
1984,6,4,AllGrid,3,200,10,43,48,"Hit(CW,3,STRONG)",144494,5455.47,A1,-0.505,-0.31,0.195
1845,7,14,AllGrid,3,200,10,43,48,"PostGuard(CW,12,0)",2935,174.056,A1,1.005,1.44,0.43500000000000005
5780,2,6,AllGrid,3,200,10,43,17,"Draw(CCW,L3)",111911,4206.88,A1,-0.885,-0.375,0.51
8645,7,5,AllGrid,3,200,10,43,40,"Freeze(CW,0)",133981,5467.51,A1,0.79,0.92,0.13
6132,0,13,AllGrid,3,200,10,43,2,"Draw(CW,S0)",22968,1552.6,A1,1.915,2.62,0.7050000000000001
3339,4,10,AllGrid,3,200,10,43,10,"Draw(CW,L0)",63536,2765.36,A1,-0.46,-0.305,0.15500000000000003
3566,6,14,AllGrid,3,200,10,43,56,"Hit(CW,7,MIDDLE)",13524,1171.08,A1,0.34,1.01,0.6699999999999999
5523,3,9,AllGrid,3,200,10,43,55,"Hit(CCW,4,WEAK)",83669,4328.27,A1,0.74,0.74,0.0
7015,5,14,AllGrid,3,200,10,43,46,"Hit(CW,3,MIDDLE)",17576,1478.72,A1,-3.285,-1.135,2.1500000000000004
743,7,3,AllGrid,3,200,10,43,36,"Hit(CW,0,MIDDLE)",157965,5885.31,A1,0.49,0.98,0.49
1014,4,15,AllGrid,3,200,10,43,10,"Draw(CW,L0)",61,4.30387,A1,3.325,3.325,0.0
3900,0,10,AllGrid,3,200,10,43,0,"Draw(CW,TEE)",58037,2408.56,A1,0.305,0.305,0.0
4543,6,5,AllGrid,3,200,10,43,34,"Hit(CW,0,WEAK)",134334,5392.01,A1,0.71,1.09,0.3800000000000001
9231,5,14,AllGrid,3,200,10,43,7,"Draw(CCW,S4)",7737,656.851,A1,1.805,2.025,0.21999999999999997
1825,5,7,AllGrid,3,200,10,43,61,"PostGuard(CCW,3,1)",106278,4556.2,A1,0.535,0.865,0.32999999999999996
4062,4,15,AllGrid,3,200,10,43,35,"Hit(CCW,2,WEAK)",117,10.7699,A1,-1.275,-0.475,0.7999999999999999
9882,2,11,AllGrid,3,200,10,43,34,"Hit(CW,2,WEAK)",57930,3376.13,A1,0.21,1.295,1.085
2998,6,14,AllGrid,3,200,10,43,57,"Hit(CCW,5,MIDDLE)",17252,1506.27,A1,2.82,2.895,0.07500000000000018
1555,2,3,AllGrid,3,200,10,43,15,"Draw(CCW,L2)",158664,5826.42,A1,0.785,1.1,0.31500000000000006
4372,4,14,AllGrid,3,200,10,43,0,"Draw(CW,TEE)",2176,125.438,A1,0.005,0.095,0.09
3732,7,7,AllGrid,3,200,10,43,16,"Draw(CW,L3)",94284,3311.09,A1,0.695,1.125,0.43000000000000005
3858,5,5,AllGrid,3,200,10,43,40,"Freeze(CW,0)",135165,5564.13,A1,0.885,0.885,0.0
1938,0,14,AllGrid,3,200,10,43,46,"Hit(CW,11,MIDDLE)",7396,528.977,A1,-0.08,1.43,1.51
9112,3,9,AllGrid,3,200,10,43,56,"Hit(CW,6,MIDDLE)",74001,3268.64,A1,0.695,0.76,0.06500000000000006
4157,3,12,AllGrid,3,200,10,43,39,"Hit(CCW,3,STRONG)",41896,2612.35,A1,-1.83,-0.705,1.125
7373,1,11,AllGrid,3,200,10,43,42,"Hit(CW,4,TOUCH)",52888,2876.54,A1,0.77,1.175,0.405
7173,4,15,AllGrid,3,200,10,43,0,"Draw(CW,TEE)",151,16.9629,A1,1.84,2.0,0.15999999999999992
196,4,4,AllGrid,3,200,10,43,29,"PreGuard(CCW,G4)",144501,5311.41,A1,-0.65,-0.22,0.43000000000000005
2630,2,14,AllGrid,3,200,10,43,32,"Hit(CW,11,TOUCH)",3189,192.599,A1,-1.18,-1.07,0.10999999999999988
5731,2,10,AllGrid,3,200,10,43,29,"PreGuard(CCW,G4)",51203,2024.29,A1,-0.86,-0.555,0.30499999999999994
9518,4,5,AllGrid,3,200,10,43,44,"Hit(CW,2,WEAK)",134013,5337.83,A1,0.705,0.985,0.28
8211,7,12,AllGrid,3,200,10,43,6,"Draw(CW,S4)",34850,1834.8,A1,-1.225,-0.815,0.41000000000000014
7977,6,14,AllGrid,3,200,10,44,46,"Hit(CW,3,MIDDLE)",17586,1444.78,A1,-3.235,-1.635,1.5999999999999999
3926,6,11,AllGrid,3,200,10,44,37,"Hit(CCW,0,MIDDLE)",61636,3789.13,A1,-1.43,0.425,1.855
3883,1,14,AllGrid,3,200,10,44,0,"Draw(CW,TEE)",1014,53.0601,A1,-0.29,-0.075,0.21499999999999997
9222,7,5,AllGrid,3,200,10,44,5,"Draw(CCW,S2)",122930,4268.74,A1,1.125,1.315,0.18999999999999995
7881,2,15,AllGrid,3,200,10,44,84,"Hit(CW,12,WEAK)",129,8.98374,A1,0.285,1.72,1.435
6406,1,10,AllGrid,3,200,10,44,2,"Draw(CW,S0)",58780,2469.32,A1,-0.7,-0.385,0.31499999999999995
8452,5,15,AllGrid,3,200,10,44,34,"Hit(CW,0,WEAK)",153,13.2218,A1,1.32,1.935,0.615
1028,6,15,AllGrid,3,200,10,44,0,"Draw(CW,TEE)",151,13.282,A1,0.77,1.0,0.22999999999999998
2596,1,14,AllGrid,3,200,10,44,86,"Hit(CW,11,MIDDLE)",17420,1378.72,A1,0.65,1.97,1.3199999999999998
4748,1,3,AllGrid,3,200,10,44,42,"PostGuard(CW,3,0)",156720,5585.77,A1,0.75,0.985,0.235
9206,3,13,AllGrid,3,200,10,44,34,"Hit(CW,12,WEAK)",11157,625.933,A1,1.73,1.73,0.0
5859,1,6,AllGrid,3,200,10,44,3,"Draw(CCW,S0)",118413,4837.07,A1,-0.71,-0.015,0.695
6871,4,5,AllGrid,3,200,10,44,53,"PostGuard(CCW,1,0)",133007,5276.14,A1,0.905,1.32,0.41500000000000004
7163,3,13,AllGrid,3,200,10,44,63,"Hit(CCW,12,TOUCH)",22700,1415.2,A1,1.84,2.465,0.6249999999999998
5807,0,8,AllGrid,3,200,10,44,42,"Hit(CW,5,TOUCH)",94427,4199.65,A1,-0.68,0.03,0.7100000000000001
5567,2,15,AllGrid,3,200,10,44,0,"Draw(CW,TEE)",129,10.3412,A1,1.535,1.93,0.395
2507,3,11,AllGrid,3,200,10,44,43,"Hit(CCW,4,STRONG)",55904,2967.91,A1,0.45,1.715,1.2650000000000001
7006,3,15,AllGrid,3,200,10,44,0,"Draw(CW,TEE)",145,13.0355,A1,-1.0,-0.97,0.030000000000000027
1984,6,4,AllGrid,3,200,10,44,41,"Freeze(CCW,1)",144973,5437.94,A1,-0.535,-0.31,0.22500000000000003
1845,7,14,AllGrid,3,200,10,44,48,"PostGuard(CW,12,0)",2935,174.483,A1,1.005,1.44,0.43500000000000005
5780,2,6,AllGrid,3,200,10,44,28,"PreGuard(CW,G4)",111696,4076.95,A1,-0.585,-0.375,0.20999999999999996
8645,7,5,AllGrid,3,200,10,44,38,"Hit(CW,0,STRONG)",133072,5411.4,A1,0.71,0.92,0.21000000000000008
6132,0,13,AllGrid,3,200,10,44,2,"Draw(CW,S0)",22968,1550.5,A1,1.915,2.62,0.7050000000000001
3339,4,10,AllGrid,3,200,10,44,43,"Hit(CCW,9,TOUCH)",63116,2770.52,A1,-0.705,-0.305,0.39999999999999997
3566,6,14,AllGrid,3,200,10,44,56,"Hit(CW,7,MIDDLE)",13524,1136.23,A1,0.34,1.01,0.6699999999999999
5523,3,9,AllGrid,3,200,10,44,59,"Hit(CCW,4,STRONG)",83795,4338.17,A1,0.51,0.74,0.22999999999999998
7015,5,14,AllGrid,3,200,10,44,46,"Hit(CW,3,MIDDLE)",17576,1488.9,A1,-3.285,-1.135,2.1500000000000004
743,7,3,AllGrid,3,200,10,44,20,"Draw(CW,L5)",158914,5936.16,A1,0.98,0.98,0.0
1014,4,15,AllGrid,3,200,10,44,10,"Draw(CW,L0)",61,3.34005,A1,3.325,3.325,0.0
3900,0,10,AllGrid,3,200,10,44,0,"Draw(CW,TEE)",58483,2432.98,A1,0.305,0.305,0.0
4543,6,5,AllGrid,3,200,10,44,50,"Freeze(CW,2)",133454,5325.92,A1,0.285,1.09,0.8050000000000002
9231,5,14,AllGrid,3,200,10,44,7,"Draw(CCW,S4)",7737,543.374,A1,1.805,2.025,0.21999999999999997
1825,5,7,AllGrid,3,200,10,44,68,"PostGuard(CW,5,2)",106162,4479.59,A1,0.38,0.865,0.485
4062,4,15,AllGrid,3,200,10,44,35,"Hit(CCW,2,WEAK)",117,10.6889,A1,-1.275,-0.475,0.7999999999999999
9882,2,11,AllGrid,3,200,10,44,65,"Hit(CCW,8,WEAK)",58793,3409.45,A1,0.3,1.295,0.9949999999999999
2998,6,14,AllGrid,3,200,10,44,57,"Hit(CCW,5,MIDDLE)",17252,1508.33,A1,2.82,2.895,0.07500000000000018
1555,2,3,AllGrid,3,200,10,44,45,"PostGuard(CCW,1,1)",158574,5856.07,A1,0.735,1.1,0.3650000000000001
4372,4,14,AllGrid,3,200,10,44,0,"Draw(CW,TEE)",2176,134.108,A1,0.005,0.095,0.09
3732,7,7,AllGrid,3,200,10,44,9,"Draw(CCW,S6)",94656,3336.49,A1,0.425,1.125,0.7
3858,5,5,AllGrid,3,200,10,44,3,"Draw(CCW,S0)",133949,5516.18,A1,0.795,0.885,0.08999999999999997
1938,0,14,AllGrid,3,200,10,44,46,"Hit(CW,11,MIDDLE)",7396,561.255,A1,-0.08,1.43,1.51
9112,3,9,AllGrid,3,200,10,44,3,"Draw(CCW,S0)",74373,3279.83,A1,-0.08,0.76,0.84
4157,3,12,AllGrid,3,200,10,44,39,"Hit(CCW,3,STRONG)",41862,2581.39,A1,-1.83,-0.705,1.125
7373,1,11,AllGrid,3,200,10,44,41,"Freeze(CCW,2)",53593,2950.61,A1,1.175,1.175,0.0
7173,4,15,AllGrid,3,200,10,44,0,"Draw(CW,TEE)",151,18.3312,A1,1.84,2.0,0.15999999999999992
196,4,4,AllGrid,3,200,10,44,29,"PreGuard(CCW,G4)",144591,5202.85,A1,-0.65,-0.22,0.43000000000000005
2630,2,14,AllGrid,3,200,10,44,32,"Hit(CW,11,TOUCH)",3189,180.327,A1,-1.18,-1.07,0.10999999999999988
5731,2,10,AllGrid,3,200,10,44,28,"PreGuard(CW,G4)",51581,1942.49,A1,-1.205,-0.555,0.65
9518,4,5,AllGrid,3,200,10,44,44,"Hit(CW,2,WEAK)",134271,5321.44,A1,0.705,0.985,0.28
8211,7,12,AllGrid,3,200,10,44,69,"Hit(CCW,11,STRONG)",34562,1815.95,A1,-1.18,-0.815,0.365
7977,6,14,AllGrid,3,200,10,45,46,"Hit(CW,3,MIDDLE)",17586,1443.68,A1,-3.235,-1.635,1.5999999999999999
3926,6,11,AllGrid,3,200,10,45,39,"Hit(CCW,0,STRONG)",61850,3808.78,A1,-1.615,0.425,2.04
3883,1,14,AllGrid,3,200,10,45,0,"Draw(CW,TEE)",1014,67.1467,A1,-0.29,-0.075,0.21499999999999997
9222,7,5,AllGrid,3,200,10,45,20,"Draw(CW,L5)",122254,4192.69,A1,1.125,1.315,0.18999999999999995
7881,2,15,AllGrid,3,200,10,45,84,"Hit(CW,12,WEAK)",129,9.12377,A1,0.285,1.72,1.435
6406,1,10,AllGrid,3,200,10,45,41,"Freeze(CCW,7)",58731,2461.65,A1,-0.89,-0.385,0.505
8452,5,15,AllGrid,3,200,10,45,34,"Hit(CW,0,WEAK)",153,13.4571,A1,1.32,1.935,0.615
1028,6,15,AllGrid,3,200,10,45,0,"Draw(CW,TEE)",151,13.5675,A1,0.77,1.0,0.22999999999999998
2596,1,14,AllGrid,3,200,10,45,86,"Hit(CW,11,MIDDLE)",17420,1366.89,A1,0.65,1.97,1.3199999999999998
4748,1,3,AllGrid,3,200,10,45,40,"Freeze(CW,0)",156085,5574.4,A1,0.815,0.985,0.17000000000000004
9206,3,13,AllGrid,3,200,10,45,34,"Hit(CW,12,WEAK)",11157,629.566,A1,1.73,1.73,0.0
5859,1,6,AllGrid,3,200,10,45,0,"Draw(CW,TEE)",117801,4780.89,A1,-0.015,-0.015,0.0
6871,4,5,AllGrid,3,200,10,45,0,"Draw(CW,TEE)",133210,5244.6,A1,1.005,1.32,0.31500000000000017
7163,3,13,AllGrid,3,200,10,45,63,"Hit(CCW,12,TOUCH)",22700,1420.2,A1,1.84,2.465,0.6249999999999998
5807,0,8,AllGrid,3,200,10,45,70,"PostGuard(CW,4,1)",94611,4159.04,A1,-0.265,0.03,0.29500000000000004
5567,2,15,AllGrid,3,200,10,45,0,"Draw(CW,TEE)",129,10.0362,A1,1.535,1.93,0.395
2507,3,11,AllGrid,3,200,10,45,62,"Hit(CW,8,STRONG)",56584,3055.08,A1,1.715,1.715,0.0
7006,3,15,AllGrid,3,200,10,45,0,"Draw(CW,TEE)",145,12.851,A1,-1.0,-0.97,0.030000000000000027
1984,6,4,AllGrid,3,200,10,45,37,"Hit(CCW,1,MIDDLE)",145342,5503.98,A1,-0.645,-0.31,0.335
1845,7,14,AllGrid,3,200,10,45,48,"PostGuard(CW,12,0)",2935,174.453,A1,1.005,1.44,0.43500000000000005
5780,2,6,AllGrid,3,200,10,45,34,"Hit(CW,5,WEAK)",112152,4116.28,A1,-0.375,-0.375,0.0
8645,7,5,AllGrid,3,200,10,45,17,"Draw(CCW,L3)",132921,5421.48,A1,0.695,0.92,0.2250000000000001
6132,0,13,AllGrid,3,200,10,45,2,"Draw(CW,S0)",22968,1550.75,A1,1.915,2.62,0.7050000000000001
3339,4,10,AllGrid,3,200,10,45,43,"Hit(CCW,9,TOUCH)",63160,2762.92,A1,-0.705,-0.305,0.39999999999999997
3566,6,14,AllGrid,3,200,10,45,56,"Hit(CW,7,MIDDLE)",13524,1121.03,A1,0.34,1.01,0.6699999999999999
5523,3,9,AllGrid,3,200,10,45,55,"Hit(CCW,4,WEAK)",83756,4295.88,A1,0.74,0.74,0.0
7015,5,14,AllGrid,3,200,10,45,46,"Hit(CW,3,MIDDLE)",17576,1466.74,A1,-3.285,-1.135,2.1500000000000004
743,7,3,AllGrid,3,200,10,45,32,"Hit(CW,0,TOUCH)",157145,5814.8,A1,0.75,0.98,0.22999999999999998
1014,4,15,AllGrid,3,200,10,45,10,"Draw(CW,L0)",61,3.34411,A1,3.325,3.325,0.0
3900,0,10,AllGrid,3,200,10,45,40,"Freeze(CW,9)",58772,2447.01,A1,-0.02,0.305,0.325
4543,6,5,AllGrid,3,200,10,45,2,"Draw(CW,S0)",133288,5311.24,A1,0.64,1.09,0.45000000000000007
9231,5,14,AllGrid,3,200,10,45,7,"Draw(CCW,S4)",7737,519.814,A1,1.805,2.025,0.21999999999999997
1825,5,7,AllGrid,3,200,10,45,71,"PostGuard(CCW,7,0)",106218,4497.24,A1,0.38,0.865,0.485
4062,4,15,AllGrid,3,200,10,45,35,"Hit(CCW,2,WEAK)",117,9.21183,A1,-1.275,-0.475,0.7999999999999999
9882,2,11,AllGrid,3,200,10,45,65,"Hit(CCW,8,WEAK)",58316,3395.41,A1,0.3,1.295,0.9949999999999999
2998,6,14,AllGrid,3,200,10,45,57,"Hit(CCW,5,MIDDLE)",17252,1494.06,A1,2.82,2.895,0.07500000000000018
1555,2,3,AllGrid,3,200,10,45,10,"Draw(CW,L0)",158765,5800.77,A1,0.655,1.1,0.44500000000000006
4372,4,14,AllGrid,3,200,10,45,0,"Draw(CW,TEE)",2176,125.454,A1,0.005,0.095,0.09
3732,7,7,AllGrid,3,200,10,45,21,"Draw(CCW,L5)",94791,3319.82,A1,0.44,1.125,0.685
3858,5,5,AllGrid,3,200,10,45,36,"Hit(CW,0,MIDDLE)",134664,5537.95,A1,0.74,0.885,0.14500000000000002
1938,0,14,AllGrid,3,200,10,45,46,"Hit(CW,11,MIDDLE)",7396,533.447,A1,-0.08,1.43,1.51
9112,3,9,AllGrid,3,200,10,45,3,"Draw(CCW,S0)",74362,3235.22,A1,-0.08,0.76,0.84
4157,3,12,AllGrid,3,200,10,45,37,"Hit(CCW,3,MIDDLE)",41792,2588.13,A1,-1.71,-0.705,1.005
7373,1,11,AllGrid,3,200,10,45,42,"Hit(CW,4,TOUCH)",53343,2888.38,A1,0.77,1.175,0.405
7173,4,15,AllGrid,3,200,10,45,0,"Draw(CW,TEE)",151,17.1305,A1,1.84,2.0,0.15999999999999992
196,4,4,AllGrid,3,200,10,45,28,"PreGuard(CW,G4)",142636,5113.28,A1,-0.605,-0.22,0.385
2630,2,14,AllGrid,3,200,10,45,32,"Hit(CW,11,TOUCH)",3189,211.078,A1,-1.18,-1.07,0.10999999999999988
5731,2,10,AllGrid,3,200,10,45,28,"PreGuard(CW,G4)",50896,1855.95,A1,-1.205,-0.555,0.65
9518,4,5,AllGrid,3,200,10,45,0,"Draw(CW,TEE)",133648,5293.42,A1,0.65,0.985,0.33499999999999996
8211,7,12,AllGrid,3,200,10,45,10,"Draw(CW,L0)",34246,1847.76,A1,-1.205,-0.815,0.3900000000000001
7977,6,14,AllGrid,3,200,10,46,46,"Hit(CW,3,MIDDLE)",17586,1389.51,A1,-3.235,-1.635,1.5999999999999999
3926,6,11,AllGrid,3,200,10,46,37,"Hit(CCW,0,MIDDLE)",61881,3798.83,A1,-1.43,0.425,1.855
3883,1,14,AllGrid,3,200,10,46,0,"Draw(CW,TEE)",1014,53.3571,A1,-0.29,-0.075,0.21499999999999997
9222,7,5,AllGrid,3,200,10,46,20,"Draw(CW,L5)",121888,4185.07,A1,1.125,1.315,0.18999999999999995
7881,2,15,AllGrid,3,200,10,46,84,"Hit(CW,12,WEAK)",129,9.08461,A1,0.285,1.72,1.435
6406,1,10,AllGrid,3,200,10,46,2,"Draw(CW,S0)",57997,2441.37,A1,-0.7,-0.385,0.31499999999999995
8452,5,15,AllGrid,3,200,10,46,34,"Hit(CW,0,WEAK)",153,13.6931,A1,1.32,1.935,0.615
1028,6,15,AllGrid,3,200,10,46,0,"Draw(CW,TEE)",151,13.7527,A1,0.77,1.0,0.22999999999999998
2596,1,14,AllGrid,3,200,10,46,86,"Hit(CW,11,MIDDLE)",17420,1430.81,A1,0.65,1.97,1.3199999999999998
4748,1,3,AllGrid,3,200,10,46,43,"PostGuard(CCW,3,0)",157234,5616.69,A1,0.835,0.985,0.15000000000000002
9206,3,13,AllGrid,3,200,10,46,34,"Hit(CW,12,WEAK)",11157,629.288,A1,1.73,1.73,0.0
5859,1,6,AllGrid,3,200,10,46,0,"Draw(CW,TEE)",117771,4718.76,A1,-0.015,-0.015,0.0
6871,4,5,AllGrid,3,200,10,46,53,"PostGuard(CCW,1,0)",132995,5245.26,A1,0.905,1.32,0.41500000000000004
7163,3,13,AllGrid,3,200,10,46,63,"Hit(CCW,12,TOUCH)",22700,1420.96,A1,1.84,2.465,0.6249999999999998
5807,0,8,AllGrid,3,200,10,46,72,"PostGuard(CW,4,2)",94576,4159.4,A1,-0.23,0.03,0.26
5567,2,15,AllGrid,3,200,10,46,0,"Draw(CW,TEE)",129,10.3381,A1,1.535,1.93,0.395
2507,3,11,AllGrid,3,200,10,46,60,"Hit(CW,8,MIDDLE)",56028,3017.3,A1,1.42,1.715,0.29500000000000015
7006,3,15,AllGrid,3,200,10,46,0,"Draw(CW,TEE)",145,13.4573,A1,-1.0,-0.97,0.030000000000000027
1984,6,4,AllGrid,3,200,10,46,29,"PreGuard(CCW,G4)",145003,5473.69,A1,-0.93,-0.31,0.6200000000000001
1845,7,14,AllGrid,3,200,10,46,48,"PostGuard(CW,12,0)",2935,174.248,A1,1.005,1.44,0.43500000000000005
5780,2,6,AllGrid,3,200,10,46,23,"Draw(CCW,L6)",113526,4213.28,A1,-1.155,-0.375,0.78
8645,7,5,AllGrid,3,200,10,46,44,"Hit(CW,2,WEAK)",134048,5437.74,A1,0.78,0.92,0.14
6132,0,13,AllGrid,3,200,10,46,2,"Draw(CW,S0)",22968,1548.76,A1,1.915,2.62,0.7050000000000001
3339,4,10,AllGrid,3,200,10,46,43,"Hit(CCW,9,TOUCH)",63155,2766.45,A1,-0.705,-0.305,0.39999999999999997
3566,6,14,AllGrid,3,200,10,46,56,"Hit(CW,7,MIDDLE)",13524,1161.78,A1,0.34,1.01,0.6699999999999999
5523,3,9,AllGrid,3,200,10,46,55,"Hit(CCW,4,WEAK)",83431,4290.98,A1,0.74,0.74,0.0
7015,5,14,AllGrid,3,200,10,46,46,"Hit(CW,3,MIDDLE)",17576,1473.75,A1,-3.285,-1.135,2.1500000000000004
743,7,3,AllGrid,3,200,10,46,27,"PreGuard(CCW,G3)",158652,5895.42,A1,0.48,0.98,0.5
1014,4,15,AllGrid,3,200,10,46,10,"Draw(CW,L0)",61,3.34421,A1,3.325,3.325,0.0
3900,0,10,AllGrid,3,200,10,46,0,"Draw(CW,TEE)",57932,2423.86,A1,0.305,0.305,0.0
4543,6,5,AllGrid,3,200,10,46,35,"Hit(CCW,0,WEAK)",132559,5306.16,A1,0.465,1.09,0.625
9231,5,14,AllGrid,3,200,10,46,7,"Draw(CCW,S4)",7737,518.464,A1,1.805,2.025,0.21999999999999997
1825,5,7,AllGrid,3,200,10,46,3,"Draw(CCW,S0)",106090,4473.58,A1,0.785,0.865,0.07999999999999996
4062,4,15,AllGrid,3,200,10,46,35,"Hit(CCW,2,WEAK)",117,8.71867,A1,-1.275,-0.475,0.7999999999999999
9882,2,11,AllGrid,3,200,10,46,56,"Hit(CW,6,MIDDLE)",58328,3392.1,A1,0.37,1.295,0.9249999999999999
2998,6,14,AllGrid,3,200,10,46,57,"Hit(CCW,5,MIDDLE)",17252,1492.47,A1,2.82,2.895,0.07500000000000018
1555,2,3,AllGrid,3,200,10,46,24,"Draw(CW,L7)",158054,5852.41,A1,0.6,1.1,0.5000000000000001
4372,4,14,AllGrid,3,200,10,46,0,"Draw(CW,TEE)",2176,122.583,A1,0.005,0.095,0.09
3732,7,7,AllGrid,3,200,10,46,9,"Draw(CCW,S6)",95469,3314.23,A1,0.425,1.125,0.7
3858,5,5,AllGrid,3,200,10,46,10,"Draw(CW,L0)",134187,5508.68,A1,0.64,0.885,0.245
1938,0,14,AllGrid,3,200,10,46,46,"Hit(CW,11,MIDDLE)",7396,537.423,A1,-0.08,1.43,1.51
9112,3,9,AllGrid,3,200,10,46,58,"Hit(CW,6,STRONG)",74577,3257.16,A1,0.415,0.76,0.34500000000000003
4157,3,12,AllGrid,3,200,10,46,39,"Hit(CCW,3,STRONG)",41725,2529.47,A1,-1.83,-0.705,1.125
7373,1,11,AllGrid,3,200,10,46,33,"Hit(CCW,2,TOUCH)",53788,2943.88,A1,1.09,1.175,0.08499999999999996
7173,4,15,AllGrid,3,200,10,46,0,"Draw(CW,TEE)",151,17.0333,A1,1.84,2.0,0.15999999999999992
196,4,4,AllGrid,3,200,10,46,46,"PostGuard(CW,2,2)",142849,5170.57,A1,-0.59,-0.22,0.37
2630,2,14,AllGrid,3,200,10,46,32,"Hit(CW,11,TOUCH)",3189,184.061,A1,-1.18,-1.07,0.10999999999999988
5731,2,10,AllGrid,3,200,10,46,28,"PreGuard(CW,G4)",50527,1841.92,A1,-1.205,-0.555,0.65
9518,4,5,AllGrid,3,200,10,46,38,"Hit(CW,0,STRONG)",134171,5319.56,A1,0.56,0.985,0.42499999999999993
8211,7,12,AllGrid,3,200,10,46,2,"Draw(CW,S0)",35220,1871.82,A1,-1.155,-0.815,0.3400000000000001
7977,6,14,Proposed,3,200,10,42,46,"Hit(CW,3,MIDDLE)",3938,321.39,A2,-3.235,-1.635,1.5999999999999999
3926,6,11,Proposed,3,200,10,42,37,"Hit(CCW,0,MIDDLE)",47672,2293.66,A2,-1.43,0.425,1.855
3883,1,14,Proposed,3,200,10,42,18,"Draw(CW,L4)",367,19.2453,A2,-0.355,-0.075,0.27999999999999997
9222,7,5,Proposed,3,200,10,42,9,"Draw(CCW,S6)",121483,3990.42,A2,0.995,1.315,0.31999999999999995
7881,2,15,Proposed,3,200,10,42,0,"Draw(CW,TEE)",129,9.23827,A2,-1.005,1.72,2.7249999999999996
6406,1,10,Proposed,3,200,10,42,0,"Draw(CW,TEE)",53509,2072.43,A2,-0.385,-0.385,0.0
8452,5,15,Proposed,3,200,10,42,0,"Draw(CW,TEE)",153,13.147,A2,1.445,1.935,0.49
1028,6,15,Proposed,3,200,10,42,0,"Draw(CW,TEE)",151,12.6809,A2,0.77,1.0,0.22999999999999998
2596,1,14,Proposed,3,200,10,42,45,"Hit(CCW,3,WEAK)",4096,303.911,A2,1.385,1.97,0.585
4748,1,3,Proposed,3,200,10,42,36,"Hit(CW,0,MIDDLE)",152916,5225.67,A2,0.31,0.985,0.675
9206,3,13,Proposed,3,200,10,42,11,"Draw(CCW,L0)",7406,412.282,A2,1.66,1.73,0.07000000000000006
5859,1,6,Proposed,3,200,10,42,59,"PostGuard(CCW,4,0)",112777,4077.62,A2,-0.355,-0.015,0.33999999999999997
6871,4,5,Proposed,3,200,10,42,52,"PostGuard(CW,1,0)",130079,4787.77,A2,1.18,1.32,0.14000000000000012
7163,3,13,Proposed,3,200,10,42,67,"Hit(CCW,12,MIDDLE)",6670,427.245,A2,1.88,2.465,0.585
5807,0,8,Proposed,3,200,10,42,71,"PostGuard(CCW,4,1)",89922,3565.47,A2,-0.035,0.03,0.065
5567,2,15,Proposed,3,200,10,42,0,"Draw(CW,TEE)",129,10.2434,A2,1.535,1.93,0.395
2507,3,11,Proposed,3,200,10,42,41,"Hit(CCW,4,MIDDLE)",40846,1847.58,A2,0.645,1.715,1.07
7006,3,15,Proposed,3,200,10,42,0,"Draw(CW,TEE)",145,15.7985,A2,-1.0,-0.97,0.030000000000000027
1984,6,4,Proposed,3,200,10,42,42,"Hit(CW,3,TOUCH)",139818,5035.17,A2,-0.695,-0.31,0.38499999999999995
1845,7,14,Proposed,3,200,10,42,48,"PostGuard(CW,12,0)",800,61.3784,A2,1.005,1.44,0.43500000000000005
5780,2,6,Proposed,3,200,10,42,37,"Hit(CCW,5,MIDDLE)",109938,3858.6,A2,-0.75,-0.375,0.375
8645,7,5,Proposed,3,200,10,42,46,"Hit(CW,2,MIDDLE)",129641,4800.4,A2,0.62,0.92,0.30000000000000004
6132,0,13,Proposed,3,200,10,42,54,"Hit(CW,12,WEAK)",19194,1191.08,A2,1.96,2.62,0.6600000000000001
3339,4,10,Proposed,3,200,10,42,62,"PostGuard(CW,6,2)",56905,2217.59,A2,-0.995,-0.305,0.69
3566,6,14,Proposed,3,200,10,42,55,"Hit(CCW,7,WEAK)",3121,266.701,A2,0.45,1.01,0.56
5523,3,9,Proposed,3,200,10,42,55,"Hit(CCW,4,WEAK)",71523,3073.26,A2,0.74,0.74,0.0
7015,5,14,Proposed,3,200,10,42,11,"Draw(CCW,L0)",4010,318.215,A2,-1.135,-1.135,0.0
743,7,3,Proposed,3,200,10,42,13,"Draw(CCW,L1)",153720,5322.76,A2,0.705,0.98,0.275
1014,4,15,Proposed,3,200,10,42,0,"Draw(CW,TEE)",61,4.28819,A2,1.035,3.325,2.29
3900,0,10,Proposed,3,200,10,42,40,"Freeze(CW,9)",53086,2009.68,A2,-0.02,0.305,0.325
4543,6,5,Proposed,3,200,10,42,44,"Hit(CW,2,WEAK)",129524,4876.18,A2,0.78,1.09,0.31000000000000005
9231,5,14,Proposed,3,200,10,42,10,"Draw(CW,L0)",1926,127.772,A2,1.14,2.025,0.885
1825,5,7,Proposed,3,200,10,42,1,"Draw(CCW,TEE)",99539,3838.63,A2,0.79,0.865,0.07499999999999996
4062,4,15,Proposed,3,200,10,42,0,"Draw(CW,TEE)",117,10.6786,A2,-1.995,-0.475,1.52
9882,2,11,Proposed,3,200,10,42,78,"PostGuard(CW,3,0)",52770,2663.32,A2,0.51,1.295,0.7849999999999999
2998,6,14,Proposed,3,200,10,42,57,"Hit(CCW,5,MIDDLE)",3970,314.873,A2,2.82,2.895,0.07500000000000018
1555,2,3,Proposed,3,200,10,42,35,"Hit(CCW,0,WEAK)",154165,5283.1,A2,0.835,1.1,0.2650000000000001
4372,4,14,Proposed,3,200,10,42,19,"Draw(CCW,L4)",603,41.2443,A2,0.02,0.095,0.075
3732,7,7,Proposed,3,200,10,42,37,"Hit(CCW,4,MIDDLE)",92496,3146.36,A2,0.93,1.125,0.19499999999999995
3858,5,5,Proposed,3,200,10,42,35,"Hit(CCW,0,WEAK)",130872,4967.09,A2,0.545,0.885,0.33999999999999997
1938,0,14,Proposed,3,200,10,42,54,"Hit(CW,13,WEAK)",2076,173.274,A2,1.175,1.43,0.2549999999999999
9112,3,9,Proposed,3,200,10,42,56,"Hit(CW,6,MIDDLE)",69402,2706.63,A2,0.695,0.76,0.06500000000000006
4157,3,12,Proposed,3,200,10,42,36,"Hit(CW,3,MIDDLE)",27983,1514.75,A2,-0.705,-0.705,0.0
7373,1,11,Proposed,3,200,10,42,36,"Hit(CW,2,MIDDLE)",49176,2385.57,A2,0.335,1.175,0.8400000000000001
7173,4,15,Proposed,3,200,10,42,0,"Draw(CW,TEE)",151,16.2963,A2,1.84,2.0,0.15999999999999992
196,4,4,Proposed,3,200,10,42,43,"PostGuard(CCW,2,0)",139133,4733.97,A2,-0.685,-0.22,0.4650000000000001
2630,2,14,Proposed,3,200,10,42,33,"Hit(CCW,11,TOUCH)",867,64.432,A2,-1.445,-1.07,0.375
5731,2,10,Proposed,3,200,10,42,13,"Draw(CCW,L1)",49772,1776.64,A2,-0.94,-0.555,0.3849999999999999
9518,4,5,Proposed,3,200,10,42,44,"Hit(CW,2,WEAK)",127538,4681.44,A2,0.705,0.985,0.28
8211,7,12,Proposed,3,200,10,42,70,"Freeze(CW,11)",27524,1351.0,A2,-1.045,-0.815,0.22999999999999998
7977,6,14,Proposed,3,200,10,43,46,"Hit(CW,3,MIDDLE)",3938,297.122,A2,-3.235,-1.635,1.5999999999999999
3926,6,11,Proposed,3,200,10,43,37,"Hit(CCW,0,MIDDLE)",46500,2234.81,A2,-1.43,0.425,1.855
3883,1,14,Proposed,3,200,10,43,18,"Draw(CW,L4)",367,19.1655,A2,-0.355,-0.075,0.27999999999999997
9222,7,5,Proposed,3,200,10,43,9,"Draw(CCW,S6)",121614,3967.64,A2,0.995,1.315,0.31999999999999995
7881,2,15,Proposed,3,200,10,43,0,"Draw(CW,TEE)",129,9.38889,A2,-1.005,1.72,2.7249999999999996
6406,1,10,Proposed,3,200,10,43,0,"Draw(CW,TEE)",52150,1996.36,A2,-0.385,-0.385,0.0
8452,5,15,Proposed,3,200,10,43,0,"Draw(CW,TEE)",153,13.8899,A2,1.445,1.935,0.49
1028,6,15,Proposed,3,200,10,43,0,"Draw(CW,TEE)",151,13.9487,A2,0.77,1.0,0.22999999999999998
2596,1,14,Proposed,3,200,10,43,45,"Hit(CCW,3,WEAK)",4096,316.122,A2,1.385,1.97,0.585
4748,1,3,Proposed,3,200,10,43,11,"Draw(CCW,L0)",151723,5138.32,A2,0.54,0.985,0.44499999999999995
9206,3,13,Proposed,3,200,10,43,11,"Draw(CCW,L0)",7406,413.06,A2,1.66,1.73,0.07000000000000006
5859,1,6,Proposed,3,200,10,43,32,"Hit(CW,1,TOUCH)",112694,4064.13,A2,-0.26,-0.015,0.245
6871,4,5,Proposed,3,200,10,43,11,"Draw(CCW,L0)",130597,4828.49,A2,0.85,1.32,0.4700000000000001
7163,3,13,Proposed,3,200,10,43,67,"Hit(CCW,12,MIDDLE)",6670,410.157,A2,1.88,2.465,0.585
5807,0,8,Proposed,3,200,10,43,72,"PostGuard(CW,4,2)",89301,3524.5,A2,-0.23,0.03,0.26
5567,2,15,Proposed,3,200,10,43,0,"Draw(CW,TEE)",129,10.2528,A2,1.535,1.93,0.395
2507,3,11,Proposed,3,200,10,43,39,"Hit(CCW,4,WEAK)",43590,2130.19,A2,1.66,1.715,0.05500000000000016
7006,3,15,Proposed,3,200,10,43,0,"Draw(CW,TEE)",145,13.3796,A2,-1.0,-0.97,0.030000000000000027
1984,6,4,Proposed,3,200,10,43,47,"Hit(CCW,3,MIDDLE)",140181,4958.76,A2,-0.595,-0.31,0.285
1845,7,14,Proposed,3,200,10,43,48,"PostGuard(CW,12,0)",800,47.3501,A2,1.005,1.44,0.43500000000000005
5780,2,6,Proposed,3,200,10,43,37,"Hit(CCW,5,MIDDLE)",109161,3744.4,A2,-0.75,-0.375,0.375
8645,7,5,Proposed,3,200,10,43,46,"Hit(CW,2,MIDDLE)",129887,4791.64,A2,0.62,0.92,0.30000000000000004
6132,0,13,Proposed,3,200,10,43,54,"Hit(CW,12,WEAK)",19194,1212.1,A2,1.96,2.62,0.6600000000000001
3339,4,10,Proposed,3,200,10,43,62,"PostGuard(CW,6,2)",57716,2275.89,A2,-0.995,-0.305,0.69
3566,6,14,Proposed,3,200,10,43,55,"Hit(CCW,7,WEAK)",3121,244.305,A2,0.45,1.01,0.56
5523,3,9,Proposed,3,200,10,43,55,"Hit(CCW,4,WEAK)",71938,3064.78,A2,0.74,0.74,0.0
7015,5,14,Proposed,3,200,10,43,11,"Draw(CCW,L0)",4010,302.127,A2,-1.135,-1.135,0.0
743,7,3,Proposed,3,200,10,43,34,"Hit(CW,0,WEAK)",153584,5303.54,A2,0.515,0.98,0.46499999999999997
1014,4,15,Proposed,3,200,10,43,0,"Draw(CW,TEE)",61,3.33783,A2,1.035,3.325,2.29
3900,0,10,Proposed,3,200,10,43,0,"Draw(CW,TEE)",52557,1998.42,A2,0.305,0.305,0.0
4543,6,5,Proposed,3,200,10,43,46,"Hit(CW,2,MIDDLE)",129424,4743.93,A2,0.69,1.09,0.40000000000000013
9231,5,14,Proposed,3,200,10,43,10,"Draw(CW,L0)",1926,126.795,A2,1.14,2.025,0.885
1825,5,7,Proposed,3,200,10,43,1,"Draw(CCW,TEE)",100915,3844.22,A2,0.79,0.865,0.07499999999999996
4062,4,15,Proposed,3,200,10,43,0,"Draw(CW,TEE)",117,8.65788,A2,-1.995,-0.475,1.52
9882,2,11,Proposed,3,200,10,43,65,"Hit(CCW,8,WEAK)",52193,2646.7,A2,0.3,1.295,0.9949999999999999
2998,6,14,Proposed,3,200,10,43,57,"Hit(CCW,5,MIDDLE)",3970,313.92,A2,2.82,2.895,0.07500000000000018
1555,2,3,Proposed,3,200,10,43,35,"Hit(CCW,0,WEAK)",153604,5262.51,A2,0.835,1.1,0.2650000000000001
4372,4,14,Proposed,3,200,10,43,19,"Draw(CCW,L4)",603,33.9604,A2,0.02,0.095,0.075
3732,7,7,Proposed,3,200,10,43,8,"Draw(CW,S6)",92830,3099.79,A2,0.685,1.125,0.43999999999999995
3858,5,5,Proposed,3,200,10,43,35,"Hit(CCW,0,WEAK)",131703,5024.96,A2,0.545,0.885,0.33999999999999997
1938,0,14,Proposed,3,200,10,43,54,"Hit(CW,13,WEAK)",2076,146.626,A2,1.175,1.43,0.2549999999999999
9112,3,9,Proposed,3,200,10,43,35,"Hit(CCW,2,WEAK)",68152,2646.12,A2,0.385,0.76,0.375
4157,3,12,Proposed,3,200,10,43,36,"Hit(CW,3,MIDDLE)",28206,1441.62,A2,-0.705,-0.705,0.0
7373,1,11,Proposed,3,200,10,43,36,"Hit(CW,2,MIDDLE)",48356,2317.84,A2,0.335,1.175,0.8400000000000001
7173,4,15,Proposed,3,200,10,43,0,"Draw(CW,TEE)",151,16.4251,A2,1.84,2.0,0.15999999999999992
196,4,4,Proposed,3,200,10,43,24,"Draw(CW,L7)",139225,4732.14,A2,-0.76,-0.22,0.54
2630,2,14,Proposed,3,200,10,43,33,"Hit(CCW,11,TOUCH)",867,49.589,A2,-1.445,-1.07,0.375
5731,2,10,Proposed,3,200,10,43,36,"Hit(CW,9,MIDDLE)",49436,1710.6,A2,-0.72,-0.555,0.16499999999999992
9518,4,5,Proposed,3,200,10,43,46,"Hit(CW,2,MIDDLE)",129701,4789.83,A2,0.845,0.985,0.14
8211,7,12,Proposed,3,200,10,43,45,"Hit(CCW,5,WEAK)",27794,1304.94,A2,-1.115,-0.815,0.30000000000000004
7977,6,14,Proposed,3,200,10,44,46,"Hit(CW,3,MIDDLE)",3938,293.942,A2,-3.235,-1.635,1.5999999999999999
3926,6,11,Proposed,3,200,10,44,37,"Hit(CCW,0,MIDDLE)",47185,2308.95,A2,-1.43,0.425,1.855
3883,1,14,Proposed,3,200,10,44,18,"Draw(CW,L4)",367,19.3083,A2,-0.355,-0.075,0.27999999999999997
9222,7,5,Proposed,3,200,10,44,12,"Draw(CW,L1)",120637,3991.26,A2,0.885,1.315,0.42999999999999994
7881,2,15,Proposed,3,200,10,44,0,"Draw(CW,TEE)",129,9.46656,A2,-1.005,1.72,2.7249999999999996
6406,1,10,Proposed,3,200,10,44,50,"Freeze(CW,9)",52145,1985.34,A2,-0.645,-0.385,0.26
8452,5,15,Proposed,3,200,10,44,0,"Draw(CW,TEE)",153,13.4472,A2,1.445,1.935,0.49
1028,6,15,Proposed,3,200,10,44,0,"Draw(CW,TEE)",151,13.7843,A2,0.77,1.0,0.22999999999999998
2596,1,14,Proposed,3,200,10,44,45,"Hit(CCW,3,WEAK)",4096,313.641,A2,1.385,1.97,0.585
4748,1,3,Proposed,3,200,10,44,36,"Hit(CW,0,MIDDLE)",151859,5161.41,A2,0.31,0.985,0.675
9206,3,13,Proposed,3,200,10,44,11,"Draw(CCW,L0)",7406,412.911,A2,1.66,1.73,0.07000000000000006
5859,1,6,Proposed,3,200,10,44,41,"Freeze(CCW,1)",113196,4082.4,A2,-0.425,-0.015,0.41
6871,4,5,Proposed,3,200,10,44,52,"PostGuard(CW,1,0)",129541,4769.42,A2,1.18,1.32,0.14000000000000012
7163,3,13,Proposed,3,200,10,44,67,"Hit(CCW,12,MIDDLE)",6670,408.663,A2,1.88,2.465,0.585
5807,0,8,Proposed,3,200,10,44,45,"Hit(CCW,5,WEAK)",89317,3554.15,A2,-0.885,0.03,0.915
5567,2,15,Proposed,3,200,10,44,0,"Draw(CW,TEE)",129,10.4678,A2,1.535,1.93,0.395
2507,3,11,Proposed,3,200,10,44,39,"Hit(CCW,4,WEAK)",43073,1952.09,A2,1.66,1.715,0.05500000000000016
7006,3,15,Proposed,3,200,10,44,0,"Draw(CW,TEE)",145,12.9456,A2,-1.0,-0.97,0.030000000000000027
1984,6,4,Proposed,3,200,10,44,47,"Hit(CCW,3,MIDDLE)",140581,4956.28,A2,-0.595,-0.31,0.285
1845,7,14,Proposed,3,200,10,44,48,"PostGuard(CW,12,0)",800,47.4824,A2,1.005,1.44,0.43500000000000005
5780,2,6,Proposed,3,200,10,44,37,"Hit(CCW,5,MIDDLE)",109511,3769.55,A2,-0.75,-0.375,0.375
8645,7,5,Proposed,3,200,10,44,41,"Freeze(CCW,0)",128308,4703.18,A2,0.775,0.92,0.14500000000000002
6132,0,13,Proposed,3,200,10,44,54,"Hit(CW,12,WEAK)",19194,1184.79,A2,1.96,2.62,0.6600000000000001
3339,4,10,Proposed,3,200,10,44,36,"Hit(CW,7,MIDDLE)",56518,2230.5,A2,-0.72,-0.305,0.415
3566,6,14,Proposed,3,200,10,44,55,"Hit(CCW,7,WEAK)",3121,236.983,A2,0.45,1.01,0.56
5523,3,9,Proposed,3,200,10,44,55,"Hit(CCW,4,WEAK)",69978,2912.01,A2,0.74,0.74,0.0
7015,5,14,Proposed,3,200,10,44,11,"Draw(CCW,L0)",4010,304.591,A2,-1.135,-1.135,0.0
743,7,3,Proposed,3,200,10,44,7,"Draw(CCW,S4)",154856,5415.08,A2,0.5,0.98,0.48
1014,4,15,Proposed,3,200,10,44,0,"Draw(CW,TEE)",61,3.34575,A2,1.035,3.325,2.29
3900,0,10,Proposed,3,200,10,44,0,"Draw(CW,TEE)",53337,2000.16,A2,0.305,0.305,0.0
4543,6,5,Proposed,3,200,10,44,34,"Hit(CW,0,WEAK)",129296,4744.56,A2,0.71,1.09,0.3800000000000001
9231,5,14,Proposed,3,200,10,44,10,"Draw(CW,L0)",1926,126.333,A2,1.14,2.025,0.885
1825,5,7,Proposed,3,200,10,44,1,"Draw(CCW,TEE)",100738,3862.5,A2,0.79,0.865,0.07499999999999996
4062,4,15,Proposed,3,200,10,44,0,"Draw(CW,TEE)",117,8.28344,A2,-1.995,-0.475,1.52
9882,2,11,Proposed,3,200,10,44,65,"Hit(CCW,8,WEAK)",52969,2648.32,A2,0.3,1.295,0.9949999999999999
2998,6,14,Proposed,3,200,10,44,57,"Hit(CCW,5,MIDDLE)",3970,311.336,A2,2.82,2.895,0.07500000000000018
1555,2,3,Proposed,3,200,10,44,8,"Draw(CW,S6)",153555,5279.91,A2,0.635,1.1,0.4650000000000001
4372,4,14,Proposed,3,200,10,44,19,"Draw(CCW,L4)",603,33.8772,A2,0.02,0.095,0.075
3732,7,7,Proposed,3,200,10,44,44,"PostGuard(CW,7,1)",92927,3114.34,A2,0.74,1.125,0.385
3858,5,5,Proposed,3,200,10,44,41,"Freeze(CCW,0)",130914,5007.74,A2,0.695,0.885,0.19000000000000006
1938,0,14,Proposed,3,200,10,44,54,"Hit(CW,13,WEAK)",2076,147.314,A2,1.175,1.43,0.2549999999999999
9112,3,9,Proposed,3,200,10,44,37,"Hit(CCW,2,MIDDLE)",67742,2567.51,A2,0.76,0.76,0.0
4157,3,12,Proposed,3,200,10,44,34,"Hit(CW,3,WEAK)",28198,1437.51,A2,-1.14,-0.705,0.43499999999999994
7373,1,11,Proposed,3,200,10,44,36,"Hit(CW,2,MIDDLE)",49263,2371.5,A2,0.335,1.175,0.8400000000000001
7173,4,15,Proposed,3,200,10,44,0,"Draw(CW,TEE)",151,15.707,A2,1.84,2.0,0.15999999999999992
196,4,4,Proposed,3,200,10,44,36,"Hit(CW,3,MIDDLE)",139637,4742.81,A2,-0.39,-0.22,0.17
2630,2,14,Proposed,3,200,10,44,33,"Hit(CCW,11,TOUCH)",867,49.1774,A2,-1.445,-1.07,0.375
5731,2,10,Proposed,3,200,10,44,13,"Draw(CCW,L1)",49502,1700.79,A2,-0.94,-0.555,0.3849999999999999
9518,4,5,Proposed,3,200,10,44,44,"Hit(CW,2,WEAK)",128831,4714.49,A2,0.705,0.985,0.28
8211,7,12,Proposed,3,200,10,44,70,"Freeze(CW,11)",27412,1289.06,A2,-1.045,-0.815,0.22999999999999998
7977,6,14,Proposed,3,200,10,45,46,"Hit(CW,3,MIDDLE)",3938,289.592,A2,-3.235,-1.635,1.5999999999999999
3926,6,11,Proposed,3,200,10,45,37,"Hit(CCW,0,MIDDLE)",47540,2340.81,A2,-1.43,0.425,1.855
3883,1,14,Proposed,3,200,10,45,18,"Draw(CW,L4)",367,19.1588,A2,-0.355,-0.075,0.27999999999999997
9222,7,5,Proposed,3,200,10,45,9,"Draw(CCW,S6)",120247,3944.85,A2,0.995,1.315,0.31999999999999995
7881,2,15,Proposed,3,200,10,45,0,"Draw(CW,TEE)",129,9.16919,A2,-1.005,1.72,2.7249999999999996
6406,1,10,Proposed,3,200,10,45,0,"Draw(CW,TEE)",53023,2034.22,A2,-0.385,-0.385,0.0
8452,5,15,Proposed,3,200,10,45,0,"Draw(CW,TEE)",153,13.8413,A2,1.445,1.935,0.49
1028,6,15,Proposed,3,200,10,45,0,"Draw(CW,TEE)",151,13.9693,A2,0.77,1.0,0.22999999999999998
2596,1,14,Proposed,3,200,10,45,45,"Hit(CCW,3,WEAK)",4096,315.605,A2,1.385,1.97,0.585
4748,1,3,Proposed,3,200,10,45,20,"Draw(CW,L5)",151474,5153.76,A2,0.825,0.985,0.16000000000000003
9206,3,13,Proposed,3,200,10,45,11,"Draw(CCW,L0)",7406,413.159,A2,1.66,1.73,0.07000000000000006
5859,1,6,Proposed,3,200,10,45,41,"Freeze(CCW,1)",112081,4042.57,A2,-0.425,-0.015,0.41
6871,4,5,Proposed,3,200,10,45,52,"PostGuard(CW,1,0)",130054,4823.88,A2,1.18,1.32,0.14000000000000012
7163,3,13,Proposed,3,200,10,45,67,"Hit(CCW,12,MIDDLE)",6670,408.814,A2,1.88,2.465,0.585
5807,0,8,Proposed,3,200,10,45,45,"Hit(CCW,5,WEAK)",89583,3536.43,A2,-0.885,0.03,0.915
5567,2,15,Proposed,3,200,10,45,0,"Draw(CW,TEE)",129,10.6824,A2,1.535,1.93,0.395
2507,3,11,Proposed,3,200,10,45,41,"Hit(CCW,4,MIDDLE)",41500,1838.23,A2,0.645,1.715,1.07
7006,3,15,Proposed,3,200,10,45,0,"Draw(CW,TEE)",145,13.8148,A2,-1.0,-0.97,0.030000000000000027
1984,6,4,Proposed,3,200,10,45,47,"Hit(CCW,3,MIDDLE)",140124,4905.86,A2,-0.595,-0.31,0.285
1845,7,14,Proposed,3,200,10,45,48,"PostGuard(CW,12,0)",800,47.3332,A2,1.005,1.44,0.43500000000000005
5780,2,6,Proposed,3,200,10,45,37,"Hit(CCW,5,MIDDLE)",109502,3750.28,A2,-0.75,-0.375,0.375
8645,7,5,Proposed,3,200,10,45,41,"Freeze(CCW,0)",129127,4818.61,A2,0.775,0.92,0.14500000000000002
6132,0,13,Proposed,3,200,10,45,54,"Hit(CW,12,WEAK)",19194,1180.33,A2,1.96,2.62,0.6600000000000001
3339,4,10,Proposed,3,200,10,45,2,"Draw(CW,S0)",57563,2273.02,A2,-0.67,-0.305,0.36500000000000005
3566,6,14,Proposed,3,200,10,45,55,"Hit(CCW,7,WEAK)",3121,239.306,A2,0.45,1.01,0.56
5523,3,9,Proposed,3,200,10,45,55,"Hit(CCW,4,WEAK)",71159,3021.93,A2,0.74,0.74,0.0
7015,5,14,Proposed,3,200,10,45,11,"Draw(CCW,L0)",4010,303.014,A2,-1.135,-1.135,0.0
743,7,3,Proposed,3,200,10,45,9,"Draw(CCW,S6)",152671,5340.96,A2,0.64,0.98,0.33999999999999997
1014,4,15,Proposed,3,200,10,45,0,"Draw(CW,TEE)",61,3.34365,A2,1.035,3.325,2.29
3900,0,10,Proposed,3,200,10,45,0,"Draw(CW,TEE)",53322,2011.36,A2,0.305,0.305,0.0
4543,6,5,Proposed,3,200,10,45,34,"Hit(CW,0,WEAK)",128424,4657.06,A2,0.71,1.09,0.3800000000000001
9231,5,14,Proposed,3,200,10,45,10,"Draw(CW,L0)",1926,124.293,A2,1.14,2.025,0.885
1825,5,7,Proposed,3,200,10,45,37,"Hit(CCW,2,MIDDLE)",100141,3833.84,A2,0.485,0.865,0.38
4062,4,15,Proposed,3,200,10,45,0,"Draw(CW,TEE)",117,8.57593,A2,-1.995,-0.475,1.52
9882,2,11,Proposed,3,200,10,45,78,"PostGuard(CW,3,0)",52456,2676.58,A2,0.51,1.295,0.7849999999999999
2998,6,14,Proposed,3,200,10,45,57,"Hit(CCW,5,MIDDLE)",3970,310.676,A2,2.82,2.895,0.07500000000000018
1555,2,3,Proposed,3,200,10,45,36,"Hit(CW,0,MIDDLE)",152909,5207.37,A2,0.625,1.1,0.4750000000000001
4372,4,14,Proposed,3,200,10,45,19,"Draw(CCW,L4)",603,34.0341,A2,0.02,0.095,0.075
3732,7,7,Proposed,3,200,10,45,37,"Hit(CCW,4,MIDDLE)",93605,3119.28,A2,0.93,1.125,0.19499999999999995
3858,5,5,Proposed,3,200,10,45,41,"Freeze(CCW,0)",131315,4993.36,A2,0.695,0.885,0.19000000000000006
1938,0,14,Proposed,3,200,10,45,54,"Hit(CW,13,WEAK)",2076,146.999,A2,1.175,1.43,0.2549999999999999
9112,3,9,Proposed,3,200,10,45,37,"Hit(CCW,2,MIDDLE)",68292,2630.5,A2,0.76,0.76,0.0
4157,3,12,Proposed,3,200,10,45,36,"Hit(CW,3,MIDDLE)",28983,1476.34,A2,-0.705,-0.705,0.0
7373,1,11,Proposed,3,200,10,45,36,"Hit(CW,2,MIDDLE)",48627,2350.58,A2,0.335,1.175,0.8400000000000001
7173,4,15,Proposed,3,200,10,45,0,"Draw(CW,TEE)",151,16.0588,A2,1.84,2.0,0.15999999999999992
196,4,4,Proposed,3,200,10,45,32,"Hit(CW,3,TOUCH)",137812,4691.47,A2,-0.7,-0.22,0.48
2630,2,14,Proposed,3,200,10,45,33,"Hit(CCW,11,TOUCH)",867,49.6212,A2,-1.445,-1.07,0.375
5731,2,10,Proposed,3,200,10,45,13,"Draw(CCW,L1)",49158,1684.22,A2,-0.94,-0.555,0.3849999999999999
9518,4,5,Proposed,3,200,10,45,44,"Hit(CW,2,WEAK)",128632,4720.04,A2,0.705,0.985,0.28
8211,7,12,Proposed,3,200,10,45,70,"Freeze(CW,11)",27606,1300.89,A2,-1.045,-0.815,0.22999999999999998
7977,6,14,Proposed,3,200,10,46,46,"Hit(CW,3,MIDDLE)",3938,292.062,A2,-3.235,-1.635,1.5999999999999999
3926,6,11,Proposed,3,200,10,46,37,"Hit(CCW,0,MIDDLE)",47340,2289.63,A2,-1.43,0.425,1.855
3883,1,14,Proposed,3,200,10,46,18,"Draw(CW,L4)",367,19.149,A2,-0.355,-0.075,0.27999999999999997
9222,7,5,Proposed,3,200,10,46,9,"Draw(CCW,S6)",119562,3931.04,A2,0.995,1.315,0.31999999999999995
7881,2,15,Proposed,3,200,10,46,0,"Draw(CW,TEE)",129,9.19159,A2,-1.005,1.72,2.7249999999999996
6406,1,10,Proposed,3,200,10,46,0,"Draw(CW,TEE)",51352,1972.4,A2,-0.385,-0.385,0.0
8452,5,15,Proposed,3,200,10,46,0,"Draw(CW,TEE)",153,12.9342,A2,1.445,1.935,0.49
1028,6,15,Proposed,3,200,10,46,0,"Draw(CW,TEE)",151,13.8179,A2,0.77,1.0,0.22999999999999998
2596,1,14,Proposed,3,200,10,46,45,"Hit(CCW,3,WEAK)",4096,315.35,A2,1.385,1.97,0.585
4748,1,3,Proposed,3,200,10,46,11,"Draw(CCW,L0)",152912,5158.36,A2,0.54,0.985,0.44499999999999995
9206,3,13,Proposed,3,200,10,46,11,"Draw(CCW,L0)",7406,412.255,A2,1.66,1.73,0.07000000000000006
5859,1,6,Proposed,3,200,10,46,41,"Freeze(CCW,1)",112771,4067.15,A2,-0.425,-0.015,0.41
6871,4,5,Proposed,3,200,10,46,52,"PostGuard(CW,1,0)",129931,4773.65,A2,1.18,1.32,0.14000000000000012
7163,3,13,Proposed,3,200,10,46,67,"Hit(CCW,12,MIDDLE)",6670,408.025,A2,1.88,2.465,0.585
5807,0,8,Proposed,3,200,10,46,45,"Hit(CCW,5,WEAK)",90124,3556.49,A2,-0.885,0.03,0.915
5567,2,15,Proposed,3,200,10,46,0,"Draw(CW,TEE)",129,10.6908,A2,1.535,1.93,0.395
2507,3,11,Proposed,3,200,10,46,39,"Hit(CCW,4,WEAK)",44097,2010.13,A2,1.66,1.715,0.05500000000000016
7006,3,15,Proposed,3,200,10,46,0,"Draw(CW,TEE)",145,13.4287,A2,-1.0,-0.97,0.030000000000000027
1984,6,4,Proposed,3,200,10,46,0,"Draw(CW,TEE)",140791,4938.71,A2,-0.785,-0.31,0.47500000000000003
1845,7,14,Proposed,3,200,10,46,48,"PostGuard(CW,12,0)",800,47.2277,A2,1.005,1.44,0.43500000000000005
5780,2,6,Proposed,3,200,10,46,37,"Hit(CCW,5,MIDDLE)",110837,3828.3,A2,-0.75,-0.375,0.375
8645,7,5,Proposed,3,200,10,46,50,"Freeze(CW,2)",129085,4728.94,A2,0.46,0.92,0.46
6132,0,13,Proposed,3,200,10,46,54,"Hit(CW,12,WEAK)",19194,1187.54,A2,1.96,2.62,0.6600000000000001
3339,4,10,Proposed,3,200,10,46,36,"Hit(CW,7,MIDDLE)",56420,2212.65,A2,-0.72,-0.305,0.415
3566,6,14,Proposed,3,200,10,46,55,"Hit(CCW,7,WEAK)",3121,235.677,A2,0.45,1.01,0.56
5523,3,9,Proposed,3,200,10,46,55,"Hit(CCW,4,WEAK)",70820,3028.68,A2,0.74,0.74,0.0
7015,5,14,Proposed,3,200,10,46,11,"Draw(CCW,L0)",4010,303.169,A2,-1.135,-1.135,0.0
743,7,3,Proposed,3,200,10,46,36,"Hit(CW,0,MIDDLE)",154603,5319.24,A2,0.49,0.98,0.49
1014,4,15,Proposed,3,200,10,46,0,"Draw(CW,TEE)",61,3.3409,A2,1.035,3.325,2.29
3900,0,10,Proposed,3,200,10,46,0,"Draw(CW,TEE)",52669,1980.34,A2,0.305,0.305,0.0
4543,6,5,Proposed,3,200,10,46,34,"Hit(CW,0,WEAK)",129672,4760.0,A2,0.71,1.09,0.3800000000000001
9231,5,14,Proposed,3,200,10,46,10,"Draw(CW,L0)",1926,126.476,A2,1.14,2.025,0.885
1825,5,7,Proposed,3,200,10,46,1,"Draw(CCW,TEE)",100477,3834.79,A2,0.79,0.865,0.07499999999999996
4062,4,15,Proposed,3,200,10,46,0,"Draw(CW,TEE)",117,8.46129,A2,-1.995,-0.475,1.52
9882,2,11,Proposed,3,200,10,46,11,"Draw(CCW,L0)",52362,2665.91,A2,0.17,1.295,1.125
2998,6,14,Proposed,3,200,10,46,57,"Hit(CCW,5,MIDDLE)",3970,311.592,A2,2.82,2.895,0.07500000000000018
1555,2,3,Proposed,3,200,10,46,5,"Draw(CCW,S2)",152766,5217.77,A2,0.655,1.1,0.44500000000000006
4372,4,14,Proposed,3,200,10,46,19,"Draw(CCW,L4)",603,33.8589,A2,0.02,0.095,0.075
3732,7,7,Proposed,3,200,10,46,44,"PostGuard(CW,7,1)",93921,3121.99,A2,0.74,1.125,0.385
3858,5,5,Proposed,3,200,10,46,35,"Hit(CCW,0,WEAK)",130244,4950.38,A2,0.545,0.885,0.33999999999999997
1938,0,14,Proposed,3,200,10,46,54,"Hit(CW,13,WEAK)",2076,144.113,A2,1.175,1.43,0.2549999999999999
9112,3,9,Proposed,3,200,10,46,37,"Hit(CCW,2,MIDDLE)",68746,2621.68,A2,0.76,0.76,0.0
4157,3,12,Proposed,3,200,10,46,36,"Hit(CW,3,MIDDLE)",28524,1452.6,A2,-0.705,-0.705,0.0
7373,1,11,Proposed,3,200,10,46,36,"Hit(CW,2,MIDDLE)",49364,2402.74,A2,0.335,1.175,0.8400000000000001
7173,4,15,Proposed,3,200,10,46,0,"Draw(CW,TEE)",151,16.0301,A2,1.84,2.0,0.15999999999999992
196,4,4,Proposed,3,200,10,46,41,"Freeze(CCW,3)",138081,4712.72,A2,-0.775,-0.22,0.555
2630,2,14,Proposed,3,200,10,46,33,"Hit(CCW,11,TOUCH)",867,51.1678,A2,-1.445,-1.07,0.375
5731,2,10,Proposed,3,200,10,46,13,"Draw(CCW,L1)",48332,1661.03,A2,-0.94,-0.555,0.3849999999999999
9518,4,5,Proposed,3,200,10,46,46,"Hit(CW,2,MIDDLE)",128499,4693.97,A2,0.845,0.985,0.14
8211,7,12,Proposed,3,200,10,46,70,"Freeze(CW,11)",27756,1307.58,A2,-1.045,-0.815,0.22999999999999998
7977,6,14,RandomK,3,200,10,42,67,"Hit(CCW,7,MIDDLE)",4072,313.601,A5,-2.275,-1.635,0.6399999999999999
3926,6,11,RandomK,3,200,10,42,3,"Draw(CCW,S0)",55730,3210.27,A5,-0.915,0.425,1.34
3883,1,14,RandomK,3,200,10,42,14,"Draw(CW,L2)",342,17.8958,A5,-0.77,-0.075,0.6950000000000001
9222,7,5,RandomK,3,200,10,42,19,"Draw(CCW,L4)",121291,3992.93,A5,0.9,1.315,0.4149999999999999
7881,2,15,RandomK,3,200,10,42,3,"Draw(CCW,S0)",129,9.2825,A5,-1.325,1.72,3.045
6406,1,10,RandomK,3,200,10,42,10,"Draw(CW,L0)",50615,1915.18,A5,-1.015,-0.385,0.6299999999999999
8452,5,15,RandomK,3,200,10,42,0,"Draw(CW,TEE)",153,13.5503,A5,1.445,1.935,0.49
1028,6,15,RandomK,3,200,10,42,2,"Draw(CW,S0)",151,13.3356,A5,-0.045,1.0,1.045
2596,1,14,RandomK,3,200,10,42,45,"Hit(CCW,3,WEAK)",4194,331.341,A5,1.385,1.97,0.585
4748,1,3,RandomK,3,200,10,42,43,"PostGuard(CCW,3,0)",152513,5253.28,A5,0.835,0.985,0.15000000000000002
9206,3,13,RandomK,3,200,10,42,11,"Draw(CCW,L0)",3763,211.594,A5,1.66,1.73,0.07000000000000006
5859,1,6,RandomK,3,200,10,42,51,"Freeze(CCW,5)",114698,4320.09,A5,-0.915,-0.015,0.9
6871,4,5,RandomK,3,200,10,42,52,"PostGuard(CW,1,0)",130068,4833.0,A5,1.18,1.32,0.14000000000000012
7163,3,13,RandomK,3,200,10,42,3,"Draw(CCW,S0)",11392,702.083,A5,1.735,2.465,0.7299999999999998
5807,0,8,RandomK,3,200,10,42,60,"Freeze(CW,7)",90188,3711.85,A5,-0.49,0.03,0.52
5567,2,15,RandomK,3,200,10,42,32,"Hit(CW,2,TOUCH)",129,10.5141,A5,1.575,1.93,0.355
2507,3,11,RandomK,3,200,10,42,39,"Hit(CCW,4,WEAK)",41482,1871.98,A5,1.66,1.715,0.05500000000000016
7006,3,15,RandomK,3,200,10,42,11,"Draw(CCW,L0)",145,13.6958,A5,-1.0,-0.97,0.030000000000000027
1984,6,4,RandomK,3,200,10,42,0,"Draw(CW,TEE)",140224,4980.45,A5,-0.785,-0.31,0.47500000000000003
1845,7,14,RandomK,3,200,10,42,7,"Draw(CCW,S4)",800,47.2146,A5,0.515,1.44,0.9249999999999999
5780,2,6,RandomK,3,200,10,42,39,"Hit(CCW,5,STRONG)",109343,3749.0,A5,-0.705,-0.375,0.32999999999999996
8645,7,5,RandomK,3,200,10,42,47,"Hit(CCW,2,MIDDLE)",127488,4716.94,A5,0.685,0.92,0.235
6132,0,13,RandomK,3,200,10,42,82,"PostGuard(CW,11,1)",20872,1326.27,A5,2.255,2.62,0.3650000000000002
3339,4,10,RandomK,3,200,10,42,50,"Freeze(CW,9)",55497,2196.25,A5,-0.305,-0.305,0.0
3566,6,14,RandomK,3,200,10,42,50,"Freeze(CW,5)",3257,272.328,A5,0.705,1.01,0.30500000000000005
5523,3,9,RandomK,3,200,10,42,57,"Hit(CCW,4,MIDDLE)",68689,2835.37,A5,0.605,0.74,0.135
7015,5,14,RandomK,3,200,10,42,37,"Hit(CCW,1,MIDDLE)",4201,339.872,A5,-2.6,-1.135,1.465
743,7,3,RandomK,3,200,10,42,21,"Draw(CCW,L5)",154023,5375.54,A5,0.93,0.98,0.04999999999999993
1014,4,15,RandomK,3,200,10,42,4,"Draw(CW,S2)",61,3.34711,A5,1.0,3.325,2.325
3900,0,10,RandomK,3,200,10,42,2,"Draw(CW,S0)",50216,1850.12,A5,0.025,0.305,0.27999999999999997
4543,6,5,RandomK,3,200,10,42,7,"Draw(CCW,S4)",127932,4688.58,A5,0.535,1.09,0.555
9231,5,14,RandomK,3,200,10,42,10,"Draw(CW,L0)",2097,140.876,A5,1.14,2.025,0.885
1825,5,7,RandomK,3,200,10,42,3,"Draw(CCW,S0)",102758,4050.24,A5,0.785,0.865,0.07999999999999996
4062,4,15,RandomK,3,200,10,42,35,"Hit(CCW,2,WEAK)",117,8.55214,A5,-1.275,-0.475,0.7999999999999999
9882,2,11,RandomK,3,200,10,42,53,"Hit(CCW,6,TOUCH)",52857,2753.18,A5,0.485,1.295,0.8099999999999999
2998,6,14,RandomK,3,200,10,42,59,"Hit(CCW,5,STRONG)",4384,365.612,A5,2.895,2.895,0.0
1555,2,3,RandomK,3,200,10,42,41,"Freeze(CCW,0)",154939,5354.34,A5,0.58,1.1,0.5200000000000001
4372,4,14,RandomK,3,200,10,42,2,"Draw(CW,S0)",643,36.0786,A5,-0.545,0.095,0.64
3732,7,7,RandomK,3,200,10,42,17,"Draw(CCW,L3)",92281,3072.53,A5,0.89,1.125,0.235
3858,5,5,RandomK,3,200,10,42,52,"Hit(CW,4,TOUCH)",131936,5148.56,A5,0.53,0.885,0.355
1938,0,14,RandomK,3,200,10,42,48,"Hit(CW,11,STRONG)",1748,123.839,A5,-0.045,1.43,1.4749999999999999
9112,3,9,RandomK,3,200,10,42,58,"Hit(CW,6,STRONG)",68188,2633.64,A5,0.415,0.76,0.34500000000000003
4157,3,12,RandomK,3,200,10,42,36,"Hit(CW,3,MIDDLE)",28573,1527.61,A5,-0.705,-0.705,0.0
7373,1,11,RandomK,3,200,10,42,11,"Draw(CCW,L0)",44667,2225.55,A5,0.98,1.175,0.19500000000000006
7173,4,15,RandomK,3,200,10,42,5,"Draw(CCW,S2)",151,16.0778,A5,2.0,2.0,0.0
196,4,4,RandomK,3,200,10,42,17,"Draw(CCW,L3)",137758,4684.09,A5,-0.83,-0.22,0.61
2630,2,14,RandomK,3,200,10,42,34,"Hit(CW,11,WEAK)",877,50.2071,A5,-1.285,-1.07,0.21499999999999986
5731,2,10,RandomK,3,200,10,42,39,"Hit(CCW,9,STRONG)",48685,1639.53,A5,-0.765,-0.555,0.20999999999999996
9518,4,5,RandomK,3,200,10,42,34,"Hit(CW,0,WEAK)",128244,4788.17,A5,0.695,0.985,0.29000000000000004
8211,7,12,RandomK,3,200,10,42,6,"Draw(CW,S4)",26362,1249.06,A5,-1.225,-0.815,0.41000000000000014
7977,6,14,RandomK,3,200,10,43,36,"Hit(CW,1,MIDDLE)",4118,326.029,A5,-2.385,-1.635,0.7499999999999998
3926,6,11,RandomK,3,200,10,43,69,"Hit(CCW,6,STRONG)",47591,2496.2,A5,-0.42,0.425,0.845
3883,1,14,RandomK,3,200,10,43,0,"Draw(CW,TEE)",340,17.9799,A5,-0.29,-0.075,0.21499999999999997
9222,7,5,RandomK,3,200,10,43,18,"Draw(CW,L4)",120971,3964.63,A5,0.705,1.315,0.61
7881,2,15,RandomK,3,200,10,43,2,"Draw(CW,S0)",129,9.15826,A5,-1.0,1.72,2.7199999999999998
6406,1,10,RandomK,3,200,10,43,51,"Freeze(CCW,9)",51340,1954.81,A5,-0.79,-0.385,0.405
8452,5,15,RandomK,3,200,10,43,88,"Hit(CW,10,STRONG)",153,13.4205,A5,1.35,1.935,0.585
1028,6,15,RandomK,3,200,10,43,7,"Draw(CCW,S4)",151,13.3949,A5,1.0,1.0,0.0
2596,1,14,RandomK,3,200,10,43,45,"Hit(CCW,3,WEAK)",4327,345.332,A5,1.385,1.97,0.585
4748,1,3,RandomK,3,200,10,43,37,"Hit(CCW,0,MIDDLE)",151158,5138.15,A5,0.85,0.985,0.135
9206,3,13,RandomK,3,200,10,43,37,"Hit(CCW,12,MIDDLE)",2053,113.965,A5,1.255,1.73,0.4750000000000001
5859,1,6,RandomK,3,200,10,43,2,"Draw(CW,S0)",112572,4197.58,A5,-0.22,-0.015,0.20500000000000002
6871,4,5,RandomK,3,200,10,43,57,"PostGuard(CCW,1,2)",130677,4831.47,A5,0.705,1.32,0.6150000000000001
7163,3,13,RandomK,3,200,10,43,67,"Hit(CCW,12,MIDDLE)",11746,723.362,A5,1.88,2.465,0.585
5807,0,8,RandomK,3,200,10,43,75,"PostGuard(CCW,6,0)",91609,3808.53,A5,-0.575,0.03,0.605
5567,2,15,RandomK,3,200,10,43,6,"Draw(CW,S4)",129,10.2847,A5,1.875,1.93,0.05499999999999994
2507,3,11,RandomK,3,200,10,43,60,"Hit(CW,8,MIDDLE)",39633,1733.42,A5,1.42,1.715,0.29500000000000015
7006,3,15,RandomK,3,200,10,43,4,"Draw(CW,S2)",145,13.3006,A5,-1.0,-0.97,0.030000000000000027
1984,6,4,RandomK,3,200,10,43,41,"Freeze(CCW,1)",141093,5059.03,A5,-0.535,-0.31,0.22500000000000003
1845,7,14,RandomK,3,200,10,43,42,"PostGuard(CW,10,0)",745,44.3242,A5,0.73,1.44,0.71
5780,2,6,RandomK,3,200,10,43,38,"Hit(CW,5,STRONG)",107881,3685.38,A5,-0.575,-0.375,0.19999999999999996
8645,7,5,RandomK,3,200,10,43,49,"Hit(CCW,2,STRONG)",128592,4752.33,A5,0.35,0.92,0.5700000000000001
6132,0,13,RandomK,3,200,10,43,78,"PostGuard(CW,9,2)",18369,1158.92,A5,2.485,2.62,0.13500000000000023
3339,4,10,RandomK,3,200,10,43,50,"Freeze(CW,9)",54693,2166.35,A5,-0.305,-0.305,0.0
3566,6,14,RandomK,3,200,10,43,1,"Draw(CCW,TEE)",3355,279.799,A5,0.75,1.01,0.26
5523,3,9,RandomK,3,200,10,43,55,"Hit(CCW,4,WEAK)",68941,2896.12,A5,0.74,0.74,0.0
7015,5,14,RandomK,3,200,10,43,48,"Hit(CW,3,STRONG)",4084,329.191,A5,-3.32,-1.135,2.1849999999999996
743,7,3,RandomK,3,200,10,43,38,"Hit(CW,0,STRONG)",153031,5294.89,A5,0.76,0.98,0.21999999999999997
1014,4,15,RandomK,3,200,10,43,15,"Draw(CCW,L2)",61,3.35013,A5,1.0,3.325,2.325
3900,0,10,RandomK,3,200,10,43,37,"Hit(CCW,9,MIDDLE)",50248,1850.5,A5,-0.52,0.305,0.825
4543,6,5,RandomK,3,200,10,43,49,"Hit(CCW,2,STRONG)",129166,4729.44,A5,0.705,1.09,0.3850000000000001
9231,5,14,RandomK,3,200,10,43,42,"Hit(CW,5,TOUCH)",2015,133.147,A5,1.86,2.025,0.1649999999999998
1825,5,7,RandomK,3,200,10,43,53,"PostGuard(CCW,1,0)",102059,4001.62,A5,0.865,0.865,0.0
4062,4,15,RandomK,3,200,10,43,56,"Hit(CW,6,MIDDLE)",117,8.29701,A5,-1.585,-0.475,1.1099999999999999
9882,2,11,RandomK,3,200,10,43,53,"Hit(CCW,6,TOUCH)",53583,2821.32,A5,0.485,1.295,0.8099999999999999
2998,6,14,RandomK,3,200,10,43,65,"Hit(CCW,7,WEAK)",3985,325.553,A5,2.795,2.895,0.10000000000000009
1555,2,3,RandomK,3,200,10,43,38,"Hit(CW,0,STRONG)",153934,5292.59,A5,0.73,1.1,0.3700000000000001
4372,4,14,RandomK,3,200,10,43,30,"PreGuard(CW,G5)",554,30.7057,A5,-0.47,0.095,0.565
3732,7,7,RandomK,3,200,10,43,43,"PostGuard(CCW,7,0)",92592,3100.26,A5,0.6,1.125,0.525
3858,5,5,RandomK,3,200,10,43,32,"Hit(CW,0,TOUCH)",130934,5067.25,A5,0.73,0.885,0.15500000000000003
1938,0,14,RandomK,3,200,10,43,49,"Hit(CCW,11,STRONG)",2043,143.865,A5,0.935,1.43,0.4949999999999999
9112,3,9,RandomK,3,200,10,43,35,"Hit(CCW,2,WEAK)",69737,2774.56,A5,0.385,0.76,0.375
4157,3,12,RandomK,3,200,10,43,33,"Hit(CCW,3,TOUCH)",38127,2236.99,A5,-1.825,-0.705,1.12
7373,1,11,RandomK,3,200,10,43,55,"Hit(CCW,6,WEAK)",48757,2394.79,A5,0.93,1.175,0.245
7173,4,15,RandomK,3,200,10,43,2,"Draw(CW,S0)",151,14.5158,A5,1.905,2.0,0.09499999999999997
196,4,4,RandomK,3,200,10,43,2,"Draw(CW,S0)",138357,4755.8,A5,-0.86,-0.22,0.64
2630,2,14,RandomK,3,200,10,43,10,"Draw(CW,L0)",879,50.1522,A5,-1.27,-1.07,0.19999999999999996
5731,2,10,RandomK,3,200,10,43,35,"Hit(CCW,9,WEAK)",48509,1645.03,A5,-0.705,-0.555,0.1499999999999999
9518,4,5,RandomK,3,200,10,43,36,"Hit(CW,0,MIDDLE)",129780,4869.18,A5,0.595,0.985,0.39
8211,7,12,RandomK,3,200,10,43,55,"Hit(CCW,9,WEAK)",24411,1116.01,A5,-1.395,-0.815,0.5800000000000001
7977,6,14,RandomK,3,200,10,44,3,"Draw(CCW,S0)",4308,341.164,A5,-2.53,-1.635,0.8949999999999998
3926,6,11,RandomK,3,200,10,44,68,"Hit(CW,6,STRONG)",49492,2665.7,A5,0.295,0.425,0.13
3883,1,14,RandomK,3,200,10,44,4,"Draw(CW,S2)",367,19.1377,A5,-0.645,-0.075,0.5700000000000001
9222,7,5,RandomK,3,200,10,44,18,"Draw(CW,L4)",119687,3917.12,A5,0.705,1.315,0.61
7881,2,15,RandomK,3,200,10,44,37,"Hit(CCW,2,MIDDLE)",129,9.26421,A5,-1.01,1.72,2.73
6406,1,10,RandomK,3,200,10,44,32,"Hit(CW,7,TOUCH)",51195,1935.05,A5,-0.85,-0.385,0.46499999999999997
8452,5,15,RandomK,3,200,10,44,86,"Hit(CW,10,MIDDLE)",153,13.5661,A5,1.37,1.935,0.565
1028,6,15,RandomK,3,200,10,44,1,"Draw(CCW,TEE)",151,13.7085,A5,1.0,1.0,0.0
2596,1,14,RandomK,3,200,10,44,47,"Hit(CCW,3,MIDDLE)",4414,347.061,A5,1.555,1.97,0.41500000000000004
4748,1,3,RandomK,3,200,10,44,22,"Draw(CW,L6)",151864,5237.8,A5,0.69,0.985,0.29500000000000004
9206,3,13,RandomK,3,200,10,44,39,"Hit(CCW,12,STRONG)",3997,225.137,A5,1.23,1.73,0.5
5859,1,6,RandomK,3,200,10,44,60,"PostGuard(CW,4,1)",115177,4448.93,A5,-0.88,-0.015,0.865
6871,4,5,RandomK,3,200,10,44,55,"PostGuard(CCW,1,1)",130480,4859.86,A5,0.715,1.32,0.6050000000000001
7163,3,13,RandomK,3,200,10,44,68,"Hit(CW,12,STRONG)",10949,669.986,A5,1.42,2.465,1.045
5807,0,8,RandomK,3,200,10,44,74,"PostGuard(CW,6,0)",90987,3772.42,A5,-0.165,0.03,0.195
5567,2,15,RandomK,3,200,10,44,12,"Draw(CW,L1)",129,10.8767,A5,1.76,1.93,0.16999999999999993
2507,3,11,RandomK,3,200,10,44,71,"Hit(CCW,10,MIDDLE)",44044,2075.25,A5,0.93,1.715,0.785
7006,3,15,RandomK,3,200,10,44,3,"Draw(CCW,S0)",145,12.7887,A5,-1.0,-0.97,0.030000000000000027
1984,6,4,RandomK,3,200,10,44,47,"Hit(CCW,3,MIDDLE)",141124,5035.03,A5,-0.595,-0.31,0.285
1845,7,14,RandomK,3,200,10,44,44,"PostGuard(CW,10,1)",747,44.2601,A5,1.44,1.44,0.0
5780,2,6,RandomK,3,200,10,44,37,"Hit(CCW,5,MIDDLE)",108799,3761.76,A5,-0.75,-0.375,0.375
8645,7,5,RandomK,3,200,10,44,34,"Hit(CW,0,WEAK)",128982,4805.34,A5,0.92,0.92,0.0
6132,0,13,RandomK,3,200,10,44,30,"PreGuard(CW,G5)",19158,1209.08,A5,2.41,2.62,0.20999999999999996
3339,4,10,RandomK,3,200,10,44,37,"Hit(CCW,7,MIDDLE)",54352,2146.52,A5,-0.57,-0.305,0.26499999999999996
3566,6,14,RandomK,3,200,10,44,83,"Hit(CCW,13,TOUCH)",3200,258.035,A5,0.925,1.01,0.08499999999999996
5523,3,9,RandomK,3,200,10,44,56,"Hit(CW,4,MIDDLE)",70602,2969.48,A5,0.445,0.74,0.295
7015,5,14,RandomK,3,200,10,44,57,"Hit(CCW,5,MIDDLE)",4410,358.754,A5,-1.88,-1.135,0.7449999999999999
743,7,3,RandomK,3,200,10,44,25,"Draw(CCW,L7)",153411,5344.93,A5,0.46,0.98,0.52
1014,4,15,RandomK,3,200,10,44,11,"Draw(CCW,L0)",61,3.34166,A5,1.965,3.325,1.36
3900,0,10,RandomK,3,200,10,44,2,"Draw(CW,S0)",51493,1913.07,A5,0.025,0.305,0.27999999999999997
4543,6,5,RandomK,3,200,10,44,34,"Hit(CW,0,WEAK)",128503,4729.34,A5,0.71,1.09,0.3800000000000001
9231,5,14,RandomK,3,200,10,44,63,"Hit(CCW,11,TOUCH)",1932,130.385,A5,1.685,2.025,0.33999999999999986
1825,5,7,RandomK,3,200,10,44,3,"Draw(CCW,S0)",102157,3975.34,A5,0.785,0.865,0.07999999999999996
4062,4,15,RandomK,3,200,10,44,35,"Hit(CCW,2,WEAK)",117,8.52957,A5,-1.275,-0.475,0.7999999999999999
9882,2,11,RandomK,3,200,10,44,18,"Draw(CW,L4)",51471,2693.39,A5,0.575,1.295,0.72
2998,6,14,RandomK,3,200,10,44,57,"Hit(CCW,5,MIDDLE)",4100,349.142,A5,2.82,2.895,0.07500000000000018
1555,2,3,RandomK,3,200,10,44,40,"Freeze(CW,0)",153243,5303.69,A5,0.8,1.1,0.30000000000000004
4372,4,14,RandomK,3,200,10,44,43,"PostGuard(CCW,12,0)",635,35.6869,A5,-0.255,0.095,0.35
3732,7,7,RandomK,3,200,10,44,20,"Draw(CW,L5)",93362,3110.45,A5,0.87,1.125,0.255
3858,5,5,RandomK,3,200,10,44,41,"Freeze(CCW,0)",131586,5102.05,A5,0.695,0.885,0.19000000000000006
1938,0,14,RandomK,3,200,10,44,46,"Hit(CW,11,MIDDLE)",2041,144.589,A5,-0.08,1.43,1.51
9112,3,9,RandomK,3,200,10,44,35,"Hit(CCW,2,WEAK)",68927,2709.92,A5,0.385,0.76,0.375
4157,3,12,RandomK,3,200,10,44,34,"Hit(CW,3,WEAK)",29208,1621.61,A5,-1.14,-0.705,0.43499999999999994
7373,1,11,RandomK,3,200,10,44,0,"Draw(CW,TEE)",50840,2619.75,A5,0.5,1.175,0.675
7173,4,15,RandomK,3,200,10,44,19,"Draw(CCW,L4)",151,15.6549,A5,2.0,2.0,0.0
196,4,4,RandomK,3,200,10,44,45,"PostGuard(CCW,2,1)",139988,4850.15,A5,-0.495,-0.22,0.275
2630,2,14,RandomK,3,200,10,44,41,"Freeze(CCW,11)",877,50.1156,A5,-1.355,-1.07,0.2849999999999999
5731,2,10,RandomK,3,200,10,44,3,"Draw(CCW,S0)",49852,1724.69,A5,-1.135,-0.555,0.58
9518,4,5,RandomK,3,200,10,44,39,"Hit(CCW,0,STRONG)",129390,4909.25,A5,0.54,0.985,0.44499999999999995
8211,7,12,RandomK,3,200,10,44,64,"Hit(CW,11,WEAK)",27033,1284.01,A5,-1.295,-0.815,0.48
7977,6,14,RandomK,3,200,10,45,84,"Hit(CW,11,WEAK)",4255,341.027,A5,-2.83,-1.635,1.195
3926,6,11,RandomK,3,200,10,45,68,"Hit(CW,6,STRONG)",48381,2583.99,A5,0.295,0.425,0.13
3883,1,14,RandomK,3,200,10,45,0,"Draw(CW,TEE)",385,20.2049,A5,-0.29,-0.075,0.21499999999999997
9222,7,5,RandomK,3,200,10,45,20,"Draw(CW,L5)",119747,4006.41,A5,1.125,1.315,0.18999999999999995
7881,2,15,RandomK,3,200,10,45,37,"Hit(CCW,2,MIDDLE)",129,9.07196,A5,-1.01,1.72,2.73
6406,1,10,RandomK,3,200,10,45,6,"Draw(CW,S4)",53702,2062.91,A5,-0.435,-0.385,0.04999999999999999
8452,5,15,RandomK,3,200,10,45,88,"Hit(CW,10,STRONG)",153,13.3072,A5,1.35,1.935,0.585
1028,6,15,RandomK,3,200,10,45,1,"Draw(CCW,TEE)",151,13.0343,A5,1.0,1.0,0.0
2596,1,14,RandomK,3,200,10,45,35,"Hit(CCW,1,WEAK)",4405,343.064,A5,1.58,1.97,0.3899999999999999
4748,1,3,RandomK,3,200,10,45,35,"Hit(CCW,0,WEAK)",150715,5117.94,A5,0.88,0.985,0.10499999999999998
9206,3,13,RandomK,3,200,10,45,38,"Hit(CW,12,STRONG)",6127,341.701,A5,1.25,1.73,0.48
5859,1,6,RandomK,3,200,10,45,28,"PreGuard(CW,G4)",114299,4335.33,A5,-0.62,-0.015,0.605
6871,4,5,RandomK,3,200,10,45,53,"PostGuard(CCW,1,0)",129551,4805.39,A5,0.905,1.32,0.41500000000000004
7163,3,13,RandomK,3,200,10,45,69,"Hit(CCW,12,STRONG)",10846,664.079,A5,1.635,2.465,0.8299999999999998
5807,0,8,RandomK,3,200,10,45,75,"PostGuard(CCW,6,0)",90179,3649.2,A5,-0.575,0.03,0.605
5567,2,15,RandomK,3,200,10,45,2,"Draw(CW,S0)",129,10.3455,A5,1.735,1.93,0.19499999999999984
2507,3,11,RandomK,3,200,10,45,43,"Hit(CCW,4,STRONG)",38534,1681.77,A5,0.45,1.715,1.2650000000000001
7006,3,15,RandomK,3,200,10,45,2,"Draw(CW,S0)",145,13.3627,A5,-1.0,-0.97,0.030000000000000027
1984,6,4,RandomK,3,200,10,45,45,"Hit(CCW,3,WEAK)",139463,4906.33,A5,-0.475,-0.31,0.16499999999999998
1845,7,14,RandomK,3,200,10,45,48,"PostGuard(CW,12,0)",812,48.3967,A5,1.005,1.44,0.43500000000000005
5780,2,6,RandomK,3,200,10,45,38,"Hit(CW,5,STRONG)",108665,3720.19,A5,-0.575,-0.375,0.19999999999999996
8645,7,5,RandomK,3,200,10,45,47,"Hit(CCW,2,MIDDLE)",128660,4768.03,A5,0.685,0.92,0.235
6132,0,13,RandomK,3,200,10,45,51,"Freeze(CCW,10)",17201,1081.07,A5,1.985,2.62,0.635
3339,4,10,RandomK,3,200,10,45,10,"Draw(CW,L0)",57725,2315.24,A5,-0.46,-0.305,0.15500000000000003
3566,6,14,RandomK,3,200,10,45,53,"Hit(CCW,7,TOUCH)",3395,272.531,A5,0.98,1.01,0.030000000000000027
5523,3,9,RandomK,3,200,10,45,58,"Hit(CW,4,STRONG)",68715,2893.59,A5,0.455,0.74,0.285
7015,5,14,RandomK,3,200,10,45,11,"Draw(CCW,L0)",4042,323.526,A5,-1.135,-1.135,0.0
743,7,3,RandomK,3,200,10,45,8,"Draw(CW,S6)",150758,5219.69,A5,0.81,0.98,0.16999999999999993
1014,4,15,RandomK,3,200,10,45,2,"Draw(CW,S0)",61,3.34267,A5,1.655,3.325,1.6700000000000002
3900,0,10,RandomK,3,200,10,45,2,"Draw(CW,S0)",51349,1906.19,A5,0.025,0.305,0.27999999999999997
4543,6,5,RandomK,3,200,10,45,47,"Hit(CCW,2,MIDDLE)",127651,4654.36,A5,0.73,1.09,0.3600000000000001
9231,5,14,RandomK,3,200,10,45,2,"Draw(CW,S0)",1879,127.033,A5,1.665,2.025,0.3599999999999999
1825,5,7,RandomK,3,200,10,45,40,"Freeze(CW,2)",99492,3860.95,A5,0.565,0.865,0.30000000000000004
4062,4,15,RandomK,3,200,10,45,58,"Hit(CW,6,STRONG)",117,8.52708,A5,-1.565,-0.475,1.0899999999999999
9882,2,11,RandomK,3,200,10,45,19,"Draw(CCW,L4)",51939,2699.85,A5,0.335,1.295,0.96
2998,6,14,RandomK,3,200,10,45,57,"Hit(CCW,5,MIDDLE)",4104,343.945,A5,2.82,2.895,0.07500000000000018
1555,2,3,RandomK,3,200,10,45,14,"Draw(CW,L2)",152917,5267.11,A5,0.8,1.1,0.30000000000000004
4372,4,14,RandomK,3,200,10,45,1,"Draw(CCW,TEE)",572,32.1571,A5,0.005,0.095,0.09
3732,7,7,RandomK,3,200,10,45,14,"Draw(CW,L2)",94033,3152.17,A5,0.915,1.125,0.20999999999999996
3858,5,5,RandomK,3,200,10,45,3,"Draw(CCW,S0)",130559,5011.43,A5,0.795,0.885,0.08999999999999997
1938,0,14,RandomK,3,200,10,45,11,"Draw(CCW,L0)",1912,133.419,A5,1.17,1.43,0.26
9112,3,9,RandomK,3,200,10,45,39,"Hit(CCW,2,STRONG)",64612,2404.63,A5,0.53,0.76,0.22999999999999998
4157,3,12,RandomK,3,200,10,45,36,"Hit(CW,3,MIDDLE)",35324,2011.73,A5,-0.705,-0.705,0.0
7373,1,11,RandomK,3,200,10,45,48,"Hit(CW,4,STRONG)",51371,2613.94,A5,1.015,1.175,0.16000000000000014
7173,4,15,RandomK,3,200,10,45,11,"Draw(CCW,L0)",151,15.0708,A5,1.81,2.0,0.18999999999999995
196,4,4,RandomK,3,200,10,45,34,"Hit(CW,3,WEAK)",137851,4746.78,A5,-0.59,-0.22,0.37
2630,2,14,RandomK,3,200,10,45,41,"Freeze(CCW,11)",885,49.9138,A5,-1.355,-1.07,0.2849999999999999
5731,2,10,RandomK,3,200,10,45,41,"Freeze(CCW,9)",48845,1687.89,A5,-1.145,-0.555,0.59
9518,4,5,RandomK,3,200,10,45,33,"Hit(CCW,0,TOUCH)",129816,4977.59,A5,0.985,0.985,0.0
8211,7,12,RandomK,3,200,10,45,55,"Hit(CCW,9,WEAK)",22279,984.729,A5,-1.395,-0.815,0.5800000000000001
7977,6,14,RandomK,3,200,10,46,34,"Hit(CW,1,WEAK)",4142,327.321,A5,-2.045,-1.635,0.4099999999999999
3926,6,11,RandomK,3,200,10,46,79,"Hit(CCW,8,STRONG)",46161,2402.71,A5,-1.42,0.425,1.845
3883,1,14,RandomK,3,200,10,46,0,"Draw(CW,TEE)",383,20.3128,A5,-0.29,-0.075,0.21499999999999997
9222,7,5,RandomK,3,200,10,46,19,"Draw(CCW,L4)",118935,3926.05,A5,0.9,1.315,0.4149999999999999
7881,2,15,RandomK,3,200,10,46,87,"Hit(CCW,12,MIDDLE)",129,9.2301,A5,-0.705,1.72,2.425
6406,1,10,RandomK,3,200,10,46,10,"Draw(CW,L0)",52322,1994.93,A5,-1.015,-0.385,0.6299999999999999
8452,5,15,RandomK,3,200,10,46,6,"Draw(CW,S4)",153,13.3366,A5,1.395,1.935,0.54
1028,6,15,RandomK,3,200,10,46,1,"Draw(CCW,TEE)",151,13.177,A5,1.0,1.0,0.0
2596,1,14,RandomK,3,200,10,46,45,"Hit(CCW,3,WEAK)",4474,353.554,A5,1.385,1.97,0.585
4748,1,3,RandomK,3,200,10,46,34,"Hit(CW,0,WEAK)",152106,5137.71,A5,0.71,0.985,0.275
9206,3,13,RandomK,3,200,10,46,41,"Freeze(CCW,12)",6778,379.385,A5,-0.28,1.73,2.01
5859,1,6,RandomK,3,200,10,46,50,"Freeze(CW,5)",113754,4297.35,A5,-0.64,-0.015,0.625
6871,4,5,RandomK,3,200,10,46,47,"Hit(CCW,2,MIDDLE)",129684,4800.76,A5,0.9,1.32,0.42000000000000004
7163,3,13,RandomK,3,200,10,46,11,"Draw(CCW,L0)",8325,514.332,A5,1.68,2.465,0.7849999999999999
5807,0,8,RandomK,3,200,10,46,74,"PostGuard(CW,6,0)",91515,3834.59,A5,-0.165,0.03,0.195
5567,2,15,RandomK,3,200,10,46,2,"Draw(CW,S0)",129,10.0349,A5,1.735,1.93,0.19499999999999984
2507,3,11,RandomK,3,200,10,46,60,"Hit(CW,8,MIDDLE)",44285,2055.55,A5,1.42,1.715,0.29500000000000015
7006,3,15,RandomK,3,200,10,46,5,"Draw(CCW,S2)",145,13.0203,A5,-1.0,-0.97,0.030000000000000027
1984,6,4,RandomK,3,200,10,46,45,"Hit(CCW,3,WEAK)",140438,4920.45,A5,-0.475,-0.31,0.16499999999999998
1845,7,14,RandomK,3,200,10,46,18,"Draw(CW,L4)",735,43.4183,A5,1.13,1.44,0.31000000000000005
5780,2,6,RandomK,3,200,10,46,35,"Hit(CCW,5,WEAK)",110356,3758.6,A5,-0.78,-0.375,0.405
8645,7,5,RandomK,3,200,10,46,45,"Hit(CCW,2,WEAK)",130698,4889.91,A5,0.625,0.92,0.29500000000000004
6132,0,13,RandomK,3,200,10,46,78,"PostGuard(CW,9,2)",20516,1310.65,A5,2.485,2.62,0.13500000000000023
3339,4,10,RandomK,3,200,10,46,34,"Hit(CW,7,WEAK)",58706,2379.04,A5,-0.77,-0.305,0.465
3566,6,14,RandomK,3,200,10,46,51,"Freeze(CCW,5)",3240,272.18,A5,0.93,1.01,0.07999999999999996
5523,3,9,RandomK,3,200,10,46,57,"Hit(CCW,4,MIDDLE)",69525,2967.22,A5,0.605,0.74,0.135
7015,5,14,RandomK,3,200,10,46,48,"Hit(CW,3,STRONG)",4194,345.415,A5,-3.32,-1.135,2.1849999999999996
743,7,3,RandomK,3,200,10,46,27,"PreGuard(CCW,G3)",153945,5379.84,A5,0.48,0.98,0.5
1014,4,15,RandomK,3,200,10,46,2,"Draw(CW,S0)",61,3.33284,A5,1.655,3.325,1.6700000000000002
3900,0,10,RandomK,3,200,10,46,41,"Freeze(CCW,9)",52179,1977.98,A5,-0.77,0.305,1.075
4543,6,5,RandomK,3,200,10,46,49,"Hit(CCW,2,STRONG)",127337,4661.96,A5,0.705,1.09,0.3850000000000001
9231,5,14,RandomK,3,200,10,46,10,"Draw(CW,L0)",2138,145.07,A5,1.14,2.025,0.885
1825,5,7,RandomK,3,200,10,46,34,"Hit(CW,2,WEAK)",100638,3846.67,A5,0.505,0.865,0.36
4062,4,15,RandomK,3,200,10,46,35,"Hit(CCW,2,WEAK)",117,8.38298,A5,-1.275,-0.475,0.7999999999999999
9882,2,11,RandomK,3,200,10,46,90,"PostGuard(CW,7,0)",52660,2775.55,A5,0.75,1.295,0.5449999999999999
2998,6,14,RandomK,3,200,10,46,69,"Hit(CCW,7,STRONG)",3937,320.131,A5,2.61,2.895,0.28500000000000014
1555,2,3,RandomK,3,200,10,46,41,"Freeze(CCW,0)",152851,5269.55,A5,0.58,1.1,0.5200000000000001
4372,4,14,RandomK,3,200,10,46,14,"Draw(CW,L2)",619,34.6206,A5,-0.705,0.095,0.7999999999999999
3732,7,7,RandomK,3,200,10,46,14,"Draw(CW,L2)",94786,3198.43,A5,0.915,1.125,0.20999999999999996
3858,5,5,RandomK,3,200,10,46,7,"Draw(CCW,S4)",132632,5218.26,A5,0.855,0.885,0.030000000000000027
1938,0,14,RandomK,3,200,10,46,55,"Hit(CCW,13,WEAK)",2057,142.907,A5,0.7,1.43,0.73
9112,3,9,RandomK,3,200,10,46,35,"Hit(CCW,2,WEAK)",68726,2705.84,A5,0.385,0.76,0.375
4157,3,12,RandomK,3,200,10,46,39,"Hit(CCW,3,STRONG)",27286,1428.36,A5,-1.83,-0.705,1.125
7373,1,11,RandomK,3,200,10,46,63,"Hit(CCW,8,TOUCH)",50053,2509.3,A5,0.835,1.175,0.3400000000000001
7173,4,15,RandomK,3,200,10,46,6,"Draw(CW,S4)",151,15.0748,A5,1.84,2.0,0.15999999999999992
196,4,4,RandomK,3,200,10,46,45,"PostGuard(CCW,2,1)",137765,4749.56,A5,-0.495,-0.22,0.275
2630,2,14,RandomK,3,200,10,46,41,"Freeze(CCW,11)",816,45.851,A5,-1.355,-1.07,0.2849999999999999
5731,2,10,RandomK,3,200,10,46,13,"Draw(CCW,L1)",47761,1626.78,A5,-0.94,-0.555,0.3849999999999999
9518,4,5,RandomK,3,200,10,46,36,"Hit(CW,0,MIDDLE)",129060,4800.98,A5,0.595,0.985,0.39
8211,7,12,RandomK,3,200,10,46,70,"Freeze(CW,11)",27159,1302.65,A5,-1.045,-0.815,0.22999999999999998
7977,6,14,ScoreScreen,3,200,10,42,72,"Hit(CW,9,TOUCH)",3802,540.738,A7,-2.335,-1.635,0.7
3926,6,11,ScoreScreen,3,200,10,42,39,"Hit(CCW,0,STRONG)",45523,3417.39,A7,-1.615,0.425,2.04
3883,1,14,ScoreScreen,3,200,10,42,19,"Draw(CCW,L4)",1055,50.9251,A7,-0.335,-0.075,0.26
9222,7,5,ScoreScreen,3,200,10,42,4,"Draw(CW,S2)",128076,5895.53,A7,1.29,1.315,0.02499999999999991
7881,2,15,ScoreScreen,3,200,10,42,84,"Hit(CW,12,WEAK)",129,16.861,A7,0.285,1.72,1.435
6406,1,10,ScoreScreen,3,200,10,42,51,"Freeze(CCW,9)",52439,2991.55,A7,-0.79,-0.385,0.405
8452,5,15,ScoreScreen,3,200,10,42,34,"Hit(CW,0,WEAK)",153,29.1313,A7,1.32,1.935,0.615
1028,6,15,ScoreScreen,3,200,10,42,0,"Draw(CW,TEE)",151,29.0269,A7,0.77,1.0,0.22999999999999998
2596,1,14,ScoreScreen,3,200,10,42,86,"Hit(CW,11,MIDDLE)",3824,579.132,A7,0.65,1.97,1.3199999999999998
4748,1,3,ScoreScreen,3,200,10,42,23,"Draw(CCW,L6)",162777,7721.31,A7,0.655,0.985,0.32999999999999996
9206,3,13,ScoreScreen,3,200,10,42,37,"Hit(CCW,12,MIDDLE)",4574,295.347,A7,1.255,1.73,0.4750000000000001
5859,1,6,ScoreScreen,3,200,10,42,43,"Hit(CCW,5,TOUCH)",119867,6394.85,A7,-0.52,-0.015,0.505
6871,4,5,ScoreScreen,3,200,10,42,55,"PostGuard(CCW,1,1)",136736,7037.82,A7,0.715,1.32,0.6050000000000001
7163,3,13,ScoreScreen,3,200,10,42,67,"Hit(CCW,12,MIDDLE)",9024,717.055,A7,1.88,2.465,0.585
5807,0,8,ScoreScreen,3,200,10,42,29,"PreGuard(CCW,G4)",92239,5238.82,A7,-0.15,0.03,0.18
5567,2,15,ScoreScreen,3,200,10,42,0,"Draw(CW,TEE)",129,22.0755,A7,1.535,1.93,0.395
2507,3,11,ScoreScreen,3,200,10,42,62,"Hit(CW,8,STRONG)",40277,2575.97,A7,1.715,1.715,0.0
7006,3,15,ScoreScreen,3,200,10,42,0,"Draw(CW,TEE)",145,29.1172,A7,-1.0,-0.97,0.030000000000000027
1984,6,4,ScoreScreen,3,200,10,42,33,"Hit(CCW,1,TOUCH)",148899,7575.84,A7,-0.65,-0.31,0.34
1845,7,14,ScoreScreen,3,200,10,42,44,"PostGuard(CW,10,1)",1569,92.8104,A7,1.44,1.44,0.0
5780,2,6,ScoreScreen,3,200,10,42,41,"Freeze(CCW,5)",115247,5732.82,A7,-1.035,-0.375,0.6599999999999999
8645,7,5,ScoreScreen,3,200,10,42,48,"Hit(CW,2,STRONG)",136423,6881.2,A7,0.625,0.92,0.29500000000000004
6132,0,13,ScoreScreen,3,200,10,42,5,"Draw(CCW,S2)",11350,1069.59,A7,2.47,2.62,0.1499999999999999
3339,4,10,ScoreScreen,3,200,10,42,14,"Draw(CW,L2)",55000,3177.13,A7,-1.1,-0.305,0.7950000000000002
3566,6,14,ScoreScreen,3,200,10,42,30,"PreGuard(CW,G5)",3578,573.56,A7,0.91,1.01,0.09999999999999998
5523,3,9,ScoreScreen,3,200,10,42,59,"Hit(CCW,4,STRONG)",74455,4583.8,A7,0.51,0.74,0.22999999999999998
7015,5,14,ScoreScreen,3,200,10,42,46,"Hit(CW,3,MIDDLE)",3830,574.274,A7,-3.285,-1.135,2.1500000000000004
743,7,3,ScoreScreen,3,200,10,42,39,"Hit(CCW,0,STRONG)",163104,7782.15,A7,0.63,0.98,0.35
1014,4,15,ScoreScreen,3,200,10,42,10,"Draw(CW,L0)",61,4.30649,A7,3.325,3.325,0.0
3900,0,10,ScoreScreen,3,200,10,42,40,"Freeze(CW,9)",50729,2916.38,A7,-0.02,0.305,0.325
4543,6,5,ScoreScreen,3,200,10,42,49,"Hit(CCW,2,STRONG)",137852,7061.79,A7,0.705,1.09,0.3850000000000001
9231,5,14,ScoreScreen,3,200,10,42,2,"Draw(CW,S0)",2706,273.841,A7,1.665,2.025,0.3599999999999999
1825,5,7,ScoreScreen,3,200,10,42,39,"Hit(CCW,2,STRONG)",105364,5796.52,A7,0.58,0.865,0.28500000000000003
4062,4,15,ScoreScreen,3,200,10,42,35,"Hit(CCW,2,WEAK)",117,16.4801,A7,-1.275,-0.475,0.7999999999999999
9882,2,11,ScoreScreen,3,200,10,42,75,"PostGuard(CCW,1,1)",47205,3782.01,A7,0.6,1.295,0.695
2998,6,14,ScoreScreen,3,200,10,42,59,"Hit(CCW,5,STRONG)",3851,582.105,A7,2.895,2.895,0.0
1555,2,3,ScoreScreen,3,200,10,42,16,"Draw(CW,L3)",164279,7827.13,A7,0.94,1.1,0.16000000000000014
4372,4,14,ScoreScreen,3,200,10,42,9,"Draw(CCW,S6)",1202,59.9043,A7,-0.355,0.095,0.44999999999999996
3732,7,7,ScoreScreen,3,200,10,42,15,"Draw(CCW,L2)",98492,4594.92,A7,0.94,1.125,0.18500000000000005
3858,5,5,ScoreScreen,3,200,10,42,32,"Hit(CW,0,TOUCH)",139020,7484.53,A7,0.73,0.885,0.15500000000000003
1938,0,14,ScoreScreen,3,200,10,42,35,"Hit(CCW,9,WEAK)",2361,243.014,A7,1.37,1.43,0.05999999999999983
9112,3,9,ScoreScreen,3,200,10,42,44,"Hit(CW,4,WEAK)",72054,4291.62,A7,0.14,0.76,0.62
4157,3,12,ScoreScreen,3,200,10,42,34,"Hit(CW,3,WEAK)",25166,2128.06,A7,-1.14,-0.705,0.43499999999999994
7373,1,11,ScoreScreen,3,200,10,42,58,"Hit(CW,6,STRONG)",45654,3383.45,A7,0.41,1.175,0.7650000000000001
7173,4,15,ScoreScreen,3,200,10,42,0,"Draw(CW,TEE)",151,37.4404,A7,1.84,2.0,0.15999999999999992
196,4,4,ScoreScreen,3,200,10,42,28,"PreGuard(CW,G4)",146351,6981.64,A7,-0.605,-0.22,0.385
2630,2,14,ScoreScreen,3,200,10,42,0,"Draw(CW,TEE)",1643,102.658,A7,-1.075,-1.07,0.004999999999999893
5731,2,10,ScoreScreen,3,200,10,42,21,"Draw(CCW,L5)",51697,2488.3,A7,-1.2,-0.555,0.6449999999999999
9518,4,5,ScoreScreen,3,200,10,42,48,"Hit(CW,2,STRONG)",136351,7183.91,A7,0.655,0.985,0.32999999999999996
8211,7,12,ScoreScreen,3,200,10,42,6,"Draw(CW,S4)",24942,1592.85,A7,-1.225,-0.815,0.41000000000000014
7977,6,14,ScoreScreen,3,200,10,43,46,"Hit(CW,3,MIDDLE)",3901,540.159,A7,-3.235,-1.635,1.5999999999999999
3926,6,11,ScoreScreen,3,200,10,43,37,"Hit(CCW,0,MIDDLE)",43665,3205.2,A7,-1.43,0.425,1.855
3883,1,14,ScoreScreen,3,200,10,43,0,"Draw(CW,TEE)",1004,47.7642,A7,-0.29,-0.075,0.21499999999999997
9222,7,5,ScoreScreen,3,200,10,43,4,"Draw(CW,S2)",127637,5873.14,A7,1.29,1.315,0.02499999999999991
7881,2,15,ScoreScreen,3,200,10,43,84,"Hit(CW,12,WEAK)",129,16.8606,A7,0.285,1.72,1.435
6406,1,10,ScoreScreen,3,200,10,43,38,"Hit(CW,7,STRONG)",53435,2997.61,A7,-0.61,-0.385,0.22499999999999998
8452,5,15,ScoreScreen,3,200,10,43,34,"Hit(CW,0,WEAK)",153,30.0567,A7,1.32,1.935,0.615
1028,6,15,ScoreScreen,3,200,10,43,0,"Draw(CW,TEE)",151,30.8879,A7,0.77,1.0,0.22999999999999998
2596,1,14,ScoreScreen,3,200,10,43,86,"Hit(CW,11,MIDDLE)",3743,521.408,A7,0.65,1.97,1.3199999999999998
4748,1,3,ScoreScreen,3,200,10,43,40,"Freeze(CW,0)",161727,7858.19,A7,0.815,0.985,0.17000000000000004
9206,3,13,ScoreScreen,3,200,10,43,39,"Hit(CCW,12,STRONG)",4547,292.461,A7,1.23,1.73,0.5
5859,1,6,ScoreScreen,3,200,10,43,28,"PreGuard(CW,G4)",119166,6435.13,A7,-0.62,-0.015,0.605
6871,4,5,ScoreScreen,3,200,10,43,10,"Draw(CW,L0)",136767,7119.43,A7,0.695,1.32,0.6250000000000001
7163,3,13,ScoreScreen,3,200,10,43,64,"Hit(CW,12,WEAK)",9078,720.786,A7,2.285,2.465,0.17999999999999972
5807,0,8,ScoreScreen,3,200,10,43,31,"PreGuard(CCW,G5)",92384,5429.43,A7,-0.275,0.03,0.30500000000000005
5567,2,15,ScoreScreen,3,200,10,43,0,"Draw(CW,TEE)",129,21.7363,A7,1.535,1.93,0.395
2507,3,11,ScoreScreen,3,200,10,43,63,"Hit(CCW,8,STRONG)",43177,2866.78,A7,1.02,1.715,0.6950000000000001
7006,3,15,ScoreScreen,3,200,10,43,0,"Draw(CW,TEE)",145,30.8896,A7,-1.0,-0.97,0.030000000000000027
1984,6,4,ScoreScreen,3,200,10,43,32,"Hit(CW,1,TOUCH)",148032,7423.76,A7,-0.92,-0.31,0.6100000000000001
1845,7,14,ScoreScreen,3,200,10,43,49,"PostGuard(CCW,12,0)",1587,93.9576,A7,1.13,1.44,0.31000000000000005
5780,2,6,ScoreScreen,3,200,10,43,37,"Hit(CCW,5,MIDDLE)",114928,5678.04,A7,-0.75,-0.375,0.375
8645,7,5,ScoreScreen,3,200,10,43,41,"Freeze(CCW,0)",137702,7446.13,A7,0.775,0.92,0.14500000000000002
6132,0,13,ScoreScreen,3,200,10,43,1,"Draw(CCW,TEE)",11286,1053.85,A7,2.62,2.62,0.0
3339,4,10,ScoreScreen,3,200,10,43,51,"Freeze(CCW,9)",53157,2965.1,A7,-0.36,-0.305,0.05499999999999999
3566,6,14,ScoreScreen,3,200,10,43,76,"Hit(CW,11,MIDDLE)",3344,531.735,A7,-1.155,1.01,2.165
5523,3,9,ScoreScreen,3,200,10,43,57,"Hit(CCW,4,MIDDLE)",75930,4698.11,A7,0.605,0.74,0.135
7015,5,14,ScoreScreen,3,200,10,43,11,"Draw(CCW,L0)",3713,543.845,A7,-1.135,-1.135,0.0
743,7,3,ScoreScreen,3,200,10,43,9,"Draw(CCW,S6)",163452,8035.89,A7,0.64,0.98,0.33999999999999997
1014,4,15,ScoreScreen,3,200,10,43,10,"Draw(CW,L0)",61,4.2671,A7,3.325,3.325,0.0
3900,0,10,ScoreScreen,3,200,10,43,40,"Freeze(CW,9)",53454,2972.46,A7,-0.02,0.305,0.325
4543,6,5,ScoreScreen,3,200,10,43,34,"Hit(CW,0,WEAK)",137755,7379.53,A7,0.71,1.09,0.3800000000000001
9231,5,14,ScoreScreen,3,200,10,43,42,"Hit(CW,5,TOUCH)",2895,289.336,A7,1.86,2.025,0.1649999999999998
1825,5,7,ScoreScreen,3,200,10,43,39,"Hit(CCW,2,STRONG)",103359,5648.79,A7,0.58,0.865,0.28500000000000003
4062,4,15,ScoreScreen,3,200,10,43,35,"Hit(CCW,2,WEAK)",117,16.0797,A7,-1.275,-0.475,0.7999999999999999
9882,2,11,ScoreScreen,3,200,10,43,65,"Hit(CCW,8,WEAK)",46886,3590.44,A7,0.3,1.295,0.9949999999999999
2998,6,14,ScoreScreen,3,200,10,43,59,"Hit(CCW,5,STRONG)",3628,569.296,A7,2.895,2.895,0.0
1555,2,3,ScoreScreen,3,200,10,43,5,"Draw(CCW,S2)",161966,7734.37,A7,0.655,1.1,0.44500000000000006
4372,4,14,ScoreScreen,3,200,10,43,18,"Draw(CW,L4)",1344,67.7769,A7,0.095,0.095,0.0
3732,7,7,ScoreScreen,3,200,10,43,15,"Draw(CCW,L2)",98713,4638.5,A7,0.94,1.125,0.18500000000000005
3858,5,5,ScoreScreen,3,200,10,43,32,"Hit(CW,0,TOUCH)",139496,7710.72,A7,0.73,0.885,0.15500000000000003
1938,0,14,ScoreScreen,3,200,10,43,7,"Draw(CCW,S4)",2187,232.48,A7,1.015,1.43,0.41500000000000004
9112,3,9,ScoreScreen,3,200,10,43,37,"Hit(CCW,2,MIDDLE)",70935,3938.9,A7,0.76,0.76,0.0
4157,3,12,ScoreScreen,3,200,10,43,37,"Hit(CCW,3,MIDDLE)",24496,1822.15,A7,-1.71,-0.705,1.005
7373,1,11,ScoreScreen,3,200,10,43,7,"Draw(CCW,S4)",46793,3665.59,A7,0.905,1.175,0.27
7173,4,15,ScoreScreen,3,200,10,43,0,"Draw(CW,TEE)",151,39.7364,A7,1.84,2.0,0.15999999999999992
196,4,4,ScoreScreen,3,200,10,43,40,"Freeze(CW,3)",146819,7126.35,A7,-0.695,-0.22,0.475
2630,2,14,ScoreScreen,3,200,10,43,0,"Draw(CW,TEE)",1466,89.0529,A7,-1.075,-1.07,0.004999999999999893
5731,2,10,ScoreScreen,3,200,10,43,37,"Hit(CCW,9,MIDDLE)",51156,2380.99,A7,-0.82,-0.555,0.2649999999999999
9518,4,5,ScoreScreen,3,200,10,43,8,"Draw(CW,S6)",134578,7156.83,A7,0.4,0.985,0.585
8211,7,12,ScoreScreen,3,200,10,43,62,"Hit(CW,11,TOUCH)",22889,1459.95,A7,-1.295,-0.815,0.48
7977,6,14,ScoreScreen,3,200,10,44,48,"Hit(CW,3,STRONG)",3772,516.537,A7,-3.36,-1.635,1.7249999999999999
3926,6,11,ScoreScreen,3,200,10,44,39,"Hit(CCW,0,STRONG)",44809,3492.01,A7,-1.615,0.425,2.04
3883,1,14,ScoreScreen,3,200,10,44,19,"Draw(CCW,L4)",1066,50.9975,A7,-0.335,-0.075,0.26
9222,7,5,ScoreScreen,3,200,10,44,17,"Draw(CCW,L3)",126690,5899.41,A7,1.315,1.315,0.0
7881,2,15,ScoreScreen,3,200,10,44,84,"Hit(CW,12,WEAK)",129,17.3155,A7,0.285,1.72,1.435
6406,1,10,ScoreScreen,3,200,10,44,41,"Freeze(CCW,7)",54551,3170.71,A7,-0.89,-0.385,0.505
8452,5,15,ScoreScreen,3,200,10,44,34,"Hit(CW,0,WEAK)",153,30.0789,A7,1.32,1.935,0.615
1028,6,15,ScoreScreen,3,200,10,44,0,"Draw(CW,TEE)",151,30.7601,A7,0.77,1.0,0.22999999999999998
2596,1,14,ScoreScreen,3,200,10,44,86,"Hit(CW,11,MIDDLE)",3655,506.94,A7,0.65,1.97,1.3199999999999998
4748,1,3,ScoreScreen,3,200,10,44,16,"Draw(CW,L3)",161623,7729.03,A7,0.885,0.985,0.09999999999999998
9206,3,13,ScoreScreen,3,200,10,44,39,"Hit(CCW,12,STRONG)",4106,249.938,A7,1.23,1.73,0.5
5859,1,6,ScoreScreen,3,200,10,44,43,"Hit(CCW,5,TOUCH)",120479,6512.16,A7,-0.52,-0.015,0.505
6871,4,5,ScoreScreen,3,200,10,44,11,"Draw(CCW,L0)",136522,7105.57,A7,0.85,1.32,0.4700000000000001
7163,3,13,ScoreScreen,3,200,10,44,11,"Draw(CCW,L0)",10767,851.209,A7,1.68,2.465,0.7849999999999999
5807,0,8,ScoreScreen,3,200,10,44,31,"PreGuard(CCW,G5)",91430,5274.48,A7,-0.275,0.03,0.30500000000000005
5567,2,15,ScoreScreen,3,200,10,44,0,"Draw(CW,TEE)",129,22.234,A7,1.535,1.93,0.395
2507,3,11,ScoreScreen,3,200,10,44,62,"Hit(CW,8,STRONG)",42188,2770.73,A7,1.715,1.715,0.0
7006,3,15,ScoreScreen,3,200,10,44,0,"Draw(CW,TEE)",145,30.8286,A7,-1.0,-0.97,0.030000000000000027
1984,6,4,ScoreScreen,3,200,10,44,27,"PreGuard(CCW,G3)",149778,7663.44,A7,-0.75,-0.31,0.44
1845,7,14,ScoreScreen,3,200,10,44,43,"PostGuard(CCW,10,0)",1666,96.7183,A7,0.695,1.44,0.745
5780,2,6,ScoreScreen,3,200,10,44,41,"Freeze(CCW,5)",115176,5756.67,A7,-1.035,-0.375,0.6599999999999999
8645,7,5,ScoreScreen,3,200,10,44,46,"Hit(CW,2,MIDDLE)",134277,6927.41,A7,0.62,0.92,0.30000000000000004
6132,0,13,ScoreScreen,3,200,10,44,73,"PostGuard(CCW,7,2)",11564,1060.93,A7,2.275,2.62,0.3450000000000002
3339,4,10,ScoreScreen,3,200,10,44,51,"Freeze(CCW,9)",56768,3260.26,A7,-0.36,-0.305,0.05499999999999999
3566,6,14,ScoreScreen,3,200,10,44,98,"PostGuard(CW,4,0)",3474,559.344,A7,0.98,1.01,0.030000000000000027
5523,3,9,ScoreScreen,3,200,10,44,56,"Hit(CW,4,MIDDLE)",76259,4655.32,A7,0.445,0.74,0.295
7015,5,14,ScoreScreen,3,200,10,44,48,"Hit(CW,3,STRONG)",3558,515.741,A7,-3.32,-1.135,2.1849999999999996
743,7,3,ScoreScreen,3,200,10,44,23,"Draw(CCW,L6)",164753,8006.91,A7,0.74,0.98,0.24
1014,4,15,ScoreScreen,3,200,10,44,10,"Draw(CW,L0)",61,4.22729,A7,3.325,3.325,0.0
3900,0,10,ScoreScreen,3,200,10,44,0,"Draw(CW,TEE)",54076,3035.83,A7,0.305,0.305,0.0
4543,6,5,ScoreScreen,3,200,10,44,50,"Freeze(CW,2)",137798,7323.65,A7,0.285,1.09,0.8050000000000002
9231,5,14,ScoreScreen,3,200,10,44,2,"Draw(CW,S0)",2661,264.136,A7,1.665,2.025,0.3599999999999999
1825,5,7,ScoreScreen,3,200,10,44,52,"PostGuard(CW,1,0)",105911,5974.41,A7,0.74,0.865,0.125
4062,4,15,ScoreScreen,3,200,10,44,35,"Hit(CCW,2,WEAK)",117,15.5924,A7,-1.275,-0.475,0.7999999999999999
9882,2,11,ScoreScreen,3,200,10,44,61,"Freeze(CCW,6)",47175,3759.96,A7,0.38,1.295,0.9149999999999999
2998,6,14,ScoreScreen,3,200,10,44,59,"Hit(CCW,5,STRONG)",3733,553.324,A7,2.895,2.895,0.0
1555,2,3,ScoreScreen,3,200,10,44,24,"Draw(CW,L7)",163800,7764.4,A7,0.6,1.1,0.5000000000000001
4372,4,14,ScoreScreen,3,200,10,44,19,"Draw(CCW,L4)",1264,64.0681,A7,0.02,0.095,0.075
3732,7,7,ScoreScreen,3,200,10,44,36,"Hit(CW,4,MIDDLE)",99046,4624.06,A7,0.675,1.125,0.44999999999999996
3858,5,5,ScoreScreen,3,200,10,44,35,"Hit(CCW,0,WEAK)",135311,7277.27,A7,0.545,0.885,0.33999999999999997
1938,0,14,ScoreScreen,3,200,10,44,48,"Hit(CW,11,STRONG)",2121,220.832,A7,-0.045,1.43,1.4749999999999999
9112,3,9,ScoreScreen,3,200,10,44,43,"Hit(CCW,4,TOUCH)",72269,4433.43,A7,-0.17,0.76,0.93
4157,3,12,ScoreScreen,3,200,10,44,36,"Hit(CW,3,MIDDLE)",25477,1909.86,A7,-0.705,-0.705,0.0
7373,1,11,ScoreScreen,3,200,10,44,55,"Hit(CCW,6,WEAK)",41781,2856.85,A7,0.93,1.175,0.245
7173,4,15,ScoreScreen,3,200,10,44,0,"Draw(CW,TEE)",151,39.1767,A7,1.84,2.0,0.15999999999999992
196,4,4,ScoreScreen,3,200,10,44,47,"PostGuard(CCW,2,2)",147607,7114.52,A7,-0.41,-0.22,0.18999999999999997
2630,2,14,ScoreScreen,3,200,10,44,6,"Draw(CW,S4)",1523,93.5779,A7,-1.21,-1.07,0.1399999999999999
5731,2,10,ScoreScreen,3,200,10,44,29,"PreGuard(CCW,G4)",51357,2455.54,A7,-0.86,-0.555,0.30499999999999994
9518,4,5,ScoreScreen,3,200,10,44,35,"Hit(CCW,0,WEAK)",136956,7094.85,A7,0.71,0.985,0.275
8211,7,12,ScoreScreen,3,200,10,44,65,"Hit(CCW,11,WEAK)",21715,1186.69,A7,-1.605,-0.815,0.79
7977,6,14,ScoreScreen,3,200,10,45,46,"Hit(CW,3,MIDDLE)",3908,576.107,A7,-3.235,-1.635,1.5999999999999999
3926,6,11,ScoreScreen,3,200,10,45,39,"Hit(CCW,0,STRONG)",47339,3700.22,A7,-1.615,0.425,2.04
3883,1,14,ScoreScreen,3,200,10,45,19,"Draw(CCW,L4)",1068,49.9796,A7,-0.335,-0.075,0.26
9222,7,5,ScoreScreen,3,200,10,45,10,"Draw(CW,L0)",126221,5877.63,A7,0.84,1.315,0.475
7881,2,15,ScoreScreen,3,200,10,45,84,"Hit(CW,12,WEAK)",129,17.4799,A7,0.285,1.72,1.435
6406,1,10,ScoreScreen,3,200,10,45,10,"Draw(CW,L0)",53320,2929.64,A7,-1.015,-0.385,0.6299999999999999
8452,5,15,ScoreScreen,3,200,10,45,34,"Hit(CW,0,WEAK)",153,29.4159,A7,1.32,1.935,0.615
1028,6,15,ScoreScreen,3,200,10,45,0,"Draw(CW,TEE)",151,30.1406,A7,0.77,1.0,0.22999999999999998
2596,1,14,ScoreScreen,3,200,10,45,88,"Hit(CW,11,STRONG)",3748,533.756,A7,0.705,1.97,1.2650000000000001
4748,1,3,ScoreScreen,3,200,10,45,4,"Draw(CW,S2)",160563,7704.0,A7,0.495,0.985,0.49
9206,3,13,ScoreScreen,3,200,10,45,37,"Hit(CCW,12,MIDDLE)",4356,272.447,A7,1.255,1.73,0.4750000000000001
5859,1,6,ScoreScreen,3,200,10,45,28,"PreGuard(CW,G4)",117392,6386.65,A7,-0.62,-0.015,0.605
6871,4,5,ScoreScreen,3,200,10,45,53,"PostGuard(CCW,1,0)",136710,7234.13,A7,0.905,1.32,0.41500000000000004
7163,3,13,ScoreScreen,3,200,10,45,69,"Hit(CCW,12,STRONG)",7626,590.79,A7,1.635,2.465,0.8299999999999998
5807,0,8,ScoreScreen,3,200,10,45,73,"PostGuard(CCW,4,2)",92243,5455.28,A7,-0.015,0.03,0.045
5567,2,15,ScoreScreen,3,200,10,45,0,"Draw(CW,TEE)",129,21.9476,A7,1.535,1.93,0.395
2507,3,11,ScoreScreen,3,200,10,45,43,"Hit(CCW,4,STRONG)",41206,2753.65,A7,0.45,1.715,1.2650000000000001
7006,3,15,ScoreScreen,3,200,10,45,0,"Draw(CW,TEE)",145,29.7924,A7,-1.0,-0.97,0.030000000000000027
1984,6,4,ScoreScreen,3,200,10,45,53,"PostGuard(CCW,2,0)",146503,7217.33,A7,-0.83,-0.31,0.52
1845,7,14,ScoreScreen,3,200,10,45,49,"PostGuard(CCW,12,0)",1540,92.4501,A7,1.13,1.44,0.31000000000000005
5780,2,6,ScoreScreen,3,200,10,45,34,"Hit(CW,5,WEAK)",115449,5713.91,A7,-0.375,-0.375,0.0
8645,7,5,ScoreScreen,3,200,10,45,46,"Hit(CW,2,MIDDLE)",134279,6930.52,A7,0.62,0.92,0.30000000000000004
6132,0,13,ScoreScreen,3,200,10,45,73,"PostGuard(CCW,7,2)",11062,1028.47,A7,2.275,2.62,0.3450000000000002
3339,4,10,ScoreScreen,3,200,10,45,35,"Hit(CCW,7,WEAK)",56609,3222.65,A7,-0.6,-0.305,0.295
3566,6,14,ScoreScreen,3,200,10,45,57,"Hit(CCW,7,MIDDLE)",3233,504.375,A7,0.51,1.01,0.5
5523,3,9,ScoreScreen,3,200,10,45,55,"Hit(CCW,4,WEAK)",76145,5196.9,A7,0.74,0.74,0.0
7015,5,14,ScoreScreen,3,200,10,45,48,"Hit(CW,3,STRONG)",3908,614.684,A7,-3.32,-1.135,2.1849999999999996
743,7,3,ScoreScreen,3,200,10,45,21,"Draw(CCW,L5)",162266,7807.55,A7,0.93,0.98,0.04999999999999993
1014,4,15,ScoreScreen,3,200,10,45,10,"Draw(CW,L0)",61,4.3483,A7,3.325,3.325,0.0
3900,0,10,ScoreScreen,3,200,10,45,6,"Draw(CW,S4)",53154,2972.16,A7,-0.195,0.305,0.5
4543,6,5,ScoreScreen,3,200,10,45,7,"Draw(CCW,S4)",137502,7382.96,A7,0.535,1.09,0.555
9231,5,14,ScoreScreen,3,200,10,45,2,"Draw(CW,S0)",2625,266.965,A7,1.665,2.025,0.3599999999999999
1825,5,7,ScoreScreen,3,200,10,45,2,"Draw(CW,S0)",103680,5684.64,A7,0.43,0.865,0.435
4062,4,15,ScoreScreen,3,200,10,45,35,"Hit(CCW,2,WEAK)",117,15.6707,A7,-1.275,-0.475,0.7999999999999999
9882,2,11,ScoreScreen,3,200,10,45,19,"Draw(CCW,L4)",47905,3892.23,A7,0.335,1.295,0.96
2998,6,14,ScoreScreen,3,200,10,45,67,"Hit(CCW,7,MIDDLE)",3860,567.606,A7,2.505,2.895,0.3900000000000001
1555,2,3,ScoreScreen,3,200,10,45,11,"Draw(CCW,L0)",162409,7827.26,A7,0.805,1.1,0.29500000000000004
4372,4,14,ScoreScreen,3,200,10,45,0,"Draw(CW,TEE)",1305,71.1397,A7,0.005,0.095,0.09
3732,7,7,ScoreScreen,3,200,10,45,25,"Draw(CCW,L7)",98486,4520.28,A7,0.535,1.125,0.59
3858,5,5,ScoreScreen,3,200,10,45,36,"Hit(CW,0,MIDDLE)",137559,7319.92,A7,0.74,0.885,0.14500000000000002
1938,0,14,ScoreScreen,3,200,10,45,56,"Hit(CW,13,MIDDLE)",2295,247.593,A7,-0.1,1.43,1.53
9112,3,9,ScoreScreen,3,200,10,45,35,"Hit(CCW,2,WEAK)",71686,4098.58,A7,0.385,0.76,0.375
4157,3,12,ScoreScreen,3,200,10,45,37,"Hit(CCW,3,MIDDLE)",25583,1937.17,A7,-1.71,-0.705,1.005
7373,1,11,ScoreScreen,3,200,10,45,55,"Hit(CCW,6,WEAK)",46117,3362.66,A7,0.93,1.175,0.245
7173,4,15,ScoreScreen,3,200,10,45,0,"Draw(CW,TEE)",151,43.891,A7,1.84,2.0,0.15999999999999992
196,4,4,ScoreScreen,3,200,10,45,31,"PreGuard(CCW,G5)",145046,6929.86,A7,-0.87,-0.22,0.65
2630,2,14,ScoreScreen,3,200,10,45,32,"Hit(CW,11,TOUCH)",1577,97.7109,A7,-1.18,-1.07,0.10999999999999988
5731,2,10,ScoreScreen,3,200,10,45,13,"Draw(CCW,L1)",51003,2470.53,A7,-0.94,-0.555,0.3849999999999999
9518,4,5,ScoreScreen,3,200,10,45,46,"Hit(CW,2,MIDDLE)",137218,7172.27,A7,0.845,0.985,0.14
8211,7,12,ScoreScreen,3,200,10,45,66,"Hit(CW,11,MIDDLE)",23580,1540.56,A7,-1.34,-0.815,0.5250000000000001
7977,6,14,ScoreScreen,3,200,10,46,46,"Hit(CW,3,MIDDLE)",3764,547.27,A7,-3.235,-1.635,1.5999999999999999
3926,6,11,ScoreScreen,3,200,10,46,39,"Hit(CCW,0,STRONG)",43259,3128.62,A7,-1.615,0.425,2.04
3883,1,14,ScoreScreen,3,200,10,46,19,"Draw(CCW,L4)",1076,52.0131,A7,-0.335,-0.075,0.26
9222,7,5,ScoreScreen,3,200,10,46,16,"Draw(CW,L3)",125894,5952.24,A7,1.13,1.315,0.18500000000000005
7881,2,15,ScoreScreen,3,200,10,46,84,"Hit(CW,12,WEAK)",129,16.7976,A7,0.285,1.72,1.435
6406,1,10,ScoreScreen,3,200,10,46,50,"Freeze(CW,9)",53285,3142.1,A7,-0.645,-0.385,0.26
8452,5,15,ScoreScreen,3,200,10,46,34,"Hit(CW,0,WEAK)",153,29.4009,A7,1.32,1.935,0.615
1028,6,15,ScoreScreen,3,200,10,46,0,"Draw(CW,TEE)",151,29.6066,A7,0.77,1.0,0.22999999999999998
2596,1,14,ScoreScreen,3,200,10,46,88,"Hit(CW,11,STRONG)",3794,524.861,A7,0.705,1.97,1.2650000000000001
4748,1,3,ScoreScreen,3,200,10,46,4,"Draw(CW,S2)",162365,7858.03,A7,0.495,0.985,0.49
9206,3,13,ScoreScreen,3,200,10,46,35,"Hit(CCW,12,WEAK)",5201,339.17,A7,1.635,1.73,0.09499999999999997
5859,1,6,ScoreScreen,3,200,10,46,41,"Freeze(CCW,1)",119567,6549.47,A7,-0.425,-0.015,0.41
6871,4,5,ScoreScreen,3,200,10,46,67,"PostGuard(CCW,5,1)",136951,7261.88,A7,0.85,1.32,0.4700000000000001
7163,3,13,ScoreScreen,3,200,10,46,68,"Hit(CW,12,STRONG)",6273,473.691,A7,1.42,2.465,1.045
5807,0,8,ScoreScreen,3,200,10,46,32,"Hit(CW,3,TOUCH)",92821,5593.72,A7,-0.305,0.03,0.33499999999999996
5567,2,15,ScoreScreen,3,200,10,46,0,"Draw(CW,TEE)",129,22.229,A7,1.535,1.93,0.395
2507,3,11,ScoreScreen,3,200,10,46,60,"Hit(CW,8,MIDDLE)",41860,2743.37,A7,1.42,1.715,0.29500000000000015
7006,3,15,ScoreScreen,3,200,10,46,0,"Draw(CW,TEE)",145,30.7138,A7,-1.0,-0.97,0.030000000000000027
1984,6,4,ScoreScreen,3,200,10,46,15,"Draw(CCW,L2)",149919,7803.34,A7,-0.92,-0.31,0.6100000000000001
1845,7,14,ScoreScreen,3,200,10,46,48,"PostGuard(CW,12,0)",1551,90.0054,A7,1.005,1.44,0.43500000000000005
5780,2,6,ScoreScreen,3,200,10,46,38,"Hit(CW,5,STRONG)",116456,5784.33,A7,-0.575,-0.375,0.19999999999999996
8645,7,5,ScoreScreen,3,200,10,46,16,"Draw(CW,L3)",137620,7324.98,A7,0.575,0.92,0.3450000000000001
6132,0,13,ScoreScreen,3,200,10,46,3,"Draw(CCW,S0)",12032,1150.31,A7,2.105,2.62,0.5150000000000001
3339,4,10,ScoreScreen,3,200,10,46,50,"Freeze(CW,9)",56961,3254.51,A7,-0.305,-0.305,0.0
3566,6,14,ScoreScreen,3,200,10,46,76,"Hit(CW,11,MIDDLE)",3534,564.988,A7,-1.155,1.01,2.165
5523,3,9,ScoreScreen,3,200,10,46,22,"Draw(CW,L6)",80442,5902.74,A7,-0.34,0.74,1.08
7015,5,14,ScoreScreen,3,200,10,46,46,"Hit(CW,3,MIDDLE)",3585,526.21,A7,-3.285,-1.135,2.1500000000000004
743,7,3,ScoreScreen,3,200,10,46,34,"Hit(CW,0,WEAK)",162973,7832.33,A7,0.515,0.98,0.46499999999999997
1014,4,15,ScoreScreen,3,200,10,46,10,"Draw(CW,L0)",61,4.43629,A7,3.325,3.325,0.0
3900,0,10,ScoreScreen,3,200,10,46,52,"PostGuard(CW,8,2)",52330,2851.92,A7,-0.035,0.305,0.33999999999999997
4543,6,5,ScoreScreen,3,200,10,46,45,"Hit(CCW,2,WEAK)",136666,7163.92,A7,1.09,1.09,0.0
9231,5,14,ScoreScreen,3,200,10,46,2,"Draw(CW,S0)",2760,273.17,A7,1.665,2.025,0.3599999999999999
1825,5,7,ScoreScreen,3,200,10,46,37,"Hit(CCW,2,MIDDLE)",105673,5962.04,A7,0.485,0.865,0.38
4062,4,15,ScoreScreen,3,200,10,46,35,"Hit(CCW,2,WEAK)",117,18.337,A7,-1.275,-0.475,0.7999999999999999
9882,2,11,ScoreScreen,3,200,10,46,46,"Hit(CW,4,MIDDLE)",44831,3426.61,A7,1.295,1.295,0.0
2998,6,14,ScoreScreen,3,200,10,46,57,"Hit(CCW,5,MIDDLE)",3704,570.868,A7,2.82,2.895,0.07500000000000018
1555,2,3,ScoreScreen,3,200,10,46,38,"Hit(CW,0,STRONG)",162964,7847.58,A7,0.73,1.1,0.3700000000000001
4372,4,14,ScoreScreen,3,200,10,46,19,"Draw(CCW,L4)",1218,60.4425,A7,0.02,0.095,0.075
3732,7,7,ScoreScreen,3,200,10,46,34,"Hit(CW,4,WEAK)",100199,4797.9,A7,1.125,1.125,0.0
3858,5,5,ScoreScreen,3,200,10,46,42,"Hit(CW,2,TOUCH)",138705,7817.69,A7,0.555,0.885,0.32999999999999996
1938,0,14,ScoreScreen,3,200,10,46,56,"Hit(CW,13,MIDDLE)",2355,244.326,A7,-0.1,1.43,1.53
9112,3,9,ScoreScreen,3,200,10,46,39,"Hit(CCW,2,STRONG)",70821,3870.74,A7,0.53,0.76,0.22999999999999998
4157,3,12,ScoreScreen,3,200,10,46,39,"Hit(CCW,3,STRONG)",24572,1827.94,A7,-1.83,-0.705,1.125
7373,1,11,ScoreScreen,3,200,10,46,57,"Hit(CCW,6,MIDDLE)",47197,3468.71,A7,0.895,1.175,0.28
7173,4,15,ScoreScreen,3,200,10,46,0,"Draw(CW,TEE)",151,43.3904,A7,1.84,2.0,0.15999999999999992
196,4,4,ScoreScreen,3,200,10,46,29,"PreGuard(CCW,G4)",144576,6970.8,A7,-0.65,-0.22,0.43000000000000005
2630,2,14,ScoreScreen,3,200,10,46,2,"Draw(CW,S0)",1652,105.144,A7,-1.315,-1.07,0.24499999999999988
5731,2,10,ScoreScreen,3,200,10,46,36,"Hit(CW,9,MIDDLE)",50480,2418.57,A7,-0.72,-0.555,0.16499999999999992
9518,4,5,ScoreScreen,3,200,10,46,35,"Hit(CCW,0,WEAK)",138018,7336.7,A7,0.71,0.985,0.275
8211,7,12,ScoreScreen,3,200,10,46,45,"Hit(CCW,5,WEAK)",25628,1720.72,A7,-1.115,-0.815,0.30000000000000004
7977,6,14,ScoreTopK,3,200,10,42,48,"Hit(CW,3,STRONG)",3749,555.899,A8,-3.36,-1.635,1.7249999999999999
3926,6,11,ScoreTopK,3,200,10,42,39,"Hit(CCW,0,STRONG)",44945,3437.2,A8,-1.615,0.425,2.04
3883,1,14,ScoreTopK,3,200,10,42,18,"Draw(CW,L4)",1057,50.7955,A8,-0.355,-0.075,0.27999999999999997
9222,7,5,ScoreTopK,3,200,10,42,16,"Draw(CW,L3)",128060,6030.44,A8,1.13,1.315,0.18500000000000005
7881,2,15,ScoreTopK,3,200,10,42,89,"Hit(CCW,12,STRONG)",129,17.3339,A8,-0.755,1.72,2.475
6406,1,10,ScoreTopK,3,200,10,42,10,"Draw(CW,L0)",53599,3054.12,A8,-1.015,-0.385,0.6299999999999999
8452,5,15,ScoreTopK,3,200,10,42,34,"Hit(CW,0,WEAK)",153,31.6327,A8,1.32,1.935,0.615
1028,6,15,ScoreTopK,3,200,10,42,110,"PostGuard(CW,3,1)",151,29.0263,A8,1.0,1.0,0.0
2596,1,14,ScoreTopK,3,200,10,42,89,"Hit(CCW,11,STRONG)",3740,542.962,A8,1.015,1.97,0.9550000000000001
4748,1,3,ScoreTopK,3,200,10,42,43,"PostGuard(CCW,3,0)",162725,7892.32,A8,0.835,0.985,0.15000000000000002
9206,3,13,ScoreTopK,3,200,10,42,37,"Hit(CCW,12,MIDDLE)",4924,316.287,A8,1.255,1.73,0.4750000000000001
5859,1,6,ScoreTopK,3,200,10,42,6,"Draw(CW,S4)",119743,6574.42,A8,-0.32,-0.015,0.305
6871,4,5,ScoreTopK,3,200,10,42,67,"PostGuard(CCW,5,1)",137209,7241.97,A8,0.85,1.32,0.4700000000000001
7163,3,13,ScoreTopK,3,200,10,42,65,"Hit(CCW,12,WEAK)",7580,599.596,A8,2.465,2.465,0.0
5807,0,8,ScoreTopK,3,200,10,42,72,"PostGuard(CW,4,2)",92705,5541.74,A8,-0.23,0.03,0.26
5567,2,15,ScoreTopK,3,200,10,42,32,"Hit(CW,2,TOUCH)",129,21.8598,A8,1.575,1.93,0.355
2507,3,11,ScoreTopK,3,200,10,42,61,"Hit(CCW,8,MIDDLE)",40568,2618.37,A8,0.815,1.715,0.9000000000000001
7006,3,15,ScoreTopK,3,200,10,42,100,"Freeze(CW,14)",145,33.7134,A8,-1.0,-0.97,0.030000000000000027
1984,6,4,ScoreTopK,3,200,10,42,6,"Draw(CW,S4)",148682,7599.99,A8,-0.47,-0.31,0.15999999999999998
1845,7,14,ScoreTopK,3,200,10,42,44,"PostGuard(CW,10,1)",1561,94.2037,A8,1.44,1.44,0.0
5780,2,6,ScoreTopK,3,200,10,42,34,"Hit(CW,5,WEAK)",115163,5729.65,A8,-0.375,-0.375,0.0
8645,7,5,ScoreTopK,3,200,10,42,48,"Hit(CW,2,STRONG)",137068,7295.31,A8,0.625,0.92,0.29500000000000004
6132,0,13,ScoreTopK,3,200,10,42,18,"Draw(CW,L4)",11814,1108.19,A8,2.41,2.62,0.20999999999999996
3339,4,10,ScoreTopK,3,200,10,42,12,"Draw(CW,L1)",57377,3347.44,A8,-1.05,-0.305,0.7450000000000001
3566,6,14,ScoreTopK,3,200,10,42,56,"Hit(CW,7,MIDDLE)",3516,559.765,A8,0.34,1.01,0.6699999999999999
5523,3,9,ScoreTopK,3,200,10,42,55,"Hit(CCW,4,WEAK)",75360,5163.5,A8,0.74,0.74,0.0
7015,5,14,ScoreTopK,3,200,10,42,46,"Hit(CW,3,MIDDLE)",3788,566.573,A8,-3.285,-1.135,2.1500000000000004
743,7,3,ScoreTopK,3,200,10,42,16,"Draw(CW,L3)",163256,8102.83,A8,0.615,0.98,0.365
1014,4,15,ScoreTopK,3,200,10,42,10,"Draw(CW,L0)",61,4.32574,A8,3.325,3.325,0.0
3900,0,10,ScoreTopK,3,200,10,42,34,"Hit(CW,9,WEAK)",53220,3005.77,A8,-0.105,0.305,0.41
4543,6,5,ScoreTopK,3,200,10,42,1,"Draw(CCW,TEE)",137203,7213.37,A8,0.775,1.09,0.31500000000000006
9231,5,14,ScoreTopK,3,200,10,42,3,"Draw(CCW,S0)",2706,279.902,A8,1.62,2.025,0.4049999999999998
1825,5,7,ScoreTopK,3,200,10,42,52,"PostGuard(CW,1,0)",105673,6073.93,A8,0.74,0.865,0.125
4062,4,15,ScoreTopK,3,200,10,42,57,"Hit(CCW,6,MIDDLE)",117,16.0814,A8,-1.68,-0.475,1.205
9882,2,11,ScoreTopK,3,200,10,42,28,"PreGuard(CW,G4)",49444,4109.93,A8,0.325,1.295,0.97
2998,6,14,ScoreTopK,3,200,10,42,59,"Hit(CCW,5,STRONG)",3907,619.265,A8,2.895,2.895,0.0
1555,2,3,ScoreTopK,3,200,10,42,8,"Draw(CW,S6)",163342,7934.56,A8,0.635,1.1,0.4650000000000001
4372,4,14,ScoreTopK,3,200,10,42,18,"Draw(CW,L4)",1320,69.9283,A8,0.095,0.095,0.0
3732,7,7,ScoreTopK,3,200,10,42,25,"Draw(CCW,L7)",98505,4682.01,A8,0.535,1.125,0.59
3858,5,5,ScoreTopK,3,200,10,42,7,"Draw(CCW,S4)",139744,7853.53,A8,0.855,0.885,0.030000000000000027
1938,0,14,ScoreTopK,3,200,10,42,58,"Hit(CW,13,STRONG)",2460,267.495,A8,-0.01,1.43,1.44
9112,3,9,ScoreTopK,3,200,10,42,11,"Draw(CCW,L0)",71409,4387.63,A8,0.555,0.76,0.20499999999999996
4157,3,12,ScoreTopK,3,200,10,42,7,"Draw(CCW,S4)",29027,2636.64,A8,-1.785,-0.705,1.08
7373,1,11,ScoreTopK,3,200,10,42,1,"Draw(CCW,TEE)",46552,3592.97,A8,1.055,1.175,0.1200000000000001
7173,4,15,ScoreTopK,3,200,10,42,131,"PostGuard(CCW,9,2)",151,37.8914,A8,2.0,2.0,0.0
196,4,4,ScoreTopK,3,200,10,42,37,"Hit(CCW,3,MIDDLE)",146382,7117.6,A8,-0.585,-0.22,0.365
2630,2,14,ScoreTopK,3,200,10,42,41,"Freeze(CCW,11)",1637,101.833,A8,-1.355,-1.07,0.2849999999999999
5731,2,10,ScoreTopK,3,200,10,42,13,"Draw(CCW,L1)",51593,2494.74,A8,-0.94,-0.555,0.3849999999999999
9518,4,5,ScoreTopK,3,200,10,42,43,"Hit(CCW,2,TOUCH)",136541,7317.0,A8,0.465,0.985,0.52
8211,7,12,ScoreTopK,3,200,10,42,55,"Hit(CCW,9,WEAK)",22234,1443.16,A8,-1.395,-0.815,0.5800000000000001
7977,6,14,ScoreTopK,3,200,10,43,46,"Hit(CW,3,MIDDLE)",3947,565.058,A8,-3.235,-1.635,1.5999999999999999
3926,6,11,ScoreTopK,3,200,10,43,77,"Hit(CCW,8,MIDDLE)",43106,3205.42,A8,-1.16,0.425,1.585
3883,1,14,ScoreTopK,3,200,10,43,19,"Draw(CCW,L4)",1049,49.821,A8,-0.335,-0.075,0.26
9222,7,5,ScoreTopK,3,200,10,43,21,"Draw(CCW,L5)",128044,5950.96,A8,0.95,1.315,0.365
7881,2,15,ScoreTopK,3,200,10,43,89,"Hit(CCW,12,STRONG)",129,16.6516,A8,-0.755,1.72,2.475
6406,1,10,ScoreTopK,3,200,10,43,10,"Draw(CW,L0)",54064,3064.89,A8,-1.015,-0.385,0.6299999999999999
8452,5,15,ScoreTopK,3,200,10,43,34,"Hit(CW,0,WEAK)",153,30.2457,A8,1.32,1.935,0.615
1028,6,15,ScoreTopK,3,200,10,43,110,"PostGuard(CW,3,1)",151,30.0566,A8,1.0,1.0,0.0
2596,1,14,ScoreTopK,3,200,10,43,87,"Hit(CCW,11,MIDDLE)",3878,553.229,A8,0.94,1.97,1.03
4748,1,3,ScoreTopK,3,200,10,43,20,"Draw(CW,L5)",161634,7777.75,A8,0.825,0.985,0.16000000000000003
9206,3,13,ScoreTopK,3,200,10,43,35,"Hit(CCW,12,WEAK)",5192,331.555,A8,1.635,1.73,0.09499999999999997
5859,1,6,ScoreTopK,3,200,10,43,2,"Draw(CW,S0)",119747,6623.22,A8,-0.22,-0.015,0.20500000000000002
6871,4,5,ScoreTopK,3,200,10,43,29,"PreGuard(CCW,G4)",136765,7151.16,A8,0.785,1.32,0.535
7163,3,13,ScoreTopK,3,200,10,43,64,"Hit(CW,12,WEAK)",8973,702.96,A8,2.285,2.465,0.17999999999999972
5807,0,8,ScoreTopK,3,200,10,43,74,"PostGuard(CW,6,0)",92593,5676.91,A8,-0.165,0.03,0.195
5567,2,15,ScoreTopK,3,200,10,43,32,"Hit(CW,2,TOUCH)",129,21.7401,A8,1.575,1.93,0.355
2507,3,11,ScoreTopK,3,200,10,43,43,"Hit(CCW,4,STRONG)",41409,2748.57,A8,0.45,1.715,1.2650000000000001
7006,3,15,ScoreTopK,3,200,10,43,100,"Freeze(CW,14)",145,33.7076,A8,-1.0,-0.97,0.030000000000000027
1984,6,4,ScoreTopK,3,200,10,43,41,"Freeze(CCW,1)",148954,7807.61,A8,-0.535,-0.31,0.22500000000000003
1845,7,14,ScoreTopK,3,200,10,43,45,"PostGuard(CCW,10,1)",1587,91.6295,A8,1.22,1.44,0.21999999999999997
5780,2,6,ScoreTopK,3,200,10,43,34,"Hit(CW,5,WEAK)",114987,5700.91,A8,-0.375,-0.375,0.0
8645,7,5,ScoreTopK,3,200,10,43,3,"Draw(CCW,S0)",136308,7381.11,A8,0.67,0.92,0.25
6132,0,13,ScoreTopK,3,200,10,43,7,"Draw(CCW,S4)",11412,1071.43,A8,2.37,2.62,0.25
3339,4,10,ScoreTopK,3,200,10,43,10,"Draw(CW,L0)",56384,3184.89,A8,-0.46,-0.305,0.15500000000000003
3566,6,14,ScoreTopK,3,200,10,43,58,"Hit(CW,7,STRONG)",3368,555.025,A8,0.61,1.01,0.4
5523,3,9,ScoreTopK,3,200,10,43,56,"Hit(CW,4,MIDDLE)",76333,4734.38,A8,0.445,0.74,0.295
7015,5,14,ScoreTopK,3,200,10,43,48,"Hit(CW,3,STRONG)",3697,558.682,A8,-3.32,-1.135,2.1849999999999996
743,7,3,ScoreTopK,3,200,10,43,2,"Draw(CW,S0)",163751,7918.39,A8,0.705,0.98,0.275
1014,4,15,ScoreTopK,3,200,10,43,10,"Draw(CW,L0)",61,4.34835,A8,3.325,3.325,0.0
3900,0,10,ScoreTopK,3,200,10,43,0,"Draw(CW,TEE)",53318,3029.83,A8,0.305,0.305,0.0
4543,6,5,ScoreTopK,3,200,10,43,33,"Hit(CCW,0,TOUCH)",137398,7382.19,A8,0.655,1.09,0.43500000000000005
9231,5,14,ScoreTopK,3,200,10,43,2,"Draw(CW,S0)",2877,290.356,A8,1.665,2.025,0.3599999999999999
1825,5,7,ScoreTopK,3,200,10,43,37,"Hit(CCW,2,MIDDLE)",106065,6037.75,A8,0.485,0.865,0.38
4062,4,15,ScoreTopK,3,200,10,43,57,"Hit(CCW,6,MIDDLE)",117,16.0736,A8,-1.68,-0.475,1.205
9882,2,11,ScoreTopK,3,200,10,43,86,"PostGuard(CW,5,1)",48073,3941.85,A8,0.76,1.295,0.5349999999999999
2998,6,14,ScoreTopK,3,200,10,43,57,"Hit(CCW,5,MIDDLE)",3701,577.045,A8,2.82,2.895,0.07500000000000018
1555,2,3,ScoreTopK,3,200,10,43,21,"Draw(CCW,L5)",164143,7885.95,A8,0.805,1.1,0.29500000000000004
4372,4,14,ScoreTopK,3,200,10,43,19,"Draw(CCW,L4)",1344,67.4047,A8,0.02,0.095,0.075
3732,7,7,ScoreTopK,3,200,10,43,39,"Hit(CCW,4,STRONG)",98136,4641.94,A8,0.495,1.125,0.63
3858,5,5,ScoreTopK,3,200,10,43,40,"Freeze(CW,0)",139358,7783.15,A8,0.885,0.885,0.0
1938,0,14,ScoreTopK,3,200,10,43,35,"Hit(CCW,9,WEAK)",2292,248.524,A8,1.37,1.43,0.05999999999999983
9112,3,9,ScoreTopK,3,200,10,43,11,"Draw(CCW,L0)",72504,4496.71,A8,0.555,0.76,0.20499999999999996
4157,3,12,ScoreTopK,3,200,10,43,38,"Hit(CW,3,STRONG)",25388,1994.31,A8,-0.885,-0.705,0.18000000000000005
7373,1,11,ScoreTopK,3,200,10,43,11,"Draw(CCW,L0)",42933,3446.83,A8,0.98,1.175,0.19500000000000006
7173,4,15,ScoreTopK,3,200,10,43,131,"PostGuard(CCW,9,2)",151,37.8907,A8,2.0,2.0,0.0
196,4,4,ScoreTopK,3,200,10,43,7,"Draw(CCW,S4)",146973,7229.98,A8,-0.565,-0.22,0.345
2630,2,14,ScoreTopK,3,200,10,43,40,"Freeze(CW,11)",1535,98.1441,A8,-1.155,-1.07,0.08499999999999996
5731,2,10,ScoreTopK,3,200,10,43,35,"Hit(CCW,9,WEAK)",51162,2473.55,A8,-0.705,-0.555,0.1499999999999999
9518,4,5,ScoreTopK,3,200,10,43,45,"Hit(CCW,2,WEAK)",138013,7470.57,A8,0.905,0.985,0.07999999999999996
8211,7,12,ScoreTopK,3,200,10,43,55,"Hit(CCW,9,WEAK)",24596,1560.27,A8,-1.395,-0.815,0.5800000000000001
7977,6,14,ScoreTopK,3,200,10,44,48,"Hit(CW,3,STRONG)",3755,539.194,A8,-3.36,-1.635,1.7249999999999999
3926,6,11,ScoreTopK,3,200,10,44,37,"Hit(CCW,0,MIDDLE)",47060,3551.31,A8,-1.43,0.425,1.855
3883,1,14,ScoreTopK,3,200,10,44,0,"Draw(CW,TEE)",980,45.203,A8,-0.29,-0.075,0.21499999999999997
9222,7,5,ScoreTopK,3,200,10,44,15,"Draw(CCW,L2)",127085,5838.03,A8,1.05,1.315,0.2649999999999999
7881,2,15,ScoreTopK,3,200,10,44,89,"Hit(CCW,12,STRONG)",129,16.7427,A8,-0.755,1.72,2.475
6406,1,10,ScoreTopK,3,200,10,44,6,"Draw(CW,S4)",53927,3002.79,A8,-0.435,-0.385,0.04999999999999999
8452,5,15,ScoreTopK,3,200,10,44,34,"Hit(CW,0,WEAK)",153,29.6774,A8,1.32,1.935,0.615
1028,6,15,ScoreTopK,3,200,10,44,110,"PostGuard(CW,3,1)",151,30.2017,A8,1.0,1.0,0.0
2596,1,14,ScoreTopK,3,200,10,44,45,"Hit(CCW,3,WEAK)",3788,528.555,A8,1.385,1.97,0.585
4748,1,3,ScoreTopK,3,200,10,44,35,"Hit(CCW,0,WEAK)",161747,7687.28,A8,0.88,0.985,0.10499999999999998
9206,3,13,ScoreTopK,3,200,10,44,38,"Hit(CW,12,STRONG)",5092,331.113,A8,1.25,1.73,0.48
5859,1,6,ScoreTopK,3,200,10,44,28,"PreGuard(CW,G4)",120097,6544.32,A8,-0.62,-0.015,0.605
6871,4,5,ScoreTopK,3,200,10,44,54,"PostGuard(CW,1,1)",136554,7069.8,A8,0.575,1.32,0.7450000000000001
7163,3,13,ScoreTopK,3,200,10,44,3,"Draw(CCW,S0)",7863,623.503,A8,1.735,2.465,0.7299999999999998
5807,0,8,ScoreTopK,3,200,10,44,45,"Hit(CCW,5,WEAK)",91681,5438.36,A8,-0.885,0.03,0.915
5567,2,15,ScoreTopK,3,200,10,44,32,"Hit(CW,2,TOUCH)",129,22.6496,A8,1.575,1.93,0.355
2507,3,11,ScoreTopK,3,200,10,44,63,"Hit(CCW,8,STRONG)",40931,2671.31,A8,1.02,1.715,0.6950000000000001
7006,3,15,ScoreTopK,3,200,10,44,100,"Freeze(CW,14)",145,33.1717,A8,-1.0,-0.97,0.030000000000000027
1984,6,4,ScoreTopK,3,200,10,44,35,"Hit(CCW,1,WEAK)",149039,7460.0,A8,-0.705,-0.31,0.39499999999999996
1845,7,14,ScoreTopK,3,200,10,44,42,"PostGuard(CW,10,0)",1666,98.8796,A8,0.73,1.44,0.71
5780,2,6,ScoreTopK,3,200,10,44,35,"Hit(CCW,5,WEAK)",114973,5688.65,A8,-0.78,-0.375,0.405
8645,7,5,ScoreTopK,3,200,10,44,35,"Hit(CCW,0,WEAK)",136400,7208.92,A8,0.74,0.92,0.18000000000000005
6132,0,13,ScoreTopK,3,200,10,44,1,"Draw(CCW,TEE)",11100,1040.78,A8,2.62,2.62,0.0
3339,4,10,ScoreTopK,3,200,10,44,5,"Draw(CCW,S2)",56760,3330.64,A8,-0.89,-0.305,0.585
3566,6,14,ScoreTopK,3,200,10,44,64,"Hit(CW,9,WEAK)",3506,580.8,A8,0.955,1.01,0.05500000000000005
5523,3,9,ScoreTopK,3,200,10,44,59,"Hit(CCW,4,STRONG)",75692,4768.6,A8,0.51,0.74,0.22999999999999998
7015,5,14,ScoreTopK,3,200,10,44,48,"Hit(CW,3,STRONG)",3713,554.619,A8,-3.32,-1.135,2.1849999999999996
743,7,3,ScoreTopK,3,200,10,44,20,"Draw(CW,L5)",164522,8027.67,A8,0.98,0.98,0.0
1014,4,15,ScoreTopK,3,200,10,44,10,"Draw(CW,L0)",61,4.34407,A8,3.325,3.325,0.0
3900,0,10,ScoreTopK,3,200,10,44,0,"Draw(CW,TEE)",54152,3068.47,A8,0.305,0.305,0.0
4543,6,5,ScoreTopK,3,200,10,44,33,"Hit(CCW,0,TOUCH)",136842,7113.6,A8,0.655,1.09,0.43500000000000005
9231,5,14,ScoreTopK,3,200,10,44,2,"Draw(CW,S0)",2663,279.582,A8,1.665,2.025,0.3599999999999999
1825,5,7,ScoreTopK,3,200,10,44,35,"Hit(CCW,2,WEAK)",105842,5947.89,A8,0.61,0.865,0.255
4062,4,15,ScoreTopK,3,200,10,44,57,"Hit(CCW,6,MIDDLE)",117,16.2103,A8,-1.68,-0.475,1.205
9882,2,11,ScoreTopK,3,200,10,44,53,"Hit(CCW,6,TOUCH)",46878,3877.97,A8,0.485,1.295,0.8099999999999999
2998,6,14,ScoreTopK,3,200,10,44,59,"Hit(CCW,5,STRONG)",3908,613.956,A8,2.895,2.895,0.0
1555,2,3,ScoreTopK,3,200,10,44,12,"Draw(CW,L1)",163967,7863.99,A8,1.01,1.1,0.09000000000000008
4372,4,14,ScoreTopK,3,200,10,44,18,"Draw(CW,L4)",1266,63.8155,A8,0.095,0.095,0.0
3732,7,7,ScoreTopK,3,200,10,44,40,"Freeze(CW,4)",99009,4684.1,A8,0.82,1.125,0.30500000000000005
3858,5,5,ScoreTopK,3,200,10,44,3,"Draw(CCW,S0)",138513,7704.06,A8,0.795,0.885,0.08999999999999997
1938,0,14,ScoreTopK,3,200,10,44,58,"Hit(CW,13,STRONG)",2309,247.325,A8,-0.01,1.43,1.44
9112,3,9,ScoreTopK,3,200,10,44,39,"Hit(CCW,2,STRONG)",71812,3978.61,A8,0.53,0.76,0.22999999999999998
4157,3,12,ScoreTopK,3,200,10,44,36,"Hit(CW,3,MIDDLE)",25961,2106.16,A8,-0.705,-0.705,0.0
7373,1,11,ScoreTopK,3,200,10,44,42,"Hit(CW,4,TOUCH)",44251,3285.15,A8,0.77,1.175,0.405
7173,4,15,ScoreTopK,3,200,10,44,131,"PostGuard(CCW,9,2)",151,46.9444,A8,2.0,2.0,0.0
196,4,4,ScoreTopK,3,200,10,44,40,"Freeze(CW,3)",146765,7145.18,A8,-0.695,-0.22,0.475
2630,2,14,ScoreTopK,3,200,10,44,6,"Draw(CW,S4)",1586,99.6272,A8,-1.21,-1.07,0.1399999999999999
5731,2,10,ScoreTopK,3,200,10,44,35,"Hit(CCW,9,WEAK)",51206,2429.08,A8,-0.705,-0.555,0.1499999999999999
9518,4,5,ScoreTopK,3,200,10,44,38,"Hit(CW,0,STRONG)",136472,7131.03,A8,0.56,0.985,0.42499999999999993
8211,7,12,ScoreTopK,3,200,10,44,62,"Hit(CW,11,TOUCH)",23459,1539.2,A8,-1.295,-0.815,0.48
7977,6,14,ScoreTopK,3,200,10,45,46,"Hit(CW,3,MIDDLE)",3609,528.905,A8,-3.235,-1.635,1.5999999999999999
3926,6,11,ScoreTopK,3,200,10,45,89,"Hit(CCW,10,STRONG)",44403,3285.34,A8,-0.365,0.425,0.79
3883,1,14,ScoreTopK,3,200,10,45,18,"Draw(CW,L4)",1068,49.8025,A8,-0.355,-0.075,0.27999999999999997
9222,7,5,ScoreTopK,3,200,10,45,21,"Draw(CCW,L5)",126773,5932.25,A8,0.95,1.315,0.365
7881,2,15,ScoreTopK,3,200,10,45,89,"Hit(CCW,12,STRONG)",129,17.263,A8,-0.755,1.72,2.475
6406,1,10,ScoreTopK,3,200,10,45,1,"Draw(CCW,TEE)",53263,3070.57,A8,-0.975,-0.385,0.59
8452,5,15,ScoreTopK,3,200,10,45,34,"Hit(CW,0,WEAK)",153,29.9755,A8,1.32,1.935,0.615
1028,6,15,ScoreTopK,3,200,10,45,110,"PostGuard(CW,3,1)",151,30.2728,A8,1.0,1.0,0.0
2596,1,14,ScoreTopK,3,200,10,45,86,"Hit(CW,11,MIDDLE)",3748,542.693,A8,0.65,1.97,1.3199999999999998
4748,1,3,ScoreTopK,3,200,10,45,33,"Hit(CCW,0,TOUCH)",161060,7848.42,A8,0.935,0.985,0.04999999999999993
9206,3,13,ScoreTopK,3,200,10,45,37,"Hit(CCW,12,MIDDLE)",5134,329.25,A8,1.255,1.73,0.4750000000000001
5859,1,6,ScoreTopK,3,200,10,45,37,"Hit(CCW,1,MIDDLE)",118728,6258.57,A8,-0.57,-0.015,0.5549999999999999
6871,4,5,ScoreTopK,3,200,10,45,1,"Draw(CCW,TEE)",136493,7316.25,A8,0.795,1.32,0.525
7163,3,13,ScoreTopK,3,200,10,45,67,"Hit(CCW,12,MIDDLE)",7359,568.408,A8,1.88,2.465,0.585
5807,0,8,ScoreTopK,3,200,10,45,73,"PostGuard(CCW,4,2)",92591,5627.78,A8,-0.015,0.03,0.045
5567,2,15,ScoreTopK,3,200,10,45,32,"Hit(CW,2,TOUCH)",129,22.5217,A8,1.575,1.93,0.355
2507,3,11,ScoreTopK,3,200,10,45,41,"Hit(CCW,4,MIDDLE)",42628,2936.2,A8,0.645,1.715,1.07
7006,3,15,ScoreTopK,3,200,10,45,100,"Freeze(CW,14)",145,30.3318,A8,-1.0,-0.97,0.030000000000000027
1984,6,4,ScoreTopK,3,200,10,45,19,"Draw(CCW,L4)",148535,7641.13,A8,-0.925,-0.31,0.615
1845,7,14,ScoreTopK,3,200,10,45,44,"PostGuard(CW,10,1)",1540,91.9215,A8,1.44,1.44,0.0
5780,2,6,ScoreTopK,3,200,10,45,39,"Hit(CCW,5,STRONG)",115501,5731.66,A8,-0.705,-0.375,0.32999999999999996
8645,7,5,ScoreTopK,3,200,10,45,36,"Hit(CW,0,MIDDLE)",136628,7189.88,A8,0.41,0.92,0.51
6132,0,13,ScoreTopK,3,200,10,45,14,"Draw(CW,L2)",11496,1081.01,A8,2.125,2.62,0.4950000000000001
3339,4,10,ScoreTopK,3,200,10,45,42,"Hit(CW,9,TOUCH)",56059,3229.83,A8,-0.5,-0.305,0.195
3566,6,14,ScoreTopK,3,200,10,45,56,"Hit(CW,7,MIDDLE)",3239,531.342,A8,0.34,1.01,0.6699999999999999
5523,3,9,ScoreTopK,3,200,10,45,6,"Draw(CW,S4)",76257,5407.76,A8,-0.2,0.74,0.94
7015,5,14,ScoreTopK,3,200,10,45,48,"Hit(CW,3,STRONG)",3785,572.285,A8,-3.32,-1.135,2.1849999999999996
743,7,3,ScoreTopK,3,200,10,45,9,"Draw(CCW,S6)",162328,7984.7,A8,0.64,0.98,0.33999999999999997
1014,4,15,ScoreTopK,3,200,10,45,10,"Draw(CW,L0)",61,4.84773,A8,3.325,3.325,0.0
3900,0,10,ScoreTopK,3,200,10,45,52,"PostGuard(CW,8,2)",54283,3006.01,A8,-0.035,0.305,0.33999999999999997
4543,6,5,ScoreTopK,3,200,10,45,35,"Hit(CCW,0,WEAK)",136214,7040.07,A8,0.465,1.09,0.625
9231,5,14,ScoreTopK,3,200,10,45,2,"Draw(CW,S0)",2625,272.045,A8,1.665,2.025,0.3599999999999999
1825,5,7,ScoreTopK,3,200,10,45,7,"Draw(CCW,S4)",106042,6133.31,A8,0.58,0.865,0.28500000000000003
4062,4,15,ScoreTopK,3,200,10,45,57,"Hit(CCW,6,MIDDLE)",117,16.7863,A8,-1.68,-0.475,1.205
9882,2,11,ScoreTopK,3,200,10,45,11,"Draw(CCW,L0)",49086,4025.72,A8,0.17,1.295,1.125
2998,6,14,ScoreTopK,3,200,10,45,59,"Hit(CCW,5,STRONG)",3765,579.286,A8,2.895,2.895,0.0
1555,2,3,ScoreTopK,3,200,10,45,11,"Draw(CCW,L0)",163785,8007.22,A8,0.805,1.1,0.29500000000000004
4372,4,14,ScoreTopK,3,200,10,45,0,"Draw(CW,TEE)",1305,69.6422,A8,0.005,0.095,0.09
3732,7,7,ScoreTopK,3,200,10,45,33,"Hit(CCW,4,TOUCH)",99127,4701.52,A8,0.9,1.125,0.22499999999999998
3858,5,5,ScoreTopK,3,200,10,45,52,"Hit(CW,4,TOUCH)",137704,7682.08,A8,0.53,0.885,0.355
1938,0,14,ScoreTopK,3,200,10,45,56,"Hit(CW,13,MIDDLE)",2295,255.509,A8,-0.1,1.43,1.53
9112,3,9,ScoreTopK,3,200,10,45,32,"Hit(CW,2,TOUCH)",72024,4414.97,A8,-0.28,0.76,1.04
4157,3,12,ScoreTopK,3,200,10,45,1,"Draw(CCW,TEE)",29325,2755.12,A8,-2.135,-0.705,1.4299999999999997
7373,1,11,ScoreTopK,3,200,10,45,1,"Draw(CCW,TEE)",45171,3321.29,A8,1.055,1.175,0.1200000000000001
7173,4,15,ScoreTopK,3,200,10,45,131,"PostGuard(CCW,9,2)",151,41.5144,A8,2.0,2.0,0.0
196,4,4,ScoreTopK,3,200,10,45,38,"Hit(CW,3,STRONG)",145593,7171.58,A8,-0.74,-0.22,0.52
2630,2,14,ScoreTopK,3,200,10,45,6,"Draw(CW,S4)",1577,98.8709,A8,-1.21,-1.07,0.1399999999999999
5731,2,10,ScoreTopK,3,200,10,45,40,"Freeze(CW,9)",51212,2560.92,A8,-1.145,-0.555,0.59
9518,4,5,ScoreTopK,3,200,10,45,35,"Hit(CCW,0,WEAK)",137306,7531.38,A8,0.71,0.985,0.275
8211,7,12,ScoreTopK,3,200,10,45,45,"Hit(CCW,5,WEAK)",23756,1510.25,A8,-1.115,-0.815,0.30000000000000004
7977,6,14,ScoreTopK,3,200,10,46,48,"Hit(CW,3,STRONG)",3748,540.993,A8,-3.36,-1.635,1.7249999999999999
3926,6,11,ScoreTopK,3,200,10,46,37,"Hit(CCW,0,MIDDLE)",44299,3382.36,A8,-1.43,0.425,1.855
3883,1,14,ScoreTopK,3,200,10,46,18,"Draw(CW,L4)",1074,51.8046,A8,-0.355,-0.075,0.27999999999999997
9222,7,5,ScoreTopK,3,200,10,46,24,"Draw(CW,L7)",125653,5781.19,A8,0.93,1.315,0.3849999999999999
7881,2,15,ScoreTopK,3,200,10,46,89,"Hit(CCW,12,STRONG)",129,16.7,A8,-0.755,1.72,2.475
6406,1,10,ScoreTopK,3,200,10,46,34,"Hit(CW,7,WEAK)",53171,3100.84,A8,-0.945,-0.385,0.5599999999999999
8452,5,15,ScoreTopK,3,200,10,46,34,"Hit(CW,0,WEAK)",153,29.7456,A8,1.32,1.935,0.615
1028,6,15,ScoreTopK,3,200,10,46,110,"PostGuard(CW,3,1)",151,31.0122,A8,1.0,1.0,0.0
2596,1,14,ScoreTopK,3,200,10,46,88,"Hit(CW,11,STRONG)",3719,544.952,A8,0.705,1.97,1.2650000000000001
4748,1,3,ScoreTopK,3,200,10,46,36,"Hit(CW,0,MIDDLE)",162467,7803.31,A8,0.31,0.985,0.675
9206,3,13,ScoreTopK,3,200,10,46,35,"Hit(CCW,12,WEAK)",4224,257.833,A8,1.635,1.73,0.09499999999999997
5859,1,6,ScoreTopK,3,200,10,46,2,"Draw(CW,S0)",119338,6622.92,A8,-0.22,-0.015,0.20500000000000002
6871,4,5,ScoreTopK,3,200,10,46,18,"Draw(CW,L4)",136862,7318.61,A8,0.815,1.32,0.5050000000000001
7163,3,13,ScoreTopK,3,200,10,46,68,"Hit(CW,12,STRONG)",10027,798.221,A8,1.42,2.465,1.045
5807,0,8,ScoreTopK,3,200,10,46,27,"PreGuard(CCW,G3)",92725,5596.26,A8,-0.13,0.03,0.16
5567,2,15,ScoreTopK,3,200,10,46,32,"Hit(CW,2,TOUCH)",129,21.6336,A8,1.575,1.93,0.355
2507,3,11,ScoreTopK,3,200,10,46,42,"Hit(CW,4,STRONG)",45568,3407.14,A8,1.4,1.715,0.31500000000000017
7006,3,15,ScoreTopK,3,200,10,46,100,"Freeze(CW,14)",145,30.5186,A8,-1.0,-0.97,0.030000000000000027
1984,6,4,ScoreTopK,3,200,10,46,49,"Hit(CCW,3,STRONG)",149360,7455.41,A8,-0.575,-0.31,0.26499999999999996
1845,7,14,ScoreTopK,3,200,10,46,48,"PostGuard(CW,12,0)",1551,90.4062,A8,1.005,1.44,0.43500000000000005
5780,2,6,ScoreTopK,3,200,10,46,39,"Hit(CCW,5,STRONG)",116514,5778.38,A8,-0.705,-0.375,0.32999999999999996
8645,7,5,ScoreTopK,3,200,10,46,48,"Hit(CW,2,STRONG)",137304,7261.29,A8,0.625,0.92,0.29500000000000004
6132,0,13,ScoreTopK,3,200,10,46,1,"Draw(CCW,TEE)",11443,1068.36,A8,2.62,2.62,0.0
3339,4,10,ScoreTopK,3,200,10,46,12,"Draw(CW,L1)",56039,3226.15,A8,-1.05,-0.305,0.7450000000000001
3566,6,14,ScoreTopK,3,200,10,46,56,"Hit(CW,7,MIDDLE)",3500,571.404,A8,0.34,1.01,0.6699999999999999
5523,3,9,ScoreTopK,3,200,10,46,54,"Hit(CW,4,WEAK)",77938,5430.66,A8,0.68,0.74,0.05999999999999994
7015,5,14,ScoreTopK,3,200,10,46,48,"Hit(CW,3,STRONG)",3585,539.411,A8,-3.32,-1.135,2.1849999999999996
743,7,3,ScoreTopK,3,200,10,46,16,"Draw(CW,L3)",164489,8078.86,A8,0.615,0.98,0.365
1014,4,15,ScoreTopK,3,200,10,46,10,"Draw(CW,L0)",61,4.37067,A8,3.325,3.325,0.0
3900,0,10,ScoreTopK,3,200,10,46,40,"Freeze(CW,9)",53133,3055.87,A8,-0.02,0.305,0.325
4543,6,5,ScoreTopK,3,200,10,46,65,"PostGuard(CCW,5,0)",136826,7348.12,A8,0.085,1.09,1.0050000000000001
9231,5,14,ScoreTopK,3,200,10,46,42,"Hit(CW,5,TOUCH)",2778,283.867,A8,1.86,2.025,0.1649999999999998
1825,5,7,ScoreTopK,3,200,10,46,25,"Draw(CCW,L7)",106108,6121.73,A8,0.485,0.865,0.38
4062,4,15,ScoreTopK,3,200,10,46,57,"Hit(CCW,6,MIDDLE)",117,15.5088,A8,-1.68,-0.475,1.205
9882,2,11,ScoreTopK,3,200,10,46,53,"Hit(CCW,6,TOUCH)",48475,4134.54,A8,0.485,1.295,0.8099999999999999
2998,6,14,ScoreTopK,3,200,10,46,59,"Hit(CCW,5,STRONG)",3811,582.015,A8,2.895,2.895,0.0
1555,2,3,ScoreTopK,3,200,10,46,16,"Draw(CW,L3)",162973,7945.17,A8,0.94,1.1,0.16000000000000014
4372,4,14,ScoreTopK,3,200,10,46,21,"Draw(CCW,L5)",1336,69.7357,A8,-0.585,0.095,0.6799999999999999
3732,7,7,ScoreTopK,3,200,10,46,36,"Hit(CW,4,MIDDLE)",100305,4758.24,A8,0.675,1.125,0.44999999999999996
3858,5,5,ScoreTopK,3,200,10,46,1,"Draw(CCW,TEE)",138510,7818.52,A8,0.78,0.885,0.10499999999999998
1938,0,14,ScoreTopK,3,200,10,46,56,"Hit(CW,13,MIDDLE)",2466,265.536,A8,-0.1,1.43,1.53
9112,3,9,ScoreTopK,3,200,10,46,33,"Hit(CCW,2,TOUCH)",73435,4562.72,A8,0.19,0.76,0.5700000000000001
4157,3,12,ScoreTopK,3,200,10,46,36,"Hit(CW,3,MIDDLE)",25728,2042.72,A8,-0.705,-0.705,0.0
7373,1,11,ScoreTopK,3,200,10,46,51,"Freeze(CCW,4)",46752,3746.1,A8,0.965,1.175,0.21000000000000008
7173,4,15,ScoreTopK,3,200,10,46,131,"PostGuard(CCW,9,2)",151,38.3286,A8,2.0,2.0,0.0
196,4,4,ScoreTopK,3,200,10,46,38,"Hit(CW,3,STRONG)",145269,7051.44,A8,-0.74,-0.22,0.52
2630,2,14,ScoreTopK,3,200,10,46,32,"Hit(CW,11,TOUCH)",1652,103.077,A8,-1.18,-1.07,0.10999999999999988
5731,2,10,ScoreTopK,3,200,10,46,34,"Hit(CW,9,WEAK)",50293,2373.5,A8,-0.555,-0.555,0.0
9518,4,5,ScoreTopK,3,200,10,46,35,"Hit(CCW,0,WEAK)",138248,7518.07,A8,0.71,0.985,0.275
8211,7,12,ScoreTopK,3,200,10,46,6,"Draw(CW,S4)",22354,1432.76,A8,-1.225,-0.815,0.41000000000000014
7977,6,14,ClusterValue,3,200,10,42,48,"Hit(CW,3,STRONG)",3784,237.347,A9,-3.36,-1.635,1.7249999999999999
3926,6,11,ClusterValue,3,200,10,42,37,"Hit(CCW,0,MIDDLE)",47951,2097.06,A9,-1.43,0.425,1.855
3883,1,14,ClusterValue,3,200,10,42,18,"Draw(CW,L4)",1055,39.5457,A9,-0.355,-0.075,0.27999999999999997
9222,7,5,ClusterValue,3,200,10,42,5,"Draw(CCW,S2)",128062,4262.66,A9,1.125,1.315,0.18999999999999995
7881,2,15,ClusterValue,3,200,10,42,84,"Hit(CW,12,WEAK)",129,10.4864,A9,0.285,1.72,1.435
6406,1,10,ClusterValue,3,200,10,42,0,"Draw(CW,TEE)",53839,1990.42,A9,-0.385,-0.385,0.0
8452,5,15,ClusterValue,3,200,10,42,34,"Hit(CW,0,WEAK)",153,16.084,A9,1.32,1.935,0.615
1028,6,15,ClusterValue,3,200,10,42,0,"Draw(CW,TEE)",151,15.7899,A9,0.77,1.0,0.22999999999999998
2596,1,14,ClusterValue,3,200,10,42,86,"Hit(CW,11,MIDDLE)",3818,239.16,A9,0.65,1.97,1.3199999999999998
4748,1,3,ClusterValue,3,200,10,42,11,"Draw(CCW,L0)",162921,5570.62,A9,0.54,0.985,0.44499999999999995
9206,3,13,ClusterValue,3,200,10,42,35,"Hit(CCW,12,WEAK)",5247,249.485,A9,1.635,1.73,0.09499999999999997
5859,1,6,ClusterValue,3,200,10,42,7,"Draw(CCW,S4)",118752,4250.57,A9,-0.65,-0.015,0.635
6871,4,5,ClusterValue,3,200,10,42,23,"Draw(CCW,L6)",137163,4943.72,A9,0.925,1.32,0.395
7163,3,13,ClusterValue,3,200,10,42,68,"Hit(CW,12,STRONG)",7516,383.898,A9,1.42,2.465,1.045
5807,0,8,ClusterValue,3,200,10,42,45,"Hit(CCW,5,WEAK)",92508,3533.31,A9,-0.885,0.03,0.915
5567,2,15,ClusterValue,3,200,10,42,0,"Draw(CW,TEE)",129,12.3817,A9,1.535,1.93,0.395
2507,3,11,ClusterValue,3,200,10,42,61,"Hit(CCW,8,MIDDLE)",42739,1697.59,A9,0.815,1.715,0.9000000000000001
7006,3,15,ClusterValue,3,200,10,42,0,"Draw(CW,TEE)",145,15.4102,A9,-1.0,-0.97,0.030000000000000027
1984,6,4,ClusterValue,3,200,10,42,47,"Hit(CCW,3,MIDDLE)",148330,5240.93,A9,-0.595,-0.31,0.285
1845,7,14,ClusterValue,3,200,10,42,43,"PostGuard(CCW,10,0)",1563,62.3905,A9,0.695,1.44,0.745
5780,2,6,ClusterValue,3,200,10,42,34,"Hit(CW,5,WEAK)",115464,3972.47,A9,-0.375,-0.375,0.0
8645,7,5,ClusterValue,3,200,10,42,48,"Hit(CW,2,STRONG)",136673,4964.83,A9,0.625,0.92,0.29500000000000004
6132,0,13,ClusterValue,3,200,10,42,72,"PostGuard(CW,7,2)",12332,712.573,A9,2.095,2.62,0.5249999999999999
3339,4,10,ClusterValue,3,200,10,42,6,"Draw(CW,S4)",57007,2142.68,A9,-0.655,-0.305,0.35000000000000003
3566,6,14,ClusterValue,3,200,10,42,58,"Hit(CW,7,STRONG)",3528,246.336,A9,0.61,1.01,0.4
5523,3,9,ClusterValue,3,200,10,42,55,"Hit(CCW,4,WEAK)",76399,3068.24,A9,0.74,0.74,0.0
7015,5,14,ClusterValue,3,200,10,42,46,"Hit(CW,3,MIDDLE)",3953,260.673,A9,-3.285,-1.135,2.1500000000000004
743,7,3,ClusterValue,3,200,10,42,10,"Draw(CW,L0)",163207,5724.97,A9,0.7,0.98,0.28
1014,4,15,ClusterValue,3,200,10,42,10,"Draw(CW,L0)",61,3.47149,A9,3.325,3.325,0.0
3900,0,10,ClusterValue,3,200,10,42,32,"Hit(CW,9,TOUCH)",53427,1924.18,A9,-0.42,0.305,0.725
4543,6,5,ClusterValue,3,200,10,42,35,"Hit(CCW,0,WEAK)",137158,4859.14,A9,0.465,1.09,0.625
9231,5,14,ClusterValue,3,200,10,42,10,"Draw(CW,L0)",2688,141.948,A9,1.14,2.025,0.885
1825,5,7,ClusterValue,3,200,10,42,39,"Hit(CCW,2,STRONG)",105171,3869.34,A9,0.58,0.865,0.28500000000000003
4062,4,15,ClusterValue,3,200,10,42,35,"Hit(CCW,2,WEAK)",117,9.69495,A9,-1.275,-0.475,0.7999999999999999
9882,2,11,ClusterValue,3,200,10,42,64,"Hit(CW,8,WEAK)",46916,2083.87,A9,0.225,1.295,1.0699999999999998
2998,6,14,ClusterValue,3,200,10,42,59,"Hit(CCW,5,STRONG)",3813,251.412,A9,2.895,2.895,0.0
1555,2,3,ClusterValue,3,200,10,42,16,"Draw(CW,L3)",164143,5703.27,A9,0.94,1.1,0.16000000000000014
4372,4,14,ClusterValue,3,200,10,42,18,"Draw(CW,L4)",1320,50.899,A9,0.095,0.095,0.0
3732,7,7,ClusterValue,3,200,10,42,32,"Hit(CW,4,TOUCH)",98172,3290.0,A9,1.075,1.125,0.050000000000000044
3858,5,5,ClusterValue,3,200,10,42,39,"Hit(CCW,0,STRONG)",138801,5178.03,A9,0.355,0.885,0.53
1938,0,14,ClusterValue,3,200,10,42,39,"Hit(CCW,9,STRONG)",2561,137.635,A9,0.37,1.43,1.06
9112,3,9,ClusterValue,3,200,10,42,37,"Hit(CCW,2,MIDDLE)",70818,2516.31,A9,0.76,0.76,0.0
4157,3,12,ClusterValue,3,200,10,42,39,"Hit(CCW,3,STRONG)",27455,1264.02,A9,-1.83,-0.705,1.125
7373,1,11,ClusterValue,3,200,10,42,44,"Hit(CW,4,WEAK)",44551,1864.26,A9,0.85,1.175,0.32500000000000007
7173,4,15,ClusterValue,3,200,10,42,0,"Draw(CW,TEE)",151,18.7909,A9,1.84,2.0,0.15999999999999992
196,4,4,ClusterValue,3,200,10,42,46,"PostGuard(CW,2,2)",146494,5023.86,A9,-0.59,-0.22,0.37
2630,2,14,ClusterValue,3,200,10,42,40,"Freeze(CW,11)",1643,66.796,A9,-1.155,-1.07,0.08499999999999996
5731,2,10,ClusterValue,3,200,10,42,13,"Draw(CCW,L1)",51412,1744.29,A9,-0.94,-0.555,0.3849999999999999
9518,4,5,ClusterValue,3,200,10,42,38,"Hit(CW,0,STRONG)",136493,4951.8,A9,0.56,0.985,0.42499999999999993
8211,7,12,ClusterValue,3,200,10,42,70,"Freeze(CW,11)",24614,1031.13,A9,-1.045,-0.815,0.22999999999999998
7977,6,14,ClusterValue,3,200,10,43,46,"Hit(CW,3,MIDDLE)",3919,243.079,A9,-3.235,-1.635,1.5999999999999999
3926,6,11,ClusterValue,3,200,10,43,79,"Hit(CCW,8,STRONG)",47772,2126.55,A9,-1.42,0.425,1.845
3883,1,14,ClusterValue,3,200,10,43,18,"Draw(CW,L4)",1047,39.3933,A9,-0.355,-0.075,0.27999999999999997
9222,7,5,ClusterValue,3,200,10,43,14,"Draw(CW,L2)",128004,4263.03,A9,1.23,1.315,0.08499999999999996
7881,2,15,ClusterValue,3,200,10,43,84,"Hit(CW,12,WEAK)",129,10.8584,A9,0.285,1.72,1.435
6406,1,10,ClusterValue,3,200,10,43,51,"Freeze(CCW,9)",53934,1985.19,A9,-0.79,-0.385,0.405
8452,5,15,ClusterValue,3,200,10,43,34,"Hit(CW,0,WEAK)",153,15.132,A9,1.32,1.935,0.615
1028,6,15,ClusterValue,3,200,10,43,0,"Draw(CW,TEE)",151,15.9455,A9,0.77,1.0,0.22999999999999998
2596,1,14,ClusterValue,3,200,10,43,88,"Hit(CW,11,STRONG)",3860,247.7,A9,0.705,1.97,1.2650000000000001
4748,1,3,ClusterValue,3,200,10,43,48,Pass,161591,5613.54,A9,0.41,0.985,0.575
9206,3,13,ClusterValue,3,200,10,43,39,"Hit(CCW,12,STRONG)",5370,259.845,A9,1.23,1.73,0.5
5859,1,6,ClusterValue,3,200,10,43,0,"Draw(CW,TEE)",118483,4234.22,A9,-0.015,-0.015,0.0
6871,4,5,ClusterValue,3,200,10,43,47,"Hit(CCW,2,MIDDLE)",136356,4858.87,A9,0.9,1.32,0.42000000000000004
7163,3,13,ClusterValue,3,200,10,43,64,"Hit(CW,12,WEAK)",7644,395.991,A9,2.285,2.465,0.17999999999999972
5807,0,8,ClusterValue,3,200,10,43,76,"PostGuard(CW,6,1)",91991,3503.53,A9,-0.415,0.03,0.44499999999999995
5567,2,15,ClusterValue,3,200,10,43,0,"Draw(CW,TEE)",129,11.9456,A9,1.535,1.93,0.395
2507,3,11,ClusterValue,3,200,10,43,61,"Hit(CCW,8,MIDDLE)",43594,1784.78,A9,0.815,1.715,0.9000000000000001
7006,3,15,ClusterValue,3,200,10,43,0,"Draw(CW,TEE)",145,16.1671,A9,-1.0,-0.97,0.030000000000000027
1984,6,4,ClusterValue,3,200,10,43,48,"Hit(CW,3,STRONG)",148708,5291.62,A9,-0.505,-0.31,0.195
1845,7,14,ClusterValue,3,200,10,43,5,"Draw(CCW,S2)",1579,62.6102,A9,-0.055,1.44,1.4949999999999999
5780,2,6,ClusterValue,3,200,10,43,37,"Hit(CCW,5,MIDDLE)",115075,3949.43,A9,-0.75,-0.375,0.375
8645,7,5,ClusterValue,3,200,10,43,49,"Hit(CCW,2,STRONG)",136753,4897.03,A9,0.35,0.92,0.5700000000000001
6132,0,13,ClusterValue,3,200,10,43,60,"Freeze(CW,12)",11193,636.952,A9,2.3,2.62,0.3200000000000003
3339,4,10,ClusterValue,3,200,10,43,51,"Freeze(CCW,9)",56498,2113.01,A9,-0.36,-0.305,0.05499999999999999
3566,6,14,ClusterValue,3,200,10,43,56,"Hit(CW,7,MIDDLE)",3358,226.602,A9,0.34,1.01,0.6699999999999999
5523,3,9,ClusterValue,3,200,10,43,58,"Hit(CW,4,STRONG)",77658,3044.48,A9,0.455,0.74,0.285
7015,5,14,ClusterValue,3,200,10,43,48,"Hit(CW,3,STRONG)",3836,251.745,A9,-3.32,-1.135,2.1849999999999996
743,7,3,ClusterValue,3,200,10,43,10,"Draw(CW,L0)",163559,5756.9,A9,0.7,0.98,0.28
1014,4,15,ClusterValue,3,200,10,43,10,"Draw(CW,L0)",61,3.48409,A9,3.325,3.325,0.0
3900,0,10,ClusterValue,3,200,10,43,40,"Freeze(CW,9)",53366,1937.98,A9,-0.02,0.305,0.325
4543,6,5,ClusterValue,3,200,10,43,34,"Hit(CW,0,WEAK)",136992,4800.05,A9,0.71,1.09,0.3800000000000001
9231,5,14,ClusterValue,3,200,10,43,10,"Draw(CW,L0)",2855,145.434,A9,1.14,2.025,0.885
1825,5,7,ClusterValue,3,200,10,43,0,"Draw(CW,TEE)",105952,3968.09,A9,0.38,0.865,0.485
4062,4,15,ClusterValue,3,200,10,43,35,"Hit(CCW,2,WEAK)",117,9.55333,A9,-1.275,-0.475,0.7999999999999999
9882,2,11,ClusterValue,3,200,10,43,49,"Hit(CCW,4,STRONG)",47275,2124.35,A9,0.025,1.295,1.27
2998,6,14,ClusterValue,3,200,10,43,59,"Hit(CCW,5,STRONG)",3659,244.487,A9,2.895,2.895,0.0
1555,2,3,ClusterValue,3,200,10,43,35,"Hit(CCW,0,WEAK)",163599,5622.86,A9,0.835,1.1,0.2650000000000001
4372,4,14,ClusterValue,3,200,10,43,18,"Draw(CW,L4)",1403,53.0292,A9,0.095,0.095,0.0
3732,7,7,ClusterValue,3,200,10,43,37,"Hit(CCW,4,MIDDLE)",98581,3291.8,A9,0.93,1.125,0.19499999999999995
3858,5,5,ClusterValue,3,200,10,43,23,"Draw(CCW,L6)",138692,5185.36,A9,0.64,0.885,0.245
1938,0,14,ClusterValue,3,200,10,43,54,"Hit(CW,13,WEAK)",2387,134.983,A9,1.175,1.43,0.2549999999999999
9112,3,9,ClusterValue,3,200,10,43,35,"Hit(CCW,2,WEAK)",70659,2554.03,A9,0.385,0.76,0.375
4157,3,12,ClusterValue,3,200,10,43,39,"Hit(CCW,3,STRONG)",27977,1317.6,A9,-1.83,-0.705,1.125
7373,1,11,ClusterValue,3,200,10,43,1,"Draw(CCW,TEE)",45906,2047.21,A9,1.055,1.175,0.1200000000000001
7173,4,15,ClusterValue,3,200,10,43,0,"Draw(CW,TEE)",151,18.5644,A9,1.84,2.0,0.15999999999999992
196,4,4,ClusterValue,3,200,10,43,44,"PostGuard(CW,2,1)",146715,5030.76,A9,-0.385,-0.22,0.165
2630,2,14,ClusterValue,3,200,10,43,6,"Draw(CW,S4)",1541,63.9276,A9,-1.21,-1.07,0.1399999999999999
5731,2,10,ClusterValue,3,200,10,43,35,"Hit(CCW,9,WEAK)",51010,1722.07,A9,-0.705,-0.555,0.1499999999999999
9518,4,5,ClusterValue,3,200,10,43,39,"Hit(CCW,0,STRONG)",137972,4924.2,A9,0.54,0.985,0.44499999999999995
8211,7,12,ClusterValue,3,200,10,43,55,"Hit(CCW,9,WEAK)",24220,974.811,A9,-1.395,-0.815,0.5800000000000001
7977,6,14,ClusterValue,3,200,10,44,46,"Hit(CW,3,MIDDLE)",3876,244.942,A9,-3.235,-1.635,1.5999999999999999
3926,6,11,ClusterValue,3,200,10,44,39,"Hit(CCW,0,STRONG)",46027,2014.72,A9,-1.615,0.425,2.04
3883,1,14,ClusterValue,3,200,10,44,18,"Draw(CW,L4)",1066,39.795,A9,-0.355,-0.075,0.27999999999999997
9222,7,5,ClusterValue,3,200,10,44,17,"Draw(CCW,L3)",126915,4203.45,A9,1.315,1.315,0.0
7881,2,15,ClusterValue,3,200,10,44,84,"Hit(CW,12,WEAK)",129,10.4395,A9,0.285,1.72,1.435
6406,1,10,ClusterValue,3,200,10,44,41,"Freeze(CCW,7)",54134,1985.13,A9,-0.89,-0.385,0.505
8452,5,15,ClusterValue,3,200,10,44,34,"Hit(CW,0,WEAK)",153,16.2478,A9,1.32,1.935,0.615
1028,6,15,ClusterValue,3,200,10,44,0,"Draw(CW,TEE)",151,15.2124,A9,0.77,1.0,0.22999999999999998
2596,1,14,ClusterValue,3,200,10,44,45,"Hit(CCW,3,WEAK)",3788,249.994,A9,1.385,1.97,0.585
4748,1,3,ClusterValue,3,200,10,44,32,"Hit(CW,0,TOUCH)",161460,5574.57,A9,0.755,0.985,0.22999999999999998
9206,3,13,ClusterValue,3,200,10,44,11,"Draw(CCW,L0)",5196,246.645,A9,1.66,1.73,0.07000000000000006
5859,1,6,ClusterValue,3,200,10,44,8,"Draw(CW,S6)",119239,4221.23,A9,-0.7,-0.015,0.6849999999999999
6871,4,5,ClusterValue,3,200,10,44,11,"Draw(CCW,L0)",136398,4907.38,A9,0.85,1.32,0.4700000000000001
7163,3,13,ClusterValue,3,200,10,44,64,"Hit(CW,12,WEAK)",6048,292.603,A9,2.285,2.465,0.17999999999999972
5807,0,8,ClusterValue,3,200,10,44,45,"Hit(CCW,5,WEAK)",91625,3493.99,A9,-0.885,0.03,0.915
5567,2,15,ClusterValue,3,200,10,44,0,"Draw(CW,TEE)",129,11.8049,A9,1.535,1.93,0.395
2507,3,11,ClusterValue,3,200,10,44,61,"Hit(CCW,8,MIDDLE)",42170,1680.6,A9,0.815,1.715,0.9000000000000001
7006,3,15,ClusterValue,3,200,10,44,0,"Draw(CW,TEE)",145,15.5439,A9,-1.0,-0.97,0.030000000000000027
1984,6,4,ClusterValue,3,200,10,44,44,"Hit(CW,3,WEAK)",149387,5277.37,A9,-0.54,-0.31,0.23000000000000004
1845,7,14,ClusterValue,3,200,10,44,43,"PostGuard(CCW,10,0)",1662,64.4513,A9,0.695,1.44,0.745
5780,2,6,ClusterValue,3,200,10,44,41,"Freeze(CCW,5)",114970,4010.75,A9,-1.035,-0.375,0.6599999999999999
8645,7,5,ClusterValue,3,200,10,44,41,"Freeze(CCW,0)",136552,5050.75,A9,0.775,0.92,0.14500000000000002
6132,0,13,ClusterValue,3,200,10,44,1,"Draw(CCW,TEE)",11562,665.676,A9,2.62,2.62,0.0
3339,4,10,ClusterValue,3,200,10,44,34,"Hit(CW,7,WEAK)",55431,2039.85,A9,-0.77,-0.305,0.465
3566,6,14,ClusterValue,3,200,10,44,78,"Hit(CW,11,STRONG)",3428,242.968,A9,-1.26,1.01,2.27
5523,3,9,ClusterValue,3,200,10,44,66,"Hit(CW,6,MIDDLE)",77948,3114.21,A9,-0.015,0.74,0.755
7015,5,14,ClusterValue,3,200,10,44,48,"Hit(CW,3,STRONG)",3836,252.053,A9,-3.32,-1.135,2.1849999999999996
743,7,3,ClusterValue,3,200,10,44,20,"Draw(CW,L5)",164700,5705.75,A9,0.98,0.98,0.0
1014,4,15,ClusterValue,3,200,10,44,10,"Draw(CW,L0)",61,3.49223,A9,3.325,3.325,0.0
3900,0,10,ClusterValue,3,200,10,44,0,"Draw(CW,TEE)",53717,1958.4,A9,0.305,0.305,0.0
4543,6,5,ClusterValue,3,200,10,44,34,"Hit(CW,0,WEAK)",136798,4891.62,A9,0.71,1.09,0.3800000000000001
9231,5,14,ClusterValue,3,200,10,44,50,"Freeze(CW,5)",2627,140.056,A9,1.61,2.025,0.4149999999999998
1825,5,7,ClusterValue,3,200,10,44,6,"Draw(CW,S4)",105426,3935.9,A9,0.55,0.865,0.31499999999999995
4062,4,15,ClusterValue,3,200,10,44,35,"Hit(CCW,2,WEAK)",117,9.09089,A9,-1.275,-0.475,0.7999999999999999
9882,2,11,ClusterValue,3,200,10,44,11,"Draw(CCW,L0)",48556,2220.18,A9,0.17,1.295,1.125
2998,6,14,ClusterValue,3,200,10,44,59,"Hit(CCW,5,STRONG)",3890,256.655,A9,2.895,2.895,0.0
1555,2,3,ClusterValue,3,200,10,44,20,"Draw(CW,L5)",163312,5604.93,A9,1.035,1.1,0.06500000000000017
4372,4,14,ClusterValue,3,200,10,44,18,"Draw(CW,L4)",1311,50.0216,A9,0.095,0.095,0.0
3732,7,7,ClusterValue,3,200,10,44,33,"Hit(CCW,4,TOUCH)",98120,3304.21,A9,0.9,1.125,0.22499999999999998
3858,5,5,ClusterValue,3,200,10,44,35,"Hit(CCW,0,WEAK)",137988,5182.61,A9,0.545,0.885,0.33999999999999997
1938,0,14,ClusterValue,3,200,10,44,37,"Hit(CCW,9,MIDDLE)",2416,130.125,A9,0.43,1.43,1.0
9112,3,9,ClusterValue,3,200,10,44,39,"Hit(CCW,2,STRONG)",71182,2544.32,A9,0.53,0.76,0.22999999999999998
4157,3,12,ClusterValue,3,200,10,44,37,"Hit(CCW,3,MIDDLE)",25300,1094.89,A9,-1.71,-0.705,1.005
7373,1,11,ClusterValue,3,200,10,44,58,"Hit(CW,6,STRONG)",46386,2032.74,A9,0.41,1.175,0.7650000000000001
7173,4,15,ClusterValue,3,200,10,44,0,"Draw(CW,TEE)",151,19.1236,A9,1.84,2.0,0.15999999999999992
196,4,4,ClusterValue,3,200,10,44,40,"Freeze(CW,3)",147249,5047.74,A9,-0.695,-0.22,0.475
2630,2,14,ClusterValue,3,200,10,44,6,"Draw(CW,S4)",1580,63.9958,A9,-1.21,-1.07,0.1399999999999999
5731,2,10,ClusterValue,3,200,10,44,13,"Draw(CCW,L1)",51199,1722.09,A9,-0.94,-0.555,0.3849999999999999
9518,4,5,ClusterValue,3,200,10,44,38,"Hit(CW,0,STRONG)",137505,4925.01,A9,0.56,0.985,0.42499999999999993
8211,7,12,ClusterValue,3,200,10,44,45,"Hit(CCW,5,WEAK)",25616,1077.29,A9,-1.115,-0.815,0.30000000000000004
7977,6,14,ClusterValue,3,200,10,45,48,"Hit(CW,3,STRONG)",3750,235.083,A9,-3.36,-1.635,1.7249999999999999
3926,6,11,ClusterValue,3,200,10,45,79,"Hit(CCW,8,STRONG)",45131,1910.4,A9,-1.42,0.425,1.845
3883,1,14,ClusterValue,3,200,10,45,19,"Draw(CCW,L4)",1111,42.6102,A9,-0.335,-0.075,0.26
9222,7,5,ClusterValue,3,200,10,45,24,"Draw(CW,L7)",126623,4207.18,A9,0.93,1.315,0.3849999999999999
7881,2,15,ClusterValue,3,200,10,45,84,"Hit(CW,12,WEAK)",129,10.2178,A9,0.285,1.72,1.435
6406,1,10,ClusterValue,3,200,10,45,50,"Freeze(CW,9)",53942,1982.75,A9,-0.645,-0.385,0.26
8452,5,15,ClusterValue,3,200,10,45,34,"Hit(CW,0,WEAK)",153,15.2769,A9,1.32,1.935,0.615
1028,6,15,ClusterValue,3,200,10,45,0,"Draw(CW,TEE)",151,15.6497,A9,0.77,1.0,0.22999999999999998
2596,1,14,ClusterValue,3,200,10,45,86,"Hit(CW,11,MIDDLE)",3839,244.678,A9,0.65,1.97,1.3199999999999998
4748,1,3,ClusterValue,3,200,10,45,17,"Draw(CCW,L3)",160987,5564.0,A9,0.755,0.985,0.22999999999999998
9206,3,13,ClusterValue,3,200,10,45,38,"Hit(CW,12,STRONG)",5102,240.264,A9,1.25,1.73,0.48
5859,1,6,ClusterValue,3,200,10,45,45,"Hit(CCW,5,WEAK)",118394,4168.68,A9,-0.945,-0.015,0.9299999999999999
6871,4,5,ClusterValue,3,200,10,45,47,"Hit(CCW,2,MIDDLE)",136403,4850.52,A9,0.9,1.32,0.42000000000000004
7163,3,13,ClusterValue,3,200,10,45,66,"Hit(CW,12,MIDDLE)",8943,478.02,A9,1.57,2.465,0.8949999999999998
5807,0,8,ClusterValue,3,200,10,45,6,"Draw(CW,S4)",91814,3511.69,A9,-0.435,0.03,0.46499999999999997
5567,2,15,ClusterValue,3,200,10,45,0,"Draw(CW,TEE)",129,12.2404,A9,1.535,1.93,0.395
2507,3,11,ClusterValue,3,200,10,45,39,"Hit(CCW,4,WEAK)",43070,1747.32,A9,1.66,1.715,0.05500000000000016
7006,3,15,ClusterValue,3,200,10,45,0,"Draw(CW,TEE)",145,15.8932,A9,-1.0,-0.97,0.030000000000000027
1984,6,4,ClusterValue,3,200,10,45,35,"Hit(CCW,1,WEAK)",148760,5202.09,A9,-0.705,-0.31,0.39499999999999996
1845,7,14,ClusterValue,3,200,10,45,43,"PostGuard(CCW,10,0)",1536,61.2966,A9,0.695,1.44,0.745
5780,2,6,ClusterValue,3,200,10,45,39,"Hit(CCW,5,STRONG)",114984,3943.17,A9,-0.705,-0.375,0.32999999999999996
8645,7,5,ClusterValue,3,200,10,45,1,"Draw(CCW,TEE)",136317,4909.82,A9,0.76,0.92,0.16000000000000003
6132,0,13,ClusterValue,3,200,10,45,33,"Hit(CCW,8,TOUCH)",11520,656.982,A9,2.08,2.62,0.54
3339,4,10,ClusterValue,3,200,10,45,44,"Hit(CW,9,WEAK)",56111,2080.5,A9,-0.7,-0.305,0.39499999999999996
3566,6,14,ClusterValue,3,200,10,45,58,"Hit(CW,7,STRONG)",3261,232.504,A9,0.61,1.01,0.4
5523,3,9,ClusterValue,3,200,10,45,55,"Hit(CCW,4,WEAK)",77039,3138.7,A9,0.74,0.74,0.0
7015,5,14,ClusterValue,3,200,10,45,46,"Hit(CW,3,MIDDLE)",3908,257.379,A9,-3.285,-1.135,2.1500000000000004
743,7,3,ClusterValue,3,200,10,45,9,"Draw(CCW,S6)",162467,5645.23,A9,0.64,0.98,0.33999999999999997
1014,4,15,ClusterValue,3,200,10,45,10,"Draw(CW,L0)",61,3.45896,A9,3.325,3.325,0.0
3900,0,10,ClusterValue,3,200,10,45,0,"Draw(CW,TEE)",54272,1982.46,A9,0.305,0.305,0.0
4543,6,5,ClusterValue,3,200,10,45,35,"Hit(CCW,0,WEAK)",136704,4828.16,A9,0.465,1.09,0.625
9231,5,14,ClusterValue,3,200,10,45,10,"Draw(CW,L0)",2607,139.2,A9,1.14,2.025,0.885
1825,5,7,ClusterValue,3,200,10,45,0,"Draw(CW,TEE)",106140,3975.9,A9,0.38,0.865,0.485
4062,4,15,ClusterValue,3,200,10,45,35,"Hit(CCW,2,WEAK)",117,9.49497,A9,-1.275,-0.475,0.7999999999999999
9882,2,11,ClusterValue,3,200,10,45,64,"Hit(CW,8,WEAK)",47874,2168.16,A9,0.225,1.295,1.0699999999999998
2998,6,14,ClusterValue,3,200,10,45,59,"Hit(CCW,5,STRONG)",3860,259.307,A9,2.895,2.895,0.0
1555,2,3,ClusterValue,3,200,10,45,11,"Draw(CCW,L0)",163922,5682.86,A9,0.805,1.1,0.29500000000000004
4372,4,14,ClusterValue,3,200,10,45,0,"Draw(CW,TEE)",1279,48.7378,A9,0.005,0.095,0.09
3732,7,7,ClusterValue,3,200,10,45,35,"Hit(CCW,4,WEAK)",99169,3359.26,A9,0.885,1.125,0.24
3858,5,5,ClusterValue,3,200,10,45,41,"Freeze(CCW,0)",138412,5120.69,A9,0.695,0.885,0.19000000000000006
1938,0,14,ClusterValue,3,200,10,45,35,"Hit(CCW,9,WEAK)",2386,134.764,A9,1.37,1.43,0.05999999999999983
9112,3,9,ClusterValue,3,200,10,45,35,"Hit(CCW,2,WEAK)",70339,2513.83,A9,0.385,0.76,0.375
4157,3,12,ClusterValue,3,200,10,45,36,"Hit(CW,3,MIDDLE)",28458,1305.65,A9,-0.705,-0.705,0.0
7373,1,11,ClusterValue,3,200,10,45,54,"Hit(CW,6,WEAK)",44496,1887.79,A9,0.83,1.175,0.3450000000000001
7173,4,15,ClusterValue,3,200,10,45,0,"Draw(CW,TEE)",151,18.575,A9,1.84,2.0,0.15999999999999992
196,4,4,ClusterValue,3,200,10,45,8,"Draw(CW,S6)",145819,5049.47,A9,-0.51,-0.22,0.29000000000000004
2630,2,14,ClusterValue,3,200,10,45,2,"Draw(CW,S0)",1571,63.8453,A9,-1.315,-1.07,0.24499999999999988
5731,2,10,ClusterValue,3,200,10,45,13,"Draw(CCW,L1)",51101,1733.31,A9,-0.94,-0.555,0.3849999999999999
9518,4,5,ClusterValue,3,200,10,45,38,"Hit(CW,0,STRONG)",136799,4901.03,A9,0.56,0.985,0.42499999999999993
8211,7,12,ClusterValue,3,200,10,45,66,"Hit(CW,11,MIDDLE)",24946,1040.87,A9,-1.34,-0.815,0.5250000000000001
7977,6,14,ClusterValue,3,200,10,46,67,"Hit(CCW,7,MIDDLE)",3680,241.796,A9,-2.275,-1.635,0.6399999999999999
3926,6,11,ClusterValue,3,200,10,46,65,"Hit(CCW,6,WEAK)",47455,2135.55,A9,0.32,0.425,0.10499999999999998
3883,1,14,ClusterValue,3,200,10,46,19,"Draw(CCW,L4)",1074,40.2052,A9,-0.335,-0.075,0.26
9222,7,5,ClusterValue,3,200,10,46,13,"Draw(CCW,L1)",125770,4193.52,A9,1.24,1.315,0.07499999999999996
7881,2,15,ClusterValue,3,200,10,46,84,"Hit(CW,12,WEAK)",129,10.0748,A9,0.285,1.72,1.435
6406,1,10,ClusterValue,3,200,10,46,50,"Freeze(CW,9)",53167,1968.59,A9,-0.645,-0.385,0.26
8452,5,15,ClusterValue,3,200,10,46,34,"Hit(CW,0,WEAK)",153,16.1578,A9,1.32,1.935,0.615
1028,6,15,ClusterValue,3,200,10,46,0,"Draw(CW,TEE)",151,15.3107,A9,0.77,1.0,0.22999999999999998
2596,1,14,ClusterValue,3,200,10,46,45,"Hit(CCW,3,WEAK)",3848,247.222,A9,1.385,1.97,0.585
4748,1,3,ClusterValue,3,200,10,46,36,"Hit(CW,0,MIDDLE)",162569,5590.87,A9,0.31,0.985,0.675
9206,3,13,ClusterValue,3,200,10,46,35,"Hit(CCW,12,WEAK)",5392,258.487,A9,1.635,1.73,0.09499999999999997
5859,1,6,ClusterValue,3,200,10,46,4,"Draw(CW,S2)",118580,4192.35,A9,-0.7,-0.015,0.6849999999999999
6871,4,5,ClusterValue,3,200,10,46,25,"Draw(CCW,L7)",136791,4925.01,A9,0.53,1.32,0.79
7163,3,13,ClusterValue,3,200,10,46,64,"Hit(CW,12,WEAK)",7851,405.705,A9,2.285,2.465,0.17999999999999972
5807,0,8,ClusterValue,3,200,10,46,56,"Hit(CW,7,MIDDLE)",91404,3383.44,A9,-0.76,0.03,0.79
5567,2,15,ClusterValue,3,200,10,46,0,"Draw(CW,TEE)",129,12.0007,A9,1.535,1.93,0.395
2507,3,11,ClusterValue,3,200,10,46,39,"Hit(CCW,4,WEAK)",42164,1714.41,A9,1.66,1.715,0.05500000000000016
7006,3,15,ClusterValue,3,200,10,46,0,"Draw(CW,TEE)",145,16.0268,A9,-1.0,-0.97,0.030000000000000027
1984,6,4,ClusterValue,3,200,10,46,48,"Hit(CW,3,STRONG)",148881,5202.39,A9,-0.505,-0.31,0.195
1845,7,14,ClusterValue,3,200,10,46,45,"PostGuard(CCW,10,1)",1543,61.7103,A9,1.22,1.44,0.21999999999999997
5780,2,6,ClusterValue,3,200,10,46,34,"Hit(CW,5,WEAK)",116438,4007.23,A9,-0.375,-0.375,0.0
8645,7,5,ClusterValue,3,200,10,46,46,"Hit(CW,2,MIDDLE)",137300,4946.79,A9,0.62,0.92,0.30000000000000004
6132,0,13,ClusterValue,3,200,10,46,54,"Hit(CW,12,WEAK)",11459,660.496,A9,1.96,2.62,0.6600000000000001
3339,4,10,ClusterValue,3,200,10,46,42,"Hit(CW,9,TOUCH)",56576,2118.9,A9,-0.5,-0.305,0.195
3566,6,14,ClusterValue,3,200,10,46,56,"Hit(CW,7,MIDDLE)",3520,252.749,A9,0.34,1.01,0.6699999999999999
5523,3,9,ClusterValue,3,200,10,46,56,"Hit(CW,4,MIDDLE)",75958,2892.3,A9,0.445,0.74,0.295
7015,5,14,ClusterValue,3,200,10,46,46,"Hit(CW,3,MIDDLE)",3879,263.414,A9,-3.285,-1.135,2.1500000000000004
743,7,3,ClusterValue,3,200,10,46,9,"Draw(CCW,S6)",164489,5759.25,A9,0.64,0.98,0.33999999999999997
1014,4,15,ClusterValue,3,200,10,46,10,"Draw(CW,L0)",61,3.48335,A9,3.325,3.325,0.0
3900,0,10,ClusterValue,3,200,10,46,2,"Draw(CW,S0)",53028,1917.88,A9,0.025,0.305,0.27999999999999997
4543,6,5,ClusterValue,3,200,10,46,48,"Hit(CW,2,STRONG)",136268,4830.21,A9,0.785,1.09,0.30500000000000005
9231,5,14,ClusterValue,3,200,10,46,10,"Draw(CW,L0)",2750,146.111,A9,1.14,2.025,0.885
1825,5,7,ClusterValue,3,200,10,46,39,"Hit(CCW,2,STRONG)",105086,3873.86,A9,0.58,0.865,0.28500000000000003
4062,4,15,ClusterValue,3,200,10,46,35,"Hit(CCW,2,WEAK)",117,9.48439,A9,-1.275,-0.475,0.7999999999999999
9882,2,11,ClusterValue,3,200,10,46,12,"Draw(CW,L1)",48219,2223.01,A9,-0.11,1.295,1.405
2998,6,14,ClusterValue,3,200,10,46,57,"Hit(CCW,5,MIDDLE)",3807,262.678,A9,2.82,2.895,0.07500000000000018
1555,2,3,ClusterValue,3,200,10,46,6,"Draw(CW,S4)",162648,5661.85,A9,0.625,1.1,0.4750000000000001
4372,4,14,ClusterValue,3,200,10,46,18,"Draw(CW,L4)",1324,50.5501,A9,0.095,0.095,0.0
3732,7,7,ClusterValue,3,200,10,46,22,"Draw(CW,L6)",99914,3316.76,A9,0.705,1.125,0.42000000000000004
3858,5,5,ClusterValue,3,200,10,46,54,"Hit(CW,4,WEAK)",137213,5079.42,A9,0.525,0.885,0.36
1938,0,14,ClusterValue,3,200,10,46,39,"Hit(CCW,9,STRONG)",2561,139.613,A9,0.37,1.43,1.06
9112,3,9,ClusterValue,3,200,10,46,34,"Hit(CW,2,WEAK)",72472,2661.05,A9,0.625,0.76,0.135
4157,3,12,ClusterValue,3,200,10,46,36,"Hit(CW,3,MIDDLE)",27176,1231.3,A9,-0.705,-0.705,0.0
7373,1,11,ClusterValue,3,200,10,46,38,"Hit(CW,2,STRONG)",45440,1897.62,A9,0.435,1.175,0.74
7173,4,15,ClusterValue,3,200,10,46,0,"Draw(CW,TEE)",151,18.8042,A9,1.84,2.0,0.15999999999999992
196,4,4,ClusterValue,3,200,10,46,34,"Hit(CW,3,WEAK)",145411,4959.85,A9,-0.59,-0.22,0.37
2630,2,14,ClusterValue,3,200,10,46,33,"Hit(CCW,11,TOUCH)",1658,67.0601,A9,-1.445,-1.07,0.375
5731,2,10,ClusterValue,3,200,10,46,13,"Draw(CCW,L1)",50513,1702.18,A9,-0.94,-0.555,0.3849999999999999
9518,4,5,ClusterValue,3,200,10,46,34,"Hit(CW,0,WEAK)",138443,5017.08,A9,0.695,0.985,0.29000000000000004
8211,7,12,ClusterValue,3,200,10,46,10,"Draw(CW,L0)",24820,1035.17,A9,-1.205,-0.815,0.3900000000000001
