game_id,end,shot_num,method,depth,playouts,rollouts_per_visit,seed,candidate_idx,label,actual_total_sims,time_sec,risk_lambda,num_candidates,num_children,arm,q_ref_mean,q_ref_sd,q_best,regret
7977,6,14,AllGrid,3,100,10,42,38,"Hit(CW,1,STRONG)",12170,1522.87,0,145,145,A1N,-2.44,1.48876,-1.635,0.8049999999999999
3926,6,11,AllGrid,3,100,10,42,78,"Hit(CW,8,STRONG)",36045,3788.12,0,123,123,A1N,0.425,2.03823,0.425,0.0
3883,1,14,AllGrid,3,100,10,42,1,"Draw(CCW,TEE)",1214,102.294,0,37,37,A1N,-0.075,0.953612,-0.075,0.0
9222,7,5,AllGrid,3,100,10,42,4,"Draw(CW,S2)",62186,3866.9,0,37,37,A1N,1.29,1.91987,1.315,0.02499999999999991
7881,2,15,AllGrid,3,100,10,42,46,"Hit(CW,4,MIDDLE)",229,20.2894,0,129,129,A1N,-0.03,1.3961,1.72,1.75
6406,1,10,AllGrid,3,100,10,42,6,"Draw(CW,S4)",30881,2258.48,0,59,59,A1N,-0.435,1.88037,-0.385,0.04999999999999999
8452,5,15,AllGrid,3,100,10,42,34,"Hit(CW,0,WEAK)",253,25.959,0,153,153,A1N,1.32,0.6063,1.935,0.615
1028,6,15,AllGrid,3,100,10,42,0,"Draw(CW,TEE)",251,26.6396,0,151,151,A1N,0.77,0.668655,1.0,0.22999999999999998
2596,1,14,AllGrid,3,100,10,42,86,"Hit(CW,11,MIDDLE)",12163,1535.8,0,145,145,A1N,0.65,1.72554,1.97,1.3199999999999998
4748,1,3,AllGrid,3,100,10,42,33,"Hit(CCW,0,TOUCH)",79554,5123.05,0,49,49,A1N,0.935,1.98009,0.985,0.04999999999999993
9206,3,13,AllGrid,3,100,10,42,34,"Hit(CW,12,WEAK)",7434,722.634,0,49,49,A1N,1.73,1.43774,1.73,0.0
5859,1,6,AllGrid,3,100,10,42,52,"PostGuard(CW,2,0)",60984,4286.85,0,65,65,A1N,-0.62,1.91458,-0.015,0.605
6871,4,5,AllGrid,3,100,10,42,45,"Hit(CCW,2,WEAK)",68883,4815.87,0,71,71,A1N,0.83,2.15664,1.32,0.4900000000000001
7163,3,13,AllGrid,3,100,10,42,71,"Freeze(CCW,12)",14536,1540.08,0,85,85,A1N,1.05,1.84594,2.465,1.4149999999999998
5807,0,8,AllGrid,3,100,10,42,71,"PostGuard(CCW,4,1)",50762,3952.7,0,81,81,A1N,-0.035,2.09136,0.03,0.065
5567,2,15,AllGrid,3,100,10,42,0,"Draw(CW,TEE)",229,20.5969,0,129,129,A1N,1.535,0.999387,1.93,0.395
2507,3,11,AllGrid,3,100,10,42,58,"Hit(CW,8,WEAK)",33108,3185.04,0,107,107,A1N,1.355,2.3171,1.715,0.3600000000000001
7006,3,15,AllGrid,3,100,10,42,0,"Draw(CW,TEE)",245,26.9753,0,145,145,A1N,-1.0,0.0,-0.97,0.030000000000000027
1984,6,4,AllGrid,3,100,10,42,19,"Draw(CCW,L4)",73802,4920.3,0,59,59,A1N,-0.925,2.11881,-0.31,0.615
1845,7,14,AllGrid,3,100,10,42,48,"PostGuard(CW,12,0)",3135,285.709,0,55,55,A1N,1.005,1.77904,1.44,0.43500000000000005
5780,2,6,AllGrid,3,100,10,42,44,"PostGuard(CW,0,1)",56920,3632.95,0,49,49,A1N,-0.69,2.05521,-0.375,0.31499999999999995
8645,7,5,AllGrid,3,100,10,42,49,"Hit(CCW,2,STRONG)",69364,5079.45,0,71,71,A1N,0.35,2.03899,0.92,0.5700000000000001
6132,0,13,AllGrid,3,100,10,42,6,"Draw(CW,S4)",15499,1657.69,0,87,87,A1N,1.885,1.26956,2.62,0.7350000000000001
3339,4,10,AllGrid,3,100,10,42,2,"Draw(CW,S0)",34736,2681.47,0,71,71,A1N,-0.67,2.02017,-0.305,0.36500000000000005
3566,6,14,AllGrid,3,100,10,42,37,"Hit(CCW,1,MIDDLE)",10507,1356.23,0,129,129,A1N,0.62,1.19398,1.01,0.39
5523,3,9,AllGrid,3,100,10,42,37,"Hit(CCW,0,MIDDLE)",45600,4124.02,0,103,103,A1N,0.295,1.93338,0.74,0.445
7015,5,14,AllGrid,3,100,10,42,25,"Draw(CCW,L7)",12005,1541.7,0,145,145,A1N,-3.34,0.907965,-1.135,2.205
743,7,3,AllGrid,3,100,10,42,33,"Hit(CCW,0,TOUCH)",80819,5384.7,0,55,55,A1N,0.81,1.8259,0.98,0.16999999999999993
1014,4,15,AllGrid,3,100,10,42,2,"Draw(CW,S0)",161,11.2856,0,61,61,A1N,1.655,1.8644,3.325,1.6700000000000002
3900,0,10,AllGrid,3,100,10,42,2,"Draw(CW,S0)",30974,2289.22,0,55,55,A1N,0.025,1.86932,0.305,0.27999999999999997
4543,6,5,AllGrid,3,100,10,42,18,"Draw(CW,L4)",69248,5035.63,0,71,71,A1N,0.345,2.01146,1.09,0.7450000000000001
9231,5,14,AllGrid,3,100,10,42,39,"Hit(CCW,3,STRONG)",7844,892.984,0,101,101,A1N,1.385,0.983247,2.025,0.6399999999999999
1825,5,7,AllGrid,3,100,10,42,43,"Hit(CCW,4,TOUCH)",55881,4253.23,0,77,77,A1N,0.235,2.07118,0.865,0.63
4062,4,15,AllGrid,3,100,10,42,34,"Hit(CW,2,WEAK)",217,19.768,0,117,117,A1N,-2.165,0.622716,-0.475,1.69
9882,2,11,AllGrid,3,100,10,42,46,"Hit(CW,4,MIDDLE)",33443,3331.3,0,109,109,A1N,1.295,2.01444,1.295,0.0
2998,6,14,AllGrid,3,100,10,42,33,"Hit(CCW,1,TOUCH)",11997,1589.48,0,145,145,A1N,2.615,0.629901,2.895,0.2799999999999998
1555,2,3,AllGrid,3,100,10,42,4,"Draw(CW,S2)",81050,5299.91,0,55,55,A1N,0.585,1.95519,1.1,0.5150000000000001
4372,4,14,AllGrid,3,100,10,42,18,"Draw(CW,L4)",2376,232.351,0,49,49,A1N,0.095,1.24337,0.095,0.0
3732,7,7,AllGrid,3,100,10,42,23,"Draw(CCW,L6)",47810,3020.48,0,49,49,A1N,0.605,1.64893,1.125,0.52
3858,5,5,AllGrid,3,100,10,42,61,"Freeze(CCW,4)",69669,5092.74,0,75,75,A1N,0.58,1.95796,0.885,0.30500000000000005
1938,0,14,AllGrid,3,100,10,42,36,"Hit(CW,9,MIDDLE)",7596,906.743,0,93,93,A1N,0.885,2.36892,1.43,0.5449999999999999
9112,3,9,AllGrid,3,100,10,42,37,"Hit(CCW,2,MIDDLE)",39360,3023.24,0,75,75,A1N,0.76,1.84997,0.76,0.0
4157,3,12,AllGrid,3,100,10,42,67,"Hit(CCW,9,MIDDLE)",25605,2723.78,0,107,107,A1N,-2.285,1.78151,-0.705,1.58
7373,1,11,AllGrid,3,100,10,42,59,"Hit(CCW,6,STRONG)",30365,2903.69,0,103,103,A1N,1.015,1.82065,1.175,0.16000000000000014
7173,4,15,AllGrid,3,100,10,42,0,"Draw(CW,TEE)",251,29.923,0,151,151,A1N,1.84,0.366606,2.0,0.15999999999999992
196,4,4,AllGrid,3,100,10,42,21,"Draw(CCW,L5)",73846,4745.26,0,49,49,A1N,-0.9,2.07364,-0.22,0.68
2630,2,14,AllGrid,3,100,10,42,10,"Draw(CW,L0)",3389,332.811,0,59,59,A1N,-1.27,1.37735,-1.07,0.19999999999999996
5731,2,10,AllGrid,3,100,10,42,5,"Draw(CCW,S2)",26547,1728.58,0,43,43,A1N,-1.13,1.87965,-0.555,0.5749999999999998
9518,4,5,AllGrid,3,100,10,42,34,"Hit(CW,0,WEAK)",68766,4880.08,0,71,71,A1N,0.695,1.97281,0.985,0.29000000000000004
8211,7,12,AllGrid,3,100,10,42,70,"Freeze(CW,11)",19845,1826.12,0,79,79,A1N,-1.045,1.73002,-0.815,0.22999999999999998
5392,3,13,AllGrid,3,100,10,42,55,"Hit(CCW,4,WEAK)",22319,2908.61,0,135,135,A1N,-1.98,2.10704,-1.005,0.9750000000000001
4262,4,2,AllGrid,3,100,10,42,39,"Hit(CCW,1,STRONG)",88406,5875.68,0,49,49,A1N,-0.63,2.08641,-0.465,0.16499999999999998
6230,1,12,AllGrid,3,100,10,42,38,"Hit(CW,11,STRONG)",15025,1222.67,0,49,49,A1N,-0.435,1.30605,-0.215,0.22
3543,4,7,AllGrid,3,100,10,42,35,"Hit(CCW,2,WEAK)",49451,3262.64,0,55,55,A1N,0.805,1.84037,1.025,0.21999999999999986
1784,6,5,AllGrid,3,100,10,42,51,"Freeze(CCW,2)",68633,4926.8,0,71,71,A1N,0.52,1.9974,1.05,0.53
4905,4,14,AllGrid,3,100,10,42,44,"Hit(CW,7,WEAK)",8154,857.056,0,101,101,A1N,-1.845,1.01043,-1.65,0.19500000000000006
3837,2,10,AllGrid,3,100,10,42,0,"Draw(CW,TEE)",33759,2770.15,0,71,71,A1N,-0.605,1.72597,-0.455,0.14999999999999997
2854,0,15,AllGrid,3,100,10,42,36,"Hit(CW,8,MIDDLE)",203,18.3241,0,103,103,A1N,0.55,1.25599,1.18,0.6299999999999999
1221,1,10,AllGrid,3,100,10,42,47,"Hit(CCW,3,MIDDLE)",41013,3958.44,0,113,113,A1N,-0.75,1.94615,-0.575,0.17500000000000004
7301,6,14,AllGrid,3,100,10,42,0,"Draw(CW,TEE)",12151,1641.73,0,145,145,A1N,0.875,1.39261,1.985,1.11
5248,0,3,AllGrid,3,100,10,42,14,"Draw(CW,L2)",80974,5316.83,0,49,49,A1N,0.905,2.39916,1.33,0.42500000000000004
2545,3,15,AllGrid,3,100,10,42,0,"Draw(CW,TEE)",161,10.8967,0,61,61,A1N,2.98,0.14,2.98,0.0
6335,1,11,AllGrid,3,100,10,42,34,"Hit(CW,6,WEAK)",19392,1292.42,0,53,53,A1N,1.125,1.49645,1.125,0.0
8275,4,5,AllGrid,3,100,10,42,34,"Hit(CW,0,WEAK)",68622,4953.72,0,71,71,A1N,0.64,1.89484,1.005,0.3649999999999999
963,5,13,AllGrid,3,100,10,42,32,"Hit(CW,8,TOUCH)",15588,1739.16,0,89,89,A1N,0.93,1.75645,1.235,0.30500000000000005
176,5,11,AllGrid,3,100,10,42,25,"Draw(CCW,L7)",31479,2998.58,0,97,97,A1N,1.27,2.06327,1.585,0.31499999999999995
2199,1,13,AllGrid,3,100,10,42,74,"Hit(CW,10,WEAK)",20103,2458.26,0,119,119,A1N,-0.19,1.78715,0.25,0.44
8298,3,11,AllGrid,3,100,10,42,69,"Hit(CCW,6,STRONG)",34920,3686.52,0,119,119,A1N,0.16,1.93246,1.185,1.0250000000000001
6729,2,14,AllGrid,3,100,10,42,0,"Draw(CW,TEE)",11829,1565.12,0,135,135,A1N,0.62,1.07963,0.665,0.04500000000000004
8119,5,4,AllGrid,3,100,10,42,20,"Draw(CW,L5)",75875,5336.09,0,65,65,A1N,-0.655,2.03125,-0.18,0.47500000000000003
8189,0,14,AllGrid,3,100,10,42,34,"Hit(CW,13,WEAK)",3338,337.313,0,55,55,A1N,-0.055,1.26173,0.025,0.08
9791,0,8,AllGrid,3,100,10,42,32,"Hit(CW,7,TOUCH)",45407,3167.47,0,55,55,A1N,-0.66,1.89061,-0.11,0.55
5487,5,5,AllGrid,3,100,10,42,30,"PreGuard(CW,G5)",68138,4986.33,0,71,71,A1N,0.375,2.07711,1.085,0.71
4950,0,15,AllGrid,3,100,10,42,11,"Draw(CCW,L0)",171,12.1634,0,71,71,A1N,-0.29,0.972574,0.83,1.1199999999999999
9143,3,7,AllGrid,3,100,10,42,62,"PostGuard(CW,3,0)",56476,4242.74,0,81,81,A1N,0.565,2.0508,1.135,0.5700000000000001
4517,4,13,AllGrid,3,100,10,42,4,"Draw(CW,S2)",20481,2557.78,0,123,123,A1N,1.345,0.738901,1.535,0.18999999999999995
2994,5,10,AllGrid,3,100,10,42,6,"Draw(CW,S4)",41664,3992.45,0,113,113,A1N,0.015,1.67773,0.045,0.03
961,6,13,AllGrid,3,100,10,42,11,"Draw(CCW,L0)",23489,2937.46,0,139,139,A1N,-1.77,1.43426,-1.735,0.03499999999999992
1566,1,3,AllGrid,3,100,10,42,52,"PostGuard(CW,1,0)",81134,5594.71,0,59,59,A1N,0.545,1.89683,0.975,0.42999999999999994
1686,6,15,AllGrid,3,100,10,42,0,"Draw(CW,TEE)",149,9.40509,0,49,49,A1N,1.0,0.0,1.0,0.0
1201,0,6,AllGrid,3,100,10,42,1,"Draw(CCW,TEE)",59488,3989.52,0,53,53,A1N,-0.59,1.98794,-0.385,0.20499999999999996
5494,4,5,AllGrid,3,100,10,42,69,"PostGuard(CCW,3,0)",70789,5186.08,0,75,75,A1N,0.31,2.11043,1.21,0.8999999999999999
2492,4,15,AllGrid,3,100,10,42,2,"Draw(CW,S0)",175,13.0256,0,75,75,A1N,1.175,1.24675,1.65,0.47499999999999987
8959,1,11,AllGrid,3,100,10,42,7,"Draw(CCW,S4)",30607,2936.7,0,97,97,A1N,0.955,1.64407,1.26,0.30500000000000005
1671,0,15,AllGrid,3,100,10,42,47,"Hit(CCW,6,MIDDLE)",217,19.9397,0,117,117,A1N,1.63,2.4603,2.74,1.1100000000000003
1385,7,11,AllGrid,3,100,10,42,7,"Draw(CCW,S4)",30845,2894.06,0,103,103,A1N,0.705,1.97179,1.18,0.475
6872,1,14,AllGrid,3,100,10,42,85,"Hit(CCW,13,WEAK)",11711,1585.18,0,135,135,A1N,0.25,1.4344,1.02,0.77
8785,1,4,AllGrid,3,100,10,42,29,"PreGuard(CCW,G4)",73191,4798.27,0,49,49,A1N,-0.43,1.99126,-0.32,0.10999999999999999
1835,0,15,AllGrid,3,100,10,42,55,"Hit(CCW,14,WEAK)",169,11.4126,0,69,69,A1N,1.235,1.19573,1.235,0.0
6216,7,8,AllGrid,3,100,10,42,6,"Draw(CW,S4)",45706,3143.96,0,55,55,A1N,-0.605,1.95422,0.075,0.6799999999999999
8471,6,5,AllGrid,3,100,10,42,18,"Draw(CW,L4)",70283,5160.63,0,75,75,A1N,0.665,2.1384,1.06,0.395
256,3,12,AllGrid,3,100,10,42,66,"PostGuard(CW,8,1)",21068,1994.62,0,77,77,A1N,-0.86,1.82494,0.495,1.355
5778,2,9,AllGrid,3,100,10,42,71,"Freeze(CCW,6)",44579,3741.87,0,97,97,A1N,0.32,1.9969,0.915,0.595
6320,4,15,AllGrid,3,100,10,42,54,"Hit(CW,10,WEAK)",203,16.7477,0,103,103,A1N,-1.845,1.45979,-0.055,1.79
1638,4,11,AllGrid,3,100,10,42,5,"Draw(CCW,S2)",30909,2908.16,0,103,103,A1N,0.35,1.85674,0.715,0.365
2310,6,15,AllGrid,3,100,10,42,49,"Hit(CCW,4,STRONG)",235,22.2782,0,135,135,A1N,1.035,2.13161,2.215,1.18
7921,5,4,AllGrid,3,100,10,42,41,"Freeze(CCW,1)",72303,4772.24,0,49,49,A1N,-0.815,2.05202,-0.205,0.61
1361,1,12,AllGrid,3,100,10,42,32,"Hit(CW,9,TOUCH)",16556,1406.82,0,59,59,A1N,-0.235,1.75778,0.19,0.425
5041,1,8,AllGrid,3,100,10,42,42,"PostGuard(CW,4,0)",45523,3226.0,0,55,55,A1N,0.08,1.81758,0.14,0.06000000000000001
5033,7,5,AllGrid,3,100,10,42,7,"Draw(CCW,S4)",68442,4941.58,0,71,71,A1N,0.41,2.12177,1.165,0.7550000000000001
5022,1,15,AllGrid,3,100,10,42,3,"Draw(CCW,S0)",189,15.5439,0,89,89,A1N,1.155,0.500974,1.25,0.09499999999999997
9907,7,9,AllGrid,3,100,10,42,0,"Draw(CW,TEE)",37614,2635.93,0,65,65,A1N,0.48,1.84922,1.01,0.53
8627,2,12,AllGrid,3,100,10,42,51,"Freeze(CCW,7)",24071,2584.02,0,103,103,A1N,-0.335,1.49425,0.415,0.75
1641,6,10,AllGrid,3,100,10,42,50,"Freeze(CW,3)",41766,4255.34,0,113,113,A1N,-0.405,1.80305,0.31,0.7150000000000001
7249,2,15,AllGrid,3,100,10,42,36,"Hit(CW,0,MIDDLE)",239,24.2149,0,139,139,A1N,-0.385,1.03768,1.0,1.385
4837,7,2,AllGrid,3,100,10,42,28,"PreGuard(CW,G4)",88075,5838.16,0,49,49,A1N,-0.495,2.12131,-0.18,0.315
1039,2,15,AllGrid,3,100,10,42,35,"Hit(CCW,14,WEAK)",143,8.54733,0,43,43,A1N,0.955,0.207304,0.955,0.0
7846,3,10,AllGrid,3,100,10,42,7,"Draw(CCW,S4)",32169,2486.09,0,65,65,A1N,-0.79,1.79608,-0.12,0.67
5246,2,5,AllGrid,3,100,10,42,47,"Hit(CCW,2,MIDDLE)",70722,5272.73,0,75,75,A1N,0.99,2.09759,1.025,0.03499999999999992
4166,2,12,AllGrid,3,100,10,42,24,"Draw(CW,L7)",19407,1729.54,0,75,75,A1N,-0.355,1.52937,0.19,0.5449999999999999
6533,4,6,AllGrid,3,100,10,42,52,"Hit(CW,5,TOUCH)",64110,5096.44,0,81,81,A1N,0.05,1.97167,0.615,0.565
5721,0,12,AllGrid,3,100,10,42,7,"Draw(CCW,S4)",28242,3109.38,0,123,123,A1N,1.39,1.40993,1.945,0.5550000000000002
4463,7,9,AllGrid,3,100,10,42,1,"Draw(CCW,TEE)",46215,3994.11,0,103,103,A1N,1.025,1.91687,1.03,0.0050000000000001155
5606,2,14,AllGrid,3,100,10,42,48,"Hit(CW,3,STRONG)",11016,1420.36,0,139,139,A1N,0.54,1.4207,0.54,0.0
1123,4,3,AllGrid,3,100,10,42,42,"PostGuard(CW,1,0)",78592,5239.3,0,55,55,A1N,0.63,2.18245,1.04,0.41000000000000003
8113,3,15,AllGrid,3,100,10,42,1,"Draw(CCW,TEE)",169,12.443,0,69,69,A1N,0.905,0.442691,1.0,0.09499999999999997
716,6,7,AllGrid,3,100,10,42,15,"Draw(CCW,L2)",50115,3322.73,0,55,55,A1N,1.015,1.97858,1.015,0.0
459,3,5,AllGrid,3,100,10,42,3,"Draw(CCW,S0)",68680,4944.45,0,71,71,A1N,0.85,2.03162,1.05,0.20000000000000007
9287,7,12,AllGrid,3,100,10,42,3,"Draw(CCW,S0)",17970,1548.43,0,65,65,A1N,-0.795,1.67122,-0.31,0.48500000000000004
5647,1,10,AllGrid,3,100,10,42,68,"Hit(CW,9,STRONG)",36369,3069.27,0,91,91,A1N,-0.23,1.87005,0.33,0.56
4562,4,13,AllGrid,3,100,10,42,10,"Draw(CW,L0)",20399,2533.12,0,129,129,A1N,1.29,1.68698,1.765,0.47499999999999987
6201,5,11,AllGrid,3,100,10,42,43,"Hit(CCW,2,TOUCH)",31636,3101.53,0,107,107,A1N,0.24,1.85537,0.765,0.525
9166,3,14,AllGrid,3,100,10,42,36,"Hit(CW,1,MIDDLE)",10982,1468.36,0,139,139,A1N,-0.85,0.93675,0.995,1.845
8703,4,3,AllGrid,3,100,10,42,34,"Hit(CW,0,WEAK)",79820,5152.22,0,49,49,A1N,0.905,2.00648,1.18,0.2749999999999999
1616,0,14,AllGrid,3,100,10,42,32,"Hit(CW,7,TOUCH)",3869,361.089,0,69,69,A1N,0.27,1.36642,0.86,0.59
5809,3,9,AllGrid,3,100,10,42,7,"Draw(CCW,S4)",35442,2352.59,0,53,53,A1N,0.115,1.68279,0.78,0.665
4651,6,5,AllGrid,3,100,10,42,67,"PostGuard(CCW,5,1)",69168,4951.55,0,71,71,A1N,0.17,2.1797,0.915,0.745
8894,2,15,AllGrid,3,100,10,42,2,"Draw(CW,S0)",179,13.4556,0,79,79,A1N,1.885,0.437921,1.885,0.0
2369,6,9,AllGrid,3,100,10,42,2,"Draw(CW,S0)",41244,3195.83,0,79,79,A1N,0.345,1.79052,0.69,0.345
1083,7,15,AllGrid,3,100,10,42,37,"Hit(CCW,8,MIDDLE)",203,17.9397,0,103,103,A1N,-0.99,0.141067,0.74,1.73
366,3,11,AllGrid,3,100,10,42,44,"Hit(CW,2,WEAK)",34154,3596.95,0,119,119,A1N,0.665,1.80632,1.555,0.8899999999999999
6354,2,15,AllGrid,3,100,10,42,4,"Draw(CW,S2)",251,26.2777,0,151,151,A1N,1.535,0.498773,1.535,0.0
9260,7,2,AllGrid,3,100,10,42,35,"Hit(CCW,1,WEAK)",87191,5646.87,0,49,49,A1N,-0.485,1.97984,-0.21,0.275
6267,4,12,AllGrid,3,100,10,42,0,"Draw(CW,TEE)",16274,1360.6,0,55,55,A1N,-0.315,1.50525,-0.025,0.29
1158,6,8,AllGrid,3,100,10,42,55,"PostGuard(CCW,4,1)",47057,3233.24,0,65,65,A1N,0.225,1.84238,0.39,0.165
6520,1,5,AllGrid,3,100,10,42,61,"Freeze(CCW,4)",69823,5239.58,0,75,75,A1N,0.72,1.88191,1.215,0.4950000000000001
2099,0,14,AllGrid,3,100,10,42,3,"Draw(CCW,S0)",7190,793.47,0,91,91,A1N,0.16,1.4193,0.56,0.4
4892,6,10,AllGrid,3,100,10,42,56,"Hit(CW,5,MIDDLE)",37548,3395.84,0,101,101,A1N,-0.875,1.91817,0.185,1.06
7859,3,14,AllGrid,3,100,10,42,87,"Hit(CCW,13,MIDDLE)",10900,1365.19,0,129,129,A1N,0.095,1.88573,0.515,0.42000000000000004
2084,7,10,AllGrid,3,100,10,42,2,"Draw(CW,S0)",41234,4143.66,0,113,113,A1N,2.13,2.14315,2.465,0.33499999999999996
5335,1,14,AllGrid,3,100,10,42,85,"Hit(CCW,11,WEAK)",12229,1653.7,0,145,145,A1N,0.485,1.67026,0.485,0.0
5272,2,4,AllGrid,3,100,10,42,45,"Hit(CCW,3,WEAK)",73284,4939.36,0,53,53,A1N,-0.565,2.11324,-0.41,0.15499999999999997
5472,3,13,AllGrid,3,100,10,42,38,"Hit(CW,4,STRONG)",10054,1033.81,0,69,69,A1N,0.535,1.53583,0.7,0.16499999999999992
4526,5,9,AllGrid,3,100,10,42,57,"PostGuard(CCW,7,2)",39128,2916.46,0,65,65,A1N,0.19,1.75325,0.685,0.49500000000000005
6392,2,5,AllGrid,3,100,10,42,62,"PostGuard(CW,1,0)",70136,5284.34,0,75,75,A1N,0.665,1.98312,1.075,0.4099999999999999
1255,4,13,AllGrid,3,100,10,42,3,"Draw(CCW,S0)",15134,1739.6,0,91,91,A1N,1.785,1.44526,2.34,0.5549999999999999
5259,3,8,AllGrid,3,100,10,42,80,"PostGuard(CW,2,1)",53551,4632.36,0,97,97,A1N,0.855,1.92457,0.965,0.10999999999999999
7905,3,15,AllGrid,3,100,10,42,49,"Hit(CCW,8,STRONG)",203,16.0496,0,103,103,A1N,0.51,1.76915,2.865,2.3550000000000004
4159,5,11,AllGrid,3,100,10,42,68,"Hit(CW,10,STRONG)",31879,3361.64,0,103,103,A1N,0.465,1.98715,0.765,0.3
2788,5,13,AllGrid,3,100,10,42,10,"Draw(CW,L0)",23021,3032.94,0,139,139,A1N,1.875,1.42807,3.115,1.2400000000000002
4360,7,4,AllGrid,3,100,10,42,34,"Hit(CW,1,WEAK)",73856,5051.09,0,59,59,A1N,-0.595,2.14266,-0.47,0.125
8248,7,13,AllGrid,3,100,10,42,1,"Draw(CCW,TEE)",8777,909.189,0,59,59,A1N,1.49,1.16615,1.49,0.0
2081,5,9,AllGrid,3,100,10,42,21,"Draw(CCW,L5)",37387,2586.46,0,53,53,A1N,0.23,1.72543,0.865,0.635
1265,4,5,AllGrid,3,100,10,42,26,"PreGuard(CW,G3)",68745,4798.74,0,71,71,A1N,0.345,2.04597,0.89,0.545
3677,7,15,AllGrid,3,100,10,42,54,"Hit(CW,14,WEAK)",175,12.3993,0,75,75,A1N,1.695,0.960195,1.695,0.0
477,2,10,AllGrid,3,100,10,42,43,"Hit(CCW,7,TOUCH)",35692,3019.8,0,81,81,A1N,-0.375,2.01603,-0.245,0.13
8462,7,13,AllGrid,3,100,10,42,1,"Draw(CCW,TEE)",19395,2384.73,0,115,115,A1N,2.25,1.7371,2.63,0.3799999999999999
3186,1,11,AllGrid,3,100,10,42,39,"Hit(CCW,0,STRONG)",33694,3597.12,0,119,119,A1N,-0.365,2.00793,1.3,1.665
8936,4,15,AllGrid,3,100,10,42,0,"Draw(CW,TEE)",245,25.0768,0,145,145,A1N,-0.12,1.37317,1.015,1.1349999999999998
966,6,3,AllGrid,3,100,10,42,34,"Hit(CW,0,WEAK)",81392,5375.88,0,55,55,A1N,0.86,1.8629,1.15,0.2899999999999999
232,1,13,AllGrid,3,100,10,42,7,"Draw(CCW,S4)",8829,866.469,0,59,59,A1N,1.575,1.22245,1.575,0.0
3968,6,10,AllGrid,3,100,10,42,47,"PostGuard(CCW,8,2)",28126,1946.54,0,49,49,A1N,0.575,1.78168,0.95,0.375
2440,2,5,AllGrid,3,100,10,42,34,"Hit(CW,0,WEAK)",69233,5042.33,0,71,71,A1N,0.555,2.19476,1.17,0.6149999999999999
1624,6,15,AllGrid,3,100,10,42,6,"Draw(CW,S4)",191,15.4186,0,91,91,A1N,1.04,0.677052,1.265,0.22499999999999987
9851,7,8,AllGrid,3,100,10,42,51,"Freeze(CCW,5)",48698,3938.74,0,81,81,A1N,-0.46,1.87574,0.155,0.615
9879,2,15,AllGrid,3,100,10,42,45,"Hit(CCW,6,WEAK)",217,20.8485,0,117,117,A1N,3.125,0.599479,3.125,0.0
9832,1,9,AllGrid,3,100,10,42,40,"Freeze(CW,0)",45483,4098.94,0,103,103,A1N,1.165,1.60555,1.24,0.07499999999999996
4221,2,14,AllGrid,3,100,10,42,3,"Draw(CCW,S0)",12160,1650.08,0,145,145,A1N,0.145,1.7447,1.555,1.41
1999,2,5,AllGrid,3,100,10,42,24,"Draw(CW,L7)",64250,4070.8,0,53,53,A1N,0.42,1.94515,0.875,0.455
99,4,13,AllGrid,3,100,10,42,48,"Hit(CW,12,WEAK)",8127,826.012,0,57,57,A1N,0.335,1.3277,0.635,0.3
964,0,8,AllGrid,3,100,10,42,46,"Hit(CW,5,MIDDLE)",45755,3149.64,0,63,63,A1N,-0.61,1.86759,-0.295,0.315
6357,7,5,AllGrid,3,100,10,42,73,"PostGuard(CCW,3,2)",69969,5061.52,0,75,75,A1N,0.355,1.86788,0.895,0.54
632,7,12,AllGrid,3,100,10,42,56,"Hit(CW,11,MIDDLE)",21105,2039.37,0,81,81,A1N,-0.215,1.88382,-0.195,0.01999999999999999
3130,2,11,AllGrid,3,100,10,42,6,"Draw(CW,S4)",28636,2632.13,0,91,91,A1N,1.08,1.58543,1.315,0.23499999999999988
2941,4,13,AllGrid,3,100,10,42,7,"Draw(CCW,S4)",21911,2753.21,0,125,125,A1N,0.16,1.47119,1.365,1.205
6374,0,11,AllGrid,3,100,10,42,79,"Hit(CCW,10,STRONG)",33405,3384.41,0,113,113,A1N,0.715,2.19858,1.54,0.8250000000000001
156,7,14,AllGrid,3,100,10,42,54,"Hit(CW,5,WEAK)",11987,1596.01,0,145,145,A1N,0.38,1.12942,1.105,0.725
1570,1,4,AllGrid,3,100,10,42,44,"PostGuard(CW,0,1)",72771,4663.97,0,49,49,A1N,-0.48,1.82746,-0.32,0.15999999999999998
7117,6,12,AllGrid,3,100,10,42,32,"Hit(CW,11,TOUCH)",15502,1240.29,0,49,49,A1N,-0.655,1.49866,-0.14,0.515
6164,7,6,AllGrid,3,100,10,42,46,"PostGuard(CW,4,2)",58743,3868.13,0,49,49,A1N,-0.44,1.96122,-0.25,0.19
4376,5,5,AllGrid,3,100,10,42,59,"Hit(CCW,4,STRONG)",69128,4707.24,0,75,75,A1N,0.845,1.92898,0.9,0.05500000000000005
4444,0,12,AllGrid,3,100,10,42,16,"Draw(CW,L3)",19379,1794.79,0,75,75,A1N,-1.0,1.76068,-0.345,0.655
5083,5,6,AllGrid,3,100,10,42,77,"PostGuard(CCW,4,1)",64892,4493.01,0,81,81,A1N,-0.365,1.98287,-0.245,0.12
894,4,13,AllGrid,3,100,10,42,6,"Draw(CW,S4)",16523,1876.78,0,105,105,A1N,1.75,1.27965,2.14,0.3900000000000001
8445,1,11,AllGrid,3,100,10,42,63,"Hit(CCW,10,TOUCH)",32798,3127.37,0,103,103,A1N,2.23,1.77682,2.34,0.10999999999999988
7871,7,15,AllGrid,3,100,10,42,37,"Hit(CCW,0,MIDDLE)",251,29.3106,0,151,151,A1N,2.245,1.2186,3.185,0.94
8198,0,4,AllGrid,3,100,10,42,45,"Hit(CCW,3,WEAK)",74493,4361.33,0,59,59,A1N,-1.07,2.00876,-0.365,0.7050000000000001
6829,6,13,AllGrid,3,100,10,42,44,"Hit(CW,12,WEAK)",8316,843.018,0,53,53,A1N,0.295,1.2915,0.45,0.15500000000000003
4702,2,8,AllGrid,3,100,10,42,41,"Freeze(CCW,7)",44168,2775.81,0,49,49,A1N,-0.52,1.77471,-0.045,0.47500000000000003
4058,3,5,AllGrid,3,100,10,42,33,"Hit(CCW,0,TOUCH)",69326,3990.7,0,71,71,A1N,0.68,2.00689,0.985,0.30499999999999994
7591,4,13,AllGrid,3,100,10,42,1,"Draw(CCW,TEE)",15474,1642.8,0,97,97,A1N,2.64,1.40371,3.245,0.605
1445,7,8,AllGrid,3,100,10,42,36,"Hit(CW,7,TOUCH)",47419,2990.77,0,65,65,A1N,-0.71,1.74811,-0.23,0.48
5373,5,13,AllGrid,3,100,10,42,10,"Draw(CW,L0)",17169,1825.52,0,107,107,A1N,1.64,1.15343,1.945,0.30500000000000016
5423,3,9,AllGrid,3,100,10,42,33,"Hit(CCW,0,TOUCH)",45774,3259.24,0,103,103,A1N,0.415,2.02553,0.97,0.5549999999999999
1644,5,15,AllGrid,3,100,10,42,37,"Hit(CCW,2,MIDDLE)",235,24.8985,0,135,135,A1N,-1.64,2.06165,-0.35,1.29
6839,5,3,AllGrid,3,100,10,42,14,"Draw(CW,L2)",80195,4053.55,0,55,55,A1N,0.8,2.25167,1.225,0.42500000000000004
1063,2,15,AllGrid,3,100,10,42,35,"Hit(CCW,12,WEAK)",155,9.37262,0,55,55,A1N,1.895,0.306553,1.905,0.010000000000000009
3774,5,6,AllGrid,3,100,10,42,18,"Draw(CW,L4)",62027,3516.34,0,65,65,A1N,-0.525,2.09747,-0.215,0.31000000000000005
7844,2,5,AllGrid,3,100,10,42,11,"Draw(CCW,L0)",68459,3732.01,0,71,71,A1N,0.6,2.05913,1.02,0.42000000000000004
5770,5,13,AllGrid,3,100,10,42,6,"Draw(CW,S4)",13727,1503.26,0,91,91,A1N,1.03,1.51628,1.12,0.09000000000000008
7977,6,14,AllGrid,3,100,10,43,34,"Hit(CW,1,WEAK)",12170,1547.63,0,145,145,A1N,-2.045,1.53394,-1.635,0.4099999999999999
3926,6,11,AllGrid,3,100,10,43,66,"Hit(CW,6,MIDDLE)",35487,3744.88,0,123,123,A1N,0.18,1.95131,0.425,0.245
3883,1,14,AllGrid,3,100,10,43,0,"Draw(CW,TEE)",1214,101.891,0,37,37,A1N,-0.29,0.925149,-0.075,0.21499999999999997
9222,7,5,AllGrid,3,100,10,43,22,"Draw(CW,L6)",62318,3663.48,0,37,37,A1N,0.965,2.02331,1.315,0.35
7881,2,15,AllGrid,3,100,10,43,88,"Hit(CW,12,STRONG)",229,20.4091,0,129,129,A1N,1.72,2.06678,1.72,0.0
6406,1,10,AllGrid,3,100,10,43,19,"Draw(CCW,L4)",31076,2283.57,0,59,59,A1N,-1.37,1.86094,-0.385,0.9850000000000001
8452,5,15,AllGrid,3,100,10,43,58,"Hit(CW,4,STRONG)",253,28.8732,0,153,153,A1N,1.355,1.0904,1.935,0.5800000000000001
1028,6,15,AllGrid,3,100,10,43,0,"Draw(CW,TEE)",251,28.1397,0,151,151,A1N,0.77,0.668655,1.0,0.22999999999999998
2596,1,14,AllGrid,3,100,10,43,56,"Hit(CW,5,MIDDLE)",12163,1557.33,0,145,145,A1N,1.595,1.33827,1.97,0.375
4748,1,3,AllGrid,3,100,10,43,42,"PostGuard(CW,3,0)",79197,5044.64,0,49,49,A1N,0.75,2.18804,0.985,0.235
9206,3,13,AllGrid,3,100,10,43,3,"Draw(CCW,S0)",7836,758.732,0,49,49,A1N,1.07,1.40538,1.73,0.6599999999999999
5859,1,6,AllGrid,3,100,10,43,18,"Draw(CW,L4)",61308,4415.53,0,65,65,A1N,-0.515,1.7233,-0.015,0.5
6871,4,5,AllGrid,3,100,10,43,1,"Draw(CCW,TEE)",69522,4803.17,0,71,71,A1N,0.795,2.07918,1.32,0.525
7163,3,13,AllGrid,3,100,10,43,18,"Draw(CW,L4)",14487,1534.83,0,85,85,A1N,-0.03,1.967,2.465,2.4949999999999997
5807,0,8,AllGrid,3,100,10,43,6,"Draw(CW,S4)",50706,3841.24,0,81,81,A1N,-0.435,1.92244,0.03,0.46499999999999997
5567,2,15,AllGrid,3,100,10,43,0,"Draw(CW,TEE)",229,22.6368,0,129,129,A1N,1.535,0.999387,1.93,0.395
2507,3,11,AllGrid,3,100,10,43,21,"Draw(CCW,L5)",33252,3160.75,0,107,107,A1N,0.225,2.12706,1.715,1.49
7006,3,15,AllGrid,3,100,10,43,0,"Draw(CW,TEE)",245,29.5593,0,145,145,A1N,-1.0,0.0,-0.97,0.030000000000000027
1984,6,4,AllGrid,3,100,10,43,34,"Hit(CW,1,WEAK)",73908,4948.63,0,59,59,A1N,-0.73,1.89396,-0.31,0.42
1845,7,14,AllGrid,3,100,10,43,51,"PostGuard(CCW,12,1)",3135,311.067,0,55,55,A1N,1.02,1.3891,1.44,0.41999999999999993
5780,2,6,AllGrid,3,100,10,43,33,"Hit(CCW,5,TOUCH)",56638,3674.66,0,49,49,A1N,-0.745,1.91049,-0.375,0.37
8645,7,5,AllGrid,3,100,10,43,49,"Hit(CCW,2,STRONG)",69073,4864.23,0,71,71,A1N,0.35,2.03899,0.92,0.5700000000000001
6132,0,13,AllGrid,3,100,10,43,2,"Draw(CW,S0)",15483,1714.81,0,87,87,A1N,1.915,1.33333,2.62,0.7050000000000001
3339,4,10,AllGrid,3,100,10,43,50,"Freeze(CW,9)",34774,2531.65,0,71,71,A1N,-0.305,1.77256,-0.305,0.0
3566,6,14,AllGrid,3,100,10,43,39,"Hit(CCW,1,STRONG)",10507,1368.91,0,129,129,A1N,0.695,1.34981,1.01,0.31500000000000006
5523,3,9,AllGrid,3,100,10,43,11,"Draw(CCW,L0)",45647,4118.77,0,103,103,A1N,-0.155,2.15893,0.74,0.895
7015,5,14,AllGrid,3,100,10,43,11,"Draw(CCW,L0)",12005,1562.43,0,145,145,A1N,-1.135,1.92789,-1.135,0.0
743,7,3,AllGrid,3,100,10,43,28,"PreGuard(CW,G4)",80195,5332.34,0,55,55,A1N,0.325,2.00234,0.98,0.655
1014,4,15,AllGrid,3,100,10,43,10,"Draw(CW,L0)",161,9.30098,0,61,61,A1N,3.325,1.27255,3.325,0.0
3900,0,10,AllGrid,3,100,10,43,47,"PostGuard(CCW,6,2)",30896,2286.9,0,55,55,A1N,-0.845,1.76096,0.305,1.15
4543,6,5,AllGrid,3,100,10,43,37,"Hit(CCW,0,MIDDLE)",69017,4735.05,0,71,71,A1N,0.735,2.1295,1.09,0.3550000000000001
9231,5,14,AllGrid,3,100,10,43,2,"Draw(CW,S0)",7844,885.128,0,101,101,A1N,1.665,1.2778,2.025,0.3599999999999999
1825,5,7,AllGrid,3,100,10,43,0,"Draw(CW,TEE)",55706,4123.29,0,77,77,A1N,0.38,2.00888,0.865,0.485
4062,4,15,AllGrid,3,100,10,43,77,"Hit(CCW,12,MIDDLE)",217,19.7794,0,117,117,A1N,-1.905,0.784841,-0.475,1.4300000000000002
9882,2,11,AllGrid,3,100,10,43,36,"Hit(CW,2,MIDDLE)",33235,3203.02,0,109,109,A1N,0.19,1.6715,1.295,1.105
2998,6,14,AllGrid,3,100,10,43,89,"Hit(CCW,11,STRONG)",11997,1580.31,0,145,145,A1N,2.725,1.2204,2.895,0.16999999999999993
1555,2,3,AllGrid,3,100,10,43,15,"Draw(CCW,L2)",81410,5343.2,0,55,55,A1N,0.785,2.24249,1.1,0.31500000000000006
4372,4,14,AllGrid,3,100,10,43,18,"Draw(CW,L4)",2376,230.044,0,49,49,A1N,0.095,1.24337,0.095,0.0
3732,7,7,AllGrid,3,100,10,43,5,"Draw(CCW,S2)",48264,2982.01,0,49,49,A1N,0.515,1.96208,1.125,0.61
3858,5,5,AllGrid,3,100,10,43,1,"Draw(CCW,TEE)",70011,5100.85,0,75,75,A1N,0.78,1.95745,0.885,0.10499999999999998
1938,0,14,AllGrid,3,100,10,43,38,"Hit(CW,9,STRONG)",7596,902.248,0,93,93,A1N,1.005,2.32486,1.43,0.42500000000000004
9112,3,9,AllGrid,3,100,10,43,7,"Draw(CCW,S4)",39660,3002.96,0,75,75,A1N,0.12,1.98635,0.76,0.64
4157,3,12,AllGrid,3,100,10,43,56,"Hit(CW,7,MIDDLE)",25839,2745.12,0,107,107,A1N,-2.735,1.84249,-0.705,2.03
7373,1,11,AllGrid,3,100,10,43,3,"Draw(CCW,S0)",30128,2862.02,0,103,103,A1N,0.745,1.73493,1.175,0.43000000000000005
7173,4,15,AllGrid,3,100,10,43,57,"Hit(CCW,4,MIDDLE)",251,28.91,0,151,151,A1N,1.46,0.631189,2.0,0.54
196,4,4,AllGrid,3,100,10,43,1,"Draw(CCW,TEE)",73224,4688.23,0,49,49,A1N,-0.59,2.03271,-0.22,0.37
2630,2,14,AllGrid,3,100,10,43,32,"Hit(CW,11,TOUCH)",3389,314.802,0,59,59,A1N,-1.18,1.73712,-1.07,0.10999999999999988
5731,2,10,AllGrid,3,100,10,43,13,"Draw(CCW,L1)",26748,1664.42,0,43,43,A1N,-0.94,1.65118,-0.555,0.3849999999999999
9518,4,5,AllGrid,3,100,10,43,46,"Hit(CW,2,MIDDLE)",69256,4919.42,0,71,71,A1N,0.845,1.67062,0.985,0.14
8211,7,12,AllGrid,3,100,10,43,10,"Draw(CW,L0)",20112,1817.62,0,79,79,A1N,-1.205,1.83384,-0.815,0.3900000000000001
5392,3,13,AllGrid,3,100,10,43,38,"Hit(CW,0,STRONG)",22319,2842.25,0,135,135,A1N,-1.09,1.68579,-1.005,0.08500000000000019
4262,4,2,AllGrid,3,100,10,43,13,"Draw(CCW,L1)",88254,5708.75,0,49,49,A1N,-0.825,2.0747,-0.465,0.35999999999999993
6230,1,12,AllGrid,3,100,10,43,35,"Hit(CCW,11,WEAK)",15037,1182.28,0,49,49,A1N,-0.215,1.43484,-0.215,0.0
3543,4,7,AllGrid,3,100,10,43,12,"Draw(CW,L1)",49947,3234.15,0,55,55,A1N,0.585,1.90336,1.025,0.43999999999999995
1784,6,5,AllGrid,3,100,10,43,48,"Hit(CW,2,STRONG)",68556,4868.71,0,71,71,A1N,0.775,1.91947,1.05,0.275
4905,4,14,AllGrid,3,100,10,43,34,"Hit(CW,5,WEAK)",8154,889.094,0,101,101,A1N,-1.98,1.72325,-1.65,0.33000000000000007
3837,2,10,AllGrid,3,100,10,43,25,"Draw(CCW,L7)",33390,2695.67,0,71,71,A1N,-1.055,1.56268,-0.455,0.5999999999999999
2854,0,15,AllGrid,3,100,10,43,58,"Hit(CW,12,STRONG)",203,14.8856,0,103,103,A1N,0.95,1.35185,1.18,0.22999999999999998
1221,1,10,AllGrid,3,100,10,43,99,"PostGuard(CCW,4,2)",40905,3909.55,0,113,113,A1N,-2.015,1.66876,-0.575,1.4400000000000002
7301,6,14,AllGrid,3,100,10,43,47,"Hit(CCW,3,MIDDLE)",12151,1596.97,0,145,145,A1N,1.415,1.28949,1.985,0.5700000000000001
5248,0,3,AllGrid,3,100,10,43,34,"Hit(CW,2,WEAK)",81186,5198.51,0,49,49,A1N,1.14,2.34742,1.33,0.19000000000000017
2545,3,15,AllGrid,3,100,10,43,0,"Draw(CW,TEE)",161,8.64771,0,61,61,A1N,2.98,0.14,2.98,0.0
6335,1,11,AllGrid,3,100,10,43,34,"Hit(CW,6,WEAK)",19813,1349.6,0,53,53,A1N,1.125,1.49645,1.125,0.0
8275,4,5,AllGrid,3,100,10,43,12,"Draw(CW,L1)",68552,4881.75,0,71,71,A1N,0.655,1.9042,1.005,0.34999999999999987
963,5,13,AllGrid,3,100,10,43,4,"Draw(CW,S2)",15586,1741.42,0,89,89,A1N,0.59,1.70056,1.235,0.6450000000000001
176,5,11,AllGrid,3,100,10,43,42,"Hit(CW,6,TOUCH)",31534,2922.11,0,97,97,A1N,1.055,2.04254,1.585,0.53
2199,1,13,AllGrid,3,100,10,43,44,"Hit(CW,4,WEAK)",20103,2308.25,0,119,119,A1N,-0.52,2.06872,0.25,0.77
8298,3,11,AllGrid,3,100,10,43,38,"Hit(CW,0,STRONG)",34731,3531.11,0,119,119,A1N,0.945,2.09809,1.185,0.2400000000000001
6729,2,14,AllGrid,3,100,10,43,6,"Draw(CW,S4)",11829,1542.57,0,135,135,A1N,0.665,1.04536,0.665,0.0
8119,5,4,AllGrid,3,100,10,43,13,"Draw(CCW,L1)",75547,5146.79,0,65,65,A1N,-0.655,1.92509,-0.18,0.47500000000000003
8189,0,14,AllGrid,3,100,10,43,33,"Hit(CCW,13,TOUCH)",3338,337.077,0,55,55,A1N,-1.05,0.823104,0.025,1.075
9791,0,8,AllGrid,3,100,10,43,0,"Draw(CW,TEE)",45136,3113.12,0,55,55,A1N,-0.475,1.96198,-0.11,0.365
5487,5,5,AllGrid,3,100,10,43,65,"PostGuard(CCW,5,0)",68789,5029.49,0,71,71,A1N,0.765,2.04934,1.085,0.31999999999999995
4950,0,15,AllGrid,3,100,10,43,11,"Draw(CCW,L0)",171,9.31048,0,71,71,A1N,-0.29,0.972574,0.83,1.1199999999999999
9143,3,7,AllGrid,3,100,10,43,75,"PostGuard(CCW,7,0)",55952,4135.31,0,81,81,A1N,0.665,1.79799,1.135,0.47
4517,4,13,AllGrid,3,100,10,43,2,"Draw(CW,S0)",20481,2562.06,0,123,123,A1N,1.41,0.837795,1.535,0.125
2994,5,10,AllGrid,3,100,10,43,36,"Hit(CW,1,MIDDLE)",41295,3901.78,0,113,113,A1N,-0.46,2.05144,0.045,0.505
961,6,13,AllGrid,3,100,10,43,11,"Draw(CCW,L0)",23489,2869.08,0,139,139,A1N,-1.77,1.43426,-1.735,0.03499999999999992
1566,1,3,AllGrid,3,100,10,43,40,"Freeze(CW,0)",80776,5564.8,0,59,59,A1N,0.78,2.0029,0.975,0.19499999999999995
1686,6,15,AllGrid,3,100,10,43,0,"Draw(CW,TEE)",149,7.2207,0,49,49,A1N,1.0,0.0,1.0,0.0
1201,0,6,AllGrid,3,100,10,43,11,"Draw(CCW,L0)",59787,3939.08,0,53,53,A1N,-0.725,1.87333,-0.385,0.33999999999999997
5494,4,5,AllGrid,3,100,10,43,65,"PostGuard(CCW,1,1)",69752,5147.33,0,75,75,A1N,0.565,2.09422,1.21,0.645
2492,4,15,AllGrid,3,100,10,43,42,"Hit(CW,10,TOUCH)",175,12.8235,0,75,75,A1N,1.65,0.638357,1.65,0.0
8959,1,11,AllGrid,3,100,10,43,47,"Hit(CCW,6,MIDDLE)",30353,2922.71,0,97,97,A1N,1.075,1.74911,1.26,0.18500000000000005
1671,0,15,AllGrid,3,100,10,43,45,"Hit(CCW,6,WEAK)",217,19.8142,0,117,117,A1N,-0.715,1.44353,2.74,3.455
1385,7,11,AllGrid,3,100,10,43,95,"PostGuard(CCW,9,2)",30663,2784.77,0,103,103,A1N,0.4,1.90788,1.18,0.7799999999999999
6872,1,14,AllGrid,3,100,10,43,58,"Hit(CW,7,STRONG)",11711,1543.29,0,135,135,A1N,-1.15,0.920598,1.02,2.17
8785,1,4,AllGrid,3,100,10,43,22,"Draw(CW,L6)",73091,4715.04,0,49,49,A1N,-0.415,1.89018,-0.32,0.09499999999999997
1835,0,15,AllGrid,3,100,10,43,58,"Hit(CW,14,STRONG)",169,11.2854,0,69,69,A1N,1.19,0.611474,1.235,0.04500000000000015
6216,7,8,AllGrid,3,100,10,43,48,"PostGuard(CW,6,0)",45475,3117.64,0,55,55,A1N,-0.065,1.88169,0.075,0.14
8471,6,5,AllGrid,3,100,10,43,23,"Draw(CCW,L6)",70503,4962.77,0,75,75,A1N,0.485,2.15401,1.06,0.5750000000000001
256,3,12,AllGrid,3,100,10,43,46,"Hit(CW,11,MIDDLE)",20870,1945.55,0,77,77,A1N,0.495,1.85741,0.495,0.0
5778,2,9,AllGrid,3,100,10,43,10,"Draw(CW,L0)",44765,3717.91,0,97,97,A1N,0.235,1.99744,0.915,0.68
6320,4,15,AllGrid,3,100,10,43,69,"Hit(CCW,12,STRONG)",203,16.6023,0,103,103,A1N,-0.235,1.75208,-0.055,0.18
1638,4,11,AllGrid,3,100,10,43,6,"Draw(CW,S4)",31170,2907.68,0,103,103,A1N,0.715,1.83133,0.715,0.0
2310,6,15,AllGrid,3,100,10,43,78,"Hit(CW,10,STRONG)",235,21.8769,0,135,135,A1N,2.15,2.12779,2.215,0.06499999999999995
7921,5,4,AllGrid,3,100,10,43,8,"Draw(CW,S6)",72845,4807.07,0,49,49,A1N,-0.595,1.97256,-0.205,0.39
1361,1,12,AllGrid,3,100,10,43,1,"Draw(CCW,TEE)",16503,1380.77,0,59,59,A1N,0.045,1.65921,0.19,0.14500000000000002
5041,1,8,AllGrid,3,100,10,43,51,"PostGuard(CCW,6,1)",45032,3154.04,0,55,55,A1N,-0.305,1.91885,0.14,0.445
5033,7,5,AllGrid,3,100,10,43,49,"Hit(CCW,2,STRONG)",69018,4834.23,0,71,71,A1N,0.805,2.05353,1.165,0.36
5022,1,15,AllGrid,3,100,10,43,7,"Draw(CCW,S4)",189,11.8225,0,89,89,A1N,1.25,0.466369,1.25,0.0
9907,7,9,AllGrid,3,100,10,43,49,"Hit(CCW,6,STRONG)",36817,2510.29,0,65,65,A1N,0.59,1.70936,1.01,0.42000000000000004
8627,2,12,AllGrid,3,100,10,43,64,"Hit(CW,11,WEAK)",24179,2504.11,0,103,103,A1N,-0.51,1.86545,0.415,0.925
1641,6,10,AllGrid,3,100,10,43,73,"Hit(CCW,9,TOUCH)",41805,4142.78,0,113,113,A1N,0.31,1.8259,0.31,0.0
7249,2,15,AllGrid,3,100,10,43,57,"Hit(CCW,4,MIDDLE)",239,23.8347,0,139,139,A1N,0.73,1.2598,1.0,0.27
4837,7,2,AllGrid,3,100,10,43,0,"Draw(CW,TEE)",87884,5659.43,0,49,49,A1N,-0.48,1.99489,-0.18,0.3
1039,2,15,AllGrid,3,100,10,43,35,"Hit(CCW,14,WEAK)",143,8.30605,0,43,43,A1N,0.955,0.207304,0.955,0.0
7846,3,10,AllGrid,3,100,10,43,45,"Hit(CCW,9,WEAK)",32250,2387.3,0,65,65,A1N,-0.415,1.75293,-0.12,0.295
5246,2,5,AllGrid,3,100,10,43,49,"Hit(CCW,2,STRONG)",69863,5146.35,0,75,75,A1N,1.0,2.13776,1.025,0.02499999999999991
4166,2,12,AllGrid,3,100,10,43,52,"Hit(CW,11,STRONG)",19375,1715.37,0,75,75,A1N,0.06,1.79622,0.19,0.13
6533,4,6,AllGrid,3,100,10,43,62,"PostGuard(CW,0,0)",64097,4999.48,0,81,81,A1N,0.365,1.94211,0.615,0.25
5721,0,12,AllGrid,3,100,10,43,3,"Draw(CCW,S0)",28026,3067.01,0,123,123,A1N,1.41,1.48051,1.945,0.5350000000000001
4463,7,9,AllGrid,3,100,10,43,12,"Draw(CW,L1)",46019,3841.25,0,103,103,A1N,0.42,2.05757,1.03,0.6100000000000001
5606,2,14,AllGrid,3,100,10,43,46,"Hit(CW,3,MIDDLE)",11016,1329.96,0,139,139,A1N,0.515,1.59993,0.54,0.025000000000000022
1123,4,3,AllGrid,3,100,10,43,17,"Draw(CCW,L3)",80423,5198.45,0,55,55,A1N,0.72,2.2049,1.04,0.32000000000000006
8113,3,15,AllGrid,3,100,10,43,0,"Draw(CW,TEE)",169,12.06,0,69,69,A1N,0.93,0.36756,1.0,0.06999999999999995
716,6,7,AllGrid,3,100,10,43,16,"Draw(CW,L3)",50457,3364.75,0,55,55,A1N,0.85,1.88878,1.015,0.16499999999999992
459,3,5,AllGrid,3,100,10,43,2,"Draw(CW,S0)",68734,4864.88,0,71,71,A1N,0.435,2.0139,1.05,0.615
9287,7,12,AllGrid,3,100,10,43,3,"Draw(CCW,S0)",17771,1524.5,0,65,65,A1N,-0.795,1.67122,-0.31,0.48500000000000004
5647,1,10,AllGrid,3,100,10,43,30,"PreGuard(CW,G5)",36696,3096.09,0,91,91,A1N,-0.36,1.97494,0.33,0.69
4562,4,13,AllGrid,3,100,10,43,7,"Draw(CCW,S4)",20399,2532.99,0,129,129,A1N,1.285,1.2222,1.765,0.48
6201,5,11,AllGrid,3,100,10,43,43,"Hit(CCW,2,TOUCH)",31626,3087.97,0,107,107,A1N,0.24,1.85537,0.765,0.525
9166,3,14,AllGrid,3,100,10,43,47,"Hit(CCW,3,MIDDLE)",10982,1437.99,0,139,139,A1N,-0.705,1.02371,0.995,1.7
8703,4,3,AllGrid,3,100,10,43,10,"Draw(CW,L0)",79469,5128.33,0,49,49,A1N,0.52,2.12594,1.18,0.6599999999999999
1616,0,14,AllGrid,3,100,10,43,33,"Hit(CCW,7,TOUCH)",3869,366.124,0,69,69,A1N,0.86,1.35292,0.86,0.0
5809,3,9,AllGrid,3,100,10,43,44,"Hit(CW,8,WEAK)",34445,2252.76,0,53,53,A1N,0.45,1.64241,0.78,0.33
4651,6,5,AllGrid,3,100,10,43,34,"Hit(CW,0,WEAK)",69085,4932.13,0,71,71,A1N,0.65,2.00187,0.915,0.265
8894,2,15,AllGrid,3,100,10,43,2,"Draw(CW,S0)",179,13.2603,0,79,79,A1N,1.885,0.437921,1.885,0.0
2369,6,9,AllGrid,3,100,10,43,35,"Hit(CCW,0,WEAK)",40539,3092.72,0,79,79,A1N,0.295,1.81328,0.69,0.39499999999999996
1083,7,15,AllGrid,3,100,10,43,45,"Hit(CCW,10,WEAK)",203,14.0799,0,103,103,A1N,-0.635,0.83772,0.74,1.375
366,3,11,AllGrid,3,100,10,43,78,"Hit(CW,8,STRONG)",34091,3546.57,0,119,119,A1N,1.555,2.48334,1.555,0.0
6354,2,15,AllGrid,3,100,10,43,75,"Hit(CCW,8,WEAK)",251,22.6755,0,151,151,A1N,1.3,0.547723,1.535,0.23499999999999988
9260,7,2,AllGrid,3,100,10,43,17,"Draw(CCW,L3)",88056,5792.41,0,49,49,A1N,-0.52,1.9798,-0.21,0.31000000000000005
6267,4,12,AllGrid,3,100,10,43,2,"Draw(CW,S0)",16332,1330.07,0,55,55,A1N,-0.4,1.52971,-0.025,0.375
1158,6,8,AllGrid,3,100,10,43,57,"PostGuard(CCW,4,2)",46711,3297.11,0,65,65,A1N,0.11,2.04888,0.39,0.28
6520,1,5,AllGrid,3,100,10,43,72,"PostGuard(CW,3,2)",70025,5235.39,0,75,75,A1N,1.045,1.88228,1.215,0.17000000000000015
2099,0,14,AllGrid,3,100,10,43,7,"Draw(CCW,S4)",7190,782.747,0,91,91,A1N,0.535,1.32241,0.56,0.025000000000000022
4892,6,10,AllGrid,3,100,10,43,6,"Draw(CW,S4)",37378,3287.34,0,101,101,A1N,0.025,1.80952,0.185,0.16
7859,3,14,AllGrid,3,100,10,43,89,"Hit(CCW,13,STRONG)",10900,1368.93,0,129,129,A1N,-0.1,1.90526,0.515,0.615
2084,7,10,AllGrid,3,100,10,43,43,"Hit(CCW,3,TOUCH)",41079,4048.0,0,113,113,A1N,2.16,1.75054,2.465,0.3049999999999997
5335,1,14,AllGrid,3,100,10,43,12,"Draw(CW,L1)",12229,1639.0,0,145,145,A1N,-0.475,1.17447,0.485,0.96
5272,2,4,AllGrid,3,100,10,43,50,"Freeze(CW,3)",73557,4826.3,0,53,53,A1N,-0.445,2.11825,-0.41,0.03500000000000003
5472,3,13,AllGrid,3,100,10,43,1,"Draw(CCW,TEE)",10116,1071.81,0,69,69,A1N,0.075,1.69982,0.7,0.625
4526,5,9,AllGrid,3,100,10,43,50,"Freeze(CW,6)",38519,2773.68,0,65,65,A1N,0.285,1.75891,0.685,0.4000000000000001
6392,2,5,AllGrid,3,100,10,43,42,"Hit(CW,2,TOUCH)",69310,5025.09,0,75,75,A1N,0.645,1.99974,1.075,0.42999999999999994
1255,4,13,AllGrid,3,100,10,43,21,"Draw(CCW,L5)",15104,1696.14,0,91,91,A1N,0.64,1.76363,2.34,1.6999999999999997
5259,3,8,AllGrid,3,100,10,43,6,"Draw(CW,S4)",53968,4635.37,0,97,97,A1N,0.33,2.18886,0.965,0.635
7905,3,15,AllGrid,3,100,10,43,56,"Hit(CW,10,MIDDLE)",203,16.7348,0,103,103,A1N,2.765,1.17037,2.865,0.10000000000000009
4159,5,11,AllGrid,3,100,10,43,63,"Hit(CCW,10,TOUCH)",32266,3378.73,0,103,103,A1N,0.38,1.77921,0.765,0.385
2788,5,13,AllGrid,3,100,10,43,56,"Hit(CW,4,MIDDLE)",23021,2946.22,0,139,139,A1N,2.305,1.49398,3.115,0.81
4360,7,4,AllGrid,3,100,10,43,41,"Freeze(CCW,1)",74265,5035.75,0,59,59,A1N,-0.75,1.94872,-0.47,0.28
8248,7,13,AllGrid,3,100,10,43,52,"PostGuard(CW,11,0)",8925,888.309,0,59,59,A1N,1.195,1.18616,1.49,0.29499999999999993
2081,5,9,AllGrid,3,100,10,43,44,"Hit(CW,8,WEAK)",37132,2548.87,0,53,53,A1N,0.585,1.70669,0.865,0.28
1265,4,5,AllGrid,3,100,10,43,17,"Draw(CCW,L3)",68856,4756.9,0,71,71,A1N,0.515,2.01737,0.89,0.375
3677,7,15,AllGrid,3,100,10,43,54,"Hit(CW,14,WEAK)",175,11.3981,0,75,75,A1N,1.695,0.960195,1.695,0.0
477,2,10,AllGrid,3,100,10,43,79,"PostGuard(CCW,8,2)",35748,2923.84,0,81,81,A1N,-1.445,2.01171,-0.245,1.2000000000000002
8462,7,13,AllGrid,3,100,10,43,11,"Draw(CCW,L0)",19395,2368.23,0,115,115,A1N,2.24,1.51737,2.63,0.3899999999999997
3186,1,11,AllGrid,3,100,10,43,78,"Hit(CW,8,STRONG)",33703,3636.98,0,119,119,A1N,-0.44,1.91739,1.3,1.74
8936,4,15,AllGrid,3,100,10,43,0,"Draw(CW,TEE)",245,26.6199,0,145,145,A1N,-0.12,1.37317,1.015,1.1349999999999998
966,6,3,AllGrid,3,100,10,43,4,"Draw(CW,S2)",81292,5290.32,0,55,55,A1N,0.92,2.22567,1.15,0.22999999999999987
232,1,13,AllGrid,3,100,10,43,1,"Draw(CCW,TEE)",8819,904.737,0,59,59,A1N,1.47,1.11315,1.575,0.10499999999999998
3968,6,10,AllGrid,3,100,10,43,8,"Draw(CW,S6)",28361,1922.15,0,49,49,A1N,-0.175,1.60449,0.95,1.125
2440,2,5,AllGrid,3,100,10,43,0,"Draw(CW,TEE)",68789,4897.19,0,71,71,A1N,0.67,2.05939,1.17,0.4999999999999999
1624,6,15,AllGrid,3,100,10,43,6,"Draw(CW,S4)",191,14.939,0,91,91,A1N,1.04,0.677052,1.265,0.22499999999999987
9851,7,8,AllGrid,3,100,10,43,66,"PostGuard(CW,0,2)",49070,3883.57,0,81,81,A1N,-0.31,1.94779,0.155,0.46499999999999997
9879,2,15,AllGrid,3,100,10,43,0,"Draw(CW,TEE)",217,19.9415,0,117,117,A1N,2.8,0.519615,3.125,0.3250000000000002
9832,1,9,AllGrid,3,100,10,43,6,"Draw(CW,S4)",45388,4008.4,0,103,103,A1N,1.035,1.58549,1.24,0.20500000000000007
4221,2,14,AllGrid,3,100,10,43,0,"Draw(CW,TEE)",12160,1634.98,0,145,145,A1N,-0.24,1.78393,1.555,1.795
1999,2,5,AllGrid,3,100,10,43,37,"Hit(CCW,2,MIDDLE)",63825,3978.73,0,53,53,A1N,0.685,1.74808,0.875,0.18999999999999995
99,4,13,AllGrid,3,100,10,43,10,"Draw(CW,L0)",8061,816.689,0,57,57,A1N,0.465,1.43484,0.635,0.16999999999999998
964,0,8,AllGrid,3,100,10,43,37,"Hit(CCW,3,MIDDLE)",45829,3184.59,0,63,63,A1N,-0.745,1.79999,-0.295,0.45
6357,7,5,AllGrid,3,100,10,43,23,"Draw(CCW,L6)",69346,4898.43,0,75,75,A1N,0.46,2.13738,0.895,0.435
632,7,12,AllGrid,3,100,10,43,7,"Draw(CCW,S4)",21002,2005.88,0,81,81,A1N,-0.195,1.67838,-0.195,0.0
3130,2,11,AllGrid,3,100,10,43,52,"Hit(CW,8,TOUCH)",28737,2631.85,0,91,91,A1N,0.62,1.73655,1.315,0.695
2941,4,13,AllGrid,3,100,10,43,6,"Draw(CW,S4)",22115,2690.5,0,125,125,A1N,-0.095,1.38419,1.365,1.46
6374,0,11,AllGrid,3,100,10,43,52,"Hit(CW,6,TOUCH)",33720,3398.78,0,113,113,A1N,-0.48,2.04441,1.54,2.02
156,7,14,AllGrid,3,100,10,43,56,"Hit(CW,5,MIDDLE)",11987,1544.34,0,145,145,A1N,1.105,1.00696,1.105,0.0
1570,1,4,AllGrid,3,100,10,43,41,"Freeze(CCW,1)",73789,4676.1,0,49,49,A1N,-0.505,2.05669,-0.32,0.185
7117,6,12,AllGrid,3,100,10,43,34,"Hit(CW,11,WEAK)",15069,1196.9,0,49,49,A1N,-0.185,1.42505,-0.14,0.044999999999999984
6164,7,6,AllGrid,3,100,10,43,44,"PostGuard(CW,4,1)",58214,3793.9,0,49,49,A1N,-0.38,1.97626,-0.25,0.13
4376,5,5,AllGrid,3,100,10,43,48,"Hit(CW,2,STRONG)",69155,4732.73,0,75,75,A1N,0.355,1.84905,0.9,0.545
4444,0,12,AllGrid,3,100,10,43,68,"PostGuard(CW,10,0)",19781,1743.04,0,75,75,A1N,-0.84,1.76193,-0.345,0.495
5083,5,6,AllGrid,3,100,10,43,2,"Draw(CW,S0)",64323,4518.47,0,81,81,A1N,-0.7,2.02485,-0.245,0.45499999999999996
894,4,13,AllGrid,3,100,10,43,0,"Draw(CW,TEE)",16523,1854.3,0,105,105,A1N,1.41,1.41135,2.14,0.7300000000000002
8445,1,11,AllGrid,3,100,10,43,66,"Hit(CW,10,MIDDLE)",33437,3198.6,0,103,103,A1N,1.88,1.99389,2.34,0.45999999999999996
7871,7,15,AllGrid,3,100,10,43,57,"Hit(CCW,4,MIDDLE)",251,27.7206,0,151,151,A1N,3.095,1.50863,3.185,0.08999999999999986
8198,0,4,AllGrid,3,100,10,43,51,"Freeze(CCW,3)",74561,4483.6,0,59,59,A1N,-0.705,1.97433,-0.365,0.33999999999999997
6829,6,13,AllGrid,3,100,10,43,49,"Hit(CCW,12,STRONG)",8011,795.154,0,53,53,A1N,0.295,1.18658,0.45,0.15500000000000003
4702,2,8,AllGrid,3,100,10,43,3,"Draw(CCW,S0)",44639,2821.76,0,49,49,A1N,-0.29,1.80164,-0.045,0.245
4058,3,5,AllGrid,3,100,10,43,6,"Draw(CW,S4)",69669,4157.82,0,71,71,A1N,0.825,1.94535,0.985,0.16000000000000003
7591,4,13,AllGrid,3,100,10,43,0,"Draw(CW,TEE)",15474,1690.76,0,97,97,A1N,2.94,1.27922,3.245,0.30500000000000016
1445,7,8,AllGrid,3,100,10,43,2,"Draw(CW,S0)",47984,3174.16,0,65,65,A1N,-0.51,1.80275,-0.23,0.28
5373,5,13,AllGrid,3,100,10,43,7,"Draw(CCW,S4)",17169,1832.15,0,107,107,A1N,1.6,1.36382,1.945,0.345
5423,3,9,AllGrid,3,100,10,43,45,"Hit(CCW,2,WEAK)",45949,3459.3,0,103,103,A1N,0.315,1.94056,0.97,0.655
1644,5,15,AllGrid,3,100,10,43,47,"Hit(CCW,4,MIDDLE)",235,24.8935,0,135,135,A1N,-0.735,0.992358,-0.35,0.385
6839,5,3,AllGrid,3,100,10,43,20,"Draw(CW,L5)",79564,4155.27,0,55,55,A1N,0.835,2.14657,1.225,0.3900000000000001
1063,2,15,AllGrid,3,100,10,43,35,"Hit(CCW,12,WEAK)",155,9.28785,0,55,55,A1N,1.895,0.306553,1.905,0.010000000000000009
3774,5,6,AllGrid,3,100,10,43,32,"Hit(CW,1,TOUCH)",60825,3609.77,0,65,65,A1N,-0.615,1.91749,-0.215,0.4
7844,2,5,AllGrid,3,100,10,43,40,"Freeze(CW,0)",68071,3830.83,0,71,71,A1N,0.68,2.09227,1.02,0.33999999999999997
5770,5,13,AllGrid,3,100,10,43,18,"Draw(CW,L4)",13860,1544.64,0,91,91,A1N,1.02,0.854166,1.12,0.10000000000000009
7977,6,14,AllGrid,3,100,10,44,37,"Hit(CCW,1,MIDDLE)",12170,1549.6,0,145,145,A1N,-1.635,1.47369,-1.635,0.0
3926,6,11,AllGrid,3,100,10,44,67,"Hit(CCW,6,MIDDLE)",35622,3714.32,0,123,123,A1N,-0.455,1.96926,0.425,0.88
3883,1,14,AllGrid,3,100,10,44,0,"Draw(CW,TEE)",1214,100.441,0,37,37,A1N,-0.29,0.925149,-0.075,0.21499999999999997
9222,7,5,AllGrid,3,100,10,44,17,"Draw(CCW,L3)",62342,3756.01,0,37,37,A1N,1.315,2.00394,1.315,0.0
7881,2,15,AllGrid,3,100,10,44,88,"Hit(CW,12,STRONG)",229,20.6398,0,129,129,A1N,1.72,2.06678,1.72,0.0
6406,1,10,AllGrid,3,100,10,44,10,"Draw(CW,L0)",30875,2262.34,0,59,59,A1N,-1.015,1.7014,-0.385,0.6299999999999999
8452,5,15,AllGrid,3,100,10,44,37,"Hit(CCW,0,MIDDLE)",253,26.7009,0,153,153,A1N,1.435,0.851924,1.935,0.5
1028,6,15,AllGrid,3,100,10,44,0,"Draw(CW,TEE)",251,26.8969,0,151,151,A1N,0.77,0.668655,1.0,0.22999999999999998
2596,1,14,AllGrid,3,100,10,44,38,"Hit(CW,1,STRONG)",12163,1552.59,0,145,145,A1N,1.84,1.21425,1.97,0.1299999999999999
4748,1,3,AllGrid,3,100,10,44,29,"PreGuard(CCW,G4)",79269,4976.43,0,49,49,A1N,0.225,2.04802,0.985,0.76
9206,3,13,AllGrid,3,100,10,44,34,"Hit(CW,12,WEAK)",7668,740.607,0,49,49,A1N,1.73,1.43774,1.73,0.0
5859,1,6,AllGrid,3,100,10,44,53,"PostGuard(CCW,2,0)",61177,4371.78,0,65,65,A1N,-0.545,1.99198,-0.015,0.53
6871,4,5,AllGrid,3,100,10,44,53,"PostGuard(CCW,1,0)",68494,4811.58,0,71,71,A1N,0.905,1.98645,1.32,0.41500000000000004
7163,3,13,AllGrid,3,100,10,44,1,"Draw(CCW,TEE)",14477,1538.76,0,85,85,A1N,1.57,1.50502,2.465,0.8949999999999998
5807,0,8,AllGrid,3,100,10,44,35,"Hit(CCW,3,WEAK)",50619,3895.12,0,81,81,A1N,-0.34,2.24375,0.03,0.37
5567,2,15,AllGrid,3,100,10,44,0,"Draw(CW,TEE)",229,22.4171,0,129,129,A1N,1.535,0.999387,1.93,0.395
2507,3,11,AllGrid,3,100,10,44,43,"Hit(CCW,4,STRONG)",33054,3131.85,0,107,107,A1N,0.45,1.86748,1.715,1.2650000000000001
7006,3,15,AllGrid,3,100,10,44,0,"Draw(CW,TEE)",245,27.1041,0,145,145,A1N,-1.0,0.0,-0.97,0.030000000000000027
1984,6,4,AllGrid,3,100,10,44,27,"PreGuard(CCW,G3)",74486,4997.37,0,59,59,A1N,-0.75,2.16968,-0.31,0.44
1845,7,14,AllGrid,3,100,10,44,48,"PostGuard(CW,12,0)",3135,294.69,0,55,55,A1N,1.005,1.77904,1.44,0.43500000000000005
5780,2,6,AllGrid,3,100,10,44,21,"Draw(CCW,L5)",56421,3596.18,0,49,49,A1N,-0.65,2.05852,-0.375,0.275
8645,7,5,AllGrid,3,100,10,44,45,"Hit(CCW,2,WEAK)",68891,4933.06,0,71,71,A1N,0.625,2.02346,0.92,0.29500000000000004
6132,0,13,AllGrid,3,100,10,44,9,"Draw(CCW,S6)",15489,1703.56,0,87,87,A1N,2.24,1.14996,2.62,0.3799999999999999
3339,4,10,AllGrid,3,100,10,44,34,"Hit(CW,7,WEAK)",34240,2588.97,0,71,71,A1N,-0.77,1.72253,-0.305,0.465
3566,6,14,AllGrid,3,100,10,44,0,"Draw(CW,TEE)",10507,1344.94,0,129,129,A1N,1.0,0.282843,1.01,0.010000000000000009
5523,3,9,AllGrid,3,100,10,44,59,"Hit(CCW,4,STRONG)",45698,4093.15,0,103,103,A1N,0.51,1.97987,0.74,0.22999999999999998
7015,5,14,AllGrid,3,100,10,44,56,"Hit(CW,5,MIDDLE)",12005,1518.66,0,145,145,A1N,-2.685,1.48181,-1.135,1.55
743,7,3,AllGrid,3,100,10,44,1,"Draw(CCW,TEE)",80947,5316.09,0,55,55,A1N,0.59,1.97532,0.98,0.39
1014,4,15,AllGrid,3,100,10,44,33,"Hit(CCW,10,TOUCH)",161,11.4374,0,61,61,A1N,1.54,1.31848,3.325,1.7850000000000001
3900,0,10,AllGrid,3,100,10,44,6,"Draw(CW,S4)",31275,2312.64,0,55,55,A1N,-0.195,1.84851,0.305,0.5
4543,6,5,AllGrid,3,100,10,44,61,"PostGuard(CCW,3,1)",68717,4895.09,0,71,71,A1N,0.085,2.18123,1.09,1.0050000000000001
9231,5,14,AllGrid,3,100,10,44,2,"Draw(CW,S0)",7844,878.047,0,101,101,A1N,1.665,1.2778,2.025,0.3599999999999999
1825,5,7,AllGrid,3,100,10,44,47,"Hit(CCW,4,MIDDLE)",55941,4166.1,0,77,77,A1N,0.515,1.97225,0.865,0.35
4062,4,15,AllGrid,3,100,10,44,36,"Hit(CW,2,MIDDLE)",217,19.547,0,117,117,A1N,-1.475,0.812019,-0.475,1.0
9882,2,11,AllGrid,3,100,10,44,39,"Hit(CCW,2,STRONG)",33578,3311.06,0,109,109,A1N,0.33,1.76383,1.295,0.9649999999999999
2998,6,14,AllGrid,3,100,10,44,7,"Draw(CCW,S4)",12120,1601.02,0,145,145,A1N,2.44,0.668132,2.895,0.45500000000000007
1555,2,3,AllGrid,3,100,10,44,54,Pass,80615,5293.89,0,55,55,A1N,0.58,1.75886,1.1,0.5200000000000001
4372,4,14,AllGrid,3,100,10,44,19,"Draw(CCW,L4)",2376,226.387,0,49,49,A1N,0.02,1.24081,0.095,0.075
3732,7,7,AllGrid,3,100,10,44,33,"Hit(CCW,4,TOUCH)",48246,2965.3,0,49,49,A1N,0.9,1.78326,1.125,0.22499999999999998
3858,5,5,AllGrid,3,100,10,44,23,"Draw(CCW,L6)",69275,5104.1,0,75,75,A1N,0.64,2.09771,0.885,0.245
1938,0,14,AllGrid,3,100,10,44,35,"Hit(CCW,9,WEAK)",7596,885.569,0,93,93,A1N,1.37,1.80086,1.43,0.05999999999999983
9112,3,9,AllGrid,3,100,10,44,3,"Draw(CCW,S0)",39830,3094.14,0,75,75,A1N,-0.08,1.85569,0.76,0.84
4157,3,12,AllGrid,3,100,10,44,51,"Freeze(CCW,5)",25749,2756.6,0,107,107,A1N,-1.805,1.72539,-0.705,1.1
7373,1,11,AllGrid,3,100,10,44,38,"Hit(CW,2,STRONG)",30518,2889.52,0,103,103,A1N,0.435,1.85628,1.175,0.74
7173,4,15,AllGrid,3,100,10,44,0,"Draw(CW,TEE)",251,28.9596,0,151,151,A1N,1.84,0.366606,2.0,0.15999999999999992
196,4,4,AllGrid,3,100,10,44,24,"Draw(CW,L7)",74255,4827.21,0,49,49,A1N,-0.76,2.04754,-0.22,0.54
2630,2,14,AllGrid,3,100,10,44,33,"Hit(CCW,11,TOUCH)",3389,323.14,0,59,59,A1N,-1.445,1.39175,-1.07,0.375
5731,2,10,AllGrid,3,100,10,44,39,"Hit(CCW,9,STRONG)",26444,1705.12,0,43,43,A1N,-0.765,1.44906,-0.555,0.20999999999999996
9518,4,5,AllGrid,3,100,10,44,16,"Draw(CW,L3)",69492,5029.85,0,71,71,A1N,0.745,2.26274,0.985,0.24
8211,7,12,AllGrid,3,100,10,44,6,"Draw(CW,S4)",19422,1740.2,0,79,79,A1N,-1.225,1.77606,-0.815,0.41000000000000014
5392,3,13,AllGrid,3,100,10,44,36,"Hit(CW,0,MIDDLE)",22319,2846.32,0,135,135,A1N,-1.21,1.59872,-1.005,0.20500000000000007
4262,4,2,AllGrid,3,100,10,44,29,"PreGuard(CCW,G4)",88493,5767.76,0,49,49,A1N,-0.875,2.14927,-0.465,0.41
6230,1,12,AllGrid,3,100,10,44,7,"Draw(CCW,S4)",14882,1195.13,0,49,49,A1N,-0.525,1.56185,-0.215,0.31000000000000005
3543,4,7,AllGrid,3,100,10,44,34,"Hit(CW,2,WEAK)",49330,3240.45,0,55,55,A1N,0.86,1.87894,1.025,0.16499999999999992
1784,6,5,AllGrid,3,100,10,44,19,"Draw(CCW,L4)",69471,4861.42,0,71,71,A1N,0.575,2.05046,1.05,0.4750000000000001
4905,4,14,AllGrid,3,100,10,44,3,"Draw(CCW,S0)",8154,892.216,0,101,101,A1N,-2.65,1.22372,-1.65,1.0
3837,2,10,AllGrid,3,100,10,44,51,"Freeze(CCW,9)",33213,2685.66,0,71,71,A1N,-0.635,1.74979,-0.455,0.18
2854,0,15,AllGrid,3,100,10,44,47,"Hit(CCW,10,MIDDLE)",203,17.8567,0,103,103,A1N,0.335,1.65613,1.18,0.845
1221,1,10,AllGrid,3,100,10,44,77,"Hit(CCW,9,MIDDLE)",40725,3981.56,0,113,113,A1N,-1.045,1.94499,-0.575,0.47
7301,6,14,AllGrid,3,100,10,44,1,"Draw(CCW,TEE)",12151,1624.4,0,145,145,A1N,1.945,0.22798,1.985,0.040000000000000036
5248,0,3,AllGrid,3,100,10,44,33,"Hit(CCW,2,TOUCH)",81229,5292.28,0,49,49,A1N,0.82,1.97423,1.33,0.5100000000000001
2545,3,15,AllGrid,3,100,10,44,0,"Draw(CW,TEE)",161,11.0046,0,61,61,A1N,2.98,0.14,2.98,0.0
6335,1,11,AllGrid,3,100,10,44,35,"Hit(CCW,6,WEAK)",19429,1288.69,0,53,53,A1N,0.965,1.54395,1.125,0.16000000000000003
8275,4,5,AllGrid,3,100,10,44,38,"Hit(CW,0,STRONG)",68651,4753.33,0,71,71,A1N,0.9,1.98242,1.005,0.10499999999999987
963,5,13,AllGrid,3,100,10,44,9,"Draw(CCW,S6)",15586,1742.53,0,89,89,A1N,0.97,1.70267,1.235,0.2650000000000001
176,5,11,AllGrid,3,100,10,44,48,"Hit(CW,6,STRONG)",31731,3007.01,0,97,97,A1N,0.885,2.01042,1.585,0.7
2199,1,13,AllGrid,3,100,10,44,4,"Draw(CW,S2)",20103,2407.86,0,119,119,A1N,-0.795,1.4741,0.25,1.045
8298,3,11,AllGrid,3,100,10,44,36,"Hit(CW,0,MIDDLE)",35208,3620.34,0,119,119,A1N,1.15,2.19488,1.185,0.03500000000000014
6729,2,14,AllGrid,3,100,10,44,2,"Draw(CW,S0)",11829,1492.81,0,135,135,A1N,0.6,1.1619,0.665,0.06500000000000006
8119,5,4,AllGrid,3,100,10,44,7,"Draw(CCW,S4)",75290,5214.03,0,65,65,A1N,-0.18,2.02178,-0.18,0.0
8189,0,14,AllGrid,3,100,10,44,34,"Hit(CW,13,WEAK)",3338,331.36,0,55,55,A1N,-0.055,1.26173,0.025,0.08
9791,0,8,AllGrid,3,100,10,44,51,"PostGuard(CCW,6,1)",45419,3102.19,0,55,55,A1N,-0.375,2.01851,-0.11,0.265
5487,5,5,AllGrid,3,100,10,44,6,"Draw(CW,S4)",68791,4913.15,0,71,71,A1N,0.695,2.13354,1.085,0.39
4950,0,15,AllGrid,3,100,10,44,48,"Hit(CW,14,STRONG)",171,11.9508,0,71,71,A1N,0.83,1.64046,0.83,0.0
9143,3,7,AllGrid,3,100,10,44,40,"Freeze(CW,0)",56127,4272.69,0,81,81,A1N,0.645,1.93623,1.135,0.49
4517,4,13,AllGrid,3,100,10,44,2,"Draw(CW,S0)",20481,2556.3,0,123,123,A1N,1.41,0.837795,1.535,0.125
2994,5,10,AllGrid,3,100,10,44,40,"Freeze(CW,1)",41556,3956.05,0,113,113,A1N,-0.35,1.85135,0.045,0.39499999999999996
961,6,13,AllGrid,3,100,10,44,59,"Hit(CCW,4,STRONG)",23489,2915.21,0,139,139,A1N,-2.155,1.8141,-1.735,0.4199999999999997
1566,1,3,AllGrid,3,100,10,44,38,"Hit(CW,0,STRONG)",81562,5554.75,0,59,59,A1N,0.87,1.88497,0.975,0.10499999999999998
1686,6,15,AllGrid,3,100,10,44,0,"Draw(CW,TEE)",149,9.49785,0,49,49,A1N,1.0,0.0,1.0,0.0
1201,0,6,AllGrid,3,100,10,44,1,"Draw(CCW,TEE)",58387,3892.29,0,53,53,A1N,-0.59,1.98794,-0.385,0.20499999999999996
5494,4,5,AllGrid,3,100,10,44,51,"Freeze(CCW,2)",69923,5120.98,0,75,75,A1N,0.51,1.94677,1.21,0.7
2492,4,15,AllGrid,3,100,10,44,2,"Draw(CW,S0)",175,12.4356,0,75,75,A1N,1.175,1.24675,1.65,0.47499999999999987
8959,1,11,AllGrid,3,100,10,44,64,"Hit(CW,10,WEAK)",31153,2961.69,0,97,97,A1N,0.87,1.80086,1.26,0.39
1671,0,15,AllGrid,3,100,10,44,47,"Hit(CCW,6,MIDDLE)",217,20.1401,0,117,117,A1N,1.63,2.4603,2.74,1.1100000000000003
1385,7,11,AllGrid,3,100,10,44,79,"PostGuard(CCW,5,0)",30827,2810.81,0,103,103,A1N,1.075,1.71737,1.18,0.10499999999999998
6872,1,14,AllGrid,3,100,10,44,35,"Hit(CCW,3,WEAK)",11711,1556.71,0,135,135,A1N,0.055,1.41844,1.02,0.965
8785,1,4,AllGrid,3,100,10,44,0,"Draw(CW,TEE)",72827,4796.34,0,49,49,A1N,-0.53,1.88391,-0.32,0.21000000000000002
1835,0,15,AllGrid,3,100,10,44,55,"Hit(CCW,14,WEAK)",169,11.2305,0,69,69,A1N,1.235,1.19573,1.235,0.0
6216,7,8,AllGrid,3,100,10,44,50,"PostGuard(CW,6,1)",45654,3103.91,0,55,55,A1N,0.075,1.99984,0.075,0.0
8471,6,5,AllGrid,3,100,10,44,40,"Freeze(CW,0)",70345,5097.01,0,75,75,A1N,0.635,2.09088,1.06,0.42500000000000004
256,3,12,AllGrid,3,100,10,44,6,"Draw(CW,S4)",20763,1962.22,0,77,77,A1N,-0.315,1.75948,0.495,0.81
5778,2,9,AllGrid,3,100,10,44,2,"Draw(CW,S0)",44879,3773.73,0,97,97,A1N,0.45,1.74284,0.915,0.465
6320,4,15,AllGrid,3,100,10,44,67,"Hit(CCW,12,MIDDLE)",203,16.8142,0,103,103,A1N,-0.205,1.77002,-0.055,0.15
1638,4,11,AllGrid,3,100,10,44,13,"Draw(CCW,L1)",31215,2911.98,0,103,103,A1N,0.065,1.62197,0.715,0.6499999999999999
2310,6,15,AllGrid,3,100,10,44,59,"Hit(CCW,6,STRONG)",235,19.2079,0,135,135,A1N,0.145,2.22351,2.215,2.07
7921,5,4,AllGrid,3,100,10,44,41,"Freeze(CCW,1)",72541,4712.56,0,49,49,A1N,-0.815,2.05202,-0.205,0.61
1361,1,12,AllGrid,3,100,10,44,41,"Freeze(CCW,9)",16415,1387.58,0,59,59,A1N,0.01,1.60309,0.19,0.18
5041,1,8,AllGrid,3,100,10,44,18,"Draw(CW,L4)",45159,3132.53,0,55,55,A1N,-0.385,1.80188,0.14,0.525
5033,7,5,AllGrid,3,100,10,44,25,"Draw(CCW,L7)",68799,4934.15,0,71,71,A1N,0.665,2.11489,1.165,0.5
5022,1,15,AllGrid,3,100,10,44,1,"Draw(CCW,TEE)",189,15.2042,0,89,89,A1N,1.145,0.392396,1.25,0.10499999999999998
9907,7,9,AllGrid,3,100,10,44,2,"Draw(CW,S0)",36889,2537.26,0,65,65,A1N,0.19,1.73318,1.01,0.8200000000000001
8627,2,12,AllGrid,3,100,10,44,59,"Hit(CCW,9,STRONG)",24206,2558.58,0,103,103,A1N,-0.055,2.00299,0.415,0.47
1641,6,10,AllGrid,3,100,10,44,75,"Hit(CCW,9,WEAK)",41319,4186.88,0,113,113,A1N,-0.23,1.99176,0.31,0.54
7249,2,15,AllGrid,3,100,10,44,36,"Hit(CW,0,MIDDLE)",239,23.4454,0,139,139,A1N,-0.385,1.03768,1.0,1.385
4837,7,2,AllGrid,3,100,10,44,44,"PostGuard(CW,0,1)",88151,5786.73,0,49,49,A1N,-0.18,2.14886,-0.18,0.0
1039,2,15,AllGrid,3,100,10,44,35,"Hit(CCW,14,WEAK)",143,8.58691,0,43,43,A1N,0.955,0.207304,0.955,0.0
7846,3,10,AllGrid,3,100,10,44,32,"Hit(CW,7,TOUCH)",32141,2453.28,0,65,65,A1N,-0.895,1.82592,-0.12,0.775
5246,2,5,AllGrid,3,100,10,44,0,"Draw(CW,TEE)",70168,5069.2,0,75,75,A1N,0.61,2.01938,1.025,0.4149999999999999
4166,2,12,AllGrid,3,100,10,44,52,"Hit(CW,11,STRONG)",19027,1703.47,0,75,75,A1N,0.06,1.79622,0.19,0.13
6533,4,6,AllGrid,3,100,10,44,53,"Hit(CCW,5,TOUCH)",64396,4988.93,0,81,81,A1N,0.345,2.03617,0.615,0.27
5721,0,12,AllGrid,3,100,10,44,12,"Draw(CW,L1)",28188,3046.2,0,123,123,A1N,1.63,1.0831,1.945,0.31500000000000017
4463,7,9,AllGrid,3,100,10,44,2,"Draw(CW,S0)",45647,3983.13,0,103,103,A1N,-0.06,1.9433,1.03,1.09
5606,2,14,AllGrid,3,100,10,44,48,"Hit(CW,3,STRONG)",11016,1377.5,0,139,139,A1N,0.54,1.4207,0.54,0.0
1123,4,3,AllGrid,3,100,10,44,34,"Hit(CW,0,WEAK)",78965,5144.15,0,55,55,A1N,0.73,2.10881,1.04,0.31000000000000005
8113,3,15,AllGrid,3,100,10,44,0,"Draw(CW,TEE)",169,12.6076,0,69,69,A1N,0.93,0.36756,1.0,0.06999999999999995
716,6,7,AllGrid,3,100,10,44,37,"Hit(CCW,4,MIDDLE)",51390,3420.53,0,55,55,A1N,0.615,1.7991,1.015,0.3999999999999999
459,3,5,AllGrid,3,100,10,44,37,"Hit(CCW,0,MIDDLE)",68677,4822.23,0,71,71,A1N,0.88,2.24847,1.05,0.17000000000000004
9287,7,12,AllGrid,3,100,10,44,1,"Draw(CCW,TEE)",17727,1527.61,0,65,65,A1N,-0.455,1.44844,-0.31,0.14500000000000002
5647,1,10,AllGrid,3,100,10,44,40,"Freeze(CW,1)",36734,3072.57,0,91,91,A1N,0.12,1.69576,0.33,0.21000000000000002
4562,4,13,AllGrid,3,100,10,44,76,"Hit(CW,8,MIDDLE)",20399,2524.88,0,129,129,A1N,1.765,1.36006,1.765,0.0
6201,5,11,AllGrid,3,100,10,44,50,"Freeze(CW,2)",31437,3067.32,0,107,107,A1N,0.145,1.79833,0.765,0.62
9166,3,14,AllGrid,3,100,10,44,11,"Draw(CCW,L0)",10982,1417.19,0,139,139,A1N,-0.58,1.31286,0.995,1.575
8703,4,3,AllGrid,3,100,10,44,20,"Draw(CW,L5)",80113,5054.76,0,49,49,A1N,0.525,2.05411,1.18,0.6549999999999999
1616,0,14,AllGrid,3,100,10,44,39,"Hit(CCW,7,STRONG)",3869,387.307,0,69,69,A1N,-0.78,1.42183,0.86,1.6400000000000001
5809,3,9,AllGrid,3,100,10,44,44,"Hit(CW,8,WEAK)",34922,2308.05,0,53,53,A1N,0.45,1.64241,0.78,0.33
4651,6,5,AllGrid,3,100,10,44,8,"Draw(CW,S6)",69035,4872.54,0,71,71,A1N,0.3,2.19317,0.915,0.615
8894,2,15,AllGrid,3,100,10,44,2,"Draw(CW,S0)",179,13.231,0,79,79,A1N,1.885,0.437921,1.885,0.0
2369,6,9,AllGrid,3,100,10,44,0,"Draw(CW,TEE)",40939,3134.35,0,79,79,A1N,0.405,1.81135,0.69,0.2849999999999999
1083,7,15,AllGrid,3,100,10,44,57,"Hit(CCW,12,MIDDLE)",203,17.2723,0,103,103,A1N,0.61,1.73433,0.74,0.13
366,3,11,AllGrid,3,100,10,44,85,"PostGuard(CCW,1,1)",34037,3530.03,0,119,119,A1N,0.885,1.56262,1.555,0.6699999999999999
6354,2,15,AllGrid,3,100,10,44,4,"Draw(CW,S2)",251,25.7957,0,151,151,A1N,1.535,0.498773,1.535,0.0
9260,7,2,AllGrid,3,100,10,44,30,"PreGuard(CW,G5)",87026,5693.73,0,49,49,A1N,-0.465,1.96438,-0.21,0.255
6267,4,12,AllGrid,3,100,10,44,6,"Draw(CW,S4)",16351,1320.45,0,55,55,A1N,-0.06,1.59887,-0.025,0.034999999999999996
1158,6,8,AllGrid,3,100,10,44,8,"Draw(CW,S6)",46291,3274.24,0,65,65,A1N,-0.315,1.93023,0.39,0.7050000000000001
6520,1,5,AllGrid,3,100,10,44,38,"Hit(CW,0,STRONG)",70016,5215.73,0,75,75,A1N,0.485,1.99494,1.215,0.7300000000000001
2099,0,14,AllGrid,3,100,10,44,7,"Draw(CCW,S4)",7190,781.582,0,91,91,A1N,0.535,1.32241,0.56,0.025000000000000022
4892,6,10,AllGrid,3,100,10,44,1,"Draw(CCW,TEE)",37602,3367.68,0,101,101,A1N,-0.81,1.92974,0.185,0.9950000000000001
7859,3,14,AllGrid,3,100,10,44,59,"Hit(CCW,7,STRONG)",10900,1364.58,0,129,129,A1N,-0.05,2.01432,0.515,0.5650000000000001
2084,7,10,AllGrid,3,100,10,44,43,"Hit(CCW,3,TOUCH)",41244,4094.18,0,113,113,A1N,2.16,1.75054,2.465,0.3049999999999997
5335,1,14,AllGrid,3,100,10,44,85,"Hit(CCW,11,WEAK)",12229,1644.85,0,145,145,A1N,0.485,1.67026,0.485,0.0
5272,2,4,AllGrid,3,100,10,44,41,"Freeze(CCW,1)",73133,4837.43,0,53,53,A1N,-0.685,2.16697,-0.41,0.2750000000000001
5472,3,13,AllGrid,3,100,10,44,28,"PreGuard(CW,G4)",10298,1062.26,0,69,69,A1N,-0.085,1.65462,0.7,0.7849999999999999
4526,5,9,AllGrid,3,100,10,44,42,"Hit(CW,6,TOUCH)",38940,2815.4,0,65,65,A1N,0.365,1.77532,0.685,0.32000000000000006
6392,2,5,AllGrid,3,100,10,44,39,"Hit(CCW,0,STRONG)",69754,5216.11,0,75,75,A1N,0.86,1.97747,1.075,0.21499999999999997
1255,4,13,AllGrid,3,100,10,44,64,"Hit(CW,12,WEAK)",15100,1699.59,0,91,91,A1N,1.845,1.70322,2.34,0.4949999999999999
5259,3,8,AllGrid,3,100,10,44,19,"Draw(CCW,L4)",53357,4555.4,0,97,97,A1N,0.455,1.88891,0.965,0.51
7905,3,15,AllGrid,3,100,10,44,54,"Hit(CW,10,WEAK)",203,14.9781,0,103,103,A1N,2.45,1.65151,2.865,0.41500000000000004
4159,5,11,AllGrid,3,100,10,44,45,"Hit(CCW,6,WEAK)",32095,3347.15,0,103,103,A1N,0.495,1.772,0.765,0.27
2788,5,13,AllGrid,3,100,10,44,69,"Hit(CCW,6,STRONG)",23021,2952.31,0,139,139,A1N,2.67,1.62822,3.115,0.4450000000000003
4360,7,4,AllGrid,3,100,10,44,49,"Hit(CCW,3,STRONG)",74380,5052.19,0,59,59,A1N,-0.51,1.88412,-0.47,0.040000000000000036
8248,7,13,AllGrid,3,100,10,44,19,"Draw(CCW,L4)",9113,932.538,0,59,59,A1N,0.825,1.5081,1.49,0.665
2081,5,9,AllGrid,3,100,10,44,51,"Freeze(CCW,8)",37528,2545.29,0,53,53,A1N,0.17,1.71788,0.865,0.695
1265,4,5,AllGrid,3,100,10,44,3,"Draw(CCW,S0)",69259,4852.92,0,71,71,A1N,0.74,2.03774,0.89,0.15000000000000002
3677,7,15,AllGrid,3,100,10,44,55,"Hit(CCW,14,WEAK)",175,12.1671,0,75,75,A1N,1.65,1.01366,1.695,0.04500000000000015
477,2,10,AllGrid,3,100,10,44,43,"Hit(CCW,7,TOUCH)",35756,2997.41,0,81,81,A1N,-0.375,2.01603,-0.245,0.13
8462,7,13,AllGrid,3,100,10,44,6,"Draw(CW,S4)",19395,2339.63,0,115,115,A1N,1.48,1.94412,2.63,1.15
3186,1,11,AllGrid,3,100,10,44,56,"Hit(CW,4,MIDDLE)",33496,3572.25,0,119,119,A1N,1.3,2.06398,1.3,0.0
8936,4,15,AllGrid,3,100,10,44,0,"Draw(CW,TEE)",245,26.8983,0,145,145,A1N,-0.12,1.37317,1.015,1.1349999999999998
966,6,3,AllGrid,3,100,10,44,24,"Draw(CW,L7)",80804,5298.63,0,55,55,A1N,0.51,2.07603,1.15,0.6399999999999999
232,1,13,AllGrid,3,100,10,44,1,"Draw(CCW,TEE)",8892,839.168,0,59,59,A1N,1.47,1.11315,1.575,0.10499999999999998
3968,6,10,AllGrid,3,100,10,44,41,"PostGuard(CCW,6,2)",28408,1930.89,0,49,49,A1N,0.65,1.84594,0.95,0.29999999999999993
2440,2,5,AllGrid,3,100,10,44,39,"Hit(CCW,0,STRONG)",69009,4989.54,0,71,71,A1N,0.425,1.99358,1.17,0.7449999999999999
1624,6,15,AllGrid,3,100,10,44,48,"Hit(CW,8,STRONG)",191,14.0744,0,91,91,A1N,1.265,1.15532,1.265,0.0
9851,7,8,AllGrid,3,100,10,44,5,"Draw(CCW,S2)",49016,3908.65,0,81,81,A1N,-0.325,1.82192,0.155,0.48
9879,2,15,AllGrid,3,100,10,44,45,"Hit(CCW,6,WEAK)",217,20.0085,0,117,117,A1N,3.125,0.599479,3.125,0.0
9832,1,9,AllGrid,3,100,10,44,63,"Hit(CCW,6,TOUCH)",45854,4140.35,0,103,103,A1N,0.24,1.78393,1.24,1.0
4221,2,14,AllGrid,3,100,10,44,2,"Draw(CW,S0)",12160,1605.05,0,145,145,A1N,0.145,1.5824,1.555,1.41
1999,2,5,AllGrid,3,100,10,44,29,"PreGuard(CCW,G4)",64489,4075.38,0,53,53,A1N,0.245,2.15754,0.875,0.63
99,4,13,AllGrid,3,100,10,44,51,"Hit(CCW,12,MIDDLE)",7894,783.88,0,57,57,A1N,0.015,1.16395,0.635,0.62
964,0,8,AllGrid,3,100,10,44,43,"Hit(CCW,5,TOUCH)",44836,3139.57,0,63,63,A1N,-0.88,2.19445,-0.295,0.585
6357,7,5,AllGrid,3,100,10,44,68,"PostGuard(CW,3,0)",70091,5148.96,0,75,75,A1N,0.745,1.95959,0.895,0.15000000000000002
632,7,12,AllGrid,3,100,10,44,3,"Draw(CCW,S0)",21144,2001.44,0,81,81,A1N,-0.365,1.75265,-0.195,0.16999999999999998
3130,2,11,AllGrid,3,100,10,44,18,"Draw(CW,L4)",28635,2584.16,0,91,91,A1N,0.275,1.78027,1.315,1.04
2941,4,13,AllGrid,3,100,10,44,9,"Draw(CCW,S6)",21911,2681.12,0,125,125,A1N,0.41,1.61304,1.365,0.9550000000000001
6374,0,11,AllGrid,3,100,10,44,77,"Hit(CCW,10,MIDDLE)",33564,3314.46,0,113,113,A1N,0.485,2.27591,1.54,1.0550000000000002
156,7,14,AllGrid,3,100,10,44,84,"Hit(CW,11,WEAK)",11987,1578.69,0,145,145,A1N,0.69,1.09722,1.105,0.41500000000000004
1570,1,4,AllGrid,3,100,10,44,13,"Draw(CCW,L1)",72722,4748.71,0,49,49,A1N,-0.54,2.02692,-0.32,0.22000000000000003
7117,6,12,AllGrid,3,100,10,44,39,"Hit(CCW,11,STRONG)",15206,1213.25,0,49,49,A1N,-0.45,1.20727,-0.14,0.31
6164,7,6,AllGrid,3,100,10,44,13,"Draw(CCW,L1)",59344,3853.57,0,49,49,A1N,-0.595,1.93416,-0.25,0.345
4376,5,5,AllGrid,3,100,10,44,65,"PostGuard(CCW,1,1)",69594,4817.9,0,75,75,A1N,0.225,2.01355,0.9,0.675
4444,0,12,AllGrid,3,100,10,44,34,"Hit(CW,3,WEAK)",19712,1801.93,0,75,75,A1N,-0.675,1.70276,-0.345,0.33000000000000007
5083,5,6,AllGrid,3,100,10,44,27,"PreGuard(CCW,G3)",64516,4475.08,0,81,81,A1N,-0.96,1.90746,-0.245,0.715
894,4,13,AllGrid,3,100,10,44,0,"Draw(CW,TEE)",16523,1850.73,0,105,105,A1N,1.41,1.41135,2.14,0.7300000000000002
8445,1,11,AllGrid,3,100,10,44,89,"PostGuard(CCW,5,2)",33248,3033.09,0,103,103,A1N,1.99,1.63398,2.34,0.34999999999999987
7871,7,15,AllGrid,3,100,10,44,57,"Hit(CCW,4,MIDDLE)",251,28.4631,0,151,151,A1N,3.095,1.50863,3.185,0.08999999999999986
8198,0,4,AllGrid,3,100,10,44,2,"Draw(CW,S0)",74614,4358.77,0,59,59,A1N,-0.84,1.86397,-0.365,0.475
6829,6,13,AllGrid,3,100,10,44,49,"Hit(CCW,12,STRONG)",8050,796.939,0,53,53,A1N,0.295,1.18658,0.45,0.15500000000000003
4702,2,8,AllGrid,3,100,10,44,16,"Draw(CW,L3)",44530,2817.28,0,49,49,A1N,-0.845,1.6766,-0.045,0.7999999999999999
4058,3,5,AllGrid,3,100,10,44,57,"PostGuard(CCW,1,2)",69219,4150.28,0,71,71,A1N,0.36,2.03234,0.985,0.625
7591,4,13,AllGrid,3,100,10,44,6,"Draw(CW,S4)",15474,1705.1,0,97,97,A1N,2.865,1.26364,3.245,0.3799999999999999
1445,7,8,AllGrid,3,100,10,44,37,"Hit(CCW,7,TOUCH)",47356,3072.01,0,65,65,A1N,-0.54,1.83259,-0.23,0.31000000000000005
5373,5,13,AllGrid,3,100,10,44,33,"Hit(CCW,0,TOUCH)",17169,1896.16,0,107,107,A1N,1.45,1.44827,1.945,0.4950000000000001
5423,3,9,AllGrid,3,100,10,44,50,"Freeze(CW,2)",45861,3364.14,0,103,103,A1N,0.66,1.77888,0.97,0.30999999999999994
1644,5,15,AllGrid,3,100,10,44,77,"Hit(CCW,10,MIDDLE)",235,19.0958,0,135,135,A1N,-1.66,1.32076,-0.35,1.31
6839,5,3,AllGrid,3,100,10,44,42,"PostGuard(CW,1,0)",79726,4185.59,0,55,55,A1N,0.76,2.1148,1.225,0.4650000000000001
1063,2,15,AllGrid,3,100,10,44,34,"Hit(CW,12,WEAK)",155,9.40968,0,55,55,A1N,1.905,0.293215,1.905,0.0
3774,5,6,AllGrid,3,100,10,44,54,"PostGuard(CW,0,1)",61556,3545.26,0,65,65,A1N,-0.525,1.85186,-0.215,0.31000000000000005
7844,2,5,AllGrid,3,100,10,44,38,"Hit(CW,0,STRONG)",68902,3733.7,0,71,71,A1N,0.765,1.9493,1.02,0.255
5770,5,13,AllGrid,3,100,10,44,32,"Hit(CW,0,TOUCH)",13691,1512.01,0,91,91,A1N,1.025,1.42982,1.12,0.0950000000000002
7977,6,14,AllGrid,3,100,10,45,37,"Hit(CCW,1,MIDDLE)",12170,1577.4,0,145,145,A1N,-1.635,1.47369,-1.635,0.0
3926,6,11,AllGrid,3,100,10,45,43,"Hit(CCW,2,TOUCH)",35847,3871.01,0,123,123,A1N,-0.335,1.74149,0.425,0.76
3883,1,14,AllGrid,3,100,10,45,1,"Draw(CCW,TEE)",1214,97.4047,0,37,37,A1N,-0.075,0.953612,-0.075,0.0
9222,7,5,AllGrid,3,100,10,45,5,"Draw(CCW,S2)",62131,3797.0,0,37,37,A1N,1.125,2.01727,1.315,0.18999999999999995
7881,2,15,AllGrid,3,100,10,45,86,"Hit(CW,12,MIDDLE)",229,20.9871,0,129,129,A1N,1.48,2.06388,1.72,0.24
6406,1,10,AllGrid,3,100,10,45,2,"Draw(CW,S0)",31363,2334.16,0,59,59,A1N,-0.7,1.82757,-0.385,0.31499999999999995
8452,5,15,AllGrid,3,100,10,45,39,"Hit(CCW,0,STRONG)",253,29.3815,0,153,153,A1N,1.365,0.939029,1.935,0.5700000000000001
1028,6,15,AllGrid,3,100,10,45,0,"Draw(CW,TEE)",251,30.795,0,151,151,A1N,0.77,0.668655,1.0,0.22999999999999998
2596,1,14,AllGrid,3,100,10,45,34,"Hit(CW,1,WEAK)",12163,1603.84,0,145,145,A1N,1.125,1.27255,1.97,0.845
4748,1,3,AllGrid,3,100,10,45,34,"Hit(CW,0,WEAK)",78939,5129.62,0,49,49,A1N,0.71,2.14381,0.985,0.275
9206,3,13,AllGrid,3,100,10,45,3,"Draw(CCW,S0)",7795,765.225,0,49,49,A1N,1.07,1.40538,1.73,0.6599999999999999
5859,1,6,AllGrid,3,100,10,45,22,"Draw(CW,L6)",60800,4354.3,0,65,65,A1N,-0.675,1.87066,-0.015,0.66
6871,4,5,AllGrid,3,100,10,45,0,"Draw(CW,TEE)",68639,4895.46,0,71,71,A1N,1.005,2.19431,1.32,0.31500000000000017
7163,3,13,AllGrid,3,100,10,45,0,"Draw(CW,TEE)",14586,1559.98,0,85,85,A1N,1.265,1.56996,2.465,1.2
5807,0,8,AllGrid,3,100,10,45,47,"Hit(CCW,5,MIDDLE)",50666,3978.57,0,81,81,A1N,-0.48,1.83565,0.03,0.51
5567,2,15,AllGrid,3,100,10,45,0,"Draw(CW,TEE)",229,22.198,0,129,129,A1N,1.535,0.999387,1.93,0.395
2507,3,11,AllGrid,3,100,10,45,51,"Hit(CCW,6,MIDDLE)",33549,3266.41,0,107,107,A1N,1.19,2.27462,1.715,0.5250000000000001
7006,3,15,AllGrid,3,100,10,45,0,"Draw(CW,TEE)",245,30.5802,0,145,145,A1N,-1.0,0.0,-0.97,0.030000000000000027
1984,6,4,AllGrid,3,100,10,45,7,"Draw(CCW,S4)",74129,5086.17,0,59,59,A1N,-0.595,1.90551,-0.31,0.285
1845,7,14,AllGrid,3,100,10,45,49,"PostGuard(CCW,12,0)",3135,315.688,0,55,55,A1N,1.13,1.82841,1.44,0.31000000000000005
5780,2,6,AllGrid,3,100,10,45,42,"PostGuard(CW,0,0)",56772,3699.59,0,49,49,A1N,-0.725,2.14228,-0.375,0.35
8645,7,5,AllGrid,3,100,10,45,34,"Hit(CW,0,WEAK)",68783,5118.08,0,71,71,A1N,0.92,1.96306,0.92,0.0
6132,0,13,AllGrid,3,100,10,45,55,"Hit(CCW,12,WEAK)",15370,1705.11,0,87,87,A1N,1.79,1.75382,2.62,0.8300000000000001
3339,4,10,AllGrid,3,100,10,45,6,"Draw(CW,S4)",34338,2566.02,0,71,71,A1N,-0.655,1.85094,-0.305,0.35000000000000003
3566,6,14,AllGrid,3,100,10,45,69,"Hit(CCW,9,STRONG)",10507,1402.51,0,129,129,A1N,0.43,1.63557,1.01,0.5800000000000001
5523,3,9,AllGrid,3,100,10,45,59,"Hit(CCW,4,STRONG)",44957,4153.66,0,103,103,A1N,0.51,1.97987,0.74,0.22999999999999998
7015,5,14,AllGrid,3,100,10,45,36,"Hit(CW,1,MIDDLE)",12005,1591.48,0,145,145,A1N,-3.17,1.22111,-1.135,2.035
743,7,3,AllGrid,3,100,10,45,47,"PostGuard(CCW,1,2)",80445,5351.82,0,55,55,A1N,0.42,1.86912,0.98,0.56
1014,4,15,AllGrid,3,100,10,45,10,"Draw(CW,L0)",161,11.8445,0,61,61,A1N,3.325,1.27255,3.325,0.0
3900,0,10,AllGrid,3,100,10,45,32,"Hit(CW,9,TOUCH)",30559,2283.17,0,55,55,A1N,-0.42,1.6744,0.305,0.725
4543,6,5,AllGrid,3,100,10,45,53,"PostGuard(CCW,1,0)",68871,4843.04,0,71,71,A1N,0.705,1.97179,1.09,0.3850000000000001
9231,5,14,AllGrid,3,100,10,45,2,"Draw(CW,S0)",7844,894.648,0,101,101,A1N,1.665,1.2778,2.025,0.3599999999999999
1825,5,7,AllGrid,3,100,10,45,34,"Hit(CW,2,WEAK)",55583,4169.53,0,77,77,A1N,0.505,2.21133,0.865,0.36
4062,4,15,AllGrid,3,100,10,45,35,"Hit(CCW,2,WEAK)",217,19.8209,0,117,117,A1N,-1.275,0.824242,-0.475,0.7999999999999999
9882,2,11,AllGrid,3,100,10,45,37,"Hit(CCW,2,MIDDLE)",33197,3365.28,0,109,109,A1N,0.225,1.66864,1.295,1.0699999999999998
2998,6,14,AllGrid,3,100,10,45,66,"Hit(CW,7,MIDDLE)",12120,1651.09,0,145,145,A1N,2.69,0.907689,2.895,0.20500000000000007
1555,2,3,AllGrid,3,100,10,45,24,"Draw(CW,L7)",80004,5284.56,0,55,55,A1N,0.6,2.00749,1.1,0.5000000000000001
4372,4,14,AllGrid,3,100,10,45,19,"Draw(CCW,L4)",2376,232.223,0,49,49,A1N,0.02,1.24081,0.095,0.075
3732,7,7,AllGrid,3,100,10,45,8,"Draw(CW,S6)",48524,3074.2,0,49,49,A1N,0.685,1.7366,1.125,0.43999999999999995
3858,5,5,AllGrid,3,100,10,45,60,"Freeze(CW,4)",69305,5220.31,0,75,75,A1N,0.525,2.05897,0.885,0.36
1938,0,14,AllGrid,3,100,10,45,35,"Hit(CCW,9,WEAK)",7596,876.039,0,93,93,A1N,1.37,1.80086,1.43,0.05999999999999983
9112,3,9,AllGrid,3,100,10,45,11,"Draw(CCW,L0)",39612,3001.53,0,75,75,A1N,0.555,2.00174,0.76,0.20499999999999996
4157,3,12,AllGrid,3,100,10,45,34,"Hit(CW,3,WEAK)",25866,2852.5,0,107,107,A1N,-1.14,1.58127,-0.705,0.43499999999999994
7373,1,11,AllGrid,3,100,10,45,41,"Freeze(CCW,2)",30365,2867.18,0,103,103,A1N,1.175,1.30934,1.175,0.0
7173,4,15,AllGrid,3,100,10,45,0,"Draw(CW,TEE)",251,31.3586,0,151,151,A1N,1.84,0.366606,2.0,0.15999999999999992
196,4,4,AllGrid,3,100,10,45,41,"Freeze(CCW,3)",73019,4780.91,0,49,49,A1N,-0.775,1.99107,-0.22,0.555
2630,2,14,AllGrid,3,100,10,45,10,"Draw(CW,L0)",3389,315.81,0,59,59,A1N,-1.27,1.37735,-1.07,0.19999999999999996
5731,2,10,AllGrid,3,100,10,45,1,"Draw(CCW,TEE)",26422,1706.16,0,43,43,A1N,-0.87,1.83932,-0.555,0.31499999999999995
9518,4,5,AllGrid,3,100,10,45,7,"Draw(CCW,S4)",69166,4941.9,0,71,71,A1N,0.37,1.99827,0.985,0.615
8211,7,12,AllGrid,3,100,10,45,60,"Freeze(CW,9)",19754,1815.16,0,79,79,A1N,-1.45,1.82962,-0.815,0.635
5392,3,13,AllGrid,3,100,10,45,2,"Draw(CW,S0)",22319,2916.28,0,135,135,A1N,-2.385,1.47539,-1.005,1.38
4262,4,2,AllGrid,3,100,10,45,1,"Draw(CCW,TEE)",88054,5799.55,0,49,49,A1N,-0.495,1.82482,-0.465,0.02999999999999997
6230,1,12,AllGrid,3,100,10,45,3,"Draw(CCW,S0)",14686,1200.66,0,49,49,A1N,-0.625,1.6954,-0.215,0.41000000000000003
3543,4,7,AllGrid,3,100,10,45,21,"Draw(CCW,L5)",49370,3325.83,0,55,55,A1N,0.545,1.99949,1.025,0.47999999999999987
1784,6,5,AllGrid,3,100,10,45,45,"Hit(CCW,2,WEAK)",68753,4933.84,0,71,71,A1N,0.885,2.30256,1.05,0.16500000000000004
4905,4,14,AllGrid,3,100,10,45,39,"Hit(CCW,5,STRONG)",8154,867.572,0,101,101,A1N,-2.19,2.11279,-1.65,0.54
3837,2,10,AllGrid,3,100,10,45,2,"Draw(CW,S0)",33165,2754.51,0,71,71,A1N,-0.635,1.82257,-0.455,0.18
2854,0,15,AllGrid,3,100,10,45,56,"Hit(CW,12,MIDDLE)",203,18.6077,0,103,103,A1N,1.18,1.23191,1.18,0.0
1221,1,10,AllGrid,3,100,10,45,47,"Hit(CCW,3,MIDDLE)",40770,4094.12,0,113,113,A1N,-0.75,1.94615,-0.575,0.17500000000000004
7301,6,14,AllGrid,3,100,10,45,47,"Hit(CCW,3,MIDDLE)",12151,1689.42,0,145,145,A1N,1.415,1.28949,1.985,0.5700000000000001
5248,0,3,AllGrid,3,100,10,45,34,"Hit(CW,2,WEAK)",80830,5363.54,0,49,49,A1N,1.14,2.34742,1.33,0.19000000000000017
2545,3,15,AllGrid,3,100,10,45,0,"Draw(CW,TEE)",161,11.1203,0,61,61,A1N,2.98,0.14,2.98,0.0
6335,1,11,AllGrid,3,100,10,45,12,"Draw(CW,L1)",19989,1381.87,0,53,53,A1N,0.38,1.57658,1.125,0.745
8275,4,5,AllGrid,3,100,10,45,36,"Hit(CW,0,MIDDLE)",68252,4967.89,0,71,71,A1N,0.89,1.93336,1.005,0.11499999999999988
963,5,13,AllGrid,3,100,10,45,10,"Draw(CW,L0)",15596,1744.34,0,89,89,A1N,1.01,2.06153,1.235,0.2250000000000001
176,5,11,AllGrid,3,100,10,45,79,"PostGuard(CCW,3,0)",31839,3046.86,0,97,97,A1N,1.1,1.79722,1.585,0.4849999999999999
2199,1,13,AllGrid,3,100,10,45,0,"Draw(CW,TEE)",20103,2466.0,0,119,119,A1N,-0.965,1.70698,0.25,1.2149999999999999
8298,3,11,AllGrid,3,100,10,45,72,"Hit(CW,8,TOUCH)",35244,3782.43,0,119,119,A1N,0.515,1.86809,1.185,0.67
6729,2,14,AllGrid,3,100,10,45,2,"Draw(CW,S0)",11829,1561.18,0,135,135,A1N,0.6,1.1619,0.665,0.06500000000000006
8119,5,4,AllGrid,3,100,10,45,34,"Hit(CW,1,WEAK)",75339,5348.76,0,65,65,A1N,-0.775,2.06504,-0.18,0.595
8189,0,14,AllGrid,3,100,10,45,34,"Hit(CW,13,WEAK)",3338,334.35,0,55,55,A1N,-0.055,1.26173,0.025,0.08
9791,0,8,AllGrid,3,100,10,45,37,"Hit(CCW,7,MIDDLE)",44955,3158.55,0,55,55,A1N,-0.455,1.6577,-0.11,0.34500000000000003
5487,5,5,AllGrid,3,100,10,45,37,"Hit(CCW,0,MIDDLE)",68034,4988.7,0,71,71,A1N,0.54,2.02692,1.085,0.5449999999999999
4950,0,15,AllGrid,3,100,10,45,46,"Hit(CW,14,MIDDLE)",171,10.4673,0,71,71,A1N,0.645,1.67301,0.83,0.18499999999999994
9143,3,7,AllGrid,3,100,10,45,32,"Hit(CW,0,TOUCH)",55856,4334.88,0,81,81,A1N,0.61,2.07796,1.135,0.525
4517,4,13,AllGrid,3,100,10,45,65,"Hit(CCW,8,WEAK)",20481,2556.41,0,123,123,A1N,0.665,1.33146,1.535,0.8699999999999999
2994,5,10,AllGrid,3,100,10,45,58,"Hit(CW,5,STRONG)",41778,3986.0,0,113,113,A1N,-0.005,2.0676,0.045,0.049999999999999996
961,6,13,AllGrid,3,100,10,45,69,"Hit(CCW,6,STRONG)",23489,2957.22,0,139,139,A1N,-2.08,1.71278,-1.735,0.345
1566,1,3,AllGrid,3,100,10,45,4,"Draw(CW,S2)",81805,5714.12,0,59,59,A1N,0.715,2.19858,0.975,0.26
1686,6,15,AllGrid,3,100,10,45,0,"Draw(CW,TEE)",149,9.24976,0,49,49,A1N,1.0,0.0,1.0,0.0
1201,0,6,AllGrid,3,100,10,45,45,"Hit(CCW,5,WEAK)",58595,3869.5,0,53,53,A1N,-0.855,2.01096,-0.385,0.47
5494,4,5,AllGrid,3,100,10,45,59,"Hit(CCW,4,STRONG)",70207,5234.33,0,75,75,A1N,0.775,2.02098,1.21,0.43499999999999994
2492,4,15,AllGrid,3,100,10,45,42,"Hit(CW,10,TOUCH)",175,12.5178,0,75,75,A1N,1.65,0.638357,1.65,0.0
8959,1,11,AllGrid,3,100,10,45,51,"Freeze(CCW,6)",30555,2938.06,0,97,97,A1N,0.91,1.72971,1.26,0.35
1671,0,15,AllGrid,3,100,10,45,47,"Hit(CCW,6,MIDDLE)",217,20.2961,0,117,117,A1N,1.63,2.4603,2.74,1.1100000000000003
1385,7,11,AllGrid,3,100,10,45,6,"Draw(CW,S4)",30835,2877.27,0,103,103,A1N,0.9,1.78045,1.18,0.2799999999999999
6872,1,14,AllGrid,3,100,10,45,76,"Hit(CW,11,MIDDLE)",11711,1615.42,0,135,135,A1N,-0.955,1.25418,1.02,1.975
8785,1,4,AllGrid,3,100,10,45,11,"Draw(CCW,L0)",74156,4966.8,0,49,49,A1N,-0.69,1.95036,-0.32,0.36999999999999994
1835,0,15,AllGrid,3,100,10,45,55,"Hit(CCW,14,WEAK)",169,11.5483,0,69,69,A1N,1.235,1.19573,1.235,0.0
6216,7,8,AllGrid,3,100,10,45,29,"PreGuard(CCW,G4)",45187,3029.01,0,55,55,A1N,-0.34,1.89853,0.075,0.41500000000000004
8471,6,5,AllGrid,3,100,10,45,26,"PreGuard(CW,G3)",69773,5208.58,0,75,75,A1N,1.04,2.0195,1.06,0.020000000000000018
256,3,12,AllGrid,3,100,10,45,50,"Freeze(CW,11)",20983,2014.18,0,77,77,A1N,-0.185,1.75806,0.495,0.6799999999999999
5778,2,9,AllGrid,3,100,10,45,63,"Hit(CCW,6,TOUCH)",44395,3868.9,0,97,97,A1N,0.355,2.01469,0.915,0.56
6320,4,15,AllGrid,3,100,10,45,58,"Hit(CW,10,STRONG)",203,17.1676,0,103,103,A1N,-0.175,1.75908,-0.055,0.12
1638,4,11,AllGrid,3,100,10,45,70,"Freeze(CW,8)",30954,2904.24,0,103,103,A1N,0.145,1.70411,0.715,0.57
2310,6,15,AllGrid,3,100,10,45,44,"Hit(CW,4,WEAK)",235,22.5542,0,135,135,A1N,0.225,2.21684,2.215,1.9899999999999998
7921,5,4,AllGrid,3,100,10,45,0,"Draw(CW,TEE)",73310,4931.32,0,49,49,A1N,-0.495,1.98997,-0.205,0.29000000000000004
1361,1,12,AllGrid,3,100,10,45,45,"Hit(CCW,11,WEAK)",16658,1370.68,0,59,59,A1N,-0.195,1.48222,0.19,0.385
5041,1,8,AllGrid,3,100,10,45,6,"Draw(CW,S4)",45370,3269.61,0,55,55,A1N,-0.35,1.89934,0.14,0.49
5033,7,5,AllGrid,3,100,10,45,27,"PreGuard(CCW,G3)",68988,5024.55,0,71,71,A1N,0.23,2.01671,1.165,0.935
5022,1,15,AllGrid,3,100,10,45,3,"Draw(CCW,S0)",189,15.474,0,89,89,A1N,1.155,0.500974,1.25,0.09499999999999997
9907,7,9,AllGrid,3,100,10,45,58,"PostGuard(CW,9,0)",37003,2587.72,0,65,65,A1N,0.205,1.81741,1.01,0.805
8627,2,12,AllGrid,3,100,10,45,90,"PostGuard(CW,8,0)",24035,2628.3,0,103,103,A1N,0.015,1.53778,0.415,0.39999999999999997
1641,6,10,AllGrid,3,100,10,45,73,"Hit(CCW,9,TOUCH)",41480,4316.69,0,113,113,A1N,0.31,1.8259,0.31,0.0
7249,2,15,AllGrid,3,100,10,45,0,"Draw(CW,TEE)",239,24.7105,0,139,139,A1N,1.0,0.0,1.0,0.0
4837,7,2,AllGrid,3,100,10,45,7,"Draw(CCW,S4)",87699,5772.27,0,49,49,A1N,-0.44,1.93814,-0.18,0.26
1039,2,15,AllGrid,3,100,10,45,34,"Hit(CW,14,WEAK)",143,8.44748,0,43,43,A1N,0.945,0.22798,0.955,0.010000000000000009
7846,3,10,AllGrid,3,100,10,45,37,"Hit(CCW,7,MIDDLE)",32031,2444.77,0,65,65,A1N,-0.12,1.73943,-0.12,0.0
5246,2,5,AllGrid,3,100,10,45,44,"Hit(CW,2,WEAK)",69894,5343.0,0,75,75,A1N,0.945,1.94987,1.025,0.07999999999999996
4166,2,12,AllGrid,3,100,10,45,50,"Hit(CW,11,MIDDLE)",19142,1714.88,0,75,75,A1N,0.185,1.67056,0.19,0.0050000000000000044
6533,4,6,AllGrid,3,100,10,45,75,"PostGuard(CCW,4,0)",63927,5054.02,0,81,81,A1N,0.345,1.85364,0.615,0.27
5721,0,12,AllGrid,3,100,10,45,66,"Hit(CW,7,MIDDLE)",28242,3094.43,0,123,123,A1N,0.895,1.71871,1.945,1.05
4463,7,9,AllGrid,3,100,10,45,41,"Freeze(CCW,0)",45963,3976.69,0,103,103,A1N,0.72,2.00788,1.03,0.31000000000000005
5606,2,14,AllGrid,3,100,10,45,49,"Hit(CCW,3,STRONG)",11016,1450.31,0,139,139,A1N,-0.125,1.35992,0.54,0.665
1123,4,3,AllGrid,3,100,10,45,38,"Hit(CW,0,STRONG)",79500,5380.0,0,55,55,A1N,0.71,1.88306,1.04,0.33000000000000007
8113,3,15,AllGrid,3,100,10,45,0,"Draw(CW,TEE)",169,11.9881,0,69,69,A1N,0.93,0.36756,1.0,0.06999999999999995
716,6,7,AllGrid,3,100,10,45,40,"Freeze(CW,4)",50414,3401.86,0,55,55,A1N,0.555,1.87536,1.015,0.45999999999999985
459,3,5,AllGrid,3,100,10,45,53,"PostGuard(CCW,1,0)",68870,4833.83,0,71,71,A1N,0.72,1.83619,1.05,0.33000000000000007
9287,7,12,AllGrid,3,100,10,45,42,"Hit(CW,11,STRONG)",18093,1586.58,0,65,65,A1N,-0.395,1.4032,-0.31,0.08500000000000002
5647,1,10,AllGrid,3,100,10,45,0,"Draw(CW,TEE)",36681,3197.53,0,91,91,A1N,0.28,1.88987,0.33,0.04999999999999999
4562,4,13,AllGrid,3,100,10,45,40,"Freeze(CW,0)",20399,2659.12,0,129,129,A1N,0.505,2.0445,1.765,1.2599999999999998
6201,5,11,AllGrid,3,100,10,45,44,"Hit(CW,2,WEAK)",31500,3140.75,0,107,107,A1N,0.045,1.86091,0.765,0.72
9166,3,14,AllGrid,3,100,10,45,3,"Draw(CCW,S0)",10982,1505.46,0,139,139,A1N,-0.29,1.27902,0.995,1.285
8703,4,3,AllGrid,3,100,10,45,21,"Draw(CCW,L5)",80073,5247.57,0,49,49,A1N,0.83,2.06182,1.18,0.35
1616,0,14,AllGrid,3,100,10,45,33,"Hit(CCW,7,TOUCH)",3869,377.236,0,69,69,A1N,0.86,1.35292,0.86,0.0
5809,3,9,AllGrid,3,100,10,45,46,"Hit(CW,8,MIDDLE)",34699,2344.33,0,53,53,A1N,0.425,1.6076,0.78,0.35500000000000004
4651,6,5,AllGrid,3,100,10,45,1,"Draw(CCW,TEE)",68489,4987.49,0,71,71,A1N,0.62,1.95079,0.915,0.29500000000000004
8894,2,15,AllGrid,3,100,10,45,7,"Draw(CCW,S4)",179,13.4134,0,79,79,A1N,1.145,0.996983,1.885,0.74
2369,6,9,AllGrid,3,100,10,45,67,"Hit(CCW,8,MIDDLE)",41107,3234.38,0,79,79,A1N,0.595,1.70616,0.69,0.09499999999999997
1083,7,15,AllGrid,3,100,10,45,8,"Draw(CW,S6)",203,16.643,0,103,103,A1N,-0.35,0.93675,0.74,1.0899999999999999
366,3,11,AllGrid,3,100,10,45,78,"Hit(CW,8,STRONG)",34019,3616.2,0,119,119,A1N,1.555,2.48334,1.555,0.0
6354,2,15,AllGrid,3,100,10,45,12,"Draw(CW,L1)",251,26.6033,0,151,151,A1N,1.51,0.4999,1.535,0.02499999999999991
9260,7,2,AllGrid,3,100,10,45,21,"Draw(CCW,L5)",87599,5861.63,0,49,49,A1N,-0.21,1.99397,-0.21,0.0
6267,4,12,AllGrid,3,100,10,45,6,"Draw(CW,S4)",16350,1372.04,0,55,55,A1N,-0.06,1.59887,-0.025,0.034999999999999996
1158,6,8,AllGrid,3,100,10,45,54,"PostGuard(CW,4,1)",46330,3317.42,0,65,65,A1N,0.34,2.02099,0.39,0.04999999999999999
6520,1,5,AllGrid,3,100,10,45,36,"Hit(CW,0,MIDDLE)",69979,5425.19,0,75,75,A1N,1.115,1.76685,1.215,0.10000000000000009
2099,0,14,AllGrid,3,100,10,45,1,"Draw(CCW,TEE)",7190,787.533,0,91,91,A1N,0.56,1.20681,0.56,0.0
4892,6,10,AllGrid,3,100,10,45,48,"Hit(CW,3,STRONG)",37477,3438.11,0,101,101,A1N,-0.36,1.81395,0.185,0.5449999999999999
7859,3,14,AllGrid,3,100,10,45,87,"Hit(CCW,13,MIDDLE)",10900,1379.7,0,129,129,A1N,0.095,1.88573,0.515,0.42000000000000004
2084,7,10,AllGrid,3,100,10,45,66,"Hit(CW,7,MIDDLE)",41055,4077.2,0,113,113,A1N,1.27,1.93057,2.465,1.1949999999999998
5335,1,14,AllGrid,3,100,10,45,85,"Hit(CCW,11,WEAK)",12229,1692.9,0,145,145,A1N,0.485,1.67026,0.485,0.0
5272,2,4,AllGrid,3,100,10,45,41,"Freeze(CCW,1)",72561,4880.37,0,53,53,A1N,-0.685,2.16697,-0.41,0.2750000000000001
5472,3,13,AllGrid,3,100,10,45,58,"Hit(CW,12,STRONG)",10088,1040.44,0,69,69,A1N,0.14,1.36396,0.7,0.5599999999999999
4526,5,9,AllGrid,3,100,10,45,47,"Hit(CCW,6,MIDDLE)",38591,2843.93,0,65,65,A1N,0.485,1.67325,0.685,0.20000000000000007
6392,2,5,AllGrid,3,100,10,45,71,"PostGuard(CCW,3,1)",69284,5228.88,0,75,75,A1N,0.915,2.17204,1.075,0.15999999999999992
1255,4,13,AllGrid,3,100,10,45,64,"Hit(CW,12,WEAK)",15104,1687.03,0,91,91,A1N,1.845,1.70322,2.34,0.4949999999999999
5259,3,8,AllGrid,3,100,10,45,39,"Hit(CCW,1,STRONG)",53625,4643.69,0,97,97,A1N,0.16,2.0529,0.965,0.8049999999999999
7905,3,15,AllGrid,3,100,10,45,55,"Hit(CCW,10,WEAK)",203,17.2085,0,103,103,A1N,2.775,1.40868,2.865,0.0900000000000003
4159,5,11,AllGrid,3,100,10,45,46,"Hit(CW,6,MIDDLE)",32158,3325.09,0,103,103,A1N,0.69,1.86384,0.765,0.07500000000000007
2788,5,13,AllGrid,3,100,10,45,77,"Hit(CCW,8,MIDDLE)",23021,3126.67,0,139,139,A1N,2.82,2.21531,3.115,0.2950000000000004
4360,7,4,AllGrid,3,100,10,45,41,"Freeze(CCW,1)",74462,5080.26,0,59,59,A1N,-0.75,1.94872,-0.47,0.28
8248,7,13,AllGrid,3,100,10,45,52,"PostGuard(CW,11,0)",8996,939.589,0,59,59,A1N,1.195,1.18616,1.49,0.29499999999999993
2081,5,9,AllGrid,3,100,10,45,49,"Hit(CCW,8,STRONG)",36863,2586.15,0,53,53,A1N,0.865,1.51221,0.865,0.0
1265,4,5,AllGrid,3,100,10,45,11,"Draw(CCW,L0)",69867,5023.6,0,71,71,A1N,0.795,1.94756,0.89,0.09499999999999997
3677,7,15,AllGrid,3,100,10,45,54,"Hit(CW,14,WEAK)",175,12.0618,0,75,75,A1N,1.695,0.960195,1.695,0.0
477,2,10,AllGrid,3,100,10,45,7,"Draw(CCW,S4)",35634,3019.23,0,81,81,A1N,-0.245,1.81521,-0.245,0.0
8462,7,13,AllGrid,3,100,10,45,13,"Draw(CCW,L1)",19395,2386.34,0,115,115,A1N,1.94,1.53831,2.63,0.69
3186,1,11,AllGrid,3,100,10,45,36,"Hit(CW,0,MIDDLE)",33739,3781.49,0,119,119,A1N,-0.01,2.20452,1.3,1.31
8936,4,15,AllGrid,3,100,10,45,1,"Draw(CCW,TEE)",245,26.8138,0,145,145,A1N,0.825,0.578252,1.015,0.18999999999999995
966,6,3,AllGrid,3,100,10,45,40,"Freeze(CW,0)",81583,5549.51,0,55,55,A1N,0.71,1.98391,1.15,0.43999999999999995
232,1,13,AllGrid,3,100,10,45,43,"Hit(CCW,8,TOUCH)",8452,875.557,0,59,59,A1N,1.18,1.38838,1.575,0.395
3968,6,10,AllGrid,3,100,10,45,37,"PostGuard(CCW,6,0)",28548,2006.87,0,49,49,A1N,0.055,1.72104,0.95,0.8949999999999999
2440,2,5,AllGrid,3,100,10,45,54,"PostGuard(CW,1,1)",69336,5109.6,0,71,71,A1N,0.725,1.88398,1.17,0.44499999999999995
1624,6,15,AllGrid,3,100,10,45,46,"Hit(CW,8,MIDDLE)",191,12.912,0,91,91,A1N,1.12,1.31362,1.265,0.1449999999999998
9851,7,8,AllGrid,3,100,10,45,60,"Freeze(CW,7)",48521,3997.71,0,81,81,A1N,-0.305,2.0957,0.155,0.45999999999999996
9879,2,15,AllGrid,3,100,10,45,0,"Draw(CW,TEE)",217,19.4511,0,117,117,A1N,2.8,0.519615,3.125,0.3250000000000002
9832,1,9,AllGrid,3,100,10,45,46,"Hit(CW,2,MIDDLE)",45144,4139.15,0,103,103,A1N,0.91,2.02284,1.24,0.32999999999999996
4221,2,14,AllGrid,3,100,10,45,1,"Draw(CCW,TEE)",12160,1711.72,0,145,145,A1N,-0.155,1.75242,1.555,1.71
1999,2,5,AllGrid,3,100,10,45,7,"Draw(CCW,S4)",64628,4105.99,0,53,53,A1N,0.175,1.96834,0.875,0.7
99,4,13,AllGrid,3,100,10,45,52,"Hit(CW,12,STRONG)",7898,781.615,0,57,57,A1N,0.21,1.15148,0.635,0.42500000000000004
964,0,8,AllGrid,3,100,10,45,47,"Hit(CCW,5,MIDDLE)",45399,3290.26,0,63,63,A1N,-0.42,1.91405,-0.295,0.125
6357,7,5,AllGrid,3,100,10,45,49,"Hit(CCW,2,STRONG)",69278,5101.82,0,75,75,A1N,0.54,2.0195,0.895,0.355
632,7,12,AllGrid,3,100,10,45,53,"Hit(CCW,11,TOUCH)",21383,2038.14,0,81,81,A1N,-0.655,1.81823,-0.195,0.46
3130,2,11,AllGrid,3,100,10,45,45,"Hit(CCW,4,WEAK)",28390,2659.89,0,91,91,A1N,0.285,1.84493,1.315,1.03
2941,4,13,AllGrid,3,100,10,45,1,"Draw(CCW,TEE)",21911,2746.08,0,125,125,A1N,0.26,1.5435,1.365,1.105
6374,0,11,AllGrid,3,100,10,45,57,"Hit(CCW,6,MIDDLE)",33468,3371.81,0,113,113,A1N,1.12,2.31853,1.54,0.41999999999999993
156,7,14,AllGrid,3,100,10,45,45,"Hit(CCW,3,WEAK)",11987,1599.91,0,145,145,A1N,0.215,1.3852,1.105,0.89
1570,1,4,AllGrid,3,100,10,45,45,"PostGuard(CCW,0,1)",73435,4699.07,0,49,49,A1N,-0.65,1.87816,-0.32,0.33
7117,6,12,AllGrid,3,100,10,45,36,"Hit(CW,11,MIDDLE)",15339,1203.51,0,49,49,A1N,-0.51,1.20412,-0.14,0.37
6164,7,6,AllGrid,3,100,10,45,47,"PostGuard(CCW,4,2)",58567,3765.03,0,49,49,A1N,-0.365,1.88196,-0.25,0.11499999999999999
4376,5,5,AllGrid,3,100,10,45,2,"Draw(CW,S0)",69608,4725.72,0,75,75,A1N,0.395,2.04181,0.9,0.505
4444,0,12,AllGrid,3,100,10,45,16,"Draw(CW,L3)",19847,1837.52,0,75,75,A1N,-1.0,1.76068,-0.345,0.655
5083,5,6,AllGrid,3,100,10,45,60,"Freeze(CW,5)",64420,4475.22,0,81,81,A1N,-0.405,2.03002,-0.245,0.16000000000000003
894,4,13,AllGrid,3,100,10,45,10,"Draw(CW,L0)",16523,1830.22,0,105,105,A1N,2.14,1.20433,2.14,0.0
8445,1,11,AllGrid,3,100,10,45,92,"PostGuard(CW,7,1)",33320,3077.87,0,103,103,A1N,1.515,1.5968,2.34,0.825
7871,7,15,AllGrid,3,100,10,45,57,"Hit(CCW,4,MIDDLE)",251,29.0196,0,151,151,A1N,3.095,1.50863,3.185,0.08999999999999986
8198,0,4,AllGrid,3,100,10,45,37,"Hit(CCW,1,MIDDLE)",74194,4378.81,0,59,59,A1N,-0.8,1.92873,-0.365,0.43500000000000005
6829,6,13,AllGrid,3,100,10,45,48,"Hit(CW,12,STRONG)",8020,808.83,0,53,53,A1N,-0.015,1.31331,0.45,0.465
4702,2,8,AllGrid,3,100,10,45,7,"Draw(CCW,S4)",44299,2710.84,0,49,49,A1N,-0.045,1.91128,-0.045,0.0
4058,3,5,AllGrid,3,100,10,45,45,"Hit(CCW,2,WEAK)",68235,3972.41,0,71,71,A1N,0.69,2.15729,0.985,0.29500000000000004
7591,4,13,AllGrid,3,100,10,45,6,"Draw(CW,S4)",15474,1674.6,0,97,97,A1N,2.865,1.26364,3.245,0.3799999999999999
1445,7,8,AllGrid,3,100,10,45,58,"PostGuard(CW,6,0)",47734,2987.39,0,65,65,A1N,-0.8,1.88414,-0.23,0.5700000000000001
5373,5,13,AllGrid,3,100,10,45,2,"Draw(CW,S0)",17169,1824.96,0,107,107,A1N,1.5,1.19583,1.945,0.44500000000000006
5423,3,9,AllGrid,3,100,10,45,0,"Draw(CW,TEE)",45901,3272.01,0,103,103,A1N,0.65,1.88348,0.97,0.31999999999999995
1644,5,15,AllGrid,3,100,10,45,39,"Hit(CCW,2,STRONG)",235,25.761,0,135,135,A1N,-1.255,2.11423,-0.35,0.9049999999999999
6839,5,3,AllGrid,3,100,10,45,18,"Draw(CW,L4)",80368,4063.67,0,55,55,A1N,0.675,2.10698,1.225,0.55
1063,2,15,AllGrid,3,100,10,45,34,"Hit(CW,12,WEAK)",155,9.49956,0,55,55,A1N,1.905,0.293215,1.905,0.0
3774,5,6,AllGrid,3,100,10,45,31,"PreGuard(CCW,G5)",61175,3354.71,0,65,65,A1N,-0.595,1.85768,-0.215,0.38
7844,2,5,AllGrid,3,100,10,45,33,"Hit(CCW,0,TOUCH)",68886,3756.66,0,71,71,A1N,0.38,1.97626,1.02,0.64
5770,5,13,AllGrid,3,100,10,45,44,"Hit(CW,4,WEAK)",13790,1469.74,0,91,91,A1N,0.95,1.66057,1.12,0.17000000000000015
7977,6,14,AllGrid,3,100,10,46,34,"Hit(CW,1,WEAK)",12170,1567.68,0,145,145,A1N,-2.045,1.53394,-1.635,0.4099999999999999
3926,6,11,AllGrid,3,100,10,46,38,"Hit(CW,0,STRONG)",35676,3781.5,0,123,123,A1N,0.12,1.94566,0.425,0.305
3883,1,14,AllGrid,3,100,10,46,6,"Draw(CW,S4)",1214,102.814,0,37,37,A1N,-0.48,0.86,-0.075,0.40499999999999997
9222,7,5,AllGrid,3,100,10,46,16,"Draw(CW,L3)",61203,3731.82,0,37,37,A1N,1.13,2.10549,1.315,0.18500000000000005
7881,2,15,AllGrid,3,100,10,46,88,"Hit(CW,12,STRONG)",229,18.4454,0,129,129,A1N,1.72,2.06678,1.72,0.0
6406,1,10,AllGrid,3,100,10,46,36,"Hit(CW,7,MIDDLE)",30517,2238.81,0,59,59,A1N,-0.54,1.63046,-0.385,0.15500000000000003
8452,5,15,AllGrid,3,100,10,46,0,"Draw(CW,TEE)",253,28.8162,0,153,153,A1N,1.445,0.496966,1.935,0.49
1028,6,15,AllGrid,3,100,10,46,0,"Draw(CW,TEE)",251,30.5503,0,151,151,A1N,0.77,0.668655,1.0,0.22999999999999998
2596,1,14,AllGrid,3,100,10,46,37,"Hit(CCW,1,MIDDLE)",12163,1571.68,0,145,145,A1N,1.32,1.32575,1.97,0.6499999999999999
4748,1,3,AllGrid,3,100,10,46,39,"Hit(CCW,0,STRONG)",80036,5085.05,0,49,49,A1N,0.985,1.8721,0.985,0.0
9206,3,13,AllGrid,3,100,10,46,37,"Hit(CCW,12,MIDDLE)",7345,708.9,0,49,49,A1N,1.255,1.23692,1.73,0.4750000000000001
5859,1,6,AllGrid,3,100,10,46,9,"Draw(CCW,S6)",60913,4368.44,0,65,65,A1N,-0.385,1.97908,-0.015,0.37
6871,4,5,AllGrid,3,100,10,46,1,"Draw(CCW,TEE)",68676,4818.23,0,71,71,A1N,0.795,2.07918,1.32,0.525
7163,3,13,AllGrid,3,100,10,46,65,"Hit(CCW,12,WEAK)",14536,1552.19,0,85,85,A1N,2.465,1.4418,2.465,0.0
5807,0,8,AllGrid,3,100,10,46,47,"Hit(CCW,5,MIDDLE)",50477,3896.24,0,81,81,A1N,-0.48,1.83565,0.03,0.51
5567,2,15,AllGrid,3,100,10,46,2,"Draw(CW,S0)",229,23.2789,0,129,129,A1N,1.735,0.784076,1.93,0.19499999999999984
2507,3,11,AllGrid,3,100,10,46,8,"Draw(CW,S6)",33296,3167.83,0,107,107,A1N,0.3,2.2561,1.715,1.415
7006,3,15,AllGrid,3,100,10,46,0,"Draw(CW,TEE)",245,30.163,0,145,145,A1N,-1.0,0.0,-0.97,0.030000000000000027
1984,6,4,AllGrid,3,100,10,46,45,"Hit(CCW,3,WEAK)",74342,4974.99,0,59,59,A1N,-0.475,1.99233,-0.31,0.16499999999999998
1845,7,14,AllGrid,3,100,10,46,49,"PostGuard(CCW,12,0)",3135,306.193,0,55,55,A1N,1.13,1.82841,1.44,0.31000000000000005
5780,2,6,AllGrid,3,100,10,46,12,"Draw(CW,L1)",57490,3766.18,0,49,49,A1N,-0.985,1.97352,-0.375,0.61
8645,7,5,AllGrid,3,100,10,46,35,"Hit(CCW,0,WEAK)",69721,5016.99,0,71,71,A1N,0.74,1.7951,0.92,0.18000000000000005
6132,0,13,AllGrid,3,100,10,46,3,"Draw(CCW,S0)",15328,1720.23,0,87,87,A1N,2.105,1.18489,2.62,0.5150000000000001
3339,4,10,AllGrid,3,100,10,46,51,"Freeze(CCW,9)",34503,2686.84,0,71,71,A1N,-0.36,1.84943,-0.305,0.05499999999999999
3566,6,14,AllGrid,3,100,10,46,64,"Hit(CW,9,WEAK)",10507,1322.18,0,129,129,A1N,0.955,0.72317,1.01,0.05500000000000005
5523,3,9,AllGrid,3,100,10,46,24,"Draw(CW,L7)",45315,4068.57,0,103,103,A1N,-0.1,2.02237,0.74,0.84
7015,5,14,AllGrid,3,100,10,46,3,"Draw(CCW,S0)",12005,1605.09,0,145,145,A1N,-2.625,1.8478,-1.135,1.49
743,7,3,AllGrid,3,100,10,46,22,"Draw(CW,L6)",81357,5436.96,0,55,55,A1N,0.8,2.26053,0.98,0.17999999999999994
1014,4,15,AllGrid,3,100,10,46,10,"Draw(CW,L0)",161,11.5823,0,61,61,A1N,3.325,1.27255,3.325,0.0
3900,0,10,AllGrid,3,100,10,46,32,"Hit(CW,9,TOUCH)",30629,2280.45,0,55,55,A1N,-0.42,1.6744,0.305,0.725
4543,6,5,AllGrid,3,100,10,46,36,"Hit(CW,0,MIDDLE)",67809,4778.04,0,71,71,A1N,0.66,1.77325,1.09,0.43000000000000005
9231,5,14,AllGrid,3,100,10,46,44,"Hit(CW,5,WEAK)",7844,897.339,0,101,101,A1N,1.315,1.7366,2.025,0.71
1825,5,7,AllGrid,3,100,10,46,54,"PostGuard(CW,1,1)",56012,4198.54,0,77,77,A1N,0.585,1.96539,0.865,0.28
4062,4,15,AllGrid,3,100,10,46,79,"Hit(CCW,12,STRONG)",217,20.1201,0,117,117,A1N,-1.87,0.976268,-0.475,1.395
9882,2,11,AllGrid,3,100,10,46,46,"Hit(CW,4,MIDDLE)",33215,3250.48,0,109,109,A1N,1.295,2.01444,1.295,0.0
2998,6,14,AllGrid,3,100,10,46,59,"Hit(CCW,5,STRONG)",11997,1600.21,0,145,145,A1N,2.895,0.86254,2.895,0.0
1555,2,3,AllGrid,3,100,10,46,0,"Draw(CW,TEE)",80216,5278.68,0,55,55,A1N,0.525,1.95432,1.1,0.5750000000000001
4372,4,14,AllGrid,3,100,10,46,1,"Draw(CCW,TEE)",2376,231.416,0,49,49,A1N,0.005,1.12026,0.095,0.09
3732,7,7,AllGrid,3,100,10,46,9,"Draw(CCW,S6)",48873,3078.7,0,49,49,A1N,0.425,1.70129,1.125,0.7
3858,5,5,AllGrid,3,100,10,46,66,"PostGuard(CW,1,2)",69523,5214.51,0,75,75,A1N,0.625,2.15044,0.885,0.26
1938,0,14,AllGrid,3,100,10,46,54,"Hit(CW,13,WEAK)",7596,901.691,0,93,93,A1N,1.175,1.5506,1.43,0.2549999999999999
9112,3,9,AllGrid,3,100,10,46,37,"Hit(CCW,2,MIDDLE)",39796,2927.94,0,75,75,A1N,0.76,1.84997,0.76,0.0
4157,3,12,AllGrid,3,100,10,46,79,"Hit(CCW,11,STRONG)",25866,2704.41,0,107,107,A1N,-1.745,1.81933,-0.705,1.04
7373,1,11,AllGrid,3,100,10,46,69,"Hit(CCW,8,STRONG)",30419,2861.13,0,103,103,A1N,0.535,1.86515,1.175,0.64
7173,4,15,AllGrid,3,100,10,46,3,"Draw(CCW,S0)",251,30.3571,0,151,151,A1N,1.345,0.475368,2.0,0.655
196,4,4,AllGrid,3,100,10,46,45,"PostGuard(CCW,2,1)",73543,4763.31,0,49,49,A1N,-0.495,1.99248,-0.22,0.275
2630,2,14,AllGrid,3,100,10,46,2,"Draw(CW,S0)",3389,333.231,0,59,59,A1N,-1.315,1.66306,-1.07,0.24499999999999988
5731,2,10,AllGrid,3,100,10,46,29,"PreGuard(CCW,G4)",26233,1667.02,0,43,43,A1N,-0.86,1.85483,-0.555,0.30499999999999994
9518,4,5,AllGrid,3,100,10,46,38,"Hit(CW,0,STRONG)",69678,4981.76,0,71,71,A1N,0.56,1.93298,0.985,0.42499999999999993
8211,7,12,AllGrid,3,100,10,46,52,"Hit(CW,9,TOUCH)",19704,1822.54,0,79,79,A1N,-1.215,1.80244,-0.815,0.40000000000000013
5392,3,13,AllGrid,3,100,10,46,34,"Hit(CW,0,WEAK)",22319,2820.92,0,135,135,A1N,-1.9,1.77482,-1.005,0.895
4262,4,2,AllGrid,3,100,10,46,21,"Draw(CCW,L5)",88164,5801.09,0,49,49,A1N,-0.495,1.98745,-0.465,0.02999999999999997
6230,1,12,AllGrid,3,100,10,46,35,"Hit(CCW,11,WEAK)",15190,1163.94,0,49,49,A1N,-0.215,1.43484,-0.215,0.0
3543,4,7,AllGrid,3,100,10,46,33,"Hit(CCW,2,TOUCH)",49613,3272.95,0,55,55,A1N,0.69,2.0332,1.025,0.33499999999999996
1784,6,5,AllGrid,3,100,10,46,14,"Draw(CW,L2)",68992,4918.98,0,71,71,A1N,0.28,1.97018,1.05,0.77
4905,4,14,AllGrid,3,100,10,46,11,"Draw(CCW,L0)",8154,885.763,0,101,101,A1N,-1.68,1.66961,-1.65,0.030000000000000027
3837,2,10,AllGrid,3,100,10,46,32,"Hit(CW,7,TOUCH)",33332,2642.42,0,71,71,A1N,-0.7,1.72916,-0.455,0.24499999999999994
2854,0,15,AllGrid,3,100,10,46,66,"Hit(CW,14,MIDDLE)",203,17.9746,0,103,103,A1N,1.025,1.63229,1.18,0.15500000000000003
1221,1,10,AllGrid,3,100,10,46,56,"Hit(CW,5,MIDDLE)",40779,3967.94,0,113,113,A1N,-1.565,1.88833,-0.575,0.99
7301,6,14,AllGrid,3,100,10,46,0,"Draw(CW,TEE)",12151,1614.96,0,145,145,A1N,0.875,1.39261,1.985,1.11
5248,0,3,AllGrid,3,100,10,46,11,"Draw(CCW,L0)",80850,5314.46,0,49,49,A1N,0.855,2.3117,1.33,0.4750000000000001
2545,3,15,AllGrid,3,100,10,46,0,"Draw(CW,TEE)",161,9.91883,0,61,61,A1N,2.98,0.14,2.98,0.0
6335,1,11,AllGrid,3,100,10,46,37,"Hit(CCW,6,MIDDLE)",19735,1398.32,0,53,53,A1N,0.575,1.51141,1.125,0.55
8275,4,5,AllGrid,3,100,10,46,36,"Hit(CW,0,MIDDLE)",68126,4857.5,0,71,71,A1N,0.89,1.93336,1.005,0.11499999999999988
963,5,13,AllGrid,3,100,10,46,6,"Draw(CW,S4)",15586,1746.19,0,89,89,A1N,0.685,1.91723,1.235,0.55
176,5,11,AllGrid,3,100,10,46,84,"PostGuard(CW,5,0)",31515,3020.86,0,97,97,A1N,1.505,2.11423,1.585,0.08000000000000007
2199,1,13,AllGrid,3,100,10,46,0,"Draw(CW,TEE)",20103,2455.06,0,119,119,A1N,-0.965,1.70698,0.25,1.2149999999999999
8298,3,11,AllGrid,3,100,10,46,0,"Draw(CW,TEE)",34902,3557.96,0,119,119,A1N,0.64,1.75795,1.185,0.545
6729,2,14,AllGrid,3,100,10,46,87,"Hit(CCW,13,MIDDLE)",11702,1521.44,0,135,135,A1N,-1.625,0.992157,0.665,2.29
8119,5,4,AllGrid,3,100,10,46,2,"Draw(CW,S0)",75674,5222.39,0,65,65,A1N,-0.64,2.03725,-0.18,0.46
8189,0,14,AllGrid,3,100,10,46,11,"Draw(CCW,L0)",3338,329.247,0,55,55,A1N,-1.05,1.20727,0.025,1.075
9791,0,8,AllGrid,3,100,10,46,34,"Hit(CW,7,WEAK)",45140,3115.83,0,55,55,A1N,-0.425,1.60137,-0.11,0.315
5487,5,5,AllGrid,3,100,10,46,48,"Hit(CW,2,STRONG)",68698,4969.69,0,71,71,A1N,0.975,2.07711,1.085,0.10999999999999999
4950,0,15,AllGrid,3,100,10,46,46,"Hit(CW,14,MIDDLE)",171,11.9366,0,71,71,A1N,0.645,1.67301,0.83,0.18499999999999994
9143,3,7,AllGrid,3,100,10,46,53,"Hit(CCW,4,TOUCH)",55813,4135.8,0,81,81,A1N,0.425,2.11527,1.135,0.71
4517,4,13,AllGrid,3,100,10,46,0,"Draw(CW,TEE)",20481,2539.62,0,123,123,A1N,1.08,0.890842,1.535,0.45499999999999985
2994,5,10,AllGrid,3,100,10,46,44,"Hit(CW,3,WEAK)",41808,3972.06,0,113,113,A1N,-0.135,1.98916,0.045,0.18
961,6,13,AllGrid,3,100,10,46,3,"Draw(CCW,S0)",23489,2910.43,0,139,139,A1N,-2.75,1.57083,-1.735,1.015
1566,1,3,AllGrid,3,100,10,46,32,"Hit(CW,0,TOUCH)",81843,5594.42,0,59,59,A1N,0.795,2.18013,0.975,0.17999999999999994
1686,6,15,AllGrid,3,100,10,46,0,"Draw(CW,TEE)",149,9.36124,0,49,49,A1N,1.0,0.0,1.0,0.0
1201,0,6,AllGrid,3,100,10,46,44,"Hit(CW,5,WEAK)",59013,3906.21,0,53,53,A1N,-0.705,1.92041,-0.385,0.31999999999999995
5494,4,5,AllGrid,3,100,10,46,43,"Hit(CCW,2,TOUCH)",70593,5293.81,0,75,75,A1N,0.595,1.87109,1.21,0.615
2492,4,15,AllGrid,3,100,10,46,6,"Draw(CW,S4)",175,12.9728,0,75,75,A1N,0.765,1.34528,1.65,0.8849999999999999
8959,1,11,AllGrid,3,100,10,46,95,"PostGuard(CCW,9,2)",30981,2918.37,0,97,97,A1N,0.045,1.91389,1.26,1.215
1671,0,15,AllGrid,3,100,10,46,47,"Hit(CCW,6,MIDDLE)",217,19.8955,0,117,117,A1N,1.63,2.4603,2.74,1.1100000000000003
1385,7,11,AllGrid,3,100,10,46,79,"PostGuard(CCW,5,0)",30999,2843.89,0,103,103,A1N,1.075,1.71737,1.18,0.10499999999999998
6872,1,14,AllGrid,3,100,10,46,69,"Hit(CCW,9,STRONG)",11711,1485.22,0,135,135,A1N,-1.035,1.576,1.02,2.0549999999999997
8785,1,4,AllGrid,3,100,10,46,40,"Freeze(CW,1)",73464,4795.7,0,49,49,A1N,-0.32,1.79933,-0.32,0.0
1835,0,15,AllGrid,3,100,10,46,55,"Hit(CCW,14,WEAK)",169,11.4929,0,69,69,A1N,1.235,1.19573,1.235,0.0
6216,7,8,AllGrid,3,100,10,46,48,"PostGuard(CW,6,0)",44840,3111.9,0,55,55,A1N,-0.065,1.88169,0.075,0.14
8471,6,5,AllGrid,3,100,10,46,68,"PostGuard(CW,3,0)",69913,5164.29,0,75,75,A1N,0.54,2.08288,1.06,0.52
256,3,12,AllGrid,3,100,10,46,46,"Hit(CW,11,MIDDLE)",20917,1984.66,0,77,77,A1N,0.495,1.85741,0.495,0.0
5778,2,9,AllGrid,3,100,10,46,29,"PreGuard(CCW,G4)",44835,3765.29,0,97,97,A1N,-0.105,2.04058,0.915,1.02
6320,4,15,AllGrid,3,100,10,46,55,"Hit(CCW,10,WEAK)",203,16.7574,0,103,103,A1N,-0.87,1.73295,-0.055,0.815
1638,4,11,AllGrid,3,100,10,46,81,"PostGuard(CCW,5,1)",31026,2923.78,0,103,103,A1N,0.19,1.91935,0.715,0.5249999999999999
2310,6,15,AllGrid,3,100,10,46,59,"Hit(CCW,6,STRONG)",235,22.1464,0,135,135,A1N,0.145,2.22351,2.215,2.07
7921,5,4,AllGrid,3,100,10,46,44,"PostGuard(CW,2,1)",73253,4872.38,0,49,49,A1N,-0.575,2.03086,-0.205,0.37
1361,1,12,AllGrid,3,100,10,46,0,"Draw(CW,TEE)",16733,1398.05,0,59,59,A1N,-0.385,1.75692,0.19,0.575
5041,1,8,AllGrid,3,100,10,46,3,"Draw(CCW,S0)",45613,3255.12,0,55,55,A1N,-0.455,1.84607,0.14,0.595
5033,7,5,AllGrid,3,100,10,46,45,"Hit(CCW,2,WEAK)",67661,4903.41,0,71,71,A1N,0.845,2.18197,1.165,0.32000000000000006
5022,1,15,AllGrid,3,100,10,46,37,"Hit(CCW,4,MIDDLE)",189,15.3008,0,89,89,A1N,1.06,0.828493,1.25,0.18999999999999995
9907,7,9,AllGrid,3,100,10,46,45,"Hit(CCW,6,WEAK)",37390,2584.66,0,65,65,A1N,1.01,1.98492,1.01,0.0
8627,2,12,AllGrid,3,100,10,46,58,"Hit(CW,9,STRONG)",24251,2572.51,0,103,103,A1N,-0.695,1.58176,0.415,1.1099999999999999
1641,6,10,AllGrid,3,100,10,46,99,"PostGuard(CCW,4,2)",41581,4230.78,0,113,113,A1N,-0.205,1.68908,0.31,0.515
7249,2,15,AllGrid,3,100,10,46,0,"Draw(CW,TEE)",239,23.9887,0,139,139,A1N,1.0,0.0,1.0,0.0
4837,7,2,AllGrid,3,100,10,46,44,"PostGuard(CW,0,1)",87788,5787.81,0,49,49,A1N,-0.18,2.14886,-0.18,0.0
1039,2,15,AllGrid,3,100,10,46,35,"Hit(CCW,14,WEAK)",143,8.59439,0,43,43,A1N,0.955,0.207304,0.955,0.0
7846,3,10,AllGrid,3,100,10,46,37,"Hit(CCW,7,MIDDLE)",31931,2412.35,0,65,65,A1N,-0.12,1.73943,-0.12,0.0
5246,2,5,AllGrid,3,100,10,46,45,"Hit(CCW,2,WEAK)",70420,5274.28,0,75,75,A1N,0.565,2.17848,1.025,0.45999999999999996
4166,2,12,AllGrid,3,100,10,46,47,"Hit(CCW,11,TOUCH)",19387,1763.98,0,75,75,A1N,0.02,1.70282,0.19,0.17
6533,4,6,AllGrid,3,100,10,46,40,"Freeze(CW,1)",64307,4979.17,0,81,81,A1N,-0.16,2.09151,0.615,0.775
5721,0,12,AllGrid,3,100,10,46,39,"Hit(CCW,1,STRONG)",28116,3093.84,0,123,123,A1N,1.425,1.97088,1.945,0.52
4463,7,9,AllGrid,3,100,10,46,54,"Hit(CW,4,WEAK)",45740,4016.39,0,103,103,A1N,0.81,1.83409,1.03,0.21999999999999997
5606,2,14,AllGrid,3,100,10,46,46,"Hit(CW,3,MIDDLE)",11016,1404.04,0,139,139,A1N,0.515,1.59993,0.54,0.025000000000000022
1123,4,3,AllGrid,3,100,10,46,17,"Draw(CCW,L3)",79151,5096.13,0,55,55,A1N,0.72,2.2049,1.04,0.32000000000000006
8113,3,15,AllGrid,3,100,10,46,0,"Draw(CW,TEE)",169,12.2087,0,69,69,A1N,0.93,0.36756,1.0,0.06999999999999995
716,6,7,AllGrid,3,100,10,46,21,"Draw(CCW,L5)",50785,3408.97,0,55,55,A1N,0.93,2.06279,1.015,0.08499999999999985
459,3,5,AllGrid,3,100,10,46,9,"Draw(CCW,S6)",68829,4951.58,0,71,71,A1N,0.595,2.09547,1.05,0.45500000000000007
9287,7,12,AllGrid,3,100,10,46,37,"Hit(CCW,11,TOUCH)",17878,1513.91,0,65,65,A1N,-0.63,1.58843,-0.31,0.32
5647,1,10,AllGrid,3,100,10,46,60,"Freeze(CW,7)",36693,3141.52,0,91,91,A1N,0.05,2.03654,0.33,0.28
4562,4,13,AllGrid,3,100,10,46,0,"Draw(CW,TEE)",20399,2544.9,0,129,129,A1N,1.155,1.49699,1.765,0.6099999999999999
6201,5,11,AllGrid,3,100,10,46,70,"Freeze(CW,6)",31536,3142.46,0,107,107,A1N,0.185,1.75236,0.765,0.5800000000000001
9166,3,14,AllGrid,3,100,10,46,47,"Hit(CCW,3,MIDDLE)",10982,1418.53,0,139,139,A1N,-0.705,1.02371,0.995,1.7
8703,4,3,AllGrid,3,100,10,46,35,"Hit(CCW,0,WEAK)",80100,5117.39,0,49,49,A1N,1.18,1.98686,1.18,0.0
1616,0,14,AllGrid,3,100,10,46,33,"Hit(CCW,7,TOUCH)",3869,388.795,0,69,69,A1N,0.86,1.35292,0.86,0.0
5809,3,9,AllGrid,3,100,10,46,34,"Hit(CW,6,WEAK)",34607,2316.97,0,53,53,A1N,0.41,1.71228,0.78,0.37000000000000005
4651,6,5,AllGrid,3,100,10,46,52,"PostGuard(CW,1,0)",68665,4969.46,0,71,71,A1N,0.64,2.0026,0.915,0.275
8894,2,15,AllGrid,3,100,10,46,2,"Draw(CW,S0)",179,13.3569,0,79,79,A1N,1.885,0.437921,1.885,0.0
2369,6,9,AllGrid,3,100,10,46,19,"Draw(CCW,L4)",40931,3073.19,0,79,79,A1N,0.18,1.75716,0.69,0.51
1083,7,15,AllGrid,3,100,10,46,57,"Hit(CCW,12,MIDDLE)",203,16.7322,0,103,103,A1N,0.61,1.73433,0.74,0.13
366,3,11,AllGrid,3,100,10,46,78,"Hit(CW,8,STRONG)",34172,3596.78,0,119,119,A1N,1.555,2.48334,1.555,0.0
6354,2,15,AllGrid,3,100,10,46,12,"Draw(CW,L1)",251,23.4576,0,151,151,A1N,1.51,0.4999,1.535,0.02499999999999991
9260,7,2,AllGrid,3,100,10,46,3,"Draw(CCW,S0)",87454,5748.94,0,49,49,A1N,-0.665,1.92426,-0.21,0.45500000000000007
6267,4,12,AllGrid,3,100,10,46,7,"Draw(CCW,S4)",16232,1367.83,0,55,55,A1N,-0.37,1.57579,-0.025,0.345
1158,6,8,AllGrid,3,100,10,46,61,"PostGuard(CCW,6,1)",46591,3335.6,0,65,65,A1N,0.125,2.25375,0.39,0.265
6520,1,5,AllGrid,3,100,10,46,24,"Draw(CW,L7)",69860,5193.1,0,75,75,A1N,0.795,1.94756,1.215,0.42000000000000004
2099,0,14,AllGrid,3,100,10,46,1,"Draw(CCW,TEE)",7190,794.702,0,91,91,A1N,0.56,1.20681,0.56,0.0
4892,6,10,AllGrid,3,100,10,46,52,"Hit(CW,5,TOUCH)",37800,3426.75,0,101,101,A1N,-0.38,1.87499,0.185,0.565
7859,3,14,AllGrid,3,100,10,46,67,"Hit(CCW,9,MIDDLE)",10900,1359.35,0,129,129,A1N,0.27,2.03399,0.515,0.245
2084,7,10,AllGrid,3,100,10,46,83,"PostGuard(CCW,0,0)",41124,4108.14,0,113,113,A1N,1.84,1.86933,2.465,0.6249999999999998
5335,1,14,AllGrid,3,100,10,46,86,"Hit(CW,11,MIDDLE)",12229,1658.63,0,145,145,A1N,-0.105,1.45395,0.485,0.59
5272,2,4,AllGrid,3,100,10,46,22,"Draw(CW,L6)",73426,4922.64,0,53,53,A1N,-1.005,2.13189,-0.41,0.595
5472,3,13,AllGrid,3,100,10,46,22,"Draw(CW,L6)",10250,1101.77,0,69,69,A1N,-0.075,1.73763,0.7,0.7749999999999999
4526,5,9,AllGrid,3,100,10,46,56,"PostGuard(CW,7,2)",38905,2895.81,0,65,65,A1N,0.23,1.82403,0.685,0.45500000000000007
6392,2,5,AllGrid,3,100,10,46,70,"PostGuard(CW,3,1)",69244,5160.57,0,75,75,A1N,0.955,2.14079,1.075,0.12
1255,4,13,AllGrid,3,100,10,46,65,"Hit(CCW,12,WEAK)",15110,1728.27,0,91,91,A1N,1.54,1.69953,2.34,0.7999999999999998
5259,3,8,AllGrid,3,100,10,46,39,"Hit(CCW,1,STRONG)",53290,4614.59,0,97,97,A1N,0.16,2.0529,0.965,0.8049999999999999
7905,3,15,AllGrid,3,100,10,46,34,"Hit(CW,2,WEAK)",203,13.454,0,103,103,A1N,1.235,0.519399,2.865,1.6300000000000001
4159,5,11,AllGrid,3,100,10,46,47,"Hit(CCW,6,MIDDLE)",32194,3317.79,0,103,103,A1N,0.29,1.71927,0.765,0.47500000000000003
2788,5,13,AllGrid,3,100,10,46,2,"Draw(CW,S0)",23021,3041.89,0,139,139,A1N,1.595,1.18784,3.115,1.5200000000000002
4360,7,4,AllGrid,3,100,10,46,3,"Draw(CCW,S0)",74376,5063.41,0,59,59,A1N,-0.535,2.20426,-0.47,0.06500000000000006
8248,7,13,AllGrid,3,100,10,46,53,"PostGuard(CCW,11,0)",8892,927.471,0,59,59,A1N,1.255,1.14016,1.49,0.2350000000000001
2081,5,9,AllGrid,3,100,10,46,46,"Hit(CW,8,MIDDLE)",37295,2496.97,0,53,53,A1N,0.54,1.55833,0.865,0.32499999999999996
1265,4,5,AllGrid,3,100,10,46,35,"Hit(CCW,0,WEAK)",68852,4927.96,0,71,71,A1N,0.605,2.00224,0.89,0.28500000000000003
3677,7,15,AllGrid,3,100,10,46,55,"Hit(CCW,14,WEAK)",175,12.502,0,75,75,A1N,1.65,1.01366,1.695,0.04500000000000015
477,2,10,AllGrid,3,100,10,46,3,"Draw(CCW,S0)",35796,2995.59,0,81,81,A1N,-0.59,2.00796,-0.245,0.345
8462,7,13,AllGrid,3,100,10,46,13,"Draw(CCW,L1)",19395,2378.98,0,115,115,A1N,1.94,1.53831,2.63,0.69
3186,1,11,AllGrid,3,100,10,46,36,"Hit(CW,0,MIDDLE)",33559,3630.73,0,119,119,A1N,-0.01,2.20452,1.3,1.31
8936,4,15,AllGrid,3,100,10,46,0,"Draw(CW,TEE)",245,26.4046,0,145,145,A1N,-0.12,1.37317,1.015,1.1349999999999998
966,6,3,AllGrid,3,100,10,46,12,"Draw(CW,L1)",81341,5252.64,0,55,55,A1N,0.65,2.0168,1.15,0.4999999999999999
232,1,13,AllGrid,3,100,10,46,53,"PostGuard(CCW,11,0)",8458,843.26,0,59,59,A1N,1.35,1.10793,1.575,0.22499999999999987
3968,6,10,AllGrid,3,100,10,46,42,"PostGuard(CW,8,0)",28296,1942.19,0,49,49,A1N,0.22,1.99289,0.95,0.73
2440,2,5,AllGrid,3,100,10,46,19,"Draw(CCW,L4)",69105,4902.43,0,71,71,A1N,0.75,2.01432,1.17,0.41999999999999993
1624,6,15,AllGrid,3,100,10,46,2,"Draw(CW,S0)",191,11.9785,0,91,91,A1N,1.26,0.58515,1.265,0.004999999999999893
9851,7,8,AllGrid,3,100,10,46,60,"Freeze(CW,7)",48817,3907.89,0,81,81,A1N,-0.305,2.0957,0.155,0.45999999999999996
9879,2,15,AllGrid,3,100,10,46,0,"Draw(CW,TEE)",217,20.5489,0,117,117,A1N,2.8,0.519615,3.125,0.3250000000000002
9832,1,9,AllGrid,3,100,10,46,57,"Hit(CCW,4,MIDDLE)",45875,4157.0,0,103,103,A1N,0.515,1.91567,1.24,0.725
4221,2,14,AllGrid,3,100,10,46,4,"Draw(CW,S2)",12160,1619.31,0,145,145,A1N,0.45,1.54191,1.555,1.105
1999,2,5,AllGrid,3,100,10,46,45,"Hit(CCW,4,WEAK)",63840,4090.28,0,53,53,A1N,0.635,1.96514,0.875,0.24
99,4,13,AllGrid,3,100,10,46,50,"Hit(CW,12,MIDDLE)",7324,730.619,0,57,57,A1N,0.24,1.12357,0.635,0.395
964,0,8,AllGrid,3,100,10,46,6,"Draw(CW,S4)",45712,3261.54,0,63,63,A1N,-0.62,2.03853,-0.295,0.325
6357,7,5,AllGrid,3,100,10,46,44,"Hit(CW,2,WEAK)",69531,5123.87,0,75,75,A1N,0.665,2.12433,0.895,0.22999999999999998
632,7,12,AllGrid,3,100,10,46,41,"Freeze(CCW,7)",21511,2013.79,0,81,81,A1N,-0.28,1.85515,-0.195,0.08500000000000002
3130,2,11,AllGrid,3,100,10,46,40,"Freeze(CW,0)",28810,2628.75,0,91,91,A1N,1.315,1.43728,1.315,0.0
2941,4,13,AllGrid,3,100,10,46,16,"Draw(CW,L3)",21911,2765.79,0,125,125,A1N,0.18,1.49586,1.365,1.185
6374,0,11,AllGrid,3,100,10,46,79,"Hit(CCW,10,STRONG)",33405,3417.55,0,113,113,A1N,0.715,2.19858,1.54,0.8250000000000001
156,7,14,AllGrid,3,100,10,46,54,"Hit(CW,5,WEAK)",11987,1571.32,0,145,145,A1N,0.38,1.12942,1.105,0.725
1570,1,4,AllGrid,3,100,10,46,7,"Draw(CCW,S4)",73920,4830.94,0,49,49,A1N,-0.6,1.92354,-0.32,0.27999999999999997
7117,6,12,AllGrid,3,100,10,46,34,"Hit(CW,11,WEAK)",15176,1228.19,0,49,49,A1N,-0.185,1.42505,-0.14,0.044999999999999984
6164,7,6,AllGrid,3,100,10,46,40,"Freeze(CW,5)",58310,3775.25,0,49,49,A1N,-0.385,2.07769,-0.25,0.135
4376,5,5,AllGrid,3,100,10,46,24,"Draw(CW,L7)",69817,4751.79,0,75,75,A1N,0.41,2.10995,0.9,0.49000000000000005
4444,0,12,AllGrid,3,100,10,46,69,"PostGuard(CCW,10,0)",19593,1819.76,0,75,75,A1N,-0.745,1.6583,-0.345,0.4
5083,5,6,AllGrid,3,100,10,46,78,"PostGuard(CW,4,2)",64078,4459.23,0,81,81,A1N,-0.255,2.10712,-0.245,0.010000000000000009
894,4,13,AllGrid,3,100,10,46,2,"Draw(CW,S0)",16523,1849.98,0,105,105,A1N,1.835,1.35933,2.14,0.30500000000000016
8445,1,11,AllGrid,3,100,10,46,71,"Freeze(CCW,10)",33491,3157.44,0,103,103,A1N,1.915,1.74292,2.34,0.4249999999999998
7871,7,15,AllGrid,3,100,10,46,57,"Hit(CCW,4,MIDDLE)",251,29.2925,0,151,151,A1N,3.095,1.50863,3.185,0.08999999999999986
8198,0,4,AllGrid,3,100,10,46,55,"PostGuard(CCW,2,1)",74966,4440.27,0,59,59,A1N,-0.635,2.03759,-0.365,0.27
6829,6,13,AllGrid,3,100,10,46,44,"Hit(CW,12,WEAK)",7893,795.749,0,53,53,A1N,0.295,1.2915,0.45,0.15500000000000003
4702,2,8,AllGrid,3,100,10,46,4,"Draw(CW,S2)",44188,2785.07,0,49,49,A1N,-0.91,1.75838,-0.045,0.865
4058,3,5,AllGrid,3,100,10,46,19,"Draw(CCW,L4)",68839,3981.19,0,71,71,A1N,0.625,2.12235,0.985,0.36
7591,4,13,AllGrid,3,100,10,46,0,"Draw(CW,TEE)",15474,1709.26,0,97,97,A1N,2.94,1.27922,3.245,0.30500000000000016
1445,7,8,AllGrid,3,100,10,46,37,"Hit(CCW,7,TOUCH)",47131,3008.76,0,65,65,A1N,-0.54,1.83259,-0.23,0.31000000000000005
5373,5,13,AllGrid,3,100,10,46,7,"Draw(CCW,S4)",17169,1839.7,0,107,107,A1N,1.6,1.36382,1.945,0.345
5423,3,9,AllGrid,3,100,10,46,36,"Hit(CW,0,MIDDLE)",44900,3296.05,0,103,103,A1N,0.74,1.95254,0.97,0.22999999999999998
1644,5,15,AllGrid,3,100,10,46,78,"Hit(CW,10,STRONG)",235,25.0448,0,135,135,A1N,-0.89,0.712671,-0.35,0.54
6839,5,3,AllGrid,3,100,10,46,17,"Draw(CCW,L3)",79253,4130.56,0,55,55,A1N,0.925,2.21119,1.225,0.30000000000000004
1063,2,15,AllGrid,3,100,10,46,35,"Hit(CCW,12,WEAK)",155,9.46494,0,55,55,A1N,1.895,0.306553,1.905,0.010000000000000009
3774,5,6,AllGrid,3,100,10,46,16,"Draw(CW,L3)",61742,3551.98,0,65,65,A1N,-0.795,1.80083,-0.215,0.5800000000000001
7844,2,5,AllGrid,3,100,10,46,53,"PostGuard(CCW,1,0)",68588,3837.78,0,71,71,A1N,0.76,2.06456,1.02,0.26
5770,5,13,AllGrid,3,100,10,46,32,"Hit(CW,0,TOUCH)",13798,1460.0,0,91,91,A1N,1.025,1.42982,1.12,0.0950000000000002
7977,6,14,ClusterValue,3,100,10,42,58,"Hit(CW,5,STRONG)",6645,517.914,0,145,2,A9P5N,-1.94,1.23142,-1.635,0.30499999999999994
3926,6,11,ClusterValue,3,100,10,42,25,"Draw(CCW,L7)",37921,3004.22,0,123,2,A9P5N,-0.71,1.46147,0.425,1.135
3883,1,14,ClusterValue,3,100,10,42,19,"Draw(CCW,L4)",1906,78.1113,0,37,2,A9P5N,-0.335,0.890379,-0.075,0.26
9222,7,5,ClusterValue,3,100,10,42,2,"Draw(CW,S0)",74019,4277.58,0,37,2,A9P5N,0.76,1.79232,1.315,0.5549999999999999
7881,2,15,ClusterValue,3,100,10,42,84,"Hit(CW,12,WEAK)",229,19.6492,0,129,2,A9P5N,0.285,1.42961,1.72,1.435
6406,1,10,ClusterValue,3,100,10,42,6,"Draw(CW,S4)",35241,2143.26,0,59,2,A9P5N,-0.435,1.88037,-0.385,0.04999999999999999
8452,5,15,ClusterValue,3,100,10,42,34,"Hit(CW,0,WEAK)",253,30.6713,0,153,2,A9P5N,1.32,0.6063,1.935,0.615
1028,6,15,ClusterValue,3,100,10,42,135,"PostGuard(CCW,11,1)",251,27.2365,0,151,2,A9P5N,1.0,0.0,1.0,0.0
2596,1,14,ClusterValue,3,100,10,42,45,"Hit(CCW,3,WEAK)",6497,506.727,0,145,2,A9P5N,1.385,1.7137,1.97,0.585
4748,1,3,ClusterValue,3,100,10,42,35,"Hit(CCW,0,WEAK)",96731,5698.49,0,49,2,A9P5N,0.88,2.1132,0.985,0.10499999999999998
9206,3,13,ClusterValue,3,100,10,42,11,"Draw(CCW,L0)",5671,286.509,0,49,2,A9P5N,1.66,1.49479,1.73,0.07000000000000006
5859,1,6,ClusterValue,3,100,10,42,2,"Draw(CW,S0)",74965,4616.49,0,65,2,A9P5N,-0.22,1.95745,-0.015,0.20500000000000002
6871,4,5,ClusterValue,3,100,10,42,3,"Draw(CCW,S0)",87974,5467.26,0,71,2,A9P5N,0.625,2.03577,1.32,0.6950000000000001
7163,3,13,ClusterValue,3,100,10,42,65,"Hit(CCW,12,WEAK)",10197,673.543,0,85,2,A9P5N,2.465,1.4418,2.465,0.0
5807,0,8,ClusterValue,3,100,10,42,19,"Draw(CCW,L4)",61670,3891.27,0,81,2,A9P5N,-0.44,2.05095,0.03,0.47
5567,2,15,ClusterValue,3,100,10,42,0,"Draw(CW,TEE)",229,23.6385,0,129,2,A9P5N,1.535,0.999387,1.93,0.395
2507,3,11,ClusterValue,3,100,10,42,40,"Hit(CW,4,MIDDLE)",33208,2178.17,0,107,2,A9P5N,1.665,2.33298,1.715,0.050000000000000044
7006,3,15,ClusterValue,3,100,10,42,0,"Draw(CW,TEE)",245,27.4077,0,145,2,A9P5N,-1.0,0.0,-0.97,0.030000000000000027
1984,6,4,ClusterValue,3,100,10,42,34,"Hit(CW,1,WEAK)",90964,5513.5,0,59,2,A9P5N,-0.73,1.89396,-0.31,0.42
1845,7,14,ClusterValue,3,100,10,42,45,"PostGuard(CCW,10,1)",2734,121.032,0,55,2,A9P5N,1.22,1.56576,1.44,0.21999999999999997
5780,2,6,ClusterValue,3,100,10,42,38,"Hit(CW,5,STRONG)",69734,4124.38,0,49,2,A9P5N,-0.575,1.56664,-0.375,0.19999999999999996
8645,7,5,ClusterValue,3,100,10,42,35,"Hit(CCW,0,WEAK)",87279,5431.45,0,71,2,A9P5N,0.74,1.7951,0.92,0.18000000000000005
6132,0,13,ClusterValue,3,100,10,42,76,"PostGuard(CW,9,1)",11021,784.905,0,87,2,A9P5N,2.46,1.10833,2.62,0.16000000000000014
3339,4,10,ClusterValue,3,100,10,42,62,"PostGuard(CW,6,2)",38801,2405.61,0,71,2,A9P5N,-0.995,1.87483,-0.305,0.69
3566,6,14,ClusterValue,3,100,10,42,77,"Hit(CCW,11,MIDDLE)",6002,453.227,0,129,2,A9P5N,0.8,1.1225,1.01,0.20999999999999996
5523,3,9,ClusterValue,3,100,10,42,54,"Hit(CW,4,WEAK)",55138,3777.58,0,103,2,A9P5N,0.68,2.0488,0.74,0.05999999999999994
7015,5,14,ClusterValue,3,100,10,42,54,"Hit(CW,5,WEAK)",6607,555.533,0,145,2,A9P5N,-1.925,1.02926,-1.135,0.79
743,7,3,ClusterValue,3,100,10,42,5,"Draw(CCW,S2)",99052,6105.07,0,55,2,A9P5N,0.785,1.98463,0.98,0.19499999999999995
1014,4,15,ClusterValue,3,100,10,42,10,"Draw(CW,L0)",161,12.136,0,61,2,A9P5N,3.325,1.27255,3.325,0.0
3900,0,10,ClusterValue,3,100,10,42,0,"Draw(CW,TEE)",34134,2130.9,0,55,2,A9P5N,0.305,1.74126,0.305,0.0
4543,6,5,ClusterValue,3,100,10,42,7,"Draw(CCW,S4)",87636,5655.81,0,71,2,A9P5N,0.535,1.99469,1.09,0.555
9231,5,14,ClusterValue,3,100,10,42,44,"Hit(CW,5,WEAK)",4658,326.769,0,101,2,A9P5N,1.315,1.7366,2.025,0.71
1825,5,7,ClusterValue,3,100,10,42,68,"PostGuard(CW,5,2)",69416,4493.95,0,77,2,A9P5N,0.38,2.01137,0.865,0.485
4062,4,15,ClusterValue,3,100,10,42,35,"Hit(CCW,2,WEAK)",217,20.4826,0,117,2,A9P5N,-1.275,0.824242,-0.475,0.7999999999999999
9882,2,11,ClusterValue,3,100,10,42,46,"Hit(CW,4,MIDDLE)",35920,2619.37,0,109,2,A9P5N,1.295,2.01444,1.295,0.0
2998,6,14,ClusterValue,3,100,10,42,59,"Hit(CCW,5,STRONG)",6589,565.739,0,145,2,A9P5N,2.895,0.86254,2.895,0.0
1555,2,3,ClusterValue,3,100,10,42,36,"Hit(CW,0,MIDDLE)",100375,6018.89,0,55,2,A9P5N,0.625,2.06261,1.1,0.4750000000000001
4372,4,14,ClusterValue,3,100,10,42,19,"Draw(CCW,L4)",2380,139.804,0,49,2,A9P5N,0.02,1.24081,0.095,0.075
3732,7,7,ClusterValue,3,100,10,42,32,"Hit(CW,4,TOUCH)",59683,3556.42,0,49,2,A9P5N,1.075,1.92597,1.125,0.050000000000000044
3858,5,5,ClusterValue,3,100,10,42,74,Pass,88541,5719.06,0,75,2,A9P5N,0.385,1.9201,0.885,0.5
1938,0,14,ClusterValue,3,100,10,42,36,"Hit(CW,9,MIDDLE)",4491,320.875,0,93,2,A9P5N,0.885,2.36892,1.43,0.5449999999999999
9112,3,9,ClusterValue,3,100,10,42,56,"Hit(CW,6,MIDDLE)",48211,3013.67,0,75,2,A9P5N,0.695,1.66492,0.76,0.06500000000000006
4157,3,12,ClusterValue,3,100,10,42,34,"Hit(CW,3,WEAK)",22307,1641.13,0,107,2,A9P5N,-1.14,1.58127,-0.705,0.43499999999999994
7373,1,11,ClusterValue,3,100,10,42,1,"Draw(CCW,TEE)",32720,2346.33,0,103,2,A9P5N,1.055,1.54012,1.175,0.1200000000000001
7173,4,15,ClusterValue,3,100,10,42,135,"PostGuard(CCW,11,1)",251,29.1129,0,151,2,A9P5N,2.0,0.0,2.0,0.0
196,4,4,ClusterValue,3,100,10,42,9,"Draw(CCW,S6)",87840,5313.93,0,49,2,A9P5N,-0.475,2.24486,-0.22,0.255
2630,2,14,ClusterValue,3,100,10,42,40,"Freeze(CW,11)",2836,171.008,0,59,2,A9P5N,-1.155,1.26924,-1.07,0.08499999999999996
5731,2,10,ClusterValue,3,100,10,42,39,"Hit(CCW,9,STRONG)",32316,1914.42,0,43,2,A9P5N,-0.765,1.44906,-0.555,0.20999999999999996
9518,4,5,ClusterValue,3,100,10,42,1,"Draw(CCW,TEE)",86803,5638.32,0,71,2,A9P5N,0.71,1.99146,0.985,0.275
8211,7,12,ClusterValue,3,100,10,42,10,"Draw(CW,L0)",19068,1243.14,0,79,2,A9P5N,-1.205,1.83384,-0.815,0.3900000000000001
5392,3,13,ClusterValue,3,100,10,42,89,"Hit(CCW,10,STRONG)",17442,1623.82,0,135,2,A9P5N,-1.005,1.57638,-1.005,0.0
4262,4,2,ClusterValue,3,100,10,42,35,"Hit(CCW,1,WEAK)",105913,6301.45,0,49,2,A9P5N,-0.89,2.18813,-0.465,0.425
6230,1,12,ClusterValue,3,100,10,42,34,"Hit(CW,11,WEAK)",14736,904.629,0,49,2,A9P5N,-0.53,1.39968,-0.215,0.31500000000000006
3543,4,7,ClusterValue,3,100,10,42,10,"Draw(CW,L0)",62329,3821.94,0,55,2,A9P5N,0.67,1.87912,1.025,0.35499999999999987
1784,6,5,ClusterValue,3,100,10,42,11,"Draw(CCW,L0)",87417,5564.26,0,71,2,A9P5N,0.615,2.0191,1.05,0.43500000000000005
4905,4,14,ClusterValue,3,100,10,42,37,"Hit(CCW,5,MIDDLE)",4713,305.469,0,101,2,A9P5N,-2.09,1.94471,-1.65,0.43999999999999995
3837,2,10,ClusterValue,3,100,10,42,35,"Hit(CCW,7,WEAK)",37790,2413.31,0,71,2,A9P5N,-0.63,1.88762,-0.455,0.175
2854,0,15,ClusterValue,3,100,10,42,92,"PostGuard(CW,11,1)",203,18.0563,0,103,2,A9P5N,1.0,0.0,1.18,0.17999999999999994
1221,1,10,ClusterValue,3,100,10,42,68,"Hit(CW,7,STRONG)",46186,3362.05,0,113,2,A9P5N,-0.575,1.97848,-0.575,0.0
7301,6,14,ClusterValue,3,100,10,42,31,"PreGuard(CCW,G5)",6468,570.681,0,145,2,A9P5N,1.97,0.221585,1.985,0.015000000000000124
5248,0,3,ClusterValue,3,100,10,42,8,"Draw(CW,S6)",97403,5947.83,0,49,2,A9P5N,1.01,2.49197,1.33,0.32000000000000006
2545,3,15,ClusterValue,3,100,10,42,0,"Draw(CW,TEE)",161,11.5502,0,61,2,A9P5N,2.98,0.14,2.98,0.0
6335,1,11,ClusterValue,3,100,10,42,42,"Hit(CW,10,TOUCH)",24439,1529.75,0,53,2,A9P5N,0.24,1.59135,1.125,0.885
8275,4,5,ClusterValue,3,100,10,42,8,"Draw(CW,S6)",87537,5686.67,0,71,2,A9P5N,0.43,2.11071,1.005,0.575
963,5,13,ClusterValue,3,100,10,42,87,"PostGuard(CCW,13,2)",11231,871.043,0,89,2,A9P5N,0.965,1.3243,1.235,0.27000000000000013
176,5,11,ClusterValue,3,100,10,42,96,Pass,32558,2311.67,0,97,2,A9P5N,0.75,1.86212,1.585,0.835
2199,1,13,ClusterValue,3,100,10,42,15,"Draw(CCW,L2)",15889,1421.71,0,119,2,A9P5N,-0.985,1.57949,0.25,1.2349999999999999
8298,3,11,ClusterValue,3,100,10,42,35,"Hit(CCW,0,WEAK)",35291,2554.08,0,119,2,A9P5N,0.8,2.10238,1.185,0.385
6729,2,14,ClusterValue,3,100,10,42,6,"Draw(CW,S4)",6266,514.895,0,135,2,A9P5N,0.665,1.04536,0.665,0.0
8119,5,4,ClusterValue,3,100,10,42,24,"Draw(CW,L7)",95429,6104.26,0,65,2,A9P5N,-0.49,1.852,-0.18,0.31
8189,0,14,ClusterValue,3,100,10,42,35,"Hit(CCW,13,WEAK)",2661,156.4,0,55,2,A9P5N,0.025,1.36542,0.025,0.0
9791,0,8,ClusterValue,3,100,10,42,8,"Draw(CW,S6)",53112,3240.56,0,55,2,A9P5N,-0.675,1.98479,-0.11,0.5650000000000001
5487,5,5,ClusterValue,3,100,10,42,43,"Hit(CCW,2,TOUCH)",87000,5581.19,0,71,2,A9P5N,0.385,1.98665,1.085,0.7
4950,0,15,ClusterValue,3,100,10,42,35,"Hit(CCW,12,WEAK)",171,11.7957,0,71,2,A9P5N,-0.6,1.02956,0.83,1.43
9143,3,7,ClusterValue,3,100,10,42,44,"Hit(CW,2,WEAK)",70341,4381.54,0,81,2,A9P5N,0.395,1.88917,1.135,0.74
4517,4,13,ClusterValue,3,100,10,42,10,"Draw(CW,L0)",14998,1264.3,0,123,2,A9P5N,1.31,1.06485,1.535,0.22499999999999987
2994,5,10,ClusterValue,3,100,10,42,44,"Hit(CW,3,WEAK)",49124,3731.94,0,113,2,A9P5N,-0.135,1.98916,0.045,0.18
961,6,13,ClusterValue,3,100,10,42,69,"Hit(CCW,6,STRONG)",17543,1621.91,0,139,2,A9P5N,-2.08,1.71278,-1.735,0.345
1566,1,3,ClusterValue,3,100,10,42,41,"Freeze(CCW,0)",101709,6358.63,0,59,2,A9P5N,0.57,2.06036,0.975,0.405
1686,6,15,ClusterValue,3,100,10,42,0,"Draw(CW,TEE)",149,9.77064,0,49,2,A9P5N,1.0,0.0,1.0,0.0
1201,0,6,ClusterValue,3,100,10,42,36,"Hit(CW,1,MIDDLE)",71137,4370.94,0,53,2,A9P5N,-0.955,2.05255,-0.385,0.57
5494,4,5,ClusterValue,3,100,10,42,57,"Hit(CCW,4,MIDDLE)",89348,5664.14,0,75,2,A9P5N,0.665,1.89282,1.21,0.5449999999999999
2492,4,15,ClusterValue,3,100,10,42,2,"Draw(CW,S0)",175,14.0571,0,75,2,A9P5N,1.175,1.24675,1.65,0.47499999999999987
8959,1,11,ClusterValue,3,100,10,42,44,"Hit(CW,6,WEAK)",31575,2184.7,0,97,2,A9P5N,0.955,1.71259,1.26,0.30500000000000005
1671,0,15,ClusterValue,3,100,10,42,76,"Hit(CW,12,MIDDLE)",217,19.1594,0,117,2,A9P5N,-0.015,1.8179,2.74,2.7550000000000003
1385,7,11,ClusterValue,3,100,10,42,32,"Hit(CW,2,TOUCH)",35236,2495.29,0,103,2,A9P5N,0.645,1.79415,1.18,0.5349999999999999
6872,1,14,ClusterValue,3,100,10,42,84,"Hit(CW,13,WEAK)",6353,534.44,0,135,2,A9P5N,0.885,0.949618,1.02,0.135
8785,1,4,ClusterValue,3,100,10,42,2,"Draw(CW,S0)",87621,5453.82,0,49,2,A9P5N,-0.6,1.88944,-0.32,0.27999999999999997
1835,0,15,ClusterValue,3,100,10,42,55,"Hit(CCW,14,WEAK)",169,10.9938,0,69,2,A9P5N,1.235,1.19573,1.235,0.0
6216,7,8,ClusterValue,3,100,10,42,14,"Draw(CW,L2)",54052,3309.9,0,55,2,A9P5N,-0.42,1.71278,0.075,0.495
8471,6,5,ClusterValue,3,100,10,42,45,"Hit(CCW,2,WEAK)",89746,5783.69,0,75,2,A9P5N,0.65,2.15812,1.06,0.41000000000000003
256,3,12,ClusterValue,3,100,10,42,46,"Hit(CW,11,MIDDLE)",18852,1258.95,0,77,2,A9P5N,0.495,1.85741,0.495,0.0
5778,2,9,ClusterValue,3,100,10,42,55,"Hit(CCW,4,WEAK)",53508,3576.86,0,97,2,A9P5N,0.285,1.96565,0.915,0.6300000000000001
6320,4,15,ClusterValue,3,100,10,42,64,"Hit(CW,12,WEAK)",203,17.0267,0,103,2,A9P5N,-0.5,1.85203,-0.055,0.445
1638,4,11,ClusterValue,3,100,10,42,43,"Hit(CCW,4,TOUCH)",34955,2594.87,0,103,2,A9P5N,0.525,2.15624,0.715,0.18999999999999995
2310,6,15,ClusterValue,3,100,10,42,55,"Hit(CCW,6,WEAK)",235,20.4896,0,135,2,A9P5N,-0.39,1.5388,2.215,2.605
7921,5,4,ClusterValue,3,100,10,42,18,"Draw(CW,L4)",87374,5353.11,0,49,2,A9P5N,-0.565,1.94827,-0.205,0.36
1361,1,12,ClusterValue,3,100,10,42,46,"Hit(CW,11,MIDDLE)",16175,996.638,0,59,2,A9P5N,-0.465,1.52603,0.19,0.655
5041,1,8,ClusterValue,3,100,10,42,42,"PostGuard(CW,4,0)",53703,3357.46,0,55,2,A9P5N,0.08,1.81758,0.14,0.06000000000000001
5033,7,5,ClusterValue,3,100,10,42,44,"Hit(CW,2,WEAK)",86861,5509.96,0,71,2,A9P5N,0.925,1.93891,1.165,0.24
5022,1,15,ClusterValue,3,100,10,42,7,"Draw(CCW,S4)",189,16.0813,0,89,2,A9P5N,1.25,0.466369,1.25,0.0
9907,7,9,ClusterValue,3,100,10,42,45,"Hit(CCW,6,WEAK)",46656,2856.38,0,65,2,A9P5N,1.01,1.98492,1.01,0.0
8627,2,12,ClusterValue,3,100,10,42,93,"PostGuard(CCW,8,1)",24296,1936.96,0,103,2,A9P5N,-0.015,1.39096,0.415,0.43
1641,6,10,ClusterValue,3,100,10,42,34,"Hit(CW,1,WEAK)",48948,3810.21,0,113,2,A9P5N,0.19,1.76462,0.31,0.12
7249,2,15,ClusterValue,3,100,10,42,0,"Draw(CW,TEE)",239,24.1158,0,139,2,A9P5N,1.0,0.0,1.0,0.0
4837,7,2,ClusterValue,3,100,10,42,44,"PostGuard(CW,0,1)",106186,6736.19,0,49,2,A9P5N,-0.18,2.14886,-0.18,0.0
1039,2,15,ClusterValue,3,100,10,42,35,"Hit(CCW,14,WEAK)",143,7.85786,0,43,2,A9P5N,0.955,0.207304,0.955,0.0
7846,3,10,ClusterValue,3,100,10,42,34,"Hit(CW,7,WEAK)",35576,2195.45,0,65,2,A9P5N,-0.265,1.82614,-0.12,0.14500000000000002
5246,2,5,ClusterValue,3,100,10,42,34,"Hit(CW,0,WEAK)",88970,5705.98,0,75,2,A9P5N,0.91,2.06686,1.025,0.11499999999999988
4166,2,12,ClusterValue,3,100,10,42,49,"Hit(CCW,11,WEAK)",17819,1168.54,0,75,2,A9P5N,0.19,1.65647,0.19,0.0
6533,4,6,ClusterValue,3,100,10,42,8,"Draw(CW,S6)",81020,5417.58,0,81,2,A9P5N,0.035,1.92971,0.615,0.58
5721,0,12,ClusterValue,3,100,10,42,21,"Draw(CCW,L5)",27448,2266.55,0,123,2,A9P5N,1.86,1.23305,1.945,0.08499999999999996
4463,7,9,ClusterValue,3,100,10,42,3,"Draw(CCW,S0)",57665,4126.94,0,103,2,A9P5N,0.7,2.09045,1.03,0.33000000000000007
5606,2,14,ClusterValue,3,100,10,42,48,"Hit(CW,3,STRONG)",6242,513.734,0,139,2,A9P5N,0.54,1.4207,0.54,0.0
1123,4,3,ClusterValue,3,100,10,42,20,"Draw(CW,L5)",98807,6109.53,0,55,2,A9P5N,0.745,2.01494,1.04,0.29500000000000004
8113,3,15,ClusterValue,3,100,10,42,0,"Draw(CW,TEE)",169,12.6763,0,69,2,A9P5N,0.93,0.36756,1.0,0.06999999999999995
716,6,7,ClusterValue,3,100,10,42,54,Pass,61869,3754.94,0,55,2,A9P5N,0.405,1.84959,1.015,0.6099999999999999
459,3,5,ClusterValue,3,100,10,42,45,"Hit(CCW,2,WEAK)",86106,5336.97,0,71,2,A9P5N,0.86,1.96987,1.05,0.19000000000000006
9287,7,12,ClusterValue,3,100,10,42,3,"Draw(CCW,S0)",17418,1128.35,0,65,2,A9P5N,-0.795,1.67122,-0.31,0.48500000000000004
5647,1,10,ClusterValue,3,100,10,42,9,"Draw(CCW,S6)",42551,2856.0,0,91,2,A9P5N,-0.135,1.90178,0.33,0.465
4562,4,13,ClusterValue,3,100,10,42,79,"Hit(CCW,8,STRONG)",16526,1521.19,0,129,2,A9P5N,1.345,1.4512,1.765,0.41999999999999993
6201,5,11,ClusterValue,3,100,10,42,43,"Hit(CCW,2,TOUCH)",35586,2716.06,0,107,2,A9P5N,0.24,1.85537,0.765,0.525
9166,3,14,ClusterValue,3,100,10,42,56,"Hit(CW,5,MIDDLE)",6399,571.8,0,139,2,A9P5N,0.995,1.35461,0.995,0.0
8703,4,3,ClusterValue,3,100,10,42,39,"Hit(CCW,0,STRONG)",96621,5752.77,0,49,2,A9P5N,0.92,1.98837,1.18,0.2599999999999999
1616,0,14,ClusterValue,3,100,10,42,33,"Hit(CCW,7,TOUCH)",3197,201.941,0,69,2,A9P5N,0.86,1.35292,0.86,0.0
5809,3,9,ClusterValue,3,100,10,42,43,"Hit(CCW,8,TOUCH)",43309,2622.18,0,53,2,A9P5N,0.295,1.79387,0.78,0.48500000000000004
4651,6,5,ClusterValue,3,100,10,42,45,"Hit(CCW,2,WEAK)",87536,5571.72,0,71,2,A9P5N,0.18,1.87286,0.915,0.7350000000000001
8894,2,15,ClusterValue,3,100,10,42,2,"Draw(CW,S0)",179,14.061,0,79,2,A9P5N,1.885,0.437921,1.885,0.0
2369,6,9,ClusterValue,3,100,10,42,45,"Hit(CCW,2,WEAK)",49785,3186.21,0,79,2,A9P5N,0.275,1.85994,0.69,0.4149999999999999
1083,7,15,ClusterValue,3,100,10,42,0,"Draw(CW,TEE)",203,18.2394,0,103,2,A9P5N,-0.98,0.198997,0.74,1.72
366,3,11,ClusterValue,3,100,10,42,78,"Hit(CW,8,STRONG)",36975,2666.15,0,119,2,A9P5N,1.555,2.48334,1.555,0.0
6354,2,15,ClusterValue,3,100,10,42,4,"Draw(CW,S2)",251,26.172,0,151,2,A9P5N,1.535,0.498773,1.535,0.0
9260,7,2,ClusterValue,3,100,10,42,30,"PreGuard(CW,G5)",105854,6454.39,0,49,2,A9P5N,-0.465,1.96438,-0.21,0.255
6267,4,12,ClusterValue,3,100,10,42,32,"Hit(CW,11,TOUCH)",15938,1030.88,0,55,2,A9P5N,-0.025,1.67463,-0.025,0.0
1158,6,8,ClusterValue,3,100,10,42,18,"Draw(CW,L4)",56328,3465.57,0,65,2,A9P5N,0.14,2.13785,0.39,0.25
6520,1,5,ClusterValue,3,100,10,42,46,"Hit(CW,2,MIDDLE)",87989,5433.49,0,75,2,A9P5N,0.695,1.84173,1.215,0.5200000000000001
2099,0,14,ClusterValue,3,100,10,42,33,"Hit(CCW,7,TOUCH)",4248,284.244,0,91,2,A9P5N,0.09,1.26171,0.56,0.4700000000000001
4892,6,10,ClusterValue,3,100,10,42,64,"Hit(CW,7,WEAK)",44940,3194.84,0,101,2,A9P5N,-0.495,2.02484,0.185,0.6799999999999999
7859,3,14,ClusterValue,3,100,10,42,41,"Freeze(CCW,1)",5933,470.225,0,129,2,A9P5N,0.45,1.1565,0.515,0.065
2084,7,10,ClusterValue,3,100,10,42,45,"Hit(CCW,3,WEAK)",47457,3493.81,0,113,2,A9P5N,1.79,2.05083,2.465,0.6749999999999998
5335,1,14,ClusterValue,3,100,10,42,85,"Hit(CCW,11,WEAK)",6398,571.168,0,145,2,A9P5N,0.485,1.67026,0.485,0.0
5272,2,4,ClusterValue,3,100,10,42,10,"Draw(CW,L0)",89016,5460.01,0,53,2,A9P5N,-0.79,2.09187,-0.41,0.38000000000000006
5472,3,13,ClusterValue,3,100,10,42,35,"Hit(CCW,4,WEAK)",6516,427.177,0,69,2,A9P5N,0.395,1.47274,0.7,0.30499999999999994
4526,5,9,ClusterValue,3,100,10,42,34,"Hit(CW,4,WEAK)",46022,2828.21,0,65,2,A9P5N,0.495,1.8439,0.685,0.19000000000000006
6392,2,5,ClusterValue,3,100,10,42,54,"Hit(CW,4,WEAK)",89388,5724.1,0,75,2,A9P5N,0.77,1.89132,1.075,0.30499999999999994
1255,4,13,ClusterValue,3,100,10,42,3,"Draw(CCW,S0)",9425,713.656,0,91,2,A9P5N,1.785,1.44526,2.34,0.5549999999999999
5259,3,8,ClusterValue,3,100,10,42,0,"Draw(CW,TEE)",66549,4686.89,0,97,2,A9P5N,0.62,2.0894,0.965,0.345
7905,3,15,ClusterValue,3,100,10,42,56,"Hit(CW,10,MIDDLE)",203,13.5365,0,103,2,A9P5N,2.765,1.17037,2.865,0.10000000000000009
4159,5,11,ClusterValue,3,100,10,42,49,"Hit(CCW,6,STRONG)",34275,2560.5,0,103,2,A9P5N,-0.07,1.89079,0.765,0.835
2788,5,13,ClusterValue,3,100,10,42,77,"Hit(CCW,8,MIDDLE)",15061,1357.76,0,139,2,A9P5N,2.82,2.21531,3.115,0.2950000000000004
4360,7,4,ClusterValue,3,100,10,42,11,"Draw(CCW,L0)",91054,5669.88,0,59,2,A9P5N,-0.565,2.17158,-0.47,0.09499999999999997
8248,7,13,ClusterValue,3,100,10,42,44,"Hit(CW,8,WEAK)",6744,482.476,0,59,2,A9P5N,0.83,1.50037,1.49,0.66
2081,5,9,ClusterValue,3,100,10,42,11,"Draw(CCW,L0)",43053,2581.32,0,53,2,A9P5N,0.365,1.90834,0.865,0.5
1265,4,5,ClusterValue,3,100,10,42,32,"Hit(CW,0,TOUCH)",87300,5510.43,0,71,2,A9P5N,0.34,1.96581,0.89,0.55
3677,7,15,ClusterValue,3,100,10,42,3,"Draw(CCW,S0)",175,13.3,0,75,2,A9P5N,1.56,0.75921,1.695,0.135
477,2,10,ClusterValue,3,100,10,42,1,"Draw(CCW,TEE)",41171,2801.17,0,81,2,A9P5N,-0.37,1.96548,-0.245,0.125
8462,7,13,ClusterValue,3,100,10,42,14,"Draw(CW,L2)",14226,1195.69,0,115,2,A9P5N,2.275,1.17872,2.63,0.355
3186,1,11,ClusterValue,3,100,10,42,56,"Hit(CW,4,MIDDLE)",35473,2652.09,0,119,2,A9P5N,1.3,2.06398,1.3,0.0
8936,4,15,ClusterValue,3,100,10,42,130,"PostGuard(CW,9,2)",245,25.8354,0,145,2,A9P5N,1.0,0.0,1.015,0.014999999999999902
966,6,3,ClusterValue,3,100,10,42,2,"Draw(CW,S0)",99937,6034.78,0,55,2,A9P5N,0.565,1.8777,1.15,0.585
232,1,13,ClusterValue,3,100,10,42,10,"Draw(CW,L0)",6939,486.519,0,59,2,A9P5N,0.715,1.52439,1.575,0.86
3968,6,10,ClusterValue,3,100,10,42,46,"PostGuard(CW,8,2)",33225,1992.0,0,49,2,A9P5N,0.625,1.79287,0.95,0.32499999999999996
2440,2,5,ClusterValue,3,100,10,42,43,"Hit(CCW,2,TOUCH)",87889,5675.16,0,71,2,A9P5N,0.5,1.95959,1.17,0.6699999999999999
1624,6,15,ClusterValue,3,100,10,42,2,"Draw(CW,S0)",191,15.8763,0,91,2,A9P5N,1.26,0.58515,1.265,0.004999999999999893
9851,7,8,ClusterValue,3,100,10,42,45,"Hit(CCW,5,WEAK)",60250,3935.09,0,81,2,A9P5N,-0.57,2.09645,0.155,0.725
9879,2,15,ClusterValue,3,100,10,42,105,"PostGuard(CCW,11,0)",217,19.7213,0,117,2,A9P5N,2.985,0.157401,3.125,0.14000000000000012
9832,1,9,ClusterValue,3,100,10,42,6,"Draw(CW,S4)",56472,3986.12,0,103,2,A9P5N,1.035,1.58549,1.24,0.20500000000000007
4221,2,14,ClusterValue,3,100,10,42,115,"PostGuard(CCW,4,0)",6454,580.677,0,145,2,A9P5N,0.6,1.253,1.555,0.955
1999,2,5,ClusterValue,3,100,10,42,37,"Hit(CCW,2,MIDDLE)",80367,4765.88,0,53,2,A9P5N,0.685,1.74808,0.875,0.18999999999999995
99,4,13,ClusterValue,3,100,10,42,49,"Hit(CCW,12,WEAK)",5762,377.037,0,57,2,A9P5N,0.635,1.17974,0.635,0.0
964,0,8,ClusterValue,3,100,10,42,10,"Draw(CW,L0)",55549,3469.32,0,63,2,A9P5N,-0.435,1.93282,-0.295,0.14
6357,7,5,ClusterValue,3,100,10,42,35,"Hit(CCW,0,WEAK)",88902,5452.54,0,75,2,A9P5N,0.58,1.94772,0.895,0.31500000000000006
632,7,12,ClusterValue,3,100,10,42,58,"Hit(CW,11,STRONG)",18581,1208.26,0,81,2,A9P5N,-0.215,1.79688,-0.195,0.01999999999999999
3130,2,11,ClusterValue,3,100,10,42,55,"Hit(CCW,8,WEAK)",30404,2083.89,0,91,2,A9P5N,0.93,1.77344,1.315,0.3849999999999999
2941,4,13,ClusterValue,3,100,10,42,108,"PostGuard(CW,9,1)",14222,1229.85,0,125,2,A9P5N,0.7,1.6,1.365,0.665
6374,0,11,ClusterValue,3,100,10,42,59,"Hit(CCW,6,STRONG)",34386,2315.32,0,113,2,A9P5N,1.19,2.28996,1.54,0.3500000000000001
156,7,14,ClusterValue,3,100,10,42,56,"Hit(CW,5,MIDDLE)",6422,544.621,0,145,2,A9P5N,1.105,1.00696,1.105,0.0
1570,1,4,ClusterValue,3,100,10,42,29,"PreGuard(CCW,G4)",87255,5153.61,0,49,2,A9P5N,-0.755,1.95575,-0.32,0.435
7117,6,12,ClusterValue,3,100,10,42,33,"Hit(CCW,11,TOUCH)",15025,938.544,0,49,2,A9P5N,-0.625,1.44027,-0.14,0.485
6164,7,6,ClusterValue,3,100,10,42,45,"PostGuard(CCW,4,1)",69926,4124.19,0,49,2,A9P5N,-0.515,2.11418,-0.25,0.265
4376,5,5,ClusterValue,3,100,10,42,36,"Hit(CW,0,MIDDLE)",87782,4996.16,0,75,2,A9P5N,0.45,2.0994,0.9,0.45
4444,0,12,ClusterValue,3,100,10,42,41,"Freeze(CCW,3)",19203,1292.58,0,75,2,A9P5N,-0.615,1.83215,-0.345,0.27
5083,5,6,ClusterValue,3,100,10,42,2,"Draw(CW,S0)",82157,4949.77,0,81,2,A9P5N,-0.7,2.02485,-0.245,0.45499999999999996
894,4,13,ClusterValue,3,100,10,42,10,"Draw(CW,L0)",11414,861.955,0,105,2,A9P5N,2.14,1.20433,2.14,0.0
8445,1,11,ClusterValue,3,100,10,42,19,"Draw(CCW,L4)",32704,2347.58,0,103,2,A9P5N,1.935,1.92634,2.34,0.4049999999999998
7871,7,15,ClusterValue,3,100,10,42,35,"Hit(CCW,0,WEAK)",251,29.2659,0,151,2,A9P5N,2.485,1.88674,3.185,0.7000000000000002
8198,0,4,ClusterValue,3,100,10,42,50,"Freeze(CW,3)",91758,4717.25,0,59,2,A9P5N,-0.925,2.0614,-0.365,0.56
6829,6,13,ClusterValue,3,100,10,42,49,"Hit(CCW,12,STRONG)",5891,400.278,0,53,2,A9P5N,0.295,1.18658,0.45,0.15500000000000003
4702,2,8,ClusterValue,3,100,10,42,3,"Draw(CCW,S0)",51145,2952.46,0,49,2,A9P5N,-0.29,1.80164,-0.045,0.245
4058,3,5,ClusterValue,3,100,10,42,15,"Draw(CCW,L2)",87849,4608.04,0,71,2,A9P5N,0.695,2.1522,0.985,0.29000000000000004
7591,4,13,ClusterValue,3,100,10,42,11,"Draw(CCW,L0)",11875,957.596,0,97,2,A9P5N,2.565,1.47505,3.245,0.6800000000000002
1445,7,8,ClusterValue,3,100,10,42,7,"Draw(CCW,S4)",55392,3192.58,0,65,2,A9P5N,-0.45,1.79374,-0.23,0.22
5373,5,13,ClusterValue,3,100,10,42,52,"Hit(CW,6,TOUCH)",13349,1095.96,0,107,2,A9P5N,1.845,1.22514,1.945,0.10000000000000009
5423,3,9,ClusterValue,3,100,10,42,11,"Draw(CCW,L0)",55898,3330.12,0,103,2,A9P5N,0.735,1.91697,0.97,0.235
1644,5,15,ClusterValue,3,100,10,42,0,"Draw(CW,TEE)",235,24.7914,0,135,2,A9P5N,-1.0,0.0,-0.35,0.65
6839,5,3,ClusterValue,3,100,10,42,24,"Draw(CW,L7)",99276,4830.07,0,55,2,A9P5N,0.61,2.05132,1.225,0.6150000000000001
1063,2,15,ClusterValue,3,100,10,42,34,"Hit(CW,12,WEAK)",155,8.9537,0,55,2,A9P5N,1.905,0.293215,1.905,0.0
3774,5,6,ClusterValue,3,100,10,42,44,"Hit(CW,5,WEAK)",76408,4053.6,0,65,2,A9P5N,-0.57,1.99126,-0.215,0.355
7844,2,5,ClusterValue,3,100,10,42,20,"Draw(CW,L5)",86708,4144.36,0,71,2,A9P5N,0.89,1.93853,1.02,0.13
5770,5,13,ClusterValue,3,100,10,42,45,"Hit(CCW,4,WEAK)",10035,762.338,0,91,2,A9P5N,0.785,1.57759,1.12,0.3350000000000001
7977,6,14,ClusterValue,3,100,10,43,56,"Hit(CW,5,MIDDLE)",6666,490.081,0,145,2,A9P5N,-1.965,1.02165,-1.635,0.33000000000000007
3926,6,11,ClusterValue,3,100,10,43,90,"Freeze(CW,10)",39394,3094.68,0,123,2,A9P5N,-1.015,1.59837,0.425,1.44
3883,1,14,ClusterValue,3,100,10,43,19,"Draw(CCW,L4)",1988,79.365,0,37,2,A9P5N,-0.335,0.890379,-0.075,0.26
9222,7,5,ClusterValue,3,100,10,43,16,"Draw(CW,L3)",73875,4285.27,0,37,2,A9P5N,1.13,2.10549,1.315,0.18500000000000005
7881,2,15,ClusterValue,3,100,10,43,84,"Hit(CW,12,WEAK)",229,17.6498,0,129,2,A9P5N,0.285,1.42961,1.72,1.435
6406,1,10,ClusterValue,3,100,10,43,38,"Hit(CW,7,STRONG)",35131,2070.84,0,59,2,A9P5N,-0.61,1.63948,-0.385,0.22499999999999998
8452,5,15,ClusterValue,3,100,10,43,34,"Hit(CW,0,WEAK)",253,24.9111,0,153,2,A9P5N,1.32,0.6063,1.935,0.615
1028,6,15,ClusterValue,3,100,10,43,135,"PostGuard(CCW,11,1)",251,23.9618,0,151,2,A9P5N,1.0,0.0,1.0,0.0
2596,1,14,ClusterValue,3,100,10,43,58,"Hit(CW,5,STRONG)",6690,439.393,0,145,2,A9P5N,1.56,1.41294,1.97,0.4099999999999999
4748,1,3,ClusterValue,3,100,10,43,13,"Draw(CCW,L1)",96372,5713.17,0,49,2,A9P5N,0.715,1.92712,0.985,0.27
9206,3,13,ClusterValue,3,100,10,43,11,"Draw(CCW,L0)",5747,286.404,0,49,2,A9P5N,1.66,1.49479,1.73,0.07000000000000006
5859,1,6,ClusterValue,3,100,10,43,45,"Hit(CCW,5,WEAK)",74944,4513.54,0,65,2,A9P5N,-0.945,1.89525,-0.015,0.9299999999999999
6871,4,5,ClusterValue,3,100,10,43,3,"Draw(CCW,S0)",87730,5434.65,0,71,2,A9P5N,0.625,2.03577,1.32,0.6950000000000001
7163,3,13,ClusterValue,3,100,10,43,63,"Hit(CCW,12,TOUCH)",10589,757.657,0,85,2,A9P5N,1.84,1.38723,2.465,0.6249999999999998
5807,0,8,ClusterValue,3,100,10,43,9,"Draw(CCW,S6)",61420,3764.27,0,81,2,A9P5N,-0.38,1.9989,0.03,0.41000000000000003
5567,2,15,ClusterValue,3,100,10,43,0,"Draw(CW,TEE)",229,20.3379,0,129,2,A9P5N,1.535,0.999387,1.93,0.395
2507,3,11,ClusterValue,3,100,10,43,59,"Hit(CCW,8,WEAK)",32998,2234.13,0,107,2,A9P5N,0.96,2.38294,1.715,0.7550000000000001
7006,3,15,ClusterValue,3,100,10,43,0,"Draw(CW,TEE)",245,23.5254,0,145,2,A9P5N,-1.0,0.0,-0.97,0.030000000000000027
1984,6,4,ClusterValue,3,100,10,43,28,"PreGuard(CW,G4)",91521,5498.65,0,59,2,A9P5N,-0.88,2.18989,-0.31,0.5700000000000001
1845,7,14,ClusterValue,3,100,10,43,18,"Draw(CW,L4)",2737,116.494,0,55,2,A9P5N,1.13,1.37953,1.44,0.31000000000000005
5780,2,6,ClusterValue,3,100,10,43,39,"Hit(CCW,5,STRONG)",69606,4041.49,0,49,2,A9P5N,-0.705,1.75156,-0.375,0.32999999999999996
8645,7,5,ClusterValue,3,100,10,43,34,"Hit(CW,0,WEAK)",87302,5242.44,0,71,2,A9P5N,0.92,1.96306,0.92,0.0
6132,0,13,ClusterValue,3,100,10,43,14,"Draw(CW,L2)",10879,800.203,0,87,2,A9P5N,2.125,1.16163,2.62,0.4950000000000001
3339,4,10,ClusterValue,3,100,10,43,42,"Hit(CW,9,TOUCH)",37710,2284.14,0,71,2,A9P5N,-0.5,1.88944,-0.305,0.195
3566,6,14,ClusterValue,3,100,10,43,65,"Hit(CCW,9,WEAK)",5863,462.776,0,129,2,A9P5N,0.875,0.685109,1.01,0.135
5523,3,9,ClusterValue,3,100,10,43,55,"Hit(CCW,4,WEAK)",56124,3675.04,0,103,2,A9P5N,0.74,1.9602,0.74,0.0
7015,5,14,ClusterValue,3,100,10,43,11,"Draw(CCW,L0)",6684,550.6,0,145,2,A9P5N,-1.135,1.92789,-1.135,0.0
743,7,3,ClusterValue,3,100,10,43,34,"Hit(CW,0,WEAK)",98638,5919.19,0,55,2,A9P5N,0.515,2.15633,0.98,0.46499999999999997
1014,4,15,ClusterValue,3,100,10,43,10,"Draw(CW,L0)",161,11.766,0,61,2,A9P5N,3.325,1.27255,3.325,0.0
3900,0,10,ClusterValue,3,100,10,43,2,"Draw(CW,S0)",34034,2047.72,0,55,2,A9P5N,0.025,1.86932,0.305,0.27999999999999997
4543,6,5,ClusterValue,3,100,10,43,34,"Hit(CW,0,WEAK)",87568,5407.85,0,71,2,A9P5N,0.71,2.02136,1.09,0.3800000000000001
9231,5,14,ClusterValue,3,100,10,43,6,"Draw(CW,S4)",4855,319.763,0,101,2,A9P5N,1.545,1.14367,2.025,0.48
1825,5,7,ClusterValue,3,100,10,43,47,"Hit(CCW,4,MIDDLE)",68539,4266.48,0,77,2,A9P5N,0.515,1.97225,0.865,0.35
4062,4,15,ClusterValue,3,100,10,43,35,"Hit(CCW,2,WEAK)",217,20.1134,0,117,2,A9P5N,-1.275,0.824242,-0.475,0.7999999999999999
9882,2,11,ClusterValue,3,100,10,43,19,"Draw(CCW,L4)",35299,2649.5,0,109,2,A9P5N,0.335,1.54038,1.295,0.96
2998,6,14,ClusterValue,3,100,10,43,65,"Hit(CCW,7,WEAK)",6503,521.568,0,145,2,A9P5N,2.795,0.716223,2.895,0.10000000000000009
1555,2,3,ClusterValue,3,100,10,43,47,"PostGuard(CCW,1,2)",99763,6100.53,0,55,2,A9P5N,0.235,2.05907,1.1,0.8650000000000001
4372,4,14,ClusterValue,3,100,10,43,6,"Draw(CW,S4)",2416,140.702,0,49,2,A9P5N,-0.315,1.1295,0.095,0.41000000000000003
3732,7,7,ClusterValue,3,100,10,43,34,"Hit(CW,4,WEAK)",59929,3466.22,0,49,2,A9P5N,1.125,1.74051,1.125,0.0
3858,5,5,ClusterValue,3,100,10,43,32,"Hit(CW,0,TOUCH)",89652,5860.96,0,75,2,A9P5N,0.73,2.01422,0.885,0.15500000000000003
1938,0,14,ClusterValue,3,100,10,43,59,"Hit(CCW,13,STRONG)",4277,302.737,0,93,2,A9P5N,1.085,1.89414,1.43,0.345
9112,3,9,ClusterValue,3,100,10,43,39,"Hit(CCW,2,STRONG)",47765,2884.84,0,75,2,A9P5N,0.53,1.90239,0.76,0.22999999999999998
4157,3,12,ClusterValue,3,100,10,43,38,"Hit(CW,3,STRONG)",23378,1737.42,0,107,2,A9P5N,-0.885,1.81983,-0.705,0.18000000000000005
7373,1,11,ClusterValue,3,100,10,43,89,"PostGuard(CCW,7,2)",33322,2395.92,0,103,2,A9P5N,0.57,1.44745,1.175,0.6050000000000001
7173,4,15,ClusterValue,3,100,10,43,135,"PostGuard(CCW,11,1)",251,27.2485,0,151,2,A9P5N,2.0,0.0,2.0,0.0
196,4,4,ClusterValue,3,100,10,43,3,"Draw(CCW,S0)",87857,5260.71,0,49,2,A9P5N,-0.71,2.22619,-0.22,0.49
2630,2,14,ClusterValue,3,100,10,43,38,"Hit(CW,11,STRONG)",2781,160.254,0,59,2,A9P5N,-1.385,0.920204,-1.07,0.31499999999999995
5731,2,10,ClusterValue,3,100,10,43,13,"Draw(CCW,L1)",31783,1760.36,0,43,2,A9P5N,-0.94,1.65118,-0.555,0.3849999999999999
9518,4,5,ClusterValue,3,100,10,43,7,"Draw(CCW,S4)",88084,5592.84,0,71,2,A9P5N,0.37,1.99827,0.985,0.615
8211,7,12,ClusterValue,3,100,10,43,49,"Hit(CCW,5,STRONG)",19467,1240.47,0,79,2,A9P5N,-1.505,1.79443,-0.815,0.69
5392,3,13,ClusterValue,3,100,10,43,89,"Hit(CCW,10,STRONG)",14210,1221.69,0,135,2,A9P5N,-1.005,1.57638,-1.005,0.0
4262,4,2,ClusterValue,3,100,10,43,41,"Freeze(CCW,1)",105517,6443.51,0,49,2,A9P5N,-0.615,1.88859,-0.465,0.14999999999999997
6230,1,12,ClusterValue,3,100,10,43,36,"Hit(CW,11,MIDDLE)",14909,915.651,0,49,2,A9P5N,-0.465,1.29568,-0.215,0.25
3543,4,7,ClusterValue,3,100,10,43,10,"Draw(CW,L0)",63339,3819.98,0,55,2,A9P5N,0.67,1.87912,1.025,0.35499999999999987
1784,6,5,ClusterValue,3,100,10,43,47,"Hit(CCW,2,MIDDLE)",87405,5459.29,0,71,2,A9P5N,0.795,2.13845,1.05,0.255
4905,4,14,ClusterValue,3,100,10,43,49,"Hit(CCW,7,STRONG)",4685,301.105,0,101,2,A9P5N,-1.65,0.920598,-1.65,0.0
3837,2,10,ClusterValue,3,100,10,43,34,"Hit(CW,7,WEAK)",37879,2404.39,0,71,2,A9P5N,-0.465,1.83814,-0.455,0.010000000000000009
2854,0,15,ClusterValue,3,100,10,43,92,"PostGuard(CW,11,1)",203,17.7835,0,103,2,A9P5N,1.0,0.0,1.18,0.17999999999999994
1221,1,10,ClusterValue,3,100,10,43,68,"Hit(CW,7,STRONG)",47470,3433.43,0,113,2,A9P5N,-0.575,1.97848,-0.575,0.0
7301,6,14,ClusterValue,3,100,10,43,29,"PreGuard(CCW,G4)",6786,595.083,0,145,2,A9P5N,1.92,0.271293,1.985,0.06500000000000017
5248,0,3,ClusterValue,3,100,10,43,5,"Draw(CCW,S2)",96736,5606.5,0,49,2,A9P5N,1.155,2.05207,1.33,0.17500000000000004
2545,3,15,ClusterValue,3,100,10,43,0,"Draw(CW,TEE)",161,11.427,0,61,2,A9P5N,2.98,0.14,2.98,0.0
6335,1,11,ClusterValue,3,100,10,43,37,"Hit(CCW,6,MIDDLE)",24573,1475.2,0,53,2,A9P5N,0.575,1.51141,1.125,0.55
8275,4,5,ClusterValue,3,100,10,43,35,"Hit(CCW,0,WEAK)",87248,5451.72,0,71,2,A9P5N,0.935,2.10018,1.005,0.06999999999999984
963,5,13,ClusterValue,3,100,10,43,40,"Freeze(CW,8)",11081,860.444,0,89,2,A9P5N,1.06,1.84293,1.235,0.17500000000000004
176,5,11,ClusterValue,3,100,10,43,84,"PostGuard(CW,5,0)",33619,2364.72,0,97,2,A9P5N,1.505,2.11423,1.585,0.08000000000000007
2199,1,13,ClusterValue,3,100,10,43,57,"Hit(CCW,6,MIDDLE)",14578,1270.67,0,119,2,A9P5N,0.25,1.54839,0.25,0.0
8298,3,11,ClusterValue,3,100,10,43,36,"Hit(CW,0,MIDDLE)",34557,2454.13,0,119,2,A9P5N,1.15,2.19488,1.185,0.03500000000000014
6729,2,14,ClusterValue,3,100,10,43,0,"Draw(CW,TEE)",6170,490.248,0,135,2,A9P5N,0.62,1.07963,0.665,0.04500000000000004
8119,5,4,ClusterValue,3,100,10,43,1,"Draw(CCW,TEE)",94635,6006.57,0,65,2,A9P5N,-0.31,2.04301,-0.18,0.13
8189,0,14,ClusterValue,3,100,10,43,34,"Hit(CW,13,WEAK)",2596,154.586,0,55,2,A9P5N,-0.055,1.26173,0.025,0.08
9791,0,8,ClusterValue,3,100,10,43,35,"Hit(CCW,7,WEAK)",52775,3138.41,0,55,2,A9P5N,-0.24,1.74425,-0.11,0.13
5487,5,5,ClusterValue,3,100,10,43,10,"Draw(CW,L0)",87618,5598.9,0,71,2,A9P5N,0.745,2.1587,1.085,0.33999999999999997
4950,0,15,ClusterValue,3,100,10,43,35,"Hit(CCW,12,WEAK)",171,11.5294,0,71,2,A9P5N,-0.6,1.02956,0.83,1.43
9143,3,7,ClusterValue,3,100,10,43,20,"Draw(CW,L5)",70008,4310.55,0,81,2,A9P5N,0.775,2.02346,1.135,0.36
4517,4,13,ClusterValue,3,100,10,43,85,"Hit(CCW,12,WEAK)",14331,1247.16,0,123,2,A9P5N,1.265,0.971995,1.535,0.27
2994,5,10,ClusterValue,3,100,10,43,78,"Hit(CW,9,STRONG)",47006,3479.9,0,113,2,A9P5N,-0.68,1.96916,0.045,0.7250000000000001
961,6,13,ClusterValue,3,100,10,43,58,"Hit(CW,4,STRONG)",16622,1431.94,0,139,2,A9P5N,-2.12,1.79878,-1.735,0.385
1566,1,3,ClusterValue,3,100,10,43,8,"Draw(CW,S6)",100565,6224.53,0,59,2,A9P5N,0.72,2.0029,0.975,0.255
1686,6,15,ClusterValue,3,100,10,43,0,"Draw(CW,TEE)",149,9.60679,0,49,2,A9P5N,1.0,0.0,1.0,0.0
1201,0,6,ClusterValue,3,100,10,43,45,"Hit(CCW,5,WEAK)",71533,4199.98,0,53,2,A9P5N,-0.855,2.01096,-0.385,0.47
5494,4,5,ClusterValue,3,100,10,43,57,"Hit(CCW,4,MIDDLE)",88357,5454.93,0,75,2,A9P5N,0.665,1.89282,1.21,0.5449999999999999
2492,4,15,ClusterValue,3,100,10,43,2,"Draw(CW,S0)",175,13.5881,0,75,2,A9P5N,1.175,1.24675,1.65,0.47499999999999987
8959,1,11,ClusterValue,3,100,10,43,44,"Hit(CW,6,WEAK)",32052,2153.49,0,97,2,A9P5N,0.955,1.71259,1.26,0.30500000000000005
1671,0,15,ClusterValue,3,100,10,43,76,"Hit(CW,12,MIDDLE)",217,19.047,0,117,2,A9P5N,-0.015,1.8179,2.74,2.7550000000000003
1385,7,11,ClusterValue,3,100,10,43,83,"PostGuard(CCW,5,2)",34142,2294.31,0,103,2,A9P5N,1.005,1.63859,1.18,0.17500000000000004
6872,1,14,ClusterValue,3,100,10,43,61,"Freeze(CCW,7)",6447,521.744,0,135,2,A9P5N,0.73,1.19461,1.02,0.29000000000000004
8785,1,4,ClusterValue,3,100,10,43,8,"Draw(CW,S6)",87816,5388.6,0,49,2,A9P5N,-0.64,1.76647,-0.32,0.32
1835,0,15,ClusterValue,3,100,10,43,55,"Hit(CCW,14,WEAK)",169,10.7963,0,69,2,A9P5N,1.235,1.19573,1.235,0.0
6216,7,8,ClusterValue,3,100,10,43,51,"PostGuard(CCW,6,1)",53809,3261.46,0,55,2,A9P5N,-0.09,2.06444,0.075,0.16499999999999998
8471,6,5,ClusterValue,3,100,10,43,54,"Hit(CW,4,WEAK)",89363,5593.36,0,75,2,A9P5N,0.625,2.11763,1.06,0.43500000000000005
256,3,12,ClusterValue,3,100,10,43,45,"Hit(CCW,11,WEAK)",19359,1337.75,0,77,2,A9P5N,-0.72,1.9979,0.495,1.2149999999999999
5778,2,9,ClusterValue,3,100,10,43,44,"Hit(CW,2,WEAK)",54872,3654.04,0,97,2,A9P5N,0.495,2.12837,0.915,0.42000000000000004
6320,4,15,ClusterValue,3,100,10,43,64,"Hit(CW,12,WEAK)",203,12.705,0,103,2,A9P5N,-0.5,1.85203,-0.055,0.445
1638,4,11,ClusterValue,3,100,10,43,10,"Draw(CW,L0)",35370,2459.16,0,103,2,A9P5N,0.11,1.93336,0.715,0.605
2310,6,15,ClusterValue,3,100,10,43,55,"Hit(CCW,6,WEAK)",235,22.5319,0,135,2,A9P5N,-0.39,1.5388,2.215,2.605
7921,5,4,ClusterValue,3,100,10,43,16,"Draw(CW,L3)",87424,5349.0,0,49,2,A9P5N,-0.45,2.11601,-0.205,0.24500000000000002
1361,1,12,ClusterValue,3,100,10,43,37,"Hit(CCW,9,MIDDLE)",16020,1008.14,0,59,2,A9P5N,-0.415,1.42224,0.19,0.605
5041,1,8,ClusterValue,3,100,10,43,52,"PostGuard(CW,6,2)",53228,3291.04,0,55,2,A9P5N,-0.395,1.81631,0.14,0.535
5033,7,5,ClusterValue,3,100,10,43,11,"Draw(CCW,L0)",88032,5563.04,0,71,2,A9P5N,0.485,2.1377,1.165,0.68
5022,1,15,ClusterValue,3,100,10,43,7,"Draw(CCW,S4)",189,12.5428,0,89,2,A9P5N,1.25,0.466369,1.25,0.0
9907,7,9,ClusterValue,3,100,10,43,45,"Hit(CCW,6,WEAK)",46164,2813.44,0,65,2,A9P5N,1.01,1.98492,1.01,0.0
8627,2,12,ClusterValue,3,100,10,43,17,"Draw(CCW,L3)",24533,1919.14,0,103,2,A9P5N,-0.545,1.61802,0.415,0.96
1641,6,10,ClusterValue,3,100,10,43,87,"PostGuard(CCW,0,2)",49012,3557.75,0,113,2,A9P5N,-0.325,1.8972,0.31,0.635
7249,2,15,ClusterValue,3,100,10,43,0,"Draw(CW,TEE)",239,23.7318,0,139,2,A9P5N,1.0,0.0,1.0,0.0
4837,7,2,ClusterValue,3,100,10,43,21,"Draw(CCW,L5)",105951,6522.31,0,49,2,A9P5N,-0.46,1.98957,-0.18,0.28
1039,2,15,ClusterValue,3,100,10,43,35,"Hit(CCW,14,WEAK)",143,7.59524,0,43,2,A9P5N,0.955,0.207304,0.955,0.0
7846,3,10,ClusterValue,3,100,10,43,48,"Hit(CW,9,STRONG)",36485,2258.14,0,65,2,A9P5N,-0.55,1.76564,-0.12,0.43000000000000005
5246,2,5,ClusterValue,3,100,10,43,5,"Draw(CCW,S2)",88802,5954.83,0,75,2,A9P5N,0.605,2.18609,1.025,0.41999999999999993
4166,2,12,ClusterValue,3,100,10,43,49,"Hit(CCW,11,WEAK)",18203,1177.06,0,75,2,A9P5N,0.19,1.65647,0.19,0.0
6533,4,6,ClusterValue,3,100,10,43,78,"PostGuard(CW,4,2)",81548,5428.08,0,81,2,A9P5N,0.52,1.86269,0.615,0.09499999999999997
5721,0,12,ClusterValue,3,100,10,43,75,"Hit(CCW,9,WEAK)",27237,2040.24,0,123,2,A9P5N,1.255,1.67331,1.945,0.6900000000000002
4463,7,9,ClusterValue,3,100,10,43,11,"Draw(CCW,L0)",55298,3811.14,0,103,2,A9P5N,0.885,1.9266,1.03,0.14500000000000002
5606,2,14,ClusterValue,3,100,10,43,54,"Hit(CW,5,WEAK)",6487,526.351,0,139,2,A9P5N,-0.66,1.58569,0.54,1.2000000000000002
1123,4,3,ClusterValue,3,100,10,43,14,"Draw(CW,L2)",100668,6181.8,0,55,2,A9P5N,0.77,1.93316,1.04,0.27
8113,3,15,ClusterValue,3,100,10,43,0,"Draw(CW,TEE)",169,12.7511,0,69,2,A9P5N,0.93,0.36756,1.0,0.06999999999999995
716,6,7,ClusterValue,3,100,10,43,33,"Hit(CCW,4,TOUCH)",62314,3788.71,0,55,2,A9P5N,0.965,1.93488,1.015,0.04999999999999993
459,3,5,ClusterValue,3,100,10,43,35,"Hit(CCW,0,WEAK)",86268,5284.43,0,71,2,A9P5N,0.55,2.01184,1.05,0.5
9287,7,12,ClusterValue,3,100,10,43,43,"Hit(CCW,11,STRONG)",17104,1103.66,0,65,2,A9P5N,-0.45,1.25599,-0.31,0.14
5647,1,10,ClusterValue,3,100,10,43,45,"Hit(CCW,5,WEAK)",43207,2904.99,0,91,2,A9P5N,-0.335,1.88488,0.33,0.665
4562,4,13,ClusterValue,3,100,10,43,76,"Hit(CW,8,MIDDLE)",16427,1507.98,0,129,2,A9P5N,1.765,1.36006,1.765,0.0
6201,5,11,ClusterValue,3,100,10,43,1,"Draw(CCW,TEE)",35179,2595.9,0,107,2,A9P5N,0.495,1.72626,0.765,0.27
9166,3,14,ClusterValue,3,100,10,43,96,"Hit(CW,13,MIDDLE)",6404,525.738,0,139,2,A9P5N,0.475,1.55543,0.995,0.52
8703,4,3,ClusterValue,3,100,10,43,36,"Hit(CW,0,MIDDLE)",96341,5748.58,0,49,2,A9P5N,0.675,1.91817,1.18,0.5049999999999999
1616,0,14,ClusterValue,3,100,10,43,35,"Hit(CCW,7,WEAK)",3073,184.591,0,69,2,A9P5N,0.65,1.32947,0.86,0.20999999999999996
5809,3,9,ClusterValue,3,100,10,43,43,"Hit(CCW,8,TOUCH)",42545,2502.64,0,53,2,A9P5N,0.295,1.79387,0.78,0.48500000000000004
4651,6,5,ClusterValue,3,100,10,43,45,"Hit(CCW,2,WEAK)",86851,5418.62,0,71,2,A9P5N,0.18,1.87286,0.915,0.7350000000000001
8894,2,15,ClusterValue,3,100,10,43,2,"Draw(CW,S0)",179,13.8962,0,79,2,A9P5N,1.885,0.437921,1.885,0.0
2369,6,9,ClusterValue,3,100,10,43,34,"Hit(CW,0,WEAK)",49253,3044.46,0,79,2,A9P5N,0.215,1.79966,0.69,0.475
1083,7,15,ClusterValue,3,100,10,43,0,"Draw(CW,TEE)",203,17.6833,0,103,2,A9P5N,-0.98,0.198997,0.74,1.72
366,3,11,ClusterValue,3,100,10,43,69,"Hit(CCW,6,STRONG)",37058,2686.02,0,119,2,A9P5N,0.78,1.84976,1.555,0.7749999999999999
6354,2,15,ClusterValue,3,100,10,43,127,"PostGuard(CCW,9,0)",251,26.2963,0,151,2,A9P5N,1.45,0.497494,1.535,0.08499999999999996
9260,7,2,ClusterValue,3,100,10,43,15,"Draw(CCW,L2)",105783,6386.79,0,49,2,A9P5N,-0.75,2.03654,-0.21,0.54
6267,4,12,ClusterValue,3,100,10,43,32,"Hit(CW,11,TOUCH)",15975,1004.61,0,55,2,A9P5N,-0.025,1.67463,-0.025,0.0
1158,6,8,ClusterValue,3,100,10,43,64,Pass,55984,3429.17,0,65,2,A9P5N,-0.4,1.90263,0.39,0.79
6520,1,5,ClusterValue,3,100,10,43,10,"Draw(CW,L0)",88639,5490.11,0,75,2,A9P5N,0.84,2.04313,1.215,0.3750000000000001
2099,0,14,ClusterValue,3,100,10,43,38,"Hit(CW,7,STRONG)",4168,267.955,0,91,2,A9P5N,-0.845,1.72655,0.56,1.405
4892,6,10,ClusterValue,3,100,10,43,66,"Hit(CW,7,MIDDLE)",44246,3038.81,0,101,2,A9P5N,-0.335,1.92166,0.185,0.52
7859,3,14,ClusterValue,3,100,10,43,57,"Hit(CCW,7,MIDDLE)",5911,473.065,0,129,2,A9P5N,-0.15,2.00935,0.515,0.665
2084,7,10,ClusterValue,3,100,10,43,112,Pass,49070,3781.29,0,113,2,A9P5N,1.585,1.84737,2.465,0.8799999999999999
5335,1,14,ClusterValue,3,100,10,43,86,"Hit(CW,11,MIDDLE)",6688,593.654,0,145,2,A9P5N,-0.105,1.45395,0.485,0.59
5272,2,4,ClusterValue,3,100,10,43,11,"Draw(CCW,L0)",88883,5410.76,0,53,2,A9P5N,-0.985,2.01613,-0.41,0.575
5472,3,13,ClusterValue,3,100,10,43,47,"Hit(CCW,10,MIDDLE)",6801,438.059,0,69,2,A9P5N,0.7,1.44222,0.7,0.0
4526,5,9,ClusterValue,3,100,10,43,6,"Draw(CW,S4)",45972,2923.81,0,65,2,A9P5N,0.475,1.83013,0.685,0.21000000000000008
6392,2,5,ClusterValue,3,100,10,43,55,"Hit(CCW,4,WEAK)",88265,5521.8,0,75,2,A9P5N,0.64,2.03971,1.075,0.43499999999999994
1255,4,13,ClusterValue,3,100,10,43,3,"Draw(CCW,S0)",10093,751.462,0,91,2,A9P5N,1.785,1.44526,2.34,0.5549999999999999
5259,3,8,ClusterValue,3,100,10,43,28,"PreGuard(CW,G4)",66323,4669.97,0,97,2,A9P5N,0.785,1.98967,0.965,0.17999999999999994
7905,3,15,ClusterValue,3,100,10,43,56,"Hit(CW,10,MIDDLE)",203,15.5108,0,103,2,A9P5N,2.765,1.17037,2.865,0.10000000000000009
4159,5,11,ClusterValue,3,100,10,43,7,"Draw(CCW,S4)",34828,2729.57,0,103,2,A9P5N,0.765,1.7262,0.765,0.0
2788,5,13,ClusterValue,3,100,10,43,56,"Hit(CW,4,MIDDLE)",17127,1620.04,0,139,2,A9P5N,2.305,1.49398,3.115,0.81
4360,7,4,ClusterValue,3,100,10,43,34,"Hit(CW,1,WEAK)",91904,5533.03,0,59,2,A9P5N,-0.595,2.14266,-0.47,0.125
8248,7,13,ClusterValue,3,100,10,43,3,"Draw(CCW,S0)",6965,478.523,0,59,2,A9P5N,1.06,1.42,1.49,0.42999999999999994
2081,5,9,ClusterValue,3,100,10,43,33,"Hit(CCW,6,TOUCH)",42578,2468.73,0,53,2,A9P5N,0.27,1.83224,0.865,0.595
1265,4,5,ClusterValue,3,100,10,43,34,"Hit(CW,0,WEAK)",86270,5321.92,0,71,2,A9P5N,0.715,1.99844,0.89,0.17500000000000004
3677,7,15,ClusterValue,3,100,10,43,3,"Draw(CCW,S0)",175,13.0457,0,75,2,A9P5N,1.56,0.75921,1.695,0.135
477,2,10,ClusterValue,3,100,10,43,3,"Draw(CCW,S0)",40668,2692.7,0,81,2,A9P5N,-0.59,2.00796,-0.245,0.345
8462,7,13,ClusterValue,3,100,10,43,114,Pass,12217,1011.57,0,115,2,A9P5N,2.285,1.16352,2.63,0.34499999999999975
3186,1,11,ClusterValue,3,100,10,43,38,"Hit(CW,0,STRONG)",35033,2637.17,0,119,2,A9P5N,0.4,2.14243,1.3,0.9
8936,4,15,ClusterValue,3,100,10,43,130,"PostGuard(CW,9,2)",245,25.5206,0,145,2,A9P5N,1.0,0.0,1.015,0.014999999999999902
966,6,3,ClusterValue,3,100,10,43,35,"Hit(CCW,0,WEAK)",99827,6102.82,0,55,2,A9P5N,0.72,2.0692,1.15,0.42999999999999994
232,1,13,ClusterValue,3,100,10,43,11,"Draw(CCW,L0)",6962,494.422,0,59,2,A9P5N,1.25,1.57083,1.575,0.32499999999999996
3968,6,10,ClusterValue,3,100,10,43,47,"PostGuard(CCW,8,2)",32748,1950.43,0,49,2,A9P5N,0.575,1.78168,0.95,0.375
2440,2,5,ClusterValue,3,100,10,43,44,"Hit(CW,2,WEAK)",86744,5430.05,0,71,2,A9P5N,1.17,2.08593,1.17,0.0
1624,6,15,ClusterValue,3,100,10,43,2,"Draw(CW,S0)",191,15.7761,0,91,2,A9P5N,1.26,0.58515,1.265,0.004999999999999893
9851,7,8,ClusterValue,3,100,10,43,43,"Hit(CCW,5,TOUCH)",61215,4128.6,0,81,2,A9P5N,-0.45,1.86212,0.155,0.605
9879,2,15,ClusterValue,3,100,10,43,105,"PostGuard(CCW,11,0)",217,21.2663,0,117,2,A9P5N,2.985,0.157401,3.125,0.14000000000000012
9832,1,9,ClusterValue,3,100,10,43,46,"Hit(CW,2,MIDDLE)",54846,3791.09,0,103,2,A9P5N,0.91,2.02284,1.24,0.32999999999999996
4221,2,14,ClusterValue,3,100,10,43,144,Pass,6487,585.619,0,145,2,A9P5N,0.645,1.3187,1.555,0.9099999999999999
1999,2,5,ClusterValue,3,100,10,43,33,"Hit(CCW,2,TOUCH)",79383,4531.08,0,53,2,A9P5N,0.46,2.01455,0.875,0.415
99,4,13,ClusterValue,3,100,10,43,2,"Draw(CW,S0)",6339,420.452,0,57,2,A9P5N,0.375,1.47458,0.635,0.26
964,0,8,ClusterValue,3,100,10,43,39,"Hit(CCW,3,STRONG)",54716,3295.63,0,63,2,A9P5N,-0.575,1.82876,-0.295,0.27999999999999997
6357,7,5,ClusterValue,3,100,10,43,8,"Draw(CW,S6)",88615,5685.17,0,75,2,A9P5N,0.555,1.95882,0.895,0.33999999999999997
632,7,12,ClusterValue,3,100,10,43,1,"Draw(CCW,TEE)",19520,1364.42,0,81,2,A9P5N,-0.245,1.92483,-0.195,0.04999999999999999
3130,2,11,ClusterValue,3,100,10,43,6,"Draw(CW,S4)",31024,2186.5,0,91,2,A9P5N,1.08,1.58543,1.315,0.23499999999999988
2941,4,13,ClusterValue,3,100,10,43,114,"PostGuard(CW,11,1)",14120,1214.28,0,125,2,A9P5N,0.98,1.5032,1.365,0.385
6374,0,11,ClusterValue,3,100,10,43,75,"Hit(CCW,10,WEAK)",37522,2860.72,0,113,2,A9P5N,0.065,1.96997,1.54,1.475
156,7,14,ClusterValue,3,100,10,43,58,"Hit(CW,5,STRONG)",6668,530.621,0,145,2,A9P5N,1.04,0.921086,1.105,0.06499999999999995
1570,1,4,ClusterValue,3,100,10,43,6,"Draw(CW,S4)",88398,5084.79,0,49,2,A9P5N,-0.41,1.81711,-0.32,0.08999999999999997
7117,6,12,ClusterValue,3,100,10,43,11,"Draw(CCW,L0)",14825,930.02,0,49,2,A9P5N,-0.575,1.59197,-0.14,0.43499999999999994
6164,7,6,ClusterValue,3,100,10,43,21,"Draw(CCW,L5)",68902,4080.19,0,49,2,A9P5N,-0.865,1.79075,-0.25,0.615
4376,5,5,ClusterValue,3,100,10,43,57,"Hit(CCW,4,MIDDLE)",87750,5028.29,0,75,2,A9P5N,0.9,1.96469,0.9,0.0
4444,0,12,ClusterValue,3,100,10,43,63,"PostGuard(CCW,6,0)",18910,1298.92,0,75,2,A9P5N,-1.12,1.80433,-0.345,0.7750000000000001
5083,5,6,ClusterValue,3,100,10,43,24,"Draw(CW,L7)",81708,4920.43,0,81,2,A9P5N,-0.87,2.00577,-0.245,0.625
894,4,13,ClusterValue,3,100,10,43,86,"PostGuard(CW,3,0)",13450,1069.6,0,105,2,A9P5N,1.19,1.35052,2.14,0.9500000000000002
8445,1,11,ClusterValue,3,100,10,43,33,"Hit(CCW,4,TOUCH)",35732,2575.39,0,103,2,A9P5N,1.485,1.73775,2.34,0.8549999999999998
7871,7,15,ClusterValue,3,100,10,43,35,"Hit(CCW,0,WEAK)",251,22.1647,0,151,2,A9P5N,2.485,1.88674,3.185,0.7000000000000002
8198,0,4,ClusterValue,3,100,10,43,44,"Hit(CW,3,WEAK)",91260,4702.85,0,59,2,A9P5N,-0.925,2.09985,-0.365,0.56
6829,6,13,ClusterValue,3,100,10,43,6,"Draw(CW,S4)",5925,399.75,0,53,2,A9P5N,-0.02,1.48983,0.45,0.47000000000000003
4702,2,8,ClusterValue,3,100,10,43,35,"Hit(CCW,7,WEAK)",51213,2932.58,0,49,2,A9P5N,-0.5,1.68523,-0.045,0.455
4058,3,5,ClusterValue,3,100,10,43,20,"Draw(CW,L5)",87449,4538.29,0,71,2,A9P5N,0.765,2.15169,0.985,0.21999999999999997
7591,4,13,ClusterValue,3,100,10,43,11,"Draw(CCW,L0)",11682,903.685,0,97,2,A9P5N,2.565,1.47505,3.245,0.6800000000000002
1445,7,8,ClusterValue,3,100,10,43,9,"Draw(CCW,S6)",56252,3159.48,0,65,2,A9P5N,-0.625,1.90115,-0.23,0.395
5373,5,13,ClusterValue,3,100,10,43,52,"Hit(CW,6,TOUCH)",11718,902.723,0,107,2,A9P5N,1.845,1.22514,1.945,0.10000000000000009
5423,3,9,ClusterValue,3,100,10,43,57,"Hit(CCW,4,MIDDLE)",55769,3455.32,0,103,2,A9P5N,0.83,1.94193,0.97,0.14
1644,5,15,ClusterValue,3,100,10,43,0,"Draw(CW,TEE)",235,24.749,0,135,2,A9P5N,-1.0,0.0,-0.35,0.65
6839,5,3,ClusterValue,3,100,10,43,15,"Draw(CCW,L2)",98981,4902.89,0,55,2,A9P5N,0.91,1.92403,1.225,0.31500000000000006
1063,2,15,ClusterValue,3,100,10,43,34,"Hit(CW,12,WEAK)",155,7.76468,0,55,2,A9P5N,1.905,0.293215,1.905,0.0
3774,5,6,ClusterValue,3,100,10,43,32,"Hit(CW,1,TOUCH)",74498,3570.92,0,65,2,A9P5N,-0.615,1.91749,-0.215,0.4
7844,2,5,ClusterValue,3,100,10,43,35,"Hit(CCW,0,WEAK)",86155,4248.56,0,71,2,A9P5N,0.87,2.11261,1.02,0.15000000000000002
5770,5,13,ClusterValue,3,100,10,43,6,"Draw(CW,S4)",10020,772.88,0,91,2,A9P5N,1.03,1.51628,1.12,0.09000000000000008
7977,6,14,ClusterValue,3,100,10,44,67,"Hit(CCW,7,MIDDLE)",6685,551.973,0,145,2,A9P5N,-2.275,1.51637,-1.635,0.6399999999999999
3926,6,11,ClusterValue,3,100,10,44,65,"Hit(CCW,6,WEAK)",36925,2896.33,0,123,2,A9P5N,0.32,1.88881,0.425,0.10499999999999998
3883,1,14,ClusterValue,3,100,10,44,18,"Draw(CW,L4)",1861,91.3538,0,37,2,A9P5N,-0.355,0.893854,-0.075,0.27999999999999997
9222,7,5,ClusterValue,3,100,10,44,23,"Draw(CCW,L6)",74103,4385.06,0,37,2,A9P5N,1.03,1.99477,1.315,0.2849999999999999
7881,2,15,ClusterValue,3,100,10,44,84,"Hit(CW,12,WEAK)",229,18.731,0,129,2,A9P5N,0.285,1.42961,1.72,1.435
6406,1,10,ClusterValue,3,100,10,44,36,"Hit(CW,7,MIDDLE)",35322,2145.0,0,59,2,A9P5N,-0.54,1.63046,-0.385,0.15500000000000003
8452,5,15,ClusterValue,3,100,10,44,34,"Hit(CW,0,WEAK)",253,27.8839,0,153,2,A9P5N,1.32,0.6063,1.935,0.615
1028,6,15,ClusterValue,3,100,10,44,135,"PostGuard(CCW,11,1)",251,27.6199,0,151,2,A9P5N,1.0,0.0,1.0,0.0
2596,1,14,ClusterValue,3,100,10,44,78,"Hit(CW,9,STRONG)",6531,516.218,0,145,2,A9P5N,1.86,1.12712,1.97,0.10999999999999988
4748,1,3,ClusterValue,3,100,10,44,11,"Draw(CCW,L0)",96922,5652.09,0,49,2,A9P5N,0.54,1.87307,0.985,0.44499999999999995
9206,3,13,ClusterValue,3,100,10,44,11,"Draw(CCW,L0)",5509,338.228,0,49,2,A9P5N,1.66,1.49479,1.73,0.07000000000000006
5859,1,6,ClusterValue,3,100,10,44,35,"Hit(CCW,1,WEAK)",75200,4715.88,0,65,2,A9P5N,-0.815,1.89229,-0.015,0.7999999999999999
6871,4,5,ClusterValue,3,100,10,44,54,"PostGuard(CW,1,1)",86380,5356.02,0,71,2,A9P5N,0.575,2.07951,1.32,0.7450000000000001
7163,3,13,ClusterValue,3,100,10,44,11,"Draw(CCW,L0)",10319,740.532,0,85,2,A9P5N,1.68,1.82691,2.465,0.7849999999999999
5807,0,8,ClusterValue,3,100,10,44,47,"Hit(CCW,5,MIDDLE)",60340,3850.47,0,81,2,A9P5N,-0.48,1.83565,0.03,0.51
5567,2,15,ClusterValue,3,100,10,44,0,"Draw(CW,TEE)",229,24.3169,0,129,2,A9P5N,1.535,0.999387,1.93,0.395
2507,3,11,ClusterValue,3,100,10,44,40,"Hit(CW,4,MIDDLE)",33432,2270.54,0,107,2,A9P5N,1.665,2.33298,1.715,0.050000000000000044
7006,3,15,ClusterValue,3,100,10,44,0,"Draw(CW,TEE)",245,29.7415,0,145,2,A9P5N,-1.0,0.0,-0.97,0.030000000000000027
1984,6,4,ClusterValue,3,100,10,44,46,"Hit(CW,3,MIDDLE)",91762,5529.93,0,59,2,A9P5N,-0.61,1.93595,-0.31,0.3
1845,7,14,ClusterValue,3,100,10,44,36,"Hit(CW,13,MIDDLE)",2773,147.438,0,55,2,A9P5N,0.14,1.22491,1.44,1.2999999999999998
5780,2,6,ClusterValue,3,100,10,44,41,"Freeze(CCW,5)",69210,4166.37,0,49,2,A9P5N,-1.035,1.97073,-0.375,0.6599999999999999
8645,7,5,ClusterValue,3,100,10,44,10,"Draw(CW,L0)",86898,5572.19,0,71,2,A9P5N,0.66,1.93246,0.92,0.26
6132,0,13,ClusterValue,3,100,10,44,72,"PostGuard(CW,7,2)",11202,894.45,0,87,2,A9P5N,2.095,1.10271,2.62,0.5249999999999999
3339,4,10,ClusterValue,3,100,10,44,4,"Draw(CW,S2)",38191,2497.75,0,71,2,A9P5N,-0.64,1.88425,-0.305,0.335
3566,6,14,ClusterValue,3,100,10,44,64,"Hit(CW,9,WEAK)",5982,528.655,0,129,2,A9P5N,0.955,0.72317,1.01,0.05500000000000005
5523,3,9,ClusterValue,3,100,10,44,55,"Hit(CCW,4,WEAK)",55477,3958.75,0,103,2,A9P5N,0.74,1.9602,0.74,0.0
7015,5,14,ClusterValue,3,100,10,44,68,"Hit(CW,7,STRONG)",6633,584.284,0,145,2,A9P5N,-1.93,1.31723,-1.135,0.7949999999999999
743,7,3,ClusterValue,3,100,10,44,10,"Draw(CW,L0)",100186,6296.25,0,55,2,A9P5N,0.7,1.86548,0.98,0.28
1014,4,15,ClusterValue,3,100,10,44,10,"Draw(CW,L0)",161,12.0804,0,61,2,A9P5N,3.325,1.27255,3.325,0.0
3900,0,10,ClusterValue,3,100,10,44,11,"Draw(CCW,L0)",34460,2133.26,0,55,2,A9P5N,-0.535,1.94391,0.305,0.8400000000000001
4543,6,5,ClusterValue,3,100,10,44,39,"Hit(CCW,0,STRONG)",86972,5263.58,0,71,2,A9P5N,0.785,2.07576,1.09,0.30500000000000005
9231,5,14,ClusterValue,3,100,10,44,10,"Draw(CW,L0)",4514,328.475,0,101,2,A9P5N,1.14,1.46983,2.025,0.885
1825,5,7,ClusterValue,3,100,10,44,16,"Draw(CW,L3)",69697,4517.57,0,77,2,A9P5N,0.75,2.19943,0.865,0.11499999999999999
4062,4,15,ClusterValue,3,100,10,44,35,"Hit(CCW,2,WEAK)",217,20.4471,0,117,2,A9P5N,-1.275,0.824242,-0.475,0.7999999999999999
9882,2,11,ClusterValue,3,100,10,44,48,"Hit(CW,4,STRONG)",34924,2516.65,0,109,2,A9P5N,1.23,2.06085,1.295,0.06499999999999995
2998,6,14,ClusterValue,3,100,10,44,59,"Hit(CCW,5,STRONG)",6672,565.476,0,145,2,A9P5N,2.895,0.86254,2.895,0.0
1555,2,3,ClusterValue,3,100,10,44,21,"Draw(CCW,L5)",99106,5990.23,0,55,2,A9P5N,0.805,1.97408,1.1,0.29500000000000004
4372,4,14,ClusterValue,3,100,10,44,18,"Draw(CW,L4)",2433,141.065,0,49,2,A9P5N,0.095,1.24337,0.095,0.0
3732,7,7,ClusterValue,3,100,10,44,33,"Hit(CCW,4,TOUCH)",60244,3528.57,0,49,2,A9P5N,0.9,1.78326,1.125,0.22499999999999998
3858,5,5,ClusterValue,3,100,10,44,33,"Hit(CCW,0,TOUCH)",89158,5836.6,0,75,2,A9P5N,0.77,1.96649,0.885,0.11499999999999999
1938,0,14,ClusterValue,3,100,10,44,54,"Hit(CW,13,WEAK)",4205,308.917,0,93,2,A9P5N,1.175,1.5506,1.43,0.2549999999999999
9112,3,9,ClusterValue,3,100,10,44,59,"Hit(CCW,6,STRONG)",47986,2937.01,0,75,2,A9P5N,0.305,1.79499,0.76,0.455
4157,3,12,ClusterValue,3,100,10,44,35,"Hit(CCW,3,WEAK)",23501,1785.6,0,107,2,A9P5N,-0.995,1.49164,-0.705,0.29000000000000004
7373,1,11,ClusterValue,3,100,10,44,50,"Freeze(CW,4)",34230,2523.75,0,103,2,A9P5N,0.775,1.6954,1.175,0.4
7173,4,15,ClusterValue,3,100,10,44,135,"PostGuard(CCW,11,1)",251,30.152,0,151,2,A9P5N,2.0,0.0,2.0,0.0
196,4,4,ClusterValue,3,100,10,44,40,"Freeze(CW,3)",88747,5423.58,0,49,2,A9P5N,-0.695,1.98544,-0.22,0.475
2630,2,14,ClusterValue,3,100,10,44,0,"Draw(CW,TEE)",2814,168.379,0,59,2,A9P5N,-1.075,1.38542,-1.07,0.004999999999999893
5731,2,10,ClusterValue,3,100,10,44,13,"Draw(CCW,L1)",31581,1854.1,0,43,2,A9P5N,-0.94,1.65118,-0.555,0.3849999999999999
9518,4,5,ClusterValue,3,100,10,44,3,"Draw(CCW,S0)",87237,5569.75,0,71,2,A9P5N,0.585,1.94494,0.985,0.4
8211,7,12,ClusterValue,3,100,10,44,45,"Hit(CCW,5,WEAK)",19511,1292.85,0,79,2,A9P5N,-1.115,1.90047,-0.815,0.30000000000000004
5392,3,13,ClusterValue,3,100,10,44,34,"Hit(CW,0,WEAK)",16828,1583.45,0,135,2,A9P5N,-1.9,1.77482,-1.005,0.895
4262,4,2,ClusterValue,3,100,10,44,3,"Draw(CCW,S0)",105665,6699.35,0,49,2,A9P5N,-0.76,2.09342,-0.465,0.295
6230,1,12,ClusterValue,3,100,10,44,38,"Hit(CW,11,STRONG)",14512,893.046,0,49,2,A9P5N,-0.435,1.30605,-0.215,0.22
3543,4,7,ClusterValue,3,100,10,44,25,"Draw(CCW,L7)",62407,3763.15,0,55,2,A9P5N,0.45,1.93326,1.025,0.575
1784,6,5,ClusterValue,3,100,10,44,11,"Draw(CCW,L0)",87854,5704.89,0,71,2,A9P5N,0.615,2.0191,1.05,0.43500000000000005
4905,4,14,ClusterValue,3,100,10,44,47,"Hit(CCW,7,MIDDLE)",4650,298.715,0,101,2,A9P5N,-1.695,1.1009,-1.65,0.04500000000000015
3837,2,10,ClusterValue,3,100,10,44,34,"Hit(CW,7,WEAK)",37512,2412.94,0,71,2,A9P5N,-0.465,1.83814,-0.455,0.010000000000000009
2854,0,15,ClusterValue,3,100,10,44,92,"PostGuard(CW,11,1)",203,17.891,0,103,2,A9P5N,1.0,0.0,1.18,0.17999999999999994
1221,1,10,ClusterValue,3,100,10,44,74,"Hit(CW,9,WEAK)",49000,3779.11,0,113,2,A9P5N,-1.545,1.79108,-0.575,0.97
7301,6,14,ClusterValue,3,100,10,44,26,"PreGuard(CW,G3)",6741,602.281,0,145,2,A9P5N,1.94,0.32619,1.985,0.04500000000000015
5248,0,3,ClusterValue,3,100,10,44,11,"Draw(CCW,L0)",97090,5935.11,0,49,2,A9P5N,0.855,2.3117,1.33,0.4750000000000001
2545,3,15,ClusterValue,3,100,10,44,0,"Draw(CW,TEE)",161,11.7172,0,61,2,A9P5N,2.98,0.14,2.98,0.0
6335,1,11,ClusterValue,3,100,10,44,34,"Hit(CW,6,WEAK)",24017,1424.34,0,53,2,A9P5N,1.125,1.49645,1.125,0.0
8275,4,5,ClusterValue,3,100,10,44,45,"Hit(CCW,2,WEAK)",88049,5507.5,0,71,2,A9P5N,0.53,2.2179,1.005,0.47499999999999987
963,5,13,ClusterValue,3,100,10,44,88,Pass,10121,767.884,0,89,2,A9P5N,0.625,1.63841,1.235,0.6100000000000001
176,5,11,ClusterValue,3,100,10,44,45,"Hit(CCW,6,WEAK)",34096,2456.96,0,97,2,A9P5N,1.26,1.94997,1.585,0.32499999999999996
2199,1,13,ClusterValue,3,100,10,44,59,"Hit(CCW,6,STRONG)",13692,1173.76,0,119,2,A9P5N,0.21,1.6631,0.25,0.04000000000000001
8298,3,11,ClusterValue,3,100,10,44,78,"Hit(CW,8,STRONG)",37349,2876.04,0,119,2,A9P5N,0.645,1.84363,1.185,0.54
6729,2,14,ClusterValue,3,100,10,44,2,"Draw(CW,S0)",6163,518.499,0,135,2,A9P5N,0.6,1.1619,0.665,0.06500000000000006
8119,5,4,ClusterValue,3,100,10,44,2,"Draw(CW,S0)",94387,5995.59,0,65,2,A9P5N,-0.64,2.03725,-0.18,0.46
8189,0,14,ClusterValue,3,100,10,44,35,"Hit(CCW,13,WEAK)",2671,158.142,0,55,2,A9P5N,0.025,1.36542,0.025,0.0
9791,0,8,ClusterValue,3,100,10,44,34,"Hit(CW,7,WEAK)",53031,3244.64,0,55,2,A9P5N,-0.425,1.60137,-0.11,0.315
5487,5,5,ClusterValue,3,100,10,44,0,"Draw(CW,TEE)",87446,5869.47,0,71,2,A9P5N,0.735,1.99117,1.085,0.35
4950,0,15,ClusterValue,3,100,10,44,35,"Hit(CCW,12,WEAK)",171,11.7307,0,71,2,A9P5N,-0.6,1.02956,0.83,1.43
9143,3,7,ClusterValue,3,100,10,44,38,"Hit(CW,0,STRONG)",70693,4647.45,0,81,2,A9P5N,0.675,1.95943,1.135,0.45999999999999996
4517,4,13,ClusterValue,3,100,10,44,50,"Freeze(CW,4)",15113,1391.27,0,123,2,A9P5N,1.115,1.18818,1.535,0.41999999999999993
2994,5,10,ClusterValue,3,100,10,44,44,"Hit(CW,3,WEAK)",47989,3635.69,0,113,2,A9P5N,-0.135,1.98916,0.045,0.18
961,6,13,ClusterValue,3,100,10,44,11,"Draw(CCW,L0)",16055,1474.31,0,139,2,A9P5N,-1.77,1.43426,-1.735,0.03499999999999992
1566,1,3,ClusterValue,3,100,10,44,58,Pass,101237,6373.81,0,59,2,A9P5N,0.785,1.70844,0.975,0.18999999999999995
1686,6,15,ClusterValue,3,100,10,44,0,"Draw(CW,TEE)",149,9.73411,0,49,2,A9P5N,1.0,0.0,1.0,0.0
1201,0,6,ClusterValue,3,100,10,44,3,"Draw(CCW,S0)",70127,4363.78,0,53,2,A9P5N,-0.77,2.08976,-0.385,0.385
5494,4,5,ClusterValue,3,100,10,44,15,"Draw(CCW,L2)",89088,6003.79,0,75,2,A9P5N,0.545,1.96417,1.21,0.6649999999999999
2492,4,15,ClusterValue,3,100,10,44,2,"Draw(CW,S0)",175,14.083,0,75,2,A9P5N,1.175,1.24675,1.65,0.47499999999999987
8959,1,11,ClusterValue,3,100,10,44,50,"Freeze(CW,6)",32852,2469.37,0,97,2,A9P5N,1.005,1.85337,1.26,0.2550000000000001
1671,0,15,ClusterValue,3,100,10,44,76,"Hit(CW,12,MIDDLE)",217,19.7391,0,117,2,A9P5N,-0.015,1.8179,2.74,2.7550000000000003
1385,7,11,ClusterValue,3,100,10,44,19,"Draw(CCW,L4)",34319,2361.38,0,103,2,A9P5N,1.18,1.52892,1.18,0.0
6872,1,14,ClusterValue,3,100,10,44,43,"Hit(CCW,5,TOUCH)",6167,559.675,0,135,2,A9P5N,0.815,0.969936,1.02,0.20500000000000007
8785,1,4,ClusterValue,3,100,10,44,10,"Draw(CW,L0)",87456,5438.39,0,49,2,A9P5N,-0.63,1.78412,-0.32,0.31
1835,0,15,ClusterValue,3,100,10,44,55,"Hit(CCW,14,WEAK)",169,11.025,0,69,2,A9P5N,1.235,1.19573,1.235,0.0
6216,7,8,ClusterValue,3,100,10,44,21,"Draw(CCW,L5)",53655,3288.53,0,55,2,A9P5N,-0.585,1.67415,0.075,0.6599999999999999
8471,6,5,ClusterValue,3,100,10,44,35,"Hit(CCW,0,WEAK)",88418,5840.52,0,75,2,A9P5N,0.82,1.99188,1.06,0.2400000000000001
256,3,12,ClusterValue,3,100,10,44,48,"Hit(CW,11,STRONG)",18548,1251.13,0,77,2,A9P5N,0.35,1.91768,0.495,0.14500000000000002
5778,2,9,ClusterValue,3,100,10,44,2,"Draw(CW,S0)",53719,3693.3,0,97,2,A9P5N,0.45,1.74284,0.915,0.465
6320,4,15,ClusterValue,3,100,10,44,64,"Hit(CW,12,WEAK)",203,16.4839,0,103,2,A9P5N,-0.5,1.85203,-0.055,0.445
1638,4,11,ClusterValue,3,100,10,44,66,"Hit(CW,8,MIDDLE)",34215,2393.59,0,103,2,A9P5N,0.55,1.67257,0.715,0.16499999999999992
2310,6,15,ClusterValue,3,100,10,44,55,"Hit(CCW,6,WEAK)",235,22.4149,0,135,2,A9P5N,-0.39,1.5388,2.215,2.605
7921,5,4,ClusterValue,3,100,10,44,35,"Hit(CCW,1,WEAK)",87023,5175.26,0,49,2,A9P5N,-0.47,1.97461,-0.205,0.265
1361,1,12,ClusterValue,3,100,10,44,48,"Hit(CW,11,STRONG)",16067,1041.7,0,59,2,A9P5N,-0.455,1.45189,0.19,0.645
5041,1,8,ClusterValue,3,100,10,44,35,"Hit(CCW,7,WEAK)",53522,3355.92,0,55,2,A9P5N,-0.54,1.61505,0.14,0.68
5033,7,5,ClusterValue,3,100,10,44,39,"Hit(CCW,0,STRONG)",86916,5336.09,0,71,2,A9P5N,0.92,2.13392,1.165,0.245
5022,1,15,ClusterValue,3,100,10,44,7,"Draw(CCW,S4)",189,16.5484,0,89,2,A9P5N,1.25,0.466369,1.25,0.0
9907,7,9,ClusterValue,3,100,10,44,10,"Draw(CW,L0)",46083,2930.57,0,65,2,A9P5N,0.575,1.8559,1.01,0.43500000000000005
8627,2,12,ClusterValue,3,100,10,44,77,"PostGuard(CCW,0,2)",24181,1932.08,0,103,2,A9P5N,-0.53,1.57134,0.415,0.9450000000000001
1641,6,10,ClusterValue,3,100,10,44,46,"Hit(CW,3,MIDDLE)",48640,3870.16,0,113,2,A9P5N,-0.065,1.89229,0.31,0.375
7249,2,15,ClusterValue,3,100,10,44,0,"Draw(CW,TEE)",239,25.0554,0,139,2,A9P5N,1.0,0.0,1.0,0.0
4837,7,2,ClusterValue,3,100,10,44,41,"Freeze(CCW,1)",105907,6587.63,0,49,2,A9P5N,-0.595,2.23852,-0.18,0.415
1039,2,15,ClusterValue,3,100,10,44,35,"Hit(CCW,14,WEAK)",143,7.7849,0,43,2,A9P5N,0.955,0.207304,0.955,0.0
7846,3,10,ClusterValue,3,100,10,44,44,"Hit(CW,9,WEAK)",35639,2265.73,0,65,2,A9P5N,-0.24,1.86612,-0.12,0.12
5246,2,5,ClusterValue,3,100,10,44,21,"Draw(CCW,L5)",89368,5894.8,0,75,2,A9P5N,0.51,2.19087,1.025,0.5149999999999999
4166,2,12,ClusterValue,3,100,10,44,7,"Draw(CCW,S4)",19253,1302.06,0,75,2,A9P5N,-0.23,1.73698,0.19,0.42000000000000004
6533,4,6,ClusterValue,3,100,10,44,55,"Hit(CCW,5,WEAK)",81631,5476.09,0,81,2,A9P5N,-0.185,1.78347,0.615,0.8
5721,0,12,ClusterValue,3,100,10,44,80,"Freeze(CW,9)",26181,2144.22,0,123,2,A9P5N,1.825,0.891277,1.945,0.1200000000000001
4463,7,9,ClusterValue,3,100,10,44,1,"Draw(CCW,TEE)",54829,3810.73,0,103,2,A9P5N,1.025,1.91687,1.03,0.0050000000000001155
5606,2,14,ClusterValue,3,100,10,44,46,"Hit(CW,3,MIDDLE)",6340,533.096,0,139,2,A9P5N,0.515,1.59993,0.54,0.025000000000000022
1123,4,3,ClusterValue,3,100,10,44,3,"Draw(CCW,S0)",98909,6192.97,0,55,2,A9P5N,0.53,1.99477,1.04,0.51
8113,3,15,ClusterValue,3,100,10,44,0,"Draw(CW,TEE)",169,12.6944,0,69,2,A9P5N,0.93,0.36756,1.0,0.06999999999999995
716,6,7,ClusterValue,3,100,10,44,8,"Draw(CW,S6)",62987,3842.24,0,55,2,A9P5N,0.55,1.96914,1.015,0.46499999999999986
459,3,5,ClusterValue,3,100,10,44,34,"Hit(CW,0,WEAK)",86226,5360.15,0,71,2,A9P5N,0.845,2.09547,1.05,0.20500000000000007
9287,7,12,ClusterValue,3,100,10,44,38,"Hit(CW,11,WEAK)",16350,998.051,0,65,2,A9P5N,-0.31,1.57286,-0.31,0.0
5647,1,10,ClusterValue,3,100,10,44,48,"Hit(CW,5,STRONG)",43183,2944.81,0,91,2,A9P5N,-0.38,1.86965,0.33,0.71
4562,4,13,ClusterValue,3,100,10,44,76,"Hit(CW,8,MIDDLE)",13391,1189.24,0,129,2,A9P5N,1.765,1.36006,1.765,0.0
6201,5,11,ClusterValue,3,100,10,44,63,"Hit(CCW,6,TOUCH)",33762,2460.81,0,107,2,A9P5N,0.765,1.64005,0.765,0.0
9166,3,14,ClusterValue,3,100,10,44,64,"Hit(CW,7,WEAK)",6397,590.467,0,139,2,A9P5N,0.66,1.65964,0.995,0.33499999999999996
8703,4,3,ClusterValue,3,100,10,44,41,"Freeze(CCW,0)",96969,5804.76,0,49,2,A9P5N,0.57,2.01869,1.18,0.61
1616,0,14,ClusterValue,3,100,10,44,33,"Hit(CCW,7,TOUCH)",3190,204.113,0,69,2,A9P5N,0.86,1.35292,0.86,0.0
5809,3,9,ClusterValue,3,100,10,44,36,"Hit(CW,6,MIDDLE)",43249,2605.96,0,53,2,A9P5N,0.61,1.80497,0.78,0.17000000000000004
4651,6,5,ClusterValue,3,100,10,44,45,"Hit(CCW,2,WEAK)",87107,5537.14,0,71,2,A9P5N,0.18,1.87286,0.915,0.7350000000000001
8894,2,15,ClusterValue,3,100,10,44,2,"Draw(CW,S0)",179,12.9304,0,79,2,A9P5N,1.885,0.437921,1.885,0.0
2369,6,9,ClusterValue,3,100,10,44,34,"Hit(CW,0,WEAK)",49825,3239.64,0,79,2,A9P5N,0.215,1.79966,0.69,0.475
1083,7,15,ClusterValue,3,100,10,44,0,"Draw(CW,TEE)",203,18.2575,0,103,2,A9P5N,-0.98,0.198997,0.74,1.72
366,3,11,ClusterValue,3,100,10,44,76,"Hit(CW,8,MIDDLE)",36688,2751.55,0,119,2,A9P5N,1.315,2.30126,1.555,0.24
6354,2,15,ClusterValue,3,100,10,44,4,"Draw(CW,S2)",251,26.3999,0,151,2,A9P5N,1.535,0.498773,1.535,0.0
9260,7,2,ClusterValue,3,100,10,44,16,"Draw(CW,L3)",105152,6543.02,0,49,2,A9P5N,-0.34,1.88,-0.21,0.13000000000000003
6267,4,12,ClusterValue,3,100,10,44,2,"Draw(CW,S0)",16080,1031.44,0,55,2,A9P5N,-0.4,1.52971,-0.025,0.375
1158,6,8,ClusterValue,3,100,10,44,32,"Hit(CW,1,TOUCH)",55435,3486.94,0,65,2,A9P5N,-0.075,1.96707,0.39,0.465
6520,1,5,ClusterValue,3,100,10,44,1,"Draw(CCW,TEE)",88754,6008.08,0,75,2,A9P5N,0.835,2.16282,1.215,0.3800000000000001
2099,0,14,ClusterValue,3,100,10,44,1,"Draw(CCW,TEE)",4310,268.849,0,91,2,A9P5N,0.56,1.20681,0.56,0.0
4892,6,10,ClusterValue,3,100,10,44,54,"Hit(CW,5,WEAK)",45350,3220.8,0,101,2,A9P5N,-0.195,1.96392,0.185,0.38
7859,3,14,ClusterValue,3,100,10,44,69,"Hit(CCW,9,STRONG)",5918,469.212,0,129,2,A9P5N,-0.09,2.02531,0.515,0.605
2084,7,10,ClusterValue,3,100,10,44,110,"PostGuard(CW,8,2)",49205,3913.57,0,113,2,A9P5N,2.22,1.70047,2.465,0.24499999999999966
5335,1,14,ClusterValue,3,100,10,44,12,"Draw(CW,L1)",6731,626.45,0,145,2,A9P5N,-0.475,1.17447,0.485,0.96
5272,2,4,ClusterValue,3,100,10,44,28,"PreGuard(CW,G4)",88638,5606.93,0,53,2,A9P5N,-0.86,2.14019,-0.41,0.45
5472,3,13,ClusterValue,3,100,10,44,44,"Hit(CW,10,WEAK)",7606,541.671,0,69,2,A9P5N,0.36,1.47323,0.7,0.33999999999999997
4526,5,9,ClusterValue,3,100,10,44,10,"Draw(CW,L0)",45404,2852.95,0,65,2,A9P5N,0.39,1.89418,0.685,0.29500000000000004
6392,2,5,ClusterValue,3,100,10,44,54,"Hit(CW,4,WEAK)",89071,5852.75,0,75,2,A9P5N,0.77,1.89132,1.075,0.30499999999999994
1255,4,13,ClusterValue,3,100,10,44,67,"Hit(CCW,12,MIDDLE)",10996,900.726,0,91,2,A9P5N,2.26,1.78112,2.34,0.08000000000000007
5259,3,8,ClusterValue,3,100,10,44,18,"Draw(CW,L4)",65981,4744.89,0,97,2,A9P5N,0.34,2.0747,0.965,0.625
7905,3,15,ClusterValue,3,100,10,44,56,"Hit(CW,10,MIDDLE)",203,16.0437,0,103,2,A9P5N,2.765,1.17037,2.865,0.10000000000000009
4159,5,11,ClusterValue,3,100,10,44,42,"Hit(CW,6,TOUCH)",34985,2929.38,0,103,2,A9P5N,0.445,1.71959,0.765,0.32
2788,5,13,ClusterValue,3,100,10,44,58,"Hit(CW,4,STRONG)",18144,1792.14,0,139,2,A9P5N,2.505,1.41774,3.115,0.6100000000000003
4360,7,4,ClusterValue,3,100,10,44,42,"Hit(CW,3,TOUCH)",91696,5764.02,0,59,2,A9P5N,-0.775,1.92208,-0.47,0.30500000000000005
8248,7,13,ClusterValue,3,100,10,44,50,"Freeze(CW,8)",6724,475.779,0,59,2,A9P5N,0.96,1.41718,1.49,0.53
2081,5,9,ClusterValue,3,100,10,44,11,"Draw(CCW,L0)",43499,2611.06,0,53,2,A9P5N,0.365,1.90834,0.865,0.5
1265,4,5,ClusterValue,3,100,10,44,41,"Freeze(CCW,0)",87373,5733.64,0,71,2,A9P5N,0.67,2.08832,0.89,0.21999999999999997
3677,7,15,ClusterValue,3,100,10,44,3,"Draw(CCW,S0)",175,13.3591,0,75,2,A9P5N,1.56,0.75921,1.695,0.135
477,2,10,ClusterValue,3,100,10,44,54,"Hit(CW,9,WEAK)",40599,2769.16,0,81,2,A9P5N,-0.975,1.89324,-0.245,0.73
8462,7,13,ClusterValue,3,100,10,44,4,"Draw(CW,S2)",14038,1217.43,0,115,2,A9P5N,2.615,1.56741,2.63,0.01499999999999968
3186,1,11,ClusterValue,3,100,10,44,36,"Hit(CW,0,MIDDLE)",34757,2778.98,0,119,2,A9P5N,-0.01,2.20452,1.3,1.31
8936,4,15,ClusterValue,3,100,10,44,130,"PostGuard(CW,9,2)",245,26.2708,0,145,2,A9P5N,1.0,0.0,1.015,0.014999999999999902
966,6,3,ClusterValue,3,100,10,44,8,"Draw(CW,S6)",98756,5975.73,0,55,2,A9P5N,0.675,2.0419,1.15,0.47499999999999987
232,1,13,ClusterValue,3,100,10,44,58,Pass,6855,472.144,0,59,2,A9P5N,0.645,1.19957,1.575,0.9299999999999999
3968,6,10,ClusterValue,3,100,10,44,47,"PostGuard(CCW,8,2)",33266,2006.59,0,49,2,A9P5N,0.575,1.78168,0.95,0.375
2440,2,5,ClusterValue,3,100,10,44,45,"Hit(CCW,2,WEAK)",87322,5497.93,0,71,2,A9P5N,0.91,2.00297,1.17,0.2599999999999999
1624,6,15,ClusterValue,3,100,10,44,2,"Draw(CW,S0)",191,15.9486,0,91,2,A9P5N,1.26,0.58515,1.265,0.004999999999999893
9851,7,8,ClusterValue,3,100,10,44,79,"PostGuard(CCW,6,2)",61677,4303.03,0,81,2,A9P5N,-0.455,1.94627,0.155,0.61
9879,2,15,ClusterValue,3,100,10,44,105,"PostGuard(CCW,11,0)",217,20.7299,0,117,2,A9P5N,2.985,0.157401,3.125,0.14000000000000012
9832,1,9,ClusterValue,3,100,10,44,60,"Freeze(CW,4)",56767,4209.56,0,103,2,A9P5N,0.37,1.90082,1.24,0.87
4221,2,14,ClusterValue,3,100,10,44,110,"PostGuard(CW,2,1)",6741,636.166,0,145,2,A9P5N,0.615,1.29876,1.555,0.94
1999,2,5,ClusterValue,3,100,10,44,12,"Draw(CW,L1)",79998,4807.05,0,53,2,A9P5N,0.405,1.96748,0.875,0.47
99,4,13,ClusterValue,3,100,10,44,10,"Draw(CW,L0)",6345,435.26,0,57,2,A9P5N,0.465,1.43484,0.635,0.16999999999999998
964,0,8,ClusterValue,3,100,10,44,44,"Hit(CW,5,WEAK)",54288,3270.84,0,63,2,A9P5N,-0.38,1.82088,-0.295,0.08500000000000002
6357,7,5,ClusterValue,3,100,10,44,70,"PostGuard(CW,3,1)",90144,5664.61,0,75,2,A9P5N,0.27,2.08257,0.895,0.625
632,7,12,ClusterValue,3,100,10,44,11,"Draw(CCW,L0)",20006,1432.43,0,81,2,A9P5N,-0.685,1.90939,-0.195,0.49000000000000005
3130,2,11,ClusterValue,3,100,10,44,54,"Hit(CW,8,WEAK)",30817,2200.65,0,91,2,A9P5N,0.67,1.5592,1.315,0.6449999999999999
2941,4,13,ClusterValue,3,100,10,44,76,"Hit(CW,10,MIDDLE)",14981,1314.48,0,125,2,A9P5N,0.025,1.99358,1.365,1.34
6374,0,11,ClusterValue,3,100,10,44,59,"Hit(CCW,6,STRONG)",36371,2633.41,0,113,2,A9P5N,1.19,2.28996,1.54,0.3500000000000001
156,7,14,ClusterValue,3,100,10,44,87,"Hit(CCW,11,MIDDLE)",6591,581.756,0,145,2,A9P5N,1.085,0.936896,1.105,0.020000000000000018
1570,1,4,ClusterValue,3,100,10,44,5,"Draw(CCW,S2)",87320,4940.17,0,49,2,A9P5N,-0.62,1.97879,-0.32,0.3
7117,6,12,ClusterValue,3,100,10,44,11,"Draw(CCW,L0)",15086,961.669,0,49,2,A9P5N,-0.575,1.59197,-0.14,0.43499999999999994
6164,7,6,ClusterValue,3,100,10,44,40,"Freeze(CW,5)",69783,3972.81,0,49,2,A9P5N,-0.385,2.07769,-0.25,0.135
4376,5,5,ClusterValue,3,100,10,44,46,"Hit(CW,2,MIDDLE)",87927,4833.37,0,75,2,A9P5N,0.565,1.88568,0.9,0.3350000000000001
4444,0,12,ClusterValue,3,100,10,44,51,"Freeze(CCW,9)",18825,1226.45,0,75,2,A9P5N,-0.46,1.79399,-0.345,0.11500000000000005
5083,5,6,ClusterValue,3,100,10,44,44,"Hit(CW,3,WEAK)",81342,4802.79,0,81,2,A9P5N,-0.695,1.96773,-0.245,0.44999999999999996
894,4,13,ClusterValue,3,100,10,44,43,"Hit(CCW,4,TOUCH)",13251,1085.9,0,105,2,A9P5N,1.995,1.21449,2.14,0.14500000000000002
8445,1,11,ClusterValue,3,100,10,44,98,"PostGuard(CW,9,1)",35344,2536.0,0,103,2,A9P5N,1.745,1.71755,2.34,0.5949999999999998
7871,7,15,ClusterValue,3,100,10,44,35,"Hit(CCW,0,WEAK)",251,30.4256,0,151,2,A9P5N,2.485,1.88674,3.185,0.7000000000000002
8198,0,4,ClusterValue,3,100,10,44,16,"Draw(CW,L3)",91886,4674.52,0,59,2,A9P5N,-0.725,1.90247,-0.365,0.36
6829,6,13,ClusterValue,3,100,10,44,45,"Hit(CCW,12,WEAK)",5734,382.303,0,53,2,A9P5N,0.45,1.30671,0.45,0.0
4702,2,8,ClusterValue,3,100,10,44,11,"Draw(CCW,L0)",51430,2823.78,0,49,2,A9P5N,-0.735,1.86139,-0.045,0.69
4058,3,5,ClusterValue,3,100,10,44,34,"Hit(CW,0,WEAK)",87231,4384.41,0,71,2,A9P5N,0.585,1.93463,0.985,0.4
7591,4,13,ClusterValue,3,100,10,44,94,"PostGuard(CW,13,2)",12223,964.021,0,97,2,A9P5N,2.755,1.18953,3.245,0.4900000000000002
1445,7,8,ClusterValue,3,100,10,44,3,"Draw(CCW,S0)",56472,3062.51,0,65,2,A9P5N,-0.405,1.81961,-0.23,0.17500000000000002
5373,5,13,ClusterValue,3,100,10,44,52,"Hit(CW,6,TOUCH)",12691,1022.77,0,107,2,A9P5N,1.845,1.22514,1.945,0.10000000000000009
5423,3,9,ClusterValue,3,100,10,44,35,"Hit(CCW,0,WEAK)",56097,3279.67,0,103,2,A9P5N,0.43,1.89871,0.97,0.54
1644,5,15,ClusterValue,3,100,10,44,0,"Draw(CW,TEE)",235,25.043,0,135,2,A9P5N,-1.0,0.0,-0.35,0.65
6839,5,3,ClusterValue,3,100,10,44,24,"Draw(CW,L7)",98816,4652.18,0,55,2,A9P5N,0.61,2.05132,1.225,0.6150000000000001
1063,2,15,ClusterValue,3,100,10,44,34,"Hit(CW,12,WEAK)",155,8.67448,0,55,2,A9P5N,1.905,0.293215,1.905,0.0
3774,5,6,ClusterValue,3,100,10,44,59,"PostGuard(CCW,4,0)",75151,3779.41,0,65,2,A9P5N,-0.47,1.86791,-0.215,0.255
7844,2,5,ClusterValue,3,100,10,44,45,"Hit(CCW,2,WEAK)",87296,4029.66,0,71,2,A9P5N,0.815,2.17733,1.02,0.20500000000000007
5770,5,13,ClusterValue,3,100,10,44,1,"Draw(CCW,TEE)",10404,690.117,0,91,2,A9P5N,0.955,1.21777,1.12,0.16500000000000015
7977,6,14,ClusterValue,3,100,10,45,37,"Hit(CCW,1,MIDDLE)",6417,552.913,0,145,2,A9P5N,-1.635,1.47369,-1.635,0.0
3926,6,11,ClusterValue,3,100,10,45,75,"Hit(CCW,8,WEAK)",39261,3188.75,0,123,2,A9P5N,-0.665,1.96285,0.425,1.09
3883,1,14,ClusterValue,3,100,10,45,1,"Draw(CCW,TEE)",1960,104.424,0,37,2,A9P5N,-0.075,0.953612,-0.075,0.0
9222,7,5,ClusterValue,3,100,10,45,12,"Draw(CW,L1)",73397,4362.3,0,37,2,A9P5N,0.885,2.03268,1.315,0.42999999999999994
7881,2,15,ClusterValue,3,100,10,45,84,"Hit(CW,12,WEAK)",229,20.8867,0,129,2,A9P5N,0.285,1.42961,1.72,1.435
6406,1,10,ClusterValue,3,100,10,45,0,"Draw(CW,TEE)",35319,2165.86,0,59,2,A9P5N,-0.385,1.70786,-0.385,0.0
8452,5,15,ClusterValue,3,100,10,45,34,"Hit(CW,0,WEAK)",253,34.5516,0,153,2,A9P5N,1.32,0.6063,1.935,0.615
1028,6,15,ClusterValue,3,100,10,45,135,"PostGuard(CCW,11,1)",251,32.8203,0,151,2,A9P5N,1.0,0.0,1.0,0.0
2596,1,14,ClusterValue,3,100,10,45,78,"Hit(CW,9,STRONG)",6632,568.812,0,145,2,A9P5N,1.86,1.12712,1.97,0.10999999999999988
4748,1,3,ClusterValue,3,100,10,45,9,"Draw(CCW,S6)",95858,5867.02,0,49,2,A9P5N,0.76,1.99058,0.985,0.22499999999999998
9206,3,13,ClusterValue,3,100,10,45,11,"Draw(CCW,L0)",5855,329.027,0,49,2,A9P5N,1.66,1.49479,1.73,0.07000000000000006
5859,1,6,ClusterValue,3,100,10,45,10,"Draw(CW,L0)",74915,4765.73,0,65,2,A9P5N,-0.31,2.14567,-0.015,0.295
6871,4,5,ClusterValue,3,100,10,45,45,"Hit(CCW,2,WEAK)",86931,5349.65,0,71,2,A9P5N,0.83,2.15664,1.32,0.4900000000000001
7163,3,13,ClusterValue,3,100,10,45,3,"Draw(CCW,S0)",10458,769.619,0,85,2,A9P5N,1.735,1.49492,2.465,0.7299999999999998
5807,0,8,ClusterValue,3,100,10,45,70,"PostGuard(CW,4,1)",61079,3967.44,0,81,2,A9P5N,-0.265,2.04078,0.03,0.29500000000000004
5567,2,15,ClusterValue,3,100,10,45,0,"Draw(CW,TEE)",229,28.2662,0,129,2,A9P5N,1.535,0.999387,1.93,0.395
2507,3,11,ClusterValue,3,100,10,45,59,"Hit(CCW,8,WEAK)",34814,2496.44,0,107,2,A9P5N,0.96,2.38294,1.715,0.7550000000000001
7006,3,15,ClusterValue,3,100,10,45,0,"Draw(CW,TEE)",245,32.9057,0,145,2,A9P5N,-1.0,0.0,-0.97,0.030000000000000027
1984,6,4,ClusterValue,3,100,10,45,1,"Draw(CCW,TEE)",91868,5474.68,0,59,2,A9P5N,-0.755,2.08925,-0.31,0.445
1845,7,14,ClusterValue,3,100,10,45,18,"Draw(CW,L4)",2630,150.113,0,55,2,A9P5N,1.13,1.37953,1.44,0.31000000000000005
5780,2,6,ClusterValue,3,100,10,45,10,"Draw(CW,L0)",69194,4234.74,0,49,2,A9P5N,-1.005,1.90394,-0.375,0.6299999999999999
8645,7,5,ClusterValue,3,100,10,45,1,"Draw(CCW,TEE)",86775,5527.2,0,71,2,A9P5N,0.76,1.898,0.92,0.16000000000000003
6132,0,13,ClusterValue,3,100,10,45,54,"Hit(CW,12,WEAK)",9179,682.595,0,87,2,A9P5N,1.96,1.7258,2.62,0.6600000000000001
3339,4,10,ClusterValue,3,100,10,45,50,"Freeze(CW,9)",38216,2441.69,0,71,2,A9P5N,-0.305,1.77256,-0.305,0.0
3566,6,14,ClusterValue,3,100,10,45,77,"Hit(CCW,11,MIDDLE)",5728,529.35,0,129,2,A9P5N,0.8,1.1225,1.01,0.20999999999999996
5523,3,9,ClusterValue,3,100,10,45,59,"Hit(CCW,4,STRONG)",55304,3900.25,0,103,2,A9P5N,0.51,1.97987,0.74,0.22999999999999998
7015,5,14,ClusterValue,3,100,10,45,57,"Hit(CCW,5,MIDDLE)",6589,558.314,0,145,2,A9P5N,-1.88,1.07963,-1.135,0.7449999999999999
743,7,3,ClusterValue,3,100,10,45,10,"Draw(CW,L0)",98961,6051.04,0,55,2,A9P5N,0.7,1.86548,0.98,0.28
1014,4,15,ClusterValue,3,100,10,45,10,"Draw(CW,L0)",161,12.0133,0,61,2,A9P5N,3.325,1.27255,3.325,0.0
3900,0,10,ClusterValue,3,100,10,45,11,"Draw(CCW,L0)",34488,2151.8,0,55,2,A9P5N,-0.535,1.94391,0.305,0.8400000000000001
4543,6,5,ClusterValue,3,100,10,45,11,"Draw(CCW,L0)",87600,5589.56,0,71,2,A9P5N,0.64,1.87094,1.09,0.45000000000000007
9231,5,14,ClusterValue,3,100,10,45,49,"Hit(CCW,5,STRONG)",4561,301.704,0,101,2,A9P5N,1.235,1.50989,2.025,0.7899999999999998
1825,5,7,ClusterValue,3,100,10,45,10,"Draw(CW,L0)",69315,4505.91,0,77,2,A9P5N,0.555,2.05109,0.865,0.30999999999999994
4062,4,15,ClusterValue,3,100,10,45,35,"Hit(CCW,2,WEAK)",217,19.9136,0,117,2,A9P5N,-1.275,0.824242,-0.475,0.7999999999999999
9882,2,11,ClusterValue,3,100,10,45,1,"Draw(CCW,TEE)",36424,2800.99,0,109,2,A9P5N,0.415,1.43275,1.295,0.8799999999999999
2998,6,14,ClusterValue,3,100,10,45,65,"Hit(CCW,7,WEAK)",6725,567.686,0,145,2,A9P5N,2.795,0.716223,2.895,0.10000000000000009
1555,2,3,ClusterValue,3,100,10,45,6,"Draw(CW,S4)",98478,6052.62,0,55,2,A9P5N,0.625,2.12235,1.1,0.4750000000000001
4372,4,14,ClusterValue,3,100,10,45,29,"PreGuard(CCW,G4)",2338,129.167,0,49,2,A9P5N,-0.5,0.883176,0.095,0.595
3732,7,7,ClusterValue,3,100,10,45,15,"Draw(CCW,L2)",60635,3580.23,0,49,2,A9P5N,0.94,1.8375,1.125,0.18500000000000005
3858,5,5,ClusterValue,3,100,10,45,19,"Draw(CCW,L4)",89188,5974.53,0,75,2,A9P5N,0.575,2.08911,0.885,0.31000000000000005
1938,0,14,ClusterValue,3,100,10,45,54,"Hit(CW,13,WEAK)",4258,260.794,0,93,2,A9P5N,1.175,1.5506,1.43,0.2549999999999999
9112,3,9,ClusterValue,3,100,10,45,39,"Hit(CCW,2,STRONG)",47346,2881.4,0,75,2,A9P5N,0.53,1.90239,0.76,0.22999999999999998
4157,3,12,ClusterValue,3,100,10,45,34,"Hit(CW,3,WEAK)",22636,1656.09,0,107,2,A9P5N,-1.14,1.58127,-0.705,0.43499999999999994
7373,1,11,ClusterValue,3,100,10,45,11,"Draw(CCW,L0)",33287,2433.13,0,103,2,A9P5N,0.98,1.72615,1.175,0.19500000000000006
7173,4,15,ClusterValue,3,100,10,45,135,"PostGuard(CCW,11,1)",251,30.5046,0,151,2,A9P5N,2.0,0.0,2.0,0.0
196,4,4,ClusterValue,3,100,10,45,34,"Hit(CW,3,WEAK)",86958,5254.02,0,49,2,A9P5N,-0.59,1.84442,-0.22,0.37
2630,2,14,ClusterValue,3,100,10,45,48,"Hit(CW,13,STRONG)",2815,167.146,0,59,2,A9P5N,-1.095,0.846153,-1.07,0.02499999999999991
5731,2,10,ClusterValue,3,100,10,45,4,"Draw(CW,S2)",31429,1891.69,0,43,2,A9P5N,-1.2,1.74069,-0.555,0.6449999999999999
9518,4,5,ClusterValue,3,100,10,45,50,"Freeze(CW,2)",87872,5738.63,0,71,2,A9P5N,0.205,1.9578,0.985,0.78
8211,7,12,ClusterValue,3,100,10,45,52,"Hit(CW,9,TOUCH)",19777,1358.5,0,79,2,A9P5N,-1.215,1.80244,-0.815,0.40000000000000013
5392,3,13,ClusterValue,3,100,10,45,54,"Hit(CW,4,WEAK)",15159,1386.35,0,135,2,A9P5N,-1.365,1.89256,-1.005,0.3600000000000001
4262,4,2,ClusterValue,3,100,10,45,15,"Draw(CCW,L2)",105364,6581.41,0,49,2,A9P5N,-0.82,1.90987,-0.465,0.3549999999999999
6230,1,12,ClusterValue,3,100,10,45,41,"Freeze(CCW,11)",14870,925.746,0,49,2,A9P5N,-0.74,1.3647,-0.215,0.525
3543,4,7,ClusterValue,3,100,10,45,20,"Draw(CW,L5)",62117,3748.91,0,55,2,A9P5N,1.025,2.06746,1.025,0.0
1784,6,5,ClusterValue,3,100,10,45,7,"Draw(CCW,S4)",87555,5537.33,0,71,2,A9P5N,0.785,2.12103,1.05,0.265
4905,4,14,ClusterValue,3,100,10,45,34,"Hit(CW,5,WEAK)",4728,309.88,0,101,2,A9P5N,-1.98,1.72325,-1.65,0.33000000000000007
3837,2,10,ClusterValue,3,100,10,45,37,"Hit(CCW,7,MIDDLE)",36967,2322.81,0,71,2,A9P5N,-0.54,1.58063,-0.455,0.08500000000000002
2854,0,15,ClusterValue,3,100,10,45,92,"PostGuard(CW,11,1)",203,17.7211,0,103,2,A9P5N,1.0,0.0,1.18,0.17999999999999994
1221,1,10,ClusterValue,3,100,10,45,32,"Hit(CW,1,TOUCH)",48416,3731.54,0,113,2,A9P5N,-0.97,1.91026,-0.575,0.395
7301,6,14,ClusterValue,3,100,10,45,1,"Draw(CCW,TEE)",6604,601.102,0,145,2,A9P5N,1.945,0.22798,1.985,0.040000000000000036
5248,0,3,ClusterValue,3,100,10,45,34,"Hit(CW,2,WEAK)",96865,5849.03,0,49,2,A9P5N,1.14,2.34742,1.33,0.19000000000000017
2545,3,15,ClusterValue,3,100,10,45,0,"Draw(CW,TEE)",161,11.6786,0,61,2,A9P5N,2.98,0.14,2.98,0.0
6335,1,11,ClusterValue,3,100,10,45,35,"Hit(CCW,6,WEAK)",24931,1431.58,0,53,2,A9P5N,0.965,1.54395,1.125,0.16000000000000003
8275,4,5,ClusterValue,3,100,10,45,45,"Hit(CCW,2,WEAK)",87749,5609.75,0,71,2,A9P5N,0.53,2.2179,1.005,0.47499999999999987
963,5,13,ClusterValue,3,100,10,45,86,"PostGuard(CW,13,2)",11157,881.601,0,89,2,A9P5N,0.83,1.36055,1.235,0.40500000000000014
176,5,11,ClusterValue,3,100,10,45,13,"Draw(CCW,L1)",34307,2477.57,0,97,2,A9P5N,1.045,1.95524,1.585,0.54
2199,1,13,ClusterValue,3,100,10,45,35,"Hit(CCW,2,WEAK)",13854,1186.71,0,119,2,A9P5N,-0.65,2.0267,0.25,0.9
8298,3,11,ClusterValue,3,100,10,45,35,"Hit(CCW,0,WEAK)",35863,2745.2,0,119,2,A9P5N,0.8,2.10238,1.185,0.385
6729,2,14,ClusterValue,3,100,10,45,2,"Draw(CW,S0)",6188,523.238,0,135,2,A9P5N,0.6,1.1619,0.665,0.06500000000000006
8119,5,4,ClusterValue,3,100,10,45,2,"Draw(CW,S0)",94428,5962.87,0,65,2,A9P5N,-0.64,2.03725,-0.18,0.46
8189,0,14,ClusterValue,3,100,10,45,34,"Hit(CW,13,WEAK)",2730,160.153,0,55,2,A9P5N,-0.055,1.26173,0.025,0.08
9791,0,8,ClusterValue,3,100,10,45,3,"Draw(CCW,S0)",52741,3223.95,0,55,2,A9P5N,-0.415,1.83106,-0.11,0.305
5487,5,5,ClusterValue,3,100,10,45,1,"Draw(CCW,TEE)",87182,5676.15,0,71,2,A9P5N,0.495,2.01742,1.085,0.59
4950,0,15,ClusterValue,3,100,10,45,35,"Hit(CCW,12,WEAK)",171,11.8728,0,71,2,A9P5N,-0.6,1.02956,0.83,1.43
9143,3,7,ClusterValue,3,100,10,45,35,"Hit(CCW,0,WEAK)",70397,4606.91,0,81,2,A9P5N,0.495,1.98745,1.135,0.64
4517,4,13,ClusterValue,3,100,10,45,85,"Hit(CCW,12,WEAK)",14606,1284.42,0,123,2,A9P5N,1.265,0.971995,1.535,0.27
2994,5,10,ClusterValue,3,100,10,45,32,"Hit(CW,1,TOUCH)",48044,3483.71,0,113,2,A9P5N,-0.025,1.98856,0.045,0.07
961,6,13,ClusterValue,3,100,10,45,66,"Hit(CW,6,MIDDLE)",14120,1214.81,0,139,2,A9P5N,-1.745,1.59686,-1.735,0.010000000000000009
1566,1,3,ClusterValue,3,100,10,45,7,"Draw(CCW,S4)",101238,6510.09,0,59,2,A9P5N,0.975,1.99609,0.975,0.0
1686,6,15,ClusterValue,3,100,10,45,0,"Draw(CW,TEE)",149,9.16684,0,49,2,A9P5N,1.0,0.0,1.0,0.0
1201,0,6,ClusterValue,3,100,10,45,1,"Draw(CCW,TEE)",70478,4226.03,0,53,2,A9P5N,-0.59,1.98794,-0.385,0.20499999999999996
5494,4,5,ClusterValue,3,100,10,45,6,"Draw(CW,S4)",89394,5635.83,0,75,2,A9P5N,1.0,2.12603,1.21,0.20999999999999996
2492,4,15,ClusterValue,3,100,10,45,2,"Draw(CW,S0)",175,14.2333,0,75,2,A9P5N,1.175,1.24675,1.65,0.47499999999999987
8959,1,11,ClusterValue,3,100,10,45,6,"Draw(CW,S4)",34284,2621.75,0,97,2,A9P5N,0.83,1.89238,1.26,0.43000000000000005
1671,0,15,ClusterValue,3,100,10,45,76,"Hit(CW,12,MIDDLE)",217,19.9571,0,117,2,A9P5N,-0.015,1.8179,2.74,2.7550000000000003
1385,7,11,ClusterValue,3,100,10,45,66,"Hit(CW,8,MIDDLE)",32614,2081.21,0,103,2,A9P5N,1.0,1.81659,1.18,0.17999999999999994
6872,1,14,ClusterValue,3,100,10,45,84,"Hit(CW,13,WEAK)",6217,550.65,0,135,2,A9P5N,0.885,0.949618,1.02,0.135
8785,1,4,ClusterValue,3,100,10,45,47,"PostGuard(CCW,2,2)",89180,5601.4,0,49,2,A9P5N,-0.545,2.04401,-0.32,0.22500000000000003
1835,0,15,ClusterValue,3,100,10,45,55,"Hit(CCW,14,WEAK)",169,11.0015,0,69,2,A9P5N,1.235,1.19573,1.235,0.0
6216,7,8,ClusterValue,3,100,10,45,48,"PostGuard(CW,6,0)",53274,3266.66,0,55,2,A9P5N,-0.065,1.88169,0.075,0.14
8471,6,5,ClusterValue,3,100,10,45,57,"Hit(CCW,4,MIDDLE)",88613,5496.76,0,75,2,A9P5N,0.65,2.01432,1.06,0.41000000000000003
256,3,12,ClusterValue,3,100,10,45,41,"Freeze(CCW,9)",18886,1291.22,0,77,2,A9P5N,0.045,1.64407,0.495,0.45
5778,2,9,ClusterValue,3,100,10,45,78,"PostGuard(CW,5,0)",54641,3753.48,0,97,2,A9P5N,0.325,2.01479,0.915,0.5900000000000001
6320,4,15,ClusterValue,3,100,10,45,64,"Hit(CW,12,WEAK)",203,17.0809,0,103,2,A9P5N,-0.5,1.85203,-0.055,0.445
1638,4,11,ClusterValue,3,100,10,45,2,"Draw(CW,S0)",33307,2333.78,0,103,2,A9P5N,0.47,1.94656,0.715,0.245
2310,6,15,ClusterValue,3,100,10,45,55,"Hit(CCW,6,WEAK)",235,22.6667,0,135,2,A9P5N,-0.39,1.5388,2.215,2.605
7921,5,4,ClusterValue,3,100,10,45,35,"Hit(CCW,1,WEAK)",88530,5421.27,0,49,2,A9P5N,-0.47,1.97461,-0.205,0.265
1361,1,12,ClusterValue,3,100,10,45,1,"Draw(CCW,TEE)",16410,1051.92,0,59,2,A9P5N,0.045,1.65921,0.19,0.14500000000000002
5041,1,8,ClusterValue,3,100,10,45,49,"PostGuard(CCW,6,0)",53951,3395.86,0,55,2,A9P5N,-0.33,1.68852,0.14,0.47000000000000003
5033,7,5,ClusterValue,3,100,10,45,45,"Hit(CCW,2,WEAK)",87312,5653.29,0,71,2,A9P5N,0.845,2.18197,1.165,0.32000000000000006
5022,1,15,ClusterValue,3,100,10,45,7,"Draw(CCW,S4)",189,16.4226,0,89,2,A9P5N,1.25,0.466369,1.25,0.0
9907,7,9,ClusterValue,3,100,10,45,1,"Draw(CCW,TEE)",46427,2910.4,0,65,2,A9P5N,0.455,1.82975,1.01,0.5549999999999999
8627,2,12,ClusterValue,3,100,10,45,82,"PostGuard(CW,4,2)",24479,1960.99,0,103,2,A9P5N,0.105,1.37985,0.415,0.31
1641,6,10,ClusterValue,3,100,10,45,46,"Hit(CW,3,MIDDLE)",48802,3701.45,0,113,2,A9P5N,-0.065,1.89229,0.31,0.375
7249,2,15,ClusterValue,3,100,10,45,0,"Draw(CW,TEE)",239,23.337,0,139,2,A9P5N,1.0,0.0,1.0,0.0
4837,7,2,ClusterValue,3,100,10,45,25,"Draw(CCW,L7)",105463,6501.04,0,49,2,A9P5N,-0.965,2.05518,-0.18,0.7849999999999999
1039,2,15,ClusterValue,3,100,10,45,35,"Hit(CCW,14,WEAK)",143,8.09329,0,43,2,A9P5N,0.955,0.207304,0.955,0.0
7846,3,10,ClusterValue,3,100,10,45,34,"Hit(CW,7,WEAK)",35917,2234.61,0,65,2,A9P5N,-0.265,1.82614,-0.12,0.14500000000000002
5246,2,5,ClusterValue,3,100,10,45,54,"Hit(CW,4,WEAK)",88902,5674.39,0,75,2,A9P5N,0.53,1.99477,1.025,0.4949999999999999
4166,2,12,ClusterValue,3,100,10,45,23,"Draw(CCW,L6)",19128,1345.26,0,75,2,A9P5N,-0.345,1.50199,0.19,0.5349999999999999
6533,4,6,ClusterValue,3,100,10,45,40,"Freeze(CW,1)",81092,5427.5,0,81,2,A9P5N,-0.16,2.09151,0.615,0.775
5721,0,12,ClusterValue,3,100,10,45,3,"Draw(CCW,S0)",27106,2083.78,0,123,2,A9P5N,1.41,1.48051,1.945,0.5350000000000001
4463,7,9,ClusterValue,3,100,10,45,7,"Draw(CCW,S4)",55692,3836.75,0,103,2,A9P5N,1.03,1.95425,1.03,0.0
5606,2,14,ClusterValue,3,100,10,45,48,"Hit(CW,3,STRONG)",6367,530.594,0,139,2,A9P5N,0.54,1.4207,0.54,0.0
1123,4,3,ClusterValue,3,100,10,45,51,"PostGuard(CCW,3,1)",99448,6080.43,0,55,2,A9P5N,0.585,2.08153,1.04,0.45500000000000007
8113,3,15,ClusterValue,3,100,10,45,0,"Draw(CW,TEE)",169,12.7523,0,69,2,A9P5N,0.93,0.36756,1.0,0.06999999999999995
716,6,7,ClusterValue,3,100,10,45,2,"Draw(CW,S0)",62314,3778.16,0,55,2,A9P5N,0.735,1.88276,1.015,0.2799999999999999
459,3,5,ClusterValue,3,100,10,45,35,"Hit(CCW,0,WEAK)",86969,5456.11,0,71,2,A9P5N,0.55,2.01184,1.05,0.5
9287,7,12,ClusterValue,3,100,10,45,37,"Hit(CCW,11,TOUCH)",16719,1062.88,0,65,2,A9P5N,-0.63,1.58843,-0.31,0.32
5647,1,10,ClusterValue,3,100,10,45,80,"PostGuard(CW,6,1)",42390,2821.8,0,91,2,A9P5N,0.33,1.58149,0.33,0.0
4562,4,13,ClusterValue,3,100,10,45,74,"Hit(CW,8,WEAK)",15786,1476.08,0,129,2,A9P5N,1.255,1.35277,1.765,0.51
6201,5,11,ClusterValue,3,100,10,45,43,"Hit(CCW,2,TOUCH)",33737,2528.86,0,107,2,A9P5N,0.24,1.85537,0.765,0.525
9166,3,14,ClusterValue,3,100,10,45,74,"Hit(CW,9,WEAK)",6559,567.259,0,139,2,A9P5N,0.06,1.93556,0.995,0.935
8703,4,3,ClusterValue,3,100,10,45,35,"Hit(CCW,0,WEAK)",97021,5931.26,0,49,2,A9P5N,1.18,1.98686,1.18,0.0
1616,0,14,ClusterValue,3,100,10,45,33,"Hit(CCW,7,TOUCH)",3303,206.425,0,69,2,A9P5N,0.86,1.35292,0.86,0.0
5809,3,9,ClusterValue,3,100,10,45,38,"Hit(CW,6,STRONG)",42812,2613.55,0,53,2,A9P5N,0.78,1.72962,0.78,0.0
4651,6,5,ClusterValue,3,100,10,45,45,"Hit(CCW,2,WEAK)",86550,5469.27,0,71,2,A9P5N,0.18,1.87286,0.915,0.7350000000000001
8894,2,15,ClusterValue,3,100,10,45,2,"Draw(CW,S0)",179,13.6559,0,79,2,A9P5N,1.885,0.437921,1.885,0.0
2369,6,9,ClusterValue,3,100,10,45,42,"Hit(CW,2,TOUCH)",50245,3225.95,0,79,2,A9P5N,0.69,1.80939,0.69,0.0
1083,7,15,ClusterValue,3,100,10,45,0,"Draw(CW,TEE)",203,16.7974,0,103,2,A9P5N,-0.98,0.198997,0.74,1.72
366,3,11,ClusterValue,3,100,10,45,45,"Hit(CCW,2,WEAK)",37887,2932.36,0,119,2,A9P5N,1.335,1.67713,1.555,0.21999999999999997
6354,2,15,ClusterValue,3,100,10,45,4,"Draw(CW,S2)",251,26.8109,0,151,2,A9P5N,1.535,0.498773,1.535,0.0
9260,7,2,ClusterValue,3,100,10,45,6,"Draw(CW,S4)",105833,6549.23,0,49,2,A9P5N,-0.84,1.96581,-0.21,0.63
6267,4,12,ClusterValue,3,100,10,45,34,"Hit(CW,11,WEAK)",15536,974.502,0,55,2,A9P5N,-0.495,1.55884,-0.025,0.47
1158,6,8,ClusterValue,3,100,10,45,59,"PostGuard(CCW,6,0)",55149,3426.67,0,65,2,A9P5N,0.19,1.98088,0.39,0.2
6520,1,5,ClusterValue,3,100,10,45,67,"PostGuard(CCW,1,2)",89017,5943.35,0,75,2,A9P5N,1.115,2.14983,1.215,0.10000000000000009
2099,0,14,ClusterValue,3,100,10,45,7,"Draw(CCW,S4)",4184,278.845,0,91,2,A9P5N,0.535,1.32241,0.56,0.025000000000000022
4892,6,10,ClusterValue,3,100,10,45,4,"Draw(CW,S2)",45625,3423.8,0,101,2,A9P5N,-0.64,1.86022,0.185,0.825
7859,3,14,ClusterValue,3,100,10,45,33,"Hit(CCW,1,TOUCH)",5870,445.349,0,129,2,A9P5N,0.515,1.1224,0.515,0.0
2084,7,10,ClusterValue,3,100,10,45,6,"Draw(CW,S4)",48959,3817.13,0,113,2,A9P5N,2.17,1.86845,2.465,0.29499999999999993
5335,1,14,ClusterValue,3,100,10,45,85,"Hit(CCW,11,WEAK)",6653,577.99,0,145,2,A9P5N,0.485,1.67026,0.485,0.0
5272,2,4,ClusterValue,3,100,10,45,3,"Draw(CCW,S0)",88084,5476.08,0,53,2,A9P5N,-0.565,2.01638,-0.41,0.15499999999999997
5472,3,13,ClusterValue,3,100,10,45,34,"Hit(CW,4,WEAK)",6877,443.807,0,69,2,A9P5N,0.265,1.60149,0.7,0.43499999999999994
4526,5,9,ClusterValue,3,100,10,45,33,"Hit(CCW,4,TOUCH)",46333,2913.53,0,65,2,A9P5N,0.415,1.9475,0.685,0.2700000000000001
6392,2,5,ClusterValue,3,100,10,45,54,"Hit(CW,4,WEAK)",88834,5677.91,0,75,2,A9P5N,0.77,1.89132,1.075,0.30499999999999994
1255,4,13,ClusterValue,3,100,10,45,3,"Draw(CCW,S0)",10195,807.783,0,91,2,A9P5N,1.785,1.44526,2.34,0.5549999999999999
5259,3,8,ClusterValue,3,100,10,45,40,"Freeze(CW,1)",66201,4603.68,0,97,2,A9P5N,0.61,2.21763,0.965,0.355
7905,3,15,ClusterValue,3,100,10,45,56,"Hit(CW,10,MIDDLE)",203,13.676,0,103,2,A9P5N,2.765,1.17037,2.865,0.10000000000000009
4159,5,11,ClusterValue,3,100,10,45,25,"Draw(CCW,L7)",35376,2745.48,0,103,2,A9P5N,0.4,1.95959,0.765,0.365
2788,5,13,ClusterValue,3,100,10,45,54,"Hit(CW,4,WEAK)",15401,1428.33,0,139,2,A9P5N,2.49,1.29996,3.115,0.625
4360,7,4,ClusterValue,3,100,10,45,6,"Draw(CW,S4)",91873,5774.53,0,59,2,A9P5N,-0.615,2.02898,-0.47,0.14500000000000002
8248,7,13,ClusterValue,3,100,10,45,45,"Hit(CCW,8,WEAK)",6477,442.934,0,59,2,A9P5N,0.595,1.3896,1.49,0.895
2081,5,9,ClusterValue,3,100,10,45,24,"Draw(CW,L7)",42426,2589.14,0,53,2,A9P5N,0.515,1.7233,0.865,0.35
1265,4,5,ClusterValue,3,100,10,45,34,"Hit(CW,0,WEAK)",87741,5596.33,0,71,2,A9P5N,0.715,1.99844,0.89,0.17500000000000004
3677,7,15,ClusterValue,3,100,10,45,3,"Draw(CCW,S0)",175,13.3515,0,75,2,A9P5N,1.56,0.75921,1.695,0.135
477,2,10,ClusterValue,3,100,10,45,68,"PostGuard(CW,6,0)",40943,2812.37,0,81,2,A9P5N,-0.485,1.87344,-0.245,0.24
8462,7,13,ClusterValue,3,100,10,45,56,"Hit(CW,8,MIDDLE)",14245,1222.42,0,115,2,A9P5N,2.31,1.8259,2.63,0.31999999999999984
3186,1,11,ClusterValue,3,100,10,45,58,"Hit(CW,4,STRONG)",35532,2728.13,0,119,2,A9P5N,0.815,2.07624,1.3,0.4850000000000001
8936,4,15,ClusterValue,3,100,10,45,130,"PostGuard(CW,9,2)",245,26.1642,0,145,2,A9P5N,1.0,0.0,1.015,0.014999999999999902
966,6,3,ClusterValue,3,100,10,45,54,Pass,100387,5991.86,0,55,2,A9P5N,1.075,1.83013,1.15,0.07499999999999996
232,1,13,ClusterValue,3,100,10,45,3,"Draw(CCW,S0)",6189,408.69,0,59,2,A9P5N,1.465,1.35232,1.575,0.10999999999999988
3968,6,10,ClusterValue,3,100,10,45,19,"Draw(CCW,L4)",33345,1999.69,0,49,2,A9P5N,0.33,1.81138,0.95,0.6199999999999999
2440,2,5,ClusterValue,3,100,10,45,44,"Hit(CW,2,WEAK)",87622,5494.49,0,71,2,A9P5N,1.17,2.08593,1.17,0.0
1624,6,15,ClusterValue,3,100,10,45,2,"Draw(CW,S0)",191,15.8684,0,91,2,A9P5N,1.26,0.58515,1.265,0.004999999999999893
9851,7,8,ClusterValue,3,100,10,45,31,"PreGuard(CCW,G5)",60742,4013.8,0,81,2,A9P5N,-0.44,1.9252,0.155,0.595
9879,2,15,ClusterValue,3,100,10,45,105,"PostGuard(CCW,11,0)",217,21.2232,0,117,2,A9P5N,2.985,0.157401,3.125,0.14000000000000012
9832,1,9,ClusterValue,3,100,10,45,49,"Hit(CCW,2,STRONG)",55095,3849.86,0,103,2,A9P5N,0.605,2.05158,1.24,0.635
4221,2,14,ClusterValue,3,100,10,45,114,"PostGuard(CW,4,0)",6616,596.654,0,145,2,A9P5N,0.75,1.33697,1.555,0.8049999999999999
1999,2,5,ClusterValue,3,100,10,45,12,"Draw(CW,L1)",80513,4886.05,0,53,2,A9P5N,0.405,1.96748,0.875,0.47
99,4,13,ClusterValue,3,100,10,45,10,"Draw(CW,L0)",6431,409.649,0,57,2,A9P5N,0.465,1.43484,0.635,0.16999999999999998
964,0,8,ClusterValue,3,100,10,45,45,"Hit(CCW,5,WEAK)",54676,3384.63,0,63,2,A9P5N,-0.295,1.76011,-0.295,0.0
6357,7,5,ClusterValue,3,100,10,45,46,"Hit(CW,2,MIDDLE)",88337,5523.4,0,75,2,A9P5N,0.69,1.95548,0.895,0.20500000000000007
632,7,12,ClusterValue,3,100,10,45,56,"Hit(CW,11,MIDDLE)",18760,1265.72,0,81,2,A9P5N,-0.215,1.88382,-0.195,0.01999999999999999
3130,2,11,ClusterValue,3,100,10,45,64,"Hit(CW,10,WEAK)",29830,2043.03,0,91,2,A9P5N,0.7,1.77482,1.315,0.615
2941,4,13,ClusterValue,3,100,10,45,96,"PostGuard(CW,5,1)",16629,1488.98,0,125,2,A9P5N,0.115,1.65885,1.365,1.25
6374,0,11,ClusterValue,3,100,10,45,57,"Hit(CCW,6,MIDDLE)",33862,2299.18,0,113,2,A9P5N,1.12,2.31853,1.54,0.41999999999999993
156,7,14,ClusterValue,3,100,10,45,77,"Hit(CCW,9,MIDDLE)",6564,547.302,0,145,2,A9P5N,0.495,1.25697,1.105,0.61
1570,1,4,ClusterValue,3,100,10,45,21,"Draw(CCW,L5)",88108,4944.83,0,49,2,A9P5N,-0.545,1.86761,-0.32,0.22500000000000003
7117,6,12,ClusterValue,3,100,10,45,36,"Hit(CW,11,MIDDLE)",15113,944.378,0,49,2,A9P5N,-0.51,1.20412,-0.14,0.37
6164,7,6,ClusterValue,3,100,10,45,46,"PostGuard(CW,4,2)",69425,3871.09,0,49,2,A9P5N,-0.44,1.96122,-0.25,0.19
4376,5,5,ClusterValue,3,100,10,45,46,"Hit(CW,2,MIDDLE)",88832,4984.89,0,75,2,A9P5N,0.565,1.88568,0.9,0.3350000000000001
4444,0,12,ClusterValue,3,100,10,45,55,"Hit(CCW,11,WEAK)",18822,1297.39,0,75,2,A9P5N,-0.975,1.83422,-0.345,0.63
5083,5,6,ClusterValue,3,100,10,45,39,"Hit(CCW,1,STRONG)",80917,4550.14,0,81,2,A9P5N,-0.86,1.95714,-0.245,0.615
894,4,13,ClusterValue,3,100,10,45,29,"PreGuard(CCW,G4)",13035,1060.01,0,105,2,A9P5N,1.805,1.03294,2.14,0.3350000000000002
8445,1,11,ClusterValue,3,100,10,45,68,"Hit(CW,10,STRONG)",33539,2343.26,0,103,2,A9P5N,1.99,1.8547,2.34,0.34999999999999987
7871,7,15,ClusterValue,3,100,10,45,35,"Hit(CCW,0,WEAK)",251,28.4659,0,151,2,A9P5N,2.485,1.88674,3.185,0.7000000000000002
8198,0,4,ClusterValue,3,100,10,45,17,"Draw(CCW,L3)",91317,4671.54,0,59,2,A9P5N,-0.565,1.89625,-0.365,0.19999999999999996
6829,6,13,ClusterValue,3,100,10,45,48,"Hit(CW,12,STRONG)",5707,387.912,0,53,2,A9P5N,-0.015,1.31331,0.45,0.465
4702,2,8,ClusterValue,3,100,10,45,3,"Draw(CCW,S0)",50937,2758.27,0,49,2,A9P5N,-0.29,1.80164,-0.045,0.245
4058,3,5,ClusterValue,3,100,10,45,21,"Draw(CCW,L5)",86165,4315.89,0,71,2,A9P5N,0.62,2.20808,0.985,0.365
7591,4,13,ClusterValue,3,100,10,45,86,"PostGuard(CW,11,1)",12038,961.136,0,97,2,A9P5N,3.245,1.07934,3.245,0.0
1445,7,8,ClusterValue,3,100,10,45,37,"Hit(CCW,7,TOUCH)",56236,3055.63,0,65,2,A9P5N,-0.54,1.83259,-0.23,0.31000000000000005
5373,5,13,ClusterValue,3,100,10,45,46,"Hit(CW,4,MIDDLE)",12620,1003.73,0,107,2,A9P5N,1.355,1.3111,1.945,0.5900000000000001
5423,3,9,ClusterValue,3,100,10,45,57,"Hit(CCW,4,MIDDLE)",55559,3272.24,0,103,2,A9P5N,0.83,1.94193,0.97,0.14
1644,5,15,ClusterValue,3,100,10,45,0,"Draw(CW,TEE)",235,24.652,0,135,2,A9P5N,-1.0,0.0,-0.35,0.65
6839,5,3,ClusterValue,3,100,10,45,9,"Draw(CCW,S6)",99494,4762.82,0,55,2,A9P5N,0.915,2.02676,1.225,0.31000000000000005
1063,2,15,ClusterValue,3,100,10,45,34,"Hit(CW,12,WEAK)",155,8.86186,0,55,2,A9P5N,1.905,0.293215,1.905,0.0
3774,5,6,ClusterValue,3,100,10,45,11,"Draw(CCW,L0)",75566,3819.94,0,65,2,A9P5N,-0.38,1.75659,-0.215,0.165
7844,2,5,ClusterValue,3,100,10,45,40,"Freeze(CW,0)",87192,4065.59,0,71,2,A9P5N,0.68,2.09227,1.02,0.33999999999999997
5770,5,13,ClusterValue,3,100,10,45,45,"Hit(CCW,4,WEAK)",9858,700.928,0,91,2,A9P5N,0.785,1.57759,1.12,0.3350000000000001
7977,6,14,ClusterValue,3,100,10,46,37,"Hit(CCW,1,MIDDLE)",6562,540.179,0,145,2,A9P5N,-1.635,1.47369,-1.635,0.0
3926,6,11,ClusterValue,3,100,10,46,76,"Hit(CW,8,MIDDLE)",35661,2614.54,0,123,2,A9P5N,0.38,1.95591,0.425,0.044999999999999984
3883,1,14,ClusterValue,3,100,10,46,18,"Draw(CW,L4)",1905,110.466,0,37,2,A9P5N,-0.355,0.893854,-0.075,0.27999999999999997
9222,7,5,ClusterValue,3,100,10,46,24,"Draw(CW,L7)",72619,4242.95,0,37,2,A9P5N,0.93,1.96089,1.315,0.3849999999999999
7881,2,15,ClusterValue,3,100,10,46,84,"Hit(CW,12,WEAK)",229,24.3337,0,129,2,A9P5N,0.285,1.42961,1.72,1.435
6406,1,10,ClusterValue,3,100,10,46,47,"Hit(CCW,9,MIDDLE)",34606,2087.27,0,59,2,A9P5N,-0.68,1.65154,-0.385,0.29500000000000004
8452,5,15,ClusterValue,3,100,10,46,34,"Hit(CW,0,WEAK)",253,33.6365,0,153,2,A9P5N,1.32,0.6063,1.935,0.615
1028,6,15,ClusterValue,3,100,10,46,135,"PostGuard(CCW,11,1)",251,30.0482,0,151,2,A9P5N,1.0,0.0,1.0,0.0
2596,1,14,ClusterValue,3,100,10,46,78,"Hit(CW,9,STRONG)",6609,541.904,0,145,2,A9P5N,1.86,1.12712,1.97,0.10999999999999988
4748,1,3,ClusterValue,3,100,10,46,23,"Draw(CCW,L6)",96874,5705.36,0,49,2,A9P5N,0.655,2.0799,0.985,0.32999999999999996
9206,3,13,ClusterValue,3,100,10,46,35,"Hit(CCW,12,WEAK)",5638,382.59,0,49,2,A9P5N,1.635,1.47369,1.73,0.09499999999999997
5859,1,6,ClusterValue,3,100,10,46,35,"Hit(CCW,1,WEAK)",74487,4458.63,0,65,2,A9P5N,-0.815,1.89229,-0.015,0.7999999999999999
6871,4,5,ClusterValue,3,100,10,46,43,"Hit(CCW,2,TOUCH)",87330,5453.35,0,71,2,A9P5N,0.645,2.09021,1.32,0.675
7163,3,13,ClusterValue,3,100,10,46,64,"Hit(CW,12,WEAK)",8967,620.708,0,85,2,A9P5N,2.285,1.58864,2.465,0.17999999999999972
5807,0,8,ClusterValue,3,100,10,46,32,"Hit(CW,3,TOUCH)",60639,3854.29,0,81,2,A9P5N,-0.305,2.08853,0.03,0.33499999999999996
5567,2,15,ClusterValue,3,100,10,46,0,"Draw(CW,TEE)",229,26.4922,0,129,2,A9P5N,1.535,0.999387,1.93,0.395
2507,3,11,ClusterValue,3,100,10,46,39,"Hit(CCW,4,WEAK)",34217,2356.9,0,107,2,A9P5N,1.66,2.22809,1.715,0.05500000000000016
7006,3,15,ClusterValue,3,100,10,46,0,"Draw(CW,TEE)",245,32.0367,0,145,2,A9P5N,-1.0,0.0,-0.97,0.030000000000000027
1984,6,4,ClusterValue,3,100,10,46,0,"Draw(CW,TEE)",92301,5591.75,0,59,2,A9P5N,-0.785,2.01464,-0.31,0.47500000000000003
1845,7,14,ClusterValue,3,100,10,46,49,"PostGuard(CCW,12,0)",2661,153.756,0,55,2,A9P5N,1.13,1.82841,1.44,0.31000000000000005
5780,2,6,ClusterValue,3,100,10,46,10,"Draw(CW,L0)",70329,4139.45,0,49,2,A9P5N,-1.005,1.90394,-0.375,0.6299999999999999
8645,7,5,ClusterValue,3,100,10,46,44,"Hit(CW,2,WEAK)",87974,5582.05,0,71,2,A9P5N,0.78,1.97778,0.92,0.14
6132,0,13,ClusterValue,3,100,10,46,13,"Draw(CCW,L1)",10931,852.64,0,87,2,A9P5N,2.21,1.34755,2.62,0.41000000000000014
3339,4,10,ClusterValue,3,100,10,46,63,"PostGuard(CCW,6,2)",38373,2412.97,0,71,2,A9P5N,-0.895,1.87723,-0.305,0.5900000000000001
3566,6,14,ClusterValue,3,100,10,46,46,"Hit(CW,5,MIDDLE)",5829,488.224,0,129,2,A9P5N,0.57,1.10684,1.01,0.44000000000000006
5523,3,9,ClusterValue,3,100,10,46,11,"Draw(CCW,L0)",57132,4121.76,0,103,2,A9P5N,-0.155,2.15893,0.74,0.895
7015,5,14,ClusterValue,3,100,10,46,11,"Draw(CCW,L0)",6904,584.075,0,145,2,A9P5N,-1.135,1.92789,-1.135,0.0
743,7,3,ClusterValue,3,100,10,46,10,"Draw(CW,L0)",100250,6118.91,0,55,2,A9P5N,0.7,1.86548,0.98,0.28
1014,4,15,ClusterValue,3,100,10,46,10,"Draw(CW,L0)",161,11.8037,0,61,2,A9P5N,3.325,1.27255,3.325,0.0
3900,0,10,ClusterValue,3,100,10,46,2,"Draw(CW,S0)",34067,2120.88,0,55,2,A9P5N,0.025,1.86932,0.305,0.27999999999999997
4543,6,5,ClusterValue,3,100,10,46,34,"Hit(CW,0,WEAK)",86315,5308.64,0,71,2,A9P5N,0.71,2.02136,1.09,0.3800000000000001
9231,5,14,ClusterValue,3,100,10,46,49,"Hit(CCW,5,STRONG)",4669,319.746,0,101,2,A9P5N,1.235,1.50989,2.025,0.7899999999999998
1825,5,7,ClusterValue,3,100,10,46,0,"Draw(CW,TEE)",69436,4460.77,0,77,2,A9P5N,0.38,2.00888,0.865,0.485
4062,4,15,ClusterValue,3,100,10,46,35,"Hit(CCW,2,WEAK)",217,17.8422,0,117,2,A9P5N,-1.275,0.824242,-0.475,0.7999999999999999
9882,2,11,ClusterValue,3,100,10,46,46,"Hit(CW,4,MIDDLE)",33798,2302.16,0,109,2,A9P5N,1.295,2.01444,1.295,0.0
2998,6,14,ClusterValue,3,100,10,46,98,"Hit(CW,13,STRONG)",6545,535.974,0,145,2,A9P5N,2.395,1.02907,2.895,0.5
1555,2,3,ClusterValue,3,100,10,46,22,"Draw(CW,L6)",98360,5965.48,0,55,2,A9P5N,0.685,1.90939,1.1,0.41500000000000004
4372,4,14,ClusterValue,3,100,10,46,1,"Draw(CCW,TEE)",2446,135.617,0,49,2,A9P5N,0.005,1.12026,0.095,0.09
3732,7,7,ClusterValue,3,100,10,46,21,"Draw(CCW,L5)",61052,3555.21,0,49,2,A9P5N,0.44,1.94072,1.125,0.685
3858,5,5,ClusterValue,3,100,10,46,12,"Draw(CW,L1)",89042,5727.55,0,75,2,A9P5N,0.19,2.09855,0.885,0.6950000000000001
1938,0,14,ClusterValue,3,100,10,46,36,"Hit(CW,9,MIDDLE)",4338,302.671,0,93,2,A9P5N,0.885,2.36892,1.43,0.5449999999999999
9112,3,9,ClusterValue,3,100,10,46,35,"Hit(CCW,2,WEAK)",47667,2909.37,0,75,2,A9P5N,0.385,1.79075,0.76,0.375
4157,3,12,ClusterValue,3,100,10,46,36,"Hit(CW,3,MIDDLE)",22035,1532.96,0,107,2,A9P5N,-0.705,1.59937,-0.705,0.0
7373,1,11,ClusterValue,3,100,10,46,43,"Hit(CCW,4,TOUCH)",33941,2398.89,0,103,2,A9P5N,0.83,1.66766,1.175,0.3450000000000001
7173,4,15,ClusterValue,3,100,10,46,135,"PostGuard(CCW,11,1)",251,26.9765,0,151,2,A9P5N,2.0,0.0,2.0,0.0
196,4,4,ClusterValue,3,100,10,46,45,"PostGuard(CCW,2,1)",87693,5203.67,0,49,2,A9P5N,-0.495,1.99248,-0.22,0.275
2630,2,14,ClusterValue,3,100,10,46,33,"Hit(CCW,11,TOUCH)",2920,168.426,0,59,2,A9P5N,-1.445,1.39175,-1.07,0.375
5731,2,10,ClusterValue,3,100,10,46,37,"Hit(CCW,9,MIDDLE)",31410,1742.11,0,43,2,A9P5N,-0.82,1.43792,-0.555,0.2649999999999999
9518,4,5,ClusterValue,3,100,10,46,3,"Draw(CCW,S0)",87894,5523.63,0,71,2,A9P5N,0.585,1.94494,0.985,0.4
8211,7,12,ClusterValue,3,100,10,46,10,"Draw(CW,L0)",19056,1224.35,0,79,2,A9P5N,-1.205,1.83384,-0.815,0.3900000000000001
5392,3,13,ClusterValue,3,100,10,46,54,"Hit(CW,4,WEAK)",13667,1170.02,0,135,2,A9P5N,-1.365,1.89256,-1.005,0.3600000000000001
4262,4,2,ClusterValue,3,100,10,46,35,"Hit(CCW,1,WEAK)",106299,6438.04,0,49,2,A9P5N,-0.89,2.18813,-0.465,0.425
6230,1,12,ClusterValue,3,100,10,46,36,"Hit(CW,11,MIDDLE)",14665,891.645,0,49,2,A9P5N,-0.465,1.29568,-0.215,0.25
3543,4,7,ClusterValue,3,100,10,46,17,"Draw(CCW,L3)",62731,3783.24,0,55,2,A9P5N,0.895,1.78717,1.025,0.1299999999999999
1784,6,5,ClusterValue,3,100,10,46,0,"Draw(CW,TEE)",87797,5499.84,0,71,2,A9P5N,0.535,2.00219,1.05,0.515
4905,4,14,ClusterValue,3,100,10,46,11,"Draw(CCW,L0)",4517,285.088,0,101,2,A9P5N,-1.68,1.66961,-1.65,0.030000000000000027
3837,2,10,ClusterValue,3,100,10,46,35,"Hit(CCW,7,WEAK)",37711,2390.42,0,71,2,A9P5N,-0.63,1.88762,-0.455,0.175
2854,0,15,ClusterValue,3,100,10,46,92,"PostGuard(CW,11,1)",203,17.6133,0,103,2,A9P5N,1.0,0.0,1.18,0.17999999999999994
1221,1,10,ClusterValue,3,100,10,46,68,"Hit(CW,7,STRONG)",46656,3382.95,0,113,2,A9P5N,-0.575,1.97848,-0.575,0.0
7301,6,14,ClusterValue,3,100,10,46,12,"Draw(CW,L1)",6631,575.188,0,145,2,A9P5N,1.895,0.337602,1.985,0.09000000000000008
5248,0,3,ClusterValue,3,100,10,46,13,"Draw(CCW,L1)",96646,5828.2,0,49,2,A9P5N,1.27,2.26431,1.33,0.06000000000000005
2545,3,15,ClusterValue,3,100,10,46,0,"Draw(CW,TEE)",161,11.4116,0,61,2,A9P5N,2.98,0.14,2.98,0.0
6335,1,11,ClusterValue,3,100,10,46,51,"Freeze(CCW,10)",24621,1493.76,0,53,2,A9P5N,0.425,1.48808,1.125,0.7
8275,4,5,ClusterValue,3,100,10,46,49,"Hit(CCW,2,STRONG)",87057,5280.51,0,71,2,A9P5N,0.775,1.8906,1.005,0.22999999999999987
963,5,13,ClusterValue,3,100,10,46,52,"PostGuard(CW,1,0)",10777,832.88,0,89,2,A9P5N,0.51,1.79719,1.235,0.7250000000000001
176,5,11,ClusterValue,3,100,10,46,45,"Hit(CCW,6,WEAK)",33315,2319.95,0,97,2,A9P5N,1.26,1.94997,1.585,0.32499999999999996
2199,1,13,ClusterValue,3,100,10,46,74,"Hit(CW,10,WEAK)",14543,1232.83,0,119,2,A9P5N,-0.19,1.78715,0.25,0.44
8298,3,11,ClusterValue,3,100,10,46,38,"Hit(CW,0,STRONG)",34222,2338.22,0,119,2,A9P5N,0.945,2.09809,1.185,0.2400000000000001
6729,2,14,ClusterValue,3,100,10,46,0,"Draw(CW,TEE)",6242,505.027,0,135,2,A9P5N,0.62,1.07963,0.665,0.04500000000000004
8119,5,4,ClusterValue,3,100,10,46,1,"Draw(CCW,TEE)",94548,5846.04,0,65,2,A9P5N,-0.31,2.04301,-0.18,0.13
8189,0,14,ClusterValue,3,100,10,46,34,"Hit(CW,13,WEAK)",2588,150.72,0,55,2,A9P5N,-0.055,1.26173,0.025,0.08
9791,0,8,ClusterValue,3,100,10,46,39,"Hit(CCW,7,STRONG)",53580,3209.39,0,55,2,A9P5N,-0.525,1.59354,-0.11,0.41500000000000004
5487,5,5,ClusterValue,3,100,10,46,11,"Draw(CCW,L0)",86623,5358.31,0,71,2,A9P5N,0.48,2.07355,1.085,0.605
4950,0,15,ClusterValue,3,100,10,46,35,"Hit(CCW,12,WEAK)",171,11.5073,0,71,2,A9P5N,-0.6,1.02956,0.83,1.43
9143,3,7,ClusterValue,3,100,10,46,31,"PreGuard(CCW,G5)",71052,4441.54,0,81,2,A9P5N,0.76,1.96784,1.135,0.375
4517,4,13,ClusterValue,3,100,10,46,76,"Hit(CW,10,MIDDLE)",13155,1069.48,0,123,2,A9P5N,1.25,1.0332,1.535,0.2849999999999999
2994,5,10,ClusterValue,3,100,10,46,74,"Hit(CW,9,WEAK)",46947,3240.18,0,113,2,A9P5N,-0.55,1.99937,0.045,0.5950000000000001
961,6,13,ClusterValue,3,100,10,46,35,"Hit(CCW,0,WEAK)",15878,1316.8,0,139,2,A9P5N,-2.185,1.78627,-1.735,0.44999999999999996
1566,1,3,ClusterValue,3,100,10,46,32,"Hit(CW,0,TOUCH)",101601,6210.35,0,59,2,A9P5N,0.795,2.18013,0.975,0.17999999999999994
1686,6,15,ClusterValue,3,100,10,46,0,"Draw(CW,TEE)",149,9.61306,0,49,2,A9P5N,1.0,0.0,1.0,0.0
1201,0,6,ClusterValue,3,100,10,46,49,"Hit(CCW,5,STRONG)",70949,4206.76,0,53,2,A9P5N,-0.93,1.90921,-0.385,0.545
5494,4,5,ClusterValue,3,100,10,46,0,"Draw(CW,TEE)",89706,5852.55,0,75,2,A9P5N,0.8,1.97484,1.21,0.4099999999999999
2492,4,15,ClusterValue,3,100,10,46,2,"Draw(CW,S0)",175,13.8654,0,75,2,A9P5N,1.175,1.24675,1.65,0.47499999999999987
8959,1,11,ClusterValue,3,100,10,46,66,"Hit(CW,10,MIDDLE)",31681,2073.09,0,97,2,A9P5N,0.795,1.93468,1.26,0.46499999999999997
1671,0,15,ClusterValue,3,100,10,46,76,"Hit(CW,12,MIDDLE)",217,18.9582,0,117,2,A9P5N,-0.015,1.8179,2.74,2.7550000000000003
1385,7,11,ClusterValue,3,100,10,46,6,"Draw(CW,S4)",34034,2307.4,0,103,2,A9P5N,0.9,1.78045,1.18,0.2799999999999999
6872,1,14,ClusterValue,3,100,10,46,134,Pass,6091,505.367,0,135,2,A9P5N,0.965,0.392142,1.02,0.05500000000000005
8785,1,4,ClusterValue,3,100,10,46,41,"Freeze(CCW,1)",87640,5316.46,0,49,2,A9P5N,-0.445,2.02163,-0.32,0.125
1835,0,15,ClusterValue,3,100,10,46,55,"Hit(CCW,14,WEAK)",169,10.9103,0,69,2,A9P5N,1.235,1.19573,1.235,0.0
6216,7,8,ClusterValue,3,100,10,46,10,"Draw(CW,L0)",52757,3139.95,0,55,2,A9P5N,-0.13,1.99827,0.075,0.20500000000000002
8471,6,5,ClusterValue,3,100,10,46,2,"Draw(CW,S0)",88270,5443.65,0,75,2,A9P5N,0.97,2.15618,1.06,0.09000000000000008
256,3,12,ClusterValue,3,100,10,46,48,"Hit(CW,11,STRONG)",19339,1319.51,0,77,2,A9P5N,0.35,1.91768,0.495,0.14500000000000002
5778,2,9,ClusterValue,3,100,10,46,0,"Draw(CW,TEE)",53651,3603.92,0,97,2,A9P5N,0.525,1.79426,0.915,0.39
6320,4,15,ClusterValue,3,100,10,46,64,"Hit(CW,12,WEAK)",203,16.4485,0,103,2,A9P5N,-0.5,1.85203,-0.055,0.445
1638,4,11,ClusterValue,3,100,10,46,1,"Draw(CCW,TEE)",35044,2508.31,0,103,2,A9P5N,0.335,1.90861,0.715,0.37999999999999995
2310,6,15,ClusterValue,3,100,10,46,55,"Hit(CCW,6,WEAK)",235,22.0655,0,135,2,A9P5N,-0.39,1.5388,2.215,2.605
7921,5,4,ClusterValue,3,100,10,46,36,"Hit(CW,1,MIDDLE)",88004,5205.35,0,49,2,A9P5N,-0.635,2.08849,-0.205,0.43000000000000005
1361,1,12,ClusterValue,3,100,10,46,1,"Draw(CCW,TEE)",16426,1009.84,0,59,2,A9P5N,0.045,1.65921,0.19,0.14500000000000002
5041,1,8,ClusterValue,3,100,10,46,6,"Draw(CW,S4)",53164,3278.41,0,55,2,A9P5N,-0.35,1.89934,0.14,0.49
5033,7,5,ClusterValue,3,100,10,46,44,"Hit(CW,2,WEAK)",86528,5384.38,0,71,2,A9P5N,0.925,1.93891,1.165,0.24
5022,1,15,ClusterValue,3,100,10,46,7,"Draw(CCW,S4)",189,16.2304,0,89,2,A9P5N,1.25,0.466369,1.25,0.0
9907,7,9,ClusterValue,3,100,10,46,25,"Draw(CCW,L7)",46375,2842.88,0,65,2,A9P5N,-0.005,1.99874,1.01,1.015
8627,2,12,ClusterValue,3,100,10,46,31,"PreGuard(CCW,G5)",24682,1854.15,0,103,2,A9P5N,-0.135,1.55138,0.415,0.55
1641,6,10,ClusterValue,3,100,10,46,10,"Draw(CW,L0)",49375,3826.34,0,113,2,A9P5N,-0.365,1.67981,0.31,0.675
7249,2,15,ClusterValue,3,100,10,46,0,"Draw(CW,TEE)",239,22.3049,0,139,2,A9P5N,1.0,0.0,1.0,0.0
4837,7,2,ClusterValue,3,100,10,46,39,"Hit(CCW,1,STRONG)",106056,6362.98,0,49,2,A9P5N,-0.92,1.88775,-0.18,0.74
1039,2,15,ClusterValue,3,100,10,46,35,"Hit(CCW,14,WEAK)",143,7.57733,0,43,2,A9P5N,0.955,0.207304,0.955,0.0
7846,3,10,ClusterValue,3,100,10,46,39,"Hit(CCW,7,STRONG)",35706,2161.54,0,65,2,A9P5N,-0.21,1.80994,-0.12,0.09
5246,2,5,ClusterValue,3,100,10,46,55,"Hit(CCW,4,WEAK)",89103,5684.5,0,75,2,A9P5N,0.56,2.17633,1.025,0.46499999999999986
4166,2,12,ClusterValue,3,100,10,46,49,"Hit(CCW,11,WEAK)",17798,1119.0,0,75,2,A9P5N,0.19,1.65647,0.19,0.0
6533,4,6,ClusterValue,3,100,10,46,78,"PostGuard(CW,4,2)",82141,5516.11,0,81,2,A9P5N,0.52,1.86269,0.615,0.09499999999999997
5721,0,12,ClusterValue,3,100,10,46,3,"Draw(CCW,S0)",26918,2154.67,0,123,2,A9P5N,1.41,1.48051,1.945,0.5350000000000001
4463,7,9,ClusterValue,3,100,10,46,55,"Hit(CCW,4,WEAK)",56467,3912.02,0,103,2,A9P5N,0.93,2.19661,1.03,0.09999999999999998
5606,2,14,ClusterValue,3,100,10,46,48,"Hit(CW,3,STRONG)",6394,516.948,0,139,2,A9P5N,0.54,1.4207,0.54,0.0
1123,4,3,ClusterValue,3,100,10,46,11,"Draw(CCW,L0)",99350,5898.84,0,55,2,A9P5N,0.8,1.84662,1.04,0.24
8113,3,15,ClusterValue,3,100,10,46,0,"Draw(CW,TEE)",169,12.1995,0,69,2,A9P5N,0.93,0.36756,1.0,0.06999999999999995
716,6,7,ClusterValue,3,100,10,46,14,"Draw(CW,L2)",62305,3751.65,0,55,2,A9P5N,0.47,1.90502,1.015,0.5449999999999999
459,3,5,ClusterValue,3,100,10,46,3,"Draw(CCW,S0)",87770,5350.04,0,71,2,A9P5N,0.85,2.03162,1.05,0.20000000000000007
9287,7,12,ClusterValue,3,100,10,46,1,"Draw(CCW,TEE)",16934,1101.51,0,65,2,A9P5N,-0.455,1.44844,-0.31,0.14500000000000002
5647,1,10,ClusterValue,3,100,10,46,65,"Hit(CCW,9,WEAK)",43887,2948.68,0,91,2,A9P5N,-0.36,1.77212,0.33,0.69
4562,4,13,ClusterValue,3,100,10,46,6,"Draw(CW,S4)",17141,1579.23,0,129,2,A9P5N,1.19,1.50795,1.765,0.575
6201,5,11,ClusterValue,3,100,10,46,43,"Hit(CCW,2,TOUCH)",34067,2483.4,0,107,2,A9P5N,0.24,1.85537,0.765,0.525
9166,3,14,ClusterValue,3,100,10,46,55,"Hit(CCW,5,WEAK)",6503,540.135,0,139,2,A9P5N,0.95,1.44827,0.995,0.04500000000000004
8703,4,3,ClusterValue,3,100,10,46,35,"Hit(CCW,0,WEAK)",97356,5780.5,0,49,2,A9P5N,1.18,1.98686,1.18,0.0
1616,0,14,ClusterValue,3,100,10,46,33,"Hit(CCW,7,TOUCH)",3277,202.795,0,69,2,A9P5N,0.86,1.35292,0.86,0.0
5809,3,9,ClusterValue,3,100,10,46,46,"Hit(CW,8,MIDDLE)",42715,2524.58,0,53,2,A9P5N,0.425,1.6076,0.78,0.35500000000000004
4651,6,5,ClusterValue,3,100,10,46,44,"Hit(CW,2,WEAK)",86723,5347.81,0,71,2,A9P5N,0.915,2.0243,0.915,0.0
8894,2,15,ClusterValue,3,100,10,46,2,"Draw(CW,S0)",179,13.9281,0,79,2,A9P5N,1.885,0.437921,1.885,0.0
2369,6,9,ClusterValue,3,100,10,46,45,"Hit(CCW,2,WEAK)",49441,3099.24,0,79,2,A9P5N,0.275,1.85994,0.69,0.4149999999999999
1083,7,15,ClusterValue,3,100,10,46,0,"Draw(CW,TEE)",203,17.6375,0,103,2,A9P5N,-0.98,0.198997,0.74,1.72
366,3,11,ClusterValue,3,100,10,46,76,"Hit(CW,8,MIDDLE)",35930,2541.99,0,119,2,A9P5N,1.315,2.30126,1.555,0.24
6354,2,15,ClusterValue,3,100,10,46,127,"PostGuard(CCW,9,0)",251,26.285,0,151,2,A9P5N,1.45,0.497494,1.535,0.08499999999999996
9260,7,2,ClusterValue,3,100,10,46,30,"PreGuard(CW,G5)",105988,6389.75,0,49,2,A9P5N,-0.465,1.96438,-0.21,0.255
6267,4,12,ClusterValue,3,100,10,46,11,"Draw(CCW,L0)",15964,1007.9,0,55,2,A9P5N,-0.36,1.72928,-0.025,0.33499999999999996
1158,6,8,ClusterValue,3,100,10,46,56,"PostGuard(CW,4,2)",55991,3268.82,0,65,2,A9P5N,0.39,2.06589,0.39,0.0
6520,1,5,ClusterValue,3,100,10,46,50,"Freeze(CW,2)",88757,5655.87,0,75,2,A9P5N,1.175,1.89324,1.215,0.040000000000000036
2099,0,14,ClusterValue,3,100,10,46,41,"Freeze(CCW,7)",4392,283.629,0,91,2,A9P5N,-0.255,1.51327,0.56,0.8150000000000001
4892,6,10,ClusterValue,3,100,10,46,85,"PostGuard(CCW,0,1)",45002,3235.09,0,101,2,A9P5N,-0.605,1.63064,0.185,0.79
7859,3,14,ClusterValue,3,100,10,46,76,"Hit(CW,11,MIDDLE)",5862,458.431,0,129,2,A9P5N,0.09,1.75553,0.515,0.42500000000000004
2084,7,10,ClusterValue,3,100,10,46,110,"PostGuard(CW,8,2)",49320,3791.89,0,113,2,A9P5N,2.22,1.70047,2.465,0.24499999999999966
5335,1,14,ClusterValue,3,100,10,46,86,"Hit(CW,11,MIDDLE)",6633,582.374,0,145,2,A9P5N,-0.105,1.45395,0.485,0.59
5272,2,4,ClusterValue,3,100,10,46,0,"Draw(CW,TEE)",89010,5403.76,0,53,2,A9P5N,-0.635,2.07648,-0.41,0.22500000000000003
5472,3,13,ClusterValue,3,100,10,46,55,"Hit(CCW,12,WEAK)",7691,548.628,0,69,2,A9P5N,0.13,1.50436,0.7,0.57
4526,5,9,ClusterValue,3,100,10,46,1,"Draw(CCW,TEE)",45924,2838.18,0,65,2,A9P5N,0.365,1.78095,0.685,0.32000000000000006
6392,2,5,ClusterValue,3,100,10,46,23,"Draw(CCW,L6)",88901,5666.75,0,75,2,A9P5N,0.615,1.99168,1.075,0.45999999999999996
1255,4,13,ClusterValue,3,100,10,46,65,"Hit(CCW,12,WEAK)",9628,713.066,0,91,2,A9P5N,1.54,1.69953,2.34,0.7999999999999998
5259,3,8,ClusterValue,3,100,10,46,83,"PostGuard(CCW,2,2)",65851,4595.69,0,97,2,A9P5N,0.765,2.01985,0.965,0.19999999999999996
7905,3,15,ClusterValue,3,100,10,46,56,"Hit(CW,10,MIDDLE)",203,15.607,0,103,2,A9P5N,2.765,1.17037,2.865,0.10000000000000009
4159,5,11,ClusterValue,3,100,10,46,34,"Hit(CW,4,WEAK)",35919,2742.67,0,103,2,A9P5N,0.275,1.61845,0.765,0.49
2788,5,13,ClusterValue,3,100,10,46,67,"Hit(CCW,6,MIDDLE)",17762,1671.88,0,139,2,A9P5N,3.115,1.36813,3.115,0.0
4360,7,4,ClusterValue,3,100,10,46,34,"Hit(CW,1,WEAK)",91867,5657.42,0,59,2,A9P5N,-0.595,2.14266,-0.47,0.125
8248,7,13,ClusterValue,3,100,10,46,50,"Freeze(CW,8)",6705,485.433,0,59,2,A9P5N,0.96,1.41718,1.49,0.53
2081,5,9,ClusterValue,3,100,10,46,11,"Draw(CCW,L0)",42896,2542.53,0,53,2,A9P5N,0.365,1.90834,0.865,0.5
1265,4,5,ClusterValue,3,100,10,46,12,"Draw(CW,L1)",87545,5580.17,0,71,2,A9P5N,0.165,1.92036,0.89,0.725
3677,7,15,ClusterValue,3,100,10,46,3,"Draw(CCW,S0)",175,13.2153,0,75,2,A9P5N,1.56,0.75921,1.695,0.135
477,2,10,ClusterValue,3,100,10,46,1,"Draw(CCW,TEE)",41086,2667.94,0,81,2,A9P5N,-0.37,1.96548,-0.245,0.125
8462,7,13,ClusterValue,3,100,10,46,114,Pass,12244,975.561,0,115,2,A9P5N,2.285,1.16352,2.63,0.34499999999999975
3186,1,11,ClusterValue,3,100,10,46,36,"Hit(CW,0,MIDDLE)",36816,2847.64,0,119,2,A9P5N,-0.01,2.20452,1.3,1.31
8936,4,15,ClusterValue,3,100,10,46,130,"PostGuard(CW,9,2)",245,24.9459,0,145,2,A9P5N,1.0,0.0,1.015,0.014999999999999902
966,6,3,ClusterValue,3,100,10,46,20,"Draw(CW,L5)",99890,6034.57,0,55,2,A9P5N,1.125,2.05897,1.15,0.02499999999999991
232,1,13,ClusterValue,3,100,10,46,7,"Draw(CCW,S4)",6854,480.012,0,59,2,A9P5N,1.575,1.22245,1.575,0.0
3968,6,10,ClusterValue,3,100,10,46,18,"Draw(CW,L4)",33591,1979.35,0,49,2,A9P5N,0.585,1.82559,0.95,0.365
2440,2,5,ClusterValue,3,100,10,46,45,"Hit(CCW,2,WEAK)",87181,5459.11,0,71,2,A9P5N,0.91,2.00297,1.17,0.2599999999999999
1624,6,15,ClusterValue,3,100,10,46,2,"Draw(CW,S0)",191,15.463,0,91,2,A9P5N,1.26,0.58515,1.265,0.004999999999999893
9851,7,8,ClusterValue,3,100,10,46,61,"Freeze(CCW,7)",60360,3863.71,0,81,2,A9P5N,-0.06,2.07036,0.155,0.215
9879,2,15,ClusterValue,3,100,10,46,105,"PostGuard(CCW,11,0)",217,20.0814,0,117,2,A9P5N,2.985,0.157401,3.125,0.14000000000000012
9832,1,9,ClusterValue,3,100,10,46,68,"Hit(CW,6,STRONG)",55755,3822.57,0,103,2,A9P5N,0.59,1.9005,1.24,0.65
4221,2,14,ClusterValue,3,100,10,46,27,"PreGuard(CCW,G3)",6578,589.422,0,145,2,A9P5N,0.45,1.31434,1.555,1.105
1999,2,5,ClusterValue,3,100,10,46,12,"Draw(CW,L1)",79862,4688.36,0,53,2,A9P5N,0.405,1.96748,0.875,0.47
99,4,13,ClusterValue,3,100,10,46,2,"Draw(CW,S0)",6349,431.582,0,57,2,A9P5N,0.375,1.47458,0.635,0.26
964,0,8,ClusterValue,3,100,10,46,15,"Draw(CCW,L2)",54914,3342.19,0,63,2,A9P5N,-1.31,1.90628,-0.295,1.0150000000000001
6357,7,5,ClusterValue,3,100,10,46,45,"Hit(CCW,2,WEAK)",88855,5548.38,0,75,2,A9P5N,0.79,2.05327,0.895,0.10499999999999998
632,7,12,ClusterValue,3,100,10,46,55,"Hit(CCW,11,WEAK)",19957,1376.16,0,81,2,A9P5N,-0.695,1.937,-0.195,0.49999999999999994
3130,2,11,ClusterValue,3,100,10,46,64,"Hit(CW,10,WEAK)",32496,2272.38,0,91,2,A9P5N,0.7,1.77482,1.315,0.615
2941,4,13,ClusterValue,3,100,10,46,28,"PreGuard(CW,G4)",15910,1392.25,0,125,2,A9P5N,1.365,1.08249,1.365,0.0
6374,0,11,ClusterValue,3,100,10,46,59,"Hit(CCW,6,STRONG)",34300,2318.71,0,113,2,A9P5N,1.19,2.28996,1.54,0.3500000000000001
156,7,14,ClusterValue,3,100,10,46,87,"Hit(CCW,11,MIDDLE)",6742,565.361,0,145,2,A9P5N,1.085,0.936896,1.105,0.020000000000000018
1570,1,4,ClusterValue,3,100,10,46,20,"Draw(CW,L5)",88312,5003.77,0,49,2,A9P5N,-0.64,1.8869,-0.32,0.32
7117,6,12,ClusterValue,3,100,10,46,34,"Hit(CW,11,WEAK)",14170,851.368,0,49,2,A9P5N,-0.185,1.42505,-0.14,0.044999999999999984
6164,7,6,ClusterValue,3,100,10,46,42,"PostGuard(CW,4,0)",69364,3975.79,0,49,2,A9P5N,-0.505,1.88944,-0.25,0.255
4376,5,5,ClusterValue,3,100,10,46,44,"Hit(CW,2,WEAK)",89020,4968.79,0,75,2,A9P5N,0.54,2.08048,0.9,0.36
4444,0,12,ClusterValue,3,100,10,46,1,"Draw(CCW,TEE)",18810,1285.7,0,75,2,A9P5N,-0.86,1.68238,-0.345,0.515
5083,5,6,ClusterValue,3,100,10,46,34,"Hit(CW,1,WEAK)",81201,4781.1,0,81,2,A9P5N,-0.695,2.2253,-0.245,0.44999999999999996
894,4,13,ClusterValue,3,100,10,46,10,"Draw(CW,L0)",13323,1064.83,0,105,2,A9P5N,2.14,1.20433,2.14,0.0
8445,1,11,ClusterValue,3,100,10,46,71,"Freeze(CCW,10)",34923,2498.71,0,103,2,A9P5N,1.915,1.74292,2.34,0.4249999999999998
7871,7,15,ClusterValue,3,100,10,46,35,"Hit(CCW,0,WEAK)",251,30.2928,0,151,2,A9P5N,2.485,1.88674,3.185,0.7000000000000002
8198,0,4,ClusterValue,3,100,10,46,56,"PostGuard(CW,2,2)",92453,4679.75,0,59,2,A9P5N,-0.93,2.18062,-0.365,0.5650000000000001
6829,6,13,ClusterValue,3,100,10,46,10,"Draw(CW,L0)",5827,380.405,0,53,2,A9P5N,-0.725,1.65208,0.45,1.175
4702,2,8,ClusterValue,3,100,10,46,35,"Hit(CCW,7,WEAK)",50541,2755.02,0,49,2,A9P5N,-0.5,1.68523,-0.045,0.455
4058,3,5,ClusterValue,3,100,10,46,10,"Draw(CW,L0)",87296,4437.88,0,71,2,A9P5N,0.85,1.99937,0.985,0.135
7591,4,13,ClusterValue,3,100,10,46,87,"PostGuard(CCW,11,1)",11664,882.617,0,97,2,A9P5N,3.125,1.06742,3.245,0.1200000000000001
1445,7,8,ClusterValue,3,100,10,46,6,"Draw(CW,S4)",55301,3107.68,0,65,2,A9P5N,-0.23,1.71088,-0.23,0.0
5373,5,13,ClusterValue,3,100,10,46,11,"Draw(CCW,L0)",13404,1056.82,0,107,2,A9P5N,1.755,1.46798,1.945,0.19000000000000017
5423,3,9,ClusterValue,3,100,10,46,51,"Freeze(CCW,2)",55856,3346.8,0,103,2,A9P5N,0.595,2.14266,0.97,0.375
1644,5,15,ClusterValue,3,100,10,46,0,"Draw(CW,TEE)",235,24.5175,0,135,2,A9P5N,-1.0,0.0,-0.35,0.65
6839,5,3,ClusterValue,3,100,10,46,21,"Draw(CCW,L5)",98357,4745.03,0,55,2,A9P5N,0.92,2.06969,1.225,0.30500000000000005
1063,2,15,ClusterValue,3,100,10,46,34,"Hit(CW,12,WEAK)",155,8.63067,0,55,2,A9P5N,1.905,0.293215,1.905,0.0
3774,5,6,ClusterValue,3,100,10,46,22,"Draw(CW,L6)",75757,3849.85,0,65,2,A9P5N,-0.68,1.86751,-0.215,0.4650000000000001
7844,2,5,ClusterValue,3,100,10,46,41,"Freeze(CCW,0)",87544,4158.63,0,71,2,A9P5N,0.835,1.95391,1.02,0.18500000000000005
5770,5,13,ClusterValue,3,100,10,46,10,"Draw(CW,L0)",10772,740.667,0,91,2,A9P5N,0.975,1.48808,1.12,0.14500000000000013
