game_id,end,shot_num,method,seed,candidate_idx,cluster_id,is_representative,shot_type,label,e_score,e_sd,cluster_value,land_x,land_y
7977,6,14,Proposed,43,0,0,0,"Draw","Draw(CW,TEE)",,,,,
7977,6,14,Proposed,43,2,0,0,"Draw","Draw(CW,S0)",,,,,
7977,6,14,Proposed,43,4,0,0,"Draw","Draw(CW,S2)",,,,,
7977,6,14,Proposed,43,6,0,0,"Draw","Draw(CW,S4)",,,,,
7977,6,14,Proposed,43,9,0,0,"Draw","Draw(CCW,S6)",,,,,
7977,6,14,Proposed,43,10,0,0,"Draw","Draw(CW,L0)",,,,,
7977,6,14,Proposed,43,11,0,0,"Draw","Draw(CCW,L0)",,,,,
7977,6,14,Proposed,43,12,0,0,"Draw","Draw(CW,L1)",,,,,
7977,6,14,Proposed,43,18,0,0,"Draw","Draw(CW,L4)",,,,,
7977,6,14,Proposed,43,19,0,0,"Draw","Draw(CCW,L4)",,,,,
7977,6,14,Proposed,43,32,0,0,"Hit","Hit(CW,1,TOUCH)",,,,,
7977,6,14,Proposed,43,33,0,0,"Hit","Hit(CCW,1,TOUCH)",,,,,
7977,6,14,Proposed,43,40,0,0,"Freeze","Freeze(CW,1)",,,,,
7977,6,14,Proposed,43,41,0,0,"Freeze","Freeze(CCW,1)",,,,,
7977,6,14,Proposed,43,42,0,0,"Hit","Hit(CW,3,TOUCH)",,,,,
7977,6,14,Proposed,43,43,0,0,"Hit","Hit(CCW,3,TOUCH)",,,,,
7977,6,14,Proposed,43,50,0,0,"Freeze","Freeze(CW,3)",,,,,
7977,6,14,Proposed,43,51,0,0,"Freeze","Freeze(CCW,3)",,,,,
7977,6,14,Proposed,43,53,0,0,"Hit","Hit(CCW,5,TOUCH)",,,,,
7977,6,14,Proposed,43,60,0,0,"Freeze","Freeze(CW,5)",,,,,
7977,6,14,Proposed,43,61,0,0,"Freeze","Freeze(CCW,5)",,,,,
7977,6,14,Proposed,43,62,0,0,"Hit","Hit(CW,7,TOUCH)",,,,,
7977,6,14,Proposed,43,63,0,0,"Hit","Hit(CCW,7,TOUCH)",,,,,
7977,6,14,Proposed,43,70,0,0,"Freeze","Freeze(CW,7)",,,,,
7977,6,14,Proposed,43,71,0,0,"Freeze","Freeze(CCW,7)",,,,,
7977,6,14,Proposed,43,82,0,0,"Hit","Hit(CW,11,TOUCH)",,,,,
7977,6,14,Proposed,43,83,0,0,"Hit","Hit(CCW,11,TOUCH)",,,,,
7977,6,14,Proposed,43,90,0,0,"Freeze","Freeze(CW,11)",,,,,
7977,6,14,Proposed,43,91,0,0,"Freeze","Freeze(CCW,11)",,,,,
7977,6,14,Proposed,43,92,0,0,"Hit","Hit(CW,13,TOUCH)",,,,,
7977,6,14,Proposed,43,93,0,0,"Hit","Hit(CCW,13,TOUCH)",,,,,
7977,6,14,Proposed,43,102,0,0,"PostGuard","PostGuard(CW,0,0)",,,,,
7977,6,14,Proposed,43,103,0,0,"PostGuard","PostGuard(CCW,0,0)",,,,,
7977,6,14,Proposed,43,104,0,0,"PostGuard","PostGuard(CW,0,1)",,,,,
7977,6,14,Proposed,43,105,0,0,"PostGuard","PostGuard(CCW,0,1)",,,,,
7977,6,14,Proposed,43,108,0,0,"PostGuard","PostGuard(CW,2,0)",,,,,
7977,6,14,Proposed,43,109,0,0,"PostGuard","PostGuard(CCW,2,0)",,,,,
7977,6,14,Proposed,43,114,0,0,"PostGuard","PostGuard(CW,4,0)",,,,,
7977,6,14,Proposed,43,115,0,1,"PostGuard","PostGuard(CCW,4,0)",,,,,
7977,6,14,Proposed,43,1,1,1,"Draw","Draw(CCW,TEE)",,,,,
7977,6,14,Proposed,43,3,1,0,"Draw","Draw(CCW,S0)",,,,,
7977,6,14,Proposed,43,7,1,0,"Draw","Draw(CCW,S4)",,,,,
7977,6,14,Proposed,43,25,1,0,"Draw","Draw(CCW,L7)",,,,,
7977,6,14,Proposed,43,52,1,0,"Hit","Hit(CW,5,TOUCH)",,,,,
7977,6,14,Proposed,43,72,1,0,"Hit","Hit(CW,9,TOUCH)",,,,,
7977,6,14,Proposed,43,73,1,0,"Hit","Hit(CCW,9,TOUCH)",,,,,
7977,6,14,Proposed,43,80,1,0,"Freeze","Freeze(CW,9)",,,,,
7977,6,14,Proposed,43,81,1,0,"Freeze","Freeze(CCW,9)",,,,,
7977,6,14,Proposed,43,5,2,0,"Draw","Draw(CCW,S2)",,,,,
7977,6,14,Proposed,43,8,2,0,"Draw","Draw(CW,S6)",,,,,
7977,6,14,Proposed,43,13,2,0,"Draw","Draw(CCW,L1)",,,,,
7977,6,14,Proposed,43,14,2,0,"Draw","Draw(CW,L2)",,,,,
7977,6,14,Proposed,43,15,2,0,"Draw","Draw(CCW,L2)",,,,,
7977,6,14,Proposed,43,16,2,0,"Draw","Draw(CW,L3)",,,,,
7977,6,14,Proposed,43,17,2,0,"Draw","Draw(CCW,L3)",,,,,
7977,6,14,Proposed,43,20,2,0,"Draw","Draw(CW,L5)",,,,,
7977,6,14,Proposed,43,21,2,0,"Draw","Draw(CCW,L5)",,,,,
7977,6,14,Proposed,43,22,2,0,"Draw","Draw(CW,L6)",,,,,
7977,6,14,Proposed,43,23,2,0,"Draw","Draw(CCW,L6)",,,,,
7977,6,14,Proposed,43,24,2,0,"Draw","Draw(CW,L7)",,,,,
7977,6,14,Proposed,43,26,2,0,"PreGuard","PreGuard(CW,G3)",,,,,
7977,6,14,Proposed,43,27,2,0,"PreGuard","PreGuard(CCW,G3)",,,,,
7977,6,14,Proposed,43,28,2,0,"PreGuard","PreGuard(CW,G4)",,,,,
7977,6,14,Proposed,43,29,2,0,"PreGuard","PreGuard(CCW,G4)",,,,,
7977,6,14,Proposed,43,30,2,0,"PreGuard","PreGuard(CW,G5)",,,,,
7977,6,14,Proposed,43,31,2,0,"PreGuard","PreGuard(CCW,G5)",,,,,
7977,6,14,Proposed,43,100,2,0,"Freeze","Freeze(CW,13)",,,,,
7977,6,14,Proposed,43,101,2,0,"Freeze","Freeze(CCW,13)",,,,,
7977,6,14,Proposed,43,106,2,0,"PostGuard","PostGuard(CW,0,2)",,,,,
7977,6,14,Proposed,43,107,2,0,"PostGuard","PostGuard(CCW,0,2)",,,,,
7977,6,14,Proposed,43,110,2,0,"PostGuard","PostGuard(CW,2,1)",,,,,
7977,6,14,Proposed,43,111,2,0,"PostGuard","PostGuard(CCW,2,1)",,,,,
7977,6,14,Proposed,43,112,2,0,"PostGuard","PostGuard(CW,2,2)",,,,,
7977,6,14,Proposed,43,113,2,0,"PostGuard","PostGuard(CCW,2,2)",,,,,
7977,6,14,Proposed,43,116,2,0,"PostGuard","PostGuard(CW,4,1)",,,,,
7977,6,14,Proposed,43,117,2,0,"PostGuard","PostGuard(CCW,4,1)",,,,,
7977,6,14,Proposed,43,118,2,0,"PostGuard","PostGuard(CW,4,2)",,,,,
7977,6,14,Proposed,43,119,2,0,"PostGuard","PostGuard(CCW,4,2)",,,,,
7977,6,14,Proposed,43,120,2,0,"PostGuard","PostGuard(CW,6,0)",,,,,
7977,6,14,Proposed,43,121,2,0,"PostGuard","PostGuard(CCW,6,0)",,,,,
7977,6,14,Proposed,43,122,2,1,"PostGuard","PostGuard(CW,6,1)",,,,,
7977,6,14,Proposed,43,123,2,0,"PostGuard","PostGuard(CCW,6,1)",,,,,
7977,6,14,Proposed,43,124,2,0,"PostGuard","PostGuard(CW,6,2)",,,,,
7977,6,14,Proposed,43,125,2,0,"PostGuard","PostGuard(CCW,6,2)",,,,,
7977,6,14,Proposed,43,126,2,0,"PostGuard","PostGuard(CW,8,0)",,,,,
7977,6,14,Proposed,43,127,2,0,"PostGuard","PostGuard(CCW,8,0)",,,,,
7977,6,14,Proposed,43,128,2,0,"PostGuard","PostGuard(CW,8,1)",,,,,
7977,6,14,Proposed,43,129,2,0,"PostGuard","PostGuard(CCW,8,1)",,,,,
7977,6,14,Proposed,43,130,2,0,"PostGuard","PostGuard(CW,8,2)",,,,,
7977,6,14,Proposed,43,131,2,0,"PostGuard","PostGuard(CCW,8,2)",,,,,
7977,6,14,Proposed,43,132,2,0,"PostGuard","PostGuard(CW,10,0)",,,,,
7977,6,14,Proposed,43,133,2,0,"PostGuard","PostGuard(CCW,10,0)",,,,,
7977,6,14,Proposed,43,134,2,0,"PostGuard","PostGuard(CW,10,1)",,,,,
7977,6,14,Proposed,43,135,2,0,"PostGuard","PostGuard(CCW,10,1)",,,,,
7977,6,14,Proposed,43,136,2,0,"PostGuard","PostGuard(CW,10,2)",,,,,
7977,6,14,Proposed,43,137,2,0,"PostGuard","PostGuard(CCW,10,2)",,,,,
7977,6,14,Proposed,43,138,2,0,"PostGuard","PostGuard(CW,12,0)",,,,,
7977,6,14,Proposed,43,139,2,0,"PostGuard","PostGuard(CCW,12,0)",,,,,
7977,6,14,Proposed,43,140,2,0,"PostGuard","PostGuard(CW,12,1)",,,,,
7977,6,14,Proposed,43,141,2,0,"PostGuard","PostGuard(CCW,12,1)",,,,,
7977,6,14,Proposed,43,142,2,0,"PostGuard","PostGuard(CW,12,2)",,,,,
7977,6,14,Proposed,43,143,2,0,"PostGuard","PostGuard(CCW,12,2)",,,,,
7977,6,14,Proposed,43,34,3,1,"Hit","Hit(CW,1,WEAK)",,,,,
7977,6,14,Proposed,43,64,3,0,"Hit","Hit(CW,7,WEAK)",,,,,
7977,6,14,Proposed,43,35,4,1,"Hit","Hit(CCW,1,WEAK)",,,,,
7977,6,14,Proposed,43,36,5,1,"Hit","Hit(CW,1,MIDDLE)",,,,,
7977,6,14,Proposed,43,38,5,0,"Hit","Hit(CW,1,STRONG)",,,,,
7977,6,14,Proposed,43,37,6,1,"Hit","Hit(CCW,1,MIDDLE)",,,,,
7977,6,14,Proposed,43,39,6,0,"Hit","Hit(CCW,1,STRONG)",,,,,
7977,6,14,Proposed,43,44,7,1,"Hit","Hit(CW,3,WEAK)",,,,,
7977,6,14,Proposed,43,45,8,0,"Hit","Hit(CCW,3,WEAK)",,,,,
7977,6,14,Proposed,43,77,8,1,"Hit","Hit(CCW,9,MIDDLE)",,,,,
7977,6,14,Proposed,43,79,8,0,"Hit","Hit(CCW,9,STRONG)",,,,,
7977,6,14,Proposed,43,46,9,1,"Hit","Hit(CW,3,MIDDLE)",,,,,
7977,6,14,Proposed,43,48,9,0,"Hit","Hit(CW,3,STRONG)",,,,,
7977,6,14,Proposed,43,47,10,1,"Hit","Hit(CCW,3,MIDDLE)",,,,,
7977,6,14,Proposed,43,49,10,0,"Hit","Hit(CCW,3,STRONG)",,,,,
7977,6,14,Proposed,43,54,11,1,"Hit","Hit(CW,5,WEAK)",,,,,
7977,6,14,Proposed,43,55,12,1,"Hit","Hit(CCW,5,WEAK)",,,,,
7977,6,14,Proposed,43,56,13,1,"Hit","Hit(CW,5,MIDDLE)",,,,,
7977,6,14,Proposed,43,58,13,0,"Hit","Hit(CW,5,STRONG)",,,,,
7977,6,14,Proposed,43,57,14,1,"Hit","Hit(CCW,5,MIDDLE)",,,,,
7977,6,14,Proposed,43,59,14,0,"Hit","Hit(CCW,5,STRONG)",,,,,
7977,6,14,Proposed,43,65,15,1,"Hit","Hit(CCW,7,WEAK)",,,,,
7977,6,14,Proposed,43,66,16,1,"Hit","Hit(CW,7,MIDDLE)",,,,,
7977,6,14,Proposed,43,68,16,0,"Hit","Hit(CW,7,STRONG)",,,,,
7977,6,14,Proposed,43,67,17,1,"Hit","Hit(CCW,7,MIDDLE)",,,,,
7977,6,14,Proposed,43,69,17,0,"Hit","Hit(CCW,7,STRONG)",,,,,
7977,6,14,Proposed,43,74,18,1,"Hit","Hit(CW,9,WEAK)",,,,,
7977,6,14,Proposed,43,75,19,1,"Hit","Hit(CCW,9,WEAK)",,,,,
7977,6,14,Proposed,43,76,20,1,"Hit","Hit(CW,9,MIDDLE)",,,,,
7977,6,14,Proposed,43,78,20,0,"Hit","Hit(CW,9,STRONG)",,,,,
7977,6,14,Proposed,43,84,21,1,"Hit","Hit(CW,11,WEAK)",,,,,
7977,6,14,Proposed,43,85,22,1,"Hit","Hit(CCW,11,WEAK)",,,,,
7977,6,14,Proposed,43,86,23,1,"Hit","Hit(CW,11,MIDDLE)",,,,,
7977,6,14,Proposed,43,88,23,0,"Hit","Hit(CW,11,STRONG)",,,,,
7977,6,14,Proposed,43,87,24,1,"Hit","Hit(CCW,11,MIDDLE)",,,,,
7977,6,14,Proposed,43,89,24,0,"Hit","Hit(CCW,11,STRONG)",,,,,
7977,6,14,Proposed,43,94,25,1,"Hit","Hit(CW,13,WEAK)",,,,,
7977,6,14,Proposed,43,95,26,1,"Hit","Hit(CCW,13,WEAK)",,,,,
7977,6,14,Proposed,43,96,27,0,"Hit","Hit(CW,13,MIDDLE)",,,,,
7977,6,14,Proposed,43,97,27,1,"Hit","Hit(CCW,13,MIDDLE)",,,,,
7977,6,14,Proposed,43,98,27,0,"Hit","Hit(CW,13,STRONG)",,,,,
7977,6,14,Proposed,43,99,27,0,"Hit","Hit(CCW,13,STRONG)",,,,,
7977,6,14,Proposed,43,144,28,1,"Pass","Pass",,,,,
3926,6,11,Proposed,43,0,0,0,"Draw","Draw(CW,TEE)",,,,,
3926,6,11,Proposed,43,1,0,0,"Draw","Draw(CCW,TEE)",,,,,
3926,6,11,Proposed,43,2,0,0,"Draw","Draw(CW,S0)",,,,,
3926,6,11,Proposed,43,4,0,0,"Draw","Draw(CW,S2)",,,,,
3926,6,11,Proposed,43,6,0,0,"Draw","Draw(CW,S4)",,,,,
3926,6,11,Proposed,43,9,0,0,"Draw","Draw(CCW,S6)",,,,,
3926,6,11,Proposed,43,10,0,0,"Draw","Draw(CW,L0)",,,,,
3926,6,11,Proposed,43,11,0,0,"Draw","Draw(CCW,L0)",,,,,
3926,6,11,Proposed,43,24,0,0,"Draw","Draw(CW,L7)",,,,,
3926,6,11,Proposed,43,25,0,0,"Draw","Draw(CCW,L7)",,,,,
3926,6,11,Proposed,43,32,0,0,"Hit","Hit(CW,0,TOUCH)",,,,,
3926,6,11,Proposed,43,33,0,0,"Hit","Hit(CCW,0,TOUCH)",,,,,
3926,6,11,Proposed,43,40,0,0,"Freeze","Freeze(CW,0)",,,,,
3926,6,11,Proposed,43,41,0,0,"Freeze","Freeze(CCW,0)",,,,,
3926,6,11,Proposed,43,42,0,0,"Hit","Hit(CW,2,TOUCH)",,,,,
3926,6,11,Proposed,43,43,0,0,"Hit","Hit(CCW,2,TOUCH)",,,,,
3926,6,11,Proposed,43,51,0,0,"Freeze","Freeze(CCW,2)",,,,,
3926,6,11,Proposed,43,53,0,0,"Hit","Hit(CCW,4,TOUCH)",,,,,
3926,6,11,Proposed,43,60,0,0,"Freeze","Freeze(CW,4)",,,,,
3926,6,11,Proposed,43,61,0,0,"Freeze","Freeze(CCW,4)",,,,,
3926,6,11,Proposed,43,62,0,0,"Hit","Hit(CW,6,TOUCH)",,,,,
3926,6,11,Proposed,43,63,0,0,"Hit","Hit(CCW,6,TOUCH)",,,,,
3926,6,11,Proposed,43,72,0,0,"Hit","Hit(CW,8,TOUCH)",,,,,
3926,6,11,Proposed,43,73,0,0,"Hit","Hit(CCW,8,TOUCH)",,,,,
3926,6,11,Proposed,43,80,0,1,"Freeze","Freeze(CW,8)",,,,,
3926,6,11,Proposed,43,81,0,0,"Freeze","Freeze(CCW,8)",,,,,
3926,6,11,Proposed,43,82,0,0,"Hit","Hit(CW,10,TOUCH)",,,,,
3926,6,11,Proposed,43,83,0,0,"Hit","Hit(CCW,10,TOUCH)",,,,,
3926,6,11,Proposed,43,92,0,0,"PostGuard","PostGuard(CW,1,0)",,,,,
3926,6,11,Proposed,43,93,0,0,"PostGuard","PostGuard(CCW,1,0)",,,,,
3926,6,11,Proposed,43,104,0,0,"PostGuard","PostGuard(CW,5,0)",,,,,
3926,6,11,Proposed,43,105,0,0,"PostGuard","PostGuard(CCW,5,0)",,,,,
3926,6,11,Proposed,43,3,1,0,"Draw","Draw(CCW,S0)",,,,,
3926,6,11,Proposed,43,7,1,1,"Draw","Draw(CCW,S4)",,,,,
3926,6,11,Proposed,43,52,1,0,"Hit","Hit(CW,4,TOUCH)",,,,,
3926,6,11,Proposed,43,5,2,0,"Draw","Draw(CCW,S2)",,,,,
3926,6,11,Proposed,43,8,2,0,"Draw","Draw(CW,S6)",,,,,
3926,6,11,Proposed,43,12,2,0,"Draw","Draw(CW,L1)",,,,,
3926,6,11,Proposed,43,13,2,0,"Draw","Draw(CCW,L1)",,,,,
3926,6,11,Proposed,43,14,2,0,"Draw","Draw(CW,L2)",,,,,
3926,6,11,Proposed,43,15,2,0,"Draw","Draw(CCW,L2)",,,,,
3926,6,11,Proposed,43,16,2,0,"Draw","Draw(CW,L3)",,,,,
3926,6,11,Proposed,43,17,2,0,"Draw","Draw(CCW,L3)",,,,,
3926,6,11,Proposed,43,20,2,0,"Draw","Draw(CW,L5)",,,,,
3926,6,11,Proposed,43,21,2,0,"Draw","Draw(CCW,L5)",,,,,
3926,6,11,Proposed,43,22,2,0,"Draw","Draw(CW,L6)",,,,,
3926,6,11,Proposed,43,23,2,0,"Draw","Draw(CCW,L6)",,,,,
3926,6,11,Proposed,43,50,2,0,"Freeze","Freeze(CW,2)",,,,,
3926,6,11,Proposed,43,70,2,0,"Freeze","Freeze(CW,6)",,,,,
3926,6,11,Proposed,43,71,2,0,"Freeze","Freeze(CCW,6)",,,,,
3926,6,11,Proposed,43,90,2,0,"Freeze","Freeze(CW,10)",,,,,
3926,6,11,Proposed,43,91,2,0,"Freeze","Freeze(CCW,10)",,,,,
3926,6,11,Proposed,43,94,2,0,"PostGuard","PostGuard(CW,1,1)",,,,,
3926,6,11,Proposed,43,95,2,0,"PostGuard","PostGuard(CCW,1,1)",,,,,
3926,6,11,Proposed,43,98,2,0,"PostGuard","PostGuard(CW,3,0)",,,,,
3926,6,11,Proposed,43,99,2,1,"PostGuard","PostGuard(CCW,3,0)",,,,,
3926,6,11,Proposed,43,116,2,0,"PostGuard","PostGuard(CW,9,0)",,,,,
3926,6,11,Proposed,43,117,2,0,"PostGuard","PostGuard(CCW,9,0)",,,,,
3926,6,11,Proposed,43,18,3,0,"Draw","Draw(CW,L4)",,,,,
3926,6,11,Proposed,43,19,3,0,"Draw","Draw(CCW,L4)",,,,,
3926,6,11,Proposed,43,26,3,0,"PreGuard","PreGuard(CW,G3)",,,,,
3926,6,11,Proposed,43,27,3,0,"PreGuard","PreGuard(CCW,G3)",,,,,
3926,6,11,Proposed,43,28,3,0,"PreGuard","PreGuard(CW,G4)",,,,,
3926,6,11,Proposed,43,29,3,0,"PreGuard","PreGuard(CCW,G4)",,,,,
3926,6,11,Proposed,43,30,3,0,"PreGuard","PreGuard(CW,G5)",,,,,
3926,6,11,Proposed,43,31,3,0,"PreGuard","PreGuard(CCW,G5)",,,,,
3926,6,11,Proposed,43,96,3,0,"PostGuard","PostGuard(CW,1,2)",,,,,
3926,6,11,Proposed,43,97,3,0,"PostGuard","PostGuard(CCW,1,2)",,,,,
3926,6,11,Proposed,43,100,3,0,"PostGuard","PostGuard(CW,3,1)",,,,,
3926,6,11,Proposed,43,101,3,0,"PostGuard","PostGuard(CCW,3,1)",,,,,
3926,6,11,Proposed,43,102,3,0,"PostGuard","PostGuard(CW,3,2)",,,,,
3926,6,11,Proposed,43,103,3,0,"PostGuard","PostGuard(CCW,3,2)",,,,,
3926,6,11,Proposed,43,106,3,0,"PostGuard","PostGuard(CW,5,1)",,,,,
3926,6,11,Proposed,43,107,3,0,"PostGuard","PostGuard(CCW,5,1)",,,,,
3926,6,11,Proposed,43,108,3,0,"PostGuard","PostGuard(CW,5,2)",,,,,
3926,6,11,Proposed,43,109,3,0,"PostGuard","PostGuard(CCW,5,2)",,,,,
3926,6,11,Proposed,43,110,3,0,"PostGuard","PostGuard(CW,7,0)",,,,,
3926,6,11,Proposed,43,111,3,0,"PostGuard","PostGuard(CCW,7,0)",,,,,
3926,6,11,Proposed,43,112,3,0,"PostGuard","PostGuard(CW,7,1)",,,,,
3926,6,11,Proposed,43,113,3,0,"PostGuard","PostGuard(CCW,7,1)",,,,,
3926,6,11,Proposed,43,114,3,0,"PostGuard","PostGuard(CW,7,2)",,,,,
3926,6,11,Proposed,43,115,3,0,"PostGuard","PostGuard(CCW,7,2)",,,,,
3926,6,11,Proposed,43,118,3,1,"PostGuard","PostGuard(CW,9,1)",,,,,
3926,6,11,Proposed,43,119,3,0,"PostGuard","PostGuard(CCW,9,1)",,,,,
3926,6,11,Proposed,43,120,3,0,"PostGuard","PostGuard(CW,9,2)",,,,,
3926,6,11,Proposed,43,121,3,0,"PostGuard","PostGuard(CCW,9,2)",,,,,
3926,6,11,Proposed,43,34,4,1,"Hit","Hit(CW,0,WEAK)",,,,,
3926,6,11,Proposed,43,55,4,0,"Hit","Hit(CCW,4,WEAK)",,,,,
3926,6,11,Proposed,43,35,5,1,"Hit","Hit(CCW,0,WEAK)",,,,,
3926,6,11,Proposed,43,36,6,1,"Hit","Hit(CW,0,MIDDLE)",,,,,
3926,6,11,Proposed,43,38,6,0,"Hit","Hit(CW,0,STRONG)",,,,,
3926,6,11,Proposed,43,37,7,1,"Hit","Hit(CCW,0,MIDDLE)",,,,,
3926,6,11,Proposed,43,39,7,0,"Hit","Hit(CCW,0,STRONG)",,,,,
3926,6,11,Proposed,43,44,8,0,"Hit","Hit(CW,2,WEAK)",,,,,
3926,6,11,Proposed,43,45,8,0,"Hit","Hit(CCW,2,WEAK)",,,,,
3926,6,11,Proposed,43,46,8,1,"Hit","Hit(CW,2,MIDDLE)",,,,,
3926,6,11,Proposed,43,47,8,0,"Hit","Hit(CCW,2,MIDDLE)",,,,,
3926,6,11,Proposed,43,48,8,0,"Hit","Hit(CW,2,STRONG)",,,,,
3926,6,11,Proposed,43,49,8,0,"Hit","Hit(CCW,2,STRONG)",,,,,
3926,6,11,Proposed,43,54,9,1,"Hit","Hit(CW,4,WEAK)",,,,,
3926,6,11,Proposed,43,56,10,1,"Hit","Hit(CW,4,MIDDLE)",,,,,
3926,6,11,Proposed,43,58,10,0,"Hit","Hit(CW,4,STRONG)",,,,,
3926,6,11,Proposed,43,57,11,1,"Hit","Hit(CCW,4,MIDDLE)",,,,,
3926,6,11,Proposed,43,59,11,0,"Hit","Hit(CCW,4,STRONG)",,,,,
3926,6,11,Proposed,43,64,12,1,"Hit","Hit(CW,6,WEAK)",,,,,
3926,6,11,Proposed,43,65,13,1,"Hit","Hit(CCW,6,WEAK)",,,,,
3926,6,11,Proposed,43,66,14,1,"Hit","Hit(CW,6,MIDDLE)",,,,,
3926,6,11,Proposed,43,68,14,0,"Hit","Hit(CW,6,STRONG)",,,,,
3926,6,11,Proposed,43,67,15,1,"Hit","Hit(CCW,6,MIDDLE)",,,,,
3926,6,11,Proposed,43,69,15,0,"Hit","Hit(CCW,6,STRONG)",,,,,
3926,6,11,Proposed,43,74,16,1,"Hit","Hit(CW,8,WEAK)",,,,,
3926,6,11,Proposed,43,75,17,1,"Hit","Hit(CCW,8,WEAK)",,,,,
3926,6,11,Proposed,43,76,18,1,"Hit","Hit(CW,8,MIDDLE)",,,,,
3926,6,11,Proposed,43,78,18,0,"Hit","Hit(CW,8,STRONG)",,,,,
3926,6,11,Proposed,43,77,19,1,"Hit","Hit(CCW,8,MIDDLE)",,,,,
3926,6,11,Proposed,43,79,19,0,"Hit","Hit(CCW,8,STRONG)",,,,,
3926,6,11,Proposed,43,84,20,1,"Hit","Hit(CW,10,WEAK)",,,,,
3926,6,11,Proposed,43,85,21,1,"Hit","Hit(CCW,10,WEAK)",,,,,
3926,6,11,Proposed,43,86,22,1,"Hit","Hit(CW,10,MIDDLE)",,,,,
3926,6,11,Proposed,43,88,22,0,"Hit","Hit(CW,10,STRONG)",,,,,
3926,6,11,Proposed,43,87,23,1,"Hit","Hit(CCW,10,MIDDLE)",,,,,
3926,6,11,Proposed,43,89,23,0,"Hit","Hit(CCW,10,STRONG)",,,,,
3926,6,11,Proposed,43,122,24,1,"Pass","Pass",,,,,
3883,1,14,Proposed,43,0,0,0,"Draw","Draw(CW,TEE)",,,,,
3883,1,14,Proposed,43,1,0,0,"Draw","Draw(CCW,TEE)",,,,,
3883,1,14,Proposed,43,2,0,0,"Draw","Draw(CW,S0)",,,,,
3883,1,14,Proposed,43,3,0,0,"Draw","Draw(CCW,S0)",,,,,
3883,1,14,Proposed,43,6,0,1,"Draw","Draw(CW,S4)",,,,,
3883,1,14,Proposed,43,7,0,0,"Draw","Draw(CCW,S4)",,,,,
3883,1,14,Proposed,43,12,0,0,"Draw","Draw(CW,L1)",,,,,
3883,1,14,Proposed,43,13,0,0,"Draw","Draw(CCW,L1)",,,,,
3883,1,14,Proposed,43,4,1,0,"Draw","Draw(CW,S2)",,,,,
3883,1,14,Proposed,43,5,1,0,"Draw","Draw(CCW,S2)",,,,,
3883,1,14,Proposed,43,14,1,1,"Draw","Draw(CW,L2)",,,,,
3883,1,14,Proposed,43,15,1,0,"Draw","Draw(CCW,L2)",,,,,
3883,1,14,Proposed,43,16,1,0,"Draw","Draw(CW,L3)",,,,,
3883,1,14,Proposed,43,17,1,0,"Draw","Draw(CCW,L3)",,,,,
3883,1,14,Proposed,43,8,2,0,"Draw","Draw(CW,S6)",,,,,
3883,1,14,Proposed,43,9,2,1,"Draw","Draw(CCW,S6)",,,,,
3883,1,14,Proposed,43,20,2,0,"Draw","Draw(CW,L5)",,,,,
3883,1,14,Proposed,43,21,2,0,"Draw","Draw(CCW,L5)",,,,,
3883,1,14,Proposed,43,22,2,0,"Draw","Draw(CW,L6)",,,,,
3883,1,14,Proposed,43,23,2,0,"Draw","Draw(CCW,L6)",,,,,
3883,1,14,Proposed,43,10,3,1,"Draw","Draw(CW,L0)",,,,,
3883,1,14,Proposed,43,11,3,0,"Draw","Draw(CCW,L0)",,,,,
3883,1,14,Proposed,43,24,3,0,"Draw","Draw(CW,L7)",,,,,
3883,1,14,Proposed,43,25,3,0,"Draw","Draw(CCW,L7)",,,,,
3883,1,14,Proposed,43,18,4,1,"Draw","Draw(CW,L4)",,,,,
3883,1,14,Proposed,43,19,4,0,"Draw","Draw(CCW,L4)",,,,,
3883,1,14,Proposed,43,26,5,0,"PreGuard","PreGuard(CW,G3)",,,,,
3883,1,14,Proposed,43,27,5,0,"PreGuard","PreGuard(CCW,G3)",,,,,
3883,1,14,Proposed,43,28,5,0,"PreGuard","PreGuard(CW,G4)",,,,,
3883,1,14,Proposed,43,29,5,1,"PreGuard","PreGuard(CCW,G4)",,,,,
3883,1,14,Proposed,43,30,5,0,"PreGuard","PreGuard(CW,G5)",,,,,
3883,1,14,Proposed,43,31,5,0,"PreGuard","PreGuard(CCW,G5)",,,,,
3883,1,14,Proposed,43,32,6,1,"Hit","Hit(CW,9,MIDDLE)",,,,,
3883,1,14,Proposed,43,33,6,0,"Hit","Hit(CCW,9,MIDDLE)",,,,,
3883,1,14,Proposed,43,34,6,0,"Hit","Hit(CW,9,STRONG)",,,,,
3883,1,14,Proposed,43,35,6,0,"Hit","Hit(CCW,9,STRONG)",,,,,
3883,1,14,Proposed,43,36,7,1,"Pass","Pass",,,,,
9222,7,5,Proposed,43,0,0,0,"Draw","Draw(CW,TEE)",,,,,
9222,7,5,Proposed,43,1,0,0,"Draw","Draw(CCW,TEE)",,,,,
9222,7,5,Proposed,43,2,0,0,"Draw","Draw(CW,S0)",,,,,
9222,7,5,Proposed,43,3,0,0,"Draw","Draw(CCW,S0)",,,,,
9222,7,5,Proposed,43,4,0,0,"Draw","Draw(CW,S2)",,,,,
9222,7,5,Proposed,43,5,0,0,"Draw","Draw(CCW,S2)",,,,,
9222,7,5,Proposed,43,6,0,0,"Draw","Draw(CW,S4)",,,,,
9222,7,5,Proposed,43,7,0,1,"Draw","Draw(CCW,S4)",,,,,
9222,7,5,Proposed,43,10,0,0,"Draw","Draw(CW,L0)",,,,,
9222,7,5,Proposed,43,11,0,0,"Draw","Draw(CCW,L0)",,,,,
9222,7,5,Proposed,43,14,0,0,"Draw","Draw(CW,L2)",,,,,
9222,7,5,Proposed,43,15,0,0,"Draw","Draw(CCW,L2)",,,,,
9222,7,5,Proposed,43,16,0,0,"Draw","Draw(CW,L3)",,,,,
9222,7,5,Proposed,43,17,0,0,"Draw","Draw(CCW,L3)",,,,,
9222,7,5,Proposed,43,8,1,0,"Draw","Draw(CW,S6)",,,,,
9222,7,5,Proposed,43,9,1,1,"Draw","Draw(CCW,S6)",,,,,
9222,7,5,Proposed,43,20,1,0,"Draw","Draw(CW,L5)",,,,,
9222,7,5,Proposed,43,21,1,0,"Draw","Draw(CCW,L5)",,,,,
9222,7,5,Proposed,43,22,1,0,"Draw","Draw(CW,L6)",,,,,
9222,7,5,Proposed,43,23,1,0,"Draw","Draw(CCW,L6)",,,,,
9222,7,5,Proposed,43,24,1,0,"Draw","Draw(CW,L7)",,,,,
9222,7,5,Proposed,43,25,1,0,"Draw","Draw(CCW,L7)",,,,,
9222,7,5,Proposed,43,12,2,1,"Draw","Draw(CW,L1)",,,,,
9222,7,5,Proposed,43,13,2,0,"Draw","Draw(CCW,L1)",,,,,
9222,7,5,Proposed,43,18,3,1,"Draw","Draw(CW,L4)",,,,,
9222,7,5,Proposed,43,19,3,0,"Draw","Draw(CCW,L4)",,,,,
9222,7,5,Proposed,43,26,4,1,"PreGuard","PreGuard(CW,G3)",,,,,
9222,7,5,Proposed,43,27,4,0,"PreGuard","PreGuard(CCW,G3)",,,,,
9222,7,5,Proposed,43,30,4,0,"PreGuard","PreGuard(CW,G5)",,,,,
9222,7,5,Proposed,43,31,4,0,"PreGuard","PreGuard(CCW,G5)",,,,,
9222,7,5,Proposed,43,28,5,1,"PreGuard","PreGuard(CW,G4)",,,,,
9222,7,5,Proposed,43,29,5,0,"PreGuard","PreGuard(CCW,G4)",,,,,
9222,7,5,Proposed,43,32,6,1,"Hit","Hit(CW,4,MIDDLE)",,,,,
9222,7,5,Proposed,43,33,6,0,"Hit","Hit(CCW,4,MIDDLE)",,,,,
9222,7,5,Proposed,43,34,6,0,"Hit","Hit(CW,4,STRONG)",,,,,
9222,7,5,Proposed,43,35,6,0,"Hit","Hit(CCW,4,STRONG)",,,,,
9222,7,5,Proposed,43,36,7,1,"Pass","Pass",,,,,
7881,2,15,Proposed,43,0,0,1,"Draw","Draw(CW,TEE)",,,,,
7881,2,15,Proposed,43,1,0,0,"Draw","Draw(CCW,TEE)",,,,,
7881,2,15,Proposed,43,2,0,0,"Draw","Draw(CW,S0)",,,,,
7881,2,15,Proposed,43,3,0,0,"Draw","Draw(CCW,S0)",,,,,
7881,2,15,Proposed,43,4,0,0,"Draw","Draw(CW,S2)",,,,,
7881,2,15,Proposed,43,5,0,0,"Draw","Draw(CCW,S2)",,,,,
7881,2,15,Proposed,43,6,0,0,"Draw","Draw(CW,S4)",,,,,
7881,2,15,Proposed,43,7,0,0,"Draw","Draw(CCW,S4)",,,,,
7881,2,15,Proposed,43,8,0,0,"Draw","Draw(CW,S6)",,,,,
7881,2,15,Proposed,43,9,0,0,"Draw","Draw(CCW,S6)",,,,,
7881,2,15,Proposed,43,10,0,0,"Draw","Draw(CW,L0)",,,,,
7881,2,15,Proposed,43,11,0,0,"Draw","Draw(CCW,L0)",,,,,
7881,2,15,Proposed,43,12,0,0,"Draw","Draw(CW,L1)",,,,,
7881,2,15,Proposed,43,13,0,0,"Draw","Draw(CCW,L1)",,,,,
7881,2,15,Proposed,43,14,0,0,"Draw","Draw(CW,L2)",,,,,
7881,2,15,Proposed,43,15,0,0,"Draw","Draw(CCW,L2)",,,,,
7881,2,15,Proposed,43,16,0,0,"Draw","Draw(CW,L3)",,,,,
7881,2,15,Proposed,43,17,0,0,"Draw","Draw(CCW,L3)",,,,,
7881,2,15,Proposed,43,18,0,0,"Draw","Draw(CW,L4)",,,,,
7881,2,15,Proposed,43,19,0,0,"Draw","Draw(CCW,L4)",,,,,
7881,2,15,Proposed,43,20,0,0,"Draw","Draw(CW,L5)",,,,,
7881,2,15,Proposed,43,21,0,0,"Draw","Draw(CCW,L5)",,,,,
7881,2,15,Proposed,43,22,0,0,"Draw","Draw(CW,L6)",,,,,
7881,2,15,Proposed,43,23,0,0,"Draw","Draw(CCW,L6)",,,,,
7881,2,15,Proposed,43,24,0,0,"Draw","Draw(CW,L7)",,,,,
7881,2,15,Proposed,43,25,0,0,"Draw","Draw(CCW,L7)",,,,,
7881,2,15,Proposed,43,26,0,0,"PreGuard","PreGuard(CW,G3)",,,,,
7881,2,15,Proposed,43,27,0,0,"PreGuard","PreGuard(CCW,G3)",,,,,
7881,2,15,Proposed,43,28,0,0,"PreGuard","PreGuard(CW,G4)",,,,,
7881,2,15,Proposed,43,29,0,0,"PreGuard","PreGuard(CCW,G4)",,,,,
7881,2,15,Proposed,43,30,0,0,"PreGuard","PreGuard(CW,G5)",,,,,
7881,2,15,Proposed,43,31,0,0,"PreGuard","PreGuard(CCW,G5)",,,,,
7881,2,15,Proposed,43,32,0,0,"Hit","Hit(CW,2,TOUCH)",,,,,
7881,2,15,Proposed,43,33,0,0,"Hit","Hit(CCW,2,TOUCH)",,,,,
7881,2,15,Proposed,43,34,0,0,"Hit","Hit(CW,2,WEAK)",,,,,
7881,2,15,Proposed,43,35,0,0,"Hit","Hit(CCW,2,WEAK)",,,,,
7881,2,15,Proposed,43,36,0,0,"Hit","Hit(CW,2,MIDDLE)",,,,,
7881,2,15,Proposed,43,37,0,0,"Hit","Hit(CCW,2,MIDDLE)",,,,,
7881,2,15,Proposed,43,38,0,0,"Hit","Hit(CW,2,STRONG)",,,,,
7881,2,15,Proposed,43,39,0,0,"Hit","Hit(CCW,2,STRONG)",,,,,
7881,2,15,Proposed,43,40,0,0,"Freeze","Freeze(CW,2)",,,,,
7881,2,15,Proposed,43,41,0,0,"Freeze","Freeze(CCW,2)",,,,,
7881,2,15,Proposed,43,42,0,0,"Hit","Hit(CW,4,TOUCH)",,,,,
7881,2,15,Proposed,43,43,0,0,"Hit","Hit(CCW,4,TOUCH)",,,,,
7881,2,15,Proposed,43,44,0,0,"Hit","Hit(CW,4,WEAK)",,,,,
7881,2,15,Proposed,43,45,0,0,"Hit","Hit(CCW,4,WEAK)",,,,,
7881,2,15,Proposed,43,46,0,0,"Hit","Hit(CW,4,MIDDLE)",,,,,
7881,2,15,Proposed,43,47,0,0,"Hit","Hit(CCW,4,MIDDLE)",,,,,
7881,2,15,Proposed,43,48,0,0,"Hit","Hit(CW,4,STRONG)",,,,,
7881,2,15,Proposed,43,49,0,0,"Hit","Hit(CCW,4,STRONG)",,,,,
7881,2,15,Proposed,43,50,0,0,"Freeze","Freeze(CW,4)",,,,,
7881,2,15,Proposed,43,51,0,0,"Freeze","Freeze(CCW,4)",,,,,
7881,2,15,Proposed,43,52,0,0,"Hit","Hit(CW,6,TOUCH)",,,,,
7881,2,15,Proposed,43,53,0,0,"Hit","Hit(CCW,6,TOUCH)",,,,,
7881,2,15,Proposed,43,54,0,0,"Hit","Hit(CW,6,WEAK)",,,,,
7881,2,15,Proposed,43,55,0,0,"Hit","Hit(CCW,6,WEAK)",,,,,
7881,2,15,Proposed,43,56,0,0,"Hit","Hit(CW,6,MIDDLE)",,,,,
7881,2,15,Proposed,43,57,0,0,"Hit","Hit(CCW,6,MIDDLE)",,,,,
7881,2,15,Proposed,43,58,0,0,"Hit","Hit(CW,6,STRONG)",,,,,
7881,2,15,Proposed,43,59,0,0,"Hit","Hit(CCW,6,STRONG)",,,,,
7881,2,15,Proposed,43,60,0,0,"Freeze","Freeze(CW,6)",,,,,
7881,2,15,Proposed,43,61,0,0,"Freeze","Freeze(CCW,6)",,,,,
7881,2,15,Proposed,43,62,0,0,"Hit","Hit(CW,8,TOUCH)",,,,,
7881,2,15,Proposed,43,63,0,0,"Hit","Hit(CCW,8,TOUCH)",,,,,
7881,2,15,Proposed,43,64,0,0,"Hit","Hit(CW,8,WEAK)",,,,,
7881,2,15,Proposed,43,65,0,0,"Hit","Hit(CCW,8,WEAK)",,,,,
7881,2,15,Proposed,43,66,0,0,"Hit","Hit(CW,8,MIDDLE)",,,,,
7881,2,15,Proposed,43,67,0,0,"Hit","Hit(CCW,8,MIDDLE)",,,,,
7881,2,15,Proposed,43,68,0,0,"Hit","Hit(CW,8,STRONG)",,,,,
7881,2,15,Proposed,43,69,0,0,"Hit","Hit(CCW,8,STRONG)",,,,,
7881,2,15,Proposed,43,70,0,0,"Freeze","Freeze(CW,8)",,,,,
7881,2,15,Proposed,43,71,0,0,"Freeze","Freeze(CCW,8)",,,,,
7881,2,15,Proposed,43,72,0,0,"Hit","Hit(CW,10,TOUCH)",,,,,
7881,2,15,Proposed,43,73,0,0,"Hit","Hit(CCW,10,TOUCH)",,,,,
7881,2,15,Proposed,43,74,0,0,"Hit","Hit(CW,10,WEAK)",,,,,
7881,2,15,Proposed,43,75,0,0,"Hit","Hit(CCW,10,WEAK)",,,,,
7881,2,15,Proposed,43,76,0,0,"Hit","Hit(CW,10,MIDDLE)",,,,,
7881,2,15,Proposed,43,77,0,0,"Hit","Hit(CCW,10,MIDDLE)",,,,,
7881,2,15,Proposed,43,78,0,0,"Hit","Hit(CW,10,STRONG)",,,,,
7881,2,15,Proposed,43,79,0,0,"Hit","Hit(CCW,10,STRONG)",,,,,
7881,2,15,Proposed,43,80,0,0,"Freeze","Freeze(CW,10)",,,,,
7881,2,15,Proposed,43,81,0,0,"Freeze","Freeze(CCW,10)",,,,,
7881,2,15,Proposed,43,82,0,0,"Hit","Hit(CW,12,TOUCH)",,,,,
7881,2,15,Proposed,43,83,0,0,"Hit","Hit(CCW,12,TOUCH)",,,,,
7881,2,15,Proposed,43,84,0,0,"Hit","Hit(CW,12,WEAK)",,,,,
7881,2,15,Proposed,43,85,0,0,"Hit","Hit(CCW,12,WEAK)",,,,,
7881,2,15,Proposed,43,86,0,0,"Hit","Hit(CW,12,MIDDLE)",,,,,
7881,2,15,Proposed,43,87,0,0,"Hit","Hit(CCW,12,MIDDLE)",,,,,
7881,2,15,Proposed,43,88,0,0,"Hit","Hit(CW,12,STRONG)",,,,,
7881,2,15,Proposed,43,89,0,0,"Hit","Hit(CCW,12,STRONG)",,,,,
7881,2,15,Proposed,43,90,0,0,"Freeze","Freeze(CW,12)",,,,,
7881,2,15,Proposed,43,91,0,0,"Freeze","Freeze(CCW,12)",,,,,
7881,2,15,Proposed,43,92,0,0,"PostGuard","PostGuard(CW,5,0)",,,,,
7881,2,15,Proposed,43,93,0,0,"PostGuard","PostGuard(CCW,5,0)",,,,,
7881,2,15,Proposed,43,94,0,0,"PostGuard","PostGuard(CW,5,1)",,,,,
7881,2,15,Proposed,43,95,0,0,"PostGuard","PostGuard(CCW,5,1)",,,,,
7881,2,15,Proposed,43,96,0,0,"PostGuard","PostGuard(CW,5,2)",,,,,
7881,2,15,Proposed,43,97,0,0,"PostGuard","PostGuard(CCW,5,2)",,,,,
7881,2,15,Proposed,43,98,0,0,"PostGuard","PostGuard(CW,7,0)",,,,,
7881,2,15,Proposed,43,99,0,0,"PostGuard","PostGuard(CCW,7,0)",,,,,
7881,2,15,Proposed,43,100,0,0,"PostGuard","PostGuard(CW,7,1)",,,,,
7881,2,15,Proposed,43,101,0,0,"PostGuard","PostGuard(CCW,7,1)",,,,,
7881,2,15,Proposed,43,102,0,0,"PostGuard","PostGuard(CW,7,2)",,,,,
7881,2,15,Proposed,43,103,0,0,"PostGuard","PostGuard(CCW,7,2)",,,,,
7881,2,15,Proposed,43,104,1,1,"PostGuard","PostGuard(CW,9,0)",,,,,
7881,2,15,Proposed,43,105,2,1,"PostGuard","PostGuard(CCW,9,0)",,,,,
7881,2,15,Proposed,43,106,3,1,"PostGuard","PostGuard(CW,9,1)",,,,,
7881,2,15,Proposed,43,107,4,1,"PostGuard","PostGuard(CCW,9,1)",,,,,
7881,2,15,Proposed,43,108,5,1,"PostGuard","PostGuard(CW,9,2)",,,,,
7881,2,15,Proposed,43,109,6,1,"PostGuard","PostGuard(CCW,9,2)",,,,,
7881,2,15,Proposed,43,110,7,1,"PostGuard","PostGuard(CW,11,0)",,,,,
7881,2,15,Proposed,43,111,8,1,"PostGuard","PostGuard(CCW,11,0)",,,,,
7881,2,15,Proposed,43,112,9,1,"PostGuard","PostGuard(CW,11,1)",,,,,
7881,2,15,Proposed,43,113,10,1,"PostGuard","PostGuard(CCW,11,1)",,,,,
7881,2,15,Proposed,43,114,11,1,"PostGuard","PostGuard(CW,11,2)",,,,,
7881,2,15,Proposed,43,115,12,1,"PostGuard","PostGuard(CCW,11,2)",,,,,
7881,2,15,Proposed,43,116,13,1,"PostGuard","PostGuard(CW,13,0)",,,,,
7881,2,15,Proposed,43,117,14,1,"PostGuard","PostGuard(CCW,13,0)",,,,,
7881,2,15,Proposed,43,118,15,1,"PostGuard","PostGuard(CW,13,1)",,,,,
7881,2,15,Proposed,43,119,16,1,"PostGuard","PostGuard(CCW,13,1)",,,,,
7881,2,15,Proposed,43,120,17,1,"PostGuard","PostGuard(CW,13,2)",,,,,
7881,2,15,Proposed,43,121,18,1,"PostGuard","PostGuard(CCW,13,2)",,,,,
7881,2,15,Proposed,43,122,19,1,"PostGuard","PostGuard(CW,15,0)",,,,,
7881,2,15,Proposed,43,123,20,1,"PostGuard","PostGuard(CCW,15,0)",,,,,
7881,2,15,Proposed,43,124,21,1,"PostGuard","PostGuard(CW,15,1)",,,,,
7881,2,15,Proposed,43,125,22,1,"PostGuard","PostGuard(CCW,15,1)",,,,,
7881,2,15,Proposed,43,126,23,1,"PostGuard","PostGuard(CW,15,2)",,,,,
7881,2,15,Proposed,43,127,24,1,"PostGuard","PostGuard(CCW,15,2)",,,,,
7881,2,15,Proposed,43,128,25,1,"Pass","Pass",,,,,
6406,1,10,Proposed,43,0,0,1,"Draw","Draw(CW,TEE)",,,,,
6406,1,10,Proposed,43,1,0,0,"Draw","Draw(CCW,TEE)",,,,,
6406,1,10,Proposed,43,11,0,0,"Draw","Draw(CCW,L0)",,,,,
6406,1,10,Proposed,43,32,0,0,"Hit","Hit(CW,7,TOUCH)",,,,,
6406,1,10,Proposed,43,33,0,0,"Hit","Hit(CCW,7,TOUCH)",,,,,
6406,1,10,Proposed,43,2,1,0,"Draw","Draw(CW,S0)",,,,,
6406,1,10,Proposed,43,3,1,0,"Draw","Draw(CCW,S0)",,,,,
6406,1,10,Proposed,43,6,1,0,"Draw","Draw(CW,S4)",,,,,
6406,1,10,Proposed,43,7,1,0,"Draw","Draw(CCW,S4)",,,,,
6406,1,10,Proposed,43,10,1,0,"Draw","Draw(CW,L0)",,,,,
6406,1,10,Proposed,43,42,1,1,"Hit","Hit(CW,9,TOUCH)",,,,,
6406,1,10,Proposed,43,43,1,0,"Hit","Hit(CCW,9,TOUCH)",,,,,
6406,1,10,Proposed,43,4,2,0,"Draw","Draw(CW,S2)",,,,,
6406,1,10,Proposed,43,5,2,0,"Draw","Draw(CCW,S2)",,,,,
6406,1,10,Proposed,43,12,2,0,"Draw","Draw(CW,L1)",,,,,
6406,1,10,Proposed,43,13,2,0,"Draw","Draw(CCW,L1)",,,,,
6406,1,10,Proposed,43,14,2,0,"Draw","Draw(CW,L2)",,,,,
6406,1,10,Proposed,43,15,2,1,"Draw","Draw(CCW,L2)",,,,,
6406,1,10,Proposed,43,16,2,0,"Draw","Draw(CW,L3)",,,,,
6406,1,10,Proposed,43,17,2,0,"Draw","Draw(CCW,L3)",,,,,
6406,1,10,Proposed,43,8,3,0,"Draw","Draw(CW,S6)",,,,,
6406,1,10,Proposed,43,9,3,0,"Draw","Draw(CCW,S6)",,,,,
6406,1,10,Proposed,43,20,3,1,"Draw","Draw(CW,L5)",,,,,
6406,1,10,Proposed,43,21,3,0,"Draw","Draw(CCW,L5)",,,,,
6406,1,10,Proposed,43,22,3,0,"Draw","Draw(CW,L6)",,,,,
6406,1,10,Proposed,43,25,3,0,"Draw","Draw(CCW,L7)",,,,,
6406,1,10,Proposed,43,52,3,0,"PostGuard","PostGuard(CW,8,0)",,,,,
6406,1,10,Proposed,43,53,3,0,"PostGuard","PostGuard(CCW,8,0)",,,,,
6406,1,10,Proposed,43,18,4,0,"Draw","Draw(CW,L4)",,,,,
6406,1,10,Proposed,43,19,4,0,"Draw","Draw(CCW,L4)",,,,,
6406,1,10,Proposed,43,26,4,0,"PreGuard","PreGuard(CW,G3)",,,,,
6406,1,10,Proposed,43,27,4,0,"PreGuard","PreGuard(CCW,G3)",,,,,
6406,1,10,Proposed,43,30,4,1,"PreGuard","PreGuard(CW,G5)",,,,,
6406,1,10,Proposed,43,31,4,0,"PreGuard","PreGuard(CCW,G5)",,,,,
6406,1,10,Proposed,43,54,4,0,"PostGuard","PostGuard(CW,8,1)",,,,,
6406,1,10,Proposed,43,55,4,0,"PostGuard","PostGuard(CCW,8,1)",,,,,
6406,1,10,Proposed,43,23,5,1,"Draw","Draw(CCW,L6)",,,,,
6406,1,10,Proposed,43,24,6,1,"Draw","Draw(CW,L7)",,,,,
6406,1,10,Proposed,43,28,7,0,"PreGuard","PreGuard(CW,G4)",,,,,
6406,1,10,Proposed,43,29,7,1,"PreGuard","PreGuard(CCW,G4)",,,,,
6406,1,10,Proposed,43,56,7,0,"PostGuard","PostGuard(CW,8,2)",,,,,
6406,1,10,Proposed,43,57,7,0,"PostGuard","PostGuard(CCW,8,2)",,,,,
6406,1,10,Proposed,43,34,8,0,"Hit","Hit(CW,7,WEAK)",,,,,
6406,1,10,Proposed,43,35,8,0,"Hit","Hit(CCW,7,WEAK)",,,,,
6406,1,10,Proposed,43,36,8,1,"Hit","Hit(CW,7,MIDDLE)",,,,,
6406,1,10,Proposed,43,37,8,0,"Hit","Hit(CCW,7,MIDDLE)",,,,,
6406,1,10,Proposed,43,38,8,0,"Hit","Hit(CW,7,STRONG)",,,,,
6406,1,10,Proposed,43,39,8,0,"Hit","Hit(CCW,7,STRONG)",,,,,
6406,1,10,Proposed,43,40,9,0,"Freeze","Freeze(CW,7)",,,,,
6406,1,10,Proposed,43,41,9,0,"Freeze","Freeze(CCW,7)",,,,,
6406,1,10,Proposed,43,50,9,1,"Freeze","Freeze(CW,9)",,,,,
6406,1,10,Proposed,43,51,9,0,"Freeze","Freeze(CCW,9)",,,,,
6406,1,10,Proposed,43,44,10,0,"Hit","Hit(CW,9,WEAK)",,,,,
6406,1,10,Proposed,43,45,10,0,"Hit","Hit(CCW,9,WEAK)",,,,,
6406,1,10,Proposed,43,46,10,1,"Hit","Hit(CW,9,MIDDLE)",,,,,
6406,1,10,Proposed,43,47,10,0,"Hit","Hit(CCW,9,MIDDLE)",,,,,
6406,1,10,Proposed,43,48,10,0,"Hit","Hit(CW,9,STRONG)",,,,,
6406,1,10,Proposed,43,49,10,0,"Hit","Hit(CCW,9,STRONG)",,,,,
6406,1,10,Proposed,43,58,11,1,"Pass","Pass",,,,,
8452,5,15,Proposed,43,0,0,1,"Draw","Draw(CW,TEE)",,,,,
8452,5,15,Proposed,43,1,0,0,"Draw","Draw(CCW,TEE)",,,,,
8452,5,15,Proposed,43,2,0,0,"Draw","Draw(CW,S0)",,,,,
8452,5,15,Proposed,43,3,0,0,"Draw","Draw(CCW,S0)",,,,,
8452,5,15,Proposed,43,4,0,0,"Draw","Draw(CW,S2)",,,,,
8452,5,15,Proposed,43,5,0,0,"Draw","Draw(CCW,S2)",,,,,
8452,5,15,Proposed,43,6,0,0,"Draw","Draw(CW,S4)",,,,,
8452,5,15,Proposed,43,7,0,0,"Draw","Draw(CCW,S4)",,,,,
8452,5,15,Proposed,43,8,0,0,"Draw","Draw(CW,S6)",,,,,
8452,5,15,Proposed,43,9,0,0,"Draw","Draw(CCW,S6)",,,,,
8452,5,15,Proposed,43,10,0,0,"Draw","Draw(CW,L0)",,,,,
8452,5,15,Proposed,43,11,0,0,"Draw","Draw(CCW,L0)",,,,,
8452,5,15,Proposed,43,12,0,0,"Draw","Draw(CW,L1)",,,,,
8452,5,15,Proposed,43,13,0,0,"Draw","Draw(CCW,L1)",,,,,
8452,5,15,Proposed,43,14,0,0,"Draw","Draw(CW,L2)",,,,,
8452,5,15,Proposed,43,15,0,0,"Draw","Draw(CCW,L2)",,,,,
8452,5,15,Proposed,43,16,0,0,"Draw","Draw(CW,L3)",,,,,
8452,5,15,Proposed,43,17,0,0,"Draw","Draw(CCW,L3)",,,,,
8452,5,15,Proposed,43,18,0,0,"Draw","Draw(CW,L4)",,,,,
8452,5,15,Proposed,43,19,0,0,"Draw","Draw(CCW,L4)",,,,,
8452,5,15,Proposed,43,20,0,0,"Draw","Draw(CW,L5)",,,,,
8452,5,15,Proposed,43,21,0,0,"Draw","Draw(CCW,L5)",,,,,
8452,5,15,Proposed,43,22,0,0,"Draw","Draw(CW,L6)",,,,,
8452,5,15,Proposed,43,23,0,0,"Draw","Draw(CCW,L6)",,,,,
8452,5,15,Proposed,43,24,0,0,"Draw","Draw(CW,L7)",,,,,
8452,5,15,Proposed,43,25,0,0,"Draw","Draw(CCW,L7)",,,,,
8452,5,15,Proposed,43,26,0,0,"PreGuard","PreGuard(CW,G3)",,,,,
8452,5,15,Proposed,43,27,0,0,"PreGuard","PreGuard(CCW,G3)",,,,,
8452,5,15,Proposed,43,28,0,0,"PreGuard","PreGuard(CW,G4)",,,,,
8452,5,15,Proposed,43,29,0,0,"PreGuard","PreGuard(CCW,G4)",,,,,
8452,5,15,Proposed,43,30,0,0,"PreGuard","PreGuard(CW,G5)",,,,,
8452,5,15,Proposed,43,31,0,0,"PreGuard","PreGuard(CCW,G5)",,,,,
8452,5,15,Proposed,43,32,0,0,"Hit","Hit(CW,0,TOUCH)",,,,,
8452,5,15,Proposed,43,33,0,0,"Hit","Hit(CCW,0,TOUCH)",,,,,
8452,5,15,Proposed,43,34,0,0,"Hit","Hit(CW,0,WEAK)",,,,,
8452,5,15,Proposed,43,35,0,0,"Hit","Hit(CCW,0,WEAK)",,,,,
8452,5,15,Proposed,43,36,0,0,"Hit","Hit(CW,0,MIDDLE)",,,,,
8452,5,15,Proposed,43,37,0,0,"Hit","Hit(CCW,0,MIDDLE)",,,,,
8452,5,15,Proposed,43,38,0,0,"Hit","Hit(CW,0,STRONG)",,,,,
8452,5,15,Proposed,43,39,0,0,"Hit","Hit(CCW,0,STRONG)",,,,,
8452,5,15,Proposed,43,40,0,0,"Freeze","Freeze(CW,0)",,,,,
8452,5,15,Proposed,43,41,0,0,"Freeze","Freeze(CCW,0)",,,,,
8452,5,15,Proposed,43,42,0,0,"Hit","Hit(CW,2,TOUCH)",,,,,
8452,5,15,Proposed,43,43,0,0,"Hit","Hit(CCW,2,TOUCH)",,,,,
8452,5,15,Proposed,43,44,0,0,"Hit","Hit(CW,2,WEAK)",,,,,
8452,5,15,Proposed,43,45,0,0,"Hit","Hit(CCW,2,WEAK)",,,,,
8452,5,15,Proposed,43,46,0,0,"Hit","Hit(CW,2,MIDDLE)",,,,,
8452,5,15,Proposed,43,47,0,0,"Hit","Hit(CCW,2,MIDDLE)",,,,,
8452,5,15,Proposed,43,48,0,0,"Hit","Hit(CW,2,STRONG)",,,,,
8452,5,15,Proposed,43,49,0,0,"Hit","Hit(CCW,2,STRONG)",,,,,
8452,5,15,Proposed,43,50,0,0,"Freeze","Freeze(CW,2)",,,,,
8452,5,15,Proposed,43,51,0,0,"Freeze","Freeze(CCW,2)",,,,,
8452,5,15,Proposed,43,52,0,0,"Hit","Hit(CW,4,TOUCH)",,,,,
8452,5,15,Proposed,43,53,0,0,"Hit","Hit(CCW,4,TOUCH)",,,,,
8452,5,15,Proposed,43,54,0,0,"Hit","Hit(CW,4,WEAK)",,,,,
8452,5,15,Proposed,43,55,0,0,"Hit","Hit(CCW,4,WEAK)",,,,,
8452,5,15,Proposed,43,56,0,0,"Hit","Hit(CW,4,MIDDLE)",,,,,
8452,5,15,Proposed,43,57,0,0,"Hit","Hit(CCW,4,MIDDLE)",,,,,
8452,5,15,Proposed,43,58,0,0,"Hit","Hit(CW,4,STRONG)",,,,,
8452,5,15,Proposed,43,59,0,0,"Hit","Hit(CCW,4,STRONG)",,,,,
8452,5,15,Proposed,43,60,0,0,"Freeze","Freeze(CW,4)",,,,,
8452,5,15,Proposed,43,61,0,0,"Freeze","Freeze(CCW,4)",,,,,
8452,5,15,Proposed,43,62,0,0,"Hit","Hit(CW,6,TOUCH)",,,,,
8452,5,15,Proposed,43,63,0,0,"Hit","Hit(CCW,6,TOUCH)",,,,,
8452,5,15,Proposed,43,64,0,0,"Hit","Hit(CW,6,WEAK)",,,,,
8452,5,15,Proposed,43,65,0,0,"Hit","Hit(CCW,6,WEAK)",,,,,
8452,5,15,Proposed,43,66,0,0,"Hit","Hit(CW,6,MIDDLE)",,,,,
8452,5,15,Proposed,43,67,0,0,"Hit","Hit(CCW,6,MIDDLE)",,,,,
8452,5,15,Proposed,43,68,0,0,"Hit","Hit(CW,6,STRONG)",,,,,
8452,5,15,Proposed,43,69,0,0,"Hit","Hit(CCW,6,STRONG)",,,,,
8452,5,15,Proposed,43,70,0,0,"Freeze","Freeze(CW,6)",,,,,
8452,5,15,Proposed,43,71,0,0,"Freeze","Freeze(CCW,6)",,,,,
8452,5,15,Proposed,43,72,0,0,"Hit","Hit(CW,8,TOUCH)",,,,,
8452,5,15,Proposed,43,73,0,0,"Hit","Hit(CCW,8,TOUCH)",,,,,
8452,5,15,Proposed,43,74,0,0,"Hit","Hit(CW,8,WEAK)",,,,,
8452,5,15,Proposed,43,75,0,0,"Hit","Hit(CCW,8,WEAK)",,,,,
8452,5,15,Proposed,43,76,0,0,"Hit","Hit(CW,8,MIDDLE)",,,,,
8452,5,15,Proposed,43,77,0,0,"Hit","Hit(CCW,8,MIDDLE)",,,,,
8452,5,15,Proposed,43,78,0,0,"Hit","Hit(CW,8,STRONG)",,,,,
8452,5,15,Proposed,43,79,0,0,"Hit","Hit(CCW,8,STRONG)",,,,,
8452,5,15,Proposed,43,80,0,0,"Freeze","Freeze(CW,8)",,,,,
8452,5,15,Proposed,43,81,0,0,"Freeze","Freeze(CCW,8)",,,,,
8452,5,15,Proposed,43,82,0,0,"Hit","Hit(CW,10,TOUCH)",,,,,
8452,5,15,Proposed,43,83,0,0,"Hit","Hit(CCW,10,TOUCH)",,,,,
8452,5,15,Proposed,43,84,0,0,"Hit","Hit(CW,10,WEAK)",,,,,
8452,5,15,Proposed,43,85,0,0,"Hit","Hit(CCW,10,WEAK)",,,,,
8452,5,15,Proposed,43,86,0,0,"Hit","Hit(CW,10,MIDDLE)",,,,,
8452,5,15,Proposed,43,87,0,0,"Hit","Hit(CCW,10,MIDDLE)",,,,,
8452,5,15,Proposed,43,88,0,0,"Hit","Hit(CW,10,STRONG)",,,,,
8452,5,15,Proposed,43,89,0,0,"Hit","Hit(CCW,10,STRONG)",,,,,
8452,5,15,Proposed,43,90,0,0,"Freeze","Freeze(CW,10)",,,,,
8452,5,15,Proposed,43,91,0,0,"Freeze","Freeze(CCW,10)",,,,,
8452,5,15,Proposed,43,92,0,0,"Hit","Hit(CW,12,MIDDLE)",,,,,
8452,5,15,Proposed,43,93,0,0,"Hit","Hit(CCW,12,MIDDLE)",,,,,
8452,5,15,Proposed,43,94,0,0,"Hit","Hit(CW,12,STRONG)",,,,,
8452,5,15,Proposed,43,95,0,0,"Hit","Hit(CCW,12,STRONG)",,,,,
8452,5,15,Proposed,43,96,0,0,"Peel","Peel(CW,12)",,,,,
8452,5,15,Proposed,43,97,0,0,"Peel","Peel(CCW,12)",,,,,
8452,5,15,Proposed,43,98,0,0,"PostGuard","PostGuard(CW,1,0)",,,,,
8452,5,15,Proposed,43,99,0,0,"PostGuard","PostGuard(CCW,1,0)",,,,,
8452,5,15,Proposed,43,100,0,0,"PostGuard","PostGuard(CW,1,1)",,,,,
8452,5,15,Proposed,43,101,0,0,"PostGuard","PostGuard(CCW,1,1)",,,,,
8452,5,15,Proposed,43,102,0,0,"PostGuard","PostGuard(CW,1,2)",,,,,
8452,5,15,Proposed,43,103,0,0,"PostGuard","PostGuard(CCW,1,2)",,,,,
8452,5,15,Proposed,43,104,0,0,"PostGuard","PostGuard(CW,3,0)",,,,,
8452,5,15,Proposed,43,105,0,0,"PostGuard","PostGuard(CCW,3,0)",,,,,
8452,5,15,Proposed,43,106,0,0,"PostGuard","PostGuard(CW,3,1)",,,,,
8452,5,15,Proposed,43,107,0,0,"PostGuard","PostGuard(CCW,3,1)",,,,,
8452,5,15,Proposed,43,108,0,0,"PostGuard","PostGuard(CW,3,2)",,,,,
8452,5,15,Proposed,43,109,0,0,"PostGuard","PostGuard(CCW,3,2)",,,,,
8452,5,15,Proposed,43,110,0,0,"PostGuard","PostGuard(CW,5,0)",,,,,
8452,5,15,Proposed,43,111,0,0,"PostGuard","PostGuard(CCW,5,0)",,,,,
8452,5,15,Proposed,43,112,0,0,"PostGuard","PostGuard(CW,5,1)",,,,,
8452,5,15,Proposed,43,113,0,0,"PostGuard","PostGuard(CCW,5,1)",,,,,
8452,5,15,Proposed,43,114,0,0,"PostGuard","PostGuard(CW,5,2)",,,,,
8452,5,15,Proposed,43,115,0,0,"PostGuard","PostGuard(CCW,5,2)",,,,,
8452,5,15,Proposed,43,116,0,0,"PostGuard","PostGuard(CW,7,0)",,,,,
8452,5,15,Proposed,43,117,0,0,"PostGuard","PostGuard(CCW,7,0)",,,,,
8452,5,15,Proposed,43,118,0,0,"PostGuard","PostGuard(CW,7,1)",,,,,
8452,5,15,Proposed,43,119,0,0,"PostGuard","PostGuard(CCW,7,1)",,,,,
8452,5,15,Proposed,43,120,0,0,"PostGuard","PostGuard(CW,7,2)",,,,,
8452,5,15,Proposed,43,121,0,0,"PostGuard","PostGuard(CCW,7,2)",,,,,
8452,5,15,Proposed,43,122,0,0,"PostGuard","PostGuard(CW,9,0)",,,,,
8452,5,15,Proposed,43,123,1,1,"PostGuard","PostGuard(CCW,9,0)",,,,,
8452,5,15,Proposed,43,124,2,1,"PostGuard","PostGuard(CW,9,1)",,,,,
8452,5,15,Proposed,43,125,3,1,"PostGuard","PostGuard(CCW,9,1)",,,,,
8452,5,15,Proposed,43,126,4,1,"PostGuard","PostGuard(CW,9,2)",,,,,
8452,5,15,Proposed,43,127,5,1,"PostGuard","PostGuard(CCW,9,2)",,,,,
8452,5,15,Proposed,43,128,6,1,"PostGuard","PostGuard(CW,11,0)",,,,,
8452,5,15,Proposed,43,129,7,1,"PostGuard","PostGuard(CCW,11,0)",,,,,
8452,5,15,Proposed,43,130,8,1,"PostGuard","PostGuard(CW,11,1)",,,,,
8452,5,15,Proposed,43,131,9,1,"PostGuard","PostGuard(CCW,11,1)",,,,,
8452,5,15,Proposed,43,132,10,1,"PostGuard","PostGuard(CW,11,2)",,,,,
8452,5,15,Proposed,43,133,11,1,"PostGuard","PostGuard(CCW,11,2)",,,,,
8452,5,15,Proposed,43,134,12,1,"PostGuard","PostGuard(CW,13,0)",,,,,
8452,5,15,Proposed,43,135,13,1,"PostGuard","PostGuard(CCW,13,0)",,,,,
8452,5,15,Proposed,43,136,14,1,"PostGuard","PostGuard(CW,13,1)",,,,,
8452,5,15,Proposed,43,137,15,1,"PostGuard","PostGuard(CCW,13,1)",,,,,
8452,5,15,Proposed,43,138,16,1,"PostGuard","PostGuard(CW,13,2)",,,,,
8452,5,15,Proposed,43,139,17,1,"PostGuard","PostGuard(CCW,13,2)",,,,,
8452,5,15,Proposed,43,140,18,1,"PostGuard","PostGuard(CW,15,0)",,,,,
8452,5,15,Proposed,43,141,19,1,"PostGuard","PostGuard(CCW,15,0)",,,,,
8452,5,15,Proposed,43,142,20,1,"PostGuard","PostGuard(CW,15,1)",,,,,
8452,5,15,Proposed,43,143,21,1,"PostGuard","PostGuard(CCW,15,1)",,,,,
8452,5,15,Proposed,43,144,22,1,"PostGuard","PostGuard(CW,15,2)",,,,,
8452,5,15,Proposed,43,145,23,1,"PostGuard","PostGuard(CCW,15,2)",,,,,
8452,5,15,Proposed,43,146,24,1,"ComeAround","ComeAround(CW,12,0)",,,,,
8452,5,15,Proposed,43,147,25,1,"ComeAround","ComeAround(CCW,12,0)",,,,,
8452,5,15,Proposed,43,148,26,1,"ComeAround","ComeAround(CW,12,1)",,,,,
8452,5,15,Proposed,43,149,27,1,"ComeAround","ComeAround(CCW,12,1)",,,,,
8452,5,15,Proposed,43,150,28,1,"ComeAround","ComeAround(CW,12,2)",,,,,
8452,5,15,Proposed,43,151,29,1,"ComeAround","ComeAround(CCW,12,2)",,,,,
8452,5,15,Proposed,43,152,30,1,"Pass","Pass",,,,,
1028,6,15,Proposed,43,0,0,1,"Draw","Draw(CW,TEE)",,,,,
1028,6,15,Proposed,43,1,0,0,"Draw","Draw(CCW,TEE)",,,,,
1028,6,15,Proposed,43,2,0,0,"Draw","Draw(CW,S0)",,,,,
1028,6,15,Proposed,43,3,0,0,"Draw","Draw(CCW,S0)",,,,,
1028,6,15,Proposed,43,4,0,0,"Draw","Draw(CW,S2)",,,,,
1028,6,15,Proposed,43,5,0,0,"Draw","Draw(CCW,S2)",,,,,
1028,6,15,Proposed,43,6,0,0,"Draw","Draw(CW,S4)",,,,,
1028,6,15,Proposed,43,7,0,0,"Draw","Draw(CCW,S4)",,,,,
1028,6,15,Proposed,43,8,0,0,"Draw","Draw(CW,S6)",,,,,
1028,6,15,Proposed,43,9,0,0,"Draw","Draw(CCW,S6)",,,,,
1028,6,15,Proposed,43,10,0,0,"Draw","Draw(CW,L0)",,,,,
1028,6,15,Proposed,43,11,0,0,"Draw","Draw(CCW,L0)",,,,,
1028,6,15,Proposed,43,12,0,0,"Draw","Draw(CW,L1)",,,,,
1028,6,15,Proposed,43,13,0,0,"Draw","Draw(CCW,L1)",,,,,
1028,6,15,Proposed,43,14,0,0,"Draw","Draw(CW,L2)",,,,,
1028,6,15,Proposed,43,15,0,0,"Draw","Draw(CCW,L2)",,,,,
1028,6,15,Proposed,43,16,0,0,"Draw","Draw(CW,L3)",,,,,
1028,6,15,Proposed,43,17,0,0,"Draw","Draw(CCW,L3)",,,,,
1028,6,15,Proposed,43,18,0,0,"Draw","Draw(CW,L4)",,,,,
1028,6,15,Proposed,43,19,0,0,"Draw","Draw(CCW,L4)",,,,,
1028,6,15,Proposed,43,20,0,0,"Draw","Draw(CW,L5)",,,,,
1028,6,15,Proposed,43,21,0,0,"Draw","Draw(CCW,L5)",,,,,
1028,6,15,Proposed,43,22,0,0,"Draw","Draw(CW,L6)",,,,,
1028,6,15,Proposed,43,23,0,0,"Draw","Draw(CCW,L6)",,,,,
1028,6,15,Proposed,43,24,0,0,"Draw","Draw(CW,L7)",,,,,
1028,6,15,Proposed,43,25,0,0,"Draw","Draw(CCW,L7)",,,,,
1028,6,15,Proposed,43,26,0,0,"PreGuard","PreGuard(CW,G3)",,,,,
1028,6,15,Proposed,43,27,0,0,"PreGuard","PreGuard(CCW,G3)",,,,,
1028,6,15,Proposed,43,28,0,0,"PreGuard","PreGuard(CW,G4)",,,,,
1028,6,15,Proposed,43,29,0,0,"PreGuard","PreGuard(CCW,G4)",,,,,
1028,6,15,Proposed,43,30,0,0,"PreGuard","PreGuard(CW,G5)",,,,,
1028,6,15,Proposed,43,31,0,0,"PreGuard","PreGuard(CCW,G5)",,,,,
1028,6,15,Proposed,43,32,0,0,"Hit","Hit(CW,0,TOUCH)",,,,,
1028,6,15,Proposed,43,33,0,0,"Hit","Hit(CCW,0,TOUCH)",,,,,
1028,6,15,Proposed,43,34,0,0,"Hit","Hit(CW,0,WEAK)",,,,,
1028,6,15,Proposed,43,35,0,0,"Hit","Hit(CCW,0,WEAK)",,,,,
1028,6,15,Proposed,43,36,0,0,"Hit","Hit(CW,0,MIDDLE)",,,,,
1028,6,15,Proposed,43,37,0,0,"Hit","Hit(CCW,0,MIDDLE)",,,,,
1028,6,15,Proposed,43,38,0,0,"Hit","Hit(CW,0,STRONG)",,,,,
1028,6,15,Proposed,43,39,0,0,"Hit","Hit(CCW,0,STRONG)",,,,,
1028,6,15,Proposed,43,40,0,0,"Freeze","Freeze(CW,0)",,,,,
1028,6,15,Proposed,43,41,0,0,"Freeze","Freeze(CCW,0)",,,,,
1028,6,15,Proposed,43,42,0,0,"Hit","Hit(CW,2,TOUCH)",,,,,
1028,6,15,Proposed,43,43,0,0,"Hit","Hit(CCW,2,TOUCH)",,,,,
1028,6,15,Proposed,43,44,0,0,"Hit","Hit(CW,2,WEAK)",,,,,
1028,6,15,Proposed,43,45,0,0,"Hit","Hit(CCW,2,WEAK)",,,,,
1028,6,15,Proposed,43,46,0,0,"Hit","Hit(CW,2,MIDDLE)",,,,,
1028,6,15,Proposed,43,47,0,0,"Hit","Hit(CCW,2,MIDDLE)",,,,,
1028,6,15,Proposed,43,48,0,0,"Hit","Hit(CW,2,STRONG)",,,,,
1028,6,15,Proposed,43,49,0,0,"Hit","Hit(CCW,2,STRONG)",,,,,
1028,6,15,Proposed,43,50,0,0,"Freeze","Freeze(CW,2)",,,,,
1028,6,15,Proposed,43,51,0,0,"Freeze","Freeze(CCW,2)",,,,,
1028,6,15,Proposed,43,52,0,0,"Hit","Hit(CW,4,TOUCH)",,,,,
1028,6,15,Proposed,43,53,0,0,"Hit","Hit(CCW,4,TOUCH)",,,,,
1028,6,15,Proposed,43,54,0,0,"Hit","Hit(CW,4,WEAK)",,,,,
1028,6,15,Proposed,43,55,0,0,"Hit","Hit(CCW,4,WEAK)",,,,,
1028,6,15,Proposed,43,56,0,0,"Hit","Hit(CW,4,MIDDLE)",,,,,
1028,6,15,Proposed,43,57,0,0,"Hit","Hit(CCW,4,MIDDLE)",,,,,
1028,6,15,Proposed,43,58,0,0,"Hit","Hit(CW,4,STRONG)",,,,,
1028,6,15,Proposed,43,59,0,0,"Hit","Hit(CCW,4,STRONG)",,,,,
1028,6,15,Proposed,43,60,0,0,"Freeze","Freeze(CW,4)",,,,,
1028,6,15,Proposed,43,61,0,0,"Freeze","Freeze(CCW,4)",,,,,
1028,6,15,Proposed,43,62,0,0,"Hit","Hit(CW,6,TOUCH)",,,,,
1028,6,15,Proposed,43,63,0,0,"Hit","Hit(CCW,6,TOUCH)",,,,,
1028,6,15,Proposed,43,64,0,0,"Hit","Hit(CW,6,WEAK)",,,,,
1028,6,15,Proposed,43,65,0,0,"Hit","Hit(CCW,6,WEAK)",,,,,
1028,6,15,Proposed,43,66,0,0,"Hit","Hit(CW,6,MIDDLE)",,,,,
1028,6,15,Proposed,43,67,0,0,"Hit","Hit(CCW,6,MIDDLE)",,,,,
1028,6,15,Proposed,43,68,0,0,"Hit","Hit(CW,6,STRONG)",,,,,
1028,6,15,Proposed,43,69,0,0,"Hit","Hit(CCW,6,STRONG)",,,,,
1028,6,15,Proposed,43,70,0,0,"Freeze","Freeze(CW,6)",,,,,
1028,6,15,Proposed,43,71,0,0,"Freeze","Freeze(CCW,6)",,,,,
1028,6,15,Proposed,43,72,0,0,"Hit","Hit(CW,8,TOUCH)",,,,,
1028,6,15,Proposed,43,73,0,0,"Hit","Hit(CCW,8,TOUCH)",,,,,
1028,6,15,Proposed,43,74,0,0,"Hit","Hit(CW,8,WEAK)",,,,,
1028,6,15,Proposed,43,75,0,0,"Hit","Hit(CCW,8,WEAK)",,,,,
1028,6,15,Proposed,43,76,0,0,"Hit","Hit(CW,8,MIDDLE)",,,,,
1028,6,15,Proposed,43,77,0,0,"Hit","Hit(CCW,8,MIDDLE)",,,,,
1028,6,15,Proposed,43,78,0,0,"Hit","Hit(CW,8,STRONG)",,,,,
1028,6,15,Proposed,43,79,0,0,"Hit","Hit(CCW,8,STRONG)",,,,,
1028,6,15,Proposed,43,80,0,0,"Freeze","Freeze(CW,8)",,,,,
1028,6,15,Proposed,43,81,0,0,"Freeze","Freeze(CCW,8)",,,,,
1028,6,15,Proposed,43,82,0,0,"Hit","Hit(CW,10,TOUCH)",,,,,
1028,6,15,Proposed,43,83,0,0,"Hit","Hit(CCW,10,TOUCH)",,,,,
1028,6,15,Proposed,43,84,0,0,"Hit","Hit(CW,10,WEAK)",,,,,
1028,6,15,Proposed,43,85,0,0,"Hit","Hit(CCW,10,WEAK)",,,,,
1028,6,15,Proposed,43,86,0,0,"Hit","Hit(CW,10,MIDDLE)",,,,,
1028,6,15,Proposed,43,87,0,0,"Hit","Hit(CCW,10,MIDDLE)",,,,,
1028,6,15,Proposed,43,88,0,0,"Hit","Hit(CW,10,STRONG)",,,,,
1028,6,15,Proposed,43,89,0,0,"Hit","Hit(CCW,10,STRONG)",,,,,
1028,6,15,Proposed,43,90,0,0,"Freeze","Freeze(CW,10)",,,,,
1028,6,15,Proposed,43,91,0,0,"Freeze","Freeze(CCW,10)",,,,,
1028,6,15,Proposed,43,92,0,0,"Hit","Hit(CW,12,TOUCH)",,,,,
1028,6,15,Proposed,43,93,0,0,"Hit","Hit(CCW,12,TOUCH)",,,,,
1028,6,15,Proposed,43,94,0,0,"Hit","Hit(CW,12,WEAK)",,,,,
1028,6,15,Proposed,43,95,0,0,"Hit","Hit(CCW,12,WEAK)",,,,,
1028,6,15,Proposed,43,96,0,0,"Hit","Hit(CW,12,MIDDLE)",,,,,
1028,6,15,Proposed,43,97,0,0,"Hit","Hit(CCW,12,MIDDLE)",,,,,
1028,6,15,Proposed,43,98,0,0,"Hit","Hit(CW,12,STRONG)",,,,,
1028,6,15,Proposed,43,99,0,0,"Hit","Hit(CCW,12,STRONG)",,,,,
1028,6,15,Proposed,43,100,0,0,"Freeze","Freeze(CW,12)",,,,,
1028,6,15,Proposed,43,101,0,0,"Freeze","Freeze(CCW,12)",,,,,
1028,6,15,Proposed,43,102,0,0,"PostGuard","PostGuard(CW,1,0)",,,,,
1028,6,15,Proposed,43,103,0,0,"PostGuard","PostGuard(CCW,1,0)",,,,,
1028,6,15,Proposed,43,104,0,0,"PostGuard","PostGuard(CW,1,1)",,,,,
1028,6,15,Proposed,43,105,0,0,"PostGuard","PostGuard(CCW,1,1)",,,,,
1028,6,15,Proposed,43,106,0,0,"PostGuard","PostGuard(CW,1,2)",,,,,
1028,6,15,Proposed,43,107,0,0,"PostGuard","PostGuard(CCW,1,2)",,,,,
1028,6,15,Proposed,43,108,0,0,"PostGuard","PostGuard(CW,3,0)",,,,,
1028,6,15,Proposed,43,109,0,0,"PostGuard","PostGuard(CCW,3,0)",,,,,
1028,6,15,Proposed,43,110,0,0,"PostGuard","PostGuard(CW,3,1)",,,,,
1028,6,15,Proposed,43,111,0,0,"PostGuard","PostGuard(CCW,3,1)",,,,,
1028,6,15,Proposed,43,112,0,0,"PostGuard","PostGuard(CW,3,2)",,,,,
1028,6,15,Proposed,43,113,0,0,"PostGuard","PostGuard(CCW,3,2)",,,,,
1028,6,15,Proposed,43,114,0,0,"PostGuard","PostGuard(CW,5,0)",,,,,
1028,6,15,Proposed,43,115,0,0,"PostGuard","PostGuard(CCW,5,0)",,,,,
1028,6,15,Proposed,43,116,0,0,"PostGuard","PostGuard(CW,5,1)",,,,,
1028,6,15,Proposed,43,117,0,0,"PostGuard","PostGuard(CCW,5,1)",,,,,
1028,6,15,Proposed,43,118,0,0,"PostGuard","PostGuard(CW,5,2)",,,,,
1028,6,15,Proposed,43,119,0,0,"PostGuard","PostGuard(CCW,5,2)",,,,,
1028,6,15,Proposed,43,120,0,0,"PostGuard","PostGuard(CW,7,0)",,,,,
1028,6,15,Proposed,43,121,1,1,"PostGuard","PostGuard(CCW,7,0)",,,,,
1028,6,15,Proposed,43,122,2,1,"PostGuard","PostGuard(CW,7,1)",,,,,
1028,6,15,Proposed,43,123,3,1,"PostGuard","PostGuard(CCW,7,1)",,,,,
1028,6,15,Proposed,43,124,4,1,"PostGuard","PostGuard(CW,7,2)",,,,,
1028,6,15,Proposed,43,125,5,1,"PostGuard","PostGuard(CCW,7,2)",,,,,
1028,6,15,Proposed,43,126,6,1,"PostGuard","PostGuard(CW,9,0)",,,,,
1028,6,15,Proposed,43,127,7,1,"PostGuard","PostGuard(CCW,9,0)",,,,,
1028,6,15,Proposed,43,128,8,1,"PostGuard","PostGuard(CW,9,1)",,,,,
1028,6,15,Proposed,43,129,9,1,"PostGuard","PostGuard(CCW,9,1)",,,,,
1028,6,15,Proposed,43,130,10,1,"PostGuard","PostGuard(CW,9,2)",,,,,
1028,6,15,Proposed,43,131,11,1,"PostGuard","PostGuard(CCW,9,2)",,,,,
1028,6,15,Proposed,43,132,12,1,"PostGuard","PostGuard(CW,11,0)",,,,,
1028,6,15,Proposed,43,133,13,1,"PostGuard","PostGuard(CCW,11,0)",,,,,
1028,6,15,Proposed,43,134,14,1,"PostGuard","PostGuard(CW,11,1)",,,,,
1028,6,15,Proposed,43,135,15,1,"PostGuard","PostGuard(CCW,11,1)",,,,,
1028,6,15,Proposed,43,136,16,1,"PostGuard","PostGuard(CW,11,2)",,,,,
1028,6,15,Proposed,43,137,17,1,"PostGuard","PostGuard(CCW,11,2)",,,,,
1028,6,15,Proposed,43,138,18,1,"PostGuard","PostGuard(CW,13,0)",,,,,
1028,6,15,Proposed,43,139,19,1,"PostGuard","PostGuard(CCW,13,0)",,,,,
1028,6,15,Proposed,43,140,20,1,"PostGuard","PostGuard(CW,13,1)",,,,,
1028,6,15,Proposed,43,141,21,1,"PostGuard","PostGuard(CCW,13,1)",,,,,
1028,6,15,Proposed,43,142,22,1,"PostGuard","PostGuard(CW,13,2)",,,,,
1028,6,15,Proposed,43,143,23,1,"PostGuard","PostGuard(CCW,13,2)",,,,,
1028,6,15,Proposed,43,144,24,1,"PostGuard","PostGuard(CW,15,0)",,,,,
1028,6,15,Proposed,43,145,25,1,"PostGuard","PostGuard(CCW,15,0)",,,,,
1028,6,15,Proposed,43,146,26,1,"PostGuard","PostGuard(CW,15,1)",,,,,
1028,6,15,Proposed,43,147,27,1,"PostGuard","PostGuard(CCW,15,1)",,,,,
1028,6,15,Proposed,43,148,28,1,"PostGuard","PostGuard(CW,15,2)",,,,,
1028,6,15,Proposed,43,149,29,1,"PostGuard","PostGuard(CCW,15,2)",,,,,
1028,6,15,Proposed,43,150,30,1,"Pass","Pass",,,,,
2596,1,14,Proposed,43,0,0,0,"Draw","Draw(CW,TEE)",,,,,
2596,1,14,Proposed,43,2,0,0,"Draw","Draw(CW,S0)",,,,,
2596,1,14,Proposed,43,6,0,0,"Draw","Draw(CW,S4)",,,,,
2596,1,14,Proposed,43,32,0,0,"Hit","Hit(CW,1,TOUCH)",,,,,
2596,1,14,Proposed,43,40,0,0,"Freeze","Freeze(CW,1)",,,,,
2596,1,14,Proposed,43,43,0,0,"Hit","Hit(CCW,3,TOUCH)",,,,,
2596,1,14,Proposed,43,51,0,0,"Freeze","Freeze(CCW,3)",,,,,
2596,1,14,Proposed,43,102,0,1,"PostGuard","PostGuard(CW,0,0)",,,,,
2596,1,14,Proposed,43,110,0,0,"PostGuard","PostGuard(CW,2,1)",,,,,
2596,1,14,Proposed,43,114,0,0,"PostGuard","PostGuard(CW,4,0)",,,,,
2596,1,14,Proposed,43,120,0,0,"PostGuard","PostGuard(CW,6,0)",,,,,
2596,1,14,Proposed,43,121,0,0,"PostGuard","PostGuard(CCW,6,0)",,,,,
2596,1,14,Proposed,43,1,1,0,"Draw","Draw(CCW,TEE)",,,,,
2596,1,14,Proposed,43,3,1,0,"Draw","Draw(CCW,S0)",,,,,
2596,1,14,Proposed,43,4,1,0,"Draw","Draw(CW,S2)",,,,,
2596,1,14,Proposed,43,7,1,0,"Draw","Draw(CCW,S4)",,,,,
2596,1,14,Proposed,43,11,1,0,"Draw","Draw(CCW,L0)",,,,,
2596,1,14,Proposed,43,33,1,0,"Hit","Hit(CCW,1,TOUCH)",,,,,
2596,1,14,Proposed,43,41,1,0,"Freeze","Freeze(CCW,1)",,,,,
2596,1,14,Proposed,43,73,1,0,"Hit","Hit(CCW,9,TOUCH)",,,,,
2596,1,14,Proposed,43,81,1,0,"Freeze","Freeze(CCW,9)",,,,,
2596,1,14,Proposed,43,82,1,0,"Hit","Hit(CW,11,TOUCH)",,,,,
2596,1,14,Proposed,43,90,1,1,"Freeze","Freeze(CW,11)",,,,,
2596,1,14,Proposed,43,93,1,0,"Hit","Hit(CCW,13,TOUCH)",,,,,
2596,1,14,Proposed,43,101,1,0,"Freeze","Freeze(CCW,13)",,,,,
2596,1,14,Proposed,43,109,1,0,"PostGuard","PostGuard(CCW,2,0)",,,,,
2596,1,14,Proposed,43,111,1,0,"PostGuard","PostGuard(CCW,2,1)",,,,,
2596,1,14,Proposed,43,5,2,0,"Draw","Draw(CCW,S2)",,,,,
2596,1,14,Proposed,43,8,2,0,"Draw","Draw(CW,S6)",,,,,
2596,1,14,Proposed,43,9,2,0,"Draw","Draw(CCW,S6)",,,,,
2596,1,14,Proposed,43,10,2,0,"Draw","Draw(CW,L0)",,,,,
2596,1,14,Proposed,43,13,2,0,"Draw","Draw(CCW,L1)",,,,,
2596,1,14,Proposed,43,25,2,0,"Draw","Draw(CCW,L7)",,,,,
2596,1,14,Proposed,43,42,2,0,"Hit","Hit(CW,3,TOUCH)",,,,,
2596,1,14,Proposed,43,50,2,0,"Freeze","Freeze(CW,3)",,,,,
2596,1,14,Proposed,43,52,2,0,"Hit","Hit(CW,5,TOUCH)",,,,,
2596,1,14,Proposed,43,53,2,0,"Hit","Hit(CCW,5,TOUCH)",,,,,
2596,1,14,Proposed,43,60,2,0,"Freeze","Freeze(CW,5)",,,,,
2596,1,14,Proposed,43,61,2,1,"Freeze","Freeze(CCW,5)",,,,,
2596,1,14,Proposed,43,62,2,0,"Hit","Hit(CW,7,TOUCH)",,,,,
2596,1,14,Proposed,43,63,2,0,"Hit","Hit(CCW,7,TOUCH)",,,,,
2596,1,14,Proposed,43,72,2,0,"Hit","Hit(CW,9,TOUCH)",,,,,
2596,1,14,Proposed,43,80,2,0,"Freeze","Freeze(CW,9)",,,,,
2596,1,14,Proposed,43,83,2,0,"Hit","Hit(CCW,11,TOUCH)",,,,,
2596,1,14,Proposed,43,92,2,0,"Hit","Hit(CW,13,TOUCH)",,,,,
2596,1,14,Proposed,43,100,2,0,"Freeze","Freeze(CW,13)",,,,,
2596,1,14,Proposed,43,103,2,0,"PostGuard","PostGuard(CCW,0,0)",,,,,
2596,1,14,Proposed,43,104,2,0,"PostGuard","PostGuard(CW,0,1)",,,,,
2596,1,14,Proposed,43,105,2,0,"PostGuard","PostGuard(CCW,0,1)",,,,,
2596,1,14,Proposed,43,115,2,0,"PostGuard","PostGuard(CCW,4,0)",,,,,
2596,1,14,Proposed,43,12,3,1,"Draw","Draw(CW,L1)",,,,,
2596,1,14,Proposed,43,14,4,0,"Draw","Draw(CW,L2)",,,,,
2596,1,14,Proposed,43,15,4,0,"Draw","Draw(CCW,L2)",,,,,
2596,1,14,Proposed,43,16,4,0,"Draw","Draw(CW,L3)",,,,,
2596,1,14,Proposed,43,17,4,0,"Draw","Draw(CCW,L3)",,,,,
2596,1,14,Proposed,43,20,4,0,"Draw","Draw(CW,L5)",,,,,
2596,1,14,Proposed,43,21,4,0,"Draw","Draw(CCW,L5)",,,,,
2596,1,14,Proposed,43,22,4,0,"Draw","Draw(CW,L6)",,,,,
2596,1,14,Proposed,43,23,4,0,"Draw","Draw(CCW,L6)",,,,,
2596,1,14,Proposed,43,24,4,0,"Draw","Draw(CW,L7)",,,,,
2596,1,14,Proposed,43,70,4,0,"Freeze","Freeze(CW,7)",,,,,
2596,1,14,Proposed,43,71,4,0,"Freeze","Freeze(CCW,7)",,,,,
2596,1,14,Proposed,43,91,4,0,"Freeze","Freeze(CCW,11)",,,,,
2596,1,14,Proposed,43,108,4,1,"PostGuard","PostGuard(CW,2,0)",,,,,
2596,1,14,Proposed,43,126,4,0,"PostGuard","PostGuard(CW,8,0)",,,,,
2596,1,14,Proposed,43,127,4,0,"PostGuard","PostGuard(CCW,8,0)",,,,,
2596,1,14,Proposed,43,18,5,0,"Draw","Draw(CW,L4)",,,,,
2596,1,14,Proposed,43,19,5,0,"Draw","Draw(CCW,L4)",,,,,
2596,1,14,Proposed,43,26,5,0,"PreGuard","PreGuard(CW,G3)",,,,,
2596,1,14,Proposed,43,27,5,0,"PreGuard","PreGuard(CCW,G3)",,,,,
2596,1,14,Proposed,43,28,5,0,"PreGuard","PreGuard(CW,G4)",,,,,
2596,1,14,Proposed,43,29,5,1,"PreGuard","PreGuard(CCW,G4)",,,,,
2596,1,14,Proposed,43,30,5,0,"PreGuard","PreGuard(CW,G5)",,,,,
2596,1,14,Proposed,43,31,5,0,"PreGuard","PreGuard(CCW,G5)",,,,,
2596,1,14,Proposed,43,106,5,0,"PostGuard","PostGuard(CW,0,2)",,,,,
2596,1,14,Proposed,43,107,5,0,"PostGuard","PostGuard(CCW,0,2)",,,,,
2596,1,14,Proposed,43,112,5,0,"PostGuard","PostGuard(CW,2,2)",,,,,
2596,1,14,Proposed,43,113,5,0,"PostGuard","PostGuard(CCW,2,2)",,,,,
2596,1,14,Proposed,43,116,5,0,"PostGuard","PostGuard(CW,4,1)",,,,,
2596,1,14,Proposed,43,117,5,0,"PostGuard","PostGuard(CCW,4,1)",,,,,
2596,1,14,Proposed,43,118,5,0,"PostGuard","PostGuard(CW,4,2)",,,,,
2596,1,14,Proposed,43,119,5,0,"PostGuard","PostGuard(CCW,4,2)",,,,,
2596,1,14,Proposed,43,122,5,0,"PostGuard","PostGuard(CW,6,1)",,,,,
2596,1,14,Proposed,43,123,5,0,"PostGuard","PostGuard(CCW,6,1)",,,,,
2596,1,14,Proposed,43,124,5,0,"PostGuard","PostGuard(CW,6,2)",,,,,
2596,1,14,Proposed,43,125,5,0,"PostGuard","PostGuard(CCW,6,2)",,,,,
2596,1,14,Proposed,43,128,5,0,"PostGuard","PostGuard(CW,8,1)",,,,,
2596,1,14,Proposed,43,129,5,0,"PostGuard","PostGuard(CCW,8,1)",,,,,
2596,1,14,Proposed,43,130,5,0,"PostGuard","PostGuard(CW,8,2)",,,,,
2596,1,14,Proposed,43,131,5,0,"PostGuard","PostGuard(CCW,8,2)",,,,,
2596,1,14,Proposed,43,132,5,0,"PostGuard","PostGuard(CW,10,0)",,,,,
2596,1,14,Proposed,43,133,5,0,"PostGuard","PostGuard(CCW,10,0)",,,,,
2596,1,14,Proposed,43,134,5,0,"PostGuard","PostGuard(CW,10,1)",,,,,
2596,1,14,Proposed,43,135,5,0,"PostGuard","PostGuard(CCW,10,1)",,,,,
2596,1,14,Proposed,43,136,5,0,"PostGuard","PostGuard(CW,10,2)",,,,,
2596,1,14,Proposed,43,137,5,0,"PostGuard","PostGuard(CCW,10,2)",,,,,
2596,1,14,Proposed,43,138,5,0,"PostGuard","PostGuard(CW,12,0)",,,,,
2596,1,14,Proposed,43,139,5,0,"PostGuard","PostGuard(CCW,12,0)",,,,,
2596,1,14,Proposed,43,140,5,0,"PostGuard","PostGuard(CW,12,1)",,,,,
2596,1,14,Proposed,43,141,5,0,"PostGuard","PostGuard(CCW,12,1)",,,,,
2596,1,14,Proposed,43,142,5,0,"PostGuard","PostGuard(CW,12,2)",,,,,
2596,1,14,Proposed,43,143,5,0,"PostGuard","PostGuard(CCW,12,2)",,,,,
2596,1,14,Proposed,43,34,6,1,"Hit","Hit(CW,1,WEAK)",,,,,
2596,1,14,Proposed,43,35,7,0,"Hit","Hit(CCW,1,WEAK)",,,,,
2596,1,14,Proposed,43,75,7,0,"Hit","Hit(CCW,9,WEAK)",,,,,
2596,1,14,Proposed,43,95,7,1,"Hit","Hit(CCW,13,WEAK)",,,,,
2596,1,14,Proposed,43,36,8,1,"Hit","Hit(CW,1,MIDDLE)",,,,,
2596,1,14,Proposed,43,38,8,0,"Hit","Hit(CW,1,STRONG)",,,,,
2596,1,14,Proposed,43,37,9,1,"Hit","Hit(CCW,1,MIDDLE)",,,,,
2596,1,14,Proposed,43,39,9,0,"Hit","Hit(CCW,1,STRONG)",,,,,
2596,1,14,Proposed,43,44,10,1,"Hit","Hit(CW,3,WEAK)",,,,,
2596,1,14,Proposed,43,45,11,1,"Hit","Hit(CCW,3,WEAK)",,,,,
2596,1,14,Proposed,43,46,12,1,"Hit","Hit(CW,3,MIDDLE)",,,,,
2596,1,14,Proposed,43,48,12,0,"Hit","Hit(CW,3,STRONG)",,,,,
2596,1,14,Proposed,43,47,13,1,"Hit","Hit(CCW,3,MIDDLE)",,,,,
2596,1,14,Proposed,43,49,13,0,"Hit","Hit(CCW,3,STRONG)",,,,,
2596,1,14,Proposed,43,54,14,1,"Hit","Hit(CW,5,WEAK)",,,,,
2596,1,14,Proposed,43,55,15,0,"Hit","Hit(CCW,5,WEAK)",,,,,
2596,1,14,Proposed,43,56,15,1,"Hit","Hit(CW,5,MIDDLE)",,,,,
2596,1,14,Proposed,43,58,15,0,"Hit","Hit(CW,5,STRONG)",,,,,
2596,1,14,Proposed,43,57,16,1,"Hit","Hit(CCW,5,MIDDLE)",,,,,
2596,1,14,Proposed,43,59,16,0,"Hit","Hit(CCW,5,STRONG)",,,,,
2596,1,14,Proposed,43,64,17,0,"Hit","Hit(CW,7,WEAK)",,,,,
2596,1,14,Proposed,43,65,17,0,"Hit","Hit(CCW,7,WEAK)",,,,,
2596,1,14,Proposed,43,66,17,1,"Hit","Hit(CW,7,MIDDLE)",,,,,
2596,1,14,Proposed,43,67,17,0,"Hit","Hit(CCW,7,MIDDLE)",,,,,
2596,1,14,Proposed,43,68,17,0,"Hit","Hit(CW,7,STRONG)",,,,,
2596,1,14,Proposed,43,69,17,0,"Hit","Hit(CCW,7,STRONG)",,,,,
2596,1,14,Proposed,43,74,18,1,"Hit","Hit(CW,9,WEAK)",,,,,
2596,1,14,Proposed,43,76,19,1,"Hit","Hit(CW,9,MIDDLE)",,,,,
2596,1,14,Proposed,43,78,19,0,"Hit","Hit(CW,9,STRONG)",,,,,
2596,1,14,Proposed,43,77,20,1,"Hit","Hit(CCW,9,MIDDLE)",,,,,
2596,1,14,Proposed,43,79,20,0,"Hit","Hit(CCW,9,STRONG)",,,,,
2596,1,14,Proposed,43,84,21,1,"Hit","Hit(CW,11,WEAK)",,,,,
2596,1,14,Proposed,43,85,22,1,"Hit","Hit(CCW,11,WEAK)",,,,,
2596,1,14,Proposed,43,86,23,1,"Hit","Hit(CW,11,MIDDLE)",,,,,
2596,1,14,Proposed,43,88,23,0,"Hit","Hit(CW,11,STRONG)",,,,,
2596,1,14,Proposed,43,87,24,1,"Hit","Hit(CCW,11,MIDDLE)",,,,,
2596,1,14,Proposed,43,89,24,0,"Hit","Hit(CCW,11,STRONG)",,,,,
2596,1,14,Proposed,43,94,25,1,"Hit","Hit(CW,13,WEAK)",,,,,
2596,1,14,Proposed,43,96,26,1,"Hit","Hit(CW,13,MIDDLE)",,,,,
2596,1,14,Proposed,43,98,26,0,"Hit","Hit(CW,13,STRONG)",,,,,
2596,1,14,Proposed,43,97,27,1,"Hit","Hit(CCW,13,MIDDLE)",,,,,
2596,1,14,Proposed,43,99,27,0,"Hit","Hit(CCW,13,STRONG)",,,,,
2596,1,14,Proposed,43,144,28,1,"Pass","Pass",,,,,
4748,1,3,Proposed,43,0,0,0,"Draw","Draw(CW,TEE)",,,,,
4748,1,3,Proposed,43,1,0,1,"Draw","Draw(CCW,TEE)",,,,,
4748,1,3,Proposed,43,3,0,0,"Draw","Draw(CCW,S0)",,,,,
4748,1,3,Proposed,43,6,0,0,"Draw","Draw(CW,S4)",,,,,
4748,1,3,Proposed,43,7,0,0,"Draw","Draw(CCW,S4)",,,,,
4748,1,3,Proposed,43,32,0,0,"Hit","Hit(CW,0,TOUCH)",,,,,
4748,1,3,Proposed,43,2,1,0,"Draw","Draw(CW,S0)",,,,,
4748,1,3,Proposed,43,10,1,0,"Draw","Draw(CW,L0)",,,,,
4748,1,3,Proposed,43,12,1,0,"Draw","Draw(CW,L1)",,,,,
4748,1,3,Proposed,43,13,1,1,"Draw","Draw(CCW,L1)",,,,,
4748,1,3,Proposed,43,4,2,1,"Draw","Draw(CW,S2)",,,,,
4748,1,3,Proposed,43,5,2,0,"Draw","Draw(CCW,S2)",,,,,
4748,1,3,Proposed,43,14,2,0,"Draw","Draw(CW,L2)",,,,,
4748,1,3,Proposed,43,15,2,0,"Draw","Draw(CCW,L2)",,,,,
4748,1,3,Proposed,43,16,2,0,"Draw","Draw(CW,L3)",,,,,
4748,1,3,Proposed,43,17,2,0,"Draw","Draw(CCW,L3)",,,,,
4748,1,3,Proposed,43,8,3,1,"Draw","Draw(CW,S6)",,,,,
4748,1,3,Proposed,43,9,3,0,"Draw","Draw(CCW,S6)",,,,,
4748,1,3,Proposed,43,22,3,0,"Draw","Draw(CW,L6)",,,,,
4748,1,3,Proposed,43,23,3,0,"Draw","Draw(CCW,L6)",,,,,
4748,1,3,Proposed,43,24,3,0,"Draw","Draw(CW,L7)",,,,,
4748,1,3,Proposed,43,25,3,0,"Draw","Draw(CCW,L7)",,,,,
4748,1,3,Proposed,43,11,4,1,"Draw","Draw(CCW,L0)",,,,,
4748,1,3,Proposed,43,18,5,0,"Draw","Draw(CW,L4)",,,,,
4748,1,3,Proposed,43,19,5,0,"Draw","Draw(CCW,L4)",,,,,
4748,1,3,Proposed,43,26,5,0,"PreGuard","PreGuard(CW,G3)",,,,,
4748,1,3,Proposed,43,27,5,0,"PreGuard","PreGuard(CCW,G3)",,,,,
4748,1,3,Proposed,43,28,5,0,"PreGuard","PreGuard(CW,G4)",,,,,
4748,1,3,Proposed,43,29,5,0,"PreGuard","PreGuard(CCW,G4)",,,,,
4748,1,3,Proposed,43,30,5,0,"PreGuard","PreGuard(CW,G5)",,,,,
4748,1,3,Proposed,43,31,5,1,"PreGuard","PreGuard(CCW,G5)",,,,,
4748,1,3,Proposed,43,44,5,0,"PostGuard","PostGuard(CW,3,1)",,,,,
4748,1,3,Proposed,43,45,5,0,"PostGuard","PostGuard(CCW,3,1)",,,,,
4748,1,3,Proposed,43,46,5,0,"PostGuard","PostGuard(CW,3,2)",,,,,
4748,1,3,Proposed,43,47,5,0,"PostGuard","PostGuard(CCW,3,2)",,,,,
4748,1,3,Proposed,43,20,6,1,"Draw","Draw(CW,L5)",,,,,
4748,1,3,Proposed,43,21,6,0,"Draw","Draw(CCW,L5)",,,,,
4748,1,3,Proposed,43,42,6,0,"PostGuard","PostGuard(CW,3,0)",,,,,
4748,1,3,Proposed,43,43,6,0,"PostGuard","PostGuard(CCW,3,0)",,,,,
4748,1,3,Proposed,43,33,7,0,"Hit","Hit(CCW,0,TOUCH)",,,,,
4748,1,3,Proposed,43,40,7,1,"Freeze","Freeze(CW,0)",,,,,
4748,1,3,Proposed,43,41,7,0,"Freeze","Freeze(CCW,0)",,,,,
4748,1,3,Proposed,43,34,8,0,"Hit","Hit(CW,0,WEAK)",,,,,
4748,1,3,Proposed,43,35,8,0,"Hit","Hit(CCW,0,WEAK)",,,,,
4748,1,3,Proposed,43,36,8,1,"Hit","Hit(CW,0,MIDDLE)",,,,,
4748,1,3,Proposed,43,37,8,0,"Hit","Hit(CCW,0,MIDDLE)",,,,,
4748,1,3,Proposed,43,38,8,0,"Hit","Hit(CW,0,STRONG)",,,,,
4748,1,3,Proposed,43,39,8,0,"Hit","Hit(CCW,0,STRONG)",,,,,
4748,1,3,Proposed,43,48,9,1,"Pass","Pass",,,,,
9206,3,13,Proposed,43,0,0,0,"Draw","Draw(CW,TEE)",,,,,
9206,3,13,Proposed,43,3,0,0,"Draw","Draw(CCW,S0)",,,,,
9206,3,13,Proposed,43,6,0,0,"Draw","Draw(CW,S4)",,,,,
9206,3,13,Proposed,43,7,0,1,"Draw","Draw(CCW,S4)",,,,,
9206,3,13,Proposed,43,1,1,0,"Draw","Draw(CCW,TEE)",,,,,
9206,3,13,Proposed,43,4,1,0,"Draw","Draw(CW,S2)",,,,,
9206,3,13,Proposed,43,5,1,0,"Draw","Draw(CCW,S2)",,,,,
9206,3,13,Proposed,43,32,1,1,"Hit","Hit(CW,12,TOUCH)",,,,,
9206,3,13,Proposed,43,33,1,0,"Hit","Hit(CCW,12,TOUCH)",,,,,
9206,3,13,Proposed,43,2,2,0,"Draw","Draw(CW,S0)",,,,,
9206,3,13,Proposed,43,8,2,0,"Draw","Draw(CW,S6)",,,,,
9206,3,13,Proposed,43,9,2,0,"Draw","Draw(CCW,S6)",,,,,
9206,3,13,Proposed,43,10,2,0,"Draw","Draw(CW,L0)",,,,,
9206,3,13,Proposed,43,13,2,0,"Draw","Draw(CCW,L1)",,,,,
9206,3,13,Proposed,43,20,2,0,"Draw","Draw(CW,L5)",,,,,
9206,3,13,Proposed,43,21,2,0,"Draw","Draw(CCW,L5)",,,,,
9206,3,13,Proposed,43,22,2,1,"Draw","Draw(CW,L6)",,,,,
9206,3,13,Proposed,43,23,2,0,"Draw","Draw(CCW,L6)",,,,,
9206,3,13,Proposed,43,24,2,0,"Draw","Draw(CW,L7)",,,,,
9206,3,13,Proposed,43,25,2,0,"Draw","Draw(CCW,L7)",,,,,
9206,3,13,Proposed,43,11,3,1,"Draw","Draw(CCW,L0)",,,,,
9206,3,13,Proposed,43,12,4,1,"Draw","Draw(CW,L1)",,,,,
9206,3,13,Proposed,43,14,5,0,"Draw","Draw(CW,L2)",,,,,
9206,3,13,Proposed,43,15,5,0,"Draw","Draw(CCW,L2)",,,,,
9206,3,13,Proposed,43,16,5,1,"Draw","Draw(CW,L3)",,,,,
9206,3,13,Proposed,43,17,5,0,"Draw","Draw(CCW,L3)",,,,,
9206,3,13,Proposed,43,40,5,0,"Freeze","Freeze(CW,12)",,,,,
9206,3,13,Proposed,43,41,5,0,"Freeze","Freeze(CCW,12)",,,,,
9206,3,13,Proposed,43,42,5,0,"PostGuard","PostGuard(CW,11,0)",,,,,
9206,3,13,Proposed,43,43,5,0,"PostGuard","PostGuard(CCW,11,0)",,,,,
9206,3,13,Proposed,43,18,6,0,"Draw","Draw(CW,L4)",,,,,
9206,3,13,Proposed,43,19,6,0,"Draw","Draw(CCW,L4)",,,,,
9206,3,13,Proposed,43,26,6,1,"PreGuard","PreGuard(CW,G3)",,,,,
9206,3,13,Proposed,43,27,6,0,"PreGuard","PreGuard(CCW,G3)",,,,,
9206,3,13,Proposed,43,30,6,0,"PreGuard","PreGuard(CW,G5)",,,,,
9206,3,13,Proposed,43,31,6,0,"PreGuard","PreGuard(CCW,G5)",,,,,
9206,3,13,Proposed,43,44,6,0,"PostGuard","PostGuard(CW,11,1)",,,,,
9206,3,13,Proposed,43,45,6,0,"PostGuard","PostGuard(CCW,11,1)",,,,,
9206,3,13,Proposed,43,28,7,1,"PreGuard","PreGuard(CW,G4)",,,,,
9206,3,13,Proposed,43,29,7,0,"PreGuard","PreGuard(CCW,G4)",,,,,
9206,3,13,Proposed,43,46,7,0,"PostGuard","PostGuard(CW,11,2)",,,,,
9206,3,13,Proposed,43,47,7,0,"PostGuard","PostGuard(CCW,11,2)",,,,,
9206,3,13,Proposed,43,34,8,0,"Hit","Hit(CW,12,WEAK)",,,,,
9206,3,13,Proposed,43,35,8,0,"Hit","Hit(CCW,12,WEAK)",,,,,
9206,3,13,Proposed,43,36,8,1,"Hit","Hit(CW,12,MIDDLE)",,,,,
9206,3,13,Proposed,43,37,8,0,"Hit","Hit(CCW,12,MIDDLE)",,,,,
9206,3,13,Proposed,43,38,8,0,"Hit","Hit(CW,12,STRONG)",,,,,
9206,3,13,Proposed,43,39,8,0,"Hit","Hit(CCW,12,STRONG)",,,,,
9206,3,13,Proposed,43,48,9,1,"Pass","Pass",,,,,
5859,1,6,Proposed,43,0,0,0,"Draw","Draw(CW,TEE)",,,,,
5859,1,6,Proposed,43,2,0,0,"Draw","Draw(CW,S0)",,,,,
5859,1,6,Proposed,43,33,0,0,"Hit","Hit(CCW,1,TOUCH)",,,,,
5859,1,6,Proposed,43,41,0,1,"Freeze","Freeze(CCW,1)",,,,,
5859,1,6,Proposed,43,1,1,0,"Draw","Draw(CCW,TEE)",,,,,
5859,1,6,Proposed,43,3,1,0,"Draw","Draw(CCW,S0)",,,,,
5859,1,6,Proposed,43,6,1,0,"Draw","Draw(CW,S4)",,,,,
5859,1,6,Proposed,43,7,1,0,"Draw","Draw(CCW,S4)",,,,,
5859,1,6,Proposed,43,11,1,0,"Draw","Draw(CCW,L0)",,,,,
5859,1,6,Proposed,43,42,1,0,"Hit","Hit(CW,5,TOUCH)",,,,,
5859,1,6,Proposed,43,43,1,1,"Hit","Hit(CCW,5,TOUCH)",,,,,
5859,1,6,Proposed,43,4,2,0,"Draw","Draw(CW,S2)",,,,,
5859,1,6,Proposed,43,5,2,0,"Draw","Draw(CCW,S2)",,,,,
5859,1,6,Proposed,43,8,2,0,"Draw","Draw(CW,S6)",,,,,
5859,1,6,Proposed,43,9,2,0,"Draw","Draw(CCW,S6)",,,,,
5859,1,6,Proposed,43,12,2,0,"Draw","Draw(CW,L1)",,,,,
5859,1,6,Proposed,43,13,2,0,"Draw","Draw(CCW,L1)",,,,,
5859,1,6,Proposed,43,14,2,0,"Draw","Draw(CW,L2)",,,,,
5859,1,6,Proposed,43,15,2,0,"Draw","Draw(CCW,L2)",,,,,
5859,1,6,Proposed,43,16,2,0,"Draw","Draw(CW,L3)",,,,,
5859,1,6,Proposed,43,17,2,0,"Draw","Draw(CCW,L3)",,,,,
5859,1,6,Proposed,43,20,2,0,"Draw","Draw(CW,L5)",,,,,
5859,1,6,Proposed,43,21,2,0,"Draw","Draw(CCW,L5)",,,,,
5859,1,6,Proposed,43,22,2,0,"Draw","Draw(CW,L6)",,,,,
5859,1,6,Proposed,43,23,2,0,"Draw","Draw(CCW,L6)",,,,,
5859,1,6,Proposed,43,24,2,0,"Draw","Draw(CW,L7)",,,,,
5859,1,6,Proposed,43,25,2,0,"Draw","Draw(CCW,L7)",,,,,
5859,1,6,Proposed,43,50,2,0,"Freeze","Freeze(CW,5)",,,,,
5859,1,6,Proposed,43,51,2,0,"Freeze","Freeze(CCW,5)",,,,,
5859,1,6,Proposed,43,52,2,0,"PostGuard","PostGuard(CW,2,0)",,,,,
5859,1,6,Proposed,43,53,2,0,"PostGuard","PostGuard(CCW,2,0)",,,,,
5859,1,6,Proposed,43,54,2,0,"PostGuard","PostGuard(CW,2,1)",,,,,
5859,1,6,Proposed,43,55,2,0,"PostGuard","PostGuard(CCW,2,1)",,,,,
5859,1,6,Proposed,43,58,2,0,"PostGuard","PostGuard(CW,4,0)",,,,,
5859,1,6,Proposed,43,59,2,1,"PostGuard","PostGuard(CCW,4,0)",,,,,
5859,1,6,Proposed,43,10,3,0,"Draw","Draw(CW,L0)",,,,,
5859,1,6,Proposed,43,32,3,1,"Hit","Hit(CW,1,TOUCH)",,,,,
5859,1,6,Proposed,43,40,3,0,"Freeze","Freeze(CW,1)",,,,,
5859,1,6,Proposed,43,18,4,0,"Draw","Draw(CW,L4)",,,,,
5859,1,6,Proposed,43,19,4,0,"Draw","Draw(CCW,L4)",,,,,
5859,1,6,Proposed,43,26,4,0,"PreGuard","PreGuard(CW,G3)",,,,,
5859,1,6,Proposed,43,27,4,0,"PreGuard","PreGuard(CCW,G3)",,,,,
5859,1,6,Proposed,43,28,4,0,"PreGuard","PreGuard(CW,G4)",,,,,
5859,1,6,Proposed,43,29,4,0,"PreGuard","PreGuard(CCW,G4)",,,,,
5859,1,6,Proposed,43,30,4,0,"PreGuard","PreGuard(CW,G5)",,,,,
5859,1,6,Proposed,43,31,4,0,"PreGuard","PreGuard(CCW,G5)",,,,,
5859,1,6,Proposed,43,56,4,0,"PostGuard","PostGuard(CW,2,2)",,,,,
5859,1,6,Proposed,43,57,4,0,"PostGuard","PostGuard(CCW,2,2)",,,,,
5859,1,6,Proposed,43,60,4,0,"PostGuard","PostGuard(CW,4,1)",,,,,
5859,1,6,Proposed,43,61,4,1,"PostGuard","PostGuard(CCW,4,1)",,,,,
5859,1,6,Proposed,43,62,4,0,"PostGuard","PostGuard(CW,4,2)",,,,,
5859,1,6,Proposed,43,63,4,0,"PostGuard","PostGuard(CCW,4,2)",,,,,
5859,1,6,Proposed,43,34,5,1,"Hit","Hit(CW,1,WEAK)",,,,,
5859,1,6,Proposed,43,35,6,1,"Hit","Hit(CCW,1,WEAK)",,,,,
5859,1,6,Proposed,43,36,7,1,"Hit","Hit(CW,1,MIDDLE)",,,,,
5859,1,6,Proposed,43,38,7,0,"Hit","Hit(CW,1,STRONG)",,,,,
5859,1,6,Proposed,43,37,8,1,"Hit","Hit(CCW,1,MIDDLE)",,,,,
5859,1,6,Proposed,43,39,8,0,"Hit","Hit(CCW,1,STRONG)",,,,,
5859,1,6,Proposed,43,44,9,1,"Hit","Hit(CW,5,WEAK)",,,,,
5859,1,6,Proposed,43,45,10,1,"Hit","Hit(CCW,5,WEAK)",,,,,
5859,1,6,Proposed,43,46,11,1,"Hit","Hit(CW,5,MIDDLE)",,,,,
5859,1,6,Proposed,43,47,11,0,"Hit","Hit(CCW,5,MIDDLE)",,,,,
5859,1,6,Proposed,43,48,11,0,"Hit","Hit(CW,5,STRONG)",,,,,
5859,1,6,Proposed,43,49,11,0,"Hit","Hit(CCW,5,STRONG)",,,,,
5859,1,6,Proposed,43,64,12,1,"Pass","Pass",,,,,
6871,4,5,Proposed,43,0,0,0,"Draw","Draw(CW,TEE)",,,,,
6871,4,5,Proposed,43,1,0,0,"Draw","Draw(CCW,TEE)",,,,,
6871,4,5,Proposed,43,2,0,0,"Draw","Draw(CW,S0)",,,,,
6871,4,5,Proposed,43,7,0,0,"Draw","Draw(CCW,S4)",,,,,
6871,4,5,Proposed,43,20,0,0,"Draw","Draw(CW,L5)",,,,,
6871,4,5,Proposed,43,21,0,0,"Draw","Draw(CCW,L5)",,,,,
6871,4,5,Proposed,43,42,0,0,"Hit","Hit(CW,2,TOUCH)",,,,,
6871,4,5,Proposed,43,50,0,0,"Freeze","Freeze(CW,2)",,,,,
6871,4,5,Proposed,43,51,0,0,"Freeze","Freeze(CCW,2)",,,,,
6871,4,5,Proposed,43,52,0,1,"PostGuard","PostGuard(CW,1,0)",,,,,
6871,4,5,Proposed,43,53,0,0,"PostGuard","PostGuard(CCW,1,0)",,,,,
6871,4,5,Proposed,43,54,0,0,"PostGuard","PostGuard(CW,1,1)",,,,,
6871,4,5,Proposed,43,55,0,0,"PostGuard","PostGuard(CCW,1,1)",,,,,
6871,4,5,Proposed,43,58,0,0,"PostGuard","PostGuard(CW,3,0)",,,,,
6871,4,5,Proposed,43,59,0,0,"PostGuard","PostGuard(CCW,3,0)",,,,,
6871,4,5,Proposed,43,64,0,0,"PostGuard","PostGuard(CW,5,0)",,,,,
6871,4,5,Proposed,43,65,0,0,"PostGuard","PostGuard(CCW,5,0)",,,,,
6871,4,5,Proposed,43,3,1,1,"Draw","Draw(CCW,S0)",,,,,
6871,4,5,Proposed,43,4,2,1,"Draw","Draw(CW,S2)",,,,,
6871,4,5,Proposed,43,5,2,0,"Draw","Draw(CCW,S2)",,,,,
6871,4,5,Proposed,43,14,2,0,"Draw","Draw(CW,L2)",,,,,
6871,4,5,Proposed,43,15,2,0,"Draw","Draw(CCW,L2)",,,,,
6871,4,5,Proposed,43,16,2,0,"Draw","Draw(CW,L3)",,,,,
6871,4,5,Proposed,43,17,2,0,"Draw","Draw(CCW,L3)",,,,,
6871,4,5,Proposed,43,6,3,1,"Draw","Draw(CW,S4)",,,,,
6871,4,5,Proposed,43,8,4,1,"Draw","Draw(CW,S6)",,,,,
6871,4,5,Proposed,43,9,4,0,"Draw","Draw(CCW,S6)",,,,,
6871,4,5,Proposed,43,22,4,0,"Draw","Draw(CW,L6)",,,,,
6871,4,5,Proposed,43,23,4,0,"Draw","Draw(CCW,L6)",,,,,
6871,4,5,Proposed,43,24,4,0,"Draw","Draw(CW,L7)",,,,,
6871,4,5,Proposed,43,25,4,0,"Draw","Draw(CCW,L7)",,,,,
6871,4,5,Proposed,43,10,5,1,"Draw","Draw(CW,L0)",,,,,
6871,4,5,Proposed,43,11,6,1,"Draw","Draw(CCW,L0)",,,,,
6871,4,5,Proposed,43,12,7,1,"Draw","Draw(CW,L1)",,,,,
6871,4,5,Proposed,43,13,7,0,"Draw","Draw(CCW,L1)",,,,,
6871,4,5,Proposed,43,18,8,0,"Draw","Draw(CW,L4)",,,,,
6871,4,5,Proposed,43,19,8,0,"Draw","Draw(CCW,L4)",,,,,
6871,4,5,Proposed,43,26,8,0,"PreGuard","PreGuard(CW,G3)",,,,,
6871,4,5,Proposed,43,27,8,0,"PreGuard","PreGuard(CCW,G3)",,,,,
6871,4,5,Proposed,43,28,8,0,"PreGuard","PreGuard(CW,G4)",,,,,
6871,4,5,Proposed,43,29,8,0,"PreGuard","PreGuard(CCW,G4)",,,,,
6871,4,5,Proposed,43,30,8,0,"PreGuard","PreGuard(CW,G5)",,,,,
6871,4,5,Proposed,43,31,8,0,"PreGuard","PreGuard(CCW,G5)",,,,,
6871,4,5,Proposed,43,56,8,1,"PostGuard","PostGuard(CW,1,2)",,,,,
6871,4,5,Proposed,43,57,8,0,"PostGuard","PostGuard(CCW,1,2)",,,,,
6871,4,5,Proposed,43,60,8,0,"PostGuard","PostGuard(CW,3,1)",,,,,
6871,4,5,Proposed,43,61,8,0,"PostGuard","PostGuard(CCW,3,1)",,,,,
6871,4,5,Proposed,43,62,8,0,"PostGuard","PostGuard(CW,3,2)",,,,,
6871,4,5,Proposed,43,63,8,0,"PostGuard","PostGuard(CCW,3,2)",,,,,
6871,4,5,Proposed,43,66,8,0,"PostGuard","PostGuard(CW,5,1)",,,,,
6871,4,5,Proposed,43,67,8,0,"PostGuard","PostGuard(CCW,5,1)",,,,,
6871,4,5,Proposed,43,68,8,0,"PostGuard","PostGuard(CW,5,2)",,,,,
6871,4,5,Proposed,43,69,8,0,"PostGuard","PostGuard(CCW,5,2)",,,,,
6871,4,5,Proposed,43,32,9,0,"Hit","Hit(CW,0,TOUCH)",,,,,
6871,4,5,Proposed,43,33,9,0,"Hit","Hit(CCW,0,TOUCH)",,,,,
6871,4,5,Proposed,43,40,9,1,"Freeze","Freeze(CW,0)",,,,,
6871,4,5,Proposed,43,41,9,0,"Freeze","Freeze(CCW,0)",,,,,
6871,4,5,Proposed,43,34,10,0,"Hit","Hit(CW,0,WEAK)",,,,,
6871,4,5,Proposed,43,35,10,0,"Hit","Hit(CCW,0,WEAK)",,,,,
6871,4,5,Proposed,43,36,10,1,"Hit","Hit(CW,0,MIDDLE)",,,,,
6871,4,5,Proposed,43,37,10,0,"Hit","Hit(CCW,0,MIDDLE)",,,,,
6871,4,5,Proposed,43,38,10,0,"Hit","Hit(CW,0,STRONG)",,,,,
6871,4,5,Proposed,43,39,10,0,"Hit","Hit(CCW,0,STRONG)",,,,,
6871,4,5,Proposed,43,43,11,1,"Hit","Hit(CCW,2,TOUCH)",,,,,
6871,4,5,Proposed,43,44,12,0,"Hit","Hit(CW,2,WEAK)",,,,,
6871,4,5,Proposed,43,46,12,1,"Hit","Hit(CW,2,MIDDLE)",,,,,
6871,4,5,Proposed,43,48,12,0,"Hit","Hit(CW,2,STRONG)",,,,,
6871,4,5,Proposed,43,45,13,0,"Hit","Hit(CCW,2,WEAK)",,,,,
6871,4,5,Proposed,43,47,13,1,"Hit","Hit(CCW,2,MIDDLE)",,,,,
6871,4,5,Proposed,43,49,13,0,"Hit","Hit(CCW,2,STRONG)",,,,,
6871,4,5,Proposed,43,70,14,1,"Pass","Pass",,,,,
7163,3,13,Proposed,43,0,0,0,"Draw","Draw(CW,TEE)",,,,,
7163,3,13,Proposed,43,1,0,0,"Draw","Draw(CCW,TEE)",,,,,
7163,3,13,Proposed,43,2,0,0,"Draw","Draw(CW,S0)",,,,,
7163,3,13,Proposed,43,3,0,0,"Draw","Draw(CCW,S0)",,,,,
7163,3,13,Proposed,43,6,0,0,"Draw","Draw(CW,S4)",,,,,
7163,3,13,Proposed,43,7,0,1,"Draw","Draw(CCW,S4)",,,,,
7163,3,13,Proposed,43,62,0,0,"Hit","Hit(CW,12,TOUCH)",,,,,
7163,3,13,Proposed,43,63,0,0,"Hit","Hit(CCW,12,TOUCH)",,,,,
7163,3,13,Proposed,43,4,1,0,"Draw","Draw(CW,S2)",,,,,
7163,3,13,Proposed,43,5,1,0,"Draw","Draw(CCW,S2)",,,,,
7163,3,13,Proposed,43,16,1,0,"Draw","Draw(CW,L3)",,,,,
7163,3,13,Proposed,43,17,1,0,"Draw","Draw(CCW,L3)",,,,,
7163,3,13,Proposed,43,60,1,1,"Freeze","Freeze(CW,10)",,,,,
7163,3,13,Proposed,43,61,1,0,"Freeze","Freeze(CCW,10)",,,,,
7163,3,13,Proposed,43,70,1,0,"Freeze","Freeze(CW,12)",,,,,
7163,3,13,Proposed,43,71,1,0,"Freeze","Freeze(CCW,12)",,,,,
7163,3,13,Proposed,43,72,1,0,"PostGuard","PostGuard(CW,9,0)",,,,,
7163,3,13,Proposed,43,73,1,0,"PostGuard","PostGuard(CCW,9,0)",,,,,
7163,3,13,Proposed,43,8,2,0,"Draw","Draw(CW,S6)",,,,,
7163,3,13,Proposed,43,9,2,0,"Draw","Draw(CCW,S6)",,,,,
7163,3,13,Proposed,43,10,2,0,"Draw","Draw(CW,L0)",,,,,
7163,3,13,Proposed,43,24,2,0,"Draw","Draw(CW,L7)",,,,,
7163,3,13,Proposed,43,25,2,0,"Draw","Draw(CCW,L7)",,,,,
7163,3,13,Proposed,43,32,2,0,"Hit","Hit(CW,2,TOUCH)",,,,,
7163,3,13,Proposed,43,33,2,0,"Hit","Hit(CCW,2,TOUCH)",,,,,
7163,3,13,Proposed,43,41,2,1,"Freeze","Freeze(CCW,2)",,,,,
7163,3,13,Proposed,43,11,3,1,"Draw","Draw(CCW,L0)",,,,,
7163,3,13,Proposed,43,12,4,1,"Draw","Draw(CW,L1)",,,,,
7163,3,13,Proposed,43,13,5,1,"Draw","Draw(CCW,L1)",,,,,
7163,3,13,Proposed,43,14,6,0,"Draw","Draw(CW,L2)",,,,,
7163,3,13,Proposed,43,15,6,0,"Draw","Draw(CCW,L2)",,,,,
7163,3,13,Proposed,43,52,6,0,"Hit","Hit(CW,10,TOUCH)",,,,,
7163,3,13,Proposed,43,53,6,1,"Hit","Hit(CCW,10,TOUCH)",,,,,
7163,3,13,Proposed,43,18,7,0,"Draw","Draw(CW,L4)",,,,,
7163,3,13,Proposed,43,19,7,0,"Draw","Draw(CCW,L4)",,,,,
7163,3,13,Proposed,43,26,7,0,"PreGuard","PreGuard(CW,G3)",,,,,
7163,3,13,Proposed,43,27,7,0,"PreGuard","PreGuard(CCW,G3)",,,,,
7163,3,13,Proposed,43,28,7,0,"PreGuard","PreGuard(CW,G4)",,,,,
7163,3,13,Proposed,43,29,7,0,"PreGuard","PreGuard(CCW,G4)",,,,,
7163,3,13,Proposed,43,30,7,0,"PreGuard","PreGuard(CW,G5)",,,,,
7163,3,13,Proposed,43,31,7,1,"PreGuard","PreGuard(CCW,G5)",,,,,
7163,3,13,Proposed,43,74,7,0,"PostGuard","PostGuard(CW,9,1)",,,,,
7163,3,13,Proposed,43,75,7,0,"PostGuard","PostGuard(CCW,9,1)",,,,,
7163,3,13,Proposed,43,76,7,0,"PostGuard","PostGuard(CW,9,2)",,,,,
7163,3,13,Proposed,43,77,7,0,"PostGuard","PostGuard(CCW,9,2)",,,,,
7163,3,13,Proposed,43,80,7,0,"PostGuard","PostGuard(CW,11,1)",,,,,
7163,3,13,Proposed,43,81,7,0,"PostGuard","PostGuard(CCW,11,1)",,,,,
7163,3,13,Proposed,43,82,7,0,"PostGuard","PostGuard(CW,11,2)",,,,,
7163,3,13,Proposed,43,83,7,0,"PostGuard","PostGuard(CCW,11,2)",,,,,
7163,3,13,Proposed,43,20,8,0,"Draw","Draw(CW,L5)",,,,,
7163,3,13,Proposed,43,21,8,0,"Draw","Draw(CCW,L5)",,,,,
7163,3,13,Proposed,43,22,8,0,"Draw","Draw(CW,L6)",,,,,
7163,3,13,Proposed,43,23,8,0,"Draw","Draw(CCW,L6)",,,,,
7163,3,13,Proposed,43,40,8,0,"Freeze","Freeze(CW,2)",,,,,
7163,3,13,Proposed,43,78,8,1,"PostGuard","PostGuard(CW,11,0)",,,,,
7163,3,13,Proposed,43,79,8,0,"PostGuard","PostGuard(CCW,11,0)",,,,,
7163,3,13,Proposed,43,34,9,0,"Hit","Hit(CW,2,WEAK)",,,,,
7163,3,13,Proposed,43,35,9,0,"Hit","Hit(CCW,2,WEAK)",,,,,
7163,3,13,Proposed,43,36,9,1,"Hit","Hit(CW,2,MIDDLE)",,,,,
7163,3,13,Proposed,43,37,9,0,"Hit","Hit(CCW,2,MIDDLE)",,,,,
7163,3,13,Proposed,43,38,9,0,"Hit","Hit(CW,2,STRONG)",,,,,
7163,3,13,Proposed,43,39,9,0,"Hit","Hit(CCW,2,STRONG)",,,,,
7163,3,13,Proposed,43,42,10,1,"Hit","Hit(CW,6,TOUCH)",,,,,
7163,3,13,Proposed,43,43,11,1,"Hit","Hit(CCW,6,TOUCH)",,,,,
7163,3,13,Proposed,43,44,12,0,"Hit","Hit(CW,6,WEAK)",,,,,
7163,3,13,Proposed,43,45,12,0,"Hit","Hit(CCW,6,WEAK)",,,,,
7163,3,13,Proposed,43,46,12,0,"Hit","Hit(CW,6,MIDDLE)",,,,,
7163,3,13,Proposed,43,47,12,1,"Hit","Hit(CCW,6,MIDDLE)",,,,,
7163,3,13,Proposed,43,48,12,0,"Hit","Hit(CW,6,STRONG)",,,,,
7163,3,13,Proposed,43,49,12,0,"Hit","Hit(CCW,6,STRONG)",,,,,
7163,3,13,Proposed,43,50,13,1,"Freeze","Freeze(CW,6)",,,,,
7163,3,13,Proposed,43,51,13,0,"Freeze","Freeze(CCW,6)",,,,,
7163,3,13,Proposed,43,54,14,0,"Hit","Hit(CW,10,WEAK)",,,,,
7163,3,13,Proposed,43,55,14,0,"Hit","Hit(CCW,10,WEAK)",,,,,
7163,3,13,Proposed,43,56,14,1,"Hit","Hit(CW,10,MIDDLE)",,,,,
7163,3,13,Proposed,43,57,14,0,"Hit","Hit(CCW,10,MIDDLE)",,,,,
7163,3,13,Proposed,43,58,14,0,"Hit","Hit(CW,10,STRONG)",,,,,
7163,3,13,Proposed,43,59,14,0,"Hit","Hit(CCW,10,STRONG)",,,,,
7163,3,13,Proposed,43,64,15,0,"Hit","Hit(CW,12,WEAK)",,,,,
7163,3,13,Proposed,43,65,15,0,"Hit","Hit(CCW,12,WEAK)",,,,,
7163,3,13,Proposed,43,66,15,0,"Hit","Hit(CW,12,MIDDLE)",,,,,
7163,3,13,Proposed,43,67,15,1,"Hit","Hit(CCW,12,MIDDLE)",,,,,
7163,3,13,Proposed,43,68,15,0,"Hit","Hit(CW,12,STRONG)",,,,,
7163,3,13,Proposed,43,69,15,0,"Hit","Hit(CCW,12,STRONG)",,,,,
7163,3,13,Proposed,43,84,16,1,"Pass","Pass",,,,,
5807,0,8,Proposed,43,0,0,0,"Draw","Draw(CW,TEE)",,,,,
5807,0,8,Proposed,43,1,0,0,"Draw","Draw(CCW,TEE)",,,,,
5807,0,8,Proposed,43,2,0,0,"Draw","Draw(CW,S0)",,,,,
5807,0,8,Proposed,43,3,0,0,"Draw","Draw(CCW,S0)",,,,,
5807,0,8,Proposed,43,4,0,0,"Draw","Draw(CW,S2)",,,,,
5807,0,8,Proposed,43,5,0,0,"Draw","Draw(CCW,S2)",,,,,
5807,0,8,Proposed,43,6,0,0,"Draw","Draw(CW,S4)",,,,,
5807,0,8,Proposed,43,7,0,0,"Draw","Draw(CCW,S4)",,,,,
5807,0,8,Proposed,43,8,0,0,"Draw","Draw(CW,S6)",,,,,
5807,0,8,Proposed,43,9,0,0,"Draw","Draw(CCW,S6)",,,,,
5807,0,8,Proposed,43,11,0,0,"Draw","Draw(CCW,L0)",,,,,
5807,0,8,Proposed,43,13,0,0,"Draw","Draw(CCW,L1)",,,,,
5807,0,8,Proposed,43,25,0,0,"Draw","Draw(CCW,L7)",,,,,
5807,0,8,Proposed,43,32,0,0,"Hit","Hit(CW,3,TOUCH)",,,,,
5807,0,8,Proposed,43,33,0,0,"Hit","Hit(CCW,3,TOUCH)",,,,,
5807,0,8,Proposed,43,42,0,0,"Hit","Hit(CW,5,TOUCH)",,,,,
5807,0,8,Proposed,43,50,0,1,"Freeze","Freeze(CW,5)",,,,,
5807,0,8,Proposed,43,51,0,0,"Freeze","Freeze(CCW,5)",,,,,
5807,0,8,Proposed,43,52,0,0,"Hit","Hit(CW,7,TOUCH)",,,,,
5807,0,8,Proposed,43,53,0,0,"Hit","Hit(CCW,7,TOUCH)",,,,,
5807,0,8,Proposed,43,10,1,1,"Draw","Draw(CW,L0)",,,,,
5807,0,8,Proposed,43,43,1,0,"Hit","Hit(CCW,5,TOUCH)",,,,,
5807,0,8,Proposed,43,12,2,1,"Draw","Draw(CW,L1)",,,,,
5807,0,8,Proposed,43,14,3,0,"Draw","Draw(CW,L2)",,,,,
5807,0,8,Proposed,43,15,3,0,"Draw","Draw(CCW,L2)",,,,,
5807,0,8,Proposed,43,16,3,0,"Draw","Draw(CW,L3)",,,,,
5807,0,8,Proposed,43,17,3,0,"Draw","Draw(CCW,L3)",,,,,
5807,0,8,Proposed,43,60,3,0,"Freeze","Freeze(CW,7)",,,,,
5807,0,8,Proposed,43,61,3,0,"Freeze","Freeze(CCW,7)",,,,,
5807,0,8,Proposed,43,62,3,0,"PostGuard","PostGuard(CW,2,0)",,,,,
5807,0,8,Proposed,43,63,3,0,"PostGuard","PostGuard(CCW,2,0)",,,,,
5807,0,8,Proposed,43,68,3,0,"PostGuard","PostGuard(CW,4,0)",,,,,
5807,0,8,Proposed,43,69,3,1,"PostGuard","PostGuard(CCW,4,0)",,,,,
5807,0,8,Proposed,43,74,3,0,"PostGuard","PostGuard(CW,6,0)",,,,,
5807,0,8,Proposed,43,75,3,0,"PostGuard","PostGuard(CCW,6,0)",,,,,
5807,0,8,Proposed,43,18,4,0,"Draw","Draw(CW,L4)",,,,,
5807,0,8,Proposed,43,19,4,0,"Draw","Draw(CCW,L4)",,,,,
5807,0,8,Proposed,43,26,4,0,"PreGuard","PreGuard(CW,G3)",,,,,
5807,0,8,Proposed,43,27,4,0,"PreGuard","PreGuard(CCW,G3)",,,,,
5807,0,8,Proposed,43,30,4,0,"PreGuard","PreGuard(CW,G5)",,,,,
5807,0,8,Proposed,43,31,4,0,"PreGuard","PreGuard(CCW,G5)",,,,,
5807,0,8,Proposed,43,64,4,0,"PostGuard","PostGuard(CW,2,1)",,,,,
5807,0,8,Proposed,43,65,4,0,"PostGuard","PostGuard(CCW,2,1)",,,,,
5807,0,8,Proposed,43,70,4,0,"PostGuard","PostGuard(CW,4,1)",,,,,
5807,0,8,Proposed,43,71,4,1,"PostGuard","PostGuard(CCW,4,1)",,,,,
5807,0,8,Proposed,43,76,4,0,"PostGuard","PostGuard(CW,6,1)",,,,,
5807,0,8,Proposed,43,77,4,0,"PostGuard","PostGuard(CCW,6,1)",,,,,
5807,0,8,Proposed,43,20,5,0,"Draw","Draw(CW,L5)",,,,,
5807,0,8,Proposed,43,21,5,0,"Draw","Draw(CCW,L5)",,,,,
5807,0,8,Proposed,43,22,5,0,"Draw","Draw(CW,L6)",,,,,
5807,0,8,Proposed,43,23,5,1,"Draw","Draw(CCW,L6)",,,,,
5807,0,8,Proposed,43,24,5,0,"Draw","Draw(CW,L7)",,,,,
5807,0,8,Proposed,43,40,5,0,"Freeze","Freeze(CW,3)",,,,,
5807,0,8,Proposed,43,41,5,0,"Freeze","Freeze(CCW,3)",,,,,
5807,0,8,Proposed,43,28,6,0,"PreGuard","PreGuard(CW,G4)",,,,,
5807,0,8,Proposed,43,29,6,0,"PreGuard","PreGuard(CCW,G4)",,,,,
5807,0,8,Proposed,43,66,6,0,"PostGuard","PostGuard(CW,2,2)",,,,,
5807,0,8,Proposed,43,67,6,0,"PostGuard","PostGuard(CCW,2,2)",,,,,
5807,0,8,Proposed,43,72,6,1,"PostGuard","PostGuard(CW,4,2)",,,,,
5807,0,8,Proposed,43,73,6,0,"PostGuard","PostGuard(CCW,4,2)",,,,,
5807,0,8,Proposed,43,78,6,0,"PostGuard","PostGuard(CW,6,2)",,,,,
5807,0,8,Proposed,43,79,6,0,"PostGuard","PostGuard(CCW,6,2)",,,,,
5807,0,8,Proposed,43,34,7,0,"Hit","Hit(CW,3,WEAK)",,,,,
5807,0,8,Proposed,43,35,7,0,"Hit","Hit(CCW,3,WEAK)",,,,,
5807,0,8,Proposed,43,36,7,0,"Hit","Hit(CW,3,MIDDLE)",,,,,
5807,0,8,Proposed,43,37,7,1,"Hit","Hit(CCW,3,MIDDLE)",,,,,
5807,0,8,Proposed,43,38,7,0,"Hit","Hit(CW,3,STRONG)",,,,,
5807,0,8,Proposed,43,39,7,0,"Hit","Hit(CCW,3,STRONG)",,,,,
5807,0,8,Proposed,43,44,8,1,"Hit","Hit(CW,5,WEAK)",,,,,
5807,0,8,Proposed,43,45,9,1,"Hit","Hit(CCW,5,WEAK)",,,,,
5807,0,8,Proposed,43,46,10,1,"Hit","Hit(CW,5,MIDDLE)",,,,,
5807,0,8,Proposed,43,48,10,0,"Hit","Hit(CW,5,STRONG)",,,,,
5807,0,8,Proposed,43,47,11,1,"Hit","Hit(CCW,5,MIDDLE)",,,,,
5807,0,8,Proposed,43,49,11,0,"Hit","Hit(CCW,5,STRONG)",,,,,
5807,0,8,Proposed,43,54,12,1,"Hit","Hit(CW,7,WEAK)",,,,,
5807,0,8,Proposed,43,55,13,1,"Hit","Hit(CCW,7,WEAK)",,,,,
5807,0,8,Proposed,43,56,14,1,"Hit","Hit(CW,7,MIDDLE)",,,,,
5807,0,8,Proposed,43,58,14,0,"Hit","Hit(CW,7,STRONG)",,,,,
5807,0,8,Proposed,43,57,15,1,"Hit","Hit(CCW,7,MIDDLE)",,,,,
5807,0,8,Proposed,43,59,15,0,"Hit","Hit(CCW,7,STRONG)",,,,,
5807,0,8,Proposed,43,80,16,1,"Pass","Pass",,,,,
5567,2,15,Proposed,43,0,0,1,"Draw","Draw(CW,TEE)",,,,,
5567,2,15,Proposed,43,1,0,0,"Draw","Draw(CCW,TEE)",,,,,
5567,2,15,Proposed,43,2,0,0,"Draw","Draw(CW,S0)",,,,,
5567,2,15,Proposed,43,3,0,0,"Draw","Draw(CCW,S0)",,,,,
5567,2,15,Proposed,43,4,0,0,"Draw","Draw(CW,S2)",,,,,
5567,2,15,Proposed,43,5,0,0,"Draw","Draw(CCW,S2)",,,,,
5567,2,15,Proposed,43,6,0,0,"Draw","Draw(CW,S4)",,,,,
5567,2,15,Proposed,43,7,0,0,"Draw","Draw(CCW,S4)",,,,,
5567,2,15,Proposed,43,8,0,0,"Draw","Draw(CW,S6)",,,,,
5567,2,15,Proposed,43,9,0,0,"Draw","Draw(CCW,S6)",,,,,
5567,2,15,Proposed,43,10,0,0,"Draw","Draw(CW,L0)",,,,,
5567,2,15,Proposed,43,11,0,0,"Draw","Draw(CCW,L0)",,,,,
5567,2,15,Proposed,43,12,0,0,"Draw","Draw(CW,L1)",,,,,
5567,2,15,Proposed,43,13,0,0,"Draw","Draw(CCW,L1)",,,,,
5567,2,15,Proposed,43,14,0,0,"Draw","Draw(CW,L2)",,,,,
5567,2,15,Proposed,43,15,0,0,"Draw","Draw(CCW,L2)",,,,,
5567,2,15,Proposed,43,16,0,0,"Draw","Draw(CW,L3)",,,,,
5567,2,15,Proposed,43,17,0,0,"Draw","Draw(CCW,L3)",,,,,
5567,2,15,Proposed,43,18,0,0,"Draw","Draw(CW,L4)",,,,,
5567,2,15,Proposed,43,19,0,0,"Draw","Draw(CCW,L4)",,,,,
5567,2,15,Proposed,43,20,0,0,"Draw","Draw(CW,L5)",,,,,
5567,2,15,Proposed,43,21,0,0,"Draw","Draw(CCW,L5)",,,,,
5567,2,15,Proposed,43,22,0,0,"Draw","Draw(CW,L6)",,,,,
5567,2,15,Proposed,43,23,0,0,"Draw","Draw(CCW,L6)",,,,,
5567,2,15,Proposed,43,24,0,0,"Draw","Draw(CW,L7)",,,,,
5567,2,15,Proposed,43,25,0,0,"Draw","Draw(CCW,L7)",,,,,
5567,2,15,Proposed,43,26,0,0,"PreGuard","PreGuard(CW,G3)",,,,,
5567,2,15,Proposed,43,27,0,0,"PreGuard","PreGuard(CCW,G3)",,,,,
5567,2,15,Proposed,43,28,0,0,"PreGuard","PreGuard(CW,G4)",,,,,
5567,2,15,Proposed,43,29,0,0,"PreGuard","PreGuard(CCW,G4)",,,,,
5567,2,15,Proposed,43,30,0,0,"PreGuard","PreGuard(CW,G5)",,,,,
5567,2,15,Proposed,43,31,0,0,"PreGuard","PreGuard(CCW,G5)",,,,,
5567,2,15,Proposed,43,32,0,0,"Hit","Hit(CW,2,TOUCH)",,,,,
5567,2,15,Proposed,43,33,0,0,"Hit","Hit(CCW,2,TOUCH)",,,,,
5567,2,15,Proposed,43,34,0,0,"Hit","Hit(CW,2,WEAK)",,,,,
5567,2,15,Proposed,43,35,0,0,"Hit","Hit(CCW,2,WEAK)",,,,,
5567,2,15,Proposed,43,36,0,0,"Hit","Hit(CW,2,MIDDLE)",,,,,
5567,2,15,Proposed,43,37,0,0,"Hit","Hit(CCW,2,MIDDLE)",,,,,
5567,2,15,Proposed,43,38,0,0,"Hit","Hit(CW,2,STRONG)",,,,,
5567,2,15,Proposed,43,39,0,0,"Hit","Hit(CCW,2,STRONG)",,,,,
5567,2,15,Proposed,43,40,0,0,"Freeze","Freeze(CW,2)",,,,,
5567,2,15,Proposed,43,41,0,0,"Freeze","Freeze(CCW,2)",,,,,
5567,2,15,Proposed,43,42,0,0,"Hit","Hit(CW,4,TOUCH)",,,,,
5567,2,15,Proposed,43,43,0,0,"Hit","Hit(CCW,4,TOUCH)",,,,,
5567,2,15,Proposed,43,44,0,0,"Hit","Hit(CW,4,WEAK)",,,,,
5567,2,15,Proposed,43,45,0,0,"Hit","Hit(CCW,4,WEAK)",,,,,
5567,2,15,Proposed,43,46,0,0,"Hit","Hit(CW,4,MIDDLE)",,,,,
5567,2,15,Proposed,43,47,0,0,"Hit","Hit(CCW,4,MIDDLE)",,,,,
5567,2,15,Proposed,43,48,0,0,"Hit","Hit(CW,4,STRONG)",,,,,
5567,2,15,Proposed,43,49,0,0,"Hit","Hit(CCW,4,STRONG)",,,,,
5567,2,15,Proposed,43,50,0,0,"Freeze","Freeze(CW,4)",,,,,
5567,2,15,Proposed,43,51,0,0,"Freeze","Freeze(CCW,4)",,,,,
5567,2,15,Proposed,43,52,0,0,"Hit","Hit(CW,6,TOUCH)",,,,,
5567,2,15,Proposed,43,53,0,0,"Hit","Hit(CCW,6,TOUCH)",,,,,
5567,2,15,Proposed,43,54,0,0,"Hit","Hit(CW,6,WEAK)",,,,,
5567,2,15,Proposed,43,55,0,0,"Hit","Hit(CCW,6,WEAK)",,,,,
5567,2,15,Proposed,43,56,0,0,"Hit","Hit(CW,6,MIDDLE)",,,,,
5567,2,15,Proposed,43,57,0,0,"Hit","Hit(CCW,6,MIDDLE)",,,,,
5567,2,15,Proposed,43,58,0,0,"Hit","Hit(CW,6,STRONG)",,,,,
5567,2,15,Proposed,43,59,0,0,"Hit","Hit(CCW,6,STRONG)",,,,,
5567,2,15,Proposed,43,60,0,0,"Freeze","Freeze(CW,6)",,,,,
5567,2,15,Proposed,43,61,0,0,"Freeze","Freeze(CCW,6)",,,,,
5567,2,15,Proposed,43,62,0,0,"Hit","Hit(CW,8,TOUCH)",,,,,
5567,2,15,Proposed,43,63,0,0,"Hit","Hit(CCW,8,TOUCH)",,,,,
5567,2,15,Proposed,43,64,0,0,"Hit","Hit(CW,8,WEAK)",,,,,
5567,2,15,Proposed,43,65,0,0,"Hit","Hit(CCW,8,WEAK)",,,,,
5567,2,15,Proposed,43,66,0,0,"Hit","Hit(CW,8,MIDDLE)",,,,,
5567,2,15,Proposed,43,67,0,0,"Hit","Hit(CCW,8,MIDDLE)",,,,,
5567,2,15,Proposed,43,68,0,0,"Hit","Hit(CW,8,STRONG)",,,,,
5567,2,15,Proposed,43,69,0,0,"Hit","Hit(CCW,8,STRONG)",,,,,
5567,2,15,Proposed,43,70,0,0,"Freeze","Freeze(CW,8)",,,,,
5567,2,15,Proposed,43,71,0,0,"Freeze","Freeze(CCW,8)",,,,,
5567,2,15,Proposed,43,72,0,0,"Hit","Hit(CW,10,TOUCH)",,,,,
5567,2,15,Proposed,43,73,0,0,"Hit","Hit(CCW,10,TOUCH)",,,,,
5567,2,15,Proposed,43,74,0,0,"Hit","Hit(CW,10,WEAK)",,,,,
5567,2,15,Proposed,43,75,0,0,"Hit","Hit(CCW,10,WEAK)",,,,,
5567,2,15,Proposed,43,76,0,0,"Hit","Hit(CW,10,MIDDLE)",,,,,
5567,2,15,Proposed,43,77,0,0,"Hit","Hit(CCW,10,MIDDLE)",,,,,
5567,2,15,Proposed,43,78,0,0,"Hit","Hit(CW,10,STRONG)",,,,,
5567,2,15,Proposed,43,79,0,0,"Hit","Hit(CCW,10,STRONG)",,,,,
5567,2,15,Proposed,43,80,0,0,"Freeze","Freeze(CW,10)",,,,,
5567,2,15,Proposed,43,81,0,0,"Freeze","Freeze(CCW,10)",,,,,
5567,2,15,Proposed,43,82,0,0,"Hit","Hit(CW,12,TOUCH)",,,,,
5567,2,15,Proposed,43,83,0,0,"Hit","Hit(CCW,12,TOUCH)",,,,,
5567,2,15,Proposed,43,84,0,0,"Hit","Hit(CW,12,WEAK)",,,,,
5567,2,15,Proposed,43,85,0,0,"Hit","Hit(CCW,12,WEAK)",,,,,
5567,2,15,Proposed,43,86,0,0,"Hit","Hit(CW,12,MIDDLE)",,,,,
5567,2,15,Proposed,43,87,0,0,"Hit","Hit(CCW,12,MIDDLE)",,,,,
5567,2,15,Proposed,43,88,0,0,"Hit","Hit(CW,12,STRONG)",,,,,
5567,2,15,Proposed,43,89,0,0,"Hit","Hit(CCW,12,STRONG)",,,,,
5567,2,15,Proposed,43,90,0,0,"Freeze","Freeze(CW,12)",,,,,
5567,2,15,Proposed,43,91,0,0,"Freeze","Freeze(CCW,12)",,,,,
5567,2,15,Proposed,43,92,0,0,"PostGuard","PostGuard(CW,3,0)",,,,,
5567,2,15,Proposed,43,93,0,0,"PostGuard","PostGuard(CCW,3,0)",,,,,
5567,2,15,Proposed,43,94,0,0,"PostGuard","PostGuard(CW,3,1)",,,,,
5567,2,15,Proposed,43,95,0,0,"PostGuard","PostGuard(CCW,3,1)",,,,,
5567,2,15,Proposed,43,96,0,0,"PostGuard","PostGuard(CW,3,2)",,,,,
5567,2,15,Proposed,43,97,0,0,"PostGuard","PostGuard(CCW,3,2)",,,,,
5567,2,15,Proposed,43,98,0,0,"PostGuard","PostGuard(CW,7,0)",,,,,
5567,2,15,Proposed,43,99,0,0,"PostGuard","PostGuard(CCW,7,0)",,,,,
5567,2,15,Proposed,43,100,0,0,"PostGuard","PostGuard(CW,7,1)",,,,,
5567,2,15,Proposed,43,101,0,0,"PostGuard","PostGuard(CCW,7,1)",,,,,
5567,2,15,Proposed,43,102,0,0,"PostGuard","PostGuard(CW,7,2)",,,,,
5567,2,15,Proposed,43,103,0,0,"PostGuard","PostGuard(CCW,7,2)",,,,,
5567,2,15,Proposed,43,104,1,1,"PostGuard","PostGuard(CW,9,0)",,,,,
5567,2,15,Proposed,43,105,2,1,"PostGuard","PostGuard(CCW,9,0)",,,,,
5567,2,15,Proposed,43,106,3,1,"PostGuard","PostGuard(CW,9,1)",,,,,
5567,2,15,Proposed,43,107,4,1,"PostGuard","PostGuard(CCW,9,1)",,,,,
5567,2,15,Proposed,43,108,5,1,"PostGuard","PostGuard(CW,9,2)",,,,,
5567,2,15,Proposed,43,109,6,1,"PostGuard","PostGuard(CCW,9,2)",,,,,
5567,2,15,Proposed,43,110,7,1,"PostGuard","PostGuard(CW,11,0)",,,,,
5567,2,15,Proposed,43,111,8,1,"PostGuard","PostGuard(CCW,11,0)",,,,,
5567,2,15,Proposed,43,112,9,1,"PostGuard","PostGuard(CW,11,1)",,,,,
5567,2,15,Proposed,43,113,10,1,"PostGuard","PostGuard(CCW,11,1)",,,,,
5567,2,15,Proposed,43,114,11,1,"PostGuard","PostGuard(CW,11,2)",,,,,
5567,2,15,Proposed,43,115,12,1,"PostGuard","PostGuard(CCW,11,2)",,,,,
5567,2,15,Proposed,43,116,13,1,"PostGuard","PostGuard(CW,13,0)",,,,,
5567,2,15,Proposed,43,117,14,1,"PostGuard","PostGuard(CCW,13,0)",,,,,
5567,2,15,Proposed,43,118,15,1,"PostGuard","PostGuard(CW,13,1)",,,,,
5567,2,15,Proposed,43,119,16,1,"PostGuard","PostGuard(CCW,13,1)",,,,,
5567,2,15,Proposed,43,120,17,1,"PostGuard","PostGuard(CW,13,2)",,,,,
5567,2,15,Proposed,43,121,18,1,"PostGuard","PostGuard(CCW,13,2)",,,,,
5567,2,15,Proposed,43,122,19,1,"PostGuard","PostGuard(CW,15,0)",,,,,
5567,2,15,Proposed,43,123,20,1,"PostGuard","PostGuard(CCW,15,0)",,,,,
5567,2,15,Proposed,43,124,21,1,"PostGuard","PostGuard(CW,15,1)",,,,,
5567,2,15,Proposed,43,125,22,1,"PostGuard","PostGuard(CCW,15,1)",,,,,
5567,2,15,Proposed,43,126,23,1,"PostGuard","PostGuard(CW,15,2)",,,,,
5567,2,15,Proposed,43,127,24,1,"PostGuard","PostGuard(CCW,15,2)",,,,,
5567,2,15,Proposed,43,128,25,1,"Pass","Pass",,,,,
2507,3,11,Proposed,43,0,0,0,"Draw","Draw(CW,TEE)",,,,,
2507,3,11,Proposed,43,2,0,0,"Draw","Draw(CW,S0)",,,,,
2507,3,11,Proposed,43,6,0,1,"Draw","Draw(CW,S4)",,,,,
2507,3,11,Proposed,43,56,0,0,"Hit","Hit(CW,8,TOUCH)",,,,,
2507,3,11,Proposed,43,64,0,0,"Freeze","Freeze(CW,8)",,,,,
2507,3,11,Proposed,43,65,0,0,"Freeze","Freeze(CCW,8)",,,,,
2507,3,11,Proposed,43,1,1,1,"Draw","Draw(CCW,TEE)",,,,,
2507,3,11,Proposed,43,3,2,0,"Draw","Draw(CCW,S0)",,,,,
2507,3,11,Proposed,43,4,2,0,"Draw","Draw(CW,S2)",,,,,
2507,3,11,Proposed,43,7,2,0,"Draw","Draw(CCW,S4)",,,,,
2507,3,11,Proposed,43,11,2,0,"Draw","Draw(CCW,L0)",,,,,
2507,3,11,Proposed,43,12,2,0,"Draw","Draw(CW,L1)",,,,,
2507,3,11,Proposed,43,23,2,0,"Draw","Draw(CCW,L6)",,,,,
2507,3,11,Proposed,43,36,2,0,"Hit","Hit(CW,4,TOUCH)",,,,,
2507,3,11,Proposed,43,37,2,0,"Hit","Hit(CCW,4,TOUCH)",,,,,
2507,3,11,Proposed,43,44,2,0,"Freeze","Freeze(CW,4)",,,,,
2507,3,11,Proposed,43,45,2,0,"Freeze","Freeze(CCW,4)",,,,,
2507,3,11,Proposed,43,46,2,0,"Hit","Hit(CW,6,TOUCH)",,,,,
2507,3,11,Proposed,43,47,2,0,"Hit","Hit(CCW,6,TOUCH)",,,,,
2507,3,11,Proposed,43,54,2,0,"Freeze","Freeze(CW,6)",,,,,
2507,3,11,Proposed,43,55,2,0,"Freeze","Freeze(CCW,6)",,,,,
2507,3,11,Proposed,43,57,2,0,"Hit","Hit(CCW,8,TOUCH)",,,,,
2507,3,11,Proposed,43,66,2,0,"Hit","Hit(CW,10,TOUCH)",,,,,
2507,3,11,Proposed,43,67,2,0,"Hit","Hit(CCW,10,TOUCH)",,,,,
2507,3,11,Proposed,43,76,2,0,"PostGuard","PostGuard(CW,1,0)",,,,,
2507,3,11,Proposed,43,77,2,0,"PostGuard","PostGuard(CCW,1,0)",,,,,
2507,3,11,Proposed,43,82,2,1,"PostGuard","PostGuard(CW,3,0)",,,,,
2507,3,11,Proposed,43,83,2,0,"PostGuard","PostGuard(CCW,3,0)",,,,,
2507,3,11,Proposed,43,5,3,0,"Draw","Draw(CCW,S2)",,,,,
2507,3,11,Proposed,43,8,3,0,"Draw","Draw(CW,S6)",,,,,
2507,3,11,Proposed,43,9,3,0,"Draw","Draw(CCW,S6)",,,,,
2507,3,11,Proposed,43,13,3,0,"Draw","Draw(CCW,L1)",,,,,
2507,3,11,Proposed,43,14,3,0,"Draw","Draw(CW,L2)",,,,,
2507,3,11,Proposed,43,15,3,0,"Draw","Draw(CCW,L2)",,,,,
2507,3,11,Proposed,43,16,3,0,"Draw","Draw(CW,L3)",,,,,
2507,3,11,Proposed,43,17,3,0,"Draw","Draw(CCW,L3)",,,,,
2507,3,11,Proposed,43,20,3,0,"Draw","Draw(CW,L5)",,,,,
2507,3,11,Proposed,43,21,3,0,"Draw","Draw(CCW,L5)",,,,,
2507,3,11,Proposed,43,24,3,0,"Draw","Draw(CW,L7)",,,,,
2507,3,11,Proposed,43,25,3,0,"Draw","Draw(CCW,L7)",,,,,
2507,3,11,Proposed,43,74,3,0,"Freeze","Freeze(CW,10)",,,,,
2507,3,11,Proposed,43,75,3,0,"Freeze","Freeze(CCW,10)",,,,,
2507,3,11,Proposed,43,78,3,0,"PostGuard","PostGuard(CW,1,1)",,,,,
2507,3,11,Proposed,43,79,3,0,"PostGuard","PostGuard(CCW,1,1)",,,,,
2507,3,11,Proposed,43,88,3,1,"PostGuard","PostGuard(CW,5,0)",,,,,
2507,3,11,Proposed,43,89,3,0,"PostGuard","PostGuard(CCW,5,0)",,,,,
2507,3,11,Proposed,43,10,4,1,"Draw","Draw(CW,L0)",,,,,
2507,3,11,Proposed,43,58,4,0,"Hit","Hit(CW,8,WEAK)",,,,,
2507,3,11,Proposed,43,18,5,0,"Draw","Draw(CW,L4)",,,,,
2507,3,11,Proposed,43,19,5,0,"Draw","Draw(CCW,L4)",,,,,
2507,3,11,Proposed,43,26,5,0,"PreGuard","PreGuard(CW,G3)",,,,,
2507,3,11,Proposed,43,27,5,0,"PreGuard","PreGuard(CCW,G3)",,,,,
2507,3,11,Proposed,43,28,5,0,"PreGuard","PreGuard(CW,G4)",,,,,
2507,3,11,Proposed,43,29,5,1,"PreGuard","PreGuard(CCW,G4)",,,,,
2507,3,11,Proposed,43,30,5,0,"PreGuard","PreGuard(CW,G5)",,,,,
2507,3,11,Proposed,43,31,5,0,"PreGuard","PreGuard(CCW,G5)",,,,,
2507,3,11,Proposed,43,80,5,0,"PostGuard","PostGuard(CW,1,2)",,,,,
2507,3,11,Proposed,43,81,5,0,"PostGuard","PostGuard(CCW,1,2)",,,,,
2507,3,11,Proposed,43,84,5,0,"PostGuard","PostGuard(CW,3,1)",,,,,
2507,3,11,Proposed,43,85,5,0,"PostGuard","PostGuard(CCW,3,1)",,,,,
2507,3,11,Proposed,43,86,5,0,"PostGuard","PostGuard(CW,3,2)",,,,,
2507,3,11,Proposed,43,87,5,0,"PostGuard","PostGuard(CCW,3,2)",,,,,
2507,3,11,Proposed,43,90,5,0,"PostGuard","PostGuard(CW,5,1)",,,,,
2507,3,11,Proposed,43,91,5,0,"PostGuard","PostGuard(CCW,5,1)",,,,,
2507,3,11,Proposed,43,92,5,0,"PostGuard","PostGuard(CW,5,2)",,,,,
2507,3,11,Proposed,43,93,5,0,"PostGuard","PostGuard(CCW,5,2)",,,,,
2507,3,11,Proposed,43,94,5,0,"PostGuard","PostGuard(CW,7,0)",,,,,
2507,3,11,Proposed,43,95,5,0,"PostGuard","PostGuard(CCW,7,0)",,,,,
2507,3,11,Proposed,43,96,5,0,"PostGuard","PostGuard(CW,7,1)",,,,,
2507,3,11,Proposed,43,97,5,0,"PostGuard","PostGuard(CCW,7,1)",,,,,
2507,3,11,Proposed,43,98,5,0,"PostGuard","PostGuard(CW,7,2)",,,,,
2507,3,11,Proposed,43,99,5,0,"PostGuard","PostGuard(CCW,7,2)",,,,,
2507,3,11,Proposed,43,100,5,0,"PostGuard","PostGuard(CW,9,0)",,,,,
2507,3,11,Proposed,43,101,5,0,"PostGuard","PostGuard(CCW,9,0)",,,,,
2507,3,11,Proposed,43,102,5,0,"PostGuard","PostGuard(CW,9,1)",,,,,
2507,3,11,Proposed,43,103,5,0,"PostGuard","PostGuard(CCW,9,1)",,,,,
2507,3,11,Proposed,43,104,5,0,"PostGuard","PostGuard(CW,9,2)",,,,,
2507,3,11,Proposed,43,105,5,0,"PostGuard","PostGuard(CCW,9,2)",,,,,
2507,3,11,Proposed,43,22,6,1,"Draw","Draw(CW,L6)",,,,,
2507,3,11,Proposed,43,32,7,1,"Hit","Hit(CW,2,MIDDLE)",,,,,
2507,3,11,Proposed,43,34,7,0,"Hit","Hit(CW,2,STRONG)",,,,,
2507,3,11,Proposed,43,33,8,1,"Hit","Hit(CCW,2,MIDDLE)",,,,,
2507,3,11,Proposed,43,35,8,0,"Hit","Hit(CCW,2,STRONG)",,,,,
2507,3,11,Proposed,43,38,9,1,"Hit","Hit(CW,4,WEAK)",,,,,
2507,3,11,Proposed,43,39,10,1,"Hit","Hit(CCW,4,WEAK)",,,,,
2507,3,11,Proposed,43,40,11,1,"Hit","Hit(CW,4,MIDDLE)",,,,,
2507,3,11,Proposed,43,42,11,0,"Hit","Hit(CW,4,STRONG)",,,,,
2507,3,11,Proposed,43,41,12,1,"Hit","Hit(CCW,4,MIDDLE)",,,,,
2507,3,11,Proposed,43,43,12,0,"Hit","Hit(CCW,4,STRONG)",,,,,
2507,3,11,Proposed,43,48,13,1,"Hit","Hit(CW,6,WEAK)",,,,,
2507,3,11,Proposed,43,49,14,1,"Hit","Hit(CCW,6,WEAK)",,,,,
2507,3,11,Proposed,43,50,15,1,"Hit","Hit(CW,6,MIDDLE)",,,,,
2507,3,11,Proposed,43,52,15,0,"Hit","Hit(CW,6,STRONG)",,,,,
2507,3,11,Proposed,43,51,16,1,"Hit","Hit(CCW,6,MIDDLE)",,,,,
2507,3,11,Proposed,43,53,16,0,"Hit","Hit(CCW,6,STRONG)",,,,,
2507,3,11,Proposed,43,59,17,1,"Hit","Hit(CCW,8,WEAK)",,,,,
2507,3,11,Proposed,43,60,18,1,"Hit","Hit(CW,8,MIDDLE)",,,,,
2507,3,11,Proposed,43,62,18,0,"Hit","Hit(CW,8,STRONG)",,,,,
2507,3,11,Proposed,43,61,19,1,"Hit","Hit(CCW,8,MIDDLE)",,,,,
2507,3,11,Proposed,43,63,19,0,"Hit","Hit(CCW,8,STRONG)",,,,,
2507,3,11,Proposed,43,68,20,0,"Hit","Hit(CW,10,WEAK)",,,,,
2507,3,11,Proposed,43,69,20,0,"Hit","Hit(CCW,10,WEAK)",,,,,
2507,3,11,Proposed,43,70,20,1,"Hit","Hit(CW,10,MIDDLE)",,,,,
2507,3,11,Proposed,43,71,20,0,"Hit","Hit(CCW,10,MIDDLE)",,,,,
2507,3,11,Proposed,43,72,20,0,"Hit","Hit(CW,10,STRONG)",,,,,
2507,3,11,Proposed,43,73,20,0,"Hit","Hit(CCW,10,STRONG)",,,,,
2507,3,11,Proposed,43,106,21,1,"Pass","Pass",,,,,
7006,3,15,Proposed,43,0,0,1,"Draw","Draw(CW,TEE)",,,,,
7006,3,15,Proposed,43,1,0,0,"Draw","Draw(CCW,TEE)",,,,,
7006,3,15,Proposed,43,2,0,0,"Draw","Draw(CW,S0)",,,,,
7006,3,15,Proposed,43,3,0,0,"Draw","Draw(CCW,S0)",,,,,
7006,3,15,Proposed,43,4,0,0,"Draw","Draw(CW,S2)",,,,,
7006,3,15,Proposed,43,5,0,0,"Draw","Draw(CCW,S2)",,,,,
7006,3,15,Proposed,43,6,0,0,"Draw","Draw(CW,S4)",,,,,
7006,3,15,Proposed,43,7,0,0,"Draw","Draw(CCW,S4)",,,,,
7006,3,15,Proposed,43,8,0,0,"Draw","Draw(CW,S6)",,,,,
7006,3,15,Proposed,43,9,0,0,"Draw","Draw(CCW,S6)",,,,,
7006,3,15,Proposed,43,10,0,0,"Draw","Draw(CW,L0)",,,,,
7006,3,15,Proposed,43,11,0,0,"Draw","Draw(CCW,L0)",,,,,
7006,3,15,Proposed,43,12,0,0,"Draw","Draw(CW,L1)",,,,,
7006,3,15,Proposed,43,13,0,0,"Draw","Draw(CCW,L1)",,,,,
7006,3,15,Proposed,43,14,0,0,"Draw","Draw(CW,L2)",,,,,
7006,3,15,Proposed,43,15,0,0,"Draw","Draw(CCW,L2)",,,,,
7006,3,15,Proposed,43,16,0,0,"Draw","Draw(CW,L3)",,,,,
7006,3,15,Proposed,43,17,0,0,"Draw","Draw(CCW,L3)",,,,,
7006,3,15,Proposed,43,18,0,0,"Draw","Draw(CW,L4)",,,,,
7006,3,15,Proposed,43,19,0,0,"Draw","Draw(CCW,L4)",,,,,
7006,3,15,Proposed,43,20,0,0,"Draw","Draw(CW,L5)",,,,,
7006,3,15,Proposed,43,21,0,0,"Draw","Draw(CCW,L5)",,,,,
7006,3,15,Proposed,43,22,0,0,"Draw","Draw(CW,L6)",,,,,
7006,3,15,Proposed,43,23,0,0,"Draw","Draw(CCW,L6)",,,,,
7006,3,15,Proposed,43,24,0,0,"Draw","Draw(CW,L7)",,,,,
7006,3,15,Proposed,43,25,0,0,"Draw","Draw(CCW,L7)",,,,,
7006,3,15,Proposed,43,26,0,0,"PreGuard","PreGuard(CW,G3)",,,,,
7006,3,15,Proposed,43,27,0,0,"PreGuard","PreGuard(CCW,G3)",,,,,
7006,3,15,Proposed,43,28,0,0,"PreGuard","PreGuard(CW,G4)",,,,,
7006,3,15,Proposed,43,29,0,0,"PreGuard","PreGuard(CCW,G4)",,,,,
7006,3,15,Proposed,43,30,0,0,"PreGuard","PreGuard(CW,G5)",,,,,
7006,3,15,Proposed,43,31,0,0,"PreGuard","PreGuard(CCW,G5)",,,,,
7006,3,15,Proposed,43,32,0,0,"Hit","Hit(CW,2,TOUCH)",,,,,
7006,3,15,Proposed,43,33,0,0,"Hit","Hit(CCW,2,TOUCH)",,,,,
7006,3,15,Proposed,43,34,0,0,"Hit","Hit(CW,2,WEAK)",,,,,
7006,3,15,Proposed,43,35,0,0,"Hit","Hit(CCW,2,WEAK)",,,,,
7006,3,15,Proposed,43,36,0,0,"Hit","Hit(CW,2,MIDDLE)",,,,,
7006,3,15,Proposed,43,37,0,0,"Hit","Hit(CCW,2,MIDDLE)",,,,,
7006,3,15,Proposed,43,38,0,0,"Hit","Hit(CW,2,STRONG)",,,,,
7006,3,15,Proposed,43,39,0,0,"Hit","Hit(CCW,2,STRONG)",,,,,
7006,3,15,Proposed,43,40,0,0,"Freeze","Freeze(CW,2)",,,,,
7006,3,15,Proposed,43,41,0,0,"Freeze","Freeze(CCW,2)",,,,,
7006,3,15,Proposed,43,42,0,0,"Hit","Hit(CW,4,TOUCH)",,,,,
7006,3,15,Proposed,43,43,0,0,"Hit","Hit(CCW,4,TOUCH)",,,,,
7006,3,15,Proposed,43,44,0,0,"Hit","Hit(CW,4,WEAK)",,,,,
7006,3,15,Proposed,43,45,0,0,"Hit","Hit(CCW,4,WEAK)",,,,,
7006,3,15,Proposed,43,46,0,0,"Hit","Hit(CW,4,MIDDLE)",,,,,
7006,3,15,Proposed,43,47,0,0,"Hit","Hit(CCW,4,MIDDLE)",,,,,
7006,3,15,Proposed,43,48,0,0,"Hit","Hit(CW,4,STRONG)",,,,,
7006,3,15,Proposed,43,49,0,0,"Hit","Hit(CCW,4,STRONG)",,,,,
7006,3,15,Proposed,43,50,0,0,"Freeze","Freeze(CW,4)",,,,,
7006,3,15,Proposed,43,51,0,0,"Freeze","Freeze(CCW,4)",,,,,
7006,3,15,Proposed,43,52,0,0,"Hit","Hit(CW,6,TOUCH)",,,,,
7006,3,15,Proposed,43,53,0,0,"Hit","Hit(CCW,6,TOUCH)",,,,,
7006,3,15,Proposed,43,54,0,0,"Hit","Hit(CW,6,WEAK)",,,,,
7006,3,15,Proposed,43,55,0,0,"Hit","Hit(CCW,6,WEAK)",,,,,
7006,3,15,Proposed,43,56,0,0,"Hit","Hit(CW,6,MIDDLE)",,,,,
7006,3,15,Proposed,43,57,0,0,"Hit","Hit(CCW,6,MIDDLE)",,,,,
7006,3,15,Proposed,43,58,0,0,"Hit","Hit(CW,6,STRONG)",,,,,
7006,3,15,Proposed,43,59,0,0,"Hit","Hit(CCW,6,STRONG)",,,,,
7006,3,15,Proposed,43,60,0,0,"Freeze","Freeze(CW,6)",,,,,
7006,3,15,Proposed,43,61,0,0,"Freeze","Freeze(CCW,6)",,,,,
7006,3,15,Proposed,43,62,0,0,"Hit","Hit(CW,8,TOUCH)",,,,,
7006,3,15,Proposed,43,63,0,0,"Hit","Hit(CCW,8,TOUCH)",,,,,
7006,3,15,Proposed,43,64,0,0,"Hit","Hit(CW,8,WEAK)",,,,,
7006,3,15,Proposed,43,65,0,0,"Hit","Hit(CCW,8,WEAK)",,,,,
7006,3,15,Proposed,43,66,0,0,"Hit","Hit(CW,8,MIDDLE)",,,,,
7006,3,15,Proposed,43,67,0,0,"Hit","Hit(CCW,8,MIDDLE)",,,,,
7006,3,15,Proposed,43,68,0,0,"Hit","Hit(CW,8,STRONG)",,,,,
7006,3,15,Proposed,43,69,0,0,"Hit","Hit(CCW,8,STRONG)",,,,,
7006,3,15,Proposed,43,70,0,0,"Freeze","Freeze(CW,8)",,,,,
7006,3,15,Proposed,43,71,0,0,"Freeze","Freeze(CCW,8)",,,,,
7006,3,15,Proposed,43,72,0,0,"Hit","Hit(CW,10,TOUCH)",,,,,
7006,3,15,Proposed,43,73,0,0,"Hit","Hit(CCW,10,TOUCH)",,,,,
7006,3,15,Proposed,43,74,0,0,"Hit","Hit(CW,10,WEAK)",,,,,
7006,3,15,Proposed,43,75,0,0,"Hit","Hit(CCW,10,WEAK)",,,,,
7006,3,15,Proposed,43,76,0,0,"Hit","Hit(CW,10,MIDDLE)",,,,,
7006,3,15,Proposed,43,77,0,0,"Hit","Hit(CCW,10,MIDDLE)",,,,,
7006,3,15,Proposed,43,78,0,0,"Hit","Hit(CW,10,STRONG)",,,,,
7006,3,15,Proposed,43,79,0,0,"Hit","Hit(CCW,10,STRONG)",,,,,
7006,3,15,Proposed,43,80,0,0,"Freeze","Freeze(CW,10)",,,,,
7006,3,15,Proposed,43,81,0,0,"Freeze","Freeze(CCW,10)",,,,,
7006,3,15,Proposed,43,82,0,0,"Hit","Hit(CW,12,TOUCH)",,,,,
7006,3,15,Proposed,43,83,0,0,"Hit","Hit(CCW,12,TOUCH)",,,,,
7006,3,15,Proposed,43,84,0,0,"Hit","Hit(CW,12,WEAK)",,,,,
7006,3,15,Proposed,43,85,0,0,"Hit","Hit(CCW,12,WEAK)",,,,,
7006,3,15,Proposed,43,86,0,0,"Hit","Hit(CW,12,MIDDLE)",,,,,
7006,3,15,Proposed,43,87,0,0,"Hit","Hit(CCW,12,MIDDLE)",,,,,
7006,3,15,Proposed,43,88,0,0,"Hit","Hit(CW,12,STRONG)",,,,,
7006,3,15,Proposed,43,89,0,0,"Hit","Hit(CCW,12,STRONG)",,,,,
7006,3,15,Proposed,43,90,0,0,"Freeze","Freeze(CW,12)",,,,,
7006,3,15,Proposed,43,91,0,0,"Freeze","Freeze(CCW,12)",,,,,
7006,3,15,Proposed,43,92,0,0,"Hit","Hit(CW,14,TOUCH)",,,,,
7006,3,15,Proposed,43,93,0,0,"Hit","Hit(CCW,14,TOUCH)",,,,,
7006,3,15,Proposed,43,94,0,0,"Hit","Hit(CW,14,WEAK)",,,,,
7006,3,15,Proposed,43,95,0,0,"Hit","Hit(CCW,14,WEAK)",,,,,
7006,3,15,Proposed,43,96,0,0,"Hit","Hit(CW,14,MIDDLE)",,,,,
7006,3,15,Proposed,43,97,0,0,"Hit","Hit(CCW,14,MIDDLE)",,,,,
7006,3,15,Proposed,43,98,0,0,"Hit","Hit(CW,14,STRONG)",,,,,
7006,3,15,Proposed,43,99,0,0,"Hit","Hit(CCW,14,STRONG)",,,,,
7006,3,15,Proposed,43,100,0,0,"Freeze","Freeze(CW,14)",,,,,
7006,3,15,Proposed,43,101,0,0,"Freeze","Freeze(CCW,14)",,,,,
7006,3,15,Proposed,43,102,0,0,"PostGuard","PostGuard(CW,1,0)",,,,,
7006,3,15,Proposed,43,103,0,0,"PostGuard","PostGuard(CCW,1,0)",,,,,
7006,3,15,Proposed,43,104,0,0,"PostGuard","PostGuard(CW,1,1)",,,,,
7006,3,15,Proposed,43,105,0,0,"PostGuard","PostGuard(CCW,1,1)",,,,,
7006,3,15,Proposed,43,106,0,0,"PostGuard","PostGuard(CW,1,2)",,,,,
7006,3,15,Proposed,43,107,0,0,"PostGuard","PostGuard(CCW,1,2)",,,,,
7006,3,15,Proposed,43,108,0,0,"PostGuard","PostGuard(CW,3,0)",,,,,
7006,3,15,Proposed,43,109,0,0,"PostGuard","PostGuard(CCW,3,0)",,,,,
7006,3,15,Proposed,43,110,0,0,"PostGuard","PostGuard(CW,3,1)",,,,,
7006,3,15,Proposed,43,111,0,0,"PostGuard","PostGuard(CCW,3,1)",,,,,
7006,3,15,Proposed,43,112,0,0,"PostGuard","PostGuard(CW,3,2)",,,,,
7006,3,15,Proposed,43,113,0,0,"PostGuard","PostGuard(CCW,3,2)",,,,,
7006,3,15,Proposed,43,114,0,0,"PostGuard","PostGuard(CW,5,0)",,,,,
7006,3,15,Proposed,43,115,0,0,"PostGuard","PostGuard(CCW,5,0)",,,,,
7006,3,15,Proposed,43,116,0,0,"PostGuard","PostGuard(CW,5,1)",,,,,
7006,3,15,Proposed,43,117,1,1,"PostGuard","PostGuard(CCW,5,1)",,,,,
7006,3,15,Proposed,43,118,2,1,"PostGuard","PostGuard(CW,5,2)",,,,,
7006,3,15,Proposed,43,119,3,1,"PostGuard","PostGuard(CCW,5,2)",,,,,
7006,3,15,Proposed,43,120,4,1,"PostGuard","PostGuard(CW,7,0)",,,,,
7006,3,15,Proposed,43,121,5,1,"PostGuard","PostGuard(CCW,7,0)",,,,,
7006,3,15,Proposed,43,122,6,1,"PostGuard","PostGuard(CW,7,1)",,,,,
7006,3,15,Proposed,43,123,7,1,"PostGuard","PostGuard(CCW,7,1)",,,,,
7006,3,15,Proposed,43,124,8,1,"PostGuard","PostGuard(CW,7,2)",,,,,
7006,3,15,Proposed,43,125,9,1,"PostGuard","PostGuard(CCW,7,2)",,,,,
7006,3,15,Proposed,43,126,10,1,"PostGuard","PostGuard(CW,9,0)",,,,,
7006,3,15,Proposed,43,127,11,1,"PostGuard","PostGuard(CCW,9,0)",,,,,
7006,3,15,Proposed,43,128,12,1,"PostGuard","PostGuard(CW,9,1)",,,,,
7006,3,15,Proposed,43,129,13,1,"PostGuard","PostGuard(CCW,9,1)",,,,,
7006,3,15,Proposed,43,130,14,1,"PostGuard","PostGuard(CW,9,2)",,,,,
7006,3,15,Proposed,43,131,15,1,"PostGuard","PostGuard(CCW,9,2)",,,,,
7006,3,15,Proposed,43,132,16,1,"PostGuard","PostGuard(CW,11,0)",,,,,
7006,3,15,Proposed,43,133,17,1,"PostGuard","PostGuard(CCW,11,0)",,,,,
7006,3,15,Proposed,43,134,18,1,"PostGuard","PostGuard(CW,11,1)",,,,,
7006,3,15,Proposed,43,135,19,1,"PostGuard","PostGuard(CCW,11,1)",,,,,
7006,3,15,Proposed,43,136,20,1,"PostGuard","PostGuard(CW,11,2)",,,,,
7006,3,15,Proposed,43,137,21,1,"PostGuard","PostGuard(CCW,11,2)",,,,,
7006,3,15,Proposed,43,138,22,1,"PostGuard","PostGuard(CW,13,0)",,,,,
7006,3,15,Proposed,43,139,23,1,"PostGuard","PostGuard(CCW,13,0)",,,,,
7006,3,15,Proposed,43,140,24,1,"PostGuard","PostGuard(CW,13,1)",,,,,
7006,3,15,Proposed,43,141,25,1,"PostGuard","PostGuard(CCW,13,1)",,,,,
7006,3,15,Proposed,43,142,26,1,"PostGuard","PostGuard(CW,13,2)",,,,,
7006,3,15,Proposed,43,143,27,1,"PostGuard","PostGuard(CCW,13,2)",,,,,
7006,3,15,Proposed,43,144,28,1,"Pass","Pass",,,,,
1984,6,4,Proposed,43,0,0,1,"Draw","Draw(CW,TEE)",,,,,
1984,6,4,Proposed,43,40,0,0,"Freeze","Freeze(CW,1)",,,,,
1984,6,4,Proposed,43,1,1,0,"Draw","Draw(CCW,TEE)",,,,,
1984,6,4,Proposed,43,2,1,0,"Draw","Draw(CW,S0)",,,,,
1984,6,4,Proposed,43,3,1,0,"Draw","Draw(CCW,S0)",,,,,
1984,6,4,Proposed,43,6,1,0,"Draw","Draw(CW,S4)",,,,,
1984,6,4,Proposed,43,7,1,1,"Draw","Draw(CCW,S4)",,,,,
1984,6,4,Proposed,43,10,1,0,"Draw","Draw(CW,L0)",,,,,
1984,6,4,Proposed,43,11,1,0,"Draw","Draw(CCW,L0)",,,,,
1984,6,4,Proposed,43,32,1,0,"Hit","Hit(CW,1,TOUCH)",,,,,
1984,6,4,Proposed,43,33,1,0,"Hit","Hit(CCW,1,TOUCH)",,,,,
1984,6,4,Proposed,43,41,1,0,"Freeze","Freeze(CCW,1)",,,,,
1984,6,4,Proposed,43,4,2,0,"Draw","Draw(CW,S2)",,,,,
1984,6,4,Proposed,43,5,2,0,"Draw","Draw(CCW,S2)",,,,,
1984,6,4,Proposed,43,8,2,0,"Draw","Draw(CW,S6)",,,,,
1984,6,4,Proposed,43,9,2,0,"Draw","Draw(CCW,S6)",,,,,
1984,6,4,Proposed,43,12,2,0,"Draw","Draw(CW,L1)",,,,,
1984,6,4,Proposed,43,13,2,0,"Draw","Draw(CCW,L1)",,,,,
1984,6,4,Proposed,43,14,2,0,"Draw","Draw(CW,L2)",,,,,
1984,6,4,Proposed,43,15,2,0,"Draw","Draw(CCW,L2)",,,,,
1984,6,4,Proposed,43,16,2,0,"Draw","Draw(CW,L3)",,,,,
1984,6,4,Proposed,43,17,2,0,"Draw","Draw(CCW,L3)",,,,,
1984,6,4,Proposed,43,20,2,0,"Draw","Draw(CW,L5)",,,,,
1984,6,4,Proposed,43,21,2,0,"Draw","Draw(CCW,L5)",,,,,
1984,6,4,Proposed,43,22,2,0,"Draw","Draw(CW,L6)",,,,,
1984,6,4,Proposed,43,23,2,0,"Draw","Draw(CCW,L6)",,,,,
1984,6,4,Proposed,43,24,2,0,"Draw","Draw(CW,L7)",,,,,
1984,6,4,Proposed,43,25,2,0,"Draw","Draw(CCW,L7)",,,,,
1984,6,4,Proposed,43,50,2,0,"Freeze","Freeze(CW,3)",,,,,
1984,6,4,Proposed,43,51,2,0,"Freeze","Freeze(CCW,3)",,,,,
1984,6,4,Proposed,43,52,2,1,"PostGuard","PostGuard(CW,2,0)",,,,,
1984,6,4,Proposed,43,53,2,0,"PostGuard","PostGuard(CCW,2,0)",,,,,
1984,6,4,Proposed,43,18,3,0,"Draw","Draw(CW,L4)",,,,,
1984,6,4,Proposed,43,19,3,0,"Draw","Draw(CCW,L4)",,,,,
1984,6,4,Proposed,43,26,3,0,"PreGuard","PreGuard(CW,G3)",,,,,
1984,6,4,Proposed,43,27,3,0,"PreGuard","PreGuard(CCW,G3)",,,,,
1984,6,4,Proposed,43,28,3,0,"PreGuard","PreGuard(CW,G4)",,,,,
1984,6,4,Proposed,43,29,3,0,"PreGuard","PreGuard(CCW,G4)",,,,,
1984,6,4,Proposed,43,30,3,0,"PreGuard","PreGuard(CW,G5)",,,,,
1984,6,4,Proposed,43,31,3,0,"PreGuard","PreGuard(CCW,G5)",,,,,
1984,6,4,Proposed,43,54,3,0,"PostGuard","PostGuard(CW,2,1)",,,,,
1984,6,4,Proposed,43,55,3,1,"PostGuard","PostGuard(CCW,2,1)",,,,,
1984,6,4,Proposed,43,56,3,0,"PostGuard","PostGuard(CW,2,2)",,,,,
1984,6,4,Proposed,43,57,3,0,"PostGuard","PostGuard(CCW,2,2)",,,,,
1984,6,4,Proposed,43,34,4,1,"Hit","Hit(CW,1,WEAK)",,,,,
1984,6,4,Proposed,43,35,5,1,"Hit","Hit(CCW,1,WEAK)",,,,,
1984,6,4,Proposed,43,36,6,1,"Hit","Hit(CW,1,MIDDLE)",,,,,
1984,6,4,Proposed,43,38,6,0,"Hit","Hit(CW,1,STRONG)",,,,,
1984,6,4,Proposed,43,37,7,1,"Hit","Hit(CCW,1,MIDDLE)",,,,,
1984,6,4,Proposed,43,39,7,0,"Hit","Hit(CCW,1,STRONG)",,,,,
1984,6,4,Proposed,43,42,8,1,"Hit","Hit(CW,3,TOUCH)",,,,,
1984,6,4,Proposed,43,43,8,0,"Hit","Hit(CCW,3,TOUCH)",,,,,
1984,6,4,Proposed,43,44,9,1,"Hit","Hit(CW,3,WEAK)",,,,,
1984,6,4,Proposed,43,45,10,0,"Hit","Hit(CCW,3,WEAK)",,,,,
1984,6,4,Proposed,43,46,10,0,"Hit","Hit(CW,3,MIDDLE)",,,,,
1984,6,4,Proposed,43,47,10,1,"Hit","Hit(CCW,3,MIDDLE)",,,,,
1984,6,4,Proposed,43,48,10,0,"Hit","Hit(CW,3,STRONG)",,,,,
1984,6,4,Proposed,43,49,10,0,"Hit","Hit(CCW,3,STRONG)",,,,,
1984,6,4,Proposed,43,58,11,1,"Pass","Pass",,,,,
1845,7,14,Proposed,43,0,0,0,"Draw","Draw(CW,TEE)",,,,,
1845,7,14,Proposed,43,1,0,0,"Draw","Draw(CCW,TEE)",,,,,
1845,7,14,Proposed,43,2,0,0,"Draw","Draw(CW,S0)",,,,,
1845,7,14,Proposed,43,3,0,0,"Draw","Draw(CCW,S0)",,,,,
1845,7,14,Proposed,43,6,0,1,"Draw","Draw(CW,S4)",,,,,
1845,7,14,Proposed,43,7,0,0,"Draw","Draw(CCW,S4)",,,,,
1845,7,14,Proposed,43,10,0,0,"Draw","Draw(CW,L0)",,,,,
1845,7,14,Proposed,43,11,0,0,"Draw","Draw(CCW,L0)",,,,,
1845,7,14,Proposed,43,4,1,0,"Draw","Draw(CW,S2)",,,,,
1845,7,14,Proposed,43,5,1,0,"Draw","Draw(CCW,S2)",,,,,
1845,7,14,Proposed,43,8,1,0,"Draw","Draw(CW,S6)",,,,,
1845,7,14,Proposed,43,42,1,0,"PostGuard","PostGuard(CW,10,0)",,,,,
1845,7,14,Proposed,43,43,1,0,"PostGuard","PostGuard(CCW,10,0)",,,,,
1845,7,14,Proposed,43,44,1,0,"PostGuard","PostGuard(CW,10,1)",,,,,
1845,7,14,Proposed,43,45,1,0,"PostGuard","PostGuard(CCW,10,1)",,,,,
1845,7,14,Proposed,43,48,1,1,"PostGuard","PostGuard(CW,12,0)",,,,,
1845,7,14,Proposed,43,49,1,0,"PostGuard","PostGuard(CCW,12,0)",,,,,
1845,7,14,Proposed,43,9,2,1,"Draw","Draw(CCW,S6)",,,,,
1845,7,14,Proposed,43,12,3,1,"Draw","Draw(CW,L1)",,,,,
1845,7,14,Proposed,43,13,3,0,"Draw","Draw(CCW,L1)",,,,,
1845,7,14,Proposed,43,14,4,1,"Draw","Draw(CW,L2)",,,,,
1845,7,14,Proposed,43,15,4,0,"Draw","Draw(CCW,L2)",,,,,
1845,7,14,Proposed,43,16,4,0,"Draw","Draw(CW,L3)",,,,,
1845,7,14,Proposed,43,17,4,0,"Draw","Draw(CCW,L3)",,,,,
1845,7,14,Proposed,43,18,5,0,"Draw","Draw(CW,L4)",,,,,
1845,7,14,Proposed,43,19,5,0,"Draw","Draw(CCW,L4)",,,,,
1845,7,14,Proposed,43,26,5,0,"PreGuard","PreGuard(CW,G3)",,,,,
1845,7,14,Proposed,43,27,5,0,"PreGuard","PreGuard(CCW,G3)",,,,,
1845,7,14,Proposed,43,28,5,0,"PreGuard","PreGuard(CW,G4)",,,,,
1845,7,14,Proposed,43,29,5,0,"PreGuard","PreGuard(CCW,G4)",,,,,
1845,7,14,Proposed,43,30,5,0,"PreGuard","PreGuard(CW,G5)",,,,,
1845,7,14,Proposed,43,31,5,0,"PreGuard","PreGuard(CCW,G5)",,,,,
1845,7,14,Proposed,43,46,5,0,"PostGuard","PostGuard(CW,10,2)",,,,,
1845,7,14,Proposed,43,47,5,1,"PostGuard","PostGuard(CCW,10,2)",,,,,
1845,7,14,Proposed,43,50,5,0,"PostGuard","PostGuard(CW,12,1)",,,,,
1845,7,14,Proposed,43,51,5,0,"PostGuard","PostGuard(CCW,12,1)",,,,,
1845,7,14,Proposed,43,52,5,0,"PostGuard","PostGuard(CW,12,2)",,,,,
1845,7,14,Proposed,43,53,5,0,"PostGuard","PostGuard(CCW,12,2)",,,,,
1845,7,14,Proposed,43,20,6,0,"Draw","Draw(CW,L5)",,,,,
1845,7,14,Proposed,43,21,6,1,"Draw","Draw(CCW,L5)",,,,,
1845,7,14,Proposed,43,40,6,0,"Freeze","Freeze(CW,13)",,,,,
1845,7,14,Proposed,43,41,6,0,"Freeze","Freeze(CCW,13)",,,,,
1845,7,14,Proposed,43,22,7,1,"Draw","Draw(CW,L6)",,,,,
1845,7,14,Proposed,43,23,7,0,"Draw","Draw(CCW,L6)",,,,,
1845,7,14,Proposed,43,24,7,0,"Draw","Draw(CW,L7)",,,,,
1845,7,14,Proposed,43,25,8,0,"Draw","Draw(CCW,L7)",,,,,
1845,7,14,Proposed,43,32,8,1,"Hit","Hit(CW,13,TOUCH)",,,,,
1845,7,14,Proposed,43,33,8,0,"Hit","Hit(CCW,13,TOUCH)",,,,,
1845,7,14,Proposed,43,34,9,0,"Hit","Hit(CW,13,WEAK)",,,,,
1845,7,14,Proposed,43,35,9,0,"Hit","Hit(CCW,13,WEAK)",,,,,
1845,7,14,Proposed,43,36,9,0,"Hit","Hit(CW,13,MIDDLE)",,,,,
1845,7,14,Proposed,43,37,9,1,"Hit","Hit(CCW,13,MIDDLE)",,,,,
1845,7,14,Proposed,43,38,9,0,"Hit","Hit(CW,13,STRONG)",,,,,
1845,7,14,Proposed,43,39,9,0,"Hit","Hit(CCW,13,STRONG)",,,,,
1845,7,14,Proposed,43,54,10,1,"Pass","Pass",,,,,
5780,2,6,Proposed,43,0,0,0,"Draw","Draw(CW,TEE)",,,,,
5780,2,6,Proposed,43,1,0,0,"Draw","Draw(CCW,TEE)",,,,,
5780,2,6,Proposed,43,2,0,0,"Draw","Draw(CW,S0)",,,,,
5780,2,6,Proposed,43,3,0,0,"Draw","Draw(CCW,S0)",,,,,
5780,2,6,Proposed,43,6,0,0,"Draw","Draw(CW,S4)",,,,,
5780,2,6,Proposed,43,7,0,1,"Draw","Draw(CCW,S4)",,,,,
5780,2,6,Proposed,43,42,0,0,"PostGuard","PostGuard(CW,0,0)",,,,,
5780,2,6,Proposed,43,43,0,0,"PostGuard","PostGuard(CCW,0,0)",,,,,
5780,2,6,Proposed,43,4,1,0,"Draw","Draw(CW,S2)",,,,,
5780,2,6,Proposed,43,5,1,0,"Draw","Draw(CCW,S2)",,,,,
5780,2,6,Proposed,43,11,1,0,"Draw","Draw(CCW,L0)",,,,,
5780,2,6,Proposed,43,12,1,0,"Draw","Draw(CW,L1)",,,,,
5780,2,6,Proposed,43,13,1,1,"Draw","Draw(CCW,L1)",,,,,
5780,2,6,Proposed,43,8,2,0,"Draw","Draw(CW,S6)",,,,,
5780,2,6,Proposed,43,9,2,0,"Draw","Draw(CCW,S6)",,,,,
5780,2,6,Proposed,43,25,2,0,"Draw","Draw(CCW,L7)",,,,,
5780,2,6,Proposed,43,32,2,1,"Hit","Hit(CW,5,TOUCH)",,,,,
5780,2,6,Proposed,43,33,2,0,"Hit","Hit(CCW,5,TOUCH)",,,,,
5780,2,6,Proposed,43,10,3,1,"Draw","Draw(CW,L0)",,,,,
5780,2,6,Proposed,43,14,4,1,"Draw","Draw(CW,L2)",,,,,
5780,2,6,Proposed,43,15,4,0,"Draw","Draw(CCW,L2)",,,,,
5780,2,6,Proposed,43,16,4,0,"Draw","Draw(CW,L3)",,,,,
5780,2,6,Proposed,43,17,4,0,"Draw","Draw(CCW,L3)",,,,,
5780,2,6,Proposed,43,18,5,0,"Draw","Draw(CW,L4)",,,,,
5780,2,6,Proposed,43,19,5,0,"Draw","Draw(CCW,L4)",,,,,
5780,2,6,Proposed,43,26,5,0,"PreGuard","PreGuard(CW,G3)",,,,,
5780,2,6,Proposed,43,27,5,0,"PreGuard","PreGuard(CCW,G3)",,,,,
5780,2,6,Proposed,43,28,5,0,"PreGuard","PreGuard(CW,G4)",,,,,
5780,2,6,Proposed,43,29,5,0,"PreGuard","PreGuard(CCW,G4)",,,,,
5780,2,6,Proposed,43,30,5,0,"PreGuard","PreGuard(CW,G5)",,,,,
5780,2,6,Proposed,43,31,5,0,"PreGuard","PreGuard(CCW,G5)",,,,,
5780,2,6,Proposed,43,46,5,0,"PostGuard","PostGuard(CW,0,2)",,,,,
5780,2,6,Proposed,43,47,5,1,"PostGuard","PostGuard(CCW,0,2)",,,,,
5780,2,6,Proposed,43,20,6,1,"Draw","Draw(CW,L5)",,,,,
5780,2,6,Proposed,43,21,6,0,"Draw","Draw(CCW,L5)",,,,,
5780,2,6,Proposed,43,40,6,0,"Freeze","Freeze(CW,5)",,,,,
5780,2,6,Proposed,43,41,6,0,"Freeze","Freeze(CCW,5)",,,,,
5780,2,6,Proposed,43,44,6,0,"PostGuard","PostGuard(CW,0,1)",,,,,
5780,2,6,Proposed,43,45,6,0,"PostGuard","PostGuard(CCW,0,1)",,,,,
5780,2,6,Proposed,43,22,7,1,"Draw","Draw(CW,L6)",,,,,
5780,2,6,Proposed,43,23,7,0,"Draw","Draw(CCW,L6)",,,,,
5780,2,6,Proposed,43,24,7,0,"Draw","Draw(CW,L7)",,,,,
5780,2,6,Proposed,43,34,8,0,"Hit","Hit(CW,5,WEAK)",,,,,
5780,2,6,Proposed,43,35,8,0,"Hit","Hit(CCW,5,WEAK)",,,,,
5780,2,6,Proposed,43,36,8,0,"Hit","Hit(CW,5,MIDDLE)",,,,,
5780,2,6,Proposed,43,37,8,1,"Hit","Hit(CCW,5,MIDDLE)",,,,,
5780,2,6,Proposed,43,38,8,0,"Hit","Hit(CW,5,STRONG)",,,,,
5780,2,6,Proposed,43,39,8,0,"Hit","Hit(CCW,5,STRONG)",,,,,
5780,2,6,Proposed,43,48,9,1,"Pass","Pass",,,,,
8645,7,5,Proposed,43,0,0,0,"Draw","Draw(CW,TEE)",,,,,
8645,7,5,Proposed,43,2,0,0,"Draw","Draw(CW,S0)",,,,,
8645,7,5,Proposed,43,16,0,0,"Draw","Draw(CW,L3)",,,,,
8645,7,5,Proposed,43,17,0,0,"Draw","Draw(CCW,L3)",,,,,
8645,7,5,Proposed,43,32,0,0,"Hit","Hit(CW,0,TOUCH)",,,,,
8645,7,5,Proposed,43,40,0,0,"Freeze","Freeze(CW,0)",,,,,
8645,7,5,Proposed,43,42,0,0,"Hit","Hit(CW,2,TOUCH)",,,,,
8645,7,5,Proposed,43,50,0,1,"Freeze","Freeze(CW,2)",,,,,
8645,7,5,Proposed,43,51,0,0,"Freeze","Freeze(CCW,2)",,,,,
8645,7,5,Proposed,43,52,0,0,"PostGuard","PostGuard(CW,1,0)",,,,,
8645,7,5,Proposed,43,54,0,0,"PostGuard","PostGuard(CW,1,1)",,,,,
8645,7,5,Proposed,43,55,0,0,"PostGuard","PostGuard(CCW,1,1)",,,,,
8645,7,5,Proposed,43,58,0,0,"PostGuard","PostGuard(CW,3,0)",,,,,
8645,7,5,Proposed,43,59,0,0,"PostGuard","PostGuard(CCW,3,0)",,,,,
8645,7,5,Proposed,43,64,0,0,"PostGuard","PostGuard(CW,5,0)",,,,,
8645,7,5,Proposed,43,65,0,0,"PostGuard","PostGuard(CCW,5,0)",,,,,
8645,7,5,Proposed,43,1,1,1,"Draw","Draw(CCW,TEE)",,,,,
8645,7,5,Proposed,43,3,1,0,"Draw","Draw(CCW,S0)",,,,,
8645,7,5,Proposed,43,6,1,0,"Draw","Draw(CW,S4)",,,,,
8645,7,5,Proposed,43,7,1,0,"Draw","Draw(CCW,S4)",,,,,
8645,7,5,Proposed,43,53,1,0,"PostGuard","PostGuard(CCW,1,0)",,,,,
8645,7,5,Proposed,43,4,2,0,"Draw","Draw(CW,S2)",,,,,
8645,7,5,Proposed,43,5,2,1,"Draw","Draw(CCW,S2)",,,,,
8645,7,5,Proposed,43,12,2,0,"Draw","Draw(CW,L1)",,,,,
8645,7,5,Proposed,43,13,2,0,"Draw","Draw(CCW,L1)",,,,,
8645,7,5,Proposed,43,14,2,0,"Draw","Draw(CW,L2)",,,,,
8645,7,5,Proposed,43,15,2,0,"Draw","Draw(CCW,L2)",,,,,
8645,7,5,Proposed,43,8,3,1,"Draw","Draw(CW,S6)",,,,,
8645,7,5,Proposed,43,9,3,0,"Draw","Draw(CCW,S6)",,,,,
8645,7,5,Proposed,43,20,3,0,"Draw","Draw(CW,L5)",,,,,
8645,7,5,Proposed,43,21,3,0,"Draw","Draw(CCW,L5)",,,,,
8645,7,5,Proposed,43,22,3,0,"Draw","Draw(CW,L6)",,,,,
8645,7,5,Proposed,43,23,3,0,"Draw","Draw(CCW,L6)",,,,,
8645,7,5,Proposed,43,24,3,0,"Draw","Draw(CW,L7)",,,,,
8645,7,5,Proposed,43,25,3,0,"Draw","Draw(CCW,L7)",,,,,
8645,7,5,Proposed,43,10,4,1,"Draw","Draw(CW,L0)",,,,,
8645,7,5,Proposed,43,11,5,1,"Draw","Draw(CCW,L0)",,,,,
8645,7,5,Proposed,43,18,6,0,"Draw","Draw(CW,L4)",,,,,
8645,7,5,Proposed,43,19,6,0,"Draw","Draw(CCW,L4)",,,,,
8645,7,5,Proposed,43,26,6,0,"PreGuard","PreGuard(CW,G3)",,,,,
8645,7,5,Proposed,43,27,6,0,"PreGuard","PreGuard(CCW,G3)",,,,,
8645,7,5,Proposed,43,28,6,0,"PreGuard","PreGuard(CW,G4)",,,,,
8645,7,5,Proposed,43,29,6,0,"PreGuard","PreGuard(CCW,G4)",,,,,
8645,7,5,Proposed,43,30,6,0,"PreGuard","PreGuard(CW,G5)",,,,,
8645,7,5,Proposed,43,31,6,0,"PreGuard","PreGuard(CCW,G5)",,,,,
8645,7,5,Proposed,43,56,6,0,"PostGuard","PostGuard(CW,1,2)",,,,,
8645,7,5,Proposed,43,57,6,0,"PostGuard","PostGuard(CCW,1,2)",,,,,
8645,7,5,Proposed,43,60,6,0,"PostGuard","PostGuard(CW,3,1)",,,,,
8645,7,5,Proposed,43,61,6,0,"PostGuard","PostGuard(CCW,3,1)",,,,,
8645,7,5,Proposed,43,62,6,0,"PostGuard","PostGuard(CW,3,2)",,,,,
8645,7,5,Proposed,43,63,6,0,"PostGuard","PostGuard(CCW,3,2)",,,,,
8645,7,5,Proposed,43,66,6,0,"PostGuard","PostGuard(CW,5,1)",,,,,
8645,7,5,Proposed,43,67,6,1,"PostGuard","PostGuard(CCW,5,1)",,,,,
8645,7,5,Proposed,43,68,6,0,"PostGuard","PostGuard(CW,5,2)",,,,,
8645,7,5,Proposed,43,69,6,0,"PostGuard","PostGuard(CCW,5,2)",,,,,
8645,7,5,Proposed,43,33,7,0,"Hit","Hit(CCW,0,TOUCH)",,,,,
8645,7,5,Proposed,43,41,7,1,"Freeze","Freeze(CCW,0)",,,,,
8645,7,5,Proposed,43,43,7,0,"Hit","Hit(CCW,2,TOUCH)",,,,,
8645,7,5,Proposed,43,34,8,1,"Hit","Hit(CW,0,WEAK)",,,,,
8645,7,5,Proposed,43,45,8,0,"Hit","Hit(CCW,2,WEAK)",,,,,
8645,7,5,Proposed,43,35,9,1,"Hit","Hit(CCW,0,WEAK)",,,,,
8645,7,5,Proposed,43,36,10,1,"Hit","Hit(CW,0,MIDDLE)",,,,,
8645,7,5,Proposed,43,37,10,0,"Hit","Hit(CCW,0,MIDDLE)",,,,,
8645,7,5,Proposed,43,38,10,0,"Hit","Hit(CW,0,STRONG)",,,,,
8645,7,5,Proposed,43,39,10,0,"Hit","Hit(CCW,0,STRONG)",,,,,
8645,7,5,Proposed,43,44,11,1,"Hit","Hit(CW,2,WEAK)",,,,,
8645,7,5,Proposed,43,46,12,1,"Hit","Hit(CW,2,MIDDLE)",,,,,
8645,7,5,Proposed,43,48,12,0,"Hit","Hit(CW,2,STRONG)",,,,,
8645,7,5,Proposed,43,47,13,1,"Hit","Hit(CCW,2,MIDDLE)",,,,,
8645,7,5,Proposed,43,49,13,0,"Hit","Hit(CCW,2,STRONG)",,,,,
8645,7,5,Proposed,43,70,14,1,"Pass","Pass",,,,,
6132,0,13,Proposed,43,0,0,0,"Draw","Draw(CW,TEE)",,,,,
6132,0,13,Proposed,43,1,0,0,"Draw","Draw(CCW,TEE)",,,,,
6132,0,13,Proposed,43,2,0,0,"Draw","Draw(CW,S0)",,,,,
6132,0,13,Proposed,43,3,0,0,"Draw","Draw(CCW,S0)",,,,,
6132,0,13,Proposed,43,5,0,0,"Draw","Draw(CCW,S2)",,,,,
6132,0,13,Proposed,43,6,0,0,"Draw","Draw(CW,S4)",,,,,
6132,0,13,Proposed,43,7,0,0,"Draw","Draw(CCW,S4)",,,,,
6132,0,13,Proposed,43,16,0,0,"Draw","Draw(CW,L3)",,,,,
6132,0,13,Proposed,43,32,0,0,"Hit","Hit(CW,8,TOUCH)",,,,,
6132,0,13,Proposed,43,33,0,0,"Hit","Hit(CCW,8,TOUCH)",,,,,
6132,0,13,Proposed,43,40,0,0,"Freeze","Freeze(CW,8)",,,,,
6132,0,13,Proposed,43,41,0,0,"Freeze","Freeze(CCW,8)",,,,,
6132,0,13,Proposed,43,43,0,0,"Hit","Hit(CCW,10,TOUCH)",,,,,
6132,0,13,Proposed,43,50,0,0,"Freeze","Freeze(CW,10)",,,,,
6132,0,13,Proposed,43,51,0,0,"Freeze","Freeze(CCW,10)",,,,,
6132,0,13,Proposed,43,52,0,0,"Hit","Hit(CW,12,TOUCH)",,,,,
6132,0,13,Proposed,43,53,0,1,"Hit","Hit(CCW,12,TOUCH)",,,,,
6132,0,13,Proposed,43,74,0,0,"PostGuard","PostGuard(CW,9,0)",,,,,
6132,0,13,Proposed,43,75,0,0,"PostGuard","PostGuard(CCW,9,0)",,,,,
6132,0,13,Proposed,43,4,1,0,"Draw","Draw(CW,S2)",,,,,
6132,0,13,Proposed,43,60,1,0,"Freeze","Freeze(CW,12)",,,,,
6132,0,13,Proposed,43,61,1,0,"Freeze","Freeze(CCW,12)",,,,,
6132,0,13,Proposed,43,62,1,0,"PostGuard","PostGuard(CW,5,0)",,,,,
6132,0,13,Proposed,43,63,1,0,"PostGuard","PostGuard(CCW,5,0)",,,,,
6132,0,13,Proposed,43,80,1,1,"PostGuard","PostGuard(CW,11,0)",,,,,
6132,0,13,Proposed,43,81,1,0,"PostGuard","PostGuard(CCW,11,0)",,,,,
6132,0,13,Proposed,43,8,2,1,"Draw","Draw(CW,S6)",,,,,
6132,0,13,Proposed,43,9,2,0,"Draw","Draw(CCW,S6)",,,,,
6132,0,13,Proposed,43,20,2,0,"Draw","Draw(CW,L5)",,,,,
6132,0,13,Proposed,43,21,2,0,"Draw","Draw(CCW,L5)",,,,,
6132,0,13,Proposed,43,22,2,0,"Draw","Draw(CW,L6)",,,,,
6132,0,13,Proposed,43,23,2,0,"Draw","Draw(CCW,L6)",,,,,
6132,0,13,Proposed,43,24,2,0,"Draw","Draw(CW,L7)",,,,,
6132,0,13,Proposed,43,25,2,0,"Draw","Draw(CCW,L7)",,,,,
6132,0,13,Proposed,43,10,3,1,"Draw","Draw(CW,L0)",,,,,
6132,0,13,Proposed,43,42,3,0,"Hit","Hit(CW,10,TOUCH)",,,,,
6132,0,13,Proposed,43,11,4,1,"Draw","Draw(CCW,L0)",,,,,
6132,0,13,Proposed,43,12,5,1,"Draw","Draw(CW,L1)",,,,,
6132,0,13,Proposed,43,15,5,0,"Draw","Draw(CCW,L2)",,,,,
6132,0,13,Proposed,43,13,6,0,"Draw","Draw(CCW,L1)",,,,,
6132,0,13,Proposed,43,14,6,1,"Draw","Draw(CW,L2)",,,,,
6132,0,13,Proposed,43,17,6,0,"Draw","Draw(CCW,L3)",,,,,
6132,0,13,Proposed,43,18,7,0,"Draw","Draw(CW,L4)",,,,,
6132,0,13,Proposed,43,19,7,0,"Draw","Draw(CCW,L4)",,,,,
6132,0,13,Proposed,43,26,7,0,"PreGuard","PreGuard(CW,G3)",,,,,
6132,0,13,Proposed,43,27,7,0,"PreGuard","PreGuard(CCW,G3)",,,,,
6132,0,13,Proposed,43,28,7,0,"PreGuard","PreGuard(CW,G4)",,,,,
6132,0,13,Proposed,43,29,7,0,"PreGuard","PreGuard(CCW,G4)",,,,,
6132,0,13,Proposed,43,30,7,0,"PreGuard","PreGuard(CW,G5)",,,,,
6132,0,13,Proposed,43,31,7,0,"PreGuard","PreGuard(CCW,G5)",,,,,
6132,0,13,Proposed,43,64,7,0,"PostGuard","PostGuard(CW,5,1)",,,,,
6132,0,13,Proposed,43,65,7,0,"PostGuard","PostGuard(CCW,5,1)",,,,,
6132,0,13,Proposed,43,66,7,0,"PostGuard","PostGuard(CW,5,2)",,,,,
6132,0,13,Proposed,43,67,7,0,"PostGuard","PostGuard(CCW,5,2)",,,,,
6132,0,13,Proposed,43,68,7,0,"PostGuard","PostGuard(CW,7,0)",,,,,
6132,0,13,Proposed,43,69,7,0,"PostGuard","PostGuard(CCW,7,0)",,,,,
6132,0,13,Proposed,43,70,7,0,"PostGuard","PostGuard(CW,7,1)",,,,,
6132,0,13,Proposed,43,71,7,0,"PostGuard","PostGuard(CCW,7,1)",,,,,
6132,0,13,Proposed,43,76,7,0,"PostGuard","PostGuard(CW,9,1)",,,,,
6132,0,13,Proposed,43,77,7,0,"PostGuard","PostGuard(CCW,9,1)",,,,,
6132,0,13,Proposed,43,78,7,0,"PostGuard","PostGuard(CW,9,2)",,,,,
6132,0,13,Proposed,43,79,7,0,"PostGuard","PostGuard(CCW,9,2)",,,,,
6132,0,13,Proposed,43,82,7,0,"PostGuard","PostGuard(CW,11,1)",,,,,
6132,0,13,Proposed,43,83,7,1,"PostGuard","PostGuard(CCW,11,1)",,,,,
6132,0,13,Proposed,43,84,7,0,"PostGuard","PostGuard(CW,11,2)",,,,,
6132,0,13,Proposed,43,85,7,0,"PostGuard","PostGuard(CCW,11,2)",,,,,
6132,0,13,Proposed,43,34,8,1,"Hit","Hit(CW,8,WEAK)",,,,,
6132,0,13,Proposed,43,35,9,1,"Hit","Hit(CCW,8,WEAK)",,,,,
6132,0,13,Proposed,43,36,10,1,"Hit","Hit(CW,8,MIDDLE)",,,,,
6132,0,13,Proposed,43,37,10,0,"Hit","Hit(CCW,8,MIDDLE)",,,,,
6132,0,13,Proposed,43,38,10,0,"Hit","Hit(CW,8,STRONG)",,,,,
6132,0,13,Proposed,43,39,10,0,"Hit","Hit(CCW,8,STRONG)",,,,,
6132,0,13,Proposed,43,44,11,1,"Hit","Hit(CW,10,WEAK)",,,,,
6132,0,13,Proposed,43,45,12,1,"Hit","Hit(CCW,10,WEAK)",,,,,
6132,0,13,Proposed,43,55,12,0,"Hit","Hit(CCW,12,WEAK)",,,,,
6132,0,13,Proposed,43,46,13,1,"Hit","Hit(CW,10,MIDDLE)",,,,,
6132,0,13,Proposed,43,48,13,0,"Hit","Hit(CW,10,STRONG)",,,,,
6132,0,13,Proposed,43,47,14,1,"Hit","Hit(CCW,10,MIDDLE)",,,,,
6132,0,13,Proposed,43,49,14,0,"Hit","Hit(CCW,10,STRONG)",,,,,
6132,0,13,Proposed,43,56,14,0,"Hit","Hit(CW,12,MIDDLE)",,,,,
6132,0,13,Proposed,43,57,14,0,"Hit","Hit(CCW,12,MIDDLE)",,,,,
6132,0,13,Proposed,43,58,14,0,"Hit","Hit(CW,12,STRONG)",,,,,
6132,0,13,Proposed,43,59,14,0,"Hit","Hit(CCW,12,STRONG)",,,,,
6132,0,13,Proposed,43,54,15,1,"Hit","Hit(CW,12,WEAK)",,,,,
6132,0,13,Proposed,43,72,16,1,"PostGuard","PostGuard(CW,7,2)",,,,,
6132,0,13,Proposed,43,73,16,0,"PostGuard","PostGuard(CCW,7,2)",,,,,
6132,0,13,Proposed,43,86,17,1,"Pass","Pass",,,,,
3339,4,10,Proposed,43,0,0,0,"Draw","Draw(CW,TEE)",,,,,
3339,4,10,Proposed,43,1,0,0,"Draw","Draw(CCW,TEE)",,,,,
3339,4,10,Proposed,43,3,0,0,"Draw","Draw(CCW,S0)",,,,,
3339,4,10,Proposed,43,6,0,0,"Draw","Draw(CW,S4)",,,,,
3339,4,10,Proposed,43,7,0,1,"Draw","Draw(CCW,S4)",,,,,
3339,4,10,Proposed,43,11,0,0,"Draw","Draw(CCW,L0)",,,,,
3339,4,10,Proposed,43,12,0,0,"Draw","Draw(CW,L1)",,,,,
3339,4,10,Proposed,43,2,1,1,"Draw","Draw(CW,S0)",,,,,
3339,4,10,Proposed,43,10,1,0,"Draw","Draw(CW,L0)",,,,,
3339,4,10,Proposed,43,42,1,0,"Hit","Hit(CW,9,TOUCH)",,,,,
3339,4,10,Proposed,43,43,1,0,"Hit","Hit(CCW,9,TOUCH)",,,,,
3339,4,10,Proposed,43,51,1,0,"Freeze","Freeze(CCW,9)",,,,,
3339,4,10,Proposed,43,4,2,0,"Draw","Draw(CW,S2)",,,,,
3339,4,10,Proposed,43,5,2,1,"Draw","Draw(CCW,S2)",,,,,
3339,4,10,Proposed,43,14,2,0,"Draw","Draw(CW,L2)",,,,,
3339,4,10,Proposed,43,15,2,0,"Draw","Draw(CCW,L2)",,,,,
3339,4,10,Proposed,43,32,2,0,"Hit","Hit(CW,7,TOUCH)",,,,,
3339,4,10,Proposed,43,33,2,0,"Hit","Hit(CCW,7,TOUCH)",,,,,
3339,4,10,Proposed,43,8,3,0,"Draw","Draw(CW,S6)",,,,,
3339,4,10,Proposed,43,9,3,1,"Draw","Draw(CCW,S6)",,,,,
3339,4,10,Proposed,43,50,3,0,"Freeze","Freeze(CW,9)",,,,,
3339,4,10,Proposed,43,13,4,1,"Draw","Draw(CCW,L1)",,,,,
3339,4,10,Proposed,43,16,5,1,"Draw","Draw(CW,L3)",,,,,
3339,4,10,Proposed,43,17,5,0,"Draw","Draw(CCW,L3)",,,,,
3339,4,10,Proposed,43,20,5,0,"Draw","Draw(CW,L5)",,,,,
3339,4,10,Proposed,43,21,5,0,"Draw","Draw(CCW,L5)",,,,,
3339,4,10,Proposed,43,22,5,0,"Draw","Draw(CW,L6)",,,,,
3339,4,10,Proposed,43,23,5,0,"Draw","Draw(CCW,L6)",,,,,
3339,4,10,Proposed,43,24,5,0,"Draw","Draw(CW,L7)",,,,,
3339,4,10,Proposed,43,25,5,0,"Draw","Draw(CCW,L7)",,,,,
3339,4,10,Proposed,43,40,5,0,"Freeze","Freeze(CW,7)",,,,,
3339,4,10,Proposed,43,41,5,0,"Freeze","Freeze(CCW,7)",,,,,
3339,4,10,Proposed,43,52,5,0,"PostGuard","PostGuard(CW,2,0)",,,,,
3339,4,10,Proposed,43,53,5,0,"PostGuard","PostGuard(CCW,2,0)",,,,,
3339,4,10,Proposed,43,64,5,0,"PostGuard","PostGuard(CW,8,0)",,,,,
3339,4,10,Proposed,43,65,5,0,"PostGuard","PostGuard(CCW,8,0)",,,,,
3339,4,10,Proposed,43,18,6,0,"Draw","Draw(CW,L4)",,,,,
3339,4,10,Proposed,43,19,6,0,"Draw","Draw(CCW,L4)",,,,,
3339,4,10,Proposed,43,26,6,1,"PreGuard","PreGuard(CW,G3)",,,,,
3339,4,10,Proposed,43,27,6,0,"PreGuard","PreGuard(CCW,G3)",,,,,
3339,4,10,Proposed,43,28,6,0,"PreGuard","PreGuard(CW,G4)",,,,,
3339,4,10,Proposed,43,29,6,0,"PreGuard","PreGuard(CCW,G4)",,,,,
3339,4,10,Proposed,43,30,6,0,"PreGuard","PreGuard(CW,G5)",,,,,
3339,4,10,Proposed,43,31,6,0,"PreGuard","PreGuard(CCW,G5)",,,,,
3339,4,10,Proposed,43,56,6,0,"PostGuard","PostGuard(CW,2,2)",,,,,
3339,4,10,Proposed,43,57,6,0,"PostGuard","PostGuard(CCW,2,2)",,,,,
3339,4,10,Proposed,43,58,6,0,"PostGuard","PostGuard(CW,6,0)",,,,,
3339,4,10,Proposed,43,59,6,0,"PostGuard","PostGuard(CCW,6,0)",,,,,
3339,4,10,Proposed,43,60,6,0,"PostGuard","PostGuard(CW,6,1)",,,,,
3339,4,10,Proposed,43,61,6,0,"PostGuard","PostGuard(CCW,6,1)",,,,,
3339,4,10,Proposed,43,66,6,0,"PostGuard","PostGuard(CW,8,1)",,,,,
3339,4,10,Proposed,43,67,6,0,"PostGuard","PostGuard(CCW,8,1)",,,,,
3339,4,10,Proposed,43,68,6,0,"PostGuard","PostGuard(CW,8,2)",,,,,
3339,4,10,Proposed,43,69,6,0,"PostGuard","PostGuard(CCW,8,2)",,,,,
3339,4,10,Proposed,43,34,7,0,"Hit","Hit(CW,7,WEAK)",,,,,
3339,4,10,Proposed,43,35,7,0,"Hit","Hit(CCW,7,WEAK)",,,,,
3339,4,10,Proposed,43,36,7,1,"Hit","Hit(CW,7,MIDDLE)",,,,,
3339,4,10,Proposed,43,37,7,0,"Hit","Hit(CCW,7,MIDDLE)",,,,,
3339,4,10,Proposed,43,38,7,0,"Hit","Hit(CW,7,STRONG)",,,,,
3339,4,10,Proposed,43,39,7,0,"Hit","Hit(CCW,7,STRONG)",,,,,
3339,4,10,Proposed,43,44,8,1,"Hit","Hit(CW,9,WEAK)",,,,,
3339,4,10,Proposed,43,45,9,1,"Hit","Hit(CCW,9,WEAK)",,,,,
3339,4,10,Proposed,43,46,10,1,"Hit","Hit(CW,9,MIDDLE)",,,,,
3339,4,10,Proposed,43,48,10,0,"Hit","Hit(CW,9,STRONG)",,,,,
3339,4,10,Proposed,43,47,11,1,"Hit","Hit(CCW,9,MIDDLE)",,,,,
3339,4,10,Proposed,43,49,11,0,"Hit","Hit(CCW,9,STRONG)",,,,,
3339,4,10,Proposed,43,54,12,1,"PostGuard","PostGuard(CW,2,1)",,,,,
3339,4,10,Proposed,43,55,12,0,"PostGuard","PostGuard(CCW,2,1)",,,,,
3339,4,10,Proposed,43,62,13,1,"PostGuard","PostGuard(CW,6,2)",,,,,
3339,4,10,Proposed,43,63,13,0,"PostGuard","PostGuard(CCW,6,2)",,,,,
3339,4,10,Proposed,43,70,14,1,"Pass","Pass",,,,,
3566,6,14,Proposed,43,0,0,0,"Draw","Draw(CW,TEE)",,,,,
3566,6,14,Proposed,43,1,0,0,"Draw","Draw(CCW,TEE)",,,,,
3566,6,14,Proposed,43,2,0,0,"Draw","Draw(CW,S0)",,,,,
3566,6,14,Proposed,43,3,0,0,"Draw","Draw(CCW,S0)",,,,,
3566,6,14,Proposed,43,6,0,0,"Draw","Draw(CW,S4)",,,,,
3566,6,14,Proposed,43,7,0,0,"Draw","Draw(CCW,S4)",,,,,
3566,6,14,Proposed,43,10,0,0,"Draw","Draw(CW,L0)",,,,,
3566,6,14,Proposed,43,11,0,0,"Draw","Draw(CCW,L0)",,,,,
3566,6,14,Proposed,43,32,0,0,"Hit","Hit(CW,1,TOUCH)",,,,,
3566,6,14,Proposed,43,33,0,0,"Hit","Hit(CCW,1,TOUCH)",,,,,
3566,6,14,Proposed,43,40,0,0,"Freeze","Freeze(CW,1)",,,,,
3566,6,14,Proposed,43,41,0,0,"Freeze","Freeze(CCW,1)",,,,,
3566,6,14,Proposed,43,42,0,0,"Hit","Hit(CW,5,TOUCH)",,,,,
3566,6,14,Proposed,43,43,0,0,"Hit","Hit(CCW,5,TOUCH)",,,,,
3566,6,14,Proposed,43,50,0,0,"Freeze","Freeze(CW,5)",,,,,
3566,6,14,Proposed,43,51,0,0,"Freeze","Freeze(CCW,5)",,,,,
3566,6,14,Proposed,43,52,0,0,"Hit","Hit(CW,7,TOUCH)",,,,,
3566,6,14,Proposed,43,53,0,0,"Hit","Hit(CCW,7,TOUCH)",,,,,
3566,6,14,Proposed,43,60,0,0,"Freeze","Freeze(CW,7)",,,,,
3566,6,14,Proposed,43,61,0,0,"Freeze","Freeze(CCW,7)",,,,,
3566,6,14,Proposed,43,62,0,0,"Hit","Hit(CW,9,TOUCH)",,,,,
3566,6,14,Proposed,43,63,0,0,"Hit","Hit(CCW,9,TOUCH)",,,,,
3566,6,14,Proposed,43,70,0,0,"Freeze","Freeze(CW,9)",,,,,
3566,6,14,Proposed,43,71,0,0,"Freeze","Freeze(CCW,9)",,,,,
3566,6,14,Proposed,43,72,0,0,"Hit","Hit(CW,11,TOUCH)",,,,,
3566,6,14,Proposed,43,73,0,0,"Hit","Hit(CCW,11,TOUCH)",,,,,
3566,6,14,Proposed,43,80,0,1,"Freeze","Freeze(CW,11)",,,,,
3566,6,14,Proposed,43,81,0,0,"Freeze","Freeze(CCW,11)",,,,,
3566,6,14,Proposed,43,82,0,0,"Hit","Hit(CW,13,TOUCH)",,,,,
3566,6,14,Proposed,43,83,0,0,"Hit","Hit(CCW,13,TOUCH)",,,,,
3566,6,14,Proposed,43,90,0,0,"Freeze","Freeze(CW,13)",,,,,
3566,6,14,Proposed,43,91,0,0,"Freeze","Freeze(CCW,13)",,,,,
3566,6,14,Proposed,43,92,0,0,"PostGuard","PostGuard(CW,0,0)",,,,,
3566,6,14,Proposed,43,93,0,0,"PostGuard","PostGuard(CCW,0,0)",,,,,
3566,6,14,Proposed,43,105,0,0,"PostGuard","PostGuard(CCW,6,0)",,,,,
3566,6,14,Proposed,43,4,1,0,"Draw","Draw(CW,S2)",,,,,
3566,6,14,Proposed,43,5,1,0,"Draw","Draw(CCW,S2)",,,,,
3566,6,14,Proposed,43,12,1,0,"Draw","Draw(CW,L1)",,,,,
3566,6,14,Proposed,43,13,1,0,"Draw","Draw(CCW,L1)",,,,,
3566,6,14,Proposed,43,14,1,1,"Draw","Draw(CW,L2)",,,,,
3566,6,14,Proposed,43,15,1,0,"Draw","Draw(CCW,L2)",,,,,
3566,6,14,Proposed,43,16,1,0,"Draw","Draw(CW,L3)",,,,,
3566,6,14,Proposed,43,17,1,0,"Draw","Draw(CCW,L3)",,,,,
3566,6,14,Proposed,43,8,2,0,"Draw","Draw(CW,S6)",,,,,
3566,6,14,Proposed,43,9,2,0,"Draw","Draw(CCW,S6)",,,,,
3566,6,14,Proposed,43,20,2,0,"Draw","Draw(CW,L5)",,,,,
3566,6,14,Proposed,43,21,2,0,"Draw","Draw(CCW,L5)",,,,,
3566,6,14,Proposed,43,22,2,0,"Draw","Draw(CW,L6)",,,,,
3566,6,14,Proposed,43,23,2,0,"Draw","Draw(CCW,L6)",,,,,
3566,6,14,Proposed,43,24,2,0,"Draw","Draw(CW,L7)",,,,,
3566,6,14,Proposed,43,25,2,0,"Draw","Draw(CCW,L7)",,,,,
3566,6,14,Proposed,43,94,2,1,"PostGuard","PostGuard(CW,0,1)",,,,,
3566,6,14,Proposed,43,95,2,0,"PostGuard","PostGuard(CCW,0,1)",,,,,
3566,6,14,Proposed,43,98,2,0,"PostGuard","PostGuard(CW,4,0)",,,,,
3566,6,14,Proposed,43,99,2,0,"PostGuard","PostGuard(CCW,4,0)",,,,,
3566,6,14,Proposed,43,100,2,0,"PostGuard","PostGuard(CW,4,1)",,,,,
3566,6,14,Proposed,43,101,2,0,"PostGuard","PostGuard(CCW,4,1)",,,,,
3566,6,14,Proposed,43,104,2,0,"PostGuard","PostGuard(CW,6,0)",,,,,
3566,6,14,Proposed,43,110,2,0,"PostGuard","PostGuard(CW,8,0)",,,,,
3566,6,14,Proposed,43,111,2,0,"PostGuard","PostGuard(CCW,8,0)",,,,,
3566,6,14,Proposed,43,116,2,0,"PostGuard","PostGuard(CW,10,0)",,,,,
3566,6,14,Proposed,43,117,2,0,"PostGuard","PostGuard(CCW,10,0)",,,,,
3566,6,14,Proposed,43,18,3,0,"Draw","Draw(CW,L4)",,,,,
3566,6,14,Proposed,43,19,3,0,"Draw","Draw(CCW,L4)",,,,,
3566,6,14,Proposed,43,26,3,0,"PreGuard","PreGuard(CW,G3)",,,,,
3566,6,14,Proposed,43,27,3,0,"PreGuard","PreGuard(CCW,G3)",,,,,
3566,6,14,Proposed,43,28,3,0,"PreGuard","PreGuard(CW,G4)",,,,,
3566,6,14,Proposed,43,29,3,0,"PreGuard","PreGuard(CCW,G4)",,,,,
3566,6,14,Proposed,43,30,3,0,"PreGuard","PreGuard(CW,G5)",,,,,
3566,6,14,Proposed,43,31,3,0,"PreGuard","PreGuard(CCW,G5)",,,,,
3566,6,14,Proposed,43,96,3,0,"PostGuard","PostGuard(CW,0,2)",,,,,
3566,6,14,Proposed,43,97,3,0,"PostGuard","PostGuard(CCW,0,2)",,,,,
3566,6,14,Proposed,43,102,3,0,"PostGuard","PostGuard(CW,4,2)",,,,,
3566,6,14,Proposed,43,103,3,0,"PostGuard","PostGuard(CCW,4,2)",,,,,
3566,6,14,Proposed,43,106,3,0,"PostGuard","PostGuard(CW,6,1)",,,,,
3566,6,14,Proposed,43,107,3,0,"PostGuard","PostGuard(CCW,6,1)",,,,,
3566,6,14,Proposed,43,108,3,0,"PostGuard","PostGuard(CW,6,2)",,,,,
3566,6,14,Proposed,43,109,3,0,"PostGuard","PostGuard(CCW,6,2)",,,,,
3566,6,14,Proposed,43,112,3,0,"PostGuard","PostGuard(CW,8,1)",,,,,
3566,6,14,Proposed,43,113,3,0,"PostGuard","PostGuard(CCW,8,1)",,,,,
3566,6,14,Proposed,43,114,3,0,"PostGuard","PostGuard(CW,8,2)",,,,,
3566,6,14,Proposed,43,115,3,0,"PostGuard","PostGuard(CCW,8,2)",,,,,
3566,6,14,Proposed,43,118,3,1,"PostGuard","PostGuard(CW,10,1)",,,,,
3566,6,14,Proposed,43,119,3,0,"PostGuard","PostGuard(CCW,10,1)",,,,,
3566,6,14,Proposed,43,120,3,0,"PostGuard","PostGuard(CW,10,2)",,,,,
3566,6,14,Proposed,43,121,3,0,"PostGuard","PostGuard(CCW,10,2)",,,,,
3566,6,14,Proposed,43,122,3,0,"PostGuard","PostGuard(CW,12,0)",,,,,
3566,6,14,Proposed,43,123,3,0,"PostGuard","PostGuard(CCW,12,0)",,,,,
3566,6,14,Proposed,43,124,3,0,"PostGuard","PostGuard(CW,12,1)",,,,,
3566,6,14,Proposed,43,125,3,0,"PostGuard","PostGuard(CCW,12,1)",,,,,
3566,6,14,Proposed,43,34,4,1,"Hit","Hit(CW,1,WEAK)",,,,,
3566,6,14,Proposed,43,74,4,0,"Hit","Hit(CW,11,WEAK)",,,,,
3566,6,14,Proposed,43,35,5,1,"Hit","Hit(CCW,1,WEAK)",,,,,
3566,6,14,Proposed,43,36,6,1,"Hit","Hit(CW,1,MIDDLE)",,,,,
3566,6,14,Proposed,43,38,6,0,"Hit","Hit(CW,1,STRONG)",,,,,
3566,6,14,Proposed,43,75,6,0,"Hit","Hit(CCW,11,WEAK)",,,,,
3566,6,14,Proposed,43,37,7,1,"Hit","Hit(CCW,1,MIDDLE)",,,,,
3566,6,14,Proposed,43,39,7,0,"Hit","Hit(CCW,1,STRONG)",,,,,
3566,6,14,Proposed,43,44,8,1,"Hit","Hit(CW,5,WEAK)",,,,,
3566,6,14,Proposed,43,84,8,0,"Hit","Hit(CW,13,WEAK)",,,,,
3566,6,14,Proposed,43,45,9,1,"Hit","Hit(CCW,5,WEAK)",,,,,
3566,6,14,Proposed,43,46,10,1,"Hit","Hit(CW,5,MIDDLE)",,,,,
3566,6,14,Proposed,43,48,10,0,"Hit","Hit(CW,5,STRONG)",,,,,
3566,6,14,Proposed,43,47,11,1,"Hit","Hit(CCW,5,MIDDLE)",,,,,
3566,6,14,Proposed,43,49,11,0,"Hit","Hit(CCW,5,STRONG)",,,,,
3566,6,14,Proposed,43,54,12,1,"Hit","Hit(CW,7,WEAK)",,,,,
3566,6,14,Proposed,43,55,13,1,"Hit","Hit(CCW,7,WEAK)",,,,,
3566,6,14,Proposed,43,56,14,1,"Hit","Hit(CW,7,MIDDLE)",,,,,
3566,6,14,Proposed,43,58,14,0,"Hit","Hit(CW,7,STRONG)",,,,,
3566,6,14,Proposed,43,57,15,1,"Hit","Hit(CCW,7,MIDDLE)",,,,,
3566,6,14,Proposed,43,59,15,0,"Hit","Hit(CCW,7,STRONG)",,,,,
3566,6,14,Proposed,43,64,16,1,"Hit","Hit(CW,9,WEAK)",,,,,
3566,6,14,Proposed,43,65,16,0,"Hit","Hit(CCW,9,WEAK)",,,,,
3566,6,14,Proposed,43,66,17,1,"Hit","Hit(CW,9,MIDDLE)",,,,,
3566,6,14,Proposed,43,68,17,0,"Hit","Hit(CW,9,STRONG)",,,,,
3566,6,14,Proposed,43,67,18,1,"Hit","Hit(CCW,9,MIDDLE)",,,,,
3566,6,14,Proposed,43,69,18,0,"Hit","Hit(CCW,9,STRONG)",,,,,
3566,6,14,Proposed,43,76,19,1,"Hit","Hit(CW,11,MIDDLE)",,,,,
3566,6,14,Proposed,43,78,19,0,"Hit","Hit(CW,11,STRONG)",,,,,
3566,6,14,Proposed,43,77,20,1,"Hit","Hit(CCW,11,MIDDLE)",,,,,
3566,6,14,Proposed,43,79,20,0,"Hit","Hit(CCW,11,STRONG)",,,,,
3566,6,14,Proposed,43,85,21,1,"Hit","Hit(CCW,13,WEAK)",,,,,
3566,6,14,Proposed,43,86,22,1,"Hit","Hit(CW,13,MIDDLE)",,,,,
3566,6,14,Proposed,43,88,22,0,"Hit","Hit(CW,13,STRONG)",,,,,
3566,6,14,Proposed,43,87,23,1,"Hit","Hit(CCW,13,MIDDLE)",,,,,
3566,6,14,Proposed,43,89,23,0,"Hit","Hit(CCW,13,STRONG)",,,,,
3566,6,14,Proposed,43,126,24,1,"PostGuard","PostGuard(CW,12,2)",,,,,
3566,6,14,Proposed,43,127,24,0,"PostGuard","PostGuard(CCW,12,2)",,,,,
3566,6,14,Proposed,43,128,25,1,"Pass","Pass",,,,,
5523,3,9,Proposed,43,0,0,0,"Draw","Draw(CW,TEE)",,,,,
5523,3,9,Proposed,43,1,0,0,"Draw","Draw(CCW,TEE)",,,,,
5523,3,9,Proposed,43,2,0,0,"Draw","Draw(CW,S0)",,,,,
5523,3,9,Proposed,43,3,0,0,"Draw","Draw(CCW,S0)",,,,,
5523,3,9,Proposed,43,4,0,0,"Draw","Draw(CW,S2)",,,,,
5523,3,9,Proposed,43,5,0,0,"Draw","Draw(CCW,S2)",,,,,
5523,3,9,Proposed,43,6,0,0,"Draw","Draw(CW,S4)",,,,,
5523,3,9,Proposed,43,7,0,0,"Draw","Draw(CCW,S4)",,,,,
5523,3,9,Proposed,43,8,0,0,"Draw","Draw(CW,S6)",,,,,
5523,3,9,Proposed,43,9,0,0,"Draw","Draw(CCW,S6)",,,,,
5523,3,9,Proposed,43,12,0,0,"Draw","Draw(CW,L1)",,,,,
5523,3,9,Proposed,43,13,0,0,"Draw","Draw(CCW,L1)",,,,,
5523,3,9,Proposed,43,14,0,0,"Draw","Draw(CW,L2)",,,,,
5523,3,9,Proposed,43,15,0,0,"Draw","Draw(CCW,L2)",,,,,
5523,3,9,Proposed,43,16,0,0,"Draw","Draw(CW,L3)",,,,,
5523,3,9,Proposed,43,17,0,0,"Draw","Draw(CCW,L3)",,,,,
5523,3,9,Proposed,43,20,0,0,"Draw","Draw(CW,L5)",,,,,
5523,3,9,Proposed,43,21,0,0,"Draw","Draw(CCW,L5)",,,,,
5523,3,9,Proposed,43,22,0,0,"Draw","Draw(CW,L6)",,,,,
5523,3,9,Proposed,43,23,0,0,"Draw","Draw(CCW,L6)",,,,,
5523,3,9,Proposed,43,24,0,0,"Draw","Draw(CW,L7)",,,,,
5523,3,9,Proposed,43,25,0,0,"Draw","Draw(CCW,L7)",,,,,
5523,3,9,Proposed,43,32,0,0,"Hit","Hit(CW,0,TOUCH)",,,,,
5523,3,9,Proposed,43,40,0,0,"Freeze","Freeze(CW,0)",,,,,
5523,3,9,Proposed,43,41,0,0,"Freeze","Freeze(CCW,0)",,,,,
5523,3,9,Proposed,43,43,0,0,"Hit","Hit(CCW,2,TOUCH)",,,,,
5523,3,9,Proposed,43,51,0,0,"Freeze","Freeze(CCW,2)",,,,,
5523,3,9,Proposed,43,52,0,0,"Hit","Hit(CW,4,TOUCH)",,,,,
5523,3,9,Proposed,43,53,0,0,"Hit","Hit(CCW,4,TOUCH)",,,,,
5523,3,9,Proposed,43,60,0,1,"Freeze","Freeze(CW,4)",,,,,
5523,3,9,Proposed,43,61,0,0,"Freeze","Freeze(CCW,4)",,,,,
5523,3,9,Proposed,43,62,0,0,"Hit","Hit(CW,6,TOUCH)",,,,,
5523,3,9,Proposed,43,63,0,0,"Hit","Hit(CCW,6,TOUCH)",,,,,
5523,3,9,Proposed,43,70,0,0,"Freeze","Freeze(CW,6)",,,,,
5523,3,9,Proposed,43,71,0,0,"Freeze","Freeze(CCW,6)",,,,,
5523,3,9,Proposed,43,72,0,0,"PostGuard","PostGuard(CW,1,0)",,,,,
5523,3,9,Proposed,43,73,0,0,"PostGuard","PostGuard(CCW,1,0)",,,,,
5523,3,9,Proposed,43,74,0,0,"PostGuard","PostGuard(CW,1,1)",,,,,
5523,3,9,Proposed,43,75,0,0,"PostGuard","PostGuard(CCW,1,1)",,,,,
5523,3,9,Proposed,43,78,0,0,"PostGuard","PostGuard(CW,3,0)",,,,,
5523,3,9,Proposed,43,79,0,0,"PostGuard","PostGuard(CCW,3,0)",,,,,
5523,3,9,Proposed,43,80,0,0,"PostGuard","PostGuard(CW,3,1)",,,,,
5523,3,9,Proposed,43,81,0,0,"PostGuard","PostGuard(CCW,3,1)",,,,,
5523,3,9,Proposed,43,84,0,0,"PostGuard","PostGuard(CW,5,0)",,,,,
5523,3,9,Proposed,43,85,0,0,"PostGuard","PostGuard(CCW,5,0)",,,,,
5523,3,9,Proposed,43,90,0,0,"PostGuard","PostGuard(CW,7,0)",,,,,
5523,3,9,Proposed,43,91,0,0,"PostGuard","PostGuard(CCW,7,0)",,,,,
5523,3,9,Proposed,43,10,1,1,"Draw","Draw(CW,L0)",,,,,
5523,3,9,Proposed,43,11,2,1,"Draw","Draw(CCW,L0)",,,,,
5523,3,9,Proposed,43,18,3,0,"Draw","Draw(CW,L4)",,,,,
5523,3,9,Proposed,43,19,3,0,"Draw","Draw(CCW,L4)",,,,,
5523,3,9,Proposed,43,26,3,0,"PreGuard","PreGuard(CW,G3)",,,,,
5523,3,9,Proposed,43,27,3,0,"PreGuard","PreGuard(CCW,G3)",,,,,
5523,3,9,Proposed,43,28,3,0,"PreGuard","PreGuard(CW,G4)",,,,,
5523,3,9,Proposed,43,29,3,0,"PreGuard","PreGuard(CCW,G4)",,,,,
5523,3,9,Proposed,43,30,3,0,"PreGuard","PreGuard(CW,G5)",,,,,
5523,3,9,Proposed,43,31,3,0,"PreGuard","PreGuard(CCW,G5)",,,,,
5523,3,9,Proposed,43,76,3,0,"PostGuard","PostGuard(CW,1,2)",,,,,
5523,3,9,Proposed,43,77,3,0,"PostGuard","PostGuard(CCW,1,2)",,,,,
5523,3,9,Proposed,43,82,3,0,"PostGuard","PostGuard(CW,3,2)",,,,,
5523,3,9,Proposed,43,83,3,0,"PostGuard","PostGuard(CCW,3,2)",,,,,
5523,3,9,Proposed,43,86,3,0,"PostGuard","PostGuard(CW,5,1)",,,,,
5523,3,9,Proposed,43,87,3,0,"PostGuard","PostGuard(CCW,5,1)",,,,,
5523,3,9,Proposed,43,88,3,0,"PostGuard","PostGuard(CW,5,2)",,,,,
5523,3,9,Proposed,43,89,3,0,"PostGuard","PostGuard(CCW,5,2)",,,,,
5523,3,9,Proposed,43,92,3,1,"PostGuard","PostGuard(CW,7,1)",,,,,
5523,3,9,Proposed,43,93,3,0,"PostGuard","PostGuard(CCW,7,1)",,,,,
5523,3,9,Proposed,43,94,3,0,"PostGuard","PostGuard(CW,7,2)",,,,,
5523,3,9,Proposed,43,95,3,0,"PostGuard","PostGuard(CCW,7,2)",,,,,
5523,3,9,Proposed,43,96,3,0,"PostGuard","PostGuard(CW,9,0)",,,,,
5523,3,9,Proposed,43,97,3,0,"PostGuard","PostGuard(CCW,9,0)",,,,,
5523,3,9,Proposed,43,98,3,0,"PostGuard","PostGuard(CW,9,1)",,,,,
5523,3,9,Proposed,43,99,3,0,"PostGuard","PostGuard(CCW,9,1)",,,,,
5523,3,9,Proposed,43,100,3,0,"PostGuard","PostGuard(CW,9,2)",,,,,
5523,3,9,Proposed,43,101,3,0,"PostGuard","PostGuard(CCW,9,2)",,,,,
5523,3,9,Proposed,43,33,4,1,"Hit","Hit(CCW,0,TOUCH)",,,,,
5523,3,9,Proposed,43,34,5,1,"Hit","Hit(CW,0,WEAK)",,,,,
5523,3,9,Proposed,43,35,6,1,"Hit","Hit(CCW,0,WEAK)",,,,,
5523,3,9,Proposed,43,36,7,1,"Hit","Hit(CW,0,MIDDLE)",,,,,
5523,3,9,Proposed,43,38,7,0,"Hit","Hit(CW,0,STRONG)",,,,,
5523,3,9,Proposed,43,37,8,1,"Hit","Hit(CCW,0,MIDDLE)",,,,,
5523,3,9,Proposed,43,39,8,0,"Hit","Hit(CCW,0,STRONG)",,,,,
5523,3,9,Proposed,43,42,9,1,"Hit","Hit(CW,2,TOUCH)",,,,,
5523,3,9,Proposed,43,50,9,0,"Freeze","Freeze(CW,2)",,,,,
5523,3,9,Proposed,43,44,10,1,"Hit","Hit(CW,2,WEAK)",,,,,
5523,3,9,Proposed,43,45,11,1,"Hit","Hit(CCW,2,WEAK)",,,,,
5523,3,9,Proposed,43,46,11,0,"Hit","Hit(CW,2,MIDDLE)",,,,,
5523,3,9,Proposed,43,47,11,0,"Hit","Hit(CCW,2,MIDDLE)",,,,,
5523,3,9,Proposed,43,48,11,0,"Hit","Hit(CW,2,STRONG)",,,,,
5523,3,9,Proposed,43,49,11,0,"Hit","Hit(CCW,2,STRONG)",,,,,
5523,3,9,Proposed,43,54,12,1,"Hit","Hit(CW,4,WEAK)",,,,,
5523,3,9,Proposed,43,55,13,1,"Hit","Hit(CCW,4,WEAK)",,,,,
5523,3,9,Proposed,43,56,14,1,"Hit","Hit(CW,4,MIDDLE)",,,,,
5523,3,9,Proposed,43,58,14,0,"Hit","Hit(CW,4,STRONG)",,,,,
5523,3,9,Proposed,43,57,15,1,"Hit","Hit(CCW,4,MIDDLE)",,,,,
5523,3,9,Proposed,43,59,15,0,"Hit","Hit(CCW,4,STRONG)",,,,,
5523,3,9,Proposed,43,64,16,1,"Hit","Hit(CW,6,WEAK)",,,,,
5523,3,9,Proposed,43,65,17,1,"Hit","Hit(CCW,6,WEAK)",,,,,
5523,3,9,Proposed,43,66,18,1,"Hit","Hit(CW,6,MIDDLE)",,,,,
5523,3,9,Proposed,43,68,18,0,"Hit","Hit(CW,6,STRONG)",,,,,
5523,3,9,Proposed,43,67,19,1,"Hit","Hit(CCW,6,MIDDLE)",,,,,
5523,3,9,Proposed,43,69,19,0,"Hit","Hit(CCW,6,STRONG)",,,,,
5523,3,9,Proposed,43,102,20,1,"Pass","Pass",,,,,
7015,5,14,Proposed,43,0,0,0,"Draw","Draw(CW,TEE)",,,,,
7015,5,14,Proposed,43,2,0,0,"Draw","Draw(CW,S0)",,,,,
7015,5,14,Proposed,43,3,0,0,"Draw","Draw(CCW,S0)",,,,,
7015,5,14,Proposed,43,4,0,0,"Draw","Draw(CW,S2)",,,,,
7015,5,14,Proposed,43,5,0,0,"Draw","Draw(CCW,S2)",,,,,
7015,5,14,Proposed,43,6,0,0,"Draw","Draw(CW,S4)",,,,,
7015,5,14,Proposed,43,7,0,0,"Draw","Draw(CCW,S4)",,,,,
7015,5,14,Proposed,43,8,0,0,"Draw","Draw(CW,S6)",,,,,
7015,5,14,Proposed,43,10,0,0,"Draw","Draw(CW,L0)",,,,,
7015,5,14,Proposed,43,32,0,0,"Hit","Hit(CW,1,TOUCH)",,,,,
7015,5,14,Proposed,43,33,0,0,"Hit","Hit(CCW,1,TOUCH)",,,,,
7015,5,14,Proposed,43,40,0,0,"Freeze","Freeze(CW,1)",,,,,
7015,5,14,Proposed,43,42,0,0,"Hit","Hit(CW,3,TOUCH)",,,,,
7015,5,14,Proposed,43,52,0,0,"Hit","Hit(CW,5,TOUCH)",,,,,
7015,5,14,Proposed,43,53,0,0,"Hit","Hit(CCW,5,TOUCH)",,,,,
7015,5,14,Proposed,43,60,0,0,"Freeze","Freeze(CW,5)",,,,,
7015,5,14,Proposed,43,61,0,0,"Freeze","Freeze(CCW,5)",,,,,
7015,5,14,Proposed,43,62,0,0,"Hit","Hit(CW,7,TOUCH)",,,,,
7015,5,14,Proposed,43,70,0,0,"Freeze","Freeze(CW,7)",,,,,
7015,5,14,Proposed,43,72,0,0,"Hit","Hit(CW,9,TOUCH)",,,,,
7015,5,14,Proposed,43,73,0,0,"Hit","Hit(CCW,9,TOUCH)",,,,,
7015,5,14,Proposed,43,82,0,0,"Hit","Hit(CW,11,TOUCH)",,,,,
7015,5,14,Proposed,43,83,0,0,"Hit","Hit(CCW,11,TOUCH)",,,,,
7015,5,14,Proposed,43,92,0,0,"Hit","Hit(CW,13,TOUCH)",,,,,
7015,5,14,Proposed,43,93,0,0,"Hit","Hit(CCW,13,TOUCH)",,,,,
7015,5,14,Proposed,43,101,0,1,"Freeze","Freeze(CCW,13)",,,,,
7015,5,14,Proposed,43,102,0,0,"PostGuard","PostGuard(CW,0,0)",,,,,
7015,5,14,Proposed,43,103,0,0,"PostGuard","PostGuard(CCW,0,0)",,,,,
7015,5,14,Proposed,43,108,0,0,"PostGuard","PostGuard(CW,2,0)",,,,,
7015,5,14,Proposed,43,1,1,0,"Draw","Draw(CCW,TEE)",,,,,
7015,5,14,Proposed,43,9,1,0,"Draw","Draw(CCW,S6)",,,,,
7015,5,14,Proposed,43,25,1,0,"Draw","Draw(CCW,L7)",,,,,
7015,5,14,Proposed,43,41,1,0,"Freeze","Freeze(CCW,1)",,,,,
7015,5,14,Proposed,43,43,1,0,"Hit","Hit(CCW,3,TOUCH)",,,,,
7015,5,14,Proposed,43,50,1,0,"Freeze","Freeze(CW,3)",,,,,
7015,5,14,Proposed,43,51,1,0,"Freeze","Freeze(CCW,3)",,,,,
7015,5,14,Proposed,43,63,1,0,"Hit","Hit(CCW,7,TOUCH)",,,,,
7015,5,14,Proposed,43,71,1,0,"Freeze","Freeze(CCW,7)",,,,,
7015,5,14,Proposed,43,80,1,0,"Freeze","Freeze(CW,9)",,,,,
7015,5,14,Proposed,43,81,1,0,"Freeze","Freeze(CCW,9)",,,,,
7015,5,14,Proposed,43,100,1,1,"Freeze","Freeze(CW,13)",,,,,
7015,5,14,Proposed,43,11,2,1,"Draw","Draw(CCW,L0)",,,,,
7015,5,14,Proposed,43,12,3,1,"Draw","Draw(CW,L1)",,,,,
7015,5,14,Proposed,43,13,4,0,"Draw","Draw(CCW,L1)",,,,,
7015,5,14,Proposed,43,14,4,0,"Draw","Draw(CW,L2)",,,,,
7015,5,14,Proposed,43,15,4,0,"Draw","Draw(CCW,L2)",,,,,
7015,5,14,Proposed,43,16,4,0,"Draw","Draw(CW,L3)",,,,,
7015,5,14,Proposed,43,17,4,0,"Draw","Draw(CCW,L3)",,,,,
7015,5,14,Proposed,43,20,4,0,"Draw","Draw(CW,L5)",,,,,
7015,5,14,Proposed,43,21,4,0,"Draw","Draw(CCW,L5)",,,,,
7015,5,14,Proposed,43,22,4,0,"Draw","Draw(CW,L6)",,,,,
7015,5,14,Proposed,43,23,4,0,"Draw","Draw(CCW,L6)",,,,,
7015,5,14,Proposed,43,24,4,0,"Draw","Draw(CW,L7)",,,,,
7015,5,14,Proposed,43,90,4,0,"Freeze","Freeze(CW,11)",,,,,
7015,5,14,Proposed,43,91,4,0,"Freeze","Freeze(CCW,11)",,,,,
7015,5,14,Proposed,43,104,4,0,"PostGuard","PostGuard(CW,0,1)",,,,,
7015,5,14,Proposed,43,105,4,0,"PostGuard","PostGuard(CCW,0,1)",,,,,
7015,5,14,Proposed,43,109,4,0,"PostGuard","PostGuard(CCW,2,0)",,,,,
7015,5,14,Proposed,43,114,4,0,"PostGuard","PostGuard(CW,4,0)",,,,,
7015,5,14,Proposed,43,115,4,0,"PostGuard","PostGuard(CCW,4,0)",,,,,
7015,5,14,Proposed,43,120,4,1,"PostGuard","PostGuard(CW,6,0)",,,,,
7015,5,14,Proposed,43,121,4,0,"PostGuard","PostGuard(CCW,6,0)",,,,,
7015,5,14,Proposed,43,18,5,0,"Draw","Draw(CW,L4)",,,,,
7015,5,14,Proposed,43,19,5,0,"Draw","Draw(CCW,L4)",,,,,
7015,5,14,Proposed,43,26,5,0,"PreGuard","PreGuard(CW,G3)",,,,,
7015,5,14,Proposed,43,27,5,0,"PreGuard","PreGuard(CCW,G3)",,,,,
7015,5,14,Proposed,43,28,5,0,"PreGuard","PreGuard(CW,G4)",,,,,
7015,5,14,Proposed,43,29,5,0,"PreGuard","PreGuard(CCW,G4)",,,,,
7015,5,14,Proposed,43,30,5,0,"PreGuard","PreGuard(CW,G5)",,,,,
7015,5,14,Proposed,43,31,5,0,"PreGuard","PreGuard(CCW,G5)",,,,,
7015,5,14,Proposed,43,106,5,0,"PostGuard","PostGuard(CW,0,2)",,,,,
7015,5,14,Proposed,43,107,5,0,"PostGuard","PostGuard(CCW,0,2)",,,,,
7015,5,14,Proposed,43,112,5,0,"PostGuard","PostGuard(CW,2,2)",,,,,
7015,5,14,Proposed,43,113,5,0,"PostGuard","PostGuard(CCW,2,2)",,,,,
7015,5,14,Proposed,43,116,5,0,"PostGuard","PostGuard(CW,4,1)",,,,,
7015,5,14,Proposed,43,117,5,0,"PostGuard","PostGuard(CCW,4,1)",,,,,
7015,5,14,Proposed,43,118,5,0,"PostGuard","PostGuard(CW,4,2)",,,,,
7015,5,14,Proposed,43,119,5,0,"PostGuard","PostGuard(CCW,4,2)",,,,,
7015,5,14,Proposed,43,122,5,0,"PostGuard","PostGuard(CW,6,1)",,,,,
7015,5,14,Proposed,43,123,5,1,"PostGuard","PostGuard(CCW,6,1)",,,,,
7015,5,14,Proposed,43,124,5,0,"PostGuard","PostGuard(CW,6,2)",,,,,
7015,5,14,Proposed,43,125,5,0,"PostGuard","PostGuard(CCW,6,2)",,,,,
7015,5,14,Proposed,43,126,5,0,"PostGuard","PostGuard(CW,8,0)",,,,,
7015,5,14,Proposed,43,127,5,0,"PostGuard","PostGuard(CCW,8,0)",,,,,
7015,5,14,Proposed,43,128,5,0,"PostGuard","PostGuard(CW,8,1)",,,,,
7015,5,14,Proposed,43,129,5,0,"PostGuard","PostGuard(CCW,8,1)",,,,,
7015,5,14,Proposed,43,130,5,0,"PostGuard","PostGuard(CW,8,2)",,,,,
7015,5,14,Proposed,43,131,5,0,"PostGuard","PostGuard(CCW,8,2)",,,,,
7015,5,14,Proposed,43,132,5,0,"PostGuard","PostGuard(CW,10,0)",,,,,
7015,5,14,Proposed,43,133,5,0,"PostGuard","PostGuard(CCW,10,0)",,,,,
7015,5,14,Proposed,43,134,5,0,"PostGuard","PostGuard(CW,10,1)",,,,,
7015,5,14,Proposed,43,135,5,0,"PostGuard","PostGuard(CCW,10,1)",,,,,
7015,5,14,Proposed,43,136,5,0,"PostGuard","PostGuard(CW,10,2)",,,,,
7015,5,14,Proposed,43,137,5,0,"PostGuard","PostGuard(CCW,10,2)",,,,,
7015,5,14,Proposed,43,138,5,0,"PostGuard","PostGuard(CW,12,0)",,,,,
7015,5,14,Proposed,43,139,5,0,"PostGuard","PostGuard(CCW,12,0)",,,,,
7015,5,14,Proposed,43,140,5,0,"PostGuard","PostGuard(CW,12,1)",,,,,
7015,5,14,Proposed,43,141,5,0,"PostGuard","PostGuard(CCW,12,1)",,,,,
7015,5,14,Proposed,43,142,5,0,"PostGuard","PostGuard(CW,12,2)",,,,,
7015,5,14,Proposed,43,143,5,0,"PostGuard","PostGuard(CCW,12,2)",,,,,
7015,5,14,Proposed,43,34,6,1,"Hit","Hit(CW,1,WEAK)",,,,,
7015,5,14,Proposed,43,75,6,0,"Hit","Hit(CCW,9,WEAK)",,,,,
7015,5,14,Proposed,43,94,6,0,"Hit","Hit(CW,13,WEAK)",,,,,
7015,5,14,Proposed,43,35,7,1,"Hit","Hit(CCW,1,WEAK)",,,,,
7015,5,14,Proposed,43,36,8,1,"Hit","Hit(CW,1,MIDDLE)",,,,,
7015,5,14,Proposed,43,38,8,0,"Hit","Hit(CW,1,STRONG)",,,,,
7015,5,14,Proposed,43,37,9,1,"Hit","Hit(CCW,1,MIDDLE)",,,,,
7015,5,14,Proposed,43,39,9,0,"Hit","Hit(CCW,1,STRONG)",,,,,
7015,5,14,Proposed,43,44,10,1,"Hit","Hit(CW,3,WEAK)",,,,,
7015,5,14,Proposed,43,64,10,0,"Hit","Hit(CW,7,WEAK)",,,,,
7015,5,14,Proposed,43,45,11,1,"Hit","Hit(CCW,3,WEAK)",,,,,
7015,5,14,Proposed,43,84,11,0,"Hit","Hit(CW,11,WEAK)",,,,,
7015,5,14,Proposed,43,46,12,1,"Hit","Hit(CW,3,MIDDLE)",,,,,
7015,5,14,Proposed,43,48,12,0,"Hit","Hit(CW,3,STRONG)",,,,,
7015,5,14,Proposed,43,47,13,1,"Hit","Hit(CCW,3,MIDDLE)",,,,,
7015,5,14,Proposed,43,49,13,0,"Hit","Hit(CCW,3,STRONG)",,,,,
7015,5,14,Proposed,43,54,14,1,"Hit","Hit(CW,5,WEAK)",,,,,
7015,5,14,Proposed,43,55,15,1,"Hit","Hit(CCW,5,WEAK)",,,,,
7015,5,14,Proposed,43,56,16,1,"Hit","Hit(CW,5,MIDDLE)",,,,,
7015,5,14,Proposed,43,58,16,0,"Hit","Hit(CW,5,STRONG)",,,,,
7015,5,14,Proposed,43,57,17,1,"Hit","Hit(CCW,5,MIDDLE)",,,,,
7015,5,14,Proposed,43,59,17,0,"Hit","Hit(CCW,5,STRONG)",,,,,
7015,5,14,Proposed,43,65,18,0,"Hit","Hit(CCW,7,WEAK)",,,,,
7015,5,14,Proposed,43,74,18,0,"Hit","Hit(CW,9,WEAK)",,,,,
7015,5,14,Proposed,43,76,18,0,"Hit","Hit(CW,9,MIDDLE)",,,,,
7015,5,14,Proposed,43,78,18,1,"Hit","Hit(CW,9,STRONG)",,,,,
7015,5,14,Proposed,43,66,19,1,"Hit","Hit(CW,7,MIDDLE)",,,,,
7015,5,14,Proposed,43,68,19,0,"Hit","Hit(CW,7,STRONG)",,,,,
7015,5,14,Proposed,43,67,20,1,"Hit","Hit(CCW,7,MIDDLE)",,,,,
7015,5,14,Proposed,43,69,20,0,"Hit","Hit(CCW,7,STRONG)",,,,,
7015,5,14,Proposed,43,77,21,1,"Hit","Hit(CCW,9,MIDDLE)",,,,,
7015,5,14,Proposed,43,79,21,0,"Hit","Hit(CCW,9,STRONG)",,,,,
7015,5,14,Proposed,43,85,22,1,"Hit","Hit(CCW,11,WEAK)",,,,,
7015,5,14,Proposed,43,86,23,1,"Hit","Hit(CW,11,MIDDLE)",,,,,
7015,5,14,Proposed,43,87,23,0,"Hit","Hit(CCW,11,MIDDLE)",,,,,
7015,5,14,Proposed,43,88,23,0,"Hit","Hit(CW,11,STRONG)",,,,,
7015,5,14,Proposed,43,89,23,0,"Hit","Hit(CCW,11,STRONG)",,,,,
7015,5,14,Proposed,43,95,24,1,"Hit","Hit(CCW,13,WEAK)",,,,,
7015,5,14,Proposed,43,96,25,1,"Hit","Hit(CW,13,MIDDLE)",,,,,
7015,5,14,Proposed,43,98,25,0,"Hit","Hit(CW,13,STRONG)",,,,,
7015,5,14,Proposed,43,97,26,1,"Hit","Hit(CCW,13,MIDDLE)",,,,,
7015,5,14,Proposed,43,99,26,0,"Hit","Hit(CCW,13,STRONG)",,,,,
7015,5,14,Proposed,43,110,27,1,"PostGuard","PostGuard(CW,2,1)",,,,,
7015,5,14,Proposed,43,111,27,0,"PostGuard","PostGuard(CCW,2,1)",,,,,
7015,5,14,Proposed,43,144,28,1,"Pass","Pass",,,,,
743,7,3,Proposed,43,0,0,0,"Draw","Draw(CW,TEE)",,,,,
743,7,3,Proposed,43,2,0,0,"Draw","Draw(CW,S0)",,,,,
743,7,3,Proposed,43,6,0,0,"Draw","Draw(CW,S4)",,,,,
743,7,3,Proposed,43,32,0,0,"Hit","Hit(CW,0,TOUCH)",,,,,
743,7,3,Proposed,43,33,0,0,"Hit","Hit(CCW,0,TOUCH)",,,,,
743,7,3,Proposed,43,40,0,1,"Freeze","Freeze(CW,0)",,,,,
743,7,3,Proposed,43,41,0,0,"Freeze","Freeze(CCW,0)",,,,,
743,7,3,Proposed,43,42,0,0,"PostGuard","PostGuard(CW,1,0)",,,,,
743,7,3,Proposed,43,43,0,0,"PostGuard","PostGuard(CCW,1,0)",,,,,
743,7,3,Proposed,43,44,0,0,"PostGuard","PostGuard(CW,1,1)",,,,,
743,7,3,Proposed,43,45,0,0,"PostGuard","PostGuard(CCW,1,1)",,,,,
743,7,3,Proposed,43,48,0,0,"PostGuard","PostGuard(CW,3,0)",,,,,
743,7,3,Proposed,43,49,0,0,"PostGuard","PostGuard(CCW,3,0)",,,,,
743,7,3,Proposed,43,1,1,0,"Draw","Draw(CCW,TEE)",,,,,
743,7,3,Proposed,43,3,1,0,"Draw","Draw(CCW,S0)",,,,,
743,7,3,Proposed,43,7,1,1,"Draw","Draw(CCW,S4)",,,,,
743,7,3,Proposed,43,4,2,1,"Draw","Draw(CW,S2)",,,,,
743,7,3,Proposed,43,5,2,0,"Draw","Draw(CCW,S2)",,,,,
743,7,3,Proposed,43,14,2,0,"Draw","Draw(CW,L2)",,,,,
743,7,3,Proposed,43,15,2,0,"Draw","Draw(CCW,L2)",,,,,
743,7,3,Proposed,43,16,2,0,"Draw","Draw(CW,L3)",,,,,
743,7,3,Proposed,43,17,2,0,"Draw","Draw(CCW,L3)",,,,,
743,7,3,Proposed,43,8,3,0,"Draw","Draw(CW,S6)",,,,,
743,7,3,Proposed,43,9,3,1,"Draw","Draw(CCW,S6)",,,,,
743,7,3,Proposed,43,20,3,0,"Draw","Draw(CW,L5)",,,,,
743,7,3,Proposed,43,21,3,0,"Draw","Draw(CCW,L5)",,,,,
743,7,3,Proposed,43,22,3,0,"Draw","Draw(CW,L6)",,,,,
743,7,3,Proposed,43,23,3,0,"Draw","Draw(CCW,L6)",,,,,
743,7,3,Proposed,43,10,4,1,"Draw","Draw(CW,L0)",,,,,
743,7,3,Proposed,43,11,5,0,"Draw","Draw(CCW,L0)",,,,,
743,7,3,Proposed,43,12,5,0,"Draw","Draw(CW,L1)",,,,,
743,7,3,Proposed,43,13,5,1,"Draw","Draw(CCW,L1)",,,,,
743,7,3,Proposed,43,18,6,0,"Draw","Draw(CW,L4)",,,,,
743,7,3,Proposed,43,19,6,0,"Draw","Draw(CCW,L4)",,,,,
743,7,3,Proposed,43,26,6,0,"PreGuard","PreGuard(CW,G3)",,,,,
743,7,3,Proposed,43,27,6,0,"PreGuard","PreGuard(CCW,G3)",,,,,
743,7,3,Proposed,43,28,6,0,"PreGuard","PreGuard(CW,G4)",,,,,
743,7,3,Proposed,43,29,6,0,"PreGuard","PreGuard(CCW,G4)",,,,,
743,7,3,Proposed,43,30,6,0,"PreGuard","PreGuard(CW,G5)",,,,,
743,7,3,Proposed,43,31,6,0,"PreGuard","PreGuard(CCW,G5)",,,,,
743,7,3,Proposed,43,46,6,0,"PostGuard","PostGuard(CW,1,2)",,,,,
743,7,3,Proposed,43,47,6,0,"PostGuard","PostGuard(CCW,1,2)",,,,,
743,7,3,Proposed,43,50,6,1,"PostGuard","PostGuard(CW,3,1)",,,,,
743,7,3,Proposed,43,51,6,0,"PostGuard","PostGuard(CCW,3,1)",,,,,
743,7,3,Proposed,43,52,6,0,"PostGuard","PostGuard(CW,3,2)",,,,,
743,7,3,Proposed,43,53,6,0,"PostGuard","PostGuard(CCW,3,2)",,,,,
743,7,3,Proposed,43,24,7,1,"Draw","Draw(CW,L7)",,,,,
743,7,3,Proposed,43,25,7,0,"Draw","Draw(CCW,L7)",,,,,
743,7,3,Proposed,43,34,8,1,"Hit","Hit(CW,0,WEAK)",,,,,
743,7,3,Proposed,43,35,8,0,"Hit","Hit(CCW,0,WEAK)",,,,,
743,7,3,Proposed,43,36,9,1,"Hit","Hit(CW,0,MIDDLE)",,,,,
743,7,3,Proposed,43,37,9,0,"Hit","Hit(CCW,0,MIDDLE)",,,,,
743,7,3,Proposed,43,38,9,0,"Hit","Hit(CW,0,STRONG)",,,,,
743,7,3,Proposed,43,39,9,0,"Hit","Hit(CCW,0,STRONG)",,,,,
743,7,3,Proposed,43,54,10,1,"Pass","Pass",,,,,
1014,4,15,Proposed,43,0,0,1,"Draw","Draw(CW,TEE)",,,,,
1014,4,15,Proposed,43,1,0,0,"Draw","Draw(CCW,TEE)",,,,,
1014,4,15,Proposed,43,2,0,0,"Draw","Draw(CW,S0)",,,,,
1014,4,15,Proposed,43,3,0,0,"Draw","Draw(CCW,S0)",,,,,
1014,4,15,Proposed,43,4,0,0,"Draw","Draw(CW,S2)",,,,,
1014,4,15,Proposed,43,5,0,0,"Draw","Draw(CCW,S2)",,,,,
1014,4,15,Proposed,43,6,0,0,"Draw","Draw(CW,S4)",,,,,
1014,4,15,Proposed,43,7,0,0,"Draw","Draw(CCW,S4)",,,,,
1014,4,15,Proposed,43,8,0,0,"Draw","Draw(CW,S6)",,,,,
1014,4,15,Proposed,43,9,0,0,"Draw","Draw(CCW,S6)",,,,,
1014,4,15,Proposed,43,10,0,0,"Draw","Draw(CW,L0)",,,,,
1014,4,15,Proposed,43,11,0,0,"Draw","Draw(CCW,L0)",,,,,
1014,4,15,Proposed,43,12,0,0,"Draw","Draw(CW,L1)",,,,,
1014,4,15,Proposed,43,13,0,0,"Draw","Draw(CCW,L1)",,,,,
1014,4,15,Proposed,43,14,0,0,"Draw","Draw(CW,L2)",,,,,
1014,4,15,Proposed,43,15,0,0,"Draw","Draw(CCW,L2)",,,,,
1014,4,15,Proposed,43,16,0,0,"Draw","Draw(CW,L3)",,,,,
1014,4,15,Proposed,43,17,0,0,"Draw","Draw(CCW,L3)",,,,,
1014,4,15,Proposed,43,18,0,0,"Draw","Draw(CW,L4)",,,,,
1014,4,15,Proposed,43,19,0,0,"Draw","Draw(CCW,L4)",,,,,
1014,4,15,Proposed,43,20,0,0,"Draw","Draw(CW,L5)",,,,,
1014,4,15,Proposed,43,21,0,0,"Draw","Draw(CCW,L5)",,,,,
1014,4,15,Proposed,43,22,0,0,"Draw","Draw(CW,L6)",,,,,
1014,4,15,Proposed,43,23,0,0,"Draw","Draw(CCW,L6)",,,,,
1014,4,15,Proposed,43,24,0,0,"Draw","Draw(CW,L7)",,,,,
1014,4,15,Proposed,43,25,0,0,"Draw","Draw(CCW,L7)",,,,,
1014,4,15,Proposed,43,26,0,0,"PreGuard","PreGuard(CW,G3)",,,,,
1014,4,15,Proposed,43,27,0,0,"PreGuard","PreGuard(CCW,G3)",,,,,
1014,4,15,Proposed,43,28,0,0,"PreGuard","PreGuard(CW,G4)",,,,,
1014,4,15,Proposed,43,29,0,0,"PreGuard","PreGuard(CCW,G4)",,,,,
1014,4,15,Proposed,43,30,0,0,"PreGuard","PreGuard(CW,G5)",,,,,
1014,4,15,Proposed,43,31,0,0,"PreGuard","PreGuard(CCW,G5)",,,,,
1014,4,15,Proposed,43,32,0,0,"Hit","Hit(CW,10,TOUCH)",,,,,
1014,4,15,Proposed,43,33,0,0,"Hit","Hit(CCW,10,TOUCH)",,,,,
1014,4,15,Proposed,43,34,0,0,"Hit","Hit(CW,10,WEAK)",,,,,
1014,4,15,Proposed,43,35,0,0,"Hit","Hit(CCW,10,WEAK)",,,,,
1014,4,15,Proposed,43,36,0,0,"Hit","Hit(CW,10,MIDDLE)",,,,,
1014,4,15,Proposed,43,37,0,0,"Hit","Hit(CCW,10,MIDDLE)",,,,,
1014,4,15,Proposed,43,38,0,0,"Hit","Hit(CW,10,STRONG)",,,,,
1014,4,15,Proposed,43,39,0,0,"Hit","Hit(CCW,10,STRONG)",,,,,
1014,4,15,Proposed,43,40,0,0,"Freeze","Freeze(CW,10)",,,,,
1014,4,15,Proposed,43,41,0,0,"Freeze","Freeze(CCW,10)",,,,,
1014,4,15,Proposed,43,42,0,0,"PostGuard","PostGuard(CW,1,0)",,,,,
1014,4,15,Proposed,43,43,0,0,"PostGuard","PostGuard(CCW,1,0)",,,,,
1014,4,15,Proposed,43,44,0,0,"PostGuard","PostGuard(CW,1,1)",,,,,
1014,4,15,Proposed,43,45,0,0,"PostGuard","PostGuard(CCW,1,1)",,,,,
1014,4,15,Proposed,43,46,0,0,"PostGuard","PostGuard(CW,1,2)",,,,,
1014,4,15,Proposed,43,47,0,0,"PostGuard","PostGuard(CCW,1,2)",,,,,
1014,4,15,Proposed,43,48,0,0,"PostGuard","PostGuard(CW,11,0)",,,,,
1014,4,15,Proposed,43,49,1,1,"PostGuard","PostGuard(CCW,11,0)",,,,,
1014,4,15,Proposed,43,50,2,1,"PostGuard","PostGuard(CW,11,1)",,,,,
1014,4,15,Proposed,43,51,3,1,"PostGuard","PostGuard(CCW,11,1)",,,,,
1014,4,15,Proposed,43,52,4,1,"PostGuard","PostGuard(CW,11,2)",,,,,
1014,4,15,Proposed,43,53,5,1,"PostGuard","PostGuard(CCW,11,2)",,,,,
1014,4,15,Proposed,43,54,6,1,"PostGuard","PostGuard(CW,13,0)",,,,,
1014,4,15,Proposed,43,55,7,1,"PostGuard","PostGuard(CCW,13,0)",,,,,
1014,4,15,Proposed,43,56,8,1,"PostGuard","PostGuard(CW,13,1)",,,,,
1014,4,15,Proposed,43,57,9,1,"PostGuard","PostGuard(CCW,13,1)",,,,,
1014,4,15,Proposed,43,58,10,1,"PostGuard","PostGuard(CW,13,2)",,,,,
1014,4,15,Proposed,43,59,11,1,"PostGuard","PostGuard(CCW,13,2)",,,,,
1014,4,15,Proposed,43,60,12,1,"Pass","Pass",,,,,
3900,0,10,Proposed,43,0,0,1,"Draw","Draw(CW,TEE)",,,,,
3900,0,10,Proposed,43,2,0,0,"Draw","Draw(CW,S0)",,,,,
3900,0,10,Proposed,43,6,0,0,"Draw","Draw(CW,S4)",,,,,
3900,0,10,Proposed,43,32,0,0,"Hit","Hit(CW,9,TOUCH)",,,,,
3900,0,10,Proposed,43,1,1,0,"Draw","Draw(CCW,TEE)",,,,,
3900,0,10,Proposed,43,3,1,0,"Draw","Draw(CCW,S0)",,,,,
3900,0,10,Proposed,43,7,1,1,"Draw","Draw(CCW,S4)",,,,,
3900,0,10,Proposed,43,33,1,0,"Hit","Hit(CCW,9,TOUCH)",,,,,
3900,0,10,Proposed,43,41,1,0,"Freeze","Freeze(CCW,9)",,,,,
3900,0,10,Proposed,43,4,2,0,"Draw","Draw(CW,S2)",,,,,
3900,0,10,Proposed,43,5,2,1,"Draw","Draw(CCW,S2)",,,,,
3900,0,10,Proposed,43,8,2,0,"Draw","Draw(CW,S6)",,,,,
3900,0,10,Proposed,43,9,2,0,"Draw","Draw(CCW,S6)",,,,,
3900,0,10,Proposed,43,12,2,0,"Draw","Draw(CW,L1)",,,,,
3900,0,10,Proposed,43,13,2,0,"Draw","Draw(CCW,L1)",,,,,
3900,0,10,Proposed,43,14,2,0,"Draw","Draw(CW,L2)",,,,,
3900,0,10,Proposed,43,15,2,0,"Draw","Draw(CCW,L2)",,,,,
3900,0,10,Proposed,43,16,2,0,"Draw","Draw(CW,L3)",,,,,
3900,0,10,Proposed,43,17,2,0,"Draw","Draw(CCW,L3)",,,,,
3900,0,10,Proposed,43,20,2,0,"Draw","Draw(CW,L5)",,,,,
3900,0,10,Proposed,43,21,2,0,"Draw","Draw(CCW,L5)",,,,,
3900,0,10,Proposed,43,22,2,0,"Draw","Draw(CW,L6)",,,,,
3900,0,10,Proposed,43,23,2,0,"Draw","Draw(CCW,L6)",,,,,
3900,0,10,Proposed,43,24,2,0,"Draw","Draw(CW,L7)",,,,,
3900,0,10,Proposed,43,25,2,0,"Draw","Draw(CCW,L7)",,,,,
3900,0,10,Proposed,43,48,2,0,"PostGuard","PostGuard(CW,8,0)",,,,,
3900,0,10,Proposed,43,49,2,0,"PostGuard","PostGuard(CCW,8,0)",,,,,
3900,0,10,Proposed,43,10,3,1,"Draw","Draw(CW,L0)",,,,,
3900,0,10,Proposed,43,11,4,1,"Draw","Draw(CCW,L0)",,,,,
3900,0,10,Proposed,43,18,5,0,"Draw","Draw(CW,L4)",,,,,
3900,0,10,Proposed,43,19,5,0,"Draw","Draw(CCW,L4)",,,,,
3900,0,10,Proposed,43,26,5,0,"PreGuard","PreGuard(CW,G3)",,,,,
3900,0,10,Proposed,43,27,5,0,"PreGuard","PreGuard(CCW,G3)",,,,,
3900,0,10,Proposed,43,28,5,0,"PreGuard","PreGuard(CW,G4)",,,,,
3900,0,10,Proposed,43,29,5,0,"PreGuard","PreGuard(CCW,G4)",,,,,
3900,0,10,Proposed,43,30,5,0,"PreGuard","PreGuard(CW,G5)",,,,,
3900,0,10,Proposed,43,31,5,0,"PreGuard","PreGuard(CCW,G5)",,,,,
3900,0,10,Proposed,43,42,5,0,"PostGuard","PostGuard(CW,6,0)",,,,,
3900,0,10,Proposed,43,43,5,1,"PostGuard","PostGuard(CCW,6,0)",,,,,
3900,0,10,Proposed,43,44,5,0,"PostGuard","PostGuard(CW,6,1)",,,,,
3900,0,10,Proposed,43,45,5,0,"PostGuard","PostGuard(CCW,6,1)",,,,,
3900,0,10,Proposed,43,50,5,0,"PostGuard","PostGuard(CW,8,1)",,,,,
3900,0,10,Proposed,43,51,5,0,"PostGuard","PostGuard(CCW,8,1)",,,,,
3900,0,10,Proposed,43,52,5,0,"PostGuard","PostGuard(CW,8,2)",,,,,
3900,0,10,Proposed,43,53,5,0,"PostGuard","PostGuard(CCW,8,2)",,,,,
3900,0,10,Proposed,43,34,6,0,"Hit","Hit(CW,9,WEAK)",,,,,
3900,0,10,Proposed,43,36,6,1,"Hit","Hit(CW,9,MIDDLE)",,,,,
3900,0,10,Proposed,43,37,6,0,"Hit","Hit(CCW,9,MIDDLE)",,,,,
3900,0,10,Proposed,43,38,6,0,"Hit","Hit(CW,9,STRONG)",,,,,
3900,0,10,Proposed,43,39,6,0,"Hit","Hit(CCW,9,STRONG)",,,,,
3900,0,10,Proposed,43,35,7,1,"Hit","Hit(CCW,9,WEAK)",,,,,
3900,0,10,Proposed,43,40,8,1,"Freeze","Freeze(CW,9)",,,,,
3900,0,10,Proposed,43,46,9,1,"PostGuard","PostGuard(CW,6,2)",,,,,
3900,0,10,Proposed,43,47,9,0,"PostGuard","PostGuard(CCW,6,2)",,,,,
3900,0,10,Proposed,43,54,10,1,"Pass","Pass",,,,,
4543,6,5,Proposed,43,0,0,0,"Draw","Draw(CW,TEE)",,,,,
4543,6,5,Proposed,43,6,0,0,"Draw","Draw(CW,S4)",,,,,
4543,6,5,Proposed,43,16,0,0,"Draw","Draw(CW,L3)",,,,,
4543,6,5,Proposed,43,17,0,0,"Draw","Draw(CCW,L3)",,,,,
4543,6,5,Proposed,43,32,0,0,"Hit","Hit(CW,0,TOUCH)",,,,,
4543,6,5,Proposed,43,40,0,0,"Freeze","Freeze(CW,0)",,,,,
4543,6,5,Proposed,43,41,0,0,"Freeze","Freeze(CCW,0)",,,,,
4543,6,5,Proposed,43,43,0,0,"Hit","Hit(CCW,2,TOUCH)",,,,,
4543,6,5,Proposed,43,50,0,0,"Freeze","Freeze(CW,2)",,,,,
4543,6,5,Proposed,43,51,0,1,"Freeze","Freeze(CCW,2)",,,,,
4543,6,5,Proposed,43,52,0,0,"PostGuard","PostGuard(CW,1,0)",,,,,
4543,6,5,Proposed,43,53,0,0,"PostGuard","PostGuard(CCW,1,0)",,,,,
4543,6,5,Proposed,43,54,0,0,"PostGuard","PostGuard(CW,1,1)",,,,,
4543,6,5,Proposed,43,55,0,0,"PostGuard","PostGuard(CCW,1,1)",,,,,
4543,6,5,Proposed,43,58,0,0,"PostGuard","PostGuard(CW,3,0)",,,,,
4543,6,5,Proposed,43,59,0,0,"PostGuard","PostGuard(CCW,3,0)",,,,,
4543,6,5,Proposed,43,1,1,1,"Draw","Draw(CCW,TEE)",,,,,
4543,6,5,Proposed,43,2,1,0,"Draw","Draw(CW,S0)",,,,,
4543,6,5,Proposed,43,7,1,0,"Draw","Draw(CCW,S4)",,,,,
4543,6,5,Proposed,43,33,1,0,"Hit","Hit(CCW,0,TOUCH)",,,,,
4543,6,5,Proposed,43,42,1,0,"Hit","Hit(CW,2,TOUCH)",,,,,
4543,6,5,Proposed,43,3,2,1,"Draw","Draw(CCW,S0)",,,,,
4543,6,5,Proposed,43,4,3,0,"Draw","Draw(CW,S2)",,,,,
4543,6,5,Proposed,43,5,3,1,"Draw","Draw(CCW,S2)",,,,,
4543,6,5,Proposed,43,12,3,0,"Draw","Draw(CW,L1)",,,,,
4543,6,5,Proposed,43,13,3,0,"Draw","Draw(CCW,L1)",,,,,
4543,6,5,Proposed,43,14,3,0,"Draw","Draw(CW,L2)",,,,,
4543,6,5,Proposed,43,15,3,0,"Draw","Draw(CCW,L2)",,,,,
4543,6,5,Proposed,43,8,4,1,"Draw","Draw(CW,S6)",,,,,
4543,6,5,Proposed,43,9,4,0,"Draw","Draw(CCW,S6)",,,,,
4543,6,5,Proposed,43,20,4,0,"Draw","Draw(CW,L5)",,,,,
4543,6,5,Proposed,43,21,4,0,"Draw","Draw(CCW,L5)",,,,,
4543,6,5,Proposed,43,22,4,0,"Draw","Draw(CW,L6)",,,,,
4543,6,5,Proposed,43,23,4,0,"Draw","Draw(CCW,L6)",,,,,
4543,6,5,Proposed,43,24,4,0,"Draw","Draw(CW,L7)",,,,,
4543,6,5,Proposed,43,25,4,0,"Draw","Draw(CCW,L7)",,,,,
4543,6,5,Proposed,43,10,5,1,"Draw","Draw(CW,L0)",,,,,
4543,6,5,Proposed,43,11,6,1,"Draw","Draw(CCW,L0)",,,,,
4543,6,5,Proposed,43,18,7,0,"Draw","Draw(CW,L4)",,,,,
4543,6,5,Proposed,43,19,7,0,"Draw","Draw(CCW,L4)",,,,,
4543,6,5,Proposed,43,26,7,0,"PreGuard","PreGuard(CW,G3)",,,,,
4543,6,5,Proposed,43,27,7,0,"PreGuard","PreGuard(CCW,G3)",,,,,
4543,6,5,Proposed,43,28,7,0,"PreGuard","PreGuard(CW,G4)",,,,,
4543,6,5,Proposed,43,29,7,0,"PreGuard","PreGuard(CCW,G4)",,,,,
4543,6,5,Proposed,43,30,7,0,"PreGuard","PreGuard(CW,G5)",,,,,
4543,6,5,Proposed,43,31,7,0,"PreGuard","PreGuard(CCW,G5)",,,,,
4543,6,5,Proposed,43,56,7,1,"PostGuard","PostGuard(CW,1,2)",,,,,
4543,6,5,Proposed,43,57,7,0,"PostGuard","PostGuard(CCW,1,2)",,,,,
4543,6,5,Proposed,43,60,7,0,"PostGuard","PostGuard(CW,3,1)",,,,,
4543,6,5,Proposed,43,61,7,0,"PostGuard","PostGuard(CCW,3,1)",,,,,
4543,6,5,Proposed,43,62,7,0,"PostGuard","PostGuard(CW,3,2)",,,,,
4543,6,5,Proposed,43,63,7,0,"PostGuard","PostGuard(CCW,3,2)",,,,,
4543,6,5,Proposed,43,64,7,0,"PostGuard","PostGuard(CW,5,0)",,,,,
4543,6,5,Proposed,43,65,7,0,"PostGuard","PostGuard(CCW,5,0)",,,,,
4543,6,5,Proposed,43,66,7,0,"PostGuard","PostGuard(CW,5,1)",,,,,
4543,6,5,Proposed,43,67,7,0,"PostGuard","PostGuard(CCW,5,1)",,,,,
4543,6,5,Proposed,43,68,7,0,"PostGuard","PostGuard(CW,5,2)",,,,,
4543,6,5,Proposed,43,69,7,0,"PostGuard","PostGuard(CCW,5,2)",,,,,
4543,6,5,Proposed,43,34,8,1,"Hit","Hit(CW,0,WEAK)",,,,,
4543,6,5,Proposed,43,35,9,1,"Hit","Hit(CCW,0,WEAK)",,,,,
4543,6,5,Proposed,43,36,10,1,"Hit","Hit(CW,0,MIDDLE)",,,,,
4543,6,5,Proposed,43,37,10,0,"Hit","Hit(CCW,0,MIDDLE)",,,,,
4543,6,5,Proposed,43,38,10,0,"Hit","Hit(CW,0,STRONG)",,,,,
4543,6,5,Proposed,43,39,10,0,"Hit","Hit(CCW,0,STRONG)",,,,,
4543,6,5,Proposed,43,44,11,1,"Hit","Hit(CW,2,WEAK)",,,,,
4543,6,5,Proposed,43,45,12,1,"Hit","Hit(CCW,2,WEAK)",,,,,
4543,6,5,Proposed,43,46,13,1,"Hit","Hit(CW,2,MIDDLE)",,,,,
4543,6,5,Proposed,43,47,13,0,"Hit","Hit(CCW,2,MIDDLE)",,,,,
4543,6,5,Proposed,43,48,13,0,"Hit","Hit(CW,2,STRONG)",,,,,
4543,6,5,Proposed,43,49,13,0,"Hit","Hit(CCW,2,STRONG)",,,,,
4543,6,5,Proposed,43,70,14,1,"Pass","Pass",,,,,
9231,5,14,Proposed,43,0,0,0,"Draw","Draw(CW,TEE)",,,,,
9231,5,14,Proposed,43,2,0,0,"Draw","Draw(CW,S0)",,,,,
9231,5,14,Proposed,43,3,0,0,"Draw","Draw(CCW,S0)",,,,,
9231,5,14,Proposed,43,6,0,1,"Draw","Draw(CW,S4)",,,,,
9231,5,14,Proposed,43,7,0,0,"Draw","Draw(CCW,S4)",,,,,
9231,5,14,Proposed,43,11,0,0,"Draw","Draw(CCW,L0)",,,,,
9231,5,14,Proposed,43,42,0,0,"Hit","Hit(CW,5,TOUCH)",,,,,
9231,5,14,Proposed,43,43,0,0,"Hit","Hit(CCW,5,TOUCH)",,,,,
9231,5,14,Proposed,43,50,0,0,"Freeze","Freeze(CW,5)",,,,,
9231,5,14,Proposed,43,51,0,0,"Freeze","Freeze(CCW,5)",,,,,
9231,5,14,Proposed,43,53,0,0,"Hit","Hit(CCW,7,TOUCH)",,,,,
9231,5,14,Proposed,43,61,0,0,"Freeze","Freeze(CCW,7)",,,,,
9231,5,14,Proposed,43,62,0,0,"Hit","Hit(CW,11,TOUCH)",,,,,
9231,5,14,Proposed,43,63,0,0,"Hit","Hit(CCW,11,TOUCH)",,,,,
9231,5,14,Proposed,43,70,0,0,"Freeze","Freeze(CW,11)",,,,,
9231,5,14,Proposed,43,71,0,0,"Freeze","Freeze(CCW,11)",,,,,
9231,5,14,Proposed,43,72,0,0,"Hit","Hit(CW,13,TOUCH)",,,,,
9231,5,14,Proposed,43,73,0,0,"Hit","Hit(CCW,13,TOUCH)",,,,,
9231,5,14,Proposed,43,80,0,0,"Freeze","Freeze(CW,13)",,,,,
9231,5,14,Proposed,43,81,0,0,"Freeze","Freeze(CCW,13)",,,,,
9231,5,14,Proposed,43,1,1,0,"Draw","Draw(CCW,TEE)",,,,,
9231,5,14,Proposed,43,13,1,0,"Draw","Draw(CCW,L1)",,,,,
9231,5,14,Proposed,43,14,1,1,"Draw","Draw(CW,L2)",,,,,
9231,5,14,Proposed,43,15,1,0,"Draw","Draw(CCW,L2)",,,,,
9231,5,14,Proposed,43,32,1,0,"Hit","Hit(CW,3,TOUCH)",,,,,
9231,5,14,Proposed,43,33,1,0,"Hit","Hit(CCW,3,TOUCH)",,,,,
9231,5,14,Proposed,43,52,1,0,"Hit","Hit(CW,7,TOUCH)",,,,,
9231,5,14,Proposed,43,60,1,0,"Freeze","Freeze(CW,7)",,,,,
9231,5,14,Proposed,43,4,2,0,"Draw","Draw(CW,S2)",,,,,
9231,5,14,Proposed,43,5,2,0,"Draw","Draw(CCW,S2)",,,,,
9231,5,14,Proposed,43,8,2,0,"Draw","Draw(CW,S6)",,,,,
9231,5,14,Proposed,43,9,2,0,"Draw","Draw(CCW,S6)",,,,,
9231,5,14,Proposed,43,16,2,0,"Draw","Draw(CW,L3)",,,,,
9231,5,14,Proposed,43,17,2,0,"Draw","Draw(CCW,L3)",,,,,
9231,5,14,Proposed,43,20,2,0,"Draw","Draw(CW,L5)",,,,,
9231,5,14,Proposed,43,21,2,0,"Draw","Draw(CCW,L5)",,,,,
9231,5,14,Proposed,43,22,2,0,"Draw","Draw(CW,L6)",,,,,
9231,5,14,Proposed,43,23,2,0,"Draw","Draw(CCW,L6)",,,,,
9231,5,14,Proposed,43,24,2,0,"Draw","Draw(CW,L7)",,,,,
9231,5,14,Proposed,43,25,2,0,"Draw","Draw(CCW,L7)",,,,,
9231,5,14,Proposed,43,40,2,0,"Freeze","Freeze(CW,3)",,,,,
9231,5,14,Proposed,43,41,2,0,"Freeze","Freeze(CCW,3)",,,,,
9231,5,14,Proposed,43,82,2,0,"PostGuard","PostGuard(CW,8,0)",,,,,
9231,5,14,Proposed,43,83,2,0,"PostGuard","PostGuard(CCW,8,0)",,,,,
9231,5,14,Proposed,43,84,2,0,"PostGuard","PostGuard(CW,8,1)",,,,,
9231,5,14,Proposed,43,85,2,0,"PostGuard","PostGuard(CCW,8,1)",,,,,
9231,5,14,Proposed,43,88,2,0,"PostGuard","PostGuard(CW,10,0)",,,,,
9231,5,14,Proposed,43,89,2,0,"PostGuard","PostGuard(CCW,10,0)",,,,,
9231,5,14,Proposed,43,94,2,0,"PostGuard","PostGuard(CW,12,0)",,,,,
9231,5,14,Proposed,43,95,2,1,"PostGuard","PostGuard(CCW,12,0)",,,,,
9231,5,14,Proposed,43,10,3,1,"Draw","Draw(CW,L0)",,,,,
9231,5,14,Proposed,43,12,4,1,"Draw","Draw(CW,L1)",,,,,
9231,5,14,Proposed,43,18,5,0,"Draw","Draw(CW,L4)",,,,,
9231,5,14,Proposed,43,19,5,0,"Draw","Draw(CCW,L4)",,,,,
9231,5,14,Proposed,43,26,5,0,"PreGuard","PreGuard(CW,G3)",,,,,
9231,5,14,Proposed,43,27,5,0,"PreGuard","PreGuard(CCW,G3)",,,,,
9231,5,14,Proposed,43,28,5,0,"PreGuard","PreGuard(CW,G4)",,,,,
9231,5,14,Proposed,43,29,5,0,"PreGuard","PreGuard(CCW,G4)",,,,,
9231,5,14,Proposed,43,30,5,0,"PreGuard","PreGuard(CW,G5)",,,,,
9231,5,14,Proposed,43,31,5,0,"PreGuard","PreGuard(CCW,G5)",,,,,
9231,5,14,Proposed,43,86,5,0,"PostGuard","PostGuard(CW,8,2)",,,,,
9231,5,14,Proposed,43,87,5,0,"PostGuard","PostGuard(CCW,8,2)",,,,,
9231,5,14,Proposed,43,90,5,0,"PostGuard","PostGuard(CW,10,1)",,,,,
9231,5,14,Proposed,43,91,5,1,"PostGuard","PostGuard(CCW,10,1)",,,,,
9231,5,14,Proposed,43,92,5,0,"PostGuard","PostGuard(CW,10,2)",,,,,
9231,5,14,Proposed,43,93,5,0,"PostGuard","PostGuard(CCW,10,2)",,,,,
9231,5,14,Proposed,43,96,5,0,"PostGuard","PostGuard(CW,12,1)",,,,,
9231,5,14,Proposed,43,97,5,0,"PostGuard","PostGuard(CCW,12,1)",,,,,
9231,5,14,Proposed,43,98,5,0,"PostGuard","PostGuard(CW,12,2)",,,,,
9231,5,14,Proposed,43,99,5,0,"PostGuard","PostGuard(CCW,12,2)",,,,,
9231,5,14,Proposed,43,34,6,0,"Hit","Hit(CW,3,WEAK)",,,,,
9231,5,14,Proposed,43,35,6,0,"Hit","Hit(CCW,3,WEAK)",,,,,
9231,5,14,Proposed,43,36,6,1,"Hit","Hit(CW,3,MIDDLE)",,,,,
9231,5,14,Proposed,43,37,6,0,"Hit","Hit(CCW,3,MIDDLE)",,,,,
9231,5,14,Proposed,43,38,6,0,"Hit","Hit(CW,3,STRONG)",,,,,
9231,5,14,Proposed,43,39,6,0,"Hit","Hit(CCW,3,STRONG)",,,,,
9231,5,14,Proposed,43,44,7,1,"Hit","Hit(CW,5,WEAK)",,,,,
9231,5,14,Proposed,43,45,8,1,"Hit","Hit(CCW,5,WEAK)",,,,,
9231,5,14,Proposed,43,46,9,1,"Hit","Hit(CW,5,MIDDLE)",,,,,
9231,5,14,Proposed,43,48,9,0,"Hit","Hit(CW,5,STRONG)",,,,,
9231,5,14,Proposed,43,47,10,1,"Hit","Hit(CCW,5,MIDDLE)",,,,,
9231,5,14,Proposed,43,49,10,0,"Hit","Hit(CCW,5,STRONG)",,,,,
9231,5,14,Proposed,43,54,11,0,"Hit","Hit(CW,7,WEAK)",,,,,
9231,5,14,Proposed,43,55,11,0,"Hit","Hit(CCW,7,WEAK)",,,,,
9231,5,14,Proposed,43,75,11,1,"Hit","Hit(CCW,13,WEAK)",,,,,
9231,5,14,Proposed,43,56,12,1,"Hit","Hit(CW,7,MIDDLE)",,,,,
9231,5,14,Proposed,43,58,12,0,"Hit","Hit(CW,7,STRONG)",,,,,
9231,5,14,Proposed,43,57,13,1,"Hit","Hit(CCW,7,MIDDLE)",,,,,
9231,5,14,Proposed,43,59,13,0,"Hit","Hit(CCW,7,STRONG)",,,,,
9231,5,14,Proposed,43,76,13,0,"Hit","Hit(CW,13,MIDDLE)",,,,,
9231,5,14,Proposed,43,78,13,0,"Hit","Hit(CW,13,STRONG)",,,,,
9231,5,14,Proposed,43,64,14,1,"Hit","Hit(CW,11,WEAK)",,,,,
9231,5,14,Proposed,43,65,15,1,"Hit","Hit(CCW,11,WEAK)",,,,,
9231,5,14,Proposed,43,66,16,1,"Hit","Hit(CW,11,MIDDLE)",,,,,
9231,5,14,Proposed,43,68,16,0,"Hit","Hit(CW,11,STRONG)",,,,,
9231,5,14,Proposed,43,67,17,1,"Hit","Hit(CCW,11,MIDDLE)",,,,,
9231,5,14,Proposed,43,69,17,0,"Hit","Hit(CCW,11,STRONG)",,,,,
9231,5,14,Proposed,43,74,18,1,"Hit","Hit(CW,13,WEAK)",,,,,
9231,5,14,Proposed,43,77,19,1,"Hit","Hit(CCW,13,MIDDLE)",,,,,
9231,5,14,Proposed,43,79,19,0,"Hit","Hit(CCW,13,STRONG)",,,,,
9231,5,14,Proposed,43,100,20,1,"Pass","Pass",,,,,
1825,5,7,Proposed,43,0,0,1,"Draw","Draw(CW,TEE)",,,,,
1825,5,7,Proposed,43,1,1,1,"Draw","Draw(CCW,TEE)",,,,,
1825,5,7,Proposed,43,53,1,0,"PostGuard","PostGuard(CCW,1,0)",,,,,
1825,5,7,Proposed,43,2,2,0,"Draw","Draw(CW,S0)",,,,,
1825,5,7,Proposed,43,6,2,1,"Draw","Draw(CW,S4)",,,,,
1825,5,7,Proposed,43,33,2,0,"Hit","Hit(CCW,2,TOUCH)",,,,,
1825,5,7,Proposed,43,3,3,0,"Draw","Draw(CCW,S0)",,,,,
1825,5,7,Proposed,43,32,3,0,"Hit","Hit(CW,2,TOUCH)",,,,,
1825,5,7,Proposed,43,42,3,1,"Hit","Hit(CW,4,TOUCH)",,,,,
1825,5,7,Proposed,43,4,4,0,"Draw","Draw(CW,S2)",,,,,
1825,5,7,Proposed,43,5,4,1,"Draw","Draw(CCW,S2)",,,,,
1825,5,7,Proposed,43,12,4,0,"Draw","Draw(CW,L1)",,,,,
1825,5,7,Proposed,43,13,4,0,"Draw","Draw(CCW,L1)",,,,,
1825,5,7,Proposed,43,14,4,0,"Draw","Draw(CW,L2)",,,,,
1825,5,7,Proposed,43,15,4,0,"Draw","Draw(CCW,L2)",,,,,
1825,5,7,Proposed,43,7,5,0,"Draw","Draw(CCW,S4)",,,,,
1825,5,7,Proposed,43,8,5,0,"Draw","Draw(CW,S6)",,,,,
1825,5,7,Proposed,43,9,5,0,"Draw","Draw(CCW,S6)",,,,,
1825,5,7,Proposed,43,16,5,0,"Draw","Draw(CW,L3)",,,,,
1825,5,7,Proposed,43,17,5,0,"Draw","Draw(CCW,L3)",,,,,
1825,5,7,Proposed,43,20,5,0,"Draw","Draw(CW,L5)",,,,,
1825,5,7,Proposed,43,21,5,0,"Draw","Draw(CCW,L5)",,,,,
1825,5,7,Proposed,43,22,5,0,"Draw","Draw(CW,L6)",,,,,
1825,5,7,Proposed,43,23,5,0,"Draw","Draw(CCW,L6)",,,,,
1825,5,7,Proposed,43,24,5,0,"Draw","Draw(CW,L7)",,,,,
1825,5,7,Proposed,43,25,5,0,"Draw","Draw(CCW,L7)",,,,,
1825,5,7,Proposed,43,40,5,0,"Freeze","Freeze(CW,2)",,,,,
1825,5,7,Proposed,43,41,5,0,"Freeze","Freeze(CCW,2)",,,,,
1825,5,7,Proposed,43,50,5,0,"Freeze","Freeze(CW,4)",,,,,
1825,5,7,Proposed,43,51,5,0,"Freeze","Freeze(CCW,4)",,,,,
1825,5,7,Proposed,43,52,5,0,"PostGuard","PostGuard(CW,1,0)",,,,,
1825,5,7,Proposed,43,54,5,0,"PostGuard","PostGuard(CW,1,1)",,,,,
1825,5,7,Proposed,43,55,5,0,"PostGuard","PostGuard(CCW,1,1)",,,,,
1825,5,7,Proposed,43,58,5,0,"PostGuard","PostGuard(CW,3,0)",,,,,
1825,5,7,Proposed,43,59,5,0,"PostGuard","PostGuard(CCW,3,0)",,,,,
1825,5,7,Proposed,43,64,5,1,"PostGuard","PostGuard(CW,5,0)",,,,,
1825,5,7,Proposed,43,65,5,0,"PostGuard","PostGuard(CCW,5,0)",,,,,
1825,5,7,Proposed,43,10,6,1,"Draw","Draw(CW,L0)",,,,,
1825,5,7,Proposed,43,11,7,1,"Draw","Draw(CCW,L0)",,,,,
1825,5,7,Proposed,43,18,8,0,"Draw","Draw(CW,L4)",,,,,
1825,5,7,Proposed,43,19,8,0,"Draw","Draw(CCW,L4)",,,,,
1825,5,7,Proposed,43,26,8,0,"PreGuard","PreGuard(CW,G3)",,,,,
1825,5,7,Proposed,43,27,8,0,"PreGuard","PreGuard(CCW,G3)",,,,,
1825,5,7,Proposed,43,28,8,0,"PreGuard","PreGuard(CW,G4)",,,,,
1825,5,7,Proposed,43,29,8,0,"PreGuard","PreGuard(CCW,G4)",,,,,
1825,5,7,Proposed,43,30,8,0,"PreGuard","PreGuard(CW,G5)",,,,,
1825,5,7,Proposed,43,31,8,0,"PreGuard","PreGuard(CCW,G5)",,,,,
1825,5,7,Proposed,43,56,8,0,"PostGuard","PostGuard(CW,1,2)",,,,,
1825,5,7,Proposed,43,57,8,1,"PostGuard","PostGuard(CCW,1,2)",,,,,
1825,5,7,Proposed,43,60,8,0,"PostGuard","PostGuard(CW,3,1)",,,,,
1825,5,7,Proposed,43,61,8,0,"PostGuard","PostGuard(CCW,3,1)",,,,,
1825,5,7,Proposed,43,62,8,0,"PostGuard","PostGuard(CW,3,2)",,,,,
1825,5,7,Proposed,43,63,8,0,"PostGuard","PostGuard(CCW,3,2)",,,,,
1825,5,7,Proposed,43,66,8,0,"PostGuard","PostGuard(CW,5,1)",,,,,
1825,5,7,Proposed,43,67,8,0,"PostGuard","PostGuard(CCW,5,1)",,,,,
1825,5,7,Proposed,43,68,8,0,"PostGuard","PostGuard(CW,5,2)",,,,,
1825,5,7,Proposed,43,69,8,0,"PostGuard","PostGuard(CCW,5,2)",,,,,
1825,5,7,Proposed,43,70,8,0,"PostGuard","PostGuard(CW,7,0)",,,,,
1825,5,7,Proposed,43,71,8,0,"PostGuard","PostGuard(CCW,7,0)",,,,,
1825,5,7,Proposed,43,72,8,0,"PostGuard","PostGuard(CW,7,1)",,,,,
1825,5,7,Proposed,43,73,8,0,"PostGuard","PostGuard(CCW,7,1)",,,,,
1825,5,7,Proposed,43,74,8,0,"PostGuard","PostGuard(CW,7,2)",,,,,
1825,5,7,Proposed,43,75,8,0,"PostGuard","PostGuard(CCW,7,2)",,,,,
1825,5,7,Proposed,43,34,9,0,"Hit","Hit(CW,2,WEAK)",,,,,
1825,5,7,Proposed,43,36,9,1,"Hit","Hit(CW,2,MIDDLE)",,,,,
1825,5,7,Proposed,43,38,9,0,"Hit","Hit(CW,2,STRONG)",,,,,
1825,5,7,Proposed,43,35,10,0,"Hit","Hit(CCW,2,WEAK)",,,,,
1825,5,7,Proposed,43,37,10,1,"Hit","Hit(CCW,2,MIDDLE)",,,,,
1825,5,7,Proposed,43,39,10,0,"Hit","Hit(CCW,2,STRONG)",,,,,
1825,5,7,Proposed,43,43,11,1,"Hit","Hit(CCW,4,TOUCH)",,,,,
1825,5,7,Proposed,43,44,12,1,"Hit","Hit(CW,4,WEAK)",,,,,
1825,5,7,Proposed,43,45,13,0,"Hit","Hit(CCW,4,WEAK)",,,,,
1825,5,7,Proposed,43,47,13,1,"Hit","Hit(CCW,4,MIDDLE)",,,,,
1825,5,7,Proposed,43,49,13,0,"Hit","Hit(CCW,4,STRONG)",,,,,
1825,5,7,Proposed,43,46,14,1,"Hit","Hit(CW,4,MIDDLE)",,,,,
1825,5,7,Proposed,43,48,14,0,"Hit","Hit(CW,4,STRONG)",,,,,
1825,5,7,Proposed,43,76,15,1,"Pass","Pass",,,,,
4062,4,15,Proposed,43,0,0,1,"Draw","Draw(CW,TEE)",,,,,
4062,4,15,Proposed,43,1,0,0,"Draw","Draw(CCW,TEE)",,,,,
4062,4,15,Proposed,43,2,0,0,"Draw","Draw(CW,S0)",,,,,
4062,4,15,Proposed,43,3,0,0,"Draw","Draw(CCW,S0)",,,,,
4062,4,15,Proposed,43,4,0,0,"Draw","Draw(CW,S2)",,,,,
4062,4,15,Proposed,43,5,0,0,"Draw","Draw(CCW,S2)",,,,,
4062,4,15,Proposed,43,6,0,0,"Draw","Draw(CW,S4)",,,,,
4062,4,15,Proposed,43,7,0,0,"Draw","Draw(CCW,S4)",,,,,
4062,4,15,Proposed,43,8,0,0,"Draw","Draw(CW,S6)",,,,,
4062,4,15,Proposed,43,9,0,0,"Draw","Draw(CCW,S6)",,,,,
4062,4,15,Proposed,43,10,0,0,"Draw","Draw(CW,L0)",,,,,
4062,4,15,Proposed,43,11,0,0,"Draw","Draw(CCW,L0)",,,,,
4062,4,15,Proposed,43,12,0,0,"Draw","Draw(CW,L1)",,,,,
4062,4,15,Proposed,43,13,0,0,"Draw","Draw(CCW,L1)",,,,,
4062,4,15,Proposed,43,14,0,0,"Draw","Draw(CW,L2)",,,,,
4062,4,15,Proposed,43,15,0,0,"Draw","Draw(CCW,L2)",,,,,
4062,4,15,Proposed,43,16,0,0,"Draw","Draw(CW,L3)",,,,,
4062,4,15,Proposed,43,17,0,0,"Draw","Draw(CCW,L3)",,,,,
4062,4,15,Proposed,43,18,0,0,"Draw","Draw(CW,L4)",,,,,
4062,4,15,Proposed,43,19,0,0,"Draw","Draw(CCW,L4)",,,,,
4062,4,15,Proposed,43,20,0,0,"Draw","Draw(CW,L5)",,,,,
4062,4,15,Proposed,43,21,0,0,"Draw","Draw(CCW,L5)",,,,,
4062,4,15,Proposed,43,22,0,0,"Draw","Draw(CW,L6)",,,,,
4062,4,15,Proposed,43,23,0,0,"Draw","Draw(CCW,L6)",,,,,
4062,4,15,Proposed,43,24,0,0,"Draw","Draw(CW,L7)",,,,,
4062,4,15,Proposed,43,25,0,0,"Draw","Draw(CCW,L7)",,,,,
4062,4,15,Proposed,43,26,0,0,"PreGuard","PreGuard(CW,G3)",,,,,
4062,4,15,Proposed,43,27,0,0,"PreGuard","PreGuard(CCW,G3)",,,,,
4062,4,15,Proposed,43,28,0,0,"PreGuard","PreGuard(CW,G4)",,,,,
4062,4,15,Proposed,43,29,0,0,"PreGuard","PreGuard(CCW,G4)",,,,,
4062,4,15,Proposed,43,30,0,0,"PreGuard","PreGuard(CW,G5)",,,,,
4062,4,15,Proposed,43,31,0,0,"PreGuard","PreGuard(CCW,G5)",,,,,
4062,4,15,Proposed,43,32,0,0,"Hit","Hit(CW,2,TOUCH)",,,,,
4062,4,15,Proposed,43,33,0,0,"Hit","Hit(CCW,2,TOUCH)",,,,,
4062,4,15,Proposed,43,34,0,0,"Hit","Hit(CW,2,WEAK)",,,,,
4062,4,15,Proposed,43,35,0,0,"Hit","Hit(CCW,2,WEAK)",,,,,
4062,4,15,Proposed,43,36,0,0,"Hit","Hit(CW,2,MIDDLE)",,,,,
4062,4,15,Proposed,43,37,0,0,"Hit","Hit(CCW,2,MIDDLE)",,,,,
4062,4,15,Proposed,43,38,0,0,"Hit","Hit(CW,2,STRONG)",,,,,
4062,4,15,Proposed,43,39,0,0,"Hit","Hit(CCW,2,STRONG)",,,,,
4062,4,15,Proposed,43,40,0,0,"Freeze","Freeze(CW,2)",,,,,
4062,4,15,Proposed,43,41,0,0,"Freeze","Freeze(CCW,2)",,,,,
4062,4,15,Proposed,43,42,0,0,"Hit","Hit(CW,4,TOUCH)",,,,,
4062,4,15,Proposed,43,43,0,0,"Hit","Hit(CCW,4,TOUCH)",,,,,
4062,4,15,Proposed,43,44,0,0,"Hit","Hit(CW,4,WEAK)",,,,,
4062,4,15,Proposed,43,45,0,0,"Hit","Hit(CCW,4,WEAK)",,,,,
4062,4,15,Proposed,43,46,0,0,"Hit","Hit(CW,4,MIDDLE)",,,,,
4062,4,15,Proposed,43,47,0,0,"Hit","Hit(CCW,4,MIDDLE)",,,,,
4062,4,15,Proposed,43,48,0,0,"Hit","Hit(CW,4,STRONG)",,,,,
4062,4,15,Proposed,43,49,0,0,"Hit","Hit(CCW,4,STRONG)",,,,,
4062,4,15,Proposed,43,50,0,0,"Freeze","Freeze(CW,4)",,,,,
4062,4,15,Proposed,43,51,0,0,"Freeze","Freeze(CCW,4)",,,,,
4062,4,15,Proposed,43,52,0,0,"Hit","Hit(CW,6,TOUCH)",,,,,
4062,4,15,Proposed,43,53,0,0,"Hit","Hit(CCW,6,TOUCH)",,,,,
4062,4,15,Proposed,43,54,0,0,"Hit","Hit(CW,6,WEAK)",,,,,
4062,4,15,Proposed,43,55,0,0,"Hit","Hit(CCW,6,WEAK)",,,,,
4062,4,15,Proposed,43,56,0,0,"Hit","Hit(CW,6,MIDDLE)",,,,,
4062,4,15,Proposed,43,57,0,0,"Hit","Hit(CCW,6,MIDDLE)",,,,,
4062,4,15,Proposed,43,58,0,0,"Hit","Hit(CW,6,STRONG)",,,,,
4062,4,15,Proposed,43,59,0,0,"Hit","Hit(CCW,6,STRONG)",,,,,
4062,4,15,Proposed,43,60,0,0,"Freeze","Freeze(CW,6)",,,,,
4062,4,15,Proposed,43,61,0,0,"Freeze","Freeze(CCW,6)",,,,,
4062,4,15,Proposed,43,62,0,0,"Hit","Hit(CW,10,TOUCH)",,,,,
4062,4,15,Proposed,43,63,0,0,"Hit","Hit(CCW,10,TOUCH)",,,,,
4062,4,15,Proposed,43,64,0,0,"Hit","Hit(CW,10,WEAK)",,,,,
4062,4,15,Proposed,43,65,0,0,"Hit","Hit(CCW,10,WEAK)",,,,,
4062,4,15,Proposed,43,66,0,0,"Hit","Hit(CW,10,MIDDLE)",,,,,
4062,4,15,Proposed,43,67,0,0,"Hit","Hit(CCW,10,MIDDLE)",,,,,
4062,4,15,Proposed,43,68,0,0,"Hit","Hit(CW,10,STRONG)",,,,,
4062,4,15,Proposed,43,69,0,0,"Hit","Hit(CCW,10,STRONG)",,,,,
4062,4,15,Proposed,43,70,0,0,"Freeze","Freeze(CW,10)",,,,,
4062,4,15,Proposed,43,71,0,0,"Freeze","Freeze(CCW,10)",,,,,
4062,4,15,Proposed,43,72,0,0,"Hit","Hit(CW,12,TOUCH)",,,,,
4062,4,15,Proposed,43,73,0,0,"Hit","Hit(CCW,12,TOUCH)",,,,,
4062,4,15,Proposed,43,74,0,0,"Hit","Hit(CW,12,WEAK)",,,,,
4062,4,15,Proposed,43,75,0,0,"Hit","Hit(CCW,12,WEAK)",,,,,
4062,4,15,Proposed,43,76,0,0,"Hit","Hit(CW,12,MIDDLE)",,,,,
4062,4,15,Proposed,43,77,0,0,"Hit","Hit(CCW,12,MIDDLE)",,,,,
4062,4,15,Proposed,43,78,0,0,"Hit","Hit(CW,12,STRONG)",,,,,
4062,4,15,Proposed,43,79,0,0,"Hit","Hit(CCW,12,STRONG)",,,,,
4062,4,15,Proposed,43,80,0,0,"Freeze","Freeze(CW,12)",,,,,
4062,4,15,Proposed,43,81,0,0,"Freeze","Freeze(CCW,12)",,,,,
4062,4,15,Proposed,43,82,0,0,"Hit","Hit(CW,14,TOUCH)",,,,,
4062,4,15,Proposed,43,83,0,0,"Hit","Hit(CCW,14,TOUCH)",,,,,
4062,4,15,Proposed,43,84,0,0,"Hit","Hit(CW,14,WEAK)",,,,,
4062,4,15,Proposed,43,85,0,0,"Hit","Hit(CCW,14,WEAK)",,,,,
4062,4,15,Proposed,43,86,0,0,"Hit","Hit(CW,14,MIDDLE)",,,,,
4062,4,15,Proposed,43,87,0,0,"Hit","Hit(CCW,14,MIDDLE)",,,,,
4062,4,15,Proposed,43,88,0,0,"Hit","Hit(CW,14,STRONG)",,,,,
4062,4,15,Proposed,43,89,0,0,"Hit","Hit(CCW,14,STRONG)",,,,,
4062,4,15,Proposed,43,90,0,0,"Freeze","Freeze(CW,14)",,,,,
4062,4,15,Proposed,43,91,0,0,"Freeze","Freeze(CCW,14)",,,,,
4062,4,15,Proposed,43,92,0,0,"PostGuard","PostGuard(CW,5,0)",,,,,
4062,4,15,Proposed,43,93,0,0,"PostGuard","PostGuard(CCW,5,0)",,,,,
4062,4,15,Proposed,43,94,1,1,"PostGuard","PostGuard(CW,5,1)",,,,,
4062,4,15,Proposed,43,95,2,1,"PostGuard","PostGuard(CCW,5,1)",,,,,
4062,4,15,Proposed,43,96,3,1,"PostGuard","PostGuard(CW,5,2)",,,,,
4062,4,15,Proposed,43,97,4,1,"PostGuard","PostGuard(CCW,5,2)",,,,,
4062,4,15,Proposed,43,98,5,1,"PostGuard","PostGuard(CW,7,0)",,,,,
4062,4,15,Proposed,43,99,6,1,"PostGuard","PostGuard(CCW,7,0)",,,,,
4062,4,15,Proposed,43,100,7,1,"PostGuard","PostGuard(CW,7,1)",,,,,
4062,4,15,Proposed,43,101,8,1,"PostGuard","PostGuard(CCW,7,1)",,,,,
4062,4,15,Proposed,43,102,9,1,"PostGuard","PostGuard(CW,7,2)",,,,,
4062,4,15,Proposed,43,103,10,1,"PostGuard","PostGuard(CCW,7,2)",,,,,
4062,4,15,Proposed,43,104,11,1,"PostGuard","PostGuard(CW,11,0)",,,,,
4062,4,15,Proposed,43,105,12,1,"PostGuard","PostGuard(CCW,11,0)",,,,,
4062,4,15,Proposed,43,106,13,1,"PostGuard","PostGuard(CW,11,1)",,,,,
4062,4,15,Proposed,43,107,14,1,"PostGuard","PostGuard(CCW,11,1)",,,,,
4062,4,15,Proposed,43,108,15,1,"PostGuard","PostGuard(CW,11,2)",,,,,
4062,4,15,Proposed,43,109,16,1,"PostGuard","PostGuard(CCW,11,2)",,,,,
4062,4,15,Proposed,43,110,17,1,"PostGuard","PostGuard(CW,13,0)",,,,,
4062,4,15,Proposed,43,111,18,1,"PostGuard","PostGuard(CCW,13,0)",,,,,
4062,4,15,Proposed,43,112,19,1,"PostGuard","PostGuard(CW,13,1)",,,,,
4062,4,15,Proposed,43,113,20,1,"PostGuard","PostGuard(CCW,13,1)",,,,,
4062,4,15,Proposed,43,114,21,1,"PostGuard","PostGuard(CW,13,2)",,,,,
4062,4,15,Proposed,43,115,22,1,"PostGuard","PostGuard(CCW,13,2)",,,,,
4062,4,15,Proposed,43,116,23,1,"Pass","Pass",,,,,
9882,2,11,Proposed,43,0,0,0,"Draw","Draw(CW,TEE)",,,,,
9882,2,11,Proposed,43,2,0,0,"Draw","Draw(CW,S0)",,,,,
9882,2,11,Proposed,43,6,0,0,"Draw","Draw(CW,S4)",,,,,
9882,2,11,Proposed,43,8,0,0,"Draw","Draw(CW,S6)",,,,,
9882,2,11,Proposed,43,9,0,0,"Draw","Draw(CCW,S6)",,,,,
9882,2,11,Proposed,43,20,0,0,"Draw","Draw(CW,L5)",,,,,
9882,2,11,Proposed,43,21,0,0,"Draw","Draw(CCW,L5)",,,,,
9882,2,11,Proposed,43,22,0,0,"Draw","Draw(CW,L6)",,,,,
9882,2,11,Proposed,43,23,0,0,"Draw","Draw(CCW,L6)",,,,,
9882,2,11,Proposed,43,24,0,0,"Draw","Draw(CW,L7)",,,,,
9882,2,11,Proposed,43,25,0,0,"Draw","Draw(CCW,L7)",,,,,
9882,2,11,Proposed,43,32,0,0,"Hit","Hit(CW,2,TOUCH)",,,,,
9882,2,11,Proposed,43,40,0,0,"Freeze","Freeze(CW,2)",,,,,
9882,2,11,Proposed,43,42,0,0,"Hit","Hit(CW,4,TOUCH)",,,,,
9882,2,11,Proposed,43,50,0,1,"Freeze","Freeze(CW,4)",,,,,
9882,2,11,Proposed,43,51,0,0,"Freeze","Freeze(CCW,4)",,,,,
9882,2,11,Proposed,43,62,0,0,"Hit","Hit(CW,8,TOUCH)",,,,,
9882,2,11,Proposed,43,70,0,0,"Freeze","Freeze(CW,8)",,,,,
9882,2,11,Proposed,43,84,0,0,"PostGuard","PostGuard(CW,5,0)",,,,,
9882,2,11,Proposed,43,85,0,0,"PostGuard","PostGuard(CCW,5,0)",,,,,
9882,2,11,Proposed,43,1,1,1,"Draw","Draw(CCW,TEE)",,,,,
9882,2,11,Proposed,43,91,1,0,"PostGuard","PostGuard(CCW,7,0)",,,,,
9882,2,11,Proposed,43,3,2,0,"Draw","Draw(CCW,S0)",,,,,
9882,2,11,Proposed,43,7,2,0,"Draw","Draw(CCW,S4)",,,,,
9882,2,11,Proposed,43,16,2,0,"Draw","Draw(CW,L3)",,,,,
9882,2,11,Proposed,43,17,2,0,"Draw","Draw(CCW,L3)",,,,,
9882,2,11,Proposed,43,33,2,0,"Hit","Hit(CCW,2,TOUCH)",,,,,
9882,2,11,Proposed,43,41,2,0,"Freeze","Freeze(CCW,2)",,,,,
9882,2,11,Proposed,43,52,2,0,"Hit","Hit(CW,6,TOUCH)",,,,,
9882,2,11,Proposed,43,53,2,0,"Hit","Hit(CCW,6,TOUCH)",,,,,
9882,2,11,Proposed,43,60,2,0,"Freeze","Freeze(CW,6)",,,,,
9882,2,11,Proposed,43,61,2,0,"Freeze","Freeze(CCW,6)",,,,,
9882,2,11,Proposed,43,63,2,0,"Hit","Hit(CCW,8,TOUCH)",,,,,
9882,2,11,Proposed,43,71,2,0,"Freeze","Freeze(CCW,8)",,,,,
9882,2,11,Proposed,43,72,2,0,"PostGuard","PostGuard(CW,1,0)",,,,,
9882,2,11,Proposed,43,73,2,0,"PostGuard","PostGuard(CCW,1,0)",,,,,
9882,2,11,Proposed,43,74,2,0,"PostGuard","PostGuard(CW,1,1)",,,,,
9882,2,11,Proposed,43,75,2,0,"PostGuard","PostGuard(CCW,1,1)",,,,,
9882,2,11,Proposed,43,78,2,1,"PostGuard","PostGuard(CW,3,0)",,,,,
9882,2,11,Proposed,43,79,2,0,"PostGuard","PostGuard(CCW,3,0)",,,,,
9882,2,11,Proposed,43,90,2,0,"PostGuard","PostGuard(CW,7,0)",,,,,
9882,2,11,Proposed,43,4,3,0,"Draw","Draw(CW,S2)",,,,,
9882,2,11,Proposed,43,5,3,1,"Draw","Draw(CCW,S2)",,,,,
9882,2,11,Proposed,43,12,3,0,"Draw","Draw(CW,L1)",,,,,
9882,2,11,Proposed,43,13,3,0,"Draw","Draw(CCW,L1)",,,,,
9882,2,11,Proposed,43,14,3,0,"Draw","Draw(CW,L2)",,,,,
9882,2,11,Proposed,43,15,3,0,"Draw","Draw(CCW,L2)",,,,,
9882,2,11,Proposed,43,10,4,1,"Draw","Draw(CW,L0)",,,,,
9882,2,11,Proposed,43,43,4,0,"Hit","Hit(CCW,4,TOUCH)",,,,,
9882,2,11,Proposed,43,11,5,1,"Draw","Draw(CCW,L0)",,,,,
9882,2,11,Proposed,43,18,6,0,"Draw","Draw(CW,L4)",,,,,
9882,2,11,Proposed,43,19,6,0,"Draw","Draw(CCW,L4)",,,,,
9882,2,11,Proposed,43,26,6,0,"PreGuard","PreGuard(CW,G3)",,,,,
9882,2,11,Proposed,43,27,6,0,"PreGuard","PreGuard(CCW,G3)",,,,,
9882,2,11,Proposed,43,28,6,0,"PreGuard","PreGuard(CW,G4)",,,,,
9882,2,11,Proposed,43,29,6,0,"PreGuard","PreGuard(CCW,G4)",,,,,
9882,2,11,Proposed,43,30,6,0,"PreGuard","PreGuard(CW,G5)",,,,,
9882,2,11,Proposed,43,31,6,0,"PreGuard","PreGuard(CCW,G5)",,,,,
9882,2,11,Proposed,43,76,6,0,"PostGuard","PostGuard(CW,1,2)",,,,,
9882,2,11,Proposed,43,77,6,0,"PostGuard","PostGuard(CCW,1,2)",,,,,
9882,2,11,Proposed,43,80,6,0,"PostGuard","PostGuard(CW,3,1)",,,,,
9882,2,11,Proposed,43,81,6,0,"PostGuard","PostGuard(CCW,3,1)",,,,,
9882,2,11,Proposed,43,82,6,0,"PostGuard","PostGuard(CW,3,2)",,,,,
9882,2,11,Proposed,43,83,6,0,"PostGuard","PostGuard(CCW,3,2)",,,,,
9882,2,11,Proposed,43,86,6,0,"PostGuard","PostGuard(CW,5,1)",,,,,
9882,2,11,Proposed,43,87,6,0,"PostGuard","PostGuard(CCW,5,1)",,,,,
9882,2,11,Proposed,43,88,6,0,"PostGuard","PostGuard(CW,5,2)",,,,,
9882,2,11,Proposed,43,89,6,0,"PostGuard","PostGuard(CCW,5,2)",,,,,
9882,2,11,Proposed,43,92,6,0,"PostGuard","PostGuard(CW,7,1)",,,,,
9882,2,11,Proposed,43,93,6,0,"PostGuard","PostGuard(CCW,7,1)",,,,,
9882,2,11,Proposed,43,94,6,0,"PostGuard","PostGuard(CW,7,2)",,,,,
9882,2,11,Proposed,43,95,6,0,"PostGuard","PostGuard(CCW,7,2)",,,,,
9882,2,11,Proposed,43,96,6,0,"PostGuard","PostGuard(CW,9,0)",,,,,
9882,2,11,Proposed,43,97,6,1,"PostGuard","PostGuard(CCW,9,0)",,,,,
9882,2,11,Proposed,43,98,6,0,"PostGuard","PostGuard(CW,9,1)",,,,,
9882,2,11,Proposed,43,99,6,0,"PostGuard","PostGuard(CCW,9,1)",,,,,
9882,2,11,Proposed,43,102,6,0,"PostGuard","PostGuard(CW,11,0)",,,,,
9882,2,11,Proposed,43,103,6,0,"PostGuard","PostGuard(CCW,11,0)",,,,,
9882,2,11,Proposed,43,104,6,0,"PostGuard","PostGuard(CW,11,1)",,,,,
9882,2,11,Proposed,43,105,6,0,"PostGuard","PostGuard(CCW,11,1)",,,,,
9882,2,11,Proposed,43,34,7,1,"Hit","Hit(CW,2,WEAK)",,,,,
9882,2,11,Proposed,43,35,8,1,"Hit","Hit(CCW,2,WEAK)",,,,,
9882,2,11,Proposed,43,36,9,1,"Hit","Hit(CW,2,MIDDLE)",,,,,
9882,2,11,Proposed,43,38,9,0,"Hit","Hit(CW,2,STRONG)",,,,,
9882,2,11,Proposed,43,37,10,1,"Hit","Hit(CCW,2,MIDDLE)",,,,,
9882,2,11,Proposed,43,39,10,0,"Hit","Hit(CCW,2,STRONG)",,,,,
9882,2,11,Proposed,43,44,11,1,"Hit","Hit(CW,4,WEAK)",,,,,
9882,2,11,Proposed,43,45,12,0,"Hit","Hit(CCW,4,WEAK)",,,,,
9882,2,11,Proposed,43,47,12,1,"Hit","Hit(CCW,4,MIDDLE)",,,,,
9882,2,11,Proposed,43,49,12,0,"Hit","Hit(CCW,4,STRONG)",,,,,
9882,2,11,Proposed,43,46,13,1,"Hit","Hit(CW,4,MIDDLE)",,,,,
9882,2,11,Proposed,43,48,13,0,"Hit","Hit(CW,4,STRONG)",,,,,
9882,2,11,Proposed,43,54,14,1,"Hit","Hit(CW,6,WEAK)",,,,,
9882,2,11,Proposed,43,55,15,0,"Hit","Hit(CCW,6,WEAK)",,,,,
9882,2,11,Proposed,43,57,15,1,"Hit","Hit(CCW,6,MIDDLE)",,,,,
9882,2,11,Proposed,43,59,15,0,"Hit","Hit(CCW,6,STRONG)",,,,,
9882,2,11,Proposed,43,56,16,1,"Hit","Hit(CW,6,MIDDLE)",,,,,
9882,2,11,Proposed,43,58,16,0,"Hit","Hit(CW,6,STRONG)",,,,,
9882,2,11,Proposed,43,64,17,1,"Hit","Hit(CW,8,WEAK)",,,,,
9882,2,11,Proposed,43,65,18,1,"Hit","Hit(CCW,8,WEAK)",,,,,
9882,2,11,Proposed,43,66,19,1,"Hit","Hit(CW,8,MIDDLE)",,,,,
9882,2,11,Proposed,43,67,19,0,"Hit","Hit(CCW,8,MIDDLE)",,,,,
9882,2,11,Proposed,43,68,19,0,"Hit","Hit(CW,8,STRONG)",,,,,
9882,2,11,Proposed,43,69,19,0,"Hit","Hit(CCW,8,STRONG)",,,,,
9882,2,11,Proposed,43,100,20,1,"PostGuard","PostGuard(CW,9,2)",,,,,
9882,2,11,Proposed,43,101,20,0,"PostGuard","PostGuard(CCW,9,2)",,,,,
9882,2,11,Proposed,43,106,20,0,"PostGuard","PostGuard(CW,11,2)",,,,,
9882,2,11,Proposed,43,107,20,0,"PostGuard","PostGuard(CCW,11,2)",,,,,
9882,2,11,Proposed,43,108,21,1,"Pass","Pass",,,,,
2998,6,14,Proposed,43,0,0,0,"Draw","Draw(CW,TEE)",,,,,
2998,6,14,Proposed,43,1,0,0,"Draw","Draw(CCW,TEE)",,,,,
2998,6,14,Proposed,43,2,0,0,"Draw","Draw(CW,S0)",,,,,
2998,6,14,Proposed,43,3,0,0,"Draw","Draw(CCW,S0)",,,,,
2998,6,14,Proposed,43,6,0,0,"Draw","Draw(CW,S4)",,,,,
2998,6,14,Proposed,43,7,0,0,"Draw","Draw(CCW,S4)",,,,,
2998,6,14,Proposed,43,8,0,0,"Draw","Draw(CW,S6)",,,,,
2998,6,14,Proposed,43,9,0,0,"Draw","Draw(CCW,S6)",,,,,
2998,6,14,Proposed,43,10,0,0,"Draw","Draw(CW,L0)",,,,,
2998,6,14,Proposed,43,11,0,0,"Draw","Draw(CCW,L0)",,,,,
2998,6,14,Proposed,43,25,0,0,"Draw","Draw(CCW,L7)",,,,,
2998,6,14,Proposed,43,32,0,0,"Hit","Hit(CW,1,TOUCH)",,,,,
2998,6,14,Proposed,43,33,0,0,"Hit","Hit(CCW,1,TOUCH)",,,,,
2998,6,14,Proposed,43,40,0,0,"Freeze","Freeze(CW,1)",,,,,
2998,6,14,Proposed,43,41,0,0,"Freeze","Freeze(CCW,1)",,,,,
2998,6,14,Proposed,43,42,0,0,"Hit","Hit(CW,3,TOUCH)",,,,,
2998,6,14,Proposed,43,43,0,0,"Hit","Hit(CCW,3,TOUCH)",,,,,
2998,6,14,Proposed,43,50,0,0,"Freeze","Freeze(CW,3)",,,,,
2998,6,14,Proposed,43,51,0,0,"Freeze","Freeze(CCW,3)",,,,,
2998,6,14,Proposed,43,52,0,0,"Hit","Hit(CW,5,TOUCH)",,,,,
2998,6,14,Proposed,43,53,0,0,"Hit","Hit(CCW,5,TOUCH)",,,,,
2998,6,14,Proposed,43,60,0,0,"Freeze","Freeze(CW,5)",,,,,
2998,6,14,Proposed,43,61,0,0,"Freeze","Freeze(CCW,5)",,,,,
2998,6,14,Proposed,43,62,0,0,"Hit","Hit(CW,7,TOUCH)",,,,,
2998,6,14,Proposed,43,63,0,0,"Hit","Hit(CCW,7,TOUCH)",,,,,
2998,6,14,Proposed,43,70,0,0,"Freeze","Freeze(CW,7)",,,,,
2998,6,14,Proposed,43,71,0,0,"Freeze","Freeze(CCW,7)",,,,,
2998,6,14,Proposed,43,72,0,0,"Hit","Hit(CW,9,TOUCH)",,,,,
2998,6,14,Proposed,43,73,0,0,"Hit","Hit(CCW,9,TOUCH)",,,,,
2998,6,14,Proposed,43,80,0,0,"Freeze","Freeze(CW,9)",,,,,
2998,6,14,Proposed,43,81,0,0,"Freeze","Freeze(CCW,9)",,,,,
2998,6,14,Proposed,43,82,0,0,"Hit","Hit(CW,11,TOUCH)",,,,,
2998,6,14,Proposed,43,83,0,0,"Hit","Hit(CCW,11,TOUCH)",,,,,
2998,6,14,Proposed,43,90,0,0,"Freeze","Freeze(CW,11)",,,,,
2998,6,14,Proposed,43,92,0,0,"Hit","Hit(CW,13,TOUCH)",,,,,
2998,6,14,Proposed,43,93,0,0,"Hit","Hit(CCW,13,TOUCH)",,,,,
2998,6,14,Proposed,43,102,0,0,"PostGuard","PostGuard(CW,0,0)",,,,,
2998,6,14,Proposed,43,103,0,0,"PostGuard","PostGuard(CCW,0,0)",,,,,
2998,6,14,Proposed,43,108,0,0,"PostGuard","PostGuard(CW,2,0)",,,,,
2998,6,14,Proposed,43,109,0,0,"PostGuard","PostGuard(CCW,2,0)",,,,,
2998,6,14,Proposed,43,120,0,0,"PostGuard","PostGuard(CW,6,0)",,,,,
2998,6,14,Proposed,43,121,0,1,"PostGuard","PostGuard(CCW,6,0)",,,,,
2998,6,14,Proposed,43,132,0,0,"PostGuard","PostGuard(CW,10,0)",,,,,
2998,6,14,Proposed,43,133,0,0,"PostGuard","PostGuard(CCW,10,0)",,,,,
2998,6,14,Proposed,43,4,1,0,"Draw","Draw(CW,S2)",,,,,
2998,6,14,Proposed,43,5,1,0,"Draw","Draw(CCW,S2)",,,,,
2998,6,14,Proposed,43,12,1,0,"Draw","Draw(CW,L1)",,,,,
2998,6,14,Proposed,43,13,1,0,"Draw","Draw(CCW,L1)",,,,,
2998,6,14,Proposed,43,14,1,0,"Draw","Draw(CW,L2)",,,,,
2998,6,14,Proposed,43,15,1,0,"Draw","Draw(CCW,L2)",,,,,
2998,6,14,Proposed,43,16,1,0,"Draw","Draw(CW,L3)",,,,,
2998,6,14,Proposed,43,17,1,0,"Draw","Draw(CCW,L3)",,,,,
2998,6,14,Proposed,43,20,1,0,"Draw","Draw(CW,L5)",,,,,
2998,6,14,Proposed,43,21,1,0,"Draw","Draw(CCW,L5)",,,,,
2998,6,14,Proposed,43,22,1,0,"Draw","Draw(CW,L6)",,,,,
2998,6,14,Proposed,43,23,1,0,"Draw","Draw(CCW,L6)",,,,,
2998,6,14,Proposed,43,24,1,0,"Draw","Draw(CW,L7)",,,,,
2998,6,14,Proposed,43,91,1,0,"Freeze","Freeze(CCW,11)",,,,,
2998,6,14,Proposed,43,100,1,0,"Freeze","Freeze(CW,13)",,,,,
2998,6,14,Proposed,43,101,1,0,"Freeze","Freeze(CCW,13)",,,,,
2998,6,14,Proposed,43,104,1,0,"PostGuard","PostGuard(CW,0,1)",,,,,
2998,6,14,Proposed,43,105,1,0,"PostGuard","PostGuard(CCW,0,1)",,,,,
2998,6,14,Proposed,43,114,1,1,"PostGuard","PostGuard(CW,4,0)",,,,,
2998,6,14,Proposed,43,115,1,0,"PostGuard","PostGuard(CCW,4,0)",,,,,
2998,6,14,Proposed,43,18,2,0,"Draw","Draw(CW,L4)",,,,,
2998,6,14,Proposed,43,19,2,0,"Draw","Draw(CCW,L4)",,,,,
2998,6,14,Proposed,43,26,2,0,"PreGuard","PreGuard(CW,G3)",,,,,
2998,6,14,Proposed,43,27,2,0,"PreGuard","PreGuard(CCW,G3)",,,,,
2998,6,14,Proposed,43,28,2,0,"PreGuard","PreGuard(CW,G4)",,,,,
2998,6,14,Proposed,43,29,2,0,"PreGuard","PreGuard(CCW,G4)",,,,,
2998,6,14,Proposed,43,30,2,0,"PreGuard","PreGuard(CW,G5)",,,,,
2998,6,14,Proposed,43,31,2,0,"PreGuard","PreGuard(CCW,G5)",,,,,
2998,6,14,Proposed,43,106,2,0,"PostGuard","PostGuard(CW,0,2)",,,,,
2998,6,14,Proposed,43,107,2,0,"PostGuard","PostGuard(CCW,0,2)",,,,,
2998,6,14,Proposed,43,110,2,0,"PostGuard","PostGuard(CW,2,1)",,,,,
2998,6,14,Proposed,43,111,2,0,"PostGuard","PostGuard(CCW,2,1)",,,,,
2998,6,14,Proposed,43,112,2,0,"PostGuard","PostGuard(CW,2,2)",,,,,
2998,6,14,Proposed,43,113,2,1,"PostGuard","PostGuard(CCW,2,2)",,,,,
2998,6,14,Proposed,43,116,2,0,"PostGuard","PostGuard(CW,4,1)",,,,,
2998,6,14,Proposed,43,117,2,0,"PostGuard","PostGuard(CCW,4,1)",,,,,
2998,6,14,Proposed,43,118,2,0,"PostGuard","PostGuard(CW,4,2)",,,,,
2998,6,14,Proposed,43,119,2,0,"PostGuard","PostGuard(CCW,4,2)",,,,,
2998,6,14,Proposed,43,122,2,0,"PostGuard","PostGuard(CW,6,1)",,,,,
2998,6,14,Proposed,43,123,2,0,"PostGuard","PostGuard(CCW,6,1)",,,,,
2998,6,14,Proposed,43,124,2,0,"PostGuard","PostGuard(CW,6,2)",,,,,
2998,6,14,Proposed,43,125,2,0,"PostGuard","PostGuard(CCW,6,2)",,,,,
2998,6,14,Proposed,43,128,2,0,"PostGuard","PostGuard(CW,8,1)",,,,,
2998,6,14,Proposed,43,129,2,0,"PostGuard","PostGuard(CCW,8,1)",,,,,
2998,6,14,Proposed,43,130,2,0,"PostGuard","PostGuard(CW,8,2)",,,,,
2998,6,14,Proposed,43,131,2,0,"PostGuard","PostGuard(CCW,8,2)",,,,,
2998,6,14,Proposed,43,134,2,0,"PostGuard","PostGuard(CW,10,1)",,,,,
2998,6,14,Proposed,43,135,2,0,"PostGuard","PostGuard(CCW,10,1)",,,,,
2998,6,14,Proposed,43,136,2,0,"PostGuard","PostGuard(CW,10,2)",,,,,
2998,6,14,Proposed,43,137,2,0,"PostGuard","PostGuard(CCW,10,2)",,,,,
2998,6,14,Proposed,43,138,2,0,"PostGuard","PostGuard(CW,12,0)",,,,,
2998,6,14,Proposed,43,139,2,0,"PostGuard","PostGuard(CCW,12,0)",,,,,
2998,6,14,Proposed,43,140,2,0,"PostGuard","PostGuard(CW,12,1)",,,,,
2998,6,14,Proposed,43,141,2,0,"PostGuard","PostGuard(CCW,12,1)",,,,,
2998,6,14,Proposed,43,142,2,0,"PostGuard","PostGuard(CW,12,2)",,,,,
2998,6,14,Proposed,43,143,2,0,"PostGuard","PostGuard(CCW,12,2)",,,,,
2998,6,14,Proposed,43,34,3,1,"Hit","Hit(CW,1,WEAK)",,,,,
2998,6,14,Proposed,43,35,4,1,"Hit","Hit(CCW,1,WEAK)",,,,,
2998,6,14,Proposed,43,64,4,0,"Hit","Hit(CW,7,WEAK)",,,,,
2998,6,14,Proposed,43,36,5,1,"Hit","Hit(CW,1,MIDDLE)",,,,,
2998,6,14,Proposed,43,38,5,0,"Hit","Hit(CW,1,STRONG)",,,,,
2998,6,14,Proposed,43,37,6,1,"Hit","Hit(CCW,1,MIDDLE)",,,,,
2998,6,14,Proposed,43,39,6,0,"Hit","Hit(CCW,1,STRONG)",,,,,
2998,6,14,Proposed,43,44,7,1,"Hit","Hit(CW,3,WEAK)",,,,,
2998,6,14,Proposed,43,45,8,1,"Hit","Hit(CCW,3,WEAK)",,,,,
2998,6,14,Proposed,43,46,9,1,"Hit","Hit(CW,3,MIDDLE)",,,,,
2998,6,14,Proposed,43,47,9,0,"Hit","Hit(CCW,3,MIDDLE)",,,,,
2998,6,14,Proposed,43,48,9,0,"Hit","Hit(CW,3,STRONG)",,,,,
2998,6,14,Proposed,43,49,9,0,"Hit","Hit(CCW,3,STRONG)",,,,,
2998,6,14,Proposed,43,54,10,0,"Hit","Hit(CW,5,WEAK)",,,,,
2998,6,14,Proposed,43,56,10,1,"Hit","Hit(CW,5,MIDDLE)",,,,,
2998,6,14,Proposed,43,58,10,0,"Hit","Hit(CW,5,STRONG)",,,,,
2998,6,14,Proposed,43,55,11,1,"Hit","Hit(CCW,5,WEAK)",,,,,
2998,6,14,Proposed,43,57,12,1,"Hit","Hit(CCW,5,MIDDLE)",,,,,
2998,6,14,Proposed,43,59,12,0,"Hit","Hit(CCW,5,STRONG)",,,,,
2998,6,14,Proposed,43,65,13,1,"Hit","Hit(CCW,7,WEAK)",,,,,
2998,6,14,Proposed,43,66,14,1,"Hit","Hit(CW,7,MIDDLE)",,,,,
2998,6,14,Proposed,43,68,14,0,"Hit","Hit(CW,7,STRONG)",,,,,
2998,6,14,Proposed,43,67,15,1,"Hit","Hit(CCW,7,MIDDLE)",,,,,
2998,6,14,Proposed,43,69,15,0,"Hit","Hit(CCW,7,STRONG)",,,,,
2998,6,14,Proposed,43,74,16,1,"Hit","Hit(CW,9,WEAK)",,,,,
2998,6,14,Proposed,43,75,17,1,"Hit","Hit(CCW,9,WEAK)",,,,,
2998,6,14,Proposed,43,76,18,1,"Hit","Hit(CW,9,MIDDLE)",,,,,
2998,6,14,Proposed,43,78,18,0,"Hit","Hit(CW,9,STRONG)",,,,,
2998,6,14,Proposed,43,77,19,1,"Hit","Hit(CCW,9,MIDDLE)",,,,,
2998,6,14,Proposed,43,79,19,0,"Hit","Hit(CCW,9,STRONG)",,,,,
2998,6,14,Proposed,43,84,20,1,"Hit","Hit(CW,11,WEAK)",,,,,
2998,6,14,Proposed,43,85,21,1,"Hit","Hit(CCW,11,WEAK)",,,,,
2998,6,14,Proposed,43,86,22,1,"Hit","Hit(CW,11,MIDDLE)",,,,,
2998,6,14,Proposed,43,87,22,0,"Hit","Hit(CCW,11,MIDDLE)",,,,,
2998,6,14,Proposed,43,88,22,0,"Hit","Hit(CW,11,STRONG)",,,,,
2998,6,14,Proposed,43,89,22,0,"Hit","Hit(CCW,11,STRONG)",,,,,
2998,6,14,Proposed,43,94,23,1,"Hit","Hit(CW,13,WEAK)",,,,,
2998,6,14,Proposed,43,95,24,1,"Hit","Hit(CCW,13,WEAK)",,,,,
2998,6,14,Proposed,43,96,25,1,"Hit","Hit(CW,13,MIDDLE)",,,,,
2998,6,14,Proposed,43,98,25,0,"Hit","Hit(CW,13,STRONG)",,,,,
2998,6,14,Proposed,43,97,26,1,"Hit","Hit(CCW,13,MIDDLE)",,,,,
2998,6,14,Proposed,43,99,26,0,"Hit","Hit(CCW,13,STRONG)",,,,,
2998,6,14,Proposed,43,126,27,1,"PostGuard","PostGuard(CW,8,0)",,,,,
2998,6,14,Proposed,43,127,27,0,"PostGuard","PostGuard(CCW,8,0)",,,,,
2998,6,14,Proposed,43,144,28,1,"Pass","Pass",,,,,
1555,2,3,Proposed,43,0,0,0,"Draw","Draw(CW,TEE)",,,,,
1555,2,3,Proposed,43,2,0,0,"Draw","Draw(CW,S0)",,,,,
1555,2,3,Proposed,43,6,0,0,"Draw","Draw(CW,S4)",,,,,
1555,2,3,Proposed,43,10,0,0,"Draw","Draw(CW,L0)",,,,,
1555,2,3,Proposed,43,32,0,0,"Hit","Hit(CW,0,TOUCH)",,,,,
1555,2,3,Proposed,43,40,0,0,"Freeze","Freeze(CW,0)",,,,,
1555,2,3,Proposed,43,41,0,1,"Freeze","Freeze(CCW,0)",,,,,
1555,2,3,Proposed,43,42,0,0,"PostGuard","PostGuard(CW,1,0)",,,,,
1555,2,3,Proposed,43,43,0,0,"PostGuard","PostGuard(CCW,1,0)",,,,,
1555,2,3,Proposed,43,1,1,0,"Draw","Draw(CCW,TEE)",,,,,
1555,2,3,Proposed,43,3,1,0,"Draw","Draw(CCW,S0)",,,,,
1555,2,3,Proposed,43,7,1,1,"Draw","Draw(CCW,S4)",,,,,
1555,2,3,Proposed,43,33,1,0,"Hit","Hit(CCW,0,TOUCH)",,,,,
1555,2,3,Proposed,43,4,2,0,"Draw","Draw(CW,S2)",,,,,
1555,2,3,Proposed,43,5,2,1,"Draw","Draw(CCW,S2)",,,,,
1555,2,3,Proposed,43,12,2,0,"Draw","Draw(CW,L1)",,,,,
1555,2,3,Proposed,43,13,2,0,"Draw","Draw(CCW,L1)",,,,,
1555,2,3,Proposed,43,14,2,0,"Draw","Draw(CW,L2)",,,,,
1555,2,3,Proposed,43,15,2,0,"Draw","Draw(CCW,L2)",,,,,
1555,2,3,Proposed,43,8,3,1,"Draw","Draw(CW,S6)",,,,,
1555,2,3,Proposed,43,9,3,0,"Draw","Draw(CCW,S6)",,,,,
1555,2,3,Proposed,43,20,3,0,"Draw","Draw(CW,L5)",,,,,
1555,2,3,Proposed,43,21,3,0,"Draw","Draw(CCW,L5)",,,,,
1555,2,3,Proposed,43,22,3,0,"Draw","Draw(CW,L6)",,,,,
1555,2,3,Proposed,43,23,3,0,"Draw","Draw(CCW,L6)",,,,,
1555,2,3,Proposed,43,24,3,0,"Draw","Draw(CW,L7)",,,,,
1555,2,3,Proposed,43,25,3,0,"Draw","Draw(CCW,L7)",,,,,
1555,2,3,Proposed,43,11,4,1,"Draw","Draw(CCW,L0)",,,,,
1555,2,3,Proposed,43,16,5,0,"Draw","Draw(CW,L3)",,,,,
1555,2,3,Proposed,43,17,5,0,"Draw","Draw(CCW,L3)",,,,,
1555,2,3,Proposed,43,44,5,0,"PostGuard","PostGuard(CW,1,1)",,,,,
1555,2,3,Proposed,43,45,5,0,"PostGuard","PostGuard(CCW,1,1)",,,,,
1555,2,3,Proposed,43,48,5,0,"PostGuard","PostGuard(CW,3,0)",,,,,
1555,2,3,Proposed,43,49,5,1,"PostGuard","PostGuard(CCW,3,0)",,,,,
1555,2,3,Proposed,43,18,6,0,"Draw","Draw(CW,L4)",,,,,
1555,2,3,Proposed,43,19,6,0,"Draw","Draw(CCW,L4)",,,,,
1555,2,3,Proposed,43,26,6,0,"PreGuard","PreGuard(CW,G3)",,,,,
1555,2,3,Proposed,43,27,6,0,"PreGuard","PreGuard(CCW,G3)",,,,,
1555,2,3,Proposed,43,28,6,0,"PreGuard","PreGuard(CW,G4)",,,,,
1555,2,3,Proposed,43,29,6,0,"PreGuard","PreGuard(CCW,G4)",,,,,
1555,2,3,Proposed,43,30,6,0,"PreGuard","PreGuard(CW,G5)",,,,,
1555,2,3,Proposed,43,31,6,0,"PreGuard","PreGuard(CCW,G5)",,,,,
1555,2,3,Proposed,43,46,6,0,"PostGuard","PostGuard(CW,1,2)",,,,,
1555,2,3,Proposed,43,47,6,1,"PostGuard","PostGuard(CCW,1,2)",,,,,
1555,2,3,Proposed,43,50,6,0,"PostGuard","PostGuard(CW,3,1)",,,,,
1555,2,3,Proposed,43,51,6,0,"PostGuard","PostGuard(CCW,3,1)",,,,,
1555,2,3,Proposed,43,52,6,0,"PostGuard","PostGuard(CW,3,2)",,,,,
1555,2,3,Proposed,43,53,6,0,"PostGuard","PostGuard(CCW,3,2)",,,,,
1555,2,3,Proposed,43,34,7,1,"Hit","Hit(CW,0,WEAK)",,,,,
1555,2,3,Proposed,43,35,8,1,"Hit","Hit(CCW,0,WEAK)",,,,,
1555,2,3,Proposed,43,36,9,1,"Hit","Hit(CW,0,MIDDLE)",,,,,
1555,2,3,Proposed,43,37,9,0,"Hit","Hit(CCW,0,MIDDLE)",,,,,
1555,2,3,Proposed,43,38,9,0,"Hit","Hit(CW,0,STRONG)",,,,,
1555,2,3,Proposed,43,39,9,0,"Hit","Hit(CCW,0,STRONG)",,,,,
1555,2,3,Proposed,43,54,10,1,"Pass","Pass",,,,,
4372,4,14,Proposed,43,0,0,0,"Draw","Draw(CW,TEE)",,,,,
4372,4,14,Proposed,43,1,0,0,"Draw","Draw(CCW,TEE)",,,,,
4372,4,14,Proposed,43,2,0,0,"Draw","Draw(CW,S0)",,,,,
4372,4,14,Proposed,43,3,0,0,"Draw","Draw(CCW,S0)",,,,,
4372,4,14,Proposed,43,4,0,0,"Draw","Draw(CW,S2)",,,,,
4372,4,14,Proposed,43,5,0,0,"Draw","Draw(CCW,S2)",,,,,
4372,4,14,Proposed,43,6,0,0,"Draw","Draw(CW,S4)",,,,,
4372,4,14,Proposed,43,7,0,1,"Draw","Draw(CCW,S4)",,,,,
4372,4,14,Proposed,43,9,0,0,"Draw","Draw(CCW,S6)",,,,,
4372,4,14,Proposed,43,8,1,0,"Draw","Draw(CW,S6)",,,,,
4372,4,14,Proposed,43,20,1,0,"Draw","Draw(CW,L5)",,,,,
4372,4,14,Proposed,43,21,1,0,"Draw","Draw(CCW,L5)",,,,,
4372,4,14,Proposed,43,25,1,0,"Draw","Draw(CCW,L7)",,,,,
4372,4,14,Proposed,43,33,1,1,"Hit","Hit(CCW,13,TOUCH)",,,,,
4372,4,14,Proposed,43,43,1,0,"PostGuard","PostGuard(CCW,12,0)",,,,,
4372,4,14,Proposed,43,10,2,0,"Draw","Draw(CW,L0)",,,,,
4372,4,14,Proposed,43,11,2,0,"Draw","Draw(CCW,L0)",,,,,
4372,4,14,Proposed,43,12,2,0,"Draw","Draw(CW,L1)",,,,,
4372,4,14,Proposed,43,13,2,1,"Draw","Draw(CCW,L1)",,,,,
4372,4,14,Proposed,43,14,2,0,"Draw","Draw(CW,L2)",,,,,
4372,4,14,Proposed,43,15,2,0,"Draw","Draw(CCW,L2)",,,,,
4372,4,14,Proposed,43,16,2,0,"Draw","Draw(CW,L3)",,,,,
4372,4,14,Proposed,43,17,2,0,"Draw","Draw(CCW,L3)",,,,,
4372,4,14,Proposed,43,18,3,0,"Draw","Draw(CW,L4)",,,,,
4372,4,14,Proposed,43,19,3,1,"Draw","Draw(CCW,L4)",,,,,
4372,4,14,Proposed,43,26,3,0,"PreGuard","PreGuard(CW,G3)",,,,,
4372,4,14,Proposed,43,27,3,0,"PreGuard","PreGuard(CCW,G3)",,,,,
4372,4,14,Proposed,43,28,3,0,"PreGuard","PreGuard(CW,G4)",,,,,
4372,4,14,Proposed,43,29,3,0,"PreGuard","PreGuard(CCW,G4)",,,,,
4372,4,14,Proposed,43,30,3,0,"PreGuard","PreGuard(CW,G5)",,,,,
4372,4,14,Proposed,43,31,3,0,"PreGuard","PreGuard(CCW,G5)",,,,,
4372,4,14,Proposed,43,46,3,0,"PostGuard","PostGuard(CW,12,2)",,,,,
4372,4,14,Proposed,43,47,3,0,"PostGuard","PostGuard(CCW,12,2)",,,,,
4372,4,14,Proposed,43,22,4,0,"Draw","Draw(CW,L6)",,,,,
4372,4,14,Proposed,43,40,4,0,"Freeze","Freeze(CW,13)",,,,,
4372,4,14,Proposed,43,41,4,0,"Freeze","Freeze(CCW,13)",,,,,
4372,4,14,Proposed,43,44,4,1,"PostGuard","PostGuard(CW,12,1)",,,,,
4372,4,14,Proposed,43,45,4,0,"PostGuard","PostGuard(CCW,12,1)",,,,,
4372,4,14,Proposed,43,23,5,1,"Draw","Draw(CCW,L6)",,,,,
4372,4,14,Proposed,43,24,5,0,"Draw","Draw(CW,L7)",,,,,
4372,4,14,Proposed,43,32,6,1,"Hit","Hit(CW,13,TOUCH)",,,,,
4372,4,14,Proposed,43,42,6,0,"PostGuard","PostGuard(CW,12,0)",,,,,
4372,4,14,Proposed,43,34,7,1,"Hit","Hit(CW,13,WEAK)",,,,,
4372,4,14,Proposed,43,35,8,0,"Hit","Hit(CCW,13,WEAK)",,,,,
4372,4,14,Proposed,43,36,8,0,"Hit","Hit(CW,13,MIDDLE)",,,,,
4372,4,14,Proposed,43,37,8,1,"Hit","Hit(CCW,13,MIDDLE)",,,,,
4372,4,14,Proposed,43,38,8,0,"Hit","Hit(CW,13,STRONG)",,,,,
4372,4,14,Proposed,43,39,8,0,"Hit","Hit(CCW,13,STRONG)",,,,,
4372,4,14,Proposed,43,48,9,1,"Pass","Pass",,,,,
3732,7,7,Proposed,43,0,0,0,"Draw","Draw(CW,TEE)",,,,,
3732,7,7,Proposed,43,1,0,0,"Draw","Draw(CCW,TEE)",,,,,
3732,7,7,Proposed,43,2,0,0,"Draw","Draw(CW,S0)",,,,,
3732,7,7,Proposed,43,3,0,1,"Draw","Draw(CCW,S0)",,,,,
3732,7,7,Proposed,43,6,0,0,"Draw","Draw(CW,S4)",,,,,
3732,7,7,Proposed,43,7,0,0,"Draw","Draw(CCW,S4)",,,,,
3732,7,7,Proposed,43,10,0,0,"Draw","Draw(CW,L0)",,,,,
3732,7,7,Proposed,43,11,0,0,"Draw","Draw(CCW,L0)",,,,,
3732,7,7,Proposed,43,4,1,0,"Draw","Draw(CW,S2)",,,,,
3732,7,7,Proposed,43,5,1,0,"Draw","Draw(CCW,S2)",,,,,
3732,7,7,Proposed,43,12,1,0,"Draw","Draw(CW,L1)",,,,,
3732,7,7,Proposed,43,13,1,0,"Draw","Draw(CCW,L1)",,,,,
3732,7,7,Proposed,43,14,1,0,"Draw","Draw(CW,L2)",,,,,
3732,7,7,Proposed,43,15,1,0,"Draw","Draw(CCW,L2)",,,,,
3732,7,7,Proposed,43,40,1,1,"Freeze","Freeze(CW,4)",,,,,
3732,7,7,Proposed,43,41,1,0,"Freeze","Freeze(CCW,4)",,,,,
3732,7,7,Proposed,43,8,2,1,"Draw","Draw(CW,S6)",,,,,
3732,7,7,Proposed,43,9,2,0,"Draw","Draw(CCW,S6)",,,,,
3732,7,7,Proposed,43,22,2,0,"Draw","Draw(CW,L6)",,,,,
3732,7,7,Proposed,43,23,2,0,"Draw","Draw(CCW,L6)",,,,,
3732,7,7,Proposed,43,24,2,0,"Draw","Draw(CW,L7)",,,,,
3732,7,7,Proposed,43,25,2,0,"Draw","Draw(CCW,L7)",,,,,
3732,7,7,Proposed,43,16,3,1,"Draw","Draw(CW,L3)",,,,,
3732,7,7,Proposed,43,17,3,0,"Draw","Draw(CCW,L3)",,,,,
3732,7,7,Proposed,43,18,4,0,"Draw","Draw(CW,L4)",,,,,
3732,7,7,Proposed,43,19,4,0,"Draw","Draw(CCW,L4)",,,,,
3732,7,7,Proposed,43,26,4,0,"PreGuard","PreGuard(CW,G3)",,,,,
3732,7,7,Proposed,43,27,4,0,"PreGuard","PreGuard(CCW,G3)",,,,,
3732,7,7,Proposed,43,28,4,0,"PreGuard","PreGuard(CW,G4)",,,,,
3732,7,7,Proposed,43,29,4,0,"PreGuard","PreGuard(CCW,G4)",,,,,
3732,7,7,Proposed,43,30,4,0,"PreGuard","PreGuard(CW,G5)",,,,,
3732,7,7,Proposed,43,31,4,0,"PreGuard","PreGuard(CCW,G5)",,,,,
3732,7,7,Proposed,43,46,4,1,"PostGuard","PostGuard(CW,7,2)",,,,,
3732,7,7,Proposed,43,47,4,0,"PostGuard","PostGuard(CCW,7,2)",,,,,
3732,7,7,Proposed,43,20,5,0,"Draw","Draw(CW,L5)",,,,,
3732,7,7,Proposed,43,21,5,0,"Draw","Draw(CCW,L5)",,,,,
3732,7,7,Proposed,43,42,5,1,"PostGuard","PostGuard(CW,7,0)",,,,,
3732,7,7,Proposed,43,43,5,0,"PostGuard","PostGuard(CCW,7,0)",,,,,
3732,7,7,Proposed,43,32,6,1,"Hit","Hit(CW,4,TOUCH)",,,,,
3732,7,7,Proposed,43,33,6,0,"Hit","Hit(CCW,4,TOUCH)",,,,,
3732,7,7,Proposed,43,34,7,0,"Hit","Hit(CW,4,WEAK)",,,,,
3732,7,7,Proposed,43,35,7,0,"Hit","Hit(CCW,4,WEAK)",,,,,
3732,7,7,Proposed,43,36,7,0,"Hit","Hit(CW,4,MIDDLE)",,,,,
3732,7,7,Proposed,43,37,7,1,"Hit","Hit(CCW,4,MIDDLE)",,,,,
3732,7,7,Proposed,43,38,7,0,"Hit","Hit(CW,4,STRONG)",,,,,
3732,7,7,Proposed,43,39,7,0,"Hit","Hit(CCW,4,STRONG)",,,,,
3732,7,7,Proposed,43,44,8,1,"PostGuard","PostGuard(CW,7,1)",,,,,
3732,7,7,Proposed,43,45,8,0,"PostGuard","PostGuard(CCW,7,1)",,,,,
3732,7,7,Proposed,43,48,9,1,"Pass","Pass",,,,,
3858,5,5,Proposed,43,0,0,0,"Draw","Draw(CW,TEE)",,,,,
3858,5,5,Proposed,43,2,0,0,"Draw","Draw(CW,S0)",,,,,
3858,5,5,Proposed,43,6,0,1,"Draw","Draw(CW,S4)",,,,,
3858,5,5,Proposed,43,10,0,0,"Draw","Draw(CW,L0)",,,,,
3858,5,5,Proposed,43,32,0,0,"Hit","Hit(CW,0,TOUCH)",,,,,
3858,5,5,Proposed,43,1,1,0,"Draw","Draw(CCW,TEE)",,,,,
3858,5,5,Proposed,43,3,1,0,"Draw","Draw(CCW,S0)",,,,,
3858,5,5,Proposed,43,7,1,0,"Draw","Draw(CCW,S4)",,,,,
3858,5,5,Proposed,43,11,1,0,"Draw","Draw(CCW,L0)",,,,,
3858,5,5,Proposed,43,33,1,0,"Hit","Hit(CCW,0,TOUCH)",,,,,
3858,5,5,Proposed,43,40,1,0,"Freeze","Freeze(CW,0)",,,,,
3858,5,5,Proposed,43,41,1,1,"Freeze","Freeze(CCW,0)",,,,,
3858,5,5,Proposed,43,42,1,0,"Hit","Hit(CW,2,TOUCH)",,,,,
3858,5,5,Proposed,43,43,1,0,"Hit","Hit(CCW,2,TOUCH)",,,,,
3858,5,5,Proposed,43,50,1,0,"Freeze","Freeze(CW,2)",,,,,
3858,5,5,Proposed,43,51,1,0,"Freeze","Freeze(CCW,2)",,,,,
3858,5,5,Proposed,43,52,1,0,"Hit","Hit(CW,4,TOUCH)",,,,,
3858,5,5,Proposed,43,53,1,0,"Hit","Hit(CCW,4,TOUCH)",,,,,
3858,5,5,Proposed,43,4,2,1,"Draw","Draw(CW,S2)",,,,,
3858,5,5,Proposed,43,5,2,0,"Draw","Draw(CCW,S2)",,,,,
3858,5,5,Proposed,43,14,2,0,"Draw","Draw(CW,L2)",,,,,
3858,5,5,Proposed,43,15,2,0,"Draw","Draw(CCW,L2)",,,,,
3858,5,5,Proposed,43,16,2,0,"Draw","Draw(CW,L3)",,,,,
3858,5,5,Proposed,43,17,2,0,"Draw","Draw(CCW,L3)",,,,,
3858,5,5,Proposed,43,60,2,0,"Freeze","Freeze(CW,4)",,,,,
3858,5,5,Proposed,43,61,2,0,"Freeze","Freeze(CCW,4)",,,,,
3858,5,5,Proposed,43,8,3,0,"Draw","Draw(CW,S6)",,,,,
3858,5,5,Proposed,43,9,3,0,"Draw","Draw(CCW,S6)",,,,,
3858,5,5,Proposed,43,20,3,0,"Draw","Draw(CW,L5)",,,,,
3858,5,5,Proposed,43,21,3,0,"Draw","Draw(CCW,L5)",,,,,
3858,5,5,Proposed,43,22,3,0,"Draw","Draw(CW,L6)",,,,,
3858,5,5,Proposed,43,23,3,0,"Draw","Draw(CCW,L6)",,,,,
3858,5,5,Proposed,43,24,3,0,"Draw","Draw(CW,L7)",,,,,
3858,5,5,Proposed,43,25,3,0,"Draw","Draw(CCW,L7)",,,,,
3858,5,5,Proposed,43,62,3,0,"PostGuard","PostGuard(CW,1,0)",,,,,
3858,5,5,Proposed,43,63,3,1,"PostGuard","PostGuard(CCW,1,0)",,,,,
3858,5,5,Proposed,43,68,3,0,"PostGuard","PostGuard(CW,3,0)",,,,,
3858,5,5,Proposed,43,69,3,0,"PostGuard","PostGuard(CCW,3,0)",,,,,
3858,5,5,Proposed,43,12,4,1,"Draw","Draw(CW,L1)",,,,,
3858,5,5,Proposed,43,13,4,0,"Draw","Draw(CCW,L1)",,,,,
3858,5,5,Proposed,43,18,5,0,"Draw","Draw(CW,L4)",,,,,
3858,5,5,Proposed,43,19,5,0,"Draw","Draw(CCW,L4)",,,,,
3858,5,5,Proposed,43,26,5,0,"PreGuard","PreGuard(CW,G3)",,,,,
3858,5,5,Proposed,43,27,5,0,"PreGuard","PreGuard(CCW,G3)",,,,,
3858,5,5,Proposed,43,30,5,0,"PreGuard","PreGuard(CW,G5)",,,,,
3858,5,5,Proposed,43,31,5,0,"PreGuard","PreGuard(CCW,G5)",,,,,
3858,5,5,Proposed,43,64,5,0,"PostGuard","PostGuard(CW,1,1)",,,,,
3858,5,5,Proposed,43,65,5,0,"PostGuard","PostGuard(CCW,1,1)",,,,,
3858,5,5,Proposed,43,70,5,0,"PostGuard","PostGuard(CW,3,1)",,,,,
3858,5,5,Proposed,43,71,5,1,"PostGuard","PostGuard(CCW,3,1)",,,,,
3858,5,5,Proposed,43,28,6,1,"PreGuard","PreGuard(CW,G4)",,,,,
3858,5,5,Proposed,43,29,6,0,"PreGuard","PreGuard(CCW,G4)",,,,,
3858,5,5,Proposed,43,66,6,0,"PostGuard","PostGuard(CW,1,2)",,,,,
3858,5,5,Proposed,43,67,6,0,"PostGuard","PostGuard(CCW,1,2)",,,,,
3858,5,5,Proposed,43,72,6,0,"PostGuard","PostGuard(CW,3,2)",,,,,
3858,5,5,Proposed,43,73,6,0,"PostGuard","PostGuard(CCW,3,2)",,,,,
3858,5,5,Proposed,43,34,7,1,"Hit","Hit(CW,0,WEAK)",,,,,
3858,5,5,Proposed,43,35,8,1,"Hit","Hit(CCW,0,WEAK)",,,,,
3858,5,5,Proposed,43,36,9,1,"Hit","Hit(CW,0,MIDDLE)",,,,,
3858,5,5,Proposed,43,37,9,0,"Hit","Hit(CCW,0,MIDDLE)",,,,,
3858,5,5,Proposed,43,38,9,0,"Hit","Hit(CW,0,STRONG)",,,,,
3858,5,5,Proposed,43,39,9,0,"Hit","Hit(CCW,0,STRONG)",,,,,
3858,5,5,Proposed,43,44,10,0,"Hit","Hit(CW,2,WEAK)",,,,,
3858,5,5,Proposed,43,54,10,0,"Hit","Hit(CW,4,WEAK)",,,,,
3858,5,5,Proposed,43,55,10,1,"Hit","Hit(CCW,4,WEAK)",,,,,
3858,5,5,Proposed,43,45,11,1,"Hit","Hit(CCW,2,WEAK)",,,,,
3858,5,5,Proposed,43,46,12,1,"Hit","Hit(CW,2,MIDDLE)",,,,,
3858,5,5,Proposed,43,47,12,0,"Hit","Hit(CCW,2,MIDDLE)",,,,,
3858,5,5,Proposed,43,48,12,0,"Hit","Hit(CW,2,STRONG)",,,,,
3858,5,5,Proposed,43,49,12,0,"Hit","Hit(CCW,2,STRONG)",,,,,
3858,5,5,Proposed,43,56,13,1,"Hit","Hit(CW,4,MIDDLE)",,,,,
3858,5,5,Proposed,43,57,13,0,"Hit","Hit(CCW,4,MIDDLE)",,,,,
3858,5,5,Proposed,43,58,13,0,"Hit","Hit(CW,4,STRONG)",,,,,
3858,5,5,Proposed,43,59,13,0,"Hit","Hit(CCW,4,STRONG)",,,,,
3858,5,5,Proposed,43,74,14,1,"Pass","Pass",,,,,
1938,0,14,Proposed,43,0,0,0,"Draw","Draw(CW,TEE)",,,,,
1938,0,14,Proposed,43,1,0,0,"Draw","Draw(CCW,TEE)",,,,,
1938,0,14,Proposed,43,2,0,0,"Draw","Draw(CW,S0)",,,,,
1938,0,14,Proposed,43,3,0,0,"Draw","Draw(CCW,S0)",,,,,
1938,0,14,Proposed,43,6,0,0,"Draw","Draw(CW,S4)",,,,,
1938,0,14,Proposed,43,7,0,0,"Draw","Draw(CCW,S4)",,,,,
1938,0,14,Proposed,43,8,0,0,"Draw","Draw(CW,S6)",,,,,
1938,0,14,Proposed,43,9,0,0,"Draw","Draw(CCW,S6)",,,,,
1938,0,14,Proposed,43,32,0,0,"Hit","Hit(CW,9,TOUCH)",,,,,
1938,0,14,Proposed,43,40,0,0,"Freeze","Freeze(CW,9)",,,,,
1938,0,14,Proposed,43,42,0,0,"Hit","Hit(CW,11,TOUCH)",,,,,
1938,0,14,Proposed,43,43,0,0,"Hit","Hit(CCW,11,TOUCH)",,,,,
1938,0,14,Proposed,43,50,0,0,"Freeze","Freeze(CW,11)",,,,,
1938,0,14,Proposed,43,51,0,0,"Freeze","Freeze(CCW,11)",,,,,
1938,0,14,Proposed,43,52,0,0,"Hit","Hit(CW,13,TOUCH)",,,,,
1938,0,14,Proposed,43,53,0,0,"Hit","Hit(CCW,13,TOUCH)",,,,,
1938,0,14,Proposed,43,74,0,0,"PostGuard","PostGuard(CW,8,0)",,,,,
1938,0,14,Proposed,43,75,0,1,"PostGuard","PostGuard(CCW,8,0)",,,,,
1938,0,14,Proposed,43,4,1,0,"Draw","Draw(CW,S2)",,,,,
1938,0,14,Proposed,43,5,1,0,"Draw","Draw(CCW,S2)",,,,,
1938,0,14,Proposed,43,16,1,0,"Draw","Draw(CW,L3)",,,,,
1938,0,14,Proposed,43,17,1,0,"Draw","Draw(CCW,L3)",,,,,
1938,0,14,Proposed,43,20,1,0,"Draw","Draw(CW,L5)",,,,,
1938,0,14,Proposed,43,21,1,0,"Draw","Draw(CCW,L5)",,,,,
1938,0,14,Proposed,43,60,1,0,"Freeze","Freeze(CW,13)",,,,,
1938,0,14,Proposed,43,61,1,0,"Freeze","Freeze(CCW,13)",,,,,
1938,0,14,Proposed,43,68,1,0,"PostGuard","PostGuard(CW,4,0)",,,,,
1938,0,14,Proposed,43,69,1,0,"PostGuard","PostGuard(CCW,4,0)",,,,,
1938,0,14,Proposed,43,80,1,0,"PostGuard","PostGuard(CW,10,0)",,,,,
1938,0,14,Proposed,43,81,1,1,"PostGuard","PostGuard(CCW,10,0)",,,,,
1938,0,14,Proposed,43,86,1,0,"PostGuard","PostGuard(CW,12,0)",,,,,
1938,0,14,Proposed,43,87,1,0,"PostGuard","PostGuard(CCW,12,0)",,,,,
1938,0,14,Proposed,43,10,2,1,"Draw","Draw(CW,L0)",,,,,
1938,0,14,Proposed,43,11,3,1,"Draw","Draw(CCW,L0)",,,,,
1938,0,14,Proposed,43,12,4,0,"Draw","Draw(CW,L1)",,,,,
1938,0,14,Proposed,43,13,4,0,"Draw","Draw(CCW,L1)",,,,,
1938,0,14,Proposed,43,14,4,0,"Draw","Draw(CW,L2)",,,,,
1938,0,14,Proposed,43,15,4,1,"Draw","Draw(CCW,L2)",,,,,
1938,0,14,Proposed,43,18,5,0,"Draw","Draw(CW,L4)",,,,,
1938,0,14,Proposed,43,19,5,0,"Draw","Draw(CCW,L4)",,,,,
1938,0,14,Proposed,43,26,5,0,"PreGuard","PreGuard(CW,G3)",,,,,
1938,0,14,Proposed,43,27,5,0,"PreGuard","PreGuard(CCW,G3)",,,,,
1938,0,14,Proposed,43,28,5,0,"PreGuard","PreGuard(CW,G4)",,,,,
1938,0,14,Proposed,43,29,5,0,"PreGuard","PreGuard(CCW,G4)",,,,,
1938,0,14,Proposed,43,30,5,0,"PreGuard","PreGuard(CW,G5)",,,,,
1938,0,14,Proposed,43,31,5,0,"PreGuard","PreGuard(CCW,G5)",,,,,
1938,0,14,Proposed,43,64,5,0,"PostGuard","PostGuard(CW,2,1)",,,,,
1938,0,14,Proposed,43,65,5,0,"PostGuard","PostGuard(CCW,2,1)",,,,,
1938,0,14,Proposed,43,66,5,0,"PostGuard","PostGuard(CW,2,2)",,,,,
1938,0,14,Proposed,43,67,5,0,"PostGuard","PostGuard(CCW,2,2)",,,,,
1938,0,14,Proposed,43,70,5,0,"PostGuard","PostGuard(CW,4,1)",,,,,
1938,0,14,Proposed,43,71,5,0,"PostGuard","PostGuard(CCW,4,1)",,,,,
1938,0,14,Proposed,43,72,5,0,"PostGuard","PostGuard(CW,4,2)",,,,,
1938,0,14,Proposed,43,73,5,0,"PostGuard","PostGuard(CCW,4,2)",,,,,
1938,0,14,Proposed,43,76,5,0,"PostGuard","PostGuard(CW,8,1)",,,,,
1938,0,14,Proposed,43,77,5,0,"PostGuard","PostGuard(CCW,8,1)",,,,,
1938,0,14,Proposed,43,78,5,0,"PostGuard","PostGuard(CW,8,2)",,,,,
1938,0,14,Proposed,43,79,5,0,"PostGuard","PostGuard(CCW,8,2)",,,,,
1938,0,14,Proposed,43,82,5,0,"PostGuard","PostGuard(CW,10,1)",,,,,
1938,0,14,Proposed,43,83,5,0,"PostGuard","PostGuard(CCW,10,1)",,,,,
1938,0,14,Proposed,43,84,5,0,"PostGuard","PostGuard(CW,10,2)",,,,,
1938,0,14,Proposed,43,85,5,0,"PostGuard","PostGuard(CCW,10,2)",,,,,
1938,0,14,Proposed,43,88,5,1,"PostGuard","PostGuard(CW,12,1)",,,,,
1938,0,14,Proposed,43,89,5,0,"PostGuard","PostGuard(CCW,12,1)",,,,,
1938,0,14,Proposed,43,90,5,0,"PostGuard","PostGuard(CW,12,2)",,,,,
1938,0,14,Proposed,43,91,5,0,"PostGuard","PostGuard(CCW,12,2)",,,,,
1938,0,14,Proposed,43,22,6,1,"Draw","Draw(CW,L6)",,,,,
1938,0,14,Proposed,43,23,6,0,"Draw","Draw(CCW,L6)",,,,,
1938,0,14,Proposed,43,24,6,0,"Draw","Draw(CW,L7)",,,,,
1938,0,14,Proposed,43,25,7,1,"Draw","Draw(CCW,L7)",,,,,
1938,0,14,Proposed,43,33,8,1,"Hit","Hit(CCW,9,TOUCH)",,,,,
1938,0,14,Proposed,43,41,8,0,"Freeze","Freeze(CCW,9)",,,,,
1938,0,14,Proposed,43,34,9,1,"Hit","Hit(CW,9,WEAK)",,,,,
1938,0,14,Proposed,43,35,10,1,"Hit","Hit(CCW,9,WEAK)",,,,,
1938,0,14,Proposed,43,55,10,0,"Hit","Hit(CCW,13,WEAK)",,,,,
1938,0,14,Proposed,43,36,11,1,"Hit","Hit(CW,9,MIDDLE)",,,,,
1938,0,14,Proposed,43,38,11,0,"Hit","Hit(CW,9,STRONG)",,,,,
1938,0,14,Proposed,43,37,12,1,"Hit","Hit(CCW,9,MIDDLE)",,,,,
1938,0,14,Proposed,43,39,12,0,"Hit","Hit(CCW,9,STRONG)",,,,,
1938,0,14,Proposed,43,44,13,1,"Hit","Hit(CW,11,WEAK)",,,,,
1938,0,14,Proposed,43,45,13,0,"Hit","Hit(CCW,11,WEAK)",,,,,
1938,0,14,Proposed,43,46,14,1,"Hit","Hit(CW,11,MIDDLE)",,,,,
1938,0,14,Proposed,43,48,14,0,"Hit","Hit(CW,11,STRONG)",,,,,
1938,0,14,Proposed,43,47,15,1,"Hit","Hit(CCW,11,MIDDLE)",,,,,
1938,0,14,Proposed,43,49,15,0,"Hit","Hit(CCW,11,STRONG)",,,,,
1938,0,14,Proposed,43,56,15,0,"Hit","Hit(CW,13,MIDDLE)",,,,,
1938,0,14,Proposed,43,57,15,0,"Hit","Hit(CCW,13,MIDDLE)",,,,,
1938,0,14,Proposed,43,58,15,0,"Hit","Hit(CW,13,STRONG)",,,,,
1938,0,14,Proposed,43,59,15,0,"Hit","Hit(CCW,13,STRONG)",,,,,
1938,0,14,Proposed,43,54,16,1,"Hit","Hit(CW,13,WEAK)",,,,,
1938,0,14,Proposed,43,62,17,1,"PostGuard","PostGuard(CW,2,0)",,,,,
1938,0,14,Proposed,43,63,17,0,"PostGuard","PostGuard(CCW,2,0)",,,,,
1938,0,14,Proposed,43,92,18,1,"Pass","Pass",,,,,
9112,3,9,Proposed,43,0,0,0,"Draw","Draw(CW,TEE)",,,,,
9112,3,9,Proposed,43,33,0,0,"Hit","Hit(CCW,2,TOUCH)",,,,,
9112,3,9,Proposed,43,41,0,0,"Freeze","Freeze(CCW,2)",,,,,
9112,3,9,Proposed,43,50,0,1,"Freeze","Freeze(CW,4)",,,,,
9112,3,9,Proposed,43,51,0,0,"Freeze","Freeze(CCW,4)",,,,,
9112,3,9,Proposed,43,1,1,0,"Draw","Draw(CCW,TEE)",,,,,
9112,3,9,Proposed,43,7,1,1,"Draw","Draw(CCW,S4)",,,,,
9112,3,9,Proposed,43,40,1,0,"Freeze","Freeze(CW,2)",,,,,
9112,3,9,Proposed,43,52,1,0,"Hit","Hit(CW,6,TOUCH)",,,,,
9112,3,9,Proposed,43,53,1,0,"Hit","Hit(CCW,6,TOUCH)",,,,,
9112,3,9,Proposed,43,2,2,0,"Draw","Draw(CW,S0)",,,,,
9112,3,9,Proposed,43,6,2,0,"Draw","Draw(CW,S4)",,,,,
9112,3,9,Proposed,43,10,2,0,"Draw","Draw(CW,L0)",,,,,
9112,3,9,Proposed,43,42,2,0,"Hit","Hit(CW,4,TOUCH)",,,,,
9112,3,9,Proposed,43,43,2,1,"Hit","Hit(CCW,4,TOUCH)",,,,,
9112,3,9,Proposed,43,3,3,0,"Draw","Draw(CCW,S0)",,,,,
9112,3,9,Proposed,43,11,3,0,"Draw","Draw(CCW,L0)",,,,,
9112,3,9,Proposed,43,32,3,1,"Hit","Hit(CW,2,TOUCH)",,,,,
9112,3,9,Proposed,43,4,4,0,"Draw","Draw(CW,S2)",,,,,
9112,3,9,Proposed,43,5,4,0,"Draw","Draw(CCW,S2)",,,,,
9112,3,9,Proposed,43,8,4,0,"Draw","Draw(CW,S6)",,,,,
9112,3,9,Proposed,43,9,4,0,"Draw","Draw(CCW,S6)",,,,,
9112,3,9,Proposed,43,12,4,0,"Draw","Draw(CW,L1)",,,,,
9112,3,9,Proposed,43,13,4,0,"Draw","Draw(CCW,L1)",,,,,
9112,3,9,Proposed,43,14,4,0,"Draw","Draw(CW,L2)",,,,,
9112,3,9,Proposed,43,15,4,0,"Draw","Draw(CCW,L2)",,,,,
9112,3,9,Proposed,43,16,4,0,"Draw","Draw(CW,L3)",,,,,
9112,3,9,Proposed,43,17,4,0,"Draw","Draw(CCW,L3)",,,,,
9112,3,9,Proposed,43,20,4,0,"Draw","Draw(CW,L5)",,,,,
9112,3,9,Proposed,43,21,4,0,"Draw","Draw(CCW,L5)",,,,,
9112,3,9,Proposed,43,22,4,0,"Draw","Draw(CW,L6)",,,,,
9112,3,9,Proposed,43,23,4,0,"Draw","Draw(CCW,L6)",,,,,
9112,3,9,Proposed,43,24,4,0,"Draw","Draw(CW,L7)",,,,,
9112,3,9,Proposed,43,25,4,0,"Draw","Draw(CCW,L7)",,,,,
9112,3,9,Proposed,43,60,4,1,"Freeze","Freeze(CW,6)",,,,,
9112,3,9,Proposed,43,61,4,0,"Freeze","Freeze(CCW,6)",,,,,
9112,3,9,Proposed,43,62,4,0,"PostGuard","PostGuard(CW,3,0)",,,,,
9112,3,9,Proposed,43,63,4,0,"PostGuard","PostGuard(CCW,3,0)",,,,,
9112,3,9,Proposed,43,18,5,0,"Draw","Draw(CW,L4)",,,,,
9112,3,9,Proposed,43,19,5,0,"Draw","Draw(CCW,L4)",,,,,
9112,3,9,Proposed,43,26,5,0,"PreGuard","PreGuard(CW,G3)",,,,,
9112,3,9,Proposed,43,27,5,0,"PreGuard","PreGuard(CCW,G3)",,,,,
9112,3,9,Proposed,43,28,5,0,"PreGuard","PreGuard(CW,G4)",,,,,
9112,3,9,Proposed,43,29,5,1,"PreGuard","PreGuard(CCW,G4)",,,,,
9112,3,9,Proposed,43,30,5,0,"PreGuard","PreGuard(CW,G5)",,,,,
9112,3,9,Proposed,43,31,5,0,"PreGuard","PreGuard(CCW,G5)",,,,,
9112,3,9,Proposed,43,64,5,0,"PostGuard","PostGuard(CW,3,1)",,,,,
9112,3,9,Proposed,43,65,5,0,"PostGuard","PostGuard(CCW,3,1)",,,,,
9112,3,9,Proposed,43,66,5,0,"PostGuard","PostGuard(CW,3,2)",,,,,
9112,3,9,Proposed,43,67,5,0,"PostGuard","PostGuard(CCW,3,2)",,,,,
9112,3,9,Proposed,43,68,5,0,"PostGuard","PostGuard(CW,9,0)",,,,,
9112,3,9,Proposed,43,69,5,0,"PostGuard","PostGuard(CCW,9,0)",,,,,
9112,3,9,Proposed,43,70,5,0,"PostGuard","PostGuard(CW,9,1)",,,,,
9112,3,9,Proposed,43,71,5,0,"PostGuard","PostGuard(CCW,9,1)",,,,,
9112,3,9,Proposed,43,72,5,0,"PostGuard","PostGuard(CW,9,2)",,,,,
9112,3,9,Proposed,43,73,5,0,"PostGuard","PostGuard(CCW,9,2)",,,,,
9112,3,9,Proposed,43,34,6,1,"Hit","Hit(CW,2,WEAK)",,,,,
9112,3,9,Proposed,43,35,7,1,"Hit","Hit(CCW,2,WEAK)",,,,,
9112,3,9,Proposed,43,36,8,1,"Hit","Hit(CW,2,MIDDLE)",,,,,
9112,3,9,Proposed,43,38,8,0,"Hit","Hit(CW,2,STRONG)",,,,,
9112,3,9,Proposed,43,37,9,1,"Hit","Hit(CCW,2,MIDDLE)",,,,,
9112,3,9,Proposed,43,39,9,0,"Hit","Hit(CCW,2,STRONG)",,,,,
9112,3,9,Proposed,43,44,10,0,"Hit","Hit(CW,4,WEAK)",,,,,
9112,3,9,Proposed,43,45,10,0,"Hit","Hit(CCW,4,WEAK)",,,,,
9112,3,9,Proposed,43,46,10,0,"Hit","Hit(CW,4,MIDDLE)",,,,,
9112,3,9,Proposed,43,47,10,1,"Hit","Hit(CCW,4,MIDDLE)",,,,,
9112,3,9,Proposed,43,48,10,0,"Hit","Hit(CW,4,STRONG)",,,,,
9112,3,9,Proposed,43,49,10,0,"Hit","Hit(CCW,4,STRONG)",,,,,
9112,3,9,Proposed,43,54,11,1,"Hit","Hit(CW,6,WEAK)",,,,,
9112,3,9,Proposed,43,55,12,0,"Hit","Hit(CCW,6,WEAK)",,,,,
9112,3,9,Proposed,43,57,12,1,"Hit","Hit(CCW,6,MIDDLE)",,,,,
9112,3,9,Proposed,43,59,12,0,"Hit","Hit(CCW,6,STRONG)",,,,,
9112,3,9,Proposed,43,56,13,1,"Hit","Hit(CW,6,MIDDLE)",,,,,
9112,3,9,Proposed,43,58,13,0,"Hit","Hit(CW,6,STRONG)",,,,,
9112,3,9,Proposed,43,74,14,1,"Pass","Pass",,,,,
4157,3,12,Proposed,43,0,0,0,"Draw","Draw(CW,TEE)",,,,,
4157,3,12,Proposed,43,1,0,0,"Draw","Draw(CCW,TEE)",,,,,
4157,3,12,Proposed,43,2,0,0,"Draw","Draw(CW,S0)",,,,,
4157,3,12,Proposed,43,3,0,0,"Draw","Draw(CCW,S0)",,,,,
4157,3,12,Proposed,43,4,0,0,"Draw","Draw(CW,S2)",,,,,
4157,3,12,Proposed,43,6,0,0,"Draw","Draw(CW,S4)",,,,,
4157,3,12,Proposed,43,7,0,0,"Draw","Draw(CCW,S4)",,,,,
4157,3,12,Proposed,43,10,0,0,"Draw","Draw(CW,L0)",,,,,
4157,3,12,Proposed,43,11,0,0,"Draw","Draw(CCW,L0)",,,,,
4157,3,12,Proposed,43,32,0,0,"Hit","Hit(CW,3,TOUCH)",,,,,
4157,3,12,Proposed,43,33,0,0,"Hit","Hit(CCW,3,TOUCH)",,,,,
4157,3,12,Proposed,43,40,0,0,"Freeze","Freeze(CW,3)",,,,,
4157,3,12,Proposed,43,41,0,0,"Freeze","Freeze(CCW,3)",,,,,
4157,3,12,Proposed,43,42,0,0,"Hit","Hit(CW,5,TOUCH)",,,,,
4157,3,12,Proposed,43,43,0,0,"Hit","Hit(CCW,5,TOUCH)",,,,,
4157,3,12,Proposed,43,50,0,0,"Freeze","Freeze(CW,5)",,,,,
4157,3,12,Proposed,43,51,0,0,"Freeze","Freeze(CCW,5)",,,,,
4157,3,12,Proposed,43,52,0,0,"Hit","Hit(CW,7,TOUCH)",,,,,
4157,3,12,Proposed,43,53,0,0,"Hit","Hit(CCW,7,TOUCH)",,,,,
4157,3,12,Proposed,43,61,0,0,"Freeze","Freeze(CCW,7)",,,,,
4157,3,12,Proposed,43,62,0,0,"Hit","Hit(CW,9,TOUCH)",,,,,
4157,3,12,Proposed,43,63,0,0,"Hit","Hit(CCW,9,TOUCH)",,,,,
4157,3,12,Proposed,43,70,0,0,"Freeze","Freeze(CW,9)",,,,,
4157,3,12,Proposed,43,71,0,0,"Freeze","Freeze(CCW,9)",,,,,
4157,3,12,Proposed,43,72,0,0,"Hit","Hit(CW,11,TOUCH)",,,,,
4157,3,12,Proposed,43,73,0,0,"Hit","Hit(CCW,11,TOUCH)",,,,,
4157,3,12,Proposed,43,80,0,0,"Freeze","Freeze(CW,11)",,,,,
4157,3,12,Proposed,43,81,0,1,"Freeze","Freeze(CCW,11)",,,,,
4157,3,12,Proposed,43,94,0,0,"PostGuard","PostGuard(CW,8,0)",,,,,
4157,3,12,Proposed,43,95,0,0,"PostGuard","PostGuard(CCW,8,0)",,,,,
4157,3,12,Proposed,43,5,1,0,"Draw","Draw(CCW,S2)",,,,,
4157,3,12,Proposed,43,8,1,0,"Draw","Draw(CW,S6)",,,,,
4157,3,12,Proposed,43,9,1,0,"Draw","Draw(CCW,S6)",,,,,
4157,3,12,Proposed,43,12,1,0,"Draw","Draw(CW,L1)",,,,,
4157,3,12,Proposed,43,13,1,0,"Draw","Draw(CCW,L1)",,,,,
4157,3,12,Proposed,43,14,1,0,"Draw","Draw(CW,L2)",,,,,
4157,3,12,Proposed,43,15,1,0,"Draw","Draw(CCW,L2)",,,,,
4157,3,12,Proposed,43,16,1,0,"Draw","Draw(CW,L3)",,,,,
4157,3,12,Proposed,43,17,1,0,"Draw","Draw(CCW,L3)",,,,,
4157,3,12,Proposed,43,20,1,0,"Draw","Draw(CW,L5)",,,,,
4157,3,12,Proposed,43,21,1,0,"Draw","Draw(CCW,L5)",,,,,
4157,3,12,Proposed,43,22,1,0,"Draw","Draw(CW,L6)",,,,,
4157,3,12,Proposed,43,23,1,0,"Draw","Draw(CCW,L6)",,,,,
4157,3,12,Proposed,43,24,1,0,"Draw","Draw(CW,L7)",,,,,
4157,3,12,Proposed,43,25,1,0,"Draw","Draw(CCW,L7)",,,,,
4157,3,12,Proposed,43,60,1,1,"Freeze","Freeze(CW,7)",,,,,
4157,3,12,Proposed,43,82,1,0,"PostGuard","PostGuard(CW,2,0)",,,,,
4157,3,12,Proposed,43,83,1,0,"PostGuard","PostGuard(CCW,2,0)",,,,,
4157,3,12,Proposed,43,88,1,0,"PostGuard","PostGuard(CW,6,0)",,,,,
4157,3,12,Proposed,43,89,1,0,"PostGuard","PostGuard(CCW,6,0)",,,,,
4157,3,12,Proposed,43,96,1,0,"PostGuard","PostGuard(CW,8,1)",,,,,
4157,3,12,Proposed,43,97,1,0,"PostGuard","PostGuard(CCW,8,1)",,,,,
4157,3,12,Proposed,43,18,2,0,"Draw","Draw(CW,L4)",,,,,
4157,3,12,Proposed,43,19,2,0,"Draw","Draw(CCW,L4)",,,,,
4157,3,12,Proposed,43,26,2,0,"PreGuard","PreGuard(CW,G3)",,,,,
4157,3,12,Proposed,43,27,2,0,"PreGuard","PreGuard(CCW,G3)",,,,,
4157,3,12,Proposed,43,28,2,0,"PreGuard","PreGuard(CW,G4)",,,,,
4157,3,12,Proposed,43,29,2,0,"PreGuard","PreGuard(CCW,G4)",,,,,
4157,3,12,Proposed,43,30,2,0,"PreGuard","PreGuard(CW,G5)",,,,,
4157,3,12,Proposed,43,31,2,0,"PreGuard","PreGuard(CCW,G5)",,,,,
4157,3,12,Proposed,43,84,2,0,"PostGuard","PostGuard(CW,2,1)",,,,,
4157,3,12,Proposed,43,85,2,0,"PostGuard","PostGuard(CCW,2,1)",,,,,
4157,3,12,Proposed,43,86,2,0,"PostGuard","PostGuard(CW,2,2)",,,,,
4157,3,12,Proposed,43,87,2,0,"PostGuard","PostGuard(CCW,2,2)",,,,,
4157,3,12,Proposed,43,90,2,0,"PostGuard","PostGuard(CW,6,1)",,,,,
4157,3,12,Proposed,43,91,2,0,"PostGuard","PostGuard(CCW,6,1)",,,,,
4157,3,12,Proposed,43,92,2,0,"PostGuard","PostGuard(CW,6,2)",,,,,
4157,3,12,Proposed,43,93,2,0,"PostGuard","PostGuard(CCW,6,2)",,,,,
4157,3,12,Proposed,43,98,2,1,"PostGuard","PostGuard(CW,8,2)",,,,,
4157,3,12,Proposed,43,99,2,0,"PostGuard","PostGuard(CCW,8,2)",,,,,
4157,3,12,Proposed,43,100,2,0,"PostGuard","PostGuard(CW,10,0)",,,,,
4157,3,12,Proposed,43,101,2,0,"PostGuard","PostGuard(CCW,10,0)",,,,,
4157,3,12,Proposed,43,102,2,0,"PostGuard","PostGuard(CW,10,1)",,,,,
4157,3,12,Proposed,43,103,2,0,"PostGuard","PostGuard(CCW,10,1)",,,,,
4157,3,12,Proposed,43,104,2,0,"PostGuard","PostGuard(CW,10,2)",,,,,
4157,3,12,Proposed,43,105,2,0,"PostGuard","PostGuard(CCW,10,2)",,,,,
4157,3,12,Proposed,43,34,3,1,"Hit","Hit(CW,3,WEAK)",,,,,
4157,3,12,Proposed,43,35,4,1,"Hit","Hit(CCW,3,WEAK)",,,,,
4157,3,12,Proposed,43,36,5,1,"Hit","Hit(CW,3,MIDDLE)",,,,,
4157,3,12,Proposed,43,38,5,0,"Hit","Hit(CW,3,STRONG)",,,,,
4157,3,12,Proposed,43,37,6,1,"Hit","Hit(CCW,3,MIDDLE)",,,,,
4157,3,12,Proposed,43,39,6,0,"Hit","Hit(CCW,3,STRONG)",,,,,
4157,3,12,Proposed,43,44,7,1,"Hit","Hit(CW,5,WEAK)",,,,,
4157,3,12,Proposed,43,45,8,1,"Hit","Hit(CCW,5,WEAK)",,,,,
4157,3,12,Proposed,43,46,9,1,"Hit","Hit(CW,5,MIDDLE)",,,,,
4157,3,12,Proposed,43,48,9,0,"Hit","Hit(CW,5,STRONG)",,,,,
4157,3,12,Proposed,43,47,10,1,"Hit","Hit(CCW,5,MIDDLE)",,,,,
4157,3,12,Proposed,43,49,10,0,"Hit","Hit(CCW,5,STRONG)",,,,,
4157,3,12,Proposed,43,54,11,1,"Hit","Hit(CW,7,WEAK)",,,,,
4157,3,12,Proposed,43,55,12,1,"Hit","Hit(CCW,7,WEAK)",,,,,
4157,3,12,Proposed,43,106,12,0,"Pass","Pass",,,,,
4157,3,12,Proposed,43,56,13,1,"Hit","Hit(CW,7,MIDDLE)",,,,,
4157,3,12,Proposed,43,57,13,0,"Hit","Hit(CCW,7,MIDDLE)",,,,,
4157,3,12,Proposed,43,58,13,0,"Hit","Hit(CW,7,STRONG)",,,,,
4157,3,12,Proposed,43,59,13,0,"Hit","Hit(CCW,7,STRONG)",,,,,
4157,3,12,Proposed,43,64,14,1,"Hit","Hit(CW,9,WEAK)",,,,,
4157,3,12,Proposed,43,65,15,1,"Hit","Hit(CCW,9,WEAK)",,,,,
4157,3,12,Proposed,43,66,16,1,"Hit","Hit(CW,9,MIDDLE)",,,,,
4157,3,12,Proposed,43,68,16,0,"Hit","Hit(CW,9,STRONG)",,,,,
4157,3,12,Proposed,43,67,17,1,"Hit","Hit(CCW,9,MIDDLE)",,,,,
4157,3,12,Proposed,43,69,17,0,"Hit","Hit(CCW,9,STRONG)",,,,,
4157,3,12,Proposed,43,74,18,1,"Hit","Hit(CW,11,WEAK)",,,,,
4157,3,12,Proposed,43,75,19,1,"Hit","Hit(CCW,11,WEAK)",,,,,
4157,3,12,Proposed,43,76,20,1,"Hit","Hit(CW,11,MIDDLE)",,,,,
4157,3,12,Proposed,43,78,20,0,"Hit","Hit(CW,11,STRONG)",,,,,
4157,3,12,Proposed,43,77,21,1,"Hit","Hit(CCW,11,MIDDLE)",,,,,
4157,3,12,Proposed,43,79,21,0,"Hit","Hit(CCW,11,STRONG)",,,,,
7373,1,11,Proposed,43,0,0,0,"Draw","Draw(CW,TEE)",,,,,
7373,1,11,Proposed,43,2,0,0,"Draw","Draw(CW,S0)",,,,,
7373,1,11,Proposed,43,6,0,0,"Draw","Draw(CW,S4)",,,,,
7373,1,11,Proposed,43,20,0,0,"Draw","Draw(CW,L5)",,,,,
7373,1,11,Proposed,43,21,0,0,"Draw","Draw(CCW,L5)",,,,,
7373,1,11,Proposed,43,32,0,0,"Hit","Hit(CW,2,TOUCH)",,,,,
7373,1,11,Proposed,43,40,0,0,"Freeze","Freeze(CW,2)",,,,,
7373,1,11,Proposed,43,62,0,0,"Hit","Hit(CW,8,TOUCH)",,,,,
7373,1,11,Proposed,43,63,0,0,"Hit","Hit(CCW,8,TOUCH)",,,,,
7373,1,11,Proposed,43,70,0,1,"Freeze","Freeze(CW,8)",,,,,
7373,1,11,Proposed,43,71,0,0,"Freeze","Freeze(CCW,8)",,,,,
7373,1,11,Proposed,43,73,0,0,"PostGuard","PostGuard(CCW,3,0)",,,,,
7373,1,11,Proposed,43,74,0,0,"PostGuard","PostGuard(CW,3,1)",,,,,
7373,1,11,Proposed,43,75,0,0,"PostGuard","PostGuard(CCW,3,1)",,,,,
7373,1,11,Proposed,43,78,0,0,"PostGuard","PostGuard(CW,5,0)",,,,,
7373,1,11,Proposed,43,79,0,0,"PostGuard","PostGuard(CCW,5,0)",,,,,
7373,1,11,Proposed,43,84,0,0,"PostGuard","PostGuard(CW,7,0)",,,,,
7373,1,11,Proposed,43,85,0,0,"PostGuard","PostGuard(CCW,7,0)",,,,,
7373,1,11,Proposed,43,90,0,0,"PostGuard","PostGuard(CW,9,0)",,,,,
7373,1,11,Proposed,43,91,0,0,"PostGuard","PostGuard(CCW,9,0)",,,,,
7373,1,11,Proposed,43,96,0,0,"PostGuard","PostGuard(CW,11,0)",,,,,
7373,1,11,Proposed,43,97,0,0,"PostGuard","PostGuard(CCW,11,0)",,,,,
7373,1,11,Proposed,43,1,1,0,"Draw","Draw(CCW,TEE)",,,,,
7373,1,11,Proposed,43,3,1,0,"Draw","Draw(CCW,S0)",,,,,
7373,1,11,Proposed,43,7,1,1,"Draw","Draw(CCW,S4)",,,,,
7373,1,11,Proposed,43,50,1,0,"Freeze","Freeze(CW,4)",,,,,
7373,1,11,Proposed,43,4,2,0,"Draw","Draw(CW,S2)",,,,,
7373,1,11,Proposed,43,5,2,1,"Draw","Draw(CCW,S2)",,,,,
7373,1,11,Proposed,43,12,2,0,"Draw","Draw(CW,L1)",,,,,
7373,1,11,Proposed,43,13,2,0,"Draw","Draw(CCW,L1)",,,,,
7373,1,11,Proposed,43,14,2,0,"Draw","Draw(CW,L2)",,,,,
7373,1,11,Proposed,43,15,2,0,"Draw","Draw(CCW,L2)",,,,,
7373,1,11,Proposed,43,16,2,0,"Draw","Draw(CW,L3)",,,,,
7373,1,11,Proposed,43,17,2,0,"Draw","Draw(CCW,L3)",,,,,
7373,1,11,Proposed,43,8,3,1,"Draw","Draw(CW,S6)",,,,,
7373,1,11,Proposed,43,9,3,0,"Draw","Draw(CCW,S6)",,,,,
7373,1,11,Proposed,43,22,3,0,"Draw","Draw(CW,L6)",,,,,
7373,1,11,Proposed,43,23,3,0,"Draw","Draw(CCW,L6)",,,,,
7373,1,11,Proposed,43,24,3,0,"Draw","Draw(CW,L7)",,,,,
7373,1,11,Proposed,43,25,3,0,"Draw","Draw(CCW,L7)",,,,,
7373,1,11,Proposed,43,72,3,0,"PostGuard","PostGuard(CW,3,0)",,,,,
7373,1,11,Proposed,43,10,4,1,"Draw","Draw(CW,L0)",,,,,
7373,1,11,Proposed,43,11,5,0,"Draw","Draw(CCW,L0)",,,,,
7373,1,11,Proposed,43,42,5,0,"Hit","Hit(CW,4,TOUCH)",,,,,
7373,1,11,Proposed,43,43,5,0,"Hit","Hit(CCW,4,TOUCH)",,,,,
7373,1,11,Proposed,43,51,5,1,"Freeze","Freeze(CCW,4)",,,,,
7373,1,11,Proposed,43,52,5,0,"Hit","Hit(CW,6,TOUCH)",,,,,
7373,1,11,Proposed,43,53,5,0,"Hit","Hit(CCW,6,TOUCH)",,,,,
7373,1,11,Proposed,43,60,5,0,"Freeze","Freeze(CW,6)",,,,,
7373,1,11,Proposed,43,61,5,0,"Freeze","Freeze(CCW,6)",,,,,
7373,1,11,Proposed,43,18,6,0,"Draw","Draw(CW,L4)",,,,,
7373,1,11,Proposed,43,19,6,0,"Draw","Draw(CCW,L4)",,,,,
7373,1,11,Proposed,43,26,6,0,"PreGuard","PreGuard(CW,G3)",,,,,
7373,1,11,Proposed,43,27,6,0,"PreGuard","PreGuard(CCW,G3)",,,,,
7373,1,11,Proposed,43,28,6,0,"PreGuard","PreGuard(CW,G4)",,,,,
7373,1,11,Proposed,43,29,6,0,"PreGuard","PreGuard(CCW,G4)",,,,,
7373,1,11,Proposed,43,30,6,0,"PreGuard","PreGuard(CW,G5)",,,,,
7373,1,11,Proposed,43,31,6,0,"PreGuard","PreGuard(CCW,G5)",,,,,
7373,1,11,Proposed,43,76,6,0,"PostGuard","PostGuard(CW,3,2)",,,,,
7373,1,11,Proposed,43,77,6,1,"PostGuard","PostGuard(CCW,3,2)",,,,,
7373,1,11,Proposed,43,80,6,0,"PostGuard","PostGuard(CW,5,1)",,,,,
7373,1,11,Proposed,43,81,6,0,"PostGuard","PostGuard(CCW,5,1)",,,,,
7373,1,11,Proposed,43,82,6,0,"PostGuard","PostGuard(CW,5,2)",,,,,
7373,1,11,Proposed,43,83,6,0,"PostGuard","PostGuard(CCW,5,2)",,,,,
7373,1,11,Proposed,43,86,6,0,"PostGuard","PostGuard(CW,7,1)",,,,,
7373,1,11,Proposed,43,87,6,0,"PostGuard","PostGuard(CCW,7,1)",,,,,
7373,1,11,Proposed,43,88,6,0,"PostGuard","PostGuard(CW,7,2)",,,,,
7373,1,11,Proposed,43,89,6,0,"PostGuard","PostGuard(CCW,7,2)",,,,,
7373,1,11,Proposed,43,92,6,0,"PostGuard","PostGuard(CW,9,1)",,,,,
7373,1,11,Proposed,43,93,6,0,"PostGuard","PostGuard(CCW,9,1)",,,,,
7373,1,11,Proposed,43,94,6,0,"PostGuard","PostGuard(CW,9,2)",,,,,
7373,1,11,Proposed,43,95,6,0,"PostGuard","PostGuard(CCW,9,2)",,,,,
7373,1,11,Proposed,43,98,6,0,"PostGuard","PostGuard(CW,11,1)",,,,,
7373,1,11,Proposed,43,99,6,0,"PostGuard","PostGuard(CCW,11,1)",,,,,
7373,1,11,Proposed,43,100,6,0,"PostGuard","PostGuard(CW,11,2)",,,,,
7373,1,11,Proposed,43,101,6,0,"PostGuard","PostGuard(CCW,11,2)",,,,,
7373,1,11,Proposed,43,33,7,1,"Hit","Hit(CCW,2,TOUCH)",,,,,
7373,1,11,Proposed,43,41,7,0,"Freeze","Freeze(CCW,2)",,,,,
7373,1,11,Proposed,43,34,8,1,"Hit","Hit(CW,2,WEAK)",,,,,
7373,1,11,Proposed,43,35,9,1,"Hit","Hit(CCW,2,WEAK)",,,,,
7373,1,11,Proposed,43,36,10,1,"Hit","Hit(CW,2,MIDDLE)",,,,,
7373,1,11,Proposed,43,38,10,0,"Hit","Hit(CW,2,STRONG)",,,,,
7373,1,11,Proposed,43,37,11,1,"Hit","Hit(CCW,2,MIDDLE)",,,,,
7373,1,11,Proposed,43,39,11,0,"Hit","Hit(CCW,2,STRONG)",,,,,
7373,1,11,Proposed,43,66,11,0,"Hit","Hit(CW,8,MIDDLE)",,,,,
7373,1,11,Proposed,43,68,11,0,"Hit","Hit(CW,8,STRONG)",,,,,
7373,1,11,Proposed,43,44,12,0,"Hit","Hit(CW,4,WEAK)",,,,,
7373,1,11,Proposed,43,46,12,1,"Hit","Hit(CW,4,MIDDLE)",,,,,
7373,1,11,Proposed,43,48,12,0,"Hit","Hit(CW,4,STRONG)",,,,,
7373,1,11,Proposed,43,45,13,1,"Hit","Hit(CCW,4,WEAK)",,,,,
7373,1,11,Proposed,43,47,14,1,"Hit","Hit(CCW,4,MIDDLE)",,,,,
7373,1,11,Proposed,43,49,14,0,"Hit","Hit(CCW,4,STRONG)",,,,,
7373,1,11,Proposed,43,54,15,0,"Hit","Hit(CW,6,WEAK)",,,,,
7373,1,11,Proposed,43,56,15,1,"Hit","Hit(CW,6,MIDDLE)",,,,,
7373,1,11,Proposed,43,58,15,0,"Hit","Hit(CW,6,STRONG)",,,,,
7373,1,11,Proposed,43,55,16,0,"Hit","Hit(CCW,6,WEAK)",,,,,
7373,1,11,Proposed,43,57,16,1,"Hit","Hit(CCW,6,MIDDLE)",,,,,
7373,1,11,Proposed,43,59,16,0,"Hit","Hit(CCW,6,STRONG)",,,,,
7373,1,11,Proposed,43,64,17,1,"Hit","Hit(CW,8,WEAK)",,,,,
7373,1,11,Proposed,43,65,18,1,"Hit","Hit(CCW,8,WEAK)",,,,,
7373,1,11,Proposed,43,67,19,1,"Hit","Hit(CCW,8,MIDDLE)",,,,,
7373,1,11,Proposed,43,69,19,0,"Hit","Hit(CCW,8,STRONG)",,,,,
7373,1,11,Proposed,43,102,20,1,"Pass","Pass",,,,,
7173,4,15,Proposed,43,0,0,1,"Draw","Draw(CW,TEE)",,,,,
7173,4,15,Proposed,43,1,0,0,"Draw","Draw(CCW,TEE)",,,,,
7173,4,15,Proposed,43,2,0,0,"Draw","Draw(CW,S0)",,,,,
7173,4,15,Proposed,43,3,0,0,"Draw","Draw(CCW,S0)",,,,,
7173,4,15,Proposed,43,4,0,0,"Draw","Draw(CW,S2)",,,,,
7173,4,15,Proposed,43,5,0,0,"Draw","Draw(CCW,S2)",,,,,
7173,4,15,Proposed,43,6,0,0,"Draw","Draw(CW,S4)",,,,,
7173,4,15,Proposed,43,7,0,0,"Draw","Draw(CCW,S4)",,,,,
7173,4,15,Proposed,43,8,0,0,"Draw","Draw(CW,S6)",,,,,
7173,4,15,Proposed,43,9,0,0,"Draw","Draw(CCW,S6)",,,,,
7173,4,15,Proposed,43,10,0,0,"Draw","Draw(CW,L0)",,,,,
7173,4,15,Proposed,43,11,0,0,"Draw","Draw(CCW,L0)",,,,,
7173,4,15,Proposed,43,12,0,0,"Draw","Draw(CW,L1)",,,,,
7173,4,15,Proposed,43,13,0,0,"Draw","Draw(CCW,L1)",,,,,
7173,4,15,Proposed,43,14,0,0,"Draw","Draw(CW,L2)",,,,,
7173,4,15,Proposed,43,15,0,0,"Draw","Draw(CCW,L2)",,,,,
7173,4,15,Proposed,43,16,0,0,"Draw","Draw(CW,L3)",,,,,
7173,4,15,Proposed,43,17,0,0,"Draw","Draw(CCW,L3)",,,,,
7173,4,15,Proposed,43,18,0,0,"Draw","Draw(CW,L4)",,,,,
7173,4,15,Proposed,43,19,0,0,"Draw","Draw(CCW,L4)",,,,,
7173,4,15,Proposed,43,20,0,0,"Draw","Draw(CW,L5)",,,,,
7173,4,15,Proposed,43,21,0,0,"Draw","Draw(CCW,L5)",,,,,
7173,4,15,Proposed,43,22,0,0,"Draw","Draw(CW,L6)",,,,,
7173,4,15,Proposed,43,23,0,0,"Draw","Draw(CCW,L6)",,,,,
7173,4,15,Proposed,43,24,0,0,"Draw","Draw(CW,L7)",,,,,
7173,4,15,Proposed,43,25,0,0,"Draw","Draw(CCW,L7)",,,,,
7173,4,15,Proposed,43,26,0,0,"PreGuard","PreGuard(CW,G3)",,,,,
7173,4,15,Proposed,43,27,0,0,"PreGuard","PreGuard(CCW,G3)",,,,,
7173,4,15,Proposed,43,28,0,0,"PreGuard","PreGuard(CW,G4)",,,,,
7173,4,15,Proposed,43,29,0,0,"PreGuard","PreGuard(CCW,G4)",,,,,
7173,4,15,Proposed,43,30,0,0,"PreGuard","PreGuard(CW,G5)",,,,,
7173,4,15,Proposed,43,31,0,0,"PreGuard","PreGuard(CCW,G5)",,,,,
7173,4,15,Proposed,43,32,0,0,"Hit","Hit(CW,0,TOUCH)",,,,,
7173,4,15,Proposed,43,33,0,0,"Hit","Hit(CCW,0,TOUCH)",,,,,
7173,4,15,Proposed,43,34,0,0,"Hit","Hit(CW,0,WEAK)",,,,,
7173,4,15,Proposed,43,35,0,0,"Hit","Hit(CCW,0,WEAK)",,,,,
7173,4,15,Proposed,43,36,0,0,"Hit","Hit(CW,0,MIDDLE)",,,,,
7173,4,15,Proposed,43,37,0,0,"Hit","Hit(CCW,0,MIDDLE)",,,,,
7173,4,15,Proposed,43,38,0,0,"Hit","Hit(CW,0,STRONG)",,,,,
7173,4,15,Proposed,43,39,0,0,"Hit","Hit(CCW,0,STRONG)",,,,,
7173,4,15,Proposed,43,40,0,0,"Freeze","Freeze(CW,0)",,,,,
7173,4,15,Proposed,43,41,0,0,"Freeze","Freeze(CCW,0)",,,,,
7173,4,15,Proposed,43,42,0,0,"Hit","Hit(CW,2,TOUCH)",,,,,
7173,4,15,Proposed,43,43,0,0,"Hit","Hit(CCW,2,TOUCH)",,,,,
7173,4,15,Proposed,43,44,0,0,"Hit","Hit(CW,2,WEAK)",,,,,
7173,4,15,Proposed,43,45,0,0,"Hit","Hit(CCW,2,WEAK)",,,,,
7173,4,15,Proposed,43,46,0,0,"Hit","Hit(CW,2,MIDDLE)",,,,,
7173,4,15,Proposed,43,47,0,0,"Hit","Hit(CCW,2,MIDDLE)",,,,,
7173,4,15,Proposed,43,48,0,0,"Hit","Hit(CW,2,STRONG)",,,,,
7173,4,15,Proposed,43,49,0,0,"Hit","Hit(CCW,2,STRONG)",,,,,
7173,4,15,Proposed,43,50,0,0,"Freeze","Freeze(CW,2)",,,,,
7173,4,15,Proposed,43,51,0,0,"Freeze","Freeze(CCW,2)",,,,,
7173,4,15,Proposed,43,52,0,0,"Hit","Hit(CW,4,TOUCH)",,,,,
7173,4,15,Proposed,43,53,0,0,"Hit","Hit(CCW,4,TOUCH)",,,,,
7173,4,15,Proposed,43,54,0,0,"Hit","Hit(CW,4,WEAK)",,,,,
7173,4,15,Proposed,43,55,0,0,"Hit","Hit(CCW,4,WEAK)",,,,,
7173,4,15,Proposed,43,56,0,0,"Hit","Hit(CW,4,MIDDLE)",,,,,
7173,4,15,Proposed,43,57,0,0,"Hit","Hit(CCW,4,MIDDLE)",,,,,
7173,4,15,Proposed,43,58,0,0,"Hit","Hit(CW,4,STRONG)",,,,,
7173,4,15,Proposed,43,59,0,0,"Hit","Hit(CCW,4,STRONG)",,,,,
7173,4,15,Proposed,43,60,0,0,"Freeze","Freeze(CW,4)",,,,,
7173,4,15,Proposed,43,61,0,0,"Freeze","Freeze(CCW,4)",,,,,
7173,4,15,Proposed,43,62,0,0,"Hit","Hit(CW,6,TOUCH)",,,,,
7173,4,15,Proposed,43,63,0,0,"Hit","Hit(CCW,6,TOUCH)",,,,,
7173,4,15,Proposed,43,64,0,0,"Hit","Hit(CW,6,WEAK)",,,,,
7173,4,15,Proposed,43,65,0,0,"Hit","Hit(CCW,6,WEAK)",,,,,
7173,4,15,Proposed,43,66,0,0,"Hit","Hit(CW,6,MIDDLE)",,,,,
7173,4,15,Proposed,43,67,0,0,"Hit","Hit(CCW,6,MIDDLE)",,,,,
7173,4,15,Proposed,43,68,0,0,"Hit","Hit(CW,6,STRONG)",,,,,
7173,4,15,Proposed,43,69,0,0,"Hit","Hit(CCW,6,STRONG)",,,,,
7173,4,15,Proposed,43,70,0,0,"Freeze","Freeze(CW,6)",,,,,
7173,4,15,Proposed,43,71,0,0,"Freeze","Freeze(CCW,6)",,,,,
7173,4,15,Proposed,43,72,0,0,"Hit","Hit(CW,8,TOUCH)",,,,,
7173,4,15,Proposed,43,73,0,0,"Hit","Hit(CCW,8,TOUCH)",,,,,
7173,4,15,Proposed,43,74,0,0,"Hit","Hit(CW,8,WEAK)",,,,,
7173,4,15,Proposed,43,75,0,0,"Hit","Hit(CCW,8,WEAK)",,,,,
7173,4,15,Proposed,43,76,0,0,"Hit","Hit(CW,8,MIDDLE)",,,,,
7173,4,15,Proposed,43,77,0,0,"Hit","Hit(CCW,8,MIDDLE)",,,,,
7173,4,15,Proposed,43,78,0,0,"Hit","Hit(CW,8,STRONG)",,,,,
7173,4,15,Proposed,43,79,0,0,"Hit","Hit(CCW,8,STRONG)",,,,,
7173,4,15,Proposed,43,80,0,0,"Freeze","Freeze(CW,8)",,,,,
7173,4,15,Proposed,43,81,0,0,"Freeze","Freeze(CCW,8)",,,,,
7173,4,15,Proposed,43,82,0,0,"Hit","Hit(CW,10,TOUCH)",,,,,
7173,4,15,Proposed,43,83,0,0,"Hit","Hit(CCW,10,TOUCH)",,,,,
7173,4,15,Proposed,43,84,0,0,"Hit","Hit(CW,10,WEAK)",,,,,
7173,4,15,Proposed,43,85,0,0,"Hit","Hit(CCW,10,WEAK)",,,,,
7173,4,15,Proposed,43,86,0,0,"Hit","Hit(CW,10,MIDDLE)",,,,,
7173,4,15,Proposed,43,87,0,0,"Hit","Hit(CCW,10,MIDDLE)",,,,,
7173,4,15,Proposed,43,88,0,0,"Hit","Hit(CW,10,STRONG)",,,,,
7173,4,15,Proposed,43,89,0,0,"Hit","Hit(CCW,10,STRONG)",,,,,
7173,4,15,Proposed,43,90,0,0,"Freeze","Freeze(CW,10)",,,,,
7173,4,15,Proposed,43,91,0,0,"Freeze","Freeze(CCW,10)",,,,,
7173,4,15,Proposed,43,92,0,0,"Hit","Hit(CW,12,TOUCH)",,,,,
7173,4,15,Proposed,43,93,0,0,"Hit","Hit(CCW,12,TOUCH)",,,,,
7173,4,15,Proposed,43,94,0,0,"Hit","Hit(CW,12,WEAK)",,,,,
7173,4,15,Proposed,43,95,0,0,"Hit","Hit(CCW,12,WEAK)",,,,,
7173,4,15,Proposed,43,96,0,0,"Hit","Hit(CW,12,MIDDLE)",,,,,
7173,4,15,Proposed,43,97,0,0,"Hit","Hit(CCW,12,MIDDLE)",,,,,
7173,4,15,Proposed,43,98,0,0,"Hit","Hit(CW,12,STRONG)",,,,,
7173,4,15,Proposed,43,99,0,0,"Hit","Hit(CCW,12,STRONG)",,,,,
7173,4,15,Proposed,43,100,0,0,"Freeze","Freeze(CW,12)",,,,,
7173,4,15,Proposed,43,101,0,0,"Freeze","Freeze(CCW,12)",,,,,
7173,4,15,Proposed,43,102,0,0,"PostGuard","PostGuard(CW,1,0)",,,,,
7173,4,15,Proposed,43,103,0,0,"PostGuard","PostGuard(CCW,1,0)",,,,,
7173,4,15,Proposed,43,104,0,0,"PostGuard","PostGuard(CW,1,1)",,,,,
7173,4,15,Proposed,43,105,0,0,"PostGuard","PostGuard(CCW,1,1)",,,,,
7173,4,15,Proposed,43,106,0,0,"PostGuard","PostGuard(CW,1,2)",,,,,
7173,4,15,Proposed,43,107,0,0,"PostGuard","PostGuard(CCW,1,2)",,,,,
7173,4,15,Proposed,43,108,0,0,"PostGuard","PostGuard(CW,3,0)",,,,,
7173,4,15,Proposed,43,109,0,0,"PostGuard","PostGuard(CCW,3,0)",,,,,
7173,4,15,Proposed,43,110,0,0,"PostGuard","PostGuard(CW,3,1)",,,,,
7173,4,15,Proposed,43,111,0,0,"PostGuard","PostGuard(CCW,3,1)",,,,,
7173,4,15,Proposed,43,112,0,0,"PostGuard","PostGuard(CW,3,2)",,,,,
7173,4,15,Proposed,43,113,0,0,"PostGuard","PostGuard(CCW,3,2)",,,,,
7173,4,15,Proposed,43,114,0,0,"PostGuard","PostGuard(CW,5,0)",,,,,
7173,4,15,Proposed,43,115,0,0,"PostGuard","PostGuard(CCW,5,0)",,,,,
7173,4,15,Proposed,43,116,0,0,"PostGuard","PostGuard(CW,5,1)",,,,,
7173,4,15,Proposed,43,117,0,0,"PostGuard","PostGuard(CCW,5,1)",,,,,
7173,4,15,Proposed,43,118,0,0,"PostGuard","PostGuard(CW,5,2)",,,,,
7173,4,15,Proposed,43,119,0,0,"PostGuard","PostGuard(CCW,5,2)",,,,,
7173,4,15,Proposed,43,120,0,0,"PostGuard","PostGuard(CW,7,0)",,,,,
7173,4,15,Proposed,43,121,1,1,"PostGuard","PostGuard(CCW,7,0)",,,,,
7173,4,15,Proposed,43,122,2,1,"PostGuard","PostGuard(CW,7,1)",,,,,
7173,4,15,Proposed,43,123,3,1,"PostGuard","PostGuard(CCW,7,1)",,,,,
7173,4,15,Proposed,43,124,4,1,"PostGuard","PostGuard(CW,7,2)",,,,,
7173,4,15,Proposed,43,125,5,1,"PostGuard","PostGuard(CCW,7,2)",,,,,
7173,4,15,Proposed,43,126,6,1,"PostGuard","PostGuard(CW,9,0)",,,,,
7173,4,15,Proposed,43,127,7,1,"PostGuard","PostGuard(CCW,9,0)",,,,,
7173,4,15,Proposed,43,128,8,1,"PostGuard","PostGuard(CW,9,1)",,,,,
7173,4,15,Proposed,43,129,9,1,"PostGuard","PostGuard(CCW,9,1)",,,,,
7173,4,15,Proposed,43,130,10,1,"PostGuard","PostGuard(CW,9,2)",,,,,
7173,4,15,Proposed,43,131,11,1,"PostGuard","PostGuard(CCW,9,2)",,,,,
7173,4,15,Proposed,43,132,12,1,"PostGuard","PostGuard(CW,11,0)",,,,,
7173,4,15,Proposed,43,133,13,1,"PostGuard","PostGuard(CCW,11,0)",,,,,
7173,4,15,Proposed,43,134,14,1,"PostGuard","PostGuard(CW,11,1)",,,,,
7173,4,15,Proposed,43,135,15,1,"PostGuard","PostGuard(CCW,11,1)",,,,,
7173,4,15,Proposed,43,136,16,1,"PostGuard","PostGuard(CW,11,2)",,,,,
7173,4,15,Proposed,43,137,17,1,"PostGuard","PostGuard(CCW,11,2)",,,,,
7173,4,15,Proposed,43,138,18,1,"PostGuard","PostGuard(CW,13,0)",,,,,
7173,4,15,Proposed,43,139,19,1,"PostGuard","PostGuard(CCW,13,0)",,,,,
7173,4,15,Proposed,43,140,20,1,"PostGuard","PostGuard(CW,13,1)",,,,,
7173,4,15,Proposed,43,141,21,1,"PostGuard","PostGuard(CCW,13,1)",,,,,
7173,4,15,Proposed,43,142,22,1,"PostGuard","PostGuard(CW,13,2)",,,,,
7173,4,15,Proposed,43,143,23,1,"PostGuard","PostGuard(CCW,13,2)",,,,,
7173,4,15,Proposed,43,144,24,1,"PostGuard","PostGuard(CW,15,0)",,,,,
7173,4,15,Proposed,43,145,25,1,"PostGuard","PostGuard(CCW,15,0)",,,,,
7173,4,15,Proposed,43,146,26,1,"PostGuard","PostGuard(CW,15,1)",,,,,
7173,4,15,Proposed,43,147,27,1,"PostGuard","PostGuard(CCW,15,1)",,,,,
7173,4,15,Proposed,43,148,28,1,"PostGuard","PostGuard(CW,15,2)",,,,,
7173,4,15,Proposed,43,149,29,1,"PostGuard","PostGuard(CCW,15,2)",,,,,
7173,4,15,Proposed,43,150,30,1,"Pass","Pass",,,,,
196,4,4,Proposed,43,0,0,1,"Draw","Draw(CW,TEE)",,,,,
196,4,4,Proposed,43,1,0,0,"Draw","Draw(CCW,TEE)",,,,,
196,4,4,Proposed,43,2,0,0,"Draw","Draw(CW,S0)",,,,,
196,4,4,Proposed,43,3,0,0,"Draw","Draw(CCW,S0)",,,,,
196,4,4,Proposed,43,6,0,0,"Draw","Draw(CW,S4)",,,,,
196,4,4,Proposed,43,7,0,0,"Draw","Draw(CCW,S4)",,,,,
196,4,4,Proposed,43,8,0,0,"Draw","Draw(CW,S6)",,,,,
196,4,4,Proposed,43,10,0,0,"Draw","Draw(CW,L0)",,,,,
196,4,4,Proposed,43,11,0,0,"Draw","Draw(CCW,L0)",,,,,
196,4,4,Proposed,43,4,1,1,"Draw","Draw(CW,S2)",,,,,
196,4,4,Proposed,43,5,1,0,"Draw","Draw(CCW,S2)",,,,,
196,4,4,Proposed,43,9,1,0,"Draw","Draw(CCW,S6)",,,,,
196,4,4,Proposed,43,12,2,0,"Draw","Draw(CW,L1)",,,,,
196,4,4,Proposed,43,13,2,1,"Draw","Draw(CCW,L1)",,,,,
196,4,4,Proposed,43,14,2,0,"Draw","Draw(CW,L2)",,,,,
196,4,4,Proposed,43,15,2,0,"Draw","Draw(CCW,L2)",,,,,
196,4,4,Proposed,43,25,2,0,"Draw","Draw(CCW,L7)",,,,,
196,4,4,Proposed,43,16,3,0,"Draw","Draw(CW,L3)",,,,,
196,4,4,Proposed,43,17,3,0,"Draw","Draw(CCW,L3)",,,,,
196,4,4,Proposed,43,42,3,0,"PostGuard","PostGuard(CW,2,0)",,,,,
196,4,4,Proposed,43,43,3,1,"PostGuard","PostGuard(CCW,2,0)",,,,,
196,4,4,Proposed,43,18,4,0,"Draw","Draw(CW,L4)",,,,,
196,4,4,Proposed,43,19,4,0,"Draw","Draw(CCW,L4)",,,,,
196,4,4,Proposed,43,26,4,0,"PreGuard","PreGuard(CW,G3)",,,,,
196,4,4,Proposed,43,27,4,0,"PreGuard","PreGuard(CCW,G3)",,,,,
196,4,4,Proposed,43,28,4,0,"PreGuard","PreGuard(CW,G4)",,,,,
196,4,4,Proposed,43,29,4,0,"PreGuard","PreGuard(CCW,G4)",,,,,
196,4,4,Proposed,43,30,4,0,"PreGuard","PreGuard(CW,G5)",,,,,
196,4,4,Proposed,43,31,4,0,"PreGuard","PreGuard(CCW,G5)",,,,,
196,4,4,Proposed,43,44,4,1,"PostGuard","PostGuard(CW,2,1)",,,,,
196,4,4,Proposed,43,45,4,0,"PostGuard","PostGuard(CCW,2,1)",,,,,
196,4,4,Proposed,43,46,4,0,"PostGuard","PostGuard(CW,2,2)",,,,,
196,4,4,Proposed,43,47,4,0,"PostGuard","PostGuard(CCW,2,2)",,,,,
196,4,4,Proposed,43,20,5,0,"Draw","Draw(CW,L5)",,,,,
196,4,4,Proposed,43,21,5,0,"Draw","Draw(CCW,L5)",,,,,
196,4,4,Proposed,43,22,5,0,"Draw","Draw(CW,L6)",,,,,
196,4,4,Proposed,43,40,5,0,"Freeze","Freeze(CW,3)",,,,,
196,4,4,Proposed,43,41,5,1,"Freeze","Freeze(CCW,3)",,,,,
196,4,4,Proposed,43,23,6,0,"Draw","Draw(CCW,L6)",,,,,
196,4,4,Proposed,43,32,6,1,"Hit","Hit(CW,3,TOUCH)",,,,,
196,4,4,Proposed,43,33,6,0,"Hit","Hit(CCW,3,TOUCH)",,,,,
196,4,4,Proposed,43,24,7,1,"Draw","Draw(CW,L7)",,,,,
196,4,4,Proposed,43,34,8,0,"Hit","Hit(CW,3,WEAK)",,,,,
196,4,4,Proposed,43,35,8,0,"Hit","Hit(CCW,3,WEAK)",,,,,
196,4,4,Proposed,43,36,8,1,"Hit","Hit(CW,3,MIDDLE)",,,,,
196,4,4,Proposed,43,37,8,0,"Hit","Hit(CCW,3,MIDDLE)",,,,,
196,4,4,Proposed,43,38,8,0,"Hit","Hit(CW,3,STRONG)",,,,,
196,4,4,Proposed,43,39,8,0,"Hit","Hit(CCW,3,STRONG)",,,,,
196,4,4,Proposed,43,48,9,1,"Pass","Pass",,,,,
2630,2,14,Proposed,43,0,0,0,"Draw","Draw(CW,TEE)",,,,,
2630,2,14,Proposed,43,3,0,1,"Draw","Draw(CCW,S0)",,,,,
2630,2,14,Proposed,43,11,0,0,"Draw","Draw(CCW,L0)",,,,,
2630,2,14,Proposed,43,1,1,0,"Draw","Draw(CCW,TEE)",,,,,
2630,2,14,Proposed,43,7,1,0,"Draw","Draw(CCW,S4)",,,,,
2630,2,14,Proposed,43,23,1,0,"Draw","Draw(CCW,L6)",,,,,
2630,2,14,Proposed,43,42,1,1,"Hit","Hit(CW,13,TOUCH)",,,,,
2630,2,14,Proposed,43,43,1,0,"Hit","Hit(CCW,13,TOUCH)",,,,,
2630,2,14,Proposed,43,2,2,0,"Draw","Draw(CW,S0)",,,,,
2630,2,14,Proposed,43,6,2,0,"Draw","Draw(CW,S4)",,,,,
2630,2,14,Proposed,43,10,2,0,"Draw","Draw(CW,L0)",,,,,
2630,2,14,Proposed,43,32,2,0,"Hit","Hit(CW,11,TOUCH)",,,,,
2630,2,14,Proposed,43,33,2,1,"Hit","Hit(CCW,11,TOUCH)",,,,,
2630,2,14,Proposed,43,4,3,0,"Draw","Draw(CW,S2)",,,,,
2630,2,14,Proposed,43,5,3,0,"Draw","Draw(CCW,S2)",,,,,
2630,2,14,Proposed,43,12,3,0,"Draw","Draw(CW,L1)",,,,,
2630,2,14,Proposed,43,13,3,0,"Draw","Draw(CCW,L1)",,,,,
2630,2,14,Proposed,43,14,3,1,"Draw","Draw(CW,L2)",,,,,
2630,2,14,Proposed,43,15,3,0,"Draw","Draw(CCW,L2)",,,,,
2630,2,14,Proposed,43,16,3,0,"Draw","Draw(CW,L3)",,,,,
2630,2,14,Proposed,43,17,3,0,"Draw","Draw(CCW,L3)",,,,,
2630,2,14,Proposed,43,8,4,0,"Draw","Draw(CW,S6)",,,,,
2630,2,14,Proposed,43,9,4,1,"Draw","Draw(CCW,S6)",,,,,
2630,2,14,Proposed,43,20,4,0,"Draw","Draw(CW,L5)",,,,,
2630,2,14,Proposed,43,21,4,0,"Draw","Draw(CCW,L5)",,,,,
2630,2,14,Proposed,43,22,4,0,"Draw","Draw(CW,L6)",,,,,
2630,2,14,Proposed,43,25,4,0,"Draw","Draw(CCW,L7)",,,,,
2630,2,14,Proposed,43,50,4,0,"Freeze","Freeze(CW,13)",,,,,
2630,2,14,Proposed,43,51,4,0,"Freeze","Freeze(CCW,13)",,,,,
2630,2,14,Proposed,43,18,5,0,"Draw","Draw(CW,L4)",,,,,
2630,2,14,Proposed,43,19,5,0,"Draw","Draw(CCW,L4)",,,,,
2630,2,14,Proposed,43,26,5,0,"PreGuard","PreGuard(CW,G3)",,,,,
2630,2,14,Proposed,43,27,5,0,"PreGuard","PreGuard(CCW,G3)",,,,,
2630,2,14,Proposed,43,28,5,0,"PreGuard","PreGuard(CW,G4)",,,,,
2630,2,14,Proposed,43,29,5,0,"PreGuard","PreGuard(CCW,G4)",,,,,
2630,2,14,Proposed,43,30,5,0,"PreGuard","PreGuard(CW,G5)",,,,,
2630,2,14,Proposed,43,31,5,1,"PreGuard","PreGuard(CCW,G5)",,,,,
2630,2,14,Proposed,43,54,5,0,"PostGuard","PostGuard(CW,10,1)",,,,,
2630,2,14,Proposed,43,55,5,0,"PostGuard","PostGuard(CCW,10,1)",,,,,
2630,2,14,Proposed,43,56,5,0,"PostGuard","PostGuard(CW,10,2)",,,,,
2630,2,14,Proposed,43,57,5,0,"PostGuard","PostGuard(CCW,10,2)",,,,,
2630,2,14,Proposed,43,24,6,1,"Draw","Draw(CW,L7)",,,,,
2630,2,14,Proposed,43,34,7,0,"Hit","Hit(CW,11,WEAK)",,,,,
2630,2,14,Proposed,43,35,7,0,"Hit","Hit(CCW,11,WEAK)",,,,,
2630,2,14,Proposed,43,36,7,1,"Hit","Hit(CW,11,MIDDLE)",,,,,
2630,2,14,Proposed,43,37,7,0,"Hit","Hit(CCW,11,MIDDLE)",,,,,
2630,2,14,Proposed,43,38,7,0,"Hit","Hit(CW,11,STRONG)",,,,,
2630,2,14,Proposed,43,39,7,0,"Hit","Hit(CCW,11,STRONG)",,,,,
2630,2,14,Proposed,43,40,8,1,"Freeze","Freeze(CW,11)",,,,,
2630,2,14,Proposed,43,41,8,0,"Freeze","Freeze(CCW,11)",,,,,
2630,2,14,Proposed,43,44,9,0,"Hit","Hit(CW,13,WEAK)",,,,,
2630,2,14,Proposed,43,45,9,0,"Hit","Hit(CCW,13,WEAK)",,,,,
2630,2,14,Proposed,43,46,9,0,"Hit","Hit(CW,13,MIDDLE)",,,,,
2630,2,14,Proposed,43,47,9,1,"Hit","Hit(CCW,13,MIDDLE)",,,,,
2630,2,14,Proposed,43,48,9,0,"Hit","Hit(CW,13,STRONG)",,,,,
2630,2,14,Proposed,43,49,9,0,"Hit","Hit(CCW,13,STRONG)",,,,,
2630,2,14,Proposed,43,52,10,1,"PostGuard","PostGuard(CW,10,0)",,,,,
2630,2,14,Proposed,43,53,10,0,"PostGuard","PostGuard(CCW,10,0)",,,,,
2630,2,14,Proposed,43,58,11,1,"Pass","Pass",,,,,
5731,2,10,Proposed,43,0,0,0,"Draw","Draw(CW,TEE)",,,,,
5731,2,10,Proposed,43,1,0,0,"Draw","Draw(CCW,TEE)",,,,,
5731,2,10,Proposed,43,2,0,0,"Draw","Draw(CW,S0)",,,,,
5731,2,10,Proposed,43,3,0,0,"Draw","Draw(CCW,S0)",,,,,
5731,2,10,Proposed,43,4,0,0,"Draw","Draw(CW,S2)",,,,,
5731,2,10,Proposed,43,5,0,0,"Draw","Draw(CCW,S2)",,,,,
5731,2,10,Proposed,43,6,0,0,"Draw","Draw(CW,S4)",,,,,
5731,2,10,Proposed,43,7,0,1,"Draw","Draw(CCW,S4)",,,,,
5731,2,10,Proposed,43,8,0,0,"Draw","Draw(CW,S6)",,,,,
5731,2,10,Proposed,43,9,0,0,"Draw","Draw(CCW,S6)",,,,,
5731,2,10,Proposed,43,10,1,1,"Draw","Draw(CW,L0)",,,,,
5731,2,10,Proposed,43,11,1,0,"Draw","Draw(CCW,L0)",,,,,
5731,2,10,Proposed,43,12,1,0,"Draw","Draw(CW,L1)",,,,,
5731,2,10,Proposed,43,13,2,1,"Draw","Draw(CCW,L1)",,,,,
5731,2,10,Proposed,43,14,3,0,"Draw","Draw(CW,L2)",,,,,
5731,2,10,Proposed,43,15,3,0,"Draw","Draw(CCW,L2)",,,,,
5731,2,10,Proposed,43,32,3,0,"Hit","Hit(CW,9,TOUCH)",,,,,
5731,2,10,Proposed,43,33,3,1,"Hit","Hit(CCW,9,TOUCH)",,,,,
5731,2,10,Proposed,43,16,4,0,"Draw","Draw(CW,L3)",,,,,
5731,2,10,Proposed,43,17,4,0,"Draw","Draw(CCW,L3)",,,,,
5731,2,10,Proposed,43,40,4,1,"Freeze","Freeze(CW,9)",,,,,
5731,2,10,Proposed,43,41,4,0,"Freeze","Freeze(CCW,9)",,,,,
5731,2,10,Proposed,43,18,5,1,"Draw","Draw(CW,L4)",,,,,
5731,2,10,Proposed,43,19,5,0,"Draw","Draw(CCW,L4)",,,,,
5731,2,10,Proposed,43,26,5,0,"PreGuard","PreGuard(CW,G3)",,,,,
5731,2,10,Proposed,43,27,5,0,"PreGuard","PreGuard(CCW,G3)",,,,,
5731,2,10,Proposed,43,28,5,0,"PreGuard","PreGuard(CW,G4)",,,,,
5731,2,10,Proposed,43,29,5,0,"PreGuard","PreGuard(CCW,G4)",,,,,
5731,2,10,Proposed,43,30,5,0,"PreGuard","PreGuard(CW,G5)",,,,,
5731,2,10,Proposed,43,31,5,0,"PreGuard","PreGuard(CCW,G5)",,,,,
5731,2,10,Proposed,43,20,6,0,"Draw","Draw(CW,L5)",,,,,
5731,2,10,Proposed,43,21,6,0,"Draw","Draw(CCW,L5)",,,,,
5731,2,10,Proposed,43,22,6,0,"Draw","Draw(CW,L6)",,,,,
5731,2,10,Proposed,43,23,6,1,"Draw","Draw(CCW,L6)",,,,,
5731,2,10,Proposed,43,24,6,0,"Draw","Draw(CW,L7)",,,,,
5731,2,10,Proposed,43,25,6,0,"Draw","Draw(CCW,L7)",,,,,
5731,2,10,Proposed,43,34,7,0,"Hit","Hit(CW,9,WEAK)",,,,,
5731,2,10,Proposed,43,35,7,0,"Hit","Hit(CCW,9,WEAK)",,,,,
5731,2,10,Proposed,43,36,7,1,"Hit","Hit(CW,9,MIDDLE)",,,,,
5731,2,10,Proposed,43,37,7,0,"Hit","Hit(CCW,9,MIDDLE)",,,,,
5731,2,10,Proposed,43,38,7,0,"Hit","Hit(CW,9,STRONG)",,,,,
5731,2,10,Proposed,43,39,7,0,"Hit","Hit(CCW,9,STRONG)",,,,,
5731,2,10,Proposed,43,42,8,1,"Pass","Pass",,,,,
9518,4,5,Proposed,43,0,0,1,"Draw","Draw(CW,TEE)",,,,,
9518,4,5,Proposed,43,1,0,0,"Draw","Draw(CCW,TEE)",,,,,
9518,4,5,Proposed,43,2,0,0,"Draw","Draw(CW,S0)",,,,,
9518,4,5,Proposed,43,3,0,0,"Draw","Draw(CCW,S0)",,,,,
9518,4,5,Proposed,43,6,0,0,"Draw","Draw(CW,S4)",,,,,
9518,4,5,Proposed,43,7,0,0,"Draw","Draw(CCW,S4)",,,,,
9518,4,5,Proposed,43,32,0,0,"Hit","Hit(CW,0,TOUCH)",,,,,
9518,4,5,Proposed,43,33,0,0,"Hit","Hit(CCW,0,TOUCH)",,,,,
9518,4,5,Proposed,43,40,0,0,"Freeze","Freeze(CW,0)",,,,,
9518,4,5,Proposed,43,41,0,0,"Freeze","Freeze(CCW,0)",,,,,
9518,4,5,Proposed,43,42,0,0,"Hit","Hit(CW,2,TOUCH)",,,,,
9518,4,5,Proposed,43,43,0,0,"Hit","Hit(CCW,2,TOUCH)",,,,,
9518,4,5,Proposed,43,50,0,0,"Freeze","Freeze(CW,2)",,,,,
9518,4,5,Proposed,43,51,0,0,"Freeze","Freeze(CCW,2)",,,,,
9518,4,5,Proposed,43,52,0,0,"PostGuard","PostGuard(CW,1,0)",,,,,
9518,4,5,Proposed,43,53,0,0,"PostGuard","PostGuard(CCW,1,0)",,,,,
9518,4,5,Proposed,43,4,1,0,"Draw","Draw(CW,S2)",,,,,
9518,4,5,Proposed,43,5,1,0,"Draw","Draw(CCW,S2)",,,,,
9518,4,5,Proposed,43,14,1,0,"Draw","Draw(CW,L2)",,,,,
9518,4,5,Proposed,43,15,1,1,"Draw","Draw(CCW,L2)",,,,,
9518,4,5,Proposed,43,8,2,0,"Draw","Draw(CW,S6)",,,,,
9518,4,5,Proposed,43,9,2,0,"Draw","Draw(CCW,S6)",,,,,
9518,4,5,Proposed,43,22,2,1,"Draw","Draw(CW,L6)",,,,,
9518,4,5,Proposed,43,23,2,0,"Draw","Draw(CCW,L6)",,,,,
9518,4,5,Proposed,43,10,3,1,"Draw","Draw(CW,L0)",,,,,
9518,4,5,Proposed,43,11,4,1,"Draw","Draw(CCW,L0)",,,,,
9518,4,5,Proposed,43,12,5,1,"Draw","Draw(CW,L1)",,,,,
9518,4,5,Proposed,43,13,5,0,"Draw","Draw(CCW,L1)",,,,,
9518,4,5,Proposed,43,16,6,0,"Draw","Draw(CW,L3)",,,,,
9518,4,5,Proposed,43,17,6,0,"Draw","Draw(CCW,L3)",,,,,
9518,4,5,Proposed,43,54,6,0,"PostGuard","PostGuard(CW,1,1)",,,,,
9518,4,5,Proposed,43,55,6,1,"PostGuard","PostGuard(CCW,1,1)",,,,,
9518,4,5,Proposed,43,58,6,0,"PostGuard","PostGuard(CW,3,0)",,,,,
9518,4,5,Proposed,43,59,6,0,"PostGuard","PostGuard(CCW,3,0)",,,,,
9518,4,5,Proposed,43,64,6,0,"PostGuard","PostGuard(CW,5,0)",,,,,
9518,4,5,Proposed,43,65,6,0,"PostGuard","PostGuard(CCW,5,0)",,,,,
9518,4,5,Proposed,43,18,7,0,"Draw","Draw(CW,L4)",,,,,
9518,4,5,Proposed,43,19,7,0,"Draw","Draw(CCW,L4)",,,,,
9518,4,5,Proposed,43,26,7,0,"PreGuard","PreGuard(CW,G3)",,,,,
9518,4,5,Proposed,43,27,7,0,"PreGuard","PreGuard(CCW,G3)",,,,,
9518,4,5,Proposed,43,30,7,0,"PreGuard","PreGuard(CW,G5)",,,,,
9518,4,5,Proposed,43,31,7,0,"PreGuard","PreGuard(CCW,G5)",,,,,
9518,4,5,Proposed,43,56,7,0,"PostGuard","PostGuard(CW,1,2)",,,,,
9518,4,5,Proposed,43,57,7,0,"PostGuard","PostGuard(CCW,1,2)",,,,,
9518,4,5,Proposed,43,60,7,1,"PostGuard","PostGuard(CW,3,1)",,,,,
9518,4,5,Proposed,43,61,7,0,"PostGuard","PostGuard(CCW,3,1)",,,,,
9518,4,5,Proposed,43,20,8,1,"Draw","Draw(CW,L5)",,,,,
9518,4,5,Proposed,43,21,8,0,"Draw","Draw(CCW,L5)",,,,,
9518,4,5,Proposed,43,24,9,1,"Draw","Draw(CW,L7)",,,,,
9518,4,5,Proposed,43,25,9,0,"Draw","Draw(CCW,L7)",,,,,
9518,4,5,Proposed,43,28,10,1,"PreGuard","PreGuard(CW,G4)",,,,,
9518,4,5,Proposed,43,29,10,0,"PreGuard","PreGuard(CCW,G4)",,,,,
9518,4,5,Proposed,43,62,10,0,"PostGuard","PostGuard(CW,3,2)",,,,,
9518,4,5,Proposed,43,63,10,0,"PostGuard","PostGuard(CCW,3,2)",,,,,
9518,4,5,Proposed,43,66,10,0,"PostGuard","PostGuard(CW,5,1)",,,,,
9518,4,5,Proposed,43,67,10,0,"PostGuard","PostGuard(CCW,5,1)",,,,,
9518,4,5,Proposed,43,68,10,0,"PostGuard","PostGuard(CW,5,2)",,,,,
9518,4,5,Proposed,43,69,10,0,"PostGuard","PostGuard(CCW,5,2)",,,,,
9518,4,5,Proposed,43,34,11,0,"Hit","Hit(CW,0,WEAK)",,,,,
9518,4,5,Proposed,43,35,11,0,"Hit","Hit(CCW,0,WEAK)",,,,,
9518,4,5,Proposed,43,44,11,1,"Hit","Hit(CW,2,WEAK)",,,,,
9518,4,5,Proposed,43,45,11,0,"Hit","Hit(CCW,2,WEAK)",,,,,
9518,4,5,Proposed,43,36,12,0,"Hit","Hit(CW,0,MIDDLE)",,,,,
9518,4,5,Proposed,43,38,12,0,"Hit","Hit(CW,0,STRONG)",,,,,
9518,4,5,Proposed,43,46,12,1,"Hit","Hit(CW,2,MIDDLE)",,,,,
9518,4,5,Proposed,43,47,12,0,"Hit","Hit(CCW,2,MIDDLE)",,,,,
9518,4,5,Proposed,43,48,12,0,"Hit","Hit(CW,2,STRONG)",,,,,
9518,4,5,Proposed,43,49,12,0,"Hit","Hit(CCW,2,STRONG)",,,,,
9518,4,5,Proposed,43,37,13,1,"Hit","Hit(CCW,0,MIDDLE)",,,,,
9518,4,5,Proposed,43,39,13,0,"Hit","Hit(CCW,0,STRONG)",,,,,
9518,4,5,Proposed,43,70,14,1,"Pass","Pass",,,,,
8211,7,12,Proposed,43,0,0,0,"Draw","Draw(CW,TEE)",,,,,
8211,7,12,Proposed,43,9,0,0,"Draw","Draw(CCW,S6)",,,,,
8211,7,12,Proposed,43,25,0,0,"Draw","Draw(CCW,L7)",,,,,
8211,7,12,Proposed,43,71,0,1,"Freeze","Freeze(CCW,11)",,,,,
8211,7,12,Proposed,43,1,1,1,"Draw","Draw(CCW,TEE)",,,,,
8211,7,12,Proposed,43,3,1,0,"Draw","Draw(CCW,S0)",,,,,
8211,7,12,Proposed,43,7,1,0,"Draw","Draw(CCW,S4)",,,,,
8211,7,12,Proposed,43,11,1,0,"Draw","Draw(CCW,L0)",,,,,
8211,7,12,Proposed,43,24,1,0,"Draw","Draw(CW,L7)",,,,,
8211,7,12,Proposed,43,32,1,0,"Hit","Hit(CW,1,TOUCH)",,,,,
8211,7,12,Proposed,43,33,1,0,"Hit","Hit(CCW,1,TOUCH)",,,,,
8211,7,12,Proposed,43,42,1,0,"Hit","Hit(CW,5,TOUCH)",,,,,
8211,7,12,Proposed,43,43,1,0,"Hit","Hit(CCW,5,TOUCH)",,,,,
8211,7,12,Proposed,43,53,1,0,"Hit","Hit(CCW,9,TOUCH)",,,,,
8211,7,12,Proposed,43,61,1,0,"Freeze","Freeze(CCW,9)",,,,,
8211,7,12,Proposed,43,63,1,0,"Hit","Hit(CCW,11,TOUCH)",,,,,
8211,7,12,Proposed,43,2,2,0,"Draw","Draw(CW,S0)",,,,,
8211,7,12,Proposed,43,6,2,0,"Draw","Draw(CW,S4)",,,,,
8211,7,12,Proposed,43,10,2,0,"Draw","Draw(CW,L0)",,,,,
8211,7,12,Proposed,43,52,2,0,"Hit","Hit(CW,9,TOUCH)",,,,,
8211,7,12,Proposed,43,60,2,1,"Freeze","Freeze(CW,9)",,,,,
8211,7,12,Proposed,43,62,2,0,"Hit","Hit(CW,11,TOUCH)",,,,,
8211,7,12,Proposed,43,4,3,1,"Draw","Draw(CW,S2)",,,,,
8211,7,12,Proposed,43,5,3,0,"Draw","Draw(CCW,S2)",,,,,
8211,7,12,Proposed,43,8,3,0,"Draw","Draw(CW,S6)",,,,,
8211,7,12,Proposed,43,12,3,0,"Draw","Draw(CW,L1)",,,,,
8211,7,12,Proposed,43,13,3,0,"Draw","Draw(CCW,L1)",,,,,
8211,7,12,Proposed,43,14,3,0,"Draw","Draw(CW,L2)",,,,,
8211,7,12,Proposed,43,15,3,0,"Draw","Draw(CCW,L2)",,,,,
8211,7,12,Proposed,43,16,3,0,"Draw","Draw(CW,L3)",,,,,
8211,7,12,Proposed,43,17,3,0,"Draw","Draw(CCW,L3)",,,,,
8211,7,12,Proposed,43,20,3,0,"Draw","Draw(CW,L5)",,,,,
8211,7,12,Proposed,43,21,3,0,"Draw","Draw(CCW,L5)",,,,,
8211,7,12,Proposed,43,22,3,0,"Draw","Draw(CW,L6)",,,,,
8211,7,12,Proposed,43,23,3,0,"Draw","Draw(CCW,L6)",,,,,
8211,7,12,Proposed,43,40,3,0,"Freeze","Freeze(CW,1)",,,,,
8211,7,12,Proposed,43,41,3,0,"Freeze","Freeze(CCW,1)",,,,,
8211,7,12,Proposed,43,50,3,0,"Freeze","Freeze(CW,5)",,,,,
8211,7,12,Proposed,43,51,3,0,"Freeze","Freeze(CCW,5)",,,,,
8211,7,12,Proposed,43,72,3,0,"PostGuard","PostGuard(CW,4,0)",,,,,
8211,7,12,Proposed,43,73,3,0,"PostGuard","PostGuard(CCW,4,0)",,,,,
8211,7,12,Proposed,43,18,4,0,"Draw","Draw(CW,L4)",,,,,
8211,7,12,Proposed,43,19,4,0,"Draw","Draw(CCW,L4)",,,,,
8211,7,12,Proposed,43,26,4,0,"PreGuard","PreGuard(CW,G3)",,,,,
8211,7,12,Proposed,43,27,4,0,"PreGuard","PreGuard(CCW,G3)",,,,,
8211,7,12,Proposed,43,28,4,0,"PreGuard","PreGuard(CW,G4)",,,,,
8211,7,12,Proposed,43,29,4,0,"PreGuard","PreGuard(CCW,G4)",,,,,
8211,7,12,Proposed,43,30,4,0,"PreGuard","PreGuard(CW,G5)",,,,,
8211,7,12,Proposed,43,31,4,0,"PreGuard","PreGuard(CCW,G5)",,,,,
8211,7,12,Proposed,43,74,4,1,"PostGuard","PostGuard(CW,4,1)",,,,,
8211,7,12,Proposed,43,75,4,0,"PostGuard","PostGuard(CCW,4,1)",,,,,
8211,7,12,Proposed,43,76,4,0,"PostGuard","PostGuard(CW,4,2)",,,,,
8211,7,12,Proposed,43,77,4,0,"PostGuard","PostGuard(CCW,4,2)",,,,,
8211,7,12,Proposed,43,34,5,0,"Hit","Hit(CW,1,WEAK)",,,,,
8211,7,12,Proposed,43,35,5,0,"Hit","Hit(CCW,1,WEAK)",,,,,
8211,7,12,Proposed,43,36,5,1,"Hit","Hit(CW,1,MIDDLE)",,,,,
8211,7,12,Proposed,43,37,5,0,"Hit","Hit(CCW,1,MIDDLE)",,,,,
8211,7,12,Proposed,43,38,5,0,"Hit","Hit(CW,1,STRONG)",,,,,
8211,7,12,Proposed,43,39,5,0,"Hit","Hit(CCW,1,STRONG)",,,,,
8211,7,12,Proposed,43,44,6,0,"Hit","Hit(CW,5,WEAK)",,,,,
8211,7,12,Proposed,43,46,6,1,"Hit","Hit(CW,5,MIDDLE)",,,,,
8211,7,12,Proposed,43,47,6,0,"Hit","Hit(CCW,5,MIDDLE)",,,,,
8211,7,12,Proposed,43,48,6,0,"Hit","Hit(CW,5,STRONG)",,,,,
8211,7,12,Proposed,43,49,6,0,"Hit","Hit(CCW,5,STRONG)",,,,,
8211,7,12,Proposed,43,45,7,1,"Hit","Hit(CCW,5,WEAK)",,,,,
8211,7,12,Proposed,43,54,8,1,"Hit","Hit(CW,9,WEAK)",,,,,
8211,7,12,Proposed,43,55,9,0,"Hit","Hit(CCW,9,WEAK)",,,,,
8211,7,12,Proposed,43,64,9,0,"Hit","Hit(CW,11,WEAK)",,,,,
8211,7,12,Proposed,43,67,9,1,"Hit","Hit(CCW,11,MIDDLE)",,,,,
8211,7,12,Proposed,43,69,9,0,"Hit","Hit(CCW,11,STRONG)",,,,,
8211,7,12,Proposed,43,56,10,1,"Hit","Hit(CW,9,MIDDLE)",,,,,
8211,7,12,Proposed,43,58,10,0,"Hit","Hit(CW,9,STRONG)",,,,,
8211,7,12,Proposed,43,57,11,1,"Hit","Hit(CCW,9,MIDDLE)",,,,,
8211,7,12,Proposed,43,59,11,0,"Hit","Hit(CCW,9,STRONG)",,,,,
8211,7,12,Proposed,43,65,12,1,"Hit","Hit(CCW,11,WEAK)",,,,,
8211,7,12,Proposed,43,66,13,1,"Hit","Hit(CW,11,MIDDLE)",,,,,
8211,7,12,Proposed,43,68,13,0,"Hit","Hit(CW,11,STRONG)",,,,,
8211,7,12,Proposed,43,70,14,1,"Freeze","Freeze(CW,11)",,,,,
8211,7,12,Proposed,43,78,15,1,"Pass","Pass",,,,,
