game_id,end,shot_num,candidate_idx,label,shot_type,q_ref_mean,q_ref_sd,n_rollouts,resampled,score_hist,q_immediate_mean
7977,6,14,0,"Draw(CW,TEE)",1,-2.63,1.42937,200,1,"-6:2;-4:92;-3:11;-2:18;-1:77",-3.015
7977,6,14,1,"Draw(CCW,TEE)",1,-2.75,1.4586,200,1,"-7:1;-6:1;-5:10;-4:81;-3:16;-2:24;-1:67",-2.5
7977,6,14,2,"Draw(CW,S0)",1,-3.015,1.45766,200,1,"-6:3;-5:8;-4:110;-3:9;-2:8;-1:62",-3.68
7977,6,14,3,"Draw(CCW,S0)",1,-2.835,1.59618,200,1,"-7:1;-6:3;-5:17;-4:77;-3:21;-2:11;-1:67;1:3",-2.66
7977,6,14,4,"Draw(CW,S2)",1,-3.2,1.28841,200,1,"-6:1;-5:4;-4:127;-3:15;-2:8;-1:45",-3.935
7977,6,14,5,"Draw(CCW,S2)",1,-2.97,1.3708,200,1,"-5:2;-4:120;-3:7;-2:12;-1:59",-4
7977,6,14,6,"Draw(CW,S4)",1,-3.095,1.35867,200,1,"-6:3;-5:3;-4:118;-3:12;-2:14;-1:50",-3.49
7977,6,14,7,"Draw(CCW,S4)",1,-2.67,1.69443,200,1,"-7:3;-6:1;-5:13;-4:75;-3:14;-2:24;-1:61;1:9",-2.63
7977,6,14,8,"Draw(CW,S6)",1,-3.095,1.36601,200,1,"-6:2;-5:3;-4:122;-3:12;-2:7;-1:54",-4
7977,6,14,9,"Draw(CCW,S6)",1,-3.02,1.17881,200,1,"-5:1;-4:109;-3:12;-2:49;-1:29",-3.525
7977,6,14,10,"Draw(CW,L0)",1,-3.33,1.1921,200,1,"-5:3;-4:140;-3:11;-2:14;-1:31;1:1",-3.905
7977,6,14,11,"Draw(CCW,L0)",1,-3.31,1.32057,200,1,"-5:14;-4:123;-3:15;-2:13;-1:32;1:3",-3.47
7977,6,14,12,"Draw(CW,L1)",1,-2.925,1.1702,200,1,"-5:3;-4:78;-3:60;-2:21;-1:37;1:1",-3.36
7977,6,14,13,"Draw(CCW,L1)",1,-3.2,1.26886,200,1,"-5:1;-4:136;-3:11;-2:6;-1:46",-4
7977,6,14,14,"Draw(CW,L2)",1,-3.105,1.32815,200,1,"-6:1;-5:1;-4:127;-3:12;-2:7;-1:52",-4
7977,6,14,15,"Draw(CCW,L2)",1,-3.165,1.34081,200,1,"-6:1;-5:3;-4:133;-3:5;-2:7;-1:51",-4
7977,6,14,16,"Draw(CW,L3)",1,-3.145,1.30919,200,1,"-5:5;-4:125;-3:12;-2:10;-1:48",-4
7977,6,14,17,"Draw(CCW,L3)",1,-3.14,1.33056,200,1,"-6:1;-5:2;-4:130;-3:9;-2:7;-1:51",-4
7977,6,14,18,"Draw(CW,L4)",1,-3.78,0.866949,200,1,"-7:1;-6:2;-5:3;-4:170;-3:7;-2:4;-1:13",-4
7977,6,14,19,"Draw(CCW,L4)",1,-3.765,0.76143,200,1,"-6:1;-5:1;-4:174;-3:8;-2:6;-1:10",-4
7977,6,14,20,"Draw(CW,L5)",1,-3.3,1.29228,200,1,"-6:2;-5:5;-4:135;-3:11;-2:3;-1:44",-4
7977,6,14,21,"Draw(CCW,L5)",1,-3.08,1.40129,200,1,"-6:3;-5:2;-4:124;-3:7;-2:7;-1:57",-4
7977,6,14,22,"Draw(CW,L6)",1,-3.2,1.31149,200,1,"-6:1;-5:2;-4:135;-3:9;-2:4;-1:49",-4
7977,6,14,23,"Draw(CCW,L6)",1,-3.415,1.18439,200,1,"-6:3;-5:1;-4:145;-3:11;-2:7;-1:33",-4
7977,6,14,24,"Draw(CW,L7)",1,-3.25,1.25599,200,1,"-5:4;-4:134;-3:13;-2:6;-1:43",-4
7977,6,14,25,"Draw(CCW,L7)",1,-2.18,0.96312,200,1,"-5:2;-4:33;-3:3;-2:123;-1:39",-2.46
7977,6,14,26,"PreGuard(CW,G3)",2,-3.04,1.35218,200,1,"-6:1;-5:3;-4:117;-3:16;-2:8;-1:55",-4
7977,6,14,27,"PreGuard(CCW,G3)",2,-3.015,1.38375,200,1,"-6:1;-5:3;-4:118;-3:14;-2:4;-1:60",-4
7977,6,14,28,"PreGuard(CW,G4)",2,-3.64,0.922171,200,1,"-4:172;-3:2;-2:8;-1:18",-4
7977,6,14,29,"PreGuard(CCW,G4)",2,-3.71,0.869425,200,1,"-4:179;-3:2;-2:1;-1:18",-4
7977,6,14,30,"PreGuard(CW,G5)",2,-3.21,1.26329,200,1,"-4:140;-3:7;-2:8;-1:45",-4
7977,6,14,31,"PreGuard(CCW,G5)",2,-3.335,1.20531,200,1,"-6:2;-4:141;-3:14;-2:6;-1:37",-4
7977,6,14,32,"Hit(CW,1,TOUCH)",3,-3.5,1.08167,200,1,"-5:4;-4:154;-3:6;-2:10;-1:26",-3.93
7977,6,14,33,"Hit(CCW,1,TOUCH)",3,-3.795,1.176,200,1,"-6:2;-5:40;-4:122;-3:11;-2:3;-1:21;1:1",-4.055
7977,6,14,34,"Hit(CW,1,WEAK)",3,-2.14,1.53636,200,1,"-7:1;-5:9;-4:32;-3:27;-2:76;-1:35;1:20",-2.73
7977,6,14,35,"Hit(CCW,1,WEAK)",3,-2.615,1.47539,200,1,"-5:12;-4:64;-3:35;-2:25;-1:58;1:6",-2.72
7977,6,14,36,"Hit(CW,1,MIDDLE)",3,-2.46,1.52591,200,1,"-6:3;-5:16;-4:36;-3:39;-2:45;-1:52;1:9",-2.43
7977,6,14,37,"Hit(CCW,1,MIDDLE)",3,-1.755,1.48828,200,1,"-6:1;-5:4;-4:17;-3:40;-2:49;-1:65;1:22;2:2",-1.825
7977,6,14,38,"Hit(CW,1,STRONG)",3,-2.4,1.54596,200,1,"-6:2;-5:13;-4:37;-3:47;-2:39;-1:49;1:13",-2.335
7977,6,14,39,"Hit(CCW,1,STRONG)",3,-1.765,1.55556,200,1,"-5:5;-4:22;-3:44;-2:35;-1:66;1:28",-1.79
7977,6,14,40,"Freeze(CW,1)",4,-3.52,1.03904,200,1,"-5:3;-4:155;-3:8;-2:11;-1:23",-3.94
7977,6,14,41,"Freeze(CCW,1)",4,-3.825,0.95623,200,1,"-6:2;-5:25;-4:142;-3:11;-2:7;-1:13",-3.985
7977,6,14,42,"Hit(CW,3,TOUCH)",3,-3.325,1.26861,200,1,"-6:4;-5:3;-4:134;-3:9;-2:13;-1:37",-3.845
7977,6,14,43,"Hit(CCW,3,TOUCH)",3,-3.18,1.57721,200,1,"-7:1;-5:37;-4:83;-3:11;-2:17;-1:48;1:3",-3.12
7977,6,14,44,"Hit(CW,3,WEAK)",3,-2.455,1.67868,200,1,"-6:1;-5:20;-4:53;-3:23;-2:25;-1:66;1:12",-2.385
7977,6,14,45,"Hit(CCW,3,WEAK)",3,-3.68,1.08517,200,1,"-6:9;-5:20;-4:104;-3:43;-2:15;-1:8;1:1",-3.615
7977,6,14,46,"Hit(CW,3,MIDDLE)",3,-3.5,1.29615,200,1,"-8:1;-7:2;-6:4;-5:27;-4:83;-3:41;-2:22;-1:20",-3.51
7977,6,14,47,"Hit(CCW,3,MIDDLE)",3,-2.405,1.53655,200,1,"-6:1;-5:13;-4:45;-3:37;-2:37;-1:56;1:11",-2.21
7977,6,14,48,"Hit(CW,3,STRONG)",3,-3.495,1.19999,200,1,"-7:1;-6:6;-5:19;-4:92;-3:46;-2:23;-1:11;1:2",-3.445
7977,6,14,49,"Hit(CCW,3,STRONG)",3,-2.41,1.42545,200,1,"-5:6;-4:47;-3:51;-2:37;-1:48;1:11",-2.425
7977,6,14,50,"Freeze(CW,3)",4,-3.51,1.08623,200,1,"-6:1;-5:2;-4:154;-3:10;-2:9;-1:23;1:1",-3.885
7977,6,14,51,"Freeze(CCW,3)",4,-3.04,1.62123,200,1,"-7:1;-6:2;-5:22;-4:92;-3:11;-2:20;-1:45;1:7",-2.995
7977,6,14,52,"Hit(CW,5,TOUCH)",3,-3.065,1.42154,200,1,"-7:2;-6:2;-5:11;-4:95;-3:18;-2:28;-1:43;1:1",-2.965
7977,6,14,53,"Hit(CCW,5,TOUCH)",3,-2.705,1.20332,200,1,"-5:8;-4:46;-3:79;-2:13;-1:54",-3.335
7977,6,14,54,"Hit(CW,5,WEAK)",3,-3.245,1.09315,200,1,"-6:3;-5:8;-4:79;-3:78;-2:13;-1:17;1:2",-3.345
7977,6,14,55,"Hit(CCW,5,WEAK)",3,-2.35,1.38112,200,1,"-5:1;-4:39;-3:63;-2:51;-1:35;1:6;2:4;3:1",-2.86
7977,6,14,56,"Hit(CW,5,MIDDLE)",3,-2.03,1.2406,200,1,"-5:1;-4:22;-3:46;-2:69;-1:50;1:11;2:1",-2.42
7977,6,14,57,"Hit(CCW,5,MIDDLE)",3,-3.13,1.14153,200,1,"-6:2;-5:3;-4:92;-3:51;-2:30;-1:20;1:2",-3.355
7977,6,14,58,"Hit(CW,5,STRONG)",3,-1.745,1.18321,200,1,"-4:9;-3:43;-2:70;-1:61;1:17",-2.33
7977,6,14,59,"Hit(CCW,5,STRONG)",3,-3.21,1.25136,200,1,"-7:1;-6:5;-5:11;-4:81;-3:47;-2:32;-1:22;1:1",-3.425
7977,6,14,60,"Freeze(CW,5)",4,-3.355,1.26845,200,1,"-6:3;-5:9;-4:131;-3:3;-2:21;-1:33",-3.67
7977,6,14,61,"Freeze(CCW,5)",4,-2.99,1.33038,200,1,"-5:3;-4:111;-3:23;-2:7;-1:56",-3.825
7977,6,14,62,"Hit(CW,7,TOUCH)",3,-3.38,1.17712,200,1,"-6:1;-5:4;-4:143;-3:4;-2:18;-1:30",-3.9
7977,6,14,63,"Hit(CCW,7,TOUCH)",3,-3.53,1.13978,200,1,"-6:2;-5:7;-4:147;-3:11;-2:7;-1:25;1:1",-4.01
7977,6,14,64,"Hit(CW,7,WEAK)",3,-2.25,1.58981,200,1,"-6:2;-5:5;-4:52;-3:24;-2:52;-1:47;1:18",-2.835
7977,6,14,65,"Hit(CCW,7,WEAK)",3,-2.46,1.51275,200,1,"-5:12;-4:51;-3:35;-2:45;-1:45;1:12",-2.98
7977,6,14,66,"Hit(CW,7,MIDDLE)",3,-2.42,1.69812,200,1,"-6:4;-5:14;-4:43;-3:38;-2:36;-1:50;1:14;4:1",-2.495
7977,6,14,67,"Hit(CCW,7,MIDDLE)",3,-2.365,1.38988,200,1,"-5:3;-4:46;-3:54;-2:37;-1:49;1:11",-2.605
7977,6,14,68,"Hit(CW,7,STRONG)",3,-2.25,1.49583,200,1,"-6:1;-5:6;-4:43;-3:35;-2:47;-1:57;1:10;4:1",-2.335
7977,6,14,69,"Hit(CCW,7,STRONG)",3,-2.12,1.50187,200,1,"-5:4;-4:37;-3:47;-2:40;-1:54;1:17;2:1",-2.54
7977,6,14,70,"Freeze(CW,7)",4,-3.505,1.09543,200,1,"-5:6;-4:151;-3:8;-2:8;-1:27",-3.93
7977,6,14,71,"Freeze(CCW,7)",4,-3.605,0.984365,200,1,"-5:5;-4:159;-3:8;-2:8;-1:20",-4
7977,6,14,72,"Hit(CW,9,TOUCH)",3,-2.505,1.51986,200,1,"-6:2;-5:4;-4:84;-3:8;-2:9;-1:92;1:1",-2.81
7977,6,14,73,"Hit(CCW,9,TOUCH)",3,-2.905,1.6081,200,1,"-7:4;-6:2;-5:15;-4:81;-3:12;-2:24;-1:60;1:2",-2.51
7977,6,14,74,"Hit(CW,9,WEAK)",3,-2.97,1.35982,200,1,"-6:2;-5:15;-4:67;-3:56;-2:17;-1:40;1:3",-3.04
7977,6,14,75,"Hit(CCW,9,WEAK)",3,-3.875,1.24474,200,1,"-8:1;-7:3;-6:8;-5:35;-4:105;-3:23;-2:9;-1:16",-3.835
7977,6,14,76,"Hit(CW,9,MIDDLE)",3,-3.795,1.42582,200,1,"-8:1;-7:5;-6:12;-5:32;-4:79;-3:48;-2:9;-1:10;1:4",-3.635
7977,6,14,77,"Hit(CCW,9,MIDDLE)",3,-2.56,1.6237,200,1,"-6:3;-5:14;-4:45;-3:45;-2:46;-1:34;1:12;5:1",-2.35
7977,6,14,78,"Hit(CW,9,STRONG)",3,-3.835,1.42751,200,1,"-7:5;-6:12;-5:37;-4:86;-3:37;-2:5;-1:14;1:4",-3.815
7977,6,14,79,"Hit(CCW,9,STRONG)",3,-2.445,1.55466,200,1,"-6:1;-5:11;-4:44;-3:53;-2:32;-1:44;1:15",-2.25
7977,6,14,80,"Freeze(CW,9)",4,-2.545,1.4724,200,1,"-5:1;-4:91;-3:7;-2:27;-1:70;1:3;2:1",-3.01
7977,6,14,81,"Freeze(CCW,9)",4,-2.99,1.3928,200,1,"-6:1;-5:10;-4:101;-3:15;-2:22;-1:50;1:1",-3.125
7977,6,14,82,"Hit(CW,11,TOUCH)",3,-3.785,1.06713,200,1,"-6:5;-5:18;-4:149;-3:6;-2:1;-1:21",-4.06
7977,6,14,83,"Hit(CCW,11,TOUCH)",3,-3.3,1.27671,200,1,"-6:1;-5:2;-4:144;-3:5;-2:7;-1:40;1:1",-4
7977,6,14,84,"Hit(CW,11,WEAK)",3,-2.935,1.8223,200,1,"-8:1;-7:1;-6:11;-5:29;-4:45;-3:34;-2:16;-1:55;1:8",-2.365
7977,6,14,85,"Hit(CCW,11,WEAK)",3,-3.45,1.51245,200,1,"-8:3;-6:10;-5:18;-4:94;-3:25;-2:19;-1:29;1:2",-2.92
7977,6,14,86,"Hit(CW,11,MIDDLE)",3,-3.29,1.62662,200,1,"-7:6;-6:8;-5:16;-4:81;-3:33;-2:21;-1:29;1:6",-2.71
7977,6,14,87,"Hit(CCW,11,MIDDLE)",3,-2.94,1.799,200,1,"-7:5;-6:1;-5:28;-4:59;-3:34;-2:24;-1:35;1:14",-2.615
7977,6,14,88,"Hit(CW,11,STRONG)",3,-3.315,1.50857,200,1,"-7:3;-6:6;-5:20;-4:85;-3:37;-2:16;-1:28;1:5",-2.92
7977,6,14,89,"Hit(CCW,11,STRONG)",3,-2.55,1.86481,200,1,"-7:2;-6:5;-5:20;-4:40;-3:50;-2:15;-1:47;1:21",-2.465
7977,6,14,90,"Freeze(CW,11)",4,-3.63,1.05976,200,1,"-6:2;-5:6;-4:159;-3:5;-2:7;-1:20;1:1",-4
7977,6,14,91,"Freeze(CCW,11)",4,-3.435,1.24731,200,1,"-6:1;-5:6;-4:150;-3:3;-2:6;-1:32;1:2",-4
7977,6,14,92,"Hit(CW,13,TOUCH)",3,-3.62,1.03228,200,1,"-6:2;-5:5;-4:158;-3:7;-2:6;-1:22",-4
7977,6,14,93,"Hit(CCW,13,TOUCH)",3,-3.68,0.93145,200,1,"-6:2;-5:2;-4:166;-3:7;-2:6;-1:17",-4
7977,6,14,94,"Hit(CW,13,WEAK)",3,-3.59,1.26961,200,1,"-7:1;-6:6;-5:33;-4:86;-3:42;-2:8;-1:24",-3.55
7977,6,14,95,"Hit(CCW,13,WEAK)",3,-3.285,1.61052,200,1,"-7:1;-6:10;-5:31;-4:66;-3:39;-2:11;-1:37;1:5",-2.905
7977,6,14,96,"Hit(CW,13,MIDDLE)",3,-2.92,1.93225,200,1,"-7:4;-6:8;-5:38;-4:38;-3:32;-2:14;-1:54;1:12",-1.92
7977,6,14,97,"Hit(CCW,13,MIDDLE)",3,-3.76,1.45685,200,1,"-7:6;-6:14;-5:30;-4:80;-3:39;-2:14;-1:14;1:3",-3.72
7977,6,14,98,"Hit(CW,13,STRONG)",3,-2.8,1.99499,200,1,"-7:6;-6:8;-5:30;-4:34;-3:39;-2:18;-1:48;1:17",-1.83
7977,6,14,99,"Hit(CCW,13,STRONG)",3,-3.81,1.45048,200,1,"-7:9;-6:5;-5:40;-4:84;-3:33;-2:11;-1:15;1:3",-3.78
7977,6,14,100,"Freeze(CW,13)",4,-3.57,1.0794,200,1,"-6:2;-5:5;-4:154;-3:8;-2:6;-1:25",-4
7977,6,14,101,"Freeze(CCW,13)",4,-3.535,1.07646,200,1,"-6:1;-5:3;-4:157;-3:6;-2:7;-1:26",-4
7977,6,14,102,"PostGuard(CW,0,0)",7,-3.685,0.892062,200,1,"-6:1;-5:3;-4:165;-3:9;-2:7;-1:15",-4
7977,6,14,103,"PostGuard(CCW,0,0)",7,-3.57,1.11584,200,1,"-6:1;-5:6;-4:156;-3:8;-2:5;-1:22;1:2",-3.95
7977,6,14,104,"PostGuard(CW,0,1)",7,-3.58,1.04575,200,1,"-6:1;-5:5;-4:155;-3:12;-2:2;-1:25",-4
7977,6,14,105,"PostGuard(CCW,0,1)",7,-3.785,0.754172,200,1,"-5:1;-4:182;-3:2;-2:3;-1:12",-4
7977,6,14,106,"PostGuard(CW,0,2)",7,-3.36,1.24916,200,1,"-6:1;-5:3;-4:149;-3:2;-2:4;-1:41",-4
7977,6,14,107,"PostGuard(CCW,0,2)",7,-3.3,1.24097,200,1,"-5:2;-4:146;-3:3;-2:8;-1:41",-4
7977,6,14,108,"PostGuard(CW,2,0)",7,-3.035,1.387,200,1,"-6:1;-5:2;-4:126;-3:3;-2:10;-1:58",-4
7977,6,14,109,"PostGuard(CCW,2,0)",7,-3.18,1.3666,200,1,"-6:2;-5:7;-4:125;-3:7;-2:9;-1:50",-4
7977,6,14,110,"PostGuard(CW,2,1)",7,-3.25,1.31814,200,1,"-6:2;-5:3;-4:136;-3:9;-2:2;-1:48",-4
7977,6,14,111,"PostGuard(CCW,2,1)",7,-3.03,1.39968,200,1,"-6:1;-5:4;-4:121;-3:8;-2:6;-1:60",-4
7977,6,14,112,"PostGuard(CW,2,2)",7,-3.15,1.30288,200,1,"-6:1;-4:133;-3:8;-2:10;-1:48",-4
7977,6,14,113,"PostGuard(CCW,2,2)",7,-3.265,1.25888,200,1,"-5:3;-4:140;-3:7;-2:7;-1:43",-4
7977,6,14,114,"PostGuard(CW,4,0)",7,-3.33,1.22927,200,1,"-6:1;-5:3;-4:143;-3:4;-2:12;-1:37",-3.98
7977,6,14,115,"PostGuard(CCW,4,0)",7,-3.565,1.0372,200,1,"-5:3;-4:161;-3:8;-2:2;-1:26",-4
7977,6,14,116,"PostGuard(CW,4,1)",7,-3.39,1.2198,200,1,"-6:1;-5:4;-4:147;-3:6;-2:4;-1:38",-4
7977,6,14,117,"PostGuard(CCW,4,1)",7,-3.64,1.03942,200,1,"-6:4;-5:4;-4:156;-3:9;-2:6;-1:21",-4
7977,6,14,118,"PostGuard(CW,4,2)",7,-3.535,1.04822,200,1,"-6:2;-5:3;-4:150;-3:11;-2:13;-1:21",-4
7977,6,14,119,"PostGuard(CCW,4,2)",7,-3.605,1.00448,200,1,"-6:3;-5:2;-4:157;-3:6;-2:15;-1:17",-4
7977,6,14,120,"PostGuard(CW,6,0)",7,-3.39,1.148,200,1,"-5:3;-4:145;-3:11;-2:9;-1:32",-4
7977,6,14,121,"PostGuard(CCW,6,0)",7,-3.605,0.948143,200,1,"-5:2;-4:162;-3:10;-2:7;-1:19",-4
7977,6,14,122,"PostGuard(CW,6,1)",7,-3.815,0.68613,200,1,"-4:185;-3:3;-2:2;-1:10",-4
7977,6,14,123,"PostGuard(CCW,6,1)",7,-3.81,0.764133,200,1,"-6:2;-5:1;-4:179;-3:4;-2:3;-1:11",-4
7977,6,14,124,"PostGuard(CW,6,2)",7,-3.745,0.80621,200,1,"-5:2;-4:176;-3:4;-2:5;-1:13",-4
7977,6,14,125,"PostGuard(CCW,6,2)",7,-3.635,0.933689,200,1,"-4:171;-3:5;-2:4;-1:20",-4
7977,6,14,126,"PostGuard(CW,8,0)",7,-3.715,0.868202,200,1,"-6:2;-5:2;-4:165;-3:14;-2:2;-1:15",-4
7977,6,14,127,"PostGuard(CCW,8,0)",7,-3.605,1.02907,200,1,"-6:1;-5:1;-4:169;-3:1;-2:3;-1:25",-4
7977,6,14,128,"PostGuard(CW,8,1)",7,-3.52,1.11786,200,1,"-6:2;-5:3;-4:154;-3:8;-2:4;-1:29",-4
7977,6,14,129,"PostGuard(CCW,8,1)",7,-3.655,0.987914,200,1,"-5:7;-4:163;-3:6;-2:2;-1:22",-4
7977,6,14,130,"PostGuard(CW,8,2)",7,-3.575,1.02683,200,1,"-6:1;-5:3;-4:158;-3:9;-2:6;-1:23",-4
7977,6,14,131,"PostGuard(CCW,8,2)",7,-3.615,0.988319,200,1,"-5:6;-4:158;-3:10;-2:5;-1:21",-4
7977,6,14,132,"PostGuard(CW,10,0)",7,-3.195,1.28724,200,1,"-5:3;-4:134;-3:8;-2:9;-1:46",-4
7977,6,14,133,"PostGuard(CCW,10,0)",7,-3.13,1.32405,200,1,"-5:3;-4:129;-3:11;-2:5;-1:52",-4
7977,6,14,134,"PostGuard(CW,10,1)",7,-3.275,1.27255,200,1,"-5:3;-4:143;-3:5;-2:4;-1:45",-4
7977,6,14,135,"PostGuard(CCW,10,1)",7,-3.205,1.34647,200,1,"-6:3;-5:2;-4:133;-3:6;-2:7;-1:49",-4
7977,6,14,136,"PostGuard(CW,10,2)",7,-3.375,1.23466,200,1,"-6:1;-5:7;-4:139;-3:10;-2:5;-1:38",-4
7977,6,14,137,"PostGuard(CCW,10,2)",7,-3.425,1.16378,200,1,"-5:4;-4:150;-3:7;-2:5;-1:34",-4
7977,6,14,138,"PostGuard(CW,12,0)",7,-3.175,1.3283,200,1,"-6:1;-5:2;-4:134;-3:8;-2:4;-1:51",-4
7977,6,14,139,"PostGuard(CCW,12,0)",7,-3.08,1.33551,200,1,"-5:4;-4:123;-3:10;-2:11;-1:52",-4
7977,6,14,140,"PostGuard(CW,12,1)",7,-3.51,1.17469,200,1,"-6:4;-5:4;-4:149;-3:6;-2:7;-1:30",-4
7977,6,14,141,"PostGuard(CCW,12,1)",7,-3.495,1.14016,200,1,"-6:2;-5:4;-4:151;-3:6;-2:8;-1:29",-4
7977,6,14,142,"PostGuard(CW,12,2)",7,-3.68,0.858836,200,1,"-5:3;-4:165;-3:11;-2:7;-1:14",-4
7977,6,14,143,"PostGuard(CCW,12,2)",7,-3.7,0.905539,200,1,"-6:1;-5:4;-4:167;-3:6;-2:6;-1:16",-4
7977,6,14,144,"Pass",0,-3.23,1.28728,200,1,"-6:1;-5:3;-4:133;-3:13;-2:4;-1:46",-4
3926,6,11,0,"Draw(CW,TEE)",1,-1,1.64317,200,1,"-6:1;-5:2;-4:6;-3:20;-2:39;-1:89;1:27;2:9;3:6;4:1",-1.05
3926,6,11,1,"Draw(CCW,TEE)",1,-1.09,1.42545,200,1,"-5:2;-4:4;-3:17;-2:54;-1:84;1:28;2:10;3:1",-1.335
3926,6,11,2,"Draw(CW,S0)",1,-0.87,1.60409,200,1,"-4:6;-3:11;-2:49;-1:92;1:24;2:12;3:2;4:2;5:1;6:1",-1.005
3926,6,11,3,"Draw(CCW,S0)",1,-0.825,1.76476,200,1,"-5:1;-4:5;-3:13;-2:62;-1:67;1:31;2:12;3:3;4:5;6:1",-1.59
3926,6,11,4,"Draw(CW,S2)",1,-0.815,1.62505,200,1,"-4:5;-3:11;-2:50;-1:89;1:26;2:10;3:5;4:2;5:2",-1
3926,6,11,5,"Draw(CCW,S2)",1,-0.785,1.57759,200,1,"-6:1;-4:5;-3:10;-2:35;-1:106;1:24;2:8;3:9;4:2",-1
3926,6,11,6,"Draw(CW,S4)",1,-0.87,1.65623,200,1,"-4:8;-3:14;-2:38;-1:99;1:22;2:12;3:2;4:2;5:3",-1.04
3926,6,11,7,"Draw(CCW,S4)",1,-1.085,1.70229,200,1,"-6:1;-5:2;-4:6;-3:21;-2:57;-1:69;1:28;2:11;3:2;4:2;5:1",-1.505
3926,6,11,8,"Draw(CW,S6)",1,-0.75,1.67556,200,1,"-4:6;-3:9;-2:37;-1:108;1:21;2:5;3:6;4:6;5:2",-1
3926,6,11,9,"Draw(CCW,S6)",1,-0.18,1.81317,200,1,"-5:1;-4:1;-3:6;-2:28;-1:93;1:31;2:22;3:10;4:5;5:3",-1
3926,6,11,10,"Draw(CW,L0)",1,-0.835,1.81873,200,1,"-4:9;-3:28;-2:32;-1:75;1:34;2:12;3:7;4:2;5:1",-1
3926,6,11,11,"Draw(CCW,L0)",1,-1.15,1.65151,200,1,"-5:2;-4:12;-3:19;-2:55;-1:68;1:29;2:11;3:4",-1.67
3926,6,11,12,"Draw(CW,L1)",1,-0.83,1.36422,200,1,"-4:2;-3:9;-2:46;-1:101;1:27;2:10;3:5",-0.93
3926,6,11,13,"Draw(CCW,L1)",1,-1.08,1.44693,200,1,"-5:1;-4:4;-3:16;-2:47;-1:104;1:15;2:7;3:3;4:2;5:1",-1
3926,6,11,14,"Draw(CW,L2)",1,-1.125,1.36359,200,1,"-4:4;-3:21;-2:46;-1:99;1:19;2:9;3:1;5:1",-1
3926,6,11,15,"Draw(CCW,L2)",1,-1.015,1.5921,200,1,"-4:9;-3:15;-2:46;-1:95;1:17;2:9;3:6;4:3",-1
3926,6,11,16,"Draw(CW,L3)",1,-0.93,1.50502,200,1,"-5:1;-4:2;-3:14;-2:42;-1:109;1:17;2:6;3:4;4:4;5:1",-1
3926,6,11,17,"Draw(CCW,L3)",1,-1.17,1.47347,200,1,"-5:1;-4:5;-3:13;-2:73;-1:77;1:17;2:8;3:4;4:2",-1
3926,6,11,18,"Draw(CW,L4)",1,-0.995,1.50166,200,1,"-5:2;-4:4;-3:14;-2:44;-1:100;1:25;2:5;3:4;4:1;6:1",-1
3926,6,11,19,"Draw(CCW,L4)",1,-0.855,1.35424,200,1,"-5:1;-4:4;-3:12;-2:29;-1:112;1:30;2:10;3:2",-1
3926,6,11,20,"Draw(CW,L5)",1,-0.935,1.55588,200,1,"-5:2;-4:2;-3:13;-2:43;-1:106;1:21;2:7;3:2;4:1;5:2;7:1",-1
3926,6,11,21,"Draw(CCW,L5)",1,-0.945,1.55948,200,1,"-4:5;-3:17;-2:47;-1:92;1:20;2:12;3:4;4:3",-1
3926,6,11,22,"Draw(CW,L6)",1,-0.97,1.61527,200,1,"-6:1;-4:7;-3:9;-2:55;-1:91;1:20;2:8;3:5;4:3;5:1",-1
3926,6,11,23,"Draw(CCW,L6)",1,-1.105,1.32438,200,1,"-6:1;-5:1;-4:2;-3:12;-2:51;-1:105;1:22;2:1;3:3;4:2",-1
3926,6,11,24,"Draw(CW,L7)",1,-1.05,1.43091,200,1,"-4:1;-3:21;-2:56;-1:87;1:21;2:8;3:5;4:1",-1
3926,6,11,25,"Draw(CCW,L7)",1,-0.54,1.68476,200,1,"-4:4;-3:5;-2:34;-1:106;1:27;2:14;3:4;4:3;6:3",-1
3926,6,11,26,"PreGuard(CW,G3)",2,-0.745,1.69999,200,1,"-6:1;-4:2;-3:14;-2:43;-1:95;1:21;2:12;3:6;4:5;5:1",-1
3926,6,11,27,"PreGuard(CCW,G3)",2,-0.89,1.6667,200,1,"-7:1;-5:1;-4:4;-3:13;-2:48;-1:91;1:20;2:13;3:7;4:1;5:1",-1
3926,6,11,28,"PreGuard(CW,G4)",2,-0.975,1.22653,200,1,"-5:1;-4:1;-3:7;-2:43;-1:122;1:16;2:4;3:5;4:1",-1
3926,6,11,29,"PreGuard(CCW,G4)",2,-1.035,1.14183,200,1,"-6:1;-3:11;-2:36;-1:130;1:14;2:4;3:4",-1
3926,6,11,30,"PreGuard(CW,G5)",2,-1.08,1.4084,200,1,"-5:1;-4:2;-3:18;-2:51;-1:98;1:16;2:8;3:5;4:1",-1
3926,6,11,31,"PreGuard(CCW,G5)",2,-0.905,1.6174,200,1,"-5:3;-4:3;-3:12;-2:49;-1:93;1:19;2:11;3:8;4:2",-1
3926,6,11,32,"Hit(CW,0,TOUCH)",3,-0.945,1.69469,200,1,"-4:6;-3:24;-2:49;-1:74;1:26;2:12;3:8;5:1",-1.005
3926,6,11,33,"Hit(CCW,0,TOUCH)",3,-1.13,1.77851,200,1,"-7:1;-6:1;-5:3;-4:6;-3:18;-2:63;-1:64;1:29;2:9;3:1;4:5",-1.53
3926,6,11,34,"Hit(CW,0,WEAK)",3,-0.995,2.15754,200,1,"-7:2;-6:3;-5:2;-4:14;-3:28;-2:35;-1:49;1:45;2:13;3:6;4:2;5:1",-1.79
3926,6,11,35,"Hit(CCW,0,WEAK)",3,-0.3,1.98746,200,1,"-6:1;-5:1;-4:6;-3:10;-2:40;-1:58;1:52;2:13;3:15;4:2;6:2",-0.98
3926,6,11,36,"Hit(CW,0,MIDDLE)",3,0.32,1.95131,200,1,"-5:1;-4:1;-3:8;-2:23;-1:63;1:45;2:25;3:25;4:9",0.61
3926,6,11,37,"Hit(CCW,0,MIDDLE)",3,-1.045,2.00074,200,1,"-7:1;-6:3;-5:6;-4:14;-3:18;-2:42;-1:44;1:63;2:6;3:3",-2.28
3926,6,11,38,"Hit(CW,0,STRONG)",3,0.425,1.78728,200,1,"-4:1;-3:3;-2:19;-1:69;1:45;2:37;3:20;4:4;5:2",0.675
3926,6,11,39,"Hit(CCW,0,STRONG)",3,-0.805,2.09451,200,1,"-7:1;-6:2;-5:5;-4:16;-3:18;-2:33;-1:41;1:66;2:13;3:4;4:1",-2.155
3926,6,11,40,"Freeze(CW,0)",4,-0.955,1.55015,200,1,"-5:1;-4:3;-3:17;-2:54;-1:82;1:27;2:11;3:3;4:1;5:1",-1.015
3926,6,11,41,"Freeze(CCW,0)",4,-1.01,1.46966,200,1,"-4:1;-3:9;-2:80;-1:72;1:27;2:5;3:2;4:2;5:2",-1.25
3926,6,11,42,"Hit(CW,2,TOUCH)",3,-1.03,1.46598,200,1,"-4:6;-3:9;-2:57;-1:97;1:16;2:10;3:2;4:1;5:2",-1
3926,6,11,43,"Hit(CCW,2,TOUCH)",3,-0.475,1.98982,200,1,"-5:3;-4:4;-3:9;-2:33;-1:96;1:22;2:10;3:17;4:1;5:2;6:3",-1
3926,6,11,44,"Hit(CW,2,WEAK)",3,-0.87,1.48091,200,1,"-4:2;-3:14;-2:42;-1:104;1:24;2:8;3:3;4:1;5:1;6:1",-1
3926,6,11,45,"Hit(CCW,2,WEAK)",3,-0.87,1.48765,200,1,"-5:1;-4:3;-3:9;-2:47;-1:101;1:25;2:6;3:5;4:2;5:1",-1.07
3926,6,11,46,"Hit(CW,2,MIDDLE)",3,-0.495,1.76635,200,1,"-5:1;-4:5;-3:14;-2:37;-1:71;1:43;2:19;3:8;4:2",-1.025
3926,6,11,47,"Hit(CCW,2,MIDDLE)",3,-1.12,1.17286,200,1,"-4:5;-3:5;-2:54;-1:115;1:12;2:6;3:2;4:1",-1
3926,6,11,48,"Hit(CW,2,STRONG)",3,-0.62,1.86698,200,1,"-6:1;-5:2;-4:6;-3:11;-2:41;-1:77;1:33;2:19;3:5;4:3;5:2",-1.02
3926,6,11,49,"Hit(CCW,2,STRONG)",3,-0.935,1.7061,200,1,"-5:2;-4:3;-3:15;-2:57;-1:84;1:17;2:13;3:3;4:5;6:1",-1
3926,6,11,50,"Freeze(CW,2)",4,-0.855,1.56652,200,1,"-4:4;-3:8;-2:51;-1:101;1:18;2:5;3:10;4:2;6:1",-1
3926,6,11,51,"Freeze(CCW,2)",4,-0.455,1.74871,200,1,"-4:3;-3:11;-2:30;-1:98;1:24;2:21;3:10;4:1;5:1;7:1",-1
3926,6,11,52,"Hit(CW,4,TOUCH)",3,-0.87,1.57579,200,1,"-4:5;-3:17;-2:43;-1:89;1:30;2:10;3:3;4:2;5:1",-1.05
3926,6,11,53,"Hit(CCW,4,TOUCH)",3,-0.99,1.56522,200,1,"-6:1;-5:1;-4:4;-3:18;-2:47;-1:86;1:31;2:7;3:2;4:3",-1.26
3926,6,11,54,"Hit(CW,4,WEAK)",3,-1.255,2.14242,200,1,"-6:3;-5:11;-4:13;-3:36;-2:30;-1:45;1:44;2:12;3:5;4:1",-2.225
3926,6,11,55,"Hit(CCW,4,WEAK)",3,-0.925,1.83831,200,1,"-5:6;-4:8;-3:24;-2:37;-1:62;1:47;2:11;3:4;4:1",-1.94
3926,6,11,56,"Hit(CW,4,MIDDLE)",3,-0.635,2.01042,200,1,"-6:2;-5:1;-4:11;-3:22;-2:32;-1:52;0:1;1:56;2:16;3:3;4:1;5:3",-1.585
3926,6,11,57,"Hit(CCW,4,MIDDLE)",3,-0.695,1.93958,200,1,"-6:3;-5:1;-4:11;-3:22;-2:32;-1:48;1:66;2:12;3:4;4:1",-2.37
3926,6,11,58,"Hit(CW,4,STRONG)",3,-0.435,2.17618,200,1,"-7:1;-6:1;-5:5;-4:9;-3:21;-2:23;-1:48;1:60;2:18;3:9;4:4;5:1",-1.685
3926,6,11,59,"Hit(CCW,4,STRONG)",3,-0.31,1.85038,200,1,"-5:4;-4:7;-3:13;-2:33;-1:41;1:77;2:20;3:5",-2.37
3926,6,11,60,"Freeze(CW,4)",4,-1.08,1.51776,200,1,"-4:8;-3:19;-2:52;-1:81;1:27;2:9;3:3;4:1",-1.02
3926,6,11,61,"Freeze(CCW,4)",4,-1.015,1.67475,200,1,"-6:1;-5:1;-4:6;-3:16;-2:55;-1:81;1:21;2:11;3:4;4:4",-1.165
3926,6,11,62,"Hit(CW,6,TOUCH)",3,-0.775,1.56983,200,1,"-5:2;-4:1;-3:13;-2:34;-1:110;1:18;2:12;3:6;4:4",-1.005
3926,6,11,63,"Hit(CCW,6,TOUCH)",3,-0.815,1.55588,200,1,"-5:1;-4:4;-3:13;-2:36;-1:103;1:27;2:7;3:5;4:4",-1
3926,6,11,64,"Hit(CW,6,WEAK)",3,-0.205,1.78128,200,1,"-6:1;-4:2;-3:7;-2:36;-1:71;1:45;2:29;3:4;4:4;6:1",0.415
3926,6,11,65,"Hit(CCW,6,WEAK)",3,0.51,1.87347,200,1,"-4:3;-3:4;-2:26;-1:46;1:53;2:42;3:18;4:7;5:1",0.995
3926,6,11,66,"Hit(CW,6,MIDDLE)",3,0.25,1.83507,200,1,"-4:4;-3:8;-2:27;-1:45;1:68;2:29;3:13;4:6",-0.475
3926,6,11,67,"Hit(CCW,6,MIDDLE)",3,-0.41,1.94985,200,1,"-6:1;-5:1;-4:2;-3:14;-2:40;-1:73;1:35;2:15;3:12;4:4;5:3",-0.17
3926,6,11,68,"Hit(CW,6,STRONG)",3,0.28,1.94463,200,1,"-6:1;-5:1;-3:8;-2:26;-1:57;1:50;2:30;3:19;4:7;5:1",-0.45
3926,6,11,69,"Hit(CCW,6,STRONG)",3,-0.175,1.9556,200,1,"-5:1;-4:5;-3:9;-2:41;-1:57;1:44;2:25;3:11;4:6;5:1",-0.175
3926,6,11,70,"Freeze(CW,6)",4,-1.12,1.57658,200,1,"-5:3;-4:3;-3:20;-2:53;-1:90;1:13;2:11;3:5;4:1;5:1",-1
3926,6,11,71,"Freeze(CCW,6)",4,-1.02,1.37099,200,1,"-5:1;-4:5;-3:14;-2:43;-1:101;1:23;2:12;3:1",-1
3926,6,11,72,"Hit(CW,8,TOUCH)",3,-0.705,1.5646,200,1,"-5:1;-4:1;-3:14;-2:41;-1:91;1:31;2:12;3:8;4:1",-1.04
3926,6,11,73,"Hit(CCW,8,TOUCH)",3,-1.03,1.7202,200,1,"-4:7;-3:19;-2:69;-1:62;1:19;2:15;3:7;4:1;5:1",-1.27
3926,6,11,74,"Hit(CW,8,WEAK)",3,-0.465,1.84086,200,1,"-5:2;-4:3;-3:23;-2:34;-1:55;1:57;2:16;3:8;4:2",-1.3
3926,6,11,75,"Hit(CCW,8,WEAK)",3,-0.485,1.88408,200,1,"-5:2;-4:4;-3:16;-2:38;-1:68;1:44;2:15;3:6;4:6;5:1",-1.205
3926,6,11,76,"Hit(CW,8,MIDDLE)",3,0.57,2.03349,200,1,"-5:1;-4:1;-3:7;-2:19;-1:58;1:50;2:20;3:27;4:16;5:1",0.605
3926,6,11,77,"Hit(CCW,8,MIDDLE)",3,-0.98,1.97727,200,1,"-6:1;-5:7;-4:14;-3:25;-2:33;-1:48;1:57;2:13;3:1;4:1",-2.155
3926,6,11,78,"Hit(CW,8,STRONG)",3,0.51,1.93905,200,1,"-4:2;-3:9;-2:18;-1:53;1:57;2:27;3:23;4:9;5:2",0.71
3926,6,11,79,"Hit(CCW,8,STRONG)",3,-0.875,1.95943,200,1,"-6:2;-5:7;-4:10;-3:18;-2:37;-1:53;1:60;2:8;3:3;4:2",-2.185
3926,6,11,80,"Freeze(CW,8)",4,-0.855,1.62295,200,1,"-5:2;-4:4;-3:13;-2:51;-1:81;1:30;2:13;3:3;4:3",-1
3926,6,11,81,"Freeze(CCW,8)",4,-0.815,1.48687,200,1,"-4:2;-3:15;-2:50;-1:82;1:35;2:12;3:3;4:1",-1.01
3926,6,11,82,"Hit(CW,10,TOUCH)",3,-0.91,1.73836,200,1,"-5:1;-4:9;-3:15;-2:52;-1:75;1:25;2:14;3:6;4:3",-1
3926,6,11,83,"Hit(CCW,10,TOUCH)",3,-0.995,1.6568,200,1,"-4:7;-3:21;-2:45;-1:88;1:21;2:11;3:4;4:1;5:1;6:1",-1
3926,6,11,84,"Hit(CW,10,WEAK)",3,-1,2.1095,200,1,"-5:7;-4:10;-3:32;-2:44;-1:43;1:44;2:12;3:3;4:2;5:1;6:2",-2.13
3926,6,11,85,"Hit(CCW,10,WEAK)",3,-0.96,1.96428,200,1,"-6:2;-5:2;-4:11;-3:28;-2:48;-1:42;1:46;2:14;3:6;4:1",-2.34
3926,6,11,86,"Hit(CW,10,MIDDLE)",3,-0.67,1.99777,200,1,"-7:1;-5:3;-4:13;-3:16;-2:43;-1:40;1:63;2:15;3:4;4:1;5:1",-2.085
3926,6,11,87,"Hit(CCW,10,MIDDLE)",3,-0.31,1.89048,200,1,"-5:5;-4:3;-3:17;-2:28;-1:53;1:64;2:21;3:7;4:2",-2.155
3926,6,11,88,"Hit(CW,10,STRONG)",3,-0.885,1.9031,200,1,"-7:1;-5:4;-4:9;-3:25;-2:40;-1:51;1:55;2:9;3:5;4:1",-2.105
3926,6,11,89,"Hit(CCW,10,STRONG)",3,-0.375,2.10104,200,1,"-6:2;-5:6;-4:10;-3:15;-2:28;-1:36;1:71;2:24;3:7;4:1",-2.11
3926,6,11,90,"Freeze(CW,10)",4,-0.87,1.65018,200,1,"-6:1;-4:3;-3:14;-2:44;-1:100;1:20;2:8;3:6;4:2;6:2",-1
3926,6,11,91,"Freeze(CCW,10)",4,-0.645,1.63676,200,1,"-5:2;-4:2;-3:6;-2:45;-1:93;1:28;2:15;3:6;4:2;6:1",-1
3926,6,11,92,"PostGuard(CW,1,0)",7,-0.605,1.79693,200,1,"-5:1;-4:3;-3:7;-2:44;-1:100;1:11;2:19;3:7;4:6;5:1;6:1",-1
3926,6,11,93,"PostGuard(CCW,1,0)",7,-0.9,1.49666,200,1,"-5:1;-4:4;-3:15;-2:44;-1:92;1:26;2:14;3:4",-1
3926,6,11,94,"PostGuard(CW,1,1)",7,-0.895,1.61058,200,1,"-6:1;-5:1;-4:2;-3:11;-2:53;-1:94;1:17;2:12;3:4;4:5",-1
3926,6,11,95,"PostGuard(CCW,1,1)",7,-0.89,1.52575,200,1,"-5:1;-4:1;-3:12;-2:51;-1:99;1:18;2:9;3:5;4:3;5:1",-1
3926,6,11,96,"PostGuard(CW,1,2)",7,-0.81,1.49797,200,1,"-5:1;-4:5;-3:5;-2:39;-1:111;1:25;2:5;3:5;4:3;5:1",-1
3926,6,11,97,"PostGuard(CCW,1,2)",7,-1.015,1.44041,200,1,"-6:1;-5:1;-4:3;-3:19;-2:33;-1:109;1:19;2:14;5:1",-1
3926,6,11,98,"PostGuard(CW,3,0)",7,-1.095,1.48525,200,1,"-6:1;-5:1;-4:4;-3:15;-2:55;-1:90;1:23;2:5;3:4;4:2",-1
3926,6,11,99,"PostGuard(CCW,3,0)",7,-0.875,1.5998,200,1,"-4:3;-3:13;-2:48;-1:100;1:18;2:9;3:4;4:2;5:2;6:1",-1
3926,6,11,100,"PostGuard(CW,3,1)",7,-0.935,1.51683,200,1,"-6:1;-5:1;-4:2;-3:14;-2:46;-1:99;1:14;2:19;3:3;4:1",-1
3926,6,11,101,"PostGuard(CCW,3,1)",7,-0.835,1.58675,200,1,"-5:2;-4:4;-3:11;-2:41;-1:99;1:23;2:15;3:2;4:1;5:2",-1
3926,6,11,102,"PostGuard(CW,3,2)",7,-0.76,1.42562,200,1,"-4:3;-3:8;-2:37;-1:111;1:20;2:16;3:3;4:2",-1
3926,6,11,103,"PostGuard(CCW,3,2)",7,-1.085,1.32581,200,1,"-5:1;-4:1;-3:18;-2:44;-1:110;1:13;2:11;4:1;5:1",-1
3926,6,11,104,"PostGuard(CW,5,0)",7,-0.95,1.46544,200,1,"-4:6;-3:11;-2:43;-1:105;1:22;2:8;3:2;4:1;5:2",-1
3926,6,11,105,"PostGuard(CCW,5,0)",7,-0.855,1.51128,200,1,"-5:2;-4:2;-3:15;-2:33;-1:108;1:24;2:9;3:5;4:1;5:1",-1
3926,6,11,106,"PostGuard(CW,5,1)",7,-0.865,1.35528,200,1,"-6:1;-5:1;-4:1;-3:5;-2:44;-1:112;1:19;2:13;3:4",-1
3926,6,11,107,"PostGuard(CCW,5,1)",7,-0.945,1.51393,200,1,"-5:3;-4:3;-3:12;-2:41;-1:105;1:20;2:11;3:1;4:4",-1
3926,6,11,108,"PostGuard(CW,5,2)",7,-1.13,1.1546,200,1,"-4:3;-3:7;-2:55;-1:116;1:10;2:6;3:1;4:2",-1
3926,6,11,109,"PostGuard(CCW,5,2)",7,-0.99,1.39996,200,1,"-5:3;-4:3;-3:9;-2:42;-1:112;1:15;2:11;3:5",-1
3926,6,11,110,"PostGuard(CW,7,0)",7,-0.89,1.50595,200,1,"-4:3;-3:12;-2:46;-1:103;1:20;2:10;3:2;4:1;5:3",-1
3926,6,11,111,"PostGuard(CCW,7,0)",7,-0.88,1.49184,200,1,"-4:3;-3:10;-2:50;-1:99;1:23;2:9;3:3;4:1;5:1;6:1",-1
3926,6,11,112,"PostGuard(CW,7,1)",7,-0.965,1.47098,200,1,"-5:4;-4:4;-3:8;-2:32;-1:123;1:14;2:9;3:2;4:4",-1
3926,6,11,113,"PostGuard(CCW,7,1)",7,-1.015,1.62012,200,1,"-5:4;-4:4;-3:8;-2:48;-1:108;1:13;2:6;3:4;4:3;5:1;7:1",-1
3926,6,11,114,"PostGuard(CW,7,2)",7,-0.685,1.47166,200,1,"-3:5;-2:42;-1:114;1:18;2:11;3:6;4:3;6:1",-1
3926,6,11,115,"PostGuard(CCW,7,2)",7,-0.935,1.57505,200,1,"-6:3;-4:5;-3:7;-2:40;-1:111;1:15;2:12;3:5;4:1;5:1",-1
3926,6,11,116,"PostGuard(CW,9,0)",7,-0.825,1.49143,200,1,"-5:1;-3:10;-2:43;-1:111;1:18;2:9;3:4;4:2;5:1;6:1",-1
3926,6,11,117,"PostGuard(CCW,9,0)",7,-0.795,1.55659,200,1,"-4:3;-3:14;-2:36;-1:108;1:16;2:15;3:4;4:3;5:1",-1
3926,6,11,118,"PostGuard(CW,9,1)",7,-1.05,1.18638,200,1,"-4:3;-3:7;-2:52;-1:112;1:16;2:7;3:3",-1
3926,6,11,119,"PostGuard(CCW,9,1)",7,-1.08,1.17627,200,1,"-6:1;-3:7;-2:50;-1:124;1:8;2:5;3:3;4:2",-1
3926,6,11,120,"PostGuard(CW,9,2)",7,-0.995,1.40889,200,1,"-5:1;-4:3;-3:11;-2:39;-1:122;1:10;2:6;3:5;4:1;5:2",-1
3926,6,11,121,"PostGuard(CCW,9,2)",7,-0.895,1.36893,200,1,"-6:1;-4:4;-3:8;-2:30;-1:126;1:17;2:8;3:4;4:2",-1
3926,6,11,122,"Pass",0,-1.06,1.602,200,1,"-6:1;-5:2;-4:2;-3:16;-2:52;-1:96;1:18;2:5;3:3;4:2;5:3",-1
3883,1,14,0,"Draw(CW,TEE)",1,-0.28,0.922822,200,1,"-1:121;0:14;1:65",1
3883,1,14,1,"Draw(CCW,TEE)",1,-0.325,0.899653,200,1,"-1:124;0:17;1:59",1
3883,1,14,2,"Draw(CW,S0)",1,-0.84,0.533292,200,1,"-1:183;0:2;1:15",1
3883,1,14,3,"Draw(CCW,S0)",1,-0.825,0.560692,200,1,"-1:182;0:1;1:17",1
3883,1,14,4,"Draw(CW,S2)",1,-0.815,0.57513,200,1,"-1:181;0:1;1:18",1
3883,1,14,5,"Draw(CCW,S2)",1,-0.89,0.44486,200,1,"-1:188;0:2;1:10",1
3883,1,14,6,"Draw(CW,S4)",1,-0.62,0.765245,200,1,"-1:159;0:6;1:35",1
3883,1,14,7,"Draw(CCW,S4)",1,-0.54,0.82365,200,1,"-1:151;0:6;1:43",1
3883,1,14,8,"Draw(CW,S6)",1,-0.86,0.5004,200,1,"-1:185;0:2;1:13",1
3883,1,14,9,"Draw(CCW,S6)",1,-0.865,0.496765,200,1,"-1:186;0:1;1:13",1
3883,1,14,10,"Draw(CW,L0)",1,-0.895,0.440426,200,1,"-1:189;0:1;1:10",0.94
3883,1,14,11,"Draw(CCW,L0)",1,-0.95,0.31225,200,1,"-1:195;1:5",0.93
3883,1,14,12,"Draw(CW,L1)",1,-0.9,0.43589,200,1,"-1:190;1:10",0.96
3883,1,14,13,"Draw(CCW,L1)",1,-0.915,0.397209,200,1,"-1:191;0:1;1:8",0.955
3883,1,14,14,"Draw(CW,L2)",1,-0.915,0.384415,200,1,"-1:190;0:3;1:7",1
3883,1,14,15,"Draw(CCW,L2)",1,-0.91,0.414608,200,1,"-1:191;1:9",1
3883,1,14,16,"Draw(CW,L3)",1,-0.93,0.36756,200,1,"-1:193;1:7",0.985
3883,1,14,17,"Draw(CCW,L3)",1,-0.88,0.464327,200,1,"-1:187;0:2;1:11",0.97
3883,1,14,18,"Draw(CW,L4)",1,-0.455,0.882029,200,1,"-1:144;0:3;1:53",0.725
3883,1,14,19,"Draw(CCW,L4)",1,-0.415,0.884746,200,1,"-1:137;0:9;1:54",0.7
3883,1,14,20,"Draw(CW,L5)",1,-0.93,0.339264,200,1,"-1:191;0:4;1:5",0.99
3883,1,14,21,"Draw(CCW,L5)",1,-0.895,0.440426,200,1,"-1:189;0:1;1:10",0.99
3883,1,14,22,"Draw(CW,L6)",1,-0.91,0.402368,200,1,"-1:190;0:2;1:8",1
3883,1,14,23,"Draw(CCW,L6)",1,-0.915,0.384415,200,1,"-1:190;0:3;1:7",1
3883,1,14,24,"Draw(CW,L7)",1,-0.925,0.37333,200,1,"-1:192;0:1;1:7",0.98
3883,1,14,25,"Draw(CCW,L7)",1,-0.91,0.389744,200,1,"-1:189;0:4;1:7",0.975
3883,1,14,26,"PreGuard(CW,G3)",2,-0.98,0.14,200,1,"-1:196;0:4",0.115
3883,1,14,27,"PreGuard(CCW,G3)",2,-0.975,0.156125,200,1,"-1:195;0:5",0.15
3883,1,14,28,"PreGuard(CW,G4)",2,-0.78,0.521153,200,1,"-1:166;0:24;1:10",0
3883,1,14,29,"PreGuard(CCW,G4)",2,-0.75,0.554527,200,1,"-1:162;0:26;1:12",0
3883,1,14,30,"PreGuard(CW,G5)",2,-0.895,0.392396,200,1,"-1:185;0:9;1:6",0.165
3883,1,14,31,"PreGuard(CCW,G5)",2,-0.835,0.51747,200,1,"-1:180;0:7;1:13",0.185
3883,1,14,32,"Hit(CW,9,MIDDLE)",3,-0.985,0.121552,200,1,"-1:197;0:3",0
3883,1,14,33,"Hit(CCW,9,MIDDLE)",3,-0.935,0.317451,200,1,"-1:191;0:5;1:4",0.155
3883,1,14,34,"Hit(CW,9,STRONG)",3,-0.98,0.14,200,1,"-1:196;0:4",0.01
3883,1,14,35,"Hit(CCW,9,STRONG)",3,-0.975,0.156125,200,1,"-1:195;0:5",0.165
3883,1,14,36,"Pass",0,-0.985,0.121552,200,1,"-1:197;0:3",0
9222,7,5,0,"Draw(CW,TEE)",1,0.745,1.76635,200,1,"-4:2;-3:5;-2:16;-1:39;0:2;1:70;2:32;3:28;4:5;5:1",1
9222,7,5,1,"Draw(CCW,TEE)",1,1.21,1.77367,200,1,"-3:1;-2:16;-1:30;1:67;2:45;3:20;4:16;5:4;6:1",1
9222,7,5,2,"Draw(CW,S0)",1,1.015,1.73343,200,1,"-3:4;-2:16;-1:32;0:1;1:66;2:43;3:27;4:9;5:2",1
9222,7,5,3,"Draw(CCW,S0)",1,0.915,1.59618,200,1,"-4:1;-3:2;-2:10;-1:40;0:1;1:75;2:45;3:18;4:6;5:2",1
9222,7,5,4,"Draw(CW,S2)",1,1.425,2.19872,200,1,"-4:1;-3:3;-2:14;-1:41;1:37;2:39;3:32;4:13;5:16;6:4",1
9222,7,5,5,"Draw(CCW,S2)",1,1.605,2.09976,200,1,"-4:1;-3:5;-2:5;-1:37;1:48;2:31;3:33;4:26;5:10;6:4",1
9222,7,5,6,"Draw(CW,S4)",1,1.01,1.74066,200,1,"-3:3;-2:13;-1:40;1:69;2:32;3:29;4:13;5:1",1
9222,7,5,7,"Draw(CCW,S4)",1,0.935,1.87637,200,1,"-4:2;-3:6;-2:12;-1:39;1:63;2:38;3:28;4:8;5:3;6:1",1
9222,7,5,8,"Draw(CW,S6)",1,1.495,2.07123,200,1,"-3:2;-2:13;-1:37;1:53;2:23;3:35;4:22;5:14;6:1",1
9222,7,5,9,"Draw(CCW,S6)",1,1.34,2.13645,200,1,"-3:2;-2:19;-1:38;1:46;2:35;3:21;4:27;5:9;6:3",1
9222,7,5,10,"Draw(CW,L0)",1,0.96,1.78841,200,1,"-3:5;-2:11;-1:44;1:66;2:32;3:25;4:17",0.95
9222,7,5,11,"Draw(CCW,L0)",1,0.945,1.62542,200,1,"-3:2;-2:13;-1:39;1:73;2:44;3:19;4:8;5:2",0.935
9222,7,5,12,"Draw(CW,L1)",1,1.75,2.02423,200,1,"-3:1;-2:7;-1:33;1:57;2:31;3:29;4:23;5:12;6:7",0.99
9222,7,5,13,"Draw(CCW,L1)",1,1.23,2.01422,200,1,"-3:3;-2:15;-1:40;0:1;1:51;2:32;3:36;4:11;5:8;6:3",0.97
9222,7,5,14,"Draw(CW,L2)",1,1.84,2.03332,200,1,"-4:2;-2:8;-1:30;1:45;2:33;3:36;4:28;5:17;6:1",1
9222,7,5,15,"Draw(CCW,L2)",1,1.515,2.15633,200,1,"-4:2;-3:5;-2:6;-1:39;1:49;2:27;3:31;4:26;5:13;6:2",1
9222,7,5,16,"Draw(CW,L3)",1,1.78,2.24535,200,1,"-3:5;-2:11;-1:33;1:42;2:23;3:30;4:34;5:20;6:2",0.985
9222,7,5,17,"Draw(CCW,L3)",1,1.83,2.01273,200,1,"-3:2;-2:6;-1:36;1:37;2:37;3:35;4:34;5:10;6:3",0.975
9222,7,5,18,"Draw(CW,L4)",1,1.035,2.07696,200,1,"-4:1;-3:7;-2:13;-1:46;1:47;2:34;3:26;4:21;5:3;6:2",0.685
9222,7,5,19,"Draw(CCW,L4)",1,1.03,2.0974,200,1,"-5:1;-3:5;-2:17;-1:41;0:1;1:55;2:34;3:18;4:18;5:8;6:2",0.67
9222,7,5,20,"Draw(CW,L5)",1,1.81,2.11516,200,1,"-3:1;-2:10;-1:36;1:42;2:24;3:40;4:28;5:15;6:4",0.985
9222,7,5,21,"Draw(CCW,L5)",1,1.55,2.02423,200,1,"-3:1;-2:12;-1:41;1:36;2:36;3:36;4:28;5:10",0.985
9222,7,5,22,"Draw(CW,L6)",1,1.71,2.03615,200,1,"-2:10;-1:36;1:47;2:36;3:25;4:29;5:14;6:3",1
9222,7,5,23,"Draw(CCW,L6)",1,1.475,2.13527,200,1,"-4:1;-3:4;-2:13;-1:33;1:51;2:29;3:33;4:22;5:10;6:4",1
9222,7,5,24,"Draw(CW,L7)",1,1.76,2.1685,200,1,"-3:2;-2:6;-1:45;0:1;1:36;2:26;3:32;4:32;5:17;6:3",0.975
9222,7,5,25,"Draw(CCW,L7)",1,1.615,1.99419,200,1,"-3:2;-2:9;-1:35;1:49;2:34;3:36;4:21;5:11;6:3",0.955
9222,7,5,26,"PreGuard(CW,G3)",2,0.98,1.95694,200,1,"-4:2;-3:5;-2:13;-1:41;1:64;2:30;3:23;4:17;5:5",0.135
9222,7,5,27,"PreGuard(CCW,G3)",2,0.915,1.76855,200,1,"-3:2;-2:16;-1:44;1:66;2:33;3:26;4:10;5:3",0.085
9222,7,5,28,"PreGuard(CW,G4)",2,0.72,1.82253,200,1,"-3:4;-2:21;-1:45;1:64;2:33;3:23;4:8;6:2",0
9222,7,5,29,"PreGuard(CCW,G4)",2,0.745,1.71755,200,1,"-5:1;-4:2;-3:1;-2:14;-1:46;1:66;2:47;3:14;4:8;5:1",0.005
9222,7,5,30,"PreGuard(CW,G5)",2,0.94,1.82658,200,1,"-3:1;-2:16;-1:51;1:51;2:38;3:27;4:14;5:2",0.14
9222,7,5,31,"PreGuard(CCW,G5)",2,0.75,1.94358,200,1,"-4:2;-3:5;-2:17;-1:46;1:62;2:39;3:10;4:13;5:5;6:1",0.12
9222,7,5,32,"Hit(CW,4,MIDDLE)",3,0.9,1.74356,200,1,"-3:3;-2:14;-1:45;1:63;2:41;3:21;4:11;5:2",0
9222,7,5,33,"Hit(CCW,4,MIDDLE)",3,0.91,1.83899,200,1,"-4:1;-3:3;-2:18;-1:40;1:62;2:35;3:27;4:12;5:2",0
9222,7,5,34,"Hit(CW,4,STRONG)",3,0.815,1.83324,200,1,"-3:7;-2:13;-1:46;0:2;1:59;2:37;3:25;4:7;5:4",0
9222,7,5,35,"Hit(CCW,4,STRONG)",3,0.655,1.7424,200,1,"-3:6;-2:15;-1:50;1:69;2:29;3:23;4:7;5:1",0
9222,7,5,36,"Pass",0,0.925,1.53603,200,1,"-3:2;-2:8;-1:42;1:85;2:35;3:20;4:6;5:2",0
7881,2,15,0,"Draw(CW,TEE)",1,-1.015,0.121552,200,1,"-2:3;-1:197",-1.015
7881,2,15,1,"Draw(CCW,TEE)",1,-1.65,0.47697,200,1,"-2:130;-1:70",-1.65
7881,2,15,2,"Draw(CW,S0)",1,-1,0,200,1,"-1:200",-1
7881,2,15,3,"Draw(CCW,S0)",1,-1.315,0.464516,200,1,"-2:63;-1:137",-1.315
7881,2,15,4,"Draw(CW,S2)",1,-1.07,0.255147,200,1,"-2:14;-1:186",-1.07
7881,2,15,5,"Draw(CCW,S2)",1,-1,0,200,1,"-1:200",-1
7881,2,15,6,"Draw(CW,S4)",1,-1,0,200,1,"-1:200",-1
7881,2,15,7,"Draw(CCW,S4)",1,-1.425,0.494343,200,1,"-2:85;-1:115",-1.425
7881,2,15,8,"Draw(CW,S6)",1,-1,0,200,1,"-1:200",-1
7881,2,15,9,"Draw(CCW,S6)",1,-1,0,200,1,"-1:200",-1
7881,2,15,10,"Draw(CW,L0)",1,-1,0,200,1,"-1:200",-1
7881,2,15,11,"Draw(CCW,L0)",1,-1.255,0.435861,200,1,"-2:51;-1:149",-1.255
7881,2,15,12,"Draw(CW,L1)",1,-1.385,0.486595,200,1,"-2:77;-1:123",-1.385
7881,2,15,13,"Draw(CCW,L1)",1,-1,0,200,1,"-1:200",-1
7881,2,15,14,"Draw(CW,L2)",1,-1,0,200,1,"-1:200",-1
7881,2,15,15,"Draw(CCW,L2)",1,-1,0,200,1,"-1:200",-1
7881,2,15,16,"Draw(CW,L3)",1,-1,0,200,1,"-1:200",-1
7881,2,15,17,"Draw(CCW,L3)",1,-1,0,200,1,"-1:200",-1
7881,2,15,18,"Draw(CW,L4)",1,-1,0,200,1,"-1:200",-1
7881,2,15,19,"Draw(CCW,L4)",1,-1,0,200,1,"-1:200",-1
7881,2,15,20,"Draw(CW,L5)",1,-1,0,200,1,"-1:200",-1
7881,2,15,21,"Draw(CCW,L5)",1,-1,0,200,1,"-1:200",-1
7881,2,15,22,"Draw(CW,L6)",1,-1,0,200,1,"-1:200",-1
7881,2,15,23,"Draw(CCW,L6)",1,-1,0,200,1,"-1:200",-1
7881,2,15,24,"Draw(CW,L7)",1,-1,0,200,1,"-1:200",-1
7881,2,15,25,"Draw(CCW,L7)",1,-1,0,200,1,"-1:200",-1
7881,2,15,26,"PreGuard(CW,G3)",2,-1,0,200,1,"-1:200",-1
7881,2,15,27,"PreGuard(CCW,G3)",2,-1,0,200,1,"-1:200",-1
7881,2,15,28,"PreGuard(CW,G4)",2,-1,0,200,1,"-1:200",-1
7881,2,15,29,"PreGuard(CCW,G4)",2,-1,0,200,1,"-1:200",-1
7881,2,15,30,"PreGuard(CW,G5)",2,-1,0,200,1,"-1:200",-1
7881,2,15,31,"PreGuard(CCW,G5)",2,-1,0,200,1,"-1:200",-1
7881,2,15,32,"Hit(CW,2,TOUCH)",3,-1,0,200,1,"-1:200",-1
7881,2,15,33,"Hit(CCW,2,TOUCH)",3,-1.005,0.0705337,200,1,"-2:1;-1:199",-1.005
7881,2,15,34,"Hit(CW,2,WEAK)",3,-0.9,0.632456,200,1,"-2:9;-1:179;1:7;2:5",-0.9
7881,2,15,35,"Hit(CCW,2,WEAK)",3,-0.6,0.905539,200,1,"-2:12;-1:142;1:46",-0.6
7881,2,15,36,"Hit(CW,2,MIDDLE)",3,-0.23,1.11674,200,1,"-2:1;-1:131;1:49;2:19",-0.23
7881,2,15,37,"Hit(CCW,2,MIDDLE)",3,-0.995,0.543116,200,1,"-2:18;-1:173;1:8;2:1",-0.995
7881,2,15,38,"Hit(CW,2,STRONG)",3,-0.13,1.15892,200,1,"-2:3;-1:119;1:57;2:21",-0.13
7881,2,15,39,"Hit(CCW,2,STRONG)",3,-1,0.489898,200,1,"-2:15;-1:178;1:6;2:1",-1
7881,2,15,40,"Freeze(CW,2)",4,-1,0,200,1,"-1:200",-1
7881,2,15,41,"Freeze(CCW,2)",4,-1.035,0.18378,200,1,"-2:7;-1:193",-1.035
7881,2,15,42,"Hit(CW,4,TOUCH)",3,-1,0,200,1,"-1:200",-1
7881,2,15,43,"Hit(CCW,4,TOUCH)",3,-1.495,0.499975,200,1,"-2:99;-1:101",-1.495
7881,2,15,44,"Hit(CW,4,WEAK)",3,-0.89,0.455961,200,1,"-1:189;1:11",-0.89
7881,2,15,45,"Hit(CCW,4,WEAK)",3,-0.68,0.947418,200,1,"-2:3;-1:174;1:2;2:21",-0.68
7881,2,15,46,"Hit(CW,4,MIDDLE)",3,0.165,1.431,200,1,"-1:119;1:11;2:69;3:1",0.165
7881,2,15,47,"Hit(CCW,4,MIDDLE)",3,-0.54,0.910165,200,1,"-2:3;-1:152;1:40;2:5",-0.54
7881,2,15,48,"Hit(CW,4,STRONG)",3,0.02,1.4831,200,1,"-1:134;1:3;2:57;3:3;4:3",0.02
7881,2,15,49,"Hit(CCW,4,STRONG)",3,-0.525,0.894078,200,1,"-1:155;1:40;2:5",-0.525
7881,2,15,50,"Freeze(CW,4)",4,-1.025,0.156125,200,1,"-2:5;-1:195",-1.025
7881,2,15,51,"Freeze(CCW,4)",4,-1.76,0.427083,200,1,"-2:152;-1:48",-1.76
7881,2,15,52,"Hit(CW,6,TOUCH)",3,-1,0,200,1,"-1:200",-1
7881,2,15,53,"Hit(CCW,6,TOUCH)",3,-1,0,200,1,"-1:200",-1
7881,2,15,54,"Hit(CW,6,WEAK)",3,-0.985,0.211601,200,1,"-1:199;2:1",-0.985
7881,2,15,55,"Hit(CCW,6,WEAK)",3,-1,0,200,1,"-1:200",-1
7881,2,15,56,"Hit(CW,6,MIDDLE)",3,0.43,1.1769,200,1,"-1:76;1:86;2:38",0.43
7881,2,15,57,"Hit(CCW,6,MIDDLE)",3,-1,0,200,1,"-1:200",-1
7881,2,15,58,"Hit(CW,6,STRONG)",3,0.385,1.13436,200,1,"-1:76;1:95;2:29",0.385
7881,2,15,59,"Hit(CCW,6,STRONG)",3,-1,0,200,1,"-1:200",-1
7881,2,15,60,"Freeze(CW,6)",4,-1,0,200,1,"-1:200",-1
7881,2,15,61,"Freeze(CCW,6)",4,-1,0,200,1,"-1:200",-1
7881,2,15,62,"Hit(CW,8,TOUCH)",3,-1,0,200,1,"-1:200",-1
7881,2,15,63,"Hit(CCW,8,TOUCH)",3,-1,0,200,1,"-1:200",-1
7881,2,15,64,"Hit(CW,8,WEAK)",3,0.25,1.47224,200,1,"-2:1;-1:114;1:4;2:81",0.25
7881,2,15,65,"Hit(CCW,8,WEAK)",3,-1,0,200,1,"-1:200",-1
7881,2,15,66,"Hit(CW,8,MIDDLE)",3,-0.95,0.698212,200,1,"-2:19;-1:170;1:4;2:7",-0.95
7881,2,15,67,"Hit(CCW,8,MIDDLE)",3,0.715,0.709771,200,1,"-1:29;1:170;2:1",0.715
7881,2,15,68,"Hit(CW,8,STRONG)",3,-0.96,0.726911,200,1,"-2:24;-1:163;1:7;2:6",-0.96
7881,2,15,69,"Hit(CCW,8,STRONG)",3,0.615,0.816563,200,1,"-1:40;1:157;2:3",0.615
7881,2,15,70,"Freeze(CW,8)",4,-1,0,200,1,"-1:200",-1
7881,2,15,71,"Freeze(CCW,8)",4,-1,0,200,1,"-1:200",-1
7881,2,15,72,"Hit(CW,10,TOUCH)",3,-1,0,200,1,"-1:200",-1
7881,2,15,73,"Hit(CCW,10,TOUCH)",3,-1.005,0.0705337,200,1,"-2:1;-1:199",-1.005
7881,2,15,74,"Hit(CW,10,WEAK)",3,-1.02,0.706824,200,1,"-2:30;-1:160;1:4;2:6",-1.02
7881,2,15,75,"Hit(CCW,10,WEAK)",3,-1.145,0.796225,200,1,"-2:57;-1:132;1:5;2:6",-1.145
7881,2,15,76,"Hit(CW,10,MIDDLE)",3,-0.95,0.739932,200,1,"-2:25;-1:160;1:10;2:5",-0.95
7881,2,15,77,"Hit(CCW,10,MIDDLE)",3,-0.895,0.594958,200,1,"-2:1;-1:192;1:1;2:4;3:2",-0.895
7881,2,15,78,"Hit(CW,10,STRONG)",3,-0.97,0.847998,200,1,"-2:38;-1:143;1:13;2:6",-0.97
7881,2,15,79,"Hit(CCW,10,STRONG)",3,-0.915,0.654045,200,1,"-2:6;-1:187;1:1;2:4;3:1;4:1",-0.915
7881,2,15,80,"Freeze(CW,10)",4,-1,0,200,1,"-1:200",-1
7881,2,15,81,"Freeze(CCW,10)",4,-1,0,200,1,"-1:200",-1
7881,2,15,82,"Hit(CW,12,TOUCH)",3,-1.695,0.460407,200,1,"-2:139;-1:61",-1.695
7881,2,15,83,"Hit(CCW,12,TOUCH)",3,-1.76,0.427083,200,1,"-2:152;-1:48",-1.76
7881,2,15,84,"Hit(CW,12,WEAK)",3,0.005,1.36197,200,1,"-1:128;1:15;2:57",0.005
7881,2,15,85,"Hit(CCW,12,WEAK)",3,0.555,1.54498,200,1,"-1:96;1:16;2:73;3:15",0.555
7881,2,15,86,"Hit(CW,12,MIDDLE)",3,1.34,2.17587,200,1,"-2:1;-1:85;1:5;2:30;3:30;4:46;5:2;6:1",1.34
7881,2,15,87,"Hit(CCW,12,MIDDLE)",3,-0.54,1.07629,200,1,"-1:169;1:1;2:30",-0.54
7881,2,15,88,"Hit(CW,12,STRONG)",3,1.61,2.01442,200,1,"-1:65;1:14;2:45;3:22;4:53;5:1",1.61
7881,2,15,89,"Hit(CCW,12,STRONG)",3,-0.72,0.866949,200,1,"-1:181;1:1;2:18",-0.72
7881,2,15,90,"Freeze(CW,12)",4,-1.035,0.18378,200,1,"-2:7;-1:193",-1.035
7881,2,15,91,"Freeze(CCW,12)",4,-1.03,0.170587,200,1,"-2:6;-1:194",-1.03
7881,2,15,92,"PostGuard(CW,5,0)",7,-1,0,200,1,"-1:200",-1
7881,2,15,93,"PostGuard(CCW,5,0)",7,-1,0,200,1,"-1:200",-1
7881,2,15,94,"PostGuard(CW,5,1)",7,-1,0,200,1,"-1:200",-1
7881,2,15,95,"PostGuard(CCW,5,1)",7,-1,0,200,1,"-1:200",-1
7881,2,15,96,"PostGuard(CW,5,2)",7,-1,0,200,1,"-1:200",-1
7881,2,15,97,"PostGuard(CCW,5,2)",7,-1,0,200,1,"-1:200",-1
7881,2,15,98,"PostGuard(CW,7,0)",7,-1.16,0.366606,200,1,"-2:32;-1:168",-1.16
7881,2,15,99,"PostGuard(CCW,7,0)",7,-1.335,0.47199,200,1,"-2:67;-1:133",-1.335
7881,2,15,100,"PostGuard(CW,7,1)",7,-1,0,200,1,"-1:200",-1
7881,2,15,101,"PostGuard(CCW,7,1)",7,-1,0,200,1,"-1:200",-1
7881,2,15,102,"PostGuard(CW,7,2)",7,-1,0,200,1,"-1:200",-1
7881,2,15,103,"PostGuard(CCW,7,2)",7,-1,0,200,1,"-1:200",-1
7881,2,15,104,"PostGuard(CW,9,0)",7,-1,0,200,1,"-1:200",-1
7881,2,15,105,"PostGuard(CCW,9,0)",7,-1,0,200,1,"-1:200",-1
7881,2,15,106,"PostGuard(CW,9,1)",7,-1,0,200,1,"-1:200",-1
7881,2,15,107,"PostGuard(CCW,9,1)",7,-1,0,200,1,"-1:200",-1
7881,2,15,108,"PostGuard(CW,9,2)",7,-1,0,200,1,"-1:200",-1
7881,2,15,109,"PostGuard(CCW,9,2)",7,-1,0,200,1,"-1:200",-1
7881,2,15,110,"PostGuard(CW,11,0)",7,-1,0,200,1,"-1:200",-1
7881,2,15,111,"PostGuard(CCW,11,0)",7,-1,0,200,1,"-1:200",-1
7881,2,15,112,"PostGuard(CW,11,1)",7,-1,0,200,1,"-1:200",-1
7881,2,15,113,"PostGuard(CCW,11,1)",7,-1,0,200,1,"-1:200",-1
7881,2,15,114,"PostGuard(CW,11,2)",7,-1,0,200,1,"-1:200",-1
7881,2,15,115,"PostGuard(CCW,11,2)",7,-1,0,200,1,"-1:200",-1
7881,2,15,116,"PostGuard(CW,13,0)",7,-1,0,200,1,"-1:200",-1
7881,2,15,117,"PostGuard(CCW,13,0)",7,-1,0,200,1,"-1:200",-1
7881,2,15,118,"PostGuard(CW,13,1)",7,-1,0,200,1,"-1:200",-1
7881,2,15,119,"PostGuard(CCW,13,1)",7,-1,0,200,1,"-1:200",-1
7881,2,15,120,"PostGuard(CW,13,2)",7,-1,0,200,1,"-1:200",-1
7881,2,15,121,"PostGuard(CCW,13,2)",7,-1,0,200,1,"-1:200",-1
7881,2,15,122,"PostGuard(CW,15,0)",7,-1,0,200,1,"-1:200",-1
7881,2,15,123,"PostGuard(CCW,15,0)",7,-1,0,200,1,"-1:200",-1
7881,2,15,124,"PostGuard(CW,15,1)",7,-1,0,200,1,"-1:200",-1
7881,2,15,125,"PostGuard(CCW,15,1)",7,-1,0,200,1,"-1:200",-1
7881,2,15,126,"PostGuard(CW,15,2)",7,-1,0,200,1,"-1:200",-1
7881,2,15,127,"PostGuard(CCW,15,2)",7,-1,0,200,1,"-1:200",-1
7881,2,15,128,"Pass",0,-1,0,200,1,"-1:200",-1
6406,1,10,0,"Draw(CW,TEE)",1,-0.855,1.69823,200,1,"-5:1;-4:9;-3:21;-2:37;-1:74;1:43;2:7;3:8",-0.07
6406,1,10,1,"Draw(CCW,TEE)",1,-0.98,1.74057,200,1,"-5:1;-4:11;-3:30;-2:38;-1:59;1:46;2:13;3:2",-0.245
6406,1,10,2,"Draw(CW,S0)",1,-0.83,1.62207,200,1,"-4:8;-3:21;-2:38;-1:74;1:40;2:18;3:1",0.85
6406,1,10,3,"Draw(CCW,S0)",1,-1.325,1.69392,200,1,"-5:2;-4:16;-3:33;-2:44;-1:61;1:32;2:11;3:1",0.31
6406,1,10,4,"Draw(CW,S2)",1,-1.325,1.46266,200,1,"-4:9;-3:39;-2:41;-1:72;1:36;2:3",-2
6406,1,10,5,"Draw(CCW,S2)",1,-1.225,1.51472,200,1,"-4:10;-3:26;-2:54;-1:70;1:32;2:5;3:3",-2
6406,1,10,6,"Draw(CW,S4)",1,-0.645,1.80526,200,1,"-5:1;-4:8;-3:27;-2:24;-1:67;1:47;2:21;3:5",0.6
6406,1,10,7,"Draw(CCW,S4)",1,-1.39,1.6637,200,1,"-5:3;-4:17;-3:34;-2:39;-1:64;0:2;1:34;2:6;3:1",0.48
6406,1,10,8,"Draw(CW,S6)",1,-1.17,1.64046,200,1,"-4:12;-3:28;-2:51;-1:62;1:36;2:8;3:2;4:1",-2
6406,1,10,9,"Draw(CCW,S6)",1,-1.29,1.49195,200,1,"-4:7;-3:38;-2:45;-1:73;1:29;2:6;3:2",-2
6406,1,10,10,"Draw(CW,L0)",1,-1.03,1.7433,200,1,"-5:2;-4:11;-3:28;-2:40;-1:63;1:40;2:13;3:3",0.58
6406,1,10,11,"Draw(CCW,L0)",1,-1.24,1.81725,200,1,"-4:24;-3:26;-2:43;-1:57;1:38;2:5;3:7",-0.905
6406,1,10,12,"Draw(CW,L1)",1,-1.56,1.51208,200,1,"-5:3;-4:13;-3:36;-2:60;-1:54;1:31;2:3",-2
6406,1,10,13,"Draw(CCW,L1)",1,-1.145,1.67749,200,1,"-5:3;-4:9;-3:28;-2:51;-1:57;1:40;2:11;3:1",-2
6406,1,10,14,"Draw(CW,L2)",1,-1.595,1.70322,200,1,"-5:5;-4:18;-3:41;-2:49;-1:47;1:36;2:3;4:1",-2
6406,1,10,15,"Draw(CCW,L2)",1,-1.53,1.47279,200,1,"-5:4;-4:10;-3:36;-2:52;-1:68;1:26;2:4",-2
6406,1,10,16,"Draw(CW,L3)",1,-1.18,1.6179,200,1,"-5:1;-4:11;-3:33;-2:39;-1:67;1:44;2:3;3:1;4:1",-2
6406,1,10,17,"Draw(CCW,L3)",1,-1.125,1.54899,200,1,"-5:2;-4:7;-3:21;-2:58;-1:66;1:35;2:10;3:1",-2
6406,1,10,18,"Draw(CW,L4)",1,-1.385,1.81295,200,1,"-5:9;-4:17;-3:29;-2:38;-1:58;1:41;2:8",-2
6406,1,10,19,"Draw(CCW,L4)",1,-1.63,1.82841,200,1,"-5:6;-4:27;-3:40;-2:35;-1:49;1:36;2:6;3:1",-2
6406,1,10,20,"Draw(CW,L5)",1,-1.41,1.65889,200,1,"-5:7;-4:13;-3:27;-2:48;-1:65;1:35;2:3;3:2",-2
6406,1,10,21,"Draw(CCW,L5)",1,-1.31,1.61056,200,1,"-4:12;-3:38;-2:47;-1:59;1:39;2:2;3:2;4:1",-2
6406,1,10,22,"Draw(CW,L6)",1,-1.285,1.58233,200,1,"-5:3;-4:10;-3:28;-2:54;-1:61;1:38;2:5;3:1",-2
6406,1,10,23,"Draw(CCW,L6)",1,-1.39,1.58679,200,1,"-5:2;-4:12;-3:35;-2:54;-1:55;1:37;2:4;3:1",-2
6406,1,10,24,"Draw(CW,L7)",1,-1.34,1.63841,200,1,"-5:2;-4:16;-3:31;-2:44;-1:64;1:37;2:4;3:2",-2
6406,1,10,25,"Draw(CCW,L7)",1,-1.425,1.5506,200,1,"-5:1;-4:15;-3:35;-2:45;-1:68;1:30;2:5;3:1",-2
6406,1,10,26,"PreGuard(CW,G3)",2,-1.385,1.5706,200,1,"-5:1;-4:12;-3:36;-2:53;-1:58;1:33;2:6;3:1",-2
6406,1,10,27,"PreGuard(CCW,G3)",2,-1.415,1.62258,200,1,"-5:2;-4:17;-3:34;-2:45;-1:60;1:38;2:3;3:1",-2
6406,1,10,28,"PreGuard(CW,G4)",2,-1.645,1.87856,200,1,"-5:14;-4:23;-3:30;-2:37;-1:52;1:39;2:5",-2
6406,1,10,29,"PreGuard(CCW,G4)",2,-1.82,1.83782,200,1,"-5:10;-4:30;-3:40;-2:37;-1:44;1:35;2:3;3:1",-2
6406,1,10,30,"PreGuard(CW,G5)",2,-1.335,1.63792,200,1,"-5:4;-4:12;-3:33;-2:48;-1:55;1:45;2:3",-2
6406,1,10,31,"PreGuard(CCW,G5)",2,-1.375,1.80121,200,1,"-5:7;-4:15;-3:36;-2:38;-1:55;1:40;2:8;3:1",-2
6406,1,10,32,"Hit(CW,7,TOUCH)",3,-0.835,1.67564,200,1,"-5:2;-4:10;-3:15;-2:43;-1:66;1:51;2:10;3:3",-1.02
6406,1,10,33,"Hit(CCW,7,TOUCH)",3,-1.07,1.56688,200,1,"-5:1;-4:6;-3:28;-2:42;-1:78;1:32;2:11;3:1;4:1",-0.965
6406,1,10,34,"Hit(CW,7,WEAK)",3,-0.76,1.41506,200,1,"-4:1;-3:17;-2:32;-1:101;1:35;2:10;3:3;4:1",-0.575
6406,1,10,35,"Hit(CCW,7,WEAK)",3,-0.685,1.47166,200,1,"-4:3;-3:15;-2:32;-1:92;1:46;2:6;3:6",-0.565
6406,1,10,36,"Hit(CW,7,MIDDLE)",3,-0.495,1.46287,200,1,"-3:14;-2:28;-1:92;1:44;2:19;3:3",1.075
6406,1,10,37,"Hit(CCW,7,MIDDLE)",3,-1.02,1.55872,200,1,"-4:9;-3:25;-2:40;-1:75;0:1;1:40;2:8;3:2",-1.015
6406,1,10,38,"Hit(CW,7,STRONG)",3,-0.83,1.4146,200,1,"-4:5;-3:13;-2:39;-1:92;0:1;1:39;2:9;3:2",1.055
6406,1,10,39,"Hit(CCW,7,STRONG)",3,-0.82,1.32951,200,1,"-4:4;-3:11;-2:34;-1:104;0:2;1:35;2:8;3:2",-0.99
6406,1,10,40,"Freeze(CW,7)",4,-0.96,1.62432,200,1,"-5:2;-4:10;-3:16;-2:43;-1:77;1:38;2:11;3:3",-1.555
6406,1,10,41,"Freeze(CCW,7)",4,-0.87,1.71846,200,1,"-5:1;-4:5;-3:32;-2:34;-1:68;1:43;2:13;3:2;4:2",-1.44
6406,1,10,42,"Hit(CW,9,TOUCH)",3,-1.065,1.60959,200,1,"-4:10;-3:33;-2:32;-1:73;1:42;2:9;3:1",0.695
6406,1,10,43,"Hit(CCW,9,TOUCH)",3,-1.03,1.71438,200,1,"-5:2;-4:12;-3:28;-2:30;-1:75;1:37;2:14;3:2",0.485
6406,1,10,44,"Hit(CW,9,WEAK)",3,-0.9,1.62481,200,1,"-4:8;-3:24;-2:40;-1:70;1:46;2:9;3:2;4:1",0.28
6406,1,10,45,"Hit(CCW,9,WEAK)",3,-0.89,1.60247,200,1,"-4:9;-3:20;-2:37;-1:81;1:36;2:14;3:3",0.395
6406,1,10,46,"Hit(CW,9,MIDDLE)",3,-0.865,1.48552,200,1,"-4:2;-3:24;-2:37;-1:86;0:1;1:37;2:9;3:4",0.045
6406,1,10,47,"Hit(CCW,9,MIDDLE)",3,-0.83,1.45296,200,1,"-4:6;-3:16;-2:36;-1:87;1:47;2:6;3:2",0.115
6406,1,10,48,"Hit(CW,9,STRONG)",3,-0.815,1.57822,200,1,"-4:4;-3:20;-2:48;-1:69;1:45;2:9;3:5",-0.03
6406,1,10,49,"Hit(CCW,9,STRONG)",3,-0.78,1.57531,200,1,"-4:7;-3:17;-2:40;-1:75;1:47;2:11;3:3",0.125
6406,1,10,50,"Freeze(CW,9)",4,-0.845,1.80027,200,1,"-5:1;-4:9;-3:24;-2:46;-1:57;1:39;2:18;3:6",-1.16
6406,1,10,51,"Freeze(CCW,9)",4,-0.955,1.75299,200,1,"-5:2;-4:17;-3:15;-2:40;-1:65;1:48;2:10;3:3",-0.965
6406,1,10,52,"PostGuard(CW,8,0)",7,-1.235,1.59993,200,1,"-5:1;-4:10;-3:32;-2:51;-1:59;1:43;2:1;3:2;4:1",-2
6406,1,10,53,"PostGuard(CCW,8,0)",7,-1.28,1.56895,200,1,"-4:14;-3:29;-2:48;-1:68;1:33;2:6;3:2",-2
6406,1,10,54,"PostGuard(CW,8,1)",7,-1.335,1.70375,200,1,"-5:3;-4:14;-3:36;-2:47;-1:51;1:42;2:6;3:1",-2
6406,1,10,55,"PostGuard(CCW,8,1)",7,-1.5,1.48997,200,1,"-4:15;-3:35;-2:59;-1:56;1:31;2:4",-2
6406,1,10,56,"PostGuard(CW,8,2)",7,-1.34,1.62,200,1,"-5:4;-4:9;-3:34;-2:51;-1:59;1:37;2:4;3:2",-2
6406,1,10,57,"PostGuard(CCW,8,2)",7,-1.55,1.62404,200,1,"-5:2;-4:20;-3:37;-2:49;-1:54;1:34;2:3;3:1",-2
6406,1,10,58,"Pass",0,-1.575,1.65662,200,1,"-5:2;-4:23;-3:39;-2:44;-1:51;0:1;1:37;2:3",-2
8452,5,15,0,"Draw(CW,TEE)",1,1.385,0.486595,200,1,"1:123;2:77",1.385
8452,5,15,1,"Draw(CCW,TEE)",1,1,0,200,1,"1:200",1
8452,5,15,2,"Draw(CW,S0)",1,1.415,0.492722,200,1,"1:117;2:83",1.415
8452,5,15,3,"Draw(CCW,S0)",1,1,0,200,1,"1:200",1
8452,5,15,4,"Draw(CW,S2)",1,1,0,200,1,"1:200",1
8452,5,15,5,"Draw(CCW,S2)",1,1,0,200,1,"1:200",1
8452,5,15,6,"Draw(CW,S4)",1,1.46,0.498397,200,1,"1:108;2:92",1.46
8452,5,15,7,"Draw(CCW,S4)",1,1,0,200,1,"1:200",1
8452,5,15,8,"Draw(CW,S6)",1,1,0,200,1,"1:200",1
8452,5,15,9,"Draw(CCW,S6)",1,1,0,200,1,"1:200",1
8452,5,15,10,"Draw(CW,L0)",1,1.095,0.293215,200,1,"1:181;2:19",1.095
8452,5,15,11,"Draw(CCW,L0)",1,1,0,200,1,"1:200",1
8452,5,15,12,"Draw(CW,L1)",1,1,0,200,1,"1:200",1
8452,5,15,13,"Draw(CCW,L1)",1,1,0,200,1,"1:200",1
8452,5,15,14,"Draw(CW,L2)",1,1,0,200,1,"1:200",1
8452,5,15,15,"Draw(CCW,L2)",1,1,0,200,1,"1:200",1
8452,5,15,16,"Draw(CW,L3)",1,1,0,200,1,"1:200",1
8452,5,15,17,"Draw(CCW,L3)",1,1,0,200,1,"1:200",1
8452,5,15,18,"Draw(CW,L4)",1,1,0,200,1,"1:200",1
8452,5,15,19,"Draw(CCW,L4)",1,1,0,200,1,"1:200",1
8452,5,15,20,"Draw(CW,L5)",1,1,0,200,1,"1:200",1
8452,5,15,21,"Draw(CCW,L5)",1,1,0,200,1,"1:200",1
8452,5,15,22,"Draw(CW,L6)",1,1,0,200,1,"1:200",1
8452,5,15,23,"Draw(CCW,L6)",1,1,0,200,1,"1:200",1
8452,5,15,24,"Draw(CW,L7)",1,1,0,200,1,"1:200",1
8452,5,15,25,"Draw(CCW,L7)",1,1,0,200,1,"1:200",1
8452,5,15,26,"PreGuard(CW,G3)",2,1,0,200,1,"1:200",1
8452,5,15,27,"PreGuard(CCW,G3)",2,1,0,200,1,"1:200",1
8452,5,15,28,"PreGuard(CW,G4)",2,1,0,200,1,"1:200",1
8452,5,15,29,"PreGuard(CCW,G4)",2,1,0,200,1,"1:200",1
8452,5,15,30,"PreGuard(CW,G5)",2,1,0,200,1,"1:200",1
8452,5,15,31,"PreGuard(CCW,G5)",2,1,0,200,1,"1:200",1
8452,5,15,32,"Hit(CW,0,TOUCH)",3,1.07,0.255147,200,1,"1:186;2:14",1.07
8452,5,15,33,"Hit(CCW,0,TOUCH)",3,1,0,200,1,"1:200",1
8452,5,15,34,"Hit(CW,0,WEAK)",3,1.37,0.634902,200,1,"-1:1;1:137;2:48;3:14",1.37
8452,5,15,35,"Hit(CCW,0,WEAK)",3,-1.145,1.5537,200,1,"-3:34;-2:90;-1:12;1:63;2:1",-1.145
8452,5,15,36,"Hit(CW,0,MIDDLE)",3,-0.89,1.34458,200,1,"-3:6;-2:87;-1:48;1:57;2:1;3:1",-0.89
8452,5,15,37,"Hit(CCW,0,MIDDLE)",3,1.605,0.793079,200,1,"-1:2;1:106;2:59;3:33",1.605
8452,5,15,38,"Hit(CW,0,STRONG)",3,-0.88,1.35115,200,1,"-3:6;-2:85;-1:51;1:54;2:3;3:1",-0.88
8452,5,15,39,"Hit(CCW,0,STRONG)",3,1.43,0.803181,200,1,"-2:2;-1:1;1:128;2:44;3:25",1.43
8452,5,15,40,"Freeze(CW,0)",4,1.035,0.18378,200,1,"1:193;2:7",1.035
8452,5,15,41,"Freeze(CCW,0)",4,1,0,200,1,"1:200",1
8452,5,15,42,"Hit(CW,2,TOUCH)",3,1,0,200,1,"1:200",1
8452,5,15,43,"Hit(CCW,2,TOUCH)",3,1,0,200,1,"1:200",1
8452,5,15,44,"Hit(CW,2,WEAK)",3,1.03,0.298496,200,1,"-1:2;1:188;2:10",1.03
8452,5,15,45,"Hit(CCW,2,WEAK)",3,1.035,0.351817,200,1,"-1:3;1:184;2:13",1.035
8452,5,15,46,"Hit(CW,2,MIDDLE)",3,0.905,0.442691,200,1,"-1:10;1:189;2:1",0.905
8452,5,15,47,"Hit(CCW,2,MIDDLE)",3,0.27,1.37007,200,1,"-4:4;-3:2;-2:27;-1:24;1:132;2:11",0.27
8452,5,15,48,"Hit(CW,2,STRONG)",3,0.935,0.413249,200,1,"-2:1;-1:6;1:191;2:2",0.935
8452,5,15,49,"Hit(CCW,2,STRONG)",3,0.24,1.31621,200,1,"-4:3;-3:4;-2:24;-1:26;1:140;2:3",0.24
8452,5,15,50,"Freeze(CW,2)",4,1,0,200,1,"1:200",1
8452,5,15,51,"Freeze(CCW,2)",4,1,0,200,1,"1:200",1
8452,5,15,52,"Hit(CW,4,TOUCH)",3,1.005,0.0705337,200,1,"1:199;2:1",1.005
8452,5,15,53,"Hit(CCW,4,TOUCH)",3,1,0,200,1,"1:200",1
8452,5,15,54,"Hit(CW,4,WEAK)",3,1.065,0.246526,200,1,"1:187;2:13",1.065
8452,5,15,55,"Hit(CCW,4,WEAK)",3,1.01,0.583009,200,1,"-3:3;-1:1;1:180;2:16",1.01
8452,5,15,56,"Hit(CW,4,MIDDLE)",3,1.5,0.943398,200,1,"-3:2;-2:2;-1:1;1:108;2:58;3:29",1.5
8452,5,15,57,"Hit(CCW,4,MIDDLE)",3,1.46,0.498397,200,1,"1:108;2:92",1.46
8452,5,15,58,"Hit(CW,4,STRONG)",3,1.52,0.905318,200,1,"-2:2;-1:4;1:109;2:52;3:33",1.52
8452,5,15,59,"Hit(CCW,4,STRONG)",3,1.43,0.505074,200,1,"1:115;2:84;3:1",1.43
8452,5,15,60,"Freeze(CW,4)",4,1,0,200,1,"1:200",1
8452,5,15,61,"Freeze(CCW,4)",4,1,0,200,1,"1:200",1
8452,5,15,62,"Hit(CW,6,TOUCH)",3,1,0,200,1,"1:200",1
8452,5,15,63,"Hit(CCW,6,TOUCH)",3,1,0,200,1,"1:200",1
8452,5,15,64,"Hit(CW,6,WEAK)",3,-0.44,1.82932,200,1,"-3:56;-2:20;-1:2;1:122",-0.44
8452,5,15,65,"Hit(CCW,6,WEAK)",3,0.705,1.01881,200,1,"-3:13;-2:1;-1:2;1:184",0.705
8452,5,15,66,"Hit(CW,6,MIDDLE)",3,0.73,0.898387,200,1,"-4:2;-3:1;-2:10;-1:5;1:182",0.73
8452,5,15,67,"Hit(CCW,6,MIDDLE)",3,-1.335,1.22588,200,1,"-3:11;-2:123;-1:27;1:39",-1.335
8452,5,15,68,"Hit(CW,6,STRONG)",3,0.83,0.742361,200,1,"-4:1;-3:3;-2:2;-1:6;1:187;2:1",0.83
8452,5,15,69,"Hit(CCW,6,STRONG)",3,-1.355,1.24055,200,1,"-3:11;-2:129;-1:20;1:40",-1.355
8452,5,15,70,"Freeze(CW,6)",4,1,0,200,1,"1:200",1
8452,5,15,71,"Freeze(CCW,6)",4,1,0,200,1,"1:200",1
8452,5,15,72,"Hit(CW,8,TOUCH)",3,1,0,200,1,"1:200",1
8452,5,15,73,"Hit(CCW,8,TOUCH)",3,1,0,200,1,"1:200",1
8452,5,15,74,"Hit(CW,8,WEAK)",3,0.555,1.19874,200,1,"-3:16;-2:7;-1:2;1:175",0.555
8452,5,15,75,"Hit(CCW,8,WEAK)",3,0.76,0.649923,200,1,"-1:24;1:176",0.76
8452,5,15,76,"Hit(CW,8,MIDDLE)",3,0.39,1.19076,200,1,"-4:4;-3:3;-2:7;-1:36;1:147;2:3",0.39
8452,5,15,77,"Hit(CCW,8,MIDDLE)",3,0.26,1.35735,200,1,"-3:10;-2:34;-1:3;1:153",0.26
8452,5,15,78,"Hit(CW,8,STRONG)",3,0.37,1.24623,200,1,"-4:5;-3:3;-2:8;-1:35;1:144;2:5",0.37
8452,5,15,79,"Hit(CCW,8,STRONG)",3,0.385,1.27545,200,1,"-3:10;-2:25;-1:4;1:161",0.385
8452,5,15,80,"Freeze(CW,8)",4,1,0,200,1,"1:200",1
8452,5,15,81,"Freeze(CCW,8)",4,1,0,200,1,"1:200",1
8452,5,15,82,"Hit(CW,10,TOUCH)",3,1,0,200,1,"1:200",1
8452,5,15,83,"Hit(CCW,10,TOUCH)",3,1,0,200,1,"1:200",1
8452,5,15,84,"Hit(CW,10,WEAK)",3,1.02,0.14,200,1,"1:196;2:4",1.02
8452,5,15,85,"Hit(CCW,10,WEAK)",3,1.01,0.0994987,200,1,"1:198;2:2",1.01
8452,5,15,86,"Hit(CW,10,MIDDLE)",3,1.41,0.68695,200,1,"1:141;2:36;3:23",1.41
8452,5,15,87,"Hit(CCW,10,MIDDLE)",3,1.945,0.22798,200,1,"1:11;2:189",1.945
8452,5,15,88,"Hit(CW,10,STRONG)",3,1.39,0.622816,200,1,"1:137;2:48;3:15",1.39
8452,5,15,89,"Hit(CCW,10,STRONG)",3,1.95,0.217945,200,1,"1:10;2:190",1.95
8452,5,15,90,"Freeze(CW,10)",4,1,0,200,1,"1:200",1
8452,5,15,91,"Freeze(CCW,10)",4,1,0,200,1,"1:200",1
8452,5,15,92,"Hit(CW,12,MIDDLE)",3,0.25,1.35185,200,1,"-3:8;-2:38;-1:2;1:152",0.25
8452,5,15,93,"Hit(CCW,12,MIDDLE)",3,-1.33,1.14066,200,1,"-3:6;-2:118;-1:46;1:26;2:4",-1.33
8452,5,15,94,"Hit(CW,12,STRONG)",3,0.21,1.34755,200,1,"-3:8;-2:36;-1:9;1:147",0.21
8452,5,15,95,"Hit(CCW,12,STRONG)",3,-1.43,0.972163,200,1,"-3:7;-2:114;-1:58;1:21",-1.43
8452,5,15,96,"Peel(CW,12)",5,-1.04,1.32227,200,1,"-3:6;-2:106;-1:33;1:55",-1.04
8452,5,15,97,"Peel(CCW,12)",5,-1.575,0.89687,200,1,"-3:5;-2:139;-1:39;1:17",-1.575
8452,5,15,98,"PostGuard(CW,1,0)",7,1.005,0.0705337,200,1,"1:199;2:1",1.005
8452,5,15,99,"PostGuard(CCW,1,0)",7,1,0,200,1,"1:200",1
8452,5,15,100,"PostGuard(CW,1,1)",7,1,0,200,1,"1:200",1
8452,5,15,101,"PostGuard(CCW,1,1)",7,1,0,200,1,"1:200",1
8452,5,15,102,"PostGuard(CW,1,2)",7,1,0,200,1,"1:200",1
8452,5,15,103,"PostGuard(CCW,1,2)",7,1,0,200,1,"1:200",1
8452,5,15,104,"PostGuard(CW,3,0)",7,1,0,200,1,"1:200",1
8452,5,15,105,"PostGuard(CCW,3,0)",7,1,0,200,1,"1:200",1
8452,5,15,106,"PostGuard(CW,3,1)",7,1,0,200,1,"1:200",1
8452,5,15,107,"PostGuard(CCW,3,1)",7,1,0,200,1,"1:200",1
8452,5,15,108,"PostGuard(CW,3,2)",7,1,0,200,1,"1:200",1
8452,5,15,109,"PostGuard(CCW,3,2)",7,1,0,200,1,"1:200",1
8452,5,15,110,"PostGuard(CW,5,0)",7,1,0,200,1,"1:200",1
8452,5,15,111,"PostGuard(CCW,5,0)",7,1,0,200,1,"1:200",1
8452,5,15,112,"PostGuard(CW,5,1)",7,1,0,200,1,"1:200",1
8452,5,15,113,"PostGuard(CCW,5,1)",7,1,0,200,1,"1:200",1
8452,5,15,114,"PostGuard(CW,5,2)",7,1,0,200,1,"1:200",1
8452,5,15,115,"PostGuard(CCW,5,2)",7,1,0,200,1,"1:200",1
8452,5,15,116,"PostGuard(CW,7,0)",7,1,0,200,1,"1:200",1
8452,5,15,117,"PostGuard(CCW,7,0)",7,1,0,200,1,"1:200",1
8452,5,15,118,"PostGuard(CW,7,1)",7,1,0,200,1,"1:200",1
8452,5,15,119,"PostGuard(CCW,7,1)",7,1,0,200,1,"1:200",1
8452,5,15,120,"PostGuard(CW,7,2)",7,1,0,200,1,"1:200",1
8452,5,15,121,"PostGuard(CCW,7,2)",7,1,0,200,1,"1:200",1
8452,5,15,122,"PostGuard(CW,9,0)",7,1,0,200,1,"1:200",1
8452,5,15,123,"PostGuard(CCW,9,0)",7,1,0,200,1,"1:200",1
8452,5,15,124,"PostGuard(CW,9,1)",7,1,0,200,1,"1:200",1
8452,5,15,125,"PostGuard(CCW,9,1)",7,1,0,200,1,"1:200",1
8452,5,15,126,"PostGuard(CW,9,2)",7,1,0,200,1,"1:200",1
8452,5,15,127,"PostGuard(CCW,9,2)",7,1,0,200,1,"1:200",1
8452,5,15,128,"PostGuard(CW,11,0)",7,1,0,200,1,"1:200",1
8452,5,15,129,"PostGuard(CCW,11,0)",7,1,0,200,1,"1:200",1
8452,5,15,130,"PostGuard(CW,11,1)",7,1,0,200,1,"1:200",1
8452,5,15,131,"PostGuard(CCW,11,1)",7,1,0,200,1,"1:200",1
8452,5,15,132,"PostGuard(CW,11,2)",7,1,0,200,1,"1:200",1
8452,5,15,133,"PostGuard(CCW,11,2)",7,1,0,200,1,"1:200",1
8452,5,15,134,"PostGuard(CW,13,0)",7,1,0,200,1,"1:200",1
8452,5,15,135,"PostGuard(CCW,13,0)",7,1,0,200,1,"1:200",1
8452,5,15,136,"PostGuard(CW,13,1)",7,1,0,200,1,"1:200",1
8452,5,15,137,"PostGuard(CCW,13,1)",7,1,0,200,1,"1:200",1
8452,5,15,138,"PostGuard(CW,13,2)",7,1,0,200,1,"1:200",1
8452,5,15,139,"PostGuard(CCW,13,2)",7,1,0,200,1,"1:200",1
8452,5,15,140,"PostGuard(CW,15,0)",7,1,0,200,1,"1:200",1
8452,5,15,141,"PostGuard(CCW,15,0)",7,1,0,200,1,"1:200",1
8452,5,15,142,"PostGuard(CW,15,1)",7,1,0,200,1,"1:200",1
8452,5,15,143,"PostGuard(CCW,15,1)",7,1,0,200,1,"1:200",1
8452,5,15,144,"PostGuard(CW,15,2)",7,1,0,200,1,"1:200",1
8452,5,15,145,"PostGuard(CCW,15,2)",7,1,0,200,1,"1:200",1
8452,5,15,146,"ComeAround(CW,12,0)",6,1,0,200,1,"1:200",1
8452,5,15,147,"ComeAround(CCW,12,0)",6,1,0,200,1,"1:200",1
8452,5,15,148,"ComeAround(CW,12,1)",6,1.305,0.460407,200,1,"1:139;2:61",1.305
8452,5,15,149,"ComeAround(CCW,12,1)",6,1,0,200,1,"1:200",1
8452,5,15,150,"ComeAround(CW,12,2)",6,1.295,0.456043,200,1,"1:141;2:59",1.295
8452,5,15,151,"ComeAround(CCW,12,2)",6,1,0,200,1,"1:200",1
8452,5,15,152,"Pass",0,1,0,200,1,"1:200",1
1028,6,15,0,"Draw(CW,TEE)",1,0.73,0.71211,200,1,"-3:1;-1:25;1:174",0.73
1028,6,15,1,"Draw(CCW,TEE)",1,1,0,200,1,"1:200",1
1028,6,15,2,"Draw(CW,S0)",1,-0.11,1.46898,200,1,"-4:8;-3:12;-2:6;-1:58;1:116",-0.11
1028,6,15,3,"Draw(CCW,S0)",1,1,0,200,1,"1:200",1
1028,6,15,4,"Draw(CW,S2)",1,1,0,200,1,"1:200",1
1028,6,15,5,"Draw(CCW,S2)",1,1,0,200,1,"1:200",1
1028,6,15,6,"Draw(CW,S4)",1,0.56,0.946784,200,1,"-4:1;-3:3;-2:1;-1:34;1:161",0.56
1028,6,15,7,"Draw(CCW,S4)",1,1,0,200,1,"1:200",1
1028,6,15,8,"Draw(CW,S6)",1,0.58,0.814616,200,1,"-1:42;1:158",0.58
1028,6,15,9,"Draw(CCW,S6)",1,0.645,1.0904,200,1,"-4:2;-3:11;-2:1;-1:7;1:179",0.645
1028,6,15,10,"Draw(CW,L0)",1,-2.4,1.58745,200,1,"-4:80;-3:20;-2:32;-1:52;1:16",-2.4
1028,6,15,11,"Draw(CCW,L0)",1,1,0,200,1,"1:200",1
1028,6,15,12,"Draw(CW,L1)",1,1,0,200,1,"1:200",1
1028,6,15,13,"Draw(CCW,L1)",1,1,0,200,1,"1:200",1
1028,6,15,14,"Draw(CW,L2)",1,1,0,200,1,"1:200",1
1028,6,15,15,"Draw(CCW,L2)",1,1,0,200,1,"1:200",1
1028,6,15,16,"Draw(CW,L3)",1,1,0,200,1,"1:200",1
1028,6,15,17,"Draw(CCW,L3)",1,1,0,200,1,"1:200",1
1028,6,15,18,"Draw(CW,L4)",1,1,0,200,1,"1:200",1
1028,6,15,19,"Draw(CCW,L4)",1,1,0,200,1,"1:200",1
1028,6,15,20,"Draw(CW,L5)",1,1,0,200,1,"1:200",1
1028,6,15,21,"Draw(CCW,L5)",1,1,0,200,1,"1:200",1
1028,6,15,22,"Draw(CW,L6)",1,1,0,200,1,"1:200",1
1028,6,15,23,"Draw(CCW,L6)",1,1,0,200,1,"1:200",1
1028,6,15,24,"Draw(CW,L7)",1,0.99,0.141067,200,1,"-1:1;1:199",0.99
1028,6,15,25,"Draw(CCW,L7)",1,0.81,0.896605,200,1,"-4:4;-3:4;-1:1;1:191",0.81
1028,6,15,26,"PreGuard(CW,G3)",2,1,0,200,1,"1:200",1
1028,6,15,27,"PreGuard(CCW,G3)",2,1,0,200,1,"1:200",1
1028,6,15,28,"PreGuard(CW,G4)",2,1,0,200,1,"1:200",1
1028,6,15,29,"PreGuard(CCW,G4)",2,1,0,200,1,"1:200",1
1028,6,15,30,"PreGuard(CW,G5)",2,1,0,200,1,"1:200",1
1028,6,15,31,"PreGuard(CCW,G5)",2,1,0,200,1,"1:200",1
1028,6,15,32,"Hit(CW,0,TOUCH)",3,-0.135,1.45147,200,1,"-4:9;-3:9;-2:6;-1:64;1:112",-0.135
1028,6,15,33,"Hit(CCW,0,TOUCH)",3,1,0,200,1,"1:200",1
1028,6,15,34,"Hit(CW,0,WEAK)",3,-1.135,1.30644,200,1,"-6:1;-5:5;-4:12;-3:8;-1:149;1:25",-1.135
1028,6,15,35,"Hit(CCW,0,WEAK)",3,-0.93,1.91706,200,1,"-4:36;-3:21;-1:61;1:82",-0.93
1028,6,15,36,"Hit(CW,0,MIDDLE)",3,-2.245,2.26163,200,1,"-5:27;-4:65;-3:23;-2:8;-1:23;1:54",-2.245
1028,6,15,37,"Hit(CCW,0,MIDDLE)",3,-3.375,1.53765,200,1,"-6:5;-5:16;-4:107;-3:45;-2:9;-1:1;1:17",-3.375
1028,6,15,38,"Hit(CW,0,STRONG)",3,-2.395,2.18151,200,1,"-5:23;-4:78;-3:18;-2:11;-1:23;1:47",-2.395
1028,6,15,39,"Hit(CCW,0,STRONG)",3,-3.45,1.34443,200,1,"-6:2;-5:21;-4:106;-3:42;-2:14;-1:5;1:10",-3.45
1028,6,15,40,"Freeze(CW,0)",4,0.465,1.09944,200,1,"-4:3;-3:5;-1:36;1:156",0.465
1028,6,15,41,"Freeze(CCW,0)",4,1,0,200,1,"1:200",1
1028,6,15,42,"Hit(CW,2,TOUCH)",3,-1.885,1.66787,200,1,"-4:48;-3:40;-2:9;-1:75;1:28",-1.885
1028,6,15,43,"Hit(CCW,2,TOUCH)",3,1,0,200,1,"1:200",1
1028,6,15,44,"Hit(CW,2,WEAK)",3,-3.95,1.29904,200,1,"-6:13;-5:47;-4:109;-3:5;-1:26",-3.95
1028,6,15,45,"Hit(CCW,2,WEAK)",3,-1.345,2.34435,200,1,"-5:15;-4:49;-3:20;-2:2;-1:24;1:90",-1.345
1028,6,15,46,"Hit(CW,2,MIDDLE)",3,-2.85,1.80485,200,1,"-5:2;-4:121;-3:24;-2:7;-1:18;1:28",-2.85
1028,6,15,47,"Hit(CCW,2,MIDDLE)",3,-3.225,0.611862,200,1,"-6:1;-5:11;-4:26;-3:156;-2:6",-3.225
1028,6,15,48,"Hit(CW,2,STRONG)",3,-2.84,1.82055,200,1,"-5:2;-4:121;-3:24;-2:7;-1:17;1:29",-2.84
1028,6,15,49,"Hit(CCW,2,STRONG)",3,-3.23,0.580603,200,1,"-6:2;-5:4;-4:38;-3:150;-2:6",-3.23
1028,6,15,50,"Freeze(CW,2)",4,-0.7,1.5748,200,1,"-4:13;-3:23;-2:5;-1:84;1:75",-0.7
1028,6,15,51,"Freeze(CCW,2)",4,1,0,200,1,"1:200",1
1028,6,15,52,"Hit(CW,4,TOUCH)",3,0.82,0.804736,200,1,"-4:3;-3:2;-2:1;-1:5;1:189",0.82
1028,6,15,53,"Hit(CCW,4,TOUCH)",3,-3.675,0.84816,200,1,"-4:163;-3:25;-1:10;1:2",-3.675
1028,6,15,54,"Hit(CW,4,WEAK)",3,-1.535,2.5727,200,1,"-6:5;-5:8;-4:79;-3:5;-2:1;-1:3;1:99",-1.535
1028,6,15,55,"Hit(CCW,4,WEAK)",3,-4.41,1.29302,200,1,"-6:8;-5:111;-4:72;1:9",-4.41
1028,6,15,56,"Hit(CW,4,MIDDLE)",3,-3.805,0.82884,200,1,"-5:53;-4:55;-3:92",-3.805
1028,6,15,57,"Hit(CCW,4,MIDDLE)",3,-1.18,2.24891,200,1,"-5:7;-4:50;-3:20;-2:4;-1:26;1:93",-1.18
1028,6,15,58,"Hit(CW,4,STRONG)",3,-3.695,0.77587,200,1,"-5:39;-4:61;-3:100",-3.695
1028,6,15,59,"Hit(CCW,4,STRONG)",3,-0.83,2.15432,200,1,"-5:6;-4:37;-3:19;-2:5;-1:27;1:106",-0.83
1028,6,15,60,"Freeze(CW,4)",4,0.86,0.583438,200,1,"-3:2;-1:10;1:188",0.86
1028,6,15,61,"Freeze(CCW,4)",4,-3.285,1.06479,200,1,"-4:114;-3:56;-2:9;-1:18;1:3",-3.285
1028,6,15,62,"Hit(CW,6,TOUCH)",3,1,0,200,1,"1:200",1
1028,6,15,63,"Hit(CCW,6,TOUCH)",3,1,0,200,1,"1:200",1
1028,6,15,64,"Hit(CW,6,WEAK)",3,-1.145,1.93494,200,1,"-4:43;-3:20;-2:2;-1:64;1:71",-1.145
1028,6,15,65,"Hit(CCW,6,WEAK)",3,-1.255,1.96977,200,1,"-4:51;-3:15;-2:2;-1:65;1:67",-1.255
1028,6,15,66,"Hit(CW,6,MIDDLE)",3,-1.34,2.10817,200,1,"-5:14;-4:34;-3:8;-2:46;-1:22;1:76",-1.34
1028,6,15,67,"Hit(CCW,6,MIDDLE)",3,-1.965,2.10565,200,1,"-5:4;-4:61;-3:53;-2:8;-1:14;1:60",-1.965
1028,6,15,68,"Hit(CW,6,STRONG)",3,-1.36,2.02247,200,1,"-5:16;-4:26;-3:8;-2:50;-1:32;1:68",-1.36
1028,6,15,69,"Hit(CCW,6,STRONG)",3,-1.885,2.06198,200,1,"-5:4;-4:60;-3:43;-2:7;-1:30;1:56",-1.885
1028,6,15,70,"Freeze(CW,6)",4,1,0,200,1,"1:200",1
1028,6,15,71,"Freeze(CCW,6)",4,1,0,200,1,"1:200",1
1028,6,15,72,"Hit(CW,8,TOUCH)",3,-0.85,1.67257,200,1,"-4:17;-3:27;-2:11;-1:72;1:73",-0.85
1028,6,15,73,"Hit(CCW,8,TOUCH)",3,0.91,0.414608,200,1,"-1:9;1:191",0.91
1028,6,15,74,"Hit(CW,8,WEAK)",3,-3.925,1.29591,200,1,"-6:10;-5:50;-4:109;-3:4;-1:27",-3.925
1028,6,15,75,"Hit(CCW,8,WEAK)",3,-3.285,2.18261,200,1,"-5:75;-4:68;-3:11;-2:1;-1:10;1:35",-3.285
1028,6,15,76,"Hit(CW,8,MIDDLE)",3,-3.405,1.30421,200,1,"-6:1;-5:6;-4:135;-3:27;-2:13;-1:8;1:10",-3.405
1028,6,15,77,"Hit(CCW,8,MIDDLE)",3,-3.12,0.464327,200,1,"-6:1;-5:7;-4:8;-3:183;-2:1",-3.12
1028,6,15,78,"Hit(CW,8,STRONG)",3,-3.485,1.21234,200,1,"-6:1;-5:7;-4:134;-3:35;-2:10;-1:4;1:9",-3.485
1028,6,15,79,"Hit(CCW,8,STRONG)",3,-3.095,0.419494,200,1,"-6:1;-5:3;-4:13;-3:180;-2:3",-3.095
1028,6,15,80,"Freeze(CW,8)",4,0.46,1.07629,200,1,"-4:1;-3:7;-2:1;-1:36;1:155",0.46
1028,6,15,81,"Freeze(CCW,8)",4,1,0,200,1,"1:200",1
1028,6,15,82,"Hit(CW,10,TOUCH)",3,0.98,0.198997,200,1,"-1:2;1:198",0.98
1028,6,15,83,"Hit(CCW,10,TOUCH)",3,0.86,0.678528,200,1,"-3:5;-1:4;1:191",0.86
1028,6,15,84,"Hit(CW,10,WEAK)",3,0.72,1.03034,200,1,"-5:2;-4:4;-3:1;-1:10;1:183",0.72
1028,6,15,85,"Hit(CCW,10,WEAK)",3,0.565,1.32128,200,1,"-4:14;-2:1;-1:7;1:178",0.565
1028,6,15,86,"Hit(CW,10,MIDDLE)",3,-2.67,1.95987,200,1,"-5:22;-4:78;-3:34;-2:8;-1:26;1:32",-2.67
1028,6,15,87,"Hit(CCW,10,MIDDLE)",3,-0.24,2.12424,200,1,"-5:18;-4:15;-3:6;-2:3;-1:16;1:142",-0.24
1028,6,15,88,"Hit(CW,10,STRONG)",3,-2.63,2.02561,200,1,"-5:21;-4:78;-3:39;-2:6;-1:18;1:38",-2.63
1028,6,15,89,"Hit(CCW,10,STRONG)",3,-0.015,1.78739,200,1,"-5:10;-4:10;-3:5;-2:3;-1:32;1:140",-0.015
1028,6,15,90,"Freeze(CW,10)",4,1,0,200,1,"1:200",1
1028,6,15,91,"Freeze(CCW,10)",4,0.975,0.253722,200,1,"-2:1;-1:1;1:198",0.975
1028,6,15,92,"Hit(CW,12,TOUCH)",3,-1.49,1.46966,200,1,"-4:15;-3:50;-2:17;-1:86;1:32",-1.49
1028,6,15,93,"Hit(CCW,12,TOUCH)",3,-0.245,1.2349,200,1,"-3:12;-2:7;-1:90;1:91",-0.245
1028,6,15,94,"Hit(CW,12,WEAK)",3,-4.355,0.590741,200,1,"-6:12;-5:47;-4:141",-4.355
1028,6,15,95,"Hit(CCW,12,WEAK)",3,-4.78,0.426146,200,1,"-6:1;-5:154;-4:45",-4.78
1028,6,15,96,"Hit(CW,12,MIDDLE)",3,-3.425,0.724137,200,1,"-5:19;-4:56;-3:116;-2:9",-3.425
1028,6,15,97,"Hit(CCW,12,MIDDLE)",3,-3.735,0.731283,200,1,"-5:34;-4:79;-3:87",-3.735
1028,6,15,98,"Hit(CW,12,STRONG)",3,-3.415,0.84426,200,1,"-6:2;-5:27;-4:37;-3:120;-2:14",-3.415
1028,6,15,99,"Hit(CCW,12,STRONG)",3,-3.75,0.739932,200,1,"-5:36;-4:78;-3:86",-3.75
1028,6,15,100,"Freeze(CW,12)",4,0.645,0.799359,200,1,"-3:1;-2:1;-1:32;1:166",0.645
1028,6,15,101,"Freeze(CCW,12)",4,0.95,0.31225,200,1,"-1:5;1:195",0.95
1028,6,15,102,"PostGuard(CW,1,0)",7,0.98,0.198997,200,1,"-1:2;1:198",0.98
1028,6,15,103,"PostGuard(CCW,1,0)",7,1,0,200,1,"1:200",1
1028,6,15,104,"PostGuard(CW,1,1)",7,1,0,200,1,"1:200",1
1028,6,15,105,"PostGuard(CCW,1,1)",7,1,0,200,1,"1:200",1
1028,6,15,106,"PostGuard(CW,1,2)",7,1,0,200,1,"1:200",1
1028,6,15,107,"PostGuard(CCW,1,2)",7,1,0,200,1,"1:200",1
1028,6,15,108,"PostGuard(CW,3,0)",7,1,0,200,1,"1:200",1
1028,6,15,109,"PostGuard(CCW,3,0)",7,1,0,200,1,"1:200",1
1028,6,15,110,"PostGuard(CW,3,1)",7,1,0,200,1,"1:200",1
1028,6,15,111,"PostGuard(CCW,3,1)",7,1,0,200,1,"1:200",1
1028,6,15,112,"PostGuard(CW,3,2)",7,1,0,200,1,"1:200",1
1028,6,15,113,"PostGuard(CCW,3,2)",7,1,0,200,1,"1:200",1
1028,6,15,114,"PostGuard(CW,5,0)",7,1,0,200,1,"1:200",1
1028,6,15,115,"PostGuard(CCW,5,0)",7,1,0,200,1,"1:200",1
1028,6,15,116,"PostGuard(CW,5,1)",7,1,0,200,1,"1:200",1
1028,6,15,117,"PostGuard(CCW,5,1)",7,1,0,200,1,"1:200",1
1028,6,15,118,"PostGuard(CW,5,2)",7,1,0,200,1,"1:200",1
1028,6,15,119,"PostGuard(CCW,5,2)",7,1,0,200,1,"1:200",1
1028,6,15,120,"PostGuard(CW,7,0)",7,1,0,200,1,"1:200",1
1028,6,15,121,"PostGuard(CCW,7,0)",7,1,0,200,1,"1:200",1
1028,6,15,122,"PostGuard(CW,7,1)",7,1,0,200,1,"1:200",1
1028,6,15,123,"PostGuard(CCW,7,1)",7,1,0,200,1,"1:200",1
1028,6,15,124,"PostGuard(CW,7,2)",7,1,0,200,1,"1:200",1
1028,6,15,125,"PostGuard(CCW,7,2)",7,1,0,200,1,"1:200",1
1028,6,15,126,"PostGuard(CW,9,0)",7,1,0,200,1,"1:200",1
1028,6,15,127,"PostGuard(CCW,9,0)",7,1,0,200,1,"1:200",1
1028,6,15,128,"PostGuard(CW,9,1)",7,1,0,200,1,"1:200",1
1028,6,15,129,"PostGuard(CCW,9,1)",7,1,0,200,1,"1:200",1
1028,6,15,130,"PostGuard(CW,9,2)",7,1,0,200,1,"1:200",1
1028,6,15,131,"PostGuard(CCW,9,2)",7,1,0,200,1,"1:200",1
1028,6,15,132,"PostGuard(CW,11,0)",7,1,0,200,1,"1:200",1
1028,6,15,133,"PostGuard(CCW,11,0)",7,1,0,200,1,"1:200",1
1028,6,15,134,"PostGuard(CW,11,1)",7,1,0,200,1,"1:200",1
1028,6,15,135,"PostGuard(CCW,11,1)",7,1,0,200,1,"1:200",1
1028,6,15,136,"PostGuard(CW,11,2)",7,1,0,200,1,"1:200",1
1028,6,15,137,"PostGuard(CCW,11,2)",7,1,0,200,1,"1:200",1
1028,6,15,138,"PostGuard(CW,13,0)",7,1,0,200,1,"1:200",1
1028,6,15,139,"PostGuard(CCW,13,0)",7,1,0,200,1,"1:200",1
1028,6,15,140,"PostGuard(CW,13,1)",7,1,0,200,1,"1:200",1
1028,6,15,141,"PostGuard(CCW,13,1)",7,1,0,200,1,"1:200",1
1028,6,15,142,"PostGuard(CW,13,2)",7,1,0,200,1,"1:200",1
1028,6,15,143,"PostGuard(CCW,13,2)",7,1,0,200,1,"1:200",1
1028,6,15,144,"PostGuard(CW,15,0)",7,1,0,200,1,"1:200",1
1028,6,15,145,"PostGuard(CCW,15,0)",7,1,0,200,1,"1:200",1
1028,6,15,146,"PostGuard(CW,15,1)",7,1,0,200,1,"1:200",1
1028,6,15,147,"PostGuard(CCW,15,1)",7,1,0,200,1,"1:200",1
1028,6,15,148,"PostGuard(CW,15,2)",7,1,0,200,1,"1:200",1
1028,6,15,149,"PostGuard(CCW,15,2)",7,1,0,200,1,"1:200",1
1028,6,15,150,"Pass",0,1,0,200,1,"1:200",1
2596,1,14,0,"Draw(CW,TEE)",1,0.805,1.05687,200,1,"-2:2;-1:39;1:120;2:33;3:6",1.27
2596,1,14,1,"Draw(CCW,TEE)",1,1.495,0.905525,200,1,"-2:1;-1:12;1:72;2:107;3:6;4:1;5:1",1.865
2596,1,14,2,"Draw(CW,S0)",1,0.615,1.16909,200,1,"-2:5;-1:49;1:121;2:16;3:7;4:2",1.19
2596,1,14,3,"Draw(CCW,S0)",1,1.505,0.8426,200,1,"-2:1;-1:10;1:75;2:104;3:10",1.945
2596,1,14,4,"Draw(CW,S2)",1,0.51,1.21651,200,1,"-1:72;1:87;2:36;3:5",1.645
2596,1,14,5,"Draw(CCW,S2)",1,1.455,0.684087,200,1,"-1:3;1:112;2:74;3:10;4:1",2
2596,1,14,6,"Draw(CW,S4)",1,0.815,1.00039,200,1,"-2:3;-1:30;1:143;2:20;3:2;5:2",1.17
2596,1,14,7,"Draw(CCW,S4)",1,1.51,0.741552,200,1,"-1:7;1:83;2:106;3:3;5:1",1.895
2596,1,14,8,"Draw(CW,S6)",1,1.41,0.715472,200,1,"-1:5;1:113;2:74;3:6;4:2",2
2596,1,14,9,"Draw(CCW,S6)",1,1.365,0.756158,200,1,"-1:5;1:125;2:62;3:4;4:3;5:1",2
2596,1,14,10,"Draw(CW,L0)",1,0.635,1.3608,200,1,"-2:9;-1:55;1:87;2:35;3:13;4:1",1.44
2596,1,14,11,"Draw(CCW,L0)",1,1.235,0.959049,200,1,"-1:21;1:100;2:70;3:8;4:1",2.005
2596,1,14,12,"Draw(CW,L1)",1,0.835,1.11255,200,1,"-2:4;-1:38;1:108;2:45;3:5",1.675
2596,1,14,13,"Draw(CCW,L1)",1,1.41,0.69419,200,1,"-1:4;1:115;2:75;3:3;4:3",2
2596,1,14,14,"Draw(CW,L2)",1,1.495,0.748315,200,1,"-1:4;1:108;2:69;3:19",2
2596,1,14,15,"Draw(CCW,L2)",1,1.48,0.699714,200,1,"-1:3;1:109;2:75;3:12;4:1",2
2596,1,14,16,"Draw(CW,L3)",1,1.445,0.697836,200,1,"-1:2;1:121;2:63;3:12;4:2",2
2596,1,14,17,"Draw(CCW,L3)",1,1.36,0.663626,200,1,"-1:3;1:129;2:60;3:6;4:2",2
2596,1,14,18,"Draw(CW,L4)",1,1.62,0.65238,200,1,"-1:2;1:79;2:113;3:4;4:1;5:1",2
2596,1,14,19,"Draw(CCW,L4)",1,1.65,0.545436,200,1,"1:76;2:119;3:4;4:1",2
2596,1,14,20,"Draw(CW,L5)",1,1.375,0.635905,200,1,"-1:1;1:133;2:58;3:5;4:3",2
2596,1,14,21,"Draw(CCW,L5)",1,1.43,0.784283,200,1,"-1:5;1:119;2:58;3:16;4:2",2
2596,1,14,22,"Draw(CW,L6)",1,1.435,0.689764,200,1,"-1:2;1:123;2:60;3:14;4:1",2
2596,1,14,23,"Draw(CCW,L6)",1,1.41,0.672235,200,1,"-1:3;1:121;2:64;3:12",2
2596,1,14,24,"Draw(CW,L7)",1,1.48,0.655439,200,1,"-1:1;1:115;2:71;3:12;4:1",2
2596,1,14,25,"Draw(CCW,L7)",1,1.38,0.65238,200,1,"-2:1;-1:3;1:115;2:77;3:4",2
2596,1,14,26,"PreGuard(CW,G3)",2,1.415,0.736733,200,1,"-1:5;1:116;2:66;3:12;4:1",2
2596,1,14,27,"PreGuard(CCW,G3)",2,1.47,0.70647,200,1,"-1:2;1:117;2:66;3:13;4:2",2
2596,1,14,28,"PreGuard(CW,G4)",2,1.59,0.549454,200,1,"1:87;2:109;3:3;4:1",2
2596,1,14,29,"PreGuard(CCW,G4)",2,1.53,0.53768,200,1,"1:98;2:98;3:4",2
2596,1,14,30,"PreGuard(CW,G5)",2,1.515,0.727856,200,1,"-1:4;1:100;2:82;3:13;4:1",2
2596,1,14,31,"PreGuard(CCW,G5)",2,1.54,0.691665,200,1,"-1:3;1:95;2:92;3:8;4:2",2
2596,1,14,32,"Hit(CW,1,TOUCH)",3,0.615,1.0615,200,1,"-2:3;-1:49;1:119;2:28;3:1",1.255
2596,1,14,33,"Hit(CCW,1,TOUCH)",3,1.3,0.824621,200,1,"-2:1;-1:11;1:109;2:75;3:2;4:2",1.96
2596,1,14,34,"Hit(CW,1,WEAK)",3,0.75,1.30288,200,1,"-3:2;-2:1;-1:55;1:80;2:54;3:7;4:1",1.7
2596,1,14,35,"Hit(CCW,1,WEAK)",3,1.54,1.15689,200,1,"-2:1;-1:20;1:71;2:65;3:43",2.35
2596,1,14,36,"Hit(CW,1,MIDDLE)",3,1.56,1.14734,200,1,"-1:19;1:75;2:68;3:32;4:6",2.425
2596,1,14,37,"Hit(CCW,1,MIDDLE)",3,0.915,1.45182,200,1,"-6:1;-3:3;-2:4;-1:37;1:87;2:54;3:9;4:4;5:1",1.98
2596,1,14,38,"Hit(CW,1,STRONG)",3,1.775,1.15947,200,1,"-2:1;-1:16;1:53;2:73;3:54;4:3",2.57
2596,1,14,39,"Hit(CCW,1,STRONG)",3,1.01,1.45255,200,1,"-3:1;-2:10;-1:34;1:80;2:54;3:14;4:6;5:1",1.925
2596,1,14,40,"Freeze(CW,1)",4,0.795,1.16317,200,1,"-2:5;-1:40;1:109;2:40;3:4;4:2",1.315
2596,1,14,41,"Freeze(CCW,1)",4,1.245,0.833652,200,1,"-2:2;-1:12;1:110;2:73;3:3",1.99
2596,1,14,42,"Hit(CW,3,TOUCH)",3,1.09,1.35348,200,1,"-1:51;1:47;2:87;3:13;4:1;5:1",2
2596,1,14,43,"Hit(CCW,3,TOUCH)",3,1.275,1.2607,200,1,"-1:38;1:48;2:104;3:4;4:5;5:1",1.92
2596,1,14,44,"Hit(CW,3,WEAK)",3,1.25,1.27574,200,1,"-1:31;1:98;2:39;3:24;4:7;5:1",1.985
2596,1,14,45,"Hit(CCW,3,WEAK)",3,1.405,1.59718,200,1,"-2:6;-1:35;1:68;2:25;3:54;4:12",2.395
2596,1,14,46,"Hit(CW,3,MIDDLE)",3,1.435,1.81818,200,1,"-2:9;-1:42;1:51;2:18;3:65;4:11;5:3;6:1",2.46
2596,1,14,47,"Hit(CCW,3,MIDDLE)",3,1.535,1.50625,200,1,"-4:1;-1:30;1:68;2:53;3:28;4:17;5:3",2.345
2596,1,14,48,"Hit(CW,3,STRONG)",3,1.345,1.71929,200,1,"-2:8;-1:39;1:68;2:16;3:56;4:10;5:2;6:1",2.46
2596,1,14,49,"Hit(CCW,3,STRONG)",3,1.585,1.56932,200,1,"-2:3;-1:31;1:58;2:54;3:32;4:19;5:2;6:1",2.34
2596,1,14,50,"Freeze(CW,3)",4,1.11,1.26012,200,1,"-1:42;1:70;2:74;3:11;4:2;5:1",2
2596,1,14,51,"Freeze(CCW,3)",4,1.265,1.20614,200,1,"-1:40;1:33;2:121;3:6",1.885
2596,1,14,52,"Hit(CW,5,TOUCH)",3,1.305,0.788654,200,1,"-1:9;1:124;2:57;3:8;4:2",2
2596,1,14,53,"Hit(CCW,5,TOUCH)",3,1.455,0.760247,200,1,"-1:4;1:113;2:72;3:6;4:5",2
2596,1,14,54,"Hit(CW,5,WEAK)",3,1.47,0.74773,200,1,"-1:6;1:99;2:86;3:7;4:2",2
2596,1,14,55,"Hit(CCW,5,WEAK)",3,1.455,0.786114,200,1,"-1:9;1:91;2:92;3:7;4:1",2.01
2596,1,14,56,"Hit(CW,5,MIDDLE)",3,1.45,1.248,200,1,"-3:1;-2:1;-1:24;1:62;2:89;3:13;4:10",2.21
2596,1,14,57,"Hit(CCW,5,MIDDLE)",3,1.335,0.69482,200,1,"-1:6;1:122;2:66;3:5;4:1",2
2596,1,14,58,"Hit(CW,5,STRONG)",3,1.64,1.14035,200,1,"-1:17;1:64;2:89;3:17;4:13",2.185
2596,1,14,59,"Hit(CCW,5,STRONG)",3,1.34,0.737835,200,1,"-1:8;1:115;2:71;3:5;4:1",2
2596,1,14,60,"Freeze(CW,5)",4,1.405,0.656487,200,1,"-1:1;1:129;2:59;3:10;5:1",2
2596,1,14,61,"Freeze(CCW,5)",4,1.385,0.690489,200,1,"-1:4;1:122;2:64;3:9;4:1",2
2596,1,14,62,"Hit(CW,7,TOUCH)",3,1.4,0.678233,200,1,"-2:1;-1:1;1:124;2:65;3:7;4:2",1.995
2596,1,14,63,"Hit(CCW,7,TOUCH)",3,1.475,0.670354,200,1,"1:123;2:61;3:14;4:2",2
2596,1,14,64,"Hit(CW,7,WEAK)",3,1.46,0.713022,200,1,"-1:4;1:108;2:78;3:8;4:2",2
2596,1,14,65,"Hit(CCW,7,WEAK)",3,1.5,0.663325,200,1,"-1:2;1:106;2:81;3:10;4:1",2
2596,1,14,66,"Hit(CW,7,MIDDLE)",3,1.465,0.78024,200,1,"-2:1;-1:2;1:117;2:64;3:12;4:4",2.005
2596,1,14,67,"Hit(CCW,7,MIDDLE)",3,0.97,1.27636,200,1,"-2:1;-1:48;1:71;2:70;3:7;4:3",1.855
2596,1,14,68,"Hit(CW,7,STRONG)",3,1.405,0.678951,200,1,"-1:3;1:123;2:61;3:13",2
2596,1,14,69,"Hit(CCW,7,STRONG)",3,0.9,1.33791,200,1,"-2:1;-1:56;1:61;2:72;3:7;4:3",1.815
2596,1,14,70,"Freeze(CW,7)",4,1.38,0.689638,200,1,"-1:3;1:128;2:58;3:9;4:2",2
2596,1,14,71,"Freeze(CCW,7)",4,1.465,0.72026,200,1,"-1:3;1:114;2:69;3:12;4:2",2
2596,1,14,72,"Hit(CW,9,TOUCH)",3,1.33,1.10955,200,1,"-1:25;1:79;2:82;3:8;4:6",1.865
2596,1,14,73,"Hit(CCW,9,TOUCH)",3,1.415,0.923458,200,1,"-1:18;1:70;2:105;3:7",1.845
2596,1,14,74,"Hit(CW,9,WEAK)",3,1.09,1.25375,200,1,"-3:1;-1:39;1:82;2:56;3:22",2.05
2596,1,14,75,"Hit(CCW,9,WEAK)",3,1.45,1.21963,200,1,"-1:22;1:93;2:44;3:34;4:6;5:1",2.33
2596,1,14,76,"Hit(CW,9,MIDDLE)",3,1.445,1.2716,200,1,"-2:2;-1:25;1:74;2:57;3:38;4:4",2.425
2596,1,14,77,"Hit(CCW,9,MIDDLE)",3,0.9,1.45602,200,1,"-4:1;-3:1;-2:9;-1:38;1:82;2:53;3:9;4:7",1.915
2596,1,14,78,"Hit(CW,9,STRONG)",3,1.585,1.22995,200,1,"-1:23;1:67;2:62;3:43;4:5",2.475
2596,1,14,79,"Hit(CCW,9,STRONG)",3,0.845,1.60654,200,1,"-6:2;-4:1;-3:1;-2:12;-1:32;1:82;2:53;3:12;4:5",1.875
2596,1,14,80,"Freeze(CW,9)",4,1.61,0.870575,200,1,"-1:12;1:56;2:120;3:10;4:2",1.915
2596,1,14,81,"Freeze(CCW,9)",4,1.49,0.799937,200,1,"-1:10;1:81;2:100;3:9",1.94
2596,1,14,82,"Hit(CW,11,TOUCH)",3,1.37,0.783007,200,1,"-1:10;1:102;2:84;3:2;4:2",2
2596,1,14,83,"Hit(CCW,11,TOUCH)",3,1.25,0.733144,200,1,"-1:10;1:124;2:63;3:2;4:1",2
2596,1,14,84,"Hit(CW,11,WEAK)",3,0.915,1.47234,200,1,"-2:5;-1:53;1:67;2:51;3:21;4:2;6:1",1.96
2596,1,14,85,"Hit(CCW,11,WEAK)",3,0.625,1.31696,200,1,"-2:1;-1:67;1:85;2:35;3:9;4:3",1.835
2596,1,14,86,"Hit(CW,11,MIDDLE)",3,0.43,1.59534,200,1,"-3:1;-2:11;-1:80;1:51;2:33;3:22;4:2",2.01
2596,1,14,87,"Hit(CCW,11,MIDDLE)",3,0.74,1.56601,200,1,"-2:5;-1:67;1:70;2:27;3:23;4:8",2.27
2596,1,14,88,"Hit(CW,11,STRONG)",3,0.5,1.66733,200,1,"-4:1;-3:2;-2:10;-1:74;1:51;2:39;3:18;4:4;5:1",2.02
2596,1,14,89,"Hit(CCW,11,STRONG)",3,0.82,1.54195,200,1,"-3:2;-2:1;-1:63;1:70;2:34;3:23;4:7",2.21
2596,1,14,90,"Freeze(CW,11)",4,1.34,0.74458,200,1,"-1:9;1:110;2:77;3:3;4:1",2.005
2596,1,14,91,"Freeze(CCW,11)",4,1.32,0.823165,200,1,"-1:11;1:112;2:71;3:4;4:1;5:1",2
2596,1,14,92,"Hit(CW,13,TOUCH)",3,1.61,0.798686,200,1,"-1:9;1:64;2:114;3:13",1.955
2596,1,14,93,"Hit(CCW,13,TOUCH)",3,1.265,1.1067,200,1,"-1:32;1:58;2:103;3:7",1.805
2596,1,14,94,"Hit(CW,13,WEAK)",3,1.445,1.16489,200,1,"-1:22;1:84;2:60;3:30;4:3;5:1",2.115
2596,1,14,95,"Hit(CCW,13,WEAK)",3,1.36,1.19599,200,1,"-2:1;-1:22;1:96;2:51;3:24;4:4;5:2",2.245
2596,1,14,96,"Hit(CW,13,MIDDLE)",3,1.415,1.24208,200,1,"-2:1;-1:26;1:78;2:55;3:37;4:3",2.33
2596,1,14,97,"Hit(CCW,13,MIDDLE)",3,1.11,1.28759,200,1,"-3:2;-2:3;-1:30;1:90;2:54;3:19;4:1;5:1",2.015
2596,1,14,98,"Hit(CW,13,STRONG)",3,1.645,1.16575,200,1,"-2:2;-1:14;1:73;2:65;3:41;4:4;5:1",2.395
2596,1,14,99,"Hit(CCW,13,STRONG)",3,0.85,1.3629,200,1,"-3:1;-2:10;-1:38;1:88;2:48;3:13;4:2",1.875
2596,1,14,100,"Freeze(CW,13)",4,1.705,0.864855,200,1,"-2:1;-1:6;1:58;2:122;3:6;4:6;5:1",1.995
2596,1,14,101,"Freeze(CCW,13)",4,1.535,0.786623,200,1,"-1:9;1:74;2:111;3:4;4:2",1.955
2596,1,14,102,"PostGuard(CW,0,0)",7,0.885,1.22954,200,1,"-2:1;-1:48;1:86;2:57;3:5;4:3",1.45
2596,1,14,103,"PostGuard(CCW,0,0)",7,1.345,1.03246,200,1,"-1:23;1:75;2:91;3:9;4:2",1.83
2596,1,14,104,"PostGuard(CW,0,1)",7,1.6,0.781025,200,1,"-1:5;1:80;2:106;3:4;4:4;5:1",1.99
2596,1,14,105,"PostGuard(CCW,0,1)",7,1.67,0.700785,200,1,"-1:3;1:69;2:121;3:3;4:3;5:1",2
2596,1,14,106,"PostGuard(CW,0,2)",7,1.73,0.571927,200,1,"1:65;2:126;3:7;4:2",2
2596,1,14,107,"PostGuard(CCW,0,2)",7,1.65,0.622495,200,1,"-1:1;1:78;2:112;3:7;4:2",2
2596,1,14,108,"PostGuard(CW,2,0)",7,1.285,0.923999,200,1,"-2:1;-1:17;1:96;2:78;3:8",1.935
2596,1,14,109,"PostGuard(CCW,2,0)",7,1.215,0.915847,200,1,"-2:1;-1:17;1:111;2:63;3:7;4:1",1.91
2596,1,14,110,"PostGuard(CW,2,1)",7,1.41,0.762824,200,1,"-1:5;1:120;2:60;3:13;4:2",2
2596,1,14,111,"PostGuard(CCW,2,1)",7,1.315,0.637005,200,1,"-1:4;1:132;2:57;3:7",2
2596,1,14,112,"PostGuard(CW,2,2)",7,1.445,0.661041,200,1,"-1:1;1:123;2:62;3:13;4:1",2
2596,1,14,113,"PostGuard(CCW,2,2)",7,1.415,0.680276,200,1,"-1:4;1:114;2:74;3:7;4:1",2
2596,1,14,114,"PostGuard(CW,4,0)",7,1.39,0.942284,200,1,"-2:1;-1:13;1:95;2:78;3:11;4:1;5:1",1.795
2596,1,14,115,"PostGuard(CCW,4,0)",7,1.83,0.707884,200,1,"-1:4;1:41;2:141;3:9;4:5",1.995
2596,1,14,116,"PostGuard(CW,4,1)",7,1.65,0.766485,200,1,"-1:6;1:68;2:112;3:12;4:2",2
2596,1,14,117,"PostGuard(CCW,4,1)",7,1.535,0.817787,200,1,"-2:1;-1:9;1:70;2:113;3:6;4:1",2
2596,1,14,118,"PostGuard(CW,4,2)",7,1.93,0.578878,200,1,"-1:3;1:21;2:162;3:12;4:2",2
2596,1,14,119,"PostGuard(CCW,4,2)",7,1.86,0.510294,200,1,"-1:1;1:36;2:152;3:11",2
2596,1,14,120,"PostGuard(CW,6,0)",7,1.545,0.606609,200,1,"-1:3;1:85;2:109;3:3",2
2596,1,14,121,"PostGuard(CCW,6,0)",7,1.54,0.847585,200,1,"-2:1;-1:7;1:85;2:91;3:14;4:2",2
2596,1,14,122,"PostGuard(CW,6,1)",7,1.71,0.613107,200,1,"-1:1;1:68;2:119;3:11;4:1",2
2596,1,14,123,"PostGuard(CCW,6,1)",7,1.775,0.542563,200,1,"1:57;2:131;3:12",2
2596,1,14,124,"PostGuard(CW,6,2)",7,1.96,0.422374,200,1,"1:20;2:170;3:8;4:2",2
2596,1,14,125,"PostGuard(CCW,6,2)",7,1.965,0.392142,200,1,"1:18;2:172;3:9;4:1",2
2596,1,14,126,"PostGuard(CW,8,0)",7,1.41,0.672235,200,1,"-1:2;1:125;2:62;3:9;4:2",2
2596,1,14,127,"PostGuard(CCW,8,0)",7,1.425,0.64372,200,1,"-1:2;1:120;2:67;3:11",2
2596,1,14,128,"PostGuard(CW,8,1)",7,1.455,0.705673,200,1,"-1:1;1:123;2:64;3:7;4:5",2
2596,1,14,129,"PostGuard(CCW,8,1)",7,1.52,0.685274,200,1,"-1:1;1:110;2:74;3:13;4:2",2
2596,1,14,130,"PostGuard(CW,8,2)",7,1.47,0.774016,200,1,"-1:5;1:109;2:70;3:14;4:2",2
2596,1,14,131,"PostGuard(CCW,8,2)",7,1.415,0.763397,200,1,"-1:6;1:114;2:66;3:13;4:1",2
2596,1,14,132,"PostGuard(CW,10,0)",7,1.43,0.674611,200,1,"-1:3;1:117;2:68;3:12",2
2596,1,14,133,"PostGuard(CCW,10,0)",7,1.525,0.793332,200,1,"-1:4;1:106;2:70;3:17;4:3",2
2596,1,14,134,"PostGuard(CW,10,1)",7,1.455,0.669309,200,1,"-1:2;1:116;2:70;3:11;4:1",2
2596,1,14,135,"PostGuard(CCW,10,1)",7,1.455,0.719705,200,1,"-1:4;1:111;2:72;3:12;4:1",2
2596,1,14,136,"PostGuard(CW,10,2)",7,1.525,0.741198,200,1,"-1:1;1:116;2:62;3:18;4:3",2
2596,1,14,137,"PostGuard(CCW,10,2)",7,1.405,0.755629,200,1,"-1:7;1:109;2:74;3:9;4:1",2
2596,1,14,138,"PostGuard(CW,12,0)",7,1.91,0.576108,200,1,"-1:1;1:36;2:143;3:19;4:1",2
2596,1,14,139,"PostGuard(CCW,12,0)",7,1.835,0.572516,200,1,"-1:1;1:43;2:146;3:7;4:3",2
2596,1,14,140,"PostGuard(CW,12,1)",7,1.9,0.412311,200,1,"1:27;2:167;3:5;4:1",2
2596,1,14,141,"PostGuard(CCW,12,1)",7,1.88,0.40694,200,1,"1:30;2:164;3:6",2
2596,1,14,142,"PostGuard(CW,12,2)",7,1.74,0.482079,200,1,"1:56;2:140;3:4",2
2596,1,14,143,"PostGuard(CCW,12,2)",7,1.715,0.493736,200,1,"1:61;2:135;3:4",2
2596,1,14,144,"Pass",0,1.395,0.662552,200,1,"-1:3;1:122;2:66;3:8;4:1",2
4748,1,3,0,"Draw(CW,TEE)",1,0.76,1.71243,200,1,"-5:1;-3:2;-2:14;-1:50;1:63;2:42;3:18;4:10",0.65
4748,1,3,1,"Draw(CCW,TEE)",1,0.705,1.76011,200,1,"-4:2;-3:8;-2:10;-1:43;1:76;2:32;3:22;4:5;5:2",0.68
4748,1,3,2,"Draw(CW,S0)",1,0.735,1.83433,200,1,"-4:2;-3:5;-2:15;-1:44;1:70;2:34;3:19;4:7;5:3;6:1",-0.59
4748,1,3,3,"Draw(CCW,S0)",1,0.64,1.96987,200,1,"-5:1;-4:4;-3:6;-2:18;-1:40;1:69;2:28;3:20;4:12;5:2",0.82
4748,1,3,4,"Draw(CW,S2)",1,1.25,1.95895,200,1,"-4:3;-3:1;-2:9;-1:36;1:70;2:33;3:25;4:12;5:7;6:3;7:1",-1
4748,1,3,5,"Draw(CCW,S2)",1,1.16,2.15972,200,1,"-4:2;-3:6;-2:13;-1:37;1:64;2:28;3:19;4:13;5:16;6:2",-1
4748,1,3,6,"Draw(CW,S4)",1,0.73,1.79641,200,1,"-5:1;-4:2;-3:7;-2:12;-1:37;1:80;2:33;3:20;4:5;5:3",0.19
4748,1,3,7,"Draw(CCW,S4)",1,0.61,1.75154,200,1,"-4:4;-3:7;-2:15;-1:35;1:83;2:33;3:18;4:4;5:1",0.77
4748,1,3,8,"Draw(CW,S6)",1,0.93,1.95323,200,1,"-4:2;-3:6;-2:12;-1:41;1:68;2:31;3:21;4:13;5:4;6:2",-1
4748,1,3,9,"Draw(CCW,S6)",1,1.04,1.94638,200,1,"-5:1;-4:1;-3:4;-2:12;-1:37;1:69;2:39;3:15;4:16;5:3;6:2;7:1",-1
4748,1,3,10,"Draw(CW,L0)",1,0.8,2.0025,200,1,"-6:1;-5:2;-4:4;-3:4;-2:12;-1:35;1:77;2:27;3:24;4:10;5:4",-1
4748,1,3,11,"Draw(CCW,L0)",1,0.92,1.85839,200,1,"-4:3;-3:5;-2:12;-1:36;1:71;2:38;3:21;4:10;5:3;6:1",0.96
4748,1,3,12,"Draw(CW,L1)",1,0.95,2.08507,200,1,"-5:1;-4:7;-3:4;-2:11;-1:34;1:61;2:42;3:24;4:9;5:5;6:1;7:1",-1
4748,1,3,13,"Draw(CCW,L1)",1,0.905,1.80443,200,1,"-4:1;-3:4;-2:14;-1:39;1:75;2:31;3:23;4:7;5:6",-1
4748,1,3,14,"Draw(CW,L2)",1,1.14,1.94689,200,1,"-3:8;-2:13;-1:32;1:61;2:38;3:26;4:15;5:7",-1
4748,1,3,15,"Draw(CCW,L2)",1,0.82,2.09943,200,1,"-5:1;-4:1;-3:10;-2:12;-1:47;1:59;2:26;3:20;4:17;5:7",-1
4748,1,3,16,"Draw(CW,L3)",1,1.23,2.07294,200,1,"-4:1;-3:5;-2:10;-1:39;1:64;2:30;3:23;4:14;5:10;6:3;7:1",-1
4748,1,3,17,"Draw(CCW,L3)",1,1.195,2.02163,200,1,"-4:1;-3:1;-2:12;-1:48;1:53;2:32;3:23;4:21;5:6;6:3",-1
4748,1,3,18,"Draw(CW,L4)",1,1,2.07123,200,1,"-4:3;-3:6;-2:17;-1:32;1:63;2:38;3:20;4:12;5:5;6:4",-1
4748,1,3,19,"Draw(CCW,L4)",1,0.68,1.94874,200,1,"-4:3;-3:8;-2:17;-1:40;0:1;1:66;2:34;3:16;4:12;5:2;6:1",-1
4748,1,3,20,"Draw(CW,L5)",1,1.16,1.97089,200,1,"-4:2;-3:3;-2:7;-1:44;1:67;2:28;3:26;4:12;5:9;6:1;7:1",-1
4748,1,3,21,"Draw(CCW,L5)",1,1.03,2.2066,200,1,"-4:1;-3:9;-2:15;-1:42;1:54;2:27;3:23;4:18;5:6;6:5",-1
4748,1,3,22,"Draw(CW,L6)",1,0.965,2.07937,200,1,"-5:1;-4:2;-3:7;-2:9;-1:44;1:65;2:26;3:25;4:10;5:9;6:2",-1
4748,1,3,23,"Draw(CCW,L6)",1,1.05,2.07304,200,1,"-4:3;-3:4;-2:11;-1:45;1:59;2:31;3:20;4:17;5:8;6:2",-1
4748,1,3,24,"Draw(CW,L7)",1,1.085,1.85951,200,1,"-4:1;-3:3;-2:17;-1:32;1:67;2:33;3:29;4:14;5:4",-1
4748,1,3,25,"Draw(CCW,L7)",1,0.92,1.98837,200,1,"-5:1;-4:2;-3:5;-2:14;-1:40;1:59;2:41;3:21;4:11;5:5;7:1",-1
4748,1,3,26,"PreGuard(CW,G3)",2,0.645,1.78857,200,1,"-4:1;-3:7;-2:14;-1:47;1:73;2:33;3:13;4:9;5:3",-1
4748,1,3,27,"PreGuard(CCW,G3)",2,0.775,1.86665,200,1,"-4:4;-3:6;-2:16;-1:33;1:72;2:38;3:22;4:5;5:4",-1
4748,1,3,28,"PreGuard(CW,G4)",2,0.91,1.74983,200,1,"-4:3;-3:3;-2:10;-1:40;1:71;2:42;3:16;4:15",-1
4748,1,3,29,"PreGuard(CCW,G4)",2,0.46,2.06116,200,1,"-5:1;-4:2;-3:5;-2:27;-1:50;1:57;2:34;3:10;4:5;5:5;6:4",-1
4748,1,3,30,"PreGuard(CW,G5)",2,0.705,2.09713,200,1,"-6:1;-4:5;-3:6;-2:14;-1:45;1:63;2:27;3:23;4:9;5:6;6:1",-1
4748,1,3,31,"PreGuard(CCW,G5)",2,0.59,2.02284,200,1,"-5:1;-4:2;-3:9;-2:20;-1:41;1:67;2:30;3:15;4:10;5:3;6:2",-1
4748,1,3,32,"Hit(CW,0,TOUCH)",3,0.915,1.87291,200,1,"-3:7;-2:11;-1:43;0:1;1:66;2:36;3:22;4:7;5:6;7:1",0.13
4748,1,3,33,"Hit(CCW,0,TOUCH)",3,1.045,2.04523,200,1,"-3:8;-2:15;-1:36;1:68;2:25;3:23;4:15;5:8;6:2",-0.44
4748,1,3,34,"Hit(CW,0,WEAK)",3,1.345,2.16702,200,1,"-4:1;-3:3;-2:11;-1:45;1:50;2:28;3:26;4:19;5:13;6:4",0.94
4748,1,3,35,"Hit(CCW,0,WEAK)",3,1.445,1.99173,200,1,"-3:2;-2:13;-1:35;1:50;2:39;3:31;4:18;5:9;6:3",0.915
4748,1,3,36,"Hit(CW,0,MIDDLE)",3,1.06,1.86183,200,1,"-3:4;-2:11;-1:40;1:73;2:34;3:18;4:12;5:6;6:1;7:1",0.18
4748,1,3,37,"Hit(CCW,0,MIDDLE)",3,0.985,1.80133,200,1,"-5:1;-4:1;-3:1;-2:10;-1:46;1:66;2:36;3:22;4:14;5:3",0.205
4748,1,3,38,"Hit(CW,0,STRONG)",3,0.675,1.88132,200,1,"-4:3;-3:6;-2:13;-1:47;0:1;1:71;2:26;3:22;4:8;5:1;6:2",0.16
4748,1,3,39,"Hit(CCW,0,STRONG)",3,1.14,1.94946,200,1,"-5:1;-4:1;-3:5;-2:9;-1:36;1:67;2:36;3:23;4:13;5:8;6:1",0.2
4748,1,3,40,"Freeze(CW,0)",4,1.1,2.07605,200,1,"-4:1;-3:6;-2:11;-1:47;1:44;2:41;3:31;4:7;5:8;6:4",-0.82
4748,1,3,41,"Freeze(CCW,0)",4,1.12,1.92759,200,1,"-4:1;-3:2;-2:11;-1:47;1:51;2:42;3:27;4:10;5:7;6:2",-0.99
4748,1,3,42,"PostGuard(CW,3,0)",7,0.895,2.06494,200,1,"-4:1;-3:7;-2:16;-1:44;1:64;2:22;3:21;4:18;5:5;6:2",-1
4748,1,3,43,"PostGuard(CCW,3,0)",7,0.82,2.172,200,1,"-5:1;-4:1;-3:10;-2:12;-1:50;1:55;2:32;3:11;4:16;5:11;6:1",-1
4748,1,3,44,"PostGuard(CW,3,1)",7,0.82,2.0044,200,1,"-5:1;-3:6;-2:20;-1:40;1:63;2:32;3:22;4:8;5:6;6:2",-1
4748,1,3,45,"PostGuard(CCW,3,1)",7,0.695,2.05961,200,1,"-5:1;-4:1;-3:15;-2:10;-1:43;1:63;2:31;3:20;4:9;5:7",-1
4748,1,3,46,"PostGuard(CW,3,2)",7,0.72,2.17292,200,1,"-7:1;-5:2;-4:3;-3:7;-2:16;-1:40;0:1;1:60;2:29;3:23;4:11;5:7",-1
4748,1,3,47,"PostGuard(CCW,3,2)",7,0.595,1.91859,200,1,"-5:1;-4:3;-3:5;-2:18;-1:45;1:64;2:42;3:11;4:5;5:5;6:1",-1
4748,1,3,48,"Pass",0,0.715,2.00593,200,1,"-4:1;-3:10;-2:20;-1:39;1:64;2:27;3:24;4:9;5:6",-1
9206,3,13,0,"Draw(CW,TEE)",1,0.35,1.4586,200,1,"-2:22;-1:59;1:76;2:32;3:11",0.11
9206,3,13,1,"Draw(CCW,TEE)",1,0.86,1.37492,200,1,"-2:10;-1:43;0:1;1:72;2:59;3:15",-0.63
9206,3,13,2,"Draw(CW,S0)",1,-0.265,1.48485,200,1,"-2:41;-1:84;1:46;2:20;3:9",-0.26
9206,3,13,3,"Draw(CCW,S0)",1,1.245,1.33228,200,1,"-2:11;-1:22;1:68;2:72;3:27",0.96
9206,3,13,4,"Draw(CW,S2)",1,-0.36,1.55255,200,1,"-2:46;-1:90;0:1;1:31;2:17;3:15",-1
9206,3,13,5,"Draw(CCW,S2)",1,-0.535,1.3924,200,1,"-2:47;-1:98;1:32;2:16;3:7",-1
9206,3,13,6,"Draw(CW,S4)",1,-0.105,1.50465,200,1,"-2:43;-1:64;1:66;2:18;3:9",0.21
9206,3,13,7,"Draw(CCW,S4)",1,0.775,1.44374,200,1,"-2:12;-1:48;1:73;2:47;3:20",0.18
9206,3,13,8,"Draw(CW,S6)",1,-0.425,1.49812,200,1,"-2:38;-1:109;0:1;1:18;2:20;3:14",-1
9206,3,13,9,"Draw(CCW,S6)",1,-0.46,1.39585,200,1,"-2:37;-1:108;1:28;2:19;3:8",-1
9206,3,13,10,"Draw(CW,L0)",1,-0.62,1.28281,200,1,"-2:40;-1:114;1:29;2:10;3:7",-0.99
9206,3,13,11,"Draw(CCW,L0)",1,1.635,1.4254,200,1,"-2:1;-1:35;1:33;2:62;3:69",1.93
9206,3,13,12,"Draw(CW,L1)",1,-0.59,1.32359,200,1,"-2:46;-1:102;0:1;1:30;2:17;3:4",-1
9206,3,13,13,"Draw(CCW,L1)",1,-0.5,1.37113,200,1,"-2:46;-1:94;1:39;2:16;3:5",-1
9206,3,13,14,"Draw(CW,L2)",1,-0.56,1.43402,200,1,"-2:47;-1:104;1:23;2:15;3:11",-1
9206,3,13,15,"Draw(CCW,L2)",1,-0.33,1.53007,200,1,"-2:39;-1:98;1:32;2:15;3:16",-1
9206,3,13,16,"Draw(CW,L3)",1,-0.48,1.31134,200,1,"-2:27;-1:123;1:27;2:15;3:8",-1
9206,3,13,17,"Draw(CCW,L3)",1,-0.465,1.51617,200,1,"-2:48;-1:96;1:28;2:13;3:15",-1
9206,3,13,18,"Draw(CW,L4)",1,-0.18,1.62714,200,1,"-2:40;-1:88;1:30;2:24;3:18",-1
9206,3,13,19,"Draw(CCW,L4)",1,-0.405,1.5398,200,1,"-2:45;-1:96;1:30;2:12;3:17",-1
9206,3,13,20,"Draw(CW,L5)",1,-0.335,1.53388,200,1,"-2:40;-1:98;1:26;2:23;3:13",-1
9206,3,13,21,"Draw(CCW,L5)",1,-0.55,1.39553,200,1,"-2:41;-1:111;1:24;2:13;3:11",-1
9206,3,13,22,"Draw(CW,L6)",1,-0.46,1.50612,200,1,"-2:45;-1:101;1:22;2:19;3:13",-1
9206,3,13,23,"Draw(CCW,L6)",1,-0.42,1.51116,200,1,"-2:42;-1:101;1:30;2:10;3:17",-1
9206,3,13,24,"Draw(CW,L7)",1,-0.265,1.50824,200,1,"-2:34;-1:98;0:1;1:36;2:16;3:15",-1
9206,3,13,25,"Draw(CCW,L7)",1,-0.355,1.49298,200,1,"-2:37;-1:102;0:1;1:28;2:19;3:13",-1
9206,3,13,26,"PreGuard(CW,G3)",2,-0.545,1.34461,200,1,"-2:46;-1:98;0:1;1:32;2:20;3:3",-1
9206,3,13,27,"PreGuard(CCW,G3)",2,-0.555,1.28724,200,1,"-2:46;-1:95;0:1;1:41;2:16;3:1",-1
9206,3,13,28,"PreGuard(CW,G4)",2,-0.69,1.46079,200,1,"-2:77;-1:67;0:1;1:31;2:20;3:4",-1
9206,3,13,29,"PreGuard(CCW,G4)",2,-0.97,1.25264,200,1,"-2:91;-1:65;0:1;1:33;2:10",-1
9206,3,13,30,"PreGuard(CW,G5)",2,-0.265,1.39813,200,1,"-2:32;-1:94;0:2;1:45;2:21;3:6",-1
9206,3,13,31,"PreGuard(CCW,G5)",2,-0.195,1.36271,200,1,"-2:25;-1:98;1:49;2:24;3:4",-1
9206,3,13,32,"Hit(CW,12,TOUCH)",3,0.27,1.65139,200,1,"-2:29;-1:68;1:47;2:35;3:21",-0.33
9206,3,13,33,"Hit(CCW,12,TOUCH)",3,0.41,1.67687,200,1,"-2:23;-1:69;1:49;2:29;3:30",-0.69
9206,3,13,34,"Hit(CW,12,WEAK)",3,2.225,1.08369,200,1,"-1:12;0:1;1:25;2:54;3:108",1.95
9206,3,13,35,"Hit(CCW,12,WEAK)",3,1.765,1.50658,200,1,"-1:39;0:1;1:19;2:50;3:91",1.94
9206,3,13,36,"Hit(CW,12,MIDDLE)",3,1.48,1.26475,200,1,"-2:1;-1:32;1:37;2:97;3:33",1.235
9206,3,13,37,"Hit(CCW,12,MIDDLE)",3,1.33,1.16666,200,1,"-2:2;-1:30;1:48;2:108;3:12",1.105
9206,3,13,38,"Hit(CW,12,STRONG)",3,1.5,1.26886,200,1,"-2:1;-1:31;1:40;2:91;3:37",1.305
9206,3,13,39,"Hit(CCW,12,STRONG)",3,1.445,1.19037,200,1,"-1:30;1:48;2:95;3:27",1.195
9206,3,13,40,"Freeze(CW,12)",4,-0.115,1.58486,200,1,"-2:34;-1:89;1:36;2:25;3:16",-0.99
9206,3,13,41,"Freeze(CCW,12)",4,-0.17,1.57197,200,1,"-2:39;-1:84;0:1;1:38;2:24;3:14",-1
9206,3,13,42,"PostGuard(CW,11,0)",7,-0.435,1.41272,200,1,"-2:38;-1:103;0:2;1:32;2:15;3:10",-1
9206,3,13,43,"PostGuard(CCW,11,0)",7,-0.435,1.38772,200,1,"-2:31;-1:116;1:23;2:22;3:8",-1
9206,3,13,44,"PostGuard(CW,11,1)",7,-0.7,1.24499,200,1,"-2:53;-1:98;0:2;1:30;2:17",-1
9206,3,13,45,"PostGuard(CCW,11,1)",7,-0.45,1.31053,200,1,"-2:39;-1:97;0:2;1:39;2:23",-1
9206,3,13,46,"PostGuard(CW,11,2)",7,-0.575,1.27843,200,1,"-2:45;-1:99;0:2;1:34;2:20",-1
9206,3,13,47,"PostGuard(CCW,11,2)",7,-0.66,1.26665,200,1,"-2:51;-1:98;0:2;1:30;2:19",-1
9206,3,13,48,"Pass",0,-0.555,1.23166,200,1,"-2:41;-1:100;0:3;1:41;2:15",-1
5859,1,6,0,"Draw(CW,TEE)",1,-0.545,1.81328,200,1,"-5:2;-4:6;-3:15;-2:32;-1:76;1:43;2:15;3:8;4:2;5:1",0.99
5859,1,6,1,"Draw(CCW,TEE)",1,-0.625,1.84509,200,1,"-6:1;-5:2;-4:8;-3:21;-2:26;-1:68;1:49;2:18;3:7",-0.46
5859,1,6,2,"Draw(CW,S0)",1,-0.65,1.94872,200,1,"-5:2;-4:8;-3:19;-2:43;-1:59;1:43;2:15;3:6;4:2;5:3",1.1
5859,1,6,3,"Draw(CCW,S0)",1,-0.8,1.92614,200,1,"-5:3;-4:11;-3:22;-2:37;-1:62;0:1;1:38;2:20;3:3;4:1;5:2",-0.96
5859,1,6,4,"Draw(CW,S2)",1,-1.025,2.01355,200,1,"-5:7;-4:16;-3:26;-2:31;-1:58;1:42;2:11;3:8;4:1",1
5859,1,6,5,"Draw(CCW,S2)",1,-0.945,1.83901,200,1,"-5:7;-4:11;-3:21;-2:32;-1:64;1:53;2:9;3:2;4:1",1
5859,1,6,6,"Draw(CW,S4)",1,-0.325,1.87333,200,1,"-5:1;-4:5;-3:17;-2:34;-1:57;1:51;2:23;3:9;4:3",0.95
5859,1,6,7,"Draw(CCW,S4)",1,-1.15,1.98935,200,1,"-6:3;-5:9;-4:13;-3:19;-2:40;-1:57;1:42;2:15;3:1;4:1",-0.7
5859,1,6,8,"Draw(CW,S6)",1,-0.68,1.76,200,1,"-5:2;-4:5;-3:20;-2:37;-1:70;1:43;2:16;3:5;4:2",1
5859,1,6,9,"Draw(CCW,S6)",1,-0.88,1.79042,200,1,"-6:1;-5:4;-4:6;-3:20;-2:37;-1:75;1:41;2:9;3:4;4:3",1
5859,1,6,10,"Draw(CW,L0)",1,-0.665,1.8981,200,1,"-6:3;-5:3;-4:4;-3:17;-2:33;-1:72;1:43;2:14;3:10;4:1",1.685
5859,1,6,11,"Draw(CCW,L0)",1,-0.89,1.93853,200,1,"-6:1;-5:6;-4:10;-3:20;-2:37;-1:63;1:38;2:18;3:7",-0.625
5859,1,6,12,"Draw(CW,L1)",1,-0.675,1.87866,200,1,"-5:3;-4:8;-3:15;-2:44;-1:63;1:38;2:19;3:9;5:1",1
5859,1,6,13,"Draw(CCW,L1)",1,-0.7,1.97231,200,1,"-6:2;-5:3;-4:12;-3:19;-2:28;-1:61;1:48;2:21;3:5;4:1",1
5859,1,6,14,"Draw(CW,L2)",1,-0.91,1.72682,200,1,"-5:3;-4:9;-3:20;-2:42;-1:67;1:41;2:15;3:3",1
5859,1,6,15,"Draw(CCW,L2)",1,-0.77,1.81579,200,1,"-5:4;-4:9;-3:19;-2:31;-1:72;1:45;2:13;3:6;4:1",1
5859,1,6,16,"Draw(CW,L3)",1,-0.815,1.79465,200,1,"-6:1;-4:10;-3:21;-2:40;-1:65;1:44;2:11;3:7;4:1",1
5859,1,6,17,"Draw(CCW,L3)",1,-0.595,1.86842,200,1,"-7:1;-5:3;-4:6;-3:18;-2:26;-1:74;1:49;2:15;3:4;4:4",1
5859,1,6,18,"Draw(CW,L4)",1,-0.7,1.8412,200,1,"-5:2;-4:12;-3:16;-2:35;-1:66;1:44;2:17;3:8",1
5859,1,6,19,"Draw(CCW,L4)",1,-0.61,2.03909,200,1,"-5:7;-4:10;-3:20;-2:22;-1:64;1:45;2:23;3:6;4:3",1
5859,1,6,20,"Draw(CW,L5)",1,-0.85,1.7022,200,1,"-5:3;-4:5;-3:21;-2:37;-1:79;1:35;2:17;3:1;4:1;5:1",1
5859,1,6,21,"Draw(CCW,L5)",1,-0.67,2.0177,200,1,"-7:1;-6:1;-5:4;-4:11;-3:20;-2:21;-1:67;1:48;2:20;3:4;4:3",1
5859,1,6,22,"Draw(CW,L6)",1,-0.87,1.67723,200,1,"-5:2;-4:5;-3:24;-2:35;-1:81;1:35;2:10;3:8",1
5859,1,6,23,"Draw(CCW,L6)",1,-0.82,1.94618,200,1,"-5:7;-4:8;-3:19;-2:35;-1:68;1:43;2:10;3:6;4:3;5:1",1
5859,1,6,24,"Draw(CW,L7)",1,-1.065,1.7609,200,1,"-5:5;-4:10;-3:22;-2:44;-1:66;1:39;2:10;3:3;4:1",1
5859,1,6,25,"Draw(CCW,L7)",1,-0.715,1.78151,200,1,"-6:1;-5:3;-4:5;-3:19;-2:35;-1:71;0:1;1:37;2:25;3:3",1
5859,1,6,26,"PreGuard(CW,G3)",2,-0.805,2.14172,200,1,"-6:1;-5:8;-4:8;-3:27;-2:30;-1:59;1:34;2:20;3:10;4:2;5:1",1
5859,1,6,27,"PreGuard(CCW,G3)",2,-1,1.84662,200,1,"-6:1;-5:4;-4:9;-3:27;-2:40;-1:58;1:49;2:6;3:4;4:2",1
5859,1,6,28,"PreGuard(CW,G4)",2,-0.48,1.9798,200,1,"-6:4;-5:1;-4:6;-3:15;-2:24;-1:75;1:40;2:22;3:11;4:2",1
5859,1,6,29,"PreGuard(CCW,G4)",2,-0.525,1.85725,200,1,"-5:1;-4:7;-3:16;-2:44;-1:55;1:47;2:21;3:6;4:3",1
5859,1,6,30,"PreGuard(CW,G5)",2,-0.745,1.79443,200,1,"-5:2;-4:7;-3:21;-2:36;-1:71;1:42;2:13;3:6;4:1;5:1",1
5859,1,6,31,"PreGuard(CCW,G5)",2,-0.8,2.03224,200,1,"-5:8;-4:10;-3:22;-2:34;-1:54;1:47;2:16;3:7;4:2",1
5859,1,6,32,"Hit(CW,1,TOUCH)",3,-0.55,1.85944,200,1,"-6:1;-5:2;-4:6;-3:18;-2:30;-1:69;1:47;2:17;3:8;4:2",1.725
5859,1,6,33,"Hit(CCW,1,TOUCH)",3,-0.675,2.02222,200,1,"-6:2;-5:3;-4:10;-3:14;-2:42;-1:57;1:44;2:19;3:6;4:1;5:1;6:1",0.77
5859,1,6,34,"Hit(CW,1,WEAK)",3,-0.67,1.70032,200,1,"-5:1;-4:7;-3:17;-2:37;-1:70;1:48;2:15;3:4;4:1",1.205
5859,1,6,35,"Hit(CCW,1,WEAK)",3,-0.915,1.86756,200,1,"-6:1;-5:3;-4:9;-3:24;-2:38;-1:67;1:35;2:18;3:3;4:1;5:1",0.875
5859,1,6,36,"Hit(CW,1,MIDDLE)",3,-1.01,1.70877,200,1,"-5:1;-4:11;-3:27;-2:39;-1:67;1:42;2:9;3:3;4:1",0.795
5859,1,6,37,"Hit(CCW,1,MIDDLE)",3,-0.735,1.67475,200,1,"-5:2;-4:6;-3:23;-2:30;-1:70;1:55;2:11;3:3",1.145
5859,1,6,38,"Hit(CW,1,STRONG)",3,-1.025,1.99107,200,1,"-6:1;-5:7;-4:15;-3:24;-2:32;-1:57;0:1;1:41;2:19;3:2;4:1",0.955
5859,1,6,39,"Hit(CCW,1,STRONG)",3,-0.765,1.82202,200,1,"-5:4;-4:7;-3:24;-2:30;-1:68;0:1;1:42;2:20;3:3;4:1",1.175
5859,1,6,40,"Freeze(CW,1)",4,-0.355,1.85445,200,1,"-5:1;-4:7;-3:13;-2:29;-1:71;1:44;2:23;3:8;4:4",1.44
5859,1,6,41,"Freeze(CCW,1)",4,-0.74,1.90589,200,1,"-5:1;-4:15;-3:15;-2:34;-1:72;1:40;2:13;3:6;4:2;5:2",0.87
5859,1,6,42,"Hit(CW,5,TOUCH)",3,-1.255,1.65529,200,1,"-5:3;-4:16;-3:27;-2:37;-1:71;1:38;2:8",0.05
5859,1,6,43,"Hit(CCW,5,TOUCH)",3,-1.085,1.8077,200,1,"-5:6;-4:14;-3:22;-2:37;-1:63;1:46;2:11;4:1",-0.77
5859,1,6,44,"Hit(CW,5,WEAK)",3,-0.705,1.6994,200,1,"-5:1;-4:7;-3:18;-2:37;-1:72;0:1;1:41;2:18;3:5",-0.49
5859,1,6,45,"Hit(CCW,5,WEAK)",3,-0.965,2.02084,200,1,"-6:1;-5:8;-4:13;-3:17;-2:37;-1:64;1:37;2:16;3:4;4:2;5:1",-0.64
5859,1,6,46,"Hit(CW,5,MIDDLE)",3,-0.795,2.13143,200,1,"-6:2;-5:4;-4:14;-3:28;-2:22;-1:59;1:40;2:20;3:8;4:3",0.51
5859,1,6,47,"Hit(CCW,5,MIDDLE)",3,-0.795,1.9165,200,1,"-6:1;-5:5;-4:7;-3:23;-2:37;-1:57;1:47;2:17;3:5;4:1",0.56
5859,1,6,48,"Hit(CW,5,STRONG)",3,-0.635,1.82532,200,1,"-5:2;-4:12;-3:18;-2:24;-1:69;1:57;2:11;3:5;4:2",0.555
5859,1,6,49,"Hit(CCW,5,STRONG)",3,-0.815,1.90808,200,1,"-7:1;-5:5;-4:7;-3:26;-2:30;-1:61;1:49;2:17;3:3;4:1",0.525
5859,1,6,50,"Freeze(CW,5)",4,-0.87,1.90082,200,1,"-5:4;-4:12;-3:22;-2:37;-1:59;1:47;2:15;3:2;4:1;6:1",0.81
5859,1,6,51,"Freeze(CCW,5)",4,-0.82,2.05124,200,1,"-5:6;-4:10;-3:21;-2:33;-1:71;1:35;2:11;3:6;4:5;5:1;6:1",0.26
5859,1,6,52,"PostGuard(CW,2,0)",7,-0.61,1.75439,200,1,"-6:1;-4:6;-3:17;-2:34;-1:75;1:41;2:19;3:5;4:2",0.99
5859,1,6,53,"PostGuard(CCW,2,0)",7,-0.835,1.88886,200,1,"-5:6;-4:6;-3:21;-2:40;-1:66;1:38;2:12;3:10;4:1",0.94
5859,1,6,54,"PostGuard(CW,2,1)",7,-0.41,1.72392,200,1,"-5:1;-4:6;-3:11;-2:36;-1:64;1:56;2:18;3:8",1
5859,1,6,55,"PostGuard(CCW,2,1)",7,-0.4,1.86548,200,1,"-5:3;-4:6;-3:9;-2:38;-1:63;1:55;2:13;3:9;4:3;5:1",1
5859,1,6,56,"PostGuard(CW,2,2)",7,-0.635,1.90834,200,1,"-6:1;-5:3;-4:7;-3:15;-2:40;-1:64;1:43;2:16;3:8;4:3",1
5859,1,6,57,"PostGuard(CCW,2,2)",7,-0.82,1.85138,200,1,"-6:1;-5:1;-4:10;-3:25;-2:28;-1:75;1:39;2:11;3:8;4:2",1
5859,1,6,58,"PostGuard(CW,4,0)",7,-0.695,1.80609,200,1,"-6:1;-5:1;-4:7;-3:22;-2:32;-1:70;1:41;2:19;3:7",1
5859,1,6,59,"PostGuard(CCW,4,0)",7,-0.655,1.97129,200,1,"-6:1;-5:2;-4:10;-3:14;-2:37;-1:73;1:33;2:15;3:9;4:6",1
5859,1,6,60,"PostGuard(CW,4,1)",7,-0.94,1.91217,200,1,"-5:5;-4:7;-3:25;-2:44;-1:63;1:35;2:12;3:7;5:1;6:1",1
5859,1,6,61,"PostGuard(CCW,4,1)",7,-1.06,1.94587,200,1,"-6:2;-5:4;-4:12;-3:26;-2:39;-1:61;1:37;2:11;3:6;4:2",1
5859,1,6,62,"PostGuard(CW,4,2)",7,-0.845,1.93416,200,1,"-7:1;-6:1;-5:6;-4:9;-3:14;-2:39;-1:64;1:45;2:15;3:5;4:1",1
5859,1,6,63,"PostGuard(CCW,4,2)",7,-0.575,1.90378,200,1,"-6:1;-5:4;-4:5;-3:16;-2:35;-1:63;1:54;2:14;3:4;4:2;5:2",1
5859,1,6,64,"Pass",0,-1.03,1.65502,200,1,"-6:1;-5:1;-4:8;-3:27;-2:40;-1:69;1:44;2:7;3:3",1
6871,4,5,0,"Draw(CW,TEE)",1,0.93,1.87752,200,1,"-4:2;-3:5;-2:15;-1:33;1:74;2:37;3:21;4:7;5:4;6:1;7:1",1.805
6871,4,5,1,"Draw(CCW,TEE)",1,1.125,1.98982,200,1,"-4:2;-3:6;-2:13;-1:29;1:70;2:39;3:21;4:9;5:7;6:4",2.005
6871,4,5,2,"Draw(CW,S0)",1,1.005,1.93519,200,1,"-4:1;-3:4;-2:11;-1:46;1:61;2:36;3:24;4:9;5:4;6:4",1.535
6871,4,5,3,"Draw(CCW,S0)",1,0.945,2.06446,200,1,"-3:5;-2:16;-1:51;1:51;2:32;3:20;4:15;5:8;6:2",2.45
6871,4,5,4,"Draw(CW,S2)",1,0.76,1.9956,200,1,"-4:3;-3:4;-2:13;-1:52;1:68;2:23;3:19;4:10;5:5;6:3",1.965
6871,4,5,5,"Draw(CCW,S2)",1,0.655,2.02632,200,1,"-4:6;-3:3;-2:22;-1:37;1:73;2:30;3:16;4:4;5:6;6:3",2
6871,4,5,6,"Draw(CW,S4)",1,0.575,1.93762,200,1,"-5:1;-4:2;-3:6;-2:19;-1:47;1:65;2:32;3:15;4:9;5:3;6:1",1.625
6871,4,5,7,"Draw(CCW,S4)",1,0.92,1.7617,200,1,"-4:1;-3:2;-2:12;-1:48;1:58;2:45;3:20;4:12;5:2",2.14
6871,4,5,8,"Draw(CW,S6)",1,0.685,1.99894,200,1,"-4:4;-3:4;-2:20;-1:43;1:67;2:29;3:17;4:11;5:2;6:3",2
6871,4,5,9,"Draw(CCW,S6)",1,0.78,1.83074,200,1,"-5:1;-4:1;-3:7;-2:7;-1:47;1:76;2:32;3:13;4:12;5:4",2
6871,4,5,10,"Draw(CW,L0)",1,0.86,1.98756,200,1,"-4:3;-3:5;-2:17;-1:38;1:66;2:31;3:27;4:6;5:5;6:1;7:1",1.41
6871,4,5,11,"Draw(CCW,L0)",1,1.01,2.00247,200,1,"-4:1;-3:5;-2:16;-1:43;1:51;2:35;3:26;4:18;5:5",2.445
6871,4,5,12,"Draw(CW,L1)",1,0.92,1.85839,200,1,"-4:2;-3:6;-2:12;-1:38;1:67;2:38;3:23;4:11;5:2;6:1",1.995
6871,4,5,13,"Draw(CCW,L1)",1,0.465,1.90231,200,1,"-6:1;-5:1;-4:5;-3:6;-2:16;-1:42;1:71;2:36;3:17;4:3;5:2",2
6871,4,5,14,"Draw(CW,L2)",1,0.83,1.99527,200,1,"-4:3;-3:4;-2:15;-1:48;1:59;2:28;3:25;4:14;5:2;6:2",2
6871,4,5,15,"Draw(CCW,L2)",1,0.705,1.93597,200,1,"-5:1;-4:1;-3:7;-2:15;-1:43;1:75;2:29;3:13;4:11;5:2;6:3",2
6871,4,5,16,"Draw(CW,L3)",1,0.705,2.1536,200,1,"-4:6;-3:8;-2:14;-1:45;1:62;2:24;3:21;4:15;5:2;6:2;7:1",2
6871,4,5,17,"Draw(CCW,L3)",1,0.755,1.96341,200,1,"-4:2;-3:8;-2:16;-1:40;1:69;2:33;3:16;4:10;5:4;6:2",2
6871,4,5,18,"Draw(CW,L4)",1,0.895,2.05036,200,1,"-3:5;-2:20;-1:48;1:51;2:27;3:27;4:15;5:6;6:1",2
6871,4,5,19,"Draw(CCW,L4)",1,0.82,2.05124,200,1,"-4:1;-3:9;-2:18;-1:42;1:53;2:37;3:23;4:10;5:5;6:2",2
6871,4,5,20,"Draw(CW,L5)",1,0.94,2.06795,200,1,"-4:1;-3:9;-2:17;-1:33;1:71;2:29;3:16;4:12;5:11;6:1",2
6871,4,5,21,"Draw(CCW,L5)",1,0.82,1.94103,200,1,"-4:8;-3:1;-2:17;-1:30;1:74;2:41;3:15;4:9;5:4;6:1",2
6871,4,5,22,"Draw(CW,L6)",1,0.835,2.23109,200,1,"-7:1;-5:2;-4:4;-3:3;-2:15;-1:44;1:55;2:34;3:21;4:12;5:5;6:4",2
6871,4,5,23,"Draw(CCW,L6)",1,0.91,1.82535,200,1,"-4:1;-3:4;-2:14;-1:39;1:74;2:37;3:15;4:8;5:8",2
6871,4,5,24,"Draw(CW,L7)",1,0.68,1.76284,200,1,"-4:1;-3:8;-2:14;-1:41;1:77;2:32;3:18;4:7;5:2",2
6871,4,5,25,"Draw(CCW,L7)",1,0.505,1.772,200,1,"-4:2;-3:6;-2:19;-1:49;1:62;2:42;3:13;4:6;5:1",2
6871,4,5,26,"PreGuard(CW,G3)",2,0.475,2.12823,200,1,"-6:1;-4:7;-3:9;-2:20;-1:38;1:66;2:30;3:13;4:11;5:5",2
6871,4,5,27,"PreGuard(CCW,G3)",2,0.345,1.84282,200,1,"-5:1;-4:3;-3:6;-2:19;-1:55;1:66;2:29;3:13;4:6;5:2",2
6871,4,5,28,"PreGuard(CW,G4)",2,0.685,2.03857,200,1,"-5:1;-4:2;-3:10;-2:18;-1:39;1:62;2:32;3:18;4:15;5:3",2
6871,4,5,29,"PreGuard(CCW,G4)",2,0.675,1.83013,200,1,"-4:3;-3:3;-2:21;-1:39;1:68;2:43;3:14;4:7;6:1;7:1",2
6871,4,5,30,"PreGuard(CW,G5)",2,0.72,2.08365,200,1,"-6:1;-5:1;-4:1;-3:7;-2:15;-1:48;0:1;1:56;2:33;3:22;4:9;5:2;6:4",2
6871,4,5,31,"PreGuard(CCW,G5)",2,0.61,1.97178,200,1,"-3:12;-2:17;-1:48;0:1;1:53;2:39;3:18;4:6;5:5;6:1",2
6871,4,5,32,"Hit(CW,0,TOUCH)",3,0.845,1.82783,200,1,"-3:5;-2:17;-1:40;0:1;1:67;2:38;3:19;4:9;5:3;7:1",2.57
6871,4,5,33,"Hit(CCW,0,TOUCH)",3,0.835,2.06344,200,1,"-5:1;-4:3;-3:3;-2:15;-1:50;1:53;2:35;3:18;4:15;5:6;6:1",2.535
6871,4,5,34,"Hit(CW,0,WEAK)",3,0.91,2.04252,200,1,"-4:1;-3:6;-2:18;-1:42;1:64;2:21;3:22;4:20;5:6",2.41
6871,4,5,35,"Hit(CCW,0,WEAK)",3,0.77,1.93057,200,1,"-5:2;-3:6;-2:15;-1:43;1:66;2:35;3:20;4:6;5:7",2.445
6871,4,5,36,"Hit(CW,0,MIDDLE)",3,0.61,1.69938,200,1,"-4:1;-3:4;-2:16;-1:48;1:79;2:26;3:20;4:4;5:1;6:1",1.655
6871,4,5,37,"Hit(CCW,0,MIDDLE)",3,0.835,1.85951,200,1,"-4:2;-3:5;-2:12;-1:45;0:1;1:63;2:39;3:19;4:10;5:3;6:1",2.055
6871,4,5,38,"Hit(CW,0,STRONG)",3,0.64,1.92364,200,1,"-4:2;-3:6;-2:21;-1:43;1:67;2:31;3:14;4:12;5:4",1.58
6871,4,5,39,"Hit(CCW,0,STRONG)",3,0.425,1.93245,200,1,"-4:5;-3:8;-2:18;-1:48;1:70;2:24;3:15;4:10;5:2",2.04
6871,4,5,40,"Freeze(CW,0)",4,0.89,1.90733,200,1,"-5:1;-4:1;-3:6;-2:10;-1:42;0:1;1:74;2:25;3:23;4:12;5:4;6:1",2.715
6871,4,5,41,"Freeze(CCW,0)",4,0.915,2.07552,200,1,"-5:1;-4:2;-3:9;-2:12;-1:34;0:1;1:71;2:32;3:20;4:10;5:4;6:2;7:2",2.715
6871,4,5,42,"Hit(CW,2,TOUCH)",3,0.89,1.95906,200,1,"-4:2;-3:3;-2:13;-1:51;0:1;1:52;2:41;3:20;4:10;5:4;6:3",1.595
6871,4,5,43,"Hit(CCW,2,TOUCH)",3,0.685,2.03857,200,1,"-4:2;-3:7;-2:18;-1:49;1:60;2:30;3:14;4:12;5:7;6:1",0.025
6871,4,5,44,"Hit(CW,2,WEAK)",3,0.955,1.86895,200,1,"-4:1;-3:5;-2:8;-1:48;1:65;2:36;3:18;4:13;5:5;6:1",1.78
6871,4,5,45,"Hit(CCW,2,WEAK)",3,1.04,2.14439,200,1,"-5:1;-4:4;-3:4;-2:15;-1:37;1:56;2:33;3:25;4:15;5:9;6:1",1.33
6871,4,5,46,"Hit(CW,2,MIDDLE)",3,0.57,1.99877,200,1,"-5:2;-4:2;-3:4;-2:23;-1:46;1:61;2:27;3:24;4:7;5:3;6:1",0.54
6871,4,5,47,"Hit(CCW,2,MIDDLE)",3,1.2,2.08806,200,1,"-4:1;-3:5;-2:14;-1:35;0:1;1:64;2:30;3:19;4:16;5:13;6:2",2.165
6871,4,5,48,"Hit(CW,2,STRONG)",3,0.8,1.88414,200,1,"-5:2;-4:2;-3:4;-2:14;-1:37;0:1;1:74;2:34;3:19;4:10;5:2;6:1",0.52
6871,4,5,49,"Hit(CCW,2,STRONG)",3,1.255,2.14941,200,1,"-4:2;-3:2;-2:15;-1:39;1:57;2:31;3:22;4:16;5:11;6:5",2.23
6871,4,5,50,"Freeze(CW,2)",4,0.995,1.85606,200,1,"-4:3;-3:3;-2:16;-1:29;1:78;2:30;3:26;4:11;5:3;6:1",1.87
6871,4,5,51,"Freeze(CCW,2)",4,0.865,1.99669,200,1,"-4:1;-3:7;-2:13;-1:46;1:61;2:39;3:12;4:14;5:4;6:2;7:1",1.545
6871,4,5,52,"PostGuard(CW,1,0)",7,0.99,1.89206,200,1,"-5:1;-3:3;-2:17;-1:39;1:52;2:53;3:20;4:11;5:1;6:3",2.005
6871,4,5,53,"PostGuard(CCW,1,0)",7,0.94,1.99409,200,1,"-3:5;-2:18;-1:46;1:49;2:36;3:28;4:12;5:4;6:2",1.93
6871,4,5,54,"PostGuard(CW,1,1)",7,0.785,1.87584,200,1,"-4:1;-3:7;-2:13;-1:46;1:66;2:32;3:19;4:14;5:1;6:1",2
6871,4,5,55,"PostGuard(CCW,1,1)",7,0.785,1.89968,200,1,"-4:1;-3:3;-2:17;-1:48;1:67;2:34;3:12;4:12;5:3;6:3",2
6871,4,5,56,"PostGuard(CW,1,2)",7,0.695,2.01295,200,1,"-4:5;-3:7;-2:9;-1:53;1:57;2:34;3:22;4:7;5:4;6:2",2
6871,4,5,57,"PostGuard(CCW,1,2)",7,0.705,1.93338,200,1,"-3:5;-2:17;-1:56;1:54;2:37;3:14;4:12;5:2;6:3",2
6871,4,5,58,"PostGuard(CW,3,0)",7,1.025,1.92208,200,1,"-5:1;-4:2;-3:5;-2:13;-1:33;1:63;2:40;3:28;4:11;5:3;6:1",2
6871,4,5,59,"PostGuard(CCW,3,0)",7,0.865,1.90441,200,1,"-5:1;-3:8;-2:5;-1:54;1:56;2:38;3:23;4:12;5:1;6:2",2
6871,4,5,60,"PostGuard(CW,3,1)",7,1.005,2.03592,200,1,"-4:3;-3:4;-2:12;-1:45;1:59;2:26;3:30;4:14;5:5;6:2",2
6871,4,5,61,"PostGuard(CCW,3,1)",7,0.67,1.90292,200,1,"-3:7;-2:18;-1:49;1:65;2:28;3:20;4:7;5:5;6:1",2
6871,4,5,62,"PostGuard(CW,3,2)",7,0.36,1.91844,200,1,"-5:1;-4:6;-3:6;-2:19;-1:50;1:59;2:36;3:17;4:5;5:1",2
6871,4,5,63,"PostGuard(CCW,3,2)",7,0.605,1.95678,200,1,"-4:4;-3:7;-2:11;-1:56;1:60;2:26;3:25;4:7;5:3;6:1",2
6871,4,5,64,"PostGuard(CW,5,0)",7,1.115,2.02034,200,1,"-4:2;-3:2;-2:14;-1:42;1:58;2:35;3:23;4:11;5:12;6:1",2
6871,4,5,65,"PostGuard(CCW,5,0)",7,0.93,2.00127,200,1,"-4:2;-3:6;-2:17;-1:37;1:63;2:31;3:26;4:11;5:6;6:1",2
6871,4,5,66,"PostGuard(CW,5,1)",7,1.035,2.16189,200,1,"-4:2;-3:5;-2:16;-1:45;1:50;2:29;3:28;4:14;5:8;6:2;7:1",2
6871,4,5,67,"PostGuard(CCW,5,1)",7,0.69,1.88783,200,1,"-4:3;-3:7;-2:13;-1:46;1:63;2:40;3:17;4:7;5:3;6:1",2
6871,4,5,68,"PostGuard(CW,5,2)",7,0.695,2.08134,200,1,"-5:1;-4:3;-3:8;-2:17;-1:42;0:1;1:62;2:30;3:18;4:12;5:4;6:2",2
6871,4,5,69,"PostGuard(CCW,5,2)",7,1.08,1.96306,200,1,"-3:4;-2:15;-1:39;1:68;2:27;3:24;4:16;5:4;6:2;7:1",2
6871,4,5,70,"Pass",0,0.565,1.83733,200,1,"-5:1;-4:2;-3:3;-2:18;-1:51;1:69;2:28;3:19;4:5;5:4",2
7163,3,13,0,"Draw(CW,TEE)",1,1.12,1.59549,200,1,"-4:2;-2:8;-1:37;1:65;2:55;3:22;4:11",0.48
7163,3,13,1,"Draw(CCW,TEE)",1,1.79,1.34755,200,1,"-2:2;-1:18;1:58;2:65;3:36;4:21",0.515
7163,3,13,2,"Draw(CW,S0)",1,1.14,1.62493,200,1,"-2:11;-1:41;1:58;2:47;3:33;4:10",1.31
7163,3,13,3,"Draw(CCW,S0)",1,1.875,1.35992,200,1,"-3:1;-2:2;-1:14;1:57;2:62;3:41;4:23",1.885
7163,3,13,4,"Draw(CW,S2)",1,1.005,2.06518,200,1,"-2:14;-1:70;1:27;2:33;3:18;4:38",-1
7163,3,13,5,"Draw(CCW,S2)",1,0.8,2.17025,200,1,"-3:1;-2:25;-1:67;1:29;2:22;3:17;4:39",-1
7163,3,13,6,"Draw(CW,S4)",1,1.365,1.57854,200,1,"-2:13;-1:25;1:60;2:55;3:34;4:13",1.29
7163,3,13,7,"Draw(CCW,S4)",1,1.935,1.41449,200,1,"-2:3;-1:18;1:44;2:63;3:47;4:25",1.56
7163,3,13,8,"Draw(CW,S6)",1,1.07,2.14362,200,1,"-2:15;-1:71;1:23;2:21;3:30;4:40",-1
7163,3,13,9,"Draw(CCW,S6)",1,0.675,2.08072,200,1,"-3:1;-2:15;-1:87;1:24;2:18;3:25;4:30",-1
7163,3,13,10,"Draw(CW,L0)",1,1.275,1.93375,200,1,"-2:12;-1:54;1:30;2:34;3:45;4:25",-0.08
7163,3,13,11,"Draw(CCW,L0)",1,1.515,1.79437,200,1,"-4:1;-3:1;-2:9;-1:29;1:59;2:40;3:26;4:35",1.8
7163,3,13,12,"Draw(CW,L1)",1,0.86,1.86558,200,1,"-2:16;-1:63;1:41;2:27;3:40;4:13",-1
7163,3,13,13,"Draw(CCW,L1)",1,0.915,2.07552,200,1,"-2:14;-1:76;1:26;2:26;3:23;4:35",-1
7163,3,13,14,"Draw(CW,L2)",1,0.59,1.86866,200,1,"-3:1;-2:21;-1:71;1:31;2:32;3:37;4:7",-1
7163,3,13,15,"Draw(CCW,L2)",1,0.74,1.8145,200,1,"-2:24;-1:53;1:49;2:29;3:38;4:7",-1
7163,3,13,16,"Draw(CW,L3)",1,0.765,1.86809,200,1,"-2:17;-1:69;1:31;2:34;3:39;4:10",-1
7163,3,13,17,"Draw(CCW,L3)",1,0.985,1.94288,200,1,"-2:19;-1:58;1:30;2:30;3:49;4:14",-1
7163,3,13,18,"Draw(CW,L4)",1,-0.225,1.83695,200,1,"-4:1;-2:54;-1:77;1:25;2:17;3:19;4:7",-1
7163,3,13,19,"Draw(CCW,L4)",1,-0.18,1.84054,200,1,"-5:1;-2:51;-1:76;1:31;2:14;3:20;4:7",-1
7163,3,13,20,"Draw(CW,L5)",1,1.08,1.801,200,1,"-2:13;-1:55;1:33;2:41;3:50;4:8",-1
7163,3,13,21,"Draw(CCW,L5)",1,0.75,1.91246,200,1,"-2:20;-1:68;1:28;2:33;3:40;4:11",-1
7163,3,13,22,"Draw(CW,L6)",1,0.67,1.79753,200,1,"-2:19;-1:67;1:38;2:30;3:43;4:3",-1
7163,3,13,23,"Draw(CCW,L6)",1,0.775,1.8559,200,1,"-2:19;-1:63;1:39;2:30;3:39;4:10",-1
7163,3,13,24,"Draw(CW,L7)",1,0.51,1.74353,200,1,"-3:1;-2:19;-1:69;1:50;2:27;3:28;4:6",-1
7163,3,13,25,"Draw(CCW,L7)",1,0.77,1.84312,200,1,"-2:21;-1:61;1:32;2:39;3:41;4:6",-1
7163,3,13,26,"PreGuard(CW,G3)",2,0.75,1.81039,200,1,"-2:26;-1:52;1:37;2:38;3:47",-1
7163,3,13,27,"PreGuard(CCW,G3)",2,0.78,1.7865,200,1,"-3:1;-2:20;-1:56;1:37;2:42;3:42;4:2",-1
7163,3,13,28,"PreGuard(CW,G4)",2,-0.415,1.69787,200,1,"-4:1;-3:1;-2:58;-1:79;1:23;2:18;3:20",-1
7163,3,13,29,"PreGuard(CCW,G4)",2,-0.34,1.59198,200,1,"-2:52;-1:80;1:35;2:18;3:15",-1
7163,3,13,30,"PreGuard(CW,G5)",2,0.535,1.85439,200,1,"-4:2;-2:19;-1:74;1:28;2:33;3:43;4:1",-1
7163,3,13,31,"PreGuard(CCW,G5)",2,0.495,1.76917,200,1,"-3:2;-2:21;-1:69;1:35;2:39;3:33;4:1",-1
7163,3,13,32,"Hit(CW,2,TOUCH)",3,0.85,1.70514,200,1,"-2:13;-1:62;1:35;2:48;3:41;4:1",-1
7163,3,13,33,"Hit(CCW,2,TOUCH)",3,0.53,1.82732,200,1,"-3:1;-2:24;-1:68;1:31;2:37;3:36;4:3",-1
7163,3,13,34,"Hit(CW,2,WEAK)",3,0.745,1.75213,200,1,"-3:1;-2:19;-1:56;1:47;2:34;3:41;4:2",-1
7163,3,13,35,"Hit(CCW,2,WEAK)",3,0.315,1.8016,200,1,"-4:2;-3:5;-2:20;-1:69;1:44;2:31;3:27;4:2",-1
7163,3,13,36,"Hit(CW,2,MIDDLE)",3,-0.06,1.60823,200,1,"-5:1;-4:4;-3:8;-2:23;-1:56;1:90;2:10;3:7;4:1",-1
7163,3,13,37,"Hit(CCW,2,MIDDLE)",3,0.84,1.77888,200,1,"-2:20;-1:55;1:37;2:38;3:50",-1
7163,3,13,38,"Hit(CW,2,STRONG)",3,0.1,1.73781,200,1,"-5:1;-4:2;-3:13;-2:16;-1:57;1:82;2:12;3:13;4:4",-1
7163,3,13,39,"Hit(CCW,2,STRONG)",3,0.535,1.87584,200,1,"-4:1;-3:1;-2:27;-1:62;1:34;2:30;3:44;4:1",-1
7163,3,13,40,"Freeze(CW,2)",4,0.605,1.80249,200,1,"-2:25;-1:61;1:38;2:39;3:32;4:5",-1
7163,3,13,41,"Freeze(CCW,2)",4,0.635,1.73545,200,1,"-2:19;-1:64;1:43;2:43;3:24;4:7",-1
7163,3,13,42,"Hit(CW,6,TOUCH)",3,0.65,1.87283,200,1,"-2:26;-1:62;1:32;2:32;3:44;4:4",-1
7163,3,13,43,"Hit(CCW,6,TOUCH)",3,0.705,1.74871,200,1,"-2:22;-1:57;1:41;2:39;3:41",-1
7163,3,13,44,"Hit(CW,6,WEAK)",3,0.895,1.88785,200,1,"-2:22;-1:54;1:35;2:35;3:44;4:10",-1
7163,3,13,45,"Hit(CCW,6,WEAK)",3,0.59,1.84713,200,1,"-2:19;-1:75;1:33;2:29;3:36;4:8",-1
7163,3,13,46,"Hit(CW,6,MIDDLE)",3,0.555,1.82947,200,1,"-4:1;-2:27;-1:60;1:35;2:39;3:36;4:2",-0.96
7163,3,13,47,"Hit(CCW,6,MIDDLE)",3,0.82,1.85408,200,1,"-2:13;-1:71;1:33;2:33;3:38;4:12",-0.79
7163,3,13,48,"Hit(CW,6,STRONG)",3,0.855,1.64133,200,1,"-2:9;-1:63;1:47;2:38;3:43",-1.005
7163,3,13,49,"Hit(CCW,6,STRONG)",3,0.9,1.88149,200,1,"-2:14;-1:65;1:35;2:40;3:26;4:20",-0.705
7163,3,13,50,"Freeze(CW,6)",4,0.725,1.79147,200,1,"-4:1;-2:13;-1:71;1:32;2:37;3:44;4:2",-1
7163,3,13,51,"Freeze(CCW,6)",4,0.685,1.75664,200,1,"-4:1;-3:1;-2:23;-1:50;1:47;2:41;3:37",-1
7163,3,13,52,"Hit(CW,10,TOUCH)",3,1,2.07605,200,1,"-2:17;-1:68;1:20;2:36;3:26;4:33",-1
7163,3,13,53,"Hit(CCW,10,TOUCH)",3,0.61,1.81326,200,1,"-3:1;-2:19;-1:67;1:41;2:40;3:19;4:13",-1
7163,3,13,54,"Hit(CW,10,WEAK)",3,1.255,2.12837,200,1,"-4:1;-2:17;-1:55;1:24;2:27;3:38;4:38",-1
7163,3,13,55,"Hit(CCW,10,WEAK)",3,1.06,2.04118,200,1,"-2:19;-1:58;1:29;2:35;3:27;4:32",-0.98
7163,3,13,56,"Hit(CW,10,MIDDLE)",3,0.935,1.87371,200,1,"-2:11;-1:66;1:41;2:36;3:22;4:24",-1
7163,3,13,57,"Hit(CCW,10,MIDDLE)",3,0.755,1.56684,200,1,"-4:2;-3:1;-2:8;-1:47;1:94;2:25;3:11;4:12",-0.515
7163,3,13,58,"Hit(CW,10,STRONG)",3,0.895,2.00848,200,1,"-2:29;-1:49;1:33;2:33;3:37;4:19",-1
7163,3,13,59,"Hit(CCW,10,STRONG)",3,0.74,1.653,200,1,"-4:1;-3:1;-2:13;-1:52;1:73;2:27;3:26;4:7",-0.645
7163,3,13,60,"Freeze(CW,10)",4,0.78,1.93432,200,1,"-2:19;-1:68;1:30;2:34;3:32;4:17",-1
7163,3,13,61,"Freeze(CCW,10)",4,0.935,1.81405,200,1,"-2:15;-1:58;1:41;2:34;3:42;4:10",-1
7163,3,13,62,"Hit(CW,12,TOUCH)",3,1.775,1.27058,200,1,"-2:2;-1:17;1:53;2:75;3:39;4:14",1.71
7163,3,13,63,"Hit(CCW,12,TOUCH)",3,1.725,1.30743,200,1,"-2:2;-1:18;1:62;2:65;3:37;4:16",1.61
7163,3,13,64,"Hit(CW,12,WEAK)",3,2.54,1.49947,200,1,"-3:1;-1:16;1:26;2:33;3:61;4:63",2.915
7163,3,13,65,"Hit(CCW,12,WEAK)",3,2.39,1.56777,200,1,"-2:1;-1:21;1:24;2:47;3:45;4:62",2.88
7163,3,13,66,"Hit(CW,12,MIDDLE)",3,1.645,1.28801,200,1,"-2:1;-1:20;1:75;2:45;3:50;4:9",1.71
7163,3,13,67,"Hit(CCW,12,MIDDLE)",3,2.145,1.36527,200,1,"-3:1;-2:2;-1:17;1:23;2:55;3:88;4:14",1.985
7163,3,13,68,"Hit(CW,12,STRONG)",3,1.575,1.33954,200,1,"-2:3;-1:20;1:80;2:40;3:47;4:10",1.765
7163,3,13,69,"Hit(CCW,12,STRONG)",3,2.005,1.40178,200,1,"-2:1;-1:23;1:36;2:42;3:86;4:12",1.98
7163,3,13,70,"Freeze(CW,12)",4,1.305,1.75556,200,1,"-2:10;-1:43;1:46;2:47;3:32;4:22",-0.32
7163,3,13,71,"Freeze(CCW,12)",4,1.22,1.74402,200,1,"-5:1;-2:9;-1:41;1:61;2:35;3:35;4:18",-0.44
7163,3,13,72,"PostGuard(CW,9,0)",7,0.7,2.08327,200,1,"-2:19;-1:83;1:16;2:30;3:23;4:29",-1
7163,3,13,73,"PostGuard(CCW,9,0)",7,1.06,2.18092,200,1,"-2:22;-1:62;1:26;2:18;3:32;4:40",-1
7163,3,13,74,"PostGuard(CW,9,1)",7,0.475,1.96961,200,1,"-2:36;-1:64;1:24;2:26;3:45;4:5",-1
7163,3,13,75,"PostGuard(CCW,9,1)",7,0.435,1.94571,200,1,"-3:1;-2:36;-1:64;1:20;2:32;3:46;4:1",-1
7163,3,13,76,"PostGuard(CW,9,2)",7,0.335,1.9603,200,1,"-5:1;-2:40;-1:63;1:22;2:29;3:45",-1
7163,3,13,77,"PostGuard(CCW,9,2)",7,0.405,1.93932,200,1,"-2:38;-1:64;1:24;2:27;3:45;4:2",-1
7163,3,13,78,"PostGuard(CW,11,0)",7,0.905,1.86975,200,1,"-2:19;-1:56;1:40;2:33;3:39;4:13",-1
7163,3,13,79,"PostGuard(CCW,11,0)",7,0.86,1.90798,200,1,"-2:21;-1:59;1:31;2:38;3:38;4:13",-1
7163,3,13,80,"PostGuard(CW,11,1)",7,0.705,1.80775,200,1,"-2:23;-1:59;1:39;2:31;3:47;4:1",-1
7163,3,13,81,"PostGuard(CCW,11,1)",7,0.68,1.81593,200,1,"-2:25;-1:58;1:37;2:34;3:45;4:1",-1
7163,3,13,82,"PostGuard(CW,11,2)",7,0.755,1.78465,200,1,"-2:19;-1:62;1:36;2:34;3:49",-1
7163,3,13,83,"PostGuard(CCW,11,2)",7,0.495,1.79721,200,1,"-4:2;-2:26;-1:60;1:37;2:44;3:30;4:1",-1
7163,3,13,84,"Pass",0,0.63,1.72427,200,1,"-3:2;-2:19;-1:60;1:42;2:43;3:34",-1
5807,0,8,0,"Draw(CW,TEE)",1,-0.595,1.95729,200,1,"-5:4;-4:6;-3:19;-2:38;-1:62;1:36;2:25;3:7;4:2;5:1",1.615
5807,0,8,1,"Draw(CCW,TEE)",1,-0.78,1.81428,200,1,"-6:2;-5:1;-4:9;-3:22;-2:33;-1:62;0:1;1:55;2:10;3:4;4:1",2
5807,0,8,2,"Draw(CW,S0)",1,-0.715,2.18032,200,1,"-6:2;-5:6;-4:14;-3:18;-2:31;-1:52;1:48;2:20;3:3;4:4;5:2",1.635
5807,0,8,3,"Draw(CCW,S0)",1,-0.485,1.83024,200,1,"-6:1;-5:1;-4:5;-3:15;-2:35;-1:67;1:48;2:20;3:6;4:1;6:1",1.96
5807,0,8,4,"Draw(CW,S2)",1,-0.67,1.86577,200,1,"-5:1;-4:9;-3:20;-2:40;-1:61;1:41;2:20;3:6;4:1;5:1",2
5807,0,8,5,"Draw(CCW,S2)",1,-0.375,1.99358,200,1,"-6:1;-5:5;-4:10;-3:10;-2:27;-1:57;1:51;2:31;3:8",2
5807,0,8,6,"Draw(CW,S4)",1,-0.695,1.83357,200,1,"-5:3;-4:11;-3:19;-2:31;-1:61;1:55;2:16;3:3;4:1",1.635
5807,0,8,7,"Draw(CCW,S4)",1,-0.585,1.87957,200,1,"-6:1;-5:3;-4:2;-3:19;-2:34;-1:75;1:38;2:14;3:11;4:2;5:1",1.995
5807,0,8,8,"Draw(CW,S6)",1,-0.82,1.93845,200,1,"-6:2;-5:3;-4:9;-3:25;-2:29;-1:67;1:40;2:17;3:7;4:1",2
5807,0,8,9,"Draw(CCW,S6)",1,-0.555,2.19248,200,1,"-5:6;-4:12;-3:18;-2:32;-1:55;1:42;2:14;3:14;4:7",2
5807,0,8,10,"Draw(CW,L0)",1,-0.655,2.06542,200,1,"-5:6;-4:13;-3:15;-2:31;-1:61;1:46;2:17;3:7;4:3;6:1",1.305
5807,0,8,11,"Draw(CCW,L0)",1,-0.62,1.95847,200,1,"-6:1;-5:2;-4:14;-3:18;-2:21;-1:70;1:44;2:22;3:6;4:2",1.53
5807,0,8,12,"Draw(CW,L1)",1,-0.585,1.97301,200,1,"-6:2;-5:4;-4:8;-3:15;-2:30;-1:65;1:46;2:22;3:5;4:3",2
5807,0,8,13,"Draw(CCW,L1)",1,-0.38,2.05319,200,1,"-6:3;-5:4;-4:10;-3:12;-2:20;-1:60;1:54;2:29;3:6;4:2",2
5807,0,8,14,"Draw(CW,L2)",1,-0.34,2.09628,200,1,"-5:4;-4:13;-3:15;-2:25;-1:51;1:50;2:31;3:6;4:5",2
5807,0,8,15,"Draw(CCW,L2)",1,-0.77,2.04135,200,1,"-5:6;-4:13;-3:23;-2:32;-1:51;1:48;2:18;3:8;4:1",2
5807,0,8,16,"Draw(CW,L3)",1,-0.56,1.9433,200,1,"-6:1;-5:1;-4:9;-3:21;-2:31;-1:60;1:48;2:18;3:8;4:3",2
5807,0,8,17,"Draw(CCW,L3)",1,-0.43,1.98119,200,1,"-6:1;-5:2;-4:8;-3:15;-2:31;-1:63;1:48;2:17;3:10;4:5",2
5807,0,8,18,"Draw(CW,L4)",1,-0.34,2.0284,200,1,"-6:1;-5:2;-4:13;-3:13;-2:21;-1:60;1:57;2:20;3:9;4:3;5:1",2
5807,0,8,19,"Draw(CCW,L4)",1,-0.695,1.9601,200,1,"-6:2;-5:3;-4:12;-3:15;-2:28;-1:71;1:40;2:20;3:8;4:1",2
5807,0,8,20,"Draw(CW,L5)",1,-0.55,1.90197,200,1,"-5:4;-4:6;-3:23;-2:27;-1:60;1:53;2:18;3:8;4:1",2
5807,0,8,21,"Draw(CCW,L5)",1,-0.515,1.84113,200,1,"-5:1;-4:12;-3:13;-2:29;-1:67;0:1;1:51;2:17;3:7;4:2",2
5807,0,8,22,"Draw(CW,L6)",1,-0.485,2.11418,200,1,"-5:4;-4:10;-3:19;-2:34;-1:52;1:45;2:21;3:8;4:6;5:1",2
5807,0,8,23,"Draw(CCW,L6)",1,-0.71,1.8428,200,1,"-5:2;-4:13;-3:18;-2:36;-1:54;1:60;2:13;3:2;4:2",2
5807,0,8,24,"Draw(CW,L7)",1,-0.68,2.14187,200,1,"-6:1;-5:6;-4:11;-3:24;-2:28;-1:55;1:36;2:29;3:8;4:1;5:1",2
5807,0,8,25,"Draw(CCW,L7)",1,-0.54,1.74883,200,1,"-5:1;-4:5;-3:21;-2:29;-1:70;1:46;2:23;3:4;4:1",2
5807,0,8,26,"PreGuard(CW,G3)",2,-0.415,2.15239,200,1,"-6:1;-5:7;-4:11;-3:16;-2:24;-1:48;1:56;2:22;3:14;4:1",2
5807,0,8,27,"PreGuard(CCW,G3)",2,-0.43,1.83714,200,1,"-5:2;-4:8;-3:12;-2:35;-1:60;0:1;1:53;2:19;3:9;4:1",2
5807,0,8,28,"PreGuard(CW,G4)",2,-0.22,2.07162,200,1,"-6:2;-5:4;-4:5;-3:15;-2:24;-1:56;1:49;2:31;3:11;4:2;5:1",2
5807,0,8,29,"PreGuard(CCW,G4)",2,-0.275,2.02962,200,1,"-6:1;-5:3;-4:10;-3:10;-2:26;-1:61;1:47;2:27;3:13;4:1;5:1",2
5807,0,8,30,"PreGuard(CW,G5)",2,-0.49,1.93129,200,1,"-6:1;-5:2;-4:8;-3:19;-2:25;-1:67;0:1;1:41;2:26;3:9;4:1",2
5807,0,8,31,"PreGuard(CCW,G5)",2,-0.395,2.07581,200,1,"-6:2;-5:2;-4:11;-3:14;-2:30;-1:53;1:53;2:20;3:11;4:4",2
5807,0,8,32,"Hit(CW,3,TOUCH)",3,-0.47,2.13755,200,1,"-5:9;-4:7;-3:16;-2:22;-1:68;1:39;2:23;3:12;4:2;5:2",2
5807,0,8,33,"Hit(CCW,3,TOUCH)",3,-0.585,1.82285,200,1,"-5:2;-4:9;-3:17;-2:29;-1:70;1:48;2:16;3:8;4:1",2
5807,0,8,34,"Hit(CW,3,WEAK)",3,-0.52,1.72035,200,1,"-4:4;-3:21;-2:29;-1:75;1:44;2:17;3:10",2.135
5807,0,8,35,"Hit(CCW,3,WEAK)",3,-0.47,2.00726,200,1,"-6:1;-5:2;-4:12;-3:14;-2:29;-1:61;1:47;2:21;3:10;4:3",2.21
5807,0,8,36,"Hit(CW,3,MIDDLE)",3,-0.36,1.72348,200,1,"-4:3;-3:9;-2:33;-1:84;1:47;2:11;3:6;4:5;5:2",2.8
5807,0,8,37,"Hit(CCW,3,MIDDLE)",3,-0.57,1.8507,200,1,"-5:1;-4:6;-3:19;-2:30;-1:78;1:42;2:12;3:6;4:5;6:1",1.985
5807,0,8,38,"Hit(CW,3,STRONG)",3,-0.39,1.87294,200,1,"-5:1;-4:5;-3:17;-2:29;-1:73;1:41;2:18;3:12;4:4",2.805
5807,0,8,39,"Hit(CCW,3,STRONG)",3,-0.635,2.0129,200,1,"-5:3;-4:7;-3:24;-2:39;-1:54;1:44;2:20;3:4;4:2;5:2;6:1",1.97
5807,0,8,40,"Freeze(CW,3)",4,-0.385,2.10874,200,1,"-6:2;-5:3;-4:7;-3:19;-2:28;-1:55;1:47;2:24;3:10;4:4;5:1",2
5807,0,8,41,"Freeze(CCW,3)",4,-0.545,1.84336,200,1,"-6:1;-5:2;-4:8;-3:14;-2:31;-1:69;1:48;2:17;3:10",2
5807,0,8,42,"Hit(CW,5,TOUCH)",3,-0.445,1.87269,200,1,"-4:9;-3:15;-2:39;-1:56;1:50;2:19;3:11;5:1",2.095
5807,0,8,43,"Hit(CCW,5,TOUCH)",3,-0.795,2.04523,200,1,"-7:1;-5:3;-4:13;-3:23;-2:31;-1:62;1:43;2:12;3:9;4:1;5:2",1.515
5807,0,8,44,"Hit(CW,5,WEAK)",3,-0.96,1.86236,200,1,"-6:1;-5:4;-4:9;-3:26;-2:33;-1:70;1:38;2:14;3:3;4:1;5:1",0.785
5807,0,8,45,"Hit(CCW,5,WEAK)",3,-0.84,1.97089,200,1,"-7:2;-6:1;-5:3;-4:11;-3:22;-2:32;-1:56;1:52;2:18;3:3",1.145
5807,0,8,46,"Hit(CW,5,MIDDLE)",3,-1.295,1.75726,200,1,"-5:4;-4:14;-3:31;-2:43;-1:65;1:31;2:8;3:2;4:2",1.115
5807,0,8,47,"Hit(CCW,5,MIDDLE)",3,-0.725,1.66414,200,1,"-5:1;-4:8;-3:15;-2:34;-1:81;1:43;2:13;3:3;4:2",1.965
5807,0,8,48,"Hit(CW,5,STRONG)",3,-1.295,2.0342,200,1,"-6:2;-5:9;-4:22;-3:20;-2:31;-1:67;1:28;2:18;3:2;5:1",1.015
5807,0,8,49,"Hit(CCW,5,STRONG)",3,-0.63,1.78972,200,1,"-5:1;-4:5;-3:18;-2:39;-1:73;1:39;2:14;3:8;4:2;5:1",1.895
5807,0,8,50,"Freeze(CW,5)",4,-0.435,1.86434,200,1,"-6:1;-4:6;-3:19;-2:23;-1:76;1:44;2:20;3:8;4:1;5:2",2.135
5807,0,8,51,"Freeze(CCW,5)",4,-0.435,1.99644,200,1,"-5:3;-4:10;-3:18;-2:24;-1:63;1:45;2:28;3:6;4:2;6:1",1.75
5807,0,8,52,"Hit(CW,7,TOUCH)",3,-0.645,1.91807,200,1,"-5:2;-4:11;-3:20;-2:31;-1:64;1:46;2:17;3:6;4:2;5:1",1.855
5807,0,8,53,"Hit(CCW,7,TOUCH)",3,-0.58,1.85569,200,1,"-5:3;-4:9;-3:14;-2:37;-1:61;1:49;2:18;3:9",2
5807,0,8,54,"Hit(CW,7,WEAK)",3,-0.825,1.78728,200,1,"-5:4;-4:8;-3:22;-2:33;-1:68;0:1;1:46;2:15;3:2;5:1",1.24
5807,0,8,55,"Hit(CCW,7,WEAK)",3,-1.03,2.19068,200,1,"-6:4;-5:5;-4:19;-3:23;-2:32;-1:50;1:47;2:10;3:6;4:3;5:1",1.195
5807,0,8,56,"Hit(CW,7,MIDDLE)",3,-1.1,1.83848,200,1,"-5:11;-4:10;-3:25;-2:27;-1:65;1:56;2:5;3:1",1.025
5807,0,8,57,"Hit(CCW,7,MIDDLE)",3,-1.25,1.89671,200,1,"-6:2;-5:4;-4:19;-3:30;-2:34;-1:53;1:50;2:5;3:3",0.655
5807,0,8,58,"Hit(CW,7,STRONG)",3,-1.075,2.01479,200,1,"-6:1;-5:5;-4:18;-3:21;-2:33;-1:70;1:32;2:11;3:5;4:2;5:2",1.05
5807,0,8,59,"Hit(CCW,7,STRONG)",3,-1.205,1.87962,200,1,"-5:8;-4:17;-3:24;-2:36;-1:59;1:45;2:9;3:1;4:1",0.655
5807,0,8,60,"Freeze(CW,7)",4,-0.625,1.81779,200,1,"-5:4;-4:4;-3:19;-2:38;-1:62;1:47;2:21;3:3;4:2",2
5807,0,8,61,"Freeze(CCW,7)",4,-0.4,1.96723,200,1,"-6:1;-5:3;-4:4;-3:20;-2:26;-1:65;1:46;2:20;3:12;4:3",2
5807,0,8,62,"PostGuard(CW,2,0)",7,-0.405,1.93932,200,1,"-6:1;-5:3;-4:9;-3:13;-2:30;-1:56;1:54;2:26;3:7;4:1",2
5807,0,8,63,"PostGuard(CCW,2,0)",7,-0.68,1.9969,200,1,"-6:2;-5:4;-4:10;-3:23;-2:25;-1:57;1:53;2:20;3:5;4:1",2
5807,0,8,64,"PostGuard(CW,2,1)",7,-0.64,2.02,200,1,"-5:6;-4:11;-3:20;-2:29;-1:55;1:48;2:24;3:5;4:2",2
5807,0,8,65,"PostGuard(CCW,2,1)",7,-0.615,1.91749,200,1,"-6:1;-5:4;-4:10;-3:12;-2:31;-1:70;1:43;2:21;3:6;4:2",2
5807,0,8,66,"PostGuard(CW,2,2)",7,-0.615,1.93824,200,1,"-6:1;-5:3;-4:7;-3:21;-2:29;-1:69;1:33;2:30;3:5;4:2",2
5807,0,8,67,"PostGuard(CCW,2,2)",7,-0.595,1.92898,200,1,"-5:4;-4:9;-3:17;-2:30;-1:65;1:48;2:21;3:4;4:1;7:1",2
5807,0,8,68,"PostGuard(CW,4,0)",7,-0.48,2.04929,200,1,"-6:1;-5:2;-4:4;-3:27;-2:34;-1:50;1:51;2:17;3:8;4:5;6:1",2
5807,0,8,69,"PostGuard(CCW,4,0)",7,-0.6,2.02731,200,1,"-5:5;-4:7;-3:19;-2:34;-1:65;1:39;2:15;3:10;4:6",2
5807,0,8,70,"PostGuard(CW,4,1)",7,-0.135,2.0191,200,1,"-6:1;-5:4;-4:5;-3:17;-2:19;-1:54;1:55;2:28;3:17",2
5807,0,8,71,"PostGuard(CCW,4,1)",7,-0.335,2.05494,200,1,"-5:2;-4:9;-3:17;-2:32;-1:54;1:49;2:18;3:15;4:2;5:2",2
5807,0,8,72,"PostGuard(CW,4,2)",7,-0.13,1.99326,200,1,"-6:1;-5:2;-4:3;-3:20;-2:26;-1:48;1:57;2:27;3:14;4:1;5:1",2
5807,0,8,73,"PostGuard(CCW,4,2)",7,-0.175,2.15276,200,1,"-6:2;-5:6;-4:8;-3:10;-2:19;-1:58;1:52;2:27;3:14;4:3;5:1",2
5807,0,8,74,"PostGuard(CW,6,0)",7,-0.225,1.8478,200,1,"-6:2;-4:6;-3:9;-2:25;-1:68;1:61;2:18;3:6;4:4;5:1",2
5807,0,8,75,"PostGuard(CCW,6,0)",7,-0.21,1.74238,200,1,"-4:3;-3:16;-2:30;-1:58;1:61;2:22;3:9;4:1",2
5807,0,8,76,"PostGuard(CW,6,1)",7,-0.43,2.08209,200,1,"-6:1;-5:4;-4:9;-3:19;-2:34;-1:42;1:52;2:27;3:11;4:1",2
5807,0,8,77,"PostGuard(CCW,6,1)",7,-0.495,2.06155,200,1,"-6:2;-5:3;-4:10;-3:18;-2:25;-1:60;1:46;2:26;3:7;4:2;5:1",2
5807,0,8,78,"PostGuard(CW,6,2)",7,-0.43,2.06521,200,1,"-5:5;-4:9;-3:22;-2:27;-1:46;1:54;2:25;3:11;4:1",2
5807,0,8,79,"PostGuard(CCW,6,2)",7,-0.11,1.88359,200,1,"-6:1;-4:6;-3:17;-2:25;-1:46;1:66;2:30;3:7;4:2",2
5807,0,8,80,"Pass",0,-0.705,1.99198,200,1,"-6:1;-5:3;-4:13;-3:15;-2:39;-1:57;0:1;1:43;2:18;3:7;4:3",2
5567,2,15,0,"Draw(CW,TEE)",1,1.755,0.717618,200,1,"-1:11;1:16;2:173",1.755
5567,2,15,1,"Draw(CCW,TEE)",1,-0.68,0.733212,200,1,"-1:168;1:32",-0.68
5567,2,15,2,"Draw(CW,S0)",1,1.84,0.586856,200,1,"-1:7;1:11;2:182",1.84
5567,2,15,3,"Draw(CCW,S0)",1,0.25,0.968246,200,1,"-1:75;1:125",0.25
5567,2,15,4,"Draw(CW,S2)",1,1.205,0.955497,200,1,"-1:25;1:84;2:91",1.205
5567,2,15,5,"Draw(CCW,S2)",1,-0.69,0.744245,200,1,"-1:170;1:28;2:2",-0.69
5567,2,15,6,"Draw(CW,S4)",1,1.875,0.509289,200,1,"-1:5;1:10;2:185",1.875
5567,2,15,7,"Draw(CCW,S4)",1,-0.365,0.939029,200,1,"-1:137;1:62;2:1",-0.365
5567,2,15,8,"Draw(CW,S6)",1,-1,0,200,1,"-1:200",-1
5567,2,15,9,"Draw(CCW,S6)",1,-1,0,200,1,"-1:200",-1
5567,2,15,10,"Draw(CW,L0)",1,1.11,1.29919,200,1,"-1:53;1:19;2:128",1.11
5567,2,15,11,"Draw(CCW,L0)",1,0.16,0.987117,200,1,"-1:84;1:116",0.16
5567,2,15,12,"Draw(CW,L1)",1,1.73,0.785557,200,1,"-1:14;1:12;2:174",1.73
5567,2,15,13,"Draw(CCW,L1)",1,-1,0,200,1,"-1:200",-1
5567,2,15,14,"Draw(CW,L2)",1,-1,0,200,1,"-1:200",-1
5567,2,15,15,"Draw(CCW,L2)",1,-1,0,200,1,"-1:200",-1
5567,2,15,16,"Draw(CW,L3)",1,-1,0,200,1,"-1:200",-1
5567,2,15,17,"Draw(CCW,L3)",1,-1,0,200,1,"-1:200",-1
5567,2,15,18,"Draw(CW,L4)",1,-1,0,200,1,"-1:200",-1
5567,2,15,19,"Draw(CCW,L4)",1,-1,0,200,1,"-1:200",-1
5567,2,15,20,"Draw(CW,L5)",1,-1,0,200,1,"-1:200",-1
5567,2,15,21,"Draw(CCW,L5)",1,-1,0,200,1,"-1:200",-1
5567,2,15,22,"Draw(CW,L6)",1,-1,0,200,1,"-1:200",-1
5567,2,15,23,"Draw(CCW,L6)",1,-1,0,200,1,"-1:200",-1
5567,2,15,24,"Draw(CW,L7)",1,-1,0,200,1,"-1:200",-1
5567,2,15,25,"Draw(CCW,L7)",1,-1,0,200,1,"-1:200",-1
5567,2,15,26,"PreGuard(CW,G3)",2,-1,0,200,1,"-1:200",-1
5567,2,15,27,"PreGuard(CCW,G3)",2,-1,0,200,1,"-1:200",-1
5567,2,15,28,"PreGuard(CW,G4)",2,-1,0,200,1,"-1:200",-1
5567,2,15,29,"PreGuard(CCW,G4)",2,-1,0,200,1,"-1:200",-1
5567,2,15,30,"PreGuard(CW,G5)",2,-1,0,200,1,"-1:200",-1
5567,2,15,31,"PreGuard(CCW,G5)",2,-1,0,200,1,"-1:200",-1
5567,2,15,32,"Hit(CW,2,TOUCH)",3,1.68,0.870402,200,1,"-1:18;1:10;2:172",1.68
5567,2,15,33,"Hit(CCW,2,TOUCH)",3,0,1,200,1,"-1:100;1:100",0
5567,2,15,34,"Hit(CW,2,WEAK)",3,1.865,0.420446,200,1,"-1:2;1:21;2:177",1.865
5567,2,15,35,"Hit(CCW,2,WEAK)",3,0.305,1.06394,200,1,"-1:77;1:108;2:15",0.305
5567,2,15,36,"Hit(CW,2,MIDDLE)",3,0.775,1.15947,200,1,"-1:54;1:83;2:63",0.775
5567,2,15,37,"Hit(CCW,2,MIDDLE)",3,1.66,0.473709,200,1,"1:68;2:132",1.66
5567,2,15,38,"Hit(CW,2,STRONG)",3,0.635,1.10081,200,1,"-1:57;1:102;2:41",0.635
5567,2,15,39,"Hit(CCW,2,STRONG)",3,1.68,0.466476,200,1,"1:64;2:136",1.68
5567,2,15,40,"Freeze(CW,2)",4,1.45,1.08513,200,1,"-1:31;1:17;2:152",1.45
5567,2,15,41,"Freeze(CCW,2)",4,-0.475,0.888468,200,1,"-1:148;1:51;2:1",-0.475
5567,2,15,42,"Hit(CW,4,TOUCH)",3,-1,0,200,1,"-1:200",-1
5567,2,15,43,"Hit(CCW,4,TOUCH)",3,1.665,0.907069,200,1,"-1:20;1:7;2:173",1.665
5567,2,15,44,"Hit(CW,4,WEAK)",3,-1.435,1.18986,200,1,"-4:2;-3:39;-2:51;-1:84;1:24",-1.435
5567,2,15,45,"Hit(CCW,4,WEAK)",3,0.345,1.27514,200,1,"-3:1;-2:6;-1:75;1:77;2:41",0.345
5567,2,15,46,"Hit(CW,4,MIDDLE)",3,0.965,1.5342,200,1,"-3:8;-2:13;-1:27;1:34;2:118",0.965
5567,2,15,47,"Hit(CCW,4,MIDDLE)",3,-2.2,0.781025,200,1,"-3:73;-2:101;-1:23;1:2;2:1",-2.2
5567,2,15,48,"Hit(CW,4,STRONG)",3,1.21,1.35864,200,1,"-3:3;-2:8;-1:30;1:21;2:138",1.21
5567,2,15,49,"Hit(CCW,4,STRONG)",3,-2.245,0.784203,200,1,"-3:80;-2:97;-1:19;1:4",-2.245
5567,2,15,50,"Freeze(CW,4)",4,-1,0,200,1,"-1:200",-1
5567,2,15,51,"Freeze(CCW,4)",4,1.225,1.23466,200,1,"-1:45;1:20;2:135",1.225
5567,2,15,52,"Hit(CW,6,TOUCH)",3,-0.99,0.141067,200,1,"-1:199;1:1",-0.99
5567,2,15,53,"Hit(CCW,6,TOUCH)",3,-0.06,1.17745,200,1,"-1:119;1:55;2:26",-0.06
5567,2,15,54,"Hit(CW,6,WEAK)",3,0.49,1.3856,200,1,"-1:88;1:43;2:64;3:5",0.49
5567,2,15,55,"Hit(CCW,6,WEAK)",3,1.23,1.21947,200,1,"-1:39;1:51;2:96;3:14",1.23
5567,2,15,56,"Hit(CW,6,MIDDLE)",3,1.06,0.407922,200,1,"-1:2;1:187;2:6;3:5",1.06
5567,2,15,57,"Hit(CCW,6,MIDDLE)",3,-0.245,1.30191,200,1,"-1:149;1:4;2:45;3:2",-0.245
5567,2,15,58,"Hit(CW,6,STRONG)",3,1.055,0.286313,200,1,"-1:1;1:186;2:13",1.055
5567,2,15,59,"Hit(CCW,6,STRONG)",3,-0.1,1.3784,200,1,"-1:139;1:7;2:50;3:4",-0.1
5567,2,15,60,"Freeze(CW,6)",4,-1,0,200,1,"-1:200",-1
5567,2,15,61,"Freeze(CCW,6)",4,-0.785,0.654809,200,1,"-1:180;1:17;2:3",-0.785
5567,2,15,62,"Hit(CW,8,TOUCH)",3,1.13,1.25821,200,1,"-1:49;1:27;2:124",1.13
5567,2,15,63,"Hit(CCW,8,TOUCH)",3,0.11,1.30687,200,1,"-1:113;1:39;2:48",0.11
5567,2,15,64,"Hit(CW,8,WEAK)",3,1.885,0.319022,200,1,"1:23;2:177",1.885
5567,2,15,65,"Hit(CCW,8,WEAK)",3,1.435,0.579461,200,1,"-1:3;1:104;2:93",1.435
5567,2,15,66,"Hit(CW,8,MIDDLE)",3,0.935,0.843075,200,1,"-1:26;1:135;2:39",0.935
5567,2,15,67,"Hit(CCW,8,MIDDLE)",3,1.88,0.442267,200,1,"-1:3;1:15;2:182",1.88
5567,2,15,68,"Hit(CW,8,STRONG)",3,1.015,0.85719,200,1,"-1:24;1:125;2:51",1.015
5567,2,15,69,"Hit(CCW,8,STRONG)",3,1.855,0.493938,200,1,"-1:4;1:17;2:179",1.855
5567,2,15,70,"Freeze(CW,8)",4,0.2,1.30767,200,1,"-1:105;1:45;2:50",0.2
5567,2,15,71,"Freeze(CCW,8)",4,-0.49,0.99995,200,1,"-1:157;1:27;2:16",-0.49
5567,2,15,72,"Hit(CW,10,TOUCH)",3,1.07,1.18958,200,1,"-1:45;1:51;2:104",1.07
5567,2,15,73,"Hit(CCW,10,TOUCH)",3,0.58,1.34298,200,1,"-1:80;1:44;2:76",0.58
5567,2,15,74,"Hit(CW,10,WEAK)",3,1.845,0.401217,200,1,"-1:1;1:28;2:171",1.845
5567,2,15,75,"Hit(CCW,10,WEAK)",3,1.605,0.488851,200,1,"1:79;2:121",1.605
5567,2,15,76,"Hit(CW,10,MIDDLE)",3,1.07,0.758353,200,1,"-1:17;1:135;2:48",1.07
5567,2,15,77,"Hit(CCW,10,MIDDLE)",3,1.81,0.681102,200,1,"-3:1;-2:2;-1:3;1:16;2:178",1.81
5567,2,15,78,"Hit(CW,10,STRONG)",3,1.225,0.61998,200,1,"-1:7;1:134;2:59",1.225
5567,2,15,79,"Hit(CCW,10,STRONG)",3,1.78,0.756042,200,1,"-3:1;-1:10;1:9;2:180",1.78
5567,2,15,80,"Freeze(CW,10)",4,-0.61,0.84729,200,1,"-1:164;1:30;2:6",-0.61
5567,2,15,81,"Freeze(CCW,10)",4,-0.635,0.83772,200,1,"-1:167;1:26;2:7",-0.635
5567,2,15,82,"Hit(CW,12,TOUCH)",3,-0.115,1.01576,200,1,"-1:113;1:84;2:3",-0.115
5567,2,15,83,"Hit(CCW,12,TOUCH)",3,1.025,0.961444,200,1,"-1:30;1:105;2:65",1.025
5567,2,15,84,"Hit(CW,12,WEAK)",3,1.345,0.495959,200,1,"1:133;2:65;3:2",1.345
5567,2,15,85,"Hit(CCW,12,WEAK)",3,1.145,0.366026,200,1,"1:172;2:27;3:1",1.145
5567,2,15,86,"Hit(CW,12,MIDDLE)",3,0.99,0.141067,200,1,"-1:1;1:199",0.99
5567,2,15,87,"Hit(CCW,12,MIDDLE)",3,1.17,0.749066,200,1,"-1:12;1:136;2:46;3:6",1.17
5567,2,15,88,"Hit(CW,12,STRONG)",3,0.985,0.211601,200,1,"-1:2;1:197;2:1",0.985
5567,2,15,89,"Hit(CCW,12,STRONG)",3,1.225,0.651441,200,1,"-1:7;1:138;2:51;3:4",1.225
5567,2,15,90,"Freeze(CW,12)",4,-0.95,0.31225,200,1,"-1:195;1:5",-0.95
5567,2,15,91,"Freeze(CCW,12)",4,-0.69,0.764133,200,1,"-1:171;1:25;2:4",-0.69
5567,2,15,92,"PostGuard(CW,3,0)",7,-1,0,200,1,"-1:200",-1
5567,2,15,93,"PostGuard(CCW,3,0)",7,-1,0,200,1,"-1:200",-1
5567,2,15,94,"PostGuard(CW,3,1)",7,-1,0,200,1,"-1:200",-1
5567,2,15,95,"PostGuard(CCW,3,1)",7,-1,0,200,1,"-1:200",-1
5567,2,15,96,"PostGuard(CW,3,2)",7,-1,0,200,1,"-1:200",-1
5567,2,15,97,"PostGuard(CCW,3,2)",7,-1,0,200,1,"-1:200",-1
5567,2,15,98,"PostGuard(CW,7,0)",7,-1,0,200,1,"-1:200",-1
5567,2,15,99,"PostGuard(CCW,7,0)",7,-0.98,0.198997,200,1,"-1:198;1:2",-0.98
5567,2,15,100,"PostGuard(CW,7,1)",7,-1,0,200,1,"-1:200",-1
5567,2,15,101,"PostGuard(CCW,7,1)",7,-1,0,200,1,"-1:200",-1
5567,2,15,102,"PostGuard(CW,7,2)",7,-1,0,200,1,"-1:200",-1
5567,2,15,103,"PostGuard(CCW,7,2)",7,-1,0,200,1,"-1:200",-1
5567,2,15,104,"PostGuard(CW,9,0)",7,-1,0,200,1,"-1:200",-1
5567,2,15,105,"PostGuard(CCW,9,0)",7,-1,0,200,1,"-1:200",-1
5567,2,15,106,"PostGuard(CW,9,1)",7,-1,0,200,1,"-1:200",-1
5567,2,15,107,"PostGuard(CCW,9,1)",7,-1,0,200,1,"-1:200",-1
5567,2,15,108,"PostGuard(CW,9,2)",7,-1,0,200,1,"-1:200",-1
5567,2,15,109,"PostGuard(CCW,9,2)",7,-1,0,200,1,"-1:200",-1
5567,2,15,110,"PostGuard(CW,11,0)",7,-1,0,200,1,"-1:200",-1
5567,2,15,111,"PostGuard(CCW,11,0)",7,-0.99,0.141067,200,1,"-1:199;1:1",-0.99
5567,2,15,112,"PostGuard(CW,11,1)",7,-1,0,200,1,"-1:200",-1
5567,2,15,113,"PostGuard(CCW,11,1)",7,-1,0,200,1,"-1:200",-1
5567,2,15,114,"PostGuard(CW,11,2)",7,-1,0,200,1,"-1:200",-1
5567,2,15,115,"PostGuard(CCW,11,2)",7,-1,0,200,1,"-1:200",-1
5567,2,15,116,"PostGuard(CW,13,0)",7,-1,0,200,1,"-1:200",-1
5567,2,15,117,"PostGuard(CCW,13,0)",7,-1,0,200,1,"-1:200",-1
5567,2,15,118,"PostGuard(CW,13,1)",7,-1,0,200,1,"-1:200",-1
5567,2,15,119,"PostGuard(CCW,13,1)",7,-1,0,200,1,"-1:200",-1
5567,2,15,120,"PostGuard(CW,13,2)",7,-1,0,200,1,"-1:200",-1
5567,2,15,121,"PostGuard(CCW,13,2)",7,-1,0,200,1,"-1:200",-1
5567,2,15,122,"PostGuard(CW,15,0)",7,-1,0,200,1,"-1:200",-1
5567,2,15,123,"PostGuard(CCW,15,0)",7,-1,0,200,1,"-1:200",-1
5567,2,15,124,"PostGuard(CW,15,1)",7,-1,0,200,1,"-1:200",-1
5567,2,15,125,"PostGuard(CCW,15,1)",7,-1,0,200,1,"-1:200",-1
5567,2,15,126,"PostGuard(CW,15,2)",7,-1,0,200,1,"-1:200",-1
5567,2,15,127,"PostGuard(CCW,15,2)",7,-1,0,200,1,"-1:200",-1
5567,2,15,128,"Pass",0,-1,0,200,1,"-1:200",-1
2507,3,11,0,"Draw(CW,TEE)",1,0.46,2.45528,200,1,"-4:1;-3:13;-2:36;-1:55;1:25;2:19;3:20;4:18;5:11;6:2",-1.455
2507,3,11,1,"Draw(CCW,TEE)",1,0.6,2.02978,200,1,"-4:1;-3:4;-2:13;-1:72;1:58;2:13;3:18;4:11;5:8;6:2",-0.4
2507,3,11,2,"Draw(CW,S0)",1,0.67,2.25191,200,1,"-3:9;-2:24;-1:59;1:34;2:24;3:28;4:11;5:9;6:1;7:1",-1.145
2507,3,11,3,"Draw(CCW,S0)",1,0.37,2.11733,200,1,"-4:2;-3:4;-2:32;-1:60;1:50;2:19;3:14;4:9;5:8;6:2",-0.315
2507,3,11,4,"Draw(CW,S2)",1,0.295,1.83248,200,1,"-4:1;-3:5;-2:21;-1:68;1:61;2:21;3:12;4:7;5:3;6:1",-0.33
2507,3,11,5,"Draw(CCW,S2)",1,0.455,2.23338,200,1,"-4:1;-3:3;-2:39;-1:60;1:29;2:23;3:24;4:14;5:3;6:4",-1
2507,3,11,6,"Draw(CW,S4)",1,0.375,2.26812,200,1,"-3:5;-2:40;-1:63;1:34;2:14;3:18;4:15;5:9;6:2",-1.285
2507,3,11,7,"Draw(CCW,S4)",1,0.63,2.13145,200,1,"-3:10;-2:18;-1:60;1:45;2:24;3:24;4:11;5:5;6:3",-0.2
2507,3,11,8,"Draw(CW,S6)",1,0.175,2.16203,200,1,"-4:1;-3:9;-2:38;-1:63;1:30;2:28;3:15;4:9;5:4;6:3",-1
2507,3,11,9,"Draw(CCW,S6)",1,0.26,2.35847,200,1,"-4:1;-3:10;-2:39;-1:66;1:20;2:21;3:16;4:19;5:5;6:2;7:1",-1.01
2507,3,11,10,"Draw(CW,L0)",1,0.91,2.34348,200,1,"-4:1;-3:2;-2:23;-1:60;1:43;2:13;3:27;4:16;5:10;6:2;7:2;8:1",-1.06
2507,3,11,11,"Draw(CCW,L0)",1,0.28,2.13579,200,1,"-4:1;-3:6;-2:33;-1:72;1:22;2:29;3:16;4:17;5:4",-0.875
2507,3,11,12,"Draw(CW,L1)",1,0.025,2.1341,200,1,"-6:1;-5:2;-4:2;-3:12;-2:33;-1:55;1:44;2:27;3:15;4:4;5:3;6:2",0.265
2507,3,11,13,"Draw(CCW,L1)",1,0.29,2.12271,200,1,"-3:5;-2:41;-1:59;1:38;2:22;3:16;4:13;5:4;6:2",-1
2507,3,11,14,"Draw(CW,L2)",1,0.32,2.25335,200,1,"-4:2;-3:10;-2:34;-1:58;1:34;2:23;3:18;4:13;5:7;7:1",-1
2507,3,11,15,"Draw(CCW,L2)",1,0.055,2.1661,200,1,"-6:1;-5:2;-3:10;-2:35;-1:64;1:38;2:20;3:11;4:16;5:2;6:1",-1
2507,3,11,16,"Draw(CW,L3)",1,-0.025,2.03332,200,1,"-4:1;-3:5;-2:40;-1:78;1:33;2:12;3:15;4:11;5:4;6:1",-1
2507,3,11,17,"Draw(CCW,L3)",1,0.155,2.18197,200,1,"-4:2;-3:8;-2:42;-1:59;1:34;2:17;3:20;4:13;5:4;6:1",-1
2507,3,11,18,"Draw(CW,L4)",1,0.01,1.91047,200,1,"-3:5;-2:38;-1:75;1:37;2:19;3:14;4:9;5:3",-1
2507,3,11,19,"Draw(CCW,L4)",1,-0.07,2.01869,200,1,"-4:1;-3:6;-2:41;-1:77;1:31;2:17;3:12;4:11;5:2;6:2",-1
2507,3,11,20,"Draw(CW,L5)",1,0.4,2.20907,200,1,"-3:4;-2:31;-1:73;1:37;2:13;3:18;4:14;5:8;6:1;8:1",-1
2507,3,11,21,"Draw(CCW,L5)",1,0.295,2.24454,200,1,"-6:1;-4:1;-3:6;-2:39;-1:58;1:37;2:19;3:18;4:13;5:6;6:2",-1
2507,3,11,22,"Draw(CW,L6)",1,0.05,2.02176,200,1,"-3:8;-2:36;-1:73;1:36;2:19;3:14;4:9;5:3;6:2",-1
2507,3,11,23,"Draw(CCW,L6)",1,0.165,2.15819,200,1,"-4:1;-3:13;-2:35;-1:60;1:33;2:22;3:20;4:12;5:3;6:1",-1
2507,3,11,24,"Draw(CW,L7)",1,0.46,2.15601,200,1,"-3:6;-2:33;-1:59;1:40;2:21;3:21;4:12;5:6;6:2",-1
2507,3,11,25,"Draw(CCW,L7)",1,0.185,2.13091,200,1,"-5:2;-3:10;-2:31;-1:64;1:39;2:18;3:21;4:11;5:3;6:1",-1
2507,3,11,26,"PreGuard(CW,G3)",2,0.46,2.3256,200,1,"-6:1;-3:9;-2:30;-1:64;1:28;2:22;3:16;4:22;5:7;6:1",-1
2507,3,11,27,"PreGuard(CCW,G3)",2,0.315,2.10613,200,1,"-3:2;-2:35;-1:74;1:36;2:11;3:20;4:15;5:7",-1
2507,3,11,28,"PreGuard(CW,G4)",2,-0.145,1.99348,200,1,"-5:1;-3:8;-2:44;-1:73;1:28;2:19;3:17;4:6;5:4",-1
2507,3,11,29,"PreGuard(CCW,G4)",2,-0.29,1.98139,200,1,"-4:1;-3:4;-2:58;-1:71;1:31;2:11;3:11;4:7;5:5;6:1",-1
2507,3,11,30,"PreGuard(CW,G5)",2,-0.03,1.98975,200,1,"-4:4;-3:4;-2:35;-1:81;1:19;2:29;3:16;4:12",-1
2507,3,11,31,"PreGuard(CCW,G5)",2,0.035,2.03317,200,1,"-4:2;-3:9;-2:43;-1:57;1:36;2:20;3:24;4:8;5:1",-1
2507,3,11,32,"Hit(CW,2,MIDDLE)",3,0.17,2.09311,200,1,"-4:1;-3:7;-2:38;-1:65;1:33;2:21;3:22;4:6;5:7",-0.64
2507,3,11,33,"Hit(CCW,2,MIDDLE)",3,0.015,2.04567,200,1,"-4:2;-3:10;-2:43;-1:56;1:38;2:21;3:19;4:9;5:2",-0.955
2507,3,11,34,"Hit(CW,2,STRONG)",3,0.075,1.93891,200,1,"-4:2;-3:10;-2:22;-1:77;1:40;2:31;3:6;4:7;5:4;6:1",-0.61
2507,3,11,35,"Hit(CCW,2,STRONG)",3,-0.015,2.13185,200,1,"-3:18;-2:32;-1:70;1:28;2:19;3:17;4:12;5:4",-0.96
2507,3,11,36,"Hit(CW,4,TOUCH)",3,0.085,2.15819,200,1,"-3:9;-2:37;-1:73;1:33;2:18;3:10;4:11;5:7;6:1;7:1",-1.22
2507,3,11,37,"Hit(CCW,4,TOUCH)",3,0.565,2.27942,200,1,"-3:4;-2:30;-1:69;1:30;2:19;3:23;4:13;5:8;6:3;7:1",-0.64
2507,3,11,38,"Hit(CW,4,WEAK)",3,0.14,1.89484,200,1,"-3:8;-2:31;-1:64;1:54;2:20;3:13;4:7;5:2;7:1",-0.98
2507,3,11,39,"Hit(CCW,4,WEAK)",3,1.645,2.21562,200,1,"-3:1;-2:11;-1:49;1:27;2:32;3:29;4:30;5:21",1.41
2507,3,11,40,"Hit(CW,4,MIDDLE)",3,1.72,2.32198,200,1,"-5:1;-2:18;-1:38;1:33;2:21;3:31;4:37;5:19;6:2",1.995
2507,3,11,41,"Hit(CCW,4,MIDDLE)",3,0.645,1.99223,200,1,"-3:5;-2:20;-1:59;1:48;2:33;3:21;4:8;5:3;6:2;7:1",0.46
2507,3,11,42,"Hit(CW,4,STRONG)",3,2.24,2.11953,200,1,"-3:1;-2:11;-1:25;1:30;2:27;3:39;4:39;5:27;6:1",2.245
2507,3,11,43,"Hit(CCW,4,STRONG)",3,0.665,1.91906,200,1,"-3:3;-2:18;-1:62;1:53;2:27;3:22;4:9;5:5;6:1",0.445
2507,3,11,44,"Freeze(CW,4)",4,0.005,2.13189,200,1,"-3:7;-2:46;-1:68;1:35;2:12;3:17;4:7;5:5;6:2;7:1",-1.25
2507,3,11,45,"Freeze(CCW,4)",4,0.265,2.15749,200,1,"-4:2;-3:3;-2:34;-1:71;1:40;2:14;3:15;4:11;5:8;6:2",-0.715
2507,3,11,46,"Hit(CW,6,TOUCH)",3,0.375,2.2966,200,1,"-4:1;-3:6;-2:45;-1:51;1:36;2:16;3:20;4:20;5:1;6:3;7:1",-1.395
2507,3,11,47,"Hit(CCW,6,TOUCH)",3,0.385,1.91227,200,1,"-4:1;-3:4;-2:23;-1:68;1:50;2:22;3:17;4:13;5:2",-0.42
2507,3,11,48,"Hit(CW,6,WEAK)",3,0.66,2.1058,200,1,"-3:6;-2:26;-1:52;1:46;2:32;3:21;4:8;5:7;7:2",-0.3
2507,3,11,49,"Hit(CCW,6,WEAK)",3,0.785,2.25139,200,1,"-5:1;-4:2;-3:9;-2:15;-1:50;1:57;2:23;3:14;4:15;5:13;7:1",0.855
2507,3,11,50,"Hit(CW,6,MIDDLE)",3,-0.17,1.84149,200,1,"-5:1;-4:6;-3:8;-2:27;-1:69;1:56;2:21;3:8;4:1;5:2;6:1",-0.76
2507,3,11,51,"Hit(CCW,6,MIDDLE)",3,1.545,2.25344,200,1,"-4:1;-3:1;-2:9;-1:48;1:48;2:19;3:29;4:24;5:14;6:6;7:1",0.635
2507,3,11,52,"Hit(CW,6,STRONG)",3,-0.01,1.79719,200,1,"-5:1;-4:1;-3:9;-2:29;-1:65;1:53;2:29;3:9;4:2;5:1;6:1",-0.72
2507,3,11,53,"Hit(CCW,6,STRONG)",3,1.17,2.20479,200,1,"-4:1;-3:5;-2:16;-1:45;1:44;2:30;3:23;4:26;5:9;8:1",0.475
2507,3,11,54,"Freeze(CW,6)",4,-0.145,2.11281,200,1,"-3:16;-2:45;-1:64;1:26;2:18;3:16;4:12;5:3",-1.32
2507,3,11,55,"Freeze(CCW,6)",4,0.885,2.14051,200,1,"-4:2;-3:4;-2:18;-1:51;1:51;2:27;3:22;4:15;5:8;6:1;7:1",-0.88
2507,3,11,56,"Hit(CW,8,TOUCH)",3,-0.01,1.97482,200,1,"-3:5;-2:46;-1:68;1:32;2:22;3:14;4:11;5:1;6:1",-1.43
2507,3,11,57,"Hit(CCW,8,TOUCH)",3,-0.1,1.96469,200,1,"-4:1;-3:3;-2:41;-1:84;1:31;2:11;3:16;4:8;5:4;6:1",-1.04
2507,3,11,58,"Hit(CW,8,WEAK)",3,1.27,2.37004,200,1,"-3:2;-2:22;-1:52;1:26;2:30;3:23;4:32;5:9;6:1;7:2;8:1",0.39
2507,3,11,59,"Hit(CCW,8,WEAK)",3,1.405,2.39603,200,1,"-3:4;-2:15;-1:54;1:29;2:22;3:26;4:27;5:21;6:1;7:1",0.66
2507,3,11,60,"Hit(CW,8,MIDDLE)",3,1.7,2.07846,200,1,"-4:1;-3:2;-2:8;-1:39;1:37;2:29;3:37;4:36;5:11",1.81
2507,3,11,61,"Hit(CCW,8,MIDDLE)",3,0.915,2.03415,200,1,"-3:3;-2:18;-1:54;1:50;2:25;3:24;4:22;5:3;7:1",0.295
2507,3,11,62,"Hit(CW,8,STRONG)",3,1.84,2.07229,200,1,"-3:1;-2:7;-1:41;1:38;2:18;3:40;4:43;5:12",1.87
2507,3,11,63,"Hit(CCW,8,STRONG)",3,1.08,1.98585,200,1,"-3:2;-2:21;-1:40;1:51;2:36;3:28;4:13;5:9",0.265
2507,3,11,64,"Freeze(CW,8)",4,-0.115,2.15448,200,1,"-4:2;-3:5;-2:47;-1:78;1:20;2:21;3:10;4:10;5:4;6:1;7:2",-1.005
2507,3,11,65,"Freeze(CCW,8)",4,-0.11,2.01938,200,1,"-5:1;-4:1;-3:10;-2:38;-1:73;1:29;2:21;3:16;4:9;5:1;6:1",-1
2507,3,11,66,"Hit(CW,10,TOUCH)",3,0.55,2.17428,200,1,"-4:1;-3:5;-2:27;-1:64;1:32;2:32;3:16;4:13;5:9;6:1",-1
2507,3,11,67,"Hit(CCW,10,TOUCH)",3,0.52,2.02228,200,1,"-4:2;-3:6;-2:24;-1:52;1:61;2:19;3:20;4:10;5:5;6:1",-0.63
2507,3,11,68,"Hit(CW,10,WEAK)",3,0.905,2.18997,200,1,"-4:1;-3:7;-2:11;-1:56;1:56;2:27;3:18;4:7;5:12;6:3;7:2",1.905
2507,3,11,69,"Hit(CCW,10,WEAK)",3,0.8,2.26936,200,1,"-3:6;-2:23;-1:55;0:1;1:45;2:24;3:21;4:10;5:9;6:4;7:2",2.06
2507,3,11,70,"Hit(CW,10,MIDDLE)",3,0.75,1.89934,200,1,"-3:4;-2:21;-1:46;1:64;2:32;3:18;4:8;5:6;6:1",1.77
2507,3,11,71,"Hit(CCW,10,MIDDLE)",3,0.77,2.08497,200,1,"-3:1;-2:20;-1:66;1:43;2:26;3:22;4:13;5:4;6:5",1.62
2507,3,11,72,"Hit(CW,10,STRONG)",3,0.68,1.92291,200,1,"-4:1;-3:4;-2:13;-1:62;1:56;2:32;3:18;4:7;5:4;6:3",1.695
2507,3,11,73,"Hit(CCW,10,STRONG)",3,0.68,2.02425,200,1,"-3:2;-2:26;-1:56;1:54;2:19;3:20;4:18;5:4;6:1",1.53
2507,3,11,74,"Freeze(CW,10)",4,0.33,2.12629,200,1,"-4:1;-3:4;-2:30;-1:73;1:38;2:16;3:17;4:11;5:10",-1
2507,3,11,75,"Freeze(CCW,10)",4,0.385,2.22413,200,1,"-5:1;-3:6;-2:33;-1:64;1:37;2:19;3:16;4:15;5:7;6:2",-0.98
2507,3,11,76,"PostGuard(CW,1,0)",7,0.61,2.15822,200,1,"-3:8;-2:24;-1:59;1:37;2:30;3:24;4:10;5:5;6:2;7:1",-0.99
2507,3,11,77,"PostGuard(CCW,1,0)",7,0.5,2.0025,200,1,"-3:9;-2:19;-1:62;1:48;2:30;3:15;4:13;5:2;6:2",-0.83
2507,3,11,78,"PostGuard(CW,1,1)",7,0.065,1.98766,200,1,"-5:1;-3:7;-2:31;-1:78;1:32;2:23;3:14;4:11;5:3",-1
2507,3,11,79,"PostGuard(CCW,1,1)",7,0.19,2.13399,200,1,"-3:6;-2:39;-1:69;1:29;2:25;3:15;4:8;5:7;6:2",-1
2507,3,11,80,"PostGuard(CW,1,2)",7,0.32,2.27324,200,1,"-5:1;-4:1;-3:3;-2:42;-1:67;1:16;2:23;3:22;4:20;5:5",-1
2507,3,11,81,"PostGuard(CCW,1,2)",7,0.4,2.26053,200,1,"-4:2;-3:3;-2:40;-1:62;1:25;2:23;3:21;4:16;5:7;6:1",-1
2507,3,11,82,"PostGuard(CW,3,0)",7,0.16,2.04069,200,1,"-3:9;-2:30;-1:75;1:33;2:17;3:19;4:15;5:2",-1
2507,3,11,83,"PostGuard(CCW,3,0)",7,0.76,2.1685,200,1,"-4:1;-3:6;-2:20;-1:56;1:47;2:23;3:24;4:14;5:6;6:2;7:1",-0.97
2507,3,11,84,"PostGuard(CW,3,1)",7,0.25,2.12779,200,1,"-3:6;-2:32;-1:78;1:23;2:20;3:23;4:14;5:3;7:1",-1
2507,3,11,85,"PostGuard(CCW,3,1)",7,0.605,2.38516,200,1,"-5:1;-3:9;-2:34;-1:52;1:27;2:28;3:20;4:19;5:6;6:4",-1
2507,3,11,86,"PostGuard(CW,3,2)",7,0.69,2.15033,200,1,"-3:2;-2:27;-1:66;1:29;2:23;3:32;4:13;5:7;6:1",-1
2507,3,11,87,"PostGuard(CCW,3,2)",7,0.37,2.19616,200,1,"-5:1;-4:1;-3:6;-2:32;-1:66;1:26;2:25;3:20;4:21;5:1;6:1",-1
2507,3,11,88,"PostGuard(CW,5,0)",7,0.115,2.06198,200,1,"-5:1;-3:3;-2:41;-1:72;1:28;2:22;3:18;4:11;5:3;6:1",-1
2507,3,11,89,"PostGuard(CCW,5,0)",7,0.31,2.16192,200,1,"-4:1;-3:6;-2:32;-1:71;1:28;2:22;3:21;4:13;5:4;6:2",-1
2507,3,11,90,"PostGuard(CW,5,1)",7,-0.015,2.13185,200,1,"-3:4;-2:46;-1:82;1:16;2:15;3:18;4:13;5:5;6:1",-1
2507,3,11,91,"PostGuard(CCW,5,1)",7,0.33,2.20932,200,1,"-3:6;-2:33;-1:75;1:26;2:14;3:18;4:23;5:5",-1
2507,3,11,92,"PostGuard(CW,5,2)",7,0.01,2.24274,200,1,"-4:1;-3:6;-2:46;-1:76;1:24;2:8;3:14;4:17;5:6;6:2",-1
2507,3,11,93,"PostGuard(CCW,5,2)",7,-0.04,2.04656,200,1,"-3:3;-2:43;-1:86;1:17;2:19;3:18;4:7;5:6;6:1",-1
2507,3,11,94,"PostGuard(CW,7,0)",7,-0.1,2.09523,200,1,"-5:1;-3:13;-2:42;-1:68;1:23;2:20;3:21;4:10;5:2",-1
2507,3,11,95,"PostGuard(CCW,7,0)",7,0.175,2.08192,200,1,"-4:2;-3:8;-2:35;-1:64;1:34;2:22;3:18;4:16;5:1",-1
2507,3,11,96,"PostGuard(CW,7,1)",7,0.3,2.11187,200,1,"-4:1;-3:6;-2:36;-1:63;1:28;2:31;3:19;4:10;5:6",-1
2507,3,11,97,"PostGuard(CCW,7,1)",7,0.155,2.03002,200,1,"-3:7;-2:37;-1:68;1:34;2:20;3:18;4:14;5:2",-1
2507,3,11,98,"PostGuard(CW,7,2)",7,0.42,2.00838,200,1,"-4:1;-3:4;-2:28;-1:66;1:35;2:26;3:28;4:10;5:1;6:1",-1
2507,3,11,99,"PostGuard(CCW,7,2)",7,0.16,2.201,200,1,"-4:1;-3:9;-2:38;-1:65;1:34;2:22;3:10;4:11;5:8;6:2",-1
2507,3,11,100,"PostGuard(CW,9,0)",7,0.03,2.04673,200,1,"-3:9;-2:36;-1:73;1:40;2:12;3:12;4:13;5:4;6:1",-1
2507,3,11,101,"PostGuard(CCW,9,0)",7,0.285,2.09852,200,1,"-4:1;-3:9;-2:24;-1:73;1:36;2:26;3:10;4:15;5:5;6:1",-1
2507,3,11,102,"PostGuard(CW,9,1)",7,0.175,2.02346,200,1,"-4:1;-3:7;-2:37;-1:61;1:40;2:26;3:12;4:14;5:1;6:1",-1
2507,3,11,103,"PostGuard(CCW,9,1)",7,0.15,2.2243,200,1,"-5:2;-4:1;-3:13;-2:34;-1:59;1:32;2:21;3:18;4:18;5:2",-1
2507,3,11,104,"PostGuard(CW,9,2)",7,0.055,2.07653,200,1,"-4:1;-3:10;-2:39;-1:64;1:34;2:22;3:17;4:7;5:6",-1
2507,3,11,105,"PostGuard(CCW,9,2)",7,-0.03,2.08785,200,1,"-4:1;-3:7;-2:47;-1:67;1:27;2:22;3:11;4:14;5:4",-1
2507,3,11,106,"Pass",0,0.22,2.14746,200,1,"-3:6;-2:38;-1:69;1:33;2:18;3:14;4:15;5:6;6:1",-1
7006,3,15,0,"Draw(CW,TEE)",1,-1,0,200,1,"-1:200",-1
7006,3,15,1,"Draw(CCW,TEE)",1,-1,0,200,1,"-1:200",-1
7006,3,15,2,"Draw(CW,S0)",1,-1,0,200,1,"-1:200",-1
7006,3,15,3,"Draw(CCW,S0)",1,-1,0,200,1,"-1:200",-1
7006,3,15,4,"Draw(CW,S2)",1,-1,0,200,1,"-1:200",-1
7006,3,15,5,"Draw(CCW,S2)",1,-1,0,200,1,"-1:200",-1
7006,3,15,6,"Draw(CW,S4)",1,-1,0,200,1,"-1:200",-1
7006,3,15,7,"Draw(CCW,S4)",1,-1,0,200,1,"-1:200",-1
7006,3,15,8,"Draw(CW,S6)",1,-1,0,200,1,"-1:200",-1
7006,3,15,9,"Draw(CCW,S6)",1,-1,0,200,1,"-1:200",-1
7006,3,15,10,"Draw(CW,L0)",1,-1,0,200,1,"-1:200",-1
7006,3,15,11,"Draw(CCW,L0)",1,-1,0,200,1,"-1:200",-1
7006,3,15,12,"Draw(CW,L1)",1,-1,0,200,1,"-1:200",-1
7006,3,15,13,"Draw(CCW,L1)",1,-1,0,200,1,"-1:200",-1
7006,3,15,14,"Draw(CW,L2)",1,-1,0,200,1,"-1:200",-1
7006,3,15,15,"Draw(CCW,L2)",1,-1,0,200,1,"-1:200",-1
7006,3,15,16,"Draw(CW,L3)",1,-1,0,200,1,"-1:200",-1
7006,3,15,17,"Draw(CCW,L3)",1,-1,0,200,1,"-1:200",-1
7006,3,15,18,"Draw(CW,L4)",1,-1,0,200,1,"-1:200",-1
7006,3,15,19,"Draw(CCW,L4)",1,-1,0,200,1,"-1:200",-1
7006,3,15,20,"Draw(CW,L5)",1,-1,0,200,1,"-1:200",-1
7006,3,15,21,"Draw(CCW,L5)",1,-1,0,200,1,"-1:200",-1
7006,3,15,22,"Draw(CW,L6)",1,-1,0,200,1,"-1:200",-1
7006,3,15,23,"Draw(CCW,L6)",1,-1,0,200,1,"-1:200",-1
7006,3,15,24,"Draw(CW,L7)",1,-1,0,200,1,"-1:200",-1
7006,3,15,25,"Draw(CCW,L7)",1,-1,0,200,1,"-1:200",-1
7006,3,15,26,"PreGuard(CW,G3)",2,-1,0,200,1,"-1:200",-1
7006,3,15,27,"PreGuard(CCW,G3)",2,-1,0,200,1,"-1:200",-1
7006,3,15,28,"PreGuard(CW,G4)",2,-1,0,200,1,"-1:200",-1
7006,3,15,29,"PreGuard(CCW,G4)",2,-1,0,200,1,"-1:200",-1
7006,3,15,30,"PreGuard(CW,G5)",2,-1,0,200,1,"-1:200",-1
7006,3,15,31,"PreGuard(CCW,G5)",2,-1,0,200,1,"-1:200",-1
7006,3,15,32,"Hit(CW,2,TOUCH)",3,-1,0,200,1,"-1:200",-1
7006,3,15,33,"Hit(CCW,2,TOUCH)",3,-1,0,200,1,"-1:200",-1
7006,3,15,34,"Hit(CW,2,WEAK)",3,-1,0,200,1,"-1:200",-1
7006,3,15,35,"Hit(CCW,2,WEAK)",3,-1,0,200,1,"-1:200",-1
7006,3,15,36,"Hit(CW,2,MIDDLE)",3,-1,0,200,1,"-1:200",-1
7006,3,15,37,"Hit(CCW,2,MIDDLE)",3,-1,0,200,1,"-1:200",-1
7006,3,15,38,"Hit(CW,2,STRONG)",3,-1,0,200,1,"-1:200",-1
7006,3,15,39,"Hit(CCW,2,STRONG)",3,-1,0,200,1,"-1:200",-1
7006,3,15,40,"Freeze(CW,2)",4,-1,0,200,1,"-1:200",-1
7006,3,15,41,"Freeze(CCW,2)",4,-1,0,200,1,"-1:200",-1
7006,3,15,42,"Hit(CW,4,TOUCH)",3,-1,0,200,1,"-1:200",-1
7006,3,15,43,"Hit(CCW,4,TOUCH)",3,-1,0,200,1,"-1:200",-1
7006,3,15,44,"Hit(CW,4,WEAK)",3,-1,0,200,1,"-1:200",-1
7006,3,15,45,"Hit(CCW,4,WEAK)",3,-1,0,200,1,"-1:200",-1
7006,3,15,46,"Hit(CW,4,MIDDLE)",3,-1,0,200,1,"-1:200",-1
7006,3,15,47,"Hit(CCW,4,MIDDLE)",3,-0.9,0.591608,200,1,"-1:194;1:2;3:4",-0.9
7006,3,15,48,"Hit(CW,4,STRONG)",3,-1,0,200,1,"-1:200",-1
7006,3,15,49,"Hit(CCW,4,STRONG)",3,-0.94,0.44317,200,1,"-1:196;1:2;3:2",-0.94
7006,3,15,50,"Freeze(CW,4)",4,-1,0,200,1,"-1:200",-1
7006,3,15,51,"Freeze(CCW,4)",4,-1,0,200,1,"-1:200",-1
7006,3,15,52,"Hit(CW,6,TOUCH)",3,-1,0,200,1,"-1:200",-1
7006,3,15,53,"Hit(CCW,6,TOUCH)",3,-1,0,200,1,"-1:200",-1
7006,3,15,54,"Hit(CW,6,WEAK)",3,-1,0,200,1,"-1:200",-1
7006,3,15,55,"Hit(CCW,6,WEAK)",3,-1,0,200,1,"-1:200",-1
7006,3,15,56,"Hit(CW,6,MIDDLE)",3,-1,0,200,1,"-1:200",-1
7006,3,15,57,"Hit(CCW,6,MIDDLE)",3,-1,0,200,1,"-1:200",-1
7006,3,15,58,"Hit(CW,6,STRONG)",3,-1,0,200,1,"-1:200",-1
7006,3,15,59,"Hit(CCW,6,STRONG)",3,-1,0,200,1,"-1:200",-1
7006,3,15,60,"Freeze(CW,6)",4,-1,0,200,1,"-1:200",-1
7006,3,15,61,"Freeze(CCW,6)",4,-1,0,200,1,"-1:200",-1
7006,3,15,62,"Hit(CW,8,TOUCH)",3,-1,0,200,1,"-1:200",-1
7006,3,15,63,"Hit(CCW,8,TOUCH)",3,-1,0,200,1,"-1:200",-1
7006,3,15,64,"Hit(CW,8,WEAK)",3,-1,0,200,1,"-1:200",-1
7006,3,15,65,"Hit(CCW,8,WEAK)",3,-1,0,200,1,"-1:200",-1
7006,3,15,66,"Hit(CW,8,MIDDLE)",3,-1.015,0.121552,200,1,"-2:3;-1:197",-1.015
7006,3,15,67,"Hit(CCW,8,MIDDLE)",3,-1,0,200,1,"-1:200",-1
7006,3,15,68,"Hit(CW,8,STRONG)",3,-1.01,0.0994987,200,1,"-2:2;-1:198",-1.01
7006,3,15,69,"Hit(CCW,8,STRONG)",3,-1,0,200,1,"-1:200",-1
7006,3,15,70,"Freeze(CW,8)",4,-1,0,200,1,"-1:200",-1
7006,3,15,71,"Freeze(CCW,8)",4,-1,0,200,1,"-1:200",-1
7006,3,15,72,"Hit(CW,10,TOUCH)",3,-1,0,200,1,"-1:200",-1
7006,3,15,73,"Hit(CCW,10,TOUCH)",3,-1,0,200,1,"-1:200",-1
7006,3,15,74,"Hit(CW,10,WEAK)",3,-1,0,200,1,"-1:200",-1
7006,3,15,75,"Hit(CCW,10,WEAK)",3,-1,0,200,1,"-1:200",-1
7006,3,15,76,"Hit(CW,10,MIDDLE)",3,-1,0,200,1,"-1:200",-1
7006,3,15,77,"Hit(CCW,10,MIDDLE)",3,-1,0,200,1,"-1:200",-1
7006,3,15,78,"Hit(CW,10,STRONG)",3,-0.985,0.211601,200,1,"-1:199;2:1",-0.985
7006,3,15,79,"Hit(CCW,10,STRONG)",3,-1.02,0.14,200,1,"-2:4;-1:196",-1.02
7006,3,15,80,"Freeze(CW,10)",4,-1,0,200,1,"-1:200",-1
7006,3,15,81,"Freeze(CCW,10)",4,-1,0,200,1,"-1:200",-1
7006,3,15,82,"Hit(CW,12,TOUCH)",3,-1,0,200,1,"-1:200",-1
7006,3,15,83,"Hit(CCW,12,TOUCH)",3,-1,0,200,1,"-1:200",-1
7006,3,15,84,"Hit(CW,12,WEAK)",3,-1,0,200,1,"-1:200",-1
7006,3,15,85,"Hit(CCW,12,WEAK)",3,-1,0,200,1,"-1:200",-1
7006,3,15,86,"Hit(CW,12,MIDDLE)",3,-1,0,200,1,"-1:200",-1
7006,3,15,87,"Hit(CCW,12,MIDDLE)",3,-1,0,200,1,"-1:200",-1
7006,3,15,88,"Hit(CW,12,STRONG)",3,-1,0,200,1,"-1:200",-1
7006,3,15,89,"Hit(CCW,12,STRONG)",3,-1,0,200,1,"-1:200",-1
7006,3,15,90,"Freeze(CW,12)",4,-1,0,200,1,"-1:200",-1
7006,3,15,91,"Freeze(CCW,12)",4,-1,0,200,1,"-1:200",-1
7006,3,15,92,"Hit(CW,14,TOUCH)",3,-1,0,200,1,"-1:200",-1
7006,3,15,93,"Hit(CCW,14,TOUCH)",3,-1,0,200,1,"-1:200",-1
7006,3,15,94,"Hit(CW,14,WEAK)",3,-1,0,200,1,"-1:200",-1
7006,3,15,95,"Hit(CCW,14,WEAK)",3,-1,0,200,1,"-1:200",-1
7006,3,15,96,"Hit(CW,14,MIDDLE)",3,-1,0,200,1,"-1:200",-1
7006,3,15,97,"Hit(CCW,14,MIDDLE)",3,-1,0,200,1,"-1:200",-1
7006,3,15,98,"Hit(CW,14,STRONG)",3,-1.03,0.170587,200,1,"-2:6;-1:194",-1.03
7006,3,15,99,"Hit(CCW,14,STRONG)",3,-1,0,200,1,"-1:200",-1
7006,3,15,100,"Freeze(CW,14)",4,-1,0,200,1,"-1:200",-1
7006,3,15,101,"Freeze(CCW,14)",4,-1,0,200,1,"-1:200",-1
7006,3,15,102,"PostGuard(CW,1,0)",7,-1,0,200,1,"-1:200",-1
7006,3,15,103,"PostGuard(CCW,1,0)",7,-1,0,200,1,"-1:200",-1
7006,3,15,104,"PostGuard(CW,1,1)",7,-1,0,200,1,"-1:200",-1
7006,3,15,105,"PostGuard(CCW,1,1)",7,-1,0,200,1,"-1:200",-1
7006,3,15,106,"PostGuard(CW,1,2)",7,-1,0,200,1,"-1:200",-1
7006,3,15,107,"PostGuard(CCW,1,2)",7,-1,0,200,1,"-1:200",-1
7006,3,15,108,"PostGuard(CW,3,0)",7,-1,0,200,1,"-1:200",-1
7006,3,15,109,"PostGuard(CCW,3,0)",7,-1,0,200,1,"-1:200",-1
7006,3,15,110,"PostGuard(CW,3,1)",7,-1,0,200,1,"-1:200",-1
7006,3,15,111,"PostGuard(CCW,3,1)",7,-1,0,200,1,"-1:200",-1
7006,3,15,112,"PostGuard(CW,3,2)",7,-1,0,200,1,"-1:200",-1
7006,3,15,113,"PostGuard(CCW,3,2)",7,-1,0,200,1,"-1:200",-1
7006,3,15,114,"PostGuard(CW,5,0)",7,-1,0,200,1,"-1:200",-1
7006,3,15,115,"PostGuard(CCW,5,0)",7,-1,0,200,1,"-1:200",-1
7006,3,15,116,"PostGuard(CW,5,1)",7,-1,0,200,1,"-1:200",-1
7006,3,15,117,"PostGuard(CCW,5,1)",7,-1,0,200,1,"-1:200",-1
7006,3,15,118,"PostGuard(CW,5,2)",7,-1,0,200,1,"-1:200",-1
7006,3,15,119,"PostGuard(CCW,5,2)",7,-1,0,200,1,"-1:200",-1
7006,3,15,120,"PostGuard(CW,7,0)",7,-1,0,200,1,"-1:200",-1
7006,3,15,121,"PostGuard(CCW,7,0)",7,-1,0,200,1,"-1:200",-1
7006,3,15,122,"PostGuard(CW,7,1)",7,-1,0,200,1,"-1:200",-1
7006,3,15,123,"PostGuard(CCW,7,1)",7,-1,0,200,1,"-1:200",-1
7006,3,15,124,"PostGuard(CW,7,2)",7,-1,0,200,1,"-1:200",-1
7006,3,15,125,"PostGuard(CCW,7,2)",7,-1,0,200,1,"-1:200",-1
7006,3,15,126,"PostGuard(CW,9,0)",7,-1,0,200,1,"-1:200",-1
7006,3,15,127,"PostGuard(CCW,9,0)",7,-1,0,200,1,"-1:200",-1
7006,3,15,128,"PostGuard(CW,9,1)",7,-1,0,200,1,"-1:200",-1
7006,3,15,129,"PostGuard(CCW,9,1)",7,-1,0,200,1,"-1:200",-1
7006,3,15,130,"PostGuard(CW,9,2)",7,-1,0,200,1,"-1:200",-1
7006,3,15,131,"PostGuard(CCW,9,2)",7,-1,0,200,1,"-1:200",-1
7006,3,15,132,"PostGuard(CW,11,0)",7,-1,0,200,1,"-1:200",-1
7006,3,15,133,"PostGuard(CCW,11,0)",7,-1,0,200,1,"-1:200",-1
7006,3,15,134,"PostGuard(CW,11,1)",7,-1,0,200,1,"-1:200",-1
7006,3,15,135,"PostGuard(CCW,11,1)",7,-1,0,200,1,"-1:200",-1
7006,3,15,136,"PostGuard(CW,11,2)",7,-1,0,200,1,"-1:200",-1
7006,3,15,137,"PostGuard(CCW,11,2)",7,-1,0,200,1,"-1:200",-1
7006,3,15,138,"PostGuard(CW,13,0)",7,-1,0,200,1,"-1:200",-1
7006,3,15,139,"PostGuard(CCW,13,0)",7,-1,0,200,1,"-1:200",-1
7006,3,15,140,"PostGuard(CW,13,1)",7,-1,0,200,1,"-1:200",-1
7006,3,15,141,"PostGuard(CCW,13,1)",7,-1,0,200,1,"-1:200",-1
7006,3,15,142,"PostGuard(CW,13,2)",7,-1,0,200,1,"-1:200",-1
7006,3,15,143,"PostGuard(CCW,13,2)",7,-1,0,200,1,"-1:200",-1
7006,3,15,144,"Pass",0,-1,0,200,1,"-1:200",-1
1984,6,4,0,"Draw(CW,TEE)",1,-0.71,2.07988,200,1,"-7:1;-6:2;-5:3;-4:8;-3:21;-2:38;-1:53;0:1;1:46;2:17;3:5;4:4;5:1",1.905
1984,6,4,1,"Draw(CCW,TEE)",1,-0.985,1.77053,200,1,"-6:1;-5:2;-4:16;-3:16;-2:34;-1:76;1:38;2:15;3:1;4:1",0.65
1984,6,4,2,"Draw(CW,S0)",1,-1.125,1.98982,200,1,"-6:4;-5:5;-4:16;-3:18;-2:36;-1:66;1:36;2:15;3:3;5:1",1.665
1984,6,4,3,"Draw(CCW,S0)",1,-0.86,1.95714,200,1,"-6:2;-5:6;-4:8;-3:20;-2:31;-1:71;1:40;2:14;3:5;4:3",0.845
1984,6,4,4,"Draw(CW,S2)",1,-0.955,2.05255,200,1,"-7:1;-6:3;-5:4;-4:8;-3:25;-2:39;-1:57;1:42;2:14;3:4;4:2;6:1",1
1984,6,4,5,"Draw(CCW,S2)",1,-0.985,2.00618,200,1,"-6:2;-5:7;-4:10;-3:23;-2:38;-1:57;1:44;2:11;3:7;5:1",1
1984,6,4,6,"Draw(CW,S4)",1,-1.025,1.95048,200,1,"-6:3;-5:4;-4:12;-3:18;-2:48;-1:55;1:43;2:11;3:3;4:3",1.875
1984,6,4,7,"Draw(CCW,S4)",1,-0.835,1.97174,200,1,"-7:1;-6:3;-5:6;-4:6;-3:17;-2:31;-1:70;1:44;2:15;3:7",0.76
1984,6,4,8,"Draw(CW,S6)",1,-1.105,2.00349,200,1,"-6:5;-5:7;-4:12;-3:19;-2:33;-1:65;1:43;2:11;3:5",1
1984,6,4,9,"Draw(CCW,S6)",1,-0.81,1.92715,200,1,"-6:1;-5:1;-4:17;-3:24;-2:26;-1:58;1:52;2:17;3:3;4:1",1
1984,6,4,10,"Draw(CW,L0)",1,-1.145,1.91676,200,1,"-6:2;-5:9;-4:7;-3:26;-2:36;-1:69;1:33;2:14;3:3;5:1",0.94
1984,6,4,11,"Draw(CCW,L0)",1,-0.875,1.84103,200,1,"-6:1;-5:4;-4:8;-3:20;-2:37;-1:71;1:39;2:13;3:5;4:2",0.36
1984,6,4,12,"Draw(CW,L1)",1,-0.94,2.07278,200,1,"-6:1;-5:6;-4:15;-3:22;-2:35;-1:57;0:1;1:40;2:11;3:10;4:1;5:1",1
1984,6,4,13,"Draw(CCW,L1)",1,-1.235,2.01241,200,1,"-6:2;-5:8;-4:21;-3:19;-2:40;-1:52;1:41;2:14;3:3",1
1984,6,4,14,"Draw(CW,L2)",1,-0.965,1.88249,200,1,"-6:4;-5:4;-4:11;-3:17;-2:34;-1:66;1:52;2:8;3:4",1
1984,6,4,15,"Draw(CCW,L2)",1,-1.08,2.03558,200,1,"-7:1;-6:2;-5:8;-4:11;-3:27;-2:29;-1:60;1:44;2:12;3:6",1
1984,6,4,16,"Draw(CW,L3)",1,-0.84,1.77042,200,1,"-6:3;-5:2;-4:4;-3:17;-2:41;-1:75;1:39;2:14;3:3;4:2",1
1984,6,4,17,"Draw(CCW,L3)",1,-0.75,1.86748,200,1,"-6:1;-5:1;-4:11;-3:17;-2:35;-1:73;1:38;2:15;3:5;4:4",1
1984,6,4,18,"Draw(CW,L4)",1,-0.935,2.0398,200,1,"-7:1;-5:5;-4:17;-3:23;-2:23;-1:69;1:37;2:17;3:7;5:1",1
1984,6,4,19,"Draw(CCW,L4)",1,-1.06,1.89378,200,1,"-6:3;-5:7;-4:11;-3:15;-2:44;-1:59;0:1;1:44;2:15;3:1",1
1984,6,4,20,"Draw(CW,L5)",1,-0.925,1.96198,200,1,"-6:1;-5:6;-4:10;-3:24;-2:35;-1:60;1:45;2:12;3:5;4:1;5:1",1
1984,6,4,21,"Draw(CCW,L5)",1,-0.66,1.92728,200,1,"-6:2;-5:3;-4:9;-3:12;-2:34;-1:70;1:52;2:7;3:7;4:2;5:2",1
1984,6,4,22,"Draw(CW,L6)",1,-1.075,1.8972,200,1,"-6:1;-5:6;-4:16;-3:19;-2:33;-1:69;1:42;2:9;3:3;4:2",1
1984,6,4,23,"Draw(CCW,L6)",1,-1.22,2.04245,200,1,"-6:2;-5:8;-4:17;-3:28;-2:31;-1:59;1:37;2:12;3:4;4:2",1
1984,6,4,24,"Draw(CW,L7)",1,-0.945,1.91101,200,1,"-6:1;-5:6;-4:15;-3:16;-2:30;-1:69;1:48;2:12;3:2;6:1",1
1984,6,4,25,"Draw(CCW,L7)",1,-0.64,1.8629,200,1,"-6:1;-5:1;-4:10;-3:17;-2:34;-1:65;1:47;2:17;3:6;4:2",1
1984,6,4,26,"PreGuard(CW,G3)",2,-1.035,2.0134,200,1,"-6:2;-5:5;-4:16;-3:26;-2:31;-1:56;1:45;2:13;3:5;4:1",1
1984,6,4,27,"PreGuard(CCW,G3)",2,-1,2.0025,200,1,"-7:1;-6:1;-5:7;-4:11;-3:19;-2:34;-1:69;1:43;2:9;3:2;4:2;5:1;6:1",1
1984,6,4,28,"PreGuard(CW,G4)",2,-0.905,2.12037,200,1,"-6:5;-5:5;-4:9;-3:27;-2:28;-1:57;1:45;2:16;3:5;4:3",1
1984,6,4,29,"PreGuard(CCW,G4)",2,-0.71,2.03123,200,1,"-5:10;-4:11;-3:16;-2:30;-1:51;0:1;1:57;2:19;3:4;4:1",1
1984,6,4,30,"PreGuard(CW,G5)",2,-0.64,1.95969,200,1,"-6:1;-5:6;-4:7;-3:18;-2:32;-1:59;1:48;2:24;3:3;4:2",1
1984,6,4,31,"PreGuard(CCW,G5)",2,-0.855,2.05523,200,1,"-7:1;-5:5;-4:17;-3:18;-2:31;-1:59;1:45;2:15;3:7;4:2",1
1984,6,4,32,"Hit(CW,1,TOUCH)",3,-0.98,1.96459,200,1,"-6:3;-5:9;-4:9;-3:13;-2:41;-1:63;1:40;2:19;3:3",1.83
1984,6,4,33,"Hit(CCW,1,TOUCH)",3,-0.91,2.04007,200,1,"-6:2;-5:7;-4:15;-3:13;-2:41;-1:52;0:1;1:49;2:13;3:5;4:2",0.745
1984,6,4,34,"Hit(CW,1,WEAK)",3,-0.875,1.97721,200,1,"-7:1;-5:5;-4:11;-3:19;-2:40;-1:60;1:41;2:15;3:5;4:3",0.74
1984,6,4,35,"Hit(CCW,1,WEAK)",3,-0.74,1.95254,200,1,"-7:1;-5:4;-4:4;-3:26;-2:34;-1:65;1:41;2:14;3:7;4:4",0.16
1984,6,4,36,"Hit(CW,1,MIDDLE)",3,-0.79,1.75667,200,1,"-5:2;-4:8;-3:24;-2:37;-1:60;1:52;2:13;3:4",0.445
1984,6,4,37,"Hit(CCW,1,MIDDLE)",3,-1.125,1.92857,200,1,"-7:1;-6:1;-5:8;-4:10;-3:26;-2:32;-1:66;1:39;2:15;3:1;4:1",0.705
1984,6,4,38,"Hit(CW,1,STRONG)",3,-0.68,1.91771,200,1,"-6:1;-5:4;-4:9;-3:16;-2:29;-1:74;1:40;2:18;3:6;4:3",0.48
1984,6,4,39,"Hit(CCW,1,STRONG)",3,-0.95,1.88348,200,1,"-6:1;-5:4;-4:7;-3:27;-2:41;-1:62;1:35;2:17;3:5;5:1",0.685
1984,6,4,40,"Freeze(CW,1)",4,-0.96,1.78,200,1,"-5:2;-4:17;-3:20;-2:29;-1:74;1:41;2:15;3:1;4:1",1.86
1984,6,4,41,"Freeze(CCW,1)",4,-0.655,1.8644,200,1,"-5:5;-4:10;-3:12;-2:30;-1:73;1:49;2:10;3:10;4:1",0.095
1984,6,4,42,"Hit(CW,3,TOUCH)",3,-0.83,2.02512,200,1,"-6:3;-5:4;-4:12;-3:18;-2:29;-1:70;1:38;2:18;3:4;4:4",-0.135
1984,6,4,43,"Hit(CCW,3,TOUCH)",3,-0.695,1.78661,200,1,"-6:1;-5:1;-4:12;-3:12;-2:33;-1:73;1:48;2:15;3:4;5:1",-0.8
1984,6,4,44,"Hit(CW,3,WEAK)",3,-0.675,1.86799,200,1,"-4:12;-3:19;-2:32;-1:72;1:38;2:17;3:7;4:2;5:1",1.085
1984,6,4,45,"Hit(CCW,3,WEAK)",3,-0.43,1.92746,200,1,"-5:1;-4:4;-3:16;-2:39;-1:67;1:41;2:21;3:4;4:4;5:2;7:1",0.91
1984,6,4,46,"Hit(CW,3,MIDDLE)",3,-0.69,1.90365,200,1,"-6:1;-5:2;-4:14;-3:17;-2:24;-1:71;1:47;2:16;3:7;4:1",0.845
1984,6,4,47,"Hit(CCW,3,MIDDLE)",3,-1.19,1.75325,200,1,"-5:8;-4:9;-3:30;-2:26;-1:81;1:34;2:10;3:1;4:1",0.04
1984,6,4,48,"Hit(CW,3,STRONG)",3,-0.83,1.84692,200,1,"-5:2;-4:8;-3:17;-2:48;-1:69;1:38;2:9;3:4;4:2;5:2;6:1",0.79
1984,6,4,49,"Hit(CCW,3,STRONG)",3,-0.74,2.08624,200,1,"-5:8;-4:8;-3:25;-2:26;-1:64;1:42;2:14;3:8;4:4;5:1",0.065
1984,6,4,50,"Freeze(CW,3)",4,-0.88,1.91196,200,1,"-7:1;-5:5;-4:8;-3:21;-2:40;-1:60;0:1;1:45;2:15;3:2;4:1;6:1",0.53
1984,6,4,51,"Freeze(CCW,3)",4,-0.875,1.93116,200,1,"-5:6;-4:5;-3:31;-2:34;-1:62;1:36;2:17;3:8;4:1",0.42
1984,6,4,52,"PostGuard(CW,2,0)",7,-0.98,1.78595,200,1,"-6:1;-5:3;-4:14;-3:21;-2:34;-1:64;1:52;2:9;3:2",1
1984,6,4,53,"PostGuard(CCW,2,0)",7,-1.1,2.0025,200,1,"-6:3;-5:7;-4:18;-3:18;-2:29;-1:64;0:1;1:42;2:16;3:1;4:1",1
1984,6,4,54,"PostGuard(CW,2,1)",7,-0.85,1.97421,200,1,"-6:3;-5:4;-4:12;-3:18;-2:30;-1:66;1:47;2:13;3:5;4:2",1
1984,6,4,55,"PostGuard(CCW,2,1)",7,-0.855,1.86386,200,1,"-6:1;-5:2;-4:11;-3:18;-2:44;-1:63;1:37;2:15;3:9",1
1984,6,4,56,"PostGuard(CW,2,2)",7,-0.815,2.18878,200,1,"-7:1;-6:4;-5:4;-4:13;-3:20;-2:31;-1:53;1:47;2:16;3:9;4:1;5:1",1
1984,6,4,57,"PostGuard(CCW,2,2)",7,-0.775,1.88531,200,1,"-5:4;-4:16;-3:16;-2:28;-1:64;1:50;2:20;3:1;4:1",1
1984,6,4,58,"Pass",0,-0.93,1.79586,200,1,"-5:3;-4:13;-3:21;-2:33;-1:71;0:1;1:41;2:13;3:2;4:2",1
1845,7,14,0,"Draw(CW,TEE)",1,0.385,1.52865,200,1,"-2:29;-1:50;1:66;2:46;3:9",3
1845,7,14,1,"Draw(CCW,TEE)",1,0.35,1.53867,200,1,"-2:32;-1:48;1:66;2:46;3:8",3
1845,7,14,2,"Draw(CW,S0)",1,0.17,1.35687,200,1,"-2:9;-1:91;1:66;2:25;3:9",3
1845,7,14,3,"Draw(CCW,S0)",1,-0.02,1.33026,200,1,"-2:19;-1:88;1:69;2:19;3:5",2.96
1845,7,14,4,"Draw(CW,S2)",1,-0.145,1.12427,200,1,"-2:6;-1:111;1:75;2:5;3:3",3
1845,7,14,5,"Draw(CCW,S2)",1,-0.065,1.32317,200,1,"-2:12;-1:103;1:70;2:1;3:14",3
1845,7,14,6,"Draw(CW,S4)",1,0.185,1.41449,200,1,"-2:21;-1:71;1:75;2:24;3:9",3
1845,7,14,7,"Draw(CCW,S4)",1,0.24,1.53375,200,1,"-2:31;-1:58;1:63;2:39;3:9",2.995
1845,7,14,8,"Draw(CW,S6)",1,-0.065,1.21276,200,1,"-2:8;-1:104;1:76;2:5;3:7",2.915
1845,7,14,9,"Draw(CCW,S6)",1,-0.785,1.19112,200,1,"-2:66;-1:81;1:50;2:3",1.49
1845,7,14,10,"Draw(CW,L0)",1,-0.445,1.14323,200,1,"-2:3;-1:152;1:31;2:4;3:10",2.9
1845,7,14,11,"Draw(CCW,L0)",1,-0.51,1.11799,200,1,"-2:12;-1:142;1:34;2:6;3:6",2.725
1845,7,14,12,"Draw(CW,L1)",1,-0.495,1.17472,200,1,"-2:28;-1:114;1:46;2:11;3:1",2.11
1845,7,14,13,"Draw(CCW,L1)",1,-0.505,1.19163,200,1,"-2:33;-1:107;1:48;2:12",2.1
1845,7,14,14,"Draw(CW,L2)",1,-0.67,1.12743,200,1,"-2:39;-1:113;1:39;2:9",2
1845,7,14,15,"Draw(CCW,L2)",1,-0.835,1.06197,200,1,"-2:50;-1:111;1:34;2:5",2
1845,7,14,16,"Draw(CW,L3)",1,-0.58,1.2015,200,1,"-2:36;-1:111;1:42;2:8;3:3",2.095
1845,7,14,17,"Draw(CCW,L3)",1,-0.69,1.0459,200,1,"-2:34;-1:120;1:42;2:4",2.115
1845,7,14,18,"Draw(CW,L4)",1,0.865,1.41307,200,1,"-2:2;-1:63;1:44;2:77;3:14",2.025
1845,7,14,19,"Draw(CCW,L4)",1,0.975,1.47118,200,1,"-2:1;-1:63;1:36;2:76;3:24",2.015
1845,7,14,20,"Draw(CW,L5)",1,-0.5,1.14891,200,1,"-2:31;-1:107;1:55;2:7",2.115
1845,7,14,21,"Draw(CCW,L5)",1,-0.575,1.16806,200,1,"-2:36;-1:108;1:49;2:5;3:2",2.075
1845,7,14,22,"Draw(CW,L6)",1,-0.655,1.19414,200,1,"-2:49;-1:96;1:47;2:8",2
1845,7,14,23,"Draw(CCW,L6)",1,-0.735,1.09306,200,1,"-2:41;-1:116;1:35;2:8",2
1845,7,14,24,"Draw(CW,L7)",1,-0.665,1.15012,200,1,"-2:42;-1:108;1:41;2:9",2.125
1845,7,14,25,"Draw(CCW,L7)",1,-0.4,1.27279,200,1,"-2:39;-1:87;1:66;2:5;3:3",1.72
1845,7,14,26,"PreGuard(CW,G3)",2,-0.88,1.12942,200,1,"-2:61;-1:101;1:29;2:9",2
1845,7,14,27,"PreGuard(CCW,G3)",2,-0.735,1.17251,200,1,"-2:51;-1:102;1:37;2:10",2
1845,7,14,28,"PreGuard(CW,G4)",2,0.585,1.25011,200,1,"-1:71;1:72;2:55;3:2",2
1845,7,14,29,"PreGuard(CCW,G4)",2,0.59,1.30073,200,1,"-1:74;1:65;2:56;3:5",2
1845,7,14,30,"PreGuard(CW,G5)",2,-0.73,1.21947,200,1,"-2:54;-1:99;1:33;2:14",2
1845,7,14,31,"PreGuard(CCW,G5)",2,-0.845,1.1794,200,1,"-2:59;-1:103;1:25;2:12;3:1",2
1845,7,14,32,"Hit(CW,13,TOUCH)",3,-0.715,1.25051,200,1,"-2:62;-1:83;1:47;2:7;3:1",1.64
1845,7,14,33,"Hit(CCW,13,TOUCH)",3,-0.6,1.25698,200,1,"-2:46;-1:99;1:40;2:14;3:1",1.96
1845,7,14,34,"Hit(CW,13,WEAK)",3,-0.13,1.23008,200,1,"-2:7;-1:115;1:58;2:15;3:5",2.625
1845,7,14,35,"Hit(CCW,13,WEAK)",3,-0.1,1.15758,200,1,"-2:4;-1:113;1:67;2:14;3:2",2.84
1845,7,14,36,"Hit(CW,13,MIDDLE)",3,0.025,1.14209,200,1,"-1:105;0:3;1:79;2:8;3:5",2.275
1845,7,14,37,"Hit(CCW,13,MIDDLE)",3,-0.515,1.10895,200,1,"-2:29;-1:109;0:3;1:54;2:5",1.23
1845,7,14,38,"Hit(CW,13,STRONG)",3,0.155,1.16231,200,1,"-1:94;0:5;1:81;2:16;3:4",2.235
1845,7,14,39,"Hit(CCW,13,STRONG)",3,-0.305,1.12338,200,1,"-2:16;-1:109;0:3;1:65;2:6;3:1",1.21
1845,7,14,40,"Freeze(CW,13)",4,-0.7,1.06771,200,1,"-2:38;-1:115;1:43;2:4",2
1845,7,14,41,"Freeze(CCW,13)",4,-0.61,1.23203,200,1,"-2:45;-1:100;1:44;2:9;3:2",2
1845,7,14,42,"PostGuard(CW,10,0)",7,0.42,1.5664,200,1,"-2:32;-1:44;1:69;2:42;3:13",3
1845,7,14,43,"PostGuard(CCW,10,0)",7,0.3,1.66433,200,1,"-2:49;-1:31;1:60;2:51;3:9",3
1845,7,14,44,"PostGuard(CW,10,1)",7,1.095,1.63584,200,1,"-2:28;-1:19;1:46;2:73;3:34",2.68
1845,7,14,45,"PostGuard(CCW,10,1)",7,1,1.7088,200,1,"-2:29;-1:26;1:46;2:59;3:40",2.61
1845,7,14,46,"PostGuard(CW,10,2)",7,0.68,1.35926,200,1,"-1:73;1:53;2:66;3:8",2
1845,7,14,47,"PostGuard(CCW,10,2)",7,0.765,1.33033,200,1,"-1:67;1:51;2:77;3:5",2
1845,7,14,48,"PostGuard(CW,12,0)",7,0.99,1.67329,200,1,"-2:30;-1:23;1:45;2:70;3:32",2.925
1845,7,14,49,"PostGuard(CCW,12,0)",7,0.985,1.71603,200,1,"-2:31;-1:23;1:51;2:54;3:41",2.94
1845,7,14,50,"PostGuard(CW,12,1)",7,0.84,1.42983,200,1,"-2:1;-1:68;1:37;2:81;3:13",2.01
1845,7,14,51,"PostGuard(CCW,12,1)",7,1.07,1.37299,200,1,"-2:1;-1:53;1:40;2:89;3:17",2.005
1845,7,14,52,"PostGuard(CW,12,2)",7,0.57,1.28261,200,1,"-1:75;1:62;2:62;3:1",2
1845,7,14,53,"PostGuard(CCW,12,2)",7,0.295,1.32965,200,1,"-1:98;1:50;2:49;3:3",2
1845,7,14,54,"Pass",0,-0.565,1.2271,200,1,"-2:40;-1:104;1:41;2:15",2
5780,2,6,0,"Draw(CW,TEE)",1,-1.45,2.01184,200,1,"-5:11;-4:26;-3:31;-2:26;-1:54;1:37;2:14;3:1",2
5780,2,6,1,"Draw(CCW,TEE)",1,-1.445,1.94602,200,1,"-6:1;-5:7;-4:19;-3:43;-2:29;-1:51;0:1;1:34;2:14;4:1",2
5780,2,6,2,"Draw(CW,S0)",1,-1.22,1.98283,200,1,"-6:3;-5:7;-4:15;-3:26;-2:35;-1:59;1:39;2:11;3:5",1.815
5780,2,6,3,"Draw(CCW,S0)",1,-1.11,1.92559,200,1,"-6:2;-5:6;-4:17;-3:20;-2:32;-1:65;1:42;2:13;3:3",1.845
5780,2,6,4,"Draw(CW,S2)",1,-1.15,1.8214,200,1,"-5:5;-4:17;-3:22;-2:36;-1:69;1:37;2:10;3:3;4:1",1.23
5780,2,6,5,"Draw(CCW,S2)",1,-0.82,1.90463,200,1,"-5:4;-4:12;-3:14;-2:35;-1:79;1:32;2:15;3:6;4:1;5:1;6:1",1.255
5780,2,6,6,"Draw(CW,S4)",1,-1.45,2.06337,200,1,"-6:1;-5:9;-4:26;-3:34;-2:29;-1:48;1:38;2:11;3:3;4:1",1.985
5780,2,6,7,"Draw(CCW,S4)",1,-1.595,1.96494,200,1,"-6:5;-5:9;-4:21;-3:29;-2:38;-1:52;1:38;2:7;3:1",1.995
5780,2,6,8,"Draw(CW,S6)",1,-1.215,1.91279,200,1,"-5:7;-4:22;-3:18;-2:35;-1:68;1:33;2:14;3:1;4:2",0.75
5780,2,6,9,"Draw(CCW,S6)",1,-0.84,1.86665,200,1,"-6:1;-5:3;-4:11;-3:19;-2:31;-1:74;1:45;2:7;3:5;4:4",0.835
5780,2,6,10,"Draw(CW,L0)",1,-1.4,1.81659,200,1,"-5:4;-4:25;-3:27;-2:40;-1:58;1:35;2:10;4:1",1.015
5780,2,6,11,"Draw(CCW,L0)",1,-1.29,1.91987,200,1,"-6:2;-5:7;-4:17;-3:25;-2:38;-1:60;1:39;2:8;3:3;4:1",1.005
5780,2,6,12,"Draw(CW,L1)",1,-1.38,1.89357,200,1,"-5:6;-4:24;-3:28;-2:30;-1:70;1:27;2:8;3:7",1
5780,2,6,13,"Draw(CCW,L1)",1,-1.125,2.01727,200,1,"-5:7;-4:18;-3:33;-2:31;-1:45;1:47;2:16;3:3",1
5780,2,6,14,"Draw(CW,L2)",1,-1.17,1.8604,200,1,"-5:5;-4:13;-3:35;-2:34;-1:59;1:36;2:15;3:3",1
5780,2,6,15,"Draw(CCW,L2)",1,-1.12,1.95847,200,1,"-5:9;-4:13;-3:30;-2:28;-1:63;1:36;2:17;3:4",1
5780,2,6,16,"Draw(CW,L3)",1,-0.995,2.00872,200,1,"-6:1;-5:8;-4:16;-3:22;-2:21;-1:69;1:48;2:7;3:6;4:2",1
5780,2,6,17,"Draw(CCW,L3)",1,-1.155,1.75242,200,1,"-6:1;-5:5;-4:15;-3:19;-2:37;-1:72;1:40;2:10;3:1",1
5780,2,6,18,"Draw(CW,L4)",1,-0.82,1.96153,200,1,"-6:1;-5:5;-4:11;-3:21;-2:34;-1:58;1:49;2:15;3:3;4:3",1
5780,2,6,19,"Draw(CCW,L4)",1,-0.85,1.941,200,1,"-5:3;-4:15;-3:23;-2:31;-1:61;1:47;2:15;3:2;4:1;5:2",1
5780,2,6,20,"Draw(CW,L5)",1,-1.23,1.76836,200,1,"-5:3;-4:14;-3:30;-2:45;-1:60;1:37;2:8;3:1;4:1;5:1",1
5780,2,6,21,"Draw(CCW,L5)",1,-1.285,1.94262,200,1,"-6:2;-5:5;-4:19;-3:28;-2:33;-1:65;1:32;2:11;3:3;4:2",1
5780,2,6,22,"Draw(CW,L6)",1,-1.355,1.72597,200,1,"-5:2;-4:18;-3:38;-2:35;-1:61;1:39;2:4;3:3",1
5780,2,6,23,"Draw(CCW,L6)",1,-1.27,1.92538,200,1,"-5:7;-4:21;-3:28;-2:37;-1:49;1:46;2:10;3:2",1
5780,2,6,24,"Draw(CW,L7)",1,-1.36,2.01752,200,1,"-6:1;-5:12;-4:16;-3:26;-2:39;-1:58;1:32;2:11;3:3;4:1;5:1",1
5780,2,6,25,"Draw(CCW,L7)",1,-0.665,1.62873,200,1,"-5:2;-4:5;-3:12;-2:37;-1:81;1:45;2:11;3:7",0.51
5780,2,6,26,"PreGuard(CW,G3)",2,-1.375,1.9064,200,1,"-6:2;-5:5;-4:21;-3:27;-2:42;-1:53;0:1;1:39;2:7;3:1;4:2",1
5780,2,6,27,"PreGuard(CCW,G3)",2,-1.315,1.99393,200,1,"-5:8;-4:21;-3:36;-2:29;-1:49;1:39;2:17;3:1",1
5780,2,6,28,"PreGuard(CW,G4)",2,-0.845,1.93674,200,1,"-5:7;-4:11;-3:21;-2:35;-1:55;1:47;2:21;3:3",1
5780,2,6,29,"PreGuard(CCW,G4)",2,-1.015,1.95826,200,1,"-6:1;-5:3;-4:17;-3:25;-2:35;-1:59;1:38;2:14;3:8",1
5780,2,6,30,"PreGuard(CW,G5)",2,-1.47,2.07824,200,1,"-6:3;-5:9;-4:24;-3:29;-2:37;-1:47;1:32;2:16;3:3",1
5780,2,6,31,"PreGuard(CCW,G5)",2,-1.125,2.00733,200,1,"-6:2;-5:5;-4:17;-3:30;-2:34;-1:47;1:50;2:11;3:3;4:1",1
5780,2,6,32,"Hit(CW,5,TOUCH)",3,-0.77,1.88603,200,1,"-5:2;-4:10;-3:26;-2:32;-1:64;1:40;2:16;3:10",0.32
5780,2,6,33,"Hit(CCW,5,TOUCH)",3,-0.81,1.84497,200,1,"-6:1;-5:1;-4:10;-3:24;-2:32;-1:69;1:40;2:18;3:2;4:3",1.14
5780,2,6,34,"Hit(CW,5,WEAK)",3,-0.63,1.64715,200,1,"-5:4;-4:3;-3:11;-2:25;-1:99;1:40;2:8;3:8;4:2",1.485
5780,2,6,35,"Hit(CCW,5,WEAK)",3,-0.48,1.83292,200,1,"-5:1;-4:2;-3:21;-2:31;-1:77;1:33;2:26;3:4;4:3;5:2",1.715
5780,2,6,36,"Hit(CW,5,MIDDLE)",3,-0.655,1.7424,200,1,"-4:10;-3:15;-2:28;-1:85;0:1;1:40;2:13;3:4;4:3;5:1",1.245
5780,2,6,37,"Hit(CCW,5,MIDDLE)",3,-0.785,1.77448,200,1,"-5:2;-4:10;-3:19;-2:39;-1:64;1:44;2:18;3:4",0.14
5780,2,6,38,"Hit(CW,5,STRONG)",3,-0.895,1.5537,200,1,"-5:1;-4:5;-3:18;-2:44;-1:82;1:34;2:12;3:4",1.195
5780,2,6,39,"Hit(CCW,5,STRONG)",3,-1,1.78326,200,1,"-5:2;-4:12;-3:23;-2:46;-1:61;0:1;1:36;2:13;3:6",0.03
5780,2,6,40,"Freeze(CW,5)",4,-1.055,1.76691,200,1,"-6:1;-5:1;-4:10;-3:31;-2:35;-1:71;1:34;2:13;3:2;4:2",0.94
5780,2,6,41,"Freeze(CCW,5)",4,-0.89,1.79106,200,1,"-5:4;-4:10;-3:18;-2:43;-1:62;0:1;1:47;2:9;3:5;4:1",1.015
5780,2,6,42,"PostGuard(CW,0,0)",7,-1.2,2.09762,200,1,"-6:5;-5:7;-4:17;-3:27;-2:24;-1:60;1:45;2:9;3:5;4:1",1.92
5780,2,6,43,"PostGuard(CCW,0,0)",7,-0.965,2.22346,200,1,"-6:2;-5:9;-4:17;-3:23;-2:30;-1:48;1:47;2:15;3:7;5:1;6:1",1.915
5780,2,6,44,"PostGuard(CW,0,1)",7,-0.765,1.94159,200,1,"-5:4;-4:9;-3:23;-2:33;-1:68;1:33;2:18;3:11;4:1",1
5780,2,6,45,"PostGuard(CCW,0,1)",7,-0.875,1.90509,200,1,"-6:1;-5:2;-4:17;-3:20;-2:28;-1:66;1:48;2:14;3:2;4:1;5:1",1.015
5780,2,6,46,"PostGuard(CW,0,2)",7,-0.85,1.94615,200,1,"-6:1;-5:5;-4:9;-3:26;-2:35;-1:54;1:47;2:17;3:6",1
5780,2,6,47,"PostGuard(CCW,0,2)",7,-0.805,2.08734,200,1,"-5:7;-4:15;-3:20;-2:25;-1:66;1:42;2:11;3:10;4:4",1
5780,2,6,48,"Pass",0,-1.505,1.95959,200,1,"-6:1;-5:12;-4:23;-3:27;-2:37;-1:48;1:45;2:6;3:1",1
8645,7,5,0,"Draw(CW,TEE)",1,0.915,1.85412,200,1,"-4:2;-3:3;-2:12;-1:46;1:61;2:39;3:22;4:11;5:3;6:1",-0.36
8645,7,5,1,"Draw(CCW,TEE)",1,0.875,1.98479,200,1,"-4:2;-3:8;-2:13;-1:42;1:60;2:35;3:19;4:17;5:4",0.495
8645,7,5,2,"Draw(CW,S0)",1,0.765,1.87344,200,1,"-4:2;-3:5;-2:19;-1:42;1:55;2:39;3:32;4:4;5:1;6:1",0.24
8645,7,5,3,"Draw(CCW,S0)",1,0.87,1.99827,200,1,"-5:1;-4:4;-3:9;-2:10;-1:34;1:64;2:40;3:26;4:7;5:4;6:1",0.875
8645,7,5,4,"Draw(CW,S2)",1,0.88,2.01881,200,1,"-5:1;-4:5;-3:4;-2:13;-1:37;1:66;2:36;3:23;4:7;5:7;6:1",-1
8645,7,5,5,"Draw(CCW,S2)",1,0.805,1.92015,200,1,"-4:1;-3:7;-2:23;-1:30;1:70;2:36;3:16;4:13;5:4",-1
8645,7,5,6,"Draw(CW,S4)",1,0.825,1.91687,200,1,"-5:2;-3:3;-2:15;-1:48;1:64;2:25;3:25;4:17;5:1",0.16
8645,7,5,7,"Draw(CCW,S4)",1,0.88,1.77921,200,1,"-3:6;-2:10;-1:45;1:72;2:31;3:23;4:10;5:2;6:1",0.965
8645,7,5,8,"Draw(CW,S6)",1,0.99,1.79162,200,1,"-4:1;-3:2;-2:12;-1:44;1:67;2:31;3:28;4:13;5:1;6:1",-1
8645,7,5,9,"Draw(CCW,S6)",1,1.06,1.88584,200,1,"-5:1;-3:2;-2:15;-1:40;1:59;2:40;3:23;4:16;5:3;6:1",-1
8645,7,5,10,"Draw(CW,L0)",1,0.8,1.87883,200,1,"-5:1;-4:1;-3:4;-2:7;-1:57;1:62;2:36;3:18;4:9;5:3;6:1;7:1",-0.63
8645,7,5,11,"Draw(CCW,L0)",1,0.925,1.83013,200,1,"-4:4;-3:4;-2:16;-1:25;1:83;2:34;3:21;4:9;5:4",-0.42
8645,7,5,12,"Draw(CW,L1)",1,0.805,1.88334,200,1,"-5:1;-4:2;-3:4;-2:10;-1:50;1:58;2:47;3:15;4:8;5:3;6:2",-1
8645,7,5,13,"Draw(CCW,L1)",1,0.965,1.94005,200,1,"-5:1;-4:2;-3:5;-2:13;-1:38;1:61;2:36;3:27;4:14;5:3",-1
8645,7,5,14,"Draw(CW,L2)",1,0.385,1.88859,200,1,"-5:1;-4:3;-3:11;-2:17;-1:44;1:76;2:27;3:10;4:10;5:1",-1
8645,7,5,15,"Draw(CCW,L2)",1,0.725,1.97215,200,1,"-5:1;-4:4;-3:5;-2:13;-1:47;1:60;2:33;3:23;4:11;5:3",-1
8645,7,5,16,"Draw(CW,L3)",1,0.92,2.01584,200,1,"-4:2;-3:6;-2:18;-1:40;1:53;2:32;3:31;4:14;5:4",-1
8645,7,5,17,"Draw(CCW,L3)",1,1,1.95704,200,1,"-4:2;-3:3;-2:15;-1:41;1:65;2:26;3:26;4:19;5:2;7:1",-1
8645,7,5,18,"Draw(CW,L4)",1,0.65,1.8214,200,1,"-3:8;-2:16;-1:48;1:65;2:34;3:17;4:10;5:2",-1
8645,7,5,19,"Draw(CCW,L4)",1,0.7,2.12132,200,1,"-5:1;-4:3;-3:8;-2:17;-1:46;1:55;2:32;3:18;4:13;5:6;6:1",-1
8645,7,5,20,"Draw(CW,L5)",1,1.185,2.04958,200,1,"-4:1;-3:3;-2:18;-1:30;1:71;2:30;3:21;4:14;5:8;6:3;8:1",-1
8645,7,5,21,"Draw(CCW,L5)",1,0.99,2.01244,200,1,"-5:1;-4:2;-3:3;-2:10;-1:47;1:62;2:35;3:16;4:15;5:8;7:1",-1
8645,7,5,22,"Draw(CW,L6)",1,1.03,1.95681,200,1,"-3:7;-2:13;-1:40;1:60;2:36;3:24;4:12;5:7;6:1",-1
8645,7,5,23,"Draw(CCW,L6)",1,0.895,1.92976,200,1,"-4:2;-3:4;-2:17;-1:38;1:73;2:26;3:20;4:14;5:6",-1
8645,7,5,24,"Draw(CW,L7)",1,0.73,1.87005,200,1,"-4:1;-3:7;-2:20;-1:38;1:67;2:34;3:20;4:11;5:2",-1
8645,7,5,25,"Draw(CCW,L7)",1,0.9,1.74642,200,1,"-4:1;-3:5;-2:12;-1:39;1:70;2:40;3:23;4:7;5:3",-1
8645,7,5,26,"PreGuard(CW,G3)",2,0.54,1.89167,200,1,"-4:3;-3:6;-2:19;-1:49;1:64;2:31;3:14;4:13;5:1",-1
8645,7,5,27,"PreGuard(CCW,G3)",2,0.68,1.90463,200,1,"-4:2;-3:9;-2:12;-1:47;0:1;1:63;2:38;3:13;4:12;5:2;6:1",-1
8645,7,5,28,"PreGuard(CW,G4)",2,0.47,1.90502,200,1,"-4:3;-3:7;-2:20;-1:50;1:64;2:29;3:16;4:9;5:1;6:1",-1
8645,7,5,29,"PreGuard(CCW,G4)",2,0.385,1.81019,200,1,"-5:1;-4:2;-3:7;-2:20;-1:50;1:65;2:37;3:12;4:4;5:2",-1
8645,7,5,30,"PreGuard(CW,G5)",2,0.64,1.8816,200,1,"-5:1;-4:1;-3:7;-2:18;-1:43;1:64;2:40;3:15;4:7;5:4",-1
8645,7,5,31,"PreGuard(CCW,G5)",2,0.58,1.86644,200,1,"-3:10;-2:21;-1:40;1:73;2:29;3:14;4:10;5:3",-1
8645,7,5,32,"Hit(CW,0,TOUCH)",3,0.81,1.76462,200,1,"-3:5;-2:12;-1:48;1:69;2:33;3:22;4:8;5:2;6:1",-0.06
8645,7,5,33,"Hit(CCW,0,TOUCH)",3,0.61,1.98441,200,1,"-4:9;-3:3;-2:14;-1:45;1:66;2:30;3:19;4:13;5:1",1.67
8645,7,5,34,"Hit(CW,0,WEAK)",3,1.125,1.90509,200,1,"-6:1;-4:1;-3:2;-2:14;-1:35;1:61;2:39;3:28;4:14;5:5",1.075
8645,7,5,35,"Hit(CCW,0,WEAK)",3,1.195,2.04376,200,1,"-3:3;-2:17;-1:37;1:59;2:38;3:17;4:15;5:12;6:1;7:1",0.43
8645,7,5,36,"Hit(CW,0,MIDDLE)",3,1.02,1.83565,200,1,"-5:1;-4:1;-3:4;-2:9;-1:41;0:1;1:59;2:47;3:21;4:12;5:4",-0.19
8645,7,5,37,"Hit(CCW,0,MIDDLE)",3,1.2,1.89209,200,1,"-3:5;-2:9;-1:36;1:70;2:35;3:25;4:9;5:8;6:3",1.045
8645,7,5,38,"Hit(CW,0,STRONG)",3,0.935,1.79744,200,1,"-3:4;-2:15;-1:41;1:66;2:36;3:23;4:12;5:3",-0.14
8645,7,5,39,"Hit(CCW,0,STRONG)",3,0.91,1.96263,200,1,"-4:3;-3:5;-2:13;-1:42;0:1;1:61;2:33;3:23;4:14;5:5",1.19
8645,7,5,40,"Freeze(CW,0)",4,0.72,2.0029,200,1,"-5:2;-4:1;-3:4;-2:20;-1:46;1:58;2:29;3:22;4:16;5:2",-0.57
8645,7,5,41,"Freeze(CCW,0)",4,1.145,1.76181,200,1,"-4:1;-3:3;-2:14;-1:30;1:60;2:54;3:24;4:11;5:2;6:1",1.285
8645,7,5,42,"Hit(CW,2,TOUCH)",3,0.78,1.71219,200,1,"-4:3;-3:1;-2:12;-1:47;1:71;2:38;3:19;4:7;5:2",-0.905
8645,7,5,43,"Hit(CCW,2,TOUCH)",3,0.725,1.73476,200,1,"-4:1;-3:5;-2:14;-1:46;1:68;2:36;3:24;4:5;6:1",0.86
8645,7,5,44,"Hit(CW,2,WEAK)",3,0.92,1.98333,200,1,"-4:1;-3:5;-2:12;-1:49;1:61;2:33;3:19;4:11;5:6;6:3",0.905
8645,7,5,45,"Hit(CCW,2,WEAK)",3,1.03,1.91549,200,1,"-4:1;-3:5;-2:11;-1:41;1:68;2:30;3:26;4:8;5:10",1.34
8645,7,5,46,"Hit(CW,2,MIDDLE)",3,1.08,1.59487,200,1,"-3:2;-2:10;-1:34;1:81;2:38;3:23;4:10;5:2",0.43
8645,7,5,47,"Hit(CCW,2,MIDDLE)",3,1.035,1.64432,200,1,"-3:3;-2:11;-1:35;1:75;2:46;3:18;4:8;5:4",-0.995
8645,7,5,48,"Hit(CW,2,STRONG)",3,0.855,1.8852,200,1,"-4:3;-3:8;-2:10;-1:38;1:67;2:41;3:21;4:8;5:3;6:1",0.335
8645,7,5,49,"Hit(CCW,2,STRONG)",3,0.995,1.85606,200,1,"-5:1;-4:1;-3:7;-2:6;-1:40;1:68;2:37;3:25;4:12;5:2;6:1",-1.075
8645,7,5,50,"Freeze(CW,2)",4,0.87,1.89555,200,1,"-4:3;-3:4;-2:11;-1:47;1:62;2:34;3:22;4:14;5:3",-1
8645,7,5,51,"Freeze(CCW,2)",4,0.725,1.92077,200,1,"-5:1;-4:3;-3:5;-2:13;-1:50;1:51;2:39;3:30;4:6;5:2",-0.695
8645,7,5,52,"PostGuard(CW,1,0)",7,0.66,1.85321,200,1,"-3:5;-2:17;-1:54;1:64;2:28;3:17;4:12;5:2;6:1",-0.365
8645,7,5,53,"PostGuard(CCW,1,0)",7,0.7,1.86279,200,1,"-4:3;-3:8;-2:13;-1:40;1:74;2:34;3:15;4:10;5:3",-0.005
8645,7,5,54,"PostGuard(CW,1,1)",7,0.64,2.0001,200,1,"-5:1;-4:3;-3:6;-2:15;-1:50;1:60;2:33;3:19;4:6;5:6;6:1",-1
8645,7,5,55,"PostGuard(CCW,1,1)",7,0.56,1.94072,200,1,"-5:1;-4:4;-3:5;-2:15;-1:53;1:59;2:29;3:24;4:8;5:2",-1
8645,7,5,56,"PostGuard(CW,1,2)",7,0.77,2.04624,200,1,"-5:1;-4:3;-3:8;-2:13;-1:45;1:56;2:34;3:22;4:14;5:4",-1
8645,7,5,57,"PostGuard(CCW,1,2)",7,0.685,1.86166,200,1,"-3:4;-2:23;-1:43;1:73;2:24;3:24;4:3;5:3;6:3",-1
8645,7,5,58,"PostGuard(CW,3,0)",7,0.595,2.02262,200,1,"-5:3;-4:3;-3:5;-2:22;-1:37;1:66;2:31;3:20;4:11;5:2",-1
8645,7,5,59,"PostGuard(CCW,3,0)",7,0.72,1.97018,200,1,"-6:1;-5:1;-4:1;-3:2;-2:21;-1:39;1:79;2:27;3:13;4:11;5:1;6:3;7:1",-1
8645,7,5,60,"PostGuard(CW,3,1)",7,0.26,2.03037,200,1,"-5:2;-4:4;-3:7;-2:26;-1:50;1:60;2:27;3:15;4:6;6:3",-1
8645,7,5,61,"PostGuard(CCW,3,1)",7,0.355,2.05401,200,1,"-4:7;-3:9;-2:20;-1:48;0:1;1:62;2:24;3:16;4:10;5:2;6:1",-1
8645,7,5,62,"PostGuard(CW,3,2)",7,0.39,1.96924,200,1,"-5:1;-3:13;-2:19;-1:54;1:54;2:30;3:19;4:8;5:1;6:1",-1
8645,7,5,63,"PostGuard(CCW,3,2)",7,0.58,1.89568,200,1,"-6:1;-3:6;-2:26;-1:38;1:71;2:29;3:18;4:9;5:1;6:1",-1
8645,7,5,64,"PostGuard(CW,5,0)",7,0.64,2.03234,200,1,"-4:3;-3:8;-2:21;-1:44;1:50;2:40;3:22;4:8;5:3;7:1",-1
8645,7,5,65,"PostGuard(CCW,5,0)",7,0.655,2.06542,200,1,"-5:1;-4:1;-3:12;-2:18;-1:43;1:51;2:36;3:25;4:9;5:3;6:1",-1
8645,7,5,66,"PostGuard(CW,5,1)",7,0.525,1.91295,200,1,"-4:3;-3:11;-2:16;-1:42;1:72;2:32;3:11;4:10;5:3",-1
8645,7,5,67,"PostGuard(CCW,5,1)",7,0.72,1.91353,200,1,"-4:2;-3:6;-2:15;-1:46;1:73;2:21;3:23;4:9;5:4;6:1",-1
8645,7,5,68,"PostGuard(CW,5,2)",7,0.475,1.88132,200,1,"-5:1;-4:3;-3:8;-2:14;-1:50;1:70;2:32;3:11;4:9;5:1;6:1",-1
8645,7,5,69,"PostGuard(CCW,5,2)",7,0.33,2.08832,200,1,"-5:6;-4:3;-3:11;-2:19;-1:37;1:64;2:36;3:18;4:4;5:2",-1
8645,7,5,70,"Pass",0,0.725,1.83013,200,1,"-5:1;-4:3;-3:4;-2:14;-1:41;1:73;2:36;3:15;4:12;5:1",-1
6132,0,13,0,"Draw(CW,TEE)",1,1.815,1.18354,200,1,"-1:13;1:70;2:59;3:44;4:14",2.425
6132,0,13,1,"Draw(CCW,TEE)",1,2.36,1.20433,200,1,"-1:9;1:32;2:62;3:65;4:30;5:2",3.25
6132,0,13,2,"Draw(CW,S0)",1,1.79,1.30227,200,1,"-2:3;-1:13;1:67;2:59;3:42;4:14;5:2",2.495
6132,0,13,3,"Draw(CCW,S0)",1,2.32,1.15222,200,1,"-1:5;1:37;2:71;3:70;4:8;5:6;6:3",2.825
6132,0,13,4,"Draw(CW,S2)",1,2.31,1.04111,200,1,"-1:4;1:43;2:54;3:83;4:14;5:2",3
6132,0,13,5,"Draw(CCW,S2)",1,2.265,1.30567,200,1,"-1:10;1:44;2:55;3:65;4:17;5:8;6:1",3
6132,0,13,6,"Draw(CW,S4)",1,1.78,1.37535,200,1,"-3:1;-2:3;-1:14;1:66;2:54;3:45;4:15;5:2",2.465
6132,0,13,7,"Draw(CCW,S4)",1,2.42,1.18051,200,1,"-2:2;-1:5;1:25;2:67;3:77;4:19;5:3;6:2",2.935
6132,0,13,8,"Draw(CW,S6)",1,2.24,1.10562,200,1,"-1:7;1:47;2:45;3:86;4:15",3
6132,0,13,9,"Draw(CCW,S6)",1,2.155,1.08212,200,1,"-2:1;-1:4;1:52;2:60;3:69;4:12;5:2",3
6132,0,13,10,"Draw(CW,L0)",1,1.58,1.24242,200,1,"-3:1;-2:1;-1:17;1:73;2:70;3:30;4:5;5:3",2.45
6132,0,13,11,"Draw(CCW,L0)",1,1.99,1.09083,200,1,"-4:1;-2:2;-1:6;1:31;2:109;3:43;4:6;5:2",2.29
6132,0,13,12,"Draw(CW,L1)",1,2.33,1.17945,200,1,"-3:1;-1:6;1:39;2:51;3:80;4:21;5:2",2.955
6132,0,13,13,"Draw(CCW,L1)",1,2.25,1.40979,200,1,"-3:2;-2:1;-1:10;1:36;2:55;3:71;4:17;5:7;6:1",3
6132,0,13,14,"Draw(CW,L2)",1,2.34,1.09745,200,1,"-1:3;0:1;1:47;2:49;3:78;4:18;5:4",3
6132,0,13,15,"Draw(CCW,L2)",1,2.185,1.05393,200,1,"-1:4;1:60;2:38;3:88;4:9;5:1",3
6132,0,13,16,"Draw(CW,L3)",1,2.32,1.14787,200,1,"-1:6;1:45;2:46;3:84;4:14;5:5",3
6132,0,13,17,"Draw(CCW,L3)",1,2.31,1.19746,200,1,"-1:8;1:43;2:47;3:79;4:19;5:4",3
6132,0,13,18,"Draw(CW,L4)",1,2.295,1.21572,200,1,"-1:9;1:39;2:55;3:75;4:16;5:6",3
6132,0,13,19,"Draw(CCW,L4)",1,2.345,1.15584,200,1,"-2:2;-1:4;1:39;2:50;3:87;4:13;5:5",3
6132,0,13,20,"Draw(CW,L5)",1,2.325,1.03893,200,1,"-1:4;1:43;2:50;3:88;4:13;5:2",3
6132,0,13,21,"Draw(CCW,L5)",1,2.33,1.16666,200,1,"-1:7;1:42;2:46;3:86;4:15;5:3;6:1",3
6132,0,13,22,"Draw(CW,L6)",1,2.2,1.17898,200,1,"-1:9;1:46;2:52;3:76;4:14;5:3",3
6132,0,13,23,"Draw(CCW,L6)",1,2.2,1.253,200,1,"-2:1;-1:12;1:34;2:62;3:70;4:19;5:2",3
6132,0,13,24,"Draw(CW,L7)",1,2.26,1.04518,200,1,"-2:1;-1:3;1:48;2:47;3:91;4:8;5:2",3
6132,0,13,25,"Draw(CCW,L7)",1,2.235,1.15316,200,1,"-1:8;1:45;2:50;3:81;4:13;5:3",3
6132,0,13,26,"PreGuard(CW,G3)",2,2.255,1.03922,200,1,"-1:4;1:52;2:42;3:89;4:13",3
6132,0,13,27,"PreGuard(CCW,G3)",2,2.225,1.16378,200,1,"-1:10;1:44;2:41;3:91;4:14",3
6132,0,13,28,"PreGuard(CW,G4)",2,2.49,0.916461,200,1,"-1:3;1:24;2:59;3:97;4:17",3
6132,0,13,29,"PreGuard(CCW,G4)",2,2.3,1.11803,200,1,"-2:2;-1:5;1:34;2:60;3:83;4:14;5:2",3
6132,0,13,30,"PreGuard(CW,G5)",2,2.4,1.02956,200,1,"-1:6;1:34;2:40;3:108;4:12",3
6132,0,13,31,"PreGuard(CCW,G5)",2,2.45,0.99373,200,1,"-1:3;1:40;2:34;3:107;4:16",3
6132,0,13,32,"Hit(CW,8,TOUCH)",3,1.92,1.47431,200,1,"-1:23;1:52;2:49;3:53;4:18;5:4;6:1",2.38
6132,0,13,33,"Hit(CCW,8,TOUCH)",3,2.22,1.14525,200,1,"-2:2;-1:6;1:29;2:86;3:62;4:8;5:7",2.76
6132,0,13,34,"Hit(CW,8,WEAK)",3,1.365,1.60055,200,1,"-2:2;-1:44;1:56;2:46;3:38;4:11;5:3",2.31
6132,0,13,35,"Hit(CCW,8,WEAK)",3,1.83,1.39323,200,1,"-3:4;-2:3;-1:12;1:44;2:67;3:62;4:8",2.555
6132,0,13,36,"Hit(CW,8,MIDDLE)",3,1.765,1.44561,200,1,"-2:4;-1:23;1:47;2:54;3:59;4:13",2.43
6132,0,13,37,"Hit(CCW,8,MIDDLE)",3,1.66,2.02346,200,1,"-2:8;-1:45;1:36;2:31;3:38;4:30;5:11;6:1",2.155
6132,0,13,38,"Hit(CW,8,STRONG)",3,1.835,1.29914,200,1,"-2:2;-1:17;1:50;2:71;3:44;4:16",2.385
6132,0,13,39,"Hit(CCW,8,STRONG)",3,2.005,1.7044,200,1,"-2:4;-1:25;1:43;2:39;3:54;4:24;5:11",2.46
6132,0,13,40,"Freeze(CW,8)",4,1.915,1.2561,200,1,"-1:12;1:67;2:59;3:42;4:16;5:4",2.34
6132,0,13,41,"Freeze(CCW,8)",4,2.285,1.3243,200,1,"-2:4;-1:7;1:38;2:51;3:71;4:26;5:3",2.995
6132,0,13,42,"Hit(CW,10,TOUCH)",3,1.785,1.3888,200,1,"-3:1;-2:4;-1:16;1:49;2:71;3:45;4:13;6:1",2.735
6132,0,13,43,"Hit(CCW,10,TOUCH)",3,1.64,1.36763,200,1,"-2:1;-1:20;1:83;2:42;3:35;4:17;5:2",2.125
6132,0,13,44,"Hit(CW,10,WEAK)",3,2.25,1.94358,200,1,"-2:2;-1:27;1:36;2:52;3:30;4:24;5:19;6:10",2.315
6132,0,13,45,"Hit(CCW,10,WEAK)",3,1.715,1.87717,200,1,"-2:1;-1:44;1:40;2:49;3:32;4:18;5:13;6:3",2.15
6132,0,13,46,"Hit(CW,10,MIDDLE)",3,1.85,1.87283,200,1,"-2:2;-1:41;1:37;2:38;3:35;4:38;5:9",2.325
6132,0,13,47,"Hit(CCW,10,MIDDLE)",3,1.665,1.76996,200,1,"-2:4;-1:34;1:58;2:38;3:35;4:20;5:10;6:1",1.945
6132,0,13,48,"Hit(CW,10,STRONG)",3,1.81,1.80108,200,1,"-2:2;-1:39;0:1;1:40;2:32;3:49;4:32;5:4;6:1",2.195
6132,0,13,49,"Hit(CCW,10,STRONG)",3,1.84,1.83695,200,1,"-2:3;-1:34;1:49;2:39;3:36;4:22;5:17",2.03
6132,0,13,50,"Freeze(CW,10)",4,2.165,1.01871,200,1,"-2:1;-1:2;1:52;2:61;3:77;4:4;5:2;6:1",2.94
6132,0,13,51,"Freeze(CCW,10)",4,1.835,1.2441,200,1,"-1:16;1:65;2:50;3:60;4:7;5:2",2.615
6132,0,13,52,"Hit(CW,12,TOUCH)",3,2.29,0.94652,200,1,"-1:1;1:52;2:44;3:94;4:8;5:1",2.855
6132,0,13,53,"Hit(CCW,12,TOUCH)",3,2.005,1.2349,200,1,"-2:1;-1:9;1:68;2:39;3:69;4:11;5:3",2.585
6132,0,13,54,"Hit(CW,12,WEAK)",3,2.015,1.97858,200,1,"-2:3;-1:35;1:36;2:44;3:38;4:24;5:10;6:10",2.315
6132,0,13,55,"Hit(CCW,12,WEAK)",3,1.855,1.87189,200,1,"-2:2;-1:38;1:37;2:49;3:39;4:19;5:11;6:5",2.15
6132,0,13,56,"Hit(CW,12,MIDDLE)",3,2.13,1.87699,200,1,"-2:6;-1:31;1:22;2:35;3:59;4:37;5:8;6:2",2.36
6132,0,13,57,"Hit(CCW,12,MIDDLE)",3,1.745,1.82756,200,1,"-3:1;-2:3;-1:34;1:54;2:35;3:37;4:24;5:11;6:1",1.945
6132,0,13,58,"Hit(CW,12,STRONG)",3,1.865,1.97403,200,1,"-2:10;-1:33;1:35;2:35;3:38;4:39;5:9;6:1",2.29
6132,0,13,59,"Hit(CCW,12,STRONG)",3,1.96,1.74883,200,1,"-2:3;-1:28;0:1;1:45;2:37;3:51;4:22;5:12;6:1",2.105
6132,0,13,60,"Freeze(CW,12)",4,2.265,1.06994,200,1,"-2:1;-1:4;1:41;2:60;3:82;4:8;5:4",3
6132,0,13,61,"Freeze(CCW,12)",4,2.31,1.20162,200,1,"-1:10;1:40;2:36;3:101;4:8;5:5",3
6132,0,13,62,"PostGuard(CW,5,0)",7,2.19,1.09266,200,1,"-1:5;1:54;2:51;3:76;4:11;5:3",3
6132,0,13,63,"PostGuard(CCW,5,0)",7,2.13,1.24623,200,1,"-2:1;-1:13;1:41;2:48;3:86;4:9;5:2",2.995
6132,0,13,64,"PostGuard(CW,5,1)",7,2.21,0.997948,200,1,"-1:4;1:50;2:50;3:89;4:6;5:1",3
6132,0,13,65,"PostGuard(CCW,5,1)",7,2.195,0.957588,200,1,"-1:5;1:43;2:58;3:91;4:3",3
6132,0,13,66,"PostGuard(CW,5,2)",7,2.25,1.01858,200,1,"-2:1;-1:2;1:51;2:44;3:95;4:6;6:1",3
6132,0,13,67,"PostGuard(CCW,5,2)",7,2.37,0.934398,200,1,"-1:3;1:35;2:55;3:96;4:11",3
6132,0,13,68,"PostGuard(CW,7,0)",7,2.34,1.01213,200,1,"-1:3;1:46;2:44;3:91;4:16",3
6132,0,13,69,"PostGuard(CCW,7,0)",7,2.15,1.11243,200,1,"-1:9;1:48;2:47;3:87;4:9",3
6132,0,13,70,"PostGuard(CW,7,1)",7,2.23,1.1389,200,1,"-1:8;1:47;2:45;3:83;4:17",3
6132,0,13,71,"PostGuard(CCW,7,1)",7,2.2,1.14455,200,1,"-2:1;-1:8;1:44;2:48;3:86;4:13",3
6132,0,13,72,"PostGuard(CW,7,2)",7,2.16,1.01705,200,1,"-1:3;1:61;2:45;3:80;4:11",3
6132,0,13,73,"PostGuard(CCW,7,2)",7,2.295,1.04784,200,1,"-2:1;-1:3;1:44;2:52;3:85;4:14;5:1",3
6132,0,13,74,"PostGuard(CW,9,0)",7,2.175,1.34699,200,1,"-2:1;-1:9;1:58;2:44;3:61;4:18;5:9",2.76
6132,0,13,75,"PostGuard(CCW,9,0)",7,2.105,1.05545,200,1,"-1:4;1:64;2:48;3:72;4:11;5:1",3.005
6132,0,13,76,"PostGuard(CW,9,1)",7,2.47,1.21206,200,1,"-1:7;1:35;2:43;3:90;4:15;5:10",3
6132,0,13,77,"PostGuard(CCW,9,1)",7,2.39,1.24012,200,1,"-1:10;1:36;2:38;3:94;4:16;5:6",3
6132,0,13,78,"PostGuard(CW,9,2)",7,2.415,0.976102,200,1,"-1:2;1:36;2:58;3:85;4:17;5:2",3
6132,0,13,79,"PostGuard(CCW,9,2)",7,2.36,1.07722,200,1,"-3:1;-1:4;1:35;2:54;3:89;4:16;5:1",3
6132,0,13,80,"PostGuard(CW,11,0)",7,2.16,1.12,200,1,"-1:7;1:51;2:54;3:75;4:10;5:3",3
6132,0,13,81,"PostGuard(CCW,11,0)",7,2.165,1.10353,200,1,"-2:1;-1:6;1:45;2:62;3:75;4:8;5:3",3.005
6132,0,13,82,"PostGuard(CW,11,1)",7,2.3,0.994987,200,1,"-1:4;1:45;2:43;3:99;4:9",3
6132,0,13,83,"PostGuard(CCW,11,1)",7,2.215,1.0192,200,1,"-2:1;-1:3;0:1;1:48;2:49;3:90;4:8",3
6132,0,13,84,"PostGuard(CW,11,2)",7,2.285,0.976614,200,1,"-1:4;1:43;2:49;3:96;4:8",3
6132,0,13,85,"PostGuard(CCW,11,2)",7,2.27,0.936536,200,1,"-1:2;1:49;2:47;3:95;4:7",3
6132,0,13,86,"Pass",0,2.225,1.05089,200,1,"-2:1;-1:5;1:43;2:54;3:87;4:10",3
3339,4,10,0,"Draw(CW,TEE)",1,-0.93,1.71321,200,1,"-5:4;-4:4;-3:22;-2:45;-1:71;1:40;2:8;3:3;4:3",-0.77
3339,4,10,1,"Draw(CCW,TEE)",1,-1.12,1.88828,200,1,"-5:3;-4:19;-3:29;-2:36;-1:54;1:40;2:17;3:2",-0.7
3339,4,10,2,"Draw(CW,S0)",1,-0.735,1.8041,200,1,"-5:1;-4:6;-3:27;-2:36;-1:63;1:46;2:14;3:5;4:1;5:1",0.02
3339,4,10,3,"Draw(CCW,S0)",1,-1.385,1.79354,200,1,"-5:4;-4:16;-3:38;-2:41;-1:57;1:34;2:6;3:2;4:2",-0.99
3339,4,10,4,"Draw(CW,S2)",1,-1.03,1.78581,200,1,"-5:3;-4:7;-3:30;-2:49;-1:53;1:45;2:9;3:3;6:1",-1.825
3339,4,10,5,"Draw(CCW,S2)",1,-1.14,1.81945,200,1,"-5:3;-4:11;-3:32;-2:48;-1:52;1:41;2:8;3:2;4:3",-1.87
3339,4,10,6,"Draw(CW,S4)",1,-0.89,1.76292,200,1,"-5:3;-4:9;-3:24;-2:39;-1:61;1:46;2:16;3:2",-0.415
3339,4,10,7,"Draw(CCW,S4)",1,-1.17,1.82513,200,1,"-5:1;-4:16;-3:36;-2:41;-1:50;1:40;2:14;3:1;4:1",-0.83
3339,4,10,8,"Draw(CW,S6)",1,-1.27,1.97917,200,1,"-5:7;-4:15;-3:36;-2:38;-1:53;1:35;2:8;3:6;4:1;5:1",-1.25
3339,4,10,9,"Draw(CCW,S6)",1,-1.22,1.8659,200,1,"-5:3;-4:10;-3:49;-2:33;-1:51;1:41;2:6;3:6;4:1",-1.235
3339,4,10,10,"Draw(CW,L0)",1,-0.735,2.02108,200,1,"-5:2;-4:11;-3:27;-2:37;-1:51;1:50;2:11;3:6;4:3;5:1;6:1",0.72
3339,4,10,11,"Draw(CCW,L0)",1,-1.18,1.84597,200,1,"-5:3;-4:14;-3:36;-2:38;-1:56;1:36;2:12;3:5",-1.645
3339,4,10,12,"Draw(CW,L1)",1,-1.05,1.66658,200,1,"-5:1;-4:9;-3:26;-2:46;-1:68;1:36;2:11;3:1;4:2",-1.45
3339,4,10,13,"Draw(CCW,L1)",1,-1.035,1.73314,200,1,"-5:1;-4:10;-3:30;-2:44;-1:58;1:46;2:7;3:3;5:1",-1.73
3339,4,10,14,"Draw(CW,L2)",1,-1.075,1.90771,200,1,"-5:4;-4:12;-3:30;-2:52;-1:40;1:42;2:16;3:3;4:1",-2
3339,4,10,15,"Draw(CCW,L2)",1,-1.145,1.7158,200,1,"-5:5;-4:8;-3:30;-2:46;-1:56;1:44;2:11",-2
3339,4,10,16,"Draw(CW,L3)",1,-1.31,1.80108,200,1,"-5:2;-4:16;-3:39;-2:45;-1:48;1:36;2:11;3:3",-2
3339,4,10,17,"Draw(CCW,L3)",1,-1.18,1.76567,200,1,"-5:2;-4:9;-3:37;-2:51;-1:48;1:40;2:10;3:2;5:1",-2
3339,4,10,18,"Draw(CW,L4)",1,-0.75,1.79931,200,1,"-5:1;-4:6;-3:25;-2:41;-1:61;1:45;2:15;3:3;4:2;5:1",-1.995
3339,4,10,19,"Draw(CCW,L4)",1,-1.115,1.83624,200,1,"-4:19;-3:30;-2:40;-1:54;1:42;2:13;4:1;5:1",-1.98
3339,4,10,20,"Draw(CW,L5)",1,-1.12,1.71919,200,1,"-5:2;-4:12;-3:29;-2:48;-1:52;1:46;2:10;3:1",-2
3339,4,10,21,"Draw(CCW,L5)",1,-1.04,1.7287,200,1,"-5:1;-4:9;-3:33;-2:47;-1:50;1:45;2:14;3:1",-2
3339,4,10,22,"Draw(CW,L6)",1,-1.01,1.70877,200,1,"-5:3;-4:5;-3:37;-2:36;-1:57;1:53;2:7;3:2",-2
3339,4,10,23,"Draw(CCW,L6)",1,-1.085,1.97681,200,1,"-5:5;-4:17;-3:33;-2:30;-1:51;1:49;2:11;3:2;4:1;5:1",-2
3339,4,10,24,"Draw(CW,L7)",1,-1.185,1.66156,200,1,"-5:2;-4:15;-3:26;-2:41;-1:66;1:42;2:7;3:1",-2
3339,4,10,25,"Draw(CCW,L7)",1,-1.125,1.72609,200,1,"-5:1;-4:13;-3:35;-2:42;-1:48;1:53;2:8",-2
3339,4,10,26,"PreGuard(CW,G3)",2,-1.16,1.80953,200,1,"-5:2;-4:15;-3:31;-2:43;-1:55;1:42;2:9;3:1;4:1;5:1",-2
3339,4,10,27,"PreGuard(CCW,G3)",2,-1.245,1.7044,200,1,"-5:1;-4:14;-3:32;-2:47;-1:61;1:29;2:15;4:1",-2
3339,4,10,28,"PreGuard(CW,G4)",2,-1.175,1.75054,200,1,"-5:3;-4:10;-3:32;-2:52;-1:50;1:38;2:13;3:2",-2
3339,4,10,29,"PreGuard(CCW,G4)",2,-1.025,1.9658,200,1,"-5:8;-4:14;-3:17;-2:51;-1:45;1:47;2:15;3:1;4:1;5:1",-2
3339,4,10,30,"PreGuard(CW,G5)",2,-1.085,1.80216,200,1,"-5:3;-4:13;-3:26;-2:44;-1:58;1:45;2:8;4:2;5:1",-2
3339,4,10,31,"PreGuard(CCW,G5)",2,-0.98,1.8438,200,1,"-5:1;-4:12;-3:32;-2:45;-1:45;1:46;2:15;3:4",-2
3339,4,10,32,"Hit(CW,7,TOUCH)",3,-1.29,1.76236,200,1,"-5:1;-4:17;-3:35;-2:49;-1:47;1:39;2:11;4:1",-1.91
3339,4,10,33,"Hit(CCW,7,TOUCH)",3,-1.15,1.80485,200,1,"-5:1;-4:9;-3:45;-2:41;-1:47;1:46;2:7;3:1;4:3",-2
3339,4,10,34,"Hit(CW,7,WEAK)",3,-0.79,1.56713,200,1,"-4:4;-3:18;-2:43;-1:79;1:41;2:12;3:1;4:1;5:1",-1
3339,4,10,35,"Hit(CCW,7,WEAK)",3,-0.575,1.85051,200,1,"-4:4;-3:20;-2:50;-1:56;1:39;2:19;3:8;4:4",-0.98
3339,4,10,36,"Hit(CW,7,MIDDLE)",3,-0.665,1.67415,200,1,"-4:5;-3:19;-2:36;-1:76;1:46;2:12;3:3;4:2;5:1",-0.74
3339,4,10,37,"Hit(CCW,7,MIDDLE)",3,-0.805,1.63002,200,1,"-4:7;-3:18;-2:38;-1:82;1:40;2:9;3:4;4:1;5:1",-0.715
3339,4,10,38,"Hit(CW,7,STRONG)",3,-0.85,1.59922,200,1,"-4:7;-3:19;-2:42;-1:76;1:43;2:9;3:2;4:2",-0.875
3339,4,10,39,"Hit(CCW,7,STRONG)",3,-0.76,1.61938,200,1,"-4:5;-3:20;-2:38;-1:78;0:1;1:41;2:12;3:4;5:1",-0.755
3339,4,10,40,"Freeze(CW,7)",4,-1.105,1.82592,200,1,"-5:3;-4:12;-3:34;-2:42;-1:49;1:47;2:10;3:2;4:1",-2
3339,4,10,41,"Freeze(CCW,7)",4,-1.24,1.74997,200,1,"-5:1;-4:13;-3:39;-2:46;-1:49;1:39;2:12;4:1",-2
3339,4,10,42,"Hit(CW,9,TOUCH)",3,-0.885,1.91619,200,1,"-5:1;-4:18;-3:19;-2:44;-1:53;1:38;2:22;3:4;4:1",0.575
3339,4,10,43,"Hit(CCW,9,TOUCH)",3,-0.9,1.86548,200,1,"-5:3;-4:13;-3:23;-2:39;-1:57;1:44;2:17;3:3;4:1",0.085
3339,4,10,44,"Hit(CW,9,WEAK)",3,-1.115,1.68279,200,1,"-5:2;-4:10;-3:27;-2:40;-1:77;0:1;1:26;2:14;3:2;5:1",-0.87
3339,4,10,45,"Hit(CCW,9,WEAK)",3,-1.42,1.82307,200,1,"-5:5;-4:15;-3:39;-2:50;-1:44;1:38;2:5;3:2;4:2",-1.69
3339,4,10,46,"Hit(CW,9,MIDDLE)",3,-1.415,1.78683,200,1,"-5:5;-4:19;-3:38;-2:32;-1:60;1:38;2:6;3:2",-1.595
3339,4,10,47,"Hit(CCW,9,MIDDLE)",3,-0.875,1.64298,200,1,"-4:8;-3:22;-2:38;-1:77;0:1;1:39;2:10;3:3;4:2",-0.96
3339,4,10,48,"Hit(CW,9,STRONG)",3,-1.66,1.54415,200,1,"-5:4;-4:13;-3:45;-2:50;-1:60;1:23;2:4;4:1",-1.65
3339,4,10,49,"Hit(CCW,9,STRONG)",3,-1.125,1.60604,200,1,"-5:3;-4:7;-3:24;-2:49;-1:72;1:34;2:7;3:4",-1.015
3339,4,10,50,"Freeze(CW,9)",4,-0.55,1.73421,200,1,"-4:4;-3:20;-2:38;-1:65;1:50;2:14;3:7;4:2",-0.44
3339,4,10,51,"Freeze(CCW,9)",4,-0.69,1.87187,200,1,"-5:1;-4:12;-3:22;-2:31;-1:63;1:44;2:20;3:6;4:1",-0.045
3339,4,10,52,"PostGuard(CW,2,0)",7,-1.045,1.73579,200,1,"-5:3;-4:11;-3:26;-2:44;-1:57;1:46;2:12;3:1",-2
3339,4,10,53,"PostGuard(CCW,2,0)",7,-1.275,1.85186,200,1,"-5:3;-4:14;-3:33;-2:54;-1:50;1:28;2:11;3:5;4:2",-2
3339,4,10,54,"PostGuard(CW,2,1)",7,-1.19,1.6982,200,1,"-5:2;-4:11;-3:33;-2:46;-1:57;1:41;2:7;3:3",-2
3339,4,10,55,"PostGuard(CCW,2,1)",7,-1.295,1.80221,200,1,"-5:4;-4:13;-3:40;-2:40;-1:53;1:37;2:10;3:3",-2
3339,4,10,56,"PostGuard(CW,2,2)",7,-1.2,1.76918,200,1,"-5:1;-4:11;-3:35;-2:54;-1:50;1:32;2:12;3:4;4:1",-2
3339,4,10,57,"PostGuard(CCW,2,2)",7,-0.945,1.92924,200,1,"-5:4;-4:15;-3:23;-2:38;-1:55;1:47;2:14;3:1;4:2;5:1",-2
3339,4,10,58,"PostGuard(CW,6,0)",7,-1.14,1.80011,200,1,"-5:1;-4:15;-3:32;-2:43;-1:55;1:40;2:9;3:4;4:1",-2
3339,4,10,59,"PostGuard(CCW,6,0)",7,-1.215,1.90756,200,1,"-5:6;-4:18;-3:29;-2:38;-1:52;1:45;2:8;3:3;4:1",-2
3339,4,10,60,"PostGuard(CW,6,1)",7,-1.25,1.9564,200,1,"-5:9;-4:14;-3:34;-2:38;-1:48;1:40;2:14;3:3",-2
3339,4,10,61,"PostGuard(CCW,6,1)",7,-0.81,1.80108,200,1,"-4:13;-3:25;-2:37;-1:53;1:58;2:9;3:4;4:1",-2
3339,4,10,62,"PostGuard(CW,6,2)",7,-0.735,1.80133,200,1,"-5:1;-4:14;-3:16;-2:40;-1:55;1:54;2:17;3:3",-2
3339,4,10,63,"PostGuard(CCW,6,2)",7,-0.905,1.93545,200,1,"-5:4;-4:16;-3:22;-2:41;-1:45;1:51;2:18;3:3",-2
3339,4,10,64,"PostGuard(CW,8,0)",7,-1.265,1.78459,200,1,"-5:3;-4:14;-3:35;-2:46;-1:51;1:39;2:11;5:1",-2
3339,4,10,65,"PostGuard(CCW,8,0)",7,-1.15,1.67257,200,1,"-5:1;-4:13;-3:29;-2:43;-1:64;1:37;2:12;3:1",-2
3339,4,10,66,"PostGuard(CW,8,1)",7,-1.33,1.79195,200,1,"-5:5;-4:16;-3:29;-2:54;-1:45;1:42;2:6;3:3",-2
3339,4,10,67,"PostGuard(CCW,8,1)",7,-0.98,1.79154,200,1,"-5:3;-4:12;-3:28;-2:34;-1:60;1:50;2:11;3:1;4:1",-2
3339,4,10,68,"PostGuard(CW,8,2)",7,-1.01,1.8947,200,1,"-5:5;-4:12;-3:27;-2:44;-1:46;1:51;2:12;3:1;4:2",-2
3339,4,10,69,"PostGuard(CCW,8,2)",7,-1.29,1.7905,200,1,"-5:2;-4:11;-3:41;-2:55;-1:41;1:34;2:12;3:4",-2
3339,4,10,70,"Pass",0,-1.09,1.91883,200,1,"-5:1;-4:17;-3:33;-2:44;-1:45;1:39;2:17;3:3;5:1",-2
3566,6,14,0,"Draw(CW,TEE)",1,0.99,0.141067,200,1,"-1:1;1:199",1
3566,6,14,1,"Draw(CCW,TEE)",1,0.815,0.640917,200,1,"-2:3;-1:15;1:180;2:2",1
3566,6,14,2,"Draw(CW,S0)",1,0.92,0.428486,200,1,"-1:9;1:189;2:2",1
3566,6,14,3,"Draw(CCW,S0)",1,0.865,0.516503,200,1,"-2:1;-1:12;1:187",1
3566,6,14,4,"Draw(CW,S2)",1,0.9,0.43589,200,1,"-1:10;1:190",1
3566,6,14,5,"Draw(CCW,S2)",1,0.905,0.442691,200,1,"-1:10;1:189;2:1",1
3566,6,14,6,"Draw(CW,S4)",1,0.93,0.36756,200,1,"-1:7;1:193",1
3566,6,14,7,"Draw(CCW,S4)",1,0.8,0.655744,200,1,"-2:2;-1:18;1:179;3:1",1
3566,6,14,8,"Draw(CW,S6)",1,0.925,0.478931,200,1,"-2:2;-1:6;1:190;2:1;3:1",1
3566,6,14,9,"Draw(CCW,S6)",1,0.93,0.406325,200,1,"-2:1;-1:6;1:192;2:1",1
3566,6,14,10,"Draw(CW,L0)",1,0.86,0.538888,200,1,"-1:15;1:183;2:2",1
3566,6,14,11,"Draw(CCW,L0)",1,0.94,0.341174,200,1,"-1:6;1:194",1
3566,6,14,12,"Draw(CW,L1)",1,0.92,0.428486,200,1,"-2:2;-1:5;1:193",1
3566,6,14,13,"Draw(CCW,L1)",1,0.925,0.446514,200,1,"-2:1;-1:7;1:191;3:1",1
3566,6,14,14,"Draw(CW,L2)",1,0.875,0.499375,200,1,"-2:1;-1:11;1:188",1
3566,6,14,15,"Draw(CCW,L2)",1,0.935,0.3752,200,1,"-2:1;-1:5;1:194",1
3566,6,14,16,"Draw(CW,L3)",1,0.95,0.31225,200,1,"-1:5;1:195",1
3566,6,14,17,"Draw(CCW,L3)",1,0.94,0.341174,200,1,"-1:6;1:194",1
3566,6,14,18,"Draw(CW,L4)",1,0.53,0.8995,200,1,"-2:5;-1:40;1:154;2:1",1
3566,6,14,19,"Draw(CCW,L4)",1,0.415,0.981211,200,1,"-2:9;-1:45;1:146",1
3566,6,14,20,"Draw(CW,L5)",1,0.92,0.428486,200,1,"-2:2;-1:5;1:193",1
3566,6,14,21,"Draw(CCW,L5)",1,0.9,0.469042,200,1,"-2:1;-1:9;1:189;2:1",1
3566,6,14,22,"Draw(CW,L6)",1,0.895,0.503959,200,1,"-2:1;-1:10;1:188;3:1",1
3566,6,14,23,"Draw(CCW,L6)",1,0.935,0.3752,200,1,"-2:1;-1:5;1:194",1
3566,6,14,24,"Draw(CW,L7)",1,0.95,0.357071,200,1,"-2:2;-1:2;1:196",1
3566,6,14,25,"Draw(CCW,L7)",1,0.86,0.566039,200,1,"-2:3;-1:10;1:186;2:1",1
3566,6,14,26,"PreGuard(CW,G3)",2,0.905,0.442691,200,1,"-2:1;-1:8;1:191",1
3566,6,14,27,"PreGuard(CCW,G3)",2,0.92,0.428486,200,1,"-2:2;-1:5;1:193",1
3566,6,14,28,"PreGuard(CW,G4)",2,0.99,0.141067,200,1,"-1:1;1:199",1
3566,6,14,29,"PreGuard(CCW,G4)",2,0.97,0.298496,200,1,"-2:1;-1:2;1:196;2:1",1
3566,6,14,30,"PreGuard(CW,G5)",2,0.88,0.505569,200,1,"-2:1;-1:11;1:187;2:1",1
3566,6,14,31,"PreGuard(CCW,G5)",2,0.97,0.314802,200,1,"-1:4;1:195;3:1",1
3566,6,14,32,"Hit(CW,1,TOUCH)",3,0.96,0.28,200,1,"-1:4;1:196",1
3566,6,14,33,"Hit(CCW,1,TOUCH)",3,0.945,0.38984,200,1,"-1:7;1:190;2:3",1
3566,6,14,34,"Hit(CW,1,WEAK)",3,0.57,1.0223,200,1,"-3:1;-2:8;-1:35;1:147;2:6;3:3",0.95
3566,6,14,35,"Hit(CCW,1,WEAK)",3,-0.32,1.17371,200,1,"-4:1;-3:3;-2:19;-1:95;1:82",0.67
3566,6,14,36,"Hit(CW,1,MIDDLE)",3,-1.445,1.62388,200,1,"-7:1;-6:2;-5:7;-4:11;-3:24;-2:33;-1:88;1:33;2:1",-0.39
3566,6,14,37,"Hit(CCW,1,MIDDLE)",3,0.565,1.35491,200,1,"-6:1;-4:1;-3:2;-2:12;-1:35;1:116;2:27;3:6",0.98
3566,6,14,38,"Hit(CW,1,STRONG)",3,-1.445,1.62695,200,1,"-5:10;-4:11;-3:33;-2:25;-1:84;1:36;2:1",-0.39
3566,6,14,39,"Hit(CCW,1,STRONG)",3,0.545,1.55498,200,1,"-5:4;-4:1;-3:5;-2:16;-1:16;1:131;2:20;3:3;4:4",0.995
3566,6,14,40,"Freeze(CW,1)",4,0.94,0.341174,200,1,"-1:6;1:194",1
3566,6,14,41,"Freeze(CCW,1)",4,0.785,0.677329,200,1,"-2:2;-1:20;1:175;2:3",1
3566,6,14,42,"Hit(CW,5,TOUCH)",3,0.795,0.61885,200,1,"-2:1;-1:19;1:180",1
3566,6,14,43,"Hit(CCW,5,TOUCH)",3,0.915,0.654045,200,1,"-3:1;-2:1;-1:11;1:178;2:6;3:3",1
3566,6,14,44,"Hit(CW,5,WEAK)",3,-0.3,1.04881,200,1,"-3:1;-2:9;-1:115;1:74;2:1",0.89
3566,6,14,45,"Hit(CCW,5,WEAK)",3,0.74,0.715821,200,1,"-2:2;-1:24;1:172;2:2",0.99
3566,6,14,46,"Hit(CW,5,MIDDLE)",3,0.485,1.10443,200,1,"-3:7;-2:7;-1:29;1:154;2:2;3:1",0.87
3566,6,14,47,"Hit(CCW,5,MIDDLE)",3,-0.69,1.34681,200,1,"-4:4;-3:18;-2:18;-1:96;1:64",0.385
3566,6,14,48,"Hit(CW,5,STRONG)",3,0.64,0.985089,200,1,"-4:3;-3:2;-2:5;-1:17;1:173",0.97
3566,6,14,49,"Hit(CCW,5,STRONG)",3,-0.37,1.35761,200,1,"-5:1;-3:14;-2:18;-1:80;1:85;2:2",0.455
3566,6,14,50,"Freeze(CW,5)",4,0.65,0.823104,200,1,"-3:1;-2:4;-1:27;1:168",1
3566,6,14,51,"Freeze(CCW,5)",4,0.82,0.64622,200,1,"-2:1;-1:19;1:175;2:5",1
3566,6,14,52,"Hit(CW,7,TOUCH)",3,0.8,0.6,200,1,"-1:20;1:180",1
3566,6,14,53,"Hit(CCW,7,TOUCH)",3,0.93,0.587452,200,1,"-2:2;-1:10;1:176;2:12",1
3566,6,14,54,"Hit(CW,7,WEAK)",3,0.675,0.87714,200,1,"-3:2;-2:4;-1:25;1:165;2:3;3:1",1
3566,6,14,55,"Hit(CCW,7,WEAK)",3,0.525,1.16592,200,1,"-3:5;-2:13;-1:25;1:146;2:8;3:3",0.86
3566,6,14,56,"Hit(CW,7,MIDDLE)",3,0.475,1.17447,200,1,"-3:8;-2:8;-1:29;1:149;2:3;3:3",0.97
3566,6,14,57,"Hit(CCW,7,MIDDLE)",3,0.51,1.05825,200,1,"-3:3;-2:8;-1:35;1:148;2:4;3:2",0.93
3566,6,14,58,"Hit(CW,7,STRONG)",3,0.375,1.27451,200,1,"-3:10;-2:12;-1:29;1:144;2:2;3:2;4:1",0.96
3566,6,14,59,"Hit(CCW,7,STRONG)",3,0.34,1.13772,200,1,"-4:1;-3:5;-2:6;-1:46;1:139;2:3",0.91
3566,6,14,60,"Freeze(CW,7)",4,0.765,0.727856,200,1,"-2:1;-1:25;1:169;2:4;3:1",1
3566,6,14,61,"Freeze(CCW,7)",4,0.935,0.413249,200,1,"-1:8;1:189;2:3",1
3566,6,14,62,"Hit(CW,9,TOUCH)",3,0.93,0.644283,200,1,"-4:2;-2:1;-1:4;1:187;2:5;3:1",1
3566,6,14,63,"Hit(CCW,9,TOUCH)",3,0.935,0.3752,200,1,"-2:1;-1:5;1:194",1
3566,6,14,64,"Hit(CW,9,WEAK)",3,0.955,0.736868,200,1,"-2:2;-1:15;1:158;2:23;3:2",1.25
3566,6,14,65,"Hit(CCW,9,WEAK)",3,0.73,0.875842,200,1,"-2:8;-1:21;1:159;2:12",1.13
3566,6,14,66,"Hit(CW,9,MIDDLE)",3,-0.17,1.33083,200,1,"-3:1;-2:48;-1:44;1:106;3:1",1
3566,6,14,67,"Hit(CCW,9,MIDDLE)",3,0.405,1.66763,200,1,"-3:15;-2:26;-1:22;1:75;2:61;3:1",1.785
3566,6,14,68,"Hit(CW,9,STRONG)",3,-0.105,1.34312,200,1,"-3:1;-2:47;-1:40;1:109;2:2;3:1",1.005
3566,6,14,69,"Hit(CCW,9,STRONG)",3,0.505,1.6462,200,1,"-3:16;-2:22;-1:17;1:82;2:61;3:2",1.785
3566,6,14,70,"Freeze(CW,9)",4,0.975,0.44088,200,1,"-1:7;1:185;2:7;3:1",1
3566,6,14,71,"Freeze(CCW,9)",4,0.97,0.518748,200,1,"-1:8;1:187;2:1;3:3;4:1",1
3566,6,14,72,"Hit(CW,11,TOUCH)",3,0.96,0.28,200,1,"-1:4;1:196",1
3566,6,14,73,"Hit(CCW,11,TOUCH)",3,0.545,0.963315,200,1,"-2:14;-1:25;1:160;2:1",1
3566,6,14,74,"Hit(CW,11,WEAK)",3,0.42,1.03615,200,1,"-2:12;-1:42;1:143;2:2;3:1",0.93
3566,6,14,75,"Hit(CCW,11,WEAK)",3,-0.37,1.18874,200,1,"-3:3;-2:26;-1:93;1:77;3:1",0.87
3566,6,14,76,"Hit(CW,11,MIDDLE)",3,-1.465,1.6519,200,1,"-6:2;-5:7;-4:11;-3:33;-2:34;-1:75;1:36;2:2",-0.31
3566,6,14,77,"Hit(CCW,11,MIDDLE)",3,0.795,1.27003,200,1,"-7:1;-3:1;-2:11;-1:20;1:134;2:24;3:8;5:1",1.015
3566,6,14,78,"Hit(CW,11,STRONG)",3,-1.155,1.58145,200,1,"-5:5;-4:10;-3:27;-2:24;-1:87;1:44;2:3",-0.36
3566,6,14,79,"Hit(CCW,11,STRONG)",3,0.68,1.39198,200,1,"-5:1;-4:1;-3:3;-2:11;-1:31;1:109;2:35;3:8;4:1",1.03
3566,6,14,80,"Freeze(CW,11)",4,0.99,0.387169,200,1,"-2:1;-1:2;1:195;3:1;4:1",1
3566,6,14,81,"Freeze(CCW,11)",4,0.685,0.758798,200,1,"-2:2;-1:29;1:168;2:1",1
3566,6,14,82,"Hit(CW,13,TOUCH)",3,0.745,0.754967,200,1,"-2:1;-1:27;1:168;2:2;3:2",1
3566,6,14,83,"Hit(CCW,13,TOUCH)",3,0.945,0.349249,200,1,"-1:6;1:193;2:1",1
3566,6,14,84,"Hit(CW,13,WEAK)",3,-0.21,1.05636,200,1,"-3:1;-2:8;-1:107;1:84",0.825
3566,6,14,85,"Hit(CCW,13,WEAK)",3,0.09,1.01089,200,1,"-2:1;-1:90;1:108;2:1",1
3566,6,14,86,"Hit(CW,13,MIDDLE)",3,0.06,1.39513,200,1,"-4:7;-3:4;-2:11;-1:55;1:118;2:4;3:1",0.87
3566,6,14,87,"Hit(CCW,13,MIDDLE)",3,-1.11,1.54852,200,1,"-5:6;-4:4;-3:29;-2:29;-1:82;1:49;2:1",-0.04
3566,6,14,88,"Hit(CW,13,STRONG)",3,0.07,1.38748,200,1,"-4:5;-3:8;-2:11;-1:50;1:123;2:2;3:1",0.83
3566,6,14,89,"Hit(CCW,13,STRONG)",3,-1.125,1.47288,200,1,"-6:1;-5:4;-4:4;-3:25;-2:31;-1:91;1:43;2:1",-0.07
3566,6,14,90,"Freeze(CW,13)",4,0.61,0.870575,200,1,"-2:3;-1:37;1:156;2:3;3:1",1
3566,6,14,91,"Freeze(CCW,13)",4,0.87,0.493052,200,1,"-1:13;1:187",1
3566,6,14,92,"PostGuard(CW,0,0)",7,0.96,0.54626,200,1,"-2:2;-1:6;1:185;2:5;3:1;4:1",1
3566,6,14,93,"PostGuard(CCW,0,0)",7,0.935,0.592263,200,1,"-2:1;-1:10;1:184;2:1;3:3;4:1",1
3566,6,14,94,"PostGuard(CW,0,1)",7,0.885,0.51164,200,1,"-2:1;-1:11;1:186;2:2",1
3566,6,14,95,"PostGuard(CCW,0,1)",7,0.87,0.52259,200,1,"-2:2;-1:10;1:188",1
3566,6,14,96,"PostGuard(CW,0,2)",7,0.88,0.505569,200,1,"-2:2;-1:9;1:189",1
3566,6,14,97,"PostGuard(CCW,0,2)",7,0.95,0.409268,200,1,"-2:1;-1:5;1:192;2:1;3:1",1
3566,6,14,98,"PostGuard(CW,4,0)",7,0.985,0.542932,200,1,"-1:8;1:185;2:2;3:4;4:1",1
3566,6,14,99,"PostGuard(CCW,4,0)",7,0.92,0.472864,200,1,"-2:1;-1:8;1:189;2:1;3:1",1
3566,6,14,100,"PostGuard(CW,4,1)",7,0.905,0.442691,200,1,"-2:1;-1:8;1:191",1
3566,6,14,101,"PostGuard(CCW,4,1)",7,0.9,0.583095,200,1,"-2:2;-1:10;1:184;2:3;4:1",1
3566,6,14,102,"PostGuard(CW,4,2)",7,0.935,0.3752,200,1,"-1:7;1:192;2:1",1
3566,6,14,103,"PostGuard(CCW,4,2)",7,0.955,0.320897,200,1,"-2:1;-1:3;1:196",1
3566,6,14,104,"PostGuard(CW,6,0)",7,0.92,0.44,200,1,"-1:9;1:190;3:1",1
3566,6,14,105,"PostGuard(CCW,6,0)",7,0.82,0.622575,200,1,"-2:2;-1:16;1:180;2:2",1
3566,6,14,106,"PostGuard(CW,6,1)",7,0.705,0.740253,200,1,"-2:2;-1:27;1:170;2:1",1
3566,6,14,107,"PostGuard(CCW,6,1)",7,0.83,0.633325,200,1,"-2:4;-1:12;1:182;2:2",1
3566,6,14,108,"PostGuard(CW,6,2)",7,0.96,0.329242,200,1,"-2:1;-1:3;1:195;2:1",1
3566,6,14,109,"PostGuard(CCW,6,2)",7,0.96,0.329242,200,1,"-2:1;-1:3;1:195;2:1",1
3566,6,14,110,"PostGuard(CW,8,0)",7,0.905,0.442691,200,1,"-2:1;-1:8;1:191",1
3566,6,14,111,"PostGuard(CCW,8,0)",7,0.885,0.52132,200,1,"-1:13;1:185;2:1;3:1",1
3566,6,14,112,"PostGuard(CW,8,1)",7,0.98,0.198997,200,1,"-1:2;1:198",1
3566,6,14,113,"PostGuard(CCW,8,1)",7,0.92,0.391918,200,1,"-1:8;1:192",1
3566,6,14,114,"PostGuard(CW,8,2)",7,0.945,0.349249,200,1,"-2:1;-1:4;1:195",1
3566,6,14,115,"PostGuard(CCW,8,2)",7,0.92,0.428486,200,1,"-2:2;-1:5;1:193",1
3566,6,14,116,"PostGuard(CW,10,0)",7,0.875,0.582559,200,1,"-2:4;-1:8;1:185;2:3",1
3566,6,14,117,"PostGuard(CCW,10,0)",7,0.795,0.665564,200,1,"-2:3;-1:17;1:178;2:2",1
3566,6,14,118,"PostGuard(CW,10,1)",7,0.97,0.243105,200,1,"-1:3;1:197",1
3566,6,14,119,"PostGuard(CCW,10,1)",7,1.005,0.0705337,200,1,"1:199;2:1",1
3566,6,14,120,"PostGuard(CW,10,2)",7,0.975,0.253722,200,1,"-1:3;1:196;2:1",1
3566,6,14,121,"PostGuard(CCW,10,2)",7,0.98,0.263818,200,1,"-2:1;-1:1;1:197;2:1",1
3566,6,14,122,"PostGuard(CW,12,0)",7,0.99,0.141067,200,1,"-1:1;1:199",1
3566,6,14,123,"PostGuard(CCW,12,0)",7,1,0,200,1,"1:200",1
3566,6,14,124,"PostGuard(CW,12,1)",7,0.99,0.223383,200,1,"-2:1;1:198;2:1",1
3566,6,14,125,"PostGuard(CCW,12,1)",7,1,0,200,1,"1:200",1
3566,6,14,126,"PostGuard(CW,12,2)",7,1,0,200,1,"1:200",1
3566,6,14,127,"PostGuard(CCW,12,2)",7,1,0,200,1,"1:200",1
3566,6,14,128,"Pass",0,0.94,0.341174,200,1,"-1:6;1:194",1
5523,3,9,0,"Draw(CW,TEE)",1,0.19,1.92974,200,1,"-4:4;-3:8;-2:35;-1:44;1:54;2:35;3:13;4:6;5:1",-3
5523,3,9,1,"Draw(CCW,TEE)",1,-0.3,2.20907,200,1,"-7:1;-4:9;-3:25;-2:31;-1:43;1:51;2:22;3:8;4:7;5:2;6:1",-2.805
5523,3,9,2,"Draw(CW,S0)",1,0.105,1.86922,200,1,"-5:2;-4:4;-3:5;-2:25;-1:62;1:56;2:25;3:16;4:5",-3.005
5523,3,9,3,"Draw(CCW,S0)",1,-0.24,2.03037,200,1,"-5:3;-4:4;-3:16;-2:27;-1:66;1:46;2:20;3:12;4:3;5:1;6:2",-2.16
5523,3,9,4,"Draw(CW,S2)",1,-0.22,1.98786,200,1,"-6:1;-5:1;-4:4;-3:13;-2:38;-1:54;1:51;2:22;3:10;4:3;5:3",-3
5523,3,9,5,"Draw(CCW,S2)",1,0.13,2.14781,200,1,"-5:3;-4:3;-3:14;-2:29;-1:45;1:58;2:23;3:10;4:11;5:4",-3
5523,3,9,6,"Draw(CW,S4)",1,0.25,1.78255,200,1,"-5:1;-4:2;-3:4;-2:28;-1:53;1:64;2:30;3:13;4:4;5:1",-3.005
5523,3,9,7,"Draw(CCW,S4)",1,-0.46,2.02198,200,1,"-5:2;-4:12;-3:16;-2:34;-1:53;1:50;2:18;3:11;4:4",-2.43
5523,3,9,8,"Draw(CW,S6)",1,-0.095,2.09904,200,1,"-5:2;-4:9;-3:15;-2:26;-1:47;1:61;2:22;3:10;4:4;5:4",-3
5523,3,9,9,"Draw(CCW,S6)",1,-0.11,1.93078,200,1,"-5:2;-4:4;-3:14;-2:33;-1:46;1:66;2:19;3:11;4:4;5:1",-3.04
5523,3,9,10,"Draw(CW,L0)",1,0.33,1.88974,200,1,"-5:1;-4:4;-3:7;-2:24;-1:44;1:71;2:28;3:12;4:8;5:1",-3.04
5523,3,9,11,"Draw(CCW,L0)",1,-0.04,1.91531,200,1,"-5:1;-4:8;-3:10;-2:23;-1:58;1:58;2:26;3:11;4:5",-1.1
5523,3,9,12,"Draw(CW,L1)",1,-0.24,1.92156,200,1,"-5:2;-4:8;-3:14;-2:27;-1:52;1:69;2:18;3:6;4:1;5:3",-3
5523,3,9,13,"Draw(CCW,L1)",1,0.09,1.86866,200,1,"-4:5;-3:10;-2:27;-1:52;1:61;2:28;3:12;4:4;5:1",-3
5523,3,9,14,"Draw(CW,L2)",1,0.275,1.92597,200,1,"-6:1;-5:1;-4:2;-3:11;-2:18;-1:52;1:68;2:23;3:16;4:7;5:1",-3
5523,3,9,15,"Draw(CCW,L2)",1,0.31,2.0842,200,1,"-5:1;-4:3;-3:8;-2:26;-1:55;1:55;2:25;3:10;4:12;5:3;6:2",-3
5523,3,9,16,"Draw(CW,L3)",1,0.08,1.89568,200,1,"-4:4;-3:8;-2:28;-1:58;1:66;2:18;3:10;4:4;5:2;6:2",-3
5523,3,9,17,"Draw(CCW,L3)",1,0.13,1.85825,200,1,"-5:1;-4:3;-3:6;-2:34;-1:46;1:71;2:24;3:7;4:5;5:3",-3
5523,3,9,18,"Draw(CW,L4)",1,-0.33,1.85771,200,1,"-5:2;-4:4;-3:14;-2:43;-1:46;0:1;1:59;2:21;3:7;4:3",-3
5523,3,9,19,"Draw(CCW,L4)",1,-0.45,1.70514,200,1,"-5:1;-4:4;-3:13;-2:42;-1:56;1:67;2:11;3:5;6:1",-3
5523,3,9,20,"Draw(CW,L5)",1,0.115,1.91096,200,1,"-4:1;-3:14;-2:31;-1:47;1:68;2:21;3:7;4:9;5:1;6:1",-3
5523,3,9,21,"Draw(CCW,L5)",1,0.13,2.07439,200,1,"-4:3;-3:15;-2:30;-1:51;1:54;2:16;3:20;4:7;5:4",-3
5523,3,9,22,"Draw(CW,L6)",1,0.07,2.04575,200,1,"-5:3;-4:7;-3:7;-2:25;-1:54;1:61;2:20;3:12;4:10;5:1",-3
5523,3,9,23,"Draw(CCW,L6)",1,-0.205,1.89287,200,1,"-6:1;-4:4;-3:16;-2:34;-1:50;1:61;2:20;3:10;4:4",-3
5523,3,9,24,"Draw(CW,L7)",1,0.165,1.93592,200,1,"-5:1;-4:4;-3:12;-2:25;-1:47;1:64;2:24;3:18;4:4;5:1",-3
5523,3,9,25,"Draw(CCW,L7)",1,0.01,1.73202,200,1,"-4:1;-3:6;-2:38;-1:57;1:57;2:27;3:11;4:2;5:1",-3
5523,3,9,26,"PreGuard(CW,G3)",2,0.07,1.89079,200,1,"-5:3;-4:3;-3:10;-2:24;-1:54;1:59;2:30;3:14;4:3",-3
5523,3,9,27,"PreGuard(CCW,G3)",2,0,1.95704,200,1,"-4:6;-3:11;-2:31;-1:50;1:64;2:21;3:10;4:3;5:3;6:1",-3
5523,3,9,28,"PreGuard(CW,G4)",2,-0.425,1.75339,200,1,"-4:4;-3:18;-2:36;-1:60;1:58;2:17;3:5;5:2",-3
5523,3,9,29,"PreGuard(CCW,G4)",2,-0.655,1.88308,200,1,"-5:1;-4:9;-3:20;-2:39;-1:59;1:54;2:9;3:3;4:4;5:2",-3
5523,3,9,30,"PreGuard(CW,G5)",2,-0.14,1.73217,200,1,"-4:2;-3:10;-2:46;-1:43;1:62;2:28;3:9",-3
5523,3,9,31,"PreGuard(CCW,G5)",2,-0.245,2.07484,200,1,"-6:1;-5:3;-4:4;-3:20;-2:27;-1:53;1:55;2:21;3:8;4:6;5:2",-3
5523,3,9,32,"Hit(CW,0,TOUCH)",3,0.395,1.96188,200,1,"-6:1;-5:2;-4:2;-3:12;-2:16;-1:40;1:77;2:26;3:16;4:6;5:2",-2.975
5523,3,9,33,"Hit(CCW,0,TOUCH)",3,-0.215,1.8705,200,1,"-5:3;-4:5;-3:12;-2:33;-1:50;1:61;2:27;3:7;4:2",-1.47
5523,3,9,34,"Hit(CW,0,WEAK)",3,0.085,1.85412,200,1,"-5:1;-4:2;-3:16;-2:23;-1:46;1:76;2:22;3:8;4:4;5:2",-2.065
5523,3,9,35,"Hit(CCW,0,WEAK)",3,0.055,1.78381,200,1,"-4:5;-3:15;-2:25;-1:38;1:82;2:24;3:10;4:1",-2.01
5523,3,9,36,"Hit(CW,0,MIDDLE)",3,0.385,1.64826,200,1,"-4:3;-3:5;-2:21;-1:45;1:75;2:38;3:12;4:1",-0.235
5523,3,9,37,"Hit(CCW,0,MIDDLE)",3,0.645,1.88917,200,1,"-4:3;-3:7;-2:17;-1:42;1:68;2:34;3:17;4:9;5:3",-0.325
5523,3,9,38,"Hit(CW,0,STRONG)",3,0.445,1.73406,200,1,"-4:3;-3:8;-2:20;-1:38;1:79;2:38;3:10;4:2;5:2",-0.29
5523,3,9,39,"Hit(CCW,0,STRONG)",3,0.57,2.05307,200,1,"-4:2;-3:7;-2:25;-1:42;1:72;2:23;3:13;4:6;5:6;6:4",-0.35
5523,3,9,40,"Freeze(CW,0)",4,0.235,1.75493,200,1,"-4:2;-3:7;-2:29;-1:48;1:66;2:32;3:13;4:2;5:1",-2.995
5523,3,9,41,"Freeze(CCW,0)",4,0.01,1.92091,200,1,"-5:3;-4:5;-3:11;-2:24;-1:49;1:68;2:27;3:9;4:2;5:2",-2.225
5523,3,9,42,"Hit(CW,2,TOUCH)",3,-0.3,1.95959,200,1,"-5:1;-4:5;-3:21;-2:24;-1:63;1:60;2:11;3:7;4:5;5:2;6:1",-3.38
5523,3,9,43,"Hit(CCW,2,TOUCH)",3,0.33,1.99276,200,1,"-4:4;-3:11;-2:22;-1:49;1:60;2:29;3:15;4:5;5:5",-3
5523,3,9,44,"Hit(CW,2,WEAK)",3,0.235,2.08321,200,1,"-4:4;-3:15;-2:24;-1:49;1:53;2:30;3:15;4:5;5:3;6:2",-2.86
5523,3,9,45,"Hit(CCW,2,WEAK)",3,0.14,1.99259,200,1,"-5:3;-4:5;-3:7;-2:27;-1:50;1:55;2:34;3:13;4:4;5:2",-2.875
5523,3,9,46,"Hit(CW,2,MIDDLE)",3,0.505,2.02237,200,1,"-5:1;-4:2;-3:12;-2:15;-1:49;1:62;2:30;3:14;4:11;5:3;6:1",-1.545
5523,3,9,47,"Hit(CCW,2,MIDDLE)",3,0.22,1.99289,200,1,"-4:4;-3:13;-2:27;-1:43;1:64;2:31;3:6;4:9;5:2;6:1",-2.59
5523,3,9,48,"Hit(CW,2,STRONG)",3,0.4,2.01494,200,1,"-5:1;-4:2;-3:9;-2:20;-1:54;1:63;2:23;3:14;4:9;5:3;6:2",-1.335
5523,3,9,49,"Hit(CCW,2,STRONG)",3,0.535,2.10209,200,1,"-4:5;-3:12;-2:20;-1:38;1:62;2:32;3:15;4:10;5:6",-2.475
5523,3,9,50,"Freeze(CW,2)",4,-0.3,1.94165,200,1,"-4:8;-3:17;-2:33;-1:54;1:53;2:21;3:8;4:6",-3.525
5523,3,9,51,"Freeze(CCW,2)",4,0.26,1.9956,200,1,"-5:1;-4:5;-3:11;-2:19;-1:52;1:57;2:35;3:11;4:6;5:2;6:1",-3
5523,3,9,52,"Hit(CW,4,TOUCH)",3,0.22,1.81428,200,1,"-4:4;-3:8;-2:21;-1:56;1:67;2:23;3:16;4:4;5:1",-3.005
5523,3,9,53,"Hit(CCW,4,TOUCH)",3,0.515,1.76346,200,1,"-4:2;-3:3;-2:25;-1:43;1:72;2:33;3:17;4:1;5:4",-3
5523,3,9,54,"Hit(CW,4,WEAK)",3,0.545,1.93338,200,1,"-4:2;-3:12;-2:17;-1:43;1:61;2:40;3:16;4:5;5:3;6:1",-2.005
5523,3,9,55,"Hit(CCW,4,WEAK)",3,1.05,2.02423,200,1,"-4:2;-3:3;-2:12;-1:47;1:55;2:36;3:20;4:17;5:6;6:1;7:1",-2.005
5523,3,9,56,"Hit(CW,4,MIDDLE)",3,0.625,1.92727,200,1,"-5:1;-4:4;-3:6;-2:14;-1:42;1:79;2:26;3:14;4:10;5:3;6:1",-0.5
5523,3,9,57,"Hit(CCW,4,MIDDLE)",3,0.69,1.92974,200,1,"-5:1;-4:2;-3:5;-2:17;-1:44;1:73;2:22;3:21;4:11;5:4",-1.16
5523,3,9,58,"Hit(CW,4,STRONG)",3,0.58,1.80377,200,1,"-4:1;-3:6;-2:20;-1:45;1:69;2:35;3:18;4:1;5:4;6:1",-0.525
5523,3,9,59,"Hit(CCW,4,STRONG)",3,0.645,1.95166,200,1,"-5:2;-4:2;-3:5;-2:15;-1:47;1:68;2:32;3:16;4:6;5:7",-1.415
5523,3,9,60,"Freeze(CW,4)",4,-0.17,1.83606,200,1,"-5:1;-4:3;-3:16;-2:30;-1:55;0:1;1:59;2:20;3:13;4:2",-3.005
5523,3,9,61,"Freeze(CCW,4)",4,0.26,1.87414,200,1,"-4:4;-3:3;-2:31;-1:53;1:60;2:24;3:18;4:5;5:2",-3
5523,3,9,62,"Hit(CW,6,TOUCH)",3,-0.4,1.84932,200,1,"-6:1;-5:2;-4:3;-3:16;-2:42;-1:47;1:60;2:21;3:7;4:1",-3.085
5523,3,9,63,"Hit(CCW,6,TOUCH)",3,-0.15,2.09702,200,1,"-5:2;-4:7;-3:18;-2:29;-1:46;1:60;2:20;3:11;4:3;5:3;6:1",-3.05
5523,3,9,64,"Hit(CW,6,WEAK)",3,0.005,1.91963,200,1,"-6:2;-4:2;-3:11;-2:29;-1:54;1:65;2:17;3:14;4:5;5:1",-2.735
5523,3,9,65,"Hit(CCW,6,WEAK)",3,0.075,1.87066,200,1,"-5:1;-4:2;-3:9;-2:31;-1:55;1:58;2:26;3:12;4:4;5:2",-2.78
5523,3,9,66,"Hit(CW,6,MIDDLE)",3,0.33,1.89502,200,1,"-5:1;-4:3;-3:7;-2:24;-1:47;0:1;1:71;2:21;3:16;4:7;5:2",-2.78
5523,3,9,67,"Hit(CCW,6,MIDDLE)",3,0.325,1.78868,200,1,"-5:1;-4:1;-3:9;-2:25;-1:42;1:75;2:29;3:13;4:4;5:1",-2.465
5523,3,9,68,"Hit(CW,6,STRONG)",3,0.005,1.91702,200,1,"-5:1;-4:6;-3:8;-2:29;-1:57;1:54;2:25;3:15;4:5",-2.695
5523,3,9,69,"Hit(CCW,6,STRONG)",3,0.14,2.01752,200,1,"-6:1;-5:1;-4:5;-3:16;-2:21;-1:41;1:63;2:37;3:9;4:5;6:1",-2.485
5523,3,9,70,"Freeze(CW,6)",4,-0.45,2.12544,200,1,"-7:1;-5:5;-4:9;-3:14;-2:33;-1:54;1:51;2:17;3:10;4:5;5:1",-3
5523,3,9,71,"Freeze(CCW,6)",4,-0.67,1.94451,200,1,"-5:1;-4:15;-3:23;-2:26;-1:59;1:54;2:11;3:9;4:2",-3
5523,3,9,72,"PostGuard(CW,1,0)",7,-0.03,1.9207,200,1,"-5:1;-4:3;-3:8;-2:33;-1:65;1:43;2:26;3:15;4:4;5:2",-3
5523,3,9,73,"PostGuard(CCW,1,0)",7,-0.045,1.78409,200,1,"-5:1;-4:3;-3:10;-2:34;-1:49;1:64;2:28;3:9;4:2",-3
5523,3,9,74,"PostGuard(CW,1,1)",7,-0.435,2.04592,200,1,"-7:1;-5:1;-4:10;-3:20;-2:30;-1:52;1:54;2:18;3:10;4:3;5:1",-3
5523,3,9,75,"PostGuard(CCW,1,1)",7,-0.145,2.10095,200,1,"-5:3;-4:7;-3:16;-2:28;-1:48;1:59;2:24;3:5;4:6;5:4",-3
5523,3,9,76,"PostGuard(CW,1,2)",7,-0.815,1.76374,200,1,"-4:7;-3:27;-2:39;-1:66;1:41;2:14;3:5;6:1",-3
5523,3,9,77,"PostGuard(CCW,1,2)",7,-0.535,1.8785,200,1,"-4:11;-3:19;-2:36;-1:51;1:58;2:21;3:2;5:1;6:1",-3
5523,3,9,78,"PostGuard(CW,3,0)",7,-0.375,1.95304,200,1,"-6:1;-5:2;-4:8;-3:15;-2:27;-1:60;1:61;2:14;3:5;4:7",-3.015
5523,3,9,79,"PostGuard(CCW,3,0)",7,-0.24,1.86344,200,1,"-5:1;-4:6;-3:18;-2:29;-1:48;1:67;2:22;3:7;4:1;5:1",-3.13
5523,3,9,80,"PostGuard(CW,3,1)",7,-0.13,1.88231,200,1,"-4:3;-3:17;-2:30;-1:57;1:55;2:20;3:14;4:3;5:1",-3
5523,3,9,81,"PostGuard(CCW,3,1)",7,-0.265,1.89335,200,1,"-4:7;-3:18;-2:31;-1:50;1:63;2:20;3:8;4:2;6:1",-3
5523,3,9,82,"PostGuard(CW,3,2)",7,-0.525,1.8972,200,1,"-5:1;-4:8;-3:24;-2:33;-1:51;1:56;2:18;3:7;4:2",-3
5523,3,9,83,"PostGuard(CCW,3,2)",7,-0.3,1.81659,200,1,"-4:2;-3:19;-2:30;-1:66;1:56;2:14;3:7;4:4;5:2",-3
5523,3,9,84,"PostGuard(CW,5,0)",7,-0.04,1.85159,200,1,"-4:4;-3:12;-2:29;-1:56;1:61;2:26;3:6;4:3;5:3",-3
5523,3,9,85,"PostGuard(CCW,5,0)",7,0.225,1.99859,200,1,"-5:2;-4:1;-3:11;-2:26;-1:50;1:65;2:22;3:13;4:6;5:3;7:1",-3
5523,3,9,86,"PostGuard(CW,5,1)",7,-0.265,1.86407,200,1,"-4:7;-3:11;-2:36;-1:58;1:58;2:17;3:8;4:3;5:2",-3
5523,3,9,87,"PostGuard(CCW,5,1)",7,0.125,1.79426,200,1,"-4:1;-3:10;-2:29;-1:54;1:65;2:24;3:13;4:2;5:1;6:1",-3
5523,3,9,88,"PostGuard(CW,5,2)",7,0.17,2.0521,200,1,"-5:1;-4:1;-3:8;-2:42;-1:46;1:55;2:16;3:16;4:13;5:2",-3
5523,3,9,89,"PostGuard(CCW,5,2)",7,-0.04,1.98202,200,1,"-5:2;-3:15;-2:29;-1:65;1:41;2:24;3:17;4:5;5:2",-3
5523,3,9,90,"PostGuard(CW,7,0)",7,-0.37,1.97563,200,1,"-6:1;-5:2;-4:7;-3:16;-2:29;-1:60;1:52;2:20;3:10;4:2;6:1",-3
5523,3,9,91,"PostGuard(CCW,7,0)",7,-0.73,1.8647,200,1,"-6:2;-5:3;-4:9;-3:12;-2:46;-1:53;0:1;1:57;2:13;3:1;4:3",-3
5523,3,9,92,"PostGuard(CW,7,1)",7,-0.7,1.8735,200,1,"-5:1;-4:12;-3:24;-2:28;-1:63;1:49;2:16;3:6;5:1",-3
5523,3,9,93,"PostGuard(CCW,7,1)",7,-0.515,1.92088,200,1,"-6:1;-5:2;-4:7;-3:18;-2:35;-1:55;1:58;2:15;3:5;4:3;5:1",-3
5523,3,9,94,"PostGuard(CW,7,2)",7,-0.6,1.86279,200,1,"-5:1;-4:9;-3:19;-2:37;-1:60;1:48;2:17;3:6;4:3",-3
5523,3,9,95,"PostGuard(CCW,7,2)",7,-0.545,1.82975,200,1,"-5:1;-4:9;-3:16;-2:33;-1:65;0:1;1:52;2:14;3:6;4:2;5:1",-3
5523,3,9,96,"PostGuard(CW,9,0)",7,-0.075,1.91817,200,1,"-5:1;-4:5;-3:11;-2:34;-1:50;1:60;2:23;3:10;4:5;5:1",-3
5523,3,9,97,"PostGuard(CCW,9,0)",7,-0.15,1.97674,200,1,"-4:9;-3:15;-2:25;-1:56;1:57;2:23;3:8;4:5;5:2",-3
5523,3,9,98,"PostGuard(CW,9,1)",7,-0.48,1.77189,200,1,"-5:3;-4:3;-3:7;-2:51;-1:59;1:56;2:10;3:8;4:2;5:1",-3
5523,3,9,99,"PostGuard(CCW,9,1)",7,-0.255,1.87349,200,1,"-5:2;-4:3;-3:11;-2:40;-1:55;1:59;2:18;3:7;4:3;5:1;6:1",-3
5523,3,9,100,"PostGuard(CW,9,2)",7,-0.355,1.85445,200,1,"-4:5;-3:22;-2:33;-1:50;1:63;2:18;3:5;4:3;5:1",-3
5523,3,9,101,"PostGuard(CCW,9,2)",7,-0.44,1.90955,200,1,"-5:2;-4:5;-3:18;-2:44;-1:46;1:54;2:20;3:8;4:3",-3
5523,3,9,102,"Pass",0,-0.065,1.87371,200,1,"-4:5;-3:12;-2:30;-1:56;1:57;2:23;3:13;4:3;5:1",-3
7015,5,14,0,"Draw(CW,TEE)",1,-3.365,0.762742,200,1,"-5:6;-4:81;-3:99;-2:10;-1:3;1:1",-3.415
7015,5,14,1,"Draw(CCW,TEE)",1,-3.595,1.22105,200,1,"-6:4;-5:34;-4:80;-3:61;-2:13;-1:2;1:6",-3.17
7015,5,14,2,"Draw(CW,S0)",1,-2.95,0.753326,200,1,"-5:2;-4:25;-3:149;-2:13;-1:9;1:2",-3.145
7015,5,14,3,"Draw(CCW,S0)",1,-2.89,1.6667,200,1,"-6:2;-5:21;-4:54;-3:75;-2:14;-1:13;1:21",-2.13
7015,5,14,4,"Draw(CW,S2)",1,-3.275,0.647592,200,1,"-4:71;-3:116;-2:12;1:1",-3.075
7015,5,14,5,"Draw(CCW,S2)",1,-3.29,0.579569,200,1,"-5:1;-4:67;-3:122;-2:9;-1:1",-3
7015,5,14,6,"Draw(CW,S4)",1,-3.13,0.642729,200,1,"-5:3;-4:43;-3:135;-2:15;-1:4",-3.245
7015,5,14,7,"Draw(CCW,S4)",1,-3.195,1.52544,200,1,"-6:4;-5:25;-4:69;-3:59;-2:20;-1:10;1:13",-2.62
7015,5,14,8,"Draw(CW,S6)",1,-3.21,0.840179,200,1,"-7:1;-5:5;-4:55;-3:122;-2:11;-1:4;1:2",-3
7015,5,14,9,"Draw(CCW,S6)",1,-3.59,0.633956,200,1,"-4:127;-3:68;-2:3;-1:1;1:1",-3.27
7015,5,14,10,"Draw(CW,L0)",1,-2.835,0.9153,200,1,"-6:1;-4:19;-3:152;-2:13;-1:9;1:6",-3.065
7015,5,14,11,"Draw(CCW,L0)",1,-1.355,2.02212,200,1,"-6:5;-5:5;-4:20;-3:42;-2:17;-1:44;1:66;2:1",0.29
7015,5,14,12,"Draw(CW,L1)",1,-3.32,0.773046,200,1,"-5:1;-4:85;-3:99;-2:11;-1:2;1:2",-3.13
7015,5,14,13,"Draw(CCW,L1)",1,-3.24,0.743236,200,1,"-6:2;-5:1;-4:64;-3:112;-2:20;1:1",-2.975
7015,5,14,14,"Draw(CW,L2)",1,-3.215,0.740793,200,1,"-6:1;-4:66;-3:113;-2:16;-1:3;1:1",-3
7015,5,14,15,"Draw(CCW,L2)",1,-3.21,0.644903,200,1,"-4:61;-3:123;-2:15;1:1",-3
7015,5,14,16,"Draw(CW,L3)",1,-3.085,0.876228,200,1,"-4:62;-3:108;-2:21;-1:6;1:3",-3
7015,5,14,17,"Draw(CCW,L3)",1,-3.215,0.590572,200,1,"-4:59;-3:127;-2:12;-1:2",-3
7015,5,14,18,"Draw(CW,L4)",1,-2.965,0.789794,200,1,"-4:27;-3:156;-2:10;-1:2;1:5",-3
7015,5,14,19,"Draw(CCW,L4)",1,-2.945,0.86138,200,1,"-6:1;-4:23;-3:161;-2:5;-1:4;1:6",-3
7015,5,14,20,"Draw(CW,L5)",1,-3.205,0.658008,200,1,"-4:60;-3:126;-2:11;-1:2;1:1",-3
7015,5,14,21,"Draw(CCW,L5)",1,-3.26,0.657571,200,1,"-4:69;-3:118;-2:11;-1:1;1:1",-3
7015,5,14,22,"Draw(CW,L6)",1,-3.185,0.800484,200,1,"-4:61;-3:128;-2:6;-1:1;1:4",-3
7015,5,14,23,"Draw(CCW,L6)",1,-3.23,0.846818,200,1,"-6:1;-4:73;-3:108;-2:12;-1:3;1:3",-3
7015,5,14,24,"Draw(CW,L7)",1,-3.23,0.668655,200,1,"-5:1;-4:62;-3:124;-2:10;-1:2;1:1",-3
7015,5,14,25,"Draw(CCW,L7)",1,-3.25,1.08972,200,1,"-4:99;-3:79;-2:11;-1:3;1:8",-3.25
7015,5,14,26,"PreGuard(CW,G3)",2,-3.345,0.660284,200,1,"-6:2;-4:76;-3:111;-2:9;-1:2",-3
7015,5,14,27,"PreGuard(CCW,G3)",2,-3.275,0.615934,200,1,"-6:1;-4:67;-3:117;-2:15",-3
7015,5,14,28,"PreGuard(CW,G4)",2,-3.115,0.742816,200,1,"-4:43;-3:150;-2:2;-1:1;1:4",-3
7015,5,14,29,"PreGuard(CCW,G4)",2,-3.065,0.954345,200,1,"-4:49;-3:140;-2:2;-1:1;1:8",-3
7015,5,14,30,"PreGuard(CW,G5)",2,-3.24,0.649923,200,1,"-6:1;-4:60;-3:127;-2:11;1:1",-3
7015,5,14,31,"PreGuard(CCW,G5)",2,-3.145,0.839032,200,1,"-6:1;-4:59;-3:120;-2:13;-1:4;1:3",-3
7015,5,14,32,"Hit(CW,1,TOUCH)",3,-2.975,0.586835,200,1,"-5:1;-4:18;-3:164;-2:11;-1:5;1:1",-3.015
7015,5,14,33,"Hit(CCW,1,TOUCH)",3,-3.615,1.33296,200,1,"-7:1;-6:1;-5:29;-4:111;-3:38;-2:7;-1:3;1:10",-3.33
7015,5,14,34,"Hit(CW,1,WEAK)",3,-2.915,0.893183,200,1,"-7:1;-5:6;-4:32;-3:108;-2:41;-1:12",-2.91
7015,5,14,35,"Hit(CCW,1,WEAK)",3,-3.625,0.845207,200,1,"-5:27;-4:89;-3:69;-2:12;-1:3",-3.365
7015,5,14,36,"Hit(CW,1,MIDDLE)",3,-3.35,1.13027,200,1,"-6:6;-5:14;-4:80;-3:58;-2:30;-1:11;1:1",-2.825
7015,5,14,37,"Hit(CCW,1,MIDDLE)",3,-2.6,1.22066,200,1,"-7:4;-6:5;-4:11;-3:84;-2:81;-1:10;1:4;2:1",-2.51
7015,5,14,38,"Hit(CW,1,STRONG)",3,-3.225,1.25872,200,1,"-7:2;-6:1;-5:19;-4:67;-3:64;-2:30;-1:14;1:2;2:1",-2.775
7015,5,14,39,"Hit(CCW,1,STRONG)",3,-2.4,1.12694,200,1,"-7:3;-6:1;-5:2;-4:10;-3:68;-2:93;-1:19;1:2;2:2",-2.41
7015,5,14,40,"Freeze(CW,1)",4,-2.945,0.618041,200,1,"-5:1;-4:13;-3:171;-2:8;-1:5;1:2",-3.015
7015,5,14,41,"Freeze(CCW,1)",4,-3.87,0.838511,200,1,"-5:32;-4:124;-3:37;-2:4;-1:1;1:2",-3.485
7015,5,14,42,"Hit(CW,3,TOUCH)",3,-3.265,0.796728,200,1,"-8:1;-5:9;-4:51;-3:122;-2:13;-1:4",-3.3
7015,5,14,43,"Hit(CCW,3,TOUCH)",3,-3.58,1.30522,200,1,"-6:2;-5:31;-4:102;-3:42;-2:8;-1:7;1:8",-3.14
7015,5,14,44,"Hit(CW,3,WEAK)",3,-3.645,0.910481,200,1,"-7:1;-6:2;-5:27;-4:82;-3:75;-2:9;-1:4",-3.33
7015,5,14,45,"Hit(CCW,3,WEAK)",3,-3.295,0.978762,200,1,"-5:14;-4:63;-3:105;-2:12;-1:3;1:1;2:2",-3.125
7015,5,14,46,"Hit(CW,3,MIDDLE)",3,-3.335,0.950145,200,1,"-6:2;-5:8;-4:78;-3:90;-2:15;-1:6;3:1",-2.855
7015,5,14,47,"Hit(CCW,3,MIDDLE)",3,-2.925,1.62769,200,1,"-7:7;-6:8;-5:12;-4:36;-3:54;-2:54;-1:22;1:6;2:1",-2.58
7015,5,14,48,"Hit(CW,3,STRONG)",3,-3.185,1.02507,200,1,"-6:1;-5:1;-4:81;-3:90;-2:15;-1:7;1:5",-2.81
7015,5,14,49,"Hit(CCW,3,STRONG)",3,-3.095,1.44775,200,1,"-7:8;-6:9;-5:7;-4:39;-3:61;-2:64;-1:10;1:1;2:1",-2.605
7015,5,14,50,"Freeze(CW,3)",4,-3.495,0.616421,200,1,"-5:5;-4:96;-3:93;-2:5;-1:1",-3.48
7015,5,14,51,"Freeze(CCW,3)",4,-3.64,1.01509,200,1,"-6:2;-5:26;-4:96;-3:63;-2:6;-1:4;1:3",-3.235
7015,5,14,52,"Hit(CW,5,TOUCH)",3,-3.31,0.611474,200,1,"-4:75;-3:115;-2:7;-1:3",-3.145
7015,5,14,53,"Hit(CCW,5,TOUCH)",3,-3.375,0.757875,200,1,"-6:3;-5:3;-4:74;-3:111;-2:6;-1:2;1:1",-3.01
7015,5,14,54,"Hit(CW,5,WEAK)",3,-2.125,1.09516,200,1,"-5:4;-4:10;-3:64;-2:59;-1:60;1:2;3:1",-2.065
7015,5,14,55,"Hit(CCW,5,WEAK)",3,-2.39,1.31069,200,1,"-5:10;-4:36;-3:37;-2:70;-1:40;1:7",-2.43
7015,5,14,56,"Hit(CW,5,MIDDLE)",3,-2.62,1.48513,200,1,"-5:17;-4:42;-3:53;-2:47;-1:31;1:8;2:1;3:1",-2.64
7015,5,14,57,"Hit(CCW,5,MIDDLE)",3,-1.975,1.02683,200,1,"-5:2;-4:12;-3:37;-2:88;-1:56;1:4;2:1",-1.795
7015,5,14,58,"Hit(CW,5,STRONG)",3,-2.61,1.54528,200,1,"-5:14;-4:55;-3:46;-2:35;-1:38;1:10;2:2",-2.615
7015,5,14,59,"Hit(CCW,5,STRONG)",3,-1.845,1.08673,200,1,"-5:2;-4:14;-3:33;-2:65;-1:80;1:6",-1.67
7015,5,14,60,"Freeze(CW,5)",4,-3.29,0.73885,200,1,"-4:79;-3:107;-2:11;-1:1;1:2",-3.02
7015,5,14,61,"Freeze(CCW,5)",4,-3.22,0.693974,200,1,"-6:1;-5:1;-4:63;-3:114;-2:18;-1:3",-3
7015,5,14,62,"Hit(CW,7,TOUCH)",3,-3.345,0.85789,200,1,"-6:2;-4:90;-3:90;-2:15;1:3",-3.27
7015,5,14,63,"Hit(CCW,7,TOUCH)",3,-3.43,0.790633,200,1,"-5:2;-4:104;-3:80;-2:10;-1:2;1:2",-3.555
7015,5,14,64,"Hit(CW,7,WEAK)",3,-3.085,1.08064,200,1,"-5:7;-4:69;-3:79;-2:34;-1:6;1:5",-3.005
7015,5,14,65,"Hit(CCW,7,WEAK)",3,-2.24,1.13684,200,1,"-5:4;-4:11;-3:65;-2:91;-1:19;1:9;3:1",-2.505
7015,5,14,66,"Hit(CW,7,MIDDLE)",3,-2.11,1.09449,200,1,"-6:2;-4:3;-3:60;-2:109;-1:14;1:11;3:1",-2.32
7015,5,14,67,"Hit(CCW,7,MIDDLE)",3,-3.4,0.964365,200,1,"-5:9;-4:104;-3:57;-2:22;-1:6;1:2",-3.14
7015,5,14,68,"Hit(CW,7,STRONG)",3,-2.37,1.07847,200,1,"-7:1;-6:3;-4:15;-3:56;-2:109;-1:10;1:5;2:1",-2.335
7015,5,14,69,"Hit(CCW,7,STRONG)",3,-3.42,1.04096,200,1,"-5:16;-4:100;-3:50;-2:24;-1:8;1:2",-3.16
7015,5,14,70,"Freeze(CW,7)",4,-3.39,0.77324,200,1,"-6:2;-5:1;-4:91;-3:90;-2:13;-1:2;1:1",-3.115
7015,5,14,71,"Freeze(CCW,7)",4,-3.685,0.534579,200,1,"-5:1;-4:141;-3:52;-2:6",-3.74
7015,5,14,72,"Hit(CW,9,TOUCH)",3,-3.08,0.619355,200,1,"-4:33;-3:158;-2:5;-1:2;1:2",-3.025
7015,5,14,73,"Hit(CCW,9,TOUCH)",3,-3.67,0.60918,200,1,"-5:7;-4:126;-3:63;-2:2;-1:2",-3.49
7015,5,14,74,"Hit(CW,9,WEAK)",3,-2.19,1.16786,200,1,"-5:1;-4:12;-3:68;-2:91;-1:15;1:11;2:1;3:1",-2.405
7015,5,14,75,"Hit(CCW,9,WEAK)",3,-2.7,1.04403,200,1,"-5:6;-4:25;-3:99;-2:54;-1:11;1:4;2:1",-2.86
7015,5,14,76,"Hit(CW,9,MIDDLE)",3,-3.04,1.50612,200,1,"-7:13;-6:8;-5:1;-4:32;-3:62;-2:66;-1:18",-2.675
7015,5,14,77,"Hit(CCW,9,MIDDLE)",3,-2.435,1.15142,200,1,"-5:1;-4:42;-3:36;-2:103;-1:9;1:9",-2.365
7015,5,14,78,"Hit(CW,9,STRONG)",3,-2.93,1.5017,200,1,"-7:7;-6:8;-5:8;-4:27;-3:70;-2:63;-1:12;1:3;2:2",-2.61
7015,5,14,79,"Hit(CCW,9,STRONG)",3,-2.45,1.2114,200,1,"-5:2;-4:39;-3:46;-2:95;-1:8;1:9;3:1",-2.39
7015,5,14,80,"Freeze(CW,9)",4,-3.305,0.77587,200,1,"-5:5;-4:71;-3:112;-2:8;-1:2;1:2",-3.245
7015,5,14,81,"Freeze(CCW,9)",4,-3.645,0.582216,200,1,"-6:1;-5:2;-4:128;-3:63;-2:6",-3.5
7015,5,14,82,"Hit(CW,11,TOUCH)",3,-3.565,0.784713,200,1,"-6:7;-5:9;-4:80;-3:99;-2:4;-1:1",-3.005
7015,5,14,83,"Hit(CCW,11,TOUCH)",3,-3.335,1.01626,200,1,"-6:1;-5:5;-4:88;-3:89;-2:11;-1:2;1:2;2:1;3:1",-3
7015,5,14,84,"Hit(CW,11,WEAK)",3,-3.075,1.00964,200,1,"-5:9;-4:39;-3:133;-2:10;-1:2;1:7",-2.875
7015,5,14,85,"Hit(CCW,11,WEAK)",3,-2.825,1.37273,200,1,"-5:7;-4:48;-3:105;-2:15;-1:9;1:16",-2.59
7015,5,14,86,"Hit(CW,11,MIDDLE)",3,-2.72,1.55293,200,1,"-6:2;-5:8;-4:57;-3:69;-2:31;-1:14;1:19",-1.975
7015,5,14,87,"Hit(CCW,11,MIDDLE)",3,-3.375,1.27451,200,1,"-6:6;-5:31;-4:58;-3:63;-2:25;-1:15;1:2",-2.985
7015,5,14,88,"Hit(CW,11,STRONG)",3,-2.665,1.51749,200,1,"-6:3;-5:6;-4:44;-3:86;-2:27;-1:16;1:17;2:1",-1.875
7015,5,14,89,"Hit(CCW,11,STRONG)",3,-3.17,1.32329,200,1,"-6:4;-5:19;-4:66;-3:59;-2:34;-1:12;1:6",-2.675
7015,5,14,90,"Freeze(CW,11)",4,-3.35,0.746659,200,1,"-7:1;-6:1;-5:2;-4:75;-3:108;-2:12;1:1",-3
7015,5,14,91,"Freeze(CCW,11)",4,-3.29,0.711266,200,1,"-4:75;-3:115;-2:7;-1:1;1:2",-2.995
7015,5,14,92,"Hit(CW,13,TOUCH)",3,-3.11,0.829397,200,1,"-6:1;-4:52;-3:128;-2:11;-1:5;1:3",-3.26
7015,5,14,93,"Hit(CCW,13,TOUCH)",3,-3.66,0.731027,200,1,"-6:4;-5:9;-4:110;-3:71;-2:4;-1:2",-3.25
7015,5,14,94,"Hit(CW,13,WEAK)",3,-3.06,0.892412,200,1,"-5:8;-4:51;-3:97;-2:33;-1:11",-2.955
7015,5,14,95,"Hit(CCW,13,WEAK)",3,-3.495,0.999987,200,1,"-6:1;-5:24;-4:86;-3:58;-2:26;-1:4;1:1",-3.215
7015,5,14,96,"Hit(CW,13,MIDDLE)",3,-3.14,1.49345,200,1,"-7:4;-6:7;-5:14;-4:60;-3:52;-2:41;-1:17;1:3;2:2",-2.685
7015,5,14,97,"Hit(CCW,13,MIDDLE)",3,-2.31,1.00693,200,1,"-7:1;-6:1;-4:8;-3:71;-2:97;-1:17;1:4;3:1",-2.35
7015,5,14,98,"Hit(CW,13,STRONG)",3,-3.295,1.23611,200,1,"-7:3;-6:7;-5:14;-4:64;-3:59;-2:40;-1:13",-2.775
7015,5,14,99,"Hit(CCW,13,STRONG)",3,-2.365,0.872797,200,1,"-6:1;-4:9;-3:77;-2:95;-1:14;1:4",-2.385
7015,5,14,100,"Freeze(CW,13)",4,-3.66,0.628013,200,1,"-5:1;-4:139;-3:55;-2:3;-1:1;1:1",-3.655
7015,5,14,101,"Freeze(CCW,13)",4,-3.51,0.780961,200,1,"-6:3;-5:11;-4:85;-3:89;-2:10;-1:2",-3.095
7015,5,14,102,"PostGuard(CW,0,0)",7,-3.34,0.731027,200,1,"-5:1;-4:85;-3:103;-2:5;-1:5;1:1",-3.41
7015,5,14,103,"PostGuard(CCW,0,0)",7,-3.425,0.710194,200,1,"-6:2;-5:6;-4:78;-3:106;-2:5;-1:3",-3.17
7015,5,14,104,"PostGuard(CW,0,1)",7,-3.245,0.784203,200,1,"-5:3;-4:64;-3:122;-2:7;-1:1;1:3",-3.05
7015,5,14,105,"PostGuard(CCW,0,1)",7,-3.38,0.809691,200,1,"-6:2;-5:8;-4:69;-3:113;-2:5;-1:1;1:2",-3.005
7015,5,14,106,"PostGuard(CW,0,2)",7,-2.905,0.957066,200,1,"-4:33;-3:141;-2:16;-1:2;1:8",-3
7015,5,14,107,"PostGuard(CCW,0,2)",7,-2.9,0.83666,200,1,"-4:21;-3:160;-2:9;-1:4;1:6",-3
7015,5,14,108,"PostGuard(CW,2,0)",7,-3.355,0.754304,200,1,"-6:1;-5:1;-4:88;-3:93;-2:14;-1:2;1:1",-2.885
7015,5,14,109,"PostGuard(CCW,2,0)",7,-3.325,0.607762,200,1,"-5:1;-4:75;-3:114;-2:8;-1:2",-3.025
7015,5,14,110,"PostGuard(CW,2,1)",7,-3.28,0.679412,200,1,"-6:1;-5:1;-4:66;-3:121;-2:9;-1:1;1:1",-3
7015,5,14,111,"PostGuard(CCW,2,1)",7,-3.36,0.656049,200,1,"-4:86;-3:103;-2:10;1:1",-3
7015,5,14,112,"PostGuard(CW,2,2)",7,-3.205,0.568309,200,1,"-4:55;-3:133;-2:10;-1:2",-3
7015,5,14,113,"PostGuard(CCW,2,2)",7,-3.245,0.620464,200,1,"-6:2;-4:56;-3:130;-2:11;-1:1",-3
7015,5,14,114,"PostGuard(CW,4,0)",7,-3.225,0.724137,200,1,"-6:1;-4:65;-3:117;-2:13;-1:3;1:1",-3
7015,5,14,115,"PostGuard(CCW,4,0)",7,-3.235,0.793584,200,1,"-4:72;-3:114;-2:9;-1:2;1:3",-3
7015,5,14,116,"PostGuard(CW,4,1)",7,-3.21,0.784793,200,1,"-6:1;-4:63;-3:121;-2:12;1:3",-3
7015,5,14,117,"PostGuard(CCW,4,1)",7,-3.165,0.792323,200,1,"-6:2;-4:51;-3:133;-2:10;-1:1;1:3",-3
7015,5,14,118,"PostGuard(CW,4,2)",7,-3.14,0.806474,200,1,"-4:61;-3:117;-2:17;-1:2;1:3",-3
7015,5,14,119,"PostGuard(CCW,4,2)",7,-3.27,0.732871,200,1,"-6:1;-4:69;-3:119;-2:8;-1:1;1:2",-3
7015,5,14,120,"PostGuard(CW,6,0)",7,-3.26,0.801499,200,1,"-6:3;-5:1;-4:68;-3:106;-2:19;-1:2;1:1",-3
7015,5,14,121,"PostGuard(CCW,6,0)",7,-3.18,0.630555,200,1,"-4:53;-3:135;-2:9;-1:2;1:1",-3
7015,5,14,122,"PostGuard(CW,6,1)",7,-3.155,0.72868,200,1,"-4:55;-3:131;-2:8;-1:4;1:2",-3
7015,5,14,123,"PostGuard(CCW,6,1)",7,-3.12,0.821949,200,1,"-5:1;-4:53;-3:128;-2:13;-1:1;1:4",-3
7015,5,14,124,"PostGuard(CW,6,2)",7,-3.15,0.668954,200,1,"-6:2;-4:45;-3:137;-2:11;-1:5",-3
7015,5,14,125,"PostGuard(CCW,6,2)",7,-3.25,0.661438,200,1,"-6:2;-4:61;-3:122;-2:13;-1:2",-3
7015,5,14,126,"PostGuard(CW,8,0)",7,-3.245,0.717618,200,1,"-6:2;-4:64;-3:116;-2:17;1:1",-3
7015,5,14,127,"PostGuard(CCW,8,0)",7,-3.18,0.638436,200,1,"-4:54;-3:133;-2:10;-1:2;1:1",-3
7015,5,14,128,"PostGuard(CW,8,1)",7,-3.18,0.864639,200,1,"-4:70;-3:110;-2:14;-1:2;1:4",-3
7015,5,14,129,"PostGuard(CCW,8,1)",7,-3.14,0.894651,200,1,"-5:1;-4:61;-3:120;-2:11;-1:2;1:5",-3
7015,5,14,130,"PostGuard(CW,8,2)",7,-3.22,0.693974,200,1,"-4:62;-3:127;-2:8;-1:1;1:2",-3
7015,5,14,131,"PostGuard(CCW,8,2)",7,-3.24,0.68,200,1,"-6:2;-5:1;-4:54;-3:133;-2:8;-1:1;1:1",-3
7015,5,14,132,"PostGuard(CW,10,0)",7,-3.16,0.839285,200,1,"-6:1;-4:57;-3:128;-2:8;-1:2;1:4",-3
7015,5,14,133,"PostGuard(CCW,10,0)",7,-3.18,0.676461,200,1,"-6:1;-4:54;-3:128;-2:15;-1:1;1:1",-3
7015,5,14,134,"PostGuard(CW,10,1)",7,-3.055,0.540347,200,1,"-4:29;-3:156;-2:14;1:1",-3
7015,5,14,135,"PostGuard(CCW,10,1)",7,-3.105,0.695683,200,1,"-4:46;-3:137;-2:13;-1:2;1:2",-3
7015,5,14,136,"PostGuard(CW,10,2)",7,-3.145,0.709912,200,1,"-4:57;-3:122;-2:16;-1:4;1:1",-3
7015,5,14,137,"PostGuard(CCW,10,2)",7,-3.04,0.691665,200,1,"-6:1;-5:1;-4:28;-3:154;-2:11;-1:3;1:2",-3
7015,5,14,138,"PostGuard(CW,12,0)",7,-3.17,0.566657,200,1,"-4:50;-3:136;-2:12;-1:2",-3
7015,5,14,139,"PostGuard(CCW,12,0)",7,-3.13,0.850353,200,1,"-4:57;-3:127;-2:11;1:5",-3
7015,5,14,140,"PostGuard(CW,12,1)",7,-2.87,1.01148,200,1,"-4:30;-3:145;-2:14;-1:1;1:10",-3
7015,5,14,141,"PostGuard(CCW,12,1)",7,-2.81,1.11978,200,1,"-4:34;-3:137;-2:8;-1:10;1:11",-3
7015,5,14,142,"PostGuard(CW,12,2)",7,-2.965,0.757479,200,1,"-4:23;-3:163;-2:8;-1:1;1:5",-3
7015,5,14,143,"PostGuard(CCW,12,2)",7,-2.97,0.910549,200,1,"-4:31;-3:157;-2:3;-1:1;1:8",-3
7015,5,14,144,"Pass",0,-3.19,0.77711,200,1,"-6:1;-4:62;-3:119;-2:13;-1:3;1:2",-3
743,7,3,0,"Draw(CW,TEE)",1,0.845,1.90289,200,1,"-4:4;-3:5;-2:13;-1:37;1:70;2:43;3:11;4:12;5:4;6:1",-0.89
743,7,3,1,"Draw(CCW,TEE)",1,0.685,1.91984,200,1,"-5:1;-4:1;-3:7;-2:20;-1:39;0:1;1:64;2:35;3:18;4:12;5:2",0.11
743,7,3,2,"Draw(CW,S0)",1,1.065,2.02504,200,1,"-4:2;-3:3;-2:11;-1:47;1:59;2:30;3:25;4:14;5:5;6:4",-0.8
743,7,3,3,"Draw(CCW,S0)",1,0.84,1.86397,200,1,"-5:1;-4:2;-3:7;-2:9;-1:42;1:64;2:40;3:26;4:5;5:4",0.51
743,7,3,4,"Draw(CW,S2)",1,0.86,2.13551,200,1,"-4:3;-3:6;-2:15;-1:49;1:56;2:26;3:16;4:20;5:9",-1
743,7,3,5,"Draw(CCW,S2)",1,1.035,1.93747,200,1,"-3:5;-2:17;-1:35;1:71;2:24;3:29;4:12;5:5;6:2",-1
743,7,3,6,"Draw(CW,S4)",1,0.715,1.9323,200,1,"-5:1;-4:1;-3:5;-2:15;-1:54;1:50;2:37;3:23;4:13;6:1",-0.78
743,7,3,7,"Draw(CCW,S4)",1,0.825,1.9658,200,1,"-5:1;-4:1;-3:6;-2:18;-1:38;1:67;2:30;3:23;4:10;5:6",0.51
743,7,3,8,"Draw(CW,S6)",1,1.06,2.02643,200,1,"-4:3;-3:1;-2:14;-1:43;1:64;2:25;3:30;4:10;5:7;6:2;7:1",-1
743,7,3,9,"Draw(CCW,S6)",1,1.145,2.12461,200,1,"-4:2;-3:3;-2:11;-1:48;1:52;2:37;3:16;4:18;5:9;6:3;7:1",-1
743,7,3,10,"Draw(CW,L0)",1,1.16,1.90903,200,1,"-4:1;-3:1;-2:11;-1:42;1:68;2:33;3:20;4:14;5:7;6:3",-0.98
743,7,3,11,"Draw(CCW,L0)",1,0.54,1.87307,200,1,"-5:2;-4:2;-3:5;-2:14;-1:51;0:1;1:70;2:28;3:18;4:6;5:2;6:1",-0.63
743,7,3,12,"Draw(CW,L1)",1,1.12,2.05076,200,1,"-4:2;-3:5;-2:14;-1:36;1:62;2:33;3:19;4:21;5:6;6:2",-1
743,7,3,13,"Draw(CCW,L1)",1,0.94,1.9966,200,1,"-4:2;-3:5;-2:16;-1:38;1:67;2:31;3:24;4:9;5:4;6:4",-1
743,7,3,14,"Draw(CW,L2)",1,1.145,2.15034,200,1,"-5:1;-4:1;-3:4;-2:13;-1:42;1:61;2:26;3:21;4:15;5:14;6:2",-1
743,7,3,15,"Draw(CCW,L2)",1,1.16,2.14112,200,1,"-4:3;-3:3;-2:11;-1:47;1:47;2:39;3:19;4:18;5:10;6:3",-1
743,7,3,16,"Draw(CW,L3)",1,1.23,2.08976,200,1,"-4:1;-3:5;-2:15;-1:33;1:63;2:32;3:19;4:18;5:12;6:2",-1
743,7,3,17,"Draw(CCW,L3)",1,1.495,1.89736,200,1,"-3:2;-2:8;-1:32;1:63;2:41;3:27;4:13;5:10;6:3;7:1",-1
743,7,3,18,"Draw(CW,L4)",1,0.705,2.06591,200,1,"-5:1;-4:2;-3:5;-2:20;-1:49;1:51;2:32;3:26;4:7;5:5;6:2",-1
743,7,3,19,"Draw(CCW,L4)",1,0.86,2.04216,200,1,"-4:2;-3:4;-2:13;-1:51;1:64;2:29;3:16;4:12;5:5;6:2;7:2",-1
743,7,3,20,"Draw(CW,L5)",1,1.37,2.05502,200,1,"-4:1;-3:4;-2:10;-1:39;1:50;2:37;3:22;4:27;5:9;6:1",-1
743,7,3,21,"Draw(CCW,L5)",1,1.205,2.09833,200,1,"-4:2;-3:5;-2:11;-1:38;1:60;2:32;3:26;4:13;5:9;6:3;7:1",-1
743,7,3,22,"Draw(CW,L6)",1,1.34,2.18961,200,1,"-7:1;-4:3;-3:4;-2:5;-1:39;1:61;2:25;3:32;4:13;5:13;6:4",-1
743,7,3,23,"Draw(CCW,L6)",1,1.23,2.15571,200,1,"-4:1;-3:2;-2:13;-1:44;1:65;2:25;3:11;4:23;5:12;6:2;7:2",-1
743,7,3,24,"Draw(CW,L7)",1,1.185,2.03243,200,1,"-4:2;-3:4;-2:8;-1:44;1:58;2:33;3:25;4:15;5:8;6:3",-1
743,7,3,25,"Draw(CCW,L7)",1,1.105,1.87189,200,1,"-3:3;-2:14;-1:38;1:69;2:29;3:28;4:11;5:7;6:1",-1
743,7,3,26,"PreGuard(CW,G3)",2,0.78,2.0449,200,1,"-4:2;-3:8;-2:19;-1:40;1:62;2:30;3:20;4:11;5:8",-1
743,7,3,27,"PreGuard(CCW,G3)",2,0.9,2.19317,200,1,"-5:4;-4:1;-3:6;-2:12;-1:44;1:56;2:31;3:25;4:10;5:9;6:2",-1
743,7,3,28,"PreGuard(CW,G4)",2,0.535,2.04421,200,1,"-5:1;-4:2;-3:6;-2:19;-1:57;1:49;2:41;3:8;4:8;5:8;6:1",-1
743,7,3,29,"PreGuard(CCW,G4)",2,0.545,1.99699,200,1,"-7:1;-5:1;-4:1;-3:6;-2:25;-1:39;0:1;1:63;2:36;3:16;4:7;5:3;6:1",-1
743,7,3,30,"PreGuard(CW,G5)",2,0.76,1.87414,200,1,"-4:1;-3:7;-2:11;-1:48;1:74;2:24;3:22;4:9;5:2;6:1;7:1",-1
743,7,3,31,"PreGuard(CCW,G5)",2,0.67,1.98522,200,1,"-4:1;-3:6;-2:20;-1:49;1:62;2:28;3:18;4:9;5:6;7:1",-1
743,7,3,32,"Hit(CW,0,TOUCH)",3,0.825,1.95048,200,1,"-5:1;-4:3;-3:2;-2:17;-1:38;1:74;2:37;3:12;4:7;5:6;6:3",-1
743,7,3,33,"Hit(CCW,0,TOUCH)",3,0.845,1.82783,200,1,"-4:2;-3:6;-2:9;-1:44;1:74;2:29;3:24;4:8;5:3;6:1",-0.025
743,7,3,34,"Hit(CW,0,WEAK)",3,1.07,2.09883,200,1,"-5:1;-4:2;-3:3;-2:17;-1:37;0:1;1:56;2:34;3:28;4:9;5:9;6:3",0.12
743,7,3,35,"Hit(CCW,0,WEAK)",3,1.08,2.05514,200,1,"-5:1;-4:2;-3:4;-2:14;-1:38;0:1;1:57;2:35;3:17;4:26;5:5",0.54
743,7,3,36,"Hit(CW,0,MIDDLE)",3,1.225,1.77324,200,1,"-3:1;-2:11;-1:36;0:2;1:71;2:30;3:26;4:19;5:3;6:1",0.31
743,7,3,37,"Hit(CCW,0,MIDDLE)",3,0.745,1.90525,200,1,"-4:2;-3:6;-2:15;-1:45;1:65;2:36;3:19;4:5;5:6;6:1",-0.38
743,7,3,38,"Hit(CW,0,STRONG)",3,1.04,1.98202,200,1,"-4:1;-3:5;-2:12;-1:43;1:61;2:33;3:24;4:13;5:5;6:3",0.375
743,7,3,39,"Hit(CCW,0,STRONG)",3,1.09,1.91622,200,1,"-4:1;-3:3;-2:15;-1:37;1:64;2:34;3:28;4:9;5:8;6:1",-0.355
743,7,3,40,"Freeze(CW,0)",4,0.56,1.78505,200,1,"-5:1;-3:4;-2:19;-1:52;1:65;2:35;3:14;4:9;6:1",-1
743,7,3,41,"Freeze(CCW,0)",4,0.82,1.94874,200,1,"-4:2;-3:7;-2:15;-1:41;0:2;1:60;2:36;3:22;4:10;5:4;6:1",-0.855
743,7,3,42,"PostGuard(CW,1,0)",7,1.095,1.93287,200,1,"-4:2;-3:7;-2:8;-1:36;1:66;2:38;3:21;4:16;5:5;6:1",-1
743,7,3,43,"PostGuard(CCW,1,0)",7,0.97,1.83551,200,1,"-4:1;-3:5;-2:13;-1:39;1:65;2:37;3:23;4:15;5:2",-0.97
743,7,3,44,"PostGuard(CW,1,1)",7,0.945,2.04743,200,1,"-5:2;-4:3;-3:5;-2:10;-1:41;0:1;1:58;2:38;3:22;4:14;5:5;6:1",-1
743,7,3,45,"PostGuard(CCW,1,1)",7,0.7,1.95448,200,1,"-3:10;-2:16;-1:46;1:68;2:23;3:18;4:15;5:4",-1
743,7,3,46,"PostGuard(CW,1,2)",7,0.65,2.02916,200,1,"-5:1;-4:6;-3:10;-2:12;-1:38;1:62;2:38;3:20;4:12;5:1",-1
743,7,3,47,"PostGuard(CCW,1,2)",7,0.755,2.03838,200,1,"-5:1;-4:2;-3:10;-2:15;-1:38;1:69;2:25;3:22;4:13;5:5",-1
743,7,3,48,"PostGuard(CW,3,0)",7,0.705,1.99449,200,1,"-6:1;-4:1;-3:3;-2:27;-1:36;0:1;1:70;2:27;3:17;4:12;5:4;7:1",-1
743,7,3,49,"PostGuard(CCW,3,0)",7,0.725,1.84916,200,1,"-3:5;-2:19;-1:45;1:70;2:31;3:14;4:12;5:3;6:1",-1
743,7,3,50,"PostGuard(CW,3,1)",7,0.74,1.96275,200,1,"-5:1;-4:1;-3:3;-2:19;-1:48;1:66;2:26;3:15;4:17;5:3;6:1",-1
743,7,3,51,"PostGuard(CCW,3,1)",7,0.68,1.93587,200,1,"-5:2;-3:5;-2:13;-1:56;1:58;2:30;3:26;4:5;5:3;6:2",-1
743,7,3,52,"PostGuard(CW,3,2)",7,0.66,1.92728,200,1,"-4:4;-3:5;-2:20;-1:42;1:59;2:37;3:22;4:9;5:2",-1
743,7,3,53,"PostGuard(CCW,3,2)",7,0.455,2.0562,200,1,"-5:1;-4:2;-3:13;-2:23;-1:39;1:65;2:24;3:22;4:7;5:3;6:1",-1
743,7,3,54,"Pass",0,1.105,1.81493,200,1,"-3:8;-2:8;-1:35;1:65;2:43;3:21;4:18;5:2",-1
1014,4,15,0,"Draw(CW,TEE)",1,1.01,1.14013,200,1,"-1:34;1:123;2:16;3:27",1.01
1014,4,15,1,"Draw(CCW,TEE)",1,0.375,0.93508,200,1,"-1:63;1:136;2:1",0.375
1014,4,15,2,"Draw(CW,S0)",1,1.74,1.77268,200,1,"-1:52;1:22;2:13;3:100;4:13",1.74
1014,4,15,3,"Draw(CCW,S0)",1,0.15,1.24399,200,1,"-1:101;1:74;2:20;3:3;4:2",0.15
1014,4,15,4,"Draw(CW,S2)",1,1,0,200,1,"1:200",1
1014,4,15,5,"Draw(CCW,S2)",1,1,0,200,1,"1:200",1
1014,4,15,6,"Draw(CW,S4)",1,1.05,1.55161,200,1,"-1:58;1:74;2:14;3:50;4:4",1.05
1014,4,15,7,"Draw(CCW,S4)",1,-0.11,1.01385,200,1,"-1:112;1:87;3:1",-0.11
1014,4,15,8,"Draw(CW,S6)",1,1,0,200,1,"1:200",1
1014,4,15,9,"Draw(CCW,S6)",1,1,0,200,1,"1:200",1
1014,4,15,10,"Draw(CW,L0)",1,3.42,1.11964,200,1,"-1:6;1:9;2:14;3:31;4:140",3.42
1014,4,15,11,"Draw(CCW,L0)",1,1.915,1.87557,200,1,"-1:48;1:14;2:56;3:23;4:59",1.915
1014,4,15,12,"Draw(CW,L1)",1,1,0,200,1,"1:200",1
1014,4,15,13,"Draw(CCW,L1)",1,1,0,200,1,"1:200",1
1014,4,15,14,"Draw(CW,L2)",1,1,0,200,1,"1:200",1
1014,4,15,15,"Draw(CCW,L2)",1,1,0,200,1,"1:200",1
1014,4,15,16,"Draw(CW,L3)",1,1,0,200,1,"1:200",1
1014,4,15,17,"Draw(CCW,L3)",1,1,0,200,1,"1:200",1
1014,4,15,18,"Draw(CW,L4)",1,1,0,200,1,"1:200",1
1014,4,15,19,"Draw(CCW,L4)",1,1,0,200,1,"1:200",1
1014,4,15,20,"Draw(CW,L5)",1,1,0,200,1,"1:200",1
1014,4,15,21,"Draw(CCW,L5)",1,1,0,200,1,"1:200",1
1014,4,15,22,"Draw(CW,L6)",1,1,0,200,1,"1:200",1
1014,4,15,23,"Draw(CCW,L6)",1,1,0,200,1,"1:200",1
1014,4,15,24,"Draw(CW,L7)",1,1,0,200,1,"1:200",1
1014,4,15,25,"Draw(CCW,L7)",1,1,0,200,1,"1:200",1
1014,4,15,26,"PreGuard(CW,G3)",2,1,0,200,1,"1:200",1
1014,4,15,27,"PreGuard(CCW,G3)",2,1,0,200,1,"1:200",1
1014,4,15,28,"PreGuard(CW,G4)",2,1,0,200,1,"1:200",1
1014,4,15,29,"PreGuard(CCW,G4)",2,1,0,200,1,"1:200",1
1014,4,15,30,"PreGuard(CW,G5)",2,1,0,200,1,"1:200",1
1014,4,15,31,"PreGuard(CCW,G5)",2,1,0,200,1,"1:200",1
1014,4,15,32,"Hit(CW,10,TOUCH)",3,-0.125,1.11775,200,1,"-1:120;1:69;2:7;3:4",-0.125
1014,4,15,33,"Hit(CCW,10,TOUCH)",3,1.48,1.26475,200,1,"-1:24;1:87;2:42;3:39;4:8",1.48
1014,4,15,34,"Hit(CW,10,WEAK)",3,-0.29,1.22307,200,1,"-1:144;1:39;2:4;3:13",-0.29
1014,4,15,35,"Hit(CCW,10,WEAK)",3,0.605,1.74327,200,1,"-1:100;1:35;2:12;3:50;4:3",0.605
1014,4,15,36,"Hit(CW,10,MIDDLE)",3,1.46,1.26032,200,1,"-1:37;1:20;2:120;3:23",1.46
1014,4,15,37,"Hit(CCW,10,MIDDLE)",3,-0.835,0.563715,200,1,"-1:184;1:15;2:1",-0.835
1014,4,15,38,"Hit(CW,10,STRONG)",3,1.505,1.40712,200,1,"-1:44;1:8;2:107;3:41",1.505
1014,4,15,39,"Hit(CCW,10,STRONG)",3,-0.84,0.569561,200,1,"-1:185;1:13;2:2",-0.84
1014,4,15,40,"Freeze(CW,10)",4,0.785,0.631486,200,1,"-1:22;1:177;2:1",0.785
1014,4,15,41,"Freeze(CCW,10)",4,1.255,0.616421,200,1,"-1:1;1:162;2:21;3:16",1.255
1014,4,15,42,"PostGuard(CW,1,0)",7,1.005,0.0705337,200,1,"1:199;2:1",1.005
1014,4,15,43,"PostGuard(CCW,1,0)",7,1,0,200,1,"1:200",1
1014,4,15,44,"PostGuard(CW,1,1)",7,1,0,200,1,"1:200",1
1014,4,15,45,"PostGuard(CCW,1,1)",7,1,0,200,1,"1:200",1
1014,4,15,46,"PostGuard(CW,1,2)",7,1,0,200,1,"1:200",1
1014,4,15,47,"PostGuard(CCW,1,2)",7,1,0,200,1,"1:200",1
1014,4,15,48,"PostGuard(CW,11,0)",7,1,0,200,1,"1:200",1
1014,4,15,49,"PostGuard(CCW,11,0)",7,1,0,200,1,"1:200",1
1014,4,15,50,"PostGuard(CW,11,1)",7,1,0,200,1,"1:200",1
1014,4,15,51,"PostGuard(CCW,11,1)",7,1,0,200,1,"1:200",1
1014,4,15,52,"PostGuard(CW,11,2)",7,1,0,200,1,"1:200",1
1014,4,15,53,"PostGuard(CCW,11,2)",7,1,0,200,1,"1:200",1
1014,4,15,54,"PostGuard(CW,13,0)",7,1,0,200,1,"1:200",1
1014,4,15,55,"PostGuard(CCW,13,0)",7,1,0,200,1,"1:200",1
1014,4,15,56,"PostGuard(CW,13,1)",7,1,0,200,1,"1:200",1
1014,4,15,57,"PostGuard(CCW,13,1)",7,1,0,200,1,"1:200",1
1014,4,15,58,"PostGuard(CW,13,2)",7,1,0,200,1,"1:200",1
1014,4,15,59,"PostGuard(CCW,13,2)",7,1,0,200,1,"1:200",1
1014,4,15,60,"Pass",0,1,0,200,1,"1:200",1
3900,0,10,0,"Draw(CW,TEE)",1,-0.095,1.69292,200,1,"-3:8;-2:29;-1:78;1:47;2:28;3:4;4:4;5:2",0.45
3900,0,10,1,"Draw(CCW,TEE)",1,-0.645,1.85714,200,1,"-4:5;-3:21;-2:46;-1:63;1:41;2:13;3:3;4:7;5:1",-0.935
3900,0,10,2,"Draw(CW,S0)",1,-0.345,1.68404,200,1,"-4:3;-3:10;-2:26;-1:92;0:1;1:36;2:19;3:9;4:4",0.7
3900,0,10,3,"Draw(CCW,S0)",1,-0.46,1.74597,200,1,"-4:2;-3:17;-2:33;-1:81;1:37;2:18;3:8;4:3;5:1",-0.745
3900,0,10,4,"Draw(CW,S2)",1,-0.565,1.7366,200,1,"-4:4;-3:23;-2:36;-1:62;1:54;2:12;3:8;4:1",-0.95
3900,0,10,5,"Draw(CCW,S2)",1,-0.67,1.62822,200,1,"-4:1;-3:16;-2:44;-1:84;1:36;2:7;3:8;4:4",-1
3900,0,10,6,"Draw(CW,S4)",1,-0.145,1.56332,200,1,"-3:5;-2:29;-1:84;1:49;2:21;3:11;4:1",0.935
3900,0,10,7,"Draw(CCW,S4)",1,-0.79,1.67209,200,1,"-4:6;-3:19;-2:44;-1:75;1:34;2:16;3:4;4:2",-0.92
3900,0,10,8,"Draw(CW,S6)",1,-0.915,1.69345,200,1,"-4:6;-3:22;-2:52;-1:69;1:33;2:11;3:4;4:2;5:1",-1
3900,0,10,9,"Draw(CCW,S6)",1,-0.785,1.78011,200,1,"-4:6;-3:20;-2:48;-1:71;1:32;2:13;3:5;4:4;5:1",-1
3900,0,10,10,"Draw(CW,L0)",1,-0.62,1.70751,200,1,"-4:4;-3:18;-2:44;-1:66;0:1;1:45;2:13;3:7;4:2",-0.53
3900,0,10,11,"Draw(CCW,L0)",1,-0.66,1.72464,200,1,"-4:6;-3:19;-2:36;-1:77;1:37;2:15;3:9;4:1",0.15
3900,0,10,12,"Draw(CW,L1)",1,-1.13,1.6072,200,1,"-4:6;-3:33;-2:47;-1:72;1:27;2:10;3:4;4:1",-1
3900,0,10,13,"Draw(CCW,L1)",1,-0.665,1.66817,200,1,"-4:4;-3:18;-2:36;-1:84;1:35;2:13;3:8;4:2",-1
3900,0,10,14,"Draw(CW,L2)",1,-0.79,1.53489,200,1,"-4:2;-3:15;-2:50;-1:82;1:33;2:11;3:6;4:1",-1
3900,0,10,15,"Draw(CCW,L2)",1,-0.69,1.70994,200,1,"-4:2;-3:22;-2:43;-1:74;1:36;2:12;3:8;4:3",-1
3900,0,10,16,"Draw(CW,L3)",1,-0.775,1.63229,200,1,"-4:3;-3:20;-2:49;-1:68;0:1;1:45;2:8;3:3;4:2;5:1",-1
3900,0,10,17,"Draw(CCW,L3)",1,-0.815,1.73227,200,1,"-4:5;-3:21;-2:51;-1:68;1:32;2:15;3:4;4:4",-1
3900,0,10,18,"Draw(CW,L4)",1,-0.945,1.83901,200,1,"-4:6;-3:29;-2:64;-1:44;0:1;1:31;2:13;3:11;4:1",-1
3900,0,10,19,"Draw(CCW,L4)",1,-1.06,1.64511,200,1,"-4:10;-3:26;-2:41;-1:79;1:28;2:10;3:5;4:1",-1
3900,0,10,20,"Draw(CW,L5)",1,-0.755,1.78185,200,1,"-4:5;-3:23;-2:46;-1:66;0:1;1:37;2:12;3:6;4:3;5:1",-1
3900,0,10,21,"Draw(CCW,L5)",1,-0.93,1.65985,200,1,"-4:7;-3:22;-2:53;-1:63;1:39;2:12;3:3;5:1",-1
3900,0,10,22,"Draw(CW,L6)",1,-0.94,1.53831,200,1,"-4:2;-3:24;-2:46;-1:84;1:27;2:12;3:3;4:2",-1
3900,0,10,23,"Draw(CCW,L6)",1,-1,1.67033,200,1,"-4:11;-3:22;-2:47;-1:69;1:34;2:12;3:5",-1
3900,0,10,24,"Draw(CW,L7)",1,-0.855,1.80941,200,1,"-4:7;-3:21;-2:50;-1:70;1:32;2:12;3:2;4:2;5:4",-1
3900,0,10,25,"Draw(CCW,L7)",1,-0.96,1.60885,200,1,"-4:7;-3:25;-2:40;-1:78;1:38;2:8;3:1;4:3",-1
3900,0,10,26,"PreGuard(CW,G3)",2,-0.92,1.52434,200,1,"-4:5;-3:21;-2:46;-1:76;1:40;2:10;3:1;4:1",-1
3900,0,10,27,"PreGuard(CCW,G3)",2,-0.97,1.69089,200,1,"-4:6;-3:32;-2:45;-1:62;1:36;2:16;3:2;4:1",-1
3900,0,10,28,"PreGuard(CW,G4)",2,-1,1.67033,200,1,"-4:8;-3:31;-2:42;-1:64;0:1;1:39;2:11;3:4",-1
3900,0,10,29,"PreGuard(CCW,G4)",2,-0.98,1.72035,200,1,"-4:12;-3:27;-2:40;-1:63;1:45;2:10;3:1;4:2",-1
3900,0,10,30,"PreGuard(CW,G5)",2,-0.745,1.6462,200,1,"-4:5;-3:16;-2:40;-1:86;1:34;2:9;3:8;4:1;5:1",-1
3900,0,10,31,"PreGuard(CCW,G5)",2,-0.58,1.73885,200,1,"-4:6;-3:13;-2:36;-1:85;1:30;2:21;3:4;4:5",-1
3900,0,10,32,"Hit(CW,9,TOUCH)",3,-0.195,1.6574,200,1,"-4:2;-3:8;-2:32;-1:73;1:54;2:19;3:10;4:2",1.65
3900,0,10,33,"Hit(CCW,9,TOUCH)",3,-0.57,1.75929,200,1,"-4:5;-3:17;-2:50;-1:51;1:56;2:15;3:3;4:2;5:1",-0.795
3900,0,10,34,"Hit(CW,9,WEAK)",3,-0.34,1.52787,200,1,"-3:7;-2:30;-1:94;1:42;2:19;3:6;4:1;5:1",2.69
3900,0,10,35,"Hit(CCW,9,WEAK)",3,-0.67,1.47007,200,1,"-4:1;-3:21;-2:29;-1:87;1:48;2:12;3:2",0.51
3900,0,10,36,"Hit(CW,9,MIDDLE)",3,-0.685,1.49525,200,1,"-4:3;-3:15;-2:36;-1:87;0:1;1:40;2:15;3:3",-0.365
3900,0,10,37,"Hit(CCW,9,MIDDLE)",3,-0.65,1.31434,200,1,"-3:7;-2:37;-1:103;1:44;2:5;3:3;5:1",1.23
3900,0,10,38,"Hit(CW,9,STRONG)",3,-0.74,1.60387,200,1,"-4:5;-3:16;-2:40;-1:81;0:1;1:42;2:10;3:3;5:2",-0.11
3900,0,10,39,"Hit(CCW,9,STRONG)",3,-0.685,1.44768,200,1,"-3:18;-2:34;-1:91;1:42;2:12;3:2;4:1",0.97
3900,0,10,40,"Freeze(CW,9)",4,-0.055,1.66492,200,1,"-4:2;-3:6;-2:25;-1:77;0:1;1:53;2:23;3:10;4:2;5:1",0.515
3900,0,10,41,"Freeze(CCW,9)",4,-0.595,1.66162,200,1,"-4:4;-3:16;-2:40;-1:74;1:41;2:17;3:8",-0.935
3900,0,10,42,"PostGuard(CW,6,0)",7,-0.905,1.63278,200,1,"-4:12;-3:14;-2:46;-1:73;1:40;2:12;3:2;4:1",-1
3900,0,10,43,"PostGuard(CCW,6,0)",7,-0.98,1.60611,200,1,"-4:12;-3:16;-2:50;-1:68;1:44;2:6;3:4",-1
3900,0,10,44,"PostGuard(CW,6,1)",7,-0.59,1.69467,200,1,"-4:8;-3:8;-2:44;-1:73;1:47;2:11;3:7;4:1;5:1",-1
3900,0,10,45,"PostGuard(CCW,6,1)",7,-0.915,1.60866,200,1,"-4:4;-3:24;-2:51;-1:68;1:36;2:14;3:1;4:2",-1
3900,0,10,46,"PostGuard(CW,6,2)",7,-0.66,1.7362,200,1,"-4:6;-3:18;-2:46;-1:62;1:46;2:13;3:8;4:1",-1
3900,0,10,47,"PostGuard(CCW,6,2)",7,-0.715,1.57917,200,1,"-4:2;-3:18;-2:48;-1:69;0:2;1:45;2:10;3:5;4:1",-1
3900,0,10,48,"PostGuard(CW,8,0)",7,-0.49,1.64618,200,1,"-3:14;-2:40;-1:81;0:1;1:37;2:16;3:9;4:1;5:1",-1
3900,0,10,49,"PostGuard(CCW,8,0)",7,-0.47,1.69384,200,1,"-4:1;-3:22;-2:29;-1:77;1:39;2:26;3:4;4:2",-1
3900,0,10,50,"PostGuard(CW,8,1)",7,-0.33,1.67961,200,1,"-4:1;-3:15;-2:33;-1:71;1:53;2:17;3:7;4:3",-1
3900,0,10,51,"PostGuard(CCW,8,1)",7,-0.425,1.75624,200,1,"-4:2;-3:12;-2:40;-1:78;1:39;2:17;3:6;4:4;5:2",-1
3900,0,10,52,"PostGuard(CW,8,2)",7,-0.235,1.67026,200,1,"-3:12;-2:23;-1:91;1:42;2:16;3:12;4:4",-1
3900,0,10,53,"PostGuard(CCW,8,2)",7,-0.265,1.81239,200,1,"-4:1;-3:16;-2:31;-1:74;1:45;2:16;3:11;4:5;5:1",-1
3900,0,10,54,"Pass",0,-0.615,1.67236,200,1,"-4:2;-3:21;-2:37;-1:76;1:40;2:16;3:6;4:2",-1
4543,6,5,0,"Draw(CW,TEE)",1,1.005,2.04816,200,1,"-5:1;-4:1;-3:8;-2:14;-1:33;0:1;1:63;2:38;3:17;4:18;5:3;6:3",-1.805
4543,6,5,1,"Draw(CCW,TEE)",1,0.795,2.03543,200,1,"-5:1;-4:4;-3:4;-2:15;-1:46;1:52;2:40;3:23;4:9;5:5;6:1",-1.245
4543,6,5,2,"Draw(CW,S0)",1,0.93,1.95579,200,1,"-4:4;-3:4;-2:9;-1:45;1:65;2:33;3:22;4:11;5:6;6:1",-1.22
4543,6,5,3,"Draw(CCW,S0)",1,0.71,1.89892,200,1,"-4:2;-3:6;-2:14;-1:48;1:71;2:23;3:23;4:7;5:6",-0.135
4543,6,5,4,"Draw(CW,S2)",1,0.88,1.97626,200,1,"-4:2;-3:5;-2:20;-1:37;1:62;2:28;3:30;4:14;5:1;7:1",-2
4543,6,5,5,"Draw(CCW,S2)",1,0.73,2.06085,200,1,"-4:1;-3:8;-2:18;-1:51;0:1;1:49;2:29;3:25;4:13;5:3;6:2",-2
4543,6,5,6,"Draw(CW,S4)",1,0.71,1.91204,200,1,"-4:2;-3:8;-2:14;-1:45;1:63;2:39;3:17;4:5;5:7",-1.6
4543,6,5,7,"Draw(CCW,S4)",1,0.93,2.01124,200,1,"-5:1;-4:2;-3:4;-2:14;-1:43;0:3;1:56;2:29;3:32;4:9;5:6;6:1",-0.515
4543,6,5,8,"Draw(CW,S6)",1,0.975,1.8559,200,1,"-5:1;-4:1;-3:2;-2:11;-1:43;1:73;2:31;3:17;4:17;5:3;6:1",-2
4543,6,5,9,"Draw(CCW,S6)",1,0.445,2.0241,200,1,"-5:4;-4:1;-3:4;-2:24;-1:48;1:64;2:25;3:17;4:10;5:2;6:1",-2
4543,6,5,10,"Draw(CW,L0)",1,0.84,2.04313,200,1,"-4:2;-3:5;-2:21;-1:40;1:65;2:22;3:23;4:15;5:7",-0.995
4543,6,5,11,"Draw(CCW,L0)",1,0.82,1.97929,200,1,"-3:10;-2:14;-1:42;1:63;2:40;3:14;4:10;5:4;6:2;7:1",-0.54
4543,6,5,12,"Draw(CW,L1)",1,0.615,1.77673,200,1,"-4:2;-3:8;-2:12;-1:46;1:70;2:42;3:13;4:5;5:1;7:1",-2
4543,6,5,13,"Draw(CCW,L1)",1,0.635,2.03022,200,1,"-4:2;-3:10;-2:20;-1:42;1:64;2:25;3:20;4:12;5:5",-2
4543,6,5,14,"Draw(CW,L2)",1,0.73,1.92538,200,1,"-5:1;-4:1;-3:8;-2:13;-1:46;1:57;2:48;3:12;4:9;5:4;6:1",-2
4543,6,5,15,"Draw(CCW,L2)",1,0.715,1.91671,200,1,"-4:2;-3:4;-2:18;-1:47;1:67;2:30;3:15;4:12;5:4;6:1",-2
4543,6,5,16,"Draw(CW,L3)",1,0.765,2.15633,200,1,"-4:4;-3:6;-2:21;-1:43;1:56;2:25;3:24;4:13;5:6;6:2",-2
4543,6,5,17,"Draw(CCW,L3)",1,0.665,2.04763,200,1,"-4:4;-3:6;-2:15;-1:52;1:59;2:28;3:19;4:9;5:7;6:1",-2
4543,6,5,18,"Draw(CW,L4)",1,0.76,2.08144,200,1,"-5:1;-4:5;-3:3;-2:25;-1:31;0:1;1:65;2:29;3:21;4:14;5:5",-2
4543,6,5,19,"Draw(CCW,L4)",1,0.37,2.0912,200,1,"-5:1;-4:8;-3:6;-2:20;-1:49;1:61;2:24;3:21;4:6;5:3;7:1",-2
4543,6,5,20,"Draw(CW,L5)",1,0.93,2.01621,200,1,"-5:2;-4:3;-3:4;-2:11;-1:40;1:66;2:31;3:25;4:12;5:5;6:1",-2
4543,6,5,21,"Draw(CCW,L5)",1,0.92,2.01832,200,1,"-4:1;-3:7;-2:18;-1:37;1:63;2:32;3:22;4:13;5:6;7:1",-2
4543,6,5,22,"Draw(CW,L6)",1,0.885,1.98791,200,1,"-5:1;-4:2;-3:5;-2:17;-1:36;1:65;2:36;3:22;4:10;5:5;7:1",-2
4543,6,5,23,"Draw(CCW,L6)",1,0.69,2.01839,200,1,"-5:2;-4:4;-3:3;-2:16;-1:45;0:2;1:63;2:28;3:22;4:11;5:3;6:1",-2
4543,6,5,24,"Draw(CW,L7)",1,1.045,1.90866,200,1,"-3:2;-2:16;-1:43;1:62;2:33;3:24;4:11;5:8;6:1",-2
4543,6,5,25,"Draw(CCW,L7)",1,0.665,1.65008,200,1,"-4:2;-3:2;-2:13;-1:45;1:95;2:19;3:15;4:5;5:4",-2
4543,6,5,26,"PreGuard(CW,G3)",2,0.355,1.92846,200,1,"-5:1;-4:2;-3:10;-2:19;-1:49;1:76;2:21;3:13;4:3;5:4;6:2",-2
4543,6,5,27,"PreGuard(CCW,G3)",2,0.715,1.94776,200,1,"-4:1;-3:9;-2:23;-1:32;1:69;2:34;3:19;4:8;5:4;6:1",-2
4543,6,5,28,"PreGuard(CW,G4)",2,0.58,1.85569,200,1,"-4:3;-3:7;-2:17;-1:44;1:70;2:33;3:15;4:10;6:1",-2
4543,6,5,29,"PreGuard(CCW,G4)",2,0.385,1.77954,200,1,"-4:3;-3:6;-2:21;-1:51;1:63;2:37;3:14;4:4;5:1",-2
4543,6,5,30,"PreGuard(CW,G5)",2,0.625,1.94792,200,1,"-5:2;-4:2;-3:8;-2:18;-1:38;1:68;2:30;3:24;4:9;5:1",-2
4543,6,5,31,"PreGuard(CCW,G5)",2,0.405,1.86842,200,1,"-4:2;-3:8;-2:21;-1:53;1:61;2:28;3:19;4:6;5:2",-2
4543,6,5,32,"Hit(CW,0,TOUCH)",3,1.045,1.81466,200,1,"-5:1;-3:1;-2:15;-1:40;1:62;2:35;3:32;4:12;5:1;6:1",-1.535
4543,6,5,33,"Hit(CCW,0,TOUCH)",3,0.585,1.85816,200,1,"-4:3;-3:4;-2:20;-1:45;1:71;2:32;3:15;4:5;5:4;6:1",-0.91
4543,6,5,34,"Hit(CW,0,WEAK)",3,1.52,1.96204,200,1,"-4:1;-3:1;-2:9;-1:32;1:62;2:35;3:33;4:9;5:15;6:2;7:1",0.325
4543,6,5,35,"Hit(CCW,0,WEAK)",3,1.22,2.23866,200,1,"-4:2;-3:4;-2:14;-1:43;1:54;2:28;3:17;4:20;5:14;6:4",-0.22
4543,6,5,36,"Hit(CW,0,MIDDLE)",3,1.035,1.84493,200,1,"-3:1;-2:16;-1:41;1:68;2:37;3:16;4:14;5:5;6:2",0.9
4543,6,5,37,"Hit(CCW,0,MIDDLE)",3,1.26,2.07904,200,1,"-3:3;-2:11;-1:46;1:61;2:19;3:25;4:24;5:7;6:4",1.51
4543,6,5,38,"Hit(CW,0,STRONG)",3,1.01,1.77761,200,1,"-4:1;-3:2;-2:10;-1:46;0:1;1:59;2:44;3:21;4:12;5:4",0.935
4543,6,5,39,"Hit(CCW,0,STRONG)",3,1.22,2.13813,200,1,"-4:1;-3:1;-2:12;-1:53;0:1;1:44;2:32;3:22;4:21;5:8;6:5",1.465
4543,6,5,40,"Freeze(CW,0)",4,0.65,1.92029,200,1,"-4:1;-3:10;-2:18;-1:43;0:1;1:55;2:43;3:18;4:7;5:4",-1.795
4543,6,5,41,"Freeze(CCW,0)",4,0.94,1.93814,200,1,"-4:2;-3:8;-2:9;-1:41;1:64;2:37;3:22;4:11;5:5;6:1",-1.645
4543,6,5,42,"Hit(CW,2,TOUCH)",3,0.79,1.95855,200,1,"-4:2;-3:5;-2:18;-1:45;1:56;2:38;3:20;4:10;5:6",-1.305
4543,6,5,43,"Hit(CCW,2,TOUCH)",3,0.895,1.94781,200,1,"-6:1;-3:5;-2:13;-1:45;1:66;2:32;3:18;4:14;5:5;6:1",-1.46
4543,6,5,44,"Hit(CW,2,WEAK)",3,0.995,2.1272,200,1,"-6:1;-5:3;-3:4;-2:10;-1:43;1:66;2:25;3:25;4:13;5:9;7:1",1.1
4543,6,5,45,"Hit(CCW,2,WEAK)",3,1.01,1.97735,200,1,"-5:1;-3:3;-2:13;-1:47;1:58;2:36;3:19;4:15;5:6;6:2",1.35
4543,6,5,46,"Hit(CW,2,MIDDLE)",3,0.86,1.85213,200,1,"-4:1;-3:9;-2:7;-1:40;1:86;2:25;3:15;4:11;5:4;6:2",0.15
4543,6,5,47,"Hit(CCW,2,MIDDLE)",3,0.83,1.81138,200,1,"-3:5;-2:16;-1:43;1:68;2:33;3:22;4:9;5:4",0.285
4543,6,5,48,"Hit(CW,2,STRONG)",3,0.785,1.931,200,1,"-4:2;-3:7;-2:15;-1:39;1:77;2:26;3:18;4:10;5:4;6:2",0.36
4543,6,5,49,"Hit(CCW,2,STRONG)",3,0.995,1.77622,200,1,"-3:1;-2:16;-1:40;1:69;2:42;3:15;4:9;5:8",0.355
4543,6,5,50,"Freeze(CW,2)",4,0.915,1.91775,200,1,"-6:1;-4:1;-3:7;-2:11;-1:38;1:71;2:30;3:24;4:14;5:3",-1.925
4543,6,5,51,"Freeze(CCW,2)",4,0.795,1.64711,200,1,"-5:1;-3:4;-2:10;-1:43;1:79;2:38;3:18;4:6;6:1",-1.985
4543,6,5,52,"PostGuard(CW,1,0)",7,0.8,1.9799,200,1,"-4:2;-3:7;-2:18;-1:43;1:51;2:37;3:28;4:11;5:3",-1.955
4543,6,5,53,"PostGuard(CCW,1,0)",7,0.965,2.02578,200,1,"-4:2;-3:5;-2:20;-1:34;1:59;2:41;3:16;4:14;5:9",-1.715
4543,6,5,54,"PostGuard(CW,1,1)",7,0.665,1.89546,200,1,"-4:1;-3:4;-2:19;-1:52;1:64;2:25;3:19;4:12;5:4",-2
4543,6,5,55,"PostGuard(CCW,1,1)",7,0.635,2.08129,200,1,"-6:1;-5:2;-4:3;-3:4;-2:16;-1:47;0:2;1:64;2:22;3:25;4:8;5:5;6:1",-2
4543,6,5,56,"PostGuard(CW,1,2)",7,0.67,2.0715,200,1,"-4:4;-3:10;-2:21;-1:33;1:66;2:33;3:15;4:13;5:4;6:1",-2
4543,6,5,57,"PostGuard(CCW,1,2)",7,0.26,1.7095,200,1,"-3:9;-2:23;-1:54;1:72;2:25;3:13;4:2;5:2",-2
4543,6,5,58,"PostGuard(CW,3,0)",7,0.48,2.0346,200,1,"-4:4;-3:5;-2:26;-1:50;1:53;2:28;3:21;4:10;5:1;6:2",-2
4543,6,5,59,"PostGuard(CCW,3,0)",7,0.28,2.04978,200,1,"-4:3;-3:12;-2:28;-1:47;1:58;2:26;3:12;4:10;5:3;6:1",-2
4543,6,5,60,"PostGuard(CW,3,1)",7,0.32,2.19034,200,1,"-5:1;-4:5;-3:17;-2:18;-1:47;1:52;2:31;3:13;4:10;5:6",-2
4543,6,5,61,"PostGuard(CCW,3,1)",7,0.49,2.03958,200,1,"-4:5;-3:13;-2:17;-1:39;1:68;2:30;3:14;4:11;5:2;6:1",-2
4543,6,5,62,"PostGuard(CW,3,2)",7,0.55,2.05122,200,1,"-6:1;-5:1;-4:1;-3:11;-2:19;-1:43;1:57;2:36;3:18;4:9;5:4",-2
4543,6,5,63,"PostGuard(CCW,3,2)",7,0.385,1.9511,200,1,"-5:2;-4:6;-3:7;-2:13;-1:49;0:1;1:71;2:30;3:12;4:6;5:2;6:1",-2
4543,6,5,64,"PostGuard(CW,5,0)",7,0.54,1.90484,200,1,"-4:2;-3:4;-2:21;-1:53;1:66;2:24;3:17;4:8;5:4;6:1",-2
4543,6,5,65,"PostGuard(CCW,5,0)",7,0.275,1.98227,200,1,"-4:7;-3:13;-2:13;-1:51;0:1;1:65;2:27;3:17;4:2;5:3;6:1",-2
4543,6,5,66,"PostGuard(CW,5,1)",7,0.6,1.91572,200,1,"-4:6;-3:4;-2:17;-1:43;1:71;2:28;3:22;4:6;5:2;6:1",-2
4543,6,5,67,"PostGuard(CCW,5,1)",7,0.175,1.96071,200,1,"-5:1;-4:5;-3:11;-2:23;-1:49;1:65;2:25;3:13;4:7;6:1",-2
4543,6,5,68,"PostGuard(CW,5,2)",7,0.21,1.87507,200,1,"-6:1;-5:1;-4:2;-3:11;-2:20;-1:53;1:58;2:37;3:13;4:4",-2
4543,6,5,69,"PostGuard(CCW,5,2)",7,0.06,2.14625,200,1,"-7:1;-5:3;-4:4;-3:18;-2:22;-1:41;1:65;2:26;3:12;4:5;5:2;6:1",-2
4543,6,5,70,"Pass",0,0.55,1.82688,200,1,"-4:4;-3:6;-2:16;-1:44;0:1;1:74;2:32;3:11;4:11;5:1",-2
9231,5,14,0,"Draw(CW,TEE)",1,1.26,1.16293,200,1,"-1:32;1:72;2:76;3:20",1.92
9231,5,14,1,"Draw(CCW,TEE)",1,1.705,0.760247,200,1,"1:89;2:88;3:16;4:7",1.605
9231,5,14,2,"Draw(CW,S0)",1,1.625,1.09744,200,1,"-1:19;1:53;2:98;3:25;4:5",2.025
9231,5,14,3,"Draw(CCW,S0)",1,1.67,0.933327,200,1,"-1:10;1:66;2:99;3:20;4:5",1.8
9231,5,14,4,"Draw(CW,S2)",1,1.31,0.473181,200,1,"1:139;2:60;3:1",1
9231,5,14,5,"Draw(CCW,S2)",1,1.295,0.466878,200,1,"1:142;2:57;3:1",1
9231,5,14,6,"Draw(CW,S4)",1,1.405,1.24136,200,1,"-2:3;-1:26;1:62;2:77;3:31;4:1",2.01
9231,5,14,7,"Draw(CCW,S4)",1,1.67,0.843267,200,1,"-1:6;1:76;2:93;3:22;4:3",1.8
9231,5,14,8,"Draw(CW,S6)",1,1.3,0.469042,200,1,"1:141;2:58;3:1",1
9231,5,14,9,"Draw(CCW,S6)",1,1.36,0.510294,200,1,"1:131;2:66;3:3",1
9231,5,14,10,"Draw(CW,L0)",1,0.985,1.44387,200,1,"-4:1;-3:1;-2:5;-1:41;1:76;2:54;3:17;4:5",2.275
9231,5,14,11,"Draw(CCW,L0)",1,1.475,1.07674,200,1,"-1:23;1:57;2:100;3:19;4:1",1.715
9231,5,14,12,"Draw(CW,L1)",1,1.315,0.495757,200,1,"1:140;2:57;3:3",1
9231,5,14,13,"Draw(CCW,L1)",1,1.3,0.469042,200,1,"1:141;2:58;3:1",1
9231,5,14,14,"Draw(CW,L2)",1,1.305,0.471142,200,1,"1:140;2:59;3:1",1
9231,5,14,15,"Draw(CCW,L2)",1,1.305,0.471142,200,1,"1:140;2:59;3:1",1
9231,5,14,16,"Draw(CW,L3)",1,1.3,0.458258,200,1,"1:140;2:60",1
9231,5,14,17,"Draw(CCW,L3)",1,1.355,0.488851,200,1,"1:130;2:69;3:1",1
9231,5,14,18,"Draw(CW,L4)",1,1.29,0.525262,200,1,"1:149;2:44;3:7",1
9231,5,14,19,"Draw(CCW,L4)",1,1.26,0.502394,200,1,"-1:1;1:148;2:48;3:3",1
9231,5,14,20,"Draw(CW,L5)",1,1.325,0.478931,200,1,"1:136;2:63;3:1",1
9231,5,14,21,"Draw(CCW,L5)",1,1.34,0.494368,200,1,"1:134;2:64;3:2",1
9231,5,14,22,"Draw(CW,L6)",1,1.295,0.477467,200,1,"1:143;2:55;3:2",1
9231,5,14,23,"Draw(CCW,L6)",1,1.36,0.5004,200,1,"1:130;2:68;3:2",1
9231,5,14,24,"Draw(CW,L7)",1,1.34,0.494368,200,1,"1:134;2:64;3:2",1
9231,5,14,25,"Draw(CCW,L7)",1,1.29,0.46465,200,1,"1:143;2:56;3:1",1
9231,5,14,26,"PreGuard(CW,G3)",2,1.26,0.449889,200,1,"1:149;2:50;3:1",1
9231,5,14,27,"PreGuard(CCW,G3)",2,1.295,0.477467,200,1,"1:143;2:55;3:2",1
9231,5,14,28,"PreGuard(CW,G4)",2,1.28,0.481248,200,1,"1:147;2:50;3:3",1
9231,5,14,29,"PreGuard(CCW,G4)",2,1.35,0.497494,200,1,"1:132;2:66;3:2",1
9231,5,14,30,"PreGuard(CW,G5)",2,1.335,0.47199,200,1,"1:133;2:67",1
9231,5,14,31,"PreGuard(CCW,G5)",2,1.36,0.48,200,1,"1:128;2:72",1
9231,5,14,32,"Hit(CW,3,TOUCH)",3,1.295,0.456043,200,1,"1:141;2:59",1
9231,5,14,33,"Hit(CCW,3,TOUCH)",3,1.345,0.50594,200,1,"1:134;2:63;3:3",1
9231,5,14,34,"Hit(CW,3,WEAK)",3,1.29,0.629206,200,1,"-3:1;-1:1;1:140;2:52;3:6",1.07
9231,5,14,35,"Hit(CCW,3,WEAK)",3,1.35,0.53619,200,1,"-1:1;1:130;2:66;3:3",1.05
9231,5,14,36,"Hit(CW,3,MIDDLE)",3,1.28,0.448999,200,1,"1:144;2:56",1.005
9231,5,14,37,"Hit(CCW,3,MIDDLE)",3,1.43,1.15547,200,1,"-3:2;-2:5;-1:8;1:92;2:64;3:26;4:3",1.8
9231,5,14,38,"Hit(CW,3,STRONG)",3,1.285,0.473049,200,1,"1:145;2:53;3:2",1
9231,5,14,39,"Hit(CCW,3,STRONG)",3,1.445,1.26767,200,1,"-4:1;-3:3;-2:5;-1:6;1:92;2:56;3:34;4:3",1.745
9231,5,14,40,"Freeze(CW,3)",4,1.33,0.480729,200,1,"1:135;2:64;3:1",1
9231,5,14,41,"Freeze(CCW,3)",4,1.325,0.468375,200,1,"1:135;2:65",1
9231,5,14,42,"Hit(CW,5,TOUCH)",3,1.41,1.19243,200,1,"-2:1;-1:25;1:72;2:73;3:25;4:4",2.22
9231,5,14,43,"Hit(CCW,5,TOUCH)",3,1.535,1.06244,200,1,"-1:19;1:64;2:92;3:22;4:3",1.86
9231,5,14,44,"Hit(CW,5,WEAK)",3,1.095,1.56396,200,1,"-4:3;-3:1;-2:12;-1:25;1:64;2:71;3:19;4:5",2.66
9231,5,14,45,"Hit(CCW,5,WEAK)",3,1.1,1.38924,200,1,"-3:2;-2:6;-1:33;0:1;1:68;2:72;3:13;4:5",2.25
9231,5,14,46,"Hit(CW,5,MIDDLE)",3,0.815,1.49023,200,1,"-3:2;-2:14;-1:41;1:63;2:67;3:11;4:2",1.995
9231,5,14,47,"Hit(CCW,5,MIDDLE)",3,1.13,1.44675,200,1,"-3:2;-2:5;-1:38;1:64;2:57;3:34",2.785
9231,5,14,48,"Hit(CW,5,STRONG)",3,0.82,1.42394,200,1,"-3:3;-2:8;-1:44;1:69;2:66;3:8;4:2",1.965
9231,5,14,49,"Hit(CCW,5,STRONG)",3,1.05,1.46202,200,1,"-3:1;-2:3;-1:48;1:65;2:48;3:34;4:1",2.78
9231,5,14,50,"Freeze(CW,5)",4,1.45,1.2114,200,1,"-2:1;-1:28;1:51;2:94;3:23;4:3",2.02
9231,5,14,51,"Freeze(CCW,5)",4,1.79,0.857846,200,1,"-1:3;1:75;2:86;3:30;4:6",1.83
9231,5,14,52,"Hit(CW,7,TOUCH)",3,0.575,1.27843,200,1,"-2:3;-1:67;1:77;2:48;3:5",0.715
9231,5,14,53,"Hit(CCW,7,TOUCH)",3,1.44,1.0566,200,1,"-2:3;-1:19;1:55;2:111;3:12",2
9231,5,14,54,"Hit(CW,7,WEAK)",3,-0.515,1.56518,200,1,"-5:2;-4:3;-3:4;-2:50;-1:66;1:54;2:20;3:1",0.915
9231,5,14,55,"Hit(CCW,7,WEAK)",3,-0.465,1.77448,200,1,"-4:3;-3:9;-2:53;-1:66;1:39;2:17;3:7;4:6",1.625
9231,5,14,56,"Hit(CW,7,MIDDLE)",3,-0.105,1.81493,200,1,"-4:3;-3:14;-2:27;-1:66;1:43;2:32;3:14;4:1",2.175
9231,5,14,57,"Hit(CCW,7,MIDDLE)",3,-0.005,1.5411,200,1,"-5:2;-4:2;-3:4;-2:30;-1:49;1:88;2:25",1.33
9231,5,14,58,"Hit(CW,7,STRONG)",3,0.34,1.79844,200,1,"-4:2;-3:11;-2:13;-1:63;1:48;2:41;3:20;4:2",2.08
9231,5,14,59,"Hit(CCW,7,STRONG)",3,0.15,1.39194,200,1,"-4:2;-3:5;-2:19;-1:52;0:1;1:99;2:22",1.3
9231,5,14,60,"Freeze(CW,7)",4,0.63,1.32405,200,1,"-2:5;-1:63;1:72;2:53;3:7",0.865
9231,5,14,61,"Freeze(CCW,7)",4,0.995,1.22677,200,1,"-3:2;-2:10;-1:21;1:96;2:63;3:8",1.94
9231,5,14,62,"Hit(CW,11,TOUCH)",3,1.765,0.916392,200,1,"-2:2;-1:6;1:55;2:105;3:30;4:2",1.825
9231,5,14,63,"Hit(CCW,11,TOUCH)",3,1.4,1.08628,200,1,"-2:8;-1:8;1:85;2:79;3:19;4:1",1.63
9231,5,14,64,"Hit(CW,11,WEAK)",3,0.565,1.65402,200,1,"-2:30;-1:45;1:53;2:51;3:21",1.36
9231,5,14,65,"Hit(CCW,11,WEAK)",3,-0.18,1.63634,200,1,"-5:1;-4:4;-3:6;-2:27;-1:71;1:62;2:22;3:6;4:1",1.175
9231,5,14,66,"Hit(CW,11,MIDDLE)",3,0.175,1.44374,200,1,"-3:4;-2:22;-1:61;1:78;2:31;3:4",1.215
9231,5,14,67,"Hit(CCW,11,MIDDLE)",3,0.925,1.63688,200,1,"-4:1;-2:17;-1:42;1:46;2:65;3:27;4:2",1.715
9231,5,14,68,"Hit(CW,11,STRONG)",3,0.11,1.63643,200,1,"-4:4;-3:7;-2:23;-1:54;1:71;2:35;3:6",1.18
9231,5,14,69,"Hit(CCW,11,STRONG)",3,1.05,1.63631,200,1,"-2:17;-1:40;1:40;2:68;3:32;4:3",1.69
9231,5,14,70,"Freeze(CW,11)",4,1.995,0.790554,200,1,"-2:1;-1:2;1:39;2:112;3:44;4:2",1.88
9231,5,14,71,"Freeze(CCW,11)",4,1.625,0.940412,200,1,"-1:9;1:84;2:73;3:32;4:2",1.59
9231,5,14,72,"Hit(CW,13,TOUCH)",3,0.835,1.29529,200,1,"-2:8;-1:44;1:75;2:68;3:4;4:1",1.47
9231,5,14,73,"Hit(CCW,13,TOUCH)",3,0.955,1.37948,200,1,"-3:4;-2:11;-1:26;1:78;2:70;3:11",1.97
9231,5,14,74,"Hit(CW,13,WEAK)",3,-0.605,1.68493,200,1,"-5:1;-4:8;-3:9;-2:51;-1:54;1:58;2:16;3:3",1.005
9231,5,14,75,"Hit(CCW,13,WEAK)",3,-0.485,1.84385,200,1,"-5:1;-4:6;-3:9;-2:50;-1:63;1:35;2:25;3:7;4:4",1.695
9231,5,14,76,"Hit(CW,13,MIDDLE)",3,0.38,1.56704,200,1,"-3:6;-2:11;-1:67;1:68;2:29;3:19",2.435
9231,5,14,77,"Hit(CCW,13,MIDDLE)",3,0.1,1.53623,200,1,"-4:2;-3:11;-2:25;-1:39;1:96;2:27",1.475
9231,5,14,78,"Hit(CW,13,STRONG)",3,0.37,1.72137,200,1,"-4:2;-3:6;-2:15;-1:65;1:53;2:35;3:24",2.51
9231,5,14,79,"Hit(CCW,13,STRONG)",3,-0.29,1.63582,200,1,"-5:1;-4:5;-3:9;-2:37;-1:51;0:1;1:74;2:21;3:1",1.25
9231,5,14,80,"Freeze(CW,13)",4,0.92,1.25841,200,1,"-3:2;-2:11;-1:26;1:87;2:71;3:3",1.6
9231,5,14,81,"Freeze(CCW,13)",4,1.1,1.06771,200,1,"-3:3;-2:7;-1:11;1:104;2:75",1.66
9231,5,14,82,"PostGuard(CW,8,0)",7,1.275,0.882822,200,1,"-2:1;-1:14;1:108;2:69;3:7;4:1",1.235
9231,5,14,83,"PostGuard(CCW,8,0)",7,1.32,0.669029,200,1,"-1:5;1:128;2:61;3:5;4:1",1.135
9231,5,14,84,"PostGuard(CW,8,1)",7,1.17,0.375633,200,1,"1:166;2:34",1
9231,5,14,85,"PostGuard(CCW,8,1)",7,1.29,0.505866,200,1,"1:147;2:48;3:5",1
9231,5,14,86,"PostGuard(CW,8,2)",7,1.26,0.492341,200,1,"-1:1;1:147;2:50;3:2",1
9231,5,14,87,"PostGuard(CCW,8,2)",7,1.285,0.51359,200,1,"1:148;2:48;3:3;4:1",1
9231,5,14,88,"PostGuard(CW,10,0)",7,1.25,0.48734,200,1,"-1:1;1:149;2:48;3:2",1
9231,5,14,89,"PostGuard(CCW,10,0)",7,1.345,0.495959,200,1,"1:133;2:65;3:2",1
9231,5,14,90,"PostGuard(CW,10,1)",7,1.26,0.449889,200,1,"1:149;2:50;3:1",1
9231,5,14,91,"PostGuard(CCW,10,1)",7,1.35,0.517204,200,1,"1:134;2:62;3:4",1
9231,5,14,92,"PostGuard(CW,10,2)",7,1.21,0.431161,200,1,"1:160;2:38;3:2",1
9231,5,14,93,"PostGuard(CCW,10,2)",7,1.2,0.424264,200,1,"1:162;2:36;3:2",1
9231,5,14,94,"PostGuard(CW,12,0)",7,1.365,0.540162,200,1,"1:133;2:61;3:6",1
9231,5,14,95,"PostGuard(CCW,12,0)",7,1.375,0.595294,200,1,"-1:1;1:129;2:65;3:3;4:2",1.01
9231,5,14,96,"PostGuard(CW,12,1)",7,1.225,0.452079,200,1,"1:158;2:39;3:3",1
9231,5,14,97,"PostGuard(CCW,12,1)",7,1.235,0.479349,200,1,"1:158;2:37;3:5",1
9231,5,14,98,"PostGuard(CW,12,2)",7,1.23,0.486929,200,1,"1:160;2:34;3:6",1
9231,5,14,99,"PostGuard(CCW,12,2)",7,1.19,0.440341,200,1,"1:166;2:30;3:4",1
9231,5,14,100,"Pass",0,1.375,0.484123,200,1,"1:125;2:75",1
1825,5,7,0,"Draw(CW,TEE)",1,0.93,2.01869,200,1,"-4:1;-3:5;-2:18;-1:41;1:64;2:28;3:19;4:16;5:7;6:1",0.685
1825,5,7,1,"Draw(CCW,TEE)",1,0.875,2.05654,200,1,"-3:6;-2:15;-1:53;1:54;2:26;3:27;4:10;5:6;6:2;7:1",3.095
1825,5,7,2,"Draw(CW,S0)",1,1.005,2.01618,200,1,"-4:1;-3:5;-2:19;-1:39;1:53;2:32;3:29;4:17;5:5",0.325
1825,5,7,3,"Draw(CCW,S0)",1,0.86,2.09055,200,1,"-5:1;-4:3;-3:4;-2:15;-1:46;1:60;2:29;3:19;4:14;5:8;6:1",2.145
1825,5,7,4,"Draw(CW,S2)",1,0.505,1.97484,200,1,"-4:3;-3:9;-2:23;-1:44;1:56;2:34;3:20;4:9;5:2",3
1825,5,7,5,"Draw(CCW,S2)",1,0.6,2.05913,200,1,"-5:1;-4:4;-3:6;-2:18;-1:46;1:68;2:24;3:14;4:13;5:5;6:1",3
1825,5,7,6,"Draw(CW,S4)",1,0.805,2.18792,200,1,"-5:1;-4:1;-3:8;-2:21;-1:45;1:42;2:42;3:17;4:14;5:6;6:3",0.47
1825,5,7,7,"Draw(CCW,S4)",1,0.96,1.93608,200,1,"-3:4;-2:17;-1:44;1:57;2:35;3:25;4:12;5:4;6:2",2.535
1825,5,7,8,"Draw(CW,S6)",1,0.51,1.92351,200,1,"-5:1;-4:4;-3:2;-2:23;-1:47;1:66;2:30;3:17;4:6;5:3;6:1",3
1825,5,7,9,"Draw(CCW,S6)",1,0.565,1.96106,200,1,"-4:3;-3:3;-2:14;-1:64;1:65;2:18;3:15;4:12;5:5;7:1",3.02
1825,5,7,10,"Draw(CW,L0)",1,0.745,2.09999,200,1,"-5:1;-4:2;-3:8;-2:17;-1:46;1:54;2:30;3:24;4:10;5:8",0.06
1825,5,7,11,"Draw(CCW,L0)",1,0.41,1.98542,200,1,"-4:1;-3:8;-2:27;-1:52;1:57;2:26;3:15;4:8;5:6",0.355
1825,5,7,12,"Draw(CW,L1)",1,0.635,1.98539,200,1,"-4:2;-3:8;-2:18;-1:49;1:55;2:32;3:24;4:10;6:1;7:1",2.995
1825,5,7,13,"Draw(CCW,L1)",1,0.565,1.82915,200,1,"-4:2;-3:7;-2:8;-1:62;0:1;1:65;2:24;3:20;4:8;5:3",3
1825,5,7,14,"Draw(CW,L2)",1,0.435,1.93023,200,1,"-4:3;-3:11;-2:21;-1:43;1:61;2:39;3:14;4:5;5:2;6:1",3
1825,5,7,15,"Draw(CCW,L2)",1,0.49,1.84117,200,1,"-4:3;-3:7;-2:14;-1:55;1:65;2:31;3:16;4:6;5:3",3
1825,5,7,16,"Draw(CW,L3)",1,0.7,1.95704,200,1,"-4:2;-3:3;-2:18;-1:51;0:1;1:70;2:17;3:21;4:9;5:7;6:1",3
1825,5,7,17,"Draw(CCW,L3)",1,0.945,2.03518,200,1,"-4:1;-3:5;-2:18;-1:45;1:48;2:37;3:24;4:16;5:5;6:1",3
1825,5,7,18,"Draw(CW,L4)",1,0.72,2.04734,200,1,"-4:4;-3:9;-2:15;-1:41;1:65;2:30;3:17;4:13;5:6",3
1825,5,7,19,"Draw(CCW,L4)",1,0.805,2.10404,200,1,"-5:1;-3:7;-2:18;-1:48;1:53;2:35;3:16;4:14;5:5;6:2;7:1",3
1825,5,7,20,"Draw(CW,L5)",1,0.645,2.17692,200,1,"-4:2;-3:8;-2:22;-1:51;1:53;2:25;3:17;4:10;5:10;6:2",3
1825,5,7,21,"Draw(CCW,L5)",1,0.63,2.08641,200,1,"-5:1;-4:1;-3:5;-2:20;-1:56;1:51;2:35;3:11;4:12;5:5;6:2;7:1",3
1825,5,7,22,"Draw(CW,L6)",1,0.585,1.93721,200,1,"-6:1;-4:3;-3:4;-2:17;-1:52;1:58;2:34;3:20;4:9;5:1;6:1",3
1825,5,7,23,"Draw(CCW,L6)",1,0.73,1.95885,200,1,"-6:1;-3:3;-2:23;-1:46;1:58;2:31;3:24;4:11;5:2;7:1",3
1825,5,7,24,"Draw(CW,L7)",1,0.735,2.01861,200,1,"-3:7;-2:16;-1:54;1:63;2:20;3:19;4:12;5:8;6:1",3
1825,5,7,25,"Draw(CCW,L7)",1,0.8,2.00749,200,1,"-4:1;-3:10;-2:14;-1:43;1:60;2:38;3:16;4:11;5:5;6:2",2.895
1825,5,7,26,"PreGuard(CW,G3)",2,0.57,1.97613,200,1,"-5:1;-4:2;-3:6;-2:22;-1:47;0:1;1:51;2:42;3:16;4:7;5:5",3
1825,5,7,27,"PreGuard(CCW,G3)",2,0.615,1.88594,200,1,"-5:1;-4:1;-3:4;-2:21;-1:49;1:60;2:29;3:24;4:10;5:1",3
1825,5,7,28,"PreGuard(CW,G4)",2,0.345,2.01643,200,1,"-4:3;-3:13;-2:23;-1:48;1:51;2:35;3:20;4:4;5:1;6:2",3
1825,5,7,29,"PreGuard(CCW,G4)",2,0.4,2.0199,200,1,"-5:1;-4:1;-3:10;-2:22;-1:55;1:53;2:25;3:22;4:7;5:3;6:1",3
1825,5,7,30,"PreGuard(CW,G5)",2,0.59,1.98038,200,1,"-6:1;-4:1;-3:5;-2:20;-1:52;1:59;2:32;3:12;4:16;5:1;7:1",3
1825,5,7,31,"PreGuard(CCW,G5)",2,0.45,1.89671,200,1,"-4:1;-3:7;-2:17;-1:64;1:52;2:34;3:12;4:8;5:5",3
1825,5,7,32,"Hit(CW,2,TOUCH)",3,0.7,2.1166,200,1,"-4:3;-3:4;-2:21;-1:54;1:45;2:33;3:23;4:9;5:4;6:4",1.535
1825,5,7,33,"Hit(CCW,2,TOUCH)",3,0.85,1.94358,200,1,"-3:6;-2:13;-1:51;1:62;2:31;3:14;4:16;5:7",2.235
1825,5,7,34,"Hit(CW,2,WEAK)",3,0.73,2.03153,200,1,"-4:3;-3:5;-2:21;-1:45;1:53;2:35;3:21;4:12;5:4;6:1",0.86
1825,5,7,35,"Hit(CCW,2,WEAK)",3,0.995,2.14126,200,1,"-4:2;-3:7;-2:18;-1:37;1:56;2:34;3:20;4:16;5:7;6:3",0.925
1825,5,7,36,"Hit(CW,2,MIDDLE)",3,0.815,1.85493,200,1,"-5:1;-3:4;-2:20;-1:39;1:66;2:32;3:23;4:15",1.06
1825,5,7,37,"Hit(CCW,2,MIDDLE)",3,0.755,1.8934,200,1,"-5:1;-4:1;-3:4;-2:20;-1:39;1:67;2:40;3:15;4:7;5:5;6:1",0.25
1825,5,7,38,"Hit(CW,2,STRONG)",3,0.82,1.75146,200,1,"-4:1;-3:3;-2:13;-1:43;1:83;2:27;3:16;4:11;5:2;7:1",0.87
1825,5,7,39,"Hit(CCW,2,STRONG)",3,0.895,1.76465,200,1,"-4:1;-3:5;-2:13;-1:35;1:83;2:32;3:17;4:10;5:3;6:1",0.265
1825,5,7,40,"Freeze(CW,2)",4,0.44,1.92,200,1,"-4:1;-3:6;-2:28;-1:49;1:61;2:27;3:18;4:4;5:6",2.965
1825,5,7,41,"Freeze(CCW,2)",4,0.835,1.84602,200,1,"-3:3;-2:14;-1:54;1:58;2:33;3:24;4:8;5:6",2.98
1825,5,7,42,"Hit(CW,4,TOUCH)",3,0.575,1.9064,200,1,"-5:1;-4:1;-3:5;-2:22;-1:47;1:62;2:35;3:14;4:9;5:4",1.725
1825,5,7,43,"Hit(CCW,4,TOUCH)",3,0.175,1.84509,200,1,"-5:1;-4:1;-3:9;-2:29;-1:51;0:1;1:64;2:23;3:16;4:3;5:2",0.285
1825,5,7,44,"Hit(CW,4,WEAK)",3,0.41,2.01293,200,1,"-5:1;-4:3;-3:11;-2:23;-1:41;1:65;2:29;3:16;4:8;5:2;6:1",0.27
1825,5,7,45,"Hit(CCW,4,WEAK)",3,0.335,2.05494,200,1,"-6:1;-5:1;-4:5;-3:9;-2:16;-1:54;1:59;2:29;3:13;4:10;5:3",0.01
1825,5,7,46,"Hit(CW,4,MIDDLE)",3,0.415,1.80908,200,1,"-5:1;-4:4;-3:10;-2:14;-1:42;1:77;2:35;3:11;4:6",-0.155
1825,5,7,47,"Hit(CCW,4,MIDDLE)",3,0.675,1.86799,200,1,"-4:4;-3:4;-2:13;-1:49;1:68;2:32;3:18;4:9;5:2;6:1",1.36
1825,5,7,48,"Hit(CW,4,STRONG)",3,0.655,1.91467,200,1,"-4:2;-3:10;-2:16;-1:40;1:69;2:34;3:16;4:9;5:4",-0.14
1825,5,7,49,"Hit(CCW,4,STRONG)",3,0.57,1.80419,200,1,"-3:7;-2:19;-1:48;1:70;2:31;3:16;4:5;5:3;6:1",1.465
1825,5,7,50,"Freeze(CW,4)",4,0.25,1.85405,200,1,"-4:1;-3:8;-2:27;-1:58;1:56;2:25;3:17;4:7;5:1",2.755
1825,5,7,51,"Freeze(CCW,4)",4,0.325,2.02469,200,1,"-4:3;-3:10;-2:25;-1:54;1:50;2:28;3:20;4:6;5:3;6:1",2.525
1825,5,7,52,"PostGuard(CW,1,0)",7,0.93,1.87752,200,1,"-4:1;-3:6;-2:11;-1:44;1:61;2:40;3:21;4:10;5:6",2.535
1825,5,7,53,"PostGuard(CCW,1,0)",7,0.99,1.97228,200,1,"-5:1;-4:2;-3:4;-2:14;-1:38;1:62;2:35;3:25;4:14;5:4;6:1",3.215
1825,5,7,54,"PostGuard(CW,1,1)",7,0.635,2.05713,200,1,"-5:1;-4:3;-3:6;-2:15;-1:55;1:52;2:33;3:18;4:12;5:3;6:2",3
1825,5,7,55,"PostGuard(CCW,1,1)",7,0.65,2.06821,200,1,"-5:1;-4:2;-3:4;-2:22;-1:51;1:53;2:30;3:19;4:12;5:4;6:2",3
1825,5,7,56,"PostGuard(CW,1,2)",7,0.445,1.88599,200,1,"-5:1;-4:2;-3:10;-2:19;-1:43;1:74;2:24;3:18;4:8;5:1",3
1825,5,7,57,"PostGuard(CCW,1,2)",7,0.465,2.04176,200,1,"-4:3;-3:9;-2:23;-1:52;1:48;2:29;3:22;4:12;5:2",3
1825,5,7,58,"PostGuard(CW,3,0)",7,0.875,2.02222,200,1,"-6:1;-5:1;-4:2;-3:5;-2:11;-1:44;1:60;2:38;3:21;4:9;5:8",2.86
1825,5,7,59,"PostGuard(CCW,3,0)",7,0.675,2.00234,200,1,"-5:1;-4:2;-3:6;-2:16;-1:48;1:65;2:30;3:14;4:14;5:2;6:1;7:1",2.86
1825,5,7,60,"PostGuard(CW,3,1)",7,0.67,2.23855,200,1,"-4:3;-3:12;-2:17;-1:47;1:53;2:33;3:12;4:12;5:8;6:2;8:1",3
1825,5,7,61,"PostGuard(CCW,3,1)",7,0.345,2.08949,200,1,"-4:5;-3:11;-2:20;-1:55;1:50;2:28;3:19;4:8;5:2;6:2",3
1825,5,7,62,"PostGuard(CW,3,2)",7,0.4,2.1,200,1,"-4:5;-3:12;-2:17;-1:53;1:52;2:32;3:17;4:7;5:3;6:1;7:1",3
1825,5,7,63,"PostGuard(CCW,3,2)",7,0.44,1.81284,200,1,"-4:1;-3:4;-2:25;-1:54;1:60;2:31;3:16;4:7;5:2",3
1825,5,7,64,"PostGuard(CW,5,0)",7,0.59,2.00047,200,1,"-4:2;-3:8;-2:15;-1:54;1:62;2:31;3:14;4:6;5:4;6:4",3.055
1825,5,7,65,"PostGuard(CCW,5,0)",7,0.455,2.05377,200,1,"-5:1;-4:1;-3:9;-2:22;-1:55;1:49;2:34;3:14;4:10;5:4;7:1",2.995
1825,5,7,66,"PostGuard(CW,5,1)",7,0.605,2.00723,200,1,"-4:2;-3:5;-2:26;-1:45;1:59;2:28;3:23;4:4;5:7;6:1",3
1825,5,7,67,"PostGuard(CCW,5,1)",7,0.56,2.20145,200,1,"-5:1;-4:4;-3:10;-2:23;-1:42;1:52;2:31;3:21;4:9;5:5;6:1;7:1",3
1825,5,7,68,"PostGuard(CW,5,2)",7,0.6,1.98997,200,1,"-4:2;-3:7;-2:19;-1:53;0:1;1:51;2:32;3:18;4:14;5:3",3
1825,5,7,69,"PostGuard(CCW,5,2)",7,0.45,2.16275,200,1,"-4:5;-3:5;-2:26;-1:56;0:1;1:46;2:23;3:20;4:11;5:5;6:2",3
1825,5,7,70,"PostGuard(CW,7,0)",7,0.55,2.03408,200,1,"-4:1;-3:7;-2:29;-1:45;1:55;2:27;3:20;4:13;5:1;6:2",3
1825,5,7,71,"PostGuard(CCW,7,0)",7,0.68,2.10419,200,1,"-4:3;-3:9;-2:22;-1:40;1:57;2:32;3:17;4:13;5:7",3
1825,5,7,72,"PostGuard(CW,7,1)",7,0.3,2.03961,200,1,"-6:1;-4:3;-3:11;-2:23;-1:52;1:51;2:32;3:18;4:6;5:2;6:1",3
1825,5,7,73,"PostGuard(CCW,7,1)",7,0.15,1.99937,200,1,"-5:2;-4:1;-3:11;-2:25;-1:62;1:45;2:32;3:12;4:6;5:4",3
1825,5,7,74,"PostGuard(CW,7,2)",7,0.35,2.14418,200,1,"-5:1;-4:6;-3:7;-2:23;-1:55;1:48;2:28;3:19;4:6;5:6;6:1",3
1825,5,7,75,"PostGuard(CCW,7,2)",7,0.225,1.89852,200,1,"-4:2;-3:7;-2:29;-1:55;1:64;2:22;3:10;4:7;5:3;6:1",3
1825,5,7,76,"Pass",0,0.66,2.0036,200,1,"-5:1;-4:3;-3:6;-2:16;-1:49;1:57;2:33;3:18;4:14;5:3",3
4062,4,15,0,"Draw(CW,TEE)",1,-2,0.1,200,1,"-3:1;-2:198;-1:1",-2
4062,4,15,1,"Draw(CCW,TEE)",1,-2.135,0.65328,200,1,"-3:58;-2:111;-1:31",-2.135
4062,4,15,2,"Draw(CW,S0)",1,-1.985,0.380493,200,1,"-3:13;-2:171;-1:16",-1.985
4062,4,15,3,"Draw(CCW,S0)",1,-2.435,0.660133,200,1,"-4:6;-3:88;-2:93;-1:13",-2.435
4062,4,15,4,"Draw(CW,S2)",1,-2,0,200,1,"-2:200",-2
4062,4,15,5,"Draw(CCW,S2)",1,-2,0,200,1,"-2:200",-2
4062,4,15,6,"Draw(CW,S4)",1,-1.965,0.271616,200,1,"-3:4;-2:185;-1:11",-1.965
4062,4,15,7,"Draw(CCW,S4)",1,-2.26,0.642184,200,1,"-3:74;-2:104;-1:22",-2.26
4062,4,15,8,"Draw(CW,S6)",1,-1.705,0.456043,200,1,"-2:141;-1:59",-1.705
4062,4,15,9,"Draw(CCW,S6)",1,-2,0,200,1,"-2:200",-2
4062,4,15,10,"Draw(CW,L0)",1,-2.185,0.600645,200,1,"-3:58;-2:121;-1:21",-2.185
4062,4,15,11,"Draw(CCW,L0)",1,-2.63,0.594222,200,1,"-4:11;-3:105;-2:83;-1:1",-2.63
4062,4,15,12,"Draw(CW,L1)",1,-2.02,0.14,200,1,"-3:4;-2:196",-2.02
4062,4,15,13,"Draw(CCW,L1)",1,-2,0,200,1,"-2:200",-2
4062,4,15,14,"Draw(CW,L2)",1,-2,0,200,1,"-2:200",-2
4062,4,15,15,"Draw(CCW,L2)",1,-2,0,200,1,"-2:200",-2
4062,4,15,16,"Draw(CW,L3)",1,-2,0,200,1,"-2:200",-2
4062,4,15,17,"Draw(CCW,L3)",1,-2,0,200,1,"-2:200",-2
4062,4,15,18,"Draw(CW,L4)",1,-2,0,200,1,"-2:200",-2
4062,4,15,19,"Draw(CCW,L4)",1,-2,0,200,1,"-2:200",-2
4062,4,15,20,"Draw(CW,L5)",1,-2,0,200,1,"-2:200",-2
4062,4,15,21,"Draw(CCW,L5)",1,-2,0,200,1,"-2:200",-2
4062,4,15,22,"Draw(CW,L6)",1,-2,0,200,1,"-2:200",-2
4062,4,15,23,"Draw(CCW,L6)",1,-2,0,200,1,"-2:200",-2
4062,4,15,24,"Draw(CW,L7)",1,-1.905,0.293215,200,1,"-2:181;-1:19",-1.905
4062,4,15,25,"Draw(CCW,L7)",1,-2,0,200,1,"-2:200",-2
4062,4,15,26,"PreGuard(CW,G3)",2,-2,0,200,1,"-2:200",-2
4062,4,15,27,"PreGuard(CCW,G3)",2,-2,0,200,1,"-2:200",-2
4062,4,15,28,"PreGuard(CW,G4)",2,-2,0,200,1,"-2:200",-2
4062,4,15,29,"PreGuard(CCW,G4)",2,-2,0,200,1,"-2:200",-2
4062,4,15,30,"PreGuard(CW,G5)",2,-2,0,200,1,"-2:200",-2
4062,4,15,31,"PreGuard(CCW,G5)",2,-2,0,200,1,"-2:200",-2
4062,4,15,32,"Hit(CW,2,TOUCH)",3,-2.25,0.746659,200,1,"-3:81;-2:92;-1:25;1:2",-2.25
4062,4,15,33,"Hit(CCW,2,TOUCH)",3,-1.64,0.510294,200,1,"-3:3;-2:122;-1:75",-1.64
4062,4,15,34,"Hit(CW,2,WEAK)",3,-2.035,0.627515,200,1,"-4:3;-3:28;-2:146;-1:21;1:2",-2.035
4062,4,15,35,"Hit(CCW,2,WEAK)",3,-1.38,0.689638,200,1,"-3:6;-2:76;-1:112;1:6",-1.38
4062,4,15,36,"Hit(CW,2,MIDDLE)",3,-1.495,0.866011,200,1,"-3:17;-2:87;-1:85;1:11",-1.495
4062,4,15,37,"Hit(CCW,2,MIDDLE)",3,-2.105,0.681157,200,1,"-4:5;-3:40;-2:128;-1:26;1:1",-2.105
4062,4,15,38,"Hit(CW,2,STRONG)",3,-1.48,0.836421,200,1,"-3:12;-2:94;-1:83;1:11",-1.48
4062,4,15,39,"Hit(CCW,2,STRONG)",3,-2.045,0.626877,200,1,"-4:1;-3:41;-2:124;-1:34",-2.045
4062,4,15,40,"Freeze(CW,2)",4,-2.175,0.523808,200,1,"-3:48;-2:139;-1:13",-2.175
4062,4,15,41,"Freeze(CCW,2)",4,-1.82,0.384187,200,1,"-2:164;-1:36",-1.82
4062,4,15,42,"Hit(CW,4,TOUCH)",3,-1.935,0.246526,200,1,"-2:187;-1:13",-1.935
4062,4,15,43,"Hit(CCW,4,TOUCH)",3,-2,0,200,1,"-2:200",-2
4062,4,15,44,"Hit(CW,4,WEAK)",3,-1.64,0.927577,200,1,"-2:170;-1:9;1:21",-1.64
4062,4,15,45,"Hit(CCW,4,WEAK)",3,-1.895,0.523426,200,1,"-2:191;-1:3;1:6",-1.895
4062,4,15,46,"Hit(CW,4,MIDDLE)",3,-2,0,200,1,"-2:200",-2
4062,4,15,47,"Hit(CCW,4,MIDDLE)",3,-0.355,1.87856,200,1,"-5:2;-4:1;-3:3;-2:88;-1:19;1:27;2:60",-0.355
4062,4,15,48,"Hit(CW,4,STRONG)",3,-1.98,0.222711,200,1,"-2:198;-1:1;1:1",-1.98
4062,4,15,49,"Hit(CCW,4,STRONG)",3,-0.755,1.76209,200,1,"-5:1;-4:3;-3:2;-2:107;-1:22;1:22;2:43",-0.755
4062,4,15,50,"Freeze(CW,4)",4,-2,0,200,1,"-2:200",-2
4062,4,15,51,"Freeze(CCW,4)",4,-2,0,200,1,"-2:200",-2
4062,4,15,52,"Hit(CW,6,TOUCH)",3,-1.99,0.0994987,200,1,"-2:198;-1:2",-1.99
4062,4,15,53,"Hit(CCW,6,TOUCH)",3,-2.57,0.612454,200,1,"-4:11;-3:94;-2:93;-1:2",-2.57
4062,4,15,54,"Hit(CW,6,WEAK)",3,-1.805,0.645736,200,1,"-3:26;-2:109;-1:65",-1.805
4062,4,15,55,"Hit(CCW,6,WEAK)",3,-1.98,1.29985,200,1,"-4:20;-3:50;-2:74;-1:37;1:19",-1.98
4062,4,15,56,"Hit(CW,6,MIDDLE)",3,-1.505,1.17472,200,1,"-4:5;-3:29;-2:74;-1:69;1:23",-1.505
4062,4,15,57,"Hit(CCW,6,MIDDLE)",3,-1.755,0.90276,200,1,"-4:5;-3:24;-2:102;-1:63;1:4;2:2",-1.755
4062,4,15,58,"Hit(CW,6,STRONG)",3,-1.53,1.15287,200,1,"-4:2;-3:33;-2:80;-1:62;1:23",-1.53
4062,4,15,59,"Hit(CCW,6,STRONG)",3,-1.765,0.888693,200,1,"-4:4;-3:28;-2:96;-1:68;1:1;2:3",-1.765
4062,4,15,60,"Freeze(CW,6)",4,-2.005,0.0705337,200,1,"-3:1;-2:199",-2.005
4062,4,15,61,"Freeze(CCW,6)",4,-2.445,0.589046,200,1,"-4:9;-3:72;-2:118;-1:1",-2.445
4062,4,15,62,"Hit(CW,10,TOUCH)",3,-2.06,0.431741,200,1,"-3:25;-2:162;-1:13",-2.06
4062,4,15,63,"Hit(CCW,10,TOUCH)",3,-1.785,0.410822,200,1,"-2:157;-1:43",-1.785
4062,4,15,64,"Hit(CW,10,WEAK)",3,-2.155,0.583931,200,1,"-4:14;-3:10;-2:169;-1:7",-2.155
4062,4,15,65,"Hit(CCW,10,WEAK)",3,-2.005,0.50495,200,1,"-4:3;-3:11;-2:174;-1:10;1:2",-2.005
4062,4,15,66,"Hit(CW,10,MIDDLE)",3,-1.83,0.788099,200,1,"-4:3;-3:21;-2:127;-1:43;1:6",-1.83
4062,4,15,67,"Hit(CCW,10,MIDDLE)",3,-2.015,0.839509,200,1,"-5:1;-4:11;-3:30;-2:108;-1:49;1:1",-2.015
4062,4,15,68,"Hit(CW,10,STRONG)",3,-1.735,1.00736,200,1,"-4:2;-3:22;-2:126;-1:39;1:4;2:7",-1.735
4062,4,15,69,"Hit(CCW,10,STRONG)",3,-2.11,0.993932,200,1,"-5:1;-4:20;-3:29;-2:107;-1:41;2:1;3:1",-2.11
4062,4,15,70,"Freeze(CW,10)",4,-2.005,0.158035,200,1,"-3:3;-2:195;-1:2",-2.005
4062,4,15,71,"Freeze(CCW,10)",4,-1.94,0.237487,200,1,"-2:188;-1:12",-1.94
4062,4,15,72,"Hit(CW,12,TOUCH)",3,-2.005,0.122372,200,1,"-3:2;-2:197;-1:1",-2.005
4062,4,15,73,"Hit(CCW,12,TOUCH)",3,-1.835,0.622716,200,1,"-3:25;-2:117;-1:58",-1.835
4062,4,15,74,"Hit(CW,12,WEAK)",3,-1.925,0.537936,200,1,"-3:22;-2:141;-1:37",-1.925
4062,4,15,75,"Hit(CCW,12,WEAK)",3,-1.3,1,200,1,"-4:1;-3:16;-2:65;-1:98;1:20",-1.3
4062,4,15,76,"Hit(CW,12,MIDDLE)",3,-1.32,1.00379,200,1,"-3:19;-2:66;-1:95;1:20",-1.32
4062,4,15,77,"Hit(CCW,12,MIDDLE)",3,-1.895,0.934866,200,1,"-5:1;-4:7;-3:11;-2:153;-1:20;1:4;2:3;3:1",-1.895
4062,4,15,78,"Hit(CW,12,STRONG)",3,-1.17,0.980357,200,1,"-3:13;-2:54;-1:110;1:23",-1.17
4062,4,15,79,"Hit(CCW,12,STRONG)",3,-1.93,0.821645,200,1,"-5:1;-4:7;-3:10;-2:155;-1:21;1:4;2:2",-1.93
4062,4,15,80,"Freeze(CW,12)",4,-2,0,200,1,"-2:200",-2
4062,4,15,81,"Freeze(CCW,12)",4,-2.02,0.263818,200,1,"-3:9;-2:186;-1:5",-2.02
4062,4,15,82,"Hit(CW,14,TOUCH)",3,-1.915,0.278882,200,1,"-2:183;-1:17",-1.915
4062,4,15,83,"Hit(CCW,14,TOUCH)",3,-2,0,200,1,"-2:200",-2
4062,4,15,84,"Hit(CW,14,WEAK)",3,-1.625,1.30934,200,1,"-4:9;-3:43;-2:64;-1:58;1:26",-1.625
4062,4,15,85,"Hit(CCW,14,WEAK)",3,-2.23,1.13009,200,1,"-4:22;-3:57;-2:88;-1:22;1:11",-2.23
4062,4,15,86,"Hit(CW,14,MIDDLE)",3,-2.035,0.879645,200,1,"-5:1;-4:3;-3:51;-2:102;-1:38;1:5",-2.035
4062,4,15,87,"Hit(CCW,14,MIDDLE)",3,-1.33,1.04456,200,1,"-3:24;-2:60;-1:95;1:21",-1.33
4062,4,15,88,"Hit(CW,14,STRONG)",3,-1.94,0.772269,200,1,"-4:1;-3:42;-2:107;-1:47;1:3",-1.94
4062,4,15,89,"Hit(CCW,14,STRONG)",3,-1.35,1.01366,200,1,"-3:23;-2:62;-1:96;1:19",-1.35
4062,4,15,90,"Freeze(CW,14)",4,-2,0,200,1,"-2:200",-2
4062,4,15,91,"Freeze(CCW,14)",4,-2,0,200,1,"-2:200",-2
4062,4,15,92,"PostGuard(CW,5,0)",7,-2.035,0.18378,200,1,"-3:7;-2:193",-2.035
4062,4,15,93,"PostGuard(CCW,5,0)",7,-1.995,0.0705337,200,1,"-2:199;-1:1",-1.995
4062,4,15,94,"PostGuard(CW,5,1)",7,-2,0,200,1,"-2:200",-2
4062,4,15,95,"PostGuard(CCW,5,1)",7,-2,0,200,1,"-2:200",-2
4062,4,15,96,"PostGuard(CW,5,2)",7,-2,0,200,1,"-2:200",-2
4062,4,15,97,"PostGuard(CCW,5,2)",7,-2,0,200,1,"-2:200",-2
4062,4,15,98,"PostGuard(CW,7,0)",7,-2,0,200,1,"-2:200",-2
4062,4,15,99,"PostGuard(CCW,7,0)",7,-2,0,200,1,"-2:200",-2
4062,4,15,100,"PostGuard(CW,7,1)",7,-2,0,200,1,"-2:200",-2
4062,4,15,101,"PostGuard(CCW,7,1)",7,-2,0,200,1,"-2:200",-2
4062,4,15,102,"PostGuard(CW,7,2)",7,-2,0,200,1,"-2:200",-2
4062,4,15,103,"PostGuard(CCW,7,2)",7,-2,0,200,1,"-2:200",-2
4062,4,15,104,"PostGuard(CW,11,0)",7,-2,0,200,1,"-2:200",-2
4062,4,15,105,"PostGuard(CCW,11,0)",7,-2,0,200,1,"-2:200",-2
4062,4,15,106,"PostGuard(CW,11,1)",7,-2,0,200,1,"-2:200",-2
4062,4,15,107,"PostGuard(CCW,11,1)",7,-2,0,200,1,"-2:200",-2
4062,4,15,108,"PostGuard(CW,11,2)",7,-2,0,200,1,"-2:200",-2
4062,4,15,109,"PostGuard(CCW,11,2)",7,-2,0,200,1,"-2:200",-2
4062,4,15,110,"PostGuard(CW,13,0)",7,-2,0,200,1,"-2:200",-2
4062,4,15,111,"PostGuard(CCW,13,0)",7,-2,0,200,1,"-2:200",-2
4062,4,15,112,"PostGuard(CW,13,1)",7,-2,0,200,1,"-2:200",-2
4062,4,15,113,"PostGuard(CCW,13,1)",7,-2,0,200,1,"-2:200",-2
4062,4,15,114,"PostGuard(CW,13,2)",7,-2,0,200,1,"-2:200",-2
4062,4,15,115,"PostGuard(CCW,13,2)",7,-2,0,200,1,"-2:200",-2
4062,4,15,116,"Pass",0,-2,0,200,1,"-2:200",-2
9882,2,11,0,"Draw(CW,TEE)",1,0.495,1.82208,200,1,"-4:2;-3:1;-2:8;-1:83;1:47;2:34;3:12;4:9;5:2;6:2",1
9882,2,11,1,"Draw(CCW,TEE)",1,0.32,1.52565,200,1,"-5:1;-3:9;-2:14;-1:47;1:95;2:28;3:5;5:1",1
9882,2,11,2,"Draw(CW,S0)",1,0.515,1.67026,200,1,"-4:2;-3:3;-2:8;-1:69;1:60;2:36;3:15;4:7",1.025
9882,2,11,3,"Draw(CCW,S0)",1,0.405,1.51029,200,1,"-4:1;-3:4;-2:10;-1:59;1:97;2:16;3:7;4:4;5:2",1
9882,2,11,4,"Draw(CW,S2)",1,-0.315,1.43728,200,1,"-5:1;-4:5;-3:3;-2:18;-1:91;1:70;2:8;3:4",1
9882,2,11,5,"Draw(CCW,S2)",1,-0.185,1.58454,200,1,"-4:4;-3:10;-2:19;-1:72;1:83;2:6;3:2;4:2;5:2",1
9882,2,11,6,"Draw(CW,S4)",1,0.665,1.85277,200,1,"-3:2;-2:11;-1:72;1:53;2:29;3:17;4:9;5:7",1
9882,2,11,7,"Draw(CCW,S4)",1,0.455,1.5582,200,1,"-4:1;-3:5;-2:14;-1:50;1:92;2:24;3:10;4:2;5:2",1
9882,2,11,8,"Draw(CW,S6)",1,-0.32,1.46547,200,1,"-5:1;-4:3;-3:11;-2:19;-1:77;1:77;2:12",1
9882,2,11,9,"Draw(CCW,S6)",1,-0.15,1.47564,200,1,"-4:2;-3:6;-2:20;-1:82;1:71;2:10;3:9",1
9882,2,11,10,"Draw(CW,L0)",1,0.765,1.84113,200,1,"-5:1;-4:1;-3:3;-2:8;-1:57;1:62;2:40;3:20;4:3;5:3;7:1;8:1",1.25
9882,2,11,11,"Draw(CCW,L0)",1,0.15,1.4824,200,1,"-4:3;-3:6;-2:15;-1:59;1:90;2:22;3:5",1.045
9882,2,11,12,"Draw(CW,L1)",1,-0.29,1.42685,200,1,"-5:1;-4:2;-3:5;-2:21;-1:90;1:62;2:17;3:2",1
9882,2,11,13,"Draw(CCW,L1)",1,-0.335,1.47403,200,1,"-3:15;-2:19;-1:85;1:67;2:11;3:1;4:1;5:1",1
9882,2,11,14,"Draw(CW,L2)",1,-0.14,1.42492,200,1,"-4:4;-3:1;-2:18;-1:86;1:76;2:11;3:2;4:1;5:1",1
9882,2,11,15,"Draw(CCW,L2)",1,-0.195,1.41668,200,1,"-5:2;-4:2;-3:5;-2:16;-1:81;1:83;2:9;3:2",1
9882,2,11,16,"Draw(CW,L3)",1,-0.255,1.47308,200,1,"-5:1;-4:2;-3:7;-2:22;-1:81;1:70;2:13;3:4",1
9882,2,11,17,"Draw(CCW,L3)",1,-0.04,1.42422,200,1,"-5:2;-4:1;-3:5;-2:14;-1:74;1:87;2:15;3:2",1
9882,2,11,18,"Draw(CW,L4)",1,0.485,1.22873,200,1,"-3:2;-2:4;-1:58;1:111;2:20;3:2;4:3",1
9882,2,11,19,"Draw(CCW,L4)",1,0.54,1.22817,200,1,"-4:1;-2:4;-1:55;1:115;2:18;3:5;4:1;5:1",1
9882,2,11,20,"Draw(CW,L5)",1,-0.19,1.48792,200,1,"-4:4;-3:9;-2:18;-1:74;1:77;2:16;3:2",1
9882,2,11,21,"Draw(CCW,L5)",1,-0.18,1.56448,200,1,"-5:1;-4:4;-3:9;-2:16;-1:76;1:74;2:15;3:4;4:1",1
9882,2,11,22,"Draw(CW,L6)",1,-0.19,1.42264,200,1,"-4:2;-3:5;-2:19;-1:87;1:71;2:10;3:5;4:1",1
9882,2,11,23,"Draw(CCW,L6)",1,-0.335,1.61331,200,1,"-6:1;-5:1;-4:3;-3:9;-2:25;-1:76;1:69;2:10;3:4;4:2",1
9882,2,11,24,"Draw(CW,L7)",1,-0.315,1.43031,200,1,"-3:12;-2:21;-1:86;1:66;2:10;3:5",1
9882,2,11,25,"Draw(CCW,L7)",1,0,1.58114,200,1,"-4:3;-3:9;-2:13;-1:72;1:83;2:12;3:3;4:4;5:1",1
9882,2,11,26,"PreGuard(CW,G3)",2,-0.11,1.44496,200,1,"-5:1;-4:4;-3:6;-2:13;-1:74;1:89;2:11;3:2",1
9882,2,11,27,"PreGuard(CCW,G3)",2,-0.035,1.41201,200,1,"-4:1;-3:8;-2:16;-1:71;1:89;2:11;3:3;4:1",1
9882,2,11,28,"PreGuard(CW,G4)",2,-0.005,1.42302,200,1,"-4:1;-3:6;-2:14;-1:79;1:78;2:18;3:2;4:2",1
9882,2,11,29,"PreGuard(CCW,G4)",2,-0.02,1.40698,200,1,"-5:1;-3:5;-2:16;-1:77;1:82;2:15;3:3;4:1",1
9882,2,11,30,"PreGuard(CW,G5)",2,0.105,1.41208,200,1,"-4:2;-3:8;-2:9;-1:67;1:94;2:16;3:4",1
9882,2,11,31,"PreGuard(CCW,G5)",2,0.145,1.39067,200,1,"-4:2;-3:2;-2:14;-1:69;1:95;2:11;3:5;4:2",1
9882,2,11,32,"Hit(CW,2,TOUCH)",3,0.22,1.57213,200,1,"-4:2;-3:4;-2:14;-1:68;1:82;2:19;3:6;4:4;6:1",1
9882,2,11,33,"Hit(CCW,2,TOUCH)",3,0.095,1.44775,200,1,"-3:6;-2:20;-1:63;1:91;2:14;3:4;4:1;5:1",1
9882,2,11,34,"Hit(CW,2,WEAK)",3,0.47,1.66406,200,1,"-5:1;-4:1;-3:1;-2:21;-1:51;1:75;2:34;3:9;4:6;5:1",1.025
9882,2,11,35,"Hit(CCW,2,WEAK)",3,0.3,1.64012,200,1,"-5:2;-4:4;-3:3;-2:15;-1:49;1:92;2:27;3:6;4:1;6:1",1.145
9882,2,11,36,"Hit(CW,2,MIDDLE)",3,0.11,1.55496,200,1,"-5:1;-4:1;-3:8;-2:21;-1:54;1:84;2:27;3:3;4:1",1.13
9882,2,11,37,"Hit(CCW,2,MIDDLE)",3,0.245,1.73925,200,1,"-5:2;-4:4;-3:8;-2:16;-1:48;1:78;2:31;3:13",0.955
9882,2,11,38,"Hit(CW,2,STRONG)",3,0.305,1.70938,200,1,"-4:3;-3:8;-2:22;-1:44;1:78;2:31;3:12;4:1;5:1",1.165
9882,2,11,39,"Hit(CCW,2,STRONG)",3,0.305,1.62542,200,1,"-5:1;-4:2;-3:8;-2:16;-1:48;1:82;2:34;3:8;4:1",1.005
9882,2,11,40,"Freeze(CW,2)",4,0.29,1.42685,200,1,"-5:1;-3:2;-2:10;-1:71;1:81;2:28;3:5;4:2",1
9882,2,11,41,"Freeze(CCW,2)",4,0.065,1.66757,200,1,"-4:1;-3:13;-2:15;-1:65;1:77;2:20;3:6;4:1;6:2",1
9882,2,11,42,"Hit(CW,4,TOUCH)",3,0.13,1.66526,200,1,"-5:3;-4:1;-3:7;-2:19;-1:54;1:85;2:24;3:4;4:2;5:1",1.005
9882,2,11,43,"Hit(CCW,4,TOUCH)",3,0.285,1.47437,200,1,"-4:2;-3:3;-2:10;-1:68;1:84;2:24;3:7;4:1;5:1",1.135
9882,2,11,44,"Hit(CW,4,WEAK)",3,0.795,1.6288,200,1,"-4:1;-3:2;-2:10;-1:46;1:84;2:34;3:14;4:5;5:3;6:1",1.025
9882,2,11,45,"Hit(CCW,4,WEAK)",3,0.495,1.87882,200,1,"-4:2;-3:7;-2:19;-1:49;1:73;2:26;3:13;4:5;5:5;6:1",1.055
9882,2,11,46,"Hit(CW,4,MIDDLE)",3,1.5,1.78045,200,1,"-3:1;-2:7;-1:36;1:47;2:52;3:35;4:17;5:1;6:4",1.815
9882,2,11,47,"Hit(CCW,4,MIDDLE)",3,-0.15,1.8378,200,1,"-5:4;-4:4;-3:9;-2:27;-1:55;0:1;1:69;2:26;3:2;4:2;7:1",0.51
9882,2,11,48,"Hit(CW,4,STRONG)",3,1.21,1.8804,200,1,"-3:1;-2:10;-1:47;1:55;2:36;3:30;4:10;5:11",1.775
9882,2,11,49,"Hit(CCW,4,STRONG)",3,-0.13,1.88762,200,1,"-6:1;-5:2;-4:4;-3:12;-2:29;-1:52;1:61;2:29;3:8;4:1;5:1",0.34
9882,2,11,50,"Freeze(CW,4)",4,-0.12,1.56704,200,1,"-5:2;-4:3;-3:8;-2:15;-1:73;1:80;2:12;3:7",1
9882,2,11,51,"Freeze(CCW,4)",4,0.115,1.69758,200,1,"-5:1;-4:3;-3:6;-2:19;-1:62;1:77;2:22;3:7;5:2;6:1",1.005
9882,2,11,52,"Hit(CW,6,TOUCH)",3,0.08,1.51776,200,1,"-4:2;-3:7;-2:10;-1:75;1:85;2:15;3:1;4:3;5:2",1
9882,2,11,53,"Hit(CCW,6,TOUCH)",3,0.655,1.26332,200,1,"-3:1;-2:4;-1:50;1:113;2:22;3:7;4:1;5:2",1
9882,2,11,54,"Hit(CW,6,WEAK)",3,0.37,1.57896,200,1,"-4:3;-3:6;-2:19;-1:41;1:89;2:32;3:10",1.23
9882,2,11,55,"Hit(CCW,6,WEAK)",3,0.455,1.66372,200,1,"-4:2;-3:4;-2:21;-1:45;1:80;2:33;3:9;4:5;5:1",1.065
9882,2,11,56,"Hit(CW,6,MIDDLE)",3,0.275,1.69687,200,1,"-4:5;-3:5;-2:13;-1:62;1:72;2:27;3:12;4:4",1.085
9882,2,11,57,"Hit(CCW,6,MIDDLE)",3,0.285,1.64432,200,1,"-4:3;-3:8;-2:16;-1:52;1:77;2:35;3:7;4:1;5:1",0.99
9882,2,11,58,"Hit(CW,6,STRONG)",3,0.315,1.71924,200,1,"-5:2;-4:2;-3:8;-2:14;-1:50;1:82;2:30;3:9;4:2;6:1",1.045
9882,2,11,59,"Hit(CCW,6,STRONG)",3,0.365,1.64675,200,1,"-4:3;-3:8;-2:19;-1:41;1:82;2:36;3:10;4:1",0.895
9882,2,11,60,"Freeze(CW,6)",4,-0.025,1.44374,200,1,"-5:2;-4:2;-3:4;-2:11;-1:78;1:84;2:17;3:1;4:1",1
9882,2,11,61,"Freeze(CCW,6)",4,0.51,1.46284,200,1,"-4:1;-3:2;-2:12;-1:51;1:100;2:21;3:9;4:2;5:2",1
9882,2,11,62,"Hit(CW,8,TOUCH)",3,0.245,1.59216,200,1,"-4:1;-3:1;-2:12;-1:86;1:58;2:24;3:13;4:4;5:1",1
9882,2,11,63,"Hit(CCW,8,TOUCH)",3,0.44,1.4854,200,1,"-5:1;-4:3;-3:5;-2:10;-1:41;1:106;2:29;3:3;4:2",1
9882,2,11,64,"Hit(CW,8,WEAK)",3,0.115,1.68279,200,1,"-4:2;-3:8;-2:24;-1:59;1:68;2:26;3:10;4:3",0.715
9882,2,11,65,"Hit(CCW,8,WEAK)",3,0.305,1.66492,200,1,"-4:4;-3:4;-2:23;-1:47;1:78;2:28;3:16",0.85
9882,2,11,66,"Hit(CW,8,MIDDLE)",3,0.395,1.59342,200,1,"-4:1;-3:5;-2:17;-1:53;1:82;2:28;3:10;4:3;5:1",0.87
9882,2,11,67,"Hit(CCW,8,MIDDLE)",3,0.14,1.68831,200,1,"-4:1;-3:12;-2:24;-1:52;1:63;2:40;3:7;4:1",0.585
9882,2,11,68,"Hit(CW,8,STRONG)",3,0.485,1.70581,200,1,"-5:1;-4:4;-3:3;-2:13;-1:52;1:69;2:42;3:12;4:4",0.885
9882,2,11,69,"Hit(CCW,8,STRONG)",3,0.32,1.70223,200,1,"-4:3;-3:4;-2:20;-1:56;0:1;1:70;2:30;3:12;4:2;5:2",0.685
9882,2,11,70,"Freeze(CW,8)",4,0.45,1.49248,200,1,"-4:1;-3:2;-2:6;-1:69;1:84;2:23;3:11;4:3;6:1",1
9882,2,11,71,"Freeze(CCW,8)",4,0.46,1.42422,200,1,"-4:3;-3:4;-2:9;-1:46;1:104;2:27;3:6;4:1",1
9882,2,11,72,"PostGuard(CW,1,0)",7,0.46,1.43122,200,1,"-4:1;-3:4;-2:10;-1:51;1:102;2:23;3:7;4:1;6:1",1
9882,2,11,73,"PostGuard(CCW,1,0)",7,0.485,1.55235,200,1,"-5:2;-3:7;-2:7;-1:45;1:111;2:16;3:6;4:4;5:2",1.02
9882,2,11,74,"PostGuard(CW,1,1)",7,0.19,1.46079,200,1,"-4:2;-3:5;-2:11;-1:66;1:94;2:15;3:4;4:2;5:1",1
9882,2,11,75,"PostGuard(CCW,1,1)",7,0.525,1.47627,200,1,"-4:2;-3:3;-2:9;-1:51;1:97;2:23;3:12;4:3",1
9882,2,11,76,"PostGuard(CW,1,2)",7,-0.11,1.33338,200,1,"-5:1;-4:1;-3:1;-2:14;-1:92;1:78;2:7;3:6",1
9882,2,11,77,"PostGuard(CCW,1,2)",7,-0.135,1.36995,200,1,"-6:1;-4:1;-3:4;-2:17;-1:80;1:89;2:5;3:2;4:1",1
9882,2,11,78,"PostGuard(CW,3,0)",7,0.33,1.29657,200,1,"-3:2;-2:12;-1:59;1:107;2:14;3:5;5:1",1
9882,2,11,79,"PostGuard(CCW,3,0)",7,0.045,1.48087,200,1,"-4:3;-3:3;-2:14;-1:77;1:80;2:18;3:3;4:1;6:1",1
9882,2,11,80,"PostGuard(CW,3,1)",7,-0.115,1.39706,200,1,"-6:1;-4:2;-3:1;-2:17;-1:84;1:84;2:7;3:3;5:1",1
9882,2,11,81,"PostGuard(CCW,3,1)",7,0.015,1.33595,200,1,"-4:1;-3:5;-2:15;-1:72;1:93;2:11;3:3",1
9882,2,11,82,"PostGuard(CW,3,2)",7,-0.23,1.18199,200,1,"-3:2;-2:13;-1:105;1:70;2:9;3:1",1
9882,2,11,83,"PostGuard(CCW,3,2)",7,0.055,1.3046,200,1,"-5:1;-4:1;-3:1;-2:11;-1:79;1:94;2:10;3:2;4:1",1
9882,2,11,84,"PostGuard(CW,5,0)",7,0.555,1.38455,200,1,"-3:3;-2:10;-1:47;1:112;2:15;3:7;4:6",1
9882,2,11,85,"PostGuard(CCW,5,0)",7,0.535,1.23644,200,1,"-3:2;-2:11;-1:42;1:120;2:20;3:3;4:2",1
9882,2,11,86,"PostGuard(CW,5,1)",7,0.56,1.24756,200,1,"-4:1;-3:1;-2:6;-1:48;1:118;2:21;3:2;4:2;5:1",1
9882,2,11,87,"PostGuard(CCW,5,1)",7,0.745,1.07237,200,1,"-3:1;-2:4;-1:35;1:132;2:22;3:5;4:1",1
9882,2,11,88,"PostGuard(CW,5,2)",7,0.685,1.15142,200,1,"-3:2;-2:6;-1:35;1:134;2:15;3:7;5:1",1
9882,2,11,89,"PostGuard(CCW,5,2)",7,0.755,1.15973,200,1,"-4:1;-3:1;-2:5;-1:32;1:132;2:22;3:5;4:1;5:1",1
9882,2,11,90,"PostGuard(CW,7,0)",7,0.47,1.40325,200,1,"-3:3;-2:9;-1:58;1:98;2:18;3:11;4:3",1
9882,2,11,91,"PostGuard(CCW,7,0)",7,0.43,1.41602,200,1,"-4:1;-3:5;-2:3;-1:62;1:99;2:21;3:6;4:1;5:2",1
9882,2,11,92,"PostGuard(CW,7,1)",7,0.075,1.34513,200,1,"-5:1;-4:1;-3:2;-2:15;-1:69;1:100;2:8;3:3;4:1",1
9882,2,11,93,"PostGuard(CCW,7,1)",7,-0.025,1.35069,200,1,"-4:2;-3:1;-2:19;-1:77;1:85;2:13;3:2;4:1",1
9882,2,11,94,"PostGuard(CW,7,2)",7,-0.25,1.27181,200,1,"-4:1;-3:5;-2:15;-1:95;1:77;2:4;3:3",1
9882,2,11,95,"PostGuard(CCW,7,2)",7,-0.12,1.34744,200,1,"-5:1;-4:1;-3:4;-2:12;-1:89;1:80;2:9;3:4",1
9882,2,11,96,"PostGuard(CW,9,0)",7,-0.075,1.35992,200,1,"-4:2;-3:4;-2:9;-1:91;1:82;2:7;3:2;4:3",1
9882,2,11,97,"PostGuard(CCW,9,0)",7,-0.145,1.28607,200,1,"-4:4;-3:3;-2:13;-1:81;1:95;2:4",1
9882,2,11,98,"PostGuard(CW,9,1)",7,-0.23,1.35908,200,1,"-5:1;-4:3;-2:15;-1:99;1:69;2:9;3:3;4:1",1
9882,2,11,99,"PostGuard(CCW,9,1)",7,-0.225,1.40156,200,1,"-5:2;-4:3;-2:14;-1:97;1:72;2:7;3:4;4:1",1
9882,2,11,100,"PostGuard(CW,9,2)",7,-0.09,1.20079,200,1,"-3:2;-2:13;-1:91;1:84;2:9;3:1",1
9882,2,11,101,"PostGuard(CCW,9,2)",7,-0.125,1.2607,200,1,"-4:1;-3:1;-2:17;-1:89;1:82;2:8;3:1;4:1",1
9882,2,11,102,"PostGuard(CW,11,0)",7,0.215,1.31102,200,1,"-5:1;-4:1;-3:3;-2:4;-1:73;1:97;2:18;3:3",1
9882,2,11,103,"PostGuard(CCW,11,0)",7,0.6,1.23693,200,1,"-4:1;-3:2;-2:4;-1:47;1:114;2:27;3:3;4:2",1
9882,2,11,104,"PostGuard(CW,11,1)",7,0.115,1.32355,200,1,"-3:2;-2:13;-1:78;1:88;2:15;3:1;4:3",1
9882,2,11,105,"PostGuard(CCW,11,1)",7,0.275,1.3962,200,1,"-4:1;-3:3;-2:6;-1:74;1:91;2:16;3:5;4:4",1
9882,2,11,106,"PostGuard(CW,11,2)",7,-0.115,1.30452,200,1,"-3:3;-2:21;-1:83;1:76;2:16;3:1",1
9882,2,11,107,"PostGuard(CCW,11,2)",7,-0.15,1.29132,200,1,"-4:2;-3:2;-2:13;-1:94;1:77;2:10;3:1;4:1",1
9882,2,11,108,"Pass",0,-0.3,1.43178,200,1,"-5:1;-4:2;-3:6;-2:22;-1:85;1:72;2:10;4:2",1
2998,6,14,0,"Draw(CW,TEE)",1,2.225,0.586835,200,1,"1:16;2:124;3:59;4:1",2
2998,6,14,1,"Draw(CCW,TEE)",1,2.345,0.718314,200,1,"1:19;2:101;3:74;4:4;5:2",2.645
2998,6,14,2,"Draw(CW,S0)",1,2.245,0.552245,200,1,"1:12;2:127;3:61",1.99
2998,6,14,3,"Draw(CCW,S0)",1,2.64,0.70739,200,1,"1:4;2:78;3:110;4:4;5:3;7:1",2.77
2998,6,14,4,"Draw(CW,S2)",1,1.985,0.32369,200,1,"1:12;2:179;3:9",1.955
2998,6,14,5,"Draw(CCW,S2)",1,2.04,0.22,200,1,"1:1;2:190;3:9",2
2998,6,14,6,"Draw(CW,S4)",1,2.22,0.601332,200,1,"1:19;2:118;3:63",2.015
2998,6,14,7,"Draw(CCW,S4)",1,2.495,0.860218,200,1,"-3:1;1:8;2:98;3:80;4:8;5:4;6:1",2.78
2998,6,14,8,"Draw(CW,S6)",1,1.985,0.380493,200,1,"-1:1;1:10;2:179;3:10",2
2998,6,14,9,"Draw(CCW,S6)",1,1.995,0.474315,200,1,"1:22;2:158;3:19;4:1",1.995
2998,6,14,10,"Draw(CW,L0)",1,2.18,0.804736,200,1,"-1:5;1:17;2:113;3:62;4:3",2.07
2998,6,14,11,"Draw(CCW,L0)",1,2.53,0.662646,200,1,"1:11;2:80;3:101;4:8",2.465
2998,6,14,12,"Draw(CW,L1)",1,1.975,0.352668,200,1,"1:15;2:175;3:10",1.945
2998,6,14,13,"Draw(CCW,L1)",1,2.02,0.14,200,1,"2:196;3:4",2
2998,6,14,14,"Draw(CW,L2)",1,2.055,0.22798,200,1,"2:189;3:11",2
2998,6,14,15,"Draw(CCW,L2)",1,2.05,0.217945,200,1,"2:190;3:10",2
2998,6,14,16,"Draw(CW,L3)",1,2.025,0.156125,200,1,"2:195;3:5",2
2998,6,14,17,"Draw(CCW,L3)",1,2.05,0.217945,200,1,"2:190;3:10",2
2998,6,14,18,"Draw(CW,L4)",1,2.045,0.230163,200,1,"1:1;2:189;3:10",2
2998,6,14,19,"Draw(CCW,L4)",1,2.095,0.382067,200,1,"2:185;3:13;5:2",2
2998,6,14,20,"Draw(CW,L5)",1,2.055,0.248948,200,1,"1:1;2:187;3:12",2
2998,6,14,21,"Draw(CCW,L5)",1,2.04,0.22,200,1,"1:1;2:190;3:9",2
2998,6,14,22,"Draw(CW,L6)",1,2.04,0.22,200,1,"1:1;2:190;3:9",2
2998,6,14,23,"Draw(CCW,L6)",1,2.015,0.157401,200,1,"1:1;2:195;3:4",2
2998,6,14,24,"Draw(CW,L7)",1,2.035,0.209225,200,1,"1:1;2:191;3:8",2
2998,6,14,25,"Draw(CCW,L7)",1,2.045,0.642631,200,1,"-1:3;1:15;2:152;3:28;4:1;5:1",2.04
2998,6,14,26,"PreGuard(CW,G3)",2,2.035,0.209225,200,1,"1:1;2:191;3:8",2
2998,6,14,27,"PreGuard(CCW,G3)",2,2.065,0.284209,200,1,"1:2;2:183;3:15",2
2998,6,14,28,"PreGuard(CW,G4)",2,2.045,0.320897,200,1,"1:4;2:185;3:9;4:2",2
2998,6,14,29,"PreGuard(CCW,G4)",2,2.055,0.319335,200,1,"1:5;2:179;3:16",2
2998,6,14,30,"PreGuard(CW,G5)",2,2.04,0.195959,200,1,"2:192;3:8",2
2998,6,14,31,"PreGuard(CCW,G5)",2,2.025,0.156125,200,1,"2:195;3:5",2
2998,6,14,32,"Hit(CW,1,TOUCH)",3,2.22,0.53066,200,1,"-1:1;1:5;2:142;3:52",2.03
2998,6,14,33,"Hit(CCW,1,TOUCH)",3,2.595,0.641073,200,1,"1:9;2:70;3:115;4:5;5:1",2.725
2998,6,14,34,"Hit(CW,1,WEAK)",3,2.31,0.955981,200,1,"-1:4;1:40;2:46;3:108;5:2",2.815
2998,6,14,35,"Hit(CCW,1,WEAK)",3,2.6,0.824621,200,1,"-1:1;1:8;2:85;3:86;4:15;5:5",2.715
2998,6,14,36,"Hit(CW,1,MIDDLE)",3,2.36,1.20017,200,1,"-2:3;-1:8;1:24;2:48;3:105;4:10;5:1;6:1",2.94
2998,6,14,37,"Hit(CCW,1,MIDDLE)",3,2.06,1.25156,200,1,"-2:1;-1:12;1:56;2:35;3:85;4:10;5:1",2.65
2998,6,14,38,"Hit(CW,1,STRONG)",3,2.54,0.958332,200,1,"-2:1;-1:2;1:23;2:51;3:109;4:10;5:4",2.95
2998,6,14,39,"Hit(CCW,1,STRONG)",3,2.13,1.3428,200,1,"-4:1;-3:2;-1:10;1:45;2:36;3:97;4:7;5:2",2.69
2998,6,14,40,"Freeze(CW,1)",4,2.265,0.514563,200,1,"1:7;2:133;3:60",2.005
2998,6,14,41,"Freeze(CCW,1)",4,2.56,0.752596,200,1,"-1:1;1:9;2:78;3:104;4:5;5:2;6:1",2.77
2998,6,14,42,"Hit(CW,3,TOUCH)",3,1.835,0.893183,200,1,"1:97;2:41;3:60;4:2",1.715
2998,6,14,43,"Hit(CCW,3,TOUCH)",3,1.885,0.426351,200,1,"1:31;2:161;3:8",1.885
2998,6,14,44,"Hit(CW,3,WEAK)",3,1.595,0.656487,200,1,"-2:2;-1:2;1:68;2:127;3:1",1.88
2998,6,14,45,"Hit(CCW,3,WEAK)",3,1.545,1.32211,200,1,"-4:1;-3:7;-2:7;-1:1;1:32;2:144;3:5;4:1;5:2",1.965
2998,6,14,46,"Hit(CW,3,MIDDLE)",3,1.715,1.02654,200,1,"-3:3;-2:5;-1:5;1:14;2:168;3:4;5:1",2
2998,6,14,47,"Hit(CCW,3,MIDDLE)",3,1.475,1.44892,200,1,"-4:4;-3:1;-2:2;-1:9;1:86;2:72;3:15;4:6;5:3;6:1;7:1",1.73
2998,6,14,48,"Hit(CW,3,STRONG)",3,1.745,0.888805,200,1,"-3:3;-2:3;-1:3;1:18;2:170;3:3",2.005
2998,6,14,49,"Hit(CCW,3,STRONG)",3,1.48,1.24081,200,1,"-4:3;-3:1;-2:3;-1:8;1:70;2:96;3:14;4:4;5:1",1.745
2998,6,14,50,"Freeze(CW,3)",4,1.915,0.646355,200,1,"1:51;2:115;3:34",1.885
2998,6,14,51,"Freeze(CCW,3)",4,1.995,0.273816,200,1,"1:8;2:185;3:7",1.985
2998,6,14,52,"Hit(CW,5,TOUCH)",3,2.66,0.569561,200,1,"1:2;2:72;3:118;4:8",2.755
2998,6,14,53,"Hit(CCW,5,TOUCH)",3,1.76,0.593633,200,1,"1:65;2:118;3:17",1.735
2998,6,14,54,"Hit(CW,5,WEAK)",3,2.49,0.734779,200,1,"1:19;2:74;3:97;4:10",2.45
2998,6,14,55,"Hit(CCW,5,WEAK)",3,1.92,0.802247,200,1,"-1:2;1:57;2:98;3:39;4:4",1.875
2998,6,14,56,"Hit(CW,5,MIDDLE)",3,1.74,1.02587,200,1,"-2:1;-1:6;1:73;2:92;3:16;4:10;5:1;6:1",1.87
2998,6,14,57,"Hit(CCW,5,MIDDLE)",3,2.845,0.883728,200,1,"1:9;2:54;3:110;4:14;5:12;6:1",3.1
2998,6,14,58,"Hit(CW,5,STRONG)",3,1.67,1.28495,200,1,"-4:2;-3:3;-2:1;-1:7;1:53;2:108;3:16;4:8;5:1;6:1",1.855
2998,6,14,59,"Hit(CCW,5,STRONG)",3,2.715,0.838913,200,1,"-1:1;1:8;2:66;3:102;4:18;5:4;6:1",3.045
2998,6,14,60,"Freeze(CW,5)",4,2.335,0.55025,200,1,"1:5;2:126;3:66;4:3",2.435
2998,6,14,61,"Freeze(CCW,5)",4,2.045,0.461492,200,1,"1:13;2:168;3:17;4:1;5:1",1.985
2998,6,14,62,"Hit(CW,7,TOUCH)",3,2.135,0.797982,200,1,"-1:6;1:16;2:117;3:61",2.21
2998,6,14,63,"Hit(CCW,7,TOUCH)",3,2.58,0.602993,200,1,"1:4;2:84;3:104;4:8",2.525
2998,6,14,64,"Hit(CW,7,WEAK)",3,2.595,0.819131,200,1,"-1:1;1:15;2:65;3:105;4:10;5:4",2.885
2998,6,14,65,"Hit(CCW,7,WEAK)",3,2.755,0.771346,200,1,"1:13;2:49;3:114;4:22;5:2",2.925
2998,6,14,66,"Hit(CW,7,MIDDLE)",3,2.54,1.1783,200,1,"-2:3;-1:4;1:20;2:54;3:92;4:22;5:4;6:1",2.995
2998,6,14,67,"Hit(CCW,7,MIDDLE)",3,2.395,0.979273,200,1,"-3:1;-2:1;-1:3;1:21;2:64;3:102;4:8",2.855
2998,6,14,68,"Hit(CW,7,STRONG)",3,2.535,1.09944,200,1,"-2:1;-1:6;1:16;2:58;3:99;4:16;5:2;6:2",2.99
2998,6,14,69,"Hit(CCW,7,STRONG)",3,2.425,1.02195,200,1,"-1:6;1:27;2:50;3:108;4:5;5:4",2.865
2998,6,14,70,"Freeze(CW,7)",4,2.115,0.48143,200,1,"1:13;2:151;3:36",2.045
2998,6,14,71,"Freeze(CCW,7)",4,2.55,0.739932,200,1,"-1:1;1:6;2:88;3:95;4:6;5:4",2.555
2998,6,14,72,"Hit(CW,9,TOUCH)",3,2.16,0.856971,200,1,"-1:6;1:15;2:123;3:47;4:9",2.27
2998,6,14,73,"Hit(CCW,9,TOUCH)",3,2.125,0.435172,200,1,"1:7;2:162;3:30;4:1",2.005
2998,6,14,74,"Hit(CW,9,WEAK)",3,1.65,1.38834,200,1,"-2:3;-1:20;1:77;2:34;3:53;4:13",2.39
2998,6,14,75,"Hit(CCW,9,WEAK)",3,1.685,1.00288,200,1,"-2:1;-1:12;1:58;2:96;3:31;4:2",2.01
2998,6,14,76,"Hit(CW,9,MIDDLE)",3,0.98,1.08148,200,1,"-3:1;-2:12;-1:9;1:134;2:34;3:10",1.32
2998,6,14,77,"Hit(CCW,9,MIDDLE)",3,1.565,1.67206,200,1,"-2:4;-1:38;1:53;2:27;3:63;4:12;5:3",2.845
2998,6,14,78,"Hit(CW,9,STRONG)",3,1.05,1.1034,200,1,"-5:1;-3:2;-2:8;-1:6;1:133;2:40;3:10",1.33
2998,6,14,79,"Hit(CCW,9,STRONG)",3,1.56,1.68416,200,1,"-2:3;-1:43;1:43;2:29;3:70;4:10;5:2",2.905
2998,6,14,80,"Freeze(CW,9)",4,2.06,0.562494,200,1,"1:16;2:163;3:16;4:4;6:1",2.015
2998,6,14,81,"Freeze(CCW,9)",4,2.125,0.519013,200,1,"1:16;2:143;3:41",2.005
2998,6,14,82,"Hit(CW,11,TOUCH)",3,2.315,0.621108,200,1,"1:11;2:119;3:68;5:2",2.25
2998,6,14,83,"Hit(CCW,11,TOUCH)",3,1.875,0.423527,200,1,"1:32;2:161;3:7",1.885
2998,6,14,84,"Hit(CW,11,WEAK)",3,1.95,0.676387,200,1,"-1:1;1:43;2:122;3:32;4:2",1.92
2998,6,14,85,"Hit(CCW,11,WEAK)",3,1.62,0.930376,200,1,"-3:2;-2:2;-1:1;1:76;2:104;3:10;4:4;5:1",1.74
2998,6,14,86,"Hit(CW,11,MIDDLE)",3,1.425,1.33206,200,1,"-4:1;-3:3;-2:7;-1:14;1:41;2:123;3:6;4:4;5:1",1.94
2998,6,14,87,"Hit(CCW,11,MIDDLE)",3,2.495,0.921941,200,1,"-1:1;1:24;2:73;3:84;4:12;5:6",2.745
2998,6,14,88,"Hit(CW,11,STRONG)",3,1.46,1.34848,200,1,"-4:1;-3:5;-2:7;-1:9;1:38;2:130;3:5;4:4;5:1",1.95
2998,6,14,89,"Hit(CCW,11,STRONG)",3,2.675,0.943067,200,1,"-1:2;1:9;2:75;3:88;4:16;5:10",2.86
2998,6,14,90,"Freeze(CW,11)",4,2.135,0.395948,200,1,"1:3;2:168;3:28;4:1",2.065
2998,6,14,91,"Freeze(CCW,11)",4,2.03,0.221585,200,1,"1:2;2:190;3:8",2
2998,6,14,92,"Hit(CW,13,TOUCH)",3,2.18,0.497594,200,1,"1:10;2:144;3:46",2
2998,6,14,93,"Hit(CCW,13,TOUCH)",3,2.09,0.438064,200,1,"1:11;2:160;3:29",2
2998,6,14,94,"Hit(CW,13,WEAK)",3,2.25,0.93675,200,1,"-1:2;1:51;2:44;3:101;5:2",2.605
2998,6,14,95,"Hit(CCW,13,WEAK)",3,2.375,0.940412,200,1,"-1:4;1:30;2:57;3:104;4:2;5:3",2.77
2998,6,14,96,"Hit(CW,13,MIDDLE)",3,2.285,1.03623,200,1,"-1:5;1:44;2:46;3:96;4:7;5:2",2.83
2998,6,14,97,"Hit(CCW,13,MIDDLE)",3,1.225,0.940412,200,1,"-2:5;-1:7;1:134;2:34;3:20",1.485
2998,6,14,98,"Hit(CW,13,STRONG)",3,2.36,1.02,200,1,"-1:5;1:35;2:51;3:99;4:7;5:3",2.925
2998,6,14,99,"Hit(CCW,13,STRONG)",3,1.215,1.02897,200,1,"-2:5;-1:12;1:123;2:39;3:20;4:1",1.485
2998,6,14,100,"Freeze(CW,13)",4,2.075,0.315238,200,1,"1:3;2:179;3:18",2
2998,6,14,101,"Freeze(CCW,13)",4,2.11,0.328481,200,1,"1:1;2:176;3:23",2
2998,6,14,102,"PostGuard(CW,0,0)",7,2.13,0.550545,200,1,"1:12;2:156;3:27;4:4;5:1",2.08
2998,6,14,103,"PostGuard(CCW,0,0)",7,2.225,0.494343,200,1,"1:7;2:141;3:52",2.02
2998,6,14,104,"PostGuard(CW,0,1)",7,1.875,0.547152,200,1,"1:43;2:140;3:16;4:1",2
2998,6,14,105,"PostGuard(CCW,0,1)",7,1.92,0.472864,200,1,"1:31;2:154;3:15",2
2998,6,14,106,"PostGuard(CW,0,2)",7,2.005,0.44156,200,1,"1:19;2:161;3:20",2
2998,6,14,107,"PostGuard(CCW,0,2)",7,1.99,0.346266,200,1,"1:13;2:176;3:11",2
2998,6,14,108,"PostGuard(CW,2,0)",7,1.99,0.565597,200,1,"1:33;2:136;3:31",2
2998,6,14,109,"PostGuard(CCW,2,0)",7,2.17,0.491019,200,1,"1:10;2:146;3:44",2
2998,6,14,110,"PostGuard(CW,2,1)",7,2.05,0.259808,200,1,"1:2;2:186;3:12",2
2998,6,14,111,"PostGuard(CCW,2,1)",7,2.045,0.230163,200,1,"1:1;2:189;3:10",2
2998,6,14,112,"PostGuard(CW,2,2)",7,2.09,0.349142,200,1,"1:4;2:174;3:22",2
2998,6,14,113,"PostGuard(CCW,2,2)",7,2.125,0.359687,200,1,"1:2;2:171;3:27",2
2998,6,14,114,"PostGuard(CW,4,0)",7,2.075,0.298957,200,1,"1:1;2:184;3:14;4:1",2
2998,6,14,115,"PostGuard(CCW,4,0)",7,2.025,0.185405,200,1,"1:1;2:193;3:6",2
2998,6,14,116,"PostGuard(CW,4,1)",7,2.035,0.18378,200,1,"2:193;3:7",2
2998,6,14,117,"PostGuard(CCW,4,1)",7,2.04,0.195959,200,1,"2:192;3:8",2
2998,6,14,118,"PostGuard(CW,4,2)",7,2.04,0.195959,200,1,"2:192;3:8",2
2998,6,14,119,"PostGuard(CCW,4,2)",7,2.035,0.18378,200,1,"2:193;3:7",2
2998,6,14,120,"PostGuard(CW,6,0)",7,2.16,0.504381,200,1,"1:12;2:144;3:44",2
2998,6,14,121,"PostGuard(CCW,6,0)",7,2.155,0.530071,200,1,"1:12;2:147;3:40;5:1",2.2
2998,6,14,122,"PostGuard(CW,6,1)",7,2.03,0.197737,200,1,"1:1;2:192;3:7",2
2998,6,14,123,"PostGuard(CCW,6,1)",7,2.045,0.250948,200,1,"1:2;2:187;3:11",2
2998,6,14,124,"PostGuard(CW,6,2)",7,2.04,0.313688,200,1,"1:5;2:183;3:11;4:1",2
2998,6,14,125,"PostGuard(CCW,6,2)",7,2.08,0.32187,200,1,"1:2;2:181;3:16;4:1",2
2998,6,14,126,"PostGuard(CW,8,0)",7,2.02,0.36,200,1,"1:11;2:174;3:15",2
2998,6,14,127,"PostGuard(CCW,8,0)",7,1.97,0.330303,200,1,"1:14;2:178;3:8",2
2998,6,14,128,"PostGuard(CW,8,1)",7,2.02,0.263818,200,1,"1:5;2:186;3:9",2
2998,6,14,129,"PostGuard(CCW,8,1)",7,2.025,0.338194,200,1,"1:9;2:177;3:14",2
2998,6,14,130,"PostGuard(CW,8,2)",7,2.065,0.347527,200,1,"1:6;2:175;3:19",2
2998,6,14,131,"PostGuard(CCW,8,2)",7,2.08,0.404475,200,1,"1:9;2:166;3:25",2
2998,6,14,132,"PostGuard(CW,10,0)",7,2.09,0.36318,200,1,"1:5;2:172;3:23",2
2998,6,14,133,"PostGuard(CCW,10,0)",7,2.19,0.392301,200,1,"2:162;3:38",2.015
2998,6,14,134,"PostGuard(CW,10,1)",7,2.05,0.259808,200,1,"1:2;2:186;3:12",2
2998,6,14,135,"PostGuard(CCW,10,1)",7,2.05,0.239792,200,1,"1:1;2:188;3:11",2
2998,6,14,136,"PostGuard(CW,10,2)",7,2.05,0.342783,200,1,"1:4;2:184;3:11;5:1",2
2998,6,14,137,"PostGuard(CCW,10,2)",7,2.08,0.378946,200,1,"1:3;2:181;3:14;4:1;5:1",2
2998,6,14,138,"PostGuard(CW,12,0)",7,2.045,0.207304,200,1,"2:191;3:9",2
2998,6,14,139,"PostGuard(CCW,12,0)",7,2.005,0.158035,200,1,"1:2;2:195;3:3",2
2998,6,14,140,"PostGuard(CW,12,1)",7,2.015,0.211601,200,1,"1:3;2:191;3:6",2
2998,6,14,141,"PostGuard(CCW,12,1)",7,2.065,0.246526,200,1,"2:187;3:13",2
2998,6,14,142,"PostGuard(CW,12,2)",7,2.025,0.210654,200,1,"1:2;2:191;3:7",2
2998,6,14,143,"PostGuard(CCW,12,2)",7,2.025,0.253722,200,1,"1:4;2:187;3:9",2
2998,6,14,144,"Pass",0,2.06,0.237487,200,1,"2:188;3:12",2
1555,2,3,0,"Draw(CW,TEE)",1,1.265,1.98866,200,1,"-3:2;-2:16;-1:35;0:1;1:61;2:30;3:28;4:19;5:4;6:3;7:1",-0.78
1555,2,3,1,"Draw(CCW,TEE)",1,0.875,1.86263,200,1,"-6:1;-4:2;-3:1;-2:14;-1:42;0:1;1:70;2:37;3:15;4:13;5:3;6:1",-0.045
1555,2,3,2,"Draw(CW,S0)",1,0.955,1.9295,200,1,"-3:6;-2:13;-1:45;1:61;2:33;3:22;4:14;5:5;6:1",-0.71
1555,2,3,3,"Draw(CCW,S0)",1,0.685,1.81543,200,1,"-4:3;-3:4;-2:21;-1:36;1:73;2:33;3:22;4:6;5:2",0.885
1555,2,3,4,"Draw(CW,S2)",1,1.19,2.0794,200,1,"-3:4;-2:15;-1:39;1:61;2:33;3:20;4:13;5:11;6:3;7:1",-1
1555,2,3,5,"Draw(CCW,S2)",1,1.005,2.23047,200,1,"-4:3;-3:7;-2:12;-1:48;1:53;2:24;3:21;4:23;5:6;6:1;7:2",-1
1555,2,3,6,"Draw(CW,S4)",1,1.015,1.8801,200,1,"-4:2;-3:2;-2:11;-1:45;0:1;1:65;2:29;3:21;4:23;6:1",-0.64
1555,2,3,7,"Draw(CCW,S4)",1,0.93,1.94296,200,1,"-5:2;-3:8;-2:9;-1:40;0:1;1:64;2:34;3:28;4:8;5:6",0.56
1555,2,3,8,"Draw(CW,S6)",1,1.43,2.23273,200,1,"-4:1;-3:2;-2:14;-1:41;0:1;1:50;2:25;3:24;4:23;5:13;6:6",-1
1555,2,3,9,"Draw(CCW,S6)",1,1.22,2.07644,200,1,"-4:2;-3:1;-2:14;-1:42;1:54;2:34;3:27;4:13;5:8;6:5",-1
1555,2,3,10,"Draw(CW,L0)",1,1.215,1.99469,200,1,"-4:1;-3:2;-2:14;-1:35;0:1;1:68;2:30;3:25;4:13;5:7;6:2;7:2",-0.675
1555,2,3,11,"Draw(CCW,L0)",1,0.825,2.03332,200,1,"-4:3;-3:2;-2:21;-1:44;1:60;2:28;3:25;4:11;5:3;6:2;7:1",-0.37
1555,2,3,12,"Draw(CW,L1)",1,0.81,1.87721,200,1,"-4:1;-3:6;-2:10;-1:51;1:69;2:25;3:21;4:12;5:5",-1
1555,2,3,13,"Draw(CCW,L1)",1,1.185,2.19335,200,1,"-5:2;-3:1;-2:15;-1:42;1:68;2:21;3:16;4:16;5:14;6:5",-1
1555,2,3,14,"Draw(CW,L2)",1,1.32,2.08509,200,1,"-3:4;-2:13;-1:39;1:54;2:33;3:25;4:17;5:12;6:3",-1
1555,2,3,15,"Draw(CCW,L2)",1,1.315,2.14611,200,1,"-6:1;-4:4;-3:5;-2:7;-1:30;1:61;2:40;3:24;4:13;5:11;6:4",-1
1555,2,3,16,"Draw(CW,L3)",1,1.375,2.05776,200,1,"-4:2;-2:9;-1:43;1:60;2:28;3:22;4:21;5:12;6:3",-1
1555,2,3,17,"Draw(CCW,L3)",1,1.44,2.23973,200,1,"-4:1;-3:4;-2:14;-1:38;1:51;2:22;3:25;4:28;5:15;6:1;7:1",-1
1555,2,3,18,"Draw(CW,L4)",1,0.66,1.97596,200,1,"-4:2;-3:5;-2:24;-1:42;1:67;2:24;3:20;4:10;5:6",-1
1555,2,3,19,"Draw(CCW,L4)",1,0.82,2.07307,200,1,"-6:1;-4:2;-3:5;-2:15;-1:48;1:56;2:31;3:24;4:12;5:4;6:1;7:1",-1
1555,2,3,20,"Draw(CW,L5)",1,1.455,2.14429,200,1,"-5:1;-4:1;-3:3;-2:12;-1:32;1:57;2:30;3:30;4:15;5:16;6:3",-1
1555,2,3,21,"Draw(CCW,L5)",1,1.31,2.11043,200,1,"-4:1;-3:3;-2:11;-1:43;1:54;2:29;3:26;4:20;5:8;6:5",-1
1555,2,3,22,"Draw(CW,L6)",1,1.065,2.1215,200,1,"-4:1;-3:8;-2:12;-1:42;1:59;2:26;3:26;4:16;5:7;6:2;7:1",-1
1555,2,3,23,"Draw(CCW,L6)",1,1.235,2.00244,200,1,"-4:1;-3:4;-2:11;-1:38;1:60;2:35;3:25;4:15;5:8;6:3",-1
1555,2,3,24,"Draw(CW,L7)",1,1.265,2.00618,200,1,"-3:3;-2:17;-1:32;1:63;2:33;3:23;4:18;5:8;6:3",-1
1555,2,3,25,"Draw(CCW,L7)",1,1.215,1.98463,200,1,"-3:5;-2:15;-1:33;0:1;1:61;2:31;3:28;4:17;5:8;6:1",-1
1555,2,3,26,"PreGuard(CW,G3)",2,0.895,1.93752,200,1,"-5:1;-4:1;-3:6;-2:12;-1:42;1:67;2:32;3:21;4:12;5:6",-1
1555,2,3,27,"PreGuard(CCW,G3)",2,0.74,2.03283,200,1,"-5:1;-4:3;-3:5;-2:20;-1:38;1:67;2:32;3:17;4:12;5:3;6:1;7:1",-1
1555,2,3,28,"PreGuard(CW,G4)",2,0.535,1.98211,200,1,"-5:2;-4:2;-3:8;-2:17;-1:45;1:71;2:28;3:11;4:13;5:2;6:1",-1
1555,2,3,29,"PreGuard(CCW,G4)",2,0.645,1.97458,200,1,"-6:1;-5:2;-4:2;-3:2;-2:18;-1:44;1:70;2:34;3:15;4:6;5:5;7:1",-1
1555,2,3,30,"PreGuard(CW,G5)",2,0.82,2.02919,200,1,"-5:1;-4:1;-3:4;-2:27;-1:33;1:61;2:32;3:23;4:13;5:4;6:1",-1
1555,2,3,31,"PreGuard(CCW,G5)",2,1,1.82757,200,1,"-4:1;-3:5;-2:14;-1:34;1:69;2:39;3:23;4:10;5:5",-1
1555,2,3,32,"Hit(CW,0,TOUCH)",3,0.75,2.0168,200,1,"-6:1;-5:1;-4:2;-3:4;-2:15;-1:47;1:61;2:32;3:21;4:11;5:4;6:1",-0.75
1555,2,3,33,"Hit(CCW,0,TOUCH)",3,0.7,1.83303,200,1,"-4:1;-3:4;-2:18;-1:48;1:62;2:39;3:18;4:6;5:2;6:2",0.465
1555,2,3,34,"Hit(CW,0,WEAK)",3,1.165,2.11134,200,1,"-4:2;-3:4;-2:16;-1:37;1:57;2:31;3:20;4:24;5:8;7:1",0.32
1555,2,3,35,"Hit(CCW,0,WEAK)",3,1.235,2.09279,200,1,"-5:1;-4:4;-3:4;-2:4;-1:37;1:72;2:27;3:21;4:18;5:9;6:2;7:1",0.575
1555,2,3,36,"Hit(CW,0,MIDDLE)",3,1.07,1.84529,200,1,"-5:1;-4:1;-3:3;-2:10;-1:39;1:67;2:35;3:25;4:16;5:3",0.65
1555,2,3,37,"Hit(CCW,0,MIDDLE)",3,0.745,1.85202,200,1,"-5:1;-4:1;-3:3;-2:20;-1:41;1:68;2:33;3:21;4:9;5:3",-0.2
1555,2,3,38,"Hit(CW,0,STRONG)",3,1.115,1.76968,200,1,"-3:5;-2:8;-1:36;1:76;2:35;3:24;4:9;5:6;6:1",0.69
1555,2,3,39,"Hit(CCW,0,STRONG)",3,0.905,1.68404,200,1,"-3:2;-2:13;-1:44;1:71;2:39;3:19;4:9;5:3",-0.27
1555,2,3,40,"Freeze(CW,0)",4,0.84,2.10105,200,1,"-4:2;-3:8;-2:17;-1:40;1:66;2:28;3:19;4:9;5:7;6:4",-0.99
1555,2,3,41,"Freeze(CCW,0)",4,0.975,2.06746,200,1,"-5:2;-4:3;-3:4;-2:11;-1:41;0:1;1:58;2:35;3:24;4:15;5:4;6:2",-0.76
1555,2,3,42,"PostGuard(CW,1,0)",7,1.03,1.82184,200,1,"-5:1;-4:1;-3:3;-2:6;-1:44;1:73;2:34;3:19;4:14;5:4;6:1",-0.97
1555,2,3,43,"PostGuard(CCW,1,0)",7,0.825,1.87467,200,1,"-4:1;-3:3;-2:19;-1:44;1:61;2:35;3:24;4:10;5:2;7:1",-0.91
1555,2,3,44,"PostGuard(CW,1,1)",7,0.955,2.09117,200,1,"-4:2;-3:4;-2:16;-1:47;0:1;1:52;2:33;3:19;4:18;5:6;6:1;7:1",-1
1555,2,3,45,"PostGuard(CCW,1,1)",7,0.825,1.99859,200,1,"-4:3;-3:9;-2:16;-1:33;1:66;2:39;3:19;4:9;5:4;6:2",-1
1555,2,3,46,"PostGuard(CW,1,2)",7,0.96,1.86236,200,1,"-5:1;-4:1;-3:6;-2:9;-1:38;1:76;2:28;3:26;4:11;5:3;6:1",-1
1555,2,3,47,"PostGuard(CCW,1,2)",7,0.645,2.09976,200,1,"-5:1;-4:7;-3:4;-2:17;-1:43;1:64;2:29;3:19;4:9;5:6;6:1",-1
1555,2,3,48,"PostGuard(CW,3,0)",7,0.74,1.94997,200,1,"-6:1;-4:1;-3:5;-2:10;-1:57;1:58;2:33;3:22;4:8;5:3;6:1;7:1",-1
1555,2,3,49,"PostGuard(CCW,3,0)",7,0.89,2.06831,200,1,"-5:2;-4:1;-3:7;-2:10;-1:46;1:62;2:28;3:23;4:17;5:1;6:2;7:1",-1
1555,2,3,50,"PostGuard(CW,3,1)",7,0.775,1.83422,200,1,"-5:1;-4:2;-3:2;-2:17;-1:41;1:71;2:37;3:16;4:10;5:2;6:1",-1
1555,2,3,51,"PostGuard(CCW,3,1)",7,0.705,1.93597,200,1,"-5:2;-4:4;-3:4;-2:18;-1:33;1:74;2:36;3:18;4:8;5:2;6:1",-1
1555,2,3,52,"PostGuard(CW,3,2)",7,0.63,1.86631,200,1,"-4:3;-3:7;-2:17;-1:41;1:71;2:34;3:17;4:6;5:4",-1
1555,2,3,53,"PostGuard(CCW,3,2)",7,0.465,1.92582,200,1,"-5:1;-4:1;-3:10;-2:20;-1:45;1:72;2:22;3:19;4:7;5:2;6:1",-1
1555,2,3,54,"Pass",0,0.68,1.86751,200,1,"-5:1;-4:1;-3:10;-2:15;-1:38;1:67;2:38;3:21;4:8;5:1",-1
4372,4,14,0,"Draw(CW,TEE)",1,0.025,1.1333,200,1,"-2:3;-1:101;1:80;2:16",2
4372,4,14,1,"Draw(CCW,TEE)",1,-0.14,1.09105,200,1,"-2:3;-1:115;1:71;2:11",2
4372,4,14,2,"Draw(CW,S0)",1,-0.71,0.857846,200,1,"-2:7;-1:165;1:19;2:9",2
4372,4,14,3,"Draw(CCW,S0)",1,-0.765,0.780881,200,1,"-2:7;-1:169;1:18;2:6",2
4372,4,14,4,"Draw(CW,S2)",1,-0.845,0.600812,200,1,"-2:2;-1:183;1:12;2:3",2
4372,4,14,5,"Draw(CCW,S2)",1,-0.815,0.68613,200,1,"-2:2;-1:182;1:9;2:7",2
4372,4,14,6,"Draw(CW,S4)",1,-0.5,0.979796,200,1,"-2:7;-1:143;1:43;2:7",2
4372,4,14,7,"Draw(CCW,S4)",1,-0.395,1.0193,200,1,"-2:2;-1:142;1:45;2:11",2
4372,4,14,8,"Draw(CW,S6)",1,-0.785,0.92129,200,1,"-2:27;-1:140;1:29;2:4",1.2
4372,4,14,9,"Draw(CCW,S6)",1,-0.57,1.30196,200,1,"-2:34;-1:123;1:9;2:34",2
4372,4,14,10,"Draw(CW,L0)",1,-0.845,0.62528,200,1,"-1:188;1:5;2:7",1.425
4372,4,14,11,"Draw(CCW,L0)",1,-0.895,0.523426,200,1,"-1:192;1:3;2:5",1.51
4372,4,14,12,"Draw(CW,L1)",1,-0.875,0.537936,200,1,"-1:189;0:1;1:6;2:4",1.41
4372,4,14,13,"Draw(CCW,L1)",1,-0.85,0.580948,200,1,"-1:187;1:9;2:4",1.395
4372,4,14,14,"Draw(CW,L2)",1,-0.92,0.391918,200,1,"-1:192;1:8",1.17
4372,4,14,15,"Draw(CCW,L2)",1,-0.885,0.48143,200,1,"-1:189;1:10;2:1",1.225
4372,4,14,16,"Draw(CW,L3)",1,-0.85,0.630476,200,1,"-1:189;1:3;2:8",1.365
4372,4,14,17,"Draw(CCW,L3)",1,-0.875,0.582559,200,1,"-2:1;-1:189;1:4;2:6",1.445
4372,4,14,18,"Draw(CW,L4)",1,-0.01,1.24093,200,1,"-2:1;-1:117;1:47;2:35",1.1
4372,4,14,19,"Draw(CCW,L4)",1,0.11,1.29919,200,1,"-1:112;0:1;1:40;2:47",1.065
4372,4,14,20,"Draw(CW,L5)",1,-0.895,0.709912,200,1,"-2:17;-1:165;0:2;1:12;2:4",0.85
4372,4,14,21,"Draw(CCW,L5)",1,-0.825,0.651441,200,1,"-2:5;-1:176;1:17;2:2",1.14
4372,4,14,22,"Draw(CW,L6)",1,-0.665,0.884746,200,1,"-2:6;-1:162;1:23;2:9",1.185
4372,4,14,23,"Draw(CCW,L6)",1,-1.49,0.8366,200,1,"-2:124;-1:65;1:7;2:4",-0.325
4372,4,14,24,"Draw(CW,L7)",1,-1.785,0.590572,200,1,"-2:169;-1:25;1:6",-0.81
4372,4,14,25,"Draw(CCW,L7)",1,-0.955,1.01635,200,1,"-2:51;-1:125;1:12;2:12",1.225
4372,4,14,26,"PreGuard(CW,G3)",2,-0.825,0.578252,200,1,"-1:183;1:16;2:1",1
4372,4,14,27,"PreGuard(CCW,G3)",2,-0.825,0.578252,200,1,"-1:183;1:16;2:1",1.005
4372,4,14,28,"PreGuard(CW,G4)",2,-0.52,0.87155,200,1,"-2:2;-1:149;1:49",1
4372,4,14,29,"PreGuard(CCW,G4)",2,-0.495,0.883162,200,1,"-1:150;0:1;1:47;2:2",1
4372,4,14,30,"PreGuard(CW,G5)",2,-0.665,0.795472,200,1,"-2:1;-1:167;1:28;2:4",1
4372,4,14,31,"PreGuard(CCW,G5)",2,-0.66,0.796492,200,1,"-1:168;0:1;1:26;2:5",1
4372,4,14,32,"Hit(CW,13,TOUCH)",3,-1.485,0.655572,200,1,"-2:109;-1:85;1:6",-0.12
4372,4,14,33,"Hit(CCW,13,TOUCH)",3,-0.85,0.817007,200,1,"-2:20;-1:158;1:16;2:6",0.89
4372,4,14,34,"Hit(CW,13,WEAK)",3,-1.12,0.667533,200,1,"-2:47;-1:140;0:4;1:8;2:1",0.73
4372,4,14,35,"Hit(CCW,13,WEAK)",3,-1.15,0.589491,200,1,"-2:44;-1:149;0:1;1:5;2:1",0.93
4372,4,14,36,"Hit(CW,13,MIDDLE)",3,-0.86,0.557136,200,1,"-2:1;-1:185;0:2;1:9;2:3",1.09
4372,4,14,37,"Hit(CCW,13,MIDDLE)",3,-1.045,0.39112,200,1,"-2:17;-1:178;0:2;1:3",0.63
4372,4,14,38,"Hit(CW,13,STRONG)",3,-0.885,0.530825,200,1,"-2:5;-1:180;0:2;1:13",1.075
4372,4,14,39,"Hit(CCW,13,STRONG)",3,-0.955,0.512811,200,1,"-2:12;-1:177;0:1;1:10",0.695
4372,4,14,40,"Freeze(CW,13)",4,-0.865,0.645581,200,1,"-2:10;-1:172;1:17;2:1",0.88
4372,4,14,41,"Freeze(CCW,13)",4,-0.855,0.594958,200,1,"-2:4;-1:180;0:1;1:13;2:2",1.015
4372,4,14,42,"PostGuard(CW,12,0)",7,-1.45,0.835165,200,1,"-2:118;-1:69;1:11;2:2",-0.265
4372,4,14,43,"PostGuard(CCW,12,0)",7,-0.665,0.90154,200,1,"-2:10;-1:155;1:28;2:7",1.82
4372,4,14,44,"PostGuard(CW,12,1)",7,-0.85,0.597913,200,1,"-2:4;-1:179;0:2;1:13;2:2",1.02
4372,4,14,45,"PostGuard(CCW,12,1)",7,-0.875,0.478931,200,1,"-1:187;0:1;1:12",1.015
4372,4,14,46,"PostGuard(CW,12,2)",7,-0.875,0.499375,200,1,"-1:188;1:11;2:1",1
4372,4,14,47,"PostGuard(CCW,12,2)",7,-0.815,0.61707,200,1,"-1:183;1:14;2:3",1
4372,4,14,48,"Pass",0,-0.855,0.532893,200,1,"-2:1;-1:184;1:15",1
3732,7,7,0,"Draw(CW,TEE)",1,0.715,1.44699,200,1,"-4:1;-3:3;-2:9;-1:40;1:101;2:30;3:12;4:3;5:1",1
3732,7,7,1,"Draw(CCW,TEE)",1,0.685,1.54135,200,1,"-4:1;-3:6;-2:13;-1:33;1:97;2:35;3:9;4:6",1
3732,7,7,2,"Draw(CW,S0)",1,0.805,1.57701,200,1,"-4:3;-3:2;-2:11;-1:36;1:87;2:38;3:18;4:5",1
3732,7,7,3,"Draw(CCW,S0)",1,0.755,1.57955,200,1,"-4:3;-3:4;-2:10;-1:34;1:96;2:31;3:18;4:3;5:1",1
3732,7,7,4,"Draw(CW,S2)",1,0.555,1.55144,200,1,"-5:1;-3:5;-2:16;-1:38;1:97;2:30;3:9;4:3;5:1",1
3732,7,7,5,"Draw(CCW,S2)",1,0.805,1.64225,200,1,"-4:1;-3:8;-2:10;-1:31;1:92;2:35;3:18;4:1;5:4",1
3732,7,7,6,"Draw(CW,S4)",1,0.75,1.46202,200,1,"-3:3;-2:10;-1:41;1:97;2:29;3:17;4:1;5:2",1
3732,7,7,7,"Draw(CCW,S4)",1,0.62,1.54454,200,1,"-4:2;-3:6;-2:11;-1:37;1:98;2:32;3:9;4:5",1
3732,7,7,8,"Draw(CW,S6)",1,0.695,1.60996,200,1,"-5:1;-3:9;-2:10;-1:32;0:1;1:95;2:35;3:10;4:7",1
3732,7,7,9,"Draw(CCW,S6)",1,0.77,1.60222,200,1,"-4:3;-3:3;-2:15;-1:29;1:92;2:38;3:15;4:4;5:1",1
3732,7,7,10,"Draw(CW,L0)",1,0.79,1.40922,200,1,"-5:1;-3:4;-2:9;-1:28;0:1;1:112;2:31;3:9;4:5",0.45
3732,7,7,11,"Draw(CCW,L0)",1,0.91,1.43245,200,1,"-3:4;-2:12;-1:26;1:94;2:45;3:16;4:3",0.3
3732,7,7,12,"Draw(CW,L1)",1,0.84,1.60761,200,1,"-5:1;-4:3;-3:4;-2:8;-1:28;1:102;2:30;3:18;4:5;5:1",0.51
3732,7,7,13,"Draw(CCW,L1)",1,0.88,1.39126,200,1,"-3:3;-2:8;-1:33;0:1;1:101;2:33;3:17;4:4",0.63
3732,7,7,14,"Draw(CW,L2)",1,1.29,1.88836,200,1,"-4:1;-3:2;-2:12;-1:35;1:63;2:26;3:37;4:19;5:5",0.94
3732,7,7,15,"Draw(CCW,L2)",1,0.95,1.89934,200,1,"-5:1;-4:2;-3:2;-2:11;-1:47;0:1;1:59;2:31;3:30;4:13;5:3",0.95
3732,7,7,16,"Draw(CW,L3)",1,0.8,1.72337,200,1,"-4:1;-3:4;-2:12;-1:44;1:78;2:32;3:17;4:9;5:3",0.46
3732,7,7,17,"Draw(CCW,L3)",1,1.18,1.88351,200,1,"-4:1;-3:3;-2:13;-1:32;0:1;1:75;2:24;3:27;4:17;5:7",0.44
3732,7,7,18,"Draw(CW,L4)",1,0.725,1.66715,200,1,"-4:2;-3:4;-2:16;-1:37;1:79;2:36;3:21;4:5",-0.42
3732,7,7,19,"Draw(CCW,L4)",1,0.89,1.71985,200,1,"-4:2;-3:5;-2:10;-1:36;1:81;2:36;3:18;4:10;5:2",-0.45
3732,7,7,20,"Draw(CW,L5)",1,0.69,1.71286,200,1,"-3:6;-2:15;-1:44;1:80;2:26;3:19;4:9;5:1",0.55
3732,7,7,21,"Draw(CCW,L5)",1,0.94,1.59574,200,1,"-5:1;-3:4;-2:6;-1:35;1:97;2:30;3:17;4:6;5:4",0.56
3732,7,7,22,"Draw(CW,L6)",1,0.845,1.69144,200,1,"-5:1;-3:7;-2:12;-1:27;0:1;1:101;2:23;3:14;4:13;5:1",0.94
3732,7,7,23,"Draw(CCW,L6)",1,0.59,1.57858,200,1,"-4:2;-3:7;-2:15;-1:31;1:103;2:24;3:15;4:3",0.91
3732,7,7,24,"Draw(CW,L7)",1,0.765,1.61238,200,1,"-4:2;-3:5;-2:8;-1:37;1:101;2:25;3:14;4:4;5:4",0.51
3732,7,7,25,"Draw(CCW,L7)",1,0.835,1.63944,200,1,"-3:6;-2:16;-1:27;1:96;2:29;3:15;4:10;5:1",0.49
3732,7,7,26,"PreGuard(CW,G3)",2,0.655,1.66912,200,1,"-5:1;-4:3;-3:5;-2:12;-1:36;1:87;2:37;3:14;4:5",-0.98
3732,7,7,27,"PreGuard(CCW,G3)",2,0.99,1.62785,200,1,"-3:5;-2:12;-1:31;1:77;2:44;3:21;4:10",-0.97
3732,7,7,28,"PreGuard(CW,G4)",2,0.675,1.8274,200,1,"-3:8;-2:15;-1:48;1:67;2:31;3:18;4:11;5:2",-1
3732,7,7,29,"PreGuard(CCW,G4)",2,0.4,1.9,200,1,"-4:2;-3:13;-2:21;-1:42;1:68;2:28;3:18;4:7;5:1",-1
3732,7,7,30,"PreGuard(CW,G5)",2,0.68,1.59298,200,1,"-4:1;-3:8;-2:10;-1:35;1:100;2:27;3:12;4:6;5:1",-0.99
3732,7,7,31,"PreGuard(CCW,G5)",2,0.8,1.65529,200,1,"-5:1;-3:5;-2:8;-1:44;1:80;2:35;3:20;4:5;5:2",-0.96
3732,7,7,32,"Hit(CW,4,TOUCH)",3,1.36,1.97747,200,1,"-4:1;-3:2;-2:10;-1:43;1:46;2:31;3:36;4:26;5:5",0.93
3732,7,7,33,"Hit(CCW,4,TOUCH)",3,1.335,1.75863,200,1,"-4:1;-3:1;-2:5;-1:39;1:64;2:39;3:31;4:12;5:8",0.63
3732,7,7,34,"Hit(CW,4,WEAK)",3,1.375,1.89588,200,1,"-4:1;-3:1;-2:13;-1:34;0:1;1:51;2:39;3:31;4:25;5:4",0.825
3732,7,7,35,"Hit(CCW,4,WEAK)",3,1.285,1.8395,200,1,"-3:1;-2:11;-1:41;0:1;1:52;2:40;3:31;4:17;5:6",0.755
3732,7,7,36,"Hit(CW,4,MIDDLE)",3,0.665,1.73285,200,1,"-4:1;-3:5;-2:21;-1:37;0:3;1:69;2:36;3:22;4:6",0.055
3732,7,7,37,"Hit(CCW,4,MIDDLE)",3,1.085,1.6964,200,1,"-3:2;-2:10;-1:42;1:66;2:36;3:29;4:15",0.22
3732,7,7,38,"Hit(CW,4,STRONG)",3,0.865,1.53518,200,1,"-3:2;-2:8;-1:45;0:2;1:81;2:37;3:16;4:8;5:1",0.055
3732,7,7,39,"Hit(CCW,4,STRONG)",3,0.99,1.69408,200,1,"-4:1;-3:5;-2:8;-1:40;1:64;2:47;3:25;4:10",0.185
3732,7,7,40,"Freeze(CW,4)",4,1.38,1.71336,200,1,"-4:1;-3:2;-2:7;-1:32;1:58;2:48;3:31;4:20;5:1",0.8
3732,7,7,41,"Freeze(CCW,4)",4,1.265,1.74493,200,1,"-3:2;-2:11;-1:34;1:64;2:36;3:37;4:12;5:4",0.55
3732,7,7,42,"PostGuard(CW,7,0)",7,0.86,1.45959,200,1,"-4:1;-3:2;-2:10;-1:33;1:100;2:34;3:14;4:5;5:1",1
3732,7,7,43,"PostGuard(CCW,7,0)",7,0.64,1.5101,200,1,"-5:1;-4:1;-3:3;-2:11;-1:41;1:96;2:31;3:13;4:3",0.99
3732,7,7,44,"PostGuard(CW,7,1)",7,0.685,1.60492,200,1,"-4:1;-3:1;-2:14;-1:50;1:77;2:34;3:16;4:6;5:1",-0.41
3732,7,7,45,"PostGuard(CCW,7,1)",7,0.86,1.63414,200,1,"-3:1;-2:12;-1:49;1:70;2:37;3:21;4:9;5:1",-0.44
3732,7,7,46,"PostGuard(CW,7,2)",7,0.905,1.55755,200,1,"-4:1;-3:3;-2:7;-1:40;1:88;2:31;3:22;4:8",-1
3732,7,7,47,"PostGuard(CCW,7,2)",7,0.66,1.73332,200,1,"-5:1;-4:1;-3:4;-2:17;-1:42;1:74;2:36;3:18;4:6;5:1",-1
3732,7,7,48,"Pass",0,0.855,1.35424,200,1,"-3:1;-2:12;-1:32;1:99;2:40;3:13;4:3",-1
3858,5,5,0,"Draw(CW,TEE)",1,0.94,1.86987,200,1,"-4:1;-3:7;-2:7;-1:44;1:73;2:32;3:17;4:14;5:3;6:2",0.79
3858,5,5,1,"Draw(CCW,TEE)",1,0.945,1.80055,200,1,"-6:1;-3:3;-2:13;-1:41;1:65;2:42;3:20;4:13;5:2",-0.69
3858,5,5,2,"Draw(CW,S0)",1,0.915,2.17434,200,1,"-5:1;-4:4;-3:5;-2:13;-1:46;1:53;2:33;3:20;4:16;5:7;6:1;7:1",0.93
3858,5,5,3,"Draw(CCW,S0)",1,0.985,1.98866,200,1,"-4:1;-3:2;-2:13;-1:52;1:54;2:36;3:21;4:15;5:2;6:2;7:2",-0.865
3858,5,5,4,"Draw(CW,S2)",1,0.91,2.02778,200,1,"-5:2;-4:1;-3:5;-2:12;-1:45;1:62;2:27;3:28;4:11;5:6;6:1",-1
3858,5,5,5,"Draw(CCW,S2)",1,0.99,1.6673,200,1,"-3:7;-2:6;-1:37;1:76;2:45;3:17;4:9;5:3",-1
3858,5,5,6,"Draw(CW,S4)",1,0.79,1.98391,200,1,"-5:1;-4:1;-3:9;-2:19;-1:29;0:1;1:77;2:29;3:17;4:12;5:3;6:2",0.98
3858,5,5,7,"Draw(CCW,S4)",1,1.09,1.98542,200,1,"-4:1;-3:3;-2:9;-1:50;1:59;2:32;3:20;4:16;5:9;7:1",-0.77
3858,5,5,8,"Draw(CW,S6)",1,0.51,1.9824,200,1,"-5:1;-4:7;-3:7;-2:17;-1:39;1:67;2:36;3:15;4:10;5:1",-1
3858,5,5,9,"Draw(CCW,S6)",1,0.8,1.86279,200,1,"-4:1;-3:5;-2:15;-1:43;1:76;2:27;3:17;4:10;5:5;6:1",-1
3858,5,5,10,"Draw(CW,L0)",1,0.835,1.85143,200,1,"-4:1;-3:3;-2:21;-1:39;1:64;2:35;3:26;4:6;5:5",0.6
3858,5,5,11,"Draw(CCW,L0)",1,0.965,1.93488,200,1,"-3:9;-2:10;-1:42;1:61;2:39;3:22;4:10;5:5;6:2",-1.195
3858,5,5,12,"Draw(CW,L1)",1,0.585,1.80077,200,1,"-5:2;-4:2;-3:6;-2:11;-1:45;1:84;2:26;3:14;4:8;5:2",-1
3858,5,5,13,"Draw(CCW,L1)",1,0.49,1.81381,200,1,"-6:1;-5:1;-4:4;-3:8;-2:6;-1:48;1:83;2:29;3:13;4:6;5:1",-1
3858,5,5,14,"Draw(CW,L2)",1,0.72,1.96255,200,1,"-5:1;-3:7;-2:18;-1:46;1:59;2:35;3:20;4:8;5:5;6:1",-1
3858,5,5,15,"Draw(CCW,L2)",1,0.635,1.95749,200,1,"-4:2;-3:10;-2:17;-1:44;1:64;2:25;3:24;4:13;5:1",-1
3858,5,5,16,"Draw(CW,L3)",1,0.66,2.0529,200,1,"-5:2;-4:3;-3:9;-2:14;-1:44;1:58;2:31;3:26;4:10;5:3",-1
3858,5,5,17,"Draw(CCW,L3)",1,1.13,2.05745,200,1,"-4:5;-3:6;-2:13;-1:24;1:73;2:30;3:25;4:14;5:10",-1
3858,5,5,18,"Draw(CW,L4)",1,0.68,2.09227,200,1,"-6:1;-5:1;-4:1;-3:6;-2:19;-1:46;1:61;2:30;3:19;4:8;5:6;6:1;7:1",-1
3858,5,5,19,"Draw(CCW,L4)",1,0.74,2.06456,200,1,"-5:1;-4:1;-3:8;-2:13;-1:51;1:61;2:26;3:22;4:10;5:5;7:2",-1
3858,5,5,20,"Draw(CW,L5)",1,0.65,2.12779,200,1,"-5:2;-4:3;-3:7;-2:21;-1:39;1:66;2:25;3:19;4:9;5:9",-1
3858,5,5,21,"Draw(CCW,L5)",1,0.975,1.91687,200,1,"-5:1;-4:1;-3:6;-2:11;-1:34;1:79;2:34;3:15;4:13;5:2;6:4",-1
3858,5,5,22,"Draw(CW,L6)",1,0.65,2.09225,200,1,"-5:1;-4:4;-3:10;-2:19;-1:35;1:65;2:30;3:21;4:10;5:4;6:1",-1
3858,5,5,23,"Draw(CCW,L6)",1,0.695,2.04499,200,1,"-4:4;-3:7;-2:16;-1:47;1:57;2:33;3:18;4:13;5:4;6:1",-1
3858,5,5,24,"Draw(CW,L7)",1,0.695,1.91624,200,1,"-5:1;-4:1;-3:7;-2:16;-1:44;1:68;2:32;3:13;4:16;5:2",-1
3858,5,5,25,"Draw(CCW,L7)",1,0.675,2.01727,200,1,"-5:2;-4:4;-3:4;-2:17;-1:40;1:72;2:31;3:16;4:6;5:7;6:1",-1
3858,5,5,26,"PreGuard(CW,G3)",2,0.645,1.74899,200,1,"-5:1;-4:1;-3:10;-2:10;-1:38;1:83;2:39;3:10;4:6;5:1;6:1",-1
3858,5,5,27,"PreGuard(CCW,G3)",2,0.635,1.72678,200,1,"-4:1;-3:8;-2:16;-1:40;1:71;2:44;3:13;4:6;5:1",-1
3858,5,5,28,"PreGuard(CW,G4)",2,0.745,2.04694,200,1,"-5:2;-4:6;-3:4;-2:13;-1:41;1:59;2:42;3:18;4:10;5:5",-1
3858,5,5,29,"PreGuard(CCW,G4)",2,0.66,2.06262,200,1,"-4:4;-3:11;-2:12;-1:45;1:61;2:38;3:12;4:11;5:4;6:1;7:1",-1
3858,5,5,30,"PreGuard(CW,G5)",2,0.355,1.99474,200,1,"-5:2;-4:4;-3:12;-2:19;-1:40;1:71;2:26;3:18;4:6;5:2",-1
3858,5,5,31,"PreGuard(CCW,G5)",2,0.525,1.93375,200,1,"-5:1;-4:2;-3:8;-2:18;-1:44;1:74;2:32;3:7;4:10;5:1;6:3",-1
3858,5,5,32,"Hit(CW,0,TOUCH)",3,1.11,1.98189,200,1,"-3:4;-2:14;-1:43;0:1;1:53;2:36;3:27;4:14;5:5;6:3",0.15
3858,5,5,33,"Hit(CCW,0,TOUCH)",3,0.7,2.01742,200,1,"-4:3;-3:8;-2:13;-1:49;1:61;2:30;3:25;4:4;5:4;6:2;7:1",-0.99
3858,5,5,34,"Hit(CW,0,WEAK)",3,0.97,1.83551,200,1,"-5:1;-3:3;-2:16;-1:37;0:1;1:64;2:39;3:26;4:9;5:3;6:1",0.265
3858,5,5,35,"Hit(CCW,0,WEAK)",3,0.995,2.031,200,1,"-4:1;-3:6;-2:13;-1:44;1:56;2:41;3:17;4:11;5:8;6:3",-0.835
3858,5,5,36,"Hit(CW,0,MIDDLE)",3,1.065,1.9107,200,1,"-3:3;-2:14;-1:39;1:72;2:33;3:21;4:6;5:9;6:2;7:1",-1.695
3858,5,5,37,"Hit(CCW,0,MIDDLE)",3,0.555,1.80194,200,1,"-5:1;-4:3;-3:5;-2:14;-1:47;1:76;2:32;3:12;4:8;5:2",-0.685
3858,5,5,38,"Hit(CW,0,STRONG)",3,0.935,2.02997,200,1,"-4:3;-3:5;-2:13;-1:43;1:62;2:32;3:22;4:11;5:7;6:2",-1.69
3858,5,5,39,"Hit(CCW,0,STRONG)",3,0.9,1.74069,200,1,"-5:1;-4:1;-3:4;-2:12;-1:37;1:71;2:41;3:25;4:6;5:2",-0.645
3858,5,5,40,"Freeze(CW,0)",4,0.895,2.20544,200,1,"-5:3;-4:1;-3:6;-2:19;-1:37;1:59;2:30;3:21;4:14;5:7;6:3",-0.4
3858,5,5,41,"Freeze(CCW,0)",4,1.095,1.90944,200,1,"-4:1;-3:3;-2:12;-1:41;0:1;1:62;2:35;3:22;4:18;5:4;7:1",-0.99
3858,5,5,42,"Hit(CW,2,TOUCH)",3,0.79,1.94574,200,1,"-3:5;-2:22;-1:43;1:62;2:30;3:20;4:13;5:4;6:1",-0.99
3858,5,5,43,"Hit(CCW,2,TOUCH)",3,0.77,1.92018,200,1,"-6:1;-5:1;-4:2;-3:4;-2:10;-1:47;1:69;2:34;3:19;4:8;5:4;6:1",-1.03
3858,5,5,44,"Hit(CW,2,WEAK)",3,1.39,2.09234,200,1,"-3:5;-2:12;-1:32;1:61;2:36;3:23;4:17;5:7;6:5;7:2",-1.965
3858,5,5,45,"Hit(CCW,2,WEAK)",3,0.995,2.13189,200,1,"-5:1;-4:1;-3:10;-2:14;-1:32;1:69;2:28;3:22;4:11;5:9;6:3",-2.075
3858,5,5,46,"Hit(CW,2,MIDDLE)",3,0.775,1.75054,200,1,"-4:3;-3:2;-2:14;-1:44;1:69;2:39;3:20;4:7;5:2",-1.685
3858,5,5,47,"Hit(CCW,2,MIDDLE)",3,0.79,2.26625,200,1,"-4:4;-3:8;-2:21;-1:43;1:52;2:23;3:23;4:18;5:6;6:1;8:1",-1.765
3858,5,5,48,"Hit(CW,2,STRONG)",3,0.82,1.77133,200,1,"-4:1;-3:4;-2:17;-1:38;0:1;1:71;2:39;3:15;4:12;5:2",-1.565
3858,5,5,49,"Hit(CCW,2,STRONG)",3,0.795,1.9578,200,1,"-4:2;-3:5;-2:16;-1:45;1:65;2:30;3:24;4:6;5:5;6:1;7:1",-1.775
3858,5,5,50,"Freeze(CW,2)",4,0.82,2.14886,200,1,"-7:1;-5:1;-4:2;-3:6;-2:16;-1:43;1:57;2:31;3:23;4:12;5:7;6:1",-1
3858,5,5,51,"Freeze(CCW,2)",4,0.535,1.972,200,1,"-5:1;-4:4;-3:8;-2:18;-1:43;1:65;2:30;3:20;4:9;5:2",-1
3858,5,5,52,"Hit(CW,4,TOUCH)",3,0.765,1.9052,200,1,"-6:1;-4:2;-3:3;-2:17;-1:42;1:68;2:35;3:20;4:8;5:2;6:2",-0.98
3858,5,5,53,"Hit(CCW,4,TOUCH)",3,0.59,2.05716,200,1,"-5:2;-4:1;-3:8;-2:19;-1:45;1:67;2:29;3:11;4:11;5:6;7:1",-1.02
3858,5,5,54,"Hit(CW,4,WEAK)",3,0.895,2.12461,200,1,"-3:8;-2:19;-1:44;1:55;2:26;3:27;4:13;5:5;6:2;8:1",-1.535
3858,5,5,55,"Hit(CCW,4,WEAK)",3,0.955,2.00324,200,1,"-4:3;-3:4;-2:16;-1:41;1:52;2:42;3:23;4:13;5:5;6:1",-1.755
3858,5,5,56,"Hit(CW,4,MIDDLE)",3,0.77,1.92538,200,1,"-4:2;-3:6;-2:14;-1:46;1:65;2:36;3:14;4:11;5:5;6:1",-1.965
3858,5,5,57,"Hit(CCW,4,MIDDLE)",3,0.785,1.98463,200,1,"-4:2;-3:3;-2:17;-1:49;1:63;2:34;3:15;4:8;5:7;7:2",-0.7
3858,5,5,58,"Hit(CW,4,STRONG)",3,0.715,1.83678,200,1,"-5:1;-3:8;-2:20;-1:34;0:1;1:63;2:46;3:20;4:4;5:3",-2
3858,5,5,59,"Hit(CCW,4,STRONG)",3,0.93,1.79028,200,1,"-6:1;-3:4;-2:10;-1:38;1:86;2:30;3:16;4:8;5:6;6:1",-0.85
3858,5,5,60,"Freeze(CW,4)",4,0.82,1.902,200,1,"-5:1;-3:7;-2:15;-1:39;1:70;2:37;3:17;4:8;5:4;6:2",-1
3858,5,5,61,"Freeze(CCW,4)",4,0.62,1.9989,200,1,"-4:3;-3:6;-2:19;-1:47;1:67;2:26;3:16;4:11;5:3;6:1;7:1",-1
3858,5,5,62,"PostGuard(CW,1,0)",7,0.78,2.09084,200,1,"-4:4;-3:8;-2:17;-1:39;1:63;2:27;3:26;4:7;5:8;6:1",-1
3858,5,5,63,"PostGuard(CCW,1,0)",7,0.295,1.99449,200,1,"-6:1;-4:3;-3:13;-2:16;-1:54;1:61;2:29;3:14;4:5;5:3;6:1",-1
3858,5,5,64,"PostGuard(CW,1,1)",7,0.675,1.99984,200,1,"-4:1;-3:15;-2:11;-1:41;1:72;2:31;3:10;4:13;5:5;6:1",-1
3858,5,5,65,"PostGuard(CCW,1,1)",7,0.595,1.8844,200,1,"-4:2;-3:6;-2:17;-1:52;1:63;2:26;3:22;4:10;5:2",-1
3858,5,5,66,"PostGuard(CW,1,2)",7,0.645,2.23807,200,1,"-5:1;-4:3;-3:15;-2:17;-1:38;1:59;2:29;3:18;4:11;5:6;6:3",-1
3858,5,5,67,"PostGuard(CCW,1,2)",7,0.51,1.8947,200,1,"-5:1;-4:3;-3:6;-2:21;-1:42;1:69;2:33;3:18;4:5;5:1;7:1",-1
3858,5,5,68,"PostGuard(CW,3,0)",7,0.925,1.78027,200,1,"-5:1;-4:2;-3:2;-2:14;-1:32;1:79;2:42;3:18;4:7;6:2;7:1",-1
3858,5,5,69,"PostGuard(CCW,3,0)",7,0.785,1.77729,200,1,"-3:8;-2:11;-1:44;1:70;2:40;3:15;4:9;5:2;6:1",-1
3858,5,5,70,"PostGuard(CW,3,1)",7,0.82,2.02178,200,1,"-4:4;-3:9;-2:13;-1:32;1:78;2:33;3:16;4:6;5:7;7:2",-1
3858,5,5,71,"PostGuard(CCW,3,1)",7,0.965,1.98337,200,1,"-4:1;-3:12;-2:14;-1:29;1:63;2:37;3:28;4:11;5:5",-1
3858,5,5,72,"PostGuard(CW,3,2)",7,0.55,1.91768,200,1,"-5:1;-4:2;-3:7;-2:21;-1:41;1:69;2:36;3:11;4:8;5:3;6:1",-1
3858,5,5,73,"PostGuard(CCW,3,2)",7,0.54,2.00459,200,1,"-4:3;-3:12;-2:15;-1:46;1:65;2:30;3:15;4:9;5:4;6:1",-1
3858,5,5,74,"Pass",0,0.68,1.7081,200,1,"-4:2;-3:5;-2:12;-1:45;1:80;2:28;3:23;4:2;5:3",-1
1938,0,14,0,"Draw(CW,TEE)",1,0.81,1.11081,200,1,"-2:2;-1:36;1:137;2:18;3:2;4:2;5:3",1.135
1938,0,14,1,"Draw(CCW,TEE)",1,0.945,0.801233,200,1,"-1:20;1:158;2:18;3:1;4:3",1.13
1938,0,14,2,"Draw(CW,S0)",1,0.85,0.887412,200,1,"-3:2;-2:1;-1:22;1:153;2:20;3:1;4:1",1.005
1938,0,14,3,"Draw(CCW,S0)",1,1.14,0.959375,200,1,"-2:2;-1:11;1:150;2:29;3:2;4:1;5:5",1.385
1938,0,14,4,"Draw(CW,S2)",1,1,0.583095,200,1,"-3:1;-2:2;-1:4;1:175;2:18",1
1938,0,14,5,"Draw(CCW,S2)",1,1.025,0.569539,200,1,"-2:4;-1:2;1:173;2:21",1
1938,0,14,6,"Draw(CW,S4)",1,0.82,0.993781,200,1,"-2:1;-1:32;1:146;2:17;4:2;5:2",1.07
1938,0,14,7,"Draw(CCW,S4)",1,1.005,0.790554,200,1,"-2:1;-1:15;1:157;2:23;3:2;4:1;5:1",1.22
1938,0,14,8,"Draw(CW,S6)",1,0.965,0.890941,200,1,"-2:7;-1:13;1:142;2:36;3:2",0.88
1938,0,14,9,"Draw(CCW,S6)",1,1.075,0.747914,200,1,"-2:6;-1:3;1:156;2:31;3:4",1
1938,0,14,10,"Draw(CW,L0)",1,0.85,1.00374,200,1,"-3:3;-2:7;-1:14;1:148;2:26;3:1;4:1",1.005
1938,0,14,11,"Draw(CCW,L0)",1,1.07,1.13362,200,1,"-3:2;-2:10;-1:9;1:121;2:48;3:9;5:1",1.915
1938,0,14,12,"Draw(CW,L1)",1,1.07,0.659621,200,1,"-2:5;-1:1;1:167;2:23;3:4",1
1938,0,14,13,"Draw(CCW,L1)",1,1.03,0.631744,200,1,"-2:4;-1:4;1:167;2:24;3:1",1
1938,0,14,14,"Draw(CW,L2)",1,1.075,0.607762,200,1,"-2:4;-1:1;1:169;2:23;3:3",1
1938,0,14,15,"Draw(CCW,L2)",1,0.975,0.717199,200,1,"-2:9;1:169;2:22",1
1938,0,14,16,"Draw(CW,L3)",1,1.08,0.503587,200,1,"-2:2;-1:1;1:176;2:18;3:3",1
1938,0,14,17,"Draw(CCW,L3)",1,0.945,0.729366,200,1,"-2:8;-1:3;1:172;2:15;3:2",1
1938,0,14,18,"Draw(CW,L4)",1,1.045,0.230163,200,1,"1:192;2:7;3:1",1
1938,0,14,19,"Draw(CCW,L4)",1,1.045,0.427756,200,1,"-1:3;1:186;2:8;3:2;4:1",1
1938,0,14,20,"Draw(CW,L5)",1,1.035,0.688313,200,1,"-2:5;-1:3;1:169;2:18;3:5",1
1938,0,14,21,"Draw(CCW,L5)",1,1.015,0.620302,200,1,"-2:4;-1:4;1:170;2:21;3:1",1
1938,0,14,22,"Draw(CW,L6)",1,0.92,0.802247,200,1,"-2:10;-1:4;1:165;2:20;3:1",1
1938,0,14,23,"Draw(CCW,L6)",1,1,0.574456,200,1,"-2:5;-1:1;1:177;2:17",1
1938,0,14,24,"Draw(CW,L7)",1,0.945,0.74295,200,1,"-2:6;-1:8;1:164;2:21;3:1",0.9
1938,0,14,25,"Draw(CCW,L7)",1,1.07,0.821645,200,1,"-2:8;-1:2;1:153;2:34;3:1;4:2",1
1938,0,14,26,"PreGuard(CW,G3)",2,0.955,0.72317,200,1,"-2:9;-1:1;1:170;2:20",1
1938,0,14,27,"PreGuard(CCW,G3)",2,1.055,0.531013,200,1,"-2:3;-1:1;1:176;2:18;3:2",1
1938,0,14,28,"PreGuard(CW,G4)",2,1.085,0.296268,200,1,"1:184;2:15;3:1",1
1938,0,14,29,"PreGuard(CCW,G4)",2,1.09,0.349142,200,1,"1:185;2:13;3:1;4:1",1
1938,0,14,30,"PreGuard(CW,G5)",2,1.03,0.582323,200,1,"-2:4;-1:2;1:173;2:20;3:1",1
1938,0,14,31,"PreGuard(CCW,G5)",2,0.9,0.74162,200,1,"-2:11;1:176;2:13",1
1938,0,14,32,"Hit(CW,9,TOUCH)",3,0.825,1.00219,200,1,"-1:33;1:149;2:12;3:1;4:3;5:2",1.03
1938,0,14,33,"Hit(CCW,9,TOUCH)",3,0.79,1.18148,200,1,"-3:1;-2:18;-1:14;1:127;2:37;3:2;4:1",1.8
1938,0,14,34,"Hit(CW,9,WEAK)",3,1.125,1.42105,200,1,"-2:9;-1:27;1:92;2:55;3:5;4:7;5:5",1.49
1938,0,14,35,"Hit(CCW,9,WEAK)",3,1.06,1.74826,200,1,"-3:2;-2:13;-1:42;1:55;2:52;3:19;4:15;5:2",2.38
1938,0,14,36,"Hit(CW,9,MIDDLE)",3,0.395,2.12343,200,1,"-2:52;-1:48;1:30;2:33;3:19;4:13;5:4;6:1",3.575
1938,0,14,37,"Hit(CCW,9,MIDDLE)",3,0.15,1.50582,200,1,"-3:1;-2:39;-1:42;1:94;2:16;3:5;4:3",1.29
1938,0,14,38,"Hit(CW,9,STRONG)",3,0.615,2.18329,200,1,"-2:43;-1:46;1:41;2:33;3:17;4:9;5:5;6:6",3.365
1938,0,14,39,"Hit(CCW,9,STRONG)",3,0.165,1.5257,200,1,"-3:6;-2:27;-1:51;1:86;2:21;3:8;4:1",1.215
1938,0,14,40,"Freeze(CW,9)",4,1.065,0.592263,200,1,"-1:8;1:167;2:22;3:2;4:1",1.015
1938,0,14,41,"Freeze(CCW,9)",4,0.965,0.873942,200,1,"-3:5;-2:4;-1:2;1:160;2:29",1.345
1938,0,14,42,"Hit(CW,11,TOUCH)",3,1.15,0.507445,200,1,"-1:4;1:159;2:36;3:1",1.265
1938,0,14,43,"Hit(CCW,11,TOUCH)",3,0.48,1.54906,200,1,"-4:1;-3:20;-2:12;-1:10;1:122;2:33;3:2",1.33
1938,0,14,44,"Hit(CW,11,WEAK)",3,1.015,1.50159,200,1,"-3:3;-2:6;-1:35;1:88;2:46;3:14;4:3;5:5",2.38
1938,0,14,45,"Hit(CCW,11,WEAK)",3,0.385,1.88063,200,1,"-4:1;-3:4;-2:25;-1:61;1:59;2:22;3:14;4:11;5:3",2.315
1938,0,14,46,"Hit(CW,11,MIDDLE)",3,-0.13,1.64107,200,1,"-3:1;-2:58;-1:44;1:73;2:12;3:8;4:4",1.59
1938,0,14,47,"Hit(CCW,11,MIDDLE)",3,0.72,1.6857,200,1,"-3:1;-2:15;-1:53;1:69;2:42;3:9;4:6;5:4;6:1",2.805
1938,0,14,48,"Hit(CW,11,STRONG)",3,-0.285,1.72156,200,1,"-4:4;-3:1;-2:62;-1:42;1:67;2:17;3:3;4:3;6:1",1.575
1938,0,14,49,"Hit(CCW,11,STRONG)",3,0.605,1.7404,200,1,"-3:3;-2:18;-1:55;1:63;2:39;3:12;4:7;5:2;6:1",2.845
1938,0,14,50,"Freeze(CW,11)",4,1.15,0.396863,200,1,"-1:1;1:167;2:32",1.01
1938,0,14,51,"Freeze(CCW,11)",4,0.81,0.991917,200,1,"-3:6;-2:4;-1:12;1:157;2:20;3:1",1.015
1938,0,14,52,"Hit(CW,13,TOUCH)",3,1.18,0.421426,200,1,"-1:1;1:161;2:38",1.085
1938,0,14,53,"Hit(CCW,13,TOUCH)",3,0.95,0.870345,200,1,"-3:6;-2:2;-1:3;1:163;2:26",1.055
1938,0,14,54,"Hit(CW,13,WEAK)",3,0.93,1.58906,200,1,"-3:6;-2:5;-1:40;1:80;2:44;3:17;4:5;5:3",2.45
1938,0,14,55,"Hit(CCW,13,WEAK)",3,0.2,1.75499,200,1,"-3:2;-2:23;-1:82;1:47;2:21;3:18;4:4;5:3",2.28
1938,0,14,56,"Hit(CW,13,MIDDLE)",3,-0.52,1.55229,200,1,"-4:2;-3:3;-2:70;-1:47;1:59;2:16;3:3",1.28
1938,0,14,57,"Hit(CCW,13,MIDDLE)",3,0.865,1.86193,200,1,"-2:16;-1:57;1:56;2:30;3:24;4:13;5:2;6:2",3.22
1938,0,14,58,"Hit(CW,13,STRONG)",3,-0.58,1.75886,200,1,"-4:2;-3:4;-2:81;-1:41;1:55;2:10;3:2;4:2;6:3",1.32
1938,0,14,59,"Hit(CCW,13,STRONG)",3,0.71,1.6929,200,1,"-3:1;-2:16;-1:54;1:66;2:36;3:19;4:5;5:2;6:1",2.885
1938,0,14,60,"Freeze(CW,13)",4,1.065,0.608913,200,1,"-2:5;1:168;2:26;3:1",1
1938,0,14,61,"Freeze(CCW,13)",4,1.09,0.576108,200,1,"-2:3;-1:2;1:165;2:29;3:1",1
1938,0,14,62,"PostGuard(CW,2,0)",7,1.085,0.536447,200,1,"-2:3;1:174;2:20;3:3",1
1938,0,14,63,"PostGuard(CCW,2,0)",7,1.04,0.598665,200,1,"-2:5;1:174;2:19;3:2",1
1938,0,14,64,"PostGuard(CW,2,1)",7,1.065,0.656335,200,1,"-2:6;1:164;2:29;3:1",1
1938,0,14,65,"PostGuard(CCW,2,1)",7,1.075,0.565133,200,1,"-2:3;-1:1;1:174;2:18;3:4",1
1938,0,14,66,"PostGuard(CW,2,2)",7,0.995,0.710616,200,1,"-2:7;-1:3;1:164;2:26",1
1938,0,14,67,"PostGuard(CCW,2,2)",7,0.985,0.612189,200,1,"-2:6;-1:1;1:176;2:17",1
1938,0,14,68,"PostGuard(CW,4,0)",7,1.105,0.63559,200,1,"-2:5;1:160;2:34;3:1",1
1938,0,14,69,"PostGuard(CCW,4,0)",7,1.03,0.670149,200,1,"-2:5;-1:2;1:171;2:21;5:1",1
1938,0,14,70,"PostGuard(CW,4,1)",7,0.925,0.854035,200,1,"-2:11;-1:4;1:162;2:20;3:3",1
1938,0,14,71,"PostGuard(CCW,4,1)",7,1.05,0.47697,200,1,"-2:2;-1:2;1:176;2:20",1
1938,0,14,72,"PostGuard(CW,4,2)",7,1.02,0.423792,200,1,"-2:1;-1:3;1:184;2:11;3:1",1
1938,0,14,73,"PostGuard(CCW,4,2)",7,0.995,0.636376,200,1,"-2:6;-1:1;1:176;2:15;3:2",1
1938,0,14,74,"PostGuard(CW,8,0)",7,1.14,0.529528,200,1,"-1:4;1:163;2:31;3:1;4:1",1.165
1938,0,14,75,"PostGuard(CCW,8,0)",7,0.86,0.806474,200,1,"-2:1;-1:24;1:154;2:20;4:1",1.055
1938,0,14,76,"PostGuard(CW,8,1)",7,1.065,0.284209,200,1,"1:189;2:9;3:2",1
1938,0,14,77,"PostGuard(CCW,8,1)",7,1.08,0.462169,200,1,"-1:2;1:183;2:12;3:2;5:1",1
1938,0,14,78,"PostGuard(CW,8,2)",7,1.075,0.457575,200,1,"-1:1;1:189;2:6;3:2;4:1;5:1",1
1938,0,14,79,"PostGuard(CCW,8,2)",7,1.085,0.563715,200,1,"-1:2;1:187;2:7;4:2;5:2",1
1938,0,14,80,"PostGuard(CW,10,0)",7,1.1,0.360555,200,1,"-1:1;1:178;2:20;3:1",1.005
1938,0,14,81,"PostGuard(CCW,10,0)",7,1.085,0.343184,200,1,"-1:1;1:181;2:17;3:1",1
1938,0,14,82,"PostGuard(CW,10,1)",7,1.125,0.478931,200,1,"1:182;2:15;4:2;5:1",1
1938,0,14,83,"PostGuard(CCW,10,1)",7,1.165,0.49777,200,1,"1:174;2:22;3:2;4:1;5:1",1
1938,0,14,84,"PostGuard(CW,10,2)",7,1.045,0.364657,200,1,"-1:1;1:192;2:5;4:2",1
1938,0,14,85,"PostGuard(CCW,10,2)",7,1.05,0.421307,200,1,"-1:1;1:191;2:7;6:1",1
1938,0,14,86,"PostGuard(CW,12,0)",7,1.085,0.371181,200,1,"-1:2;1:177;2:21",1
1938,0,14,87,"PostGuard(CCW,12,0)",7,1.105,0.404938,200,1,"-2:1;1:176;2:22;3:1",1
1938,0,14,88,"PostGuard(CW,12,1)",7,1.095,0.55315,200,1,"-2:2;-1:1;1:176;2:16;3:4;4:1",1
1938,0,14,89,"PostGuard(CCW,12,1)",7,1.075,0.468375,200,1,"-2:1;-1:1;1:183;2:11;3:3;4:1",1
1938,0,14,90,"PostGuard(CW,12,2)",7,1.025,0.405432,200,1,"-1:4;1:185;2:9;3:2",1
1938,0,14,91,"PostGuard(CCW,12,2)",7,1,0.173205,200,1,"-1:1;1:197;2:2",1
1938,0,14,92,"Pass",0,1.01,0.761512,200,1,"-2:8;-1:2;1:163;2:24;3:3",1
9112,3,9,0,"Draw(CW,TEE)",1,0.405,1.72365,200,1,"-4:2;-3:7;-2:26;-1:37;1:79;2:30;3:16;4:3",-0.46
9112,3,9,1,"Draw(CCW,TEE)",1,-0.035,1.8878,200,1,"-5:1;-4:6;-3:8;-2:30;-1:57;1:54;2:27;3:13;4:4",-2.82
9112,3,9,2,"Draw(CW,S0)",1,0.245,1.70146,200,1,"-5:1;-3:8;-2:26;-1:48;1:74;2:28;3:12;4:3",0.53
9112,3,9,3,"Draw(CCW,S0)",1,0.16,1.85051,200,1,"-4:3;-3:12;-2:28;-1:45;1:66;2:28;3:14;4:3;5:1",-2.465
9112,3,9,4,"Draw(CW,S2)",1,-0.15,2.02176,200,1,"-5:4;-4:8;-3:12;-2:26;-1:50;1:61;2:23;3:11;4:5",-1.985
9112,3,9,5,"Draw(CCW,S2)",1,-0.035,1.8878,200,1,"-5:1;-4:6;-3:12;-2:25;-1:54;1:62;2:24;3:12;4:4",-2
9112,3,9,6,"Draw(CW,S4)",1,0.35,1.72554,200,1,"-5:2;-4:2;-3:7;-2:21;-1:40;1:81;2:32;3:14;4:1",0.015
9112,3,9,7,"Draw(CCW,S4)",1,0.045,1.92431,200,1,"-4:4;-3:11;-2:27;-1:60;1:56;2:20;3:15;4:4;5:3",-2.745
9112,3,9,8,"Draw(CW,S6)",1,-0.025,1.95816,200,1,"-4:7;-3:14;-2:29;-1:48;1:56;2:28;3:13;4:5",-2
9112,3,9,9,"Draw(CCW,S6)",1,-0.145,1.9063,200,1,"-4:7;-3:16;-2:24;-1:59;1:53;2:26;3:11;4:4",-2
9112,3,9,10,"Draw(CW,L0)",1,0.245,1.85067,200,1,"-5:1;-4:3;-3:8;-2:27;-1:46;1:66;2:26;3:20;4:3",0.885
9112,3,9,11,"Draw(CCW,L0)",1,0.52,2.04685,200,1,"-5:1;-4:1;-3:14;-2:24;-1:33;1:68;2:26;3:20;4:9;5:4",-1.905
9112,3,9,12,"Draw(CW,L1)",1,-0.165,1.96412,200,1,"-5:2;-4:7;-3:14;-2:32;-1:46;1:57;2:31;3:6;4:5",-2
9112,3,9,13,"Draw(CCW,L1)",1,-0.205,1.78409,200,1,"-5:1;-4:5;-3:12;-2:38;-1:44;1:67;2:27;3:5;4:1",-2
9112,3,9,14,"Draw(CW,L2)",1,-0.095,1.94576,200,1,"-6:1;-4:5;-3:18;-2:23;-1:54;1:57;2:26;3:13;4:2;5:1",-2
9112,3,9,15,"Draw(CCW,L2)",1,-0.105,1.92197,200,1,"-5:3;-4:5;-3:12;-2:32;-1:45;1:62;2:28;3:11;4:2",-2
9112,3,9,16,"Draw(CW,L3)",1,-0.335,1.96539,200,1,"-6:1;-5:3;-4:8;-3:15;-2:32;-1:44;1:65;2:24;3:7;5:1",-2
9112,3,9,17,"Draw(CCW,L3)",1,-0.045,2.08158,200,1,"-5:2;-4:8;-3:15;-2:25;-1:49;1:55;2:24;3:14;4:8",-2
9112,3,9,18,"Draw(CW,L4)",1,0.095,1.85903,200,1,"-5:1;-4:3;-3:8;-2:31;-1:52;1:59;2:29;3:12;4:4;5:1",-2
9112,3,9,19,"Draw(CCW,L4)",1,-0.03,1.93368,200,1,"-6:1;-5:2;-4:5;-3:17;-2:18;-1:46;1:75;2:25;3:7;4:3;5:1",-2
9112,3,9,20,"Draw(CW,L5)",1,-0.195,1.78241,200,1,"-4:3;-3:15;-2:37;-1:49;1:64;2:22;3:7;4:3",-2
9112,3,9,21,"Draw(CCW,L5)",1,-0.1,1.81659,200,1,"-6:1;-5:1;-4:3;-3:11;-2:35;-1:45;1:67;2:29;3:6;4:2",-2
9112,3,9,22,"Draw(CW,L6)",1,0,1.77482,200,1,"-5:1;-4:4;-3:12;-2:21;-1:57;1:68;2:26;3:8;4:3",-2
9112,3,9,23,"Draw(CCW,L6)",1,-0.075,2.04924,200,1,"-6:1;-4:9;-3:15;-2:28;-1:43;1:62;2:24;3:12;4:5;5:1",-2
9112,3,9,24,"Draw(CW,L7)",1,-0.195,1.91232,200,1,"-5:1;-4:8;-3:12;-2:33;-1:48;1:67;2:18;3:7;4:6",-2
9112,3,9,25,"Draw(CCW,L7)",1,-0.035,2.02331,200,1,"-5:1;-4:10;-3:12;-2:24;-1:51;1:55;2:31;3:8;4:8",-2
9112,3,9,26,"PreGuard(CW,G3)",2,-0.39,1.80219,200,1,"-4:6;-3:18;-2:37;-1:52;1:57;2:21;3:9",-2
9112,3,9,27,"PreGuard(CCW,G3)",2,-0.175,1.83695,200,1,"-5:1;-4:3;-3:18;-2:35;-1:41;1:69;2:23;3:8;4:2",-2
9112,3,9,28,"PreGuard(CW,G4)",2,-0.65,1.92549,200,1,"-5:2;-4:10;-3:28;-2:30;-1:49;1:57;2:17;3:6;4:1",-2
9112,3,9,29,"PreGuard(CCW,G4)",2,-0.38,1.91196,200,1,"-6:1;-5:1;-4:8;-3:21;-2:32;-1:38;1:73;2:21;3:3;4:2",-2
9112,3,9,30,"PreGuard(CW,G5)",2,-0.395,2.07581,200,1,"-5:6;-4:8;-3:19;-2:28;-1:47;1:58;2:20;3:11;4:3",-2
9112,3,9,31,"PreGuard(CCW,G5)",2,-0.305,1.9473,200,1,"-6:1;-4:7;-3:26;-2:22;-1:46;0:1;1:66;2:21;3:7;4:3",-2
9112,3,9,32,"Hit(CW,2,TOUCH)",3,0.02,1.86537,200,1,"-4:2;-3:15;-2:30;-1:50;0:1;1:58;2:30;3:10;4:1;5:3",-2.765
9112,3,9,33,"Hit(CCW,2,TOUCH)",3,0.45,1.70807,200,1,"-4:1;-3:7;-2:16;-1:52;1:79;2:23;3:16;4:4;5:2",-1.115
9112,3,9,34,"Hit(CW,2,WEAK)",3,0.715,1.65643,200,1,"-3:5;-2:16;-1:39;1:88;2:25;3:18;4:8;5:1",-0.745
9112,3,9,35,"Hit(CCW,2,WEAK)",3,0.525,1.72319,200,1,"-4:2;-3:6;-2:14;-1:53;0:1;1:63;2:40;3:15;4:6",-0.305
9112,3,9,36,"Hit(CW,2,MIDDLE)",3,0.445,1.57701,200,1,"-4:2;-3:6;-2:15;-1:47;1:81;2:37;3:11;4:1",-0.815
9112,3,9,37,"Hit(CCW,2,MIDDLE)",3,0.845,1.75242,200,1,"-4:3;-3:5;-2:10;-1:40;1:69;2:41;3:23;4:9",-0.49
9112,3,9,38,"Hit(CW,2,STRONG)",3,0.53,1.69679,200,1,"-4:2;-3:5;-2:20;-1:43;1:73;2:35;3:19;4:3",-1.07
9112,3,9,39,"Hit(CCW,2,STRONG)",3,1.005,1.73925,200,1,"-3:4;-2:9;-1:44;0:1;1:64;2:41;3:21;4:14;5:2",-0.22
9112,3,9,40,"Freeze(CW,2)",4,0.015,1.96081,200,1,"-5:2;-4:3;-3:16;-2:24;-1:51;0:1;1:61;2:22;3:14;4:5;5:1",-2.89
9112,3,9,41,"Freeze(CCW,2)",4,0.1,1.90263,200,1,"-5:2;-4:2;-3:11;-2:25;-1:53;1:70;2:18;3:9;4:9;5:1",-1.73
9112,3,9,42,"Hit(CW,4,TOUCH)",3,0.17,1.78637,200,1,"-5:1;-4:3;-3:10;-2:25;-1:44;1:78;2:24;3:11;4:4",0.8
9112,3,9,43,"Hit(CCW,4,TOUCH)",3,0.245,1.79304,200,1,"-5:1;-4:3;-3:11;-2:18;-1:49;1:72;2:29;3:14;4:3",-0.44
9112,3,9,44,"Hit(CW,4,WEAK)",3,0.47,1.83005,200,1,"-4:1;-3:9;-2:22;-1:42;0:1;1:77;2:21;3:19;4:5;5:3",0.5
9112,3,9,45,"Hit(CCW,4,WEAK)",3,0.13,1.94759,200,1,"-5:1;-4:5;-3:8;-2:27;-1:55;0:1;1:53;2:26;3:17;4:7",0.355
9112,3,9,46,"Hit(CW,4,MIDDLE)",3,0.37,1.72717,200,1,"-4:3;-3:8;-2:22;-1:40;1:80;2:31;3:12;4:4",-0.18
9112,3,9,47,"Hit(CCW,4,MIDDLE)",3,0.05,1.8755,200,1,"-6:1;-5:1;-4:3;-3:15;-2:24;-1:45;1:64;2:35;3:11;4:1",-0.885
9112,3,9,48,"Hit(CW,4,STRONG)",3,0.555,1.45154,200,1,"-3:4;-2:13;-1:48;1:85;2:39;3:10;4:1",0.055
9112,3,9,49,"Hit(CCW,4,STRONG)",3,-0.12,1.72209,200,1,"-5:1;-4:3;-3:13;-2:24;-1:60;0:1;1:68;2:19;3:10;4:1",-0.835
9112,3,9,50,"Freeze(CW,4)",4,0.52,1.81648,200,1,"-4:2;-3:10;-2:16;-1:46;1:63;2:38;3:19;4:6",-0.785
9112,3,9,51,"Freeze(CCW,4)",4,0.375,1.75908,200,1,"-5:1;-4:3;-3:6;-2:16;-1:52;1:76;2:27;3:12;4:7",-0.94
9112,3,9,52,"Hit(CW,6,TOUCH)",3,-0.035,1.96055,200,1,"-5:1;-4:3;-3:10;-2:37;-1:55;1:50;2:23;3:12;4:8;5:1",-2.845
9112,3,9,53,"Hit(CCW,6,TOUCH)",3,0.2,2.0664,200,1,"-4:6;-3:8;-2:28;-1:54;1:59;2:15;3:14;4:13;5:3",-2.9
9112,3,9,54,"Hit(CW,6,WEAK)",3,0.46,1.84076,200,1,"-5:1;-4:2;-3:4;-2:23;-1:49;0:1;1:64;2:28;3:21;4:6;5:1",-1.185
9112,3,9,55,"Hit(CCW,6,WEAK)",3,0.58,1.95284,200,1,"-5:1;-4:4;-3:9;-2:14;-1:42;1:71;2:27;3:21;4:9;5:2",-1.065
9112,3,9,56,"Hit(CW,6,MIDDLE)",3,0.765,1.69109,200,1,"-3:7;-2:12;-1:43;1:71;2:39;3:20;4:8",-0.45
9112,3,9,57,"Hit(CCW,6,MIDDLE)",3,0.46,1.57747,200,1,"-4:3;-3:1;-2:20;-1:46;1:82;2:37;3:7;4:4",-1.11
9112,3,9,58,"Hit(CW,6,STRONG)",3,0.935,1.82504,200,1,"-4:2;-3:3;-2:15;-1:41;1:58;2:38;3:31;4:12",-0.38
9112,3,9,59,"Hit(CCW,6,STRONG)",3,0.51,1.48321,200,1,"-4:1;-3:3;-2:17;-1:45;1:85;2:38;3:11",-1.135
9112,3,9,60,"Freeze(CW,6)",4,-0.115,1.95749,200,1,"-5:1;-4:2;-3:17;-2:33;-1:55;1:50;2:20;3:17;4:4;5:1",-2.085
9112,3,9,61,"Freeze(CCW,6)",4,-0.075,1.85994,200,1,"-4:6;-3:12;-2:30;-1:52;0:1;1:59;2:26;3:10;4:4",-2.23
9112,3,9,62,"PostGuard(CW,3,0)",7,-0.12,1.88032,200,1,"-4:6;-3:13;-2:29;-1:58;1:51;2:29;3:11;4:2;5:1",-2
9112,3,9,63,"PostGuard(CCW,3,0)",7,-0.04,1.92572,200,1,"-5:2;-4:3;-3:16;-2:27;-1:49;1:61;2:28;3:9;4:4;5:1",-2
9112,3,9,64,"PostGuard(CW,3,1)",7,-0.09,1.91099,200,1,"-4:5;-3:12;-2:34;-1:54;1:55;2:21;3:14;4:4;5:1",-2
9112,3,9,65,"PostGuard(CCW,3,1)",7,-0.11,1.82425,200,1,"-5:1;-4:3;-3:15;-2:30;-1:52;1:59;2:29;3:9;4:2",-2
9112,3,9,66,"PostGuard(CW,3,2)",7,-0.125,1.876,200,1,"-5:2;-4:4;-3:16;-2:28;-1:48;0:1;1:63;2:26;3:10;4:2",-2
9112,3,9,67,"PostGuard(CCW,3,2)",7,-0.03,1.86791,200,1,"-5:2;-4:6;-3:9;-2:26;-1:54;1:60;2:31;3:9;4:3",-2
9112,3,9,68,"PostGuard(CW,9,0)",7,-0.375,2.05046,200,1,"-6:2;-5:2;-4:10;-3:17;-2:31;-1:41;1:69;2:16;3:8;4:4",-2
9112,3,9,69,"PostGuard(CCW,9,0)",7,-0.56,1.86987,200,1,"-5:1;-4:6;-3:27;-2:33;-1:51;1:61;2:13;3:5;4:2;5:1",-2
9112,3,9,70,"PostGuard(CW,9,1)",7,-0.63,2.20977,200,1,"-6:2;-5:5;-4:14;-3:22;-2:25;-1:50;1:49;2:21;3:8;4:2;5:2",-2
9112,3,9,71,"PostGuard(CCW,9,1)",7,-0.56,2.13223,200,1,"-6:2;-5:6;-4:11;-3:11;-2:38;-1:49;1:52;2:16;3:13;4:1;5:1",-2
9112,3,9,72,"PostGuard(CW,9,2)",7,-0.86,2.06649,200,1,"-6:2;-5:7;-4:7;-3:26;-2:35;-1:56;1:38;2:20;3:7;4:2",-2
9112,3,9,73,"PostGuard(CCW,9,2)",7,-0.755,2.0506,200,1,"-5:5;-4:9;-3:30;-2:35;-1:47;1:44;2:17;3:13",-2
9112,3,9,74,"Pass",0,-0.085,1.76289,200,1,"-5:2;-4:4;-3:11;-2:25;-1:54;1:73;2:22;3:7;4:2",-2
4157,3,12,0,"Draw(CW,TEE)",1,-2.445,1.72829,200,1,"-6:2;-5:18;-4:35;-3:54;-2:40;-1:30;1:18;2:2;3:1",-3.21
4157,3,12,1,"Draw(CCW,TEE)",1,-1.895,1.49465,200,1,"-5:7;-4:18;-3:32;-2:82;-1:40;1:16;2:3;3:2",-2.12
4157,3,12,2,"Draw(CW,S0)",1,-2.555,1.66342,200,1,"-6:2;-5:18;-4:44;-3:42;-2:48;-1:31;1:11;2:3;3:1",-2.965
4157,3,12,3,"Draw(CCW,S0)",1,-2.035,1.4261,200,1,"-6:3;-5:7;-4:14;-3:36;-2:84;-1:41;1:11;2:4",-2.16
4157,3,12,4,"Draw(CW,S2)",1,-2.245,1.3693,200,1,"-6:3;-5:6;-4:18;-3:55;-2:70;-1:38;1:7;2:2;3:1",-2
4157,3,12,5,"Draw(CCW,S2)",1,-2.14,1.75795,200,1,"-7:1;-5:9;-4:36;-3:45;-2:52;-1:27;1:27;2:2;3:1",-2
4157,3,12,6,"Draw(CW,S4)",1,-2.5,1.81659,200,1,"-6:8;-5:15;-4:36;-3:45;-2:48;-1:28;1:17;2:1;3:1;4:1",-3.11
4157,3,12,7,"Draw(CCW,S4)",1,-1.675,1.35254,200,1,"-6:1;-5:2;-4:7;-3:34;-2:86;-1:45;1:22;2:3",-2.155
4157,3,12,8,"Draw(CW,S6)",1,-1.95,1.60857,200,1,"-6:2;-5:3;-4:28;-3:45;-2:50;-1:45;1:25;2:2",-2
4157,3,12,9,"Draw(CCW,S6)",1,-2.32,1.54519,200,1,"-6:2;-5:12;-4:29;-3:45;-2:65;-1:30;1:15;2:2",-2
4157,3,12,10,"Draw(CW,L0)",1,-2.595,1.68255,200,1,"-6:5;-5:21;-4:34;-3:43;-2:60;-1:18;1:19",-2.245
4157,3,12,11,"Draw(CCW,L0)",1,-1.745,1.3784,200,1,"-5:4;-4:9;-3:38;-2:79;-1:48;1:18;2:3;3:1",-2.095
4157,3,12,12,"Draw(CW,L1)",1,-1.975,1.55704,200,1,"-6:2;-5:8;-4:17;-3:43;-2:65;-1:42;1:20;2:3",-1.945
4157,3,12,13,"Draw(CCW,L1)",1,-2.125,1.36359,200,1,"-6:2;-5:4;-4:17;-3:54;-2:72;-1:36;1:13;2:2",-2
4157,3,12,14,"Draw(CW,L2)",1,-2,1.54596,200,1,"-6:1;-5:8;-4:16;-3:49;-2:64;-1:42;1:15;2:4;4:1",-2
4157,3,12,15,"Draw(CCW,L2)",1,-1.955,1.64711,200,1,"-6:1;-5:5;-4:23;-3:54;-2:50;-1:40;1:22;2:3;3:2",-2
4157,3,12,16,"Draw(CW,L3)",1,-2.12,1.52499,200,1,"-6:2;-5:9;-4:20;-3:46;-2:70;-1:31;1:22",-2
4157,3,12,17,"Draw(CCW,L3)",1,-2.01,1.65828,200,1,"-6:2;-5:6;-4:26;-3:47;-2:51;-1:44;1:19;2:3;3:2",-2
4157,3,12,18,"Draw(CW,L4)",1,-2.25,1.42039,200,1,"-5:6;-4:33;-3:50;-2:57;-1:40;1:12;2:2",-2
4157,3,12,19,"Draw(CCW,L4)",1,-2.22,1.49385,200,1,"-6:1;-5:7;-4:30;-3:51;-2:57;-1:35;1:19",-2
4157,3,12,20,"Draw(CW,L5)",1,-2.295,1.45876,200,1,"-5:9;-4:25;-3:65;-2:54;-1:30;1:15;2:2",-2
4157,3,12,21,"Draw(CCW,L5)",1,-2.195,1.51887,200,1,"-6:1;-5:8;-4:30;-3:49;-2:52;-1:41;1:19",-2
4157,3,12,22,"Draw(CW,L6)",1,-2.12,1.62345,200,1,"-6:4;-5:7;-4:25;-3:42;-2:67;-1:31;1:22;2:2",-2
4157,3,12,23,"Draw(CCW,L6)",1,-2.015,1.59837,200,1,"-5:10;-4:30;-3:32;-2:59;-1:44;1:25",-2
4157,3,12,24,"Draw(CW,L7)",1,-2.105,1.47105,200,1,"-7:1;-5:3;-4:27;-3:47;-2:68;-1:36;1:15;2:2;3:1",-2
4157,3,12,25,"Draw(CCW,L7)",1,-2.26,1.59762,200,1,"-7:1;-6:1;-5:11;-4:27;-3:50;-2:57;-1:34;1:16;2:3",-2.005
4157,3,12,26,"PreGuard(CW,G3)",2,-1.92,1.75031,200,1,"-6:1;-5:7;-4:25;-3:44;-2:61;-1:31;1:22;2:7;3:2",-2
4157,3,12,27,"PreGuard(CCW,G3)",2,-1.89,1.69938,200,1,"-5:8;-4:28;-3:40;-2:47;-1:47;1:27;2:1;3:2",-2
4157,3,12,28,"PreGuard(CW,G4)",2,-2.62,1.30215,200,1,"-6:1;-5:10;-4:37;-3:59;-2:68;-1:17;1:6;2:2",-2
4157,3,12,29,"PreGuard(CCW,G4)",2,-2.7,1.26095,200,1,"-6:4;-5:15;-4:28;-3:58;-2:64;-1:29;1:2",-2
4157,3,12,30,"PreGuard(CW,G5)",2,-1.9,1.50665,200,1,"-6:1;-5:4;-4:18;-3:45;-2:67;-1:41;1:21;2:2;3:1",-2
4157,3,12,31,"PreGuard(CCW,G5)",2,-2.225,1.62308,200,1,"-6:2;-5:8;-4:36;-3:42;-2:56;-1:35;1:19;2:1;3:1",-2
4157,3,12,32,"Hit(CW,3,TOUCH)",3,-1.975,1.60137,200,1,"-6:3;-5:5;-4:17;-3:52;-2:60;-1:38;1:21;2:3;3:1",-2
4157,3,12,33,"Hit(CCW,3,TOUCH)",3,-1.86,1.42492,200,1,"-6:1;-5:4;-4:10;-3:46;-2:79;-1:37;1:19;2:4",-1.995
4157,3,12,34,"Hit(CW,3,WEAK)",3,-1.27,1.52548,200,1,"-5:1;-4:10;-3:26;-2:56;-1:68;1:32;2:5;3:1;4:1",-1.635
4157,3,12,35,"Hit(CCW,3,WEAK)",3,-0.83,1.56879,200,1,"-6:1;-4:1;-3:18;-2:53;-1:73;1:35;2:15;3:4",-1.15
4157,3,12,36,"Hit(CW,3,MIDDLE)",3,-0.855,1.82318,200,1,"-6:5;-4:6;-3:14;-2:46;-1:69;1:41;2:14;3:3;4:2",-0.185
4157,3,12,37,"Hit(CCW,3,MIDDLE)",3,-1.81,1.6982,200,1,"-6:1;-5:7;-4:19;-3:39;-2:63;-1:42;1:22;2:4;3:2;4:1",-1.905
4157,3,12,38,"Hit(CW,3,STRONG)",3,-0.935,1.65251,200,1,"-6:1;-5:1;-4:9;-3:15;-2:46;-1:76;1:34;2:15;3:3",-0.225
4157,3,12,39,"Hit(CCW,3,STRONG)",3,-1.71,1.43384,200,1,"-5:4;-4:11;-3:37;-2:71;-1:54;1:20;2:1;3:1;4:1",-1.91
4157,3,12,40,"Freeze(CW,3)",4,-1.78,1.70047,200,1,"-5:5;-4:24;-3:43;-2:53;-1:41;1:30;2:2;3:1;4:1",-2
4157,3,12,41,"Freeze(CCW,3)",4,-1.9,1.29228,200,1,"-6:1;-5:2;-4:12;-3:42;-2:82;-1:45;1:14;2:1;3:1",-2
4157,3,12,42,"Hit(CW,5,TOUCH)",3,-2.69,1.55367,200,1,"-6:5;-5:13;-4:41;-3:55;-2:55;-1:20;1:9;3:1;4:1",-2.005
4157,3,12,43,"Hit(CCW,5,TOUCH)",3,-1.97,1.7202,200,1,"-6:1;-5:9;-4:29;-3:39;-2:51;-1:42;1:25;2:3;3:1",-2.1
4157,3,12,44,"Hit(CW,5,WEAK)",3,-2.775,1.76192,200,1,"-6:9;-5:27;-4:33;-3:46;-2:45;-1:23;1:17",-2.67
4157,3,12,45,"Hit(CCW,5,WEAK)",3,-2.41,1.74124,200,1,"-6:5;-5:15;-4:40;-3:35;-2:48;-1:38;1:16;2:3",-2.925
4157,3,12,46,"Hit(CW,5,MIDDLE)",3,-2.01,1.81105,200,1,"-6:3;-5:9;-4:25;-3:50;-2:46;-1:36;1:26;2:2;3:3",-2.255
4157,3,12,47,"Hit(CCW,5,MIDDLE)",3,-2.8,1.77764,200,1,"-7:1;-6:12;-5:23;-4:37;-3:34;-2:50;-1:30;1:12;2:1",-2.66
4157,3,12,48,"Hit(CW,5,STRONG)",3,-1.76,1.88213,200,1,"-6:3;-5:8;-4:24;-3:38;-2:46;-1:40;1:37;2:2;3:1;4:1",-2.245
4157,3,12,49,"Hit(CCW,5,STRONG)",3,-2.67,1.73525,200,1,"-7:1;-6:9;-5:18;-4:31;-3:53;-2:45;-1:28;1:12;2:3",-2.52
4157,3,12,50,"Freeze(CW,5)",4,-2.435,1.52505,200,1,"-6:4;-5:17;-4:20;-3:51;-2:64;-1:31;1:12;2:1",-2
4157,3,12,51,"Freeze(CCW,5)",4,-1.915,1.70522,200,1,"-6:3;-5:8;-4:21;-3:39;-2:57;-1:44;1:23;2:4;3:1",-2.02
4157,3,12,52,"Hit(CW,7,TOUCH)",3,-2.425,1.5081,200,1,"-6:2;-5:17;-4:26;-3:46;-2:64;-1:32;1:12;2:1",-2
4157,3,12,53,"Hit(CCW,7,TOUCH)",3,-2.13,1.55342,200,1,"-6:1;-5:7;-4:21;-3:62;-2:54;-1:33;1:19;2:2;3:1",-2.135
4157,3,12,54,"Hit(CW,7,WEAK)",3,-3.405,1.62203,200,1,"-6:17;-5:34;-4:56;-3:38;-2:29;-1:20;1:5;2:1",-4.02
4157,3,12,55,"Hit(CCW,7,WEAK)",3,-3,1.78045,200,1,"-7:2;-6:11;-5:29;-4:33;-3:51;-2:46;-1:15;1:11;3:2",-3.405
4157,3,12,56,"Hit(CW,7,MIDDLE)",3,-2.805,1.65438,200,1,"-7:1;-6:9;-5:22;-4:34;-3:50;-2:40;-1:34;1:10",-2.54
4157,3,12,57,"Hit(CCW,7,MIDDLE)",3,-2.59,1.96263,200,1,"-7:1;-6:7;-5:25;-4:36;-3:43;-2:38;-1:26;1:17;2:7",-2.78
4157,3,12,58,"Hit(CW,7,STRONG)",3,-2.725,1.95176,200,1,"-7:3;-6:9;-5:27;-4:34;-3:41;-2:32;-1:34;1:18;2:2",-2.55
4157,3,12,59,"Hit(CCW,7,STRONG)",3,-2.38,1.97373,200,1,"-6:6;-5:18;-4:38;-3:49;-2:33;-1:22;1:31;2:3",-2.775
4157,3,12,60,"Freeze(CW,7)",4,-2.36,1.48674,200,1,"-6:1;-5:8;-4:36;-3:53;-2:54;-1:32;1:15;2:1",-2
4157,3,12,61,"Freeze(CCW,7)",4,-2.205,1.51095,200,1,"-6:1;-5:10;-4:21;-3:57;-2:57;-1:37;1:13;2:4",-2
4157,3,12,62,"Hit(CW,9,TOUCH)",3,-1.585,1.70375,200,1,"-5:6;-4:21;-3:28;-2:60;-1:45;1:35;2:4;3:1",-2.305
4157,3,12,63,"Hit(CCW,9,TOUCH)",3,-1.945,1.12782,200,1,"-5:2;-4:13;-3:38;-2:87;-1:50;1:9;2:1",-2.135
4157,3,12,64,"Hit(CW,9,WEAK)",3,-2.56,1.86183,200,1,"-6:14;-5:19;-4:28;-3:39;-2:41;-1:41;1:17;2:1",-3.19
4157,3,12,65,"Hit(CCW,9,WEAK)",3,-1.89,2.03664,200,1,"-7:1;-6:4;-5:11;-4:33;-3:29;-2:39;-1:46;1:26;2:8;3:3",-1.985
4157,3,12,66,"Hit(CW,9,MIDDLE)",3,-1.66,1.79287,200,1,"-6:1;-5:7;-4:24;-3:31;-2:47;-1:55;1:26;2:6;3:3",-1.465
4157,3,12,67,"Hit(CCW,9,MIDDLE)",3,-2.425,1.71592,200,1,"-6:5;-5:13;-4:41;-3:40;-2:44;-1:39;1:16;2:1;3:1",-2.69
4157,3,12,68,"Hit(CW,9,STRONG)",3,-1.82,1.77415,200,1,"-6:2;-5:8;-4:25;-3:34;-2:49;-1:52;1:22;2:7;4:1",-1.46
4157,3,12,69,"Hit(CCW,9,STRONG)",3,-2.37,1.87166,200,1,"-6:6;-5:17;-4:37;-3:40;-2:40;-1:34;1:24;2:1;3:1",-2.815
4157,3,12,70,"Freeze(CW,9)",4,-1.81,1.7504,200,1,"-6:3;-5:6;-4:20;-3:35;-2:71;-1:30;1:28;2:6;3:1",-2.195
4157,3,12,71,"Freeze(CCW,9)",4,-1.86,1.58442,200,1,"-6:2;-5:5;-4:17;-3:38;-2:73;-1:40;1:18;2:6;3:1",-2.09
4157,3,12,72,"Hit(CW,11,TOUCH)",3,-1.73,1.65744,200,1,"-6:3;-5:6;-4:15;-3:36;-2:59;-1:48;1:30;2:3",-2.355
4157,3,12,73,"Hit(CCW,11,TOUCH)",3,-2.37,1.53724,200,1,"-7:2;-6:2;-5:12;-4:21;-3:53;-2:64;-1:33;1:11;2:1;3:1",-2.16
4157,3,12,74,"Hit(CW,11,WEAK)",3,-2.55,2.11365,200,1,"-6:14;-5:30;-4:30;-3:28;-2:34;-1:35;1:28;3:1",-3.345
4157,3,12,75,"Hit(CCW,11,WEAK)",3,-2.685,1.79604,200,1,"-7:1;-6:9;-5:21;-4:34;-3:45;-2:50;-1:20;1:20",-3.19
4157,3,12,76,"Hit(CW,11,MIDDLE)",3,-2.005,1.83983,200,1,"-6:5;-5:16;-4:19;-3:37;-2:41;-1:55;1:21;2:6",-1.885
4157,3,12,77,"Hit(CCW,11,MIDDLE)",3,-1.865,1.68427,200,1,"-5:6;-4:30;-3:34;-2:56;-1:46;1:20;2:7;3:1",-2.17
4157,3,12,78,"Hit(CW,11,STRONG)",3,-1.82,1.93845,200,1,"-6:3;-5:13;-4:24;-3:35;-2:43;-1:42;1:34;2:4;3:2",-1.86
4157,3,12,79,"Hit(CCW,11,STRONG)",3,-1.795,1.72713,200,1,"-6:1;-5:9;-4:21;-3:41;-2:43;-1:53;1:26;2:6",-2.165
4157,3,12,80,"Freeze(CW,11)",4,-1.875,1.55222,200,1,"-6:2;-5:4;-4:18;-3:37;-2:76;-1:39;1:19;2:3;3:2",-2.045
4157,3,12,81,"Freeze(CCW,11)",4,-2.205,1.61027,200,1,"-6:4;-5:9;-4:24;-3:43;-2:67;-1:37;1:11;2:2;3:3",-2.01
4157,3,12,82,"PostGuard(CW,2,0)",7,-2.26,1.5692,200,1,"-6:3;-5:10;-4:25;-3:51;-2:61;-1:30;1:19;2:1",-2
4157,3,12,83,"PostGuard(CCW,2,0)",7,-2.17,1.61589,200,1,"-6:2;-5:10;-4:27;-3:48;-2:51;-1:42;1:16;2:4",-2
4157,3,12,84,"PostGuard(CW,2,1)",7,-2.225,1.27451,200,1,"-6:1;-5:5;-4:26;-3:39;-2:84;-1:36;1:7;2:2",-2
4157,3,12,85,"PostGuard(CCW,2,1)",7,-2.275,1.51966,200,1,"-6:3;-5:6;-4:33;-3:44;-2:65;-1:32;1:15;2:2",-2
4157,3,12,86,"PostGuard(CW,2,2)",7,-2.24,1.33507,200,1,"-6:2;-5:4;-4:26;-3:47;-2:75;-1:34;1:11;2:1",-2
4157,3,12,87,"PostGuard(CCW,2,2)",7,-2.33,1.46666,200,1,"-6:2;-5:12;-4:28;-3:37;-2:78;-1:30;1:12;3:1",-2
4157,3,12,88,"PostGuard(CW,6,0)",7,-2.36,1.597,200,1,"-6:2;-5:10;-4:40;-3:47;-2:46;-1:36;1:19",-2
4157,3,12,89,"PostGuard(CCW,6,0)",7,-2.2,1.63095,200,1,"-6:1;-5:8;-4:32;-3:55;-2:44;-1:39;1:18;2:2;4:1",-2
4157,3,12,90,"PostGuard(CW,6,1)",7,-2.36,1.52984,200,1,"-5:12;-4:35;-3:51;-2:53;-1:31;0:1;1:16;2:1",-2
4157,3,12,91,"PostGuard(CCW,6,1)",7,-2.29,1.50529,200,1,"-6:1;-5:12;-4:29;-3:44;-2:64;-1:33;1:17",-2
4157,3,12,92,"PostGuard(CW,6,2)",7,-2.32,1.56128,200,1,"-6:1;-5:9;-4:35;-3:54;-2:51;-1:30;1:19;2:1",-2
4157,3,12,93,"PostGuard(CCW,6,2)",7,-2.265,1.50824,200,1,"-6:2;-5:7;-4:33;-3:43;-2:65;-1:34;1:13;2:3",-2
4157,3,12,94,"PostGuard(CW,8,0)",7,-1.83,1.61589,200,1,"-5:6;-4:23;-3:39;-2:55;-1:51;1:19;2:6;3:1",-2.08
4157,3,12,95,"PostGuard(CCW,8,0)",7,-1.915,1.18228,200,1,"-5:2;-4:12;-3:42;-2:82;-1:49;1:12;2:1",-2.085
4157,3,12,96,"PostGuard(CW,8,1)",7,-2.3,1.45258,200,1,"-6:1;-5:7;-4:31;-3:54;-2:59;-1:32;1:15;2:1",-2
4157,3,12,97,"PostGuard(CCW,8,1)",7,-2.2,1.53948,200,1,"-6:2;-5:9;-4:26;-3:46;-2:63;-1:36;1:15;2:3",-2
4157,3,12,98,"PostGuard(CW,8,2)",7,-2.56,1.23952,200,1,"-5:7;-4:42;-3:52;-2:68;-1:24;1:7",-2
4157,3,12,99,"PostGuard(CCW,8,2)",7,-2.575,1.47458,200,1,"-5:14;-4:43;-3:53;-2:51;-1:26;1:12;2:1",-2
4157,3,12,100,"PostGuard(CW,10,0)",7,-2.28,1.22131,200,1,"-5:6;-4:25;-3:43;-2:89;-1:29;1:7;3:1",-2
4157,3,12,101,"PostGuard(CCW,10,0)",7,-2.28,1.28125,200,1,"-7:2;-6:1;-5:8;-4:18;-3:37;-2:93;-1:34;1:7",-2
4157,3,12,102,"PostGuard(CW,10,1)",7,-2.705,1.3069,200,1,"-6:1;-5:11;-4:44;-3:56;-2:66;-1:13;1:9",-2
4157,3,12,103,"PostGuard(CCW,10,1)",7,-2.525,1.17447,200,1,"-5:8;-4:41;-3:35;-2:88;-1:24;1:4",-2
4157,3,12,104,"PostGuard(CW,10,2)",7,-2.665,1.16309,200,1,"-7:1;-5:9;-4:41;-3:48;-2:76;-1:23;1:2",-2
4157,3,12,105,"PostGuard(CCW,10,2)",7,-2.455,1.25219,200,1,"-6:1;-5:5;-4:36;-3:51;-2:71;-1:29;1:6;2:1",-2
4157,3,12,106,"Pass",0,-2.17,1.59722,200,1,"-5:11;-4:27;-3:51;-2:52;-1:39;1:17;2:1;3:2",-2
7373,1,11,0,"Draw(CW,TEE)",1,0.625,1.73331,200,1,"-4:2;-3:4;-2:25;-1:32;1:69;2:54;3:10;4:2;6:2",1.005
7373,1,11,1,"Draw(CCW,TEE)",1,0.68,1.63634,200,1,"-4:3;-3:2;-2:14;-1:42;1:79;2:43;3:11;4:4;5:2",1.57
7373,1,11,2,"Draw(CW,S0)",1,0.365,1.71807,200,1,"-3:10;-2:15;-1:60;1:62;2:32;3:17;4:4",1
7373,1,11,3,"Draw(CCW,S0)",1,0.695,1.77819,200,1,"-5:1;-4:1;-3:4;-2:17;-1:46;1:56;2:47;3:22;4:6",1.82
7373,1,11,4,"Draw(CW,S2)",1,0.245,1.46116,200,1,"-3:6;-2:22;-1:49;1:92;2:26;3:4;4:1",1
7373,1,11,5,"Draw(CCW,S2)",1,0.41,1.64375,200,1,"-4:2;-3:11;-2:14;-1:42;1:81;2:40;3:8;4:2",1
7373,1,11,6,"Draw(CW,S4)",1,0.52,1.79989,200,1,"-3:7;-2:28;-1:40;1:57;2:47;3:16;4:3;5:2",0.99
7373,1,11,7,"Draw(CCW,S4)",1,0.975,1.70129,200,1,"-4:1;-3:2;-2:14;-1:39;1:60;2:50;3:26;4:6;5:2",1.76
7373,1,11,8,"Draw(CW,S6)",1,0.37,1.6072,200,1,"-4:1;-3:13;-2:17;-1:35;1:90;2:37;3:6;4:1",1
7373,1,11,9,"Draw(CCW,S6)",1,0.48,1.47296,200,1,"-3:3;-2:20;-1:44;1:89;2:34;3:8;4:2",1
7373,1,11,10,"Draw(CW,L0)",1,0.245,1.79024,200,1,"-5:1;-4:3;-3:7;-2:14;-1:65;1:68;2:22;3:14;4:4;5:2",0.985
7373,1,11,11,"Draw(CCW,L0)",1,1.22,1.6345,200,1,"-3:1;-2:6;-1:40;1:65;2:49;3:26;4:8;5:4;6:1",1.29
7373,1,11,12,"Draw(CW,L1)",1,0.29,1.53163,200,1,"-4:1;-3:9;-2:13;-1:53;1:91;2:25;3:5;4:3",0.99
7373,1,11,13,"Draw(CCW,L1)",1,0.195,1.63002,200,1,"-4:4;-3:8;-2:20;-1:47;1:83;2:34;3:1;4:3",1
7373,1,11,14,"Draw(CW,L2)",1,0.435,1.35491,200,1,"-3:5;-2:13;-1:47;1:98;2:34;3:3",1
7373,1,11,15,"Draw(CCW,L2)",1,0.48,1.41053,200,1,"-4:1;-3:5;-2:10;-1:47;1:102;2:27;3:6;4:2",1
7373,1,11,16,"Draw(CW,L3)",1,0.44,1.72522,200,1,"-4:1;-3:10;-2:19;-1:40;1:85;2:29;3:9;4:5;5:2",1
7373,1,11,17,"Draw(CCW,L3)",1,0.425,1.49143,200,1,"-4:1;-3:4;-2:20;-1:42;1:92;2:34;3:6;5:1",1
7373,1,11,18,"Draw(CW,L4)",1,0.495,1.58429,200,1,"-4:1;-3:6;-2:21;-1:35;1:94;2:28;3:12;4:3",1
7373,1,11,19,"Draw(CCW,L4)",1,0.505,1.5297,200,1,"-3:6;-2:19;-1:38;1:94;2:32;3:8;4:2;5:1",1
7373,1,11,20,"Draw(CW,L5)",1,0.31,1.4401,200,1,"-4:1;-3:3;-2:21;-1:48;1:97;2:23;3:6;4:1",1
7373,1,11,21,"Draw(CCW,L5)",1,0.395,1.60903,200,1,"-4:1;-3:9;-2:18;-1:41;1:90;2:30;3:8;4:2;5:1",1
7373,1,11,22,"Draw(CW,L6)",1,0.3,1.59687,200,1,"-4:1;-3:6;-2:19;-1:56;1:70;2:43;3:2;4:1;5:2",1
7373,1,11,23,"Draw(CCW,L6)",1,0.315,1.39132,200,1,"-4:1;-3:5;-2:16;-1:49;1:96;2:32;3:1",1
7373,1,11,24,"Draw(CW,L7)",1,0.48,1.40342,200,1,"-3:8;-2:12;-1:39;1:106;2:28;3:7",1
7373,1,11,25,"Draw(CCW,L7)",1,0.265,1.61393,200,1,"-5:2;-4:1;-3:9;-2:16;-1:46;1:86;2:35;3:4;4:1",1
7373,1,11,26,"PreGuard(CW,G3)",2,0.465,1.39599,200,1,"-4:1;-3:3;-2:20;-1:36;1:101;2:37;3:1;4:1",1
7373,1,11,27,"PreGuard(CCW,G3)",2,0.415,1.55009,200,1,"-5:1;-3:7;-2:21;-1:35;1:94;2:37;3:2;4:3",1
7373,1,11,28,"PreGuard(CW,G4)",2,0.635,1.34973,200,1,"-3:3;-2:20;-1:25;1:109;2:38;3:4;4:1",1
7373,1,11,29,"PreGuard(CCW,G4)",2,0.525,1.42105,200,1,"-4:1;-3:6;-2:17;-1:30;1:106;2:35;3:5",1
7373,1,11,30,"PreGuard(CW,G5)",2,0.36,1.50346,200,1,"-4:2;-3:4;-2:23;-1:38;1:98;2:28;3:6;4:1",1
7373,1,11,31,"PreGuard(CCW,G5)",2,0.43,1.41248,200,1,"-3:5;-2:14;-1:48;1:96;2:33;3:2;4:1;5:1",1
7373,1,11,32,"Hit(CW,2,TOUCH)",3,0.155,1.8141,200,1,"-4:3;-3:4;-2:27;-1:66;1:55;2:24;3:13;4:7;5:1",0.95
7373,1,11,33,"Hit(CCW,2,TOUCH)",3,1.22,1.53023,200,1,"-3:5;-2:7;-1:22;1:77;2:62;3:19;4:4;5:3;6:1",1.015
7373,1,11,34,"Hit(CW,2,WEAK)",3,0.6,1.86279,200,1,"-4:2;-3:3;-2:29;-1:36;1:70;2:34;3:15;4:8;5:2;6:1",1.1
7373,1,11,35,"Hit(CCW,2,WEAK)",3,0.43,1.71029,200,1,"-4:2;-3:8;-2:19;-1:45;1:71;2:38;3:14;4:3",1
7373,1,11,36,"Hit(CW,2,MIDDLE)",3,0.79,1.67209,200,1,"-3:5;-2:11;-1:44;1:81;2:33;3:15;4:8;5:3",1.04
7373,1,11,37,"Hit(CCW,2,MIDDLE)",3,0.8,1.56844,200,1,"-3:5;-2:10;-1:42;1:78;2:41;3:19;4:5",1.155
7373,1,11,38,"Hit(CW,2,STRONG)",3,0.53,1.67902,200,1,"-3:5;-2:21;-1:44;1:83;2:27;3:13;4:4;5:3",1.025
7373,1,11,39,"Hit(CCW,2,STRONG)",3,0.735,1.75065,200,1,"-4:1;-3:4;-2:18;-1:43;0:1;1:62;2:41;3:23;4:6;5:1",1.155
7373,1,11,40,"Freeze(CW,2)",4,0.035,1.65643,200,1,"-3:8;-2:27;-1:66;0:1;1:59;2:31;3:4;4:3;6:1",0.82
7373,1,11,41,"Freeze(CCW,2)",4,1.215,1.47607,200,1,"-4:1;-3:1;-2:12;-1:19;1:76;2:65;3:20;4:3;5:3",1.015
7373,1,11,42,"Hit(CW,4,TOUCH)",3,0.96,1.64268,200,1,"-3:4;-2:9;-1:43;1:63;2:51;3:21;4:8;5:1",1.445
7373,1,11,43,"Hit(CCW,4,TOUCH)",3,1.19,1.58553,200,1,"-2:11;-1:32;1:73;2:49;3:25;4:5;5:4;6:1",1.31
7373,1,11,44,"Hit(CW,4,WEAK)",3,0.94,1.76816,200,1,"-5:1;-4:1;-3:2;-2:10;-1:40;1:83;2:30;3:19;4:8;5:5;6:1",1.425
7373,1,11,45,"Hit(CCW,4,WEAK)",3,0.75,1.78536,200,1,"-3:5;-2:19;-1:42;1:65;2:43;3:12;4:12;5:2",0.99
7373,1,11,46,"Hit(CW,4,MIDDLE)",3,1.1,1.99249,200,1,"-3:7;-2:13;-1:42;1:48;2:37;3:30;4:18;5:5",0.885
7373,1,11,47,"Hit(CCW,4,MIDDLE)",3,1.025,1.67761,200,1,"-3:3;-2:9;-1:40;1:77;2:37;3:18;4:13;5:3",0.99
7373,1,11,48,"Hit(CW,4,STRONG)",3,0.96,1.80233,200,1,"-3:2;-2:20;-1:36;1:67;2:37;3:24;4:9;5:5",0.95
7373,1,11,49,"Hit(CCW,4,STRONG)",3,0.855,1.75042,200,1,"-4:1;-3:2;-2:12;-1:47;1:75;2:31;3:18;4:9;5:5",0.795
7373,1,11,50,"Freeze(CW,4)",4,0.85,1.52233,200,1,"-5:1;-3:2;-2:15;-1:30;1:85;2:50;3:13;4:3;5:1",1.28
7373,1,11,51,"Freeze(CCW,4)",4,0.935,1.52012,200,1,"-3:4;-2:7;-1:38;1:84;2:41;3:21;4:3;5:2",1.165
7373,1,11,52,"Hit(CW,6,TOUCH)",3,0.495,1.54595,200,1,"-4:1;-3:3;-2:19;-1:45;1:84;2:38;3:6;4:3;5:1",1.005
7373,1,11,53,"Hit(CCW,6,TOUCH)",3,0.01,1.81381,200,1,"-4:6;-3:14;-2:27;-1:41;1:71;2:32;3:8;4:1",0.99
7373,1,11,54,"Hit(CW,6,WEAK)",3,0.735,1.68961,200,1,"-3:3;-2:15;-1:48;1:70;2:41;3:14;4:7;6:2",1.245
7373,1,11,55,"Hit(CCW,6,WEAK)",3,0.98,1.81373,200,1,"-3:5;-2:17;-1:31;1:78;2:30;3:23;4:11;5:5",1.375
7373,1,11,56,"Hit(CW,6,MIDDLE)",3,0.495,1.96468,200,1,"-4:4;-3:4;-2:26;-1:45;1:65;2:29;3:11;4:12;5:4",0.195
7373,1,11,57,"Hit(CCW,6,MIDDLE)",3,1.195,1.71959,200,1,"-3:2;-2:5;-1:45;1:56;2:56;3:21;4:8;5:5;6:2",1.21
7373,1,11,58,"Hit(CW,6,STRONG)",3,0.49,1.97735,200,1,"-4:2;-3:10;-2:19;-1:49;1:63;2:34;3:8;4:7;5:8",0.245
7373,1,11,59,"Hit(CCW,6,STRONG)",3,1.225,1.73331,200,1,"-3:1;-2:14;-1:32;1:62;2:47;3:30;4:10;5:3;7:1",1.085
7373,1,11,60,"Freeze(CW,6)",4,0.58,1.46751,200,1,"-4:1;-3:3;-2:16;-1:38;1:98;2:36;3:5;4:1;5:2",1
7373,1,11,61,"Freeze(CCW,6)",4,0.355,1.59968,200,1,"-3:8;-2:16;-1:52;1:86;2:30;3:3;4:1;5:4",1
7373,1,11,62,"Hit(CW,8,TOUCH)",3,0.305,1.60374,200,1,"-3:2;-2:25;-1:60;1:69;2:29;3:10;4:5",0.96
7373,1,11,63,"Hit(CCW,8,TOUCH)",3,0.715,1.50458,200,1,"-3:5;-2:13;-1:39;1:76;2:58;3:6;4:2;5:1",1
7373,1,11,64,"Hit(CW,8,WEAK)",3,0.41,1.79775,200,1,"-4:4;-3:3;-2:28;-1:41;1:73;2:28;3:18;4:4;5:1",1.015
7373,1,11,65,"Hit(CCW,8,WEAK)",3,0.36,1.71476,200,1,"-5:2;-4:4;-3:5;-2:18;-1:40;1:89;2:29;3:10;4:3",1.005
7373,1,11,66,"Hit(CW,8,MIDDLE)",3,0.685,1.79604,200,1,"-3:4;-2:15;-1:53;1:73;2:25;3:17;4:8;5:4;6:1",1.03
7373,1,11,67,"Hit(CCW,8,MIDDLE)",3,0.96,1.68772,200,1,"-3:3;-2:15;-1:36;1:73;2:38;3:22;4:13",1.135
7373,1,11,68,"Hit(CW,8,STRONG)",3,0.355,1.76606,200,1,"-4:2;-3:4;-2:27;-1:50;1:67;2:29;3:15;4:5;5:1",1.025
7373,1,11,69,"Hit(CCW,8,STRONG)",3,0.895,1.63523,200,1,"-4:2;-3:3;-2:8;-1:42;1:72;2:46;3:18;4:9",1.19
7373,1,11,70,"Freeze(CW,8)",4,0.57,1.57006,200,1,"-3:5;-2:19;-1:38;1:92;2:32;3:9;4:3;5:2",1
7373,1,11,71,"Freeze(CCW,8)",4,0.61,1.51588,200,1,"-4:1;-3:4;-2:15;-1:41;1:83;2:44;3:10;4:2",1
7373,1,11,72,"PostGuard(CW,3,0)",7,0.31,1.58553,200,1,"-4:2;-3:8;-2:19;-1:43;1:93;2:26;3:6;4:3",1
7373,1,11,73,"PostGuard(CCW,3,0)",7,0.275,1.67014,200,1,"-4:1;-3:7;-2:21;-1:55;1:75;2:27;3:10;4:2;5:2",1
7373,1,11,74,"PostGuard(CW,3,1)",7,0.65,1.27574,200,1,"-3:4;-2:8;-1:37;1:116;2:28;3:5;4:2",1
7373,1,11,75,"PostGuard(CCW,3,1)",7,0.48,1.48983,200,1,"-4:2;-3:4;-2:15;-1:40;1:102;2:32;3:3;4:1;7:1",1
7373,1,11,76,"PostGuard(CW,3,2)",7,0.365,1.43589,200,1,"-4:1;-3:9;-2:13;-1:40;1:110;2:22;3:4;4:1",1
7373,1,11,77,"PostGuard(CCW,3,2)",7,0.53,1.44191,200,1,"-4:1;-3:4;-2:13;-1:44;1:93;2:39;3:3;4:3",1
7373,1,11,78,"PostGuard(CW,5,0)",7,0.485,1.59053,200,1,"-3:11;-2:15;-1:38;1:85;2:44;3:5;5:2",1
7373,1,11,79,"PostGuard(CCW,5,0)",7,0.515,1.5329,200,1,"-4:1;-3:5;-2:14;-1:45;1:93;2:29;3:8;4:5",1
7373,1,11,80,"PostGuard(CW,5,1)",7,0.285,1.72736,200,1,"-5:1;-4:2;-3:11;-2:17;-1:45;1:82;2:32;3:5;4:4;5:1",1
7373,1,11,81,"PostGuard(CCW,5,1)",7,0.415,1.48417,200,1,"-4:1;-3:5;-2:19;-1:41;1:96;2:31;3:5;4:2",1
7373,1,11,82,"PostGuard(CW,5,2)",7,0.26,1.653,200,1,"-5:1;-4:1;-3:5;-2:31;-1:39;1:80;2:34;3:7;4:2",1
7373,1,11,83,"PostGuard(CCW,5,2)",7,0.215,1.6519,200,1,"-4:2;-3:11;-2:16;-1:52;1:84;2:27;3:3;4:4;5:1",1
7373,1,11,84,"PostGuard(CW,7,0)",7,0.68,1.46205,200,1,"-4:1;-3:2;-2:14;-1:38;1:96;2:36;3:8;4:5",1
7373,1,11,85,"PostGuard(CCW,7,0)",7,0.555,1.51558,200,1,"-3:8;-2:13;-1:37;1:101;2:34;3:1;4:4;5:2",1
7373,1,11,86,"PostGuard(CW,7,1)",7,0.595,1.32324,200,1,"-3:5;-2:8;-1:42;1:106;2:31;3:8",1
7373,1,11,87,"PostGuard(CCW,7,1)",7,0.55,1.48913,200,1,"-5:1;-4:2;-3:2;-2:15;-1:38;1:97;2:37;3:6;4:2",1
7373,1,11,88,"PostGuard(CW,7,2)",7,0.64,1.52656,200,1,"-4:1;-3:3;-2:15;-1:40;1:89;2:42;3:3;4:6;5:1",1
7373,1,11,89,"PostGuard(CCW,7,2)",7,0.555,1.47206,200,1,"-4:1;-3:6;-2:9;-1:45;1:94;2:37;3:5;4:2;5:1",1
7373,1,11,90,"PostGuard(CW,9,0)",7,0.61,1.53229,200,1,"-3:7;-2:17;-1:32;1:94;2:38;3:11;6:1",1
7373,1,11,91,"PostGuard(CCW,9,0)",7,0.715,1.55363,200,1,"-4:1;-3:3;-2:17;-1:35;1:84;2:43;3:14;4:2;5:1",1
7373,1,11,92,"PostGuard(CW,9,1)",7,0.79,1.4683,200,1,"-3:2;-2:8;-1:47;1:85;2:38;3:14;4:6",1
7373,1,11,93,"PostGuard(CCW,9,1)",7,0.54,1.4207,200,1,"-3:1;-2:17;-1:47;1:90;2:37;3:4;4:4",1
7373,1,11,94,"PostGuard(CW,9,2)",7,0.535,1.3852,200,1,"-3:3;-2:12;-1:48;1:97;2:32;3:5;4:3",1
7373,1,11,95,"PostGuard(CCW,9,2)",7,0.475,1.38902,200,1,"-4:1;-3:1;-2:20;-1:39;1:104;2:31;3:2;4:1;5:1",1
7373,1,11,96,"PostGuard(CW,11,0)",7,0.745,1.49999,200,1,"-4:2;-3:7;-2:11;-1:21;1:114;2:35;3:6;4:2;5:1;6:1",1
7373,1,11,97,"PostGuard(CCW,11,0)",7,0.645,1.49966,200,1,"-3:6;-2:23;-1:20;1:101;2:41;3:6;4:3",1
7373,1,11,98,"PostGuard(CW,11,1)",7,0.21,1.4408,200,1,"-3:12;-2:20;-1:36;1:111;2:20;3:1",1
7373,1,11,99,"PostGuard(CCW,11,1)",7,0.345,1.46491,200,1,"-3:7;-2:23;-1:35;1:106;2:24;3:4;5:1",1
7373,1,11,100,"PostGuard(CW,11,2)",7,0.495,1.51657,200,1,"-4:1;-3:5;-2:19;-1:35;1:101;2:33;3:3;4:1;5:1;6:1",1
7373,1,11,101,"PostGuard(CCW,11,2)",7,0.405,1.42512,200,1,"-3:3;-2:23;-1:40;1:99;2:30;3:4;5:1",1
7373,1,11,102,"Pass",0,0.395,1.59655,200,1,"-5:1;-3:6;-2:20;-1:43;1:91;2:29;3:4;4:6",1
7173,4,15,0,"Draw(CW,TEE)",1,1.72,0.448999,200,1,"1:56;2:144",1.72
7173,4,15,1,"Draw(CCW,TEE)",1,1.135,0.341724,200,1,"1:173;2:27",1.135
7173,4,15,2,"Draw(CW,S0)",1,1.89,0.31289,200,1,"1:22;2:178",1.89
7173,4,15,3,"Draw(CCW,S0)",1,1.35,0.47697,200,1,"1:130;2:70",1.35
7173,4,15,4,"Draw(CW,S2)",1,2,0,200,1,"2:200",2
7173,4,15,5,"Draw(CCW,S2)",1,2,0,200,1,"2:200",2
7173,4,15,6,"Draw(CW,S4)",1,1.855,0.352101,200,1,"1:29;2:171",1.855
7173,4,15,7,"Draw(CCW,S4)",1,1.275,0.446514,200,1,"1:145;2:55",1.275
7173,4,15,8,"Draw(CW,S6)",1,2,0,200,1,"2:200",2
7173,4,15,9,"Draw(CCW,S6)",1,2,0,200,1,"2:200",2
7173,4,15,10,"Draw(CW,L0)",1,1.99,0.0994987,200,1,"1:2;2:198",1.99
7173,4,15,11,"Draw(CCW,L0)",1,1.775,0.417582,200,1,"1:45;2:155",1.775
7173,4,15,12,"Draw(CW,L1)",1,2,0,200,1,"2:200",2
7173,4,15,13,"Draw(CCW,L1)",1,2,0,200,1,"2:200",2
7173,4,15,14,"Draw(CW,L2)",1,2,0,200,1,"2:200",2
7173,4,15,15,"Draw(CCW,L2)",1,2,0,200,1,"2:200",2
7173,4,15,16,"Draw(CW,L3)",1,2,0,200,1,"2:200",2
7173,4,15,17,"Draw(CCW,L3)",1,2,0,200,1,"2:200",2
7173,4,15,18,"Draw(CW,L4)",1,2,0,200,1,"2:200",2
7173,4,15,19,"Draw(CCW,L4)",1,2,0,200,1,"2:200",2
7173,4,15,20,"Draw(CW,L5)",1,2,0,200,1,"2:200",2
7173,4,15,21,"Draw(CCW,L5)",1,2,0,200,1,"2:200",2
7173,4,15,22,"Draw(CW,L6)",1,2,0,200,1,"2:200",2
7173,4,15,23,"Draw(CCW,L6)",1,2,0,200,1,"2:200",2
7173,4,15,24,"Draw(CW,L7)",1,2,0,200,1,"2:200",2
7173,4,15,25,"Draw(CCW,L7)",1,1.995,0.0705337,200,1,"1:1;2:199",1.995
7173,4,15,26,"PreGuard(CW,G3)",2,2,0,200,1,"2:200",2
7173,4,15,27,"PreGuard(CCW,G3)",2,2,0,200,1,"2:200",2
7173,4,15,28,"PreGuard(CW,G4)",2,2,0,200,1,"2:200",2
7173,4,15,29,"PreGuard(CCW,G4)",2,2,0,200,1,"2:200",2
7173,4,15,30,"PreGuard(CW,G5)",2,2,0,200,1,"2:200",2
7173,4,15,31,"PreGuard(CCW,G5)",2,2,0,200,1,"2:200",2
7173,4,15,32,"Hit(CW,0,TOUCH)",3,2,0,200,1,"2:200",2
7173,4,15,33,"Hit(CCW,0,TOUCH)",3,1.045,0.207304,200,1,"1:191;2:9",1.045
7173,4,15,34,"Hit(CW,0,WEAK)",3,1.655,0.475368,200,1,"1:69;2:131",1.655
7173,4,15,35,"Hit(CCW,0,WEAK)",3,1.1,0.3,200,1,"1:180;2:20",1.1
7173,4,15,36,"Hit(CW,0,MIDDLE)",3,0.625,0.808934,200,1,"-1:39;1:158;2:3",0.625
7173,4,15,37,"Hit(CCW,0,MIDDLE)",3,1.44,0.496387,200,1,"1:112;2:88",1.44
7173,4,15,38,"Hit(CW,0,STRONG)",3,0.615,0.816563,200,1,"-1:40;1:157;2:3",0.615
7173,4,15,39,"Hit(CCW,0,STRONG)",3,1.45,0.497494,200,1,"1:110;2:90",1.45
7173,4,15,40,"Freeze(CW,0)",4,1.995,0.0705337,200,1,"1:1;2:199",1.995
7173,4,15,41,"Freeze(CCW,0)",4,1.135,0.341724,200,1,"1:173;2:27",1.135
7173,4,15,42,"Hit(CW,2,TOUCH)",3,1.995,0.0705337,200,1,"1:1;2:199",1.995
7173,4,15,43,"Hit(CCW,2,TOUCH)",3,2,0,200,1,"2:200",2
7173,4,15,44,"Hit(CW,2,WEAK)",3,1.09,0.878578,200,1,"-1:23;1:113;2:64",1.09
7173,4,15,45,"Hit(CCW,2,WEAK)",3,1.435,0.495757,200,1,"1:113;2:87",1.435
7173,4,15,46,"Hit(CW,2,MIDDLE)",3,0.21,1.40567,200,1,"-2:39;-1:35;1:97;2:29",0.21
7173,4,15,47,"Hit(CCW,2,MIDDLE)",3,-0.66,0.79019,200,1,"-2:2;-1:164;1:32;2:2",-0.66
7173,4,15,48,"Hit(CW,2,STRONG)",3,0.02,1.34521,200,1,"-2:40;-1:45;1:101;2:14",0.02
7173,4,15,49,"Hit(CCW,2,STRONG)",3,-0.7,0.714143,200,1,"-1:170;1:30",-0.7
7173,4,15,50,"Freeze(CW,2)",4,1.995,0.0705337,200,1,"1:1;2:199",1.995
7173,4,15,51,"Freeze(CCW,2)",4,2,0,200,1,"2:200",2
7173,4,15,52,"Hit(CW,4,TOUCH)",3,2,0,200,1,"2:200",2
7173,4,15,53,"Hit(CCW,4,TOUCH)",3,2,0,200,1,"2:200",2
7173,4,15,54,"Hit(CW,4,WEAK)",3,1.255,0.435861,200,1,"1:149;2:51",1.255
7173,4,15,55,"Hit(CCW,4,WEAK)",3,1.455,0.497971,200,1,"1:109;2:91",1.455
7173,4,15,56,"Hit(CW,4,MIDDLE)",3,1.185,0.469867,200,1,"1:170;2:23;3:7",1.185
7173,4,15,57,"Hit(CCW,4,MIDDLE)",3,1.395,0.590741,200,1,"1:132;2:57;3:11",1.395
7173,4,15,58,"Hit(CW,4,STRONG)",3,1.16,0.429418,200,1,"1:173;2:22;3:5",1.16
7173,4,15,59,"Hit(CCW,4,STRONG)",3,1.445,0.613983,200,1,"1:124;2:63;3:13",1.445
7173,4,15,60,"Freeze(CW,4)",4,2,0,200,1,"2:200",2
7173,4,15,61,"Freeze(CCW,4)",4,2,0,200,1,"2:200",2
7173,4,15,62,"Hit(CW,6,TOUCH)",3,2,0,200,1,"2:200",2
7173,4,15,63,"Hit(CCW,6,TOUCH)",3,2,0,200,1,"2:200",2
7173,4,15,64,"Hit(CW,6,WEAK)",3,1.455,0.606609,200,1,"-1:4;1:97;2:99",1.455
7173,4,15,65,"Hit(CCW,6,WEAK)",3,1.4,0.6,200,1,"-1:4;1:108;2:88",1.4
7173,4,15,66,"Hit(CW,6,MIDDLE)",3,0.14,1.14473,200,1,"-2:8;-1:81;1:97;2:14",0.14
7173,4,15,67,"Hit(CCW,6,MIDDLE)",3,-0.24,1.04995,200,1,"-3:1;-2:6;-1:114;1:77;2:2",-0.24
7173,4,15,68,"Hit(CW,6,STRONG)",3,0.33,1.11853,200,1,"-2:8;-1:63;1:113;2:16",0.33
7173,4,15,69,"Hit(CCW,6,STRONG)",3,-0.365,1.10985,200,1,"-3:2;-2:16;-1:110;1:69;2:3",-0.365
7173,4,15,70,"Freeze(CW,6)",4,2,0,200,1,"2:200",2
7173,4,15,71,"Freeze(CCW,6)",4,2,0,200,1,"2:200",2
7173,4,15,72,"Hit(CW,8,TOUCH)",3,1.075,0.263391,200,1,"1:185;2:15",1.075
7173,4,15,73,"Hit(CCW,8,TOUCH)",3,1.445,0.496966,200,1,"1:111;2:89",1.445
7173,4,15,74,"Hit(CW,8,WEAK)",3,0.98,0.198997,200,1,"-1:2;1:198",0.98
7173,4,15,75,"Hit(CCW,8,WEAK)",3,0.95,0.31225,200,1,"-1:5;1:195",0.95
7173,4,15,76,"Hit(CW,8,MIDDLE)",3,0.57,0.85738,200,1,"-1:45;1:151;2:4",0.57
7173,4,15,77,"Hit(CCW,8,MIDDLE)",3,0.85,0.526783,200,1,"-1:15;1:185",0.85
7173,4,15,78,"Hit(CW,8,STRONG)",3,0.515,0.916392,200,1,"-1:52;1:141;2:7",0.515
7173,4,15,79,"Hit(CCW,8,STRONG)",3,0.75,0.661438,200,1,"-1:25;1:175",0.75
7173,4,15,80,"Freeze(CW,8)",4,1.475,0.499375,200,1,"1:105;2:95",1.475
7173,4,15,81,"Freeze(CCW,8)",4,1.81,0.392301,200,1,"1:38;2:162",1.81
7173,4,15,82,"Hit(CW,10,TOUCH)",3,2,0,200,1,"2:200",2
7173,4,15,83,"Hit(CCW,10,TOUCH)",3,2,0,200,1,"2:200",2
7173,4,15,84,"Hit(CW,10,WEAK)",3,1.94,0.237487,200,1,"1:12;2:188",1.94
7173,4,15,85,"Hit(CCW,10,WEAK)",3,1.985,0.121552,200,1,"1:3;2:197",1.985
7173,4,15,86,"Hit(CW,10,MIDDLE)",3,1.465,0.498773,200,1,"1:107;2:93",1.465
7173,4,15,87,"Hit(CCW,10,MIDDLE)",3,1.045,0.230163,200,1,"1:192;2:7;3:1",1.045
7173,4,15,88,"Hit(CW,10,STRONG)",3,1.425,0.551702,200,1,"-1:2;1:109;2:89",1.425
7173,4,15,89,"Hit(CCW,10,STRONG)",3,1.035,0.18378,200,1,"1:193;2:7",1.035
7173,4,15,90,"Freeze(CW,10)",4,2,0,200,1,"2:200",2
7173,4,15,91,"Freeze(CCW,10)",4,2,0,200,1,"2:200",2
7173,4,15,92,"Hit(CW,12,TOUCH)",3,1.395,0.488851,200,1,"1:121;2:79",1.395
7173,4,15,93,"Hit(CCW,12,TOUCH)",3,1.395,0.488851,200,1,"1:121;2:79",1.395
7173,4,15,94,"Hit(CW,12,WEAK)",3,1,0,200,1,"1:200",1
7173,4,15,95,"Hit(CCW,12,WEAK)",3,1,0,200,1,"1:200",1
7173,4,15,96,"Hit(CW,12,MIDDLE)",3,0.715,0.770568,200,1,"-1:32;1:161;2:7",0.715
7173,4,15,97,"Hit(CCW,12,MIDDLE)",3,0.695,0.729366,200,1,"-1:31;1:168;2:1",0.695
7173,4,15,98,"Hit(CW,12,STRONG)",3,0.69,0.744245,200,1,"-1:32;1:166;2:2",0.69
7173,4,15,99,"Hit(CCW,12,STRONG)",3,0.8,0.6245,200,1,"-1:21;1:177;2:2",0.8
7173,4,15,100,"Freeze(CW,12)",4,1.935,0.246526,200,1,"1:13;2:187",1.935
7173,4,15,101,"Freeze(CCW,12)",4,1.97,0.170587,200,1,"1:6;2:194",1.97
7173,4,15,102,"PostGuard(CW,1,0)",7,1.545,0.497971,200,1,"1:91;2:109",1.545
7173,4,15,103,"PostGuard(CCW,1,0)",7,1.63,0.482804,200,1,"1:74;2:126",1.63
7173,4,15,104,"PostGuard(CW,1,1)",7,2,0,200,1,"2:200",2
7173,4,15,105,"PostGuard(CCW,1,1)",7,2,0,200,1,"2:200",2
7173,4,15,106,"PostGuard(CW,1,2)",7,2,0,200,1,"2:200",2
7173,4,15,107,"PostGuard(CCW,1,2)",7,2,0,200,1,"2:200",2
7173,4,15,108,"PostGuard(CW,3,0)",7,2,0,200,1,"2:200",2
7173,4,15,109,"PostGuard(CCW,3,0)",7,2,0,200,1,"2:200",2
7173,4,15,110,"PostGuard(CW,3,1)",7,2,0,200,1,"2:200",2
7173,4,15,111,"PostGuard(CCW,3,1)",7,2,0,200,1,"2:200",2
7173,4,15,112,"PostGuard(CW,3,2)",7,2,0,200,1,"2:200",2
7173,4,15,113,"PostGuard(CCW,3,2)",7,2,0,200,1,"2:200",2
7173,4,15,114,"PostGuard(CW,5,0)",7,1.925,0.263391,200,1,"1:15;2:185",1.925
7173,4,15,115,"PostGuard(CCW,5,0)",7,1.985,0.121552,200,1,"1:3;2:197",1.985
7173,4,15,116,"PostGuard(CW,5,1)",7,2,0,200,1,"2:200",2
7173,4,15,117,"PostGuard(CCW,5,1)",7,2,0,200,1,"2:200",2
7173,4,15,118,"PostGuard(CW,5,2)",7,2,0,200,1,"2:200",2
7173,4,15,119,"PostGuard(CCW,5,2)",7,2,0,200,1,"2:200",2
7173,4,15,120,"PostGuard(CW,7,0)",7,2,0,200,1,"2:200",2
7173,4,15,121,"PostGuard(CCW,7,0)",7,1.995,0.0705337,200,1,"1:1;2:199",1.995
7173,4,15,122,"PostGuard(CW,7,1)",7,2,0,200,1,"2:200",2
7173,4,15,123,"PostGuard(CCW,7,1)",7,2,0,200,1,"2:200",2
7173,4,15,124,"PostGuard(CW,7,2)",7,2,0,200,1,"2:200",2
7173,4,15,125,"PostGuard(CCW,7,2)",7,2,0,200,1,"2:200",2
7173,4,15,126,"PostGuard(CW,9,0)",7,2,0,200,1,"2:200",2
7173,4,15,127,"PostGuard(CCW,9,0)",7,2,0,200,1,"2:200",2
7173,4,15,128,"PostGuard(CW,9,1)",7,2,0,200,1,"2:200",2
7173,4,15,129,"PostGuard(CCW,9,1)",7,2,0,200,1,"2:200",2
7173,4,15,130,"PostGuard(CW,9,2)",7,2,0,200,1,"2:200",2
7173,4,15,131,"PostGuard(CCW,9,2)",7,2,0,200,1,"2:200",2
7173,4,15,132,"PostGuard(CW,11,0)",7,2,0,200,1,"2:200",2
7173,4,15,133,"PostGuard(CCW,11,0)",7,2,0,200,1,"2:200",2
7173,4,15,134,"PostGuard(CW,11,1)",7,2,0,200,1,"2:200",2
7173,4,15,135,"PostGuard(CCW,11,1)",7,2,0,200,1,"2:200",2
7173,4,15,136,"PostGuard(CW,11,2)",7,2,0,200,1,"2:200",2
7173,4,15,137,"PostGuard(CCW,11,2)",7,2,0,200,1,"2:200",2
7173,4,15,138,"PostGuard(CW,13,0)",7,2,0,200,1,"2:200",2
7173,4,15,139,"PostGuard(CCW,13,0)",7,2,0,200,1,"2:200",2
7173,4,15,140,"PostGuard(CW,13,1)",7,2,0,200,1,"2:200",2
7173,4,15,141,"PostGuard(CCW,13,1)",7,2,0,200,1,"2:200",2
7173,4,15,142,"PostGuard(CW,13,2)",7,2,0,200,1,"2:200",2
7173,4,15,143,"PostGuard(CCW,13,2)",7,2,0,200,1,"2:200",2
7173,4,15,144,"PostGuard(CW,15,0)",7,2,0,200,1,"2:200",2
7173,4,15,145,"PostGuard(CCW,15,0)",7,2,0,200,1,"2:200",2
7173,4,15,146,"PostGuard(CW,15,1)",7,2,0,200,1,"2:200",2
7173,4,15,147,"PostGuard(CCW,15,1)",7,2,0,200,1,"2:200",2
7173,4,15,148,"PostGuard(CW,15,2)",7,2,0,200,1,"2:200",2
7173,4,15,149,"PostGuard(CCW,15,2)",7,2,0,200,1,"2:200",2
7173,4,15,150,"Pass",0,2,0,200,1,"2:200",2
196,4,4,0,"Draw(CW,TEE)",1,-0.89,2.20179,200,1,"-7:1;-6:2;-5:10;-4:9;-3:18;-2:36;-1:59;1:33;2:22;3:6;4:3;5:1",2
196,4,4,1,"Draw(CCW,TEE)",1,-0.83,2.02017,200,1,"-6:1;-5:4;-4:13;-3:25;-2:25;-1:66;1:42;2:17;3:3;4:2;5:2",2
196,4,4,2,"Draw(CW,S0)",1,-1.02,1.95182,200,1,"-6:1;-5:6;-4:12;-3:20;-2:43;-1:62;1:35;2:12;3:7;4:2",2
196,4,4,3,"Draw(CCW,S0)",1,-0.685,2.00394,200,1,"-5:6;-4:13;-3:15;-2:27;-1:69;1:39;2:21;3:8;4:2",2
196,4,4,4,"Draw(CW,S2)",1,-1.01,2.13773,200,1,"-6:1;-5:10;-4:17;-3:17;-2:30;-1:65;1:39;2:10;3:6;4:4;5:1",1.995
196,4,4,5,"Draw(CCW,S2)",1,-0.815,1.91853,200,1,"-6:1;-5:5;-4:10;-3:17;-2:27;-1:81;1:38;2:12;3:6;4:1;5:2",2
196,4,4,6,"Draw(CW,S4)",1,-0.91,2.12883,200,1,"-6:4;-5:8;-4:13;-3:17;-2:28;-1:62;1:41;2:21;3:4;4:2",2
196,4,4,7,"Draw(CCW,S4)",1,-0.965,1.90887,200,1,"-6:1;-5:3;-4:8;-3:22;-2:45;-1:72;1:29;2:8;3:8;4:2;5:1;6:1",2
196,4,4,8,"Draw(CW,S6)",1,-0.575,2.00858,200,1,"-5:5;-4:11;-3:10;-2:27;-1:80;1:41;2:10;3:10;4:3;5:3",1.97
196,4,4,9,"Draw(CCW,S6)",1,-0.835,2.07793,200,1,"-7:2;-6:2;-5:5;-4:11;-3:18;-2:26;-1:67;1:49;2:12;3:5;4:2;5:1",2
196,4,4,10,"Draw(CW,L0)",1,-0.52,1.94926,200,1,"-5:2;-4:10;-3:17;-2:26;-1:71;1:48;2:14;3:7;4:3;5:1;6:1",1.685
196,4,4,11,"Draw(CCW,L0)",1,-0.975,1.981,200,1,"-7:1;-6:1;-5:5;-4:11;-3:23;-2:26;-1:78;0:1;1:38;2:6;3:7;5:3",1.645
196,4,4,12,"Draw(CW,L1)",1,-1.3,2.04939,200,1,"-6:5;-5:10;-4:12;-3:28;-2:27;-1:68;1:29;2:18;3:3",1.09
196,4,4,13,"Draw(CCW,L1)",1,-1.215,2.12339,200,1,"-7:1;-6:5;-5:8;-4:18;-3:17;-2:23;-1:76;1:36;2:7;3:7;4:2",1.1
196,4,4,14,"Draw(CW,L2)",1,-0.98,2.04685,200,1,"-6:1;-5:10;-4:14;-3:17;-2:26;-1:72;1:41;2:12;3:4;4:1;5:2",1
196,4,4,15,"Draw(CCW,L2)",1,-1.32,2.12782,200,1,"-7:1;-6:6;-5:8;-4:22;-3:15;-2:25;-1:71;1:38;2:8;3:5;4:1",1
196,4,4,16,"Draw(CW,L3)",1,-1.07,2.22601,200,1,"-7:1;-6:2;-5:10;-4:17;-3:23;-2:24;-1:61;1:37;2:14;3:8;4:3",1.045
196,4,4,17,"Draw(CCW,L3)",1,-1.305,1.89789,200,1,"-6:4;-5:6;-4:18;-3:22;-2:29;-1:71;1:44;2:4;3:1;5:1",1.075
196,4,4,18,"Draw(CW,L4)",1,-0.985,2.113,200,1,"-6:2;-5:10;-4:10;-3:24;-2:29;-1:65;1:33;2:15;3:11;4:1",1.01
196,4,4,19,"Draw(CCW,L4)",1,-0.725,2.19531,200,1,"-6:2;-5:7;-4:15;-3:14;-2:36;-1:48;1:50;2:15;3:9;4:3;5:1",1.01
196,4,4,20,"Draw(CW,L5)",1,-1.54,2.07808,200,1,"-6:3;-5:14;-4:17;-3:36;-2:31;-1:50;1:32;2:15;3:2",1.03
196,4,4,21,"Draw(CCW,L5)",1,-1.19,2.09855,200,1,"-6:2;-5:10;-4:19;-3:27;-2:27;-1:50;1:50;2:11;3:3;4:1",1.04
196,4,4,22,"Draw(CW,L6)",1,-1.495,2.2068,200,1,"-7:2;-6:4;-5:14;-4:22;-3:22;-2:25;-1:58;1:41;2:7;3:4;4:1",1
196,4,4,23,"Draw(CCW,L6)",1,-1.41,2.02037,200,1,"-6:3;-5:12;-4:20;-3:19;-2:33;-1:67;0:1;1:28;2:13;3:4",1
196,4,4,24,"Draw(CW,L7)",1,-0.89,1.80773,200,1,"-5:3;-4:9;-3:21;-2:39;-1:72;1:36;2:14;3:3;4:2;5:1",1.455
196,4,4,25,"Draw(CCW,L7)",1,-1.395,2.01965,200,1,"-6:4;-5:10;-4:18;-3:25;-2:27;-1:70;1:32;2:9;3:4;4:1",1.245
196,4,4,26,"PreGuard(CW,G3)",2,-1.445,2.29063,200,1,"-7:2;-6:4;-5:13;-4:31;-3:16;-2:22;-1:50;1:47;2:12;3:3",1
196,4,4,27,"PreGuard(CCW,G3)",2,-1.505,2.24276,200,1,"-6:6;-5:14;-4:23;-3:25;-2:28;-1:49;1:40;2:10;3:3;4:2",1
196,4,4,28,"PreGuard(CW,G4)",2,-0.595,2.18654,200,1,"-6:3;-5:7;-4:11;-3:16;-2:25;-1:56;0:1;1:44;2:26;3:8;4:3",1
196,4,4,29,"PreGuard(CCW,G4)",2,-0.805,2.10641,200,1,"-7:1;-6:1;-5:4;-4:13;-3:22;-2:28;-1:65;1:40;2:12;3:9;4:5",1
196,4,4,30,"PreGuard(CW,G5)",2,-1.42,2.21892,200,1,"-6:7;-5:12;-4:23;-3:18;-2:28;-1:57;1:39;2:12;3:2;4:2",1
196,4,4,31,"PreGuard(CCW,G5)",2,-1.435,2.31425,200,1,"-7:1;-6:7;-5:12;-4:24;-3:20;-2:29;-1:48;1:41;2:14;3:1;4:3",1
196,4,4,32,"Hit(CW,3,TOUCH)",3,-1.045,2.18929,200,1,"-7:1;-6:3;-5:8;-4:17;-3:17;-2:30;-1:63;1:40;2:8;3:11;4:1;5:1",1.04
196,4,4,33,"Hit(CCW,3,TOUCH)",3,-1.345,2.14848,200,1,"-6:2;-5:16;-4:13;-3:26;-2:35;-1:58;1:30;2:12;3:6;4:1;5:1",1.345
196,4,4,34,"Hit(CW,3,WEAK)",3,-0.71,1.81821,200,1,"-4:6;-3:21;-2:40;-1:76;1:30;2:17;3:5;4:3;5:2",1.87
196,4,4,35,"Hit(CCW,3,WEAK)",3,-0.685,1.83733,200,1,"-5:3;-4:8;-3:14;-2:32;-1:83;1:38;2:12;3:5;4:3;5:2",1.895
196,4,4,36,"Hit(CW,3,MIDDLE)",3,-0.85,1.89143,200,1,"-6:1;-5:5;-4:6;-3:21;-2:38;-1:68;1:44;2:8;3:5;4:3;5:1",1.17
196,4,4,37,"Hit(CCW,3,MIDDLE)",3,-1.05,1.73133,200,1,"-6:1;-5:2;-4:11;-3:23;-2:38;-1:75;0:1;1:34;2:9;3:6",1.09
196,4,4,38,"Hit(CW,3,STRONG)",3,-0.85,1.88878,200,1,"-6:1;-5:1;-4:11;-3:23;-2:40;-1:62;1:38;2:17;3:5;4:1;5:1",1.195
196,4,4,39,"Hit(CCW,3,STRONG)",3,-1.09,1.80053,200,1,"-6:1;-5:3;-4:14;-3:22;-2:35;-1:76;1:34;2:11;3:2;4:1;5:1",1.145
196,4,4,40,"Freeze(CW,3)",4,-1.035,2.11276,200,1,"-6:1;-5:9;-4:17;-3:24;-2:31;-1:51;1:48;2:10;3:7;4:2",1.005
196,4,4,41,"Freeze(CCW,3)",4,-1.09,2.16839,200,1,"-7:1;-6:2;-5:7;-4:19;-3:24;-2:32;-1:50;1:40;2:19;3:4;4:2",1.065
196,4,4,42,"PostGuard(CW,2,0)",7,-0.79,1.82371,200,1,"-6:2;-5:3;-4:10;-3:15;-2:30;-1:76;1:43;2:16;3:5",1.385
196,4,4,43,"PostGuard(CCW,2,0)",7,-1.11,2.08036,200,1,"-6:1;-5:11;-4:19;-3:18;-2:26;-1:66;1:40;2:12;3:5;4:2",1.35
196,4,4,44,"PostGuard(CW,2,1)",7,-0.78,1.9979,200,1,"-5:8;-4:6;-3:27;-2:25;-1:67;1:39;2:20;3:6;4:1;5:1",1
196,4,4,45,"PostGuard(CCW,2,1)",7,-0.78,2.01782,200,1,"-7:1;-6:1;-5:3;-4:11;-3:23;-2:34;-1:53;1:55;2:10;3:5;4:4",1
196,4,4,46,"PostGuard(CW,2,2)",7,-0.725,1.91556,200,1,"-6:1;-5:4;-4:8;-3:18;-2:32;-1:71;1:45;2:11;3:5;4:5",1
196,4,4,47,"PostGuard(CCW,2,2)",7,-0.865,2.09207,200,1,"-6:1;-5:5;-4:19;-3:19;-2:33;-1:51;0:1;1:46;2:13;3:12",1
196,4,4,48,"Pass",0,-1.71,2.22619,200,1,"-6:8;-5:12;-4:29;-3:28;-2:28;-1:45;1:39;2:6;3:4;4:1",1
2630,2,14,0,"Draw(CW,TEE)",1,-1.1,1.45945,200,1,"-3:36;-2:60;-1:48;1:56",-0.775
2630,2,14,1,"Draw(CCW,TEE)",1,-2.13,0.939734,200,1,"-3:73;-2:100;-1:17;1:10",-1.98
2630,2,14,2,"Draw(CW,S0)",1,-1.435,1.5798,200,1,"-3:66;-2:61;-1:20;1:53",0.59
2630,2,14,3,"Draw(CCW,S0)",1,-2.135,0.864161,200,1,"-3:78;-2:79;-1:39;1:4",-1.645
2630,2,14,4,"Draw(CW,S2)",1,-2.93,0.255147,200,1,"-3:186;-2:14",-2
2630,2,14,5,"Draw(CCW,S2)",1,-2.96,0.195959,200,1,"-3:192;-2:8",-2
2630,2,14,6,"Draw(CW,S4)",1,-1.555,1.46184,200,1,"-3:66;-2:60;-1:34;1:39;2:1",0.225
2630,2,14,7,"Draw(CCW,S4)",1,-2.17,0.911647,200,1,"-3:79;-2:91;-1:23;1:6;2:1",-1.875
2630,2,14,8,"Draw(CW,S6)",1,-2.935,0.246526,200,1,"-3:187;-2:13",-2
2630,2,14,9,"Draw(CCW,S6)",1,-2.94,0.237487,200,1,"-3:188;-2:12",-2
2630,2,14,10,"Draw(CW,L0)",1,-1.52,1.1703,200,1,"-3:13;-2:143;-1:12;1:31;2:1",0.905
2630,2,14,11,"Draw(CCW,L0)",1,-1.95,0.705337,200,1,"-3:30;-2:140;-1:25;1:5",-1.05
2630,2,14,12,"Draw(CW,L1)",1,-2.945,0.22798,200,1,"-3:189;-2:11",-2
2630,2,14,13,"Draw(CCW,L1)",1,-2.94,0.237487,200,1,"-3:188;-2:12",-2
2630,2,14,14,"Draw(CW,L2)",1,-2.95,0.217945,200,1,"-3:190;-2:10",-2
2630,2,14,15,"Draw(CCW,L2)",1,-2.965,0.18378,200,1,"-3:193;-2:7",-2
2630,2,14,16,"Draw(CW,L3)",1,-2.935,0.246526,200,1,"-3:187;-2:13",-2
2630,2,14,17,"Draw(CCW,L3)",1,-2.945,0.22798,200,1,"-3:189;-2:11",-2
2630,2,14,18,"Draw(CW,L4)",1,-2.615,0.50673,200,1,"-3:125;-2:73;-1:2",-2
2630,2,14,19,"Draw(CCW,L4)",1,-2.55,0.517204,200,1,"-3:112;-2:86;-1:2",-2
2630,2,14,20,"Draw(CW,L5)",1,-2.9,0.424264,200,1,"-3:186;-2:10;-1:3;1:1",-2
2630,2,14,21,"Draw(CCW,L5)",1,-2.935,0.266036,200,1,"-3:188;-2:11;-1:1",-2
2630,2,14,22,"Draw(CW,L6)",1,-2.935,0.246526,200,1,"-3:187;-2:13",-2
2630,2,14,23,"Draw(CCW,L6)",1,-2.94,0.237487,200,1,"-3:188;-2:12",-2
2630,2,14,24,"Draw(CW,L7)",1,-2.97,0.170587,200,1,"-3:194;-2:6",-2
2630,2,14,25,"Draw(CCW,L7)",1,-2.915,0.278882,200,1,"-3:183;-2:17",-2
2630,2,14,26,"PreGuard(CW,G3)",2,-2.925,0.263391,200,1,"-3:185;-2:15",-2
2630,2,14,27,"PreGuard(CCW,G3)",2,-2.955,0.230163,200,1,"-3:192;-2:7;-1:1",-2
2630,2,14,28,"PreGuard(CW,G4)",2,-2.805,0.408626,200,1,"-3:162;-2:37;-1:1",-2
2630,2,14,29,"PreGuard(CCW,G4)",2,-2.755,0.430087,200,1,"-3:151;-2:49",-2
2630,2,14,30,"PreGuard(CW,G5)",2,-2.855,0.352101,200,1,"-3:171;-2:29",-2
2630,2,14,31,"PreGuard(CCW,G5)",2,-2.885,0.319022,200,1,"-3:177;-2:23",-2
2630,2,14,32,"Hit(CW,11,TOUCH)",3,-1.43,1.56688,200,1,"-3:68;-2:52;-1:29;1:51",0.76
2630,2,14,33,"Hit(CCW,11,TOUCH)",3,-1.735,1.34714,200,1,"-3:72;-2:63;-1:35;1:30",-0.38
2630,2,14,34,"Hit(CW,11,WEAK)",3,-1.27,1.18199,200,1,"-2:133;-1:28;1:38;2:1",0.47
2630,2,14,35,"Hit(CCW,11,WEAK)",3,-1.46,1.02879,200,1,"-2:146;-1:27;1:27",0.31
2630,2,14,36,"Hit(CW,11,MIDDLE)",3,-1.51,0.818474,200,1,"-2:127;-1:62;1:8;2:3",-0.115
2630,2,14,37,"Hit(CCW,11,MIDDLE)",3,-1.905,0.464731,200,1,"-3:4;-2:179;-1:14;1:3",-0.865
2630,2,14,38,"Hit(CW,11,STRONG)",3,-1.475,0.854035,200,1,"-2:126;-1:59;1:14;2:1",-0.14
2630,2,14,39,"Hit(CCW,11,STRONG)",3,-1.915,0.384415,200,1,"-3:1;-2:185;-1:12;1:2",-0.835
2630,2,14,40,"Freeze(CW,11)",4,-1.145,1.28218,200,1,"-3:20;-2:74;-1:65;1:38;2:3",-0.83
2630,2,14,41,"Freeze(CCW,11)",4,-1.19,1.17639,200,1,"-3:12;-2:88;-1:63;1:37",-1.205
2630,2,14,42,"Hit(CW,13,TOUCH)",3,-2.325,0.871421,200,1,"-3:101;-2:75;-1:18;1:6",-1.995
2630,2,14,43,"Hit(CCW,13,TOUCH)",3,-2.655,0.629265,200,1,"-3:142;-2:51;-1:5;1:2",-2
2630,2,14,44,"Hit(CW,13,WEAK)",3,-1.575,0.674073,200,1,"-2:128;-1:66;1:5;2:1",-0.615
2630,2,14,45,"Hit(CCW,13,WEAK)",3,-1.43,0.738309,200,1,"-2:103;-1:90;1:4;2:3",-0.21
2630,2,14,46,"Hit(CW,13,MIDDLE)",3,-1.34,0.695989,200,1,"-3:5;-2:72;-1:116;1:7",0.22
2630,2,14,47,"Hit(CCW,13,MIDDLE)",3,-1.81,0.462493,200,1,"-2:166;-1:32;1:2",-0.825
2630,2,14,48,"Hit(CW,13,STRONG)",3,-1.25,0.68374,200,1,"-3:1;-2:66;-1:124;1:9",0.265
2630,2,14,49,"Hit(CCW,13,STRONG)",3,-1.85,0.44441,200,1,"-2:174;-1:24;0:1;2:1",-0.875
2630,2,14,50,"Freeze(CW,13)",4,-2.665,0.55025,200,1,"-3:141;-2:51;-1:8",-2
2630,2,14,51,"Freeze(CCW,13)",4,-2.815,0.400968,200,1,"-3:164;-2:35;-1:1",-2
2630,2,14,52,"PostGuard(CW,10,0)",7,-2.93,0.274044,200,1,"-3:187;-2:12;-1:1",-2
2630,2,14,53,"PostGuard(CCW,10,0)",7,-2.925,0.359687,200,1,"-3:188;-2:11;1:1",-2
2630,2,14,54,"PostGuard(CW,10,1)",7,-2.875,0.423527,200,1,"-3:179;-2:19;-1:1;1:1",-2
2630,2,14,55,"PostGuard(CCW,10,1)",7,-2.92,0.289137,200,1,"-3:185;-2:14;-1:1",-2
2630,2,14,56,"PostGuard(CW,10,2)",7,-2.91,0.30315,200,1,"-3:183;-2:16;-1:1",-2
2630,2,14,57,"PostGuard(CCW,10,2)",7,-2.92,0.271293,200,1,"-3:184;-2:16",-2
2630,2,14,58,"Pass",0,-2.94,0.237487,200,1,"-3:188;-2:12",-2
5731,2,10,0,"Draw(CW,TEE)",1,-1.78,1.59737,200,1,"-4:21;-3:58;-2:48;-1:41;1:25;2:7",1
5731,2,10,1,"Draw(CCW,TEE)",1,-1.675,1.57142,200,1,"-4:21;-3:45;-2:54;-1:47;1:27;2:6",1
5731,2,10,2,"Draw(CW,S0)",1,-1.565,1.58927,200,1,"-4:15;-3:53;-2:42;-1:53;1:32;2:4;3:1",1
5731,2,10,3,"Draw(CCW,S0)",1,-1.465,1.61826,200,1,"-4:16;-3:41;-2:54;-1:47;0:1;1:33;2:8",1
5731,2,10,4,"Draw(CW,S2)",1,-1.74,1.63169,200,1,"-4:27;-3:51;-2:35;-1:55;1:27;2:4;3:1",1
5731,2,10,5,"Draw(CCW,S2)",1,-1.935,1.62197,200,1,"-4:33;-3:55;-2:40;-1:44;1:23;2:4;3:1",1
5731,2,10,6,"Draw(CW,S4)",1,-1.475,1.84916,200,1,"-4:20;-3:58;-2:39;-1:29;1:43;2:10;3:1",1
5731,2,10,7,"Draw(CCW,S4)",1,-1.5,1.75214,200,1,"-4:20;-3:49;-2:45;-1:40;1:37;2:7;3:2",1
5731,2,10,8,"Draw(CW,S6)",1,-1.78,1.68274,200,1,"-4:32;-3:50;-2:39;-1:40;1:38;2:1",1
5731,2,10,9,"Draw(CCW,S6)",1,-1.765,1.60617,200,1,"-4:23;-3:60;-2:36;-1:46;1:33;2:2",1
5731,2,10,10,"Draw(CW,L0)",1,-1.425,1.51802,200,1,"-4:10;-3:44;-2:53;-1:51;1:40;2:2",-0.26
5731,2,10,11,"Draw(CCW,L0)",1,-1.545,1.5805,200,1,"-4:21;-3:39;-2:46;-1:57;1:33;2:4",-0.31
5731,2,10,12,"Draw(CW,L1)",1,-1.54,1.61505,200,1,"-4:15;-3:50;-2:51;-1:43;1:35;2:6",-0.26
5731,2,10,13,"Draw(CCW,L1)",1,-1.35,1.42741,200,1,"-4:11;-3:37;-2:34;-1:84;1:31;2:3",0.99
5731,2,10,14,"Draw(CW,L2)",1,-1.35,1.4586,200,1,"-4:11;-3:30;-2:57;-1:64;0:1;1:32;2:5",-0.39
5731,2,10,15,"Draw(CCW,L2)",1,-1.37,1.65925,200,1,"-4:13;-3:48;-2:42;-1:49;1:41;2:7",-1
5731,2,10,16,"Draw(CW,L3)",1,-1.25,1.66658,200,1,"-4:13;-3:40;-2:44;-1:50;1:46;2:7",-0.52
5731,2,10,17,"Draw(CCW,L3)",1,-1.52,1.47973,200,1,"-4:10;-3:50;-2:48;-1:56;1:34;2:2",-0.46
5731,2,10,18,"Draw(CW,L4)",1,-1.14,1.80011,200,1,"-4:16;-3:31;-2:50;-1:47;0:1;1:38;2:13;3:4",-0.87
5731,2,10,19,"Draw(CCW,L4)",1,-1.045,1.82564,200,1,"-4:16;-3:32;-2:39;-1:53;1:41;2:16;3:3",-0.93
5731,2,10,20,"Draw(CW,L5)",1,-1.56,1.64511,200,1,"-4:23;-3:38;-2:49;-1:54;1:27;2:8;3:1",-0.27
5731,2,10,21,"Draw(CCW,L5)",1,-1.475,1.58725,200,1,"-4:13;-3:47;-2:47;-1:55;1:29;2:9",-0.4
5731,2,10,22,"Draw(CW,L6)",1,-1.455,1.56779,200,1,"-4:17;-3:40;-2:42;-1:62;1:36;2:2;3:1",-0.83
5731,2,10,23,"Draw(CCW,L6)",1,-1.62,1.55422,200,1,"-4:18;-3:47;-2:51;-1:48;1:33;2:3",-0.85
5731,2,10,24,"Draw(CW,L7)",1,-1.61,1.62416,200,1,"-4:17;-3:54;-2:50;-1:37;1:39;2:3",-0.29
5731,2,10,25,"Draw(CCW,L7)",1,-1.63,1.58843,200,1,"-4:19;-3:49;-2:50;-1:44;1:35;2:3",-0.38
5731,2,10,26,"PreGuard(CW,G3)",2,-1.295,1.66072,200,1,"-4:17;-3:36;-2:43;-1:53;1:46;2:5",-1
5731,2,10,27,"PreGuard(CCW,G3)",2,-1.715,1.61362,200,1,"-4:26;-3:42;-2:58;-1:37;1:34;2:3",-1
5731,2,10,28,"PreGuard(CW,G4)",2,-0.975,1.83422,200,1,"-4:16;-3:38;-2:27;-1:47;1:61;2:10;3:1",-1
5731,2,10,29,"PreGuard(CCW,G4)",2,-1.045,1.91128,200,1,"-4:20;-3:39;-2:26;-1:47;1:50;2:17;3:1",-1
5731,2,10,30,"PreGuard(CW,G5)",2,-1.5,1.67332,200,1,"-4:15;-3:52;-2:47;-1:42;1:38;2:4;3:2",-1
5731,2,10,31,"PreGuard(CCW,G5)",2,-1.39,1.58679,200,1,"-4:11;-3:45;-2:47;-1:55;1:34;2:8",-1
5731,2,10,32,"Hit(CW,9,TOUCH)",3,-1.305,1.56588,200,1,"-4:12;-3:36;-2:46;-1:63;1:38;2:3;3:2",-0.13
5731,2,10,33,"Hit(CCW,9,TOUCH)",3,-1.29,1.57032,200,1,"-4:11;-3:32;-2:57;-1:57;0:2;1:29;2:12",-0.87
5731,2,10,34,"Hit(CW,9,WEAK)",3,-0.6,1.29615,200,1,"-3:6;-2:36;-1:102;0:2;1:36;2:18",0.85
5731,2,10,35,"Hit(CCW,9,WEAK)",3,-0.725,1.32641,200,1,"-3:12;-2:37;-1:101;1:35;2:14;3:1",0.785
5731,2,10,36,"Hit(CW,9,MIDDLE)",3,-0.9,1.34164,200,1,"-3:21;-2:42;-1:89;0:2;1:36;2:10",0.07
5731,2,10,37,"Hit(CCW,9,MIDDLE)",3,-0.945,1.35719,200,1,"-3:22;-2:48;-1:83;1:38;2:9",0.24
5731,2,10,38,"Hit(CW,9,STRONG)",3,-0.81,1.39424,200,1,"-4:1;-3:18;-2:46;-1:76;0:4;1:46;2:9",0.07
5731,2,10,39,"Hit(CCW,9,STRONG)",3,-0.865,1.34788,200,1,"-3:17;-2:48;-1:85;0:3;1:35;2:12",0.235
5731,2,10,40,"Freeze(CW,9)",4,-1.27,1.59909,200,1,"-4:12;-3:40;-2:38;-1:63;0:1;1:39;2:7",-0.79
5731,2,10,41,"Freeze(CCW,9)",4,-1.375,1.57301,200,1,"-4:9;-3:47;-2:49;-1:50;1:40;2:5",-0.98
5731,2,10,42,"Pass",0,-1.59,1.63765,200,1,"-4:18;-3:52;-2:45;-1:46;1:32;2:7",-1
9518,4,5,0,"Draw(CW,TEE)",1,0.675,1.89192,200,1,"-4:2;-3:9;-2:15;-1:42;1:68;2:32;3:22;4:7;5:2;6:1",-2
9518,4,5,1,"Draw(CCW,TEE)",1,0.39,1.96924,200,1,"-5:1;-4:1;-3:9;-2:21;-1:54;1:62;2:28;3:11;4:7;5:5;6:1",-2
9518,4,5,2,"Draw(CW,S0)",1,0.525,1.8972,200,1,"-5:1;-4:1;-3:5;-2:17;-1:56;1:67;2:28;3:10;4:10;5:4;6:1",-2
9518,4,5,3,"Draw(CCW,S0)",1,0.84,1.93763,200,1,"-4:3;-3:4;-2:13;-1:45;1:67;2:32;3:20;4:11;5:3;6:1;7:1",-2
9518,4,5,4,"Draw(CW,S2)",1,0.575,1.85051,200,1,"-4:2;-3:7;-2:17;-1:49;1:64;2:31;3:21;4:7;5:2",-2
9518,4,5,5,"Draw(CCW,S2)",1,0.795,2.10071,200,1,"-4:4;-3:7;-2:21;-1:34;1:62;2:36;3:17;4:9;5:9;6:1",-2
9518,4,5,6,"Draw(CW,S4)",1,0.855,1.94267,200,1,"-5:1;-3:6;-2:16;-1:42;1:65;2:30;3:21;4:16;5:2;6:1",-2
9518,4,5,7,"Draw(CCW,S4)",1,0.68,1.94618,200,1,"-4:3;-3:9;-2:12;-1:47;1:63;2:31;3:24;4:7;5:3;6:1",-2
9518,4,5,8,"Draw(CW,S6)",1,0.69,1.98088,200,1,"-5:1;-4:3;-3:5;-2:18;-1:40;1:76;2:24;3:17;4:11;5:4;7:1",-2
9518,4,5,9,"Draw(CCW,S6)",1,0.61,1.88359,200,1,"-4:1;-3:9;-2:18;-1:42;1:71;2:34;3:16;4:4;5:2;6:3",-2
9518,4,5,10,"Draw(CW,L0)",1,0.84,1.89061,200,1,"-4:1;-3:8;-2:13;-1:39;1:76;2:24;3:25;4:9;5:4;6:1",-2
9518,4,5,11,"Draw(CCW,L0)",1,0.56,1.89905,200,1,"-7:1;-4:3;-3:7;-2:21;-1:36;1:63;2:47;3:17;4:4;6:1",-1.92
9518,4,5,12,"Draw(CW,L1)",1,0.375,1.89324,200,1,"-5:2;-4:4;-3:5;-2:18;-1:52;1:65;2:32;3:16;4:4;5:1;6:1",-2
9518,4,5,13,"Draw(CCW,L1)",1,0.735,1.90126,200,1,"-5:2;-4:2;-3:5;-2:16;-1:36;1:77;2:34;3:12;4:13;5:3",-2
9518,4,5,14,"Draw(CW,L2)",1,0.815,1.83051,200,1,"-4:2;-3:8;-2:9;-1:42;1:70;2:39;3:16;4:11;5:3",-2
9518,4,5,15,"Draw(CCW,L2)",1,0.49,1.94677,200,1,"-6:1;-5:2;-4:3;-3:10;-2:15;-1:35;0:1;1:80;2:26;3:21;4:4;5:2",-2
9518,4,5,16,"Draw(CW,L3)",1,0.515,1.81653,200,1,"-5:1;-4:1;-3:7;-2:19;-1:44;1:76;2:30;3:11;4:9;5:2",-2
9518,4,5,17,"Draw(CCW,L3)",1,0.95,1.9666,200,1,"-4:1;-3:5;-2:21;-1:30;1:73;2:33;3:15;4:16;5:3;6:3",-2
9518,4,5,18,"Draw(CW,L4)",1,0.56,2.03381,200,1,"-6:1;-4:3;-3:7;-2:18;-1:48;1:62;2:30;3:19;4:6;5:5;7:1",-2
9518,4,5,19,"Draw(CCW,L4)",1,0.485,2.00992,200,1,"-6:1;-4:5;-3:8;-2:16;-1:47;1:64;2:29;3:19;4:9;5:1;6:1",-2
9518,4,5,20,"Draw(CW,L5)",1,0.81,1.9733,200,1,"-5:2;-4:3;-3:4;-2:12;-1:42;1:73;2:26;3:18;4:17;5:3",-2
9518,4,5,21,"Draw(CCW,L5)",1,0.72,1.97525,200,1,"-6:1;-5:1;-4:3;-3:5;-2:16;-1:36;1:79;2:25;3:20;4:10;5:3;6:1",-2
9518,4,5,22,"Draw(CW,L6)",1,0.615,1.90703,200,1,"-5:1;-4:4;-3:8;-2:17;-1:34;1:75;2:33;3:19;4:7;5:2",-2
9518,4,5,23,"Draw(CCW,L6)",1,0.935,1.90283,200,1,"-4:3;-3:3;-2:13;-1:40;1:70;2:33;3:22;4:10;5:4;6:2",-2
9518,4,5,24,"Draw(CW,L7)",1,0.705,1.82427,200,1,"-5:1;-4:3;-3:5;-2:12;-1:42;1:73;2:42;3:9;4:10;5:3",-2
9518,4,5,25,"Draw(CCW,L7)",1,0.635,1.80049,200,1,"-4:3;-3:7;-2:16;-1:40;1:70;2:38;3:19;4:6;5:1",-2
9518,4,5,26,"PreGuard(CW,G3)",2,0.42,1.95284,200,1,"-5:2;-4:4;-3:7;-2:22;-1:44;1:55;2:39;3:22;4:5",-2
9518,4,5,27,"PreGuard(CCW,G3)",2,0.685,2.0139,200,1,"-5:3;-4:2;-3:5;-2:19;-1:39;1:62;2:37;3:21;4:8;5:3;6:1",-2
9518,4,5,28,"PreGuard(CW,G4)",2,0.325,2.21797,200,1,"-6:1;-5:2;-4:10;-3:10;-2:16;-1:41;1:64;2:25;3:15;4:15;5:1",-2
9518,4,5,29,"PreGuard(CCW,G4)",2,0.285,1.8395,200,1,"-4:3;-3:14;-2:20;-1:41;0:1;1:75;2:27;3:14;4:4;5:1",-2
9518,4,5,30,"PreGuard(CW,G5)",2,0.39,1.82151,200,1,"-4:3;-3:11;-2:16;-1:48;1:66;2:40;3:8;4:7;5:1",-2
9518,4,5,31,"PreGuard(CCW,G5)",2,0.485,2.02972,200,1,"-5:1;-4:6;-3:7;-2:14;-1:53;1:56;2:34;3:15;4:11;5:3",-2
9518,4,5,32,"Hit(CW,0,TOUCH)",3,0.505,2.08086,200,1,"-5:2;-4:5;-3:10;-2:15;-1:41;1:68;2:35;3:10;4:7;5:6;6:1",-2
9518,4,5,33,"Hit(CCW,0,TOUCH)",3,1,2.02237,200,1,"-5:1;-3:4;-2:16;-1:44;1:53;2:36;3:25;4:16;5:2;6:2;7:1",-2
9518,4,5,34,"Hit(CW,0,WEAK)",3,1.315,1.96616,200,1,"-4:2;-3:3;-2:8;-1:39;1:54;2:38;3:29;4:17;5:10",-1.395
9518,4,5,35,"Hit(CCW,0,WEAK)",3,1.08,1.9984,200,1,"-3:8;-2:10;-1:40;1:66;2:30;3:22;4:14;5:8;6:2",-0.52
9518,4,5,36,"Hit(CW,0,MIDDLE)",3,1.14,1.94689,200,1,"-5:1;-4:1;-3:5;-2:13;-1:26;0:1;1:73;2:42;3:19;4:10;5:5;6:3;7:1",-0.78
9518,4,5,37,"Hit(CCW,0,MIDDLE)",3,1.04,1.70247,200,1,"-4:2;-3:2;-2:6;-1:40;1:82;2:32;3:20;4:12;5:4",-1.03
9518,4,5,38,"Hit(CW,0,STRONG)",3,0.885,1.9266,200,1,"-5:1;-3:5;-2:12;-1:50;1:55;2:39;3:19;4:14;5:5",-0.87
9518,4,5,39,"Hit(CCW,0,STRONG)",3,0.865,1.79075,200,1,"-4:1;-3:6;-2:19;-1:28;1:75;2:42;3:17;4:10;5:1;6:1",-1.03
9518,4,5,40,"Freeze(CW,0)",4,0.615,1.90441,200,1,"-3:7;-2:20;-1:49;1:65;2:29;3:17;4:8;5:3;6:2",-2
9518,4,5,41,"Freeze(CCW,0)",4,0.66,1.85591,200,1,"-4:2;-3:7;-2:14;-1:48;1:65;2:35;3:16;4:12;6:1",-2
9518,4,5,42,"Hit(CW,2,TOUCH)",3,0.85,1.95384,200,1,"-5:1;-4:2;-3:6;-2:16;-1:36;0:1;1:63;2:40;3:19;4:12;5:3;6:1",-2
9518,4,5,43,"Hit(CCW,2,TOUCH)",3,0.865,1.97149,200,1,"-4:1;-3:4;-2:19;-1:43;1:63;2:30;3:23;4:9;5:6;6:2",-2
9518,4,5,44,"Hit(CW,2,WEAK)",3,0.865,1.84303,200,1,"-4:1;-3:3;-2:8;-1:54;1:72;2:28;3:18;4:9;5:5;6:1;7:1",-1.435
9518,4,5,45,"Hit(CCW,2,WEAK)",3,0.86,2.04216,200,1,"-4:2;-3:7;-2:12;-1:47;0:1;1:63;2:25;3:25;4:9;5:7;6:1;7:1",-0.635
9518,4,5,46,"Hit(CW,2,MIDDLE)",3,0.94,1.80178,200,1,"-5:1;-4:1;-3:2;-2:14;-1:37;0:2;1:72;2:37;3:17;4:15;5:1;6:1",-0.825
9518,4,5,47,"Hit(CCW,2,MIDDLE)",3,0.73,1.81579,200,1,"-4:1;-3:5;-2:14;-1:50;1:63;2:36;3:20;4:7;5:4",-1.06
9518,4,5,48,"Hit(CW,2,STRONG)",3,0.65,1.81315,200,1,"-5:1;-4:2;-3:6;-2:16;-1:41;1:67;2:44;3:16;4:4;5:3",-0.815
9518,4,5,49,"Hit(CCW,2,STRONG)",3,0.945,1.71813,200,1,"-4:2;-3:2;-2:13;-1:37;1:71;2:44;3:20;4:8;5:3",-1.06
9518,4,5,50,"Freeze(CW,2)",4,0.615,1.97656,200,1,"-5:2;-4:1;-3:8;-2:15;-1:50;1:57;2:32;3:22;4:11;5:2",-2
9518,4,5,51,"Freeze(CCW,2)",4,0.325,1.83013,200,1,"-5:1;-4:3;-3:8;-2:20;-1:50;1:66;2:31;3:17;4:3;5:1",-2
9518,4,5,52,"PostGuard(CW,1,0)",7,0.595,1.8897,200,1,"-4:3;-3:6;-2:22;-1:39;1:68;2:37;3:15;4:5;5:5",-2
9518,4,5,53,"PostGuard(CCW,1,0)",7,0.59,1.97279,200,1,"-4:2;-3:9;-2:21;-1:43;0:1;1:60;2:30;3:22;4:9;5:2;6:1",-2
9518,4,5,54,"PostGuard(CW,1,1)",7,0.31,2.03074,200,1,"-5:2;-4:5;-3:10;-2:20;-1:45;0:1;1:65;2:27;3:17;4:3;5:5",-2
9518,4,5,55,"PostGuard(CCW,1,1)",7,0.45,1.98935,200,1,"-6:1;-4:1;-3:11;-2:25;-1:38;1:71;2:24;3:19;4:5;5:5",-2
9518,4,5,56,"PostGuard(CW,1,2)",7,0.425,1.9064,200,1,"-4:3;-3:11;-2:20;-1:44;1:64;2:34;3:17;4:4;5:3",-2
9518,4,5,57,"PostGuard(CCW,1,2)",7,0.7,2.06155,200,1,"-6:1;-5:2;-4:3;-3:6;-2:12;-1:42;1:70;2:34;3:16;4:7;5:4;6:3",-2
9518,4,5,58,"PostGuard(CW,3,0)",7,0.11,1.95138,200,1,"-5:1;-4:2;-3:12;-2:33;-1:47;0:1;1:55;2:24;3:20;4:4;5:1",-2
9518,4,5,59,"PostGuard(CCW,3,0)",7,0.31,2.17115,200,1,"-5:2;-4:6;-3:11;-2:25;-1:40;1:62;2:25;3:15;4:9;5:4;6:1",-2
9518,4,5,60,"PostGuard(CW,3,1)",7,-0.295,2.19727,200,1,"-5:3;-4:10;-3:18;-2:32;-1:48;1:49;2:19;3:14;4:3;5:3;6:1",-2
9518,4,5,61,"PostGuard(CCW,3,1)",7,0.19,1.99095,200,1,"-4:5;-3:10;-2:27;-1:51;1:59;2:23;3:14;4:9;5:2",-2
9518,4,5,62,"PostGuard(CW,3,2)",7,-0.04,1.99208,200,1,"-5:2;-4:2;-3:13;-2:33;-1:56;1:46;2:27;3:16;4:3;5:1;6:1",-2
9518,4,5,63,"PostGuard(CCW,3,2)",7,0.01,2.00247,200,1,"-5:2;-4:7;-3:11;-2:23;-1:52;1:67;2:22;3:9;4:4;5:1;6:2",-2
9518,4,5,64,"PostGuard(CW,5,0)",7,0.515,1.88938,200,1,"-5:1;-4:2;-3:6;-2:23;-1:43;1:65;2:33;3:18;4:7;5:2",-2
9518,4,5,65,"PostGuard(CCW,5,0)",7,0.355,1.92846,200,1,"-4:2;-3:12;-2:22;-1:48;1:63;2:26;3:19;4:5;5:3",-2
9518,4,5,66,"PostGuard(CW,5,1)",7,0.53,1.9181,200,1,"-4:6;-3:4;-2:26;-1:33;1:75;2:27;3:19;4:9;5:1",-2
9518,4,5,67,"PostGuard(CCW,5,1)",7,0.695,1.91101,200,1,"-4:3;-3:8;-2:16;-1:38;1:74;2:28;3:21;4:9;5:2;6:1",-2
9518,4,5,68,"PostGuard(CW,5,2)",7,0.465,2.00967,200,1,"-5:1;-4:6;-3:7;-2:17;-1:47;1:63;2:30;3:19;4:7;5:2;6:1",-2
9518,4,5,69,"PostGuard(CCW,5,2)",7,0.005,2.02113,200,1,"-6:1;-5:1;-4:7;-3:9;-2:27;-1:54;1:56;2:24;3:15;4:4;5:2",-2
9518,4,5,70,"Pass",0,0.65,1.77694,200,1,"-5:1;-3:8;-2:15;-1:41;0:1;1:74;2:35;3:15;4:9;5:1",-2
8211,7,12,0,"Draw(CW,TEE)",1,-1.425,1.66264,200,1,"-5:4;-4:15;-3:39;-2:38;-1:60;1:40;2:4",-0.455
8211,7,12,1,"Draw(CCW,TEE)",1,-1.71,1.76802,200,1,"-5:9;-4:27;-3:34;-2:36;-1:56;1:35;2:3",-2.89
8211,7,12,2,"Draw(CW,S0)",1,-1.44,1.7339,200,1,"-5:2;-4:18;-3:42;-2:49;-1:38;1:46;2:5",0.83
8211,7,12,3,"Draw(CCW,S0)",1,-1.42,1.82855,200,1,"-6:1;-5:7;-4:20;-3:25;-2:46;-1:53;1:41;2:5;3:2",-2.575
8211,7,12,4,"Draw(CW,S2)",1,-1.855,1.80941,200,1,"-5:15;-4:17;-3:48;-2:44;-1:38;1:34;2:4",-3
8211,7,12,5,"Draw(CCW,S2)",1,-2.11,1.60247,200,1,"-5:12;-4:22;-3:53;-2:53;-1:35;1:24;2:1",-3
8211,7,12,6,"Draw(CW,S4)",1,-1.515,1.74922,200,1,"-6:2;-5:1;-4:20;-3:39;-2:50;-1:41;1:42;2:5",0.39
8211,7,12,7,"Draw(CCW,S4)",1,-1.79,1.95343,200,1,"-6:1;-5:14;-4:28;-3:32;-2:41;-1:43;1:33;2:6;3:2",-2.855
8211,7,12,8,"Draw(CW,S6)",1,-1.7,1.62788,200,1,"-5:6;-4:17;-3:44;-2:47;-1:53;0:1;1:28;2:3;3:1",-2.9
8211,7,12,9,"Draw(CCW,S6)",1,-2.09,1.57223,200,1,"-5:11;-4:26;-3:38;-2:66;-1:38;1:17;2:4",-1.86
8211,7,12,10,"Draw(CW,L0)",1,-1.13,1.81193,200,1,"-6:1;-5:6;-4:12;-3:22;-2:44;-1:59;1:41;2:15",0.715
8211,7,12,11,"Draw(CCW,L0)",1,-1.38,1.62653,200,1,"-5:3;-4:14;-3:34;-2:48;-1:56;1:41;2:4",-2
8211,7,12,12,"Draw(CW,L1)",1,-2.46,2.01455,200,1,"-6:9;-5:22;-4:37;-3:44;-2:23;-1:34;1:30;2:1",-3
8211,7,12,13,"Draw(CCW,L1)",1,-2.82,1.78539,200,1,"-6:8;-5:33;-4:31;-3:49;-2:33;-1:30;1:16",-3
8211,7,12,14,"Draw(CW,L2)",1,-2.72,1.91353,200,1,"-6:15;-5:13;-4:49;-3:46;-2:24;-1:30;1:23",-3
8211,7,12,15,"Draw(CCW,L2)",1,-2.81,1.94008,200,1,"-6:10;-5:32;-4:38;-3:42;-2:35;-1:19;1:23;2:1",-3
8211,7,12,16,"Draw(CW,L3)",1,-2.3,1.88149,200,1,"-6:7;-5:13;-4:31;-3:53;-2:37;-1:29;1:27;2:3",-3
8211,7,12,17,"Draw(CCW,L3)",1,-2.315,2.0139,200,1,"-6:8;-5:18;-4:35;-3:43;-2:34;-1:25;1:37",-3
8211,7,12,18,"Draw(CW,L4)",1,-2.815,2.20472,200,1,"-6:24;-5:23;-4:41;-3:34;-2:26;-1:19;1:33",-3
8211,7,12,19,"Draw(CCW,L4)",1,-3.145,2.20997,200,1,"-6:34;-5:29;-4:32;-3:40;-2:22;-1:16;1:26;2:1",-3
8211,7,12,20,"Draw(CW,L5)",1,-2.46,1.87307,200,1,"-6:9;-5:17;-4:31;-3:52;-2:35;-1:30;1:25;2:1",-3
8211,7,12,21,"Draw(CCW,L5)",1,-2.56,1.99158,200,1,"-6:9;-5:21;-4:39;-3:52;-2:26;-1:22;1:29;2:2",-3
8211,7,12,22,"Draw(CW,L6)",1,-2.78,1.91614,200,1,"-6:14;-5:21;-4:45;-3:42;-2:25;-1:32;1:21",-3
8211,7,12,23,"Draw(CCW,L6)",1,-2.32,2.05368,200,1,"-6:7;-5:22;-4:37;-3:38;-2:28;-1:31;0:2;1:33;2:2",-3
8211,7,12,24,"Draw(CW,L7)",1,-2.21,1.72508,200,1,"-6:2;-5:13;-4:28;-3:54;-2:42;-1:36;1:21;2:4",-3
8211,7,12,25,"Draw(CCW,L7)",1,-1.99,1.70584,200,1,"-5:8;-4:31;-3:43;-2:53;-1:34;1:28;2:2;3:1",-1.89
8211,7,12,26,"PreGuard(CW,G3)",2,-2.72,1.86054,200,1,"-6:13;-5:19;-4:41;-3:43;-2:33;-1:32;1:18;2:1",-3
8211,7,12,27,"PreGuard(CCW,G3)",2,-2.7,1.93132,200,1,"-6:14;-5:17;-4:46;-3:40;-2:31;-1:29;1:22;2:1",-3
8211,7,12,28,"PreGuard(CW,G4)",2,-2.75,2.21303,200,1,"-6:26;-5:16;-4:48;-3:31;-2:10;-1:39;1:30",-3
8211,7,12,29,"PreGuard(CCW,G4)",2,-2.46,2.26901,200,1,"-6:21;-5:17;-4:38;-3:33;-2:21;-1:29;1:41",-3
8211,7,12,30,"PreGuard(CW,G5)",2,-1.97,1.65502,200,1,"-6:1;-5:5;-4:31;-3:45;-2:45;-1:45;1:25;2:3",-3
8211,7,12,31,"PreGuard(CCW,G5)",2,-1.98,1.94926,200,1,"-6:5;-5:9;-4:33;-3:40;-2:41;-1:32;1:35;2:5",-3
8211,7,12,32,"Hit(CW,1,TOUCH)",3,-1.93,1.5922,200,1,"-5:7;-4:22;-3:49;-2:52;-1:42;1:26;2:2",-3
8211,7,12,33,"Hit(CCW,1,TOUCH)",3,-2,1.61245,200,1,"-5:11;-4:19;-3:47;-2:61;-1:36;1:22;2:4",-2.99
8211,7,12,34,"Hit(CW,1,WEAK)",3,-1.885,1.63149,200,1,"-5:13;-4:19;-3:34;-2:53;-1:57;1:19;2:5",-2.705
8211,7,12,35,"Hit(CCW,1,WEAK)",3,-1.855,1.66252,200,1,"-5:9;-4:18;-3:48;-2:54;-1:38;1:30;2:3",-2.65
8211,7,12,36,"Hit(CW,1,MIDDLE)",3,-1.595,1.63125,200,1,"-5:3;-4:14;-3:46;-2:56;-1:43;1:32;2:5;3:1",-1.765
8211,7,12,37,"Hit(CCW,1,MIDDLE)",3,-1.735,1.62628,200,1,"-5:5;-4:15;-3:56;-2:45;-1:42;1:36;2:1",-2.99
8211,7,12,38,"Hit(CW,1,STRONG)",3,-1.475,1.63382,200,1,"-5:6;-4:12;-3:30;-2:59;-1:55;0:1;1:29;2:7;3:1",-1.725
8211,7,12,39,"Hit(CCW,1,STRONG)",3,-1.995,1.49164,200,1,"-6:1;-5:4;-4:22;-3:49;-2:63;-1:36;0:1;1:24",-2.97
8211,7,12,40,"Freeze(CW,1)",4,-2.235,1.77194,200,1,"-6:3;-5:14;-4:30;-3:52;-2:38;-1:36;1:25;2:2",-3
8211,7,12,41,"Freeze(CCW,1)",4,-2.02,1.73194,200,1,"-6:1;-5:13;-4:25;-3:40;-2:55;-1:36;1:27;2:3",-2.99
8211,7,12,42,"Hit(CW,5,TOUCH)",3,-2.12,1.72789,200,1,"-6:1;-5:11;-4:29;-3:50;-2:52;-1:26;1:29;2:2",-2.99
8211,7,12,43,"Hit(CCW,5,TOUCH)",3,-2.125,1.63382,200,1,"-6:3;-5:8;-4:33;-3:34;-2:54;-1:48;1:18;2:1;3:1",-3
8211,7,12,44,"Hit(CW,5,WEAK)",3,-1.305,1.62234,200,1,"-5:2;-4:13;-3:30;-2:51;-1:60;1:37;2:5;3:2",-1.77
8211,7,12,45,"Hit(CCW,5,WEAK)",3,-1.555,1.69911,200,1,"-5:4;-4:22;-3:31;-2:48;-1:61;1:23;2:9;3:2",-1.49
8211,7,12,46,"Hit(CW,5,MIDDLE)",3,-1.85,1.70807,200,1,"-6:1;-5:2;-4:25;-3:56;-2:42;-1:43;1:24;2:4;3:3",-1.29
8211,7,12,47,"Hit(CCW,5,MIDDLE)",3,-1.81,1.55367,200,1,"-5:4;-4:20;-3:43;-2:61;-1:44;1:23;2:5",-1.545
8211,7,12,48,"Hit(CW,5,STRONG)",3,-1.605,1.74899,200,1,"-6:1;-5:1;-4:26;-3:45;-2:38;-1:42;0:2;1:43;2:2",-1.27
8211,7,12,49,"Hit(CCW,5,STRONG)",3,-1.86,1.52656,200,1,"-5:5;-4:25;-3:35;-2:56;-1:57;1:17;2:5",-1.64
8211,7,12,50,"Freeze(CW,5)",4,-2.37,1.52745,200,1,"-6:1;-5:12;-4:34;-3:49;-2:54;-1:34;1:15;2:1",-3
8211,7,12,51,"Freeze(CCW,5)",4,-1.985,1.92738,200,1,"-6:4;-5:10;-4:30;-3:46;-2:35;-1:39;1:30;2:4;3:2",-3
8211,7,12,52,"Hit(CW,9,TOUCH)",3,-1.2,1.81934,200,1,"-5:7;-4:13;-3:33;-2:33;-1:55;1:51;2:8",0.545
8211,7,12,53,"Hit(CCW,9,TOUCH)",3,-1.355,1.94138,200,1,"-6:3;-5:8;-4:16;-3:23;-2:54;-1:40;1:45;2:10;3:1",-1.565
8211,7,12,54,"Hit(CW,9,WEAK)",3,-1.4,1.46287,200,1,"-5:1;-4:14;-3:25;-2:59;-1:65;1:33;2:3",-0.31
8211,7,12,55,"Hit(CCW,9,WEAK)",3,-1.48,1.66721,200,1,"-5:2;-4:19;-3:38;-2:41;-1:62;1:30;2:6;3:2",-0.475
8211,7,12,56,"Hit(CW,9,MIDDLE)",3,-1.48,1.59047,200,1,"-5:5;-4:12;-3:36;-2:47;-1:63;1:32;2:5",-0.6
8211,7,12,57,"Hit(CCW,9,MIDDLE)",3,-1.35,1.45172,200,1,"-4:9;-3:29;-2:71;-1:49;1:40;2:2",-1.37
8211,7,12,58,"Hit(CW,9,STRONG)",3,-1.49,1.61552,200,1,"-5:4;-4:18;-3:29;-2:50;-1:62;1:31;2:6",-0.685
8211,7,12,59,"Hit(CCW,9,STRONG)",3,-1.3,1.55885,200,1,"-5:1;-4:9;-3:33;-2:63;-1:46;1:44;2:4",-1.235
8211,7,12,60,"Freeze(CW,9)",4,-1.425,1.73907,200,1,"-5:2;-4:20;-3:40;-2:38;-1:54;0:1;1:35;2:10",0.11
8211,7,12,61,"Freeze(CCW,9)",4,-1.67,1.73813,200,1,"-6:1;-5:7;-4:19;-3:39;-2:48;-1:48;1:32;2:6",-1.88
8211,7,12,62,"Hit(CW,11,TOUCH)",3,-1.38,1.75943,200,1,"-5:4;-4:18;-3:34;-2:49;-1:42;1:48;2:5",0.26
8211,7,12,63,"Hit(CCW,11,TOUCH)",3,-1.4,1.67631,200,1,"-5:3;-4:15;-3:31;-2:59;-1:48;1:35;2:8;3:1",-1.775
8211,7,12,64,"Hit(CW,11,WEAK)",3,-1.39,1.71985,200,1,"-5:6;-4:16;-3:31;-2:41;-1:61;0:1;1:36;2:8",0.035
8211,7,12,65,"Hit(CCW,11,WEAK)",3,-1.565,1.73948,200,1,"-5:7;-4:15;-3:45;-2:39;-1:53;0:1;1:33;2:6;3:1",-0.425
8211,7,12,66,"Hit(CW,11,MIDDLE)",3,-1.745,1.51986,200,1,"-5:4;-4:17;-3:41;-2:58;-1:54;1:20;2:6",-1.235
8211,7,12,67,"Hit(CCW,11,MIDDLE)",3,-1.405,1.53329,200,1,"-5:3;-4:9;-3:29;-2:69;-1:50;1:37;2:1;3:2",-1.08
8211,7,12,68,"Hit(CW,11,STRONG)",3,-1.55,1.72264,200,1,"-5:8;-4:16;-3:36;-2:46;-1:52;0:2;1:34;2:6",-1.255
8211,7,12,69,"Hit(CCW,11,STRONG)",3,-1.465,1.58075,200,1,"-4:15;-3:39;-2:57;-1:49;1:33;2:7",-1.105
8211,7,12,70,"Freeze(CW,11)",4,-1.105,1.68937,200,1,"-5:3;-4:9;-3:28;-2:49;-1:55;1:47;2:7;3:2",-1.375
8211,7,12,71,"Freeze(CCW,11)",4,-1.325,1.71154,200,1,"-6:1;-5:2;-4:13;-3:38;-2:43;-1:54;1:42;2:6;3:1",-2.115
8211,7,12,72,"PostGuard(CW,4,0)",7,-2.12,1.86965,200,1,"-6:4;-5:17;-4:24;-3:44;-2:43;-1:36;1:29;2:3",-3
8211,7,12,73,"PostGuard(CCW,4,0)",7,-2.02,1.87606,200,1,"-6:5;-5:5;-4:37;-3:40;-2:41;-1:40;1:23;2:9",-3
8211,7,12,74,"PostGuard(CW,4,1)",7,-2.06,1.89378,200,1,"-6:7;-5:8;-4:29;-3:49;-2:31;-1:42;1:31;2:3",-3
8211,7,12,75,"PostGuard(CCW,4,1)",7,-1.925,2.02469,200,1,"-6:8;-5:13;-4:27;-3:28;-2:42;-1:41;1:38;2:2;3:1",-3
8211,7,12,76,"PostGuard(CW,4,2)",7,-2.095,1.97382,200,1,"-6:6;-5:15;-4:31;-3:40;-2:32;-1:39;1:35;2:2",-3
8211,7,12,77,"PostGuard(CCW,4,2)",7,-2.205,2.00574,200,1,"-6:5;-5:14;-4:41;-3:44;-2:28;-1:31;1:32;2:5",-3
8211,7,12,78,"Pass",0,-2.83,1.92382,200,1,"-6:13;-5:22;-4:45;-3:50;-2:27;-1:19;1:23;2:1",-3
