game_id,end,shot_num,method,seed,candidate_idx,cluster_id,is_representative,shot_type,label,e_score,e_sd,cluster_value,land_x,land_y,cluster_sd,cluster_value_risk,risk_lambda
5392,3,13,RandomK,43,2,0,1,"Draw","Draw(CW,S0)",,,,,,,,0
5392,3,13,RandomK,43,5,1,1,"Draw","Draw(CCW,S2)",,,,,,,,0
5392,3,13,RandomK,43,7,2,1,"Draw","Draw(CCW,S4)",,,,,,,,0
5392,3,13,RandomK,43,13,3,1,"Draw","Draw(CCW,L1)",,,,,,,,0
5392,3,13,RandomK,43,17,4,1,"Draw","Draw(CCW,L3)",,,,,,,,0
5392,3,13,RandomK,43,27,5,1,"PreGuard","PreGuard(CCW,G3)",,,,,,,,0
5392,3,13,RandomK,43,33,6,1,"Hit","Hit(CCW,0,TOUCH)",,,,,,,,0
5392,3,13,RandomK,43,37,7,1,"Hit","Hit(CCW,0,MIDDLE)",,,,,,,,0
5392,3,13,RandomK,43,42,8,1,"Hit","Hit(CW,2,TOUCH)",,,,,,,,0
5392,3,13,RandomK,43,44,9,1,"Hit","Hit(CW,2,WEAK)",,,,,,,,0
5392,3,13,RandomK,43,50,10,1,"Freeze","Freeze(CW,2)",,,,,,,,0
5392,3,13,RandomK,43,57,11,1,"Hit","Hit(CCW,4,MIDDLE)",,,,,,,,0
5392,3,13,RandomK,43,61,12,1,"Freeze","Freeze(CCW,4)",,,,,,,,0
5392,3,13,RandomK,43,62,13,1,"Hit","Hit(CW,6,TOUCH)",,,,,,,,0
5392,3,13,RandomK,43,64,14,1,"Hit","Hit(CW,6,WEAK)",,,,,,,,0
5392,3,13,RandomK,43,72,15,1,"Hit","Hit(CW,8,TOUCH)",,,,,,,,0
5392,3,13,RandomK,43,85,16,1,"Hit","Hit(CCW,10,WEAK)",,,,,,,,0
5392,3,13,RandomK,43,87,17,1,"Hit","Hit(CCW,10,MIDDLE)",,,,,,,,0
5392,3,13,RandomK,43,89,18,1,"Hit","Hit(CCW,10,STRONG)",,,,,,,,0
5392,3,13,RandomK,43,92,19,1,"PostGuard","PostGuard(CW,1,0)",,,,,,,,0
5392,3,13,RandomK,43,95,20,1,"PostGuard","PostGuard(CCW,1,1)",,,,,,,,0
5392,3,13,RandomK,43,97,21,1,"PostGuard","PostGuard(CCW,1,2)",,,,,,,,0
5392,3,13,RandomK,43,106,22,1,"PostGuard","PostGuard(CW,5,1)",,,,,,,,0
5392,3,13,RandomK,43,110,23,1,"PostGuard","PostGuard(CW,7,0)",,,,,,,,0
5392,3,13,RandomK,43,113,24,1,"PostGuard","PostGuard(CCW,7,1)",,,,,,,,0
5392,3,13,RandomK,43,132,25,1,"PostGuard","PostGuard(CW,13,2)",,,,,,,,0
5392,3,13,RandomK,43,133,26,1,"PostGuard","PostGuard(CCW,13,2)",,,,,,,,0
4262,4,2,RandomK,43,8,0,1,"Draw","Draw(CW,S6)",,,,,,,,0
4262,4,2,RandomK,43,16,1,1,"Draw","Draw(CW,L3)",,,,,,,,0
4262,4,2,RandomK,43,28,2,1,"PreGuard","PreGuard(CW,G4)",,,,,,,,0
4262,4,2,RandomK,43,29,3,1,"PreGuard","PreGuard(CCW,G4)",,,,,,,,0
4262,4,2,RandomK,43,30,4,1,"PreGuard","PreGuard(CW,G5)",,,,,,,,0
4262,4,2,RandomK,43,35,5,1,"Hit","Hit(CCW,1,WEAK)",,,,,,,,0
4262,4,2,RandomK,43,37,6,1,"Hit","Hit(CCW,1,MIDDLE)",,,,,,,,0
4262,4,2,RandomK,43,41,7,1,"Freeze","Freeze(CCW,1)",,,,,,,,0
4262,4,2,RandomK,43,44,8,1,"PostGuard","PostGuard(CW,0,1)",,,,,,,,0
4262,4,2,RandomK,43,47,9,1,"PostGuard","PostGuard(CCW,0,2)",,,,,,,,0
6230,1,12,RandomK,43,0,0,1,"Draw","Draw(CW,TEE)",,,,,,,,0
6230,1,12,RandomK,43,11,1,1,"Draw","Draw(CCW,L0)",,,,,,,,0
6230,1,12,RandomK,43,17,2,1,"Draw","Draw(CCW,L3)",,,,,,,,0
6230,1,12,RandomK,43,19,3,1,"Draw","Draw(CCW,L4)",,,,,,,,0
6230,1,12,RandomK,43,22,4,1,"Draw","Draw(CW,L6)",,,,,,,,0
6230,1,12,RandomK,43,28,5,1,"PreGuard","PreGuard(CW,G4)",,,,,,,,0
6230,1,12,RandomK,43,32,6,1,"Hit","Hit(CW,11,TOUCH)",,,,,,,,0
6230,1,12,RandomK,43,38,7,1,"Hit","Hit(CW,11,STRONG)",,,,,,,,0
6230,1,12,RandomK,43,39,8,1,"Hit","Hit(CCW,11,STRONG)",,,,,,,,0
6230,1,12,RandomK,43,41,9,1,"Freeze","Freeze(CCW,11)",,,,,,,,0
3543,4,7,RandomK,43,2,0,1,"Draw","Draw(CW,S0)",,,,,,,,0
3543,4,7,RandomK,43,8,1,1,"Draw","Draw(CW,S6)",,,,,,,,0
3543,4,7,RandomK,43,13,2,1,"Draw","Draw(CCW,L1)",,,,,,,,0
3543,4,7,RandomK,43,14,3,1,"Draw","Draw(CW,L2)",,,,,,,,0
3543,4,7,RandomK,43,18,4,1,"Draw","Draw(CW,L4)",,,,,,,,0
3543,4,7,RandomK,43,21,5,1,"Draw","Draw(CCW,L5)",,,,,,,,0
3543,4,7,RandomK,43,35,6,1,"Hit","Hit(CCW,2,WEAK)",,,,,,,,0
3543,4,7,RandomK,43,38,7,1,"Hit","Hit(CW,2,STRONG)",,,,,,,,0
3543,4,7,RandomK,43,39,8,1,"Hit","Hit(CCW,2,STRONG)",,,,,,,,0
3543,4,7,RandomK,43,43,9,1,"PostGuard","PostGuard(CCW,1,0)",,,,,,,,0
3543,4,7,RandomK,43,44,10,1,"PostGuard","PostGuard(CW,1,1)",,,,,,,,0
1784,6,5,RandomK,43,6,0,1,"Draw","Draw(CW,S4)",,,,,,,,0
1784,6,5,RandomK,43,12,1,1,"Draw","Draw(CW,L1)",,,,,,,,0
1784,6,5,RandomK,43,18,2,1,"Draw","Draw(CW,L4)",,,,,,,,0
1784,6,5,RandomK,43,22,3,1,"Draw","Draw(CW,L6)",,,,,,,,0
1784,6,5,RandomK,43,39,4,1,"Hit","Hit(CCW,0,STRONG)",,,,,,,,0
1784,6,5,RandomK,43,40,5,1,"Freeze","Freeze(CW,0)",,,,,,,,0
1784,6,5,RandomK,43,43,6,1,"Hit","Hit(CCW,2,TOUCH)",,,,,,,,0
1784,6,5,RandomK,43,49,7,1,"Hit","Hit(CCW,2,STRONG)",,,,,,,,0
1784,6,5,RandomK,43,51,8,1,"Freeze","Freeze(CCW,2)",,,,,,,,0
1784,6,5,RandomK,43,52,9,1,"PostGuard","PostGuard(CW,1,0)",,,,,,,,0
1784,6,5,RandomK,43,55,10,1,"PostGuard","PostGuard(CCW,1,1)",,,,,,,,0
1784,6,5,RandomK,43,58,11,1,"PostGuard","PostGuard(CW,3,0)",,,,,,,,0
1784,6,5,RandomK,43,59,12,1,"PostGuard","PostGuard(CCW,3,0)",,,,,,,,0
1784,6,5,RandomK,43,62,13,1,"PostGuard","PostGuard(CW,3,2)",,,,,,,,0
1784,6,5,RandomK,43,64,14,1,"PostGuard","PostGuard(CW,5,0)",,,,,,,,0
4905,4,14,RandomK,43,8,0,1,"Draw","Draw(CW,S6)",,,,,,,,0
4905,4,14,RandomK,43,11,1,1,"Draw","Draw(CCW,L0)",,,,,,,,0
4905,4,14,RandomK,43,13,2,1,"Draw","Draw(CCW,L1)",,,,,,,,0
4905,4,14,RandomK,43,16,3,1,"Draw","Draw(CW,L3)",,,,,,,,0
4905,4,14,RandomK,43,19,4,1,"Draw","Draw(CCW,L4)",,,,,,,,0
4905,4,14,RandomK,43,23,5,1,"Draw","Draw(CCW,L6)",,,,,,,,0
4905,4,14,RandomK,43,25,6,1,"Draw","Draw(CCW,L7)",,,,,,,,0
4905,4,14,RandomK,43,27,7,1,"PreGuard","PreGuard(CCW,G3)",,,,,,,,0
4905,4,14,RandomK,43,29,8,1,"PreGuard","PreGuard(CCW,G4)",,,,,,,,0
4905,4,14,RandomK,43,36,9,1,"Hit","Hit(CW,5,MIDDLE)",,,,,,,,0
4905,4,14,RandomK,43,38,10,1,"Hit","Hit(CW,5,STRONG)",,,,,,,,0
4905,4,14,RandomK,43,39,11,1,"Hit","Hit(CCW,5,STRONG)",,,,,,,,0
4905,4,14,RandomK,43,42,12,1,"Hit","Hit(CW,7,TOUCH)",,,,,,,,0
4905,4,14,RandomK,43,51,13,1,"Freeze","Freeze(CCW,7)",,,,,,,,0
4905,4,14,RandomK,43,54,14,1,"Hit","Hit(CW,9,WEAK)",,,,,,,,0
4905,4,14,RandomK,43,59,15,1,"Hit","Hit(CCW,9,STRONG)",,,,,,,,0
4905,4,14,RandomK,43,78,16,1,"Hit","Hit(CW,13,STRONG)",,,,,,,,0
4905,4,14,RandomK,43,83,17,1,"PostGuard","PostGuard(CCW,8,0)",,,,,,,,0
4905,4,14,RandomK,43,84,18,1,"PostGuard","PostGuard(CW,8,1)",,,,,,,,0
4905,4,14,RandomK,43,92,19,1,"PostGuard","PostGuard(CW,10,2)",,,,,,,,0
4905,4,14,RandomK,43,99,20,1,"PostGuard","PostGuard(CCW,12,2)",,,,,,,,0
3837,2,10,RandomK,43,0,0,1,"Draw","Draw(CW,TEE)",,,,,,,,0
3837,2,10,RandomK,43,4,1,1,"Draw","Draw(CW,S2)",,,,,,,,0
3837,2,10,RandomK,43,5,2,1,"Draw","Draw(CCW,S2)",,,,,,,,0
3837,2,10,RandomK,43,10,3,1,"Draw","Draw(CW,L0)",,,,,,,,0
3837,2,10,RandomK,43,11,4,1,"Draw","Draw(CCW,L0)",,,,,,,,0
3837,2,10,RandomK,43,19,5,1,"Draw","Draw(CCW,L4)",,,,,,,,0
3837,2,10,RandomK,43,20,6,1,"Draw","Draw(CW,L5)",,,,,,,,0
3837,2,10,RandomK,43,23,7,1,"Draw","Draw(CCW,L6)",,,,,,,,0
3837,2,10,RandomK,43,33,8,1,"Hit","Hit(CCW,7,TOUCH)",,,,,,,,0
3837,2,10,RandomK,43,36,9,1,"Hit","Hit(CW,7,MIDDLE)",,,,,,,,0
3837,2,10,RandomK,43,38,10,1,"Hit","Hit(CW,7,STRONG)",,,,,,,,0
3837,2,10,RandomK,43,41,11,1,"Freeze","Freeze(CCW,7)",,,,,,,,0
3837,2,10,RandomK,43,57,12,1,"PostGuard","PostGuard(CCW,4,2)",,,,,,,,0
3837,2,10,RandomK,43,59,13,1,"PostGuard","PostGuard(CCW,6,0)",,,,,,,,0
3837,2,10,RandomK,43,65,14,1,"PostGuard","PostGuard(CCW,8,0)",,,,,,,,0
2854,0,15,RandomK,43,4,0,1,"Draw","Draw(CW,S2)",,,,,,,,0
2854,0,15,RandomK,43,13,1,1,"Draw","Draw(CCW,L1)",,,,,,,,0
2854,0,15,RandomK,43,23,2,1,"Draw","Draw(CCW,L6)",,,,,,,,0
2854,0,15,RandomK,43,29,3,1,"PreGuard","PreGuard(CCW,G4)",,,,,,,,0
2854,0,15,RandomK,43,39,4,1,"Hit","Hit(CCW,8,STRONG)",,,,,,,,0
2854,0,15,RandomK,43,45,5,1,"Hit","Hit(CCW,10,WEAK)",,,,,,,,0
2854,0,15,RandomK,43,46,6,1,"Hit","Hit(CW,10,MIDDLE)",,,,,,,,0
2854,0,15,RandomK,43,59,7,1,"Hit","Hit(CCW,12,STRONG)",,,,,,,,0
2854,0,15,RandomK,43,60,8,1,"Freeze","Freeze(CW,12)",,,,,,,,0
2854,0,15,RandomK,43,65,9,1,"Hit","Hit(CCW,14,WEAK)",,,,,,,,0
2854,0,15,RandomK,43,68,10,1,"Hit","Hit(CW,14,STRONG)",,,,,,,,0
2854,0,15,RandomK,43,69,11,1,"Hit","Hit(CCW,14,STRONG)",,,,,,,,0
2854,0,15,RandomK,43,73,12,1,"PostGuard","PostGuard(CCW,1,0)",,,,,,,,0
2854,0,15,RandomK,43,75,13,1,"PostGuard","PostGuard(CCW,1,1)",,,,,,,,0
2854,0,15,RandomK,43,82,14,1,"PostGuard","PostGuard(CW,7,2)",,,,,,,,0
2854,0,15,RandomK,43,87,15,1,"PostGuard","PostGuard(CCW,9,1)",,,,,,,,0
2854,0,15,RandomK,43,89,16,1,"PostGuard","PostGuard(CCW,9,2)",,,,,,,,0
2854,0,15,RandomK,43,94,17,1,"PostGuard","PostGuard(CW,11,2)",,,,,,,,0
2854,0,15,RandomK,43,95,18,1,"PostGuard","PostGuard(CCW,11,2)",,,,,,,,0
2854,0,15,RandomK,43,98,19,1,"PostGuard","PostGuard(CW,13,1)",,,,,,,,0
2854,0,15,RandomK,43,101,20,1,"PostGuard","PostGuard(CCW,13,2)",,,,,,,,0
1221,1,10,RandomK,43,1,0,1,"Draw","Draw(CCW,TEE)",,,,,,,,0
1221,1,10,RandomK,43,2,1,1,"Draw","Draw(CW,S0)",,,,,,,,0
1221,1,10,RandomK,43,13,2,1,"Draw","Draw(CCW,L1)",,,,,,,,0
1221,1,10,RandomK,43,15,3,1,"Draw","Draw(CCW,L2)",,,,,,,,0
1221,1,10,RandomK,43,18,4,1,"Draw","Draw(CW,L4)",,,,,,,,0
1221,1,10,RandomK,43,24,5,1,"Draw","Draw(CW,L7)",,,,,,,,0
1221,1,10,RandomK,43,26,6,1,"PreGuard","PreGuard(CW,G3)",,,,,,,,0
1221,1,10,RandomK,43,28,7,1,"PreGuard","PreGuard(CW,G4)",,,,,,,,0
1221,1,10,RandomK,43,30,8,1,"PreGuard","PreGuard(CW,G5)",,,,,,,,0
1221,1,10,RandomK,43,35,9,1,"Hit","Hit(CCW,1,WEAK)",,,,,,,,0
1221,1,10,RandomK,43,38,10,1,"Hit","Hit(CW,1,STRONG)",,,,,,,,0
1221,1,10,RandomK,43,39,11,1,"Hit","Hit(CCW,1,STRONG)",,,,,,,,0
1221,1,10,RandomK,43,46,12,1,"Hit","Hit(CW,3,MIDDLE)",,,,,,,,0
1221,1,10,RandomK,43,47,13,1,"Hit","Hit(CCW,3,MIDDLE)",,,,,,,,0
1221,1,10,RandomK,43,49,14,1,"Hit","Hit(CCW,3,STRONG)",,,,,,,,0
1221,1,10,RandomK,43,56,15,1,"Hit","Hit(CW,5,MIDDLE)",,,,,,,,0
1221,1,10,RandomK,43,65,16,1,"Hit","Hit(CCW,7,WEAK)",,,,,,,,0
1221,1,10,RandomK,43,72,17,1,"Hit","Hit(CW,9,TOUCH)",,,,,,,,0
1221,1,10,RandomK,43,82,18,1,"PostGuard","PostGuard(CW,0,0)",,,,,,,,0
1221,1,10,RandomK,43,95,19,1,"PostGuard","PostGuard(CCW,4,0)",,,,,,,,0
1221,1,10,RandomK,43,98,20,1,"PostGuard","PostGuard(CW,4,2)",,,,,,,,0
1221,1,10,RandomK,43,99,21,1,"PostGuard","PostGuard(CCW,4,2)",,,,,,,,0
1221,1,10,RandomK,43,102,22,1,"PostGuard","PostGuard(CW,6,1)",,,,,,,,0
7301,6,14,RandomK,43,1,0,1,"Draw","Draw(CCW,TEE)",,,,,,,,0
7301,6,14,RandomK,43,5,1,1,"Draw","Draw(CCW,S2)",,,,,,,,0
7301,6,14,RandomK,43,9,2,1,"Draw","Draw(CCW,S6)",,,,,,,,0
7301,6,14,RandomK,43,13,3,1,"Draw","Draw(CCW,L1)",,,,,,,,0
7301,6,14,RandomK,43,25,4,1,"Draw","Draw(CCW,L7)",,,,,,,,0
7301,6,14,RandomK,43,27,5,1,"PreGuard","PreGuard(CCW,G3)",,,,,,,,0
7301,6,14,RandomK,43,36,6,1,"Hit","Hit(CW,1,MIDDLE)",,,,,,,,0
7301,6,14,RandomK,43,37,7,1,"Hit","Hit(CCW,1,MIDDLE)",,,,,,,,0
7301,6,14,RandomK,43,38,8,1,"Hit","Hit(CW,1,STRONG)",,,,,,,,0
7301,6,14,RandomK,43,39,9,1,"Hit","Hit(CCW,1,STRONG)",,,,,,,,0
7301,6,14,RandomK,43,40,10,1,"Freeze","Freeze(CW,1)",,,,,,,,0
7301,6,14,RandomK,43,42,11,1,"Hit","Hit(CW,3,TOUCH)",,,,,,,,0
7301,6,14,RandomK,43,47,12,1,"Hit","Hit(CCW,3,MIDDLE)",,,,,,,,0
7301,6,14,RandomK,43,48,13,1,"Hit","Hit(CW,3,STRONG)",,,,,,,,0
7301,6,14,RandomK,43,52,14,1,"Hit","Hit(CW,5,TOUCH)",,,,,,,,0
7301,6,14,RandomK,43,53,15,1,"Hit","Hit(CCW,5,TOUCH)",,,,,,,,0
7301,6,14,RandomK,43,60,16,1,"Freeze","Freeze(CW,5)",,,,,,,,0
7301,6,14,RandomK,43,66,17,1,"Hit","Hit(CW,7,MIDDLE)",,,,,,,,0
7301,6,14,RandomK,43,69,18,1,"Hit","Hit(CCW,7,STRONG)",,,,,,,,0
7301,6,14,RandomK,43,85,19,1,"Hit","Hit(CCW,11,WEAK)",,,,,,,,0
7301,6,14,RandomK,43,86,20,1,"Hit","Hit(CW,11,MIDDLE)",,,,,,,,0
7301,6,14,RandomK,43,104,21,1,"PostGuard","PostGuard(CW,0,1)",,,,,,,,0
7301,6,14,RandomK,43,115,22,1,"PostGuard","PostGuard(CCW,4,0)",,,,,,,,0
7301,6,14,RandomK,43,118,23,1,"PostGuard","PostGuard(CW,4,2)",,,,,,,,0
7301,6,14,RandomK,43,121,24,1,"PostGuard","PostGuard(CCW,6,0)",,,,,,,,0
7301,6,14,RandomK,43,126,25,1,"PostGuard","PostGuard(CW,8,0)",,,,,,,,0
7301,6,14,RandomK,43,129,26,1,"PostGuard","PostGuard(CCW,8,1)",,,,,,,,0
7301,6,14,RandomK,43,131,27,1,"PostGuard","PostGuard(CCW,8,2)",,,,,,,,0
7301,6,14,RandomK,43,135,28,1,"PostGuard","PostGuard(CCW,10,1)",,,,,,,,0
5248,0,3,RandomK,43,0,0,1,"Draw","Draw(CW,TEE)",,,,,,,,0
5248,0,3,RandomK,43,1,1,1,"Draw","Draw(CCW,TEE)",,,,,,,,0
5248,0,3,RandomK,43,4,2,1,"Draw","Draw(CW,S2)",,,,,,,,0
5248,0,3,RandomK,43,14,3,1,"Draw","Draw(CW,L2)",,,,,,,,0
5248,0,3,RandomK,43,21,4,1,"Draw","Draw(CCW,L5)",,,,,,,,0
5248,0,3,RandomK,43,28,5,1,"PreGuard","PreGuard(CW,G4)",,,,,,,,0
5248,0,3,RandomK,43,32,6,1,"Hit","Hit(CW,2,TOUCH)",,,,,,,,0
5248,0,3,RandomK,43,37,7,1,"Hit","Hit(CCW,2,MIDDLE)",,,,,,,,0
5248,0,3,RandomK,43,43,8,1,"PostGuard","PostGuard(CCW,1,0)",,,,,,,,0
5248,0,3,RandomK,43,46,9,1,"PostGuard","PostGuard(CW,1,2)",,,,,,,,0
2545,3,15,RandomK,43,1,0,1,"Draw","Draw(CCW,TEE)",,,,,,,,0
2545,3,15,RandomK,43,16,1,1,"Draw","Draw(CW,L3)",,,,,,,,0
2545,3,15,RandomK,43,19,2,1,"Draw","Draw(CCW,L4)",,,,,,,,0
2545,3,15,RandomK,43,23,3,1,"Draw","Draw(CCW,L6)",,,,,,,,0
2545,3,15,RandomK,43,26,4,1,"PreGuard","PreGuard(CW,G3)",,,,,,,,0
2545,3,15,RandomK,43,31,5,1,"PreGuard","PreGuard(CCW,G5)",,,,,,,,0
2545,3,15,RandomK,43,38,6,1,"Hit","Hit(CW,12,STRONG)",,,,,,,,0
2545,3,15,RandomK,43,39,7,1,"Hit","Hit(CCW,12,STRONG)",,,,,,,,0
2545,3,15,RandomK,43,49,8,1,"PostGuard","PostGuard(CCW,13,0)",,,,,,,,0
2545,3,15,RandomK,43,52,9,1,"PostGuard","PostGuard(CW,13,2)",,,,,,,,0
2545,3,15,RandomK,43,53,10,1,"PostGuard","PostGuard(CCW,13,2)",,,,,,,,0
2545,3,15,RandomK,43,54,11,1,"PostGuard","PostGuard(CW,15,0)",,,,,,,,0
2545,3,15,RandomK,43,60,12,1,"Pass","Pass",,,,,,,,0
6335,1,11,RandomK,43,0,0,1,"Draw","Draw(CW,TEE)",,,,,,,,0
6335,1,11,RandomK,43,7,1,1,"Draw","Draw(CCW,S4)",,,,,,,,0
6335,1,11,RandomK,43,19,2,1,"Draw","Draw(CCW,L4)",,,,,,,,0
6335,1,11,RandomK,43,20,3,1,"Draw","Draw(CW,L5)",,,,,,,,0
6335,1,11,RandomK,43,24,4,1,"Draw","Draw(CW,L7)",,,,,,,,0
6335,1,11,RandomK,43,27,5,1,"PreGuard","PreGuard(CCW,G3)",,,,,,,,0
6335,1,11,RandomK,43,36,6,1,"Hit","Hit(CW,6,MIDDLE)",,,,,,,,0
6335,1,11,RandomK,43,43,7,1,"Hit","Hit(CCW,10,TOUCH)",,,,,,,,0
6335,1,11,RandomK,43,45,8,1,"Hit","Hit(CCW,10,WEAK)",,,,,,,,0
6335,1,11,RandomK,43,46,9,1,"Hit","Hit(CW,10,MIDDLE)",,,,,,,,0
6335,1,11,RandomK,43,47,10,1,"Hit","Hit(CCW,10,MIDDLE)",,,,,,,,0
8275,4,5,RandomK,43,0,0,1,"Draw","Draw(CW,TEE)",,,,,,,,0
8275,4,5,RandomK,43,4,1,1,"Draw","Draw(CW,S2)",,,,,,,,0
8275,4,5,RandomK,43,10,2,1,"Draw","Draw(CW,L0)",,,,,,,,0
8275,4,5,RandomK,43,11,3,1,"Draw","Draw(CCW,L0)",,,,,,,,0
8275,4,5,RandomK,43,14,4,1,"Draw","Draw(CW,L2)",,,,,,,,0
8275,4,5,RandomK,43,27,5,1,"PreGuard","PreGuard(CCW,G3)",,,,,,,,0
8275,4,5,RandomK,43,28,6,1,"PreGuard","PreGuard(CW,G4)",,,,,,,,0
8275,4,5,RandomK,43,33,7,1,"Hit","Hit(CCW,0,TOUCH)",,,,,,,,0
8275,4,5,RandomK,43,34,8,1,"Hit","Hit(CW,0,WEAK)",,,,,,,,0
8275,4,5,RandomK,43,40,9,1,"Freeze","Freeze(CW,0)",,,,,,,,0
8275,4,5,RandomK,43,48,10,1,"Hit","Hit(CW,2,STRONG)",,,,,,,,0
8275,4,5,RandomK,43,59,11,1,"PostGuard","PostGuard(CCW,3,0)",,,,,,,,0
8275,4,5,RandomK,43,62,12,1,"PostGuard","PostGuard(CW,3,2)",,,,,,,,0
8275,4,5,RandomK,43,64,13,1,"PostGuard","PostGuard(CW,5,0)",,,,,,,,0
8275,4,5,RandomK,43,70,14,1,"Pass","Pass",,,,,,,,0
963,5,13,RandomK,43,3,0,1,"Draw","Draw(CCW,S0)",,,,,,,,0
963,5,13,RandomK,43,7,1,1,"Draw","Draw(CCW,S4)",,,,,,,,0
963,5,13,RandomK,43,12,2,1,"Draw","Draw(CW,L1)",,,,,,,,0
963,5,13,RandomK,43,30,3,1,"PreGuard","PreGuard(CW,G5)",,,,,,,,0
963,5,13,RandomK,43,34,4,1,"Hit","Hit(CW,8,WEAK)",,,,,,,,0
963,5,13,RandomK,43,40,5,1,"Freeze","Freeze(CW,8)",,,,,,,,0
963,5,13,RandomK,43,46,6,1,"Hit","Hit(CW,10,MIDDLE)",,,,,,,,0
963,5,13,RandomK,43,49,7,1,"Hit","Hit(CCW,10,STRONG)",,,,,,,,0
963,5,13,RandomK,43,57,8,1,"PostGuard","PostGuard(CCW,1,2)",,,,,,,,0
963,5,13,RandomK,43,59,9,1,"PostGuard","PostGuard(CCW,5,0)",,,,,,,,0
963,5,13,RandomK,43,60,10,1,"PostGuard","PostGuard(CW,5,1)",,,,,,,,0
963,5,13,RandomK,43,67,11,1,"PostGuard","PostGuard(CCW,7,1)",,,,,,,,0
963,5,13,RandomK,43,69,12,1,"PostGuard","PostGuard(CCW,7,2)",,,,,,,,0
963,5,13,RandomK,43,71,13,1,"PostGuard","PostGuard(CCW,9,0)",,,,,,,,0
963,5,13,RandomK,43,73,14,1,"PostGuard","PostGuard(CCW,9,1)",,,,,,,,0
963,5,13,RandomK,43,82,15,1,"PostGuard","PostGuard(CW,13,0)",,,,,,,,0
963,5,13,RandomK,43,87,16,1,"PostGuard","PostGuard(CCW,13,2)",,,,,,,,0
963,5,13,RandomK,43,88,17,1,"Pass","Pass",,,,,,,,0
176,5,11,RandomK,43,0,0,1,"Draw","Draw(CW,TEE)",,,,,,,,0
176,5,11,RandomK,43,3,1,1,"Draw","Draw(CCW,S0)",,,,,,,,0
176,5,11,RandomK,43,4,2,1,"Draw","Draw(CW,S2)",,,,,,,,0
176,5,11,RandomK,43,7,3,1,"Draw","Draw(CCW,S4)",,,,,,,,0
176,5,11,RandomK,43,8,4,1,"Draw","Draw(CW,S6)",,,,,,,,0
176,5,11,RandomK,43,11,5,1,"Draw","Draw(CCW,L0)",,,,,,,,0
176,5,11,RandomK,43,15,6,1,"Draw","Draw(CCW,L2)",,,,,,,,0
176,5,11,RandomK,43,21,7,1,"Draw","Draw(CCW,L5)",,,,,,,,0
176,5,11,RandomK,43,26,8,1,"PreGuard","PreGuard(CW,G3)",,,,,,,,0
176,5,11,RandomK,43,34,9,1,"Hit","Hit(CW,0,WEAK)",,,,,,,,0
176,5,11,RandomK,43,43,10,1,"Hit","Hit(CCW,6,TOUCH)",,,,,,,,0
176,5,11,RandomK,43,45,11,1,"Hit","Hit(CCW,6,WEAK)",,,,,,,,0
176,5,11,RandomK,43,48,12,1,"Hit","Hit(CW,6,STRONG)",,,,,,,,0
176,5,11,RandomK,43,50,13,1,"Freeze","Freeze(CW,6)",,,,,,,,0
176,5,11,RandomK,43,52,14,1,"Hit","Hit(CW,8,TOUCH)",,,,,,,,0
176,5,11,RandomK,43,69,15,1,"Hit","Hit(CCW,10,STRONG)",,,,,,,,0
176,5,11,RandomK,43,70,16,1,"Freeze","Freeze(CW,10)",,,,,,,,0
176,5,11,RandomK,43,79,17,1,"PostGuard","PostGuard(CCW,3,0)",,,,,,,,0
176,5,11,RandomK,43,87,18,1,"PostGuard","PostGuard(CCW,5,1)",,,,,,,,0
176,5,11,RandomK,43,88,19,1,"PostGuard","PostGuard(CW,5,2)",,,,,,,,0
2199,1,13,RandomK,43,8,0,1,"Draw","Draw(CW,S6)",,,,,,,,0
2199,1,13,RandomK,43,17,1,1,"Draw","Draw(CCW,L3)",,,,,,,,0
2199,1,13,RandomK,43,18,2,1,"Draw","Draw(CW,L4)",,,,,,,,0
2199,1,13,RandomK,43,20,3,1,"Draw","Draw(CW,L5)",,,,,,,,0
2199,1,13,RandomK,43,27,4,1,"PreGuard","PreGuard(CCW,G3)",,,,,,,,0
2199,1,13,RandomK,43,30,5,1,"PreGuard","PreGuard(CW,G5)",,,,,,,,0
2199,1,13,RandomK,43,42,6,1,"Hit","Hit(CW,4,TOUCH)",,,,,,,,0
2199,1,13,RandomK,43,50,7,1,"Freeze","Freeze(CW,4)",,,,,,,,0
2199,1,13,RandomK,43,51,8,1,"Freeze","Freeze(CCW,4)",,,,,,,,0
2199,1,13,RandomK,43,52,9,1,"Hit","Hit(CW,6,TOUCH)",,,,,,,,0
2199,1,13,RandomK,43,63,10,1,"Hit","Hit(CCW,8,TOUCH)",,,,,,,,0
2199,1,13,RandomK,43,64,11,1,"Hit","Hit(CW,8,WEAK)",,,,,,,,0
2199,1,13,RandomK,43,65,12,1,"Hit","Hit(CCW,8,WEAK)",,,,,,,,0
2199,1,13,RandomK,43,70,13,1,"Freeze","Freeze(CW,8)",,,,,,,,0
2199,1,13,RandomK,43,73,14,1,"Hit","Hit(CCW,10,TOUCH)",,,,,,,,0
2199,1,13,RandomK,43,76,15,1,"Hit","Hit(CW,10,MIDDLE)",,,,,,,,0
2199,1,13,RandomK,43,77,16,1,"Hit","Hit(CCW,10,MIDDLE)",,,,,,,,0
2199,1,13,RandomK,43,82,17,1,"PostGuard","PostGuard(CW,3,0)",,,,,,,,0
2199,1,13,RandomK,43,86,18,1,"PostGuard","PostGuard(CW,3,2)",,,,,,,,0
2199,1,13,RandomK,43,88,19,1,"PostGuard","PostGuard(CW,5,0)",,,,,,,,0
2199,1,13,RandomK,43,101,20,1,"PostGuard","PostGuard(CCW,9,0)",,,,,,,,0
2199,1,13,RandomK,43,104,21,1,"PostGuard","PostGuard(CW,9,2)",,,,,,,,0
2199,1,13,RandomK,43,106,22,1,"PostGuard","PostGuard(CW,11,0)",,,,,,,,0
2199,1,13,RandomK,43,111,23,1,"PostGuard","PostGuard(CCW,11,2)",,,,,,,,0
8298,3,11,RandomK,43,3,0,1,"Draw","Draw(CCW,S0)",,,,,,,,0
8298,3,11,RandomK,43,18,1,1,"Draw","Draw(CW,L4)",,,,,,,,0
8298,3,11,RandomK,43,23,2,1,"Draw","Draw(CCW,L6)",,,,,,,,0
8298,3,11,RandomK,43,27,3,1,"PreGuard","PreGuard(CCW,G3)",,,,,,,,0
8298,3,11,RandomK,43,33,4,1,"Hit","Hit(CCW,0,TOUCH)",,,,,,,,0
8298,3,11,RandomK,43,35,5,1,"Hit","Hit(CCW,0,WEAK)",,,,,,,,0
8298,3,11,RandomK,43,36,6,1,"Hit","Hit(CW,0,MIDDLE)",,,,,,,,0
8298,3,11,RandomK,43,45,7,1,"Hit","Hit(CCW,2,WEAK)",,,,,,,,0
8298,3,11,RandomK,43,46,8,1,"Hit","Hit(CW,2,MIDDLE)",,,,,,,,0
8298,3,11,RandomK,43,49,9,1,"Hit","Hit(CCW,2,STRONG)",,,,,,,,0
8298,3,11,RandomK,43,50,10,1,"Freeze","Freeze(CW,2)",,,,,,,,0
8298,3,11,RandomK,43,63,11,1,"Hit","Hit(CCW,6,TOUCH)",,,,,,,,0
8298,3,11,RandomK,43,69,12,1,"Hit","Hit(CCW,6,STRONG)",,,,,,,,0
8298,3,11,RandomK,43,71,13,1,"Freeze","Freeze(CCW,6)",,,,,,,,0
8298,3,11,RandomK,43,72,14,1,"Hit","Hit(CW,8,TOUCH)",,,,,,,,0
8298,3,11,RandomK,43,81,15,1,"Freeze","Freeze(CCW,8)",,,,,,,,0
8298,3,11,RandomK,43,86,16,1,"PostGuard","PostGuard(CW,1,2)",,,,,,,,0
8298,3,11,RandomK,43,90,17,1,"PostGuard","PostGuard(CW,3,1)",,,,,,,,0
8298,3,11,RandomK,43,92,18,1,"PostGuard","PostGuard(CW,3,2)",,,,,,,,0
8298,3,11,RandomK,43,94,19,1,"PostGuard","PostGuard(CW,5,0)",,,,,,,,0
8298,3,11,RandomK,43,97,20,1,"PostGuard","PostGuard(CCW,5,1)",,,,,,,,0
8298,3,11,RandomK,43,100,21,1,"PostGuard","PostGuard(CW,7,0)",,,,,,,,0
8298,3,11,RandomK,43,111,22,1,"PostGuard","PostGuard(CCW,9,2)",,,,,,,,0
8298,3,11,RandomK,43,112,23,1,"PostGuard","PostGuard(CW,11,0)",,,,,,,,0
6729,2,14,RandomK,43,0,0,1,"Draw","Draw(CW,TEE)",,,,,,,,0
6729,2,14,RandomK,43,1,1,1,"Draw","Draw(CCW,TEE)",,,,,,,,0
6729,2,14,RandomK,43,3,2,1,"Draw","Draw(CCW,S0)",,,,,,,,0
6729,2,14,RandomK,43,8,3,1,"Draw","Draw(CW,S6)",,,,,,,,0
6729,2,14,RandomK,43,22,4,1,"Draw","Draw(CW,L6)",,,,,,,,0
6729,2,14,RandomK,43,24,5,1,"Draw","Draw(CW,L7)",,,,,,,,0
6729,2,14,RandomK,43,28,6,1,"PreGuard","PreGuard(CW,G4)",,,,,,,,0
6729,2,14,RandomK,43,30,7,1,"PreGuard","PreGuard(CW,G5)",,,,,,,,0
6729,2,14,RandomK,43,55,8,1,"Hit","Hit(CCW,7,WEAK)",,,,,,,,0
6729,2,14,RandomK,43,56,9,1,"Hit","Hit(CW,7,MIDDLE)",,,,,,,,0
6729,2,14,RandomK,43,57,10,1,"Hit","Hit(CCW,7,MIDDLE)",,,,,,,,0
6729,2,14,RandomK,43,58,11,1,"Hit","Hit(CW,7,STRONG)",,,,,,,,0
6729,2,14,RandomK,43,60,12,1,"Freeze","Freeze(CW,7)",,,,,,,,0
6729,2,14,RandomK,43,65,13,1,"Hit","Hit(CCW,9,WEAK)",,,,,,,,0
6729,2,14,RandomK,43,68,14,1,"Hit","Hit(CW,9,STRONG)",,,,,,,,0
6729,2,14,RandomK,43,72,15,1,"Hit","Hit(CW,11,TOUCH)",,,,,,,,0
6729,2,14,RandomK,43,74,16,1,"Hit","Hit(CW,11,WEAK)",,,,,,,,0
6729,2,14,RandomK,43,86,17,1,"Hit","Hit(CW,13,MIDDLE)",,,,,,,,0
6729,2,14,RandomK,43,88,18,1,"Hit","Hit(CW,13,STRONG)",,,,,,,,0
6729,2,14,RandomK,43,102,19,1,"PostGuard","PostGuard(CW,2,2)",,,,,,,,0
6729,2,14,RandomK,43,106,20,1,"PostGuard","PostGuard(CW,4,1)",,,,,,,,0
6729,2,14,RandomK,43,108,21,1,"PostGuard","PostGuard(CW,4,2)",,,,,,,,0
6729,2,14,RandomK,43,112,22,1,"PostGuard","PostGuard(CW,6,1)",,,,,,,,0
6729,2,14,RandomK,43,115,23,1,"PostGuard","PostGuard(CCW,6,2)",,,,,,,,0
6729,2,14,RandomK,43,119,24,1,"PostGuard","PostGuard(CCW,8,1)",,,,,,,,0
6729,2,14,RandomK,43,120,25,1,"PostGuard","PostGuard(CW,8,2)",,,,,,,,0
6729,2,14,RandomK,43,123,26,1,"PostGuard","PostGuard(CCW,10,0)",,,,,,,,0
8119,5,4,RandomK,43,10,0,1,"Draw","Draw(CW,L0)",,,,,,,,0
8119,5,4,RandomK,43,12,1,1,"Draw","Draw(CW,L1)",,,,,,,,0
8119,5,4,RandomK,43,17,2,1,"Draw","Draw(CCW,L3)",,,,,,,,0
8119,5,4,RandomK,43,26,3,1,"PreGuard","PreGuard(CW,G3)",,,,,,,,0
8119,5,4,RandomK,43,29,4,1,"PreGuard","PreGuard(CCW,G4)",,,,,,,,0
8119,5,4,RandomK,43,33,5,1,"Hit","Hit(CCW,1,TOUCH)",,,,,,,,0
8119,5,4,RandomK,43,36,6,1,"Hit","Hit(CW,1,MIDDLE)",,,,,,,,0
8119,5,4,RandomK,43,43,7,1,"Hit","Hit(CCW,3,TOUCH)",,,,,,,,0
8119,5,4,RandomK,43,46,8,1,"Hit","Hit(CW,3,MIDDLE)",,,,,,,,0
8119,5,4,RandomK,43,58,9,1,"PostGuard","PostGuard(CW,2,0)",,,,,,,,0
8119,5,4,RandomK,43,60,10,1,"PostGuard","PostGuard(CW,2,1)",,,,,,,,0
8119,5,4,RandomK,43,62,11,1,"PostGuard","PostGuard(CW,2,2)",,,,,,,,0
8119,5,4,RandomK,43,64,12,1,"Pass","Pass",,,,,,,,0
8189,0,14,RandomK,43,0,0,1,"Draw","Draw(CW,TEE)",,,,,,,,0
8189,0,14,RandomK,43,3,1,1,"Draw","Draw(CCW,S0)",,,,,,,,0
8189,0,14,RandomK,43,11,2,1,"Draw","Draw(CCW,L0)",,,,,,,,0
8189,0,14,RandomK,43,14,3,1,"Draw","Draw(CW,L2)",,,,,,,,0
8189,0,14,RandomK,43,15,4,1,"Draw","Draw(CCW,L2)",,,,,,,,0
8189,0,14,RandomK,43,26,5,1,"PreGuard","PreGuard(CW,G3)",,,,,,,,0
8189,0,14,RandomK,43,43,6,1,"PostGuard","PostGuard(CCW,8,0)",,,,,,,,0
8189,0,14,RandomK,43,45,7,1,"PostGuard","PostGuard(CCW,8,1)",,,,,,,,0
8189,0,14,RandomK,43,50,8,1,"PostGuard","PostGuard(CW,12,1)",,,,,,,,0
8189,0,14,RandomK,43,51,9,1,"PostGuard","PostGuard(CCW,12,1)",,,,,,,,0
8189,0,14,RandomK,43,52,10,1,"PostGuard","PostGuard(CW,12,2)",,,,,,,,0
9791,0,8,RandomK,43,7,0,1,"Draw","Draw(CCW,S4)",,,,,,,,0
9791,0,8,RandomK,43,8,1,1,"Draw","Draw(CW,S6)",,,,,,,,0
9791,0,8,RandomK,43,9,2,1,"Draw","Draw(CCW,S6)",,,,,,,,0
9791,0,8,RandomK,43,12,3,1,"Draw","Draw(CW,L1)",,,,,,,,0
9791,0,8,RandomK,43,19,4,1,"Draw","Draw(CCW,L4)",,,,,,,,0
9791,0,8,RandomK,43,24,5,1,"Draw","Draw(CW,L7)",,,,,,,,0
9791,0,8,RandomK,43,34,6,1,"Hit","Hit(CW,7,WEAK)",,,,,,,,0
9791,0,8,RandomK,43,41,7,1,"Freeze","Freeze(CCW,7)",,,,,,,,0
9791,0,8,RandomK,43,48,8,1,"PostGuard","PostGuard(CW,6,0)",,,,,,,,0
9791,0,8,RandomK,43,51,9,1,"PostGuard","PostGuard(CCW,6,1)",,,,,,,,0
9791,0,8,RandomK,43,52,10,1,"PostGuard","PostGuard(CW,6,2)",,,,,,,,0
5487,5,5,RandomK,43,6,0,1,"Draw","Draw(CW,S4)",,,,,,,,0
5487,5,5,RandomK,43,13,1,1,"Draw","Draw(CCW,L1)",,,,,,,,0
5487,5,5,RandomK,43,15,2,1,"Draw","Draw(CCW,L2)",,,,,,,,0
5487,5,5,RandomK,43,16,3,1,"Draw","Draw(CW,L3)",,,,,,,,0
5487,5,5,RandomK,43,23,4,1,"Draw","Draw(CCW,L6)",,,,,,,,0
5487,5,5,RandomK,43,24,5,1,"Draw","Draw(CW,L7)",,,,,,,,0
5487,5,5,RandomK,43,28,6,1,"PreGuard","PreGuard(CW,G4)",,,,,,,,0
5487,5,5,RandomK,43,50,7,1,"Freeze","Freeze(CW,2)",,,,,,,,0
5487,5,5,RandomK,43,51,8,1,"Freeze","Freeze(CCW,2)",,,,,,,,0
5487,5,5,RandomK,43,53,9,1,"PostGuard","PostGuard(CCW,1,0)",,,,,,,,0
5487,5,5,RandomK,43,57,10,1,"PostGuard","PostGuard(CCW,1,2)",,,,,,,,0
5487,5,5,RandomK,43,64,11,1,"PostGuard","PostGuard(CW,5,0)",,,,,,,,0
5487,5,5,RandomK,43,66,12,1,"PostGuard","PostGuard(CW,5,1)",,,,,,,,0
5487,5,5,RandomK,43,69,13,1,"PostGuard","PostGuard(CCW,5,2)",,,,,,,,0
5487,5,5,RandomK,43,70,14,1,"Pass","Pass",,,,,,,,0
4950,0,15,RandomK,43,3,0,1,"Draw","Draw(CCW,S0)",,,,,,,,0
4950,0,15,RandomK,43,5,1,1,"Draw","Draw(CCW,S2)",,,,,,,,0
4950,0,15,RandomK,43,6,2,1,"Draw","Draw(CW,S4)",,,,,,,,0
4950,0,15,RandomK,43,8,3,1,"Draw","Draw(CW,S6)",,,,,,,,0
4950,0,15,RandomK,43,10,4,1,"Draw","Draw(CW,L0)",,,,,,,,0
4950,0,15,RandomK,43,21,5,1,"Draw","Draw(CCW,L5)",,,,,,,,0
4950,0,15,RandomK,43,22,6,1,"Draw","Draw(CW,L6)",,,,,,,,0
4950,0,15,RandomK,43,29,7,1,"PreGuard","PreGuard(CCW,G4)",,,,,,,,0
4950,0,15,RandomK,43,36,8,1,"Hit","Hit(CW,12,MIDDLE)",,,,,,,,0
4950,0,15,RandomK,43,39,9,1,"Hit","Hit(CCW,12,STRONG)",,,,,,,,0
4950,0,15,RandomK,43,42,10,1,"Hit","Hit(CW,14,TOUCH)",,,,,,,,0
4950,0,15,RandomK,43,49,11,1,"Hit","Hit(CCW,14,STRONG)",,,,,,,,0
4950,0,15,RandomK,43,63,12,1,"PostGuard","PostGuard(CCW,11,2)",,,,,,,,0
4950,0,15,RandomK,43,64,13,1,"PostGuard","PostGuard(CW,13,0)",,,,,,,,0
4950,0,15,RandomK,43,67,14,1,"PostGuard","PostGuard(CCW,13,1)",,,,,,,,0
9143,3,7,RandomK,43,12,0,1,"Draw","Draw(CW,L1)",,,,,,,,0
9143,3,7,RandomK,43,16,1,1,"Draw","Draw(CW,L3)",,,,,,,,0
9143,3,7,RandomK,43,24,2,1,"Draw","Draw(CW,L7)",,,,,,,,0
9143,3,7,RandomK,43,32,3,1,"Hit","Hit(CW,0,TOUCH)",,,,,,,,0
9143,3,7,RandomK,43,35,4,1,"Hit","Hit(CCW,0,WEAK)",,,,,,,,0
9143,3,7,RandomK,43,40,5,1,"Freeze","Freeze(CW,0)",,,,,,,,0
9143,3,7,RandomK,43,42,6,1,"Hit","Hit(CW,2,TOUCH)",,,,,,,,0
9143,3,7,RandomK,43,45,7,1,"Hit","Hit(CCW,2,WEAK)",,,,,,,,0
9143,3,7,RandomK,43,46,8,1,"Hit","Hit(CW,2,MIDDLE)",,,,,,,,0
9143,3,7,RandomK,43,49,9,1,"Hit","Hit(CCW,2,STRONG)",,,,,,,,0
9143,3,7,RandomK,43,56,10,1,"Hit","Hit(CW,4,MIDDLE)",,,,,,,,0
9143,3,7,RandomK,43,62,11,1,"PostGuard","PostGuard(CW,3,0)",,,,,,,,0
9143,3,7,RandomK,43,70,12,1,"PostGuard","PostGuard(CW,5,1)",,,,,,,,0
9143,3,7,RandomK,43,74,13,1,"PostGuard","PostGuard(CW,7,0)",,,,,,,,0
9143,3,7,RandomK,43,75,14,1,"PostGuard","PostGuard(CCW,7,0)",,,,,,,,0
9143,3,7,RandomK,43,76,15,1,"PostGuard","PostGuard(CW,7,1)",,,,,,,,0
9143,3,7,RandomK,43,79,16,1,"PostGuard","PostGuard(CCW,7,2)",,,,,,,,0
4517,4,13,RandomK,43,0,0,1,"Draw","Draw(CW,TEE)",,,,,,,,0
4517,4,13,RandomK,43,2,1,1,"Draw","Draw(CW,S0)",,,,,,,,0
4517,4,13,RandomK,43,3,2,1,"Draw","Draw(CCW,S0)",,,,,,,,0
4517,4,13,RandomK,43,6,3,1,"Draw","Draw(CW,S4)",,,,,,,,0
4517,4,13,RandomK,43,10,4,1,"Draw","Draw(CW,L0)",,,,,,,,0
4517,4,13,RandomK,43,14,5,1,"Draw","Draw(CW,L2)",,,,,,,,0
4517,4,13,RandomK,43,19,6,1,"Draw","Draw(CCW,L4)",,,,,,,,0
4517,4,13,RandomK,43,21,7,1,"Draw","Draw(CCW,L5)",,,,,,,,0
4517,4,13,RandomK,43,27,8,1,"PreGuard","PreGuard(CCW,G3)",,,,,,,,0
4517,4,13,RandomK,43,35,9,1,"Hit","Hit(CCW,2,WEAK)",,,,,,,,0
4517,4,13,RandomK,43,36,10,1,"Hit","Hit(CW,2,MIDDLE)",,,,,,,,0
4517,4,13,RandomK,43,45,11,1,"Hit","Hit(CCW,4,WEAK)",,,,,,,,0
4517,4,13,RandomK,43,52,12,1,"Hit","Hit(CW,6,TOUCH)",,,,,,,,0
4517,4,13,RandomK,43,53,13,1,"Hit","Hit(CCW,6,TOUCH)",,,,,,,,0
4517,4,13,RandomK,43,56,14,1,"Hit","Hit(CW,6,MIDDLE)",,,,,,,,0
4517,4,13,RandomK,43,70,15,1,"Freeze","Freeze(CW,8)",,,,,,,,0
4517,4,13,RandomK,43,77,16,1,"Hit","Hit(CCW,10,MIDDLE)",,,,,,,,0
4517,4,13,RandomK,43,79,17,1,"Hit","Hit(CCW,10,STRONG)",,,,,,,,0
4517,4,13,RandomK,43,80,18,1,"Freeze","Freeze(CW,10)",,,,,,,,0
4517,4,13,RandomK,43,89,19,1,"Hit","Hit(CCW,12,STRONG)",,,,,,,,0
4517,4,13,RandomK,43,92,20,1,"PostGuard","PostGuard(CW,3,0)",,,,,,,,0
4517,4,13,RandomK,43,99,21,1,"PostGuard","PostGuard(CCW,5,0)",,,,,,,,0
4517,4,13,RandomK,43,100,22,1,"PostGuard","PostGuard(CW,5,1)",,,,,,,,0
4517,4,13,RandomK,43,104,23,1,"PostGuard","PostGuard(CW,7,0)",,,,,,,,0
4517,4,13,RandomK,43,106,24,1,"PostGuard","PostGuard(CW,7,1)",,,,,,,,0
2994,5,10,RandomK,43,1,0,1,"Draw","Draw(CCW,TEE)",,,,,,,,0
2994,5,10,RandomK,43,15,1,1,"Draw","Draw(CCW,L2)",,,,,,,,0
2994,5,10,RandomK,43,19,2,1,"Draw","Draw(CCW,L4)",,,,,,,,0
2994,5,10,RandomK,43,24,3,1,"Draw","Draw(CW,L7)",,,,,,,,0
2994,5,10,RandomK,43,27,4,1,"PreGuard","PreGuard(CCW,G3)",,,,,,,,0
2994,5,10,RandomK,43,28,5,1,"PreGuard","PreGuard(CW,G4)",,,,,,,,0
2994,5,10,RandomK,43,31,6,1,"PreGuard","PreGuard(CCW,G5)",,,,,,,,0
2994,5,10,RandomK,43,36,7,1,"Hit","Hit(CW,1,MIDDLE)",,,,,,,,0
2994,5,10,RandomK,43,37,8,1,"Hit","Hit(CCW,1,MIDDLE)",,,,,,,,0
2994,5,10,RandomK,43,38,9,1,"Hit","Hit(CW,1,STRONG)",,,,,,,,0
2994,5,10,RandomK,43,42,10,1,"Hit","Hit(CW,3,TOUCH)",,,,,,,,0
2994,5,10,RandomK,43,44,11,1,"Hit","Hit(CW,3,WEAK)",,,,,,,,0
2994,5,10,RandomK,43,58,12,1,"Hit","Hit(CW,5,STRONG)",,,,,,,,0
2994,5,10,RandomK,43,65,13,1,"Hit","Hit(CCW,7,WEAK)",,,,,,,,0
2994,5,10,RandomK,43,67,14,1,"Hit","Hit(CCW,7,MIDDLE)",,,,,,,,0
2994,5,10,RandomK,43,76,15,1,"Hit","Hit(CW,9,MIDDLE)",,,,,,,,0
2994,5,10,RandomK,43,81,16,1,"Freeze","Freeze(CCW,9)",,,,,,,,0
2994,5,10,RandomK,43,82,17,1,"PostGuard","PostGuard(CW,0,0)",,,,,,,,0
2994,5,10,RandomK,43,89,18,1,"PostGuard","PostGuard(CCW,2,0)",,,,,,,,0
2994,5,10,RandomK,43,94,19,1,"PostGuard","PostGuard(CW,4,0)",,,,,,,,0
2994,5,10,RandomK,43,98,20,1,"PostGuard","PostGuard(CW,4,2)",,,,,,,,0
2994,5,10,RandomK,43,104,21,1,"PostGuard","PostGuard(CW,6,2)",,,,,,,,0
2994,5,10,RandomK,43,105,22,1,"PostGuard","PostGuard(CCW,6,2)",,,,,,,,0
961,6,13,RandomK,43,1,0,1,"Draw","Draw(CCW,TEE)",,,,,,,,0
961,6,13,RandomK,43,4,1,1,"Draw","Draw(CW,S2)",,,,,,,,0
961,6,13,RandomK,43,6,2,1,"Draw","Draw(CW,S4)",,,,,,,,0
961,6,13,RandomK,43,10,3,1,"Draw","Draw(CW,L0)",,,,,,,,0
961,6,13,RandomK,43,13,4,1,"Draw","Draw(CCW,L1)",,,,,,,,0
961,6,13,RandomK,43,15,5,1,"Draw","Draw(CCW,L2)",,,,,,,,0
961,6,13,RandomK,43,17,6,1,"Draw","Draw(CCW,L3)",,,,,,,,0
961,6,13,RandomK,43,18,7,1,"Draw","Draw(CW,L4)",,,,,,,,0
961,6,13,RandomK,43,33,8,1,"Hit","Hit(CCW,0,TOUCH)",,,,,,,,0
961,6,13,RandomK,43,36,9,1,"Hit","Hit(CW,0,MIDDLE)",,,,,,,,0
961,6,13,RandomK,43,39,10,1,"Hit","Hit(CCW,0,STRONG)",,,,,,,,0
961,6,13,RandomK,43,40,11,1,"Freeze","Freeze(CW,0)",,,,,,,,0
961,6,13,RandomK,43,47,12,1,"Hit","Hit(CCW,2,MIDDLE)",,,,,,,,0
961,6,13,RandomK,43,49,13,1,"Hit","Hit(CCW,2,STRONG)",,,,,,,,0
961,6,13,RandomK,43,54,14,1,"Hit","Hit(CW,4,WEAK)",,,,,,,,0
961,6,13,RandomK,43,58,15,1,"Hit","Hit(CW,4,STRONG)",,,,,,,,0
961,6,13,RandomK,43,68,16,1,"Hit","Hit(CW,6,STRONG)",,,,,,,,0
961,6,13,RandomK,43,70,17,1,"Freeze","Freeze(CW,6)",,,,,,,,0
961,6,13,RandomK,43,85,18,1,"Hit","Hit(CCW,10,WEAK)",,,,,,,,0
961,6,13,RandomK,43,87,19,1,"Hit","Hit(CCW,10,MIDDLE)",,,,,,,,0
961,6,13,RandomK,43,90,20,1,"Freeze","Freeze(CW,10)",,,,,,,,0
961,6,13,RandomK,43,111,21,1,"PostGuard","PostGuard(CCW,3,1)",,,,,,,,0
961,6,13,RandomK,43,117,22,1,"PostGuard","PostGuard(CCW,5,1)",,,,,,,,0
961,6,13,RandomK,43,119,23,1,"PostGuard","PostGuard(CCW,5,2)",,,,,,,,0
961,6,13,RandomK,43,122,24,1,"PostGuard","PostGuard(CW,7,1)",,,,,,,,0
961,6,13,RandomK,43,128,25,1,"PostGuard","PostGuard(CW,9,1)",,,,,,,,0
961,6,13,RandomK,43,135,26,1,"PostGuard","PostGuard(CCW,11,1)",,,,,,,,0
961,6,13,RandomK,43,136,27,1,"PostGuard","PostGuard(CW,11,2)",,,,,,,,0
1566,1,3,RandomK,43,3,0,1,"Draw","Draw(CCW,S0)",,,,,,,,0
1566,1,3,RandomK,43,7,1,1,"Draw","Draw(CCW,S4)",,,,,,,,0
1566,1,3,RandomK,43,9,2,1,"Draw","Draw(CCW,S6)",,,,,,,,0
1566,1,3,RandomK,43,13,3,1,"Draw","Draw(CCW,L1)",,,,,,,,0
1566,1,3,RandomK,43,14,4,1,"Draw","Draw(CW,L2)",,,,,,,,0
1566,1,3,RandomK,43,18,5,1,"Draw","Draw(CW,L4)",,,,,,,,0
1566,1,3,RandomK,43,19,6,1,"Draw","Draw(CCW,L4)",,,,,,,,0
1566,1,3,RandomK,43,25,7,1,"Draw","Draw(CCW,L7)",,,,,,,,0
1566,1,3,RandomK,43,33,8,1,"Hit","Hit(CCW,0,TOUCH)",,,,,,,,0
1566,1,3,RandomK,43,34,9,1,"Hit","Hit(CW,0,WEAK)",,,,,,,,0
1566,1,3,RandomK,43,41,10,1,"Freeze","Freeze(CCW,0)",,,,,,,,0
1566,1,3,RandomK,43,55,11,1,"PostGuard","PostGuard(CCW,1,1)",,,,,,,,0
1686,6,15,RandomK,43,0,0,1,"Draw","Draw(CW,TEE)",,,,,,,,0
1686,6,15,RandomK,43,3,1,1,"Draw","Draw(CCW,S0)",,,,,,,,0
1686,6,15,RandomK,43,6,2,1,"Draw","Draw(CW,S4)",,,,,,,,0
1686,6,15,RandomK,43,8,3,1,"Draw","Draw(CW,S6)",,,,,,,,0
1686,6,15,RandomK,43,17,4,1,"Draw","Draw(CCW,L3)",,,,,,,,0
1686,6,15,RandomK,43,19,5,1,"Draw","Draw(CCW,L4)",,,,,,,,0
1686,6,15,RandomK,43,20,6,1,"Draw","Draw(CW,L5)",,,,,,,,0
1686,6,15,RandomK,43,21,7,1,"Draw","Draw(CCW,L5)",,,,,,,,0
1686,6,15,RandomK,43,24,8,1,"Draw","Draw(CW,L7)",,,,,,,,0
1686,6,15,RandomK,43,39,9,1,"Hit","Hit(CCW,10,STRONG)",,,,,,,,0
1201,0,6,RandomK,43,1,0,1,"Draw","Draw(CCW,TEE)",,,,,,,,0
1201,0,6,RandomK,43,6,1,1,"Draw","Draw(CW,S4)",,,,,,,,0
1201,0,6,RandomK,43,7,2,1,"Draw","Draw(CCW,S4)",,,,,,,,0
1201,0,6,RandomK,43,13,3,1,"Draw","Draw(CCW,L1)",,,,,,,,0
1201,0,6,RandomK,43,14,4,1,"Draw","Draw(CW,L2)",,,,,,,,0
1201,0,6,RandomK,43,22,5,1,"Draw","Draw(CW,L6)",,,,,,,,0
1201,0,6,RandomK,43,27,6,1,"PreGuard","PreGuard(CCW,G3)",,,,,,,,0
1201,0,6,RandomK,43,34,7,1,"Hit","Hit(CW,1,WEAK)",,,,,,,,0
1201,0,6,RandomK,43,44,8,1,"Hit","Hit(CW,5,WEAK)",,,,,,,,0
1201,0,6,RandomK,43,48,9,1,"Hit","Hit(CW,5,STRONG)",,,,,,,,0
1201,0,6,RandomK,43,50,10,1,"Freeze","Freeze(CW,5)",,,,,,,,0
5494,4,5,RandomK,43,0,0,1,"Draw","Draw(CW,TEE)",,,,,,,,0
5494,4,5,RandomK,43,8,1,1,"Draw","Draw(CW,S6)",,,,,,,,0
5494,4,5,RandomK,43,9,2,1,"Draw","Draw(CCW,S6)",,,,,,,,0
5494,4,5,RandomK,43,13,3,1,"Draw","Draw(CCW,L1)",,,,,,,,0
5494,4,5,RandomK,43,18,4,1,"Draw","Draw(CW,L4)",,,,,,,,0
5494,4,5,RandomK,43,23,5,1,"Draw","Draw(CCW,L6)",,,,,,,,0
5494,4,5,RandomK,43,26,6,1,"PreGuard","PreGuard(CW,G3)",,,,,,,,0
5494,4,5,RandomK,43,40,7,1,"Freeze","Freeze(CW,0)",,,,,,,,0
5494,4,5,RandomK,43,50,8,1,"Freeze","Freeze(CW,2)",,,,,,,,0
5494,4,5,RandomK,43,51,9,1,"Freeze","Freeze(CCW,2)",,,,,,,,0
5494,4,5,RandomK,43,52,10,1,"Hit","Hit(CW,4,TOUCH)",,,,,,,,0
5494,4,5,RandomK,43,58,11,1,"Hit","Hit(CW,4,STRONG)",,,,,,,,0
5494,4,5,RandomK,43,59,12,1,"Hit","Hit(CCW,4,STRONG)",,,,,,,,0
5494,4,5,RandomK,43,63,13,1,"PostGuard","PostGuard(CCW,1,0)",,,,,,,,0
5494,4,5,RandomK,43,70,14,1,"PostGuard","PostGuard(CW,3,1)",,,,,,,,0
2492,4,15,RandomK,43,16,0,1,"Draw","Draw(CW,L3)",,,,,,,,0
2492,4,15,RandomK,43,19,1,1,"Draw","Draw(CCW,L4)",,,,,,,,0
2492,4,15,RandomK,43,20,2,1,"Draw","Draw(CW,L5)",,,,,,,,0
2492,4,15,RandomK,43,29,3,1,"PreGuard","PreGuard(CCW,G4)",,,,,,,,0
2492,4,15,RandomK,43,30,4,1,"PreGuard","PreGuard(CW,G5)",,,,,,,,0
2492,4,15,RandomK,43,33,5,1,"Hit","Hit(CCW,8,TOUCH)",,,,,,,,0
2492,4,15,RandomK,43,36,6,1,"Hit","Hit(CW,8,MIDDLE)",,,,,,,,0
2492,4,15,RandomK,43,37,7,1,"Hit","Hit(CCW,8,MIDDLE)",,,,,,,,0
2492,4,15,RandomK,43,38,8,1,"Hit","Hit(CW,8,STRONG)",,,,,,,,0
2492,4,15,RandomK,43,41,9,1,"Freeze","Freeze(CCW,8)",,,,,,,,0
2492,4,15,RandomK,43,48,10,1,"Hit","Hit(CW,10,STRONG)",,,,,,,,0
2492,4,15,RandomK,43,52,11,1,"Hit","Hit(CW,12,TOUCH)",,,,,,,,0
2492,4,15,RandomK,43,54,12,1,"Hit","Hit(CW,12,WEAK)",,,,,,,,0
2492,4,15,RandomK,43,60,13,1,"Freeze","Freeze(CW,12)",,,,,,,,0
2492,4,15,RandomK,43,64,14,1,"PostGuard","PostGuard(CW,13,1)",,,,,,,,0
8959,1,11,RandomK,43,0,0,1,"Draw","Draw(CW,TEE)",,,,,,,,0
8959,1,11,RandomK,43,3,1,1,"Draw","Draw(CCW,S0)",,,,,,,,0
8959,1,11,RandomK,43,8,2,1,"Draw","Draw(CW,S6)",,,,,,,,0
8959,1,11,RandomK,43,31,3,1,"PreGuard","PreGuard(CCW,G5)",,,,,,,,0
8959,1,11,RandomK,43,35,4,1,"Hit","Hit(CCW,2,WEAK)",,,,,,,,0
8959,1,11,RandomK,43,39,5,1,"Hit","Hit(CCW,2,STRONG)",,,,,,,,0
8959,1,11,RandomK,43,41,6,1,"Freeze","Freeze(CCW,2)",,,,,,,,0
8959,1,11,RandomK,43,42,7,1,"Hit","Hit(CW,6,TOUCH)",,,,,,,,0
8959,1,11,RandomK,43,49,8,1,"Hit","Hit(CCW,6,STRONG)",,,,,,,,0
8959,1,11,RandomK,43,50,9,1,"Freeze","Freeze(CW,6)",,,,,,,,0
8959,1,11,RandomK,43,52,10,1,"Hit","Hit(CW,8,TOUCH)",,,,,,,,0
8959,1,11,RandomK,43,58,11,1,"Hit","Hit(CW,8,STRONG)",,,,,,,,0
8959,1,11,RandomK,43,59,12,1,"Hit","Hit(CCW,8,STRONG)",,,,,,,,0
8959,1,11,RandomK,43,65,13,1,"Hit","Hit(CCW,10,WEAK)",,,,,,,,0
8959,1,11,RandomK,43,66,14,1,"Hit","Hit(CW,10,MIDDLE)",,,,,,,,0
8959,1,11,RandomK,43,76,15,1,"PostGuard","PostGuard(CW,3,2)",,,,,,,,0
8959,1,11,RandomK,43,78,16,1,"PostGuard","PostGuard(CW,5,0)",,,,,,,,0
8959,1,11,RandomK,43,90,17,1,"PostGuard","PostGuard(CW,9,0)",,,,,,,,0
8959,1,11,RandomK,43,92,18,1,"PostGuard","PostGuard(CW,9,1)",,,,,,,,0
8959,1,11,RandomK,43,94,19,1,"PostGuard","PostGuard(CW,9,2)",,,,,,,,0
1671,0,15,RandomK,43,12,0,1,"Draw","Draw(CW,L1)",,,,,,,,0
1671,0,15,RandomK,43,14,1,1,"Draw","Draw(CW,L2)",,,,,,,,0
1671,0,15,RandomK,43,23,2,1,"Draw","Draw(CCW,L6)",,,,,,,,0
1671,0,15,RandomK,43,25,3,1,"Draw","Draw(CCW,L7)",,,,,,,,0
1671,0,15,RandomK,43,30,4,1,"PreGuard","PreGuard(CW,G5)",,,,,,,,0
1671,0,15,RandomK,43,34,5,1,"Hit","Hit(CW,2,WEAK)",,,,,,,,0
1671,0,15,RandomK,43,36,6,1,"Hit","Hit(CW,2,MIDDLE)",,,,,,,,0
1671,0,15,RandomK,43,40,7,1,"Freeze","Freeze(CW,2)",,,,,,,,0
1671,0,15,RandomK,43,43,8,1,"Hit","Hit(CCW,6,TOUCH)",,,,,,,,0
1671,0,15,RandomK,43,45,9,1,"Hit","Hit(CCW,6,WEAK)",,,,,,,,0
1671,0,15,RandomK,43,46,10,1,"Hit","Hit(CW,6,MIDDLE)",,,,,,,,0
1671,0,15,RandomK,43,48,11,1,"Hit","Hit(CW,6,STRONG)",,,,,,,,0
1671,0,15,RandomK,43,50,12,1,"Freeze","Freeze(CW,6)",,,,,,,,0
1671,0,15,RandomK,43,57,13,1,"Hit","Hit(CCW,8,MIDDLE)",,,,,,,,0
1671,0,15,RandomK,43,60,14,1,"Freeze","Freeze(CW,8)",,,,,,,,0
1671,0,15,RandomK,43,66,15,1,"Hit","Hit(CW,10,MIDDLE)",,,,,,,,0
1671,0,15,RandomK,43,69,16,1,"Hit","Hit(CCW,10,STRONG)",,,,,,,,0
1671,0,15,RandomK,43,70,17,1,"Freeze","Freeze(CW,10)",,,,,,,,0
1671,0,15,RandomK,43,75,18,1,"Hit","Hit(CCW,12,WEAK)",,,,,,,,0
1671,0,15,RandomK,43,83,19,1,"Hit","Hit(CCW,14,TOUCH)",,,,,,,,0
1671,0,15,RandomK,43,89,20,1,"Hit","Hit(CCW,14,STRONG)",,,,,,,,0
1671,0,15,RandomK,43,94,21,1,"PostGuard","PostGuard(CW,7,1)",,,,,,,,0
1671,0,15,RandomK,43,100,22,1,"PostGuard","PostGuard(CW,9,1)",,,,,,,,0
1671,0,15,RandomK,43,115,23,1,"PostGuard","PostGuard(CCW,13,2)",,,,,,,,0
1385,7,11,RandomK,43,0,0,1,"Draw","Draw(CW,TEE)",,,,,,,,0
1385,7,11,RandomK,43,5,1,1,"Draw","Draw(CCW,S2)",,,,,,,,0
1385,7,11,RandomK,43,16,2,1,"Draw","Draw(CW,L3)",,,,,,,,0
1385,7,11,RandomK,43,18,3,1,"Draw","Draw(CW,L4)",,,,,,,,0
1385,7,11,RandomK,43,26,4,1,"PreGuard","PreGuard(CW,G3)",,,,,,,,0
1385,7,11,RandomK,43,30,5,1,"PreGuard","PreGuard(CW,G5)",,,,,,,,0
1385,7,11,RandomK,43,37,6,1,"Hit","Hit(CCW,2,MIDDLE)",,,,,,,,0
1385,7,11,RandomK,43,38,7,1,"Hit","Hit(CW,2,STRONG)",,,,,,,,0
1385,7,11,RandomK,43,39,8,1,"Hit","Hit(CCW,2,STRONG)",,,,,,,,0
1385,7,11,RandomK,43,42,9,1,"Hit","Hit(CW,4,TOUCH)",,,,,,,,0
1385,7,11,RandomK,43,54,10,1,"Hit","Hit(CW,6,WEAK)",,,,,,,,0
1385,7,11,RandomK,43,65,11,1,"Hit","Hit(CCW,8,WEAK)",,,,,,,,0
1385,7,11,RandomK,43,69,12,1,"Hit","Hit(CCW,8,STRONG)",,,,,,,,0
1385,7,11,RandomK,43,70,13,1,"Freeze","Freeze(CW,8)",,,,,,,,0
1385,7,11,RandomK,43,73,14,1,"PostGuard","PostGuard(CCW,3,0)",,,,,,,,0
1385,7,11,RandomK,43,75,15,1,"PostGuard","PostGuard(CCW,3,1)",,,,,,,,0
1385,7,11,RandomK,43,77,16,1,"PostGuard","PostGuard(CCW,3,2)",,,,,,,,0
1385,7,11,RandomK,43,89,17,1,"PostGuard","PostGuard(CCW,7,2)",,,,,,,,0
1385,7,11,RandomK,43,92,18,1,"PostGuard","PostGuard(CW,9,1)",,,,,,,,0
1385,7,11,RandomK,43,94,19,1,"PostGuard","PostGuard(CW,9,2)",,,,,,,,0
1385,7,11,RandomK,43,95,20,1,"PostGuard","PostGuard(CCW,9,2)",,,,,,,,0
6872,1,14,RandomK,43,0,0,1,"Draw","Draw(CW,TEE)",,,,,,,,0
6872,1,14,RandomK,43,6,1,1,"Draw","Draw(CW,S4)",,,,,,,,0
6872,1,14,RandomK,43,9,2,1,"Draw","Draw(CCW,S6)",,,,,,,,0
6872,1,14,RandomK,43,11,3,1,"Draw","Draw(CCW,L0)",,,,,,,,0
6872,1,14,RandomK,43,15,4,1,"Draw","Draw(CCW,L2)",,,,,,,,0
6872,1,14,RandomK,43,19,5,1,"Draw","Draw(CCW,L4)",,,,,,,,0
6872,1,14,RandomK,43,23,6,1,"Draw","Draw(CCW,L6)",,,,,,,,0
6872,1,14,RandomK,43,28,7,1,"PreGuard","PreGuard(CW,G4)",,,,,,,,0
6872,1,14,RandomK,43,29,8,1,"PreGuard","PreGuard(CCW,G4)",,,,,,,,0
6872,1,14,RandomK,43,37,9,1,"Hit","Hit(CCW,3,MIDDLE)",,,,,,,,0
6872,1,14,RandomK,43,41,10,1,"Freeze","Freeze(CCW,3)",,,,,,,,0
6872,1,14,RandomK,43,48,11,1,"Hit","Hit(CW,5,STRONG)",,,,,,,,0
6872,1,14,RandomK,43,53,12,1,"Hit","Hit(CCW,7,TOUCH)",,,,,,,,0
6872,1,14,RandomK,43,63,13,1,"Hit","Hit(CCW,9,TOUCH)",,,,,,,,0
6872,1,14,RandomK,43,64,14,1,"Hit","Hit(CW,9,WEAK)",,,,,,,,0
6872,1,14,RandomK,43,67,15,1,"Hit","Hit(CCW,9,MIDDLE)",,,,,,,,0
6872,1,14,RandomK,43,71,16,1,"Freeze","Freeze(CCW,9)",,,,,,,,0
6872,1,14,RandomK,43,85,17,1,"Hit","Hit(CCW,13,WEAK)",,,,,,,,0
6872,1,14,RandomK,43,91,18,1,"Freeze","Freeze(CCW,13)",,,,,,,,0
6872,1,14,RandomK,43,95,19,1,"PostGuard","PostGuard(CCW,0,1)",,,,,,,,0
6872,1,14,RandomK,43,96,20,1,"PostGuard","PostGuard(CW,0,2)",,,,,,,,0
6872,1,14,RandomK,43,98,21,1,"PostGuard","PostGuard(CW,2,0)",,,,,,,,0
6872,1,14,RandomK,43,107,22,1,"PostGuard","PostGuard(CCW,4,1)",,,,,,,,0
6872,1,14,RandomK,43,112,23,1,"PostGuard","PostGuard(CW,6,1)",,,,,,,,0
6872,1,14,RandomK,43,117,24,1,"PostGuard","PostGuard(CCW,8,0)",,,,,,,,0
6872,1,14,RandomK,43,130,25,1,"PostGuard","PostGuard(CW,12,1)",,,,,,,,0
6872,1,14,RandomK,43,134,26,1,"Pass","Pass",,,,,,,,0
8785,1,4,RandomK,43,4,0,1,"Draw","Draw(CW,S2)",,,,,,,,0
8785,1,4,RandomK,43,5,1,1,"Draw","Draw(CCW,S2)",,,,,,,,0
8785,1,4,RandomK,43,6,2,1,"Draw","Draw(CW,S4)",,,,,,,,0
8785,1,4,RandomK,43,9,3,1,"Draw","Draw(CCW,S6)",,,,,,,,0
8785,1,4,RandomK,43,12,4,1,"Draw","Draw(CW,L1)",,,,,,,,0
8785,1,4,RandomK,43,14,5,1,"Draw","Draw(CW,L2)",,,,,,,,0
8785,1,4,RandomK,43,15,6,1,"Draw","Draw(CCW,L2)",,,,,,,,0
8785,1,4,RandomK,43,23,7,1,"Draw","Draw(CCW,L6)",,,,,,,,0
8785,1,4,RandomK,43,30,8,1,"PreGuard","PreGuard(CW,G5)",,,,,,,,0
8785,1,4,RandomK,43,31,9,1,"PreGuard","PreGuard(CCW,G5)",,,,,,,,0
1835,0,15,RandomK,43,0,0,1,"Draw","Draw(CW,TEE)",,,,,,,,0
1835,0,15,RandomK,43,9,1,1,"Draw","Draw(CCW,S6)",,,,,,,,0
1835,0,15,RandomK,43,17,2,1,"Draw","Draw(CCW,L3)",,,,,,,,0
1835,0,15,RandomK,43,18,3,1,"Draw","Draw(CW,L4)",,,,,,,,0
1835,0,15,RandomK,43,20,4,1,"Draw","Draw(CW,L5)",,,,,,,,0
1835,0,15,RandomK,43,24,5,1,"Draw","Draw(CW,L7)",,,,,,,,0
1835,0,15,RandomK,43,40,6,1,"Freeze","Freeze(CW,10)",,,,,,,,0
1835,0,15,RandomK,43,48,7,1,"Hit","Hit(CW,12,STRONG)",,,,,,,,0
1835,0,15,RandomK,43,53,8,1,"Hit","Hit(CCW,14,TOUCH)",,,,,,,,0
1835,0,15,RandomK,43,63,9,1,"PostGuard","PostGuard(CCW,13,0)",,,,,,,,0
1835,0,15,RandomK,43,64,10,1,"PostGuard","PostGuard(CW,13,1)",,,,,,,,0
1835,0,15,RandomK,43,65,11,1,"PostGuard","PostGuard(CCW,13,1)",,,,,,,,0
1835,0,15,RandomK,43,66,12,1,"PostGuard","PostGuard(CW,13,2)",,,,,,,,0
1835,0,15,RandomK,43,67,13,1,"PostGuard","PostGuard(CCW,13,2)",,,,,,,,0
6216,7,8,RandomK,43,4,0,1,"Draw","Draw(CW,S2)",,,,,,,,0
6216,7,8,RandomK,43,9,1,1,"Draw","Draw(CCW,S6)",,,,,,,,0
6216,7,8,RandomK,43,12,2,1,"Draw","Draw(CW,L1)",,,,,,,,0
6216,7,8,RandomK,43,15,3,1,"Draw","Draw(CCW,L2)",,,,,,,,0
6216,7,8,RandomK,43,16,4,1,"Draw","Draw(CW,L3)",,,,,,,,0
6216,7,8,RandomK,43,24,5,1,"Draw","Draw(CW,L7)",,,,,,,,0
6216,7,8,RandomK,43,27,6,1,"PreGuard","PreGuard(CCW,G3)",,,,,,,,0
6216,7,8,RandomK,43,28,7,1,"PreGuard","PreGuard(CW,G4)",,,,,,,,0
6216,7,8,RandomK,43,37,8,1,"Hit","Hit(CCW,7,MIDDLE)",,,,,,,,0
6216,7,8,RandomK,43,41,9,1,"Freeze","Freeze(CCW,7)",,,,,,,,0
6216,7,8,RandomK,43,44,10,1,"PostGuard","PostGuard(CW,4,1)",,,,,,,,0
8471,6,5,RandomK,43,0,0,1,"Draw","Draw(CW,TEE)",,,,,,,,0
8471,6,5,RandomK,43,1,1,1,"Draw","Draw(CCW,TEE)",,,,,,,,0
8471,6,5,RandomK,43,6,2,1,"Draw","Draw(CW,S4)",,,,,,,,0
8471,6,5,RandomK,43,8,3,1,"Draw","Draw(CW,S6)",,,,,,,,0
8471,6,5,RandomK,43,18,4,1,"Draw","Draw(CW,L4)",,,,,,,,0
8471,6,5,RandomK,43,19,5,1,"Draw","Draw(CCW,L4)",,,,,,,,0
8471,6,5,RandomK,43,36,6,1,"Hit","Hit(CW,0,MIDDLE)",,,,,,,,0
8471,6,5,RandomK,43,38,7,1,"Hit","Hit(CW,0,STRONG)",,,,,,,,0
8471,6,5,RandomK,43,39,8,1,"Hit","Hit(CCW,0,STRONG)",,,,,,,,0
8471,6,5,RandomK,43,40,9,1,"Freeze","Freeze(CW,0)",,,,,,,,0
8471,6,5,RandomK,43,42,10,1,"Hit","Hit(CW,2,TOUCH)",,,,,,,,0
8471,6,5,RandomK,43,61,11,1,"Freeze","Freeze(CCW,4)",,,,,,,,0
8471,6,5,RandomK,43,64,12,1,"PostGuard","PostGuard(CW,1,1)",,,,,,,,0
8471,6,5,RandomK,43,65,13,1,"PostGuard","PostGuard(CCW,1,1)",,,,,,,,0
8471,6,5,RandomK,43,74,14,1,"Pass","Pass",,,,,,,,0
256,3,12,RandomK,43,0,0,1,"Draw","Draw(CW,TEE)",,,,,,,,0
256,3,12,RandomK,43,7,1,1,"Draw","Draw(CCW,S4)",,,,,,,,0
256,3,12,RandomK,43,8,2,1,"Draw","Draw(CW,S6)",,,,,,,,0
256,3,12,RandomK,43,9,3,1,"Draw","Draw(CCW,S6)",,,,,,,,0
256,3,12,RandomK,43,11,4,1,"Draw","Draw(CCW,L0)",,,,,,,,0
256,3,12,RandomK,43,13,5,1,"Draw","Draw(CCW,L1)",,,,,,,,0
256,3,12,RandomK,43,23,6,1,"Draw","Draw(CCW,L6)",,,,,,,,0
256,3,12,RandomK,43,26,7,1,"PreGuard","PreGuard(CW,G3)",,,,,,,,0
256,3,12,RandomK,43,35,8,1,"Hit","Hit(CCW,9,WEAK)",,,,,,,,0
256,3,12,RandomK,43,48,9,1,"Hit","Hit(CW,11,STRONG)",,,,,,,,0
256,3,12,RandomK,43,54,10,1,"PostGuard","PostGuard(CW,0,1)",,,,,,,,0
256,3,12,RandomK,43,56,11,1,"PostGuard","PostGuard(CW,0,2)",,,,,,,,0
256,3,12,RandomK,43,57,12,1,"PostGuard","PostGuard(CCW,0,2)",,,,,,,,0
256,3,12,RandomK,43,64,13,1,"PostGuard","PostGuard(CW,8,0)",,,,,,,,0
256,3,12,RandomK,43,72,14,1,"PostGuard","PostGuard(CW,10,1)",,,,,,,,0
256,3,12,RandomK,43,74,15,1,"PostGuard","PostGuard(CW,10,2)",,,,,,,,0
5778,2,9,RandomK,43,0,0,1,"Draw","Draw(CW,TEE)",,,,,,,,0
5778,2,9,RandomK,43,16,1,1,"Draw","Draw(CW,L3)",,,,,,,,0
5778,2,9,RandomK,43,26,2,1,"PreGuard","PreGuard(CW,G3)",,,,,,,,0
5778,2,9,RandomK,43,33,3,1,"Hit","Hit(CCW,0,TOUCH)",,,,,,,,0
5778,2,9,RandomK,43,34,4,1,"Hit","Hit(CW,0,WEAK)",,,,,,,,0
5778,2,9,RandomK,43,43,5,1,"Hit","Hit(CCW,2,TOUCH)",,,,,,,,0
5778,2,9,RandomK,43,46,6,1,"Hit","Hit(CW,2,MIDDLE)",,,,,,,,0
5778,2,9,RandomK,43,51,7,1,"Freeze","Freeze(CCW,2)",,,,,,,,0
5778,2,9,RandomK,43,57,8,1,"Hit","Hit(CCW,4,MIDDLE)",,,,,,,,0
5778,2,9,RandomK,43,60,9,1,"Freeze","Freeze(CW,4)",,,,,,,,0
5778,2,9,RandomK,43,66,10,1,"Hit","Hit(CW,6,MIDDLE)",,,,,,,,0
5778,2,9,RandomK,43,68,11,1,"Hit","Hit(CW,6,STRONG)",,,,,,,,0
5778,2,9,RandomK,43,75,12,1,"PostGuard","PostGuard(CCW,1,1)",,,,,,,,0
5778,2,9,RandomK,43,77,13,1,"PostGuard","PostGuard(CCW,1,2)",,,,,,,,0
5778,2,9,RandomK,43,78,14,1,"PostGuard","PostGuard(CW,5,0)",,,,,,,,0
5778,2,9,RandomK,43,82,15,1,"PostGuard","PostGuard(CW,5,2)",,,,,,,,0
5778,2,9,RandomK,43,85,16,1,"PostGuard","PostGuard(CCW,7,0)",,,,,,,,0
5778,2,9,RandomK,43,88,17,1,"PostGuard","PostGuard(CW,7,2)",,,,,,,,0
5778,2,9,RandomK,43,94,18,1,"PostGuard","PostGuard(CW,9,2)",,,,,,,,0
5778,2,9,RandomK,43,95,19,1,"PostGuard","PostGuard(CCW,9,2)",,,,,,,,0
6320,4,15,RandomK,43,2,0,1,"Draw","Draw(CW,S0)",,,,,,,,0
6320,4,15,RandomK,43,9,1,1,"Draw","Draw(CCW,S6)",,,,,,,,0
6320,4,15,RandomK,43,15,2,1,"Draw","Draw(CCW,L2)",,,,,,,,0
6320,4,15,RandomK,43,16,3,1,"Draw","Draw(CW,L3)",,,,,,,,0
6320,4,15,RandomK,43,18,4,1,"Draw","Draw(CW,L4)",,,,,,,,0
6320,4,15,RandomK,43,20,5,1,"Draw","Draw(CW,L5)",,,,,,,,0
6320,4,15,RandomK,43,22,6,1,"Draw","Draw(CW,L6)",,,,,,,,0
6320,4,15,RandomK,43,24,7,1,"Draw","Draw(CW,L7)",,,,,,,,0
6320,4,15,RandomK,43,29,8,1,"PreGuard","PreGuard(CCW,G4)",,,,,,,,0
6320,4,15,RandomK,43,33,9,1,"Hit","Hit(CCW,4,TOUCH)",,,,,,,,0
6320,4,15,RandomK,43,44,10,1,"Hit","Hit(CW,8,WEAK)",,,,,,,,0
6320,4,15,RandomK,43,46,11,1,"Hit","Hit(CW,8,MIDDLE)",,,,,,,,0
6320,4,15,RandomK,43,56,12,1,"Hit","Hit(CW,10,MIDDLE)",,,,,,,,0
6320,4,15,RandomK,43,57,13,1,"Hit","Hit(CCW,10,MIDDLE)",,,,,,,,0
6320,4,15,RandomK,43,75,14,1,"PostGuard","PostGuard(CCW,7,1)",,,,,,,,0
6320,4,15,RandomK,43,78,15,1,"PostGuard","PostGuard(CW,9,0)",,,,,,,,0
6320,4,15,RandomK,43,83,16,1,"PostGuard","PostGuard(CCW,9,2)",,,,,,,,0
6320,4,15,RandomK,43,84,17,1,"PostGuard","PostGuard(CW,11,0)",,,,,,,,0
6320,4,15,RandomK,43,87,18,1,"PostGuard","PostGuard(CCW,11,1)",,,,,,,,0
6320,4,15,RandomK,43,88,19,1,"PostGuard","PostGuard(CW,11,2)",,,,,,,,0
6320,4,15,RandomK,43,91,20,1,"PostGuard","PostGuard(CCW,13,0)",,,,,,,,0
1638,4,11,RandomK,43,0,0,1,"Draw","Draw(CW,TEE)",,,,,,,,0
1638,4,11,RandomK,43,2,1,1,"Draw","Draw(CW,S0)",,,,,,,,0
1638,4,11,RandomK,43,8,2,1,"Draw","Draw(CW,S6)",,,,,,,,0
1638,4,11,RandomK,43,9,3,1,"Draw","Draw(CCW,S6)",,,,,,,,0
1638,4,11,RandomK,43,18,4,1,"Draw","Draw(CW,L4)",,,,,,,,0
1638,4,11,RandomK,43,24,5,1,"Draw","Draw(CW,L7)",,,,,,,,0
1638,4,11,RandomK,43,28,6,1,"PreGuard","PreGuard(CW,G4)",,,,,,,,0
1638,4,11,RandomK,43,33,7,1,"Hit","Hit(CCW,2,TOUCH)",,,,,,,,0
1638,4,11,RandomK,43,36,8,1,"Hit","Hit(CW,2,MIDDLE)",,,,,,,,0
1638,4,11,RandomK,43,39,9,1,"Hit","Hit(CCW,2,STRONG)",,,,,,,,0
1638,4,11,RandomK,43,43,10,1,"Hit","Hit(CCW,4,TOUCH)",,,,,,,,0
1638,4,11,RandomK,43,50,11,1,"Freeze","Freeze(CW,4)",,,,,,,,0
1638,4,11,RandomK,43,52,12,1,"Hit","Hit(CW,6,TOUCH)",,,,,,,,0
1638,4,11,RandomK,43,57,13,1,"Hit","Hit(CCW,6,MIDDLE)",,,,,,,,0
1638,4,11,RandomK,43,58,14,1,"Hit","Hit(CW,6,STRONG)",,,,,,,,0
1638,4,11,RandomK,43,68,15,1,"Hit","Hit(CW,8,STRONG)",,,,,,,,0
1638,4,11,RandomK,43,71,16,1,"Freeze","Freeze(CCW,8)",,,,,,,,0
1638,4,11,RandomK,43,80,17,1,"PostGuard","PostGuard(CW,5,1)",,,,,,,,0
1638,4,11,RandomK,43,81,18,1,"PostGuard","PostGuard(CCW,5,1)",,,,,,,,0
1638,4,11,RandomK,43,82,19,1,"PostGuard","PostGuard(CW,5,2)",,,,,,,,0
1638,4,11,RandomK,43,93,20,1,"PostGuard","PostGuard(CCW,9,1)",,,,,,,,0
2310,6,15,RandomK,43,2,0,1,"Draw","Draw(CW,S0)",,,,,,,,0
2310,6,15,RandomK,43,3,1,1,"Draw","Draw(CCW,S0)",,,,,,,,0
2310,6,15,RandomK,43,6,2,1,"Draw","Draw(CW,S4)",,,,,,,,0
2310,6,15,RandomK,43,10,3,1,"Draw","Draw(CW,L0)",,,,,,,,0
2310,6,15,RandomK,43,17,4,1,"Draw","Draw(CCW,L3)",,,,,,,,0
2310,6,15,RandomK,43,18,5,1,"Draw","Draw(CW,L4)",,,,,,,,0
2310,6,15,RandomK,43,29,6,1,"PreGuard","PreGuard(CCW,G4)",,,,,,,,0
2310,6,15,RandomK,43,33,7,1,"Hit","Hit(CCW,2,TOUCH)",,,,,,,,0
2310,6,15,RandomK,43,47,8,1,"Hit","Hit(CCW,4,MIDDLE)",,,,,,,,0
2310,6,15,RandomK,43,50,9,1,"Freeze","Freeze(CW,4)",,,,,,,,0
2310,6,15,RandomK,43,51,10,1,"Freeze","Freeze(CCW,4)",,,,,,,,0
2310,6,15,RandomK,43,60,11,1,"Freeze","Freeze(CW,6)",,,,,,,,0
2310,6,15,RandomK,43,63,12,1,"Hit","Hit(CCW,8,TOUCH)",,,,,,,,0
2310,6,15,RandomK,43,65,13,1,"Hit","Hit(CCW,8,WEAK)",,,,,,,,0
2310,6,15,RandomK,43,66,14,1,"Hit","Hit(CW,8,MIDDLE)",,,,,,,,0
2310,6,15,RandomK,43,78,15,1,"Hit","Hit(CW,10,STRONG)",,,,,,,,0
2310,6,15,RandomK,43,85,16,1,"Hit","Hit(CCW,12,WEAK)",,,,,,,,0
2310,6,15,RandomK,43,87,17,1,"Hit","Hit(CCW,12,MIDDLE)",,,,,,,,0
2310,6,15,RandomK,43,94,18,1,"PostGuard","PostGuard(CW,3,1)",,,,,,,,0
2310,6,15,RandomK,43,95,19,1,"PostGuard","PostGuard(CCW,3,1)",,,,,,,,0
2310,6,15,RandomK,43,112,20,1,"PostGuard","PostGuard(CW,9,1)",,,,,,,,0
2310,6,15,RandomK,43,114,21,1,"PostGuard","PostGuard(CW,9,2)",,,,,,,,0
2310,6,15,RandomK,43,115,22,1,"PostGuard","PostGuard(CCW,9,2)",,,,,,,,0
2310,6,15,RandomK,43,121,23,1,"PostGuard","PostGuard(CCW,11,2)",,,,,,,,0
2310,6,15,RandomK,43,123,24,1,"PostGuard","PostGuard(CCW,13,0)",,,,,,,,0
2310,6,15,RandomK,43,125,25,1,"PostGuard","PostGuard(CCW,13,1)",,,,,,,,0
2310,6,15,RandomK,43,130,26,1,"ComeAround","ComeAround(CW,15,1)",,,,,,,,0
7921,5,4,RandomK,43,2,0,1,"Draw","Draw(CW,S0)",,,,,,,,0
7921,5,4,RandomK,43,4,1,1,"Draw","Draw(CW,S2)",,,,,,,,0
7921,5,4,RandomK,43,8,2,1,"Draw","Draw(CW,S6)",,,,,,,,0
7921,5,4,RandomK,43,16,3,1,"Draw","Draw(CW,L3)",,,,,,,,0
7921,5,4,RandomK,43,19,4,1,"Draw","Draw(CCW,L4)",,,,,,,,0
7921,5,4,RandomK,43,21,5,1,"Draw","Draw(CCW,L5)",,,,,,,,0
7921,5,4,RandomK,43,23,6,1,"Draw","Draw(CCW,L6)",,,,,,,,0
7921,5,4,RandomK,43,27,7,1,"PreGuard","PreGuard(CCW,G3)",,,,,,,,0
7921,5,4,RandomK,43,42,8,1,"PostGuard","PostGuard(CW,2,0)",,,,,,,,0
7921,5,4,RandomK,43,48,9,1,"Pass","Pass",,,,,,,,0
1361,1,12,RandomK,43,0,0,1,"Draw","Draw(CW,TEE)",,,,,,,,0
1361,1,12,RandomK,43,2,1,1,"Draw","Draw(CW,S0)",,,,,,,,0
1361,1,12,RandomK,43,4,2,1,"Draw","Draw(CW,S2)",,,,,,,,0
1361,1,12,RandomK,43,11,3,1,"Draw","Draw(CCW,L0)",,,,,,,,0
1361,1,12,RandomK,43,23,4,1,"Draw","Draw(CCW,L6)",,,,,,,,0
1361,1,12,RandomK,43,35,5,1,"Hit","Hit(CCW,9,WEAK)",,,,,,,,0
1361,1,12,RandomK,43,38,6,1,"Hit","Hit(CW,9,STRONG)",,,,,,,,0
1361,1,12,RandomK,43,39,7,1,"Hit","Hit(CCW,9,STRONG)",,,,,,,,0
1361,1,12,RandomK,43,42,8,1,"Hit","Hit(CW,11,TOUCH)",,,,,,,,0
1361,1,12,RandomK,43,47,9,1,"Hit","Hit(CCW,11,MIDDLE)",,,,,,,,0
1361,1,12,RandomK,43,49,10,1,"Hit","Hit(CCW,11,STRONG)",,,,,,,,0
1361,1,12,RandomK,43,52,11,1,"PostGuard","PostGuard(CW,10,0)",,,,,,,,0
5041,1,8,RandomK,43,1,0,1,"Draw","Draw(CCW,TEE)",,,,,,,,0
5041,1,8,RandomK,43,8,1,1,"Draw","Draw(CW,S6)",,,,,,,,0
5041,1,8,RandomK,43,13,2,1,"Draw","Draw(CCW,L1)",,,,,,,,0
5041,1,8,RandomK,43,22,3,1,"Draw","Draw(CW,L6)",,,,,,,,0
5041,1,8,RandomK,43,24,4,1,"Draw","Draw(CW,L7)",,,,,,,,0
5041,1,8,RandomK,43,27,5,1,"PreGuard","PreGuard(CCW,G3)",,,,,,,,0
5041,1,8,RandomK,43,35,6,1,"Hit","Hit(CCW,7,WEAK)",,,,,,,,0
5041,1,8,RandomK,43,39,7,1,"Hit","Hit(CCW,7,STRONG)",,,,,,,,0
5041,1,8,RandomK,43,43,8,1,"PostGuard","PostGuard(CCW,4,0)",,,,,,,,0
5041,1,8,RandomK,43,49,9,1,"PostGuard","PostGuard(CCW,6,0)",,,,,,,,0
5041,1,8,RandomK,43,50,10,1,"PostGuard","PostGuard(CW,6,1)",,,,,,,,0
5033,7,5,RandomK,43,4,0,1,"Draw","Draw(CW,S2)",,,,,,,,0
5033,7,5,RandomK,43,12,1,1,"Draw","Draw(CW,L1)",,,,,,,,0
5033,7,5,RandomK,43,17,2,1,"Draw","Draw(CCW,L3)",,,,,,,,0
5033,7,5,RandomK,43,30,3,1,"PreGuard","PreGuard(CW,G5)",,,,,,,,0
5033,7,5,RandomK,43,31,4,1,"PreGuard","PreGuard(CCW,G5)",,,,,,,,0
5033,7,5,RandomK,43,33,5,1,"Hit","Hit(CCW,0,TOUCH)",,,,,,,,0
5033,7,5,RandomK,43,36,6,1,"Hit","Hit(CW,0,MIDDLE)",,,,,,,,0
5033,7,5,RandomK,43,37,7,1,"Hit","Hit(CCW,0,MIDDLE)",,,,,,,,0
5033,7,5,RandomK,43,45,8,1,"Hit","Hit(CCW,2,WEAK)",,,,,,,,0
5033,7,5,RandomK,43,48,9,1,"Hit","Hit(CW,2,STRONG)",,,,,,,,0
5033,7,5,RandomK,43,51,10,1,"Freeze","Freeze(CCW,2)",,,,,,,,0
5033,7,5,RandomK,43,56,11,1,"PostGuard","PostGuard(CW,1,2)",,,,,,,,0
5033,7,5,RandomK,43,61,12,1,"PostGuard","PostGuard(CCW,3,1)",,,,,,,,0
5033,7,5,RandomK,43,66,13,1,"PostGuard","PostGuard(CW,5,1)",,,,,,,,0
5033,7,5,RandomK,43,68,14,1,"PostGuard","PostGuard(CW,5,2)",,,,,,,,0
5022,1,15,RandomK,43,3,0,1,"Draw","Draw(CCW,S0)",,,,,,,,0
5022,1,15,RandomK,43,5,1,1,"Draw","Draw(CCW,S2)",,,,,,,,0
5022,1,15,RandomK,43,8,2,1,"Draw","Draw(CW,S6)",,,,,,,,0
5022,1,15,RandomK,43,10,3,1,"Draw","Draw(CW,L0)",,,,,,,,0
5022,1,15,RandomK,43,11,4,1,"Draw","Draw(CCW,L0)",,,,,,,,0
5022,1,15,RandomK,43,33,5,1,"Hit","Hit(CCW,4,TOUCH)",,,,,,,,0
5022,1,15,RandomK,43,39,6,1,"Hit","Hit(CCW,4,STRONG)",,,,,,,,0
5022,1,15,RandomK,43,42,7,1,"Hit","Hit(CW,6,TOUCH)",,,,,,,,0
5022,1,15,RandomK,43,45,8,1,"Hit","Hit(CCW,6,WEAK)",,,,,,,,0
5022,1,15,RandomK,43,58,9,1,"Hit","Hit(CW,8,STRONG)",,,,,,,,0
5022,1,15,RandomK,43,65,10,1,"Hit","Hit(CCW,10,WEAK)",,,,,,,,0
5022,1,15,RandomK,43,68,11,1,"Hit","Hit(CW,10,STRONG)",,,,,,,,0
5022,1,15,RandomK,43,70,12,1,"Freeze","Freeze(CW,10)",,,,,,,,0
5022,1,15,RandomK,43,71,13,1,"Freeze","Freeze(CCW,10)",,,,,,,,0
5022,1,15,RandomK,43,73,14,1,"Hit","Hit(CCW,14,TOUCH)",,,,,,,,0
5022,1,15,RandomK,43,76,15,1,"Hit","Hit(CW,14,MIDDLE)",,,,,,,,0
5022,1,15,RandomK,43,78,16,1,"Hit","Hit(CW,14,STRONG)",,,,,,,,0
5022,1,15,RandomK,43,79,17,1,"Hit","Hit(CCW,14,STRONG)",,,,,,,,0
9907,7,9,RandomK,43,1,0,1,"Draw","Draw(CCW,TEE)",,,,,,,,0
9907,7,9,RandomK,43,11,1,1,"Draw","Draw(CCW,L0)",,,,,,,,0
9907,7,9,RandomK,43,12,2,1,"Draw","Draw(CW,L1)",,,,,,,,0
9907,7,9,RandomK,43,13,3,1,"Draw","Draw(CCW,L1)",,,,,,,,0
9907,7,9,RandomK,43,17,4,1,"Draw","Draw(CCW,L3)",,,,,,,,0
9907,7,9,RandomK,43,21,5,1,"Draw","Draw(CCW,L5)",,,,,,,,0
9907,7,9,RandomK,43,30,6,1,"PreGuard","PreGuard(CW,G5)",,,,,,,,0
9907,7,9,RandomK,43,31,7,1,"PreGuard","PreGuard(CCW,G5)",,,,,,,,0
9907,7,9,RandomK,43,38,8,1,"Hit","Hit(CW,4,STRONG)",,,,,,,,0
9907,7,9,RandomK,43,44,9,1,"Hit","Hit(CW,6,WEAK)",,,,,,,,0
9907,7,9,RandomK,43,49,10,1,"Hit","Hit(CCW,6,STRONG)",,,,,,,,0
9907,7,9,RandomK,43,50,11,1,"Freeze","Freeze(CW,6)",,,,,,,,0
9907,7,9,RandomK,43,61,12,1,"PostGuard","PostGuard(CCW,9,1)",,,,,,,,0
8627,2,12,RandomK,43,5,0,1,"Draw","Draw(CCW,S2)",,,,,,,,0
8627,2,12,RandomK,43,9,1,1,"Draw","Draw(CCW,S6)",,,,,,,,0
8627,2,12,RandomK,43,10,2,1,"Draw","Draw(CW,L0)",,,,,,,,0
8627,2,12,RandomK,43,13,3,1,"Draw","Draw(CCW,L1)",,,,,,,,0
8627,2,12,RandomK,43,21,4,1,"Draw","Draw(CCW,L5)",,,,,,,,0
8627,2,12,RandomK,43,25,5,1,"Draw","Draw(CCW,L7)",,,,,,,,0
8627,2,12,RandomK,43,27,6,1,"PreGuard","PreGuard(CCW,G3)",,,,,,,,0
8627,2,12,RandomK,43,29,7,1,"PreGuard","PreGuard(CCW,G4)",,,,,,,,0
8627,2,12,RandomK,43,31,8,1,"PreGuard","PreGuard(CCW,G5)",,,,,,,,0
8627,2,12,RandomK,43,32,9,1,"Hit","Hit(CW,5,TOUCH)",,,,,,,,0
8627,2,12,RandomK,43,43,10,1,"Hit","Hit(CCW,7,TOUCH)",,,,,,,,0
8627,2,12,RandomK,43,44,11,1,"Hit","Hit(CW,7,WEAK)",,,,,,,,0
8627,2,12,RandomK,43,47,12,1,"Hit","Hit(CCW,7,MIDDLE)",,,,,,,,0
8627,2,12,RandomK,43,48,13,1,"Hit","Hit(CW,7,STRONG)",,,,,,,,0
8627,2,12,RandomK,43,49,14,1,"Hit","Hit(CCW,7,STRONG)",,,,,,,,0
8627,2,12,RandomK,43,52,15,1,"Hit","Hit(CW,9,TOUCH)",,,,,,,,0
8627,2,12,RandomK,43,56,16,1,"Hit","Hit(CW,9,MIDDLE)",,,,,,,,0
8627,2,12,RandomK,43,63,17,1,"Hit","Hit(CCW,11,TOUCH)",,,,,,,,0
8627,2,12,RandomK,43,66,18,1,"Hit","Hit(CW,11,MIDDLE)",,,,,,,,0
8627,2,12,RandomK,43,74,19,1,"PostGuard","PostGuard(CW,0,1)",,,,,,,,0
8627,2,12,RandomK,43,83,20,1,"PostGuard","PostGuard(CCW,4,2)",,,,,,,,0
1641,6,10,RandomK,43,2,0,1,"Draw","Draw(CW,S0)",,,,,,,,0
1641,6,10,RandomK,43,7,1,1,"Draw","Draw(CCW,S4)",,,,,,,,0
1641,6,10,RandomK,43,8,2,1,"Draw","Draw(CW,S6)",,,,,,,,0
1641,6,10,RandomK,43,15,3,1,"Draw","Draw(CCW,L2)",,,,,,,,0
1641,6,10,RandomK,43,18,4,1,"Draw","Draw(CW,L4)",,,,,,,,0
1641,6,10,RandomK,43,22,5,1,"Draw","Draw(CW,L6)",,,,,,,,0
1641,6,10,RandomK,43,42,6,1,"Hit","Hit(CW,3,TOUCH)",,,,,,,,0
1641,6,10,RandomK,43,45,7,1,"Hit","Hit(CCW,3,WEAK)",,,,,,,,0
1641,6,10,RandomK,43,52,8,1,"Hit","Hit(CW,5,TOUCH)",,,,,,,,0
1641,6,10,RandomK,43,55,9,1,"Hit","Hit(CCW,5,WEAK)",,,,,,,,0
1641,6,10,RandomK,43,59,10,1,"Hit","Hit(CCW,5,STRONG)",,,,,,,,0
1641,6,10,RandomK,43,62,11,1,"Hit","Hit(CW,7,TOUCH)",,,,,,,,0
1641,6,10,RandomK,43,63,12,1,"Hit","Hit(CCW,7,TOUCH)",,,,,,,,0
1641,6,10,RandomK,43,67,13,1,"Hit","Hit(CCW,7,MIDDLE)",,,,,,,,0
1641,6,10,RandomK,43,71,14,1,"Freeze","Freeze(CCW,7)",,,,,,,,0
1641,6,10,RandomK,43,77,15,1,"Hit","Hit(CCW,9,MIDDLE)",,,,,,,,0
1641,6,10,RandomK,43,82,16,1,"PostGuard","PostGuard(CW,0,0)",,,,,,,,0
1641,6,10,RandomK,43,83,17,1,"PostGuard","PostGuard(CCW,0,0)",,,,,,,,0
1641,6,10,RandomK,43,85,18,1,"PostGuard","PostGuard(CCW,0,1)",,,,,,,,0
1641,6,10,RandomK,43,92,19,1,"PostGuard","PostGuard(CW,2,2)",,,,,,,,0
1641,6,10,RandomK,43,95,20,1,"PostGuard","PostGuard(CCW,4,0)",,,,,,,,0
1641,6,10,RandomK,43,109,21,1,"PostGuard","PostGuard(CCW,8,1)",,,,,,,,0
1641,6,10,RandomK,43,110,22,1,"PostGuard","PostGuard(CW,8,2)",,,,,,,,0
7249,2,15,RandomK,43,2,0,1,"Draw","Draw(CW,S0)",,,,,,,,0
7249,2,15,RandomK,43,3,1,1,"Draw","Draw(CCW,S0)",,,,,,,,0
7249,2,15,RandomK,43,9,2,1,"Draw","Draw(CCW,S6)",,,,,,,,0
7249,2,15,RandomK,43,19,3,1,"Draw","Draw(CCW,L4)",,,,,,,,0
7249,2,15,RandomK,43,23,4,1,"Draw","Draw(CCW,L6)",,,,,,,,0
7249,2,15,RandomK,43,28,5,1,"PreGuard","PreGuard(CW,G4)",,,,,,,,0
7249,2,15,RandomK,43,39,6,1,"Hit","Hit(CCW,0,STRONG)",,,,,,,,0
7249,2,15,RandomK,43,40,7,1,"Freeze","Freeze(CW,0)",,,,,,,,0
7249,2,15,RandomK,43,42,8,1,"Hit","Hit(CW,2,TOUCH)",,,,,,,,0
7249,2,15,RandomK,43,43,9,1,"Hit","Hit(CCW,2,TOUCH)",,,,,,,,0
7249,2,15,RandomK,43,52,10,1,"Hit","Hit(CW,4,TOUCH)",,,,,,,,0
7249,2,15,RandomK,43,60,11,1,"Freeze","Freeze(CW,4)",,,,,,,,0
7249,2,15,RandomK,43,61,12,1,"Freeze","Freeze(CCW,4)",,,,,,,,0
7249,2,15,RandomK,43,62,13,1,"Hit","Hit(CW,6,TOUCH)",,,,,,,,0
7249,2,15,RandomK,43,64,14,1,"Hit","Hit(CW,6,WEAK)",,,,,,,,0
7249,2,15,RandomK,43,71,15,1,"Freeze","Freeze(CCW,6)",,,,,,,,0
7249,2,15,RandomK,43,73,16,1,"Hit","Hit(CCW,8,TOUCH)",,,,,,,,0
7249,2,15,RandomK,43,76,17,1,"Hit","Hit(CW,8,MIDDLE)",,,,,,,,0
7249,2,15,RandomK,43,80,18,1,"Freeze","Freeze(CW,8)",,,,,,,,0
7249,2,15,RandomK,43,84,19,1,"Hit","Hit(CW,10,WEAK)",,,,,,,,0
7249,2,15,RandomK,43,86,20,1,"Hit","Hit(CW,10,MIDDLE)",,,,,,,,0
7249,2,15,RandomK,43,90,21,1,"Freeze","Freeze(CW,10)",,,,,,,,0
7249,2,15,RandomK,43,93,22,1,"Hit","Hit(CCW,12,TOUCH)",,,,,,,,0
7249,2,15,RandomK,43,102,23,1,"PostGuard","PostGuard(CW,5,0)",,,,,,,,0
7249,2,15,RandomK,43,105,24,1,"PostGuard","PostGuard(CCW,5,1)",,,,,,,,0
7249,2,15,RandomK,43,117,25,1,"PostGuard","PostGuard(CCW,9,1)",,,,,,,,0
7249,2,15,RandomK,43,119,26,1,"PostGuard","PostGuard(CCW,9,2)",,,,,,,,0
7249,2,15,RandomK,43,129,27,1,"PostGuard","PostGuard(CCW,13,1)",,,,,,,,0
4837,7,2,RandomK,43,2,0,1,"Draw","Draw(CW,S0)",,,,,,,,0
4837,7,2,RandomK,43,4,1,1,"Draw","Draw(CW,S2)",,,,,,,,0
4837,7,2,RandomK,43,5,2,1,"Draw","Draw(CCW,S2)",,,,,,,,0
4837,7,2,RandomK,43,6,3,1,"Draw","Draw(CW,S4)",,,,,,,,0
4837,7,2,RandomK,43,20,4,1,"Draw","Draw(CW,L5)",,,,,,,,0
4837,7,2,RandomK,43,22,5,1,"Draw","Draw(CW,L6)",,,,,,,,0
4837,7,2,RandomK,43,33,6,1,"Hit","Hit(CCW,1,TOUCH)",,,,,,,,0
4837,7,2,RandomK,43,38,7,1,"Hit","Hit(CW,1,STRONG)",,,,,,,,0
4837,7,2,RandomK,43,45,8,1,"PostGuard","PostGuard(CCW,0,1)",,,,,,,,0
4837,7,2,RandomK,43,48,9,1,"Pass","Pass",,,,,,,,0
1039,2,15,RandomK,43,0,0,1,"Draw","Draw(CW,TEE)",,,,,,,,0
1039,2,15,RandomK,43,3,1,1,"Draw","Draw(CCW,S0)",,,,,,,,0
1039,2,15,RandomK,43,14,2,1,"Draw","Draw(CW,L2)",,,,,,,,0
1039,2,15,RandomK,43,15,3,1,"Draw","Draw(CCW,L2)",,,,,,,,0
1039,2,15,RandomK,43,23,4,1,"Draw","Draw(CCW,L6)",,,,,,,,0
1039,2,15,RandomK,43,24,5,1,"Draw","Draw(CW,L7)",,,,,,,,0
1039,2,15,RandomK,43,31,6,1,"PreGuard","PreGuard(CCW,G5)",,,,,,,,0
1039,2,15,RandomK,43,33,7,1,"Hit","Hit(CCW,14,TOUCH)",,,,,,,,0
1039,2,15,RandomK,43,39,8,1,"Hit","Hit(CCW,14,STRONG)",,,,,,,,0
7846,3,10,RandomK,43,4,0,1,"Draw","Draw(CW,S2)",,,,,,,,0
7846,3,10,RandomK,43,12,1,1,"Draw","Draw(CW,L1)",,,,,,,,0
7846,3,10,RandomK,43,16,2,1,"Draw","Draw(CW,L3)",,,,,,,,0
7846,3,10,RandomK,43,26,3,1,"PreGuard","PreGuard(CW,G3)",,,,,,,,0
7846,3,10,RandomK,43,27,4,1,"PreGuard","PreGuard(CCW,G3)",,,,,,,,0
7846,3,10,RandomK,43,28,5,1,"PreGuard","PreGuard(CW,G4)",,,,,,,,0
7846,3,10,RandomK,43,30,6,1,"PreGuard","PreGuard(CW,G5)",,,,,,,,0
7846,3,10,RandomK,43,33,7,1,"Hit","Hit(CCW,7,TOUCH)",,,,,,,,0
7846,3,10,RandomK,43,36,8,1,"Hit","Hit(CW,7,MIDDLE)",,,,,,,,0
7846,3,10,RandomK,43,38,9,1,"Hit","Hit(CW,7,STRONG)",,,,,,,,0
7846,3,10,RandomK,43,48,10,1,"Hit","Hit(CW,9,STRONG)",,,,,,,,0
7846,3,10,RandomK,43,50,11,1,"Freeze","Freeze(CW,9)",,,,,,,,0
7846,3,10,RandomK,43,58,12,1,"PostGuard","PostGuard(CW,6,0)",,,,,,,,0
5246,2,5,RandomK,43,13,0,1,"Draw","Draw(CCW,L1)",,,,,,,,0
5246,2,5,RandomK,43,17,1,1,"Draw","Draw(CCW,L3)",,,,,,,,0
5246,2,5,RandomK,43,22,2,1,"Draw","Draw(CW,L6)",,,,,,,,0
5246,2,5,RandomK,43,28,3,1,"PreGuard","PreGuard(CW,G4)",,,,,,,,0
5246,2,5,RandomK,43,29,4,1,"PreGuard","PreGuard(CCW,G4)",,,,,,,,0
5246,2,5,RandomK,43,31,5,1,"PreGuard","PreGuard(CCW,G5)",,,,,,,,0
5246,2,5,RandomK,43,42,6,1,"Hit","Hit(CW,2,TOUCH)",,,,,,,,0
5246,2,5,RandomK,43,45,7,1,"Hit","Hit(CCW,2,WEAK)",,,,,,,,0
5246,2,5,RandomK,43,54,8,1,"Hit","Hit(CW,4,WEAK)",,,,,,,,0
5246,2,5,RandomK,43,58,9,1,"Hit","Hit(CW,4,STRONG)",,,,,,,,0
5246,2,5,RandomK,43,59,10,1,"Hit","Hit(CCW,4,STRONG)",,,,,,,,0
5246,2,5,RandomK,43,60,11,1,"Freeze","Freeze(CW,4)",,,,,,,,0
5246,2,5,RandomK,43,63,12,1,"PostGuard","PostGuard(CCW,1,0)",,,,,,,,0
5246,2,5,RandomK,43,71,13,1,"PostGuard","PostGuard(CCW,3,1)",,,,,,,,0
5246,2,5,RandomK,43,72,14,1,"PostGuard","PostGuard(CW,3,2)",,,,,,,,0
4166,2,12,RandomK,43,1,0,1,"Draw","Draw(CCW,TEE)",,,,,,,,0
4166,2,12,RandomK,43,10,1,1,"Draw","Draw(CW,L0)",,,,,,,,0
4166,2,12,RandomK,43,15,2,1,"Draw","Draw(CCW,L2)",,,,,,,,0
4166,2,12,RandomK,43,20,3,1,"Draw","Draw(CW,L5)",,,,,,,,0
4166,2,12,RandomK,43,31,4,1,"PreGuard","PreGuard(CCW,G5)",,,,,,,,0
4166,2,12,RandomK,43,32,5,1,"Hit","Hit(CW,3,MIDDLE)",,,,,,,,0
4166,2,12,RandomK,43,34,6,1,"Hit","Hit(CW,3,STRONG)",,,,,,,,0
4166,2,12,RandomK,43,40,7,1,"Hit","Hit(CW,9,MIDDLE)",,,,,,,,0
4166,2,12,RandomK,43,42,8,1,"Hit","Hit(CW,9,STRONG)",,,,,,,,0
4166,2,12,RandomK,43,47,9,1,"Hit","Hit(CCW,11,TOUCH)",,,,,,,,0
4166,2,12,RandomK,43,48,10,1,"Hit","Hit(CW,11,WEAK)",,,,,,,,0
4166,2,12,RandomK,43,56,11,1,"PostGuard","PostGuard(CW,6,0)",,,,,,,,0
4166,2,12,RandomK,43,61,12,1,"PostGuard","PostGuard(CCW,6,2)",,,,,,,,0
4166,2,12,RandomK,43,68,13,1,"PostGuard","PostGuard(CW,10,0)",,,,,,,,0
4166,2,12,RandomK,43,74,14,1,"Pass","Pass",,,,,,,,0
6533,4,6,RandomK,43,3,0,1,"Draw","Draw(CCW,S0)",,,,,,,,0
6533,4,6,RandomK,43,18,1,1,"Draw","Draw(CW,L4)",,,,,,,,0
6533,4,6,RandomK,43,21,2,1,"Draw","Draw(CCW,L5)",,,,,,,,0
6533,4,6,RandomK,43,22,3,1,"Draw","Draw(CW,L6)",,,,,,,,0
6533,4,6,RandomK,43,24,4,1,"Draw","Draw(CW,L7)",,,,,,,,0
6533,4,6,RandomK,43,34,5,1,"Hit","Hit(CW,1,WEAK)",,,,,,,,0
6533,4,6,RandomK,43,36,6,1,"Hit","Hit(CW,1,MIDDLE)",,,,,,,,0
6533,4,6,RandomK,43,41,7,1,"Freeze","Freeze(CCW,1)",,,,,,,,0
6533,4,6,RandomK,43,44,8,1,"Hit","Hit(CW,3,WEAK)",,,,,,,,0
6533,4,6,RandomK,43,53,9,1,"Hit","Hit(CCW,5,TOUCH)",,,,,,,,0
6533,4,6,RandomK,43,56,10,1,"Hit","Hit(CW,5,MIDDLE)",,,,,,,,0
6533,4,6,RandomK,43,68,11,1,"PostGuard","PostGuard(CW,2,0)",,,,,,,,0
6533,4,6,RandomK,43,70,12,1,"PostGuard","PostGuard(CW,2,1)",,,,,,,,0
6533,4,6,RandomK,43,71,13,1,"PostGuard","PostGuard(CCW,2,1)",,,,,,,,0
6533,4,6,RandomK,43,72,14,1,"PostGuard","PostGuard(CW,2,2)",,,,,,,,0
6533,4,6,RandomK,43,75,15,1,"PostGuard","PostGuard(CCW,4,0)",,,,,,,,0
6533,4,6,RandomK,43,76,16,1,"PostGuard","PostGuard(CW,4,1)",,,,,,,,0
5721,0,12,RandomK,43,1,0,1,"Draw","Draw(CCW,TEE)",,,,,,,,0
5721,0,12,RandomK,43,2,1,1,"Draw","Draw(CW,S0)",,,,,,,,0
5721,0,12,RandomK,43,5,2,1,"Draw","Draw(CCW,S2)",,,,,,,,0
5721,0,12,RandomK,43,8,3,1,"Draw","Draw(CW,S6)",,,,,,,,0
5721,0,12,RandomK,43,21,4,1,"Draw","Draw(CCW,L5)",,,,,,,,0
5721,0,12,RandomK,43,25,5,1,"Draw","Draw(CCW,L7)",,,,,,,,0
5721,0,12,RandomK,43,27,6,1,"PreGuard","PreGuard(CCW,G3)",,,,,,,,0
5721,0,12,RandomK,43,30,7,1,"PreGuard","PreGuard(CW,G5)",,,,,,,,0
5721,0,12,RandomK,43,31,8,1,"PreGuard","PreGuard(CCW,G5)",,,,,,,,0
5721,0,12,RandomK,43,33,9,1,"Hit","Hit(CCW,1,TOUCH)",,,,,,,,0
5721,0,12,RandomK,43,42,10,1,"Hit","Hit(CW,3,TOUCH)",,,,,,,,0
5721,0,12,RandomK,43,47,11,1,"Hit","Hit(CCW,3,MIDDLE)",,,,,,,,0
5721,0,12,RandomK,43,48,12,1,"Hit","Hit(CW,3,STRONG)",,,,,,,,0
5721,0,12,RandomK,43,50,13,1,"Freeze","Freeze(CW,3)",,,,,,,,0
5721,0,12,RandomK,43,60,14,1,"Freeze","Freeze(CW,5)",,,,,,,,0
5721,0,12,RandomK,43,70,15,1,"Freeze","Freeze(CW,7)",,,,,,,,0
5721,0,12,RandomK,43,74,16,1,"Hit","Hit(CW,9,WEAK)",,,,,,,,0
5721,0,12,RandomK,43,78,17,1,"Hit","Hit(CW,9,STRONG)",,,,,,,,0
5721,0,12,RandomK,43,102,18,1,"PostGuard","PostGuard(CW,4,2)",,,,,,,,0
5721,0,12,RandomK,43,103,19,1,"PostGuard","PostGuard(CCW,4,2)",,,,,,,,0
5721,0,12,RandomK,43,105,20,1,"PostGuard","PostGuard(CCW,6,0)",,,,,,,,0
5721,0,12,RandomK,43,111,21,1,"PostGuard","PostGuard(CCW,8,0)",,,,,,,,0
5721,0,12,RandomK,43,115,22,1,"PostGuard","PostGuard(CCW,8,2)",,,,,,,,0
5721,0,12,RandomK,43,116,23,1,"PostGuard","PostGuard(CW,10,0)",,,,,,,,0
5721,0,12,RandomK,43,119,24,1,"PostGuard","PostGuard(CCW,10,1)",,,,,,,,0
4463,7,9,RandomK,43,9,0,1,"Draw","Draw(CCW,S6)",,,,,,,,0
4463,7,9,RandomK,43,13,1,1,"Draw","Draw(CCW,L1)",,,,,,,,0
4463,7,9,RandomK,43,16,2,1,"Draw","Draw(CW,L3)",,,,,,,,0
4463,7,9,RandomK,43,21,3,1,"Draw","Draw(CCW,L5)",,,,,,,,0
4463,7,9,RandomK,43,22,4,1,"Draw","Draw(CW,L6)",,,,,,,,0
4463,7,9,RandomK,43,32,5,1,"Hit","Hit(CW,0,TOUCH)",,,,,,,,0
4463,7,9,RandomK,43,38,6,1,"Hit","Hit(CW,0,STRONG)",,,,,,,,0
4463,7,9,RandomK,43,56,7,1,"Hit","Hit(CW,4,MIDDLE)",,,,,,,,0
4463,7,9,RandomK,43,57,8,1,"Hit","Hit(CCW,4,MIDDLE)",,,,,,,,0
4463,7,9,RandomK,43,61,9,1,"Freeze","Freeze(CCW,4)",,,,,,,,0
4463,7,9,RandomK,43,66,10,1,"Hit","Hit(CW,6,MIDDLE)",,,,,,,,0
4463,7,9,RandomK,43,67,11,1,"Hit","Hit(CCW,6,MIDDLE)",,,,,,,,0
4463,7,9,RandomK,43,69,12,1,"Hit","Hit(CCW,6,STRONG)",,,,,,,,0
4463,7,9,RandomK,43,76,13,1,"PostGuard","PostGuard(CW,1,2)",,,,,,,,0
4463,7,9,RandomK,43,77,14,1,"PostGuard","PostGuard(CCW,1,2)",,,,,,,,0
4463,7,9,RandomK,43,84,15,1,"PostGuard","PostGuard(CW,5,0)",,,,,,,,0
4463,7,9,RandomK,43,88,16,1,"PostGuard","PostGuard(CW,5,2)",,,,,,,,0
4463,7,9,RandomK,43,90,17,1,"PostGuard","PostGuard(CW,7,0)",,,,,,,,0
4463,7,9,RandomK,43,94,18,1,"PostGuard","PostGuard(CW,7,2)",,,,,,,,0
4463,7,9,RandomK,43,95,19,1,"PostGuard","PostGuard(CCW,7,2)",,,,,,,,0
4463,7,9,RandomK,43,101,20,1,"PostGuard","PostGuard(CCW,9,2)",,,,,,,,0
5606,2,14,RandomK,43,1,0,1,"Draw","Draw(CCW,TEE)",,,,,,,,0
5606,2,14,RandomK,43,2,1,1,"Draw","Draw(CW,S0)",,,,,,,,0
5606,2,14,RandomK,43,3,2,1,"Draw","Draw(CCW,S0)",,,,,,,,0
5606,2,14,RandomK,43,5,3,1,"Draw","Draw(CCW,S2)",,,,,,,,0
5606,2,14,RandomK,43,8,4,1,"Draw","Draw(CW,S6)",,,,,,,,0
5606,2,14,RandomK,43,12,5,1,"Draw","Draw(CW,L1)",,,,,,,,0
5606,2,14,RandomK,43,16,6,1,"Draw","Draw(CW,L3)",,,,,,,,0
5606,2,14,RandomK,43,27,7,1,"PreGuard","PreGuard(CCW,G3)",,,,,,,,0
5606,2,14,RandomK,43,28,8,1,"PreGuard","PreGuard(CW,G4)",,,,,,,,0
5606,2,14,RandomK,43,38,9,1,"Hit","Hit(CW,1,STRONG)",,,,,,,,0
5606,2,14,RandomK,43,50,10,1,"Freeze","Freeze(CW,3)",,,,,,,,0
5606,2,14,RandomK,43,52,11,1,"Hit","Hit(CW,5,TOUCH)",,,,,,,,0
5606,2,14,RandomK,43,53,12,1,"Hit","Hit(CCW,5,TOUCH)",,,,,,,,0
5606,2,14,RandomK,43,58,13,1,"Hit","Hit(CW,5,STRONG)",,,,,,,,0
5606,2,14,RandomK,43,61,14,1,"Freeze","Freeze(CCW,5)",,,,,,,,0
5606,2,14,RandomK,43,65,15,1,"Hit","Hit(CCW,7,WEAK)",,,,,,,,0
5606,2,14,RandomK,43,71,16,1,"Freeze","Freeze(CCW,7)",,,,,,,,0
5606,2,14,RandomK,43,80,17,1,"Freeze","Freeze(CW,9)",,,,,,,,0
5606,2,14,RandomK,43,87,18,1,"Hit","Hit(CCW,11,MIDDLE)",,,,,,,,0
5606,2,14,RandomK,43,94,19,1,"Hit","Hit(CW,13,WEAK)",,,,,,,,0
5606,2,14,RandomK,43,98,20,1,"Hit","Hit(CW,13,STRONG)",,,,,,,,0
5606,2,14,RandomK,43,112,21,1,"PostGuard","PostGuard(CW,4,2)",,,,,,,,0
5606,2,14,RandomK,43,119,22,1,"PostGuard","PostGuard(CCW,6,2)",,,,,,,,0
5606,2,14,RandomK,43,120,23,1,"PostGuard","PostGuard(CW,8,0)",,,,,,,,0
5606,2,14,RandomK,43,126,24,1,"PostGuard","PostGuard(CW,10,0)",,,,,,,,0
5606,2,14,RandomK,43,127,25,1,"PostGuard","PostGuard(CCW,10,0)",,,,,,,,0
5606,2,14,RandomK,43,132,26,1,"PostGuard","PostGuard(CW,12,0)",,,,,,,,0
5606,2,14,RandomK,43,136,27,1,"PostGuard","PostGuard(CW,12,2)",,,,,,,,0
1123,4,3,RandomK,43,4,0,1,"Draw","Draw(CW,S2)",,,,,,,,0
1123,4,3,RandomK,43,12,1,1,"Draw","Draw(CW,L1)",,,,,,,,0
1123,4,3,RandomK,43,21,2,1,"Draw","Draw(CCW,L5)",,,,,,,,0
1123,4,3,RandomK,43,24,3,1,"Draw","Draw(CW,L7)",,,,,,,,0
1123,4,3,RandomK,43,29,4,1,"PreGuard","PreGuard(CCW,G4)",,,,,,,,0
1123,4,3,RandomK,43,32,5,1,"Hit","Hit(CW,0,TOUCH)",,,,,,,,0
1123,4,3,RandomK,43,33,6,1,"Hit","Hit(CCW,0,TOUCH)",,,,,,,,0
1123,4,3,RandomK,43,34,7,1,"Hit","Hit(CW,0,WEAK)",,,,,,,,0
1123,4,3,RandomK,43,37,8,1,"Hit","Hit(CCW,0,MIDDLE)",,,,,,,,0
1123,4,3,RandomK,43,42,9,1,"PostGuard","PostGuard(CW,1,0)",,,,,,,,0
1123,4,3,RandomK,43,43,10,1,"PostGuard","PostGuard(CCW,1,0)",,,,,,,,0
8113,3,15,RandomK,43,1,0,1,"Draw","Draw(CCW,TEE)",,,,,,,,0
8113,3,15,RandomK,43,5,1,1,"Draw","Draw(CCW,S2)",,,,,,,,0
8113,3,15,RandomK,43,10,2,1,"Draw","Draw(CW,L0)",,,,,,,,0
8113,3,15,RandomK,43,13,3,1,"Draw","Draw(CCW,L1)",,,,,,,,0
8113,3,15,RandomK,43,14,4,1,"Draw","Draw(CW,L2)",,,,,,,,0
8113,3,15,RandomK,43,19,5,1,"Draw","Draw(CCW,L4)",,,,,,,,0
8113,3,15,RandomK,43,20,6,1,"Draw","Draw(CW,L5)",,,,,,,,0
8113,3,15,RandomK,43,21,7,1,"Draw","Draw(CCW,L5)",,,,,,,,0
8113,3,15,RandomK,43,26,8,1,"PreGuard","PreGuard(CW,G3)",,,,,,,,0
8113,3,15,RandomK,43,39,9,1,"Hit","Hit(CCW,8,STRONG)",,,,,,,,0
8113,3,15,RandomK,43,44,10,1,"Hit","Hit(CW,10,WEAK)",,,,,,,,0
8113,3,15,RandomK,43,48,11,1,"Hit","Hit(CW,10,STRONG)",,,,,,,,0
8113,3,15,RandomK,43,53,12,1,"Hit","Hit(CCW,14,TOUCH)",,,,,,,,0
8113,3,15,RandomK,43,55,13,1,"Hit","Hit(CCW,14,WEAK)",,,,,,,,0
716,6,7,RandomK,43,4,0,1,"Draw","Draw(CW,S2)",,,,,,,,0
716,6,7,RandomK,43,9,1,1,"Draw","Draw(CCW,S6)",,,,,,,,0
716,6,7,RandomK,43,12,2,1,"Draw","Draw(CW,L1)",,,,,,,,0
716,6,7,RandomK,43,27,3,1,"PreGuard","PreGuard(CCW,G3)",,,,,,,,0
716,6,7,RandomK,43,28,4,1,"PreGuard","PreGuard(CW,G4)",,,,,,,,0
716,6,7,RandomK,43,29,5,1,"PreGuard","PreGuard(CCW,G4)",,,,,,,,0
716,6,7,RandomK,43,34,6,1,"Hit","Hit(CW,4,WEAK)",,,,,,,,0
716,6,7,RandomK,43,40,7,1,"Freeze","Freeze(CW,4)",,,,,,,,0
716,6,7,RandomK,43,44,8,1,"PostGuard","PostGuard(CW,1,1)",,,,,,,,0
716,6,7,RandomK,43,48,9,1,"PostGuard","PostGuard(CW,7,0)",,,,,,,,0
716,6,7,RandomK,43,54,10,1,"Pass","Pass",,,,,,,,0
459,3,5,RandomK,43,6,0,1,"Draw","Draw(CW,S4)",,,,,,,,0
459,3,5,RandomK,43,10,1,1,"Draw","Draw(CW,L0)",,,,,,,,0
459,3,5,RandomK,43,18,2,1,"Draw","Draw(CW,L4)",,,,,,,,0
459,3,5,RandomK,43,20,3,1,"Draw","Draw(CW,L5)",,,,,,,,0
459,3,5,RandomK,43,31,4,1,"PreGuard","PreGuard(CCW,G5)",,,,,,,,0
459,3,5,RandomK,43,33,5,1,"Hit","Hit(CCW,0,TOUCH)",,,,,,,,0
459,3,5,RandomK,43,36,6,1,"Hit","Hit(CW,0,MIDDLE)",,,,,,,,0
459,3,5,RandomK,43,45,7,1,"Hit","Hit(CCW,2,WEAK)",,,,,,,,0
459,3,5,RandomK,43,53,8,1,"PostGuard","PostGuard(CCW,1,0)",,,,,,,,0
459,3,5,RandomK,43,54,9,1,"PostGuard","PostGuard(CW,1,1)",,,,,,,,0
459,3,5,RandomK,43,59,10,1,"PostGuard","PostGuard(CCW,3,0)",,,,,,,,0
459,3,5,RandomK,43,62,11,1,"PostGuard","PostGuard(CW,3,2)",,,,,,,,0
459,3,5,RandomK,43,65,12,1,"PostGuard","PostGuard(CCW,5,0)",,,,,,,,0
459,3,5,RandomK,43,66,13,1,"PostGuard","PostGuard(CW,5,1)",,,,,,,,0
459,3,5,RandomK,43,70,14,1,"Pass","Pass",,,,,,,,0
9287,7,12,RandomK,43,3,0,1,"Draw","Draw(CCW,S0)",,,,,,,,0
9287,7,12,RandomK,43,7,1,1,"Draw","Draw(CCW,S4)",,,,,,,,0
9287,7,12,RandomK,43,15,2,1,"Draw","Draw(CCW,L2)",,,,,,,,0
9287,7,12,RandomK,43,22,3,1,"Draw","Draw(CW,L6)",,,,,,,,0
9287,7,12,RandomK,43,24,4,1,"Draw","Draw(CW,L7)",,,,,,,,0
9287,7,12,RandomK,43,29,5,1,"PreGuard","PreGuard(CCW,G4)",,,,,,,,0
9287,7,12,RandomK,43,33,6,1,"Hit","Hit(CCW,1,MIDDLE)",,,,,,,,0
9287,7,12,RandomK,43,37,7,1,"Hit","Hit(CCW,11,TOUCH)",,,,,,,,0
9287,7,12,RandomK,43,43,8,1,"Hit","Hit(CCW,11,STRONG)",,,,,,,,0
9287,7,12,RandomK,43,47,9,1,"PostGuard","PostGuard(CCW,6,0)",,,,,,,,0
9287,7,12,RandomK,43,51,10,1,"PostGuard","PostGuard(CCW,6,2)",,,,,,,,0
9287,7,12,RandomK,43,57,11,1,"PostGuard","PostGuard(CCW,8,2)",,,,,,,,0
9287,7,12,RandomK,43,64,12,1,"Pass","Pass",,,,,,,,0
5647,1,10,RandomK,43,7,0,1,"Draw","Draw(CCW,S4)",,,,,,,,0
5647,1,10,RandomK,43,8,1,1,"Draw","Draw(CW,S6)",,,,,,,,0
5647,1,10,RandomK,43,27,2,1,"PreGuard","PreGuard(CCW,G3)",,,,,,,,0
5647,1,10,RandomK,43,35,3,1,"Hit","Hit(CCW,1,WEAK)",,,,,,,,0
5647,1,10,RandomK,43,41,4,1,"Freeze","Freeze(CCW,1)",,,,,,,,0
5647,1,10,RandomK,43,43,5,1,"Hit","Hit(CCW,5,TOUCH)",,,,,,,,0
5647,1,10,RandomK,43,47,6,1,"Hit","Hit(CCW,5,MIDDLE)",,,,,,,,0
5647,1,10,RandomK,43,50,7,1,"Freeze","Freeze(CW,5)",,,,,,,,0
5647,1,10,RandomK,43,51,8,1,"Freeze","Freeze(CCW,5)",,,,,,,,0
5647,1,10,RandomK,43,52,9,1,"Hit","Hit(CW,7,TOUCH)",,,,,,,,0
5647,1,10,RandomK,43,56,10,1,"Hit","Hit(CW,7,MIDDLE)",,,,,,,,0
5647,1,10,RandomK,43,59,11,1,"Hit","Hit(CCW,7,STRONG)",,,,,,,,0
5647,1,10,RandomK,43,67,12,1,"Hit","Hit(CCW,9,MIDDLE)",,,,,,,,0
5647,1,10,RandomK,43,72,13,1,"PostGuard","PostGuard(CW,4,0)",,,,,,,,0
5647,1,10,RandomK,43,74,14,1,"PostGuard","PostGuard(CW,4,1)",,,,,,,,0
5647,1,10,RandomK,43,79,15,1,"PostGuard","PostGuard(CCW,6,0)",,,,,,,,0
5647,1,10,RandomK,43,81,16,1,"PostGuard","PostGuard(CCW,6,1)",,,,,,,,0
5647,1,10,RandomK,43,83,17,1,"PostGuard","PostGuard(CCW,6,2)",,,,,,,,0
5647,1,10,RandomK,43,84,18,1,"PostGuard","PostGuard(CW,8,0)",,,,,,,,0
4562,4,13,RandomK,43,14,0,1,"Draw","Draw(CW,L2)",,,,,,,,0
4562,4,13,RandomK,43,19,1,1,"Draw","Draw(CCW,L4)",,,,,,,,0
4562,4,13,RandomK,43,20,2,1,"Draw","Draw(CW,L5)",,,,,,,,0
4562,4,13,RandomK,43,21,3,1,"Draw","Draw(CCW,L5)",,,,,,,,0
4562,4,13,RandomK,43,26,4,1,"PreGuard","PreGuard(CW,G3)",,,,,,,,0
4562,4,13,RandomK,43,38,5,1,"Hit","Hit(CW,0,STRONG)",,,,,,,,0
4562,4,13,RandomK,43,44,6,1,"Hit","Hit(CW,2,WEAK)",,,,,,,,0
4562,4,13,RandomK,43,58,7,1,"Hit","Hit(CW,4,STRONG)",,,,,,,,0
4562,4,13,RandomK,43,63,8,1,"Hit","Hit(CCW,6,TOUCH)",,,,,,,,0
4562,4,13,RandomK,43,65,9,1,"Hit","Hit(CCW,6,WEAK)",,,,,,,,0
4562,4,13,RandomK,43,68,10,1,"Hit","Hit(CW,6,STRONG)",,,,,,,,0
4562,4,13,RandomK,43,72,11,1,"Hit","Hit(CW,8,TOUCH)",,,,,,,,0
4562,4,13,RandomK,43,78,12,1,"Hit","Hit(CW,8,STRONG)",,,,,,,,0
4562,4,13,RandomK,43,79,13,1,"Hit","Hit(CCW,8,STRONG)",,,,,,,,0
4562,4,13,RandomK,43,80,14,1,"Freeze","Freeze(CW,8)",,,,,,,,0
4562,4,13,RandomK,43,83,15,1,"Hit","Hit(CCW,10,TOUCH)",,,,,,,,0
4562,4,13,RandomK,43,85,16,1,"Hit","Hit(CCW,10,WEAK)",,,,,,,,0
4562,4,13,RandomK,43,86,17,1,"Hit","Hit(CW,10,MIDDLE)",,,,,,,,0
4562,4,13,RandomK,43,88,18,1,"Hit","Hit(CW,10,STRONG)",,,,,,,,0
4562,4,13,RandomK,43,89,19,1,"Hit","Hit(CCW,10,STRONG)",,,,,,,,0
4562,4,13,RandomK,43,92,20,1,"PostGuard","PostGuard(CW,1,0)",,,,,,,,0
4562,4,13,RandomK,43,94,21,1,"PostGuard","PostGuard(CW,1,1)",,,,,,,,0
4562,4,13,RandomK,43,97,22,1,"PostGuard","PostGuard(CCW,1,2)",,,,,,,,0
4562,4,13,RandomK,43,117,23,1,"PostGuard","PostGuard(CCW,11,0)",,,,,,,,0
4562,4,13,RandomK,43,118,24,1,"PostGuard","PostGuard(CW,11,1)",,,,,,,,0
4562,4,13,RandomK,43,124,25,1,"PostGuard","PostGuard(CW,13,1)",,,,,,,,0
6201,5,11,RandomK,43,8,0,1,"Draw","Draw(CW,S6)",,,,,,,,0
6201,5,11,RandomK,43,9,1,1,"Draw","Draw(CCW,S6)",,,,,,,,0
6201,5,11,RandomK,43,14,2,1,"Draw","Draw(CW,L2)",,,,,,,,0
6201,5,11,RandomK,43,15,3,1,"Draw","Draw(CCW,L2)",,,,,,,,0
6201,5,11,RandomK,43,17,4,1,"Draw","Draw(CCW,L3)",,,,,,,,0
6201,5,11,RandomK,43,22,5,1,"Draw","Draw(CW,L6)",,,,,,,,0
6201,5,11,RandomK,43,27,6,1,"PreGuard","PreGuard(CCW,G3)",,,,,,,,0
6201,5,11,RandomK,43,54,7,1,"Hit","Hit(CW,4,WEAK)",,,,,,,,0
6201,5,11,RandomK,43,55,8,1,"Hit","Hit(CCW,4,WEAK)",,,,,,,,0
6201,5,11,RandomK,43,61,9,1,"Freeze","Freeze(CCW,4)",,,,,,,,0
6201,5,11,RandomK,43,63,10,1,"Hit","Hit(CCW,6,TOUCH)",,,,,,,,0
6201,5,11,RandomK,43,66,11,1,"Hit","Hit(CW,6,MIDDLE)",,,,,,,,0
6201,5,11,RandomK,43,71,12,1,"Freeze","Freeze(CCW,6)",,,,,,,,0
6201,5,11,RandomK,43,73,13,1,"Hit","Hit(CCW,8,TOUCH)",,,,,,,,0
6201,5,11,RandomK,43,81,14,1,"Freeze","Freeze(CCW,8)",,,,,,,,0
6201,5,11,RandomK,43,89,15,1,"PostGuard","PostGuard(CCW,7,0)",,,,,,,,0
6201,5,11,RandomK,43,92,16,1,"PostGuard","PostGuard(CW,7,2)",,,,,,,,0
6201,5,11,RandomK,43,93,17,1,"PostGuard","PostGuard(CCW,7,2)",,,,,,,,0
6201,5,11,RandomK,43,94,18,1,"PostGuard","PostGuard(CW,9,0)",,,,,,,,0
6201,5,11,RandomK,43,99,19,1,"PostGuard","PostGuard(CCW,9,2)",,,,,,,,0
6201,5,11,RandomK,43,102,20,1,"PostGuard","PostGuard(CW,11,1)",,,,,,,,0
6201,5,11,RandomK,43,104,21,1,"PostGuard","PostGuard(CW,11,2)",,,,,,,,0
9166,3,14,RandomK,43,4,0,1,"Draw","Draw(CW,S2)",,,,,,,,0
9166,3,14,RandomK,43,10,1,1,"Draw","Draw(CW,L0)",,,,,,,,0
9166,3,14,RandomK,43,12,2,1,"Draw","Draw(CW,L1)",,,,,,,,0
9166,3,14,RandomK,43,14,3,1,"Draw","Draw(CW,L2)",,,,,,,,0
9166,3,14,RandomK,43,17,4,1,"Draw","Draw(CCW,L3)",,,,,,,,0
9166,3,14,RandomK,43,28,5,1,"PreGuard","PreGuard(CW,G4)",,,,,,,,0
9166,3,14,RandomK,43,33,6,1,"Hit","Hit(CCW,1,TOUCH)",,,,,,,,0
9166,3,14,RandomK,43,39,7,1,"Hit","Hit(CCW,1,STRONG)",,,,,,,,0
9166,3,14,RandomK,43,45,8,1,"Hit","Hit(CCW,3,WEAK)",,,,,,,,0
9166,3,14,RandomK,43,46,9,1,"Hit","Hit(CW,3,MIDDLE)",,,,,,,,0
9166,3,14,RandomK,43,47,10,1,"Hit","Hit(CCW,3,MIDDLE)",,,,,,,,0
9166,3,14,RandomK,43,58,11,1,"Hit","Hit(CW,5,STRONG)",,,,,,,,0
9166,3,14,RandomK,43,59,12,1,"Hit","Hit(CCW,5,STRONG)",,,,,,,,0
9166,3,14,RandomK,43,62,13,1,"Hit","Hit(CW,7,TOUCH)",,,,,,,,0
9166,3,14,RandomK,43,68,14,1,"Hit","Hit(CW,7,STRONG)",,,,,,,,0
9166,3,14,RandomK,43,69,15,1,"Hit","Hit(CCW,7,STRONG)",,,,,,,,0
9166,3,14,RandomK,43,70,16,1,"Freeze","Freeze(CW,7)",,,,,,,,0
9166,3,14,RandomK,43,79,17,1,"Hit","Hit(CCW,9,STRONG)",,,,,,,,0
9166,3,14,RandomK,43,80,18,1,"Freeze","Freeze(CW,9)",,,,,,,,0
9166,3,14,RandomK,43,88,19,1,"Hit","Hit(CW,11,STRONG)",,,,,,,,0
9166,3,14,RandomK,43,95,20,1,"Hit","Hit(CCW,13,WEAK)",,,,,,,,0
9166,3,14,RandomK,43,99,21,1,"Hit","Hit(CCW,13,STRONG)",,,,,,,,0
9166,3,14,RandomK,43,106,22,1,"PostGuard","PostGuard(CW,2,2)",,,,,,,,0
9166,3,14,RandomK,43,122,23,1,"PostGuard","PostGuard(CW,8,1)",,,,,,,,0
9166,3,14,RandomK,43,125,24,1,"PostGuard","PostGuard(CCW,8,2)",,,,,,,,0
9166,3,14,RandomK,43,128,25,1,"PostGuard","PostGuard(CW,10,1)",,,,,,,,0
9166,3,14,RandomK,43,132,26,1,"PostGuard","PostGuard(CW,12,0)",,,,,,,,0
9166,3,14,RandomK,43,137,27,1,"PostGuard","PostGuard(CCW,12,2)",,,,,,,,0
8703,4,3,RandomK,43,2,0,1,"Draw","Draw(CW,S0)",,,,,,,,0
8703,4,3,RandomK,43,14,1,1,"Draw","Draw(CW,L2)",,,,,,,,0
8703,4,3,RandomK,43,17,2,1,"Draw","Draw(CCW,L3)",,,,,,,,0
8703,4,3,RandomK,43,33,3,1,"Hit","Hit(CCW,0,TOUCH)",,,,,,,,0
8703,4,3,RandomK,43,34,4,1,"Hit","Hit(CW,0,WEAK)",,,,,,,,0
8703,4,3,RandomK,43,36,5,1,"Hit","Hit(CW,0,MIDDLE)",,,,,,,,0
8703,4,3,RandomK,43,39,6,1,"Hit","Hit(CCW,0,STRONG)",,,,,,,,0
8703,4,3,RandomK,43,40,7,1,"Freeze","Freeze(CW,0)",,,,,,,,0
8703,4,3,RandomK,43,42,8,1,"PostGuard","PostGuard(CW,3,0)",,,,,,,,0
8703,4,3,RandomK,43,47,9,1,"PostGuard","PostGuard(CCW,3,2)",,,,,,,,0
1616,0,14,RandomK,43,8,0,1,"Draw","Draw(CW,S6)",,,,,,,,0
1616,0,14,RandomK,43,15,1,1,"Draw","Draw(CCW,L2)",,,,,,,,0
1616,0,14,RandomK,43,20,2,1,"Draw","Draw(CW,L5)",,,,,,,,0
1616,0,14,RandomK,43,34,3,1,"Hit","Hit(CW,7,WEAK)",,,,,,,,0
1616,0,14,RandomK,43,37,4,1,"Hit","Hit(CCW,7,MIDDLE)",,,,,,,,0
1616,0,14,RandomK,43,42,5,1,"Hit","Hit(CW,11,TOUCH)",,,,,,,,0
1616,0,14,RandomK,43,48,6,1,"Hit","Hit(CW,11,STRONG)",,,,,,,,0
1616,0,14,RandomK,43,49,7,1,"Hit","Hit(CCW,11,STRONG)",,,,,,,,0
1616,0,14,RandomK,43,51,8,1,"Freeze","Freeze(CCW,11)",,,,,,,,0
1616,0,14,RandomK,43,56,9,1,"Hit","Hit(CW,13,MIDDLE)",,,,,,,,0
1616,0,14,RandomK,43,59,10,1,"Hit","Hit(CCW,13,STRONG)",,,,,,,,0
1616,0,14,RandomK,43,61,11,1,"Freeze","Freeze(CCW,13)",,,,,,,,0
1616,0,14,RandomK,43,64,12,1,"PostGuard","PostGuard(CW,12,1)",,,,,,,,0
1616,0,14,RandomK,43,68,13,1,"Pass","Pass",,,,,,,,0
5809,3,9,RandomK,43,2,0,1,"Draw","Draw(CW,S0)",,,,,,,,0
5809,3,9,RandomK,43,3,1,1,"Draw","Draw(CCW,S0)",,,,,,,,0
5809,3,9,RandomK,43,18,2,1,"Draw","Draw(CW,L4)",,,,,,,,0
5809,3,9,RandomK,43,24,3,1,"Draw","Draw(CW,L7)",,,,,,,,0
5809,3,9,RandomK,43,29,4,1,"PreGuard","PreGuard(CCW,G4)",,,,,,,,0
5809,3,9,RandomK,43,32,5,1,"Hit","Hit(CW,6,TOUCH)",,,,,,,,0
5809,3,9,RandomK,43,35,6,1,"Hit","Hit(CCW,6,WEAK)",,,,,,,,0
5809,3,9,RandomK,43,40,7,1,"Freeze","Freeze(CW,6)",,,,,,,,0
5809,3,9,RandomK,43,42,8,1,"Hit","Hit(CW,8,TOUCH)",,,,,,,,0
5809,3,9,RandomK,43,44,9,1,"Hit","Hit(CW,8,WEAK)",,,,,,,,0
5809,3,9,RandomK,43,49,10,1,"Hit","Hit(CCW,8,STRONG)",,,,,,,,0
4651,6,5,RandomK,43,7,0,1,"Draw","Draw(CCW,S4)",,,,,,,,0
4651,6,5,RandomK,43,23,1,1,"Draw","Draw(CCW,L6)",,,,,,,,0
4651,6,5,RandomK,43,35,2,1,"Hit","Hit(CCW,0,WEAK)",,,,,,,,0
4651,6,5,RandomK,43,37,3,1,"Hit","Hit(CCW,0,MIDDLE)",,,,,,,,0
4651,6,5,RandomK,43,39,4,1,"Hit","Hit(CCW,0,STRONG)",,,,,,,,0
4651,6,5,RandomK,43,40,5,1,"Freeze","Freeze(CW,0)",,,,,,,,0
4651,6,5,RandomK,43,41,6,1,"Freeze","Freeze(CCW,0)",,,,,,,,0
4651,6,5,RandomK,43,43,7,1,"Hit","Hit(CCW,2,TOUCH)",,,,,,,,0
4651,6,5,RandomK,43,53,8,1,"PostGuard","PostGuard(CCW,1,0)",,,,,,,,0
4651,6,5,RandomK,43,57,9,1,"PostGuard","PostGuard(CCW,1,2)",,,,,,,,0
4651,6,5,RandomK,43,58,10,1,"PostGuard","PostGuard(CW,3,0)",,,,,,,,0
4651,6,5,RandomK,43,60,11,1,"PostGuard","PostGuard(CW,3,1)",,,,,,,,0
4651,6,5,RandomK,43,62,12,1,"PostGuard","PostGuard(CW,3,2)",,,,,,,,0
4651,6,5,RandomK,43,64,13,1,"PostGuard","PostGuard(CW,5,0)",,,,,,,,0
4651,6,5,RandomK,43,67,14,1,"PostGuard","PostGuard(CCW,5,1)",,,,,,,,0
8894,2,15,RandomK,43,5,0,1,"Draw","Draw(CCW,S2)",,,,,,,,0
8894,2,15,RandomK,43,7,1,1,"Draw","Draw(CCW,S4)",,,,,,,,0
8894,2,15,RandomK,43,10,2,1,"Draw","Draw(CW,L0)",,,,,,,,0
8894,2,15,RandomK,43,11,3,1,"Draw","Draw(CCW,L0)",,,,,,,,0
8894,2,15,RandomK,43,22,4,1,"Draw","Draw(CW,L6)",,,,,,,,0
8894,2,15,RandomK,43,24,5,1,"Draw","Draw(CW,L7)",,,,,,,,0
8894,2,15,RandomK,43,33,6,1,"Hit","Hit(CCW,2,TOUCH)",,,,,,,,0
8894,2,15,RandomK,43,37,7,1,"Hit","Hit(CCW,2,MIDDLE)",,,,,,,,0
8894,2,15,RandomK,43,40,8,1,"Freeze","Freeze(CW,2)",,,,,,,,0
8894,2,15,RandomK,43,46,9,1,"Hit","Hit(CW,6,MIDDLE)",,,,,,,,0
8894,2,15,RandomK,43,50,10,1,"Freeze","Freeze(CW,6)",,,,,,,,0
8894,2,15,RandomK,43,59,11,1,"Hit","Hit(CCW,12,STRONG)",,,,,,,,0
8894,2,15,RandomK,43,63,12,1,"Hit","Hit(CCW,14,TOUCH)",,,,,,,,0
8894,2,15,RandomK,43,67,13,1,"Hit","Hit(CCW,14,MIDDLE)",,,,,,,,0
8894,2,15,RandomK,43,68,14,1,"Hit","Hit(CW,14,STRONG)",,,,,,,,0
8894,2,15,RandomK,43,78,15,1,"Pass","Pass",,,,,,,,0
2369,6,9,RandomK,43,3,0,1,"Draw","Draw(CCW,S0)",,,,,,,,0
2369,6,9,RandomK,43,7,1,1,"Draw","Draw(CCW,S4)",,,,,,,,0
2369,6,9,RandomK,43,8,2,1,"Draw","Draw(CW,S6)",,,,,,,,0
2369,6,9,RandomK,43,11,3,1,"Draw","Draw(CCW,L0)",,,,,,,,0
2369,6,9,RandomK,43,18,4,1,"Draw","Draw(CW,L4)",,,,,,,,0
2369,6,9,RandomK,43,19,5,1,"Draw","Draw(CCW,L4)",,,,,,,,0
2369,6,9,RandomK,43,20,6,1,"Draw","Draw(CW,L5)",,,,,,,,0
2369,6,9,RandomK,43,24,7,1,"Draw","Draw(CW,L7)",,,,,,,,0
2369,6,9,RandomK,43,25,8,1,"Draw","Draw(CCW,L7)",,,,,,,,0
2369,6,9,RandomK,43,35,9,1,"Hit","Hit(CCW,0,WEAK)",,,,,,,,0
2369,6,9,RandomK,43,45,10,1,"Hit","Hit(CCW,2,WEAK)",,,,,,,,0
2369,6,9,RandomK,43,53,11,1,"Hit","Hit(CCW,6,TOUCH)",,,,,,,,0
2369,6,9,RandomK,43,58,12,1,"Hit","Hit(CW,6,STRONG)",,,,,,,,0
2369,6,9,RandomK,43,62,13,1,"Hit","Hit(CW,8,TOUCH)",,,,,,,,0
2369,6,9,RandomK,43,67,14,1,"Hit","Hit(CCW,8,MIDDLE)",,,,,,,,0
2369,6,9,RandomK,43,77,15,1,"PostGuard","PostGuard(CCW,7,2)",,,,,,,,0
1083,7,15,RandomK,43,4,0,1,"Draw","Draw(CW,S2)",,,,,,,,0
1083,7,15,RandomK,43,7,1,1,"Draw","Draw(CCW,S4)",,,,,,,,0
1083,7,15,RandomK,43,10,2,1,"Draw","Draw(CW,L0)",,,,,,,,0
1083,7,15,RandomK,43,12,3,1,"Draw","Draw(CW,L1)",,,,,,,,0
1083,7,15,RandomK,43,15,4,1,"Draw","Draw(CCW,L2)",,,,,,,,0
1083,7,15,RandomK,43,17,5,1,"Draw","Draw(CCW,L3)",,,,,,,,0
1083,7,15,RandomK,43,24,6,1,"Draw","Draw(CW,L7)",,,,,,,,0
1083,7,15,RandomK,43,34,7,1,"Hit","Hit(CW,8,WEAK)",,,,,,,,0
1083,7,15,RandomK,43,43,8,1,"Hit","Hit(CCW,10,TOUCH)",,,,,,,,0
1083,7,15,RandomK,43,48,9,1,"Hit","Hit(CW,10,STRONG)",,,,,,,,0
1083,7,15,RandomK,43,58,10,1,"Hit","Hit(CW,12,STRONG)",,,,,,,,0
1083,7,15,RandomK,43,62,11,1,"Hit","Hit(CW,14,TOUCH)",,,,,,,,0
1083,7,15,RandomK,43,66,12,1,"Hit","Hit(CW,14,MIDDLE)",,,,,,,,0
1083,7,15,RandomK,43,72,13,1,"PostGuard","PostGuard(CW,1,0)",,,,,,,,0
1083,7,15,RandomK,43,80,14,1,"PostGuard","PostGuard(CW,7,1)",,,,,,,,0
1083,7,15,RandomK,43,86,15,1,"PostGuard","PostGuard(CW,9,1)",,,,,,,,0
1083,7,15,RandomK,43,88,16,1,"PostGuard","PostGuard(CW,9,2)",,,,,,,,0
1083,7,15,RandomK,43,94,17,1,"PostGuard","PostGuard(CW,11,2)",,,,,,,,0
1083,7,15,RandomK,43,95,18,1,"PostGuard","PostGuard(CCW,11,2)",,,,,,,,0
1083,7,15,RandomK,43,98,19,1,"PostGuard","PostGuard(CW,13,1)",,,,,,,,0
1083,7,15,RandomK,43,100,20,1,"PostGuard","PostGuard(CW,13,2)",,,,,,,,0
366,3,11,RandomK,43,10,0,1,"Draw","Draw(CW,L0)",,,,,,,,0
366,3,11,RandomK,43,18,1,1,"Draw","Draw(CW,L4)",,,,,,,,0
366,3,11,RandomK,43,23,2,1,"Draw","Draw(CCW,L6)",,,,,,,,0
366,3,11,RandomK,43,29,3,1,"PreGuard","PreGuard(CCW,G4)",,,,,,,,0
366,3,11,RandomK,43,31,4,1,"PreGuard","PreGuard(CCW,G5)",,,,,,,,0
366,3,11,RandomK,43,32,5,1,"Hit","Hit(CW,0,TOUCH)",,,,,,,,0
366,3,11,RandomK,43,34,6,1,"Hit","Hit(CW,0,WEAK)",,,,,,,,0
366,3,11,RandomK,43,37,7,1,"Hit","Hit(CCW,0,MIDDLE)",,,,,,,,0
366,3,11,RandomK,43,45,8,1,"Hit","Hit(CCW,2,WEAK)",,,,,,,,0
366,3,11,RandomK,43,46,9,1,"Hit","Hit(CW,2,MIDDLE)",,,,,,,,0
366,3,11,RandomK,43,59,10,1,"Hit","Hit(CCW,4,STRONG)",,,,,,,,0
366,3,11,RandomK,43,61,11,1,"Freeze","Freeze(CCW,4)",,,,,,,,0
366,3,11,RandomK,43,64,12,1,"Hit","Hit(CW,6,WEAK)",,,,,,,,0
366,3,11,RandomK,43,67,13,1,"Hit","Hit(CCW,6,MIDDLE)",,,,,,,,0
366,3,11,RandomK,43,74,14,1,"Hit","Hit(CW,8,WEAK)",,,,,,,,0
366,3,11,RandomK,43,82,15,1,"PostGuard","PostGuard(CW,1,0)",,,,,,,,0
366,3,11,RandomK,43,85,16,1,"PostGuard","PostGuard(CCW,1,1)",,,,,,,,0
366,3,11,RandomK,43,96,17,1,"PostGuard","PostGuard(CW,5,1)",,,,,,,,0
366,3,11,RandomK,43,101,18,1,"PostGuard","PostGuard(CCW,7,0)",,,,,,,,0
366,3,11,RandomK,43,102,19,1,"PostGuard","PostGuard(CW,7,1)",,,,,,,,0
366,3,11,RandomK,43,106,20,1,"PostGuard","PostGuard(CW,9,0)",,,,,,,,0
366,3,11,RandomK,43,107,21,1,"PostGuard","PostGuard(CCW,9,0)",,,,,,,,0
366,3,11,RandomK,43,110,22,1,"PostGuard","PostGuard(CW,9,2)",,,,,,,,0
366,3,11,RandomK,43,115,23,1,"PostGuard","PostGuard(CCW,11,1)",,,,,,,,0
6354,2,15,RandomK,43,4,0,1,"Draw","Draw(CW,S2)",,,,,,,,0
6354,2,15,RandomK,43,13,1,1,"Draw","Draw(CCW,L1)",,,,,,,,0
6354,2,15,RandomK,43,14,2,1,"Draw","Draw(CW,L2)",,,,,,,,0
6354,2,15,RandomK,43,25,3,1,"Draw","Draw(CCW,L7)",,,,,,,,0
6354,2,15,RandomK,43,29,4,1,"PreGuard","PreGuard(CCW,G4)",,,,,,,,0
6354,2,15,RandomK,43,32,5,1,"Hit","Hit(CW,0,TOUCH)",,,,,,,,0
6354,2,15,RandomK,43,39,6,1,"Hit","Hit(CCW,0,STRONG)",,,,,,,,0
6354,2,15,RandomK,43,43,7,1,"Hit","Hit(CCW,2,TOUCH)",,,,,,,,0
6354,2,15,RandomK,43,45,8,1,"Hit","Hit(CCW,2,WEAK)",,,,,,,,0
6354,2,15,RandomK,43,54,9,1,"Hit","Hit(CW,4,WEAK)",,,,,,,,0
6354,2,15,RandomK,43,55,10,1,"Hit","Hit(CCW,4,WEAK)",,,,,,,,0
6354,2,15,RandomK,43,68,11,1,"Hit","Hit(CW,6,STRONG)",,,,,,,,0
6354,2,15,RandomK,43,69,12,1,"Hit","Hit(CCW,6,STRONG)",,,,,,,,0
6354,2,15,RandomK,43,72,13,1,"Hit","Hit(CW,8,TOUCH)",,,,,,,,0
6354,2,15,RandomK,43,78,14,1,"Hit","Hit(CW,8,STRONG)",,,,,,,,0
6354,2,15,RandomK,43,88,15,1,"Hit","Hit(CW,10,STRONG)",,,,,,,,0
6354,2,15,RandomK,43,89,16,1,"Hit","Hit(CCW,10,STRONG)",,,,,,,,0
6354,2,15,RandomK,43,95,17,1,"Hit","Hit(CCW,12,WEAK)",,,,,,,,0
6354,2,15,RandomK,43,97,18,1,"Hit","Hit(CCW,12,MIDDLE)",,,,,,,,0
6354,2,15,RandomK,43,105,19,1,"PostGuard","PostGuard(CCW,1,1)",,,,,,,,0
6354,2,15,RandomK,43,119,20,1,"PostGuard","PostGuard(CCW,5,2)",,,,,,,,0
6354,2,15,RandomK,43,123,21,1,"PostGuard","PostGuard(CCW,7,1)",,,,,,,,0
6354,2,15,RandomK,43,129,22,1,"PostGuard","PostGuard(CCW,9,1)",,,,,,,,0
6354,2,15,RandomK,43,130,23,1,"PostGuard","PostGuard(CW,9,2)",,,,,,,,0
6354,2,15,RandomK,43,138,24,1,"PostGuard","PostGuard(CW,13,0)",,,,,,,,0
6354,2,15,RandomK,43,141,25,1,"PostGuard","PostGuard(CCW,13,1)",,,,,,,,0
6354,2,15,RandomK,43,143,26,1,"PostGuard","PostGuard(CCW,13,2)",,,,,,,,0
6354,2,15,RandomK,43,146,27,1,"PostGuard","PostGuard(CW,15,1)",,,,,,,,0
6354,2,15,RandomK,43,148,28,1,"PostGuard","PostGuard(CW,15,2)",,,,,,,,0
6354,2,15,RandomK,43,149,29,1,"PostGuard","PostGuard(CCW,15,2)",,,,,,,,0
6354,2,15,RandomK,43,150,30,1,"Pass","Pass",,,,,,,,0
9260,7,2,RandomK,43,10,0,1,"Draw","Draw(CW,L0)",,,,,,,,0
9260,7,2,RandomK,43,16,1,1,"Draw","Draw(CW,L3)",,,,,,,,0
9260,7,2,RandomK,43,18,2,1,"Draw","Draw(CW,L4)",,,,,,,,0
9260,7,2,RandomK,43,21,3,1,"Draw","Draw(CCW,L5)",,,,,,,,0
9260,7,2,RandomK,43,25,4,1,"Draw","Draw(CCW,L7)",,,,,,,,0
9260,7,2,RandomK,43,31,5,1,"PreGuard","PreGuard(CCW,G5)",,,,,,,,0
9260,7,2,RandomK,43,36,6,1,"Hit","Hit(CW,1,MIDDLE)",,,,,,,,0
9260,7,2,RandomK,43,38,7,1,"Hit","Hit(CW,1,STRONG)",,,,,,,,0
9260,7,2,RandomK,43,40,8,1,"Freeze","Freeze(CW,1)",,,,,,,,0
9260,7,2,RandomK,43,41,9,1,"Freeze","Freeze(CCW,1)",,,,,,,,0
6267,4,12,RandomK,43,2,0,1,"Draw","Draw(CW,S0)",,,,,,,,0
6267,4,12,RandomK,43,3,1,1,"Draw","Draw(CCW,S0)",,,,,,,,0
6267,4,12,RandomK,43,7,2,1,"Draw","Draw(CCW,S4)",,,,,,,,0
6267,4,12,RandomK,43,9,3,1,"Draw","Draw(CCW,S6)",,,,,,,,0
6267,4,12,RandomK,43,15,4,1,"Draw","Draw(CCW,L2)",,,,,,,,0
6267,4,12,RandomK,43,20,5,1,"Draw","Draw(CW,L5)",,,,,,,,0
6267,4,12,RandomK,43,29,6,1,"PreGuard","PreGuard(CCW,G4)",,,,,,,,0
6267,4,12,RandomK,43,34,7,1,"Hit","Hit(CW,11,WEAK)",,,,,,,,0
6267,4,12,RandomK,43,35,8,1,"Hit","Hit(CCW,11,WEAK)",,,,,,,,0
6267,4,12,RandomK,43,46,9,1,"PostGuard","PostGuard(CW,6,2)",,,,,,,,0
6267,4,12,RandomK,43,52,10,1,"PostGuard","PostGuard(CW,10,2)",,,,,,,,0
1158,6,8,RandomK,43,6,0,1,"Draw","Draw(CW,S4)",,,,,,,,0
1158,6,8,RandomK,43,10,1,1,"Draw","Draw(CW,L0)",,,,,,,,0
1158,6,8,RandomK,43,19,2,1,"Draw","Draw(CCW,L4)",,,,,,,,0
1158,6,8,RandomK,43,22,3,1,"Draw","Draw(CW,L6)",,,,,,,,0
1158,6,8,RandomK,43,23,4,1,"Draw","Draw(CCW,L6)",,,,,,,,0
1158,6,8,RandomK,43,29,5,1,"PreGuard","PreGuard(CCW,G4)",,,,,,,,0
1158,6,8,RandomK,43,30,6,1,"PreGuard","PreGuard(CW,G5)",,,,,,,,0
1158,6,8,RandomK,43,36,7,1,"Hit","Hit(CW,1,MIDDLE)",,,,,,,,0
1158,6,8,RandomK,43,42,8,1,"Hit","Hit(CW,7,TOUCH)",,,,,,,,0
1158,6,8,RandomK,43,50,9,1,"Freeze","Freeze(CW,7)",,,,,,,,0
1158,6,8,RandomK,43,52,10,1,"PostGuard","PostGuard(CW,4,0)",,,,,,,,0
1158,6,8,RandomK,43,56,11,1,"PostGuard","PostGuard(CW,4,2)",,,,,,,,0
1158,6,8,RandomK,43,59,12,1,"PostGuard","PostGuard(CCW,6,0)",,,,,,,,0
6520,1,5,RandomK,43,4,0,1,"Draw","Draw(CW,S2)",,,,,,,,0
6520,1,5,RandomK,43,5,1,1,"Draw","Draw(CCW,S2)",,,,,,,,0
6520,1,5,RandomK,43,11,2,1,"Draw","Draw(CCW,L0)",,,,,,,,0
6520,1,5,RandomK,43,13,3,1,"Draw","Draw(CCW,L1)",,,,,,,,0
6520,1,5,RandomK,43,23,4,1,"Draw","Draw(CCW,L6)",,,,,,,,0
6520,1,5,RandomK,43,26,5,1,"PreGuard","PreGuard(CW,G3)",,,,,,,,0
6520,1,5,RandomK,43,28,6,1,"PreGuard","PreGuard(CW,G4)",,,,,,,,0
6520,1,5,RandomK,43,31,7,1,"PreGuard","PreGuard(CCW,G5)",,,,,,,,0
6520,1,5,RandomK,43,41,8,1,"Freeze","Freeze(CCW,0)",,,,,,,,0
6520,1,5,RandomK,43,48,9,1,"Hit","Hit(CW,2,STRONG)",,,,,,,,0
6520,1,5,RandomK,43,56,10,1,"Hit","Hit(CW,4,MIDDLE)",,,,,,,,0
6520,1,5,RandomK,43,58,11,1,"Hit","Hit(CW,4,STRONG)",,,,,,,,0
6520,1,5,RandomK,43,60,12,1,"Freeze","Freeze(CW,4)",,,,,,,,0
6520,1,5,RandomK,43,63,13,1,"PostGuard","PostGuard(CCW,1,0)",,,,,,,,0
6520,1,5,RandomK,43,74,14,1,"Pass","Pass",,,,,,,,0
2099,0,14,RandomK,43,1,0,1,"Draw","Draw(CCW,TEE)",,,,,,,,0
2099,0,14,RandomK,43,2,1,1,"Draw","Draw(CW,S0)",,,,,,,,0
2099,0,14,RandomK,43,6,2,1,"Draw","Draw(CW,S4)",,,,,,,,0
2099,0,14,RandomK,43,9,3,1,"Draw","Draw(CCW,S6)",,,,,,,,0
2099,0,14,RandomK,43,10,4,1,"Draw","Draw(CW,L0)",,,,,,,,0
2099,0,14,RandomK,43,15,5,1,"Draw","Draw(CCW,L2)",,,,,,,,0
2099,0,14,RandomK,43,34,6,1,"Hit","Hit(CW,7,WEAK)",,,,,,,,0
2099,0,14,RandomK,43,41,7,1,"Freeze","Freeze(CCW,7)",,,,,,,,0
2099,0,14,RandomK,43,49,8,1,"Hit","Hit(CCW,9,STRONG)",,,,,,,,0
2099,0,14,RandomK,43,56,9,1,"Hit","Hit(CW,11,MIDDLE)",,,,,,,,0
2099,0,14,RandomK,43,57,10,1,"Hit","Hit(CCW,11,MIDDLE)",,,,,,,,0
2099,0,14,RandomK,43,67,11,1,"Hit","Hit(CCW,13,MIDDLE)",,,,,,,,0
2099,0,14,RandomK,43,70,12,1,"Freeze","Freeze(CW,13)",,,,,,,,0
2099,0,14,RandomK,43,73,13,1,"PostGuard","PostGuard(CCW,8,0)",,,,,,,,0
2099,0,14,RandomK,43,75,14,1,"PostGuard","PostGuard(CCW,8,1)",,,,,,,,0
2099,0,14,RandomK,43,76,15,1,"PostGuard","PostGuard(CW,8,2)",,,,,,,,0
2099,0,14,RandomK,43,77,16,1,"PostGuard","PostGuard(CCW,8,2)",,,,,,,,0
2099,0,14,RandomK,43,83,17,1,"PostGuard","PostGuard(CCW,10,2)",,,,,,,,0
2099,0,14,RandomK,43,90,18,1,"Pass","Pass",,,,,,,,0
4892,6,10,RandomK,43,0,0,1,"Draw","Draw(CW,TEE)",,,,,,,,0
4892,6,10,RandomK,43,12,1,1,"Draw","Draw(CW,L1)",,,,,,,,0
4892,6,10,RandomK,43,13,2,1,"Draw","Draw(CCW,L1)",,,,,,,,0
4892,6,10,RandomK,43,15,3,1,"Draw","Draw(CCW,L2)",,,,,,,,0
4892,6,10,RandomK,43,21,4,1,"Draw","Draw(CCW,L5)",,,,,,,,0
4892,6,10,RandomK,43,41,5,1,"Freeze","Freeze(CCW,1)",,,,,,,,0
4892,6,10,RandomK,43,45,6,1,"Hit","Hit(CCW,3,WEAK)",,,,,,,,0
4892,6,10,RandomK,43,60,7,1,"Freeze","Freeze(CW,5)",,,,,,,,0
4892,6,10,RandomK,43,64,8,1,"Hit","Hit(CW,7,WEAK)",,,,,,,,0
4892,6,10,RandomK,43,70,9,1,"Freeze","Freeze(CW,7)",,,,,,,,0
4892,6,10,RandomK,43,71,10,1,"Freeze","Freeze(CCW,7)",,,,,,,,0
4892,6,10,RandomK,43,72,11,1,"Hit","Hit(CW,9,TOUCH)",,,,,,,,0
4892,6,10,RandomK,43,73,12,1,"Hit","Hit(CCW,9,TOUCH)",,,,,,,,0
4892,6,10,RandomK,43,74,13,1,"Hit","Hit(CW,9,WEAK)",,,,,,,,0
4892,6,10,RandomK,43,75,14,1,"Hit","Hit(CCW,9,WEAK)",,,,,,,,0
4892,6,10,RandomK,43,76,15,1,"Hit","Hit(CW,9,MIDDLE)",,,,,,,,0
4892,6,10,RandomK,43,77,16,1,"Hit","Hit(CCW,9,MIDDLE)",,,,,,,,0
4892,6,10,RandomK,43,80,17,1,"Freeze","Freeze(CW,9)",,,,,,,,0
4892,6,10,RandomK,43,83,18,1,"PostGuard","PostGuard(CCW,0,0)",,,,,,,,0
4892,6,10,RandomK,43,86,19,1,"PostGuard","PostGuard(CW,0,2)",,,,,,,,0
4892,6,10,RandomK,43,89,20,1,"PostGuard","PostGuard(CCW,6,0)",,,,,,,,0
7859,3,14,RandomK,43,0,0,1,"Draw","Draw(CW,TEE)",,,,,,,,0
7859,3,14,RandomK,43,4,1,1,"Draw","Draw(CW,S2)",,,,,,,,0
7859,3,14,RandomK,43,12,2,1,"Draw","Draw(CW,L1)",,,,,,,,0
7859,3,14,RandomK,43,15,3,1,"Draw","Draw(CCW,L2)",,,,,,,,0
7859,3,14,RandomK,43,17,4,1,"Draw","Draw(CCW,L3)",,,,,,,,0
7859,3,14,RandomK,43,19,5,1,"Draw","Draw(CCW,L4)",,,,,,,,0
7859,3,14,RandomK,43,22,6,1,"Draw","Draw(CW,L6)",,,,,,,,0
7859,3,14,RandomK,43,25,7,1,"Draw","Draw(CCW,L7)",,,,,,,,0
7859,3,14,RandomK,43,31,8,1,"PreGuard","PreGuard(CCW,G5)",,,,,,,,0
7859,3,14,RandomK,43,53,9,1,"Hit","Hit(CCW,7,TOUCH)",,,,,,,,0
7859,3,14,RandomK,43,65,10,1,"Hit","Hit(CCW,9,WEAK)",,,,,,,,0
7859,3,14,RandomK,43,67,11,1,"Hit","Hit(CCW,9,MIDDLE)",,,,,,,,0
7859,3,14,RandomK,43,68,12,1,"Hit","Hit(CW,9,STRONG)",,,,,,,,0
7859,3,14,RandomK,43,71,13,1,"Freeze","Freeze(CCW,9)",,,,,,,,0
7859,3,14,RandomK,43,77,14,1,"Hit","Hit(CCW,11,MIDDLE)",,,,,,,,0
7859,3,14,RandomK,43,84,15,1,"Hit","Hit(CW,13,WEAK)",,,,,,,,0
7859,3,14,RandomK,43,88,16,1,"Hit","Hit(CW,13,STRONG)",,,,,,,,0
7859,3,14,RandomK,43,89,17,1,"Hit","Hit(CCW,13,STRONG)",,,,,,,,0
7859,3,14,RandomK,43,107,18,1,"PostGuard","PostGuard(CCW,6,1)",,,,,,,,0
7859,3,14,RandomK,43,113,19,1,"PostGuard","PostGuard(CCW,8,1)",,,,,,,,0
7859,3,14,RandomK,43,114,20,1,"PostGuard","PostGuard(CW,8,2)",,,,,,,,0
7859,3,14,RandomK,43,118,21,1,"PostGuard","PostGuard(CW,10,1)",,,,,,,,0
7859,3,14,RandomK,43,119,22,1,"PostGuard","PostGuard(CCW,10,1)",,,,,,,,0
7859,3,14,RandomK,43,122,23,1,"PostGuard","PostGuard(CW,12,0)",,,,,,,,0
7859,3,14,RandomK,43,125,24,1,"PostGuard","PostGuard(CCW,12,1)",,,,,,,,0
7859,3,14,RandomK,43,127,25,1,"PostGuard","PostGuard(CCW,12,2)",,,,,,,,0
2084,7,10,RandomK,43,2,0,1,"Draw","Draw(CW,S0)",,,,,,,,0
2084,7,10,RandomK,43,7,1,1,"Draw","Draw(CCW,S4)",,,,,,,,0
2084,7,10,RandomK,43,8,2,1,"Draw","Draw(CW,S6)",,,,,,,,0
2084,7,10,RandomK,43,10,3,1,"Draw","Draw(CW,L0)",,,,,,,,0
2084,7,10,RandomK,43,13,4,1,"Draw","Draw(CCW,L1)",,,,,,,,0
2084,7,10,RandomK,43,21,5,1,"Draw","Draw(CCW,L5)",,,,,,,,0
2084,7,10,RandomK,43,27,6,1,"PreGuard","PreGuard(CCW,G3)",,,,,,,,0
2084,7,10,RandomK,43,30,7,1,"PreGuard","PreGuard(CW,G5)",,,,,,,,0
2084,7,10,RandomK,43,35,8,1,"Hit","Hit(CCW,1,WEAK)",,,,,,,,0
2084,7,10,RandomK,43,59,9,1,"Hit","Hit(CCW,5,STRONG)",,,,,,,,0
2084,7,10,RandomK,43,63,10,1,"Hit","Hit(CCW,7,TOUCH)",,,,,,,,0
2084,7,10,RandomK,43,67,11,1,"Hit","Hit(CCW,7,MIDDLE)",,,,,,,,0
2084,7,10,RandomK,43,74,12,1,"Hit","Hit(CW,9,WEAK)",,,,,,,,0
2084,7,10,RandomK,43,75,13,1,"Hit","Hit(CCW,9,WEAK)",,,,,,,,0
2084,7,10,RandomK,43,86,14,1,"PostGuard","PostGuard(CW,0,2)",,,,,,,,0
2084,7,10,RandomK,43,90,15,1,"PostGuard","PostGuard(CW,2,1)",,,,,,,,0
2084,7,10,RandomK,43,96,16,1,"PostGuard","PostGuard(CW,4,1)",,,,,,,,0
2084,7,10,RandomK,43,99,17,1,"PostGuard","PostGuard(CCW,4,2)",,,,,,,,0
2084,7,10,RandomK,43,102,18,1,"PostGuard","PostGuard(CW,6,1)",,,,,,,,0
2084,7,10,RandomK,43,105,19,1,"PostGuard","PostGuard(CCW,6,2)",,,,,,,,0
2084,7,10,RandomK,43,107,20,1,"PostGuard","PostGuard(CCW,8,0)",,,,,,,,0
2084,7,10,RandomK,43,109,21,1,"PostGuard","PostGuard(CCW,8,1)",,,,,,,,0
2084,7,10,RandomK,43,112,22,1,"Pass","Pass",,,,,,,,0
5335,1,14,RandomK,43,13,0,1,"Draw","Draw(CCW,L1)",,,,,,,,0
5335,1,14,RandomK,43,15,1,1,"Draw","Draw(CCW,L2)",,,,,,,,0
5335,1,14,RandomK,43,26,2,1,"PreGuard","PreGuard(CW,G3)",,,,,,,,0
5335,1,14,RandomK,43,28,3,1,"PreGuard","PreGuard(CW,G4)",,,,,,,,0
5335,1,14,RandomK,43,33,4,1,"Hit","Hit(CCW,1,TOUCH)",,,,,,,,0
5335,1,14,RandomK,43,41,5,1,"Freeze","Freeze(CCW,1)",,,,,,,,0
5335,1,14,RandomK,43,45,6,1,"Hit","Hit(CCW,3,WEAK)",,,,,,,,0
5335,1,14,RandomK,43,52,7,1,"Hit","Hit(CW,5,TOUCH)",,,,,,,,0
5335,1,14,RandomK,43,55,8,1,"Hit","Hit(CCW,5,WEAK)",,,,,,,,0
5335,1,14,RandomK,43,61,9,1,"Freeze","Freeze(CCW,5)",,,,,,,,0
5335,1,14,RandomK,43,64,10,1,"Hit","Hit(CW,7,WEAK)",,,,,,,,0
5335,1,14,RandomK,43,67,11,1,"Hit","Hit(CCW,7,MIDDLE)",,,,,,,,0
5335,1,14,RandomK,43,71,12,1,"Freeze","Freeze(CCW,7)",,,,,,,,0
5335,1,14,RandomK,43,74,13,1,"Hit","Hit(CW,9,WEAK)",,,,,,,,0
5335,1,14,RandomK,43,78,14,1,"Hit","Hit(CW,9,STRONG)",,,,,,,,0
5335,1,14,RandomK,43,81,15,1,"Freeze","Freeze(CCW,9)",,,,,,,,0
5335,1,14,RandomK,43,82,16,1,"Hit","Hit(CW,11,TOUCH)",,,,,,,,0
5335,1,14,RandomK,43,83,17,1,"Hit","Hit(CCW,11,TOUCH)",,,,,,,,0
5335,1,14,RandomK,43,85,18,1,"Hit","Hit(CCW,11,WEAK)",,,,,,,,0
5335,1,14,RandomK,43,86,19,1,"Hit","Hit(CW,11,MIDDLE)",,,,,,,,0
5335,1,14,RandomK,43,91,20,1,"Freeze","Freeze(CCW,11)",,,,,,,,0
5335,1,14,RandomK,43,104,21,1,"PostGuard","PostGuard(CW,0,1)",,,,,,,,0
5335,1,14,RandomK,43,106,22,1,"PostGuard","PostGuard(CW,0,2)",,,,,,,,0
5335,1,14,RandomK,43,111,23,1,"PostGuard","PostGuard(CCW,2,1)",,,,,,,,0
5335,1,14,RandomK,43,112,24,1,"PostGuard","PostGuard(CW,2,2)",,,,,,,,0
5335,1,14,RandomK,43,117,25,1,"PostGuard","PostGuard(CCW,4,1)",,,,,,,,0
5335,1,14,RandomK,43,120,26,1,"PostGuard","PostGuard(CW,6,0)",,,,,,,,0
5335,1,14,RandomK,43,127,27,1,"PostGuard","PostGuard(CCW,8,0)",,,,,,,,0
5335,1,14,RandomK,43,132,28,1,"PostGuard","PostGuard(CW,10,0)",,,,,,,,0
5272,2,4,RandomK,43,3,0,1,"Draw","Draw(CCW,S0)",,,,,,,,0
5272,2,4,RandomK,43,7,1,1,"Draw","Draw(CCW,S4)",,,,,,,,0
5272,2,4,RandomK,43,13,2,1,"Draw","Draw(CCW,L1)",,,,,,,,0
5272,2,4,RandomK,43,22,3,1,"Draw","Draw(CW,L6)",,,,,,,,0
5272,2,4,RandomK,43,28,4,1,"PreGuard","PreGuard(CW,G4)",,,,,,,,0
5272,2,4,RandomK,43,31,5,1,"PreGuard","PreGuard(CCW,G5)",,,,,,,,0
5272,2,4,RandomK,43,32,6,1,"Hit","Hit(CW,1,TOUCH)",,,,,,,,0
5272,2,4,RandomK,43,36,7,1,"Hit","Hit(CW,1,MIDDLE)",,,,,,,,0
5272,2,4,RandomK,43,40,8,1,"Freeze","Freeze(CW,1)",,,,,,,,0
5272,2,4,RandomK,43,50,9,1,"Freeze","Freeze(CW,3)",,,,,,,,0
5272,2,4,RandomK,43,51,10,1,"Freeze","Freeze(CCW,3)",,,,,,,,0
5472,3,13,RandomK,43,4,0,1,"Draw","Draw(CW,S2)",,,,,,,,0
5472,3,13,RandomK,43,12,1,1,"Draw","Draw(CW,L1)",,,,,,,,0
5472,3,13,RandomK,43,13,2,1,"Draw","Draw(CCW,L1)",,,,,,,,0
5472,3,13,RandomK,43,18,3,1,"Draw","Draw(CW,L4)",,,,,,,,0
5472,3,13,RandomK,43,21,4,1,"Draw","Draw(CCW,L5)",,,,,,,,0
5472,3,13,RandomK,43,24,5,1,"Draw","Draw(CW,L7)",,,,,,,,0
5472,3,13,RandomK,43,25,6,1,"Draw","Draw(CCW,L7)",,,,,,,,0
5472,3,13,RandomK,43,28,7,1,"PreGuard","PreGuard(CW,G4)",,,,,,,,0
5472,3,13,RandomK,43,32,8,1,"Hit","Hit(CW,4,TOUCH)",,,,,,,,0
5472,3,13,RandomK,43,34,9,1,"Hit","Hit(CW,4,WEAK)",,,,,,,,0
5472,3,13,RandomK,43,38,10,1,"Hit","Hit(CW,4,STRONG)",,,,,,,,0
5472,3,13,RandomK,43,41,11,1,"Freeze","Freeze(CCW,4)",,,,,,,,0
5472,3,13,RandomK,43,50,12,1,"Freeze","Freeze(CW,10)",,,,,,,,0
5472,3,13,RandomK,43,63,13,1,"PostGuard","PostGuard(CCW,11,0)",,,,,,,,0
4526,5,9,RandomK,43,3,0,1,"Draw","Draw(CCW,S0)",,,,,,,,0
4526,5,9,RandomK,43,8,1,1,"Draw","Draw(CW,S6)",,,,,,,,0
4526,5,9,RandomK,43,11,2,1,"Draw","Draw(CCW,L0)",,,,,,,,0
4526,5,9,RandomK,43,18,3,1,"Draw","Draw(CW,L4)",,,,,,,,0
4526,5,9,RandomK,43,25,4,1,"Draw","Draw(CCW,L7)",,,,,,,,0
4526,5,9,RandomK,43,31,5,1,"PreGuard","PreGuard(CCW,G5)",,,,,,,,0
4526,5,9,RandomK,43,36,6,1,"Hit","Hit(CW,4,MIDDLE)",,,,,,,,0
4526,5,9,RandomK,43,40,7,1,"Freeze","Freeze(CW,4)",,,,,,,,0
4526,5,9,RandomK,43,44,8,1,"Hit","Hit(CW,6,WEAK)",,,,,,,,0
4526,5,9,RandomK,43,45,9,1,"Hit","Hit(CCW,6,WEAK)",,,,,,,,0
4526,5,9,RandomK,43,50,10,1,"Freeze","Freeze(CW,6)",,,,,,,,0
4526,5,9,RandomK,43,58,11,1,"PostGuard","PostGuard(CW,9,0)",,,,,,,,0
4526,5,9,RandomK,43,60,12,1,"PostGuard","PostGuard(CW,9,1)",,,,,,,,0
6392,2,5,RandomK,43,2,0,1,"Draw","Draw(CW,S0)",,,,,,,,0
6392,2,5,RandomK,43,5,1,1,"Draw","Draw(CCW,S2)",,,,,,,,0
6392,2,5,RandomK,43,8,2,1,"Draw","Draw(CW,S6)",,,,,,,,0
6392,2,5,RandomK,43,9,3,1,"Draw","Draw(CCW,S6)",,,,,,,,0
6392,2,5,RandomK,43,10,4,1,"Draw","Draw(CW,L0)",,,,,,,,0
6392,2,5,RandomK,43,22,5,1,"Draw","Draw(CW,L6)",,,,,,,,0
6392,2,5,RandomK,43,24,6,1,"Draw","Draw(CW,L7)",,,,,,,,0
6392,2,5,RandomK,43,29,7,1,"PreGuard","PreGuard(CCW,G4)",,,,,,,,0
6392,2,5,RandomK,43,31,8,1,"PreGuard","PreGuard(CCW,G5)",,,,,,,,0
6392,2,5,RandomK,43,33,9,1,"Hit","Hit(CCW,0,TOUCH)",,,,,,,,0
6392,2,5,RandomK,43,40,10,1,"Freeze","Freeze(CW,0)",,,,,,,,0
6392,2,5,RandomK,43,53,11,1,"Hit","Hit(CCW,4,TOUCH)",,,,,,,,0
6392,2,5,RandomK,43,58,12,1,"Hit","Hit(CW,4,STRONG)",,,,,,,,0
6392,2,5,RandomK,43,63,13,1,"PostGuard","PostGuard(CCW,1,0)",,,,,,,,0
6392,2,5,RandomK,43,71,14,1,"PostGuard","PostGuard(CCW,3,1)",,,,,,,,0
1255,4,13,RandomK,43,2,0,1,"Draw","Draw(CW,S0)",,,,,,,,0
1255,4,13,RandomK,43,5,1,1,"Draw","Draw(CCW,S2)",,,,,,,,0
1255,4,13,RandomK,43,7,2,1,"Draw","Draw(CCW,S4)",,,,,,,,0
1255,4,13,RandomK,43,11,3,1,"Draw","Draw(CCW,L0)",,,,,,,,0
1255,4,13,RandomK,43,13,4,1,"Draw","Draw(CCW,L1)",,,,,,,,0
1255,4,13,RandomK,43,25,5,1,"Draw","Draw(CCW,L7)",,,,,,,,0
1255,4,13,RandomK,43,34,6,1,"Hit","Hit(CW,4,WEAK)",,,,,,,,0
1255,4,13,RandomK,43,41,7,1,"Freeze","Freeze(CCW,4)",,,,,,,,0
1255,4,13,RandomK,43,43,8,1,"Hit","Hit(CCW,6,TOUCH)",,,,,,,,0
1255,4,13,RandomK,43,46,9,1,"Hit","Hit(CW,6,MIDDLE)",,,,,,,,0
1255,4,13,RandomK,43,62,10,1,"Hit","Hit(CW,12,TOUCH)",,,,,,,,0
1255,4,13,RandomK,43,66,11,1,"Hit","Hit(CW,12,MIDDLE)",,,,,,,,0
1255,4,13,RandomK,43,69,12,1,"Hit","Hit(CCW,12,STRONG)",,,,,,,,0
1255,4,13,RandomK,43,71,13,1,"Freeze","Freeze(CCW,12)",,,,,,,,0
1255,4,13,RandomK,43,76,14,1,"PostGuard","PostGuard(CW,7,2)",,,,,,,,0
1255,4,13,RandomK,43,77,15,1,"PostGuard","PostGuard(CCW,7,2)",,,,,,,,0
1255,4,13,RandomK,43,85,16,1,"PostGuard","PostGuard(CCW,11,0)",,,,,,,,0
1255,4,13,RandomK,43,87,17,1,"PostGuard","PostGuard(CCW,11,1)",,,,,,,,0
1255,4,13,RandomK,43,88,18,1,"PostGuard","PostGuard(CW,11,2)",,,,,,,,0
5259,3,8,RandomK,43,0,0,1,"Draw","Draw(CW,TEE)",,,,,,,,0
5259,3,8,RandomK,43,1,1,1,"Draw","Draw(CCW,TEE)",,,,,,,,0
5259,3,8,RandomK,43,3,2,1,"Draw","Draw(CCW,S0)",,,,,,,,0
5259,3,8,RandomK,43,13,3,1,"Draw","Draw(CCW,L1)",,,,,,,,0
5259,3,8,RandomK,43,29,4,1,"PreGuard","PreGuard(CCW,G4)",,,,,,,,0
5259,3,8,RandomK,43,31,5,1,"PreGuard","PreGuard(CCW,G5)",,,,,,,,0
5259,3,8,RandomK,43,35,6,1,"Hit","Hit(CCW,1,WEAK)",,,,,,,,0
5259,3,8,RandomK,43,40,7,1,"Freeze","Freeze(CW,1)",,,,,,,,0
5259,3,8,RandomK,43,44,8,1,"Hit","Hit(CW,3,WEAK)",,,,,,,,0
5259,3,8,RandomK,43,46,9,1,"Hit","Hit(CW,3,MIDDLE)",,,,,,,,0
5259,3,8,RandomK,43,49,10,1,"Hit","Hit(CCW,3,STRONG)",,,,,,,,0
5259,3,8,RandomK,43,65,11,1,"Hit","Hit(CCW,7,WEAK)",,,,,,,,0
5259,3,8,RandomK,43,66,12,1,"Hit","Hit(CW,7,MIDDLE)",,,,,,,,0
5259,3,8,RandomK,43,67,13,1,"Hit","Hit(CCW,7,MIDDLE)",,,,,,,,0
5259,3,8,RandomK,43,71,14,1,"Freeze","Freeze(CCW,7)",,,,,,,,0
5259,3,8,RandomK,43,77,15,1,"PostGuard","PostGuard(CCW,0,2)",,,,,,,,0
5259,3,8,RandomK,43,84,16,1,"PostGuard","PostGuard(CW,4,0)",,,,,,,,0
5259,3,8,RandomK,43,91,17,1,"PostGuard","PostGuard(CCW,6,0)",,,,,,,,0
5259,3,8,RandomK,43,94,18,1,"PostGuard","PostGuard(CW,6,2)",,,,,,,,0
5259,3,8,RandomK,43,95,19,1,"PostGuard","PostGuard(CCW,6,2)",,,,,,,,0
7905,3,15,RandomK,43,5,0,1,"Draw","Draw(CCW,S2)",,,,,,,,0
7905,3,15,RandomK,43,7,1,1,"Draw","Draw(CCW,S4)",,,,,,,,0
7905,3,15,RandomK,43,12,2,1,"Draw","Draw(CW,L1)",,,,,,,,0
7905,3,15,RandomK,43,19,3,1,"Draw","Draw(CCW,L4)",,,,,,,,0
7905,3,15,RandomK,43,22,4,1,"Draw","Draw(CW,L6)",,,,,,,,0
7905,3,15,RandomK,43,25,5,1,"Draw","Draw(CCW,L7)",,,,,,,,0
7905,3,15,RandomK,43,28,6,1,"PreGuard","PreGuard(CW,G4)",,,,,,,,0
7905,3,15,RandomK,43,32,7,1,"Hit","Hit(CW,2,TOUCH)",,,,,,,,0
7905,3,15,RandomK,43,38,8,1,"Hit","Hit(CW,2,STRONG)",,,,,,,,0
7905,3,15,RandomK,43,40,9,1,"Freeze","Freeze(CW,2)",,,,,,,,0
7905,3,15,RandomK,43,41,10,1,"Freeze","Freeze(CCW,2)",,,,,,,,0
7905,3,15,RandomK,43,43,11,1,"Hit","Hit(CCW,8,TOUCH)",,,,,,,,0
7905,3,15,RandomK,43,46,12,1,"Hit","Hit(CW,8,MIDDLE)",,,,,,,,0
7905,3,15,RandomK,43,51,13,1,"Freeze","Freeze(CCW,8)",,,,,,,,0
7905,3,15,RandomK,43,64,14,1,"Hit","Hit(CW,12,WEAK)",,,,,,,,0
7905,3,15,RandomK,43,69,15,1,"Hit","Hit(CCW,12,STRONG)",,,,,,,,0
7905,3,15,RandomK,43,72,16,1,"PostGuard","PostGuard(CW,7,0)",,,,,,,,0
7905,3,15,RandomK,43,74,17,1,"PostGuard","PostGuard(CW,7,1)",,,,,,,,0
7905,3,15,RandomK,43,76,18,1,"PostGuard","PostGuard(CW,7,2)",,,,,,,,0
7905,3,15,RandomK,43,88,19,1,"PostGuard","PostGuard(CW,11,2)",,,,,,,,0
7905,3,15,RandomK,43,98,20,1,"PostGuard","PostGuard(CW,15,1)",,,,,,,,0
4159,5,11,RandomK,43,0,0,1,"Draw","Draw(CW,TEE)",,,,,,,,0
4159,5,11,RandomK,43,3,1,1,"Draw","Draw(CCW,S0)",,,,,,,,0
4159,5,11,RandomK,43,9,2,1,"Draw","Draw(CCW,S6)",,,,,,,,0
4159,5,11,RandomK,43,17,3,1,"Draw","Draw(CCW,L3)",,,,,,,,0
4159,5,11,RandomK,43,20,4,1,"Draw","Draw(CW,L5)",,,,,,,,0
4159,5,11,RandomK,43,21,5,1,"Draw","Draw(CCW,L5)",,,,,,,,0
4159,5,11,RandomK,43,24,6,1,"Draw","Draw(CW,L7)",,,,,,,,0
4159,5,11,RandomK,43,26,7,1,"PreGuard","PreGuard(CW,G3)",,,,,,,,0
4159,5,11,RandomK,43,27,8,1,"PreGuard","PreGuard(CCW,G3)",,,,,,,,0
4159,5,11,RandomK,43,33,9,1,"Hit","Hit(CCW,4,TOUCH)",,,,,,,,0
4159,5,11,RandomK,43,35,10,1,"Hit","Hit(CCW,4,WEAK)",,,,,,,,0
4159,5,11,RandomK,43,44,11,1,"Hit","Hit(CW,6,WEAK)",,,,,,,,0
4159,5,11,RandomK,43,49,12,1,"Hit","Hit(CCW,6,STRONG)",,,,,,,,0
4159,5,11,RandomK,43,50,13,1,"Freeze","Freeze(CW,6)",,,,,,,,0
4159,5,11,RandomK,43,51,14,1,"Freeze","Freeze(CCW,6)",,,,,,,,0
4159,5,11,RandomK,43,53,15,1,"Hit","Hit(CCW,8,TOUCH)",,,,,,,,0
4159,5,11,RandomK,43,54,16,1,"Hit","Hit(CW,8,WEAK)",,,,,,,,0
4159,5,11,RandomK,43,64,17,1,"Hit","Hit(CW,10,WEAK)",,,,,,,,0
4159,5,11,RandomK,43,70,18,1,"Freeze","Freeze(CW,10)",,,,,,,,0
4159,5,11,RandomK,43,72,19,1,"PostGuard","PostGuard(CW,1,0)",,,,,,,,0
4159,5,11,RandomK,43,73,20,1,"PostGuard","PostGuard(CCW,1,0)",,,,,,,,0
2788,5,13,RandomK,43,13,0,1,"Draw","Draw(CCW,L1)",,,,,,,,0
2788,5,13,RandomK,43,14,1,1,"Draw","Draw(CW,L2)",,,,,,,,0
2788,5,13,RandomK,43,19,2,1,"Draw","Draw(CCW,L4)",,,,,,,,0
2788,5,13,RandomK,43,20,3,1,"Draw","Draw(CW,L5)",,,,,,,,0
2788,5,13,RandomK,43,25,4,1,"Draw","Draw(CCW,L7)",,,,,,,,0
2788,5,13,RandomK,43,26,5,1,"PreGuard","PreGuard(CW,G3)",,,,,,,,0
2788,5,13,RandomK,43,27,6,1,"PreGuard","PreGuard(CCW,G3)",,,,,,,,0
2788,5,13,RandomK,43,29,7,1,"PreGuard","PreGuard(CCW,G4)",,,,,,,,0
2788,5,13,RandomK,43,31,8,1,"PreGuard","PreGuard(CCW,G5)",,,,,,,,0
2788,5,13,RandomK,43,39,9,1,"Hit","Hit(CCW,0,STRONG)",,,,,,,,0
2788,5,13,RandomK,43,42,10,1,"Hit","Hit(CW,2,TOUCH)",,,,,,,,0
2788,5,13,RandomK,43,49,11,1,"Hit","Hit(CCW,2,STRONG)",,,,,,,,0
2788,5,13,RandomK,43,54,12,1,"Hit","Hit(CW,4,WEAK)",,,,,,,,0
2788,5,13,RandomK,43,55,13,1,"Hit","Hit(CCW,4,WEAK)",,,,,,,,0
2788,5,13,RandomK,43,59,14,1,"Hit","Hit(CCW,4,STRONG)",,,,,,,,0
2788,5,13,RandomK,43,64,15,1,"Hit","Hit(CW,6,WEAK)",,,,,,,,0
2788,5,13,RandomK,43,76,16,1,"Hit","Hit(CW,8,MIDDLE)",,,,,,,,0
2788,5,13,RandomK,43,77,17,1,"Hit","Hit(CCW,8,MIDDLE)",,,,,,,,0
2788,5,13,RandomK,43,80,18,1,"Freeze","Freeze(CW,8)",,,,,,,,0
2788,5,13,RandomK,43,85,19,1,"Hit","Hit(CCW,10,WEAK)",,,,,,,,0
2788,5,13,RandomK,43,86,20,1,"Hit","Hit(CW,10,MIDDLE)",,,,,,,,0
2788,5,13,RandomK,43,97,21,1,"Hit","Hit(CCW,12,MIDDLE)",,,,,,,,0
2788,5,13,RandomK,43,101,22,1,"Freeze","Freeze(CCW,12)",,,,,,,,0
2788,5,13,RandomK,43,105,23,1,"PostGuard","PostGuard(CCW,1,1)",,,,,,,,0
2788,5,13,RandomK,43,112,24,1,"PostGuard","PostGuard(CW,3,2)",,,,,,,,0
2788,5,13,RandomK,43,116,25,1,"PostGuard","PostGuard(CW,5,1)",,,,,,,,0
2788,5,13,RandomK,43,129,26,1,"PostGuard","PostGuard(CCW,9,1)",,,,,,,,0
2788,5,13,RandomK,43,130,27,1,"PostGuard","PostGuard(CW,9,2)",,,,,,,,0
4360,7,4,RandomK,43,8,0,1,"Draw","Draw(CW,S6)",,,,,,,,0
4360,7,4,RandomK,43,9,1,1,"Draw","Draw(CCW,S6)",,,,,,,,0
4360,7,4,RandomK,43,10,2,1,"Draw","Draw(CW,L0)",,,,,,,,0
4360,7,4,RandomK,43,14,3,1,"Draw","Draw(CW,L2)",,,,,,,,0
4360,7,4,RandomK,43,23,4,1,"Draw","Draw(CCW,L6)",,,,,,,,0
4360,7,4,RandomK,43,27,5,1,"PreGuard","PreGuard(CCW,G3)",,,,,,,,0
4360,7,4,RandomK,43,34,6,1,"Hit","Hit(CW,1,WEAK)",,,,,,,,0
4360,7,4,RandomK,43,36,7,1,"Hit","Hit(CW,1,MIDDLE)",,,,,,,,0
4360,7,4,RandomK,43,39,8,1,"Hit","Hit(CCW,1,STRONG)",,,,,,,,0
4360,7,4,RandomK,43,54,9,1,"PostGuard","PostGuard(CW,2,1)",,,,,,,,0
4360,7,4,RandomK,43,55,10,1,"PostGuard","PostGuard(CCW,2,1)",,,,,,,,0
4360,7,4,RandomK,43,56,11,1,"PostGuard","PostGuard(CW,2,2)",,,,,,,,0
8248,7,13,RandomK,43,1,0,1,"Draw","Draw(CCW,TEE)",,,,,,,,0
8248,7,13,RandomK,43,3,1,1,"Draw","Draw(CCW,S0)",,,,,,,,0
8248,7,13,RandomK,43,7,2,1,"Draw","Draw(CCW,S4)",,,,,,,,0
8248,7,13,RandomK,43,13,3,1,"Draw","Draw(CCW,L1)",,,,,,,,0
8248,7,13,RandomK,43,22,4,1,"Draw","Draw(CW,L6)",,,,,,,,0
8248,7,13,RandomK,43,24,5,1,"Draw","Draw(CW,L7)",,,,,,,,0
8248,7,13,RandomK,43,25,6,1,"Draw","Draw(CCW,L7)",,,,,,,,0
8248,7,13,RandomK,43,33,7,1,"Hit","Hit(CCW,6,TOUCH)",,,,,,,,0
8248,7,13,RandomK,43,36,8,1,"Hit","Hit(CW,6,MIDDLE)",,,,,,,,0
8248,7,13,RandomK,43,37,9,1,"Hit","Hit(CCW,6,MIDDLE)",,,,,,,,0
8248,7,13,RandomK,43,55,10,1,"PostGuard","PostGuard(CCW,11,1)",,,,,,,,0
8248,7,13,RandomK,43,56,11,1,"PostGuard","PostGuard(CW,11,2)",,,,,,,,0
2081,5,9,RandomK,43,10,0,1,"Draw","Draw(CW,L0)",,,,,,,,0
2081,5,9,RandomK,43,12,1,1,"Draw","Draw(CW,L1)",,,,,,,,0
2081,5,9,RandomK,43,15,2,1,"Draw","Draw(CCW,L2)",,,,,,,,0
2081,5,9,RandomK,43,19,3,1,"Draw","Draw(CCW,L4)",,,,,,,,0
2081,5,9,RandomK,43,21,4,1,"Draw","Draw(CCW,L5)",,,,,,,,0
2081,5,9,RandomK,43,28,5,1,"PreGuard","PreGuard(CW,G4)",,,,,,,,0
2081,5,9,RandomK,43,30,6,1,"PreGuard","PreGuard(CW,G5)",,,,,,,,0
2081,5,9,RandomK,43,38,7,1,"Hit","Hit(CW,6,STRONG)",,,,,,,,0
2081,5,9,RandomK,43,39,8,1,"Hit","Hit(CCW,6,STRONG)",,,,,,,,0
2081,5,9,RandomK,43,46,9,1,"Hit","Hit(CW,8,MIDDLE)",,,,,,,,0
2081,5,9,RandomK,43,48,10,1,"Hit","Hit(CW,8,STRONG)",,,,,,,,0
1265,4,5,RandomK,43,2,0,1,"Draw","Draw(CW,S0)",,,,,,,,0
1265,4,5,RandomK,43,10,1,1,"Draw","Draw(CW,L0)",,,,,,,,0
1265,4,5,RandomK,43,23,2,1,"Draw","Draw(CCW,L6)",,,,,,,,0
1265,4,5,RandomK,43,26,3,1,"PreGuard","PreGuard(CW,G3)",,,,,,,,0
1265,4,5,RandomK,43,30,4,1,"PreGuard","PreGuard(CW,G5)",,,,,,,,0
1265,4,5,RandomK,43,33,5,1,"Hit","Hit(CCW,0,TOUCH)",,,,,,,,0
1265,4,5,RandomK,43,35,6,1,"Hit","Hit(CCW,0,WEAK)",,,,,,,,0
1265,4,5,RandomK,43,41,7,1,"Freeze","Freeze(CCW,0)",,,,,,,,0
1265,4,5,RandomK,43,46,8,1,"Hit","Hit(CW,2,MIDDLE)",,,,,,,,0
1265,4,5,RandomK,43,56,9,1,"PostGuard","PostGuard(CW,1,2)",,,,,,,,0
1265,4,5,RandomK,43,57,10,1,"PostGuard","PostGuard(CCW,1,2)",,,,,,,,0
1265,4,5,RandomK,43,58,11,1,"PostGuard","PostGuard(CW,3,0)",,,,,,,,0
1265,4,5,RandomK,43,65,12,1,"PostGuard","PostGuard(CCW,5,0)",,,,,,,,0
1265,4,5,RandomK,43,68,13,1,"PostGuard","PostGuard(CW,5,2)",,,,,,,,0
1265,4,5,RandomK,43,69,14,1,"PostGuard","PostGuard(CCW,5,2)",,,,,,,,0
3677,7,15,RandomK,43,11,0,1,"Draw","Draw(CCW,L0)",,,,,,,,0
3677,7,15,RandomK,43,12,1,1,"Draw","Draw(CW,L1)",,,,,,,,0
3677,7,15,RandomK,43,15,2,1,"Draw","Draw(CCW,L2)",,,,,,,,0
3677,7,15,RandomK,43,19,3,1,"Draw","Draw(CCW,L4)",,,,,,,,0
3677,7,15,RandomK,43,22,4,1,"Draw","Draw(CW,L6)",,,,,,,,0
3677,7,15,RandomK,43,26,5,1,"PreGuard","PreGuard(CW,G3)",,,,,,,,0
3677,7,15,RandomK,43,27,6,1,"PreGuard","PreGuard(CCW,G3)",,,,,,,,0
3677,7,15,RandomK,43,32,7,1,"Hit","Hit(CW,6,TOUCH)",,,,,,,,0
3677,7,15,RandomK,43,36,8,1,"Hit","Hit(CW,6,MIDDLE)",,,,,,,,0
3677,7,15,RandomK,43,44,9,1,"Hit","Hit(CW,12,WEAK)",,,,,,,,0
3677,7,15,RandomK,43,53,10,1,"Hit","Hit(CCW,14,TOUCH)",,,,,,,,0
3677,7,15,RandomK,43,55,11,1,"Hit","Hit(CCW,14,WEAK)",,,,,,,,0
3677,7,15,RandomK,43,56,12,1,"Hit","Hit(CW,14,MIDDLE)",,,,,,,,0
3677,7,15,RandomK,43,57,13,1,"Hit","Hit(CCW,14,MIDDLE)",,,,,,,,0
3677,7,15,RandomK,43,64,14,1,"PostGuard","PostGuard(CW,11,1)",,,,,,,,0
477,2,10,RandomK,43,6,0,1,"Draw","Draw(CW,S4)",,,,,,,,0
477,2,10,RandomK,43,13,1,1,"Draw","Draw(CCW,L1)",,,,,,,,0
477,2,10,RandomK,43,20,2,1,"Draw","Draw(CW,L5)",,,,,,,,0
477,2,10,RandomK,43,21,3,1,"Draw","Draw(CCW,L5)",,,,,,,,0
477,2,10,RandomK,43,31,4,1,"PreGuard","PreGuard(CCW,G5)",,,,,,,,0
477,2,10,RandomK,43,33,5,1,"Hit","Hit(CCW,5,TOUCH)",,,,,,,,0
477,2,10,RandomK,43,35,6,1,"Hit","Hit(CCW,5,WEAK)",,,,,,,,0
477,2,10,RandomK,43,39,7,1,"Hit","Hit(CCW,5,STRONG)",,,,,,,,0
477,2,10,RandomK,43,40,8,1,"Freeze","Freeze(CW,5)",,,,,,,,0
477,2,10,RandomK,43,47,9,1,"Hit","Hit(CCW,7,MIDDLE)",,,,,,,,0
477,2,10,RandomK,43,53,10,1,"Hit","Hit(CCW,9,TOUCH)",,,,,,,,0
477,2,10,RandomK,43,58,11,1,"Hit","Hit(CW,9,STRONG)",,,,,,,,0
477,2,10,RandomK,43,63,12,1,"PostGuard","PostGuard(CCW,2,0)",,,,,,,,0
477,2,10,RandomK,43,69,13,1,"PostGuard","PostGuard(CCW,6,0)",,,,,,,,0
477,2,10,RandomK,43,70,14,1,"PostGuard","PostGuard(CW,6,1)",,,,,,,,0
477,2,10,RandomK,43,73,15,1,"PostGuard","PostGuard(CCW,6,2)",,,,,,,,0
477,2,10,RandomK,43,76,16,1,"PostGuard","PostGuard(CW,8,1)",,,,,,,,0
8462,7,13,RandomK,43,0,0,1,"Draw","Draw(CW,TEE)",,,,,,,,0
8462,7,13,RandomK,43,3,1,1,"Draw","Draw(CCW,S0)",,,,,,,,0
8462,7,13,RandomK,43,5,2,1,"Draw","Draw(CCW,S2)",,,,,,,,0
8462,7,13,RandomK,43,7,3,1,"Draw","Draw(CCW,S4)",,,,,,,,0
8462,7,13,RandomK,43,11,4,1,"Draw","Draw(CCW,L0)",,,,,,,,0
8462,7,13,RandomK,43,12,5,1,"Draw","Draw(CW,L1)",,,,,,,,0
8462,7,13,RandomK,43,24,6,1,"Draw","Draw(CW,L7)",,,,,,,,0
8462,7,13,RandomK,43,29,7,1,"PreGuard","PreGuard(CCW,G4)",,,,,,,,0
8462,7,13,RandomK,43,33,8,1,"Hit","Hit(CCW,4,TOUCH)",,,,,,,,0
8462,7,13,RandomK,43,38,9,1,"Hit","Hit(CW,4,STRONG)",,,,,,,,0
8462,7,13,RandomK,43,43,10,1,"Hit","Hit(CCW,6,TOUCH)",,,,,,,,0
8462,7,13,RandomK,43,46,11,1,"Hit","Hit(CW,6,MIDDLE)",,,,,,,,0
8462,7,13,RandomK,43,47,12,1,"Hit","Hit(CCW,6,MIDDLE)",,,,,,,,0
8462,7,13,RandomK,43,50,13,1,"Freeze","Freeze(CW,6)",,,,,,,,0
8462,7,13,RandomK,43,64,14,1,"Hit","Hit(CW,10,WEAK)",,,,,,,,0
8462,7,13,RandomK,43,72,15,1,"PostGuard","PostGuard(CW,1,0)",,,,,,,,0
8462,7,13,RandomK,43,73,16,1,"PostGuard","PostGuard(CCW,1,0)",,,,,,,,0
8462,7,13,RandomK,43,77,17,1,"PostGuard","PostGuard(CCW,1,2)",,,,,,,,0
8462,7,13,RandomK,43,82,18,1,"PostGuard","PostGuard(CW,3,2)",,,,,,,,0
8462,7,13,RandomK,43,88,19,1,"PostGuard","PostGuard(CW,5,2)",,,,,,,,0
8462,7,13,RandomK,43,92,20,1,"PostGuard","PostGuard(CW,7,1)",,,,,,,,0
8462,7,13,RandomK,43,94,21,1,"PostGuard","PostGuard(CW,7,2)",,,,,,,,0
8462,7,13,RandomK,43,112,22,1,"PostGuard","PostGuard(CW,13,2)",,,,,,,,0
3186,1,11,RandomK,43,2,0,1,"Draw","Draw(CW,S0)",,,,,,,,0
3186,1,11,RandomK,43,3,1,1,"Draw","Draw(CCW,S0)",,,,,,,,0
3186,1,11,RandomK,43,4,2,1,"Draw","Draw(CW,S2)",,,,,,,,0
3186,1,11,RandomK,43,5,3,1,"Draw","Draw(CCW,S2)",,,,,,,,0
3186,1,11,RandomK,43,7,4,1,"Draw","Draw(CCW,S4)",,,,,,,,0
3186,1,11,RandomK,43,10,5,1,"Draw","Draw(CW,L0)",,,,,,,,0
3186,1,11,RandomK,43,20,6,1,"Draw","Draw(CW,L5)",,,,,,,,0
3186,1,11,RandomK,43,24,7,1,"Draw","Draw(CW,L7)",,,,,,,,0
3186,1,11,RandomK,43,28,8,1,"PreGuard","PreGuard(CW,G4)",,,,,,,,0
3186,1,11,RandomK,43,38,9,1,"Hit","Hit(CW,0,STRONG)",,,,,,,,0
3186,1,11,RandomK,43,47,10,1,"Hit","Hit(CCW,2,MIDDLE)",,,,,,,,0
3186,1,11,RandomK,43,50,11,1,"Freeze","Freeze(CW,2)",,,,,,,,0
3186,1,11,RandomK,43,56,12,1,"Hit","Hit(CW,4,MIDDLE)",,,,,,,,0
3186,1,11,RandomK,43,63,13,1,"Hit","Hit(CCW,6,TOUCH)",,,,,,,,0
3186,1,11,RandomK,43,73,14,1,"Hit","Hit(CCW,8,TOUCH)",,,,,,,,0
3186,1,11,RandomK,43,74,15,1,"Hit","Hit(CW,8,WEAK)",,,,,,,,0
3186,1,11,RandomK,43,77,16,1,"Hit","Hit(CCW,8,MIDDLE)",,,,,,,,0
3186,1,11,RandomK,43,82,17,1,"PostGuard","PostGuard(CW,1,0)",,,,,,,,0
3186,1,11,RandomK,43,84,18,1,"PostGuard","PostGuard(CW,1,1)",,,,,,,,0
3186,1,11,RandomK,43,94,19,1,"PostGuard","PostGuard(CW,5,0)",,,,,,,,0
3186,1,11,RandomK,43,98,20,1,"PostGuard","PostGuard(CW,5,2)",,,,,,,,0
3186,1,11,RandomK,43,100,21,1,"PostGuard","PostGuard(CW,7,0)",,,,,,,,0
3186,1,11,RandomK,43,101,22,1,"PostGuard","PostGuard(CCW,7,0)",,,,,,,,0
3186,1,11,RandomK,43,104,23,1,"PostGuard","PostGuard(CW,7,2)",,,,,,,,0
8936,4,15,RandomK,43,2,0,1,"Draw","Draw(CW,S0)",,,,,,,,0
8936,4,15,RandomK,43,14,1,1,"Draw","Draw(CW,L2)",,,,,,,,0
8936,4,15,RandomK,43,16,2,1,"Draw","Draw(CW,L3)",,,,,,,,0
8936,4,15,RandomK,43,18,3,1,"Draw","Draw(CW,L4)",,,,,,,,0
8936,4,15,RandomK,43,20,4,1,"Draw","Draw(CW,L5)",,,,,,,,0
8936,4,15,RandomK,43,23,5,1,"Draw","Draw(CCW,L6)",,,,,,,,0
8936,4,15,RandomK,43,24,6,1,"Draw","Draw(CW,L7)",,,,,,,,0
8936,4,15,RandomK,43,37,7,1,"Hit","Hit(CCW,2,MIDDLE)",,,,,,,,0
8936,4,15,RandomK,43,40,8,1,"Freeze","Freeze(CW,2)",,,,,,,,0
8936,4,15,RandomK,43,44,9,1,"Hit","Hit(CW,4,WEAK)",,,,,,,,0
8936,4,15,RandomK,43,47,10,1,"Hit","Hit(CCW,4,MIDDLE)",,,,,,,,0
8936,4,15,RandomK,43,49,11,1,"Hit","Hit(CCW,4,STRONG)",,,,,,,,0
8936,4,15,RandomK,43,55,12,1,"Hit","Hit(CCW,6,WEAK)",,,,,,,,0
8936,4,15,RandomK,43,59,13,1,"Hit","Hit(CCW,6,STRONG)",,,,,,,,0
8936,4,15,RandomK,43,82,14,1,"Hit","Hit(CW,12,TOUCH)",,,,,,,,0
8936,4,15,RandomK,43,89,15,1,"Hit","Hit(CCW,12,STRONG)",,,,,,,,0
8936,4,15,RandomK,43,98,16,1,"Hit","Hit(CW,14,STRONG)",,,,,,,,0
8936,4,15,RandomK,43,100,17,1,"Freeze","Freeze(CW,14)",,,,,,,,0
8936,4,15,RandomK,43,101,18,1,"Freeze","Freeze(CCW,14)",,,,,,,,0
8936,4,15,RandomK,43,104,19,1,"PostGuard","PostGuard(CW,1,1)",,,,,,,,0
8936,4,15,RandomK,43,105,20,1,"PostGuard","PostGuard(CCW,1,1)",,,,,,,,0
8936,4,15,RandomK,43,112,21,1,"PostGuard","PostGuard(CW,3,2)",,,,,,,,0
8936,4,15,RandomK,43,122,22,1,"PostGuard","PostGuard(CW,7,1)",,,,,,,,0
8936,4,15,RandomK,43,125,23,1,"PostGuard","PostGuard(CCW,7,2)",,,,,,,,0
8936,4,15,RandomK,43,130,24,1,"PostGuard","PostGuard(CW,9,2)",,,,,,,,0
8936,4,15,RandomK,43,134,25,1,"PostGuard","PostGuard(CW,11,1)",,,,,,,,0
8936,4,15,RandomK,43,135,26,1,"PostGuard","PostGuard(CCW,11,1)",,,,,,,,0
8936,4,15,RandomK,43,137,27,1,"PostGuard","PostGuard(CCW,11,2)",,,,,,,,0
8936,4,15,RandomK,43,142,28,1,"PostGuard","PostGuard(CW,13,2)",,,,,,,,0
966,6,3,RandomK,43,3,0,1,"Draw","Draw(CCW,S0)",,,,,,,,0
966,6,3,RandomK,43,9,1,1,"Draw","Draw(CCW,S6)",,,,,,,,0
966,6,3,RandomK,43,14,2,1,"Draw","Draw(CW,L2)",,,,,,,,0
966,6,3,RandomK,43,23,3,1,"Draw","Draw(CCW,L6)",,,,,,,,0
966,6,3,RandomK,43,24,4,1,"Draw","Draw(CW,L7)",,,,,,,,0
966,6,3,RandomK,43,26,5,1,"PreGuard","PreGuard(CW,G3)",,,,,,,,0
966,6,3,RandomK,43,30,6,1,"PreGuard","PreGuard(CW,G5)",,,,,,,,0
966,6,3,RandomK,43,32,7,1,"Hit","Hit(CW,0,TOUCH)",,,,,,,,0
966,6,3,RandomK,43,33,8,1,"Hit","Hit(CCW,0,TOUCH)",,,,,,,,0
966,6,3,RandomK,43,41,9,1,"Freeze","Freeze(CCW,0)",,,,,,,,0
966,6,3,RandomK,43,49,10,1,"PostGuard","PostGuard(CCW,3,0)",,,,,,,,0
232,1,13,RandomK,43,3,0,1,"Draw","Draw(CCW,S0)",,,,,,,,0
232,1,13,RandomK,43,8,1,1,"Draw","Draw(CW,S6)",,,,,,,,0
232,1,13,RandomK,43,13,2,1,"Draw","Draw(CCW,L1)",,,,,,,,0
232,1,13,RandomK,43,19,3,1,"Draw","Draw(CCW,L4)",,,,,,,,0
232,1,13,RandomK,43,20,4,1,"Draw","Draw(CW,L5)",,,,,,,,0
232,1,13,RandomK,43,29,5,1,"PreGuard","PreGuard(CCW,G4)",,,,,,,,0
232,1,13,RandomK,43,35,6,1,"Hit","Hit(CCW,4,WEAK)",,,,,,,,0
232,1,13,RandomK,43,42,7,1,"Hit","Hit(CW,8,TOUCH)",,,,,,,,0
232,1,13,RandomK,43,45,8,1,"Hit","Hit(CCW,8,WEAK)",,,,,,,,0
232,1,13,RandomK,43,46,9,1,"Hit","Hit(CW,8,MIDDLE)",,,,,,,,0
232,1,13,RandomK,43,52,10,1,"PostGuard","PostGuard(CW,11,0)",,,,,,,,0
232,1,13,RandomK,43,56,11,1,"PostGuard","PostGuard(CW,11,2)",,,,,,,,0
3968,6,10,RandomK,43,3,0,1,"Draw","Draw(CCW,S0)",,,,,,,,0
3968,6,10,RandomK,43,14,1,1,"Draw","Draw(CW,L2)",,,,,,,,0
3968,6,10,RandomK,43,15,2,1,"Draw","Draw(CCW,L2)",,,,,,,,0
3968,6,10,RandomK,43,17,3,1,"Draw","Draw(CCW,L3)",,,,,,,,0
3968,6,10,RandomK,43,20,4,1,"Draw","Draw(CW,L5)",,,,,,,,0
3968,6,10,RandomK,43,22,5,1,"Draw","Draw(CW,L6)",,,,,,,,0
3968,6,10,RandomK,43,32,6,1,"Hit","Hit(CW,9,MIDDLE)",,,,,,,,0
3968,6,10,RandomK,43,43,7,1,"PostGuard","PostGuard(CCW,8,0)",,,,,,,,0
3968,6,10,RandomK,43,45,8,1,"PostGuard","PostGuard(CCW,8,1)",,,,,,,,0
3968,6,10,RandomK,43,47,9,1,"PostGuard","PostGuard(CCW,8,2)",,,,,,,,0
2440,2,5,RandomK,43,4,0,1,"Draw","Draw(CW,S2)",,,,,,,,0
2440,2,5,RandomK,43,10,1,1,"Draw","Draw(CW,L0)",,,,,,,,0
2440,2,5,RandomK,43,11,2,1,"Draw","Draw(CCW,L0)",,,,,,,,0
2440,2,5,RandomK,43,14,3,1,"Draw","Draw(CW,L2)",,,,,,,,0
2440,2,5,RandomK,43,18,4,1,"Draw","Draw(CW,L4)",,,,,,,,0
2440,2,5,RandomK,43,20,5,1,"Draw","Draw(CW,L5)",,,,,,,,0
2440,2,5,RandomK,43,21,6,1,"Draw","Draw(CCW,L5)",,,,,,,,0
2440,2,5,RandomK,43,24,7,1,"Draw","Draw(CW,L7)",,,,,,,,0
2440,2,5,RandomK,43,26,8,1,"PreGuard","PreGuard(CW,G3)",,,,,,,,0
2440,2,5,RandomK,43,37,9,1,"Hit","Hit(CCW,0,MIDDLE)",,,,,,,,0
2440,2,5,RandomK,43,43,10,1,"Hit","Hit(CCW,2,TOUCH)",,,,,,,,0
2440,2,5,RandomK,43,52,11,1,"PostGuard","PostGuard(CW,1,0)",,,,,,,,0
2440,2,5,RandomK,43,55,12,1,"PostGuard","PostGuard(CCW,1,1)",,,,,,,,0
2440,2,5,RandomK,43,61,13,1,"PostGuard","PostGuard(CCW,3,1)",,,,,,,,0
2440,2,5,RandomK,43,62,14,1,"PostGuard","PostGuard(CW,3,2)",,,,,,,,0
1624,6,15,RandomK,43,3,0,1,"Draw","Draw(CCW,S0)",,,,,,,,0
1624,6,15,RandomK,43,7,1,1,"Draw","Draw(CCW,S4)",,,,,,,,0
1624,6,15,RandomK,43,21,2,1,"Draw","Draw(CCW,L5)",,,,,,,,0
1624,6,15,RandomK,43,22,3,1,"Draw","Draw(CW,L6)",,,,,,,,0
1624,6,15,RandomK,43,25,4,1,"Draw","Draw(CCW,L7)",,,,,,,,0
1624,6,15,RandomK,43,30,5,1,"PreGuard","PreGuard(CW,G5)",,,,,,,,0
1624,6,15,RandomK,43,37,6,1,"Hit","Hit(CCW,4,MIDDLE)",,,,,,,,0
1624,6,15,RandomK,43,44,7,1,"Hit","Hit(CW,8,WEAK)",,,,,,,,0
1624,6,15,RandomK,43,48,8,1,"Hit","Hit(CW,8,STRONG)",,,,,,,,0
1624,6,15,RandomK,43,49,9,1,"Hit","Hit(CCW,8,STRONG)",,,,,,,,0
1624,6,15,RandomK,43,57,10,1,"Hit","Hit(CCW,10,MIDDLE)",,,,,,,,0
1624,6,15,RandomK,43,59,11,1,"Hit","Hit(CCW,10,STRONG)",,,,,,,,0
1624,6,15,RandomK,43,62,12,1,"Hit","Hit(CW,14,TOUCH)",,,,,,,,0
1624,6,15,RandomK,43,72,13,1,"PostGuard","PostGuard(CW,7,0)",,,,,,,,0
1624,6,15,RandomK,43,74,14,1,"PostGuard","PostGuard(CW,7,1)",,,,,,,,0
1624,6,15,RandomK,43,77,15,1,"PostGuard","PostGuard(CCW,7,2)",,,,,,,,0
1624,6,15,RandomK,43,78,16,1,"PostGuard","PostGuard(CW,9,0)",,,,,,,,0
1624,6,15,RandomK,43,79,17,1,"PostGuard","PostGuard(CCW,9,0)",,,,,,,,0
1624,6,15,RandomK,43,80,18,1,"PostGuard","PostGuard(CW,9,1)",,,,,,,,0
9851,7,8,RandomK,43,0,0,1,"Draw","Draw(CW,TEE)",,,,,,,,0
9851,7,8,RandomK,43,2,1,1,"Draw","Draw(CW,S0)",,,,,,,,0
9851,7,8,RandomK,43,17,2,1,"Draw","Draw(CCW,L3)",,,,,,,,0
9851,7,8,RandomK,43,18,3,1,"Draw","Draw(CW,L4)",,,,,,,,0
9851,7,8,RandomK,43,20,4,1,"Draw","Draw(CW,L5)",,,,,,,,0
9851,7,8,RandomK,43,25,5,1,"Draw","Draw(CCW,L7)",,,,,,,,0
9851,7,8,RandomK,43,26,6,1,"PreGuard","PreGuard(CW,G3)",,,,,,,,0
9851,7,8,RandomK,43,29,7,1,"PreGuard","PreGuard(CCW,G4)",,,,,,,,0
9851,7,8,RandomK,43,30,8,1,"PreGuard","PreGuard(CW,G5)",,,,,,,,0
9851,7,8,RandomK,43,34,9,1,"Hit","Hit(CW,1,WEAK)",,,,,,,,0
9851,7,8,RandomK,43,38,10,1,"Hit","Hit(CW,1,STRONG)",,,,,,,,0
9851,7,8,RandomK,43,43,11,1,"Hit","Hit(CCW,5,TOUCH)",,,,,,,,0
9851,7,8,RandomK,43,47,12,1,"Hit","Hit(CCW,5,MIDDLE)",,,,,,,,0
9851,7,8,RandomK,43,53,13,1,"Hit","Hit(CCW,7,TOUCH)",,,,,,,,0
9851,7,8,RandomK,43,61,14,1,"Freeze","Freeze(CCW,7)",,,,,,,,0
9851,7,8,RandomK,43,62,15,1,"PostGuard","PostGuard(CW,0,0)",,,,,,,,0
9851,7,8,RandomK,43,80,16,1,"Pass","Pass",,,,,,,,0
9879,2,15,RandomK,43,0,0,1,"Draw","Draw(CW,TEE)",,,,,,,,0
9879,2,15,RandomK,43,1,1,1,"Draw","Draw(CCW,TEE)",,,,,,,,0
9879,2,15,RandomK,43,2,2,1,"Draw","Draw(CW,S0)",,,,,,,,0
9879,2,15,RandomK,43,6,3,1,"Draw","Draw(CW,S4)",,,,,,,,0
9879,2,15,RandomK,43,13,4,1,"Draw","Draw(CCW,L1)",,,,,,,,0
9879,2,15,RandomK,43,17,5,1,"Draw","Draw(CCW,L3)",,,,,,,,0
9879,2,15,RandomK,43,23,6,1,"Draw","Draw(CCW,L6)",,,,,,,,0
9879,2,15,RandomK,43,27,7,1,"PreGuard","PreGuard(CCW,G3)",,,,,,,,0
9879,2,15,RandomK,43,29,8,1,"PreGuard","PreGuard(CCW,G4)",,,,,,,,0
9879,2,15,RandomK,43,38,9,1,"Hit","Hit(CW,4,STRONG)",,,,,,,,0
9879,2,15,RandomK,43,40,10,1,"Freeze","Freeze(CW,4)",,,,,,,,0
9879,2,15,RandomK,43,41,11,1,"Freeze","Freeze(CCW,4)",,,,,,,,0
9879,2,15,RandomK,43,42,12,1,"Hit","Hit(CW,6,TOUCH)",,,,,,,,0
9879,2,15,RandomK,43,70,13,1,"Freeze","Freeze(CW,10)",,,,,,,,0
9879,2,15,RandomK,43,73,14,1,"Hit","Hit(CCW,12,TOUCH)",,,,,,,,0
9879,2,15,RandomK,43,79,15,1,"Hit","Hit(CCW,12,STRONG)",,,,,,,,0
9879,2,15,RandomK,43,81,16,1,"Freeze","Freeze(CCW,12)",,,,,,,,0
9879,2,15,RandomK,43,85,17,1,"Hit","Hit(CCW,14,WEAK)",,,,,,,,0
9879,2,15,RandomK,43,93,18,1,"PostGuard","PostGuard(CCW,5,0)",,,,,,,,0
9879,2,15,RandomK,43,94,19,1,"PostGuard","PostGuard(CW,5,1)",,,,,,,,0
9879,2,15,RandomK,43,101,20,1,"PostGuard","PostGuard(CCW,9,1)",,,,,,,,0
9879,2,15,RandomK,43,102,21,1,"PostGuard","PostGuard(CW,9,2)",,,,,,,,0
9879,2,15,RandomK,43,107,22,1,"PostGuard","PostGuard(CCW,11,1)",,,,,,,,0
9879,2,15,RandomK,43,109,23,1,"PostGuard","PostGuard(CCW,11,2)",,,,,,,,0
9832,1,9,RandomK,43,0,0,1,"Draw","Draw(CW,TEE)",,,,,,,,0
9832,1,9,RandomK,43,8,1,1,"Draw","Draw(CW,S6)",,,,,,,,0
9832,1,9,RandomK,43,11,2,1,"Draw","Draw(CCW,L0)",,,,,,,,0
9832,1,9,RandomK,43,13,3,1,"Draw","Draw(CCW,L1)",,,,,,,,0
9832,1,9,RandomK,43,15,4,1,"Draw","Draw(CCW,L2)",,,,,,,,0
9832,1,9,RandomK,43,17,5,1,"Draw","Draw(CCW,L3)",,,,,,,,0
9832,1,9,RandomK,43,21,6,1,"Draw","Draw(CCW,L5)",,,,,,,,0
9832,1,9,RandomK,43,24,7,1,"Draw","Draw(CW,L7)",,,,,,,,0
9832,1,9,RandomK,43,33,8,1,"Hit","Hit(CCW,0,TOUCH)",,,,,,,,0
9832,1,9,RandomK,43,46,9,1,"Hit","Hit(CW,2,MIDDLE)",,,,,,,,0
9832,1,9,RandomK,43,51,10,1,"Freeze","Freeze(CCW,2)",,,,,,,,0
9832,1,9,RandomK,43,55,11,1,"Hit","Hit(CCW,4,WEAK)",,,,,,,,0
9832,1,9,RandomK,43,63,12,1,"Hit","Hit(CCW,6,TOUCH)",,,,,,,,0
9832,1,9,RandomK,43,67,13,1,"Hit","Hit(CCW,6,MIDDLE)",,,,,,,,0
9832,1,9,RandomK,43,70,14,1,"Freeze","Freeze(CW,6)",,,,,,,,0
9832,1,9,RandomK,43,77,15,1,"PostGuard","PostGuard(CCW,1,2)",,,,,,,,0
9832,1,9,RandomK,43,88,16,1,"PostGuard","PostGuard(CW,5,2)",,,,,,,,0
9832,1,9,RandomK,43,89,17,1,"PostGuard","PostGuard(CCW,5,2)",,,,,,,,0
9832,1,9,RandomK,43,90,18,1,"PostGuard","PostGuard(CW,7,0)",,,,,,,,0
9832,1,9,RandomK,43,98,19,1,"PostGuard","PostGuard(CW,9,1)",,,,,,,,0
9832,1,9,RandomK,43,102,20,1,"Pass","Pass",,,,,,,,0
4221,2,14,RandomK,43,7,0,1,"Draw","Draw(CCW,S4)",,,,,,,,0
4221,2,14,RandomK,43,13,1,1,"Draw","Draw(CCW,L1)",,,,,,,,0
4221,2,14,RandomK,43,19,2,1,"Draw","Draw(CCW,L4)",,,,,,,,0
4221,2,14,RandomK,43,27,3,1,"PreGuard","PreGuard(CCW,G3)",,,,,,,,0
4221,2,14,RandomK,43,28,4,1,"PreGuard","PreGuard(CW,G4)",,,,,,,,0
4221,2,14,RandomK,43,32,5,1,"Hit","Hit(CW,1,TOUCH)",,,,,,,,0
4221,2,14,RandomK,43,40,6,1,"Freeze","Freeze(CW,1)",,,,,,,,0
4221,2,14,RandomK,43,48,7,1,"Hit","Hit(CW,3,STRONG)",,,,,,,,0
4221,2,14,RandomK,43,49,8,1,"Hit","Hit(CCW,3,STRONG)",,,,,,,,0
4221,2,14,RandomK,43,52,9,1,"Hit","Hit(CW,5,TOUCH)",,,,,,,,0
4221,2,14,RandomK,43,55,10,1,"Hit","Hit(CCW,5,WEAK)",,,,,,,,0
4221,2,14,RandomK,43,59,11,1,"Hit","Hit(CCW,5,STRONG)",,,,,,,,0
4221,2,14,RandomK,43,64,12,1,"Hit","Hit(CW,7,WEAK)",,,,,,,,0
4221,2,14,RandomK,43,68,13,1,"Hit","Hit(CW,7,STRONG)",,,,,,,,0
4221,2,14,RandomK,43,70,14,1,"Freeze","Freeze(CW,7)",,,,,,,,0
4221,2,14,RandomK,43,73,15,1,"Hit","Hit(CCW,9,TOUCH)",,,,,,,,0
4221,2,14,RandomK,43,74,16,1,"Hit","Hit(CW,9,WEAK)",,,,,,,,0
4221,2,14,RandomK,43,83,17,1,"Hit","Hit(CCW,11,TOUCH)",,,,,,,,0
4221,2,14,RandomK,43,89,18,1,"Hit","Hit(CCW,11,STRONG)",,,,,,,,0
4221,2,14,RandomK,43,100,19,1,"Freeze","Freeze(CW,13)",,,,,,,,0
4221,2,14,RandomK,43,103,20,1,"PostGuard","PostGuard(CCW,0,0)",,,,,,,,0
4221,2,14,RandomK,43,109,21,1,"PostGuard","PostGuard(CCW,2,0)",,,,,,,,0
4221,2,14,RandomK,43,116,22,1,"PostGuard","PostGuard(CW,4,1)",,,,,,,,0
4221,2,14,RandomK,43,117,23,1,"PostGuard","PostGuard(CCW,4,1)",,,,,,,,0
4221,2,14,RandomK,43,124,24,1,"PostGuard","PostGuard(CW,6,2)",,,,,,,,0
4221,2,14,RandomK,43,132,25,1,"PostGuard","PostGuard(CW,10,0)",,,,,,,,0
4221,2,14,RandomK,43,136,26,1,"PostGuard","PostGuard(CW,10,2)",,,,,,,,0
4221,2,14,RandomK,43,138,27,1,"PostGuard","PostGuard(CW,12,0)",,,,,,,,0
4221,2,14,RandomK,43,140,28,1,"PostGuard","PostGuard(CW,12,1)",,,,,,,,0
1999,2,5,RandomK,43,0,0,1,"Draw","Draw(CW,TEE)",,,,,,,,0
1999,2,5,RandomK,43,4,1,1,"Draw","Draw(CW,S2)",,,,,,,,0
1999,2,5,RandomK,43,11,2,1,"Draw","Draw(CCW,L0)",,,,,,,,0
1999,2,5,RandomK,43,21,3,1,"Draw","Draw(CCW,L5)",,,,,,,,0
1999,2,5,RandomK,43,29,4,1,"PreGuard","PreGuard(CCW,G4)",,,,,,,,0
1999,2,5,RandomK,43,30,5,1,"PreGuard","PreGuard(CW,G5)",,,,,,,,0
1999,2,5,RandomK,43,31,6,1,"PreGuard","PreGuard(CCW,G5)",,,,,,,,0
1999,2,5,RandomK,43,36,7,1,"Hit","Hit(CW,2,MIDDLE)",,,,,,,,0
1999,2,5,RandomK,43,39,8,1,"Hit","Hit(CCW,2,STRONG)",,,,,,,,0
1999,2,5,RandomK,43,44,9,1,"Hit","Hit(CW,4,WEAK)",,,,,,,,0
1999,2,5,RandomK,43,47,10,1,"Hit","Hit(CCW,4,MIDDLE)",,,,,,,,0
99,4,13,RandomK,43,3,0,1,"Draw","Draw(CCW,S0)",,,,,,,,0
99,4,13,RandomK,43,4,1,1,"Draw","Draw(CW,S2)",,,,,,,,0
99,4,13,RandomK,43,6,2,1,"Draw","Draw(CW,S4)",,,,,,,,0
99,4,13,RandomK,43,10,3,1,"Draw","Draw(CW,L0)",,,,,,,,0
99,4,13,RandomK,43,13,4,1,"Draw","Draw(CCW,L1)",,,,,,,,0
99,4,13,RandomK,43,18,5,1,"Draw","Draw(CW,L4)",,,,,,,,0
99,4,13,RandomK,43,21,6,1,"Draw","Draw(CCW,L5)",,,,,,,,0
99,4,13,RandomK,43,25,7,1,"Draw","Draw(CCW,L7)",,,,,,,,0
99,4,13,RandomK,43,33,8,1,"Hit","Hit(CCW,4,TOUCH)",,,,,,,,0
99,4,13,RandomK,43,41,9,1,"Freeze","Freeze(CCW,4)",,,,,,,,0
99,4,13,RandomK,43,43,10,1,"Hit","Hit(CCW,6,MIDDLE)",,,,,,,,0
99,4,13,RandomK,43,48,11,1,"Hit","Hit(CW,12,WEAK)",,,,,,,,0
964,0,8,RandomK,43,3,0,1,"Draw","Draw(CCW,S0)",,,,,,,,0
964,0,8,RandomK,43,8,1,1,"Draw","Draw(CW,S6)",,,,,,,,0
964,0,8,RandomK,43,9,2,1,"Draw","Draw(CCW,S6)",,,,,,,,0
964,0,8,RandomK,43,17,3,1,"Draw","Draw(CCW,L3)",,,,,,,,0
964,0,8,RandomK,43,26,4,1,"PreGuard","PreGuard(CW,G3)",,,,,,,,0
964,0,8,RandomK,43,29,5,1,"PreGuard","PreGuard(CCW,G4)",,,,,,,,0
964,0,8,RandomK,43,33,6,1,"Hit","Hit(CCW,3,TOUCH)",,,,,,,,0
964,0,8,RandomK,43,40,7,1,"Freeze","Freeze(CW,3)",,,,,,,,0
964,0,8,RandomK,43,48,8,1,"Hit","Hit(CW,5,STRONG)",,,,,,,,0
964,0,8,RandomK,43,53,9,1,"Hit","Hit(CCW,7,MIDDLE)",,,,,,,,0
964,0,8,RandomK,43,54,10,1,"Hit","Hit(CW,7,STRONG)",,,,,,,,0
964,0,8,RandomK,43,57,11,1,"PostGuard","PostGuard(CCW,6,0)",,,,,,,,0
964,0,8,RandomK,43,61,12,1,"PostGuard","PostGuard(CCW,6,2)",,,,,,,,0
6357,7,5,RandomK,43,18,0,1,"Draw","Draw(CW,L4)",,,,,,,,0
6357,7,5,RandomK,43,19,1,1,"Draw","Draw(CCW,L4)",,,,,,,,0
6357,7,5,RandomK,43,26,2,1,"PreGuard","PreGuard(CW,G3)",,,,,,,,0
6357,7,5,RandomK,43,30,3,1,"PreGuard","PreGuard(CW,G5)",,,,,,,,0
6357,7,5,RandomK,43,34,4,1,"Hit","Hit(CW,0,WEAK)",,,,,,,,0
6357,7,5,RandomK,43,38,5,1,"Hit","Hit(CW,0,STRONG)",,,,,,,,0
6357,7,5,RandomK,43,43,6,1,"Hit","Hit(CCW,2,TOUCH)",,,,,,,,0
6357,7,5,RandomK,43,44,7,1,"Hit","Hit(CW,2,WEAK)",,,,,,,,0
6357,7,5,RandomK,43,51,8,1,"Freeze","Freeze(CCW,2)",,,,,,,,0
6357,7,5,RandomK,43,58,9,1,"Hit","Hit(CW,4,STRONG)",,,,,,,,0
6357,7,5,RandomK,43,59,10,1,"Hit","Hit(CCW,4,STRONG)",,,,,,,,0
6357,7,5,RandomK,43,62,11,1,"PostGuard","PostGuard(CW,1,0)",,,,,,,,0
6357,7,5,RandomK,43,65,12,1,"PostGuard","PostGuard(CCW,1,1)",,,,,,,,0
6357,7,5,RandomK,43,66,13,1,"PostGuard","PostGuard(CW,1,2)",,,,,,,,0
6357,7,5,RandomK,43,67,14,1,"PostGuard","PostGuard(CCW,1,2)",,,,,,,,0
632,7,12,RandomK,43,3,0,1,"Draw","Draw(CCW,S0)",,,,,,,,0
632,7,12,RandomK,43,5,1,1,"Draw","Draw(CCW,S2)",,,,,,,,0
632,7,12,RandomK,43,8,2,1,"Draw","Draw(CW,S6)",,,,,,,,0
632,7,12,RandomK,43,12,3,1,"Draw","Draw(CW,L1)",,,,,,,,0
632,7,12,RandomK,43,30,4,1,"PreGuard","PreGuard(CW,G5)",,,,,,,,0
632,7,12,RandomK,43,34,5,1,"Hit","Hit(CW,7,WEAK)",,,,,,,,0
632,7,12,RandomK,43,37,6,1,"Hit","Hit(CCW,7,MIDDLE)",,,,,,,,0
632,7,12,RandomK,43,39,7,1,"Hit","Hit(CCW,7,STRONG)",,,,,,,,0
632,7,12,RandomK,43,40,8,1,"Freeze","Freeze(CW,7)",,,,,,,,0
632,7,12,RandomK,43,43,9,1,"Hit","Hit(CCW,9,TOUCH)",,,,,,,,0
632,7,12,RandomK,43,52,10,1,"Hit","Hit(CW,11,TOUCH)",,,,,,,,0
632,7,12,RandomK,43,61,11,1,"Freeze","Freeze(CCW,11)",,,,,,,,0
632,7,12,RandomK,43,67,12,1,"PostGuard","PostGuard(CCW,6,2)",,,,,,,,0
632,7,12,RandomK,43,73,13,1,"PostGuard","PostGuard(CCW,8,2)",,,,,,,,0
632,7,12,RandomK,43,74,14,1,"PostGuard","PostGuard(CW,10,0)",,,,,,,,0
632,7,12,RandomK,43,77,15,1,"PostGuard","PostGuard(CCW,10,1)",,,,,,,,0
632,7,12,RandomK,43,78,16,1,"PostGuard","PostGuard(CW,10,2)",,,,,,,,0
3130,2,11,RandomK,43,2,0,1,"Draw","Draw(CW,S0)",,,,,,,,0
3130,2,11,RandomK,43,5,1,1,"Draw","Draw(CCW,S2)",,,,,,,,0
3130,2,11,RandomK,43,6,2,1,"Draw","Draw(CW,S4)",,,,,,,,0
3130,2,11,RandomK,43,10,3,1,"Draw","Draw(CW,L0)",,,,,,,,0
3130,2,11,RandomK,43,19,4,1,"Draw","Draw(CCW,L4)",,,,,,,,0
3130,2,11,RandomK,43,24,5,1,"Draw","Draw(CW,L7)",,,,,,,,0
3130,2,11,RandomK,43,38,6,1,"Hit","Hit(CW,0,STRONG)",,,,,,,,0
3130,2,11,RandomK,43,40,7,1,"Freeze","Freeze(CW,0)",,,,,,,,0
3130,2,11,RandomK,43,45,8,1,"Hit","Hit(CCW,4,WEAK)",,,,,,,,0
3130,2,11,RandomK,43,46,9,1,"Hit","Hit(CW,4,MIDDLE)",,,,,,,,0
3130,2,11,RandomK,43,51,10,1,"Freeze","Freeze(CCW,4)",,,,,,,,0
3130,2,11,RandomK,43,59,11,1,"Hit","Hit(CCW,8,STRONG)",,,,,,,,0
3130,2,11,RandomK,43,60,12,1,"Freeze","Freeze(CW,8)",,,,,,,,0
3130,2,11,RandomK,43,61,13,1,"Freeze","Freeze(CCW,8)",,,,,,,,0
3130,2,11,RandomK,43,73,14,1,"PostGuard","PostGuard(CCW,3,0)",,,,,,,,0
3130,2,11,RandomK,43,74,15,1,"PostGuard","PostGuard(CW,3,1)",,,,,,,,0
3130,2,11,RandomK,43,75,16,1,"PostGuard","PostGuard(CCW,3,1)",,,,,,,,0
3130,2,11,RandomK,43,77,17,1,"PostGuard","PostGuard(CCW,3,2)",,,,,,,,0
3130,2,11,RandomK,43,90,18,1,"Pass","Pass",,,,,,,,0
2941,4,13,RandomK,43,0,0,1,"Draw","Draw(CW,TEE)",,,,,,,,0
2941,4,13,RandomK,43,12,1,1,"Draw","Draw(CW,L1)",,,,,,,,0
2941,4,13,RandomK,43,15,2,1,"Draw","Draw(CCW,L2)",,,,,,,,0
2941,4,13,RandomK,43,25,3,1,"Draw","Draw(CCW,L7)",,,,,,,,0
2941,4,13,RandomK,43,26,4,1,"PreGuard","PreGuard(CW,G3)",,,,,,,,0
2941,4,13,RandomK,43,30,5,1,"PreGuard","PreGuard(CW,G5)",,,,,,,,0
2941,4,13,RandomK,43,31,6,1,"PreGuard","PreGuard(CCW,G5)",,,,,,,,0
2941,4,13,RandomK,43,36,7,1,"Hit","Hit(CW,2,MIDDLE)",,,,,,,,0
2941,4,13,RandomK,43,41,8,1,"Freeze","Freeze(CCW,2)",,,,,,,,0
2941,4,13,RandomK,43,42,9,1,"Hit","Hit(CW,4,TOUCH)",,,,,,,,0
2941,4,13,RandomK,43,47,10,1,"Hit","Hit(CCW,4,MIDDLE)",,,,,,,,0
2941,4,13,RandomK,43,49,11,1,"Hit","Hit(CCW,4,STRONG)",,,,,,,,0
2941,4,13,RandomK,43,54,12,1,"Hit","Hit(CW,6,WEAK)",,,,,,,,0
2941,4,13,RandomK,43,61,13,1,"Freeze","Freeze(CCW,6)",,,,,,,,0
2941,4,13,RandomK,43,94,14,1,"PostGuard","PostGuard(CW,5,0)",,,,,,,,0
2941,4,13,RandomK,43,96,15,1,"PostGuard","PostGuard(CW,5,1)",,,,,,,,0
2941,4,13,RandomK,43,100,16,1,"PostGuard","PostGuard(CW,7,0)",,,,,,,,0
2941,4,13,RandomK,43,105,17,1,"PostGuard","PostGuard(CCW,7,2)",,,,,,,,0
2941,4,13,RandomK,43,107,18,1,"PostGuard","PostGuard(CCW,9,0)",,,,,,,,0
2941,4,13,RandomK,43,109,19,1,"PostGuard","PostGuard(CCW,9,1)",,,,,,,,0
2941,4,13,RandomK,43,110,20,1,"PostGuard","PostGuard(CW,9,2)",,,,,,,,0
2941,4,13,RandomK,43,111,21,1,"PostGuard","PostGuard(CCW,9,2)",,,,,,,,0
2941,4,13,RandomK,43,118,22,1,"ComeAround","ComeAround(CW,13,0)",,,,,,,,0
2941,4,13,RandomK,43,121,23,1,"ComeAround","ComeAround(CCW,13,1)",,,,,,,,0
2941,4,13,RandomK,43,123,24,1,"ComeAround","ComeAround(CCW,13,2)",,,,,,,,0
6374,0,11,RandomK,43,1,0,1,"Draw","Draw(CCW,TEE)",,,,,,,,0
6374,0,11,RandomK,43,4,1,1,"Draw","Draw(CW,S2)",,,,,,,,0
6374,0,11,RandomK,43,5,2,1,"Draw","Draw(CCW,S2)",,,,,,,,0
6374,0,11,RandomK,43,23,3,1,"Draw","Draw(CCW,L6)",,,,,,,,0
6374,0,11,RandomK,43,25,4,1,"Draw","Draw(CCW,L7)",,,,,,,,0
6374,0,11,RandomK,43,31,5,1,"PreGuard","PreGuard(CCW,G5)",,,,,,,,0
6374,0,11,RandomK,43,33,6,1,"Hit","Hit(CCW,2,TOUCH)",,,,,,,,0
6374,0,11,RandomK,43,42,7,1,"Hit","Hit(CW,4,TOUCH)",,,,,,,,0
6374,0,11,RandomK,43,43,8,1,"Hit","Hit(CCW,4,TOUCH)",,,,,,,,0
6374,0,11,RandomK,43,46,9,1,"Hit","Hit(CW,4,MIDDLE)",,,,,,,,0
6374,0,11,RandomK,43,48,10,1,"Hit","Hit(CW,4,STRONG)",,,,,,,,0
6374,0,11,RandomK,43,54,11,1,"Hit","Hit(CW,6,WEAK)",,,,,,,,0
6374,0,11,RandomK,43,61,12,1,"Freeze","Freeze(CCW,6)",,,,,,,,0
6374,0,11,RandomK,43,62,13,1,"Hit","Hit(CW,8,TOUCH)",,,,,,,,0
6374,0,11,RandomK,43,68,14,1,"Hit","Hit(CW,8,STRONG)",,,,,,,,0
6374,0,11,RandomK,43,77,15,1,"Hit","Hit(CCW,10,MIDDLE)",,,,,,,,0
6374,0,11,RandomK,43,79,16,1,"Hit","Hit(CCW,10,STRONG)",,,,,,,,0
6374,0,11,RandomK,43,92,17,1,"PostGuard","PostGuard(CW,3,2)",,,,,,,,0
6374,0,11,RandomK,43,94,18,1,"PostGuard","PostGuard(CW,5,0)",,,,,,,,0
6374,0,11,RandomK,43,97,19,1,"PostGuard","PostGuard(CCW,5,1)",,,,,,,,0
6374,0,11,RandomK,43,106,20,1,"PostGuard","PostGuard(CW,9,0)",,,,,,,,0
6374,0,11,RandomK,43,109,21,1,"PostGuard","PostGuard(CCW,9,1)",,,,,,,,0
6374,0,11,RandomK,43,111,22,1,"PostGuard","PostGuard(CCW,9,2)",,,,,,,,0
156,7,14,RandomK,43,4,0,1,"Draw","Draw(CW,S2)",,,,,,,,0
156,7,14,RandomK,43,5,1,1,"Draw","Draw(CCW,S2)",,,,,,,,0
156,7,14,RandomK,43,11,2,1,"Draw","Draw(CCW,L0)",,,,,,,,0
156,7,14,RandomK,43,14,3,1,"Draw","Draw(CW,L2)",,,,,,,,0
156,7,14,RandomK,43,26,4,1,"PreGuard","PreGuard(CW,G3)",,,,,,,,0
156,7,14,RandomK,43,34,5,1,"Hit","Hit(CW,1,WEAK)",,,,,,,,0
156,7,14,RandomK,43,36,6,1,"Hit","Hit(CW,1,MIDDLE)",,,,,,,,0
156,7,14,RandomK,43,45,7,1,"Hit","Hit(CCW,3,WEAK)",,,,,,,,0
156,7,14,RandomK,43,48,8,1,"Hit","Hit(CW,3,STRONG)",,,,,,,,0
156,7,14,RandomK,43,52,9,1,"Hit","Hit(CW,5,TOUCH)",,,,,,,,0
156,7,14,RandomK,43,55,10,1,"Hit","Hit(CCW,5,WEAK)",,,,,,,,0
156,7,14,RandomK,43,60,11,1,"Freeze","Freeze(CW,5)",,,,,,,,0
156,7,14,RandomK,43,63,12,1,"Hit","Hit(CCW,7,TOUCH)",,,,,,,,0
156,7,14,RandomK,43,65,13,1,"Hit","Hit(CCW,7,WEAK)",,,,,,,,0
156,7,14,RandomK,43,68,14,1,"Hit","Hit(CW,7,STRONG)",,,,,,,,0
156,7,14,RandomK,43,75,15,1,"Hit","Hit(CCW,9,WEAK)",,,,,,,,0
156,7,14,RandomK,43,77,16,1,"Hit","Hit(CCW,9,MIDDLE)",,,,,,,,0
156,7,14,RandomK,43,79,17,1,"Hit","Hit(CCW,9,STRONG)",,,,,,,,0
156,7,14,RandomK,43,91,18,1,"Freeze","Freeze(CCW,11)",,,,,,,,0
156,7,14,RandomK,43,95,19,1,"Hit","Hit(CCW,13,WEAK)",,,,,,,,0
156,7,14,RandomK,43,105,20,1,"PostGuard","PostGuard(CCW,0,1)",,,,,,,,0
156,7,14,RandomK,43,106,21,1,"PostGuard","PostGuard(CW,0,2)",,,,,,,,0
156,7,14,RandomK,43,119,22,1,"PostGuard","PostGuard(CCW,4,2)",,,,,,,,0
156,7,14,RandomK,43,120,23,1,"PostGuard","PostGuard(CW,6,0)",,,,,,,,0
156,7,14,RandomK,43,131,24,1,"PostGuard","PostGuard(CCW,8,2)",,,,,,,,0
156,7,14,RandomK,43,132,25,1,"PostGuard","PostGuard(CW,10,0)",,,,,,,,0
156,7,14,RandomK,43,133,26,1,"PostGuard","PostGuard(CCW,10,0)",,,,,,,,0
156,7,14,RandomK,43,136,27,1,"PostGuard","PostGuard(CW,10,2)",,,,,,,,0
156,7,14,RandomK,43,142,28,1,"PostGuard","PostGuard(CW,12,2)",,,,,,,,0
1570,1,4,RandomK,43,0,0,1,"Draw","Draw(CW,TEE)",,,,,,,,0
1570,1,4,RandomK,43,7,1,1,"Draw","Draw(CCW,S4)",,,,,,,,0
1570,1,4,RandomK,43,12,2,1,"Draw","Draw(CW,L1)",,,,,,,,0
1570,1,4,RandomK,43,13,3,1,"Draw","Draw(CCW,L1)",,,,,,,,0
1570,1,4,RandomK,43,14,4,1,"Draw","Draw(CW,L2)",,,,,,,,0
1570,1,4,RandomK,43,28,5,1,"PreGuard","PreGuard(CW,G4)",,,,,,,,0
1570,1,4,RandomK,43,35,6,1,"Hit","Hit(CCW,1,WEAK)",,,,,,,,0
1570,1,4,RandomK,43,39,7,1,"Hit","Hit(CCW,1,STRONG)",,,,,,,,0
1570,1,4,RandomK,43,40,8,1,"Freeze","Freeze(CW,1)",,,,,,,,0
1570,1,4,RandomK,43,41,9,1,"Freeze","Freeze(CCW,1)",,,,,,,,0
7117,6,12,RandomK,43,0,0,1,"Draw","Draw(CW,TEE)",,,,,,,,0
7117,6,12,RandomK,43,3,1,1,"Draw","Draw(CCW,S0)",,,,,,,,0
7117,6,12,RandomK,43,6,2,1,"Draw","Draw(CW,S4)",,,,,,,,0
7117,6,12,RandomK,43,7,3,1,"Draw","Draw(CCW,S4)",,,,,,,,0
7117,6,12,RandomK,43,15,4,1,"Draw","Draw(CCW,L2)",,,,,,,,0
7117,6,12,RandomK,43,23,5,1,"Draw","Draw(CCW,L6)",,,,,,,,0
7117,6,12,RandomK,43,39,6,1,"Hit","Hit(CCW,11,STRONG)",,,,,,,,0
7117,6,12,RandomK,43,45,7,1,"PostGuard","PostGuard(CCW,10,1)",,,,,,,,0
7117,6,12,RandomK,43,47,8,1,"PostGuard","PostGuard(CCW,10,2)",,,,,,,,0
7117,6,12,RandomK,43,48,9,1,"Pass","Pass",,,,,,,,0
6164,7,6,RandomK,43,7,0,1,"Draw","Draw(CCW,S4)",,,,,,,,0
6164,7,6,RandomK,43,21,1,1,"Draw","Draw(CCW,L5)",,,,,,,,0
6164,7,6,RandomK,43,24,2,1,"Draw","Draw(CW,L7)",,,,,,,,0
6164,7,6,RandomK,43,29,3,1,"PreGuard","PreGuard(CCW,G4)",,,,,,,,0
6164,7,6,RandomK,43,39,4,1,"Hit","Hit(CCW,5,STRONG)",,,,,,,,0
6164,7,6,RandomK,43,40,5,1,"Freeze","Freeze(CW,5)",,,,,,,,0
6164,7,6,RandomK,43,41,6,1,"Freeze","Freeze(CCW,5)",,,,,,,,0
6164,7,6,RandomK,43,42,7,1,"PostGuard","PostGuard(CW,4,0)",,,,,,,,0
6164,7,6,RandomK,43,43,8,1,"PostGuard","PostGuard(CCW,4,0)",,,,,,,,0
6164,7,6,RandomK,43,48,9,1,"Pass","Pass",,,,,,,,0
4376,5,5,RandomK,43,0,0,1,"Draw","Draw(CW,TEE)",,,,,,,,0
4376,5,5,RandomK,43,1,1,1,"Draw","Draw(CCW,TEE)",,,,,,,,0
4376,5,5,RandomK,43,2,2,1,"Draw","Draw(CW,S0)",,,,,,,,0
4376,5,5,RandomK,43,5,3,1,"Draw","Draw(CCW,S2)",,,,,,,,0
4376,5,5,RandomK,43,7,4,1,"Draw","Draw(CCW,S4)",,,,,,,,0
4376,5,5,RandomK,43,8,5,1,"Draw","Draw(CW,S6)",,,,,,,,0
4376,5,5,RandomK,43,9,6,1,"Draw","Draw(CCW,S6)",,,,,,,,0
4376,5,5,RandomK,43,15,7,1,"Draw","Draw(CCW,L2)",,,,,,,,0
4376,5,5,RandomK,43,16,8,1,"Draw","Draw(CW,L3)",,,,,,,,0
4376,5,5,RandomK,43,18,9,1,"Draw","Draw(CW,L4)",,,,,,,,0
4376,5,5,RandomK,43,20,10,1,"Draw","Draw(CW,L5)",,,,,,,,0
4376,5,5,RandomK,43,23,11,1,"Draw","Draw(CCW,L6)",,,,,,,,0
4376,5,5,RandomK,43,41,12,1,"Freeze","Freeze(CCW,0)",,,,,,,,0
4376,5,5,RandomK,43,62,13,1,"PostGuard","PostGuard(CW,1,0)",,,,,,,,0
4376,5,5,RandomK,43,73,14,1,"PostGuard","PostGuard(CCW,3,2)",,,,,,,,0
4444,0,12,RandomK,43,2,0,1,"Draw","Draw(CW,S0)",,,,,,,,0
4444,0,12,RandomK,43,6,1,1,"Draw","Draw(CW,S4)",,,,,,,,0
4444,0,12,RandomK,43,10,2,1,"Draw","Draw(CW,L0)",,,,,,,,0
4444,0,12,RandomK,43,14,3,1,"Draw","Draw(CW,L2)",,,,,,,,0
4444,0,12,RandomK,43,30,4,1,"PreGuard","PreGuard(CW,G5)",,,,,,,,0
4444,0,12,RandomK,43,35,5,1,"Hit","Hit(CCW,3,WEAK)",,,,,,,,0
4444,0,12,RandomK,43,38,6,1,"Hit","Hit(CW,3,STRONG)",,,,,,,,0
4444,0,12,RandomK,43,39,7,1,"Hit","Hit(CCW,3,STRONG)",,,,,,,,0
4444,0,12,RandomK,43,44,8,1,"Hit","Hit(CW,9,WEAK)",,,,,,,,0
4444,0,12,RandomK,43,50,9,1,"Freeze","Freeze(CW,9)",,,,,,,,0
4444,0,12,RandomK,43,59,10,1,"Hit","Hit(CCW,11,STRONG)",,,,,,,,0
4444,0,12,RandomK,43,60,11,1,"Freeze","Freeze(CW,11)",,,,,,,,0
4444,0,12,RandomK,43,62,12,1,"PostGuard","PostGuard(CW,6,0)",,,,,,,,0
4444,0,12,RandomK,43,65,13,1,"PostGuard","PostGuard(CCW,6,1)",,,,,,,,0
4444,0,12,RandomK,43,70,14,1,"PostGuard","PostGuard(CW,10,1)",,,,,,,,0
5083,5,6,RandomK,43,0,0,1,"Draw","Draw(CW,TEE)",,,,,,,,0
5083,5,6,RandomK,43,6,1,1,"Draw","Draw(CW,S4)",,,,,,,,0
5083,5,6,RandomK,43,7,2,1,"Draw","Draw(CCW,S4)",,,,,,,,0
5083,5,6,RandomK,43,22,3,1,"Draw","Draw(CW,L6)",,,,,,,,0
5083,5,6,RandomK,43,32,4,1,"Hit","Hit(CW,1,TOUCH)",,,,,,,,0
5083,5,6,RandomK,43,33,5,1,"Hit","Hit(CCW,1,TOUCH)",,,,,,,,0
5083,5,6,RandomK,43,35,6,1,"Hit","Hit(CCW,1,WEAK)",,,,,,,,0
5083,5,6,RandomK,43,40,7,1,"Freeze","Freeze(CW,1)",,,,,,,,0
5083,5,6,RandomK,43,47,8,1,"Hit","Hit(CCW,3,MIDDLE)",,,,,,,,0
5083,5,6,RandomK,43,51,9,1,"Freeze","Freeze(CCW,3)",,,,,,,,0
5083,5,6,RandomK,43,52,10,1,"Hit","Hit(CW,5,TOUCH)",,,,,,,,0
5083,5,6,RandomK,43,53,11,1,"Hit","Hit(CCW,5,TOUCH)",,,,,,,,0
5083,5,6,RandomK,43,56,12,1,"Hit","Hit(CW,5,MIDDLE)",,,,,,,,0
5083,5,6,RandomK,43,66,13,1,"PostGuard","PostGuard(CW,0,2)",,,,,,,,0
5083,5,6,RandomK,43,67,14,1,"PostGuard","PostGuard(CCW,0,2)",,,,,,,,0
5083,5,6,RandomK,43,74,15,1,"PostGuard","PostGuard(CW,4,0)",,,,,,,,0
5083,5,6,RandomK,43,77,16,1,"PostGuard","PostGuard(CCW,4,1)",,,,,,,,0
894,4,13,RandomK,43,1,0,1,"Draw","Draw(CCW,TEE)",,,,,,,,0
894,4,13,RandomK,43,5,1,1,"Draw","Draw(CCW,S2)",,,,,,,,0
894,4,13,RandomK,43,13,2,1,"Draw","Draw(CCW,L1)",,,,,,,,0
894,4,13,RandomK,43,15,3,1,"Draw","Draw(CCW,L2)",,,,,,,,0
894,4,13,RandomK,43,17,4,1,"Draw","Draw(CCW,L3)",,,,,,,,0
894,4,13,RandomK,43,20,5,1,"Draw","Draw(CW,L5)",,,,,,,,0
894,4,13,RandomK,43,21,6,1,"Draw","Draw(CCW,L5)",,,,,,,,0
894,4,13,RandomK,43,35,7,1,"Hit","Hit(CCW,2,WEAK)",,,,,,,,0
894,4,13,RandomK,43,37,8,1,"Hit","Hit(CCW,2,MIDDLE)",,,,,,,,0
894,4,13,RandomK,43,40,9,1,"Freeze","Freeze(CW,2)",,,,,,,,0
894,4,13,RandomK,43,51,10,1,"Freeze","Freeze(CCW,4)",,,,,,,,0
894,4,13,RandomK,43,58,11,1,"Hit","Hit(CW,8,WEAK)",,,,,,,,0
894,4,13,RandomK,43,60,12,1,"Hit","Hit(CW,8,MIDDLE)",,,,,,,,0
894,4,13,RandomK,43,62,13,1,"Hit","Hit(CW,8,STRONG)",,,,,,,,0
894,4,13,RandomK,43,65,14,1,"Freeze","Freeze(CCW,8)",,,,,,,,0
894,4,13,RandomK,43,70,15,1,"Hit","Hit(CW,10,MIDDLE)",,,,,,,,0
894,4,13,RandomK,43,75,16,1,"Freeze","Freeze(CCW,10)",,,,,,,,0
894,4,13,RandomK,43,84,17,1,"Freeze","Freeze(CW,12)",,,,,,,,0
894,4,13,RandomK,43,96,18,1,"PostGuard","PostGuard(CW,7,2)",,,,,,,,0
894,4,13,RandomK,43,100,19,1,"PostGuard","PostGuard(CW,11,1)",,,,,,,,0
894,4,13,RandomK,43,101,20,1,"PostGuard","PostGuard(CCW,11,1)",,,,,,,,0
8445,1,11,RandomK,43,1,0,1,"Draw","Draw(CCW,TEE)",,,,,,,,0
8445,1,11,RandomK,43,3,1,1,"Draw","Draw(CCW,S0)",,,,,,,,0
8445,1,11,RandomK,43,4,2,1,"Draw","Draw(CW,S2)",,,,,,,,0
8445,1,11,RandomK,43,8,3,1,"Draw","Draw(CW,S6)",,,,,,,,0
8445,1,11,RandomK,43,13,4,1,"Draw","Draw(CCW,L1)",,,,,,,,0
8445,1,11,RandomK,43,21,5,1,"Draw","Draw(CCW,L5)",,,,,,,,0
8445,1,11,RandomK,43,22,6,1,"Draw","Draw(CW,L6)",,,,,,,,0
8445,1,11,RandomK,43,25,7,1,"Draw","Draw(CCW,L7)",,,,,,,,0
8445,1,11,RandomK,43,26,8,1,"PreGuard","PreGuard(CW,G3)",,,,,,,,0
8445,1,11,RandomK,43,28,9,1,"PreGuard","PreGuard(CW,G4)",,,,,,,,0
8445,1,11,RandomK,43,30,10,1,"PreGuard","PreGuard(CW,G5)",,,,,,,,0
8445,1,11,RandomK,43,31,11,1,"PreGuard","PreGuard(CCW,G5)",,,,,,,,0
8445,1,11,RandomK,43,37,12,1,"Hit","Hit(CCW,4,MIDDLE)",,,,,,,,0
8445,1,11,RandomK,43,50,13,1,"Freeze","Freeze(CW,6)",,,,,,,,0
8445,1,11,RandomK,43,62,14,1,"Hit","Hit(CW,10,TOUCH)",,,,,,,,0
8445,1,11,RandomK,43,65,15,1,"Hit","Hit(CCW,10,WEAK)",,,,,,,,0
8445,1,11,RandomK,43,67,16,1,"Hit","Hit(CCW,10,MIDDLE)",,,,,,,,0
8445,1,11,RandomK,43,70,17,1,"Freeze","Freeze(CW,10)",,,,,,,,0
8445,1,11,RandomK,43,71,18,1,"Freeze","Freeze(CCW,10)",,,,,,,,0
8445,1,11,RandomK,43,97,19,1,"PostGuard","PostGuard(CCW,9,0)",,,,,,,,0
8445,1,11,RandomK,43,101,20,1,"PostGuard","PostGuard(CCW,9,2)",,,,,,,,0
7871,7,15,RandomK,43,0,0,1,"Draw","Draw(CW,TEE)",,,,,,,,0
7871,7,15,RandomK,43,2,1,1,"Draw","Draw(CW,S0)",,,,,,,,0
7871,7,15,RandomK,43,16,2,1,"Draw","Draw(CW,L3)",,,,,,,,0
7871,7,15,RandomK,43,18,3,1,"Draw","Draw(CW,L4)",,,,,,,,0
7871,7,15,RandomK,43,23,4,1,"Draw","Draw(CCW,L6)",,,,,,,,0
7871,7,15,RandomK,43,26,5,1,"PreGuard","PreGuard(CW,G3)",,,,,,,,0
7871,7,15,RandomK,43,27,6,1,"PreGuard","PreGuard(CCW,G3)",,,,,,,,0
7871,7,15,RandomK,43,33,7,1,"Hit","Hit(CCW,0,TOUCH)",,,,,,,,0
7871,7,15,RandomK,43,35,8,1,"Hit","Hit(CCW,0,WEAK)",,,,,,,,0
7871,7,15,RandomK,43,39,9,1,"Hit","Hit(CCW,0,STRONG)",,,,,,,,0
7871,7,15,RandomK,43,46,10,1,"Hit","Hit(CW,2,MIDDLE)",,,,,,,,0
7871,7,15,RandomK,43,50,11,1,"Freeze","Freeze(CW,2)",,,,,,,,0
7871,7,15,RandomK,43,53,12,1,"Hit","Hit(CCW,4,TOUCH)",,,,,,,,0
7871,7,15,RandomK,43,54,13,1,"Hit","Hit(CW,4,WEAK)",,,,,,,,0
7871,7,15,RandomK,43,65,14,1,"Hit","Hit(CCW,6,WEAK)",,,,,,,,0
7871,7,15,RandomK,43,68,15,1,"Hit","Hit(CW,6,STRONG)",,,,,,,,0
7871,7,15,RandomK,43,70,16,1,"Freeze","Freeze(CW,6)",,,,,,,,0
7871,7,15,RandomK,43,72,17,1,"Hit","Hit(CW,8,TOUCH)",,,,,,,,0
7871,7,15,RandomK,43,77,18,1,"Hit","Hit(CCW,8,MIDDLE)",,,,,,,,0
7871,7,15,RandomK,43,79,19,1,"Hit","Hit(CCW,8,STRONG)",,,,,,,,0
7871,7,15,RandomK,43,80,20,1,"Freeze","Freeze(CW,8)",,,,,,,,0
7871,7,15,RandomK,43,82,21,1,"Hit","Hit(CW,10,TOUCH)",,,,,,,,0
7871,7,15,RandomK,43,90,22,1,"Freeze","Freeze(CW,10)",,,,,,,,0
7871,7,15,RandomK,43,95,23,1,"Hit","Hit(CCW,12,WEAK)",,,,,,,,0
7871,7,15,RandomK,43,96,24,1,"Hit","Hit(CW,12,MIDDLE)",,,,,,,,0
7871,7,15,RandomK,43,122,25,1,"PostGuard","PostGuard(CW,7,1)",,,,,,,,0
7871,7,15,RandomK,43,124,26,1,"PostGuard","PostGuard(CW,7,2)",,,,,,,,0
7871,7,15,RandomK,43,127,27,1,"PostGuard","PostGuard(CCW,9,0)",,,,,,,,0
7871,7,15,RandomK,43,135,28,1,"PostGuard","PostGuard(CCW,11,1)",,,,,,,,0
7871,7,15,RandomK,43,147,29,1,"PostGuard","PostGuard(CCW,15,1)",,,,,,,,0
7871,7,15,RandomK,43,148,30,1,"PostGuard","PostGuard(CW,15,2)",,,,,,,,0
8198,0,4,RandomK,43,13,0,1,"Draw","Draw(CCW,L1)",,,,,,,,0
8198,0,4,RandomK,43,15,1,1,"Draw","Draw(CCW,L2)",,,,,,,,0
8198,0,4,RandomK,43,16,2,1,"Draw","Draw(CW,L3)",,,,,,,,0
8198,0,4,RandomK,43,39,3,1,"Hit","Hit(CCW,1,STRONG)",,,,,,,,0
8198,0,4,RandomK,43,41,4,1,"Freeze","Freeze(CCW,1)",,,,,,,,0
8198,0,4,RandomK,43,43,5,1,"Hit","Hit(CCW,3,TOUCH)",,,,,,,,0
8198,0,4,RandomK,43,44,6,1,"Hit","Hit(CW,3,WEAK)",,,,,,,,0
8198,0,4,RandomK,43,46,7,1,"Hit","Hit(CW,3,MIDDLE)",,,,,,,,0
8198,0,4,RandomK,43,51,8,1,"Freeze","Freeze(CCW,3)",,,,,,,,0
8198,0,4,RandomK,43,52,9,1,"PostGuard","PostGuard(CW,2,0)",,,,,,,,0
8198,0,4,RandomK,43,56,10,1,"PostGuard","PostGuard(CW,2,2)",,,,,,,,0
8198,0,4,RandomK,43,58,11,1,"Pass","Pass",,,,,,,,0
6829,6,13,RandomK,43,1,0,1,"Draw","Draw(CCW,TEE)",,,,,,,,0
6829,6,13,RandomK,43,3,1,1,"Draw","Draw(CCW,S0)",,,,,,,,0
6829,6,13,RandomK,43,8,2,1,"Draw","Draw(CW,S6)",,,,,,,,0
6829,6,13,RandomK,43,13,3,1,"Draw","Draw(CCW,L1)",,,,,,,,0
6829,6,13,RandomK,43,17,4,1,"Draw","Draw(CCW,L3)",,,,,,,,0
6829,6,13,RandomK,43,22,5,1,"Draw","Draw(CW,L6)",,,,,,,,0
6829,6,13,RandomK,43,28,6,1,"PreGuard","PreGuard(CW,G4)",,,,,,,,0
6829,6,13,RandomK,43,32,7,1,"Hit","Hit(CW,6,TOUCH)",,,,,,,,0
6829,6,13,RandomK,43,39,8,1,"Hit","Hit(CCW,6,STRONG)",,,,,,,,0
6829,6,13,RandomK,43,41,9,1,"Freeze","Freeze(CCW,6)",,,,,,,,0
6829,6,13,RandomK,43,48,10,1,"Hit","Hit(CW,12,STRONG)",,,,,,,,0
4702,2,8,RandomK,43,1,0,1,"Draw","Draw(CCW,TEE)",,,,,,,,0
4702,2,8,RandomK,43,6,1,1,"Draw","Draw(CW,S4)",,,,,,,,0
4702,2,8,RandomK,43,8,2,1,"Draw","Draw(CW,S6)",,,,,,,,0
4702,2,8,RandomK,43,17,3,1,"Draw","Draw(CCW,L3)",,,,,,,,0
4702,2,8,RandomK,43,29,4,1,"PreGuard","PreGuard(CCW,G4)",,,,,,,,0
4702,2,8,RandomK,43,32,5,1,"Hit","Hit(CW,7,TOUCH)",,,,,,,,0
4702,2,8,RandomK,43,34,6,1,"Hit","Hit(CW,7,WEAK)",,,,,,,,0
4702,2,8,RandomK,43,36,7,1,"Hit","Hit(CW,7,MIDDLE)",,,,,,,,0
4702,2,8,RandomK,43,38,8,1,"Hit","Hit(CW,7,STRONG)",,,,,,,,0
4702,2,8,RandomK,43,48,9,1,"Pass","Pass",,,,,,,,0
4058,3,5,RandomK,43,1,0,1,"Draw","Draw(CCW,TEE)",,,,,,,,0
4058,3,5,RandomK,43,3,1,1,"Draw","Draw(CCW,S0)",,,,,,,,0
4058,3,5,RandomK,43,7,2,1,"Draw","Draw(CCW,S4)",,,,,,,,0
4058,3,5,RandomK,43,9,3,1,"Draw","Draw(CCW,S6)",,,,,,,,0
4058,3,5,RandomK,43,13,4,1,"Draw","Draw(CCW,L1)",,,,,,,,0
4058,3,5,RandomK,43,21,5,1,"Draw","Draw(CCW,L5)",,,,,,,,0
4058,3,5,RandomK,43,24,6,1,"Draw","Draw(CW,L7)",,,,,,,,0
4058,3,5,RandomK,43,25,7,1,"Draw","Draw(CCW,L7)",,,,,,,,0
4058,3,5,RandomK,43,27,8,1,"PreGuard","PreGuard(CCW,G3)",,,,,,,,0
4058,3,5,RandomK,43,32,9,1,"Hit","Hit(CW,0,TOUCH)",,,,,,,,0
4058,3,5,RandomK,43,33,10,1,"Hit","Hit(CCW,0,TOUCH)",,,,,,,,0
4058,3,5,RandomK,43,34,11,1,"Hit","Hit(CW,0,WEAK)",,,,,,,,0
4058,3,5,RandomK,43,61,12,1,"PostGuard","PostGuard(CCW,3,1)",,,,,,,,0
4058,3,5,RandomK,43,64,13,1,"PostGuard","PostGuard(CW,5,0)",,,,,,,,0
4058,3,5,RandomK,43,68,14,1,"PostGuard","PostGuard(CW,5,2)",,,,,,,,0
7591,4,13,RandomK,43,0,0,1,"Draw","Draw(CW,TEE)",,,,,,,,0
7591,4,13,RandomK,43,1,1,1,"Draw","Draw(CCW,TEE)",,,,,,,,0
7591,4,13,RandomK,43,15,2,1,"Draw","Draw(CCW,L2)",,,,,,,,0
7591,4,13,RandomK,43,27,3,1,"PreGuard","PreGuard(CCW,G3)",,,,,,,,0
7591,4,13,RandomK,43,29,4,1,"PreGuard","PreGuard(CCW,G4)",,,,,,,,0
7591,4,13,RandomK,43,38,5,1,"Hit","Hit(CW,4,STRONG)",,,,,,,,0
7591,4,13,RandomK,43,40,6,1,"Freeze","Freeze(CW,4)",,,,,,,,0
7591,4,13,RandomK,43,41,7,1,"Freeze","Freeze(CCW,4)",,,,,,,,0
7591,4,13,RandomK,43,45,8,1,"Hit","Hit(CCW,6,WEAK)",,,,,,,,0
7591,4,13,RandomK,43,48,9,1,"Hit","Hit(CW,6,STRONG)",,,,,,,,0
7591,4,13,RandomK,43,50,10,1,"Freeze","Freeze(CW,6)",,,,,,,,0
7591,4,13,RandomK,43,53,11,1,"Hit","Hit(CCW,8,TOUCH)",,,,,,,,0
7591,4,13,RandomK,43,54,12,1,"Hit","Hit(CW,8,WEAK)",,,,,,,,0
7591,4,13,RandomK,43,59,13,1,"Hit","Hit(CCW,8,STRONG)",,,,,,,,0
7591,4,13,RandomK,43,62,14,1,"Hit","Hit(CW,10,TOUCH)",,,,,,,,0
7591,4,13,RandomK,43,68,15,1,"Hit","Hit(CW,10,STRONG)",,,,,,,,0
7591,4,13,RandomK,43,80,16,1,"PostGuard","PostGuard(CW,9,1)",,,,,,,,0
7591,4,13,RandomK,43,86,17,1,"PostGuard","PostGuard(CW,11,1)",,,,,,,,0
7591,4,13,RandomK,43,87,18,1,"PostGuard","PostGuard(CCW,11,1)",,,,,,,,0
7591,4,13,RandomK,43,88,19,1,"PostGuard","PostGuard(CW,11,2)",,,,,,,,0
1445,7,8,RandomK,43,7,0,1,"Draw","Draw(CCW,S4)",,,,,,,,0
1445,7,8,RandomK,43,10,1,1,"Draw","Draw(CW,L0)",,,,,,,,0
1445,7,8,RandomK,43,17,2,1,"Draw","Draw(CCW,L3)",,,,,,,,0
1445,7,8,RandomK,43,20,3,1,"Draw","Draw(CW,L5)",,,,,,,,0
1445,7,8,RandomK,43,25,4,1,"Draw","Draw(CCW,L7)",,,,,,,,0
1445,7,8,RandomK,43,26,5,1,"PreGuard","PreGuard(CW,G3)",,,,,,,,0
1445,7,8,RandomK,43,29,6,1,"PreGuard","PreGuard(CCW,G4)",,,,,,,,0
1445,7,8,RandomK,43,30,7,1,"PreGuard","PreGuard(CW,G5)",,,,,,,,0
1445,7,8,RandomK,43,31,8,1,"PreGuard","PreGuard(CCW,G5)",,,,,,,,0
1445,7,8,RandomK,43,46,9,1,"PostGuard","PostGuard(CW,0,0)",,,,,,,,0
1445,7,8,RandomK,43,51,10,1,"PostGuard","PostGuard(CCW,0,2)",,,,,,,,0
1445,7,8,RandomK,43,63,11,1,"PostGuard","PostGuard(CCW,6,2)",,,,,,,,0
1445,7,8,RandomK,43,64,12,1,"Pass","Pass",,,,,,,,0
5373,5,13,RandomK,43,5,0,1,"Draw","Draw(CCW,S2)",,,,,,,,0
5373,5,13,RandomK,43,7,1,1,"Draw","Draw(CCW,S4)",,,,,,,,0
5373,5,13,RandomK,43,10,2,1,"Draw","Draw(CW,L0)",,,,,,,,0
5373,5,13,RandomK,43,20,3,1,"Draw","Draw(CW,L5)",,,,,,,,0
5373,5,13,RandomK,43,31,4,1,"PreGuard","PreGuard(CCW,G5)",,,,,,,,0
5373,5,13,RandomK,43,34,5,1,"Hit","Hit(CW,0,WEAK)",,,,,,,,0
5373,5,13,RandomK,43,40,6,1,"Freeze","Freeze(CW,0)",,,,,,,,0
5373,5,13,RandomK,43,41,7,1,"Freeze","Freeze(CCW,0)",,,,,,,,0
5373,5,13,RandomK,43,43,8,1,"Hit","Hit(CCW,4,TOUCH)",,,,,,,,0
5373,5,13,RandomK,43,45,9,1,"Hit","Hit(CCW,4,WEAK)",,,,,,,,0
5373,5,13,RandomK,43,55,10,1,"Hit","Hit(CCW,6,WEAK)",,,,,,,,0
5373,5,13,RandomK,43,59,11,1,"Hit","Hit(CCW,6,STRONG)",,,,,,,,0
5373,5,13,RandomK,43,60,12,1,"Freeze","Freeze(CW,6)",,,,,,,,0
5373,5,13,RandomK,43,68,13,1,"Hit","Hit(CW,8,STRONG)",,,,,,,,0
5373,5,13,RandomK,43,70,14,1,"Freeze","Freeze(CW,8)",,,,,,,,0
5373,5,13,RandomK,43,76,15,1,"Hit","Hit(CW,10,MIDDLE)",,,,,,,,0
5373,5,13,RandomK,43,83,16,1,"PostGuard","PostGuard(CCW,7,0)",,,,,,,,0
5373,5,13,RandomK,43,88,17,1,"PostGuard","PostGuard(CW,9,0)",,,,,,,,0
5373,5,13,RandomK,43,90,18,1,"PostGuard","PostGuard(CW,9,1)",,,,,,,,0
5373,5,13,RandomK,43,96,19,1,"PostGuard","PostGuard(CW,11,1)",,,,,,,,0
5373,5,13,RandomK,43,97,20,1,"PostGuard","PostGuard(CCW,11,1)",,,,,,,,0
5373,5,13,RandomK,43,105,21,1,"PostGuard","PostGuard(CCW,13,2)",,,,,,,,0
5423,3,9,RandomK,43,4,0,1,"Draw","Draw(CW,S2)",,,,,,,,0
5423,3,9,RandomK,43,10,1,1,"Draw","Draw(CW,L0)",,,,,,,,0
5423,3,9,RandomK,43,14,2,1,"Draw","Draw(CW,L2)",,,,,,,,0
5423,3,9,RandomK,43,16,3,1,"Draw","Draw(CW,L3)",,,,,,,,0
5423,3,9,RandomK,43,22,4,1,"Draw","Draw(CW,L6)",,,,,,,,0
5423,3,9,RandomK,43,24,5,1,"Draw","Draw(CW,L7)",,,,,,,,0
5423,3,9,RandomK,43,25,6,1,"Draw","Draw(CCW,L7)",,,,,,,,0
5423,3,9,RandomK,43,31,7,1,"PreGuard","PreGuard(CCW,G5)",,,,,,,,0
5423,3,9,RandomK,43,33,8,1,"Hit","Hit(CCW,0,TOUCH)",,,,,,,,0
5423,3,9,RandomK,43,37,9,1,"Hit","Hit(CCW,0,MIDDLE)",,,,,,,,0
5423,3,9,RandomK,43,38,10,1,"Hit","Hit(CW,0,STRONG)",,,,,,,,0
5423,3,9,RandomK,43,56,11,1,"Hit","Hit(CW,4,MIDDLE)",,,,,,,,0
5423,3,9,RandomK,43,57,12,1,"Hit","Hit(CCW,4,MIDDLE)",,,,,,,,0
5423,3,9,RandomK,43,65,13,1,"Hit","Hit(CCW,6,WEAK)",,,,,,,,0
5423,3,9,RandomK,43,67,14,1,"Hit","Hit(CCW,6,MIDDLE)",,,,,,,,0
5423,3,9,RandomK,43,75,15,1,"PostGuard","PostGuard(CCW,1,1)",,,,,,,,0
5423,3,9,RandomK,43,79,16,1,"PostGuard","PostGuard(CCW,3,0)",,,,,,,,0
5423,3,9,RandomK,43,83,17,1,"PostGuard","PostGuard(CCW,3,2)",,,,,,,,0
5423,3,9,RandomK,43,85,18,1,"PostGuard","PostGuard(CCW,5,0)",,,,,,,,0
5423,3,9,RandomK,43,88,19,1,"PostGuard","PostGuard(CW,5,2)",,,,,,,,0
5423,3,9,RandomK,43,91,20,1,"PostGuard","PostGuard(CCW,7,0)",,,,,,,,0
1644,5,15,RandomK,43,11,0,1,"Draw","Draw(CCW,L0)",,,,,,,,0
1644,5,15,RandomK,43,13,1,1,"Draw","Draw(CCW,L1)",,,,,,,,0
1644,5,15,RandomK,43,19,2,1,"Draw","Draw(CCW,L4)",,,,,,,,0
1644,5,15,RandomK,43,24,3,1,"Draw","Draw(CW,L7)",,,,,,,,0
1644,5,15,RandomK,43,26,4,1,"PreGuard","PreGuard(CW,G3)",,,,,,,,0
1644,5,15,RandomK,43,30,5,1,"PreGuard","PreGuard(CW,G5)",,,,,,,,0
1644,5,15,RandomK,43,32,6,1,"Hit","Hit(CW,2,TOUCH)",,,,,,,,0
1644,5,15,RandomK,43,34,7,1,"Hit","Hit(CW,2,WEAK)",,,,,,,,0
1644,5,15,RandomK,43,36,8,1,"Hit","Hit(CW,2,MIDDLE)",,,,,,,,0
1644,5,15,RandomK,43,43,9,1,"Hit","Hit(CCW,4,TOUCH)",,,,,,,,0
1644,5,15,RandomK,43,47,10,1,"Hit","Hit(CCW,4,MIDDLE)",,,,,,,,0
1644,5,15,RandomK,43,50,11,1,"Freeze","Freeze(CW,4)",,,,,,,,0
1644,5,15,RandomK,43,51,12,1,"Freeze","Freeze(CCW,4)",,,,,,,,0
1644,5,15,RandomK,43,56,13,1,"Hit","Hit(CW,6,MIDDLE)",,,,,,,,0
1644,5,15,RandomK,43,61,14,1,"Freeze","Freeze(CCW,6)",,,,,,,,0
1644,5,15,RandomK,43,63,15,1,"Hit","Hit(CCW,8,TOUCH)",,,,,,,,0
1644,5,15,RandomK,43,70,16,1,"Freeze","Freeze(CW,8)",,,,,,,,0
1644,5,15,RandomK,43,71,17,1,"Freeze","Freeze(CCW,8)",,,,,,,,0
1644,5,15,RandomK,43,87,18,1,"Hit","Hit(CCW,12,MIDDLE)",,,,,,,,0
1644,5,15,RandomK,43,94,19,1,"PostGuard","PostGuard(CW,1,1)",,,,,,,,0
1644,5,15,RandomK,43,96,20,1,"PostGuard","PostGuard(CW,1,2)",,,,,,,,0
1644,5,15,RandomK,43,99,21,1,"PostGuard","PostGuard(CCW,5,0)",,,,,,,,0
1644,5,15,RandomK,43,103,22,1,"PostGuard","PostGuard(CCW,5,2)",,,,,,,,0
1644,5,15,RandomK,43,107,23,1,"PostGuard","PostGuard(CCW,7,1)",,,,,,,,0
1644,5,15,RandomK,43,113,24,1,"PostGuard","PostGuard(CCW,9,1)",,,,,,,,0
1644,5,15,RandomK,43,128,25,1,"PostGuard","PostGuard(CW,15,0)",,,,,,,,0
1644,5,15,RandomK,43,134,26,1,"Pass","Pass",,,,,,,,0
6839,5,3,RandomK,43,1,0,1,"Draw","Draw(CCW,TEE)",,,,,,,,0
6839,5,3,RandomK,43,8,1,1,"Draw","Draw(CW,S6)",,,,,,,,0
6839,5,3,RandomK,43,16,2,1,"Draw","Draw(CW,L3)",,,,,,,,0
6839,5,3,RandomK,43,17,3,1,"Draw","Draw(CCW,L3)",,,,,,,,0
6839,5,3,RandomK,43,19,4,1,"Draw","Draw(CCW,L4)",,,,,,,,0
6839,5,3,RandomK,43,20,5,1,"Draw","Draw(CW,L5)",,,,,,,,0
6839,5,3,RandomK,43,23,6,1,"Draw","Draw(CCW,L6)",,,,,,,,0
6839,5,3,RandomK,43,24,7,1,"Draw","Draw(CW,L7)",,,,,,,,0
6839,5,3,RandomK,43,26,8,1,"PreGuard","PreGuard(CW,G3)",,,,,,,,0
6839,5,3,RandomK,43,29,9,1,"PreGuard","PreGuard(CCW,G4)",,,,,,,,0
6839,5,3,RandomK,43,31,10,1,"PreGuard","PreGuard(CCW,G5)",,,,,,,,0
1063,2,15,RandomK,43,4,0,1,"Draw","Draw(CW,S2)",,,,,,,,0
1063,2,15,RandomK,43,5,1,1,"Draw","Draw(CCW,S2)",,,,,,,,0
1063,2,15,RandomK,43,10,2,1,"Draw","Draw(CW,L0)",,,,,,,,0
1063,2,15,RandomK,43,13,3,1,"Draw","Draw(CCW,L1)",,,,,,,,0
1063,2,15,RandomK,43,17,4,1,"Draw","Draw(CCW,L3)",,,,,,,,0
1063,2,15,RandomK,43,21,5,1,"Draw","Draw(CCW,L5)",,,,,,,,0
1063,2,15,RandomK,43,29,6,1,"PreGuard","PreGuard(CCW,G4)",,,,,,,,0
1063,2,15,RandomK,43,30,7,1,"PreGuard","PreGuard(CW,G5)",,,,,,,,0
1063,2,15,RandomK,43,42,8,1,"PostGuard","PostGuard(CW,13,0)",,,,,,,,0
1063,2,15,RandomK,43,45,9,1,"PostGuard","PostGuard(CCW,13,1)",,,,,,,,0
1063,2,15,RandomK,43,46,10,1,"PostGuard","PostGuard(CW,13,2)",,,,,,,,0
3774,5,6,RandomK,43,4,0,1,"Draw","Draw(CW,S2)",,,,,,,,0
3774,5,6,RandomK,43,6,1,1,"Draw","Draw(CW,S4)",,,,,,,,0
3774,5,6,RandomK,43,13,2,1,"Draw","Draw(CCW,L1)",,,,,,,,0
3774,5,6,RandomK,43,15,3,1,"Draw","Draw(CCW,L2)",,,,,,,,0
3774,5,6,RandomK,43,23,4,1,"Draw","Draw(CCW,L6)",,,,,,,,0
3774,5,6,RandomK,43,25,5,1,"Draw","Draw(CCW,L7)",,,,,,,,0
3774,5,6,RandomK,43,29,6,1,"PreGuard","PreGuard(CCW,G4)",,,,,,,,0
3774,5,6,RandomK,43,31,7,1,"PreGuard","PreGuard(CCW,G5)",,,,,,,,0
3774,5,6,RandomK,43,49,8,1,"Hit","Hit(CCW,5,STRONG)",,,,,,,,0
3774,5,6,RandomK,43,54,9,1,"PostGuard","PostGuard(CW,0,1)",,,,,,,,0
3774,5,6,RandomK,43,56,10,1,"PostGuard","PostGuard(CW,0,2)",,,,,,,,0
3774,5,6,RandomK,43,59,11,1,"PostGuard","PostGuard(CCW,4,0)",,,,,,,,0
3774,5,6,RandomK,43,62,12,1,"PostGuard","PostGuard(CW,4,2)",,,,,,,,0
7844,2,5,RandomK,43,7,0,1,"Draw","Draw(CCW,S4)",,,,,,,,0
7844,2,5,RandomK,43,14,1,1,"Draw","Draw(CW,L2)",,,,,,,,0
7844,2,5,RandomK,43,21,2,1,"Draw","Draw(CCW,L5)",,,,,,,,0
7844,2,5,RandomK,43,26,3,1,"PreGuard","PreGuard(CW,G3)",,,,,,,,0
7844,2,5,RandomK,43,30,4,1,"PreGuard","PreGuard(CW,G5)",,,,,,,,0
7844,2,5,RandomK,43,33,5,1,"Hit","Hit(CCW,0,TOUCH)",,,,,,,,0
7844,2,5,RandomK,43,39,6,1,"Hit","Hit(CCW,0,STRONG)",,,,,,,,0
7844,2,5,RandomK,43,43,7,1,"Hit","Hit(CCW,2,TOUCH)",,,,,,,,0
7844,2,5,RandomK,43,57,8,1,"PostGuard","PostGuard(CCW,1,2)",,,,,,,,0
7844,2,5,RandomK,43,59,9,1,"PostGuard","PostGuard(CCW,3,0)",,,,,,,,0
7844,2,5,RandomK,43,60,10,1,"PostGuard","PostGuard(CW,3,1)",,,,,,,,0
7844,2,5,RandomK,43,65,11,1,"PostGuard","PostGuard(CCW,5,0)",,,,,,,,0
7844,2,5,RandomK,43,67,12,1,"PostGuard","PostGuard(CCW,5,1)",,,,,,,,0
7844,2,5,RandomK,43,68,13,1,"PostGuard","PostGuard(CW,5,2)",,,,,,,,0
7844,2,5,RandomK,43,69,14,1,"PostGuard","PostGuard(CCW,5,2)",,,,,,,,0
5770,5,13,RandomK,43,3,0,1,"Draw","Draw(CCW,S0)",,,,,,,,0
5770,5,13,RandomK,43,4,1,1,"Draw","Draw(CW,S2)",,,,,,,,0
5770,5,13,RandomK,43,5,2,1,"Draw","Draw(CCW,S2)",,,,,,,,0
5770,5,13,RandomK,43,15,3,1,"Draw","Draw(CCW,L2)",,,,,,,,0
5770,5,13,RandomK,43,18,4,1,"Draw","Draw(CW,L4)",,,,,,,,0
5770,5,13,RandomK,43,20,5,1,"Draw","Draw(CW,L5)",,,,,,,,0
5770,5,13,RandomK,43,22,6,1,"Draw","Draw(CW,L6)",,,,,,,,0
5770,5,13,RandomK,43,24,7,1,"Draw","Draw(CW,L7)",,,,,,,,0
5770,5,13,RandomK,43,34,8,1,"Hit","Hit(CW,0,WEAK)",,,,,,,,0
5770,5,13,RandomK,43,42,9,1,"Hit","Hit(CW,4,TOUCH)",,,,,,,,0
5770,5,13,RandomK,43,50,10,1,"Freeze","Freeze(CW,4)",,,,,,,,0
5770,5,13,RandomK,43,52,11,1,"Hit","Hit(CW,8,TOUCH)",,,,,,,,0
5770,5,13,RandomK,43,57,12,1,"Hit","Hit(CCW,8,MIDDLE)",,,,,,,,0
5770,5,13,RandomK,43,59,13,1,"Hit","Hit(CCW,8,STRONG)",,,,,,,,0
5770,5,13,RandomK,43,61,14,1,"Freeze","Freeze(CCW,8)",,,,,,,,0
5770,5,13,RandomK,43,62,15,1,"Hit","Hit(CW,10,TOUCH)",,,,,,,,0
5770,5,13,RandomK,43,78,16,1,"PostGuard","PostGuard(CW,11,0)",,,,,,,,0
5770,5,13,RandomK,43,86,17,1,"PostGuard","PostGuard(CW,13,1)",,,,,,,,0
5770,5,13,RandomK,43,87,18,1,"PostGuard","PostGuard(CCW,13,1)",,,,,,,,0
